capture_frame_index,elapsed_start_seconds,event_count,FrameTime_ms,RenderThreadTime_ms,GameThreadTime_ms,RHIThreadTime_ms,PhysicsVerbose/AllWorkers/StepSolver_ms,PhysicsVerbose/AllWorkers/StepSolver_Integrate_ms,PhysicsVerbose/AllWorkers/StepSolver_KinematicTargets_ms,PhysicsVerbose/AllWorkers/StepSolver_UpdateConstraintPositionBasedState_ms,PhysicsVerbose/AllWorkers/StepSolver_ComputeIntermediateSpatialAcceleration_ms,PhysicsVerbose/AllWorkers/StepSolver_IntegrateKinematicSpatial_ms,PhysicsVerbose/AllWorkers/DetectCollisions_BroadPhase_ms,PhysicsVerbose/AllWorkers/DetectCollisions_NarrowPhase_ms,PhysicsVerbose/AllWorkers/StepSolver_DetectCollisions_ms,PhysicsVerbose/AllWorkers/CCD_ms,PhysicsVerbose/AllWorkers/StepSolver_CreateConstraintGraph_ms,PhysicsVerbose/AllWorkers/StepSolver_CreateIslands_ms,PhysicsVerbose/AllWorkers/StepSolver_PruneCollisions_ms,PhysicsVerbose/AllWorkers/StepSolver_ReloadCacheTotalSerialized_ms,PhysicsVerbose/AllWorkers/StepSolver_BuildGroups_ms,PhysicsVerbose/AllWorkers/StepSolver_PerIslandSolve_ms,PhysicsVerbose/AllWorkers/StepSolver_CCDCorrection_ms,PhysicsVerbose/AllWorkers/StepSolver_SavePostSolve_ms,PhysicsVerbose/AllWorkers/StepSolver_DeactivateSleep_ms,PhysicsVerbose/AllWorkers/StepSolver_AdvanceOneTimeStepImpl_ms,PhysicsVerbose/AllWorkers/StepSolver_PullData_ms,PhysicsVerbose/AllWorkers/StepSolver_IslandEndTick_ms,PhysicsVerbose/GameThread/AcquireSceneWriteLock_ms,PhysicsCounters/NumDisabledBodies_native,PhysicsCounters/NumBodies_native,PhysicsCounters/NumDynamicBodies_native,PhysicsCounters/NumKinematicBodies_native,PhysicsCounters/NumStaticBodies_native,PhysicsCounters/NumMovingBodies_native,PhysicsCounters/NumGeometryCollectionBodies_native,PhysicsCounters/NumIslands_native,PhysicsCounters/NumIslandGroups_native,PhysicsCounters/NumContacts_native,PhysicsCounters/NumJoints_native,PhysicsCounters/NumCharacterGroundConstraints_native,PhysicsCounters/NumValidConstraints_native,PhysicsCounters/NumActiveConstraints_native,PhysicsCounters/NumRestoredConstraints_native,PhysicsCounters/NumManifoldPoints_native,PhysicsCounters/NumActiveManifoldPoints_native,PhysicsCounters/NumRestoredManifoldPoints_native,PhysicsCounters/NumUpdatedManifoldPoints_native,PhysicsCounters/NumStaticShapes_native,PhysicsCounters/NumKinematicShapes_native,PhysicsCounters/NumDynamicShapes_native,PhysicsCounters/NumBroadPhasePairs_native,PhysicsCounters/NumMidPhases_native,PhysicsCounters/NumPositionIterations_native,PhysicsCounters/NumVelocityIterations_native,PhysicsCounters/NumProjectionIterations_native
1199,10.007797300000018,0,8.2924,1.7817,2.1319,1.6813,0.1863,0.0025,0.0074,0.0002,0.0317,0.0444,0.0023,0.0006,0.0093,0.0002,0.0014,0.0015,0.0001,0.0001,0.0082,0.0012,0.0004,0.0005,0.0031,0.0844,0.0194,0.0,0.0134,0.0,155.0,0.0,92.0,63.0,85.0,0.0,0.0,0.0,0.0,0.0,0.0,0.0,0.0,0.0,0.0,0.0,0.0,0.0,0.0,0.0,0.0,0.0,0.0,8.0,2.0,1.0
1200,10.016089700000018,0,8.3777,1.8372,2.2108,1.7255,0.201,0.0032,0.0077,0.0002,0.0458,0.0592,0.0019,0.0007,0.0102,0.0001,0.0019,0.0016,0.0001,0.0001,0.008,0.0014,0.0005,0.0,0.0033,0.1002,0.0196,0.0,0.0142,0.0,155.0,0.0,92.0,63.0,85.0,0.0,0.0,0.0,0.0,0.0,0.0,0.0,0.0,0.0,0.0,0.0,0.0,0.0,0.0,0.0,0.0,0.0,0.0,8.0,2.0,1.0
1201,10.024467400000018,0,8.2924,1.9925,2.2072,1.8197,0.2261,0.0032,0.011,0.0002,0.0371,0.0541,0.0026,0.001,0.012,0.0002,0.0022,0.0023,0.0003,0.0003,0.0102,0.0014,0.0005,0.0002,0.0044,0.1077,0.0208,0.0,0.0132,0.0,155.0,0.0,92.0,63.0,87.0,0.0,0.0,0.0,0.0,0.0,0.0,0.0,0.0,0.0,0.0,0.0,0.0,0.0,0.0,0.0,0.0,0.0,0.0,8.0,2.0,1.0
1202,10.032759800000019,0,8.3855,2.0433,2.2162,1.7735,0.2029,0.0025,0.0077,0.0002,0.04,0.0529,0.0023,0.0009,0.0128,0.0002,0.0015,0.0016,0.0005,0.0001,0.0088,0.0019,0.0005,0.0001,0.0038,0.1002,0.0207,0.0001,0.0147,0.0,155.0,0.0,92.0,63.0,87.0,0.0,0.0,0.0,0.0,0.0,0.0,0.0,0.0,0.0,0.0,0.0,0.0,0.0,0.0,0.0,0.0,0.0,0.0,8.0,2.0,1.0
1203,10.041145300000018,0,8.3846,1.838,2.2145,1.6655,0.2188,0.003,0.0092,0.0001,0.0347,0.0499,0.0031,0.0012,0.0116,0.0001,0.0019,0.0018,0.0005,0.0001,0.0081,0.0014,0.001,0.0002,0.0046,0.0969,0.0253,0.0001,0.0131,0.0,155.0,0.0,92.0,63.0,87.0,0.0,0.0,0.0,0.0,0.0,0.0,0.0,0.0,0.0,0.0,0.0,0.0,0.0,0.0,0.0,0.0,0.0,0.0,8.0,2.0,1.0
1204,10.049529900000017,0,8.2863,1.8396,2.2625,1.7306,0.221,0.0054,0.0093,0.0002,0.0428,0.0601,0.0023,0.0008,0.0099,0.0001,0.0015,0.0016,0.0001,0.0001,0.0085,0.0013,0.0009,0.0001,0.0039,0.1049,0.0217,0.0,0.0145,0.0,155.0,0.0,92.0,63.0,89.0,0.0,0.0,0.0,0.0,0.0,0.0,0.0,0.0,0.0,0.0,0.0,0.0,0.0,0.0,0.0,0.0,0.0,0.0,8.0,2.0,1.0
1205,10.057816200000017,0,8.2862,1.8925,2.2311,1.8237,0.2013,0.003,0.009,0.0002,0.0295,0.0439,0.0024,0.0009,0.0111,0.0002,0.0015,0.0017,0.0,0.0001,0.0082,0.0013,0.0004,0.0,0.004,0.0883,0.0206,0.0,0.013,0.0,155.0,0.0,92.0,63.0,89.0,0.0,0.0,0.0,0.0,0.0,0.0,0.0,0.0,0.0,0.0,0.0,0.0,0.0,0.0,0.0,0.0,0.0,0.0,8.0,2.0,1.0
1206,10.066102400000018,0,8.391,1.9148,2.1771,1.8388,0.21,0.003,0.0078,0.0002,0.0467,0.0598,0.002,0.0008,0.0107,0.0002,0.0014,0.002,0.0001,0.0001,0.0082,0.0019,0.0004,0.0,0.0039,0.1045,0.0239,0.0001,0.0129,0.0,155.0,0.0,92.0,63.0,89.0,0.0,0.0,0.0,0.0,0.0,0.0,0.0,0.0,0.0,0.0,0.0,0.0,0.0,0.0,0.0,0.0,0.0,0.0,8.0,2.0,1.0
1207,10.074493400000017,0,8.2738,1.8407,2.2686,1.7837,0.195,0.003,0.0083,0.0002,0.0343,0.0487,0.0024,0.0007,0.0097,0.0001,0.0013,0.002,0.0001,0.0002,0.0077,0.0012,0.0004,0.0001,0.0034,0.0897,0.02,0.0001,0.0155,0.0,155.0,0.0,92.0,63.0,89.0,0.0,0.0,0.0,0.0,0.0,0.0,0.0,0.0,0.0,0.0,0.0,0.0,0.0,0.0,0.0,0.0,0.0,0.0,8.0,2.0,1.0
1208,10.082767200000017,0,8.397,1.8402,2.1092,1.8318,0.2121,0.0031,0.009,0.0002,0.055,0.0705,0.0023,0.0007,0.0097,0.0001,0.0018,0.0016,0.0,0.0001,0.0086,0.0012,0.0004,0.0,0.0032,0.109,0.0229,0.0,0.0144,0.0,155.0,0.0,92.0,63.0,89.0,0.0,0.0,0.0,0.0,0.0,0.0,0.0,0.0,0.0,0.0,0.0,0.0,0.0,0.0,0.0,0.0,0.0,0.0,8.0,2.0,1.0
1209,10.091164200000017,0,8.3359,1.8638,2.299,1.8662,0.2164,0.0029,0.0089,0.0002,0.0379,0.0522,0.0022,0.0009,0.0113,0.0001,0.0015,0.0021,0.0,0.0002,0.0085,0.0018,0.0004,0.0001,0.0042,0.0978,0.0206,0.0001,0.0132,0.0,155.0,0.0,92.0,63.0,89.0,0.0,0.0,0.0,0.0,0.0,0.0,0.0,0.0,0.0,0.0,0.0,0.0,0.0,0.0,0.0,0.0,0.0,0.0,8.0,2.0,1.0
1210,10.099500100000018,0,8.3297,1.8495,2.3019,1.7404,0.2306,0.0034,0.0079,0.0002,0.0449,0.0585,0.0023,0.0009,0.011,0.0001,0.0014,0.0016,0.0,0.0001,0.0084,0.0014,0.0004,0.0,0.0042,0.1025,0.046,0.0,0.0147,0.0,155.0,0.0,92.0,63.0,91.0,0.0,0.0,0.0,0.0,0.0,0.0,0.0,0.0,0.0,0.0,0.0,0.0,0.0,0.0,0.0,0.0,0.0,0.0,8.0,2.0,1.0
1211,10.107829800000019,0,8.2139,1.8831,2.0731,1.8218,0.1786,0.0026,0.0083,0.0002,0.0308,0.0437,0.0019,0.0006,0.0087,0.0002,0.0012,0.0015,0.0,0.0001,0.0076,0.0011,0.0004,0.0,0.0033,0.0803,0.0206,0.0,0.0133,0.0,155.0,0.0,92.0,63.0,91.0,0.0,0.0,0.0,0.0,0.0,0.0,0.0,0.0,0.0,0.0,0.0,0.0,0.0,0.0,0.0,0.0,0.0,0.0,8.0,2.0,1.0
1212,10.116043700000018,0,8.45,1.8795,2.2496,1.7131,0.2174,0.0033,0.0091,0.0002,0.0401,0.0548,0.002,0.0007,0.0105,0.0002,0.0014,0.002,0.0001,0.0001,0.0084,0.0017,0.0005,0.0,0.004,0.101,0.022,0.0001,0.0147,0.0,155.0,0.0,92.0,63.0,91.0,0.0,0.0,0.0,0.0,0.0,0.0,0.0,0.0,0.0,0.0,0.0,0.0,0.0,0.0,0.0,0.0,0.0,0.0,8.0,2.0,1.0
1213,10.124493700000018,0,8.1234,2.0275,2.0901,1.7452,0.224,0.0033,0.0087,0.0003,0.045,0.0601,0.0022,0.0006,0.0109,0.0002,0.0014,0.0017,0.0,0.0001,0.0078,0.0011,0.0003,0.0,0.0032,0.1008,0.0338,0.0,0.0141,0.0,155.0,0.0,92.0,63.0,91.0,0.0,0.0,0.0,0.0,0.0,0.0,0.0,0.0,0.0,0.0,0.0,0.0,0.0,0.0,0.0,0.0,0.0,0.0,8.0,2.0,1.0
1214,10.132617100000019,0,8.6227,1.9562,2.213,1.827,0.2078,0.0031,0.0088,0.0002,0.0402,0.0546,0.0019,0.0008,0.0094,0.0002,0.0016,0.0016,0.0,0.0001,0.0081,0.0012,0.0005,0.0005,0.0034,0.0956,0.0192,0.0001,0.0143,0.0,155.0,0.0,92.0,63.0,91.0,0.0,0.0,0.0,0.0,0.0,0.0,0.0,0.0,0.0,0.0,0.0,0.0,0.0,0.0,0.0,0.0,0.0,0.0,8.0,2.0,1.0
1215,10.141239800000019,0,8.1199,1.9233,2.1827,1.8473,0.1807,0.0025,0.0076,0.0001,0.0318,0.0441,0.0017,0.0005,0.0089,0.0002,0.0018,0.0013,0.0,0.0001,0.0079,0.0015,0.0004,0.0001,0.0031,0.0837,0.0214,0.0,0.0142,0.0,155.0,0.0,92.0,63.0,89.0,0.0,0.0,0.0,0.0,0.0,0.0,0.0,0.0,0.0,0.0,0.0,0.0,0.0,0.0,0.0,0.0,0.0,0.0,8.0,2.0,1.0
1216,10.14935970000002,0,8.6329,1.8704,2.2882,1.7115,0.3294,0.007,0.0222,0.0001,0.0618,0.096,0.002,0.0008,0.0098,0.0001,0.002,0.0017,0.0,0.0001,0.0079,0.0013,0.0005,0.0,0.0032,0.1379,0.0235,0.0001,0.0139,0.0,155.0,0.0,92.0,63.0,89.0,0.0,0.0,0.0,0.0,0.0,0.0,0.0,0.0,0.0,0.0,0.0,0.0,0.0,0.0,0.0,0.0,0.0,0.0,8.0,2.0,1.0
1217,10.15799260000002,0,8.1117,1.7911,2.2258,1.709,0.2269,0.0041,0.0092,0.0002,0.0401,0.057,0.0025,0.0008,0.0111,0.0003,0.0013,0.0022,0.0001,0.0001,0.0098,0.0013,0.001,0.0,0.0034,0.1029,0.0239,0.0001,0.013,0.0,155.0,0.0,92.0,63.0,89.0,0.0,0.0,0.0,0.0,0.0,0.0,0.0,0.0,0.0,0.0,0.0,0.0,0.0,0.0,0.0,0.0,0.0,0.0,8.0,2.0,1.0
1218,10.16610430000002,0,8.4649,1.9426,2.1995,1.8383,0.2012,0.003,0.0081,0.0003,0.041,0.0546,0.0019,0.0007,0.0092,0.0007,0.0013,0.0016,0.0002,0.0001,0.0081,0.0012,0.0004,0.0,0.0035,0.0948,0.022,0.0001,0.0127,0.0,155.0,0.0,92.0,63.0,89.0,0.0,0.0,0.0,0.0,0.0,0.0,0.0,0.0,0.0,0.0,0.0,0.0,0.0,0.0,0.0,0.0,0.0,0.0,8.0,2.0,1.0
1219,10.17456920000002,0,8.2418,1.8901,2.3032,1.9002,0.2015,0.0028,0.0102,0.0003,0.0358,0.0514,0.003,0.0015,0.0126,0.0001,0.0015,0.0021,0.0,0.0001,0.008,0.0011,0.0005,0.0,0.0034,0.0948,0.0253,0.0,0.0138,0.0,155.0,0.0,92.0,63.0,89.0,0.0,0.0,0.0,0.0,0.0,0.0,0.0,0.0,0.0,0.0,0.0,0.0,0.0,0.0,0.0,0.0,0.0,0.0,8.0,2.0,1.0
1220,10.18281100000002,0,8.1802,1.9147,2.1264,1.9718,0.2078,0.0028,0.0085,0.0002,0.0474,0.0608,0.0024,0.0009,0.0124,0.0001,0.0013,0.0016,0.0,0.0001,0.0078,0.0016,0.0005,0.0,0.0038,0.1051,0.0217,0.0001,0.0137,0.0,155.0,0.0,92.0,63.0,89.0,0.0,0.0,0.0,0.0,0.0,0.0,0.0,0.0,0.0,0.0,0.0,0.0,0.0,0.0,0.0,0.0,0.0,0.0,8.0,2.0,1.0
1221,10.19099120000002,0,8.4185,1.8487,2.0477,1.8647,0.2169,0.0037,0.0093,0.0005,0.037,0.0533,0.003,0.0008,0.0123,0.0001,0.0014,0.0025,0.0001,0.0006,0.0086,0.0013,0.0005,0.0001,0.0038,0.1013,0.0226,0.0001,0.0134,0.0,155.0,0.0,92.0,63.0,89.0,0.0,0.0,0.0,0.0,0.0,0.0,0.0,0.0,0.0,0.0,0.0,0.0,0.0,0.0,0.0,0.0,0.0,0.0,8.0,2.0,1.0
1222,10.19940970000002,0,8.3837,1.9349,2.2219,1.8418,0.1987,0.0027,0.0081,0.0002,0.0424,0.0553,0.0029,0.0017,0.0121,0.0002,0.0017,0.0016,0.0,0.0001,0.007,0.0013,0.0005,0.0001,0.0039,0.0992,0.0221,0.0,0.0157,0.0,155.0,0.0,92.0,63.0,89.0,0.0,0.0,0.0,0.0,0.0,0.0,0.0,0.0,0.0,0.0,0.0,0.0,0.0,0.0,0.0,0.0,0.0,0.0,8.0,2.0,1.0
1223,10.20779340000002,0,8.2574,1.8471,2.1725,1.7856,0.177,0.0025,0.0076,0.0001,0.0317,0.0439,0.0018,0.0006,0.0088,0.0001,0.0017,0.0013,0.0,0.0001,0.008,0.0017,0.0004,0.0001,0.0034,0.0818,0.0193,0.0,0.0136,0.0,155.0,0.0,92.0,63.0,89.0,0.0,0.0,0.0,0.0,0.0,0.0,0.0,0.0,0.0,0.0,0.0,0.0,0.0,0.0,0.0,0.0,0.0,0.0,8.0,2.0,1.0
1224,10.21605080000002,0,8.4541,1.7466,2.2165,1.7859,0.2214,0.0032,0.007,0.0003,0.0519,0.0646,0.0023,0.0009,0.0101,0.0001,0.0012,0.002,0.0,0.0001,0.0075,0.0012,0.0004,0.0,0.0034,0.1061,0.0232,0.0,0.0127,0.0,155.0,0.0,92.0,63.0,89.0,0.0,0.0,0.0,0.0,0.0,0.0,0.0,0.0,0.0,0.0,0.0,0.0,0.0,0.0,0.0,0.0,0.0,0.0,8.0,2.0,1.0
1225,10.224504900000019,0,8.1479,1.8969,2.1041,1.7954,0.2248,0.0033,0.0093,0.0002,0.0439,0.0592,0.0027,0.0011,0.0119,0.0001,0.0014,0.0023,0.0001,0.0002,0.0085,0.0013,0.0005,0.0001,0.0041,0.1064,0.0243,0.0001,0.0117,0.0,155.0,0.0,92.0,63.0,89.0,0.0,0.0,0.0,0.0,0.0,0.0,0.0,0.0,0.0,0.0,0.0,0.0,0.0,0.0,0.0,0.0,0.0,0.0,8.0,2.0,1.0
1226,10.23265280000002,0,8.4955,1.9596,2.1031,1.7649,0.2141,0.0042,0.0097,0.0003,0.0433,0.0595,0.0021,0.0009,0.0109,0.0001,0.0014,0.0015,0.0002,0.0001,0.0084,0.0013,0.0005,0.0001,0.004,0.1033,0.0232,0.0,0.014,0.0,155.0,0.0,92.0,63.0,89.0,0.0,0.0,0.0,0.0,0.0,0.0,0.0,0.0,0.0,0.0,0.0,0.0,0.0,0.0,0.0,0.0,0.0,0.0,8.0,2.0,1.0
1227,10.24114830000002,0,8.2766,1.9398,2.1942,1.7248,0.2045,0.0032,0.0086,0.0002,0.0338,0.0483,0.0019,0.0007,0.0104,0.0001,0.0014,0.0015,0.0,0.0001,0.0085,0.0013,0.0005,0.0,0.0042,0.0943,0.0217,0.0,0.0141,0.0,155.0,0.0,92.0,63.0,89.0,0.0,0.0,0.0,0.0,0.0,0.0,0.0,0.0,0.0,0.0,0.0,0.0,0.0,0.0,0.0,0.0,0.0,0.0,8.0,2.0,1.0
1228,10.24942490000002,0,8.3372,2.1709,2.2497,1.755,0.2149,0.0029,0.0078,0.0002,0.0499,0.063,0.0024,0.0013,0.0112,0.0002,0.0015,0.0015,0.0001,0.0001,0.0079,0.0014,0.0009,0.0001,0.0037,0.1079,0.0225,0.0,0.0136,0.0,155.0,0.0,92.0,63.0,89.0,0.0,0.0,0.0,0.0,0.0,0.0,0.0,0.0,0.0,0.0,0.0,0.0,0.0,0.0,0.0,0.0,0.0,0.0,8.0,2.0,1.0
1229,10.25776210000002,0,8.2954,1.9453,2.0873,1.7594,0.2165,0.0031,0.0089,0.0002,0.0365,0.0521,0.0029,0.0009,0.011,0.0002,0.0016,0.0019,0.0001,0.0001,0.0096,0.0014,0.0006,0.0,0.004,0.0975,0.0237,0.0001,0.0123,0.0,155.0,0.0,92.0,63.0,89.0,0.0,0.0,0.0,0.0,0.0,0.0,0.0,0.0,0.0,0.0,0.0,0.0,0.0,0.0,0.0,0.0,0.0,0.0,8.0,2.0,1.0
1230,10.26605750000002,0,8.3709,1.8439,2.1741,1.7648,0.2183,0.0031,0.0094,0.0003,0.0454,0.0612,0.0028,0.0008,0.0112,0.0002,0.0018,0.0016,0.0001,0.0002,0.0084,0.0012,0.0004,0.0,0.0043,0.1053,0.0219,0.0001,0.0126,0.0,155.0,0.0,92.0,63.0,89.0,0.0,0.0,0.0,0.0,0.0,0.0,0.0,0.0,0.0,0.0,0.0,0.0,0.0,0.0,0.0,0.0,0.0,0.0,8.0,2.0,1.0
1231,10.27442840000002,0,8.2156,1.9136,2.0627,1.7129,0.1808,0.0029,0.0078,0.0001,0.0293,0.0431,0.0018,0.0008,0.0096,0.0002,0.0014,0.0015,0.0001,0.0001,0.0086,0.0012,0.0004,0.0001,0.0032,0.0827,0.0187,0.0,0.0135,0.0,155.0,0.0,92.0,63.0,89.0,0.0,0.0,0.0,0.0,0.0,0.0,0.0,0.0,0.0,0.0,0.0,0.0,0.0,0.0,0.0,0.0,0.0,0.0,8.0,2.0,1.0
1232,10.282644000000019,0,8.4146,1.9478,2.1315,1.7578,0.2153,0.0031,0.0093,0.0001,0.0416,0.0565,0.0024,0.0006,0.0111,0.0002,0.0014,0.0015,0.0001,0.0002,0.0083,0.0012,0.0005,0.0004,0.0041,0.102,0.0229,0.0,0.0113,0.0,155.0,0.0,92.0,63.0,89.0,0.0,0.0,0.0,0.0,0.0,0.0,0.0,0.0,0.0,0.0,0.0,0.0,0.0,0.0,0.0,0.0,0.0,0.0,8.0,2.0,1.0
1233,10.291058600000019,0,8.4408,1.9962,2.0848,1.7367,0.2194,0.003,0.0096,0.0002,0.0382,0.0531,0.0033,0.0009,0.0126,0.0001,0.0015,0.0024,0.0,0.0002,0.0088,0.0024,0.0004,0.0001,0.0032,0.0998,0.0273,0.0,0.0141,0.0,155.0,0.0,92.0,63.0,89.0,0.0,0.0,0.0,0.0,0.0,0.0,0.0,0.0,0.0,0.0,0.0,0.0,0.0,0.0,0.0,0.0,0.0,0.0,8.0,2.0,1.0
1234,10.29949940000002,0,8.272,1.8685,2.294,1.8498,0.2281,0.0033,0.009,0.0001,0.0467,0.0617,0.0026,0.0009,0.0111,0.0001,0.002,0.0017,0.0001,0.0006,0.0083,0.0013,0.0004,0.0001,0.0037,0.1113,0.0237,0.0,0.013,0.0,155.0,0.0,92.0,63.0,87.0,0.0,0.0,0.0,0.0,0.0,0.0,0.0,0.0,0.0,0.0,0.0,0.0,0.0,0.0,0.0,0.0,0.0,0.0,8.0,2.0,1.0
1235,10.30777140000002,0,8.2271,1.788,2.108,1.712,0.1906,0.0029,0.0076,0.0001,0.0356,0.0482,0.0019,0.0007,0.0098,0.0001,0.0014,0.0018,0.0,0.0001,0.0073,0.0011,0.0004,0.0001,0.0032,0.0882,0.0198,0.0,0.0131,0.0,155.0,0.0,92.0,63.0,87.0,0.0,0.0,0.0,0.0,0.0,0.0,0.0,0.0,0.0,0.0,0.0,0.0,0.0,0.0,0.0,0.0,0.0,0.0,8.0,2.0,1.0
1236,10.315998500000019,0,8.4948,1.7747,2.0879,1.6973,0.1906,0.0028,0.0069,0.0002,0.0407,0.0533,0.0021,0.0007,0.0098,0.0001,0.0018,0.0012,0.0001,0.0002,0.0067,0.0012,0.0009,0.0001,0.0032,0.0915,0.0205,0.0001,0.0137,0.0,155.0,0.0,92.0,63.0,87.0,0.0,0.0,0.0,0.0,0.0,0.0,0.0,0.0,0.0,0.0,0.0,0.0,0.0,0.0,0.0,0.0,0.0,0.0,8.0,2.0,1.0
1237,10.324493300000018,0,8.2951,1.9701,2.2812,1.8596,0.2676,0.0036,0.0101,0.0002,0.0423,0.0591,0.003,0.0012,0.0161,0.0002,0.003,0.0023,0.0002,0.0001,0.0099,0.0014,0.0011,0.0001,0.0071,0.1236,0.0376,0.0,0.0134,0.0,155.0,0.0,92.0,63.0,87.0,0.0,0.0,0.0,0.0,0.0,0.0,0.0,0.0,0.0,0.0,0.0,0.0,0.0,0.0,0.0,0.0,0.0,0.0,8.0,2.0,1.0
1238,10.332788400000018,0,8.4902,1.9282,2.2621,1.793,0.2195,0.0033,0.0091,0.0002,0.042,0.057,0.0028,0.001,0.012,0.0002,0.0017,0.0017,0.0001,0.0001,0.0088,0.0014,0.0005,0.0,0.0041,0.104,0.0232,0.0,0.0147,0.0,155.0,0.0,92.0,63.0,89.0,0.0,0.0,0.0,0.0,0.0,0.0,0.0,0.0,0.0,0.0,0.0,0.0,0.0,0.0,0.0,0.0,0.0,0.0,8.0,2.0,1.0
1239,10.341278600000019,0,8.1189,1.86,2.1626,1.7739,0.2128,0.0035,0.0069,0.0002,0.0337,0.0471,0.0023,0.0007,0.012,0.0002,0.0016,0.0021,0.0,0.0001,0.0075,0.0014,0.0007,0.0001,0.0039,0.0934,0.0258,0.0,0.0127,0.0,155.0,0.0,92.0,63.0,87.0,0.0,0.0,0.0,0.0,0.0,0.0,0.0,0.0,0.0,0.0,0.0,0.0,0.0,0.0,0.0,0.0,0.0,0.0,8.0,2.0,1.0
1240,10.349397500000018,0,8.4164,1.7318,2.2536,1.858,0.232,0.003,0.0095,0.0001,0.0596,0.0748,0.0023,0.0008,0.0097,0.0001,0.0014,0.0021,0.0002,0.0001,0.0091,0.0017,0.0004,0.0,0.0029,0.1163,0.0258,0.0001,0.0135,0.0,155.0,0.0,92.0,63.0,87.0,0.0,0.0,0.0,0.0,0.0,0.0,0.0,0.0,0.0,0.0,0.0,0.0,0.0,0.0,0.0,0.0,0.0,0.0,8.0,2.0,1.0
1241,10.357813900000018,0,8.5439,2.2106,2.3276,1.7607,0.1905,0.0028,0.0074,0.0002,0.0298,0.043,0.0019,0.0011,0.0102,0.0001,0.0019,0.0014,0.0001,0.0001,0.0085,0.0011,0.0004,0.0,0.0031,0.0824,0.0207,0.0001,0.0151,0.0,155.0,0.0,92.0,63.0,87.0,0.0,0.0,0.0,0.0,0.0,0.0,0.0,0.0,0.0,0.0,0.0,0.0,0.0,0.0,0.0,0.0,0.0,0.0,8.0,2.0,1.0
1242,10.366357800000017,0,8.029,1.9868,2.2381,1.8741,0.2194,0.0031,0.009,0.0001,0.048,0.0624,0.0028,0.0008,0.0097,0.0001,0.0013,0.0023,0.0001,0.0001,0.0082,0.0013,0.0005,0.0,0.0039,0.1056,0.0243,0.0,0.0132,0.0,155.0,0.0,92.0,63.0,87.0,0.0,0.0,0.0,0.0,0.0,0.0,0.0,0.0,0.0,0.0,0.0,0.0,0.0,0.0,0.0,0.0,0.0,0.0,8.0,2.0,1.0
1243,10.374386800000018,0,8.3232,1.8401,2.02,1.7596,0.199,0.0033,0.0095,0.0002,0.0322,0.0473,0.0022,0.0008,0.0106,0.0001,0.0014,0.0015,0.0001,0.0001,0.0081,0.0013,0.0003,0.0,0.0037,0.0901,0.0231,0.0,0.0119,0.0,155.0,0.0,92.0,63.0,87.0,0.0,0.0,0.0,0.0,0.0,0.0,0.0,0.0,0.0,0.0,0.0,0.0,0.0,0.0,0.0,0.0,0.0,0.0,8.0,2.0,1.0
1244,10.382710000000017,0,8.3164,1.8931,2.1506,1.7315,0.2007,0.0028,0.0084,0.0002,0.0405,0.0539,0.0021,0.0008,0.0087,0.0002,0.0018,0.0014,0.0001,0.0007,0.008,0.0012,0.0004,0.0001,0.004,0.0946,0.0219,0.0001,0.0127,0.0,155.0,0.0,92.0,63.0,87.0,0.0,0.0,0.0,0.0,0.0,0.0,0.0,0.0,0.0,0.0,0.0,0.0,0.0,0.0,0.0,0.0,0.0,0.0,8.0,2.0,1.0
1245,10.391026400000017,0,8.3561,1.8583,2.1475,1.8027,0.2201,0.003,0.01,0.0002,0.034,0.0499,0.0022,0.001,0.0108,0.0002,0.0026,0.0016,0.0,0.0002,0.0093,0.0013,0.001,0.0,0.0044,0.1018,0.0249,0.0,0.0131,0.0,155.0,0.0,92.0,63.0,85.0,0.0,0.0,0.0,0.0,0.0,0.0,0.0,0.0,0.0,0.0,0.0,0.0,0.0,0.0,0.0,0.0,0.0,0.0,8.0,2.0,1.0
1246,10.399382500000018,0,8.5024,1.8093,2.1569,1.7873,0.217,0.0034,0.0098,0.0002,0.0439,0.0603,0.0027,0.0007,0.0104,0.0002,0.0014,0.0019,0.0001,0.0001,0.0084,0.0017,0.0005,0.0,0.004,0.1035,0.0234,0.0,0.0134,0.0,155.0,0.0,92.0,63.0,85.0,0.0,0.0,0.0,0.0,0.0,0.0,0.0,0.0,0.0,0.0,0.0,0.0,0.0,0.0,0.0,0.0,0.0,0.0,8.0,2.0,1.0
1247,10.407884900000017,0,8.1867,1.8932,2.2041,1.7249,0.2184,0.0034,0.0086,0.0002,0.0337,0.0487,0.0028,0.0009,0.0113,0.0002,0.0016,0.0018,0.0,0.0001,0.0088,0.0013,0.0005,0.0,0.0037,0.098,0.0253,0.0,0.0113,0.0,155.0,0.0,92.0,63.0,85.0,0.0,0.0,0.0,0.0,0.0,0.0,0.0,0.0,0.0,0.0,0.0,0.0,0.0,0.0,0.0,0.0,0.0,0.0,8.0,2.0,1.0
1248,10.416071600000016,0,8.3845,1.8681,2.2019,1.7575,0.1913,0.0036,0.009,0.0001,0.0292,0.0443,0.0018,0.0013,0.0093,0.0002,0.0018,0.0016,0.0002,0.0001,0.0079,0.0015,0.0005,0.0,0.0036,0.0854,0.0193,0.0001,0.0136,0.0,155.0,0.0,92.0,63.0,85.0,0.0,0.0,0.0,0.0,0.0,0.0,0.0,0.0,0.0,0.0,0.0,0.0,0.0,0.0,0.0,0.0,0.0,0.0,8.0,2.0,1.0
1249,10.424456100000016,0,8.228,1.8719,2.0695,1.7293,0.1973,0.0024,0.008,0.0003,0.036,0.0493,0.0021,0.0007,0.0097,0.0001,0.0013,0.0015,0.0001,0.0002,0.0085,0.0013,0.0005,0.0001,0.0032,0.0889,0.0267,0.0,0.0121,0.0,155.0,0.0,92.0,63.0,85.0,0.0,0.0,0.0,0.0,0.0,0.0,0.0,0.0,0.0,0.0,0.0,0.0,0.0,0.0,0.0,0.0,0.0,0.0,8.0,2.0,1.0
1250,10.432684100000017,0,8.4226,1.9069,2.1907,1.8303,0.2302,0.0032,0.009,0.0003,0.0506,0.0663,0.0021,0.0007,0.0106,0.0001,0.0014,0.0016,0.0001,0.0002,0.0085,0.0013,0.0004,0.0,0.0038,0.113,0.0223,0.0,0.0126,0.0,155.0,0.0,92.0,63.0,85.0,0.0,0.0,0.0,0.0,0.0,0.0,0.0,0.0,0.0,0.0,0.0,0.0,0.0,0.0,0.0,0.0,0.0,0.0,8.0,2.0,1.0
1251,10.441106700000017,0,8.285,1.9588,2.1298,1.7646,0.2053,0.003,0.0084,0.0002,0.0363,0.0502,0.0023,0.0007,0.0099,0.0002,0.0014,0.002,0.0001,0.0001,0.0079,0.0025,0.0005,0.0,0.0039,0.0935,0.0257,0.0,0.0138,0.0,155.0,0.0,92.0,63.0,85.0,0.0,0.0,0.0,0.0,0.0,0.0,0.0,0.0,0.0,0.0,0.0,0.0,0.0,0.0,0.0,0.0,0.0,0.0,8.0,2.0,1.0
1252,10.449391700000017,0,8.2633,1.9728,2.0847,1.8427,0.2063,0.0025,0.0076,0.0004,0.0441,0.0568,0.0019,0.0009,0.0091,0.0001,0.0012,0.002,0.0001,0.0001,0.0078,0.0016,0.0005,0.0001,0.0031,0.0948,0.0226,0.0001,0.0122,0.0,155.0,0.0,92.0,63.0,85.0,0.0,0.0,0.0,0.0,0.0,0.0,0.0,0.0,0.0,0.0,0.0,0.0,0.0,0.0,0.0,0.0,0.0,0.0,8.0,2.0,1.0
1253,10.457655000000017,0,8.3782,1.834,2.0221,1.7873,0.2045,0.0025,0.01,0.0001,0.0369,0.0518,0.0022,0.0006,0.0108,0.0002,0.0013,0.0027,0.0,0.0001,0.0096,0.0013,0.0005,0.0001,0.0036,0.0967,0.0243,0.0001,0.014,0.0,155.0,0.0,92.0,63.0,85.0,0.0,0.0,0.0,0.0,0.0,0.0,0.0,0.0,0.0,0.0,0.0,0.0,0.0,0.0,0.0,0.0,0.0,0.0,8.0,2.0,1.0
1254,10.466033200000016,0,8.4201,1.9649,2.2099,1.8751,0.2529,0.003,0.0087,0.0001,0.0414,0.0558,0.0022,0.0009,0.0113,0.0001,0.002,0.0015,0.0001,0.0001,0.0087,0.0013,0.0009,0.0001,0.0037,0.1015,0.0238,0.0,0.0137,0.0,155.0,0.0,92.0,63.0,85.0,0.0,0.0,0.0,0.0,0.0,0.0,0.0,0.0,0.0,0.0,0.0,0.0,0.0,0.0,0.0,0.0,0.0,0.0,8.0,2.0,1.0
1255,10.474453300000016,0,8.144,1.9386,2.0516,1.7637,0.1971,0.0028,0.0079,0.0001,0.0482,0.0611,0.0026,0.0007,0.011,0.0001,0.0018,0.0015,0.0001,0.0001,0.0078,0.0015,0.0005,0.0,0.0031,0.1008,0.0189,0.0001,0.0122,0.0,155.0,0.0,92.0,63.0,85.0,0.0,0.0,0.0,0.0,0.0,0.0,0.0,0.0,0.0,0.0,0.0,0.0,0.0,0.0,0.0,0.0,0.0,0.0,8.0,2.0,1.0
1256,10.482597300000016,0,8.5353,1.9062,2.0685,1.7612,0.2045,0.0032,0.0098,0.0003,0.0366,0.0518,0.0022,0.0009,0.0105,0.0001,0.0015,0.0014,0.0001,0.0002,0.0083,0.0013,0.0012,0.0001,0.0037,0.0943,0.0222,0.0,0.0129,0.0,155.0,0.0,92.0,63.0,85.0,0.0,0.0,0.0,0.0,0.0,0.0,0.0,0.0,0.0,0.0,0.0,0.0,0.0,0.0,0.0,0.0,0.0,0.0,8.0,2.0,1.0
1257,10.491132600000016,0,8.3707,2.0246,2.2905,1.7749,0.2236,0.0039,0.0087,0.0002,0.0344,0.0503,0.002,0.0009,0.012,0.0001,0.0017,0.0018,0.0005,0.0001,0.0092,0.0014,0.0005,0.0,0.0037,0.1009,0.0236,0.0,0.0138,0.0,155.0,0.0,92.0,63.0,85.0,0.0,0.0,0.0,0.0,0.0,0.0,0.0,0.0,0.0,0.0,0.0,0.0,0.0,0.0,0.0,0.0,0.0,0.0,8.0,2.0,1.0
1258,10.499503300000017,0,8.3099,1.8759,2.2429,1.7868,0.1983,0.0028,0.0078,0.0002,0.0418,0.0548,0.002,0.0008,0.009,0.0001,0.0014,0.002,0.0001,0.0002,0.0081,0.0011,0.001,0.0001,0.0031,0.0943,0.0215,0.0001,0.0133,0.0,155.0,0.0,92.0,63.0,85.0,0.0,0.0,0.0,0.0,0.0,0.0,0.0,0.0,0.0,0.0,0.0,0.0,0.0,0.0,0.0,0.0,0.0,0.0,8.0,2.0,1.0
1259,10.507813200000017,0,8.2348,1.8828,2.1161,1.7332,0.2005,0.003,0.0079,0.0003,0.0362,0.0497,0.002,0.0006,0.0098,0.0001,0.0018,0.0016,0.0001,0.0002,0.0079,0.0013,0.0005,0.0001,0.0039,0.0919,0.0217,0.0,0.0102,0.0,155.0,0.0,92.0,63.0,85.0,0.0,0.0,0.0,0.0,0.0,0.0,0.0,0.0,0.0,0.0,0.0,0.0,0.0,0.0,0.0,0.0,0.0,0.0,8.0,2.0,1.0
1260,10.516048000000017,0,8.3665,1.9389,2.1565,1.7642,0.2594,0.0029,0.0077,0.0002,0.0623,0.0756,0.0029,0.0007,0.0136,0.0002,0.0023,0.0017,0.0002,0.0001,0.0088,0.0016,0.0005,0.0,0.0071,0.1323,0.0349,0.0,0.0125,0.0,155.0,0.0,92.0,63.0,85.0,0.0,0.0,0.0,0.0,0.0,0.0,0.0,0.0,0.0,0.0,0.0,0.0,0.0,0.0,0.0,0.0,0.0,0.0,8.0,2.0,1.0
1261,10.524414500000017,0,8.2643,1.8323,2.0521,1.742,0.2212,0.0024,0.0079,0.0002,0.0489,0.0622,0.0032,0.0012,0.0133,0.0002,0.0019,0.002,0.0001,0.0001,0.0097,0.0021,0.0004,0.0002,0.004,0.1127,0.0239,0.0,0.011,0.0,155.0,0.0,92.0,63.0,85.0,0.0,0.0,0.0,0.0,0.0,0.0,0.0,0.0,0.0,0.0,0.0,0.0,0.0,0.0,0.0,0.0,0.0,0.0,8.0,2.0,1.0
1262,10.532678800000017,0,8.403,1.9277,2.1464,1.8205,0.2173,0.0046,0.01,0.0001,0.0447,0.0617,0.0025,0.0007,0.01,0.0002,0.0015,0.0015,0.0001,0.0001,0.0078,0.0013,0.0005,0.0001,0.0037,0.1036,0.024,0.0,0.0145,0.0,155.0,0.0,92.0,63.0,85.0,0.0,0.0,0.0,0.0,0.0,0.0,0.0,0.0,0.0,0.0,0.0,0.0,0.0,0.0,0.0,0.0,0.0,0.0,8.0,2.0,1.0
1263,10.541081800000017,0,8.1568,1.9588,2.0461,1.8297,0.186,0.0028,0.0072,0.0001,0.0353,0.0476,0.002,0.0009,0.0106,0.0001,0.0017,0.0012,0.0001,0.0001,0.0078,0.0013,0.0004,0.0,0.0033,0.0859,0.0231,0.0,0.0127,0.0,155.0,0.0,92.0,63.0,85.0,0.0,0.0,0.0,0.0,0.0,0.0,0.0,0.0,0.0,0.0,0.0,0.0,0.0,0.0,0.0,0.0,0.0,0.0,8.0,2.0,1.0
1264,10.549238600000017,0,8.4023,2.0277,2.009,1.6761,0.2121,0.0035,0.0082,0.0002,0.0467,0.0607,0.0024,0.0006,0.0113,0.0001,0.0013,0.0014,0.0,0.0002,0.0079,0.0011,0.0004,0.0,0.0029,0.1003,0.0196,0.0,0.0108,0.0,155.0,0.0,92.0,63.0,85.0,0.0,0.0,0.0,0.0,0.0,0.0,0.0,0.0,0.0,0.0,0.0,0.0,0.0,0.0,0.0,0.0,0.0,0.0,8.0,2.0,1.0
1265,10.557640900000017,0,8.4612,1.9315,2.1023,1.7771,0.2226,0.003,0.0093,0.0001,0.0358,0.0504,0.0024,0.0006,0.0115,0.0002,0.0018,0.0022,0.0001,0.0005,0.0091,0.0013,0.0013,0.0001,0.0035,0.0986,0.0247,0.0,0.0126,0.0,155.0,0.0,92.0,63.0,85.0,0.0,0.0,0.0,0.0,0.0,0.0,0.0,0.0,0.0,0.0,0.0,0.0,0.0,0.0,0.0,0.0,0.0,0.0,8.0,2.0,1.0
1266,10.566102100000016,0,8.4957,1.9593,2.308,1.818,0.2508,0.0033,0.0092,0.0003,0.0428,0.0586,0.0029,0.0011,0.0112,0.0001,0.0016,0.0023,0.0002,0.0001,0.0089,0.0017,0.0006,0.0001,0.0038,0.1061,0.0269,0.0,0.0121,0.0,155.0,0.0,92.0,63.0,85.0,0.0,0.0,0.0,0.0,0.0,0.0,0.0,0.0,0.0,0.0,0.0,0.0,0.0,0.0,0.0,0.0,0.0,0.0,8.0,2.0,1.0
1267,10.574597800000015,0,8.5196,1.9437,2.4531,1.8792,0.216,0.0029,0.0087,0.0002,0.0366,0.0511,0.0019,0.0009,0.0102,0.0002,0.0016,0.002,0.0001,0.0001,0.0081,0.0013,0.0005,0.0001,0.0034,0.0943,0.0235,0.0,0.0145,0.0,155.0,0.0,92.0,63.0,85.0,0.0,0.0,0.0,0.0,0.0,0.0,0.0,0.0,0.0,0.0,0.0,0.0,0.0,0.0,0.0,0.0,0.0,0.0,8.0,2.0,1.0
1268,10.583117400000015,0,8.0782,2.0341,2.3932,1.8619,0.222,0.0031,0.0104,0.0003,0.0422,0.0589,0.0022,0.0009,0.0107,0.0002,0.0016,0.002,0.0001,0.0001,0.0086,0.0017,0.0005,0.0001,0.0036,0.1042,0.022,0.0,0.0131,0.0,155.0,0.0,92.0,63.0,85.0,0.0,0.0,0.0,0.0,0.0,0.0,0.0,0.0,0.0,0.0,0.0,0.0,0.0,0.0,0.0,0.0,0.0,0.0,8.0,2.0,1.0
1269,10.591195600000015,0,8.3837,2.0349,2.3221,1.8809,0.2618,0.0031,0.0095,0.0002,0.0482,0.0641,0.0032,0.0006,0.0135,0.0002,0.0024,0.0015,0.0001,0.0,0.0087,0.0015,0.0005,0.0001,0.0063,0.1197,0.0361,0.0001,0.0126,0.0,155.0,0.0,92.0,63.0,85.0,0.0,0.0,0.0,0.0,0.0,0.0,0.0,0.0,0.0,0.0,0.0,0.0,0.0,0.0,0.0,0.0,0.0,0.0,8.0,2.0,1.0
1270,10.599579300000014,0,8.3216,2.0244,2.2115,1.8967,0.2075,0.0032,0.0081,0.0002,0.0432,0.0573,0.0024,0.001,0.0111,0.0001,0.0018,0.0016,0.0001,0.0001,0.009,0.0013,0.0005,0.0002,0.0034,0.1008,0.0201,0.0,0.0132,0.0,155.0,0.0,92.0,63.0,85.0,0.0,0.0,0.0,0.0,0.0,0.0,0.0,0.0,0.0,0.0,0.0,0.0,0.0,0.0,0.0,0.0,0.0,0.0,8.0,2.0,1.0
1271,10.607900900000015,0,8.5237,1.9262,2.4932,1.8591,0.2362,0.0034,0.0094,0.0002,0.0446,0.0608,0.0025,0.0009,0.0114,0.0002,0.0018,0.0022,0.0001,0.0001,0.0096,0.0013,0.0005,0.0001,0.0041,0.1089,0.0271,0.0,0.016,0.0,155.0,0.0,92.0,63.0,85.0,0.0,0.0,0.0,0.0,0.0,0.0,0.0,0.0,0.0,0.0,0.0,0.0,0.0,0.0,0.0,0.0,0.0,0.0,8.0,2.0,1.0
1272,10.616424600000014,0,8.8539,2.1023,3.1104,1.8102,0.2342,0.003,0.0095,0.0002,0.0463,0.062,0.0023,0.0014,0.0125,0.0002,0.0017,0.0019,0.0003,0.0001,0.0096,0.0016,0.0005,0.0001,0.0042,0.1099,0.023,0.0001,0.0175,0.0,155.0,0.0,92.0,63.0,85.0,0.0,0.0,0.0,0.0,0.0,0.0,0.0,0.0,0.0,0.0,0.0,0.0,0.0,0.0,0.0,0.0,0.0,0.0,8.0,2.0,1.0
1273,10.625278500000015,0,7.759,1.884,2.3348,2.0432,0.2504,0.0026,0.0086,0.0002,0.0557,0.0701,0.0032,0.0012,0.0162,0.0003,0.0016,0.0022,0.0001,0.0002,0.011,0.0016,0.0006,0.0002,0.0052,0.1294,0.0277,0.0,0.0151,0.0,155.0,0.0,92.0,63.0,85.0,0.0,0.0,0.0,0.0,0.0,0.0,0.0,0.0,0.0,0.0,0.0,0.0,0.0,0.0,0.0,0.0,0.0,0.0,8.0,2.0,1.0
1274,10.633037500000015,0,8.243,1.9719,2.381,1.94,0.2345,0.0037,0.0104,0.0003,0.0451,0.0632,0.0022,0.0009,0.0113,0.0002,0.0016,0.0022,0.0001,0.0001,0.0082,0.0015,0.0004,0.0001,0.0039,0.1096,0.0242,0.0,0.0133,0.0,155.0,0.0,92.0,63.0,85.0,0.0,0.0,0.0,0.0,0.0,0.0,0.0,0.0,0.0,0.0,0.0,0.0,0.0,0.0,0.0,0.0,0.0,0.0,8.0,2.0,1.0
1275,10.641280500000015,0,8.3325,2.0884,2.3505,1.8214,0.1956,0.003,0.0085,0.0003,0.0329,0.047,0.0019,0.0009,0.0094,0.0001,0.0015,0.002,0.0,0.0001,0.0076,0.0012,0.0005,0.0001,0.0031,0.0869,0.0234,0.0001,0.0156,0.0,155.0,0.0,92.0,63.0,85.0,0.0,0.0,0.0,0.0,0.0,0.0,0.0,0.0,0.0,0.0,0.0,0.0,0.0,0.0,0.0,0.0,0.0,0.0,8.0,2.0,1.0
1276,10.649613000000015,0,8.326,2.0072,2.4088,2.0002,0.2262,0.0032,0.0087,0.0002,0.0518,0.067,0.002,0.0008,0.0111,0.0001,0.0016,0.0016,0.0001,0.0002,0.0089,0.0013,0.0011,0.0001,0.0033,0.117,0.0234,0.0,0.0118,0.0,155.0,0.0,92.0,63.0,83.0,0.0,0.0,0.0,0.0,0.0,0.0,0.0,0.0,0.0,0.0,0.0,0.0,0.0,0.0,0.0,0.0,0.0,0.0,8.0,2.0,1.0
1277,10.657939000000015,0,8.4626,1.9544,2.3703,1.8095,0.236,0.004,0.0089,0.0002,0.0344,0.0499,0.002,0.0009,0.0115,0.0001,0.0016,0.0017,0.0001,0.0001,0.0087,0.0011,0.001,0.0001,0.0033,0.0949,0.0223,0.0,0.0135,0.0,155.0,0.0,92.0,63.0,83.0,0.0,0.0,0.0,0.0,0.0,0.0,0.0,0.0,0.0,0.0,0.0,0.0,0.0,0.0,0.0,0.0,0.0,0.0,8.0,2.0,1.0
1278,10.666401600000015,0,8.3356,1.9573,2.4181,1.8754,0.2135,0.0028,0.0086,0.0003,0.0427,0.0569,0.0022,0.0008,0.0104,0.0002,0.0017,0.0017,0.0001,0.0002,0.0087,0.0012,0.0009,0.0001,0.0032,0.0994,0.025,0.0,0.0124,0.0,155.0,0.0,92.0,63.0,83.0,0.0,0.0,0.0,0.0,0.0,0.0,0.0,0.0,0.0,0.0,0.0,0.0,0.0,0.0,0.0,0.0,0.0,0.0,8.0,2.0,1.0
1279,10.674737200000015,0,8.2655,1.9614,2.4672,1.8401,0.2043,0.0029,0.0082,0.0003,0.0338,0.0477,0.0019,0.0007,0.0097,0.0002,0.0013,0.0022,0.0002,0.0001,0.0087,0.0015,0.0005,0.0001,0.0033,0.0905,0.0225,0.0,0.0127,0.0,155.0,0.0,92.0,63.0,83.0,0.0,0.0,0.0,0.0,0.0,0.0,0.0,0.0,0.0,0.0,0.0,0.0,0.0,0.0,0.0,0.0,0.0,0.0,8.0,2.0,1.0
1280,10.683002700000015,0,8.1846,2.0071,2.3365,1.809,0.221,0.0035,0.0098,0.0002,0.0405,0.0572,0.0029,0.0008,0.0118,0.0001,0.0016,0.0018,0.0001,0.0002,0.009,0.0013,0.001,0.0001,0.0038,0.1034,0.0221,0.0,0.0122,0.0,155.0,0.0,92.0,63.0,83.0,0.0,0.0,0.0,0.0,0.0,0.0,0.0,0.0,0.0,0.0,0.0,0.0,0.0,0.0,0.0,0.0,0.0,0.0,8.0,2.0,1.0
1281,10.691187300000015,0,8.6343,1.8529,2.3854,1.8227,0.2614,0.0041,0.0104,0.0003,0.0384,0.0569,0.0028,0.0013,0.0133,0.0001,0.0024,0.002,0.0002,0.0005,0.0095,0.0014,0.0007,0.0002,0.0042,0.1137,0.0294,0.0001,0.0131,0.0,155.0,0.0,92.0,63.0,83.0,0.0,0.0,0.0,0.0,0.0,0.0,0.0,0.0,0.0,0.0,0.0,0.0,0.0,0.0,0.0,0.0,0.0,0.0,8.0,2.0,1.0
1282,10.699821600000016,0,8.0877,2.0006,2.4096,2.0149,0.2179,0.0036,0.0104,0.0002,0.0408,0.0575,0.0021,0.0009,0.0104,0.0002,0.0017,0.002,0.0001,0.0001,0.0084,0.0016,0.0005,0.0001,0.0032,0.0996,0.0248,0.0,0.0119,0.0,155.0,0.0,92.0,63.0,83.0,0.0,0.0,0.0,0.0,0.0,0.0,0.0,0.0,0.0,0.0,0.0,0.0,0.0,0.0,0.0,0.0,0.0,0.0,8.0,2.0,1.0
1283,10.707909300000017,0,8.4823,1.9209,2.3426,1.8778,0.2102,0.0038,0.0085,0.0003,0.0333,0.0486,0.0022,0.0008,0.0103,0.0002,0.0017,0.0025,0.0001,0.0002,0.0091,0.0012,0.0005,0.0001,0.0033,0.0934,0.0201,0.0,0.0139,0.0,155.0,0.0,92.0,63.0,83.0,0.0,0.0,0.0,0.0,0.0,0.0,0.0,0.0,0.0,0.0,0.0,0.0,0.0,0.0,0.0,0.0,0.0,0.0,8.0,2.0,1.0
1284,10.716391600000017,0,8.2874,1.9894,2.572,1.9484,0.2227,0.0036,0.0084,0.0003,0.0444,0.0597,0.0021,0.0009,0.0106,0.0001,0.0015,0.0017,0.0006,0.0001,0.0085,0.0014,0.0005,0.0,0.0033,0.1035,0.0229,0.0001,0.0129,0.0,155.0,0.0,92.0,63.0,83.0,0.0,0.0,0.0,0.0,0.0,0.0,0.0,0.0,0.0,0.0,0.0,0.0,0.0,0.0,0.0,0.0,0.0,0.0,8.0,2.0,1.0
1285,10.724679000000018,0,8.4246,2.0766,2.3479,1.9912,0.2256,0.0034,0.0093,0.0003,0.032,0.0487,0.0023,0.0014,0.0117,0.0002,0.0019,0.0017,0.0002,0.0001,0.0093,0.0021,0.0005,0.0001,0.0043,0.0982,0.0233,0.0,0.0132,0.0,155.0,0.0,92.0,63.0,83.0,0.0,0.0,0.0,0.0,0.0,0.0,0.0,0.0,0.0,0.0,0.0,0.0,0.0,0.0,0.0,0.0,0.0,0.0,8.0,2.0,1.0
1286,10.733103600000018,0,8.3525,2.074,2.5369,2.089,0.2134,0.0033,0.0091,0.0003,0.0404,0.0563,0.0027,0.0009,0.011,0.0001,0.0016,0.0021,0.0002,0.0001,0.009,0.0013,0.0004,0.0001,0.0035,0.1003,0.0221,0.0001,0.0132,0.0,155.0,0.0,92.0,63.0,83.0,0.0,0.0,0.0,0.0,0.0,0.0,0.0,0.0,0.0,0.0,0.0,0.0,0.0,0.0,0.0,0.0,0.0,0.0,8.0,2.0,1.0
1287,10.741456100000018,0,8.2601,2.1326,2.4314,1.9014,0.2249,0.0036,0.0091,0.0002,0.0347,0.05,0.0021,0.0009,0.0113,0.0006,0.0014,0.0023,0.0001,0.0001,0.0081,0.0017,0.0005,0.0001,0.004,0.0986,0.0244,0.0,0.0139,0.0,155.0,0.0,92.0,63.0,83.0,0.0,0.0,0.0,0.0,0.0,0.0,0.0,0.0,0.0,0.0,0.0,0.0,0.0,0.0,0.0,0.0,0.0,0.0,8.0,2.0,1.0
1288,10.749716200000018,0,8.3611,1.9883,2.5278,1.8546,0.2757,0.0029,0.0065,0.0003,0.0634,0.0764,0.0032,0.0015,0.0168,0.0003,0.0027,0.0025,0.0002,0.0002,0.0102,0.0019,0.0005,0.0002,0.005,0.1397,0.0386,0.0,0.0144,0.0,155.0,0.0,92.0,63.0,83.0,0.0,0.0,0.0,0.0,0.0,0.0,0.0,0.0,0.0,0.0,0.0,0.0,0.0,0.0,0.0,0.0,0.0,0.0,8.0,2.0,1.0
1289,10.758077300000018,0,8.1983,2.0264,2.347,2.0612,0.2749,0.0038,0.0119,0.0003,0.079,0.0979,0.0026,0.001,0.0119,0.0001,0.0022,0.002,0.0002,0.0001,0.0087,0.0018,0.0005,0.0001,0.0033,0.1442,0.0268,0.0,0.0117,0.0,155.0,0.0,92.0,63.0,83.0,0.0,0.0,0.0,0.0,0.0,0.0,0.0,0.0,0.0,0.0,0.0,0.0,0.0,0.0,0.0,0.0,0.0,0.0,8.0,2.0,1.0
1290,10.766275600000018,0,8.5961,1.863,2.5254,1.9266,0.223,0.0037,0.0081,0.0002,0.0452,0.0602,0.0021,0.0009,0.0105,0.0006,0.0015,0.0016,0.0001,0.0001,0.0093,0.0012,0.0005,0.0001,0.0033,0.1047,0.0257,0.0,0.0133,0.0,155.0,0.0,92.0,63.0,83.0,0.0,0.0,0.0,0.0,0.0,0.0,0.0,0.0,0.0,0.0,0.0,0.0,0.0,0.0,0.0,0.0,0.0,0.0,8.0,2.0,1.0
1291,10.774871700000018,0,8.1266,2.0179,2.5154,1.9301,0.2034,0.004,0.0115,0.0003,0.0319,0.0504,0.0021,0.0008,0.008,0.0001,0.0013,0.0019,0.0,0.0002,0.0081,0.0018,0.0009,0.0001,0.0032,0.089,0.0223,0.0,0.0138,0.0,155.0,0.0,92.0,63.0,83.0,0.0,0.0,0.0,0.0,0.0,0.0,0.0,0.0,0.0,0.0,0.0,0.0,0.0,0.0,0.0,0.0,0.0,0.0,8.0,2.0,1.0
1292,10.782998300000019,0,8.3987,2.0865,2.4889,2.0273,0.222,0.0028,0.0084,0.0002,0.0424,0.0559,0.002,0.0007,0.0103,0.0001,0.0014,0.0016,0.0001,0.0001,0.0102,0.0012,0.0009,0.0001,0.0033,0.0999,0.0363,0.0,0.014,0.0,155.0,0.0,92.0,63.0,83.0,0.0,0.0,0.0,0.0,0.0,0.0,0.0,0.0,0.0,0.0,0.0,0.0,0.0,0.0,0.0,0.0,0.0,0.0,8.0,2.0,1.0
1293,10.79139700000002,0,8.3326,2.0947,2.4144,1.8766,0.2049,0.003,0.0088,0.0002,0.0357,0.0506,0.0019,0.0008,0.0102,0.0002,0.0019,0.0015,0.0,0.0001,0.0078,0.0015,0.0005,0.0,0.003,0.0909,0.0239,0.0,0.0141,0.0,155.0,0.0,92.0,63.0,83.0,0.0,0.0,0.0,0.0,0.0,0.0,0.0,0.0,0.0,0.0,0.0,0.0,0.0,0.0,0.0,0.0,0.0,0.0,8.0,2.0,1.0
1294,10.799729600000019,0,8.4494,2.1059,2.5356,2.0058,0.237,0.0037,0.0094,0.0004,0.0446,0.0605,0.0028,0.0009,0.0129,0.0002,0.0017,0.0023,0.0001,0.0001,0.0098,0.0018,0.0007,0.0002,0.0038,0.1145,0.0234,0.0001,0.0141,0.0,155.0,0.0,92.0,63.0,83.0,0.0,0.0,0.0,0.0,0.0,0.0,0.0,0.0,0.0,0.0,0.0,0.0,0.0,0.0,0.0,0.0,0.0,0.0,8.0,2.0,1.0
1295,10.808179000000019,0,8.0262,2.0473,2.3658,1.9358,0.1885,0.0035,0.009,0.0003,0.0286,0.0439,0.0019,0.0008,0.0092,0.0001,0.0018,0.0015,0.0,0.0001,0.0076,0.0011,0.0005,0.0001,0.0029,0.0824,0.0216,0.0,0.0128,0.0,155.0,0.0,92.0,63.0,83.0,0.0,0.0,0.0,0.0,0.0,0.0,0.0,0.0,0.0,0.0,0.0,0.0,0.0,0.0,0.0,0.0,0.0,0.0,8.0,2.0,1.0
1296,10.816205200000018,0,8.4689,2.0995,2.4057,1.8202,0.2558,0.0027,0.0082,0.0003,0.0498,0.0636,0.0034,0.0009,0.0145,0.0001,0.002,0.0013,0.0001,0.0001,0.01,0.0016,0.0003,0.0001,0.0053,0.1257,0.0392,0.0,0.013,0.0,155.0,0.0,92.0,63.0,81.0,0.0,0.0,0.0,0.0,0.0,0.0,0.0,0.0,0.0,0.0,0.0,0.0,0.0,0.0,0.0,0.0,0.0,0.0,8.0,2.0,1.0
1297,10.824674100000019,0,8.2493,2.1654,2.282,1.9947,0.2486,0.0031,0.0077,0.0003,0.0509,0.0646,0.003,0.0013,0.014,0.0002,0.0021,0.0021,0.0006,0.0001,0.0102,0.0016,0.0007,0.0006,0.004,0.1199,0.0354,0.0,0.0125,0.0,155.0,0.0,92.0,63.0,81.0,0.0,0.0,0.0,0.0,0.0,0.0,0.0,0.0,0.0,0.0,0.0,0.0,0.0,0.0,0.0,0.0,0.0,0.0,8.0,2.0,1.0
1298,10.832923400000018,0,8.8725,2.0474,2.7588,2.3265,0.2403,0.0039,0.0097,0.0003,0.0515,0.0681,0.0025,0.0012,0.0135,0.0003,0.0024,0.0026,0.0002,0.0001,0.0094,0.0013,0.0005,0.0001,0.0033,0.119,0.0225,0.0,0.0131,0.0,155.0,0.0,92.0,63.0,81.0,0.0,0.0,0.0,0.0,0.0,0.0,0.0,0.0,0.0,0.0,0.0,0.0,0.0,0.0,0.0,0.0,0.0,0.0,8.0,2.0,1.0
1299,10.841795900000019,0,8.1128,2.3673,2.7182,2.1733,0.213,0.003,0.0084,0.0003,0.031,0.0451,0.0021,0.0015,0.0115,0.0001,0.0015,0.0023,0.0001,0.0001,0.0082,0.0012,0.0005,0.0001,0.0033,0.0886,0.0227,0.0001,0.0149,0.0,155.0,0.0,92.0,63.0,83.0,0.0,0.0,0.0,0.0,0.0,0.0,0.0,0.0,0.0,0.0,0.0,0.0,0.0,0.0,0.0,0.0,0.0,0.0,8.0,2.0,1.0
1300,10.849908700000018,0,8.1343,2.202,2.5294,1.9927,0.2721,0.0029,0.0092,0.0013,0.0571,0.0734,0.0029,0.0007,0.0143,0.0002,0.002,0.0019,0.0001,0.0001,0.0101,0.0016,0.0005,0.0001,0.0054,0.1316,0.0366,0.0,0.0123,0.0,155.0,0.0,92.0,63.0,83.0,0.0,0.0,0.0,0.0,0.0,0.0,0.0,0.0,0.0,0.0,0.0,0.0,0.0,0.0,0.0,0.0,0.0,0.0,8.0,2.0,1.0
1301,10.858043000000018,0,8.4609,2.0825,2.4261,1.8503,0.213,0.0029,0.008,0.0002,0.0333,0.0469,0.0025,0.0011,0.0117,0.0001,0.0022,0.0016,0.0006,0.0001,0.008,0.0013,0.0008,0.0001,0.0033,0.0909,0.021,0.0,0.0141,0.0,155.0,0.0,92.0,63.0,83.0,0.0,0.0,0.0,0.0,0.0,0.0,0.0,0.0,0.0,0.0,0.0,0.0,0.0,0.0,0.0,0.0,0.0,0.0,8.0,2.0,1.0
1302,10.866503900000017,0,8.3308,2.2805,2.6449,2.0992,0.2301,0.003,0.0095,0.0002,0.0477,0.0632,0.0031,0.001,0.013,0.0002,0.0025,0.0023,0.0002,0.0001,0.0085,0.0013,0.0011,0.0,0.0031,0.1116,0.0234,0.0,0.0133,0.0,155.0,0.0,92.0,63.0,83.0,0.0,0.0,0.0,0.0,0.0,0.0,0.0,0.0,0.0,0.0,0.0,0.0,0.0,0.0,0.0,0.0,0.0,0.0,8.0,2.0,1.0
1303,10.874834700000017,0,8.1961,2.0415,2.4767,1.9616,0.2029,0.0036,0.009,0.0003,0.0345,0.0497,0.0023,0.001,0.0108,0.0001,0.0015,0.0022,0.0001,0.0001,0.008,0.0018,0.0005,0.0,0.0033,0.0918,0.0226,0.0,0.0142,0.0,155.0,0.0,92.0,63.0,83.0,0.0,0.0,0.0,0.0,0.0,0.0,0.0,0.0,0.0,0.0,0.0,0.0,0.0,0.0,0.0,0.0,0.0,0.0,8.0,2.0,1.0
1304,10.883030800000016,0,8.4759,2.1306,2.5301,1.8584,0.2522,0.0033,0.0098,0.0003,0.0511,0.0681,0.0023,0.001,0.012,0.0002,0.002,0.0023,0.0001,0.0001,0.0104,0.0023,0.0008,0.0,0.0042,0.1192,0.0309,0.0,0.014,0.0,155.0,0.0,92.0,63.0,83.0,0.0,0.0,0.0,0.0,0.0,0.0,0.0,0.0,0.0,0.0,0.0,0.0,0.0,0.0,0.0,0.0,0.0,0.0,8.0,2.0,1.0
1305,10.891506700000017,0,8.3738,2.0919,2.5609,2.0642,0.2265,0.0033,0.0099,0.0002,0.036,0.0525,0.0027,0.0011,0.012,0.0001,0.0021,0.0016,0.0005,0.0001,0.0085,0.0012,0.0006,0.0001,0.0038,0.099,0.031,0.0001,0.0129,0.0,155.0,0.0,92.0,63.0,83.0,0.0,0.0,0.0,0.0,0.0,0.0,0.0,0.0,0.0,0.0,0.0,0.0,0.0,0.0,0.0,0.0,0.0,0.0,8.0,2.0,1.0
1306,10.899880500000016,0,8.1689,2.2114,2.6241,2.0407,0.2341,0.0035,0.0106,0.0003,0.0526,0.0707,0.0024,0.0008,0.0106,0.0002,0.0017,0.0019,0.0001,0.0001,0.0081,0.0013,0.0008,0.0001,0.0031,0.1135,0.0245,0.0,0.0138,0.0,155.0,0.0,92.0,63.0,83.0,0.0,0.0,0.0,0.0,0.0,0.0,0.0,0.0,0.0,0.0,0.0,0.0,0.0,0.0,0.0,0.0,0.0,0.0,8.0,2.0,1.0
1307,10.908049400000015,0,8.2485,2.185,2.2536,2.025,0.2134,0.003,0.0087,0.0003,0.036,0.05,0.0025,0.0011,0.0109,0.0001,0.0017,0.0022,0.0001,0.0001,0.0084,0.0017,0.0004,0.0,0.0031,0.0931,0.0267,0.0001,0.0136,0.0,155.0,0.0,92.0,63.0,83.0,0.0,0.0,0.0,0.0,0.0,0.0,0.0,0.0,0.0,0.0,0.0,0.0,0.0,0.0,0.0,0.0,0.0,0.0,8.0,2.0,1.0
1308,10.916297900000016,0,8.3188,1.9806,2.4792,1.8537,0.1991,0.0028,0.0083,0.0001,0.0395,0.0536,0.0019,0.0007,0.0103,0.0001,0.0013,0.0018,0.0,0.0001,0.0085,0.0015,0.0004,0.0001,0.0031,0.0937,0.0217,0.0,0.0145,0.0,155.0,0.0,92.0,63.0,83.0,0.0,0.0,0.0,0.0,0.0,0.0,0.0,0.0,0.0,0.0,0.0,0.0,0.0,0.0,0.0,0.0,0.0,0.0,8.0,2.0,1.0
1309,10.924616700000016,0,8.4792,1.9774,2.3434,1.9215,0.2191,0.0031,0.0084,0.0002,0.04,0.0541,0.0023,0.0011,0.0104,0.0001,0.0014,0.0022,0.0001,0.0001,0.0085,0.0017,0.0005,0.0001,0.0032,0.0975,0.0223,0.0,0.0128,0.0,155.0,0.0,92.0,63.0,83.0,0.0,0.0,0.0,0.0,0.0,0.0,0.0,0.0,0.0,0.0,0.0,0.0,0.0,0.0,0.0,0.0,0.0,0.0,8.0,2.0,1.0
1310,10.933095900000016,0,8.1775,1.9984,2.3999,1.9566,0.2117,0.0029,0.0084,0.0002,0.0421,0.0561,0.002,0.0007,0.0109,0.0001,0.0014,0.0014,0.0001,0.0001,0.0091,0.0011,0.0005,0.0002,0.0034,0.0982,0.0241,0.0,0.0118,0.0,155.0,0.0,92.0,63.0,83.0,0.0,0.0,0.0,0.0,0.0,0.0,0.0,0.0,0.0,0.0,0.0,0.0,0.0,0.0,0.0,0.0,0.0,0.0,8.0,2.0,1.0
1311,10.941273400000016,0,8.298,2.0546,2.338,1.9024,0.2001,0.003,0.0089,0.0003,0.0357,0.0511,0.0019,0.0008,0.01,0.0002,0.0015,0.0022,0.0001,0.0001,0.008,0.0013,0.001,0.0001,0.003,0.0917,0.0202,0.0,0.0109,0.0,155.0,0.0,92.0,63.0,83.0,0.0,0.0,0.0,0.0,0.0,0.0,0.0,0.0,0.0,0.0,0.0,0.0,0.0,0.0,0.0,0.0,0.0,0.0,8.0,2.0,1.0
1312,10.949571400000016,0,8.8952,2.023,2.7611,1.8801,0.3415,0.0034,0.0123,0.0004,0.0615,0.0814,0.0037,0.001,0.0167,0.0005,0.0028,0.0021,0.0002,0.0002,0.0129,0.0024,0.0006,0.0001,0.0051,0.148,0.0405,0.0001,0.0132,0.0,155.0,0.0,92.0,63.0,83.0,0.0,0.0,0.0,0.0,0.0,0.0,0.0,0.0,0.0,0.0,0.0,0.0,0.0,0.0,0.0,0.0,0.0,0.0,8.0,2.0,1.0
1313,10.958466600000015,0,7.9622,2.1539,2.5994,2.0567,0.2682,0.0041,0.0126,0.0005,0.0371,0.0574,0.0025,0.0011,0.0126,0.0002,0.0019,0.0021,0.0001,0.0001,0.0092,0.0014,0.0005,0.0002,0.0037,0.1081,0.0408,0.0,0.0136,0.0,155.0,0.0,92.0,63.0,83.0,0.0,0.0,0.0,0.0,0.0,0.0,0.0,0.0,0.0,0.0,0.0,0.0,0.0,0.0,0.0,0.0,0.0,0.0,8.0,2.0,1.0
1314,10.966428800000015,0,8.3709,2.1302,2.5728,1.9829,0.2229,0.0034,0.011,0.0003,0.0439,0.0613,0.002,0.0014,0.0108,0.0001,0.0021,0.0016,0.0001,0.0004,0.0086,0.0013,0.0011,0.0001,0.0033,0.1045,0.0233,0.0,0.0122,0.0,155.0,0.0,92.0,63.0,83.0,0.0,0.0,0.0,0.0,0.0,0.0,0.0,0.0,0.0,0.0,0.0,0.0,0.0,0.0,0.0,0.0,0.0,0.0,8.0,2.0,1.0
1315,10.974799700000014,0,8.2759,2.0105,2.3164,1.883,0.219,0.0031,0.0087,0.0003,0.0459,0.061,0.0023,0.0006,0.0117,0.0007,0.0014,0.0016,0.0004,0.0001,0.0082,0.0011,0.0009,0.0002,0.0034,0.1087,0.0233,0.0,0.0138,0.0,155.0,0.0,92.0,63.0,83.0,0.0,0.0,0.0,0.0,0.0,0.0,0.0,0.0,0.0,0.0,0.0,0.0,0.0,0.0,0.0,0.0,0.0,0.0,8.0,2.0,1.0
1316,10.983075600000014,0,8.4589,2.0708,2.6087,1.8345,0.2721,0.0034,0.0089,0.0001,0.0595,0.0751,0.0034,0.0012,0.015,0.0002,0.0018,0.0017,0.0001,0.0002,0.0095,0.0014,0.0006,0.0001,0.0058,0.1326,0.0384,0.0,0.0121,0.0,155.0,0.0,92.0,63.0,83.0,0.0,0.0,0.0,0.0,0.0,0.0,0.0,0.0,0.0,0.0,0.0,0.0,0.0,0.0,0.0,0.0,0.0,0.0,8.0,2.0,1.0
1317,10.991534500000014,0,8.2392,2.0361,2.6478,1.9058,0.2379,0.0038,0.0106,0.0003,0.0472,0.0647,0.0026,0.0014,0.0121,0.0002,0.0021,0.0017,0.0001,0.0001,0.0087,0.002,0.0006,0.0001,0.0035,0.1112,0.0239,0.0001,0.0128,0.0,155.0,0.0,92.0,63.0,83.0,0.0,0.0,0.0,0.0,0.0,0.0,0.0,0.0,0.0,0.0,0.0,0.0,0.0,0.0,0.0,0.0,0.0,0.0,8.0,2.0,1.0
1318,10.999773700000015,0,8.3329,2.2879,2.5219,2.3131,0.2343,0.0031,0.0104,0.0002,0.0464,0.0628,0.0029,0.0008,0.012,0.0002,0.002,0.0021,0.0006,0.0001,0.0086,0.0019,0.0005,0.0001,0.0034,0.1098,0.0247,0.0,0.0127,0.0,155.0,0.0,92.0,63.0,83.0,0.0,0.0,0.0,0.0,0.0,0.0,0.0,0.0,0.0,0.0,0.0,0.0,0.0,0.0,0.0,0.0,0.0,0.0,8.0,2.0,1.0
1319,11.008106600000014,0,8.3974,2.1816,2.392,2.0752,0.2068,0.0035,0.0099,0.0002,0.0366,0.0525,0.0019,0.0008,0.0094,0.0002,0.0016,0.0015,0.0002,0.0002,0.0083,0.0012,0.0004,0.0001,0.0033,0.0933,0.0226,0.0,0.0125,0.0,155.0,0.0,92.0,63.0,85.0,0.0,0.0,0.0,0.0,0.0,0.0,0.0,0.0,0.0,0.0,0.0,0.0,0.0,0.0,0.0,0.0,0.0,0.0,8.0,2.0,1.0
1320,11.016504000000014,0,8.3261,2.231,2.6992,2.1768,0.2442,0.0032,0.0096,0.0003,0.0521,0.0689,0.0026,0.001,0.0132,0.0006,0.0014,0.0021,0.0002,0.0001,0.0082,0.0014,0.0006,0.0002,0.0044,0.1186,0.0288,0.0001,0.0154,0.0,155.0,0.0,92.0,63.0,85.0,0.0,0.0,0.0,0.0,0.0,0.0,0.0,0.0,0.0,0.0,0.0,0.0,0.0,0.0,0.0,0.0,0.0,0.0,8.0,2.0,1.0
1321,11.024830100000013,0,8.3785,2.0258,2.4291,1.9136,0.2159,0.0029,0.009,0.0003,0.0307,0.0458,0.0028,0.001,0.0131,0.0002,0.0016,0.002,0.0001,0.0002,0.0081,0.0017,0.0005,0.0001,0.0032,0.0916,0.0233,0.0001,0.0141,0.0,155.0,0.0,92.0,63.0,85.0,0.0,0.0,0.0,0.0,0.0,0.0,0.0,0.0,0.0,0.0,0.0,0.0,0.0,0.0,0.0,0.0,0.0,0.0,8.0,2.0,1.0
1322,11.033208600000012,0,8.4023,2.4017,2.6948,2.4155,0.244,0.0036,0.0094,0.0002,0.0639,0.0798,0.0022,0.0008,0.0101,0.0002,0.0016,0.0022,0.0001,0.0001,0.008,0.0014,0.0006,0.0001,0.0034,0.1218,0.0238,0.0,0.013,0.0,155.0,0.0,92.0,63.0,85.0,0.0,0.0,0.0,0.0,0.0,0.0,0.0,0.0,0.0,0.0,0.0,0.0,0.0,0.0,0.0,0.0,0.0,0.0,8.0,2.0,1.0
1323,11.041610900000013,0,8.0585,2.1861,2.4851,2.0873,0.2103,0.003,0.0097,0.0001,0.0316,0.0475,0.0022,0.001,0.0107,0.0001,0.002,0.0016,0.0001,0.0002,0.0093,0.0012,0.0005,0.0001,0.0034,0.0911,0.0225,0.0,0.0124,0.0,155.0,0.0,92.0,63.0,85.0,0.0,0.0,0.0,0.0,0.0,0.0,0.0,0.0,0.0,0.0,0.0,0.0,0.0,0.0,0.0,0.0,0.0,0.0,8.0,2.0,1.0
1324,11.049669400000013,0,8.5861,2.1905,2.5777,2.0285,0.2761,0.0032,0.0091,0.0003,0.0545,0.0698,0.0032,0.0011,0.0166,0.0003,0.0024,0.0019,0.0001,0.0001,0.0099,0.0019,0.0006,0.0002,0.007,0.134,0.0384,0.0,0.0135,0.0,155.0,0.0,92.0,63.0,85.0,0.0,0.0,0.0,0.0,0.0,0.0,0.0,0.0,0.0,0.0,0.0,0.0,0.0,0.0,0.0,0.0,0.0,0.0,8.0,2.0,1.0
1325,11.058255500000014,0,8.3123,2.1087,2.6193,1.9994,0.232,0.0035,0.0102,0.0002,0.0386,0.0551,0.0027,0.0009,0.0117,0.0002,0.0023,0.0017,0.0005,0.0001,0.0095,0.0015,0.0006,0.0002,0.0034,0.103,0.0222,0.0,0.0136,0.0,155.0,0.0,92.0,63.0,85.0,0.0,0.0,0.0,0.0,0.0,0.0,0.0,0.0,0.0,0.0,0.0,0.0,0.0,0.0,0.0,0.0,0.0,0.0,8.0,2.0,1.0
1326,11.066567800000014,0,8.2301,2.1403,2.5682,2.0335,0.2584,0.0036,0.0093,0.0002,0.0541,0.0702,0.0027,0.0008,0.0127,0.0001,0.0014,0.0016,0.0001,0.0,0.0084,0.0013,0.0003,0.0,0.0063,0.1218,0.0382,0.0,0.0124,0.0,155.0,0.0,92.0,63.0,85.0,0.0,0.0,0.0,0.0,0.0,0.0,0.0,0.0,0.0,0.0,0.0,0.0,0.0,0.0,0.0,0.0,0.0,0.0,8.0,2.0,1.0
1327,11.074797900000014,0,8.4756,2.0711,2.6279,1.9909,0.2489,0.0038,0.0108,0.0004,0.0532,0.0711,0.003,0.0012,0.0123,0.0002,0.002,0.0017,0.0001,0.0002,0.0089,0.0014,0.0009,0.0001,0.0035,0.1178,0.025,0.0,0.0138,0.0,155.0,0.0,92.0,63.0,85.0,0.0,0.0,0.0,0.0,0.0,0.0,0.0,0.0,0.0,0.0,0.0,0.0,0.0,0.0,0.0,0.0,0.0,0.0,8.0,2.0,1.0
1328,11.083273500000015,0,8.632,2.3642,2.8039,2.0683,0.2651,0.0036,0.0079,0.0004,0.0608,0.0759,0.0026,0.0008,0.0122,0.0001,0.0015,0.0014,0.0001,0.0001,0.0084,0.0013,0.0002,0.0001,0.0046,0.1245,0.0372,0.0,0.0127,0.0,155.0,0.0,92.0,63.0,85.0,0.0,0.0,0.0,0.0,0.0,0.0,0.0,0.0,0.0,0.0,0.0,0.0,0.0,0.0,0.0,0.0,0.0,0.0,8.0,2.0,1.0
1329,11.091905500000015,0,8.1105,2.1222,2.844,2.0168,0.2522,0.0039,0.0108,0.0002,0.0413,0.0593,0.0031,0.0011,0.0128,0.0004,0.002,0.0022,0.0001,0.0001,0.0098,0.0013,0.0005,0.0001,0.004,0.11,0.0294,0.0,0.0148,0.0,155.0,0.0,92.0,63.0,85.0,0.0,0.0,0.0,0.0,0.0,0.0,0.0,0.0,0.0,0.0,0.0,0.0,0.0,0.0,0.0,0.0,0.0,0.0,8.0,2.0,1.0
1330,11.100016000000016,0,8.4172,2.1843,2.7469,1.9737,0.2264,0.0033,0.009,0.0003,0.0384,0.0542,0.0021,0.0016,0.0119,0.0002,0.0017,0.0028,0.0,0.0001,0.0098,0.0012,0.001,0.0,0.0033,0.1023,0.0233,0.0001,0.0136,0.0,155.0,0.0,92.0,63.0,85.0,0.0,0.0,0.0,0.0,0.0,0.0,0.0,0.0,0.0,0.0,0.0,0.0,0.0,0.0,0.0,0.0,0.0,0.0,8.0,2.0,1.0
1331,11.108433200000016,0,8.0891,2.3127,2.8877,2.095,0.2287,0.0033,0.0102,0.0002,0.0412,0.0579,0.0024,0.0012,0.0115,0.0003,0.002,0.0017,0.0001,0.0001,0.0084,0.0013,0.0005,0.0001,0.0034,0.1021,0.0252,0.0,0.0143,0.0,155.0,0.0,92.0,63.0,85.0,0.0,0.0,0.0,0.0,0.0,0.0,0.0,0.0,0.0,0.0,0.0,0.0,0.0,0.0,0.0,0.0,0.0,0.0,8.0,2.0,1.0
1332,11.116522300000016,0,8.5156,2.1901,2.5941,2.2068,0.242,0.0035,0.0096,0.0003,0.0562,0.0726,0.0027,0.0008,0.0108,0.0002,0.0021,0.0017,0.0002,0.0001,0.0094,0.0012,0.0005,0.0003,0.0033,0.1168,0.0264,0.0001,0.0147,0.0,155.0,0.0,92.0,63.0,85.0,0.0,0.0,0.0,0.0,0.0,0.0,0.0,0.0,0.0,0.0,0.0,0.0,0.0,0.0,0.0,0.0,0.0,0.0,8.0,2.0,1.0
1333,11.125037900000017,0,8.3006,2.1412,2.6919,1.953,0.2664,0.004,0.011,0.0002,0.0537,0.0726,0.0026,0.0011,0.0123,0.0001,0.0017,0.0021,0.0001,0.0001,0.0099,0.0015,0.001,0.0001,0.0039,0.1243,0.027,0.0,0.013,0.0,155.0,0.0,92.0,63.0,85.0,0.0,0.0,0.0,0.0,0.0,0.0,0.0,0.0,0.0,0.0,0.0,0.0,0.0,0.0,0.0,0.0,0.0,0.0,8.0,2.0,1.0
1334,11.133338500000017,0,8.5017,2.2309,2.8618,2.021,0.2504,0.0039,0.0097,0.0003,0.0511,0.0677,0.0021,0.0008,0.0102,0.0002,0.0017,0.0021,0.0001,0.0001,0.0083,0.0015,0.0005,0.0001,0.0033,0.1121,0.0365,0.0001,0.012,0.0,155.0,0.0,92.0,63.0,83.0,0.0,0.0,0.0,0.0,0.0,0.0,0.0,0.0,0.0,0.0,0.0,0.0,0.0,0.0,0.0,0.0,0.0,0.0,8.0,2.0,1.0
1335,11.141840200000017,0,7.9253,2.1529,2.6647,2.0289,0.2172,0.0029,0.009,0.0002,0.0372,0.052,0.0028,0.0008,0.0121,0.0001,0.0019,0.0023,0.0001,0.0001,0.0088,0.0017,0.0005,0.0001,0.0031,0.0976,0.0256,0.0,0.0139,0.0,155.0,0.0,92.0,63.0,83.0,0.0,0.0,0.0,0.0,0.0,0.0,0.0,0.0,0.0,0.0,0.0,0.0,0.0,0.0,0.0,0.0,0.0,0.0,8.0,2.0,1.0
1336,11.149765500000017,0,8.5855,1.9698,2.7904,1.892,0.3278,0.0036,0.0124,0.0002,0.0707,0.091,0.0032,0.0012,0.0162,0.0003,0.0032,0.0022,0.0001,0.0001,0.0093,0.0019,0.0005,0.0001,0.0044,0.153,0.0391,0.0,0.0139,0.0,155.0,0.0,92.0,63.0,83.0,0.0,0.0,0.0,0.0,0.0,0.0,0.0,0.0,0.0,0.0,0.0,0.0,0.0,0.0,0.0,0.0,0.0,0.0,8.0,2.0,1.0
1337,11.158351000000017,0,8.2108,2.2221,2.4453,2.1699,0.2442,0.0039,0.0108,0.0004,0.0341,0.0519,0.0026,0.0012,0.0128,0.0001,0.0017,0.0022,0.0002,0.0002,0.0092,0.0014,0.0006,0.0001,0.0037,0.1009,0.0251,0.0001,0.0121,0.0,155.0,0.0,92.0,63.0,83.0,0.0,0.0,0.0,0.0,0.0,0.0,0.0,0.0,0.0,0.0,0.0,0.0,0.0,0.0,0.0,0.0,0.0,0.0,8.0,2.0,1.0
1338,11.166561800000018,0,8.2658,2.1631,2.7204,2.1268,0.2412,0.0034,0.0112,0.0003,0.0522,0.0702,0.0025,0.0011,0.0119,0.0001,0.0021,0.0017,0.0001,0.0001,0.0095,0.0015,0.0005,0.0001,0.0033,0.1169,0.0253,0.0001,0.0151,0.0,155.0,0.0,92.0,63.0,83.0,0.0,0.0,0.0,0.0,0.0,0.0,0.0,0.0,0.0,0.0,0.0,0.0,0.0,0.0,0.0,0.0,0.0,0.0,8.0,2.0,1.0
1339,11.174827600000018,0,8.1937,2.3044,2.4326,2.2319,0.2052,0.0032,0.0097,0.0002,0.0295,0.0451,0.0022,0.0007,0.011,0.0001,0.0019,0.0017,0.0001,0.0001,0.0089,0.0012,0.0004,0.0001,0.0031,0.0889,0.0216,0.0001,0.0143,0.0,155.0,0.0,92.0,63.0,83.0,0.0,0.0,0.0,0.0,0.0,0.0,0.0,0.0,0.0,0.0,0.0,0.0,0.0,0.0,0.0,0.0,0.0,0.0,8.0,2.0,1.0
1340,11.183021300000018,0,8.6094,2.0818,2.5004,1.9326,0.2446,0.0035,0.0097,0.0004,0.0461,0.0622,0.002,0.0009,0.012,0.0002,0.0016,0.0017,0.0004,0.0001,0.0092,0.0015,0.0009,0.0001,0.0032,0.1102,0.0422,0.0,0.0122,0.0,155.0,0.0,92.0,63.0,80.0,0.0,0.0,0.0,0.0,0.0,0.0,0.0,0.0,0.0,0.0,0.0,0.0,0.0,0.0,0.0,0.0,0.0,0.0,8.0,2.0,1.0
1341,11.191630700000017,0,8.3204,2.1376,2.6639,2.1771,0.2355,0.0042,0.0066,0.0006,0.0401,0.055,0.0021,0.0009,0.0118,0.0002,0.0018,0.0024,0.0001,0.0001,0.0085,0.0012,0.0005,0.0001,0.0032,0.1011,0.0249,0.0,0.0128,0.0,155.0,0.0,92.0,63.0,80.0,0.0,0.0,0.0,0.0,0.0,0.0,0.0,0.0,0.0,0.0,0.0,0.0,0.0,0.0,0.0,0.0,0.0,0.0,8.0,2.0,1.0
1342,11.199951100000018,0,8.2214,2.1353,2.6352,1.9671,0.2383,0.004,0.0081,0.0007,0.0538,0.0692,0.0025,0.001,0.0125,0.0001,0.0016,0.0022,0.0001,0.0001,0.0097,0.0014,0.0006,0.0001,0.0037,0.1185,0.0238,0.0,0.0123,0.0,155.0,0.0,92.0,63.0,80.0,0.0,0.0,0.0,0.0,0.0,0.0,0.0,0.0,0.0,0.0,0.0,0.0,0.0,0.0,0.0,0.0,0.0,0.0,8.0,2.0,1.0
1343,11.208172500000018,0,8.31,2.292,2.5735,1.9693,0.2137,0.0049,0.0087,0.0002,0.0313,0.0477,0.0026,0.001,0.012,0.0001,0.0017,0.0017,0.0004,0.0002,0.0089,0.0019,0.0005,0.0001,0.0036,0.0951,0.0233,0.0,0.0139,0.0,155.0,0.0,92.0,63.0,80.0,0.0,0.0,0.0,0.0,0.0,0.0,0.0,0.0,0.0,0.0,0.0,0.0,0.0,0.0,0.0,0.0,0.0,0.0,8.0,2.0,1.0
1344,11.216482500000017,0,8.5042,2.1247,2.6222,1.9168,0.2394,0.0037,0.0062,0.0006,0.0484,0.0623,0.0026,0.0013,0.0149,0.0007,0.0022,0.0025,0.0001,0.0003,0.0094,0.0014,0.0006,0.0001,0.0038,0.1148,0.0246,0.0,0.0132,0.0,155.0,0.0,92.0,63.0,80.0,0.0,0.0,0.0,0.0,0.0,0.0,0.0,0.0,0.0,0.0,0.0,0.0,0.0,0.0,0.0,0.0,0.0,0.0,8.0,2.0,1.0
1345,11.224986700000018,0,8.2271,2.3306,2.7885,1.9973,0.2646,0.0054,0.0091,0.0003,0.0378,0.0562,0.003,0.0012,0.0139,0.0003,0.0021,0.0021,0.0001,0.0002,0.0103,0.0015,0.0005,0.0001,0.0039,0.1092,0.0251,0.0,0.0128,0.0,155.0,0.0,92.0,63.0,80.0,0.0,0.0,0.0,0.0,0.0,0.0,0.0,0.0,0.0,0.0,0.0,0.0,0.0,0.0,0.0,0.0,0.0,0.0,8.0,2.0,1.0
1346,11.233213800000017,0,8.6208,2.3452,2.7984,2.1029,0.2122,0.0032,0.0078,0.0003,0.043,0.0568,0.0021,0.0009,0.0109,0.0001,0.0018,0.0016,0.0005,0.0001,0.0084,0.0012,0.0009,0.0001,0.0031,0.1,0.0197,0.0,0.0132,0.0,155.0,0.0,92.0,63.0,80.0,0.0,0.0,0.0,0.0,0.0,0.0,0.0,0.0,0.0,0.0,0.0,0.0,0.0,0.0,0.0,0.0,0.0,0.0,8.0,2.0,1.0
1347,11.241834600000017,0,7.7138,2.0143,2.3354,2.0729,0.1945,0.0033,0.0082,0.0002,0.0321,0.046,0.0021,0.0006,0.0105,0.0007,0.0014,0.0015,0.0,0.0002,0.0084,0.0013,0.0005,0.0001,0.0036,0.0878,0.0223,0.0001,0.0126,0.0,155.0,0.0,92.0,63.0,80.0,0.0,0.0,0.0,0.0,0.0,0.0,0.0,0.0,0.0,0.0,0.0,0.0,0.0,0.0,0.0,0.0,0.0,0.0,8.0,2.0,1.0
1348,11.249548400000016,0,8.2982,1.9981,2.3057,1.7636,0.213,0.0026,0.0088,0.0002,0.0535,0.0678,0.002,0.0008,0.0102,0.0003,0.0012,0.0022,0.0002,0.0002,0.0081,0.0012,0.001,0.0,0.0032,0.1083,0.0212,0.0001,0.0127,0.0,155.0,0.0,92.0,63.0,83.0,0.0,0.0,0.0,0.0,0.0,0.0,0.0,0.0,0.0,0.0,0.0,0.0,0.0,0.0,0.0,0.0,0.0,0.0,8.0,2.0,1.0
1349,11.257846600000017,0,8.6372,1.8814,2.3644,1.8287,0.2137,0.0037,0.0094,0.0002,0.0339,0.0496,0.0029,0.0008,0.0122,0.0001,0.0016,0.0015,0.0001,0.0001,0.0084,0.0012,0.0004,0.0,0.0036,0.0942,0.0208,0.0001,0.0138,0.0,155.0,0.0,92.0,63.0,83.0,0.0,0.0,0.0,0.0,0.0,0.0,0.0,0.0,0.0,0.0,0.0,0.0,0.0,0.0,0.0,0.0,0.0,0.0,8.0,2.0,1.0
1350,11.266483800000017,0,8.1132,2.0263,2.4253,1.8748,0.2652,0.0032,0.0092,0.0002,0.0515,0.0666,0.0032,0.0011,0.0168,0.0002,0.0026,0.0019,0.0001,0.0001,0.0105,0.0022,0.0006,0.0001,0.0066,0.1319,0.0377,0.0,0.0123,0.0,155.0,0.0,92.0,63.0,83.0,0.0,0.0,0.0,0.0,0.0,0.0,0.0,0.0,0.0,0.0,0.0,0.0,0.0,0.0,0.0,0.0,0.0,0.0,8.0,2.0,1.0
1351,11.274597000000018,0,8.6265,1.9998,2.6615,1.861,0.224,0.0031,0.0086,0.0003,0.0423,0.0571,0.0021,0.0009,0.0104,0.0001,0.0025,0.0019,0.0001,0.0001,0.0093,0.0014,0.0007,0.0001,0.0032,0.1027,0.0259,0.0,0.0135,0.0,155.0,0.0,92.0,63.0,83.0,0.0,0.0,0.0,0.0,0.0,0.0,0.0,0.0,0.0,0.0,0.0,0.0,0.0,0.0,0.0,0.0,0.0,0.0,8.0,2.0,1.0
1352,11.283223500000018,0,8.4174,2.1875,2.4874,1.9732,0.2329,0.0032,0.0089,0.0002,0.0461,0.0614,0.0021,0.0007,0.0111,0.0002,0.0016,0.0016,0.0001,0.0002,0.0097,0.0019,0.0006,0.0002,0.0034,0.1066,0.0263,0.0001,0.0136,0.0,155.0,0.0,92.0,63.0,83.0,0.0,0.0,0.0,0.0,0.0,0.0,0.0,0.0,0.0,0.0,0.0,0.0,0.0,0.0,0.0,0.0,0.0,0.0,8.0,2.0,1.0
1353,11.291640900000019,0,8.4031,2.071,2.6478,1.9464,0.2376,0.0033,0.0102,0.0003,0.0472,0.0642,0.0028,0.0008,0.012,0.0002,0.0022,0.002,0.0002,0.0002,0.0099,0.0017,0.0005,0.0,0.0036,0.1126,0.0233,0.0,0.015,0.0,155.0,0.0,92.0,63.0,83.0,0.0,0.0,0.0,0.0,0.0,0.0,0.0,0.0,0.0,0.0,0.0,0.0,0.0,0.0,0.0,0.0,0.0,0.0,8.0,2.0,1.0
1354,11.30004400000002,0,8.5198,2.0483,3.0712,1.9885,0.275,0.0033,0.0099,0.0003,0.0536,0.0708,0.0032,0.0008,0.0138,0.0002,0.0023,0.0018,0.0,0.0001,0.0095,0.0017,0.0005,0.0001,0.0056,0.1261,0.0382,0.0,0.0136,0.0,155.0,0.0,92.0,63.0,83.0,0.0,0.0,0.0,0.0,0.0,0.0,0.0,0.0,0.0,0.0,0.0,0.0,0.0,0.0,0.0,0.0,0.0,0.0,8.0,2.0,1.0
1355,11.30856380000002,0,8.0601,2.1826,2.7924,2.1438,0.2161,0.0031,0.0083,0.0001,0.038,0.0518,0.0019,0.0009,0.011,0.0002,0.002,0.0017,0.0006,0.0001,0.008,0.0014,0.0005,0.0001,0.0034,0.0955,0.0242,0.0001,0.0149,0.0,155.0,0.0,92.0,63.0,85.0,0.0,0.0,0.0,0.0,0.0,0.0,0.0,0.0,0.0,0.0,0.0,0.0,0.0,0.0,0.0,0.0,0.0,0.0,8.0,2.0,1.0
1356,11.31662390000002,0,8.4404,2.0602,2.6075,1.9525,0.2539,0.0035,0.0087,0.0002,0.0529,0.0688,0.0028,0.0007,0.0131,0.0002,0.0014,0.0012,0.0001,0.0,0.0083,0.0013,0.0005,0.0001,0.006,0.1201,0.0379,0.0001,0.0138,0.0,155.0,0.0,92.0,63.0,85.0,0.0,0.0,0.0,0.0,0.0,0.0,0.0,0.0,0.0,0.0,0.0,0.0,0.0,0.0,0.0,0.0,0.0,0.0,8.0,2.0,1.0
1357,11.325064300000019,0,8.4772,2.2587,3.1673,1.9133,0.2541,0.0026,0.012,0.0003,0.032,0.0505,0.0028,0.0014,0.0147,0.0001,0.0027,0.0028,0.0001,0.0002,0.0105,0.0016,0.0012,0.0001,0.0041,0.1058,0.027,0.0,0.0134,0.0,155.0,0.0,92.0,63.0,85.0,0.0,0.0,0.0,0.0,0.0,0.0,0.0,0.0,0.0,0.0,0.0,0.0,0.0,0.0,0.0,0.0,0.0,0.0,8.0,2.0,1.0
1358,11.333541500000019,0,8.249,2.3744,2.6484,2.2473,0.2066,0.0028,0.0071,0.0002,0.0444,0.0579,0.0019,0.0007,0.0096,0.0002,0.0014,0.0018,0.0,0.0001,0.0082,0.0016,0.0004,0.0001,0.0033,0.1008,0.0217,0.0001,0.0157,0.0,155.0,0.0,92.0,63.0,87.0,0.0,0.0,0.0,0.0,0.0,0.0,0.0,0.0,0.0,0.0,0.0,0.0,0.0,0.0,0.0,0.0,0.0,0.0,8.0,2.0,1.0
1359,11.341790500000018,0,7.8144,1.9741,2.5369,1.9315,0.2081,0.003,0.0098,0.0002,0.0319,0.048,0.0023,0.001,0.0113,0.0001,0.0021,0.0016,0.0,0.0006,0.0087,0.0012,0.0005,0.0001,0.0037,0.0933,0.0221,0.0,0.0126,0.0,155.0,0.0,92.0,63.0,87.0,0.0,0.0,0.0,0.0,0.0,0.0,0.0,0.0,0.0,0.0,0.0,0.0,0.0,0.0,0.0,0.0,0.0,0.0,8.0,2.0,1.0
1360,11.349604900000019,0,8.3225,1.9639,2.2819,1.7593,0.2062,0.0035,0.008,0.0003,0.0399,0.0544,0.0026,0.0008,0.0113,0.0002,0.0013,0.0019,0.0,0.0001,0.0077,0.0012,0.001,0.0001,0.0043,0.0985,0.0205,0.0,0.0128,0.0,155.0,0.0,92.0,63.0,89.0,0.0,0.0,0.0,0.0,0.0,0.0,0.0,0.0,0.0,0.0,0.0,0.0,0.0,0.0,0.0,0.0,0.0,0.0,8.0,2.0,1.0
1361,11.357927400000019,0,8.3091,1.9877,2.347,1.664,0.2264,0.0033,0.0097,0.0002,0.0316,0.0476,0.0025,0.001,0.0118,0.0001,0.0015,0.0033,0.0001,0.0002,0.0103,0.0015,0.0005,0.0006,0.004,0.0976,0.0296,0.0,0.0153,0.0,155.0,0.0,92.0,63.0,89.0,0.0,0.0,0.0,0.0,0.0,0.0,0.0,0.0,0.0,0.0,0.0,0.0,0.0,0.0,0.0,0.0,0.0,0.0,8.0,2.0,1.0
1362,11.366236500000019,0,8.3958,2.0439,2.2028,1.7378,0.226,0.0035,0.0075,0.0002,0.0535,0.0672,0.0018,0.0007,0.0091,0.0001,0.0013,0.0014,0.0,0.0001,0.0071,0.0017,0.0004,0.0001,0.0032,0.1064,0.0204,0.0,0.0146,0.0,155.0,0.0,92.0,63.0,89.0,0.0,0.0,0.0,0.0,0.0,0.0,0.0,0.0,0.0,0.0,0.0,0.0,0.0,0.0,0.0,0.0,0.0,0.0,8.0,2.0,1.0
1363,11.37463230000002,0,8.1394,1.8898,2.2438,1.7674,0.2114,0.003,0.008,0.0002,0.0351,0.0486,0.002,0.0008,0.0101,0.0001,0.0022,0.0019,0.0,0.0001,0.009,0.0013,0.0006,0.0001,0.0036,0.0899,0.0357,0.0,0.0136,0.0,155.0,0.0,92.0,63.0,89.0,0.0,0.0,0.0,0.0,0.0,0.0,0.0,0.0,0.0,0.0,0.0,0.0,0.0,0.0,0.0,0.0,0.0,0.0,8.0,2.0,1.0
1364,11.382771700000019,0,8.342,1.9402,2.1672,1.7746,0.2148,0.0032,0.0088,0.0003,0.0436,0.0581,0.0021,0.0008,0.0106,0.0007,0.0014,0.0015,0.0,0.0003,0.0092,0.0015,0.0004,0.0001,0.0043,0.1026,0.0273,0.0,0.0133,0.0,155.0,0.0,92.0,63.0,89.0,0.0,0.0,0.0,0.0,0.0,0.0,0.0,0.0,0.0,0.0,0.0,0.0,0.0,0.0,0.0,0.0,0.0,0.0,8.0,2.0,1.0
1365,11.39111370000002,0,8.4513,1.8907,2.2684,1.9468,0.2371,0.0028,0.0077,0.0001,0.048,0.0617,0.0023,0.001,0.0129,0.0002,0.0026,0.0018,0.0001,0.0001,0.0088,0.0013,0.0009,0.0001,0.0039,0.1116,0.0244,0.0001,0.0136,0.0,155.0,0.0,92.0,63.0,89.0,0.0,0.0,0.0,0.0,0.0,0.0,0.0,0.0,0.0,0.0,0.0,0.0,0.0,0.0,0.0,0.0,0.0,0.0,8.0,2.0,1.0
1366,11.39956500000002,0,8.244,1.9833,2.2454,1.7959,0.2277,0.0029,0.0092,0.0002,0.0558,0.0705,0.0024,0.0008,0.0111,0.0001,0.0013,0.0016,0.0001,0.0001,0.0076,0.0011,0.0004,0.0001,0.0032,0.1102,0.0234,0.0,0.0138,0.0,155.0,0.0,92.0,63.0,91.0,0.0,0.0,0.0,0.0,0.0,0.0,0.0,0.0,0.0,0.0,0.0,0.0,0.0,0.0,0.0,0.0,0.0,0.0,8.0,2.0,1.0
1367,11.40780900000002,0,8.3552,1.98,2.1944,1.6965,0.2116,0.0029,0.0094,0.0004,0.033,0.0483,0.0029,0.0007,0.0111,0.0001,0.0018,0.0017,0.0001,0.0001,0.0081,0.0011,0.0005,0.0001,0.0034,0.0903,0.0237,0.0001,0.0147,0.0,155.0,0.0,92.0,63.0,91.0,0.0,0.0,0.0,0.0,0.0,0.0,0.0,0.0,0.0,0.0,0.0,0.0,0.0,0.0,0.0,0.0,0.0,0.0,8.0,2.0,1.0
1368,11.41616420000002,0,8.2852,1.9138,2.1368,1.8447,0.2127,0.0028,0.0087,0.0002,0.0479,0.0615,0.0021,0.0006,0.0104,0.0002,0.002,0.0016,0.0,0.0001,0.0088,0.0012,0.0006,0.0001,0.004,0.1056,0.0251,0.0001,0.015,0.0,155.0,0.0,92.0,63.0,91.0,0.0,0.0,0.0,0.0,0.0,0.0,0.0,0.0,0.0,0.0,0.0,0.0,0.0,0.0,0.0,0.0,0.0,0.0,8.0,2.0,1.0
1369,11.42444940000002,0,8.3189,1.9805,2.2121,1.8,0.245,0.0027,0.0078,0.0003,0.0356,0.0489,0.0032,0.0008,0.0152,0.0003,0.0026,0.0018,0.0001,0.0001,0.011,0.0014,0.0006,0.0001,0.0053,0.1104,0.0417,0.0,0.0135,0.0,155.0,0.0,92.0,63.0,91.0,0.0,0.0,0.0,0.0,0.0,0.0,0.0,0.0,0.0,0.0,0.0,0.0,0.0,0.0,0.0,0.0,0.0,0.0,8.0,2.0,1.0
1370,11.43276830000002,0,8.3951,1.9441,2.2187,1.9239,0.2269,0.0031,0.0084,0.0007,0.0455,0.0599,0.0033,0.001,0.0134,0.0001,0.0018,0.0022,0.0001,0.0001,0.0083,0.0014,0.0005,0.0002,0.0044,0.1097,0.0242,0.0001,0.0138,0.0,155.0,0.0,92.0,63.0,91.0,0.0,0.0,0.0,0.0,0.0,0.0,0.0,0.0,0.0,0.0,0.0,0.0,0.0,0.0,0.0,0.0,0.0,0.0,8.0,2.0,1.0
1371,11.44116340000002,0,8.2468,1.8465,2.1161,1.7325,0.2157,0.0035,0.0087,0.0001,0.0424,0.0569,0.0024,0.0013,0.0135,0.0001,0.0015,0.002,0.0001,0.0001,0.0082,0.0016,0.0004,0.0001,0.0039,0.1037,0.0228,0.0001,0.0139,0.0,155.0,0.0,92.0,63.0,91.0,0.0,0.0,0.0,0.0,0.0,0.0,0.0,0.0,0.0,0.0,0.0,0.0,0.0,0.0,0.0,0.0,0.0,0.0,8.0,2.0,1.0
1372,11.44941020000002,0,8.4996,1.808,2.1574,1.7369,0.239,0.0029,0.0085,0.0003,0.0536,0.0674,0.0026,0.0007,0.0117,0.0001,0.0013,0.001,0.0001,0.0001,0.008,0.0012,0.0003,0.0,0.0048,0.1137,0.039,0.0,0.0132,0.0,155.0,0.0,92.0,63.0,91.0,0.0,0.0,0.0,0.0,0.0,0.0,0.0,0.0,0.0,0.0,0.0,0.0,0.0,0.0,0.0,0.0,0.0,0.0,8.0,2.0,1.0
1373,11.45790980000002,0,8.3054,1.7976,2.2551,1.8448,0.2258,0.0033,0.0089,0.0003,0.0399,0.0551,0.0022,0.001,0.0128,0.0002,0.0023,0.0024,0.0001,0.0002,0.0099,0.0013,0.0006,0.0002,0.0032,0.1025,0.0252,0.0,0.0148,0.0,155.0,0.0,92.0,63.0,91.0,0.0,0.0,0.0,0.0,0.0,0.0,0.0,0.0,0.0,0.0,0.0,0.0,0.0,0.0,0.0,0.0,0.0,0.0,8.0,2.0,1.0
1374,11.46621520000002,0,8.2655,1.9718,2.2543,1.764,0.2297,0.0033,0.0097,0.0002,0.0502,0.0664,0.0027,0.0007,0.0127,0.0002,0.0015,0.0022,0.0001,0.0001,0.0088,0.0019,0.0006,0.0002,0.0042,0.1143,0.025,0.0,0.0143,0.0,155.0,0.0,92.0,63.0,91.0,0.0,0.0,0.0,0.0,0.0,0.0,0.0,0.0,0.0,0.0,0.0,0.0,0.0,0.0,0.0,0.0,0.0,0.0,8.0,2.0,1.0
1375,11.47448070000002,0,8.2794,2.0206,2.1863,1.779,0.1982,0.0025,0.008,0.0002,0.0371,0.0505,0.0018,0.0006,0.0092,0.0001,0.0014,0.0018,0.0,0.0001,0.0089,0.0011,0.0004,0.0001,0.0033,0.09,0.0239,0.0001,0.0147,0.0,155.0,0.0,92.0,63.0,91.0,0.0,0.0,0.0,0.0,0.0,0.0,0.0,0.0,0.0,0.0,0.0,0.0,0.0,0.0,0.0,0.0,0.0,0.0,8.0,2.0,1.0
1376,11.48276010000002,0,8.5844,1.8664,2.225,1.9071,0.2257,0.0035,0.0098,0.0002,0.0419,0.058,0.0023,0.0009,0.0106,0.0001,0.0016,0.002,0.0001,0.0002,0.0086,0.0013,0.0005,0.0,0.004,0.1037,0.0247,0.0,0.0115,0.0,155.0,0.0,92.0,63.0,91.0,0.0,0.0,0.0,0.0,0.0,0.0,0.0,0.0,0.0,0.0,0.0,0.0,0.0,0.0,0.0,0.0,0.0,0.0,8.0,2.0,1.0
1377,11.49134450000002,0,8.1152,1.9202,2.3157,1.8342,0.2078,0.0031,0.0087,0.0002,0.0406,0.0553,0.0024,0.0006,0.0104,0.0001,0.0023,0.0017,0.0,0.0001,0.0092,0.0017,0.0006,0.0001,0.0038,0.0997,0.0262,0.0,0.0142,0.0,155.0,0.0,92.0,63.0,91.0,0.0,0.0,0.0,0.0,0.0,0.0,0.0,0.0,0.0,0.0,0.0,0.0,0.0,0.0,0.0,0.0,0.0,0.0,8.0,2.0,1.0
1378,11.49945970000002,0,8.7666,2.0621,2.4381,1.9091,0.2484,0.003,0.0078,0.0002,0.0588,0.0727,0.0028,0.0008,0.0115,0.0,0.0013,0.0013,0.0001,0.0,0.0075,0.0012,0.0004,0.0001,0.0048,0.1187,0.0371,0.0001,0.0129,0.0,155.0,0.0,92.0,63.0,91.0,0.0,0.0,0.0,0.0,0.0,0.0,0.0,0.0,0.0,0.0,0.0,0.0,0.0,0.0,0.0,0.0,0.0,0.0,8.0,2.0,1.0
1379,11.50822630000002,0,7.9324,1.9454,2.2898,1.8985,0.2227,0.0046,0.0083,0.0002,0.0343,0.0496,0.0025,0.0011,0.0111,0.0001,0.0023,0.0018,0.0002,0.0002,0.0085,0.0013,0.0009,0.0001,0.0034,0.0942,0.0237,0.0001,0.0147,0.0,155.0,0.0,92.0,63.0,91.0,0.0,0.0,0.0,0.0,0.0,0.0,0.0,0.0,0.0,0.0,0.0,0.0,0.0,0.0,0.0,0.0,0.0,0.0,8.0,2.0,1.0
1380,11.51615870000002,0,8.5186,1.9175,2.3534,1.739,0.2155,0.003,0.009,0.0002,0.0437,0.0584,0.0026,0.001,0.0121,0.0001,0.0013,0.0021,0.0,0.0001,0.0086,0.0016,0.0006,0.0001,0.0039,0.1039,0.0221,0.0,0.0143,0.0,155.0,0.0,92.0,63.0,91.0,0.0,0.0,0.0,0.0,0.0,0.0,0.0,0.0,0.0,0.0,0.0,0.0,0.0,0.0,0.0,0.0,0.0,0.0,8.0,2.0,1.0
1381,11.52467730000002,0,8.2476,1.9262,2.2654,1.7097,0.2457,0.0039,0.0104,0.0002,0.0457,0.0627,0.0025,0.0008,0.0112,0.0001,0.0017,0.0019,0.0001,0.0002,0.0094,0.0012,0.0006,0.0,0.0036,0.1084,0.0301,0.0,0.0137,0.0,155.0,0.0,92.0,63.0,91.0,0.0,0.0,0.0,0.0,0.0,0.0,0.0,0.0,0.0,0.0,0.0,0.0,0.0,0.0,0.0,0.0,0.0,0.0,8.0,2.0,1.0
1382,11.53292490000002,0,8.4233,1.9832,2.3538,1.8767,0.2582,0.0029,0.0101,0.0002,0.0496,0.066,0.0025,0.0009,0.0115,0.0001,0.0014,0.0018,0.0001,0.0,0.0078,0.0012,0.0003,0.0001,0.0048,0.1187,0.0395,0.0,0.0141,0.0,155.0,0.0,92.0,63.0,91.0,0.0,0.0,0.0,0.0,0.0,0.0,0.0,0.0,0.0,0.0,0.0,0.0,0.0,0.0,0.0,0.0,0.0,0.0,8.0,2.0,1.0
1383,11.541348200000021,0,8.25,1.9544,2.3372,1.7683,0.2269,0.0047,0.014,0.0002,0.0323,0.0538,0.0031,0.0016,0.0137,0.0002,0.0016,0.0023,0.0001,0.0002,0.0093,0.0013,0.0005,0.0004,0.004,0.1034,0.0264,0.0,0.0148,0.0,155.0,0.0,92.0,63.0,91.0,0.0,0.0,0.0,0.0,0.0,0.0,0.0,0.0,0.0,0.0,0.0,0.0,0.0,0.0,0.0,0.0,0.0,0.0,8.0,2.0,1.0
1384,11.549598200000021,0,8.5926,2.0267,2.5439,1.8325,0.2389,0.0032,0.0089,0.0003,0.0361,0.0521,0.0024,0.0013,0.0121,0.0006,0.0017,0.0022,0.0001,0.0002,0.009,0.0014,0.0005,0.0,0.0038,0.1013,0.0269,0.0001,0.0139,0.0,155.0,0.0,92.0,63.0,91.0,0.0,0.0,0.0,0.0,0.0,0.0,0.0,0.0,0.0,0.0,0.0,0.0,0.0,0.0,0.0,0.0,0.0,0.0,8.0,2.0,1.0
1385,11.558190800000022,0,8.2614,1.9783,2.5368,1.8613,0.2232,0.004,0.0095,0.0003,0.0333,0.0504,0.0022,0.0009,0.0118,0.0002,0.0018,0.0021,0.0002,0.0001,0.0098,0.0013,0.0005,0.0001,0.0041,0.0985,0.0216,0.0,0.0141,0.0,155.0,0.0,92.0,63.0,91.0,0.0,0.0,0.0,0.0,0.0,0.0,0.0,0.0,0.0,0.0,0.0,0.0,0.0,0.0,0.0,0.0,0.0,0.0,8.0,2.0,1.0
1386,11.566452200000022,0,8.1185,1.8447,2.3633,1.7705,0.2325,0.0034,0.0071,0.0005,0.0471,0.0611,0.0027,0.0008,0.0127,0.0004,0.0014,0.002,0.0002,0.0001,0.0089,0.0016,0.0005,0.0002,0.0038,0.1083,0.0214,0.0,0.0138,0.0,155.0,0.0,92.0,63.0,91.0,0.0,0.0,0.0,0.0,0.0,0.0,0.0,0.0,0.0,0.0,0.0,0.0,0.0,0.0,0.0,0.0,0.0,0.0,8.0,2.0,1.0
1387,11.574570700000022,0,8.3199,1.977,2.2246,1.7765,0.2028,0.0027,0.0074,0.0001,0.0369,0.0504,0.0019,0.0008,0.0106,0.0002,0.002,0.0019,0.0001,0.0001,0.0085,0.0012,0.0005,0.0001,0.0032,0.093,0.0206,0.0,0.013,0.0,155.0,0.0,92.0,63.0,91.0,0.0,0.0,0.0,0.0,0.0,0.0,0.0,0.0,0.0,0.0,0.0,0.0,0.0,0.0,0.0,0.0,0.0,0.0,8.0,2.0,1.0
1388,11.582890600000022,0,8.3331,1.9516,2.3215,1.8373,0.2547,0.003,0.0108,0.0007,0.046,0.0631,0.0033,0.0008,0.0148,0.0002,0.0017,0.0011,0.0001,0.0,0.0075,0.0012,0.0003,0.0,0.0054,0.114,0.0402,0.0,0.0132,0.0,155.0,0.0,92.0,63.0,91.0,0.0,0.0,0.0,0.0,0.0,0.0,0.0,0.0,0.0,0.0,0.0,0.0,0.0,0.0,0.0,0.0,0.0,0.0,8.0,2.0,1.0
1389,11.591223700000022,0,8.3512,1.8324,2.2954,1.9003,0.2352,0.0039,0.0097,0.0002,0.0345,0.0512,0.0032,0.0011,0.0151,0.0002,0.0022,0.0026,0.0002,0.0002,0.0111,0.0021,0.0005,0.0001,0.0048,0.1074,0.0257,0.0,0.0139,0.0,155.0,0.0,92.0,63.0,91.0,0.0,0.0,0.0,0.0,0.0,0.0,0.0,0.0,0.0,0.0,0.0,0.0,0.0,0.0,0.0,0.0,0.0,0.0,8.0,2.0,1.0
1390,11.599574900000022,0,8.3513,1.8427,2.2428,1.7233,0.2319,0.003,0.0096,0.0001,0.0467,0.0616,0.0025,0.0007,0.0104,0.0002,0.0011,0.0021,0.0001,0.0001,0.0083,0.0018,0.0005,0.0001,0.0032,0.1053,0.0221,0.0001,0.0154,0.0,155.0,0.0,92.0,63.0,89.0,0.0,0.0,0.0,0.0,0.0,0.0,0.0,0.0,0.0,0.0,0.0,0.0,0.0,0.0,0.0,0.0,0.0,0.0,8.0,2.0,1.0
1391,11.607926200000021,0,8.4388,1.868,2.3581,1.8242,0.2068,0.0031,0.0087,0.0002,0.0312,0.0464,0.0021,0.0008,0.0108,0.0002,0.0018,0.0016,0.0001,0.0001,0.008,0.0013,0.0005,0.0,0.004,0.0902,0.0225,0.0,0.0144,0.0,155.0,0.0,92.0,63.0,89.0,0.0,0.0,0.0,0.0,0.0,0.0,0.0,0.0,0.0,0.0,0.0,0.0,0.0,0.0,0.0,0.0,0.0,0.0,8.0,2.0,1.0
1392,11.616365000000021,0,8.1505,1.881,2.3519,1.7182,0.2112,0.003,0.0086,0.0002,0.041,0.0547,0.002,0.0007,0.0102,0.0001,0.0013,0.002,0.0001,0.0001,0.0078,0.0018,0.0004,0.0,0.0033,0.096,0.0222,0.0001,0.0124,0.0,155.0,0.0,92.0,63.0,89.0,0.0,0.0,0.0,0.0,0.0,0.0,0.0,0.0,0.0,0.0,0.0,0.0,0.0,0.0,0.0,0.0,0.0,0.0,8.0,2.0,1.0
1393,11.62451550000002,0,8.5963,1.9209,2.2886,1.7969,0.2397,0.0036,0.0099,0.0002,0.0449,0.0621,0.0035,0.0012,0.0141,0.0004,0.0016,0.0025,0.0001,0.0001,0.0083,0.0017,0.0006,0.0001,0.0039,0.1128,0.0286,0.0001,0.0126,0.0,155.0,0.0,92.0,63.0,89.0,0.0,0.0,0.0,0.0,0.0,0.0,0.0,0.0,0.0,0.0,0.0,0.0,0.0,0.0,0.0,0.0,0.0,0.0,8.0,2.0,1.0
1394,11.633111800000021,0,8.3325,2.006,2.4631,1.8663,0.2166,0.0029,0.0088,0.0002,0.0402,0.0548,0.0032,0.0007,0.0121,0.0002,0.0013,0.0021,0.0001,0.0001,0.008,0.0012,0.0005,0.0001,0.0037,0.0993,0.02,0.0,0.0157,0.0,155.0,0.0,92.0,63.0,89.0,0.0,0.0,0.0,0.0,0.0,0.0,0.0,0.0,0.0,0.0,0.0,0.0,0.0,0.0,0.0,0.0,0.0,0.0,8.0,2.0,1.0
1395,11.641444300000021,0,8.0361,1.9029,2.3268,1.8179,0.208,0.0027,0.0087,0.0,0.0372,0.0509,0.0028,0.001,0.0132,0.0001,0.002,0.0022,0.0001,0.0002,0.0083,0.0018,0.0005,0.0001,0.0036,0.1023,0.0246,0.0,0.0126,0.0,155.0,0.0,92.0,63.0,87.0,0.0,0.0,0.0,0.0,0.0,0.0,0.0,0.0,0.0,0.0,0.0,0.0,0.0,0.0,0.0,0.0,0.0,0.0,8.0,2.0,1.0
1396,11.649480400000021,0,8.2541,1.9751,2.1487,1.7251,0.1878,0.0028,0.0083,0.0001,0.0377,0.0506,0.0021,0.0007,0.0093,0.0001,0.0012,0.0014,0.0001,0.0001,0.0078,0.0011,0.0005,0.0,0.0031,0.0881,0.024,0.0,0.0121,0.0,155.0,0.0,92.0,63.0,87.0,0.0,0.0,0.0,0.0,0.0,0.0,0.0,0.0,0.0,0.0,0.0,0.0,0.0,0.0,0.0,0.0,0.0,0.0,8.0,2.0,1.0
1397,11.657734500000021,0,8.4644,1.8228,2.2198,1.8441,0.2202,0.0033,0.0096,0.0001,0.0457,0.0609,0.0026,0.0008,0.0112,0.0001,0.0016,0.0019,0.0002,0.0001,0.0091,0.0014,0.0007,0.0001,0.004,0.1086,0.0229,0.0,0.0107,0.0,155.0,0.0,92.0,63.0,87.0,0.0,0.0,0.0,0.0,0.0,0.0,0.0,0.0,0.0,0.0,0.0,0.0,0.0,0.0,0.0,0.0,0.0,0.0,8.0,2.0,1.0
1398,11.66619890000002,0,8.4585,1.8532,2.3509,1.7847,0.2205,0.0032,0.0093,0.0002,0.0463,0.0615,0.002,0.0009,0.0106,0.0002,0.0016,0.0021,0.0001,0.0001,0.0078,0.0011,0.0005,0.0001,0.0032,0.1036,0.0217,0.0,0.0139,0.0,155.0,0.0,92.0,63.0,87.0,0.0,0.0,0.0,0.0,0.0,0.0,0.0,0.0,0.0,0.0,0.0,0.0,0.0,0.0,0.0,0.0,0.0,0.0,8.0,2.0,1.0
1399,11.67465740000002,0,8.1005,1.935,2.2149,1.7985,0.1949,0.0026,0.0061,0.0002,0.0359,0.0474,0.003,0.0009,0.0126,0.0002,0.0024,0.0021,0.0001,0.0002,0.0082,0.0013,0.0005,0.0001,0.004,0.0938,0.0227,0.0001,0.0127,0.0,155.0,0.0,92.0,63.0,87.0,0.0,0.0,0.0,0.0,0.0,0.0,0.0,0.0,0.0,0.0,0.0,0.0,0.0,0.0,0.0,0.0,0.0,0.0,8.0,2.0,1.0
1400,11.68275790000002,0,8.672,1.9863,2.2871,1.6767,0.2344,0.0037,0.0096,0.0003,0.0591,0.075,0.0023,0.0007,0.011,0.0002,0.0021,0.0025,0.0001,0.0003,0.0098,0.0018,0.0006,0.0,0.0031,0.1203,0.0257,0.0,0.0152,0.0,155.0,0.0,92.0,63.0,87.0,0.0,0.0,0.0,0.0,0.0,0.0,0.0,0.0,0.0,0.0,0.0,0.0,0.0,0.0,0.0,0.0,0.0,0.0,8.0,2.0,1.0
1401,11.69142990000002,0,8.0953,1.8815,2.4066,1.7356,0.2378,0.0034,0.009,0.0001,0.0424,0.0572,0.0022,0.0006,0.0115,0.0002,0.0016,0.0021,0.0001,0.0001,0.0096,0.0015,0.0005,0.0001,0.0031,0.1084,0.025,0.0,0.0146,0.0,155.0,0.0,92.0,63.0,85.0,0.0,0.0,0.0,0.0,0.0,0.0,0.0,0.0,0.0,0.0,0.0,0.0,0.0,0.0,0.0,0.0,0.0,0.0,8.0,2.0,1.0
1402,11.699525200000021,0,8.3763,1.8656,2.1402,1.7572,0.2103,0.0028,0.0077,0.0001,0.0482,0.0608,0.0024,0.0008,0.013,0.0007,0.0014,0.0015,0.0001,0.0001,0.008,0.0014,0.0005,0.0002,0.0037,0.1077,0.021,0.0,0.0126,0.0,155.0,0.0,92.0,63.0,85.0,0.0,0.0,0.0,0.0,0.0,0.0,0.0,0.0,0.0,0.0,0.0,0.0,0.0,0.0,0.0,0.0,0.0,0.0,8.0,2.0,1.0
1403,11.707901500000021,0,8.1051,1.8839,2.1559,1.7724,0.1904,0.0031,0.0081,0.0001,0.0302,0.0436,0.0027,0.0007,0.01,0.0001,0.0013,0.0021,0.0001,0.0001,0.0079,0.0018,0.0005,0.0,0.0037,0.086,0.0261,0.0001,0.0151,0.0,155.0,0.0,92.0,63.0,85.0,0.0,0.0,0.0,0.0,0.0,0.0,0.0,0.0,0.0,0.0,0.0,0.0,0.0,0.0,0.0,0.0,0.0,0.0,8.0,2.0,1.0
1404,11.716006600000021,0,8.8058,1.7994,2.3323,1.8164,0.2318,0.0035,0.0097,0.0002,0.0446,0.0611,0.0024,0.0009,0.0113,0.0001,0.0016,0.0023,0.0001,0.0001,0.0087,0.0016,0.0004,0.0001,0.0037,0.1065,0.0247,0.0001,0.0141,0.0,155.0,0.0,92.0,63.0,85.0,0.0,0.0,0.0,0.0,0.0,0.0,0.0,0.0,0.0,0.0,0.0,0.0,0.0,0.0,0.0,0.0,0.0,0.0,8.0,2.0,1.0
1405,11.72481240000002,0,8.1208,1.9963,2.2938,1.9501,0.2188,0.0035,0.0089,0.0001,0.0386,0.0535,0.002,0.0008,0.0114,0.0002,0.0023,0.002,0.0001,0.0001,0.0103,0.0014,0.0005,0.0001,0.0032,0.1,0.0338,0.0,0.0133,0.0,155.0,0.0,92.0,63.0,85.0,0.0,0.0,0.0,0.0,0.0,0.0,0.0,0.0,0.0,0.0,0.0,0.0,0.0,0.0,0.0,0.0,0.0,0.0,8.0,2.0,1.0
1406,11.732933200000021,0,8.6714,2.0792,2.7475,2.0221,0.2392,0.0031,0.0087,0.0002,0.0498,0.0652,0.0022,0.0009,0.0121,0.0002,0.0022,0.0022,0.0001,0.0002,0.0096,0.0013,0.0005,0.0001,0.0035,0.1121,0.0264,0.0,0.0155,0.0,155.0,0.0,92.0,63.0,85.0,0.0,0.0,0.0,0.0,0.0,0.0,0.0,0.0,0.0,0.0,0.0,0.0,0.0,0.0,0.0,0.0,0.0,0.0,8.0,2.0,1.0
1407,11.741604600000022,0,8.2407,2.1471,2.4425,2.0874,0.2266,0.0036,0.0101,0.0003,0.033,0.0502,0.003,0.0011,0.014,0.0003,0.0016,0.0024,0.0002,0.0001,0.0086,0.0015,0.0005,0.0,0.0038,0.1,0.0259,0.0,0.0148,0.0,155.0,0.0,92.0,63.0,84.0,0.0,0.0,0.0,0.0,0.0,0.0,0.0,0.0,0.0,0.0,0.0,0.0,0.0,0.0,0.0,0.0,0.0,0.0,8.0,2.0,1.0
1408,11.749845300000022,0,8.2852,1.9528,2.49,1.8587,0.2303,0.0042,0.0098,0.0003,0.0455,0.063,0.0024,0.0008,0.0109,0.0002,0.0017,0.0022,0.0001,0.0001,0.0086,0.0018,0.0005,0.0001,0.0041,0.1097,0.0222,0.0,0.0137,0.0,155.0,0.0,92.0,63.0,84.0,0.0,0.0,0.0,0.0,0.0,0.0,0.0,0.0,0.0,0.0,0.0,0.0,0.0,0.0,0.0,0.0,0.0,0.0,8.0,2.0,1.0
1409,11.758130500000021,0,8.5314,1.9704,2.7463,1.8768,0.2613,0.0035,0.0084,0.0002,0.0435,0.0592,0.0036,0.0016,0.0164,0.0002,0.0028,0.0023,0.0001,0.0001,0.0104,0.0016,0.0005,0.0002,0.0063,0.1228,0.0378,0.0,0.0133,0.0,155.0,0.0,92.0,63.0,84.0,0.0,0.0,0.0,0.0,0.0,0.0,0.0,0.0,0.0,0.0,0.0,0.0,0.0,0.0,0.0,0.0,0.0,0.0,8.0,2.0,1.0
1410,11.766661900000022,0,8.0602,2.0061,2.4241,1.9746,0.2403,0.0033,0.01,0.0003,0.0518,0.0681,0.0028,0.0011,0.0122,0.0002,0.002,0.0018,0.0001,0.0001,0.0095,0.0021,0.0008,0.0001,0.0039,0.1172,0.0234,0.0001,0.0116,0.0,155.0,0.0,92.0,63.0,84.0,0.0,0.0,0.0,0.0,0.0,0.0,0.0,0.0,0.0,0.0,0.0,0.0,0.0,0.0,0.0,0.0,0.0,0.0,8.0,2.0,1.0
1411,11.774722100000021,0,8.4539,2.0819,2.4626,1.8519,0.2229,0.0041,0.0111,0.0002,0.0388,0.0567,0.0028,0.001,0.0112,0.0001,0.0014,0.0015,0.0001,0.0001,0.009,0.0014,0.0005,0.0006,0.0038,0.1018,0.0226,0.0001,0.0133,0.0,155.0,0.0,92.0,63.0,84.0,0.0,0.0,0.0,0.0,0.0,0.0,0.0,0.0,0.0,0.0,0.0,0.0,0.0,0.0,0.0,0.0,0.0,0.0,8.0,2.0,1.0
1412,11.78317600000002,0,8.3044,1.9786,2.5804,1.8739,0.232,0.0038,0.0094,0.0003,0.0463,0.0627,0.0029,0.0008,0.0122,0.0001,0.0021,0.0017,0.0002,0.0001,0.0089,0.0014,0.0005,0.0002,0.0036,0.1095,0.0234,0.0,0.0121,0.0,155.0,0.0,92.0,63.0,84.0,0.0,0.0,0.0,0.0,0.0,0.0,0.0,0.0,0.0,0.0,0.0,0.0,0.0,0.0,0.0,0.0,0.0,0.0,8.0,2.0,1.0
1413,11.79148040000002,0,8.3968,2.3915,2.4345,2.3221,0.2648,0.0037,0.0085,0.0002,0.0483,0.0642,0.0032,0.0009,0.0131,0.0001,0.0015,0.0014,0.0001,0.0001,0.0082,0.0014,0.0004,0.0,0.0057,0.1153,0.0379,0.0,0.013,0.0,155.0,0.0,92.0,63.0,84.0,0.0,0.0,0.0,0.0,0.0,0.0,0.0,0.0,0.0,0.0,0.0,0.0,0.0,0.0,0.0,0.0,0.0,0.0,8.0,2.0,1.0
1414,11.79987720000002,0,8.2445,2.006,2.6869,1.924,0.2226,0.0033,0.0085,0.0002,0.0475,0.0624,0.002,0.001,0.0111,0.0001,0.0022,0.0017,0.0001,0.0001,0.0087,0.0013,0.0006,0.0,0.0034,0.1066,0.0236,0.0,0.0125,0.0,155.0,0.0,92.0,63.0,84.0,0.0,0.0,0.0,0.0,0.0,0.0,0.0,0.0,0.0,0.0,0.0,0.0,0.0,0.0,0.0,0.0,0.0,0.0,8.0,2.0,1.0
1415,11.80812170000002,0,8.3104,1.9526,2.4934,1.8305,0.2184,0.0037,0.009,0.0002,0.0341,0.0503,0.0023,0.0009,0.0114,0.0002,0.0015,0.0024,0.0001,0.0002,0.0087,0.0019,0.0006,0.0001,0.0042,0.0982,0.0238,0.0,0.0123,0.0,155.0,0.0,92.0,63.0,84.0,0.0,0.0,0.0,0.0,0.0,0.0,0.0,0.0,0.0,0.0,0.0,0.0,0.0,0.0,0.0,0.0,0.0,0.0,8.0,2.0,1.0
1416,11.81643210000002,0,8.4571,1.9961,2.5566,1.8453,0.254,0.004,0.013,0.0002,0.0636,0.0835,0.0023,0.0005,0.011,0.0002,0.0017,0.0022,0.0001,0.0001,0.0081,0.0017,0.0005,0.0001,0.0037,0.1272,0.0299,0.0001,0.0126,0.0,155.0,0.0,92.0,63.0,84.0,0.0,0.0,0.0,0.0,0.0,0.0,0.0,0.0,0.0,0.0,0.0,0.0,0.0,0.0,0.0,0.0,0.0,0.0,8.0,2.0,1.0
1417,11.824889200000019,0,8.309,2.2369,2.5646,1.9788,0.2581,0.0035,0.0104,0.0001,0.0428,0.0601,0.002,0.0008,0.0122,0.0001,0.0015,0.0023,0.0001,0.0002,0.0086,0.0019,0.0006,0.0001,0.003,0.1112,0.0377,0.0,0.0133,0.0,155.0,0.0,92.0,63.0,84.0,0.0,0.0,0.0,0.0,0.0,0.0,0.0,0.0,0.0,0.0,0.0,0.0,0.0,0.0,0.0,0.0,0.0,0.0,8.0,2.0,1.0
1418,11.83319820000002,0,8.1338,2.026,2.4641,1.9065,0.2336,0.0035,0.0095,0.0002,0.0426,0.0586,0.0027,0.0009,0.0111,0.0001,0.0019,0.0017,0.0001,0.0001,0.009,0.0012,0.0005,0.0001,0.0033,0.1019,0.0238,0.0001,0.0108,0.0,155.0,0.0,92.0,63.0,84.0,0.0,0.0,0.0,0.0,0.0,0.0,0.0,0.0,0.0,0.0,0.0,0.0,0.0,0.0,0.0,0.0,0.0,0.0,8.0,2.0,1.0
1419,11.841332000000019,0,8.6269,2.1102,2.531,1.975,0.2023,0.0038,0.0092,0.0003,0.0304,0.0459,0.0021,0.001,0.01,0.0002,0.0016,0.0021,0.0002,0.0001,0.0085,0.0018,0.0005,0.0001,0.0032,0.0883,0.0216,0.0,0.0129,0.0,155.0,0.0,92.0,63.0,84.0,0.0,0.0,0.0,0.0,0.0,0.0,0.0,0.0,0.0,0.0,0.0,0.0,0.0,0.0,0.0,0.0,0.0,0.0,8.0,2.0,1.0
1420,11.849958900000019,0,8.3139,2.027,2.7434,1.8453,0.3064,0.0045,0.0131,0.0003,0.055,0.076,0.003,0.0012,0.0141,0.0002,0.0026,0.002,0.0001,0.0001,0.0091,0.0018,0.0005,0.0001,0.0036,0.1289,0.0303,0.0,0.0133,0.0,155.0,0.0,92.0,63.0,84.0,0.0,0.0,0.0,0.0,0.0,0.0,0.0,0.0,0.0,0.0,0.0,0.0,0.0,0.0,0.0,0.0,0.0,0.0,8.0,2.0,1.0
1421,11.858272800000018,0,8.2463,1.9779,2.5288,1.8319,0.2338,0.0034,0.0098,0.0002,0.0361,0.0524,0.0035,0.0014,0.0129,0.0001,0.0024,0.0026,0.0002,0.0002,0.0096,0.0013,0.0006,0.0002,0.0033,0.1008,0.0251,0.0,0.0118,0.0,155.0,0.0,92.0,63.0,84.0,0.0,0.0,0.0,0.0,0.0,0.0,0.0,0.0,0.0,0.0,0.0,0.0,0.0,0.0,0.0,0.0,0.0,0.0,8.0,2.0,1.0
1422,11.866519100000017,0,8.3222,1.9286,2.5167,1.8506,0.2244,0.0037,0.0095,0.0003,0.0487,0.0649,0.0022,0.0009,0.0104,0.0002,0.0017,0.0022,0.0001,0.0002,0.0095,0.0014,0.0004,0.0001,0.0037,0.11,0.0214,0.0,0.0116,0.0,155.0,0.0,92.0,63.0,84.0,0.0,0.0,0.0,0.0,0.0,0.0,0.0,0.0,0.0,0.0,0.0,0.0,0.0,0.0,0.0,0.0,0.0,0.0,8.0,2.0,1.0
1423,11.874841300000018,0,8.1825,1.9038,2.4097,1.8922,0.2051,0.0035,0.0083,0.0002,0.0337,0.0486,0.0021,0.001,0.0101,0.0004,0.0016,0.0021,0.0001,0.0002,0.0078,0.0017,0.0005,0.0001,0.0032,0.0907,0.0215,0.0001,0.0127,0.0,155.0,0.0,92.0,63.0,84.0,0.0,0.0,0.0,0.0,0.0,0.0,0.0,0.0,0.0,0.0,0.0,0.0,0.0,0.0,0.0,0.0,0.0,0.0,8.0,2.0,1.0
1424,11.883023800000018,0,8.2035,2.0177,2.3447,1.8188,0.2078,0.0027,0.0078,0.0002,0.039,0.0521,0.0021,0.001,0.0114,0.0001,0.0014,0.0017,0.0001,0.0002,0.0088,0.0013,0.0005,0.0005,0.0033,0.0967,0.0262,0.0001,0.0131,0.0,155.0,0.0,92.0,63.0,84.0,0.0,0.0,0.0,0.0,0.0,0.0,0.0,0.0,0.0,0.0,0.0,0.0,0.0,0.0,0.0,0.0,0.0,0.0,8.0,2.0,1.0
1425,11.891227300000018,0,8.371,1.859,2.2667,1.6933,0.217,0.003,0.0084,0.0002,0.0335,0.048,0.0026,0.0008,0.0117,0.0002,0.0024,0.0019,0.0001,0.0002,0.0096,0.0013,0.0006,0.0001,0.0038,0.0977,0.0274,0.0,0.013,0.0,155.0,0.0,92.0,63.0,84.0,0.0,0.0,0.0,0.0,0.0,0.0,0.0,0.0,0.0,0.0,0.0,0.0,0.0,0.0,0.0,0.0,0.0,0.0,8.0,2.0,1.0
1426,11.899598300000019,0,8.3054,1.9428,2.3829,1.8818,0.267,0.0028,0.0072,0.0002,0.0531,0.0657,0.0037,0.001,0.0161,0.0005,0.0023,0.0022,0.0001,0.0001,0.0102,0.002,0.0006,0.0001,0.007,0.1336,0.0394,0.0001,0.0128,0.0,155.0,0.0,92.0,63.0,84.0,0.0,0.0,0.0,0.0,0.0,0.0,0.0,0.0,0.0,0.0,0.0,0.0,0.0,0.0,0.0,0.0,0.0,0.0,8.0,2.0,1.0
1427,11.907903700000018,0,8.3008,1.7956,2.1659,1.7781,0.1967,0.003,0.009,0.0002,0.0284,0.0429,0.0028,0.0011,0.0119,0.0002,0.0015,0.0021,0.0001,0.0001,0.0093,0.0014,0.0005,0.0001,0.0037,0.0884,0.0235,0.0,0.0136,0.0,155.0,0.0,92.0,63.0,84.0,0.0,0.0,0.0,0.0,0.0,0.0,0.0,0.0,0.0,0.0,0.0,0.0,0.0,0.0,0.0,0.0,0.0,0.0,8.0,2.0,1.0
1428,11.916204500000019,0,8.3227,1.8259,2.2043,1.7325,0.2028,0.0029,0.0093,0.0002,0.0397,0.0545,0.0027,0.0008,0.0104,0.0002,0.0013,0.0019,0.0,0.0001,0.0085,0.0016,0.0004,0.0001,0.0035,0.0962,0.0243,0.0,0.0134,0.0,155.0,0.0,92.0,63.0,84.0,0.0,0.0,0.0,0.0,0.0,0.0,0.0,0.0,0.0,0.0,0.0,0.0,0.0,0.0,0.0,0.0,0.0,0.0,8.0,2.0,1.0
1429,11.92452720000002,0,8.2504,1.9445,2.2022,1.743,0.1887,0.0026,0.0072,0.0002,0.0304,0.0423,0.0022,0.0008,0.0098,0.0001,0.0014,0.0017,0.0001,0.0001,0.0086,0.0016,0.0004,0.0001,0.0031,0.0849,0.0228,0.0,0.0118,0.0,155.0,0.0,92.0,63.0,84.0,0.0,0.0,0.0,0.0,0.0,0.0,0.0,0.0,0.0,0.0,0.0,0.0,0.0,0.0,0.0,0.0,0.0,0.0,8.0,2.0,1.0
1430,11.93277760000002,0,8.461,1.9185,2.3063,1.7561,0.3392,0.0029,0.0085,0.0001,0.1705,0.185,0.0036,0.0012,0.0153,0.0002,0.0017,0.0016,0.0001,0.0001,0.0092,0.0014,0.0004,0.0005,0.0035,0.2337,0.0239,0.0001,0.0143,0.0,155.0,0.0,92.0,63.0,84.0,0.0,0.0,0.0,0.0,0.0,0.0,0.0,0.0,0.0,0.0,0.0,0.0,0.0,0.0,0.0,0.0,0.0,0.0,8.0,2.0,1.0
1431,11.94123860000002,0,8.1744,1.8722,2.1505,1.719,0.1992,0.0037,0.0096,0.0007,0.0269,0.0438,0.0027,0.0008,0.0122,0.0001,0.0015,0.0015,0.0,0.0002,0.0073,0.0013,0.001,0.0,0.0035,0.0853,0.0221,0.0,0.0137,0.0,155.0,0.0,92.0,63.0,84.0,0.0,0.0,0.0,0.0,0.0,0.0,0.0,0.0,0.0,0.0,0.0,0.0,0.0,0.0,0.0,0.0,0.0,0.0,8.0,2.0,1.0
1432,11.94941300000002,0,8.2921,1.9212,2.0178,1.766,0.178,0.0023,0.0078,0.0001,0.0373,0.0496,0.0023,0.0006,0.0087,0.0002,0.0012,0.0012,0.0002,0.0001,0.0069,0.0011,0.0009,0.0001,0.0031,0.0849,0.0218,0.0001,0.0119,0.0,155.0,0.0,92.0,63.0,84.0,0.0,0.0,0.0,0.0,0.0,0.0,0.0,0.0,0.0,0.0,0.0,0.0,0.0,0.0,0.0,0.0,0.0,0.0,8.0,2.0,1.0
1433,11.95770510000002,0,8.519,1.9701,2.2779,1.7589,0.2189,0.0038,0.0101,0.0002,0.0322,0.0488,0.0024,0.0007,0.0117,0.0001,0.0024,0.0016,0.0001,0.0001,0.0107,0.0014,0.0006,0.0001,0.0036,0.0989,0.0269,0.0,0.0127,0.0,155.0,0.0,92.0,63.0,84.0,0.0,0.0,0.0,0.0,0.0,0.0,0.0,0.0,0.0,0.0,0.0,0.0,0.0,0.0,0.0,0.0,0.0,0.0,8.0,2.0,1.0
1434,11.96622410000002,0,8.4424,1.968,2.2475,1.8908,0.2191,0.0025,0.0085,0.0002,0.0493,0.0624,0.0033,0.0009,0.0129,0.0002,0.0019,0.0019,0.0002,0.0002,0.0113,0.0018,0.0004,0.0001,0.0047,0.1171,0.0203,0.0001,0.0116,0.0,155.0,0.0,92.0,63.0,84.0,0.0,0.0,0.0,0.0,0.0,0.0,0.0,0.0,0.0,0.0,0.0,0.0,0.0,0.0,0.0,0.0,0.0,0.0,8.0,2.0,1.0
1435,11.97466650000002,0,8.2069,1.8819,2.2714,1.7991,0.2036,0.0032,0.0075,0.0001,0.0336,0.0463,0.0024,0.0007,0.0121,0.0001,0.0016,0.0017,0.0001,0.0002,0.0101,0.0017,0.0005,0.0,0.0048,0.095,0.0292,0.0,0.0141,0.0,155.0,0.0,92.0,63.0,84.0,0.0,0.0,0.0,0.0,0.0,0.0,0.0,0.0,0.0,0.0,0.0,0.0,0.0,0.0,0.0,0.0,0.0,0.0,8.0,2.0,1.0
1436,11.982873400000019,0,8.3649,1.8687,2.3067,1.8302,0.2095,0.0029,0.009,0.0001,0.0455,0.0597,0.0019,0.001,0.0098,0.0002,0.0019,0.0021,0.0001,0.0001,0.0078,0.0017,0.0005,0.0,0.0032,0.101,0.024,0.0001,0.0132,0.0,155.0,0.0,92.0,63.0,84.0,0.0,0.0,0.0,0.0,0.0,0.0,0.0,0.0,0.0,0.0,0.0,0.0,0.0,0.0,0.0,0.0,0.0,0.0,8.0,2.0,1.0
1437,11.991238300000019,0,8.1988,2.0144,2.1739,1.7462,0.1891,0.0029,0.0078,0.0002,0.0317,0.0448,0.0023,0.0008,0.0098,0.0002,0.0017,0.0016,0.0001,0.0001,0.0085,0.0011,0.0004,0.0001,0.0033,0.085,0.0233,0.0001,0.0134,0.0,155.0,0.0,92.0,63.0,84.0,0.0,0.0,0.0,0.0,0.0,0.0,0.0,0.0,0.0,0.0,0.0,0.0,0.0,0.0,0.0,0.0,0.0,0.0,8.0,2.0,1.0
1438,11.99943710000002,0,8.6335,1.9132,2.3405,1.7787,0.2128,0.0029,0.0083,0.0002,0.0427,0.0567,0.002,0.0007,0.0103,0.0001,0.0014,0.0019,0.0001,0.0001,0.0082,0.0013,0.0005,0.0001,0.0031,0.0975,0.0223,0.0,0.0128,0.0,155.0,0.0,92.0,63.0,84.0,0.0,0.0,0.0,0.0,0.0,0.0,0.0,0.0,0.0,0.0,0.0,0.0,0.0,0.0,0.0,0.0,0.0,0.0,8.0,2.0,1.0
1439,12.00807060000002,0,8.1259,1.9547,2.3982,1.9174,0.2081,0.0027,0.0059,0.0002,0.0396,0.0505,0.0029,0.0007,0.0115,0.0001,0.0023,0.0016,0.0001,0.0001,0.0084,0.0012,0.0005,0.0001,0.0031,0.0989,0.0205,0.0,0.0137,0.0,155.0,0.0,92.0,63.0,84.0,0.0,0.0,0.0,0.0,0.0,0.0,0.0,0.0,0.0,0.0,0.0,0.0,0.0,0.0,0.0,0.0,0.0,0.0,8.0,2.0,1.0
1440,12.016196500000019,0,8.414,1.8876,2.0971,1.7596,0.211,0.0028,0.0088,0.0001,0.0396,0.0533,0.0024,0.0008,0.0102,0.0002,0.0014,0.0018,0.0001,0.0002,0.0077,0.0012,0.0004,0.0,0.0037,0.0962,0.0289,0.0001,0.0114,0.0,155.0,0.0,92.0,63.0,84.0,0.0,0.0,0.0,0.0,0.0,0.0,0.0,0.0,0.0,0.0,0.0,0.0,0.0,0.0,0.0,0.0,0.0,0.0,8.0,2.0,1.0
1441,12.02461050000002,0,8.4372,1.8826,2.3872,1.7103,0.2173,0.0037,0.0101,0.0001,0.0353,0.0516,0.0022,0.0008,0.012,0.0001,0.0013,0.0018,0.0001,0.0002,0.0091,0.0017,0.0007,0.0001,0.004,0.0978,0.0265,0.0,0.0138,0.0,155.0,0.0,92.0,63.0,84.0,0.0,0.0,0.0,0.0,0.0,0.0,0.0,0.0,0.0,0.0,0.0,0.0,0.0,0.0,0.0,0.0,0.0,0.0,8.0,2.0,1.0
1442,12.033047700000019,0,8.3184,1.9796,2.3577,1.8163,0.219,0.0036,0.0086,0.0002,0.046,0.061,0.0021,0.0008,0.0098,0.0001,0.0015,0.0023,0.0,0.0001,0.0088,0.0015,0.0005,0.0001,0.004,0.1057,0.0227,0.0001,0.0128,0.0,155.0,0.0,92.0,63.0,84.0,0.0,0.0,0.0,0.0,0.0,0.0,0.0,0.0,0.0,0.0,0.0,0.0,0.0,0.0,0.0,0.0,0.0,0.0,8.0,2.0,1.0
1443,12.041366100000019,0,8.0663,2.3276,2.3432,1.7099,0.1993,0.0038,0.009,0.0002,0.0261,0.0412,0.003,0.001,0.0123,0.0001,0.0016,0.0023,0.0001,0.0002,0.011,0.002,0.0005,0.0,0.0049,0.093,0.0269,0.0001,0.0111,0.0,155.0,0.0,92.0,63.0,84.0,0.0,0.0,0.0,0.0,0.0,0.0,0.0,0.0,0.0,0.0,0.0,0.0,0.0,0.0,0.0,0.0,0.0,0.0,8.0,2.0,1.0
1444,12.049432400000018,0,8.369,1.8121,2.2211,1.7452,0.2096,0.0034,0.0085,0.0007,0.041,0.0556,0.0023,0.0007,0.0105,0.0002,0.0018,0.0016,0.0,0.0003,0.0083,0.0014,0.0005,0.0001,0.0038,0.0981,0.0245,0.0001,0.0135,0.0,155.0,0.0,92.0,63.0,84.0,0.0,0.0,0.0,0.0,0.0,0.0,0.0,0.0,0.0,0.0,0.0,0.0,0.0,0.0,0.0,0.0,0.0,0.0,8.0,2.0,1.0
1445,12.057801400000018,0,8.5675,1.7916,2.2378,1.8888,0.2227,0.0031,0.0097,0.0003,0.0485,0.0643,0.0028,0.0006,0.0124,0.0002,0.0016,0.0021,0.0001,0.0002,0.0086,0.0016,0.0005,0.0001,0.0033,0.1083,0.0222,0.0001,0.0134,0.0,155.0,0.0,92.0,63.0,84.0,0.0,0.0,0.0,0.0,0.0,0.0,0.0,0.0,0.0,0.0,0.0,0.0,0.0,0.0,0.0,0.0,0.0,0.0,8.0,2.0,1.0
1446,12.066368900000018,0,8.3782,1.9785,2.4114,1.7456,0.2691,0.0025,0.0079,0.0002,0.06,0.0736,0.0034,0.0017,0.0162,0.0002,0.0027,0.002,0.0003,0.0001,0.0095,0.0019,0.0005,0.0001,0.0067,0.1368,0.0391,0.0001,0.0134,0.0,155.0,0.0,92.0,63.0,84.0,0.0,0.0,0.0,0.0,0.0,0.0,0.0,0.0,0.0,0.0,0.0,0.0,0.0,0.0,0.0,0.0,0.0,0.0,8.0,2.0,1.0
1447,12.074747100000017,0,8.433,2.16,2.5812,2.122,0.1958,0.0031,0.008,0.0002,0.0306,0.0442,0.002,0.0009,0.0097,0.0002,0.0019,0.0018,0.0004,0.0002,0.0082,0.0012,0.0005,0.0001,0.0032,0.0859,0.0218,0.0001,0.0124,0.0,155.0,0.0,92.0,63.0,84.0,0.0,0.0,0.0,0.0,0.0,0.0,0.0,0.0,0.0,0.0,0.0,0.0,0.0,0.0,0.0,0.0,0.0,0.0,8.0,2.0,1.0
1448,12.083180100000018,0,8.1164,2.2414,2.4011,1.9618,0.2585,0.0032,0.0097,0.0002,0.0521,0.0676,0.0034,0.001,0.0138,0.0001,0.0019,0.0015,0.0001,0.0001,0.0091,0.0014,0.0006,0.0001,0.0062,0.1221,0.0426,0.0,0.0126,0.0,155.0,0.0,92.0,63.0,84.0,0.0,0.0,0.0,0.0,0.0,0.0,0.0,0.0,0.0,0.0,0.0,0.0,0.0,0.0,0.0,0.0,0.0,0.0,8.0,2.0,1.0
1449,12.091296500000018,0,8.371,2.0371,2.317,1.9815,0.2368,0.0033,0.0085,0.0003,0.0568,0.0716,0.0028,0.0012,0.0149,0.0002,0.0021,0.0023,0.0002,0.0001,0.0102,0.0017,0.0009,0.0001,0.0046,0.1254,0.0246,0.0,0.0129,0.0,155.0,0.0,92.0,63.0,84.0,0.0,0.0,0.0,0.0,0.0,0.0,0.0,0.0,0.0,0.0,0.0,0.0,0.0,0.0,0.0,0.0,0.0,0.0,8.0,2.0,1.0
1450,12.099667500000018,0,8.2759,1.8788,2.4052,1.7952,0.339,0.0026,0.0079,0.0003,0.1682,0.1819,0.0027,0.0011,0.0123,0.0001,0.0018,0.0021,0.0001,0.0001,0.0087,0.0017,0.0005,0.0002,0.0037,0.2285,0.0242,0.0,0.012,0.0,155.0,0.0,92.0,63.0,84.0,0.0,0.0,0.0,0.0,0.0,0.0,0.0,0.0,0.0,0.0,0.0,0.0,0.0,0.0,0.0,0.0,0.0,0.0,8.0,2.0,1.0
1451,12.107943400000018,0,8.2662,1.9705,2.2113,1.8147,0.1887,0.0025,0.0072,0.0006,0.0315,0.0436,0.0022,0.0008,0.0101,0.0001,0.0022,0.0015,0.0,0.0001,0.0095,0.0012,0.001,0.0001,0.003,0.0855,0.0229,0.0001,0.0149,0.0,155.0,0.0,92.0,63.0,84.0,0.0,0.0,0.0,0.0,0.0,0.0,0.0,0.0,0.0,0.0,0.0,0.0,0.0,0.0,0.0,0.0,0.0,0.0,8.0,2.0,1.0
1452,12.116209600000017,0,8.1841,1.8961,2.1587,1.7363,0.1843,0.0028,0.008,0.0002,0.0377,0.0504,0.0019,0.0008,0.0091,0.0005,0.0014,0.0016,0.0001,0.0001,0.0085,0.0012,0.0005,0.0001,0.003,0.0901,0.0181,0.0,0.0111,0.0,155.0,0.0,92.0,63.0,84.0,0.0,0.0,0.0,0.0,0.0,0.0,0.0,0.0,0.0,0.0,0.0,0.0,0.0,0.0,0.0,0.0,0.0,0.0,8.0,2.0,1.0
1453,12.124393700000017,0,8.3863,1.8251,2.1123,1.7363,0.2041,0.0035,0.0092,0.0002,0.0301,0.0458,0.0027,0.0007,0.011,0.0002,0.0018,0.0017,0.0001,0.0001,0.0092,0.0013,0.0005,0.0001,0.0037,0.0925,0.0228,0.0001,0.0146,0.0,155.0,0.0,92.0,63.0,84.0,0.0,0.0,0.0,0.0,0.0,0.0,0.0,0.0,0.0,0.0,0.0,0.0,0.0,0.0,0.0,0.0,0.0,0.0,8.0,2.0,1.0
1454,12.132780000000016,0,8.3939,1.8966,2.1598,1.987,0.2049,0.003,0.0086,0.0002,0.0397,0.0535,0.0022,0.0007,0.0102,0.0002,0.0014,0.002,0.0001,0.0001,0.0084,0.0019,0.0005,0.0,0.0035,0.0966,0.0232,0.0,0.0125,0.0,155.0,0.0,92.0,63.0,84.0,0.0,0.0,0.0,0.0,0.0,0.0,0.0,0.0,0.0,0.0,0.0,0.0,0.0,0.0,0.0,0.0,0.0,0.0,8.0,2.0,1.0
1455,12.141173900000016,0,8.3043,1.9794,2.2395,1.9558,0.1906,0.0028,0.0077,0.0002,0.0269,0.0403,0.003,0.001,0.0121,0.0001,0.0022,0.0018,0.0,0.0006,0.0098,0.0018,0.0006,0.0001,0.0046,0.0894,0.0207,0.0001,0.0135,0.0,155.0,0.0,92.0,63.0,84.0,0.0,0.0,0.0,0.0,0.0,0.0,0.0,0.0,0.0,0.0,0.0,0.0,0.0,0.0,0.0,0.0,0.0,0.0,8.0,2.0,1.0
1456,12.149478200000017,0,8.3917,1.8555,2.2022,1.8824,0.1922,0.0027,0.0079,0.0002,0.0422,0.0548,0.0019,0.0008,0.0095,0.0001,0.0013,0.0019,0.0,0.0001,0.0072,0.0011,0.0004,0.0001,0.003,0.0927,0.0219,0.0,0.013,0.0,155.0,0.0,92.0,63.0,84.0,0.0,0.0,0.0,0.0,0.0,0.0,0.0,0.0,0.0,0.0,0.0,0.0,0.0,0.0,0.0,0.0,0.0,0.0,8.0,2.0,1.0
1457,12.157869900000017,0,8.2572,1.9508,2.2304,1.7613,0.2045,0.0026,0.0077,0.0002,0.0307,0.0437,0.0023,0.0009,0.0124,0.0007,0.0014,0.0017,0.0001,0.0002,0.0094,0.0016,0.0006,0.0,0.0048,0.0934,0.0301,0.0001,0.012,0.0,155.0,0.0,92.0,63.0,84.0,0.0,0.0,0.0,0.0,0.0,0.0,0.0,0.0,0.0,0.0,0.0,0.0,0.0,0.0,0.0,0.0,0.0,0.0,8.0,2.0,1.0
1458,12.166127100000017,0,8.6318,2.0733,2.2765,1.8338,0.2801,0.004,0.0096,0.0003,0.0496,0.0665,0.0035,0.001,0.0155,0.0002,0.0021,0.0016,0.0001,0.0001,0.0096,0.0017,0.0011,0.0001,0.0073,0.1335,0.043,0.0001,0.0123,0.0,155.0,0.0,92.0,63.0,82.0,0.0,0.0,0.0,0.0,0.0,0.0,0.0,0.0,0.0,0.0,0.0,0.0,0.0,0.0,0.0,0.0,0.0,0.0,8.0,2.0,1.0
1459,12.174758900000016,0,8.0022,1.9877,2.2562,1.8697,0.1867,0.0032,0.0072,0.0002,0.0295,0.0422,0.0024,0.0011,0.0104,0.0001,0.0016,0.0019,0.0002,0.0001,0.0084,0.0012,0.0005,0.0001,0.0031,0.0852,0.0231,0.0,0.0128,0.0,155.0,0.0,92.0,63.0,82.0,0.0,0.0,0.0,0.0,0.0,0.0,0.0,0.0,0.0,0.0,0.0,0.0,0.0,0.0,0.0,0.0,0.0,0.0,8.0,2.0,1.0
1460,12.182761100000016,0,8.4353,1.8699,2.1958,1.7799,0.2094,0.003,0.0083,0.0002,0.0372,0.0517,0.0023,0.0009,0.0105,0.0001,0.0016,0.0021,0.0001,0.0001,0.0087,0.0014,0.0005,0.0001,0.0036,0.0965,0.0233,0.0,0.0132,0.0,155.0,0.0,92.0,63.0,82.0,0.0,0.0,0.0,0.0,0.0,0.0,0.0,0.0,0.0,0.0,0.0,0.0,0.0,0.0,0.0,0.0,0.0,0.0,8.0,2.0,1.0
1461,12.191196400000017,0,8.2973,1.8945,2.2681,1.7901,0.2482,0.0036,0.0089,0.0002,0.0314,0.0467,0.0021,0.0011,0.0123,0.0001,0.0017,0.0018,0.0001,0.0001,0.0095,0.0013,0.0005,0.0006,0.0037,0.0943,0.0258,0.0001,0.0131,0.0,155.0,0.0,92.0,63.0,82.0,0.0,0.0,0.0,0.0,0.0,0.0,0.0,0.0,0.0,0.0,0.0,0.0,0.0,0.0,0.0,0.0,0.0,0.0,8.0,2.0,1.0
1462,12.199493700000017,0,8.2974,2.12,2.1919,1.8869,0.1986,0.0028,0.0079,0.0002,0.0391,0.0517,0.0024,0.0007,0.0117,0.0002,0.0015,0.0016,0.0001,0.0001,0.0081,0.002,0.0005,0.0001,0.0038,0.0968,0.022,0.0001,0.0131,0.0,155.0,0.0,92.0,63.0,82.0,0.0,0.0,0.0,0.0,0.0,0.0,0.0,0.0,0.0,0.0,0.0,0.0,0.0,0.0,0.0,0.0,0.0,0.0,8.0,2.0,1.0
1463,12.207791100000017,0,8.446,1.9699,2.1621,1.7725,0.2077,0.0029,0.0091,0.0002,0.0385,0.0529,0.0025,0.0007,0.0111,0.0002,0.0017,0.0022,0.0,0.0001,0.0082,0.0015,0.0004,0.0001,0.004,0.0972,0.0254,0.0,0.0138,0.0,155.0,0.0,92.0,63.0,82.0,0.0,0.0,0.0,0.0,0.0,0.0,0.0,0.0,0.0,0.0,0.0,0.0,0.0,0.0,0.0,0.0,0.0,0.0,8.0,2.0,1.0
1464,12.216237100000017,0,8.2023,1.9062,2.2646,1.752,0.2082,0.0036,0.0088,0.0003,0.0429,0.0579,0.0022,0.0007,0.0102,0.0001,0.0014,0.0019,0.0,0.0002,0.0079,0.0016,0.0006,0.0,0.0035,0.0996,0.0255,0.0,0.0131,0.0,155.0,0.0,92.0,63.0,82.0,0.0,0.0,0.0,0.0,0.0,0.0,0.0,0.0,0.0,0.0,0.0,0.0,0.0,0.0,0.0,0.0,0.0,0.0,8.0,2.0,1.0
1465,12.224439400000017,0,8.2273,2.1127,2.0338,1.8394,0.1875,0.0028,0.008,0.0002,0.031,0.0441,0.0018,0.0006,0.0097,0.0001,0.0012,0.0015,0.0001,0.0003,0.008,0.0012,0.0004,0.0001,0.0034,0.0844,0.0237,0.0,0.0138,0.0,155.0,0.0,92.0,63.0,80.0,0.0,0.0,0.0,0.0,0.0,0.0,0.0,0.0,0.0,0.0,0.0,0.0,0.0,0.0,0.0,0.0,0.0,0.0,8.0,2.0,1.0
1466,12.232666700000017,0,8.4112,1.8187,2.0653,1.7487,0.2051,0.0036,0.007,0.0001,0.0406,0.0544,0.002,0.0008,0.0108,0.0001,0.0017,0.0016,0.0,0.0001,0.0085,0.0013,0.0005,0.0001,0.0035,0.0964,0.0245,0.0001,0.0122,0.0,155.0,0.0,92.0,63.0,80.0,0.0,0.0,0.0,0.0,0.0,0.0,0.0,0.0,0.0,0.0,0.0,0.0,0.0,0.0,0.0,0.0,0.0,0.0,8.0,2.0,1.0
1467,12.241077900000016,0,8.3792,1.8914,1.9962,1.8166,0.1896,0.003,0.0071,0.0002,0.0297,0.0425,0.0022,0.0006,0.011,0.0002,0.0017,0.0015,0.0001,0.0004,0.0083,0.0019,0.0008,0.0001,0.0034,0.086,0.0194,0.0001,0.0123,0.0,155.0,0.0,92.0,63.0,80.0,0.0,0.0,0.0,0.0,0.0,0.0,0.0,0.0,0.0,0.0,0.0,0.0,0.0,0.0,0.0,0.0,0.0,0.0,8.0,2.0,1.0
1468,12.249457100000017,0,8.176,2.1116,2.1579,1.7876,0.1889,0.0024,0.0048,0.0001,0.0463,0.0558,0.0023,0.0007,0.0109,0.0001,0.0013,0.0013,0.0004,0.0001,0.0079,0.0013,0.001,0.0001,0.0033,0.098,0.0183,0.0001,0.0122,0.0,155.0,0.0,92.0,63.0,80.0,0.0,0.0,0.0,0.0,0.0,0.0,0.0,0.0,0.0,0.0,0.0,0.0,0.0,0.0,0.0,0.0,0.0,0.0,8.0,2.0,1.0
1469,12.257633100000017,0,8.4864,1.9041,1.9966,1.9004,0.2001,0.0033,0.0069,0.0002,0.0314,0.044,0.0022,0.0007,0.0108,0.0002,0.002,0.0017,0.0001,0.0005,0.0084,0.0013,0.0004,0.0001,0.0034,0.0886,0.023,0.0001,0.0122,0.0,155.0,0.0,92.0,63.0,80.0,0.0,0.0,0.0,0.0,0.0,0.0,0.0,0.0,0.0,0.0,0.0,0.0,0.0,0.0,0.0,0.0,0.0,0.0,8.0,2.0,1.0
1470,12.266119500000018,0,8.4084,2.0432,2.2869,1.7455,0.2185,0.0028,0.007,0.0002,0.0447,0.0578,0.0023,0.0008,0.0131,0.0002,0.0015,0.0021,0.0001,0.0001,0.0082,0.0016,0.0005,0.0,0.0036,0.1048,0.0243,0.0001,0.0123,0.0,155.0,0.0,92.0,63.0,80.0,0.0,0.0,0.0,0.0,0.0,0.0,0.0,0.0,0.0,0.0,0.0,0.0,0.0,0.0,0.0,0.0,0.0,0.0,8.0,2.0,1.0
1471,12.274527900000018,0,8.2919,2.0199,2.2106,1.9011,0.2079,0.0039,0.0073,0.0002,0.0302,0.0445,0.0031,0.0008,0.0128,0.0001,0.0021,0.002,0.0002,0.0002,0.0124,0.0014,0.0009,0.0,0.003,0.094,0.0225,0.0001,0.012,0.0,155.0,0.0,92.0,63.0,80.0,0.0,0.0,0.0,0.0,0.0,0.0,0.0,0.0,0.0,0.0,0.0,0.0,0.0,0.0,0.0,0.0,0.0,0.0,8.0,2.0,1.0
1472,12.282819800000018,0,8.3344,1.8916,2.1439,1.7565,0.2091,0.003,0.0056,0.0002,0.0459,0.0573,0.0024,0.0008,0.0104,0.0001,0.0014,0.0022,0.0,0.0001,0.0075,0.0012,0.0004,0.0001,0.0035,0.0995,0.0239,0.0001,0.012,0.0,155.0,0.0,92.0,63.0,80.0,0.0,0.0,0.0,0.0,0.0,0.0,0.0,0.0,0.0,0.0,0.0,0.0,0.0,0.0,0.0,0.0,0.0,0.0,8.0,2.0,1.0
1473,12.291154200000019,0,8.3988,1.9207,2.1546,1.8566,0.2011,0.0031,0.0069,0.0002,0.0358,0.0484,0.0023,0.0006,0.011,0.0001,0.0017,0.0016,0.0001,0.0002,0.0079,0.0012,0.0004,0.0,0.0037,0.0916,0.0202,0.0,0.0106,0.0,155.0,0.0,92.0,63.0,80.0,0.0,0.0,0.0,0.0,0.0,0.0,0.0,0.0,0.0,0.0,0.0,0.0,0.0,0.0,0.0,0.0,0.0,0.0,8.0,2.0,1.0
1474,12.299553000000019,0,8.2327,1.9312,2.3627,1.8265,0.2195,0.0028,0.0064,0.0002,0.0488,0.0605,0.0032,0.0009,0.0127,0.0001,0.0019,0.0018,0.0007,0.0002,0.0094,0.0019,0.0005,0.0,0.0044,0.1092,0.027,0.0001,0.0109,0.0,155.0,0.0,92.0,63.0,80.0,0.0,0.0,0.0,0.0,0.0,0.0,0.0,0.0,0.0,0.0,0.0,0.0,0.0,0.0,0.0,0.0,0.0,0.0,8.0,2.0,1.0
1475,12.30778570000002,0,8.4071,1.87,2.0427,1.7492,0.192,0.0032,0.0069,0.0002,0.0304,0.0428,0.0022,0.001,0.0113,0.0001,0.0016,0.0016,0.0002,0.0002,0.0081,0.0013,0.0005,0.0001,0.0036,0.0864,0.0191,0.0001,0.0127,0.0,155.0,0.0,92.0,63.0,80.0,0.0,0.0,0.0,0.0,0.0,0.0,0.0,0.0,0.0,0.0,0.0,0.0,0.0,0.0,0.0,0.0,0.0,0.0,8.0,2.0,1.0
1476,12.31619280000002,0,8.198,1.8294,2.2308,1.8939,0.1947,0.0028,0.0058,0.0002,0.0424,0.0537,0.0021,0.0006,0.0118,0.0002,0.0015,0.0015,0.0001,0.0001,0.008,0.0013,0.0005,0.0001,0.0035,0.0973,0.0207,0.0,0.0113,0.0,155.0,0.0,92.0,63.0,80.0,0.0,0.0,0.0,0.0,0.0,0.0,0.0,0.0,0.0,0.0,0.0,0.0,0.0,0.0,0.0,0.0,0.0,0.0,8.0,2.0,1.0
1477,12.32439080000002,0,8.4948,1.8869,2.1186,1.8505,0.2214,0.0031,0.0067,0.0001,0.0416,0.0538,0.002,0.0006,0.0099,0.0005,0.0013,0.0018,0.0001,0.0001,0.0078,0.001,0.0004,0.0001,0.0031,0.0981,0.035,0.0001,0.0125,0.0,155.0,0.0,92.0,63.0,80.0,0.0,0.0,0.0,0.0,0.0,0.0,0.0,0.0,0.0,0.0,0.0,0.0,0.0,0.0,0.0,0.0,0.0,0.0,8.0,2.0,1.0
1478,12.332885600000019,0,8.3533,1.9075,2.22,1.8343,0.214,0.0033,0.0074,0.0002,0.0483,0.0615,0.0032,0.0012,0.0118,0.0002,0.0016,0.0014,0.0001,0.0006,0.0084,0.0012,0.0004,0.0001,0.0037,0.1052,0.023,0.0001,0.0115,0.0,155.0,0.0,92.0,63.0,80.0,0.0,0.0,0.0,0.0,0.0,0.0,0.0,0.0,0.0,0.0,0.0,0.0,0.0,0.0,0.0,0.0,0.0,0.0,8.0,2.0,1.0
1479,12.341238900000018,0,8.2215,1.8512,2.2132,1.78,0.1957,0.003,0.0071,0.0002,0.0304,0.0428,0.0022,0.0007,0.0098,0.0001,0.0013,0.002,0.0,0.0002,0.0087,0.0019,0.0005,0.0,0.0035,0.0881,0.0216,0.0,0.0117,0.0,155.0,0.0,92.0,63.0,80.0,0.0,0.0,0.0,0.0,0.0,0.0,0.0,0.0,0.0,0.0,0.0,0.0,0.0,0.0,0.0,0.0,0.0,0.0,8.0,2.0,1.0
1480,12.349460400000018,0,8.4195,1.8231,2.2245,1.7619,0.1906,0.0027,0.0055,0.0002,0.0427,0.053,0.0021,0.0006,0.0095,0.0001,0.0016,0.0015,0.0,0.0001,0.0083,0.0015,0.0004,0.0001,0.003,0.0924,0.0209,0.0,0.0138,0.0,155.0,0.0,92.0,63.0,80.0,0.0,0.0,0.0,0.0,0.0,0.0,0.0,0.0,0.0,0.0,0.0,0.0,0.0,0.0,0.0,0.0,0.0,0.0,8.0,2.0,1.0
1481,12.357879900000018,0,8.3929,1.9402,2.3526,1.7708,0.2692,0.0033,0.0096,0.0002,0.0743,0.0895,0.0031,0.0009,0.0147,0.0001,0.0015,0.0027,0.0001,0.0001,0.0085,0.0019,0.0005,0.0001,0.0039,0.1397,0.0365,0.0,0.0137,0.0,155.0,0.0,92.0,63.0,82.0,0.0,0.0,0.0,0.0,0.0,0.0,0.0,0.0,0.0,0.0,0.0,0.0,0.0,0.0,0.0,0.0,0.0,0.0,8.0,2.0,1.0
1482,12.366272800000019,0,8.2092,1.8317,2.2012,1.7997,0.1901,0.0028,0.0081,0.0001,0.04,0.0532,0.002,0.0009,0.0091,0.0002,0.0019,0.0015,0.0,0.0001,0.0077,0.0014,0.0004,0.0,0.0032,0.0919,0.0186,0.0001,0.0137,0.0,155.0,0.0,92.0,63.0,82.0,0.0,0.0,0.0,0.0,0.0,0.0,0.0,0.0,0.0,0.0,0.0,0.0,0.0,0.0,0.0,0.0,0.0,0.0,8.0,2.0,1.0
1483,12.374482000000018,0,8.2295,2.0429,2.1603,1.8795,0.1711,0.0027,0.0077,0.0002,0.0305,0.0428,0.0017,0.0005,0.0087,0.0002,0.002,0.0013,0.0002,0.0006,0.008,0.0011,0.0004,0.0001,0.003,0.0803,0.0175,0.0,0.0129,0.0,155.0,0.0,92.0,63.0,82.0,0.0,0.0,0.0,0.0,0.0,0.0,0.0,0.0,0.0,0.0,0.0,0.0,0.0,0.0,0.0,0.0,0.0,0.0,8.0,2.0,1.0
1484,12.382711500000019,0,8.4477,1.926,2.0564,1.821,0.2109,0.0032,0.0088,0.0002,0.0404,0.0547,0.0021,0.0008,0.01,0.0001,0.0015,0.0018,0.0001,0.0002,0.0075,0.0012,0.0011,0.0001,0.0037,0.0971,0.0252,0.0,0.0125,0.0,155.0,0.0,92.0,63.0,82.0,0.0,0.0,0.0,0.0,0.0,0.0,0.0,0.0,0.0,0.0,0.0,0.0,0.0,0.0,0.0,0.0,0.0,0.0,8.0,2.0,1.0
1485,12.391159200000018,0,8.299,1.8443,2.2015,1.7359,0.2039,0.003,0.0089,0.0002,0.035,0.0497,0.0021,0.0008,0.011,0.0001,0.002,0.0015,0.0001,0.0001,0.0086,0.0014,0.0009,0.0001,0.0036,0.094,0.0199,0.0,0.0138,0.0,155.0,0.0,92.0,63.0,82.0,0.0,0.0,0.0,0.0,0.0,0.0,0.0,0.0,0.0,0.0,0.0,0.0,0.0,0.0,0.0,0.0,0.0,0.0,8.0,2.0,1.0
1486,12.399458200000018,0,8.4525,2.0186,2.2992,1.712,0.2131,0.0039,0.0092,0.0002,0.0337,0.0495,0.0029,0.0007,0.0154,0.0002,0.002,0.0018,0.0001,0.0003,0.0105,0.0018,0.0005,0.0001,0.003,0.1,0.0244,0.0001,0.0141,0.0,155.0,0.0,92.0,63.0,82.0,0.0,0.0,0.0,0.0,0.0,0.0,0.0,0.0,0.0,0.0,0.0,0.0,0.0,0.0,0.0,0.0,0.0,0.0,8.0,2.0,1.0
1487,12.407910700000018,0,8.1356,1.9907,2.097,1.7259,0.1745,0.0027,0.008,0.0002,0.0274,0.0404,0.0018,0.001,0.009,0.0001,0.0017,0.0016,0.0,0.0006,0.007,0.0014,0.0004,0.0,0.0032,0.0782,0.0221,0.0,0.0125,0.0,155.0,0.0,92.0,63.0,82.0,0.0,0.0,0.0,0.0,0.0,0.0,0.0,0.0,0.0,0.0,0.0,0.0,0.0,0.0,0.0,0.0,0.0,0.0,8.0,2.0,1.0
1488,12.416046300000017,0,8.4625,1.8345,2.2946,1.7665,0.221,0.003,0.0097,0.0002,0.0416,0.0577,0.0027,0.0009,0.0113,0.0002,0.0016,0.003,0.0001,0.0005,0.009,0.0014,0.0012,0.0,0.0039,0.105,0.0248,0.0001,0.0124,0.0,155.0,0.0,92.0,63.0,84.0,0.0,0.0,0.0,0.0,0.0,0.0,0.0,0.0,0.0,0.0,0.0,0.0,0.0,0.0,0.0,0.0,0.0,0.0,8.0,2.0,1.0
1489,12.424508800000018,0,8.2339,1.9367,2.0559,1.7335,0.1845,0.0027,0.0079,0.0002,0.0362,0.0486,0.002,0.0007,0.0097,0.0001,0.0019,0.0015,0.0001,0.0001,0.0077,0.0015,0.0005,0.0001,0.0035,0.0878,0.0204,0.0001,0.0132,0.0,155.0,0.0,92.0,63.0,84.0,0.0,0.0,0.0,0.0,0.0,0.0,0.0,0.0,0.0,0.0,0.0,0.0,0.0,0.0,0.0,0.0,0.0,0.0,8.0,2.0,1.0
1490,12.432742700000018,0,8.5364,1.8657,2.1437,1.7856,0.2241,0.0029,0.009,0.0002,0.0414,0.0554,0.0032,0.0009,0.0127,0.0001,0.0016,0.0022,0.0001,0.0002,0.0106,0.0015,0.001,0.0001,0.0053,0.1089,0.0271,0.0001,0.0129,0.0,155.0,0.0,92.0,63.0,84.0,0.0,0.0,0.0,0.0,0.0,0.0,0.0,0.0,0.0,0.0,0.0,0.0,0.0,0.0,0.0,0.0,0.0,0.0,8.0,2.0,1.0
1491,12.441279100000019,0,8.0708,1.8933,2.1611,1.7562,0.1789,0.0031,0.0075,0.0001,0.0273,0.0399,0.0024,0.0007,0.0095,0.0001,0.0012,0.002,0.0,0.0001,0.0075,0.0011,0.0005,0.0001,0.003,0.0792,0.0228,0.0001,0.0125,0.0,155.0,0.0,92.0,63.0,84.0,0.0,0.0,0.0,0.0,0.0,0.0,0.0,0.0,0.0,0.0,0.0,0.0,0.0,0.0,0.0,0.0,0.0,0.0,8.0,2.0,1.0
1492,12.44934990000002,0,8.3961,2.0827,2.1309,1.7327,0.1907,0.0025,0.0074,0.0002,0.0443,0.0565,0.0019,0.0007,0.0088,0.0002,0.0015,0.0013,0.0,0.0001,0.0077,0.0015,0.0004,0.0001,0.0035,0.094,0.0227,0.0,0.0122,0.0,155.0,0.0,92.0,63.0,84.0,0.0,0.0,0.0,0.0,0.0,0.0,0.0,0.0,0.0,0.0,0.0,0.0,0.0,0.0,0.0,0.0,0.0,0.0,8.0,2.0,1.0
1493,12.45774600000002,0,8.295,1.896,2.0565,1.847,0.1908,0.0029,0.0087,0.0002,0.0308,0.0446,0.0022,0.0008,0.0094,0.0001,0.0018,0.0014,0.0,0.0001,0.0078,0.0014,0.0005,0.0001,0.0037,0.0851,0.0196,0.0001,0.0121,0.0,155.0,0.0,92.0,63.0,84.0,0.0,0.0,0.0,0.0,0.0,0.0,0.0,0.0,0.0,0.0,0.0,0.0,0.0,0.0,0.0,0.0,0.0,0.0,8.0,2.0,1.0
1494,12.46604100000002,0,8.4819,2.0044,2.1685,1.7698,0.2086,0.0032,0.0092,0.0002,0.0402,0.0553,0.0021,0.001,0.0105,0.0001,0.0016,0.0015,0.0001,0.0001,0.0076,0.0013,0.0004,0.0001,0.0036,0.0974,0.0234,0.0,0.0126,0.0,155.0,0.0,92.0,63.0,84.0,0.0,0.0,0.0,0.0,0.0,0.0,0.0,0.0,0.0,0.0,0.0,0.0,0.0,0.0,0.0,0.0,0.0,0.0,8.0,2.0,1.0
1495,12.47452290000002,0,8.2003,1.8654,2.1554,1.8213,0.1831,0.0031,0.0071,0.0002,0.0299,0.0423,0.0019,0.0007,0.0093,0.0002,0.0012,0.0019,0.0002,0.0001,0.0074,0.0012,0.0005,0.0001,0.0033,0.081,0.0238,0.0,0.0137,0.0,155.0,0.0,92.0,63.0,84.0,0.0,0.0,0.0,0.0,0.0,0.0,0.0,0.0,0.0,0.0,0.0,0.0,0.0,0.0,0.0,0.0,0.0,0.0,8.0,2.0,1.0
1496,12.48272320000002,0,8.3669,2.0278,2.0873,1.7779,0.1996,0.0031,0.0089,0.0001,0.042,0.0564,0.0022,0.0007,0.0102,0.0001,0.0015,0.0018,0.0,0.0001,0.0079,0.0012,0.0006,0.0,0.0037,0.0976,0.0204,0.0,0.0132,0.0,155.0,0.0,92.0,63.0,84.0,0.0,0.0,0.0,0.0,0.0,0.0,0.0,0.0,0.0,0.0,0.0,0.0,0.0,0.0,0.0,0.0,0.0,0.0,8.0,2.0,1.0
1497,12.49109010000002,0,8.476,1.9652,2.2256,1.8192,0.209,0.0029,0.0088,0.0002,0.034,0.0479,0.0022,0.0012,0.0113,0.0002,0.0018,0.0015,0.0,0.0001,0.0081,0.0014,0.0004,0.0,0.0037,0.0926,0.0258,0.0001,0.0135,0.0,155.0,0.0,92.0,63.0,84.0,0.0,0.0,0.0,0.0,0.0,0.0,0.0,0.0,0.0,0.0,0.0,0.0,0.0,0.0,0.0,0.0,0.0,0.0,8.0,2.0,1.0
1498,12.49956610000002,0,8.1849,2.0658,2.2206,1.8081,0.1959,0.0028,0.0082,0.0002,0.0407,0.055,0.0021,0.0007,0.0095,0.0001,0.0018,0.0014,0.0001,0.0001,0.0078,0.0011,0.0005,0.0,0.0032,0.0941,0.024,0.0,0.0136,0.0,155.0,0.0,92.0,63.0,84.0,0.0,0.0,0.0,0.0,0.0,0.0,0.0,0.0,0.0,0.0,0.0,0.0,0.0,0.0,0.0,0.0,0.0,0.0,8.0,2.0,1.0
1499,12.50775100000002,0,8.4052,1.9775,2.0916,1.7458,0.1837,0.0026,0.0084,0.0002,0.0343,0.0476,0.0024,0.0008,0.0101,0.0001,0.0013,0.0019,0.0,0.0001,0.0078,0.0011,0.0007,0.0,0.003,0.0857,0.0218,0.0,0.0127,0.0,155.0,0.0,92.0,63.0,84.0,0.0,0.0,0.0,0.0,0.0,0.0,0.0,0.0,0.0,0.0,0.0,0.0,0.0,0.0,0.0,0.0,0.0,0.0,8.0,2.0,1.0
1500,12.51615620000002,0,8.5727,1.9363,2.4048,1.8019,0.2839,0.0033,0.0092,0.0002,0.0618,0.0775,0.0034,0.0014,0.0172,0.0003,0.0029,0.0018,0.0001,0.0002,0.0105,0.0015,0.0009,0.0001,0.0066,0.1435,0.0398,0.0001,0.011,0.0,155.0,0.0,92.0,63.0,84.0,0.0,0.0,0.0,0.0,0.0,0.0,0.0,0.0,0.0,0.0,0.0,0.0,0.0,0.0,0.0,0.0,0.0,0.0,8.0,2.0,1.0
1501,12.52472890000002,0,8.2064,1.9619,2.3387,1.7952,0.2098,0.0028,0.0095,0.0002,0.0282,0.043,0.0025,0.0012,0.0127,0.0001,0.0019,0.002,0.0001,0.0005,0.0103,0.002,0.0006,0.0002,0.0047,0.0947,0.0268,0.0,0.0155,0.0,155.0,0.0,92.0,63.0,84.0,0.0,0.0,0.0,0.0,0.0,0.0,0.0,0.0,0.0,0.0,0.0,0.0,0.0,0.0,0.0,0.0,0.0,0.0,8.0,2.0,1.0
1502,12.532935300000021,0,8.2665,1.8833,2.2021,1.7796,0.1942,0.0048,0.0098,0.0002,0.0268,0.0437,0.0019,0.0007,0.0107,0.0002,0.0015,0.0016,0.0001,0.0001,0.0089,0.0013,0.0004,0.0001,0.0036,0.0865,0.0231,0.0,0.0133,0.0,155.0,0.0,92.0,63.0,84.0,0.0,0.0,0.0,0.0,0.0,0.0,0.0,0.0,0.0,0.0,0.0,0.0,0.0,0.0,0.0,0.0,0.0,0.0,8.0,2.0,1.0
1503,12.541201800000021,0,8.1591,1.843,2.1479,1.8825,0.1762,0.0026,0.0072,0.0002,0.0284,0.0402,0.002,0.0006,0.0092,0.0001,0.0013,0.0018,0.0001,0.0002,0.0081,0.0011,0.0005,0.0,0.0031,0.0785,0.0211,0.0,0.0129,0.0,155.0,0.0,92.0,63.0,84.0,0.0,0.0,0.0,0.0,0.0,0.0,0.0,0.0,0.0,0.0,0.0,0.0,0.0,0.0,0.0,0.0,0.0,0.0,8.0,2.0,1.0
1504,12.549360900000021,0,8.4337,1.8538,2.0438,1.8024,0.1834,0.0026,0.008,0.0003,0.0403,0.0532,0.0019,0.0005,0.0087,0.0001,0.0011,0.0013,0.0,0.0001,0.0077,0.0011,0.0004,0.0001,0.0031,0.0904,0.021,0.0,0.0121,0.0,155.0,0.0,92.0,63.0,84.0,0.0,0.0,0.0,0.0,0.0,0.0,0.0,0.0,0.0,0.0,0.0,0.0,0.0,0.0,0.0,0.0,0.0,0.0,8.0,2.0,1.0
1505,12.55779460000002,0,8.3527,1.8582,2.2679,1.8024,0.2056,0.0038,0.0097,0.0002,0.0322,0.0481,0.0024,0.0008,0.01,0.0002,0.0014,0.0017,0.0001,0.0001,0.0084,0.0013,0.001,0.0001,0.0036,0.0916,0.0258,0.0001,0.013,0.0,155.0,0.0,92.0,63.0,84.0,0.0,0.0,0.0,0.0,0.0,0.0,0.0,0.0,0.0,0.0,0.0,0.0,0.0,0.0,0.0,0.0,0.0,0.0,8.0,2.0,1.0
1506,12.56614730000002,0,8.6085,2.0837,2.2064,1.7862,0.2095,0.0029,0.0089,0.0003,0.0418,0.0566,0.0022,0.0008,0.0102,0.0001,0.0016,0.0014,0.0002,0.0001,0.009,0.0013,0.0008,0.0001,0.0038,0.0995,0.0229,0.0,0.0109,0.0,155.0,0.0,92.0,63.0,84.0,0.0,0.0,0.0,0.0,0.0,0.0,0.0,0.0,0.0,0.0,0.0,0.0,0.0,0.0,0.0,0.0,0.0,0.0,8.0,2.0,1.0
1507,12.57475580000002,0,8.0762,1.8832,2.3844,1.8273,0.1861,0.0042,0.0078,0.0002,0.029,0.0429,0.0025,0.0008,0.0098,0.0002,0.0014,0.0021,0.0001,0.0001,0.0078,0.0011,0.0004,0.0001,0.003,0.0827,0.0233,0.0,0.0127,0.0,155.0,0.0,92.0,63.0,84.0,0.0,0.0,0.0,0.0,0.0,0.0,0.0,0.0,0.0,0.0,0.0,0.0,0.0,0.0,0.0,0.0,0.0,0.0,8.0,2.0,1.0
1508,12.58283200000002,0,8.3479,1.8193,2.2322,1.918,0.2116,0.0032,0.0091,0.0002,0.0411,0.0564,0.0022,0.0007,0.01,0.0001,0.0016,0.0017,0.0,0.0006,0.0085,0.0012,0.0005,0.0,0.0036,0.0991,0.0247,0.0,0.0129,0.0,155.0,0.0,92.0,63.0,84.0,0.0,0.0,0.0,0.0,0.0,0.0,0.0,0.0,0.0,0.0,0.0,0.0,0.0,0.0,0.0,0.0,0.0,0.0,8.0,2.0,1.0
1509,12.59117990000002,0,8.2526,2.032,2.2121,1.7265,0.2043,0.0029,0.0086,0.0002,0.0336,0.0482,0.0022,0.0008,0.0104,0.0001,0.0017,0.0016,0.0,0.0005,0.0083,0.0012,0.0004,0.0,0.0036,0.091,0.0222,0.0,0.0128,0.0,155.0,0.0,92.0,63.0,84.0,0.0,0.0,0.0,0.0,0.0,0.0,0.0,0.0,0.0,0.0,0.0,0.0,0.0,0.0,0.0,0.0,0.0,0.0,8.0,2.0,1.0
1510,12.59943250000002,0,8.4134,1.8272,2.2076,1.801,0.211,0.0032,0.0087,0.0002,0.0401,0.0548,0.0023,0.0012,0.0113,0.0001,0.0017,0.0015,0.0,0.0005,0.0092,0.0013,0.0009,0.0001,0.0038,0.1003,0.0234,0.0001,0.0137,0.0,155.0,0.0,92.0,63.0,84.0,0.0,0.0,0.0,0.0,0.0,0.0,0.0,0.0,0.0,0.0,0.0,0.0,0.0,0.0,0.0,0.0,0.0,0.0,8.0,2.0,1.0
1511,12.60784590000002,0,8.3378,1.8366,2.0046,1.7648,0.1963,0.003,0.0086,0.0002,0.0306,0.0444,0.0023,0.0007,0.0106,0.0002,0.0017,0.0015,0.0001,0.0001,0.0082,0.0013,0.0005,0.0001,0.0036,0.0872,0.0221,0.0,0.0128,0.0,155.0,0.0,92.0,63.0,86.0,0.0,0.0,0.0,0.0,0.0,0.0,0.0,0.0,0.0,0.0,0.0,0.0,0.0,0.0,0.0,0.0,0.0,0.0,8.0,2.0,1.0
1512,12.61618370000002,0,8.302,1.7814,2.1943,1.7836,0.193,0.0029,0.0102,0.0002,0.0316,0.0472,0.0019,0.0008,0.0096,0.0002,0.0013,0.0015,0.0001,0.0001,0.0073,0.0013,0.0005,0.0001,0.0036,0.0865,0.0217,0.0,0.014,0.0,155.0,0.0,92.0,63.0,86.0,0.0,0.0,0.0,0.0,0.0,0.0,0.0,0.0,0.0,0.0,0.0,0.0,0.0,0.0,0.0,0.0,0.0,0.0,8.0,2.0,1.0
1513,12.62448570000002,0,8.2476,1.9275,2.1563,1.8713,0.181,0.003,0.0081,0.0002,0.0276,0.0413,0.0019,0.0007,0.0098,0.0004,0.0013,0.002,0.0001,0.0001,0.0077,0.0012,0.0005,0.0001,0.0032,0.082,0.0222,0.0,0.0131,0.0,155.0,0.0,92.0,63.0,84.0,0.0,0.0,0.0,0.0,0.0,0.0,0.0,0.0,0.0,0.0,0.0,0.0,0.0,0.0,0.0,0.0,0.0,0.0,8.0,2.0,1.0
1514,12.632733300000021,0,8.3669,2.0074,2.1291,1.8454,0.213,0.0028,0.0088,0.0002,0.0432,0.0575,0.0024,0.0007,0.0107,0.0002,0.0012,0.0021,0.0001,0.0001,0.0086,0.0019,0.0004,0.0001,0.0036,0.1024,0.0232,0.0,0.0139,0.0,155.0,0.0,92.0,63.0,84.0,0.0,0.0,0.0,0.0,0.0,0.0,0.0,0.0,0.0,0.0,0.0,0.0,0.0,0.0,0.0,0.0,0.0,0.0,8.0,2.0,1.0
1515,12.641100200000022,0,8.6451,1.9432,2.4118,1.8786,0.2036,0.003,0.0072,0.0002,0.0346,0.0473,0.0023,0.0007,0.0097,0.0001,0.0013,0.0022,0.0001,0.0002,0.0085,0.0018,0.0005,0.0001,0.0033,0.0889,0.0225,0.0001,0.0119,0.0,155.0,0.0,92.0,63.0,84.0,0.0,0.0,0.0,0.0,0.0,0.0,0.0,0.0,0.0,0.0,0.0,0.0,0.0,0.0,0.0,0.0,0.0,0.0,8.0,2.0,1.0
1516,12.649745300000022,0,8.0832,2.0154,2.2245,1.843,0.1892,0.0026,0.009,0.0002,0.0442,0.0581,0.0018,0.0007,0.0086,0.0001,0.0017,0.0014,0.0,0.0001,0.0077,0.0012,0.0005,0.0001,0.0031,0.0941,0.0185,0.0,0.013,0.0,155.0,0.0,92.0,63.0,86.0,0.0,0.0,0.0,0.0,0.0,0.0,0.0,0.0,0.0,0.0,0.0,0.0,0.0,0.0,0.0,0.0,0.0,0.0,8.0,2.0,1.0
1517,12.657828500000022,0,8.3305,1.7691,2.1901,1.7173,0.2043,0.0033,0.0092,0.0002,0.03,0.0451,0.0022,0.0009,0.01,0.0001,0.0019,0.0015,0.0001,0.0002,0.0085,0.0013,0.0011,0.0,0.0037,0.0901,0.0265,0.0,0.0127,0.0,155.0,0.0,92.0,63.0,86.0,0.0,0.0,0.0,0.0,0.0,0.0,0.0,0.0,0.0,0.0,0.0,0.0,0.0,0.0,0.0,0.0,0.0,0.0,8.0,2.0,1.0
1518,12.666159000000022,0,8.3661,1.8025,2.2078,1.7886,0.2144,0.0032,0.0089,0.0003,0.0382,0.0529,0.0022,0.0013,0.0115,0.0002,0.0015,0.0016,0.0,0.0002,0.0087,0.0014,0.0011,0.0001,0.0037,0.0983,0.0262,0.0,0.0131,0.0,155.0,0.0,92.0,63.0,86.0,0.0,0.0,0.0,0.0,0.0,0.0,0.0,0.0,0.0,0.0,0.0,0.0,0.0,0.0,0.0,0.0,0.0,0.0,8.0,2.0,1.0
1519,12.674525100000022,0,8.146,1.8462,2.062,1.8159,0.1735,0.0026,0.0074,0.0001,0.0296,0.042,0.0024,0.0005,0.0086,0.0001,0.0012,0.0015,0.0,0.0001,0.0077,0.0011,0.0004,0.0,0.0032,0.0783,0.0193,0.0,0.0133,0.0,155.0,0.0,92.0,63.0,86.0,0.0,0.0,0.0,0.0,0.0,0.0,0.0,0.0,0.0,0.0,0.0,0.0,0.0,0.0,0.0,0.0,0.0,0.0,8.0,2.0,1.0
1520,12.682671100000022,0,8.5053,1.8516,2.1875,1.8344,0.211,0.0029,0.0088,0.0002,0.0406,0.0545,0.0026,0.0008,0.0111,0.0002,0.0019,0.0015,0.0001,0.0002,0.0078,0.0016,0.0004,0.0001,0.0037,0.1004,0.0238,0.0,0.0137,0.0,155.0,0.0,92.0,63.0,86.0,0.0,0.0,0.0,0.0,0.0,0.0,0.0,0.0,0.0,0.0,0.0,0.0,0.0,0.0,0.0,0.0,0.0,0.0,8.0,2.0,1.0
1521,12.691176400000021,0,8.4078,1.8216,2.2987,1.8354,0.2061,0.0033,0.0095,0.0002,0.0301,0.0456,0.0031,0.0008,0.0124,0.0001,0.002,0.0018,0.0001,0.0005,0.0096,0.0015,0.0004,0.0001,0.0051,0.1007,0.0257,0.0,0.0145,0.0,155.0,0.0,92.0,63.0,86.0,0.0,0.0,0.0,0.0,0.0,0.0,0.0,0.0,0.0,0.0,0.0,0.0,0.0,0.0,0.0,0.0,0.0,0.0,8.0,2.0,1.0
1522,12.699584200000022,0,8.2941,1.9251,2.1949,1.7976,0.2021,0.0024,0.0078,0.0002,0.0398,0.0521,0.0027,0.0008,0.0119,0.0001,0.0014,0.0018,0.0001,0.0001,0.008,0.0017,0.0005,0.0,0.0038,0.0966,0.0248,0.0,0.0135,0.0,155.0,0.0,92.0,63.0,88.0,0.0,0.0,0.0,0.0,0.0,0.0,0.0,0.0,0.0,0.0,0.0,0.0,0.0,0.0,0.0,0.0,0.0,0.0,8.0,2.0,1.0
1523,12.707878300000022,0,8.1565,1.883,2.1111,1.71,0.1944,0.0032,0.0085,0.0001,0.0288,0.0431,0.0021,0.0011,0.0103,0.0006,0.0015,0.0021,0.0001,0.0001,0.0079,0.0014,0.0005,0.0001,0.0038,0.0882,0.0217,0.0,0.013,0.0,155.0,0.0,92.0,63.0,88.0,0.0,0.0,0.0,0.0,0.0,0.0,0.0,0.0,0.0,0.0,0.0,0.0,0.0,0.0,0.0,0.0,0.0,0.0,8.0,2.0,1.0
1524,12.716034800000022,0,8.4767,1.7639,2.1993,1.7474,0.1966,0.0027,0.0087,0.0001,0.0383,0.052,0.0019,0.0006,0.0092,0.0001,0.0012,0.0019,0.0001,0.0001,0.0084,0.0018,0.0005,0.0001,0.005,0.0965,0.0221,0.0001,0.0116,0.0,155.0,0.0,92.0,63.0,88.0,0.0,0.0,0.0,0.0,0.0,0.0,0.0,0.0,0.0,0.0,0.0,0.0,0.0,0.0,0.0,0.0,0.0,0.0,8.0,2.0,1.0
1525,12.724511500000022,0,8.2256,1.8867,2.0822,1.7231,0.1763,0.0031,0.0085,0.0002,0.0347,0.0484,0.002,0.0006,0.0084,0.0001,0.0016,0.0014,0.0001,0.0001,0.0076,0.0012,0.0005,0.0,0.0033,0.0858,0.0186,0.0,0.0123,0.0,155.0,0.0,92.0,63.0,88.0,0.0,0.0,0.0,0.0,0.0,0.0,0.0,0.0,0.0,0.0,0.0,0.0,0.0,0.0,0.0,0.0,0.0,0.0,8.0,2.0,1.0
1526,12.732737100000021,0,8.4119,1.8957,2.1987,1.7575,0.2108,0.0039,0.0093,0.0003,0.0378,0.0539,0.0022,0.0013,0.0111,0.0002,0.0017,0.0015,0.0,0.0001,0.0082,0.0012,0.0005,0.0001,0.0037,0.0978,0.0261,0.0,0.0126,0.0,155.0,0.0,92.0,63.0,88.0,0.0,0.0,0.0,0.0,0.0,0.0,0.0,0.0,0.0,0.0,0.0,0.0,0.0,0.0,0.0,0.0,0.0,0.0,8.0,2.0,1.0
1527,12.741149000000021,0,8.2382,1.9772,2.0627,1.6754,0.196,0.0049,0.0101,0.0003,0.0366,0.0545,0.0036,0.0006,0.0125,0.0002,0.0018,0.0026,0.0002,0.0001,0.0097,0.0013,0.0006,0.0001,0.0031,0.1006,0.0239,0.0,0.0121,0.0,155.0,0.0,92.0,63.0,88.0,0.0,0.0,0.0,0.0,0.0,0.0,0.0,0.0,0.0,0.0,0.0,0.0,0.0,0.0,0.0,0.0,0.0,0.0,8.0,2.0,1.0
1528,12.74938720000002,0,8.3666,1.9083,2.1253,1.7719,0.1876,0.0029,0.0076,0.0002,0.037,0.0499,0.002,0.0007,0.0093,0.0002,0.0017,0.0013,0.0001,0.0006,0.0068,0.0015,0.0005,0.0001,0.0031,0.0875,0.0205,0.0001,0.0147,0.0,155.0,0.0,92.0,63.0,88.0,0.0,0.0,0.0,0.0,0.0,0.0,0.0,0.0,0.0,0.0,0.0,0.0,0.0,0.0,0.0,0.0,0.0,0.0,8.0,2.0,1.0
1529,12.757753800000021,0,8.3239,1.951,2.1155,1.8569,0.1844,0.0029,0.0082,0.0002,0.0334,0.0476,0.0023,0.0007,0.0093,0.0001,0.0016,0.0015,0.0001,0.0001,0.0076,0.0012,0.0004,0.0,0.0031,0.0863,0.0192,0.0,0.0129,0.0,155.0,0.0,92.0,63.0,88.0,0.0,0.0,0.0,0.0,0.0,0.0,0.0,0.0,0.0,0.0,0.0,0.0,0.0,0.0,0.0,0.0,0.0,0.0,8.0,2.0,1.0
1530,12.766077700000022,0,8.343,1.8947,2.1187,1.7678,0.2012,0.0031,0.0088,0.0002,0.0397,0.0544,0.0023,0.0012,0.011,0.0001,0.0017,0.0015,0.0,0.0005,0.0072,0.0012,0.0005,0.0001,0.0037,0.0964,0.0197,0.0001,0.0131,0.0,155.0,0.0,92.0,63.0,88.0,0.0,0.0,0.0,0.0,0.0,0.0,0.0,0.0,0.0,0.0,0.0,0.0,0.0,0.0,0.0,0.0,0.0,0.0,8.0,2.0,1.0
1531,12.774420700000022,0,8.3413,2.1794,2.1288,1.8091,0.1856,0.0032,0.0079,0.0002,0.0287,0.0421,0.002,0.0008,0.0092,0.0001,0.0014,0.0021,0.0002,0.0001,0.0076,0.0012,0.0005,0.0,0.0033,0.0821,0.0223,0.0,0.0117,0.0,155.0,0.0,92.0,63.0,88.0,0.0,0.0,0.0,0.0,0.0,0.0,0.0,0.0,0.0,0.0,0.0,0.0,0.0,0.0,0.0,0.0,0.0,0.0,8.0,2.0,1.0
1532,12.782762000000021,0,8.3736,2.1925,2.1351,1.791,0.2071,0.003,0.0097,0.0002,0.0441,0.0595,0.0023,0.0007,0.0097,0.0001,0.0017,0.0016,0.0001,0.0001,0.008,0.0012,0.0004,0.0001,0.0041,0.1009,0.0224,0.0,0.0133,0.0,155.0,0.0,92.0,63.0,88.0,0.0,0.0,0.0,0.0,0.0,0.0,0.0,0.0,0.0,0.0,0.0,0.0,0.0,0.0,0.0,0.0,0.0,0.0,8.0,2.0,1.0
1533,12.791135600000022,0,8.3098,1.8153,2.1483,1.7666,0.203,0.0032,0.009,0.0003,0.0363,0.0511,0.0022,0.0007,0.01,0.0001,0.0015,0.0017,0.0001,0.0001,0.0081,0.0018,0.0008,0.0,0.0039,0.0941,0.0202,0.0001,0.0119,0.0,155.0,0.0,92.0,63.0,88.0,0.0,0.0,0.0,0.0,0.0,0.0,0.0,0.0,0.0,0.0,0.0,0.0,0.0,0.0,0.0,0.0,0.0,0.0,8.0,2.0,1.0
1534,12.799445400000021,0,8.3113,1.9629,2.1594,1.7496,0.1901,0.0027,0.0083,0.0002,0.0387,0.0519,0.0024,0.0007,0.0099,0.0001,0.0013,0.0018,0.0,0.0001,0.0071,0.0011,0.0005,0.0,0.0033,0.0899,0.0242,0.0001,0.0151,0.0,155.0,0.0,92.0,63.0,88.0,0.0,0.0,0.0,0.0,0.0,0.0,0.0,0.0,0.0,0.0,0.0,0.0,0.0,0.0,0.0,0.0,0.0,0.0,8.0,2.0,1.0
1535,12.807756700000022,0,8.298,1.83,2.0416,1.7511,0.2065,0.0041,0.0099,0.0001,0.0366,0.0535,0.0022,0.0008,0.0109,0.0001,0.0019,0.0015,0.0001,0.0006,0.0079,0.0013,0.0005,0.0,0.0038,0.0975,0.0232,0.0,0.0142,0.0,155.0,0.0,92.0,63.0,88.0,0.0,0.0,0.0,0.0,0.0,0.0,0.0,0.0,0.0,0.0,0.0,0.0,0.0,0.0,0.0,0.0,0.0,0.0,8.0,2.0,1.0
1536,12.816054700000022,0,8.6484,1.8816,2.4088,1.7664,0.2672,0.0032,0.0087,0.0003,0.058,0.0732,0.0033,0.0013,0.0169,0.0002,0.0023,0.0017,0.0001,0.0002,0.0098,0.002,0.0005,0.0001,0.0053,0.1347,0.0393,0.0,0.0156,0.0,155.0,0.0,92.0,63.0,90.0,0.0,0.0,0.0,0.0,0.0,0.0,0.0,0.0,0.0,0.0,0.0,0.0,0.0,0.0,0.0,0.0,0.0,0.0,8.0,2.0,1.0
1537,12.824703100000022,0,8.0643,1.8815,2.0681,1.6777,0.1918,0.0028,0.0077,0.0002,0.0322,0.045,0.0021,0.0012,0.0102,0.0001,0.0019,0.0017,0.0001,0.0001,0.0084,0.0012,0.0005,0.0002,0.0033,0.0859,0.0204,0.0,0.0119,0.0,155.0,0.0,92.0,63.0,90.0,0.0,0.0,0.0,0.0,0.0,0.0,0.0,0.0,0.0,0.0,0.0,0.0,0.0,0.0,0.0,0.0,0.0,0.0,8.0,2.0,1.0
1538,12.832767400000021,0,8.382,2.4046,2.1862,1.8914,0.2106,0.0028,0.0095,0.0003,0.0392,0.054,0.0023,0.0008,0.01,0.0007,0.0016,0.0021,0.0002,0.0001,0.008,0.0013,0.0008,0.0001,0.0044,0.0988,0.0225,0.0,0.0118,0.0,155.0,0.0,92.0,63.0,90.0,0.0,0.0,0.0,0.0,0.0,0.0,0.0,0.0,0.0,0.0,0.0,0.0,0.0,0.0,0.0,0.0,0.0,0.0,8.0,2.0,1.0
1539,12.84114940000002,0,8.2765,1.8477,2.1231,1.8357,0.1994,0.0031,0.009,0.0003,0.0303,0.0449,0.0022,0.0012,0.0107,0.0002,0.0017,0.0018,0.0001,0.0001,0.0083,0.0013,0.0009,0.0001,0.0044,0.0904,0.0196,0.0,0.0142,0.0,155.0,0.0,92.0,63.0,90.0,0.0,0.0,0.0,0.0,0.0,0.0,0.0,0.0,0.0,0.0,0.0,0.0,0.0,0.0,0.0,0.0,0.0,0.0,8.0,2.0,1.0
1540,12.84942590000002,0,8.3585,1.8683,2.2151,1.8521,0.1985,0.0033,0.0088,0.0002,0.0384,0.0535,0.002,0.0008,0.0097,0.0001,0.0013,0.0015,0.0001,0.0001,0.0088,0.0017,0.0004,0.0,0.0034,0.095,0.0216,0.0001,0.016,0.0,155.0,0.0,92.0,63.0,90.0,0.0,0.0,0.0,0.0,0.0,0.0,0.0,0.0,0.0,0.0,0.0,0.0,0.0,0.0,0.0,0.0,0.0,0.0,8.0,2.0,1.0
1541,12.85778440000002,0,8.5341,1.8886,2.2114,1.9206,0.2191,0.004,0.0105,0.0002,0.0285,0.0458,0.0031,0.001,0.0137,0.0001,0.0021,0.0018,0.0001,0.0002,0.0124,0.0019,0.0012,0.0001,0.0048,0.1049,0.0251,0.0,0.0145,0.0,155.0,0.0,92.0,63.0,90.0,0.0,0.0,0.0,0.0,0.0,0.0,0.0,0.0,0.0,0.0,0.0,0.0,0.0,0.0,0.0,0.0,0.0,0.0,8.0,2.0,1.0
1542,12.86631850000002,0,8.3049,2.0747,2.3469,1.8158,0.2555,0.0029,0.0082,0.0004,0.0554,0.0693,0.003,0.0008,0.0142,0.0003,0.0017,0.0018,0.0001,0.0001,0.0078,0.0013,0.0004,0.0,0.0054,0.1216,0.0397,0.0001,0.0134,0.0,155.0,0.0,92.0,63.0,90.0,0.0,0.0,0.0,0.0,0.0,0.0,0.0,0.0,0.0,0.0,0.0,0.0,0.0,0.0,0.0,0.0,0.0,0.0,8.0,2.0,1.0
1543,12.87462340000002,0,8.0573,1.9413,2.0538,1.7627,0.1787,0.0026,0.0071,0.0002,0.0303,0.0421,0.0019,0.0008,0.0091,0.0001,0.0019,0.0016,0.0006,0.0001,0.0081,0.0013,0.001,0.0001,0.0035,0.0828,0.0203,0.0,0.0142,0.0,155.0,0.0,92.0,63.0,90.0,0.0,0.0,0.0,0.0,0.0,0.0,0.0,0.0,0.0,0.0,0.0,0.0,0.0,0.0,0.0,0.0,0.0,0.0,8.0,2.0,1.0
1544,12.882680700000021,0,8.574,1.9007,2.3079,1.7274,0.2214,0.0031,0.0086,0.0002,0.0406,0.0549,0.0031,0.0008,0.0135,0.0001,0.0021,0.0018,0.0001,0.0002,0.0101,0.0016,0.0006,0.0001,0.0048,0.1072,0.0244,0.0001,0.0137,0.0,155.0,0.0,92.0,63.0,90.0,0.0,0.0,0.0,0.0,0.0,0.0,0.0,0.0,0.0,0.0,0.0,0.0,0.0,0.0,0.0,0.0,0.0,0.0,8.0,2.0,1.0
1545,12.89125470000002,0,8.3898,2.0873,2.3498,1.9069,0.2496,0.003,0.0076,0.0003,0.0397,0.0529,0.003,0.0007,0.0151,0.0002,0.002,0.0016,0.0001,0.0,0.0115,0.0014,0.0005,0.0001,0.0067,0.1126,0.0397,0.0,0.0143,0.0,155.0,0.0,92.0,63.0,90.0,0.0,0.0,0.0,0.0,0.0,0.0,0.0,0.0,0.0,0.0,0.0,0.0,0.0,0.0,0.0,0.0,0.0,0.0,8.0,2.0,1.0
1546,12.89964450000002,0,8.2281,1.9432,2.0938,1.9079,0.2075,0.0026,0.0076,0.0002,0.038,0.0506,0.0024,0.0009,0.0108,0.0001,0.0015,0.0019,0.0001,0.0001,0.0081,0.0018,0.0005,0.0001,0.0032,0.0968,0.0309,0.0001,0.0114,0.0,155.0,0.0,92.0,63.0,88.0,0.0,0.0,0.0,0.0,0.0,0.0,0.0,0.0,0.0,0.0,0.0,0.0,0.0,0.0,0.0,0.0,0.0,0.0,8.0,2.0,1.0
1547,12.90787260000002,0,8.4096,2.0116,2.3031,1.8951,0.2183,0.0029,0.008,0.0003,0.037,0.0505,0.0023,0.0008,0.0106,0.0001,0.0016,0.0023,0.0001,0.0001,0.0084,0.0017,0.0005,0.0001,0.0033,0.0924,0.0361,0.0,0.0117,0.0,155.0,0.0,92.0,63.0,88.0,0.0,0.0,0.0,0.0,0.0,0.0,0.0,0.0,0.0,0.0,0.0,0.0,0.0,0.0,0.0,0.0,0.0,0.0,8.0,2.0,1.0
1548,12.91628220000002,0,8.3175,2.0576,2.3977,1.8637,0.2077,0.0031,0.0079,0.0002,0.0441,0.0578,0.0024,0.0007,0.0104,0.0002,0.0016,0.0019,0.0001,0.0001,0.008,0.0017,0.0005,0.0002,0.0031,0.0996,0.025,0.0,0.0131,0.0,155.0,0.0,92.0,63.0,88.0,0.0,0.0,0.0,0.0,0.0,0.0,0.0,0.0,0.0,0.0,0.0,0.0,0.0,0.0,0.0,0.0,0.0,0.0,8.0,2.0,1.0
1549,12.924599700000021,0,8.25,1.9824,2.2634,1.7927,0.2158,0.0033,0.009,0.0002,0.035,0.0499,0.0024,0.0008,0.0121,0.0001,0.0016,0.0021,0.0001,0.0002,0.0092,0.0014,0.0005,0.0,0.0039,0.0966,0.0305,0.0,0.0144,0.0,155.0,0.0,92.0,63.0,88.0,0.0,0.0,0.0,0.0,0.0,0.0,0.0,0.0,0.0,0.0,0.0,0.0,0.0,0.0,0.0,0.0,0.0,0.0,8.0,2.0,1.0
1550,12.932849700000022,0,8.4769,1.9582,2.1524,1.8011,0.2212,0.0029,0.0095,0.0002,0.0456,0.0602,0.0022,0.0008,0.0122,0.0002,0.0015,0.0023,0.0001,0.0001,0.0093,0.0016,0.001,0.0001,0.0044,0.1083,0.0243,0.0001,0.0145,0.0,155.0,0.0,92.0,63.0,88.0,0.0,0.0,0.0,0.0,0.0,0.0,0.0,0.0,0.0,0.0,0.0,0.0,0.0,0.0,0.0,0.0,0.0,0.0,8.0,2.0,1.0
1551,12.941326600000021,0,8.242,2.049,2.402,1.9544,0.267,0.0042,0.0104,0.0002,0.0429,0.0604,0.0028,0.001,0.0133,0.0001,0.0023,0.0019,0.0,0.0002,0.0085,0.0014,0.0005,0.0001,0.0041,0.1136,0.0535,0.0,0.0138,0.0,155.0,0.0,92.0,63.0,86.0,0.0,0.0,0.0,0.0,0.0,0.0,0.0,0.0,0.0,0.0,0.0,0.0,0.0,0.0,0.0,0.0,0.0,0.0,8.0,2.0,1.0
1552,12.94956860000002,0,8.3807,1.9534,2.1515,1.845,0.2,0.0032,0.0074,0.0002,0.0437,0.0573,0.002,0.0013,0.0109,0.0002,0.0017,0.0017,0.0002,0.0005,0.008,0.0014,0.0004,0.0,0.0037,0.0997,0.0205,0.0,0.0129,0.0,155.0,0.0,92.0,63.0,86.0,0.0,0.0,0.0,0.0,0.0,0.0,0.0,0.0,0.0,0.0,0.0,0.0,0.0,0.0,0.0,0.0,0.0,0.0,8.0,2.0,1.0
1553,12.95794930000002,0,8.44,1.9343,2.4301,1.7513,0.2132,0.0032,0.0069,0.0001,0.0339,0.0468,0.0026,0.001,0.0117,0.0002,0.0019,0.0033,0.0002,0.0002,0.0095,0.0014,0.0005,0.0001,0.0037,0.0962,0.025,0.0001,0.0139,0.0,155.0,0.0,92.0,63.0,86.0,0.0,0.0,0.0,0.0,0.0,0.0,0.0,0.0,0.0,0.0,0.0,0.0,0.0,0.0,0.0,0.0,0.0,0.0,8.0,2.0,1.0
1554,12.96638930000002,0,8.145,2.0459,2.3201,1.8353,0.2185,0.0033,0.0085,0.0002,0.0469,0.062,0.003,0.0008,0.0124,0.0001,0.002,0.0019,0.0001,0.0001,0.0082,0.0019,0.0004,0.0001,0.004,0.1089,0.0234,0.0,0.0123,0.0,155.0,0.0,92.0,63.0,86.0,0.0,0.0,0.0,0.0,0.0,0.0,0.0,0.0,0.0,0.0,0.0,0.0,0.0,0.0,0.0,0.0,0.0,0.0,8.0,2.0,1.0
1555,12.974534300000022,0,8.5807,1.9321,2.3017,1.8391,0.2205,0.0038,0.0069,0.0002,0.0423,0.0557,0.0024,0.0009,0.012,0.0002,0.0024,0.0025,0.0001,0.0001,0.0094,0.0014,0.0008,0.0001,0.0035,0.1039,0.025,0.0,0.0128,0.0,155.0,0.0,92.0,63.0,86.0,0.0,0.0,0.0,0.0,0.0,0.0,0.0,0.0,0.0,0.0,0.0,0.0,0.0,0.0,0.0,0.0,0.0,0.0,8.0,2.0,1.0
1556,12.983115000000021,0,8.2143,1.9598,2.5334,1.7948,0.2601,0.0041,0.0111,0.0002,0.0322,0.0502,0.003,0.0009,0.0139,0.0006,0.0016,0.003,0.0002,0.0002,0.0144,0.002,0.0007,0.0001,0.0049,0.1113,0.0268,0.0001,0.0131,0.0,155.0,0.0,92.0,63.0,86.0,0.0,0.0,0.0,0.0,0.0,0.0,0.0,0.0,0.0,0.0,0.0,0.0,0.0,0.0,0.0,0.0,0.0,0.0,8.0,2.0,1.0
1557,12.991329300000022,0,8.0816,2.0712,2.1103,1.8083,0.1954,0.0029,0.0083,0.0003,0.0309,0.0443,0.0018,0.0006,0.0097,0.0001,0.0014,0.002,0.0001,0.0002,0.0078,0.0012,0.0004,0.0001,0.0033,0.0848,0.0256,0.0,0.0138,0.0,155.0,0.0,92.0,63.0,84.0,0.0,0.0,0.0,0.0,0.0,0.0,0.0,0.0,0.0,0.0,0.0,0.0,0.0,0.0,0.0,0.0,0.0,0.0,8.0,2.0,1.0
1558,12.999410900000022,0,8.7163,2.0538,2.2459,1.8927,0.2427,0.0031,0.0088,0.0002,0.0488,0.0634,0.0029,0.0008,0.0138,0.0001,0.0022,0.002,0.0001,0.0002,0.0119,0.0015,0.001,0.0,0.0047,0.1203,0.033,0.0,0.0118,0.0,155.0,0.0,92.0,63.0,84.0,0.0,0.0,0.0,0.0,0.0,0.0,0.0,0.0,0.0,0.0,0.0,0.0,0.0,0.0,0.0,0.0,0.0,0.0,8.0,2.0,1.0
1559,13.008127200000022,0,8.3879,2.0051,2.5868,1.8354,0.3711,0.004,0.0104,0.0006,0.0336,0.0518,0.0026,0.001,0.0126,0.0002,0.002,0.0017,0.0002,0.0002,0.0089,0.0013,0.0009,0.0001,0.0041,0.1013,0.025,0.0,0.0117,0.0,155.0,0.0,92.0,63.0,84.0,0.0,0.0,0.0,0.0,0.0,0.0,0.0,0.0,0.0,0.0,0.0,0.0,0.0,0.0,0.0,0.0,0.0,0.0,8.0,2.0,1.0
1560,13.016515100000023,0,8.0512,2.0648,2.3832,1.809,0.2045,0.0033,0.008,0.0003,0.0411,0.0553,0.0019,0.0008,0.0094,0.0007,0.0014,0.0016,0.0005,0.0001,0.0084,0.0013,0.001,0.0001,0.0033,0.0972,0.0221,0.0,0.0132,0.0,155.0,0.0,92.0,63.0,84.0,0.0,0.0,0.0,0.0,0.0,0.0,0.0,0.0,0.0,0.0,0.0,0.0,0.0,0.0,0.0,0.0,0.0,0.0,8.0,2.0,1.0
1561,13.024566300000023,0,8.3871,1.9288,2.1549,1.8655,0.2008,0.0035,0.0092,0.0002,0.0314,0.0467,0.0021,0.0009,0.0105,0.0001,0.0021,0.0016,0.0001,0.0005,0.0086,0.0012,0.0005,0.0001,0.0033,0.0896,0.0244,0.0,0.0129,0.0,155.0,0.0,92.0,63.0,84.0,0.0,0.0,0.0,0.0,0.0,0.0,0.0,0.0,0.0,0.0,0.0,0.0,0.0,0.0,0.0,0.0,0.0,0.0,8.0,2.0,1.0
1562,13.032953400000023,0,8.2438,1.9634,2.2821,1.8567,0.2153,0.003,0.0089,0.0003,0.0408,0.0563,0.0023,0.0008,0.0102,0.0002,0.0016,0.0018,0.0003,0.0001,0.0085,0.0019,0.0006,0.0001,0.0038,0.1009,0.0235,0.0,0.0123,0.0,155.0,0.0,92.0,63.0,84.0,0.0,0.0,0.0,0.0,0.0,0.0,0.0,0.0,0.0,0.0,0.0,0.0,0.0,0.0,0.0,0.0,0.0,0.0,8.0,2.0,1.0
1563,13.041197200000024,0,8.2439,2.0307,2.1736,1.7862,0.1947,0.0028,0.0086,0.0003,0.0309,0.0449,0.0021,0.0006,0.0106,0.0001,0.0022,0.0019,0.0001,0.0001,0.0091,0.0013,0.0005,0.0001,0.0038,0.0897,0.0226,0.0001,0.0141,0.0,155.0,0.0,92.0,63.0,84.0,0.0,0.0,0.0,0.0,0.0,0.0,0.0,0.0,0.0,0.0,0.0,0.0,0.0,0.0,0.0,0.0,0.0,0.0,8.0,2.0,1.0
1564,13.049441100000024,0,8.9379,1.9639,2.5446,1.9123,0.2936,0.004,0.0097,0.0002,0.0596,0.0768,0.004,0.0016,0.0168,0.0003,0.0028,0.0024,0.0002,0.0002,0.0099,0.0021,0.0006,0.0001,0.0069,0.1421,0.038,0.0,0.0118,0.0,155.0,0.0,92.0,63.0,84.0,0.0,0.0,0.0,0.0,0.0,0.0,0.0,0.0,0.0,0.0,0.0,0.0,0.0,0.0,0.0,0.0,0.0,0.0,8.0,2.0,1.0
1565,13.058379000000023,0,7.9442,2.156,2.4858,1.9194,0.2369,0.0036,0.009,0.0003,0.0331,0.0491,0.0026,0.0011,0.0116,0.0001,0.0018,0.0018,0.0001,0.0002,0.0092,0.0013,0.0006,0.0001,0.0037,0.0959,0.0459,0.0,0.0125,0.0,155.0,0.0,92.0,63.0,84.0,0.0,0.0,0.0,0.0,0.0,0.0,0.0,0.0,0.0,0.0,0.0,0.0,0.0,0.0,0.0,0.0,0.0,0.0,8.0,2.0,1.0
1566,13.066323200000024,0,8.3995,2.0576,2.3795,1.6731,0.2546,0.0033,0.0097,0.0003,0.0453,0.062,0.0035,0.0011,0.0146,0.0002,0.0017,0.0025,0.0001,0.0002,0.0103,0.0014,0.0008,0.0001,0.0045,0.1166,0.0315,0.0001,0.0126,0.0,155.0,0.0,92.0,63.0,84.0,0.0,0.0,0.0,0.0,0.0,0.0,0.0,0.0,0.0,0.0,0.0,0.0,0.0,0.0,0.0,0.0,0.0,0.0,8.0,2.0,1.0
1567,13.074722700000024,0,8.0433,1.9675,2.1873,1.8009,0.1779,0.0029,0.0079,0.0002,0.0276,0.0408,0.0018,0.0007,0.0086,0.0006,0.0011,0.0013,0.0,0.0001,0.0076,0.0011,0.0005,0.0001,0.003,0.0791,0.0218,0.0,0.0135,0.0,155.0,0.0,92.0,63.0,84.0,0.0,0.0,0.0,0.0,0.0,0.0,0.0,0.0,0.0,0.0,0.0,0.0,0.0,0.0,0.0,0.0,0.0,0.0,8.0,2.0,1.0
1568,13.082766000000024,0,8.473,1.9816,2.2539,1.8212,0.2217,0.0035,0.0091,0.0003,0.0412,0.0566,0.0029,0.0008,0.0121,0.0002,0.002,0.0016,0.0001,0.0002,0.0085,0.0014,0.001,0.0001,0.0037,0.1026,0.0242,0.0,0.0111,0.0,155.0,0.0,92.0,63.0,84.0,0.0,0.0,0.0,0.0,0.0,0.0,0.0,0.0,0.0,0.0,0.0,0.0,0.0,0.0,0.0,0.0,0.0,0.0,8.0,2.0,1.0
1569,13.091239000000025,0,8.1761,1.9656,2.0806,1.715,0.178,0.0025,0.0075,0.0002,0.0282,0.0412,0.0023,0.0008,0.0093,0.0001,0.0014,0.0021,0.0001,0.0001,0.0081,0.0017,0.0005,0.0001,0.0031,0.0814,0.0203,0.0,0.0127,0.0,155.0,0.0,92.0,63.0,84.0,0.0,0.0,0.0,0.0,0.0,0.0,0.0,0.0,0.0,0.0,0.0,0.0,0.0,0.0,0.0,0.0,0.0,0.0,8.0,2.0,1.0
1570,13.099415100000025,0,8.5771,1.9736,2.3625,1.8991,0.3154,0.0035,0.0083,0.0003,0.0391,0.0539,0.002,0.0015,0.0109,0.0002,0.0017,0.0016,0.0002,0.0005,0.0083,0.0011,0.0006,0.0001,0.0034,0.0963,0.1335,0.0,0.0134,0.0,155.0,0.0,92.0,63.0,84.0,0.0,0.0,0.0,0.0,0.0,0.0,0.0,0.0,0.0,0.0,0.0,0.0,0.0,0.0,0.0,0.0,0.0,0.0,8.0,2.0,1.0
1571,13.107992200000025,0,8.1428,1.8362,2.1842,1.678,0.201,0.0033,0.0102,0.0003,0.0275,0.0434,0.0023,0.0009,0.0115,0.0002,0.0015,0.0021,0.0,0.0001,0.0092,0.0013,0.0006,0.0002,0.0037,0.0898,0.0215,0.0001,0.0136,0.0,155.0,0.0,92.0,63.0,84.0,0.0,0.0,0.0,0.0,0.0,0.0,0.0,0.0,0.0,0.0,0.0,0.0,0.0,0.0,0.0,0.0,0.0,0.0,8.0,2.0,1.0
1572,13.116135000000025,0,8.3036,1.9111,2.1176,1.689,0.2049,0.0031,0.0087,0.0001,0.041,0.055,0.0028,0.0008,0.011,0.0002,0.0017,0.0016,0.0001,0.0001,0.009,0.0012,0.0005,0.0001,0.0039,0.0985,0.0211,0.0,0.0126,0.0,155.0,0.0,92.0,63.0,84.0,0.0,0.0,0.0,0.0,0.0,0.0,0.0,0.0,0.0,0.0,0.0,0.0,0.0,0.0,0.0,0.0,0.0,0.0,8.0,2.0,1.0
1573,13.124438600000024,0,8.293,1.9345,2.0717,1.8061,0.1773,0.0026,0.0077,0.0001,0.0278,0.0402,0.0018,0.0008,0.01,0.0002,0.0017,0.0015,0.0,0.0001,0.0081,0.0017,0.0004,0.0,0.003,0.0799,0.0191,0.0001,0.0131,0.0,155.0,0.0,92.0,63.0,84.0,0.0,0.0,0.0,0.0,0.0,0.0,0.0,0.0,0.0,0.0,0.0,0.0,0.0,0.0,0.0,0.0,0.0,0.0,8.0,2.0,1.0
1574,13.132731600000024,0,8.5382,1.8733,2.2859,1.7944,0.2189,0.003,0.0096,0.0003,0.037,0.0526,0.0026,0.0014,0.0106,0.0002,0.0014,0.0021,0.0001,0.0001,0.008,0.0014,0.0004,0.0001,0.004,0.0967,0.0251,0.0001,0.0137,0.0,155.0,0.0,92.0,63.0,84.0,0.0,0.0,0.0,0.0,0.0,0.0,0.0,0.0,0.0,0.0,0.0,0.0,0.0,0.0,0.0,0.0,0.0,0.0,8.0,2.0,1.0
1575,13.141269800000025,0,8.1974,1.8251,2.1674,1.7599,0.2054,0.0035,0.009,0.0002,0.0291,0.0443,0.0022,0.0008,0.0077,0.0002,0.0015,0.002,0.0,0.0001,0.0072,0.0012,0.001,0.0,0.0042,0.0905,0.0238,0.0001,0.0136,0.0,155.0,0.0,92.0,63.0,82.0,0.0,0.0,0.0,0.0,0.0,0.0,0.0,0.0,0.0,0.0,0.0,0.0,0.0,0.0,0.0,0.0,0.0,0.0,8.0,2.0,1.0
1576,13.149467200000025,0,8.3263,1.8045,2.1341,1.9095,0.183,0.0028,0.007,0.0002,0.0375,0.0496,0.002,0.0007,0.0086,0.0002,0.0012,0.0015,0.0005,0.0001,0.0077,0.001,0.0004,0.0,0.0031,0.0859,0.0208,0.0,0.0126,0.0,155.0,0.0,92.0,63.0,82.0,0.0,0.0,0.0,0.0,0.0,0.0,0.0,0.0,0.0,0.0,0.0,0.0,0.0,0.0,0.0,0.0,0.0,0.0,8.0,2.0,1.0
1577,13.157793500000025,0,8.2323,1.8648,2.1142,1.8056,0.2033,0.0025,0.0078,0.0002,0.0315,0.0442,0.0019,0.0007,0.0093,0.0002,0.0013,0.0021,0.0001,0.0001,0.0077,0.0014,0.0004,0.0001,0.0034,0.0833,0.0201,0.0,0.0115,0.0,155.0,0.0,92.0,63.0,82.0,0.0,0.0,0.0,0.0,0.0,0.0,0.0,0.0,0.0,0.0,0.0,0.0,0.0,0.0,0.0,0.0,0.0,0.0,8.0,2.0,1.0
1578,13.166025800000025,0,8.7542,1.8522,2.3188,1.765,0.2266,0.0035,0.0091,0.0002,0.0428,0.0581,0.0026,0.001,0.0122,0.0002,0.0018,0.0023,0.0001,0.0002,0.0099,0.0016,0.0013,0.0001,0.0037,0.1075,0.0266,0.0,0.013,0.0,155.0,0.0,92.0,63.0,82.0,0.0,0.0,0.0,0.0,0.0,0.0,0.0,0.0,0.0,0.0,0.0,0.0,0.0,0.0,0.0,0.0,0.0,0.0,8.0,2.0,1.0
1579,13.174780000000025,0,7.9704,1.9774,2.1962,1.7937,0.1877,0.0031,0.0077,0.0002,0.0283,0.0412,0.0019,0.0006,0.0097,0.0001,0.0014,0.0019,0.0002,0.0001,0.0074,0.0015,0.0005,0.0001,0.0032,0.0848,0.0195,0.0,0.0135,0.0,155.0,0.0,92.0,63.0,82.0,0.0,0.0,0.0,0.0,0.0,0.0,0.0,0.0,0.0,0.0,0.0,0.0,0.0,0.0,0.0,0.0,0.0,0.0,8.0,2.0,1.0
1580,13.182750400000025,0,8.3644,2.002,2.1578,1.7946,0.2024,0.0031,0.0089,0.0002,0.0452,0.06,0.0022,0.0007,0.0096,0.0001,0.0014,0.002,0.0,0.0001,0.0078,0.0013,0.0005,0.0001,0.0037,0.1012,0.0184,0.0,0.0131,0.0,155.0,0.0,92.0,63.0,82.0,0.0,0.0,0.0,0.0,0.0,0.0,0.0,0.0,0.0,0.0,0.0,0.0,0.0,0.0,0.0,0.0,0.0,0.0,8.0,2.0,1.0
1581,13.191114800000024,0,8.1999,1.9466,2.0213,1.7459,0.1811,0.0028,0.0082,0.0002,0.0291,0.0423,0.0029,0.0007,0.0099,0.0001,0.0014,0.0019,0.0001,0.0001,0.0077,0.0011,0.0004,0.0002,0.0031,0.0824,0.0211,0.0,0.0132,0.0,155.0,0.0,92.0,63.0,82.0,0.0,0.0,0.0,0.0,0.0,0.0,0.0,0.0,0.0,0.0,0.0,0.0,0.0,0.0,0.0,0.0,0.0,0.0,8.0,2.0,1.0
1582,13.199314700000023,0,8.5066,1.8447,2.043,1.7987,0.1905,0.0029,0.0074,0.0002,0.0418,0.0541,0.0025,0.0007,0.0095,0.0001,0.0013,0.0019,0.0001,0.0002,0.0076,0.001,0.0004,0.0,0.003,0.0934,0.0208,0.0,0.0139,0.0,155.0,0.0,92.0,63.0,82.0,0.0,0.0,0.0,0.0,0.0,0.0,0.0,0.0,0.0,0.0,0.0,0.0,0.0,0.0,0.0,0.0,0.0,0.0,8.0,2.0,1.0
1583,13.207821300000024,0,8.3596,1.7601,2.207,1.9727,0.2071,0.0032,0.0098,0.0002,0.0319,0.0478,0.0023,0.0009,0.0107,0.0002,0.0016,0.002,0.0001,0.0001,0.0083,0.0015,0.0005,0.0001,0.0037,0.0919,0.0227,0.0,0.0127,0.0,155.0,0.0,92.0,63.0,82.0,0.0,0.0,0.0,0.0,0.0,0.0,0.0,0.0,0.0,0.0,0.0,0.0,0.0,0.0,0.0,0.0,0.0,0.0,8.0,2.0,1.0
1584,13.216180900000024,0,8.2187,1.8049,2.1431,1.7649,0.2027,0.0028,0.0087,0.0002,0.0396,0.0534,0.0021,0.0008,0.0108,0.0001,0.0016,0.0015,0.0,0.0001,0.0087,0.0013,0.001,0.0,0.0036,0.0969,0.0218,0.0,0.0121,0.0,155.0,0.0,92.0,63.0,82.0,0.0,0.0,0.0,0.0,0.0,0.0,0.0,0.0,0.0,0.0,0.0,0.0,0.0,0.0,0.0,0.0,0.0,0.0,8.0,2.0,1.0
1585,13.224399600000025,0,8.3464,1.7953,2.0607,1.796,0.1798,0.0027,0.0077,0.0002,0.0313,0.0436,0.002,0.0013,0.0097,0.0001,0.0019,0.0015,0.0001,0.0001,0.0078,0.0017,0.0005,0.0001,0.0031,0.0824,0.0188,0.0,0.0119,0.0,155.0,0.0,92.0,63.0,82.0,0.0,0.0,0.0,0.0,0.0,0.0,0.0,0.0,0.0,0.0,0.0,0.0,0.0,0.0,0.0,0.0,0.0,0.0,8.0,2.0,1.0
1586,13.232746000000025,0,8.3087,2.3261,2.1791,1.74,0.2086,0.003,0.0096,0.0002,0.0396,0.0547,0.0022,0.0007,0.0099,0.0001,0.0015,0.002,0.0,0.0001,0.0075,0.0014,0.0009,0.0001,0.0038,0.0979,0.0227,0.0,0.0126,0.0,155.0,0.0,92.0,63.0,82.0,0.0,0.0,0.0,0.0,0.0,0.0,0.0,0.0,0.0,0.0,0.0,0.0,0.0,0.0,0.0,0.0,0.0,0.0,8.0,2.0,1.0
1587,13.241054700000026,0,8.314,1.8207,2.0527,1.6316,0.2011,0.0031,0.0088,0.0002,0.0358,0.0502,0.0021,0.0009,0.0102,0.0001,0.0015,0.0022,0.0002,0.0001,0.008,0.0016,0.0005,0.0001,0.0041,0.0923,0.0205,0.0001,0.0117,0.0,155.0,0.0,92.0,63.0,82.0,0.0,0.0,0.0,0.0,0.0,0.0,0.0,0.0,0.0,0.0,0.0,0.0,0.0,0.0,0.0,0.0,0.0,0.0,8.0,2.0,1.0
1588,13.249368700000026,0,8.4192,1.7418,1.9516,1.7218,0.184,0.0032,0.0087,0.0001,0.0296,0.0435,0.0022,0.0007,0.0094,0.0001,0.0013,0.0015,0.0004,0.0001,0.0082,0.0012,0.0008,0.0001,0.0034,0.0882,0.0174,0.0001,0.0105,0.0,155.0,0.0,92.0,63.0,82.0,0.0,0.0,0.0,0.0,0.0,0.0,0.0,0.0,0.0,0.0,0.0,0.0,0.0,0.0,0.0,0.0,0.0,0.0,8.0,2.0,1.0
1589,13.257787900000027,0,8.4113,1.8002,2.2157,1.7385,0.2084,0.0034,0.009,0.0002,0.0386,0.0539,0.0022,0.0007,0.0114,0.0001,0.0015,0.0022,0.0001,0.0001,0.0075,0.0013,0.0009,0.0001,0.0042,0.0986,0.0196,0.0,0.0132,0.0,155.0,0.0,92.0,63.0,82.0,0.0,0.0,0.0,0.0,0.0,0.0,0.0,0.0,0.0,0.0,0.0,0.0,0.0,0.0,0.0,0.0,0.0,0.0,8.0,2.0,1.0
1590,13.266199200000028,0,8.1507,1.8546,2.1778,1.7578,0.1908,0.0029,0.0082,0.0002,0.0379,0.0511,0.0018,0.0007,0.0109,0.0001,0.0018,0.0014,0.0,0.0001,0.0078,0.0017,0.0005,0.0001,0.0033,0.0919,0.0213,0.0001,0.0129,0.0,155.0,0.0,92.0,63.0,82.0,0.0,0.0,0.0,0.0,0.0,0.0,0.0,0.0,0.0,0.0,0.0,0.0,0.0,0.0,0.0,0.0,0.0,0.0,8.0,2.0,1.0
1591,13.274349900000027,0,8.378,1.8322,1.9528,1.7419,0.173,0.0029,0.0074,0.0002,0.0285,0.041,0.002,0.0007,0.0092,0.0002,0.0019,0.0015,0.0001,0.0001,0.0075,0.0017,0.0005,0.0,0.0033,0.0794,0.0187,0.0,0.0138,0.0,155.0,0.0,92.0,63.0,82.0,0.0,0.0,0.0,0.0,0.0,0.0,0.0,0.0,0.0,0.0,0.0,0.0,0.0,0.0,0.0,0.0,0.0,0.0,8.0,2.0,1.0
1592,13.282727900000028,0,8.3446,1.8735,2.1197,1.7871,0.1996,0.0034,0.0081,0.0002,0.0419,0.0558,0.002,0.0008,0.0093,0.0003,0.0014,0.0014,0.0001,0.0001,0.0081,0.0014,0.0005,0.0001,0.0035,0.0963,0.0214,0.0001,0.0128,0.0,155.0,0.0,92.0,63.0,82.0,0.0,0.0,0.0,0.0,0.0,0.0,0.0,0.0,0.0,0.0,0.0,0.0,0.0,0.0,0.0,0.0,0.0,0.0,8.0,2.0,1.0
1593,13.291072500000027,0,8.4925,2.3093,2.2161,1.8929,0.1968,0.0029,0.0085,0.0002,0.0352,0.0494,0.0019,0.0008,0.0106,0.0002,0.0019,0.0016,0.0001,0.0002,0.0075,0.0023,0.0005,0.0001,0.0032,0.0908,0.0208,0.0,0.0137,0.0,155.0,0.0,92.0,63.0,82.0,0.0,0.0,0.0,0.0,0.0,0.0,0.0,0.0,0.0,0.0,0.0,0.0,0.0,0.0,0.0,0.0,0.0,0.0,8.0,2.0,1.0
1594,13.299565000000026,0,8.2114,1.8248,2.1854,1.7991,0.192,0.0029,0.0089,0.0001,0.0377,0.0524,0.0019,0.0009,0.0096,0.0006,0.0015,0.0021,0.0001,0.0001,0.0078,0.0011,0.0005,0.0,0.0031,0.0927,0.0195,0.0,0.0108,0.0,155.0,0.0,92.0,63.0,82.0,0.0,0.0,0.0,0.0,0.0,0.0,0.0,0.0,0.0,0.0,0.0,0.0,0.0,0.0,0.0,0.0,0.0,0.0,8.0,2.0,1.0
1595,13.307776400000026,0,8.3437,1.9515,2.1087,1.8748,0.2013,0.0037,0.0091,0.0002,0.0344,0.0498,0.0023,0.0007,0.0106,0.0002,0.0016,0.0016,0.0,0.0001,0.0091,0.0014,0.0006,0.0001,0.0036,0.0932,0.0199,0.0,0.0129,0.0,155.0,0.0,92.0,63.0,82.0,0.0,0.0,0.0,0.0,0.0,0.0,0.0,0.0,0.0,0.0,0.0,0.0,0.0,0.0,0.0,0.0,0.0,0.0,8.0,2.0,1.0
1596,13.316120100000026,0,8.2942,1.7942,2.1235,1.7388,0.1872,0.0034,0.0091,0.0002,0.038,0.0526,0.0023,0.0007,0.0093,0.0002,0.0018,0.0014,0.0,0.0001,0.0076,0.0012,0.0004,0.0,0.0032,0.092,0.0195,0.0,0.0122,0.0,155.0,0.0,92.0,63.0,82.0,0.0,0.0,0.0,0.0,0.0,0.0,0.0,0.0,0.0,0.0,0.0,0.0,0.0,0.0,0.0,0.0,0.0,0.0,8.0,2.0,1.0
1597,13.324414300000026,0,8.331,1.8817,2.0712,1.8011,0.1926,0.003,0.0089,0.0002,0.0298,0.0441,0.0021,0.0009,0.0107,0.0001,0.0017,0.0016,0.0,0.0001,0.0083,0.0012,0.0005,0.0001,0.0035,0.087,0.0219,0.0001,0.0121,0.0,155.0,0.0,92.0,63.0,82.0,0.0,0.0,0.0,0.0,0.0,0.0,0.0,0.0,0.0,0.0,0.0,0.0,0.0,0.0,0.0,0.0,0.0,0.0,8.0,2.0,1.0
1598,13.332745300000026,0,8.3596,1.9282,2.1375,1.9053,0.2058,0.0034,0.0096,0.0002,0.0403,0.0556,0.0023,0.0008,0.0103,0.0002,0.0013,0.0016,0.0001,0.0002,0.0087,0.0013,0.001,0.0,0.0037,0.0987,0.0204,0.0,0.0139,0.0,155.0,0.0,92.0,63.0,84.0,0.0,0.0,0.0,0.0,0.0,0.0,0.0,0.0,0.0,0.0,0.0,0.0,0.0,0.0,0.0,0.0,0.0,0.0,8.0,2.0,1.0
1599,13.341104900000026,0,8.2961,1.8184,2.0402,1.8244,0.206,0.0032,0.0087,0.0002,0.0361,0.051,0.0021,0.0008,0.0101,0.0001,0.0018,0.0016,0.0,0.0001,0.0081,0.0013,0.0005,0.0001,0.0042,0.0963,0.0227,0.0,0.0123,0.0,155.0,0.0,92.0,63.0,84.0,0.0,0.0,0.0,0.0,0.0,0.0,0.0,0.0,0.0,0.0,0.0,0.0,0.0,0.0,0.0,0.0,0.0,0.0,8.0,2.0,1.0
1600,13.349401000000027,0,8.3936,1.8297,2.1796,1.7565,0.1984,0.0032,0.0083,0.0002,0.0376,0.052,0.0024,0.0009,0.0125,0.0001,0.0012,0.0019,0.0,0.0002,0.0078,0.0016,0.0005,0.0002,0.0038,0.0969,0.0223,0.0,0.0135,0.0,155.0,0.0,92.0,63.0,84.0,0.0,0.0,0.0,0.0,0.0,0.0,0.0,0.0,0.0,0.0,0.0,0.0,0.0,0.0,0.0,0.0,0.0,0.0,8.0,2.0,1.0
1601,13.357794600000027,0,8.2242,1.9554,2.0048,1.7812,0.1746,0.0028,0.0067,0.0002,0.033,0.0444,0.0023,0.0007,0.0093,0.0001,0.0017,0.0015,0.0,0.0001,0.0071,0.001,0.0004,0.0001,0.0031,0.0805,0.021,0.0001,0.0134,0.0,155.0,0.0,92.0,63.0,84.0,0.0,0.0,0.0,0.0,0.0,0.0,0.0,0.0,0.0,0.0,0.0,0.0,0.0,0.0,0.0,0.0,0.0,0.0,8.0,2.0,1.0
1602,13.366018800000028,0,8.4366,2.0274,2.1879,1.8716,0.2089,0.0031,0.0085,0.0009,0.0402,0.055,0.0022,0.001,0.0113,0.0001,0.0019,0.0017,0.0001,0.0001,0.0081,0.0013,0.0004,0.0,0.0039,0.0998,0.0195,0.0,0.0146,0.0,155.0,0.0,92.0,63.0,84.0,0.0,0.0,0.0,0.0,0.0,0.0,0.0,0.0,0.0,0.0,0.0,0.0,0.0,0.0,0.0,0.0,0.0,0.0,8.0,2.0,1.0
1603,13.374455400000027,0,8.4528,1.8828,2.2105,1.7383,0.1786,0.0034,0.0082,0.0001,0.0302,0.0443,0.0019,0.0006,0.0088,0.0001,0.0017,0.0013,0.0,0.0005,0.0081,0.0011,0.0005,0.0001,0.0036,0.0837,0.0194,0.0001,0.0119,0.0,155.0,0.0,92.0,63.0,84.0,0.0,0.0,0.0,0.0,0.0,0.0,0.0,0.0,0.0,0.0,0.0,0.0,0.0,0.0,0.0,0.0,0.0,0.0,8.0,2.0,1.0
1604,13.382908200000028,0,8.308,2.0591,2.2172,1.8766,0.2087,0.0031,0.0085,0.0002,0.0434,0.0574,0.0025,0.0007,0.01,0.0002,0.0013,0.0022,0.0,0.0001,0.0084,0.0015,0.0006,0.0001,0.0037,0.1005,0.0208,0.0,0.0126,0.0,155.0,0.0,92.0,63.0,84.0,0.0,0.0,0.0,0.0,0.0,0.0,0.0,0.0,0.0,0.0,0.0,0.0,0.0,0.0,0.0,0.0,0.0,0.0,8.0,2.0,1.0
1605,13.391216200000027,0,8.1587,1.853,2.0729,1.8401,0.1879,0.0028,0.0078,0.0003,0.0338,0.0464,0.0021,0.0012,0.0104,0.0002,0.0017,0.0016,0.0,0.0002,0.011,0.0012,0.0009,0.0001,0.0031,0.0895,0.021,0.0,0.0127,0.0,155.0,0.0,92.0,63.0,84.0,0.0,0.0,0.0,0.0,0.0,0.0,0.0,0.0,0.0,0.0,0.0,0.0,0.0,0.0,0.0,0.0,0.0,0.0,8.0,2.0,1.0
1606,13.399374900000026,0,8.3839,1.8744,2.151,1.8095,0.198,0.0029,0.0092,0.0002,0.0415,0.0564,0.0018,0.0012,0.0095,0.0002,0.0012,0.0014,0.0,0.0002,0.0077,0.0015,0.0004,0.0,0.003,0.0947,0.0182,0.0,0.0119,0.0,155.0,0.0,92.0,63.0,84.0,0.0,0.0,0.0,0.0,0.0,0.0,0.0,0.0,0.0,0.0,0.0,0.0,0.0,0.0,0.0,0.0,0.0,0.0,8.0,2.0,1.0
1607,13.407758800000027,0,8.4255,1.8846,2.0062,1.7715,0.2202,0.003,0.0086,0.0002,0.0295,0.0433,0.0027,0.0007,0.011,0.0002,0.0012,0.0019,0.0,0.0001,0.0077,0.0016,0.0004,0.0,0.0037,0.0851,0.0475,0.0,0.0124,0.0,155.0,0.0,92.0,63.0,84.0,0.0,0.0,0.0,0.0,0.0,0.0,0.0,0.0,0.0,0.0,0.0,0.0,0.0,0.0,0.0,0.0,0.0,0.0,8.0,2.0,1.0
1608,13.416184300000026,0,8.2515,1.876,2.2498,1.7437,0.2157,0.0047,0.009,0.0003,0.0452,0.0614,0.0028,0.0007,0.0112,0.0002,0.002,0.0015,0.0002,0.0001,0.008,0.0013,0.0005,0.0001,0.0038,0.105,0.0234,0.0001,0.0125,0.0,155.0,0.0,92.0,63.0,84.0,0.0,0.0,0.0,0.0,0.0,0.0,0.0,0.0,0.0,0.0,0.0,0.0,0.0,0.0,0.0,0.0,0.0,0.0,8.0,2.0,1.0
1609,13.424435800000026,0,8.3044,1.9685,2.1039,1.9373,0.1964,0.0032,0.0087,0.0002,0.0281,0.0422,0.002,0.0007,0.0088,0.0001,0.002,0.0015,0.0,0.0006,0.0082,0.0013,0.0005,0.0001,0.0034,0.0848,0.0187,0.0001,0.0132,0.0,155.0,0.0,92.0,63.0,84.0,0.0,0.0,0.0,0.0,0.0,0.0,0.0,0.0,0.0,0.0,0.0,0.0,0.0,0.0,0.0,0.0,0.0,0.0,8.0,2.0,1.0
1610,13.432740200000026,0,8.5222,1.977,2.0502,1.9119,0.2031,0.0031,0.009,0.0001,0.0411,0.0552,0.0025,0.0008,0.0099,0.0002,0.0012,0.0019,0.0001,0.0001,0.008,0.0013,0.0008,0.0,0.0038,0.1007,0.0236,0.0,0.0116,0.0,155.0,0.0,92.0,63.0,84.0,0.0,0.0,0.0,0.0,0.0,0.0,0.0,0.0,0.0,0.0,0.0,0.0,0.0,0.0,0.0,0.0,0.0,0.0,8.0,2.0,1.0
1611,13.441262400000026,0,8.0847,1.841,2.1751,1.7954,0.1813,0.0034,0.0078,0.0002,0.028,0.0413,0.0019,0.0007,0.0093,0.0001,0.0013,0.0015,0.0,0.0001,0.0082,0.0012,0.0005,0.0001,0.0032,0.0813,0.0197,0.0,0.0113,0.0,155.0,0.0,92.0,63.0,84.0,0.0,0.0,0.0,0.0,0.0,0.0,0.0,0.0,0.0,0.0,0.0,0.0,0.0,0.0,0.0,0.0,0.0,0.0,8.0,2.0,1.0
1612,13.449347100000026,0,8.4267,2.0386,2.0825,1.8315,0.1936,0.0031,0.0082,0.0002,0.0314,0.0447,0.0019,0.0008,0.0099,0.0001,0.0013,0.002,0.0,0.0001,0.008,0.0016,0.0005,0.0001,0.0035,0.0865,0.0201,0.0001,0.0127,0.0,155.0,0.0,92.0,63.0,84.0,0.0,0.0,0.0,0.0,0.0,0.0,0.0,0.0,0.0,0.0,0.0,0.0,0.0,0.0,0.0,0.0,0.0,0.0,8.0,2.0,1.0
1613,13.457773800000025,0,8.4627,1.8873,2.1229,1.8204,0.1989,0.0033,0.0089,0.0002,0.0295,0.0447,0.0025,0.0009,0.0103,0.0002,0.0015,0.0022,0.0001,0.0001,0.0084,0.0017,0.0005,0.0,0.0038,0.0887,0.0212,0.0,0.0119,0.0,155.0,0.0,92.0,63.0,84.0,0.0,0.0,0.0,0.0,0.0,0.0,0.0,0.0,0.0,0.0,0.0,0.0,0.0,0.0,0.0,0.0,0.0,0.0,8.0,2.0,1.0
1614,13.466236500000026,0,8.2338,1.8699,2.2577,1.8407,0.1927,0.0031,0.0089,0.0002,0.0291,0.0442,0.0019,0.0007,0.0102,0.0001,0.0013,0.0016,0.0001,0.0001,0.0081,0.0012,0.0004,0.0,0.0034,0.0863,0.0198,0.0,0.0118,0.0,155.0,0.0,92.0,63.0,84.0,0.0,0.0,0.0,0.0,0.0,0.0,0.0,0.0,0.0,0.0,0.0,0.0,0.0,0.0,0.0,0.0,0.0,0.0,8.0,2.0,1.0
1615,13.474470300000025,0,8.3306,1.9056,2.1331,1.8355,0.1895,0.0031,0.0092,0.0002,0.0285,0.043,0.0024,0.0009,0.0097,0.0002,0.0015,0.0018,0.0001,0.0001,0.0079,0.0016,0.0005,0.0,0.0031,0.0827,0.0208,0.0,0.013,0.0,155.0,0.0,92.0,63.0,84.0,0.0,0.0,0.0,0.0,0.0,0.0,0.0,0.0,0.0,0.0,0.0,0.0,0.0,0.0,0.0,0.0,0.0,0.0,8.0,2.0,1.0
1616,13.482800900000026,0,8.4043,1.9626,2.1959,1.9552,0.1997,0.0029,0.0091,0.0001,0.0378,0.0532,0.0026,0.0009,0.0103,0.0001,0.0014,0.002,0.0001,0.0001,0.0082,0.0013,0.0004,0.0001,0.0039,0.0965,0.0194,0.0,0.0126,0.0,155.0,0.0,92.0,63.0,84.0,0.0,0.0,0.0,0.0,0.0,0.0,0.0,0.0,0.0,0.0,0.0,0.0,0.0,0.0,0.0,0.0,0.0,0.0,8.0,2.0,1.0
1617,13.491205200000026,0,8.2695,1.8689,2.126,1.8992,0.1926,0.0031,0.0089,0.0002,0.0278,0.0429,0.002,0.001,0.0103,0.0001,0.0017,0.0016,0.0,0.0001,0.0083,0.0013,0.0004,0.0004,0.0037,0.0851,0.02,0.0001,0.0132,0.0,155.0,0.0,92.0,63.0,84.0,0.0,0.0,0.0,0.0,0.0,0.0,0.0,0.0,0.0,0.0,0.0,0.0,0.0,0.0,0.0,0.0,0.0,0.0,8.0,2.0,1.0
1618,13.499474700000027,0,8.4379,1.8988,2.3125,1.8426,0.2075,0.003,0.0083,0.0002,0.0441,0.0575,0.0024,0.0008,0.0128,0.0002,0.0014,0.0018,0.0001,0.0001,0.0081,0.0012,0.0005,0.0001,0.0038,0.104,0.0216,0.0001,0.0118,0.0,155.0,0.0,92.0,63.0,84.0,0.0,0.0,0.0,0.0,0.0,0.0,0.0,0.0,0.0,0.0,0.0,0.0,0.0,0.0,0.0,0.0,0.0,0.0,8.0,2.0,1.0
1619,13.507912600000028,0,8.2489,1.916,2.1631,1.8481,0.2023,0.0032,0.0086,0.0002,0.031,0.046,0.0022,0.0007,0.0107,0.0001,0.0019,0.0019,0.0001,0.0007,0.0082,0.0014,0.0005,0.0,0.0037,0.089,0.021,0.0001,0.0124,0.0,155.0,0.0,92.0,63.0,84.0,0.0,0.0,0.0,0.0,0.0,0.0,0.0,0.0,0.0,0.0,0.0,0.0,0.0,0.0,0.0,0.0,0.0,0.0,8.0,2.0,1.0
1620,13.516161500000027,0,8.2518,1.8773,2.1561,1.7913,0.2116,0.0033,0.0087,0.0002,0.0428,0.0571,0.0024,0.0008,0.0105,0.0002,0.0014,0.0021,0.0001,0.0001,0.0085,0.0012,0.0005,0.0,0.0039,0.101,0.0222,0.0,0.0122,0.0,155.0,0.0,92.0,63.0,84.0,0.0,0.0,0.0,0.0,0.0,0.0,0.0,0.0,0.0,0.0,0.0,0.0,0.0,0.0,0.0,0.0,0.0,0.0,8.0,2.0,1.0
1621,13.524413300000028,0,8.4525,1.8378,2.0435,1.831,0.1911,0.0028,0.0091,0.0002,0.0279,0.0422,0.0023,0.0008,0.0104,0.0006,0.0013,0.0015,0.0,0.0002,0.0079,0.0011,0.0004,0.0001,0.0034,0.0837,0.0197,0.0001,0.0121,0.0,155.0,0.0,92.0,63.0,84.0,0.0,0.0,0.0,0.0,0.0,0.0,0.0,0.0,0.0,0.0,0.0,0.0,0.0,0.0,0.0,0.0,0.0,0.0,8.0,2.0,1.0
1622,13.532865800000028,0,8.3255,1.8721,2.3846,1.9279,0.2085,0.0032,0.0087,0.0002,0.0407,0.055,0.0027,0.0007,0.0118,0.0002,0.0016,0.0016,0.0001,0.0001,0.0086,0.0014,0.0004,0.0001,0.0038,0.1007,0.0198,0.0,0.0127,0.0,155.0,0.0,92.0,63.0,84.0,0.0,0.0,0.0,0.0,0.0,0.0,0.0,0.0,0.0,0.0,0.0,0.0,0.0,0.0,0.0,0.0,0.0,0.0,8.0,2.0,1.0
1623,13.541191300000028,0,8.2017,1.9134,2.0705,1.72,0.1709,0.0025,0.0078,0.0002,0.0284,0.0412,0.0024,0.0005,0.0089,0.0002,0.0013,0.0015,0.0,0.0001,0.0081,0.001,0.0004,0.0001,0.0032,0.0782,0.0192,0.0,0.0139,0.0,155.0,0.0,92.0,63.0,84.0,0.0,0.0,0.0,0.0,0.0,0.0,0.0,0.0,0.0,0.0,0.0,0.0,0.0,0.0,0.0,0.0,0.0,0.0,8.0,2.0,1.0
1624,13.549393000000029,0,8.5519,1.84,2.0822,1.8281,0.197,0.0032,0.0091,0.0002,0.0424,0.057,0.0019,0.0007,0.0094,0.0002,0.0011,0.0018,0.0,0.0001,0.0073,0.001,0.0005,0.0,0.0036,0.0954,0.0204,0.0,0.0124,0.0,155.0,0.0,92.0,63.0,84.0,0.0,0.0,0.0,0.0,0.0,0.0,0.0,0.0,0.0,0.0,0.0,0.0,0.0,0.0,0.0,0.0,0.0,0.0,8.0,2.0,1.0
1625,13.55794490000003,0,8.2846,1.9233,2.3289,1.7718,0.2246,0.0045,0.0095,0.0002,0.0533,0.0707,0.0023,0.0007,0.0097,0.0002,0.0015,0.0016,0.0,0.0001,0.0081,0.0011,0.0005,0.0001,0.0032,0.1114,0.0228,0.0,0.0136,0.0,155.0,0.0,92.0,63.0,84.0,0.0,0.0,0.0,0.0,0.0,0.0,0.0,0.0,0.0,0.0,0.0,0.0,0.0,0.0,0.0,0.0,0.0,0.0,8.0,2.0,1.0
1626,13.566229500000029,0,8.3186,1.9784,2.211,1.779,0.1901,0.0029,0.0073,0.0002,0.0382,0.0505,0.0021,0.0007,0.0091,0.0001,0.0013,0.0018,0.0001,0.0001,0.0075,0.0012,0.0004,0.0001,0.0032,0.0895,0.0245,0.0,0.0124,0.0,155.0,0.0,92.0,63.0,84.0,0.0,0.0,0.0,0.0,0.0,0.0,0.0,0.0,0.0,0.0,0.0,0.0,0.0,0.0,0.0,0.0,0.0,0.0,8.0,2.0,1.0
1627,13.57454810000003,0,8.2065,1.9322,2.178,2.0053,0.1965,0.0015,0.009,0.0006,0.0286,0.0422,0.0021,0.0009,0.0112,0.0001,0.0014,0.0015,0.0001,0.0002,0.0079,0.0013,0.0005,0.0001,0.0038,0.0851,0.0215,0.0,0.0126,0.0,155.0,0.0,92.0,63.0,84.0,0.0,0.0,0.0,0.0,0.0,0.0,0.0,0.0,0.0,0.0,0.0,0.0,0.0,0.0,0.0,0.0,0.0,0.0,8.0,2.0,1.0
1628,13.58275460000003,0,8.4015,1.8771,2.1242,1.8721,0.2048,0.0031,0.0086,0.0002,0.0417,0.0557,0.0025,0.0007,0.0108,0.0001,0.0013,0.0019,0.0,0.0001,0.0073,0.0013,0.0005,0.0001,0.0038,0.0971,0.0208,0.0001,0.0132,0.0,155.0,0.0,92.0,63.0,84.0,0.0,0.0,0.0,0.0,0.0,0.0,0.0,0.0,0.0,0.0,0.0,0.0,0.0,0.0,0.0,0.0,0.0,0.0,8.0,2.0,1.0
1629,13.59115610000003,0,8.2245,1.8917,2.1176,1.8007,0.1972,0.0029,0.0086,0.0002,0.0305,0.0451,0.0023,0.0008,0.0101,0.0001,0.0015,0.002,0.0001,0.0001,0.0083,0.0019,0.0005,0.0,0.0037,0.0885,0.0209,0.0001,0.0128,0.0,155.0,0.0,92.0,63.0,84.0,0.0,0.0,0.0,0.0,0.0,0.0,0.0,0.0,0.0,0.0,0.0,0.0,0.0,0.0,0.0,0.0,0.0,0.0,8.0,2.0,1.0
1630,13.59938060000003,0,8.478,1.8345,2.0702,1.8631,0.1881,0.0027,0.008,0.0002,0.0376,0.0509,0.0021,0.0006,0.0091,0.0001,0.0014,0.0014,0.0001,0.0001,0.0078,0.0016,0.0004,0.0006,0.0031,0.0908,0.0194,0.0,0.0133,0.0,155.0,0.0,92.0,63.0,84.0,0.0,0.0,0.0,0.0,0.0,0.0,0.0,0.0,0.0,0.0,0.0,0.0,0.0,0.0,0.0,0.0,0.0,0.0,8.0,2.0,1.0
1631,13.60785860000003,0,8.2023,1.9351,2.196,1.8593,0.1845,0.0034,0.0089,0.0002,0.0231,0.0384,0.002,0.0006,0.0097,0.0001,0.0012,0.0017,0.0001,0.0001,0.0085,0.0013,0.0005,0.0001,0.0036,0.0801,0.0202,0.0001,0.0122,0.0,155.0,0.0,92.0,63.0,84.0,0.0,0.0,0.0,0.0,0.0,0.0,0.0,0.0,0.0,0.0,0.0,0.0,0.0,0.0,0.0,0.0,0.0,0.0,8.0,2.0,1.0
1632,13.616060900000031,0,8.5538,1.8342,2.0971,1.8612,0.1912,0.0026,0.0083,0.0002,0.0418,0.0549,0.0021,0.0007,0.0094,0.0002,0.0013,0.0019,0.0001,0.0001,0.0076,0.0013,0.0009,0.0002,0.003,0.0944,0.0194,0.0001,0.0112,0.0,155.0,0.0,92.0,63.0,82.0,0.0,0.0,0.0,0.0,0.0,0.0,0.0,0.0,0.0,0.0,0.0,0.0,0.0,0.0,0.0,0.0,0.0,0.0,8.0,2.0,1.0
1633,13.62461470000003,0,8.3444,1.8427,2.2499,1.7784,0.1798,0.003,0.0078,0.0002,0.0292,0.042,0.0026,0.0006,0.0094,0.0002,0.0019,0.0015,0.0001,0.0004,0.008,0.0011,0.0004,0.0001,0.0031,0.082,0.0194,0.0,0.0121,0.0,155.0,0.0,92.0,63.0,82.0,0.0,0.0,0.0,0.0,0.0,0.0,0.0,0.0,0.0,0.0,0.0,0.0,0.0,0.0,0.0,0.0,0.0,0.0,8.0,2.0,1.0
1634,13.632959100000031,0,8.3069,1.9497,2.5111,1.8541,0.216,0.003,0.0087,0.0003,0.0444,0.0588,0.0024,0.0008,0.0105,0.0001,0.0014,0.0019,0.0001,0.0001,0.0081,0.0018,0.0004,0.0,0.0037,0.1026,0.0216,0.0,0.013,0.0,155.0,0.0,92.0,63.0,82.0,0.0,0.0,0.0,0.0,0.0,0.0,0.0,0.0,0.0,0.0,0.0,0.0,0.0,0.0,0.0,0.0,0.0,0.0,8.0,2.0,1.0
1635,13.64126600000003,0,8.0747,1.8419,2.083,1.937,0.1804,0.003,0.0083,0.0002,0.0305,0.0442,0.0023,0.0006,0.0092,0.0002,0.0018,0.0015,0.0001,0.0001,0.0079,0.0012,0.0005,0.0005,0.0031,0.083,0.0202,0.0,0.0117,0.0,155.0,0.0,92.0,63.0,82.0,0.0,0.0,0.0,0.0,0.0,0.0,0.0,0.0,0.0,0.0,0.0,0.0,0.0,0.0,0.0,0.0,0.0,0.0,8.0,2.0,1.0
1636,13.64934070000003,0,8.5346,1.8742,2.1167,1.8797,0.1965,0.0026,0.0075,0.0001,0.0483,0.0604,0.002,0.0007,0.0104,0.0001,0.0016,0.0013,0.0001,0.0001,0.0077,0.0015,0.0005,0.0001,0.0031,0.0995,0.0201,0.0,0.0135,0.0,155.0,0.0,92.0,63.0,82.0,0.0,0.0,0.0,0.0,0.0,0.0,0.0,0.0,0.0,0.0,0.0,0.0,0.0,0.0,0.0,0.0,0.0,0.0,8.0,2.0,1.0
1637,13.65787530000003,0,8.3229,1.8361,2.1427,1.8391,0.1984,0.0045,0.009,0.0002,0.0301,0.0462,0.0021,0.0008,0.0108,0.0002,0.002,0.0015,0.0002,0.0001,0.0085,0.0013,0.0005,0.0,0.0039,0.0894,0.0219,0.0001,0.0113,0.0,155.0,0.0,92.0,63.0,82.0,0.0,0.0,0.0,0.0,0.0,0.0,0.0,0.0,0.0,0.0,0.0,0.0,0.0,0.0,0.0,0.0,0.0,0.0,8.0,2.0,1.0
1638,13.66619820000003,0,8.3169,1.8993,2.2511,1.7622,0.2037,0.0033,0.0098,0.0003,0.036,0.052,0.002,0.0008,0.011,0.0002,0.0019,0.0014,0.0001,0.0001,0.0089,0.0012,0.0005,0.0001,0.004,0.0982,0.0198,0.0,0.0123,0.0,155.0,0.0,92.0,63.0,82.0,0.0,0.0,0.0,0.0,0.0,0.0,0.0,0.0,0.0,0.0,0.0,0.0,0.0,0.0,0.0,0.0,0.0,0.0,8.0,2.0,1.0
1639,13.674515100000031,0,8.2557,2.2478,2.1136,1.7945,0.1832,0.0026,0.0087,0.0002,0.0321,0.0456,0.0017,0.0006,0.0094,0.0001,0.0018,0.0015,0.0001,0.0001,0.0074,0.0017,0.0005,0.0001,0.0032,0.0849,0.019,0.0,0.0123,0.0,155.0,0.0,92.0,63.0,82.0,0.0,0.0,0.0,0.0,0.0,0.0,0.0,0.0,0.0,0.0,0.0,0.0,0.0,0.0,0.0,0.0,0.0,0.0,8.0,2.0,1.0
1640,13.68277080000003,0,8.3153,1.8671,2.1338,2.1285,0.2006,0.0031,0.0091,0.0003,0.0368,0.0521,0.002,0.0007,0.011,0.0001,0.0019,0.0014,0.0001,0.0001,0.0084,0.0012,0.0005,0.0001,0.0036,0.0951,0.0198,0.0001,0.0124,0.0,155.0,0.0,92.0,63.0,82.0,0.0,0.0,0.0,0.0,0.0,0.0,0.0,0.0,0.0,0.0,0.0,0.0,0.0,0.0,0.0,0.0,0.0,0.0,8.0,2.0,1.0
1641,13.69108610000003,0,8.4582,1.9921,2.188,1.82,0.2077,0.0032,0.009,0.0002,0.0359,0.0506,0.0026,0.0008,0.0107,0.0001,0.0015,0.0022,0.0,0.0001,0.0081,0.0017,0.0005,0.0002,0.0038,0.0947,0.0241,0.0001,0.0121,0.0,155.0,0.0,92.0,63.0,82.0,0.0,0.0,0.0,0.0,0.0,0.0,0.0,0.0,0.0,0.0,0.0,0.0,0.0,0.0,0.0,0.0,0.0,0.0,8.0,2.0,1.0
1642,13.69954430000003,0,8.2457,1.9745,2.161,1.7355,0.1831,0.0025,0.0082,0.0003,0.0371,0.0498,0.0019,0.0005,0.0084,0.0001,0.0018,0.0013,0.0,0.0001,0.0081,0.0014,0.0004,0.0,0.0032,0.0873,0.0192,0.0,0.0131,0.0,155.0,0.0,92.0,63.0,82.0,0.0,0.0,0.0,0.0,0.0,0.0,0.0,0.0,0.0,0.0,0.0,0.0,0.0,0.0,0.0,0.0,0.0,0.0,8.0,2.0,1.0
1643,13.70779000000003,0,8.4018,1.9035,2.1391,1.8376,0.1984,0.0033,0.0087,0.0003,0.0301,0.045,0.0023,0.0007,0.0109,0.0001,0.0013,0.0014,0.0,0.0002,0.008,0.0015,0.0004,0.0,0.0036,0.0895,0.0203,0.0001,0.0141,0.0,155.0,0.0,92.0,63.0,82.0,0.0,0.0,0.0,0.0,0.0,0.0,0.0,0.0,0.0,0.0,0.0,0.0,0.0,0.0,0.0,0.0,0.0,0.0,8.0,2.0,1.0
1644,13.71619180000003,0,8.2466,1.9631,2.1712,1.7724,0.2035,0.0032,0.0087,0.0002,0.0396,0.0539,0.0023,0.0007,0.0109,0.0006,0.0013,0.0015,0.0,0.0001,0.0082,0.0012,0.0004,0.0,0.0038,0.0966,0.0207,0.0,0.0117,0.0,155.0,0.0,92.0,63.0,82.0,0.0,0.0,0.0,0.0,0.0,0.0,0.0,0.0,0.0,0.0,0.0,0.0,0.0,0.0,0.0,0.0,0.0,0.0,8.0,2.0,1.0
1645,13.724438400000029,0,8.4185,1.8176,2.0463,1.7688,0.1835,0.0035,0.0074,0.0002,0.0337,0.0467,0.0018,0.0007,0.0104,0.0001,0.0013,0.0015,0.0001,0.0002,0.0077,0.0016,0.0005,0.0001,0.003,0.0854,0.0204,0.0,0.0124,0.0,155.0,0.0,92.0,63.0,82.0,0.0,0.0,0.0,0.0,0.0,0.0,0.0,0.0,0.0,0.0,0.0,0.0,0.0,0.0,0.0,0.0,0.0,0.0,8.0,2.0,1.0
1646,13.732856900000028,0,8.3008,1.9118,2.2677,1.8133,0.2032,0.0033,0.009,0.0003,0.039,0.0537,0.0023,0.0007,0.0103,0.0001,0.0012,0.0015,0.0,0.0003,0.0082,0.0013,0.0005,0.0001,0.0038,0.0962,0.0204,0.0,0.0127,0.0,155.0,0.0,92.0,63.0,82.0,0.0,0.0,0.0,0.0,0.0,0.0,0.0,0.0,0.0,0.0,0.0,0.0,0.0,0.0,0.0,0.0,0.0,0.0,8.0,2.0,1.0
1647,13.741157700000029,0,8.2571,1.9664,2.1367,1.8006,0.1786,0.0028,0.0075,0.0003,0.0314,0.044,0.0019,0.0006,0.009,0.0001,0.0017,0.0015,0.0001,0.0005,0.007,0.0013,0.0005,0.0001,0.003,0.081,0.0186,0.0001,0.013,0.0,155.0,0.0,92.0,63.0,82.0,0.0,0.0,0.0,0.0,0.0,0.0,0.0,0.0,0.0,0.0,0.0,0.0,0.0,0.0,0.0,0.0,0.0,0.0,8.0,2.0,1.0
1648,13.749414800000029,0,8.4534,1.9029,2.0577,1.7297,0.1812,0.0031,0.0086,0.0002,0.0364,0.0498,0.0017,0.0006,0.0087,0.0001,0.0012,0.0018,0.0002,0.0001,0.0072,0.0011,0.0009,0.0,0.003,0.0873,0.0209,0.0001,0.0119,0.0,155.0,0.0,92.0,63.0,82.0,0.0,0.0,0.0,0.0,0.0,0.0,0.0,0.0,0.0,0.0,0.0,0.0,0.0,0.0,0.0,0.0,0.0,0.0,8.0,2.0,1.0
1649,13.75786820000003,0,8.3297,1.8834,2.2438,1.8747,0.2004,0.0035,0.0085,0.0003,0.0353,0.0504,0.0021,0.0008,0.0109,0.0001,0.0013,0.0015,0.0,0.0001,0.0083,0.0013,0.0004,0.0,0.0035,0.0928,0.02,0.0001,0.0122,0.0,155.0,0.0,92.0,63.0,82.0,0.0,0.0,0.0,0.0,0.0,0.0,0.0,0.0,0.0,0.0,0.0,0.0,0.0,0.0,0.0,0.0,0.0,0.0,8.0,2.0,1.0
1650,13.76619790000003,0,8.2936,1.999,2.2171,1.8075,0.1929,0.0028,0.0083,0.0002,0.038,0.0512,0.0022,0.0007,0.009,0.0001,0.0015,0.0018,0.0002,0.0001,0.0075,0.0011,0.0005,0.0001,0.0031,0.0902,0.023,0.0,0.0132,0.0,155.0,0.0,92.0,63.0,80.0,0.0,0.0,0.0,0.0,0.0,0.0,0.0,0.0,0.0,0.0,0.0,0.0,0.0,0.0,0.0,0.0,0.0,0.0,8.0,2.0,1.0
1651,13.77449150000003,0,8.2468,2.0345,2.153,1.789,0.1939,0.0034,0.0048,0.0004,0.0355,0.0465,0.0023,0.0008,0.0109,0.0002,0.0017,0.0015,0.0001,0.0001,0.0082,0.0013,0.0009,0.0001,0.0033,0.0897,0.0218,0.0,0.0125,0.0,155.0,0.0,92.0,63.0,80.0,0.0,0.0,0.0,0.0,0.0,0.0,0.0,0.0,0.0,0.0,0.0,0.0,0.0,0.0,0.0,0.0,0.0,0.0,8.0,2.0,1.0
1652,13.78273830000003,0,8.5985,1.8874,2.166,1.7825,0.293,0.0033,0.0069,0.0002,0.0715,0.0844,0.0034,0.0011,0.0164,0.0006,0.0026,0.0019,0.0001,0.0001,0.0105,0.0014,0.0005,0.0002,0.0068,0.1554,0.0385,0.0001,0.0119,0.0,155.0,0.0,92.0,63.0,80.0,0.0,0.0,0.0,0.0,0.0,0.0,0.0,0.0,0.0,0.0,0.0,0.0,0.0,0.0,0.0,0.0,0.0,0.0,8.0,2.0,1.0
1653,13.79133680000003,0,8.0707,1.9008,2.2348,1.7964,0.202,0.003,0.0055,0.0003,0.0365,0.0475,0.0025,0.001,0.0114,0.0002,0.0017,0.0017,0.0001,0.0001,0.0084,0.0013,0.0005,0.0001,0.0036,0.0921,0.0218,0.0,0.0124,0.0,155.0,0.0,92.0,63.0,80.0,0.0,0.0,0.0,0.0,0.0,0.0,0.0,0.0,0.0,0.0,0.0,0.0,0.0,0.0,0.0,0.0,0.0,0.0,8.0,2.0,1.0
1654,13.79940750000003,0,8.2579,1.824,2.0362,1.8355,0.1923,0.0033,0.0058,0.0002,0.0473,0.0584,0.002,0.0013,0.011,0.0002,0.0017,0.0014,0.0001,0.0001,0.0076,0.0016,0.0004,0.0001,0.0031,0.0977,0.0193,0.0,0.0128,0.0,155.0,0.0,92.0,63.0,80.0,0.0,0.0,0.0,0.0,0.0,0.0,0.0,0.0,0.0,0.0,0.0,0.0,0.0,0.0,0.0,0.0,0.0,0.0,8.0,2.0,1.0
1655,13.80766540000003,0,8.3764,1.785,2.0129,1.7694,0.1958,0.0033,0.0084,0.0003,0.0316,0.0452,0.0021,0.0012,0.0108,0.0001,0.0017,0.0015,0.0,0.0007,0.008,0.0013,0.0004,0.0001,0.004,0.0875,0.023,0.0001,0.0131,0.0,155.0,0.0,92.0,63.0,82.0,0.0,0.0,0.0,0.0,0.0,0.0,0.0,0.0,0.0,0.0,0.0,0.0,0.0,0.0,0.0,0.0,0.0,0.0,8.0,2.0,1.0
1656,13.81604180000003,0,8.4715,2.0014,2.0063,2.0594,0.2046,0.0012,0.0079,0.0001,0.0463,0.0574,0.0022,0.0006,0.0107,0.0001,0.0018,0.0015,0.0,0.0001,0.008,0.0015,0.0005,0.0,0.0035,0.0996,0.0206,0.0001,0.0119,0.0,155.0,0.0,92.0,63.0,82.0,0.0,0.0,0.0,0.0,0.0,0.0,0.0,0.0,0.0,0.0,0.0,0.0,0.0,0.0,0.0,0.0,0.0,0.0,8.0,2.0,1.0
1657,13.82451330000003,0,8.2434,2.0397,2.19,1.9053,0.1795,0.0027,0.0075,0.0001,0.0282,0.0408,0.0024,0.0005,0.0092,0.0001,0.0018,0.0014,0.0001,0.0001,0.0081,0.0012,0.0004,0.0,0.0035,0.0801,0.0218,0.0001,0.0119,0.0,155.0,0.0,92.0,63.0,82.0,0.0,0.0,0.0,0.0,0.0,0.0,0.0,0.0,0.0,0.0,0.0,0.0,0.0,0.0,0.0,0.0,0.0,0.0,8.0,2.0,1.0
1658,13.83275670000003,0,8.3605,2.1068,2.1338,1.8345,0.1977,0.0029,0.009,0.0002,0.0369,0.0523,0.0024,0.0006,0.0099,0.0002,0.0015,0.0019,0.0001,0.0001,0.0086,0.0016,0.0004,0.0001,0.0039,0.0953,0.0197,0.0,0.0121,0.0,155.0,0.0,92.0,63.0,82.0,0.0,0.0,0.0,0.0,0.0,0.0,0.0,0.0,0.0,0.0,0.0,0.0,0.0,0.0,0.0,0.0,0.0,0.0,8.0,2.0,1.0
1659,13.84111720000003,0,8.3308,1.8348,2.1072,1.7633,0.1786,0.0029,0.0077,0.0002,0.0327,0.0452,0.0025,0.0007,0.0095,0.0001,0.0016,0.0012,0.0,0.0002,0.0077,0.0011,0.0004,0.0001,0.003,0.0815,0.0194,0.0001,0.0117,0.0,155.0,0.0,92.0,63.0,82.0,0.0,0.0,0.0,0.0,0.0,0.0,0.0,0.0,0.0,0.0,0.0,0.0,0.0,0.0,0.0,0.0,0.0,0.0,8.0,2.0,1.0
1660,13.849448000000029,0,8.2754,1.9372,2.1117,1.8024,0.1748,0.0025,0.0079,0.0001,0.0355,0.0476,0.0019,0.0006,0.0083,0.0001,0.0017,0.0013,0.0,0.0001,0.0079,0.0016,0.0005,0.0,0.0032,0.0847,0.0191,0.0,0.0117,0.0,155.0,0.0,92.0,63.0,82.0,0.0,0.0,0.0,0.0,0.0,0.0,0.0,0.0,0.0,0.0,0.0,0.0,0.0,0.0,0.0,0.0,0.0,0.0,8.0,2.0,1.0
1661,13.85772340000003,0,8.2934,1.8833,2.0122,1.8418,0.1849,0.003,0.0092,0.0002,0.025,0.0398,0.0021,0.0007,0.0107,0.0001,0.0013,0.0015,0.0001,0.0002,0.0082,0.0012,0.0004,0.0001,0.0035,0.0814,0.0199,0.0,0.0133,0.0,155.0,0.0,92.0,63.0,82.0,0.0,0.0,0.0,0.0,0.0,0.0,0.0,0.0,0.0,0.0,0.0,0.0,0.0,0.0,0.0,0.0,0.0,0.0,8.0,2.0,1.0
1662,13.866016800000029,0,8.4488,1.9405,2.175,1.7918,0.2138,0.0037,0.0094,0.0002,0.0401,0.0558,0.0024,0.0009,0.0109,0.0001,0.0016,0.0016,0.0001,0.0001,0.0084,0.0014,0.0011,0.0002,0.0038,0.1001,0.0208,0.0001,0.0117,0.0,155.0,0.0,92.0,63.0,82.0,0.0,0.0,0.0,0.0,0.0,0.0,0.0,0.0,0.0,0.0,0.0,0.0,0.0,0.0,0.0,0.0,0.0,0.0,8.0,2.0,1.0
1663,13.874465600000029,0,8.3329,1.9764,1.9977,1.8053,0.1866,0.003,0.0084,0.0002,0.0314,0.0451,0.0021,0.0006,0.0105,0.0001,0.0015,0.0013,0.0001,0.0001,0.0076,0.0014,0.0004,0.0001,0.0032,0.0839,0.0192,0.0,0.0121,0.0,155.0,0.0,92.0,63.0,82.0,0.0,0.0,0.0,0.0,0.0,0.0,0.0,0.0,0.0,0.0,0.0,0.0,0.0,0.0,0.0,0.0,0.0,0.0,8.0,2.0,1.0
1664,13.882798500000028,0,8.3545,2.0937,2.2,1.909,0.2013,0.0028,0.0091,0.0003,0.0395,0.0533,0.0021,0.0007,0.0099,0.0002,0.0014,0.0015,0.0,0.0001,0.0083,0.0012,0.0005,0.0001,0.0041,0.0956,0.0203,0.0,0.0136,0.0,155.0,0.0,92.0,63.0,82.0,0.0,0.0,0.0,0.0,0.0,0.0,0.0,0.0,0.0,0.0,0.0,0.0,0.0,0.0,0.0,0.0,0.0,0.0,8.0,2.0,1.0
1665,13.891153000000028,0,8.2994,1.8972,2.118,1.6928,0.2023,0.0035,0.0097,0.0001,0.035,0.0506,0.0022,0.0007,0.0106,0.0001,0.0017,0.0016,0.0,0.0002,0.0082,0.0012,0.0005,0.0001,0.0035,0.0937,0.0207,0.0,0.0112,0.0,155.0,0.0,92.0,63.0,82.0,0.0,0.0,0.0,0.0,0.0,0.0,0.0,0.0,0.0,0.0,0.0,0.0,0.0,0.0,0.0,0.0,0.0,0.0,8.0,2.0,1.0
1666,13.899452400000028,0,8.3948,2.0635,2.2461,1.8561,0.1856,0.0026,0.0073,0.0001,0.0362,0.0485,0.002,0.0007,0.0104,0.0001,0.0012,0.0018,0.0001,0.0001,0.0072,0.0012,0.0004,0.0001,0.0032,0.0873,0.0195,0.0001,0.012,0.0,155.0,0.0,92.0,63.0,82.0,0.0,0.0,0.0,0.0,0.0,0.0,0.0,0.0,0.0,0.0,0.0,0.0,0.0,0.0,0.0,0.0,0.0,0.0,8.0,2.0,1.0
1667,13.907847200000027,0,8.2582,1.9175,2.1166,1.9198,0.18,0.0026,0.0079,0.0001,0.0304,0.0428,0.0023,0.0006,0.0087,0.0001,0.0013,0.0014,0.0001,0.0001,0.0078,0.0015,0.0004,0.0001,0.0034,0.0805,0.0214,0.0,0.0123,0.0,155.0,0.0,92.0,63.0,84.0,0.0,0.0,0.0,0.0,0.0,0.0,0.0,0.0,0.0,0.0,0.0,0.0,0.0,0.0,0.0,0.0,0.0,0.0,8.0,2.0,1.0
1668,13.916105400000028,0,8.4025,1.8358,2.19,1.78,0.2094,0.0032,0.0088,0.0002,0.044,0.0591,0.0022,0.0008,0.0112,0.0001,0.0013,0.0016,0.0001,0.0001,0.0088,0.0012,0.0005,0.0001,0.0037,0.102,0.0207,0.0,0.0138,0.0,155.0,0.0,92.0,63.0,84.0,0.0,0.0,0.0,0.0,0.0,0.0,0.0,0.0,0.0,0.0,0.0,0.0,0.0,0.0,0.0,0.0,0.0,0.0,8.0,2.0,1.0
1669,13.924507900000028,0,8.447,1.7661,2.2979,1.7763,0.2027,0.003,0.0112,0.0002,0.0284,0.0453,0.0022,0.0007,0.0102,0.0002,0.0018,0.0016,0.0,0.0001,0.0086,0.0013,0.0007,0.0001,0.0036,0.0896,0.023,0.0,0.0152,0.0,155.0,0.0,92.0,63.0,84.0,0.0,0.0,0.0,0.0,0.0,0.0,0.0,0.0,0.0,0.0,0.0,0.0,0.0,0.0,0.0,0.0,0.0,0.0,8.0,2.0,1.0
1670,13.932954900000029,0,8.1475,1.8953,2.1141,1.7318,0.2048,0.0028,0.008,0.0002,0.0433,0.0564,0.0023,0.0007,0.0111,0.0002,0.0019,0.0016,0.0,0.0001,0.0086,0.0012,0.0004,0.0,0.004,0.0999,0.019,0.0001,0.0137,0.0,155.0,0.0,92.0,63.0,84.0,0.0,0.0,0.0,0.0,0.0,0.0,0.0,0.0,0.0,0.0,0.0,0.0,0.0,0.0,0.0,0.0,0.0,0.0,8.0,2.0,1.0
1671,13.941102400000029,0,8.3734,1.7849,2.0849,1.7216,0.1965,0.0032,0.0083,0.0002,0.0302,0.0446,0.0025,0.0007,0.0099,0.0001,0.0018,0.0019,0.0001,0.0001,0.0082,0.0012,0.0008,0.0001,0.0038,0.0901,0.0211,0.0001,0.013,0.0,155.0,0.0,92.0,63.0,84.0,0.0,0.0,0.0,0.0,0.0,0.0,0.0,0.0,0.0,0.0,0.0,0.0,0.0,0.0,0.0,0.0,0.0,0.0,8.0,2.0,1.0
1672,13.949475800000029,0,8.2599,1.967,2.178,1.8355,0.1838,0.0031,0.0079,0.0002,0.0374,0.0503,0.0018,0.0007,0.0095,0.0001,0.0016,0.0015,0.0001,0.0001,0.0074,0.0022,0.0005,0.0001,0.0032,0.0887,0.0216,0.0,0.0129,0.0,155.0,0.0,92.0,63.0,86.0,0.0,0.0,0.0,0.0,0.0,0.0,0.0,0.0,0.0,0.0,0.0,0.0,0.0,0.0,0.0,0.0,0.0,0.0,8.0,2.0,1.0
1673,13.957735700000029,0,8.4856,1.8848,2.0311,1.7713,0.202,0.0031,0.0088,0.0002,0.031,0.0449,0.0021,0.0006,0.011,0.0002,0.0015,0.0015,0.0001,0.0001,0.0082,0.0012,0.0004,0.0001,0.0038,0.0883,0.0237,0.0,0.0133,0.0,155.0,0.0,92.0,63.0,88.0,0.0,0.0,0.0,0.0,0.0,0.0,0.0,0.0,0.0,0.0,0.0,0.0,0.0,0.0,0.0,0.0,0.0,0.0,8.0,2.0,1.0
1674,13.96622130000003,0,8.2433,1.8266,2.263,1.7365,0.1893,0.0027,0.0083,0.0002,0.0405,0.0533,0.0024,0.0007,0.0092,0.0001,0.0013,0.0014,0.0,0.0001,0.0074,0.0014,0.0005,0.0001,0.0036,0.0906,0.0205,0.0,0.0134,0.0,155.0,0.0,92.0,63.0,88.0,0.0,0.0,0.0,0.0,0.0,0.0,0.0,0.0,0.0,0.0,0.0,0.0,0.0,0.0,0.0,0.0,0.0,0.0,8.0,2.0,1.0
1675,13.97446460000003,0,8.3635,1.901,2.0927,1.7219,0.1779,0.0028,0.0077,0.0002,0.0307,0.0433,0.0018,0.0011,0.0099,0.0001,0.0014,0.0014,0.0001,0.0001,0.0072,0.0021,0.0004,0.0001,0.0035,0.0813,0.0202,0.0,0.0138,0.0,155.0,0.0,92.0,63.0,88.0,0.0,0.0,0.0,0.0,0.0,0.0,0.0,0.0,0.0,0.0,0.0,0.0,0.0,0.0,0.0,0.0,0.0,0.0,8.0,2.0,1.0
1676,13.98282810000003,0,8.317,1.8301,2.2156,1.8148,0.2043,0.0032,0.0088,0.0002,0.0401,0.0543,0.0022,0.0008,0.0091,0.0002,0.002,0.0013,0.0001,0.0001,0.0078,0.0014,0.0004,0.0,0.0039,0.0954,0.021,0.0,0.0143,0.0,155.0,0.0,92.0,63.0,88.0,0.0,0.0,0.0,0.0,0.0,0.0,0.0,0.0,0.0,0.0,0.0,0.0,0.0,0.0,0.0,0.0,0.0,0.0,8.0,2.0,1.0
1677,13.991145100000029,0,8.3187,1.8707,2.126,1.714,0.1993,0.0028,0.0082,0.0002,0.0312,0.0445,0.0022,0.0009,0.011,0.0001,0.0013,0.0014,0.0001,0.0001,0.0082,0.0013,0.001,0.0001,0.0044,0.0891,0.022,0.0,0.0142,0.0,155.0,0.0,92.0,63.0,88.0,0.0,0.0,0.0,0.0,0.0,0.0,0.0,0.0,0.0,0.0,0.0,0.0,0.0,0.0,0.0,0.0,0.0,0.0,8.0,2.0,1.0
1678,13.99946380000003,0,8.3466,1.9742,2.1944,1.8446,0.1872,0.0025,0.0076,0.0002,0.041,0.0537,0.0018,0.0008,0.0091,0.0002,0.0013,0.0018,0.0001,0.0001,0.0077,0.0011,0.0009,0.0001,0.0032,0.092,0.0203,0.0,0.0138,0.0,155.0,0.0,92.0,63.0,90.0,0.0,0.0,0.0,0.0,0.0,0.0,0.0,0.0,0.0,0.0,0.0,0.0,0.0,0.0,0.0,0.0,0.0,0.0,8.0,2.0,1.0
1679,14.007810400000029,0,8.2997,1.826,2.1053,1.8073,0.2034,0.003,0.009,0.0001,0.0365,0.0504,0.0027,0.0008,0.0108,0.0001,0.0012,0.0018,0.0001,0.0001,0.0081,0.0012,0.0005,0.0,0.0043,0.0976,0.0212,0.0,0.0133,0.0,155.0,0.0,92.0,63.0,90.0,0.0,0.0,0.0,0.0,0.0,0.0,0.0,0.0,0.0,0.0,0.0,0.0,0.0,0.0,0.0,0.0,0.0,0.0,8.0,2.0,1.0
1680,14.016110100000029,0,8.4149,1.819,2.1017,1.7208,0.2004,0.003,0.0087,0.0002,0.0403,0.0541,0.0021,0.0008,0.0095,0.0001,0.0014,0.002,0.0001,0.0002,0.0082,0.0012,0.001,0.0001,0.0038,0.0958,0.0224,0.0,0.0142,0.0,155.0,0.0,92.0,63.0,90.0,0.0,0.0,0.0,0.0,0.0,0.0,0.0,0.0,0.0,0.0,0.0,0.0,0.0,0.0,0.0,0.0,0.0,0.0,8.0,2.0,1.0
1681,14.024525000000029,0,8.3943,1.9134,2.2289,1.8248,0.2045,0.0034,0.0088,0.0002,0.0318,0.0468,0.0024,0.001,0.0109,0.0001,0.0019,0.0017,0.0001,0.0005,0.0082,0.0013,0.0005,0.0,0.0039,0.092,0.0235,0.0001,0.0138,0.0,155.0,0.0,92.0,63.0,90.0,0.0,0.0,0.0,0.0,0.0,0.0,0.0,0.0,0.0,0.0,0.0,0.0,0.0,0.0,0.0,0.0,0.0,0.0,8.0,2.0,1.0
1682,14.03291930000003,0,8.3566,2.1247,2.3856,1.9104,0.2194,0.0031,0.0091,0.0002,0.0479,0.0627,0.0025,0.0008,0.0096,0.0002,0.0018,0.0023,0.0001,0.0001,0.0086,0.0016,0.0005,0.0001,0.0038,0.1065,0.0227,0.0,0.0145,0.0,155.0,0.0,92.0,63.0,90.0,0.0,0.0,0.0,0.0,0.0,0.0,0.0,0.0,0.0,0.0,0.0,0.0,0.0,0.0,0.0,0.0,0.0,0.0,8.0,2.0,1.0
1683,14.04127590000003,0,8.3141,1.902,2.2029,1.849,0.1975,0.0029,0.0083,0.0001,0.0324,0.046,0.0018,0.0007,0.0094,0.0002,0.0019,0.0016,0.0002,0.0002,0.0083,0.0013,0.0006,0.0,0.0032,0.0872,0.0228,0.0,0.015,0.0,155.0,0.0,92.0,63.0,90.0,0.0,0.0,0.0,0.0,0.0,0.0,0.0,0.0,0.0,0.0,0.0,0.0,0.0,0.0,0.0,0.0,0.0,0.0,8.0,2.0,1.0
1684,14.04959000000003,0,8.3979,1.9632,2.3757,1.8944,0.2366,0.0029,0.0091,0.0002,0.0502,0.0656,0.003,0.0011,0.0138,0.0001,0.0018,0.002,0.0001,0.0002,0.0105,0.0018,0.0006,0.0001,0.0048,0.1185,0.026,0.0001,0.0138,0.0,155.0,0.0,92.0,63.0,90.0,0.0,0.0,0.0,0.0,0.0,0.0,0.0,0.0,0.0,0.0,0.0,0.0,0.0,0.0,0.0,0.0,0.0,0.0,8.0,2.0,1.0
1685,14.05798790000003,0,8.2971,2.0122,2.2632,1.8483,0.1943,0.003,0.0076,0.0002,0.032,0.0448,0.0019,0.0013,0.0105,0.0002,0.0021,0.0016,0.0001,0.0007,0.008,0.0012,0.0006,0.0001,0.0036,0.0883,0.0204,0.0,0.0132,0.0,155.0,0.0,92.0,63.0,90.0,0.0,0.0,0.0,0.0,0.0,0.0,0.0,0.0,0.0,0.0,0.0,0.0,0.0,0.0,0.0,0.0,0.0,0.0,8.0,2.0,1.0
1686,14.06628500000003,0,8.7271,2.0221,2.5944,1.7832,0.3014,0.0034,0.0083,0.0001,0.0583,0.0738,0.0042,0.0011,0.0212,0.0002,0.0026,0.0023,0.0001,0.0006,0.0112,0.0015,0.0005,0.0001,0.0072,0.1487,0.0411,0.0001,0.0141,0.0,155.0,0.0,92.0,63.0,90.0,0.0,0.0,0.0,0.0,0.0,0.0,0.0,0.0,0.0,0.0,0.0,0.0,0.0,0.0,0.0,0.0,0.0,0.0,8.0,2.0,1.0
1687,14.07501210000003,0,8.1721,2.0917,2.6217,1.9964,0.2313,0.0031,0.0082,0.0003,0.0354,0.0495,0.0021,0.0017,0.0123,0.0001,0.0016,0.0023,0.0002,0.0001,0.0092,0.0012,0.0006,0.0001,0.0034,0.0973,0.0352,0.0,0.0137,0.0,155.0,0.0,92.0,63.0,90.0,0.0,0.0,0.0,0.0,0.0,0.0,0.0,0.0,0.0,0.0,0.0,0.0,0.0,0.0,0.0,0.0,0.0,0.0,8.0,2.0,1.0
1688,14.08318420000003,0,8.9883,2.0765,2.9657,2.084,0.3777,0.0058,0.0158,0.0004,0.0755,0.1007,0.0029,0.0008,0.0138,0.0001,0.0014,0.0025,0.0002,0.0,0.0118,0.0017,0.0005,0.0,0.004,0.1542,0.0568,0.0001,0.0152,0.0,155.0,0.0,92.0,63.0,90.0,0.0,0.0,0.0,0.0,0.0,0.0,0.0,0.0,0.0,0.0,0.0,0.0,0.0,0.0,0.0,0.0,0.0,0.0,8.0,2.0,1.0
1689,14.09217250000003,0,7.8869,2.4047,2.8522,2.3368,0.318,0.0033,0.0114,0.0003,0.0576,0.0761,0.0034,0.0013,0.0157,0.0002,0.0022,0.0021,0.0001,0.0,0.0108,0.0019,0.0005,0.0,0.0048,0.1347,0.0538,0.0,0.0142,0.0,155.0,0.0,92.0,63.0,90.0,0.0,0.0,0.0,0.0,0.0,0.0,0.0,0.0,0.0,0.0,0.0,0.0,0.0,0.0,0.0,0.0,0.0,0.0,8.0,2.0,1.0
1690,14.100059400000031,0,8.3662,2.1989,2.7991,2.0721,0.2783,0.0041,0.01,0.0003,0.0769,0.0959,0.0028,0.0018,0.013,0.0003,0.0021,0.0022,0.0002,0.0002,0.0094,0.0014,0.0005,0.0002,0.0035,0.1459,0.0276,0.0001,0.0151,0.0,155.0,0.0,92.0,63.0,90.0,0.0,0.0,0.0,0.0,0.0,0.0,0.0,0.0,0.0,0.0,0.0,0.0,0.0,0.0,0.0,0.0,0.0,0.0,8.0,2.0,1.0
1691,14.10842560000003,0,8.5125,2.173,2.8419,2.0384,0.2753,0.0045,0.0156,0.0004,0.0402,0.0642,0.0028,0.001,0.0133,0.0002,0.0019,0.0022,0.0001,0.0007,0.0116,0.0016,0.0012,0.0001,0.0042,0.1223,0.0308,0.0,0.0163,0.0,155.0,0.0,92.0,63.0,90.0,0.0,0.0,0.0,0.0,0.0,0.0,0.0,0.0,0.0,0.0,0.0,0.0,0.0,0.0,0.0,0.0,0.0,0.0,8.0,2.0,1.0
1692,14.11693810000003,0,7.8358,2.4249,2.6904,2.0671,0.2313,0.0034,0.0093,0.0002,0.0385,0.0543,0.0021,0.001,0.0106,0.0001,0.0019,0.0022,0.0001,0.0001,0.0087,0.0019,0.0006,0.0001,0.0035,0.0988,0.0264,0.0001,0.0152,0.0,155.0,0.0,92.0,63.0,90.0,0.0,0.0,0.0,0.0,0.0,0.0,0.0,0.0,0.0,0.0,0.0,0.0,0.0,0.0,0.0,0.0,0.0,0.0,8.0,2.0,1.0
1693,14.124773900000031,0,8.4408,2.0054,2.3893,1.7548,0.2755,0.0039,0.0105,0.0003,0.0384,0.0572,0.0034,0.0012,0.0171,0.0003,0.0025,0.0027,0.0002,0.0002,0.0095,0.0015,0.0007,0.0001,0.006,0.121,0.0465,0.0001,0.0146,0.0,155.0,0.0,92.0,63.0,90.0,0.0,0.0,0.0,0.0,0.0,0.0,0.0,0.0,0.0,0.0,0.0,0.0,0.0,0.0,0.0,0.0,0.0,0.0,8.0,2.0,1.0
1694,14.133214700000032,0,8.4427,2.1314,2.6433,1.9477,0.2574,0.0037,0.0111,0.0002,0.0451,0.0635,0.0033,0.0016,0.0145,0.0002,0.0025,0.002,0.0002,0.0002,0.011,0.0019,0.0007,0.0001,0.0051,0.1212,0.0319,0.0,0.0147,0.0,155.0,0.0,92.0,63.0,90.0,0.0,0.0,0.0,0.0,0.0,0.0,0.0,0.0,0.0,0.0,0.0,0.0,0.0,0.0,0.0,0.0,0.0,0.0,8.0,2.0,1.0
1695,14.141657400000032,0,8.0734,2.1426,2.4826,1.9408,0.2004,0.0034,0.009,0.0002,0.0309,0.0459,0.0018,0.0012,0.0105,0.0002,0.002,0.0016,0.0001,0.0006,0.0084,0.0012,0.0005,0.0001,0.0035,0.089,0.0208,0.0,0.0144,0.0,155.0,0.0,92.0,63.0,90.0,0.0,0.0,0.0,0.0,0.0,0.0,0.0,0.0,0.0,0.0,0.0,0.0,0.0,0.0,0.0,0.0,0.0,0.0,8.0,2.0,1.0
1696,14.149730800000032,0,8.5995,1.9973,2.6023,1.9061,0.2434,0.005,0.0097,0.0003,0.0474,0.0652,0.0027,0.0009,0.0118,0.0001,0.0017,0.0017,0.0002,0.0001,0.0087,0.0013,0.001,0.0001,0.004,0.1127,0.027,0.0,0.0148,0.0,155.0,0.0,92.0,63.0,90.0,0.0,0.0,0.0,0.0,0.0,0.0,0.0,0.0,0.0,0.0,0.0,0.0,0.0,0.0,0.0,0.0,0.0,0.0,8.0,2.0,1.0
1697,14.158330300000033,0,8.3159,2.0154,2.6733,1.8435,0.2735,0.0033,0.008,0.0002,0.0421,0.0565,0.0039,0.0013,0.0192,0.0001,0.0026,0.0025,0.0002,0.0002,0.0129,0.002,0.0006,0.0,0.0086,0.1289,0.04,0.0,0.0176,0.0,155.0,0.0,92.0,63.0,90.0,0.0,0.0,0.0,0.0,0.0,0.0,0.0,0.0,0.0,0.0,0.0,0.0,0.0,0.0,0.0,0.0,0.0,0.0,8.0,2.0,1.0
1698,14.166646200000033,0,8.3862,2.5287,2.6556,1.9224,0.2381,0.0034,0.0096,0.0004,0.0409,0.0574,0.0023,0.0012,0.012,0.0002,0.0019,0.0025,0.0002,0.0002,0.0092,0.0015,0.0005,0.0001,0.0034,0.1059,0.0305,0.0,0.0152,0.0,155.0,0.0,92.0,63.0,90.0,0.0,0.0,0.0,0.0,0.0,0.0,0.0,0.0,0.0,0.0,0.0,0.0,0.0,0.0,0.0,0.0,0.0,0.0,8.0,2.0,1.0
1699,14.175032400000033,0,8.1075,2.0625,2.6331,1.9,0.2129,0.0035,0.0083,0.0006,0.029,0.0439,0.002,0.001,0.0109,0.0001,0.0019,0.0017,0.0001,0.0001,0.0089,0.0018,0.0006,0.0001,0.0036,0.088,0.0354,0.0,0.0165,0.0,155.0,0.0,92.0,63.0,90.0,0.0,0.0,0.0,0.0,0.0,0.0,0.0,0.0,0.0,0.0,0.0,0.0,0.0,0.0,0.0,0.0,0.0,0.0,8.0,2.0,1.0
1700,14.183139900000032,0,8.2931,2.1911,2.3331,1.958,0.2128,0.0027,0.0079,0.0001,0.0413,0.0556,0.0025,0.0008,0.0125,0.0001,0.0017,0.0016,0.0001,0.0001,0.0091,0.0013,0.0005,0.0001,0.0039,0.1038,0.0227,0.0001,0.015,0.0,155.0,0.0,92.0,63.0,90.0,0.0,0.0,0.0,0.0,0.0,0.0,0.0,0.0,0.0,0.0,0.0,0.0,0.0,0.0,0.0,0.0,0.0,0.0,8.0,2.0,1.0
1701,14.191433000000032,0,8.5862,1.9874,2.762,1.9449,0.282,0.0033,0.0083,0.0003,0.05,0.0649,0.0026,0.0006,0.0126,0.0002,0.0015,0.0015,0.0,0.0,0.0097,0.0014,0.0003,0.0001,0.0056,0.1165,0.0421,0.0,0.0162,0.0,155.0,0.0,92.0,63.0,90.0,0.0,0.0,0.0,0.0,0.0,0.0,0.0,0.0,0.0,0.0,0.0,0.0,0.0,0.0,0.0,0.0,0.0,0.0,8.0,2.0,1.0
1702,14.200019200000032,0,7.8555,1.9223,2.2712,1.8493,0.2239,0.0031,0.0081,0.0002,0.048,0.0623,0.0027,0.0012,0.0123,0.0002,0.0016,0.002,0.0001,0.0001,0.0083,0.0013,0.0005,0.0001,0.0038,0.1145,0.0236,0.0,0.0141,0.0,155.0,0.0,92.0,63.0,88.0,0.0,0.0,0.0,0.0,0.0,0.0,0.0,0.0,0.0,0.0,0.0,0.0,0.0,0.0,0.0,0.0,0.0,0.0,8.0,2.0,1.0
1703,14.207874700000032,0,8.4638,1.8508,2.2599,1.8439,0.2164,0.0034,0.0084,0.0004,0.0384,0.0529,0.0024,0.0013,0.0106,0.0001,0.0016,0.0025,0.0001,0.0001,0.0088,0.0015,0.0005,0.0001,0.0032,0.097,0.0229,0.0,0.0149,0.0,155.0,0.0,92.0,63.0,88.0,0.0,0.0,0.0,0.0,0.0,0.0,0.0,0.0,0.0,0.0,0.0,0.0,0.0,0.0,0.0,0.0,0.0,0.0,8.0,2.0,1.0
1704,14.216338500000031,0,8.5296,2.036,2.5035,1.9656,0.2176,0.0031,0.0082,0.0001,0.042,0.0558,0.0021,0.0009,0.011,0.0002,0.0016,0.0016,0.0001,0.0002,0.0084,0.0012,0.0005,0.0001,0.0035,0.1001,0.0256,0.0001,0.0138,0.0,155.0,0.0,92.0,63.0,88.0,0.0,0.0,0.0,0.0,0.0,0.0,0.0,0.0,0.0,0.0,0.0,0.0,0.0,0.0,0.0,0.0,0.0,0.0,8.0,2.0,1.0
1705,14.22486810000003,0,8.1775,2.077,2.4553,1.9924,0.2252,0.0044,0.0088,0.0002,0.0364,0.0525,0.0029,0.001,0.0132,0.0002,0.0021,0.0019,0.0001,0.0001,0.0085,0.0013,0.0011,0.0001,0.0045,0.1072,0.028,0.0,0.0136,0.0,155.0,0.0,92.0,63.0,86.0,0.0,0.0,0.0,0.0,0.0,0.0,0.0,0.0,0.0,0.0,0.0,0.0,0.0,0.0,0.0,0.0,0.0,0.0,8.0,2.0,1.0
1706,14.23304560000003,0,8.0539,2.1454,2.1886,1.8881,0.1831,0.0026,0.0075,0.0002,0.0374,0.0495,0.0025,0.0007,0.0099,0.0001,0.0011,0.0019,0.0,0.0001,0.0083,0.0017,0.0004,0.0,0.0033,0.0891,0.0205,0.0,0.0144,0.0,155.0,0.0,92.0,63.0,86.0,0.0,0.0,0.0,0.0,0.0,0.0,0.0,0.0,0.0,0.0,0.0,0.0,0.0,0.0,0.0,0.0,0.0,0.0,8.0,2.0,1.0
1707,14.24109950000003,0,8.4723,1.9759,2.1195,1.8141,0.1743,0.0026,0.0082,0.0001,0.0285,0.041,0.0019,0.0012,0.0098,0.0001,0.0017,0.0014,0.0001,0.0001,0.0073,0.0016,0.0004,0.0001,0.0031,0.079,0.0235,0.0,0.0132,0.0,155.0,0.0,92.0,63.0,84.0,0.0,0.0,0.0,0.0,0.0,0.0,0.0,0.0,0.0,0.0,0.0,0.0,0.0,0.0,0.0,0.0,0.0,0.0,8.0,2.0,1.0
1708,14.24957180000003,0,8.1366,1.9218,2.1612,1.7568,0.1689,0.0024,0.0067,0.0001,0.037,0.0476,0.0019,0.0006,0.008,0.0001,0.0012,0.0014,0.0,0.0001,0.0067,0.0011,0.0003,0.0001,0.003,0.081,0.0191,0.0,0.0122,0.0,155.0,0.0,92.0,63.0,84.0,0.0,0.0,0.0,0.0,0.0,0.0,0.0,0.0,0.0,0.0,0.0,0.0,0.0,0.0,0.0,0.0,0.0,0.0,8.0,2.0,1.0
1709,14.25770840000003,0,8.3598,1.888,2.0597,1.8447,0.1897,0.0039,0.0091,0.0002,0.0293,0.0444,0.0022,0.0008,0.01,0.0001,0.0018,0.0015,0.0001,0.0001,0.0081,0.0012,0.0005,0.0001,0.0038,0.0861,0.0195,0.0,0.0115,0.0,155.0,0.0,92.0,63.0,84.0,0.0,0.0,0.0,0.0,0.0,0.0,0.0,0.0,0.0,0.0,0.0,0.0,0.0,0.0,0.0,0.0,0.0,0.0,8.0,2.0,1.0
1710,14.26606820000003,0,8.5936,1.9031,2.243,1.804,0.2017,0.0034,0.0078,0.0003,0.0379,0.0519,0.0024,0.0009,0.0093,0.0001,0.0014,0.0021,0.0001,0.0001,0.0079,0.0012,0.0004,0.0001,0.0032,0.0925,0.0204,0.0,0.012,0.0,155.0,0.0,92.0,63.0,84.0,0.0,0.0,0.0,0.0,0.0,0.0,0.0,0.0,0.0,0.0,0.0,0.0,0.0,0.0,0.0,0.0,0.0,0.0,8.0,2.0,1.0
1711,14.274661800000029,0,8.1057,2.4009,2.219,1.8399,0.1757,0.0033,0.0078,0.0002,0.0289,0.0427,0.0022,0.0008,0.0085,0.0001,0.0012,0.0014,0.0001,0.0001,0.0081,0.0011,0.0004,0.0001,0.003,0.0811,0.0194,0.0,0.0126,0.0,155.0,0.0,92.0,63.0,84.0,0.0,0.0,0.0,0.0,0.0,0.0,0.0,0.0,0.0,0.0,0.0,0.0,0.0,0.0,0.0,0.0,0.0,0.0,8.0,2.0,1.0
1712,14.282767500000029,0,8.4533,1.8876,2.1692,2.0184,0.1888,0.0033,0.009,0.0002,0.03,0.045,0.0021,0.0007,0.0092,0.0001,0.0013,0.0021,0.0,0.0001,0.0082,0.0013,0.0004,0.0001,0.0034,0.0855,0.019,0.0,0.013,0.0,155.0,0.0,92.0,63.0,84.0,0.0,0.0,0.0,0.0,0.0,0.0,0.0,0.0,0.0,0.0,0.0,0.0,0.0,0.0,0.0,0.0,0.0,0.0,8.0,2.0,1.0
1713,14.291220800000028,0,8.2242,1.8373,2.101,1.7886,0.2038,0.003,0.0085,0.0002,0.0293,0.0437,0.0021,0.0008,0.0109,0.0001,0.0018,0.0014,0.0001,0.0001,0.0082,0.0012,0.0005,0.0001,0.0036,0.0924,0.0234,0.0,0.0125,0.0,155.0,0.0,92.0,63.0,82.0,0.0,0.0,0.0,0.0,0.0,0.0,0.0,0.0,0.0,0.0,0.0,0.0,0.0,0.0,0.0,0.0,0.0,0.0,8.0,2.0,1.0
1714,14.299445000000029,0,8.5344,1.9294,2.2828,1.7786,0.2145,0.0037,0.0094,0.0003,0.0402,0.0563,0.0021,0.0009,0.0102,0.0002,0.0014,0.002,0.0001,0.0001,0.009,0.0014,0.0005,0.0001,0.0036,0.1006,0.0235,0.0,0.012,0.0,155.0,0.0,92.0,63.0,82.0,0.0,0.0,0.0,0.0,0.0,0.0,0.0,0.0,0.0,0.0,0.0,0.0,0.0,0.0,0.0,0.0,0.0,0.0,8.0,2.0,1.0
1715,14.307979400000029,0,8.0042,1.8902,2.0701,1.8008,0.1734,0.0025,0.0073,0.0002,0.0294,0.042,0.0018,0.0005,0.0093,0.0001,0.0014,0.0015,0.0001,0.0001,0.0079,0.0011,0.0004,0.0,0.0032,0.08,0.0184,0.0,0.0121,0.0,155.0,0.0,92.0,63.0,82.0,0.0,0.0,0.0,0.0,0.0,0.0,0.0,0.0,0.0,0.0,0.0,0.0,0.0,0.0,0.0,0.0,0.0,0.0,8.0,2.0,1.0
1716,14.31598360000003,0,8.6141,1.826,2.1433,1.7823,0.2031,0.003,0.0081,0.0005,0.0417,0.0563,0.0021,0.0008,0.0093,0.0001,0.0013,0.0017,0.0006,0.0001,0.0081,0.0013,0.0004,0.0,0.0029,0.0971,0.0222,0.0,0.0114,0.0,155.0,0.0,92.0,63.0,80.0,0.0,0.0,0.0,0.0,0.0,0.0,0.0,0.0,0.0,0.0,0.0,0.0,0.0,0.0,0.0,0.0,0.0,0.0,8.0,2.0,1.0
1717,14.32459770000003,0,8.1715,1.9367,2.1342,1.8388,0.1868,0.0026,0.005,0.0001,0.0339,0.0436,0.0022,0.0007,0.0119,0.0001,0.0016,0.0014,0.0001,0.0005,0.0082,0.0014,0.0004,0.0,0.0035,0.0895,0.0219,0.0001,0.0117,0.0,155.0,0.0,92.0,63.0,80.0,0.0,0.0,0.0,0.0,0.0,0.0,0.0,0.0,0.0,0.0,0.0,0.0,0.0,0.0,0.0,0.0,0.0,0.0,8.0,2.0,1.0
1718,14.33276920000003,0,8.4959,1.9363,2.2625,1.9016,0.2154,0.003,0.0075,0.0002,0.0428,0.0559,0.0024,0.0009,0.0106,0.0002,0.0014,0.0017,0.0001,0.0001,0.0087,0.0014,0.0005,0.0001,0.0042,0.1013,0.0257,0.0001,0.011,0.0,155.0,0.0,92.0,63.0,80.0,0.0,0.0,0.0,0.0,0.0,0.0,0.0,0.0,0.0,0.0,0.0,0.0,0.0,0.0,0.0,0.0,0.0,0.0,8.0,2.0,1.0
1719,14.34126510000003,0,8.2096,1.9087,2.1742,1.8664,0.1815,0.0027,0.0076,0.0002,0.0316,0.044,0.0018,0.0006,0.0098,0.0001,0.0019,0.0015,0.0001,0.0001,0.0078,0.0016,0.0005,0.0,0.0031,0.0835,0.0213,0.0001,0.0114,0.0,155.0,0.0,92.0,63.0,80.0,0.0,0.0,0.0,0.0,0.0,0.0,0.0,0.0,0.0,0.0,0.0,0.0,0.0,0.0,0.0,0.0,0.0,0.0,8.0,2.0,1.0
1720,14.34947470000003,0,8.4364,2.1253,2.2657,1.9239,0.2178,0.003,0.0052,0.0004,0.0494,0.06,0.0022,0.001,0.0123,0.0001,0.0015,0.0021,0.0001,0.0001,0.0085,0.0018,0.0005,0.0001,0.0037,0.108,0.0234,0.0,0.0135,0.0,155.0,0.0,92.0,63.0,80.0,0.0,0.0,0.0,0.0,0.0,0.0,0.0,0.0,0.0,0.0,0.0,0.0,0.0,0.0,0.0,0.0,0.0,0.0,8.0,2.0,1.0
1721,14.357911100000031,0,8.3602,2.0262,2.2973,1.8427,0.1954,0.0031,0.0072,0.0002,0.033,0.0461,0.0022,0.0008,0.011,0.0002,0.0018,0.0015,0.0001,0.0001,0.0085,0.0012,0.0005,0.0001,0.0031,0.0878,0.0224,0.0001,0.0125,0.0,155.0,0.0,92.0,63.0,80.0,0.0,0.0,0.0,0.0,0.0,0.0,0.0,0.0,0.0,0.0,0.0,0.0,0.0,0.0,0.0,0.0,0.0,0.0,8.0,2.0,1.0
1722,14.366271300000031,0,8.4331,2.0341,2.1963,1.9033,0.2044,0.0026,0.0049,0.0002,0.0533,0.063,0.0023,0.0007,0.0111,0.0002,0.0018,0.0013,0.0001,0.0001,0.0079,0.0016,0.0004,0.0001,0.0034,0.106,0.0222,0.0001,0.0106,0.0,155.0,0.0,92.0,63.0,80.0,0.0,0.0,0.0,0.0,0.0,0.0,0.0,0.0,0.0,0.0,0.0,0.0,0.0,0.0,0.0,0.0,0.0,0.0,8.0,2.0,1.0
1723,14.37470440000003,0,8.1286,1.7891,2.3819,1.81,0.1812,0.0033,0.0062,0.0002,0.0338,0.0456,0.002,0.0007,0.0105,0.0001,0.0019,0.0015,0.0,0.0001,0.0088,0.0012,0.0004,0.0,0.0031,0.0856,0.0207,0.0,0.0117,0.0,155.0,0.0,92.0,63.0,80.0,0.0,0.0,0.0,0.0,0.0,0.0,0.0,0.0,0.0,0.0,0.0,0.0,0.0,0.0,0.0,0.0,0.0,0.0,8.0,2.0,1.0
1724,14.38283300000003,0,8.3161,1.8326,2.0023,1.8428,0.2064,0.0029,0.0069,0.0002,0.0451,0.0573,0.0024,0.001,0.0124,0.0002,0.0014,0.0014,0.0,0.0001,0.0086,0.0018,0.0004,0.0,0.0034,0.1014,0.0228,0.0,0.012,0.0,155.0,0.0,92.0,63.0,80.0,0.0,0.0,0.0,0.0,0.0,0.0,0.0,0.0,0.0,0.0,0.0,0.0,0.0,0.0,0.0,0.0,0.0,0.0,8.0,2.0,1.0
1725,14.39114910000003,0,8.2015,1.806,2.1182,1.7555,0.1972,0.0037,0.007,0.0002,0.0317,0.0456,0.0026,0.0007,0.0112,0.0002,0.0015,0.0016,0.0001,0.0001,0.0084,0.0014,0.0005,0.0001,0.0036,0.0891,0.0202,0.0,0.0103,0.0,155.0,0.0,92.0,63.0,80.0,0.0,0.0,0.0,0.0,0.0,0.0,0.0,0.0,0.0,0.0,0.0,0.0,0.0,0.0,0.0,0.0,0.0,0.0,8.0,2.0,1.0
1726,14.39935060000003,0,8.3804,1.9273,1.9915,1.8204,0.2036,0.0028,0.0055,0.0003,0.0532,0.0641,0.0025,0.0013,0.0116,0.0002,0.0019,0.0013,0.0,0.0001,0.0086,0.0014,0.0004,0.0001,0.0036,0.1074,0.0207,0.0,0.0111,0.0,155.0,0.0,92.0,63.0,80.0,0.0,0.0,0.0,0.0,0.0,0.0,0.0,0.0,0.0,0.0,0.0,0.0,0.0,0.0,0.0,0.0,0.0,0.0,8.0,2.0,1.0
1727,14.40773100000003,0,8.2567,1.8877,2.0466,1.7544,0.1889,0.0035,0.0075,0.0002,0.0324,0.0456,0.0026,0.0008,0.0109,0.0002,0.0014,0.002,0.0001,0.0001,0.0083,0.0013,0.0005,0.0001,0.0036,0.0888,0.02,0.0,0.0112,0.0,155.0,0.0,92.0,63.0,80.0,0.0,0.0,0.0,0.0,0.0,0.0,0.0,0.0,0.0,0.0,0.0,0.0,0.0,0.0,0.0,0.0,0.0,0.0,8.0,2.0,1.0
1728,14.41598770000003,0,8.4901,1.8851,1.9913,1.7531,0.1953,0.003,0.0088,0.0002,0.0389,0.0533,0.0021,0.0007,0.0098,0.0001,0.0015,0.0021,0.0001,0.0001,0.008,0.0012,0.0008,0.0001,0.0041,0.0955,0.0183,0.0,0.0131,0.0,155.0,0.0,92.0,63.0,82.0,0.0,0.0,0.0,0.0,0.0,0.0,0.0,0.0,0.0,0.0,0.0,0.0,0.0,0.0,0.0,0.0,0.0,0.0,8.0,2.0,1.0
1729,14.42447780000003,0,8.4406,1.8993,2.2363,1.8173,0.1905,0.0027,0.0088,0.0003,0.0304,0.0445,0.0021,0.0007,0.0103,0.0002,0.0018,0.0017,0.0,0.0002,0.0087,0.0013,0.0005,0.0001,0.0037,0.0877,0.0196,0.0001,0.0125,0.0,155.0,0.0,92.0,63.0,82.0,0.0,0.0,0.0,0.0,0.0,0.0,0.0,0.0,0.0,0.0,0.0,0.0,0.0,0.0,0.0,0.0,0.0,0.0,8.0,2.0,1.0
1730,14.43291840000003,0,8.2967,1.9992,2.1964,1.9811,0.1982,0.0031,0.0087,0.0002,0.0374,0.0514,0.0022,0.0007,0.0101,0.0001,0.0014,0.0018,0.0001,0.0001,0.0089,0.0018,0.0004,0.0001,0.0033,0.0938,0.0197,0.0,0.0125,0.0,155.0,0.0,92.0,63.0,82.0,0.0,0.0,0.0,0.0,0.0,0.0,0.0,0.0,0.0,0.0,0.0,0.0,0.0,0.0,0.0,0.0,0.0,0.0,8.0,2.0,1.0
1731,14.441215100000031,0,8.2004,1.8474,2.184,1.8548,0.1956,0.0043,0.0088,0.0002,0.0297,0.0451,0.0022,0.0011,0.011,0.0001,0.002,0.0014,0.0,0.0005,0.0082,0.0013,0.0005,0.0002,0.0037,0.0891,0.0211,0.0,0.0126,0.0,155.0,0.0,92.0,63.0,82.0,0.0,0.0,0.0,0.0,0.0,0.0,0.0,0.0,0.0,0.0,0.0,0.0,0.0,0.0,0.0,0.0,0.0,0.0,8.0,2.0,1.0
1732,14.44941550000003,0,8.3935,1.7521,2.1396,1.8095,0.1898,0.0034,0.0084,0.0002,0.0382,0.0524,0.0019,0.0006,0.0086,0.0002,0.0013,0.0013,0.0001,0.0002,0.0082,0.0012,0.0005,0.0,0.0031,0.0889,0.0201,0.0,0.0125,0.0,155.0,0.0,92.0,63.0,82.0,0.0,0.0,0.0,0.0,0.0,0.0,0.0,0.0,0.0,0.0,0.0,0.0,0.0,0.0,0.0,0.0,0.0,0.0,8.0,2.0,1.0
1733,14.457809000000031,0,8.327,1.7649,2.1312,1.91,0.1904,0.0029,0.0086,0.0002,0.0299,0.0439,0.0021,0.0007,0.0104,0.0001,0.0018,0.0014,0.0001,0.0001,0.0079,0.0019,0.0005,0.0001,0.0037,0.0859,0.02,0.0,0.0119,0.0,155.0,0.0,92.0,63.0,82.0,0.0,0.0,0.0,0.0,0.0,0.0,0.0,0.0,0.0,0.0,0.0,0.0,0.0,0.0,0.0,0.0,0.0,0.0,8.0,2.0,1.0
1734,14.46613600000003,0,8.2844,2.3162,2.0917,1.8517,0.1919,0.0028,0.0082,0.0002,0.0376,0.0506,0.0025,0.0008,0.0099,0.0002,0.0014,0.0015,0.0001,0.0001,0.0078,0.0013,0.0004,0.0001,0.0043,0.0915,0.0197,0.0001,0.013,0.0,155.0,0.0,92.0,63.0,82.0,0.0,0.0,0.0,0.0,0.0,0.0,0.0,0.0,0.0,0.0,0.0,0.0,0.0,0.0,0.0,0.0,0.0,0.0,8.0,2.0,1.0
1735,14.474420400000032,0,8.3498,1.8536,2.0755,1.8126,0.1757,0.0029,0.0077,0.0001,0.0272,0.0403,0.0021,0.0007,0.0094,0.0001,0.0014,0.0015,0.0001,0.0001,0.0074,0.0011,0.0005,0.0001,0.0031,0.0816,0.0182,0.0001,0.0117,0.0,155.0,0.0,92.0,63.0,82.0,0.0,0.0,0.0,0.0,0.0,0.0,0.0,0.0,0.0,0.0,0.0,0.0,0.0,0.0,0.0,0.0,0.0,0.0,8.0,2.0,1.0
1736,14.482770200000031,0,8.3989,1.8613,2.1494,1.7335,0.208,0.0036,0.0092,0.0002,0.0419,0.0576,0.0021,0.0015,0.0115,0.0001,0.0014,0.0014,0.0001,0.0001,0.0081,0.0012,0.0004,0.0001,0.0039,0.1006,0.0204,0.0,0.0122,0.0,155.0,0.0,92.0,63.0,82.0,0.0,0.0,0.0,0.0,0.0,0.0,0.0,0.0,0.0,0.0,0.0,0.0,0.0,0.0,0.0,0.0,0.0,0.0,8.0,2.0,1.0
1737,14.49116910000003,0,8.4019,1.8269,2.1999,1.8472,0.2053,0.0032,0.0085,0.0002,0.035,0.0492,0.0022,0.0008,0.0104,0.0001,0.0021,0.0021,0.0001,0.0001,0.0085,0.0017,0.0004,0.0001,0.0038,0.0935,0.0225,0.0001,0.0123,0.0,155.0,0.0,92.0,63.0,82.0,0.0,0.0,0.0,0.0,0.0,0.0,0.0,0.0,0.0,0.0,0.0,0.0,0.0,0.0,0.0,0.0,0.0,0.0,8.0,2.0,1.0
1738,14.499571000000032,0,8.0976,1.8378,2.1049,1.8016,0.1904,0.0027,0.0085,0.0001,0.0386,0.052,0.0022,0.0008,0.0105,0.0001,0.0018,0.0015,0.0,0.0001,0.0079,0.0016,0.0005,0.0001,0.0039,0.0946,0.0191,0.0,0.0125,0.0,155.0,0.0,92.0,63.0,82.0,0.0,0.0,0.0,0.0,0.0,0.0,0.0,0.0,0.0,0.0,0.0,0.0,0.0,0.0,0.0,0.0,0.0,0.0,8.0,2.0,1.0
1739,14.50766860000003,0,8.4533,1.8261,2.0639,1.7317,0.1959,0.003,0.0086,0.0001,0.0329,0.0468,0.0019,0.0008,0.0098,0.0001,0.0013,0.0015,0.0001,0.0002,0.008,0.0013,0.0005,0.0001,0.0037,0.0918,0.0194,0.0,0.0126,0.0,155.0,0.0,92.0,63.0,84.0,0.0,0.0,0.0,0.0,0.0,0.0,0.0,0.0,0.0,0.0,0.0,0.0,0.0,0.0,0.0,0.0,0.0,0.0,8.0,2.0,1.0
1740,14.51612190000003,0,8.3578,1.8155,2.1062,1.7354,0.2135,0.0031,0.0095,0.0003,0.0458,0.0612,0.0021,0.0013,0.0107,0.0001,0.0019,0.0016,0.0001,0.0002,0.0079,0.0013,0.0005,0.0,0.0039,0.1047,0.0207,0.0001,0.0114,0.0,155.0,0.0,92.0,63.0,84.0,0.0,0.0,0.0,0.0,0.0,0.0,0.0,0.0,0.0,0.0,0.0,0.0,0.0,0.0,0.0,0.0,0.0,0.0,8.0,2.0,1.0
1741,14.52447970000003,0,8.2118,1.8849,2.0446,1.7758,0.1746,0.0029,0.0076,0.0002,0.0304,0.0435,0.0018,0.0006,0.0091,0.0001,0.0014,0.0017,0.0,0.0001,0.0074,0.0012,0.0003,0.0,0.003,0.0804,0.0187,0.0,0.0138,0.0,155.0,0.0,92.0,63.0,84.0,0.0,0.0,0.0,0.0,0.0,0.0,0.0,0.0,0.0,0.0,0.0,0.0,0.0,0.0,0.0,0.0,0.0,0.0,8.0,2.0,1.0
1742,14.53269150000003,0,8.6496,1.9586,2.2744,1.8028,0.2052,0.0031,0.0089,0.0002,0.0407,0.0551,0.0026,0.0007,0.011,0.0001,0.0015,0.002,0.0001,0.0002,0.0082,0.0018,0.0005,0.0,0.0037,0.0994,0.0187,0.0,0.0163,0.0,155.0,0.0,92.0,63.0,84.0,0.0,0.0,0.0,0.0,0.0,0.0,0.0,0.0,0.0,0.0,0.0,0.0,0.0,0.0,0.0,0.0,0.0,0.0,8.0,2.0,1.0
1743,14.54134110000003,0,8.4656,1.8611,2.3866,1.8075,0.2271,0.004,0.0094,0.0003,0.0384,0.0551,0.0023,0.0016,0.0115,0.0002,0.0014,0.002,0.0002,0.0001,0.0075,0.0013,0.0009,0.0001,0.0046,0.102,0.0224,0.0001,0.0129,0.0,155.0,0.0,92.0,63.0,84.0,0.0,0.0,0.0,0.0,0.0,0.0,0.0,0.0,0.0,0.0,0.0,0.0,0.0,0.0,0.0,0.0,0.0,0.0,8.0,2.0,1.0
1744,14.54980670000003,0,8.1165,1.9979,2.2933,1.8046,0.1968,0.0027,0.0082,0.0003,0.0394,0.0537,0.0021,0.0006,0.0101,0.0002,0.0013,0.0019,0.0001,0.0001,0.0081,0.0016,0.0005,0.0001,0.0031,0.0932,0.023,0.0,0.014,0.0,155.0,0.0,92.0,63.0,84.0,0.0,0.0,0.0,0.0,0.0,0.0,0.0,0.0,0.0,0.0,0.0,0.0,0.0,0.0,0.0,0.0,0.0,0.0,8.0,2.0,1.0
1745,14.55792320000003,0,8.3537,1.8612,2.2335,1.7431,0.2019,0.0036,0.0093,0.0002,0.0303,0.0458,0.0022,0.0012,0.0113,0.0001,0.0013,0.0015,0.0005,0.0001,0.0081,0.0013,0.0005,0.0001,0.0039,0.0899,0.0232,0.0001,0.0132,0.0,155.0,0.0,92.0,63.0,84.0,0.0,0.0,0.0,0.0,0.0,0.0,0.0,0.0,0.0,0.0,0.0,0.0,0.0,0.0,0.0,0.0,0.0,0.0,8.0,2.0,1.0
1746,14.56627690000003,0,8.261,1.96,2.2608,1.9247,0.2019,0.0026,0.0083,0.0002,0.0413,0.0547,0.0025,0.0008,0.012,0.0001,0.0019,0.0015,0.0001,0.0001,0.0081,0.0013,0.0004,0.0001,0.0038,0.1003,0.022,0.0,0.0123,0.0,155.0,0.0,92.0,63.0,84.0,0.0,0.0,0.0,0.0,0.0,0.0,0.0,0.0,0.0,0.0,0.0,0.0,0.0,0.0,0.0,0.0,0.0,0.0,8.0,2.0,1.0
1747,14.57453790000003,0,8.1682,1.8726,2.0934,1.7756,0.1737,0.0027,0.0071,0.0001,0.0341,0.0458,0.0024,0.0007,0.0087,0.0005,0.0014,0.0015,0.0001,0.0001,0.0076,0.0011,0.0004,0.0001,0.0031,0.0831,0.0175,0.0,0.0125,0.0,155.0,0.0,92.0,63.0,84.0,0.0,0.0,0.0,0.0,0.0,0.0,0.0,0.0,0.0,0.0,0.0,0.0,0.0,0.0,0.0,0.0,0.0,0.0,8.0,2.0,1.0
1748,14.58270610000003,0,8.5504,1.8481,2.2035,1.7801,0.2059,0.0033,0.0092,0.0002,0.0392,0.0542,0.002,0.0006,0.0106,0.0002,0.0019,0.0014,0.0001,0.0001,0.0079,0.0014,0.0004,0.0001,0.0034,0.0962,0.0229,0.0001,0.0126,0.0,155.0,0.0,92.0,63.0,84.0,0.0,0.0,0.0,0.0,0.0,0.0,0.0,0.0,0.0,0.0,0.0,0.0,0.0,0.0,0.0,0.0,0.0,0.0,8.0,2.0,1.0
1749,14.59125650000003,0,8.3876,1.8476,2.2928,1.7481,0.2046,0.0035,0.0096,0.0003,0.0357,0.0517,0.0025,0.0009,0.0108,0.0001,0.0015,0.0017,0.0001,0.0001,0.0081,0.0013,0.0005,0.0001,0.0039,0.0958,0.0215,0.0001,0.0141,0.0,155.0,0.0,92.0,63.0,84.0,0.0,0.0,0.0,0.0,0.0,0.0,0.0,0.0,0.0,0.0,0.0,0.0,0.0,0.0,0.0,0.0,0.0,0.0,8.0,2.0,1.0
1750,14.599644100000031,0,8.1692,1.8884,2.175,1.7911,0.1916,0.0027,0.0077,0.0002,0.0385,0.052,0.0019,0.0006,0.0087,0.0001,0.0018,0.0014,0.0,0.0006,0.0069,0.0016,0.0004,0.0,0.0033,0.0899,0.0206,0.0,0.0128,0.0,155.0,0.0,92.0,63.0,84.0,0.0,0.0,0.0,0.0,0.0,0.0,0.0,0.0,0.0,0.0,0.0,0.0,0.0,0.0,0.0,0.0,0.0,0.0,8.0,2.0,1.0
1751,14.60781330000003,0,8.2848,1.8824,2.1021,1.7649,0.1956,0.0031,0.0095,0.0002,0.0303,0.0457,0.0028,0.0008,0.0108,0.0001,0.0018,0.0015,0.0001,0.0001,0.0078,0.0017,0.0004,0.0001,0.0036,0.0879,0.0198,0.0,0.0141,0.0,155.0,0.0,92.0,63.0,84.0,0.0,0.0,0.0,0.0,0.0,0.0,0.0,0.0,0.0,0.0,0.0,0.0,0.0,0.0,0.0,0.0,0.0,0.0,8.0,2.0,1.0
1752,14.61609810000003,0,8.2499,2.0265,2.0243,1.7124,0.1957,0.0031,0.0087,0.0001,0.039,0.0533,0.0021,0.0008,0.0104,0.0001,0.0016,0.0014,0.0001,0.0001,0.0087,0.0012,0.0004,0.0001,0.0038,0.0954,0.0186,0.0001,0.0118,0.0,155.0,0.0,92.0,63.0,84.0,0.0,0.0,0.0,0.0,0.0,0.0,0.0,0.0,0.0,0.0,0.0,0.0,0.0,0.0,0.0,0.0,0.0,0.0,8.0,2.0,1.0
1753,14.62434800000003,0,8.4678,2.0166,2.1179,1.898,0.1828,0.0032,0.008,0.0002,0.0302,0.0433,0.0018,0.0012,0.0097,0.0002,0.0018,0.0017,0.0001,0.0001,0.0078,0.0017,0.0004,0.0,0.0033,0.0832,0.0194,0.0001,0.0149,0.0,155.0,0.0,92.0,63.0,84.0,0.0,0.0,0.0,0.0,0.0,0.0,0.0,0.0,0.0,0.0,0.0,0.0,0.0,0.0,0.0,0.0,0.0,0.0,8.0,2.0,1.0
1754,14.63281580000003,0,8.3414,1.8924,2.1255,1.8695,0.204,0.0032,0.0091,0.0002,0.0399,0.0552,0.0021,0.0007,0.0103,0.0002,0.002,0.0017,0.0001,0.0001,0.0088,0.0012,0.0004,0.0001,0.0037,0.0983,0.021,0.0001,0.0116,0.0,155.0,0.0,92.0,63.0,84.0,0.0,0.0,0.0,0.0,0.0,0.0,0.0,0.0,0.0,0.0,0.0,0.0,0.0,0.0,0.0,0.0,0.0,0.0,8.0,2.0,1.0
1755,14.64115720000003,0,8.2352,1.9262,2.0668,1.8041,0.1932,0.0029,0.009,0.0001,0.0302,0.0443,0.002,0.001,0.0108,0.0002,0.0018,0.0014,0.0001,0.0001,0.0084,0.0012,0.0005,0.0001,0.0039,0.0885,0.0198,0.0,0.0114,0.0,155.0,0.0,92.0,63.0,84.0,0.0,0.0,0.0,0.0,0.0,0.0,0.0,0.0,0.0,0.0,0.0,0.0,0.0,0.0,0.0,0.0,0.0,0.0,8.0,2.0,1.0
1756,14.64939240000003,0,8.398,1.8727,2.0961,1.8251,0.1896,0.0034,0.0087,0.0003,0.0355,0.0502,0.0025,0.0006,0.0096,0.0002,0.0012,0.002,0.0001,0.0001,0.0072,0.0011,0.0004,0.0001,0.003,0.0884,0.0178,0.0,0.0127,0.0,155.0,0.0,92.0,63.0,84.0,0.0,0.0,0.0,0.0,0.0,0.0,0.0,0.0,0.0,0.0,0.0,0.0,0.0,0.0,0.0,0.0,0.0,0.0,8.0,2.0,1.0
1757,14.65779040000003,0,8.3669,1.8251,2.1323,1.82,0.2059,0.0041,0.0095,0.0002,0.0347,0.0508,0.0024,0.0006,0.0107,0.0001,0.0013,0.0018,0.0001,0.0001,0.0082,0.0012,0.0005,0.0,0.0038,0.0952,0.0216,0.0001,0.0136,0.0,155.0,0.0,92.0,63.0,84.0,0.0,0.0,0.0,0.0,0.0,0.0,0.0,0.0,0.0,0.0,0.0,0.0,0.0,0.0,0.0,0.0,0.0,0.0,8.0,2.0,1.0
1758,14.66615730000003,0,8.3592,1.8107,2.1531,1.926,0.1836,0.0025,0.0076,0.0001,0.0422,0.0546,0.0019,0.0011,0.0099,0.0001,0.0018,0.0014,0.0001,0.0001,0.007,0.0011,0.0007,0.0001,0.0029,0.092,0.0163,0.0001,0.0129,0.0,155.0,0.0,92.0,63.0,84.0,0.0,0.0,0.0,0.0,0.0,0.0,0.0,0.0,0.0,0.0,0.0,0.0,0.0,0.0,0.0,0.0,0.0,0.0,8.0,2.0,1.0
1759,14.67451650000003,0,8.4864,1.8892,2.3234,1.7574,0.2022,0.0037,0.0085,0.0003,0.0306,0.0455,0.0022,0.0013,0.0117,0.0002,0.0014,0.0016,0.0004,0.0002,0.0084,0.0012,0.0009,0.0001,0.0038,0.0902,0.0232,0.0001,0.0129,0.0,155.0,0.0,92.0,63.0,84.0,0.0,0.0,0.0,0.0,0.0,0.0,0.0,0.0,0.0,0.0,0.0,0.0,0.0,0.0,0.0,0.0,0.0,0.0,8.0,2.0,1.0
1760,14.68300290000003,0,8.1622,2.0921,2.2177,1.9721,0.1831,0.0026,0.0077,0.0002,0.0386,0.051,0.002,0.0006,0.0097,0.0001,0.0012,0.0018,0.0001,0.0001,0.0072,0.0011,0.0004,0.0,0.0031,0.0895,0.0193,0.0,0.0134,0.0,155.0,0.0,92.0,63.0,84.0,0.0,0.0,0.0,0.0,0.0,0.0,0.0,0.0,0.0,0.0,0.0,0.0,0.0,0.0,0.0,0.0,0.0,0.0,8.0,2.0,1.0
1761,14.69116510000003,0,8.3003,2.0158,2.0753,1.8645,0.1764,0.0031,0.0074,0.0003,0.0293,0.042,0.0024,0.0007,0.0092,0.0001,0.0013,0.002,0.0001,0.0002,0.0077,0.0011,0.0004,0.0001,0.003,0.0814,0.0197,0.0001,0.0134,0.0,155.0,0.0,92.0,63.0,84.0,0.0,0.0,0.0,0.0,0.0,0.0,0.0,0.0,0.0,0.0,0.0,0.0,0.0,0.0,0.0,0.0,0.0,0.0,8.0,2.0,1.0
1762,14.69946540000003,0,8.3557,2.0984,2.2034,1.8667,0.2039,0.0027,0.008,0.0003,0.0418,0.0549,0.0022,0.0008,0.0096,0.0002,0.0014,0.002,0.0001,0.0001,0.0079,0.002,0.0004,0.0,0.0038,0.0977,0.0234,0.0,0.0139,0.0,155.0,0.0,92.0,63.0,84.0,0.0,0.0,0.0,0.0,0.0,0.0,0.0,0.0,0.0,0.0,0.0,0.0,0.0,0.0,0.0,0.0,0.0,0.0,8.0,2.0,1.0
1763,14.707821100000029,0,8.2357,1.9694,2.0855,1.8327,0.1849,0.003,0.0092,0.0002,0.0209,0.036,0.0019,0.0007,0.0101,0.0002,0.0013,0.002,0.0,0.0001,0.0083,0.0011,0.0004,0.0001,0.0035,0.0777,0.0209,0.0001,0.011,0.0,155.0,0.0,92.0,63.0,84.0,0.0,0.0,0.0,0.0,0.0,0.0,0.0,0.0,0.0,0.0,0.0,0.0,0.0,0.0,0.0,0.0,0.0,0.0,8.0,2.0,1.0
1764,14.716056800000029,0,8.4361,1.9556,2.0735,1.8591,0.1905,0.0032,0.0076,0.0002,0.043,0.0559,0.002,0.0008,0.0097,0.0002,0.0018,0.0014,0.0,0.0005,0.0078,0.0011,0.0005,0.0001,0.0031,0.0949,0.0199,0.0,0.0134,0.0,155.0,0.0,92.0,63.0,84.0,0.0,0.0,0.0,0.0,0.0,0.0,0.0,0.0,0.0,0.0,0.0,0.0,0.0,0.0,0.0,0.0,0.0,0.0,8.0,2.0,1.0
1765,14.72449290000003,0,8.2532,1.9555,2.1033,1.7452,0.1759,0.0027,0.0074,0.0002,0.0292,0.0416,0.0018,0.001,0.0097,0.0002,0.0017,0.0016,0.0001,0.0002,0.0075,0.0016,0.0005,0.0001,0.0034,0.0807,0.0202,0.0,0.0118,0.0,155.0,0.0,92.0,63.0,84.0,0.0,0.0,0.0,0.0,0.0,0.0,0.0,0.0,0.0,0.0,0.0,0.0,0.0,0.0,0.0,0.0,0.0,0.0,8.0,2.0,1.0
1766,14.73274610000003,0,8.4444,2.0653,2.1561,1.8635,0.2103,0.0037,0.0089,0.0002,0.0456,0.0612,0.0023,0.0007,0.0101,0.0001,0.0014,0.0016,0.0001,0.0002,0.0077,0.0016,0.0005,0.0,0.0033,0.1008,0.0233,0.0,0.0139,0.0,155.0,0.0,92.0,63.0,84.0,0.0,0.0,0.0,0.0,0.0,0.0,0.0,0.0,0.0,0.0,0.0,0.0,0.0,0.0,0.0,0.0,0.0,0.0,8.0,2.0,1.0
1767,14.74119050000003,0,8.2455,1.9509,2.1207,2.0062,0.1727,0.0027,0.0071,0.0001,0.0299,0.0425,0.0019,0.0007,0.0091,0.0001,0.0017,0.0013,0.0002,0.0001,0.0071,0.0012,0.0009,0.0,0.003,0.0792,0.0199,0.0,0.0135,0.0,155.0,0.0,92.0,63.0,84.0,0.0,0.0,0.0,0.0,0.0,0.0,0.0,0.0,0.0,0.0,0.0,0.0,0.0,0.0,0.0,0.0,0.0,0.0,8.0,2.0,1.0
1768,14.74943600000003,0,8.5229,1.9142,2.256,1.7863,0.2089,0.0031,0.0096,0.0002,0.0441,0.059,0.0023,0.0008,0.0115,0.0001,0.0015,0.0017,0.0002,0.0001,0.0073,0.0012,0.0005,0.0,0.0036,0.1022,0.0213,0.0001,0.0147,0.0,155.0,0.0,92.0,63.0,84.0,0.0,0.0,0.0,0.0,0.0,0.0,0.0,0.0,0.0,0.0,0.0,0.0,0.0,0.0,0.0,0.0,0.0,0.0,8.0,2.0,1.0
1769,14.75795890000003,0,8.2381,2.2139,2.2366,1.8029,0.1799,0.0028,0.0071,0.0002,0.028,0.0403,0.0019,0.0012,0.0104,0.0002,0.0019,0.0016,0.0001,0.0007,0.0072,0.0013,0.0004,0.0,0.0032,0.08,0.0211,0.0,0.0125,0.0,155.0,0.0,92.0,63.0,84.0,0.0,0.0,0.0,0.0,0.0,0.0,0.0,0.0,0.0,0.0,0.0,0.0,0.0,0.0,0.0,0.0,0.0,0.0,8.0,2.0,1.0
1770,14.76619700000003,0,8.306,2.0351,2.1321,1.8737,0.194,0.0029,0.008,0.0002,0.0348,0.0479,0.0021,0.0007,0.0096,0.0001,0.0013,0.0015,0.0001,0.0001,0.0076,0.0018,0.0004,0.0001,0.0042,0.09,0.0188,0.0,0.0137,0.0,155.0,0.0,92.0,63.0,84.0,0.0,0.0,0.0,0.0,0.0,0.0,0.0,0.0,0.0,0.0,0.0,0.0,0.0,0.0,0.0,0.0,0.0,0.0,8.0,2.0,1.0
1771,14.77450300000003,0,8.2005,2.0029,2.0912,1.8761,0.1758,0.0027,0.0073,0.0001,0.03,0.0423,0.0019,0.0007,0.0095,0.0001,0.0013,0.0019,0.0,0.0001,0.0082,0.0016,0.0004,0.0001,0.0031,0.0846,0.018,0.0,0.014,0.0,155.0,0.0,92.0,63.0,84.0,0.0,0.0,0.0,0.0,0.0,0.0,0.0,0.0,0.0,0.0,0.0,0.0,0.0,0.0,0.0,0.0,0.0,0.0,8.0,2.0,1.0
1772,14.782703500000029,0,8.4868,1.9326,2.1754,1.808,0.2036,0.0037,0.0087,0.0002,0.0414,0.0562,0.0023,0.0008,0.0101,0.0002,0.0017,0.0015,0.0007,0.0001,0.0083,0.0012,0.0011,0.0,0.0038,0.0995,0.0183,0.0001,0.0133,0.0,155.0,0.0,92.0,63.0,84.0,0.0,0.0,0.0,0.0,0.0,0.0,0.0,0.0,0.0,0.0,0.0,0.0,0.0,0.0,0.0,0.0,0.0,0.0,8.0,2.0,1.0
1773,14.791190300000029,0,8.2797,1.9922,2.0911,1.7616,0.1756,0.0027,0.0084,0.0002,0.0296,0.0429,0.0018,0.0007,0.0092,0.0001,0.0012,0.0015,0.0,0.0006,0.0072,0.0011,0.0004,0.0001,0.0031,0.0797,0.018,0.0,0.0128,0.0,155.0,0.0,92.0,63.0,84.0,0.0,0.0,0.0,0.0,0.0,0.0,0.0,0.0,0.0,0.0,0.0,0.0,0.0,0.0,0.0,0.0,0.0,0.0,8.0,2.0,1.0
1774,14.799470000000028,0,8.5389,1.905,2.2903,1.829,0.2136,0.0034,0.01,0.0003,0.0371,0.0533,0.0022,0.0008,0.0106,0.0002,0.0015,0.0022,0.0001,0.0001,0.0083,0.0018,0.0005,0.0001,0.0037,0.0992,0.0215,0.0,0.0134,0.0,155.0,0.0,92.0,63.0,84.0,0.0,0.0,0.0,0.0,0.0,0.0,0.0,0.0,0.0,0.0,0.0,0.0,0.0,0.0,0.0,0.0,0.0,0.0,8.0,2.0,1.0
1775,14.808008900000027,0,8.1522,2.0324,2.2004,1.7954,0.1965,0.003,0.0083,0.0002,0.0336,0.0475,0.0025,0.0008,0.0115,0.0001,0.0017,0.0016,0.0,0.0001,0.0084,0.0013,0.0005,0.0001,0.0038,0.0915,0.0193,0.0,0.0128,0.0,155.0,0.0,92.0,63.0,84.0,0.0,0.0,0.0,0.0,0.0,0.0,0.0,0.0,0.0,0.0,0.0,0.0,0.0,0.0,0.0,0.0,0.0,0.0,8.0,2.0,1.0
1776,14.816161100000027,0,8.3729,1.9647,2.2102,1.8712,0.189,0.0031,0.0073,0.0002,0.0422,0.0549,0.0018,0.0007,0.0091,0.0005,0.0012,0.0015,0.0001,0.0001,0.0081,0.0012,0.0005,0.0,0.0032,0.0942,0.0185,0.0001,0.0132,0.0,155.0,0.0,92.0,63.0,84.0,0.0,0.0,0.0,0.0,0.0,0.0,0.0,0.0,0.0,0.0,0.0,0.0,0.0,0.0,0.0,0.0,0.0,0.0,8.0,2.0,1.0
1777,14.824534000000027,0,8.2265,1.9875,2.0806,1.744,0.1731,0.0028,0.0078,0.0002,0.028,0.0413,0.0023,0.0006,0.0088,0.0001,0.0015,0.0015,0.0001,0.0002,0.0081,0.0011,0.0004,0.0001,0.0036,0.08,0.0196,0.0001,0.0129,0.0,155.0,0.0,92.0,63.0,84.0,0.0,0.0,0.0,0.0,0.0,0.0,0.0,0.0,0.0,0.0,0.0,0.0,0.0,0.0,0.0,0.0,0.0,0.0,8.0,2.0,1.0
1778,14.832760500000026,0,8.5904,2.2406,2.32,1.9252,0.2287,0.0034,0.009,0.0003,0.0506,0.0662,0.0024,0.0008,0.011,0.0002,0.002,0.0018,0.0001,0.0001,0.0084,0.0014,0.0009,0.0,0.0037,0.1109,0.0237,0.0,0.013,0.0,155.0,0.0,92.0,63.0,84.0,0.0,0.0,0.0,0.0,0.0,0.0,0.0,0.0,0.0,0.0,0.0,0.0,0.0,0.0,0.0,0.0,0.0,0.0,8.0,2.0,1.0
1779,14.841350900000025,0,8.0746,2.0697,2.174,1.8737,0.1824,0.0027,0.0076,0.0002,0.0348,0.0477,0.0017,0.0005,0.0097,0.0001,0.0018,0.0014,0.0001,0.0002,0.008,0.0012,0.0004,0.0001,0.0033,0.0874,0.0198,0.0001,0.0127,0.0,155.0,0.0,92.0,63.0,84.0,0.0,0.0,0.0,0.0,0.0,0.0,0.0,0.0,0.0,0.0,0.0,0.0,0.0,0.0,0.0,0.0,0.0,0.0,8.0,2.0,1.0
1780,14.849425500000025,0,8.3468,1.9798,2.064,1.8579,0.1924,0.0026,0.0076,0.0002,0.0407,0.0529,0.0023,0.0007,0.0114,0.0002,0.0013,0.0019,0.0,0.0002,0.0083,0.0016,0.0004,0.0001,0.0036,0.096,0.0209,0.0,0.0128,0.0,155.0,0.0,92.0,63.0,84.0,0.0,0.0,0.0,0.0,0.0,0.0,0.0,0.0,0.0,0.0,0.0,0.0,0.0,0.0,0.0,0.0,0.0,0.0,8.0,2.0,1.0
1781,14.857772300000025,0,8.4882,1.9877,2.1621,1.8084,0.2056,0.0033,0.0091,0.0002,0.0342,0.0493,0.0024,0.0009,0.0105,0.0001,0.0014,0.0022,0.0001,0.0002,0.0077,0.0018,0.0005,0.0002,0.0042,0.0931,0.0208,0.0,0.012,0.0,155.0,0.0,92.0,63.0,84.0,0.0,0.0,0.0,0.0,0.0,0.0,0.0,0.0,0.0,0.0,0.0,0.0,0.0,0.0,0.0,0.0,0.0,0.0,8.0,2.0,1.0
1782,14.866260500000026,0,8.1825,1.9949,2.1776,1.8869,0.184,0.0026,0.0081,0.0002,0.0369,0.0496,0.002,0.0007,0.0091,0.0002,0.0015,0.0014,0.0001,0.0001,0.0076,0.0016,0.0004,0.0,0.0032,0.0871,0.0184,0.0,0.0134,0.0,155.0,0.0,92.0,63.0,84.0,0.0,0.0,0.0,0.0,0.0,0.0,0.0,0.0,0.0,0.0,0.0,0.0,0.0,0.0,0.0,0.0,0.0,0.0,8.0,2.0,1.0
1783,14.874443000000026,0,8.7071,1.9957,2.2647,1.9403,0.2281,0.0033,0.0094,0.0003,0.0466,0.0621,0.0019,0.0007,0.0108,0.0001,0.002,0.0019,0.0006,0.0001,0.0082,0.0013,0.0011,0.0001,0.0033,0.1054,0.0345,0.0,0.014,0.0,155.0,0.0,92.0,63.0,84.0,0.0,0.0,0.0,0.0,0.0,0.0,0.0,0.0,0.0,0.0,0.0,0.0,0.0,0.0,0.0,0.0,0.0,0.0,8.0,2.0,1.0
1784,14.883150100000027,0,8.1695,1.9792,2.4705,1.9355,0.1872,0.0026,0.0075,0.0001,0.0388,0.0513,0.0019,0.0005,0.0095,0.0001,0.0018,0.0014,0.0002,0.0001,0.0077,0.0016,0.0004,0.0,0.0031,0.0888,0.0188,0.0,0.0131,0.0,155.0,0.0,92.0,63.0,84.0,0.0,0.0,0.0,0.0,0.0,0.0,0.0,0.0,0.0,0.0,0.0,0.0,0.0,0.0,0.0,0.0,0.0,0.0,8.0,2.0,1.0
1785,14.891319600000026,0,8.2352,2.3238,2.2753,1.887,0.1748,0.0026,0.0075,0.0001,0.0283,0.0407,0.0025,0.0007,0.0093,0.0002,0.0014,0.0013,0.0001,0.0002,0.0077,0.0011,0.0004,0.0001,0.003,0.0779,0.0207,0.0,0.0133,0.0,155.0,0.0,92.0,63.0,84.0,0.0,0.0,0.0,0.0,0.0,0.0,0.0,0.0,0.0,0.0,0.0,0.0,0.0,0.0,0.0,0.0,0.0,0.0,8.0,2.0,1.0
1786,14.899554800000026,0,8.4065,1.8604,2.1717,1.8265,0.2089,0.0035,0.0084,0.0002,0.0398,0.0545,0.0024,0.0009,0.0125,0.0001,0.0014,0.0017,0.0,0.0001,0.0082,0.0016,0.0004,0.0001,0.0037,0.1001,0.0241,0.0001,0.0116,0.0,155.0,0.0,92.0,63.0,84.0,0.0,0.0,0.0,0.0,0.0,0.0,0.0,0.0,0.0,0.0,0.0,0.0,0.0,0.0,0.0,0.0,0.0,0.0,8.0,2.0,1.0
1787,14.907961300000025,0,8.2053,1.9317,2.254,1.9126,0.1839,0.0027,0.0081,0.0001,0.0283,0.0414,0.0019,0.0005,0.0104,0.0001,0.0019,0.0016,0.0002,0.0002,0.0081,0.0016,0.0004,0.0001,0.0033,0.0819,0.0225,0.0,0.0135,0.0,155.0,0.0,92.0,63.0,84.0,0.0,0.0,0.0,0.0,0.0,0.0,0.0,0.0,0.0,0.0,0.0,0.0,0.0,0.0,0.0,0.0,0.0,0.0,8.0,2.0,1.0
1788,14.916166600000025,0,8.2724,2.0994,2.1164,1.7799,0.1973,0.0036,0.0084,0.0001,0.0407,0.0549,0.0027,0.0007,0.0116,0.0002,0.0019,0.0015,0.0,0.0001,0.0087,0.0013,0.0005,0.0001,0.0037,0.0982,0.0223,0.0001,0.0129,0.0,155.0,0.0,92.0,63.0,84.0,0.0,0.0,0.0,0.0,0.0,0.0,0.0,0.0,0.0,0.0,0.0,0.0,0.0,0.0,0.0,0.0,0.0,0.0,8.0,2.0,1.0
1789,14.924439000000024,0,8.3097,1.9471,2.1122,2.0008,0.1854,0.003,0.0077,0.0003,0.0327,0.0457,0.0017,0.0007,0.01,0.0001,0.0014,0.0015,0.0001,0.0001,0.0078,0.0015,0.0004,0.0,0.0031,0.0843,0.0178,0.0,0.0121,0.0,155.0,0.0,92.0,63.0,84.0,0.0,0.0,0.0,0.0,0.0,0.0,0.0,0.0,0.0,0.0,0.0,0.0,0.0,0.0,0.0,0.0,0.0,0.0,8.0,2.0,1.0
1790,14.932748700000024,0,8.3845,2.0177,2.1112,1.7684,0.2075,0.0033,0.009,0.0002,0.0416,0.0562,0.0023,0.0007,0.0093,0.0002,0.0015,0.002,0.0,0.0001,0.0079,0.0018,0.0006,0.0,0.004,0.0984,0.0225,0.0001,0.0121,0.0,155.0,0.0,92.0,63.0,84.0,0.0,0.0,0.0,0.0,0.0,0.0,0.0,0.0,0.0,0.0,0.0,0.0,0.0,0.0,0.0,0.0,0.0,0.0,8.0,2.0,1.0
1791,14.941133200000024,0,8.3894,1.9444,2.0109,1.8724,0.1735,0.0028,0.0073,0.0002,0.0285,0.0405,0.0017,0.0007,0.0099,0.0002,0.0012,0.0018,0.0001,0.0001,0.0078,0.0015,0.0004,0.0001,0.0036,0.0792,0.0182,0.0,0.0126,0.0,155.0,0.0,92.0,63.0,84.0,0.0,0.0,0.0,0.0,0.0,0.0,0.0,0.0,0.0,0.0,0.0,0.0,0.0,0.0,0.0,0.0,0.0,0.0,8.0,2.0,1.0
1792,14.949522600000025,0,8.2201,1.9566,2.2172,1.9929,0.1853,0.0028,0.0075,0.0001,0.0382,0.0505,0.0018,0.0007,0.0091,0.0001,0.0012,0.0018,0.0,0.0001,0.0079,0.0011,0.0005,0.0,0.0032,0.0891,0.0219,0.0,0.0123,0.0,155.0,0.0,92.0,63.0,84.0,0.0,0.0,0.0,0.0,0.0,0.0,0.0,0.0,0.0,0.0,0.0,0.0,0.0,0.0,0.0,0.0,0.0,0.0,8.0,2.0,1.0
1793,14.957742700000026,0,8.5012,2.1204,2.1418,1.9298,0.2083,0.003,0.0089,0.0002,0.0329,0.0473,0.0027,0.0008,0.0122,0.0001,0.0014,0.0017,0.0001,0.0001,0.0083,0.0013,0.0009,0.0001,0.0037,0.0936,0.0219,0.0,0.014,0.0,155.0,0.0,92.0,63.0,84.0,0.0,0.0,0.0,0.0,0.0,0.0,0.0,0.0,0.0,0.0,0.0,0.0,0.0,0.0,0.0,0.0,0.0,0.0,8.0,2.0,1.0
1794,14.966243900000025,0,8.3274,2.1657,2.3108,1.8542,0.1968,0.0034,0.0079,0.0001,0.0399,0.0533,0.0017,0.0006,0.0098,0.0001,0.0014,0.0019,0.0,0.0001,0.008,0.0016,0.0005,0.0,0.0036,0.0939,0.02,0.0001,0.0134,0.0,155.0,0.0,92.0,63.0,84.0,0.0,0.0,0.0,0.0,0.0,0.0,0.0,0.0,0.0,0.0,0.0,0.0,0.0,0.0,0.0,0.0,0.0,0.0,8.0,2.0,1.0
1795,14.974571300000026,0,8.1812,1.9225,2.0876,1.8473,0.1766,0.0025,0.0071,0.0002,0.0322,0.0448,0.0018,0.0006,0.0097,0.0002,0.0012,0.0019,0.0,0.0001,0.0077,0.0011,0.0004,0.0,0.0032,0.083,0.0178,0.0,0.0145,0.0,155.0,0.0,92.0,63.0,84.0,0.0,0.0,0.0,0.0,0.0,0.0,0.0,0.0,0.0,0.0,0.0,0.0,0.0,0.0,0.0,0.0,0.0,0.0,8.0,2.0,1.0
1796,14.982752500000025,0,142.3466,15.204,2.0606,1.8281,0.178,0.0035,0.0076,0.0001,0.0342,0.0481,0.0019,0.0005,0.0089,0.0001,0.0018,0.0015,0.0,0.0001,0.0077,0.0017,0.0003,0.0001,0.0031,0.0855,0.022,0.0,0.0127,0.0,155.0,0.0,92.0,63.0,84.0,0.0,0.0,0.0,0.0,0.0,0.0,0.0,0.0,0.0,0.0,0.0,0.0,0.0,0.0,0.0,0.0,0.0,0.0,8.0,2.0,1.0
1797,15.125099100000025,0,3.1355,0.7522,121.6421,0.4854,0.2196,0.0031,0.0092,0.0004,0.0399,0.0556,0.0027,0.0016,0.0112,0.0002,0.0021,0.0017,0.0001,0.0002,0.0087,0.0013,0.0005,0.0001,0.003,0.1012,0.0231,0.0001,0.0141,0.0,155.0,0.0,92.0,63.0,85.0,0.0,0.0,0.0,0.0,0.0,0.0,0.0,0.0,0.0,0.0,0.0,0.0,0.0,0.0,0.0,0.0,0.0,0.0,8.0,2.0,1.0
1798,15.128234600000026,0,7.7175,2.1498,2.4224,1.845,0.217,0.0033,0.008,0.0006,0.0438,0.0583,0.002,0.0009,0.011,0.0002,0.0018,0.0017,0.0001,0.0001,0.0085,0.0012,0.0004,0.0005,0.0033,0.1048,0.0215,0.0001,0.0136,0.0,155.0,0.0,92.0,63.0,82.0,0.0,0.0,0.0,0.0,0.0,0.0,0.0,0.0,0.0,0.0,0.0,0.0,0.0,0.0,0.0,0.0,0.0,0.0,8.0,2.0,1.0
1799,15.135952100000026,0,8.2197,1.9882,2.404,1.7768,0.1896,0.0028,0.008,0.0003,0.0307,0.0438,0.0025,0.0008,0.0104,0.0002,0.0015,0.0022,0.0002,0.0002,0.0084,0.0016,0.0005,0.0001,0.0033,0.0857,0.0225,0.0,0.0117,0.0,155.0,0.0,92.0,63.0,82.0,0.0,0.0,0.0,0.0,0.0,0.0,0.0,0.0,0.0,0.0,0.0,0.0,0.0,0.0,0.0,0.0,0.0,0.0,8.0,2.0,1.0
1800,15.144171800000025,0,8.2409,2.0674,2.3132,1.818,0.1972,0.0026,0.0073,0.0002,0.0391,0.0516,0.0019,0.0007,0.0101,0.0002,0.0012,0.0021,0.0001,0.0001,0.0081,0.0016,0.0005,0.0,0.0031,0.092,0.021,0.0001,0.0119,0.0,155.0,0.0,92.0,63.0,82.0,0.0,0.0,0.0,0.0,0.0,0.0,0.0,0.0,0.0,0.0,0.0,0.0,0.0,0.0,0.0,0.0,0.0,0.0,8.0,2.0,1.0
1801,15.152412700000026,0,8.0962,1.9267,2.2234,1.8369,0.1822,0.0034,0.0074,0.0002,0.0301,0.0431,0.0019,0.0011,0.0101,0.0001,0.0013,0.002,0.0001,0.0001,0.0071,0.0017,0.0004,0.0001,0.0032,0.082,0.0191,0.0,0.0103,0.0,155.0,0.0,92.0,63.0,82.0,0.0,0.0,0.0,0.0,0.0,0.0,0.0,0.0,0.0,0.0,0.0,0.0,0.0,0.0,0.0,0.0,0.0,0.0,8.0,2.0,1.0
1802,15.160508900000027,0,8.5188,1.8793,2.0679,1.7499,0.1926,0.0028,0.0084,0.0002,0.0406,0.0544,0.002,0.0007,0.0097,0.0001,0.0016,0.0014,0.0001,0.0001,0.0078,0.0014,0.0004,0.0,0.0031,0.0934,0.0201,0.0,0.014,0.0,155.0,0.0,92.0,63.0,82.0,0.0,0.0,0.0,0.0,0.0,0.0,0.0,0.0,0.0,0.0,0.0,0.0,0.0,0.0,0.0,0.0,0.0,0.0,8.0,2.0,1.0
1803,15.169027700000026,0,8.4445,2.1879,2.3915,1.7844,0.2714,0.0052,0.0132,0.0003,0.0384,0.0604,0.0026,0.0007,0.0117,0.0001,0.0025,0.0017,0.0001,0.0001,0.0082,0.0013,0.0004,0.0,0.0032,0.1061,0.0285,0.0,0.014,0.0,155.0,0.0,92.0,63.0,82.0,0.0,0.0,0.0,0.0,0.0,0.0,0.0,0.0,0.0,0.0,0.0,0.0,0.0,0.0,0.0,0.0,0.0,0.0,8.0,2.0,1.0
1804,15.177472200000025,0,8.2349,2.0677,2.2471,1.7761,0.1995,0.0031,0.0077,0.0002,0.0385,0.0519,0.002,0.0006,0.0099,0.0002,0.0017,0.0013,0.0001,0.0001,0.0078,0.0014,0.0005,0.0001,0.0032,0.0936,0.0214,0.0,0.0136,0.0,155.0,0.0,92.0,63.0,82.0,0.0,0.0,0.0,0.0,0.0,0.0,0.0,0.0,0.0,0.0,0.0,0.0,0.0,0.0,0.0,0.0,0.0,0.0,8.0,2.0,1.0
1805,15.185707100000025,0,8.2457,1.9643,2.1044,1.7314,0.1811,0.0028,0.0074,0.0002,0.0297,0.0428,0.0022,0.0008,0.0094,0.0001,0.0017,0.0018,0.0001,0.0002,0.008,0.0012,0.0004,0.0001,0.003,0.0822,0.0193,0.0,0.0141,0.0,155.0,0.0,92.0,63.0,82.0,0.0,0.0,0.0,0.0,0.0,0.0,0.0,0.0,0.0,0.0,0.0,0.0,0.0,0.0,0.0,0.0,0.0,0.0,8.0,2.0,1.0
1806,15.193952800000025,0,8.651,2.0015,2.4479,1.9649,0.2374,0.0036,0.0086,0.0002,0.0532,0.0685,0.0026,0.0016,0.0128,0.0002,0.0017,0.002,0.0001,0.0001,0.0097,0.0014,0.0005,0.0,0.0038,0.1173,0.0235,0.0001,0.0124,0.0,155.0,0.0,92.0,63.0,82.0,0.0,0.0,0.0,0.0,0.0,0.0,0.0,0.0,0.0,0.0,0.0,0.0,0.0,0.0,0.0,0.0,0.0,0.0,8.0,2.0,1.0
1807,15.202603800000025,0,8.4653,2.1082,2.6805,1.9218,0.2215,0.0037,0.0099,0.0006,0.043,0.0603,0.003,0.001,0.0128,0.0001,0.0013,0.0024,0.0001,0.0001,0.0076,0.0012,0.0005,0.0001,0.0031,0.1041,0.0228,0.0001,0.0135,0.0,155.0,0.0,92.0,63.0,82.0,0.0,0.0,0.0,0.0,0.0,0.0,0.0,0.0,0.0,0.0,0.0,0.0,0.0,0.0,0.0,0.0,0.0,0.0,8.0,2.0,1.0
1808,15.211069100000024,0,8.079,1.8973,2.3424,1.9504,0.2196,0.0034,0.0082,0.0001,0.0468,0.0613,0.0027,0.0012,0.0129,0.0001,0.0014,0.0021,0.0,0.0002,0.0083,0.0018,0.0005,0.0002,0.0038,0.1084,0.021,0.0001,0.0139,0.0,155.0,0.0,92.0,63.0,84.0,0.0,0.0,0.0,0.0,0.0,0.0,0.0,0.0,0.0,0.0,0.0,0.0,0.0,0.0,0.0,0.0,0.0,0.0,8.0,2.0,1.0
1809,15.219148100000025,0,8.2702,2.0493,2.2568,1.9626,0.196,0.0031,0.0082,0.0002,0.0343,0.0487,0.0023,0.0007,0.0099,0.0001,0.0012,0.0021,0.0001,0.0001,0.0077,0.0012,0.0005,0.0001,0.0032,0.0882,0.0214,0.0,0.0121,0.0,155.0,0.0,92.0,63.0,84.0,0.0,0.0,0.0,0.0,0.0,0.0,0.0,0.0,0.0,0.0,0.0,0.0,0.0,0.0,0.0,0.0,0.0,0.0,8.0,2.0,1.0
1810,15.227418300000025,0,8.6442,1.9938,2.6426,1.945,0.2308,0.0039,0.0095,0.0002,0.0425,0.0591,0.0025,0.0009,0.011,0.0001,0.0016,0.0022,0.0001,0.0001,0.0087,0.0016,0.0005,0.0001,0.0039,0.1083,0.023,0.0001,0.013,0.0,155.0,0.0,92.0,63.0,84.0,0.0,0.0,0.0,0.0,0.0,0.0,0.0,0.0,0.0,0.0,0.0,0.0,0.0,0.0,0.0,0.0,0.0,0.0,8.0,2.0,1.0
1811,15.236062500000026,0,7.9796,2.1207,2.2001,1.9765,0.1815,0.0031,0.0085,0.0002,0.0314,0.0454,0.0024,0.0007,0.0094,0.0001,0.0013,0.0019,0.0001,0.0001,0.0082,0.0012,0.0008,0.0001,0.0032,0.0844,0.0193,0.0001,0.0149,0.0,155.0,0.0,92.0,63.0,84.0,0.0,0.0,0.0,0.0,0.0,0.0,0.0,0.0,0.0,0.0,0.0,0.0,0.0,0.0,0.0,0.0,0.0,0.0,8.0,2.0,1.0
1812,15.244042100000026,0,8.2637,1.9748,2.3067,1.8105,0.209,0.0027,0.0077,0.0001,0.0418,0.0547,0.0028,0.0008,0.0125,0.0001,0.0015,0.0016,0.0002,0.0002,0.0082,0.0014,0.0004,0.0,0.0034,0.1002,0.0258,0.0001,0.0124,0.0,155.0,0.0,92.0,63.0,84.0,0.0,0.0,0.0,0.0,0.0,0.0,0.0,0.0,0.0,0.0,0.0,0.0,0.0,0.0,0.0,0.0,0.0,0.0,8.0,2.0,1.0
1813,15.252305800000027,0,8.4587,2.2603,2.1725,1.9284,0.1983,0.0036,0.0083,0.0001,0.0305,0.0449,0.002,0.0007,0.0099,0.0002,0.0014,0.0015,0.0001,0.0002,0.0081,0.0012,0.0005,0.0003,0.0035,0.0858,0.023,0.0001,0.0131,0.0,155.0,0.0,92.0,63.0,86.0,0.0,0.0,0.0,0.0,0.0,0.0,0.0,0.0,0.0,0.0,0.0,0.0,0.0,0.0,0.0,0.0,0.0,0.0,8.0,2.0,1.0
1814,15.260764500000027,0,8.5882,2.0545,2.5812,1.9143,0.203,0.0028,0.0082,0.0002,0.0394,0.0527,0.0021,0.0008,0.0096,0.0001,0.0018,0.0016,0.0001,0.0006,0.0081,0.0011,0.0005,0.0,0.0037,0.0941,0.0218,0.0,0.0145,0.0,155.0,0.0,92.0,63.0,86.0,0.0,0.0,0.0,0.0,0.0,0.0,0.0,0.0,0.0,0.0,0.0,0.0,0.0,0.0,0.0,0.0,0.0,0.0,8.0,2.0,1.0
1815,15.269352700000027,0,8.1485,1.9629,2.4169,1.855,0.2285,0.0034,0.0086,0.0002,0.0456,0.0597,0.0024,0.0008,0.011,0.0001,0.0015,0.0022,0.0001,0.0001,0.0092,0.0012,0.0006,0.0001,0.0036,0.104,0.0365,0.0,0.0143,0.0,155.0,0.0,92.0,63.0,86.0,0.0,0.0,0.0,0.0,0.0,0.0,0.0,0.0,0.0,0.0,0.0,0.0,0.0,0.0,0.0,0.0,0.0,0.0,8.0,2.0,1.0
1816,15.277501200000028,0,8.2802,1.9837,2.2825,1.8914,0.2077,0.0031,0.0077,0.0002,0.0417,0.0549,0.002,0.0008,0.0105,0.0001,0.0018,0.0016,0.0001,0.0001,0.009,0.0011,0.0005,0.0001,0.0038,0.0979,0.0211,0.0,0.0135,0.0,155.0,0.0,92.0,63.0,86.0,0.0,0.0,0.0,0.0,0.0,0.0,0.0,0.0,0.0,0.0,0.0,0.0,0.0,0.0,0.0,0.0,0.0,0.0,8.0,2.0,1.0
1817,15.285781400000028,0,8.4433,1.9902,2.465,1.8477,0.2459,0.0029,0.0085,0.0001,0.0804,0.0942,0.0021,0.0006,0.0108,0.0002,0.002,0.0016,0.0001,0.0001,0.0087,0.0013,0.0005,0.0001,0.0034,0.1376,0.0222,0.0,0.0137,0.0,155.0,0.0,92.0,63.0,86.0,0.0,0.0,0.0,0.0,0.0,0.0,0.0,0.0,0.0,0.0,0.0,0.0,0.0,0.0,0.0,0.0,0.0,0.0,8.0,2.0,1.0
1818,15.294224700000028,0,8.1715,1.9756,2.3343,1.9758,0.224,0.0036,0.0089,0.0002,0.0469,0.0625,0.0025,0.0008,0.0125,0.0001,0.0014,0.0021,0.0001,0.0001,0.0084,0.0013,0.0005,0.0,0.0038,0.1089,0.0211,0.0,0.013,0.0,155.0,0.0,92.0,63.0,86.0,0.0,0.0,0.0,0.0,0.0,0.0,0.0,0.0,0.0,0.0,0.0,0.0,0.0,0.0,0.0,0.0,0.0,0.0,8.0,2.0,1.0
1819,15.302396200000027,0,8.4264,2.0692,2.2371,1.8429,0.1976,0.0028,0.0073,0.0002,0.0349,0.0474,0.0024,0.0009,0.0115,0.0001,0.0014,0.0018,0.0001,0.0001,0.008,0.0013,0.0004,0.0001,0.0043,0.0925,0.02,0.0001,0.0153,0.0,155.0,0.0,92.0,63.0,88.0,0.0,0.0,0.0,0.0,0.0,0.0,0.0,0.0,0.0,0.0,0.0,0.0,0.0,0.0,0.0,0.0,0.0,0.0,8.0,2.0,1.0
1820,15.310822600000026,0,8.2422,2.0738,2.3438,1.7969,0.211,0.0025,0.01,0.0001,0.0454,0.0605,0.0026,0.0008,0.0102,0.0001,0.0013,0.0021,0.0,0.0001,0.0083,0.0012,0.0004,0.0001,0.0032,0.1021,0.0248,0.0,0.0135,0.0,155.0,0.0,92.0,63.0,88.0,0.0,0.0,0.0,0.0,0.0,0.0,0.0,0.0,0.0,0.0,0.0,0.0,0.0,0.0,0.0,0.0,0.0,0.0,8.0,2.0,1.0
1821,15.319064800000026,0,8.2771,1.9065,2.14,1.8415,0.1884,0.0026,0.008,0.0001,0.0283,0.0422,0.002,0.0007,0.0106,0.0001,0.0019,0.0015,0.0001,0.0001,0.0075,0.0013,0.0005,0.0001,0.0034,0.0839,0.0193,0.0001,0.0135,0.0,155.0,0.0,92.0,63.0,90.0,0.0,0.0,0.0,0.0,0.0,0.0,0.0,0.0,0.0,0.0,0.0,0.0,0.0,0.0,0.0,0.0,0.0,0.0,8.0,2.0,1.0
1822,15.327341900000027,0,8.5129,2.0047,2.3669,1.8339,0.1958,0.0026,0.0077,0.0002,0.0382,0.0515,0.002,0.0008,0.0092,0.0001,0.0019,0.0016,0.0,0.0001,0.0075,0.0017,0.0004,0.0002,0.0034,0.0924,0.0225,0.0,0.0148,0.0,155.0,0.0,92.0,63.0,88.0,0.0,0.0,0.0,0.0,0.0,0.0,0.0,0.0,0.0,0.0,0.0,0.0,0.0,0.0,0.0,0.0,0.0,0.0,8.0,2.0,1.0
1823,15.335854800000027,0,7.9441,2.0579,2.1292,1.894,0.1825,0.0026,0.0072,0.0001,0.0317,0.0442,0.002,0.0006,0.0104,0.0001,0.0018,0.0014,0.0001,0.0001,0.0081,0.0018,0.0005,0.0001,0.0034,0.0848,0.0182,0.0,0.0129,0.0,155.0,0.0,92.0,63.0,88.0,0.0,0.0,0.0,0.0,0.0,0.0,0.0,0.0,0.0,0.0,0.0,0.0,0.0,0.0,0.0,0.0,0.0,0.0,8.0,2.0,1.0
1824,15.343798900000026,0,8.3382,1.9361,1.9965,1.6551,0.1792,0.0026,0.0076,0.0001,0.0357,0.0482,0.0019,0.0007,0.0099,0.0001,0.0013,0.0018,0.0001,0.0001,0.0081,0.0015,0.0004,0.0,0.0035,0.0885,0.0174,0.0,0.0121,0.0,155.0,0.0,92.0,63.0,88.0,0.0,0.0,0.0,0.0,0.0,0.0,0.0,0.0,0.0,0.0,0.0,0.0,0.0,0.0,0.0,0.0,0.0,0.0,8.0,2.0,1.0
1825,15.352137100000027,0,8.3741,1.9861,2.033,1.7092,0.1684,0.0031,0.0084,0.0002,0.0251,0.0386,0.0018,0.0004,0.0086,0.0001,0.0013,0.0019,0.0,0.0002,0.008,0.0015,0.0005,0.0,0.0036,0.0767,0.0201,0.0,0.0131,0.0,155.0,0.0,92.0,63.0,88.0,0.0,0.0,0.0,0.0,0.0,0.0,0.0,0.0,0.0,0.0,0.0,0.0,0.0,0.0,0.0,0.0,0.0,0.0,8.0,2.0,1.0
1826,15.360511200000026,0,8.6396,1.8711,2.2937,1.7116,0.2053,0.0033,0.0092,0.0003,0.0404,0.0558,0.0022,0.0007,0.0098,0.0002,0.0016,0.0019,0.0001,0.0001,0.0078,0.0013,0.001,0.0002,0.0034,0.0968,0.0222,0.0,0.0144,0.0,155.0,0.0,92.0,63.0,88.0,0.0,0.0,0.0,0.0,0.0,0.0,0.0,0.0,0.0,0.0,0.0,0.0,0.0,0.0,0.0,0.0,0.0,0.0,8.0,2.0,1.0
1827,15.369150800000027,0,8.371,1.9794,2.3862,1.8834,0.1899,0.0028,0.0077,0.0002,0.0337,0.0464,0.0025,0.0007,0.0093,0.0001,0.0014,0.002,0.0001,0.0001,0.0081,0.0017,0.0004,0.0001,0.0035,0.0873,0.0181,0.0,0.014,0.0,155.0,0.0,92.0,63.0,88.0,0.0,0.0,0.0,0.0,0.0,0.0,0.0,0.0,0.0,0.0,0.0,0.0,0.0,0.0,0.0,0.0,0.0,0.0,8.0,2.0,1.0
1828,15.377521800000027,0,8.1471,1.9674,2.2519,1.8286,0.1974,0.0028,0.0076,0.0001,0.0418,0.0541,0.002,0.0007,0.01,0.0002,0.0013,0.0017,0.0,0.0001,0.0072,0.0011,0.0009,0.0,0.0032,0.0927,0.0233,0.0,0.0134,0.0,155.0,0.0,92.0,63.0,88.0,0.0,0.0,0.0,0.0,0.0,0.0,0.0,0.0,0.0,0.0,0.0,0.0,0.0,0.0,0.0,0.0,0.0,0.0,8.0,2.0,1.0
1829,15.385668900000027,0,8.3928,1.7847,2.2237,1.7709,0.2335,0.0032,0.0092,0.0002,0.024,0.0391,0.0025,0.0006,0.008,0.0001,0.002,0.0018,0.0001,0.0002,0.0086,0.0012,0.0004,0.0,0.0034,0.0809,0.0262,0.0,0.0132,0.0,155.0,0.0,92.0,63.0,86.0,0.0,0.0,0.0,0.0,0.0,0.0,0.0,0.0,0.0,0.0,0.0,0.0,0.0,0.0,0.0,0.0,0.0,0.0,8.0,2.0,1.0
1830,15.394061700000027,0,8.3236,1.8632,2.2917,1.8172,0.1902,0.0027,0.0079,0.0002,0.0354,0.0492,0.0025,0.0006,0.009,0.0002,0.0013,0.0019,0.0001,0.0001,0.0081,0.0011,0.0005,0.0001,0.0032,0.0883,0.022,0.0,0.0148,0.0,155.0,0.0,92.0,63.0,86.0,0.0,0.0,0.0,0.0,0.0,0.0,0.0,0.0,0.0,0.0,0.0,0.0,0.0,0.0,0.0,0.0,0.0,0.0,8.0,2.0,1.0
1831,15.402385300000027,0,8.0386,2.0001,1.9927,1.8025,0.1768,0.0026,0.0072,0.0001,0.0317,0.0433,0.0018,0.0006,0.0091,0.0001,0.0011,0.0018,0.0,0.0001,0.0075,0.0011,0.0005,0.0001,0.0031,0.0815,0.0208,0.0001,0.0139,0.0,155.0,0.0,92.0,63.0,86.0,0.0,0.0,0.0,0.0,0.0,0.0,0.0,0.0,0.0,0.0,0.0,0.0,0.0,0.0,0.0,0.0,0.0,0.0,8.0,2.0,1.0
1832,15.410423900000028,0,8.4715,1.8518,2.0606,1.8043,0.2077,0.0037,0.0091,0.0001,0.0396,0.0544,0.0022,0.0008,0.0106,0.0001,0.0013,0.0015,0.0001,0.0001,0.0082,0.0017,0.0005,0.0001,0.0036,0.0961,0.0248,0.0001,0.0127,0.0,155.0,0.0,92.0,63.0,86.0,0.0,0.0,0.0,0.0,0.0,0.0,0.0,0.0,0.0,0.0,0.0,0.0,0.0,0.0,0.0,0.0,0.0,0.0,8.0,2.0,1.0
1833,15.418895400000029,0,8.3385,1.9095,2.0158,1.7183,0.1807,0.0041,0.0087,0.0003,0.0278,0.0429,0.002,0.0007,0.0104,0.0001,0.0019,0.0015,0.0,0.0002,0.0081,0.0013,0.0004,0.0,0.0032,0.0827,0.0181,0.0,0.0144,0.0,155.0,0.0,92.0,63.0,86.0,0.0,0.0,0.0,0.0,0.0,0.0,0.0,0.0,0.0,0.0,0.0,0.0,0.0,0.0,0.0,0.0,0.0,0.0,8.0,2.0,1.0
1834,15.42723390000003,0,8.4498,1.8089,2.2596,1.7585,0.1906,0.0041,0.0089,0.0002,0.0376,0.053,0.0021,0.0006,0.0093,0.0001,0.0012,0.0017,0.0001,0.0001,0.0073,0.0012,0.0005,0.0,0.0033,0.0892,0.0215,0.0001,0.0124,0.0,155.0,0.0,92.0,63.0,86.0,0.0,0.0,0.0,0.0,0.0,0.0,0.0,0.0,0.0,0.0,0.0,0.0,0.0,0.0,0.0,0.0,0.0,0.0,8.0,2.0,1.0
1835,15.435683700000029,0,8.3009,1.8214,2.2034,1.7535,0.2079,0.0042,0.0104,0.0002,0.0345,0.0516,0.0021,0.0007,0.0102,0.0001,0.0018,0.0017,0.0001,0.0002,0.0082,0.0014,0.0004,0.0,0.0038,0.0953,0.0237,0.0001,0.013,0.0,155.0,0.0,92.0,63.0,86.0,0.0,0.0,0.0,0.0,0.0,0.0,0.0,0.0,0.0,0.0,0.0,0.0,0.0,0.0,0.0,0.0,0.0,0.0,8.0,2.0,1.0
1836,15.443984600000029,0,8.2449,1.8557,2.1561,1.7688,0.1923,0.0028,0.0081,0.0001,0.0414,0.0545,0.0018,0.0007,0.0088,0.0001,0.0015,0.0014,0.0001,0.0002,0.0087,0.0012,0.0005,0.0001,0.0033,0.0938,0.0214,0.0,0.0133,0.0,155.0,0.0,92.0,63.0,86.0,0.0,0.0,0.0,0.0,0.0,0.0,0.0,0.0,0.0,0.0,0.0,0.0,0.0,0.0,0.0,0.0,0.0,0.0,8.0,2.0,1.0
1837,15.452229500000028,0,8.2132,1.9366,1.9545,1.8245,0.1651,0.0025,0.0079,0.0002,0.0279,0.0404,0.0018,0.0006,0.0085,0.0002,0.0014,0.0015,0.0001,0.0001,0.007,0.0011,0.0008,0.0001,0.003,0.0748,0.0177,0.0001,0.014,0.0,155.0,0.0,92.0,63.0,86.0,0.0,0.0,0.0,0.0,0.0,0.0,0.0,0.0,0.0,0.0,0.0,0.0,0.0,0.0,0.0,0.0,0.0,0.0,8.0,2.0,1.0
1838,15.460442700000028,0,8.5325,1.7665,2.1274,1.725,0.2415,0.0047,0.0092,0.0001,0.0449,0.0616,0.0022,0.0007,0.0102,0.0002,0.0017,0.0013,0.0001,0.0001,0.008,0.0012,0.0004,0.0001,0.0037,0.1035,0.0241,0.0,0.0128,0.0,155.0,0.0,92.0,63.0,86.0,0.0,0.0,0.0,0.0,0.0,0.0,0.0,0.0,0.0,0.0,0.0,0.0,0.0,0.0,0.0,0.0,0.0,0.0,8.0,2.0,1.0
1839,15.468975200000028,0,8.1261,1.9204,2.0434,1.7932,0.1755,0.0024,0.0077,0.0002,0.032,0.0453,0.0024,0.0006,0.0105,0.0001,0.0012,0.002,0.0001,0.0001,0.0076,0.0017,0.0004,0.0001,0.003,0.0852,0.0178,0.0,0.0113,0.0,155.0,0.0,92.0,63.0,86.0,0.0,0.0,0.0,0.0,0.0,0.0,0.0,0.0,0.0,0.0,0.0,0.0,0.0,0.0,0.0,0.0,0.0,0.0,8.0,2.0,1.0
1840,15.477101300000028,0,8.4019,1.9075,1.9829,1.6699,0.1862,0.0024,0.0079,0.0007,0.0441,0.0575,0.0019,0.0008,0.0092,0.0002,0.0012,0.0013,0.0001,0.0001,0.0078,0.0011,0.0004,0.0,0.0035,0.0946,0.0217,0.0001,0.0132,0.0,155.0,0.0,92.0,63.0,86.0,0.0,0.0,0.0,0.0,0.0,0.0,0.0,0.0,0.0,0.0,0.0,0.0,0.0,0.0,0.0,0.0,0.0,0.0,8.0,2.0,1.0
1841,15.485503200000029,0,8.3222,1.9552,2.0427,1.7844,0.191,0.0031,0.0097,0.0002,0.0269,0.0427,0.0025,0.0008,0.01,0.0001,0.0013,0.0018,0.0001,0.0002,0.0081,0.0017,0.0005,0.0,0.0039,0.0848,0.0211,0.0001,0.0127,0.0,155.0,0.0,92.0,63.0,86.0,0.0,0.0,0.0,0.0,0.0,0.0,0.0,0.0,0.0,0.0,0.0,0.0,0.0,0.0,0.0,0.0,0.0,0.0,8.0,2.0,1.0
1842,15.493825400000029,0,8.4478,1.7966,2.0925,1.7725,0.1945,0.0029,0.0073,0.0002,0.0432,0.0554,0.0019,0.0006,0.0097,0.0001,0.0013,0.002,0.0001,0.0001,0.007,0.0011,0.0005,0.0001,0.0031,0.0937,0.0222,0.0001,0.014,0.0,155.0,0.0,92.0,63.0,86.0,0.0,0.0,0.0,0.0,0.0,0.0,0.0,0.0,0.0,0.0,0.0,0.0,0.0,0.0,0.0,0.0,0.0,0.0,8.0,2.0,1.0
1843,15.50227320000003,0,8.2637,1.8049,2.1508,1.8146,0.1846,0.0025,0.008,0.0002,0.0337,0.0469,0.0017,0.0012,0.0106,0.0001,0.0015,0.0014,0.0,0.0001,0.0078,0.0012,0.0004,0.0001,0.0032,0.0879,0.0217,0.0001,0.0128,0.0,155.0,0.0,92.0,63.0,84.0,0.0,0.0,0.0,0.0,0.0,0.0,0.0,0.0,0.0,0.0,0.0,0.0,0.0,0.0,0.0,0.0,0.0,0.0,8.0,2.0,1.0
1844,15.51053690000003,0,8.3705,1.7737,1.9907,1.714,0.1899,0.003,0.0095,0.0002,0.0378,0.0525,0.0022,0.0006,0.0096,0.0001,0.0012,0.0019,0.0,0.0002,0.008,0.0013,0.001,0.0,0.0038,0.0936,0.0189,0.0001,0.0141,0.0,155.0,0.0,92.0,63.0,84.0,0.0,0.0,0.0,0.0,0.0,0.0,0.0,0.0,0.0,0.0,0.0,0.0,0.0,0.0,0.0,0.0,0.0,0.0,8.0,2.0,1.0
1845,15.51890740000003,0,8.3481,1.7704,2.1684,1.963,0.1742,0.0028,0.0085,0.0001,0.0271,0.0407,0.0023,0.0007,0.0087,0.0002,0.0018,0.0015,0.0,0.0002,0.0077,0.0011,0.0004,0.0,0.0032,0.0778,0.0205,0.0,0.0124,0.0,155.0,0.0,92.0,63.0,86.0,0.0,0.0,0.0,0.0,0.0,0.0,0.0,0.0,0.0,0.0,0.0,0.0,0.0,0.0,0.0,0.0,0.0,0.0,8.0,2.0,1.0
1846,15.52725550000003,0,8.4494,1.7546,2.2059,1.8541,0.274,0.0028,0.0082,0.0006,0.1262,0.14,0.0022,0.0005,0.0098,0.0001,0.0018,0.0015,0.0001,0.0001,0.0076,0.0013,0.0004,0.0001,0.003,0.1787,0.019,0.0,0.0137,0.0,155.0,0.0,92.0,63.0,86.0,0.0,0.0,0.0,0.0,0.0,0.0,0.0,0.0,0.0,0.0,0.0,0.0,0.0,0.0,0.0,0.0,0.0,0.0,8.0,2.0,1.0
1847,15.53570490000003,0,8.1781,1.821,2.1605,1.7729,0.1998,0.0029,0.0091,0.0006,0.0337,0.0484,0.0022,0.0009,0.0107,0.0001,0.0013,0.0014,0.0,0.0001,0.0081,0.0013,0.0004,0.0001,0.0039,0.0909,0.0212,0.0001,0.0116,0.0,155.0,0.0,92.0,63.0,86.0,0.0,0.0,0.0,0.0,0.0,0.0,0.0,0.0,0.0,0.0,0.0,0.0,0.0,0.0,0.0,0.0,0.0,0.0,8.0,2.0,1.0
1848,15.54388300000003,0,8.4105,1.7511,2.0534,1.7351,0.185,0.0032,0.0071,0.0001,0.037,0.0491,0.0019,0.0007,0.0084,0.0002,0.0018,0.0015,0.0001,0.0001,0.0075,0.0016,0.0003,0.0001,0.003,0.0901,0.0215,0.0001,0.012,0.0,155.0,0.0,92.0,63.0,84.0,0.0,0.0,0.0,0.0,0.0,0.0,0.0,0.0,0.0,0.0,0.0,0.0,0.0,0.0,0.0,0.0,0.0,0.0,8.0,2.0,1.0
1849,15.55229350000003,0,8.1992,1.7171,2.1001,1.7822,0.1875,0.004,0.0082,0.0002,0.0304,0.0456,0.002,0.0006,0.0097,0.0001,0.0014,0.0021,0.0001,0.0001,0.0076,0.0011,0.0009,0.0001,0.0031,0.0845,0.0214,0.0001,0.0132,0.0,155.0,0.0,92.0,63.0,84.0,0.0,0.0,0.0,0.0,0.0,0.0,0.0,0.0,0.0,0.0,0.0,0.0,0.0,0.0,0.0,0.0,0.0,0.0,8.0,2.0,1.0
1850,15.56049270000003,0,8.4574,1.9966,2.1293,1.6977,0.1932,0.003,0.009,0.0002,0.0326,0.0471,0.0025,0.0008,0.0103,0.0001,0.0013,0.0017,0.0001,0.0001,0.008,0.0016,0.0004,0.0,0.0036,0.088,0.02,0.0001,0.0131,0.0,155.0,0.0,92.0,63.0,84.0,0.0,0.0,0.0,0.0,0.0,0.0,0.0,0.0,0.0,0.0,0.0,0.0,0.0,0.0,0.0,0.0,0.0,0.0,8.0,2.0,1.0
1851,15.568950100000029,0,8.1712,1.8585,2.048,1.7765,0.193,0.0029,0.0088,0.0002,0.0312,0.0453,0.0024,0.0007,0.0098,0.0001,0.0014,0.002,0.0001,0.0001,0.0083,0.0018,0.0006,0.0001,0.0038,0.0873,0.0196,0.0,0.013,0.0,155.0,0.0,92.0,63.0,84.0,0.0,0.0,0.0,0.0,0.0,0.0,0.0,0.0,0.0,0.0,0.0,0.0,0.0,0.0,0.0,0.0,0.0,0.0,8.0,2.0,1.0
1852,15.577121300000028,0,8.3482,1.8922,1.9953,1.8273,0.1796,0.0023,0.0075,0.0002,0.0353,0.0471,0.0017,0.0006,0.0082,0.0002,0.0011,0.0014,0.0,0.0001,0.008,0.0011,0.0005,0.0,0.003,0.0842,0.0208,0.0,0.0136,0.0,155.0,0.0,92.0,63.0,86.0,0.0,0.0,0.0,0.0,0.0,0.0,0.0,0.0,0.0,0.0,0.0,0.0,0.0,0.0,0.0,0.0,0.0,0.0,8.0,2.0,1.0
1853,15.585469500000029,0,8.4387,1.7616,2.0681,1.7003,0.225,0.0035,0.0085,0.0002,0.0299,0.0442,0.0022,0.0008,0.0104,0.0001,0.0012,0.0017,0.0,0.0001,0.008,0.0018,0.0005,0.0001,0.0039,0.0865,0.0239,0.0001,0.0129,0.0,155.0,0.0,92.0,63.0,86.0,0.0,0.0,0.0,0.0,0.0,0.0,0.0,0.0,0.0,0.0,0.0,0.0,0.0,0.0,0.0,0.0,0.0,0.0,8.0,2.0,1.0
1854,15.593908200000028,0,8.4037,1.7183,2.0739,1.7349,0.2112,0.0031,0.0086,0.0002,0.0395,0.0534,0.0022,0.0007,0.0104,0.0002,0.0017,0.0015,0.0001,0.0003,0.008,0.0013,0.0004,0.0001,0.0039,0.1013,0.0232,0.0,0.014,0.0,155.0,0.0,92.0,63.0,84.0,0.0,0.0,0.0,0.0,0.0,0.0,0.0,0.0,0.0,0.0,0.0,0.0,0.0,0.0,0.0,0.0,0.0,0.0,8.0,2.0,1.0
1855,15.602311900000029,0,8.0922,1.7945,2.0594,1.7918,0.1798,0.0027,0.0072,0.0002,0.0307,0.0426,0.0021,0.0007,0.009,0.0001,0.0014,0.0014,0.0,0.0002,0.0078,0.0011,0.0004,0.0,0.0031,0.081,0.0228,0.0,0.0137,0.0,155.0,0.0,92.0,63.0,84.0,0.0,0.0,0.0,0.0,0.0,0.0,0.0,0.0,0.0,0.0,0.0,0.0,0.0,0.0,0.0,0.0,0.0,0.0,8.0,2.0,1.0
1856,15.610404100000029,0,8.5109,1.7286,2.0011,1.6546,0.1997,0.0028,0.0087,0.0002,0.0427,0.0571,0.0019,0.0006,0.0089,0.0001,0.0011,0.0011,0.0,0.0001,0.007,0.0012,0.0004,0.0001,0.0032,0.0933,0.0318,0.0,0.0141,0.0,155.0,0.0,92.0,63.0,84.0,0.0,0.0,0.0,0.0,0.0,0.0,0.0,0.0,0.0,0.0,0.0,0.0,0.0,0.0,0.0,0.0,0.0,0.0,8.0,2.0,1.0
1857,15.618915000000028,0,8.1757,1.9821,2.0439,1.7173,0.1626,0.0031,0.008,0.0002,0.0257,0.0388,0.0018,0.0005,0.0065,0.0001,0.0015,0.0011,0.0001,0.0002,0.0071,0.0012,0.0004,0.0001,0.0032,0.0726,0.0193,0.0001,0.0123,0.0,155.0,0.0,92.0,63.0,84.0,0.0,0.0,0.0,0.0,0.0,0.0,0.0,0.0,0.0,0.0,0.0,0.0,0.0,0.0,0.0,0.0,0.0,0.0,8.0,2.0,1.0
1858,15.627090700000029,0,8.4586,1.777,2.0509,1.8197,0.19,0.0024,0.0088,0.0003,0.0347,0.0484,0.0019,0.0008,0.0102,0.0001,0.0019,0.0014,0.0001,0.0001,0.0077,0.0018,0.0005,0.0,0.0032,0.0895,0.0174,0.0,0.0139,0.0,155.0,0.0,92.0,63.0,84.0,0.0,0.0,0.0,0.0,0.0,0.0,0.0,0.0,0.0,0.0,0.0,0.0,0.0,0.0,0.0,0.0,0.0,0.0,8.0,2.0,1.0
1859,15.63554930000003,0,8.2782,1.7879,2.0109,1.7541,0.1907,0.003,0.0082,0.0003,0.0301,0.0438,0.0022,0.0006,0.0101,0.0001,0.0012,0.0017,0.0001,0.0001,0.008,0.0016,0.0004,0.0001,0.0038,0.0847,0.0199,0.0001,0.0128,0.0,155.0,0.0,92.0,63.0,84.0,0.0,0.0,0.0,0.0,0.0,0.0,0.0,0.0,0.0,0.0,0.0,0.0,0.0,0.0,0.0,0.0,0.0,0.0,8.0,2.0,1.0
1860,15.643827500000029,0,8.4214,1.7888,2.091,1.7721,0.2014,0.0031,0.0094,0.0002,0.0381,0.0531,0.0025,0.0008,0.0106,0.0002,0.0012,0.002,0.0002,0.0001,0.0079,0.0019,0.0005,0.0,0.0038,0.0961,0.0205,0.0,0.0136,0.0,155.0,0.0,92.0,63.0,84.0,0.0,0.0,0.0,0.0,0.0,0.0,0.0,0.0,0.0,0.0,0.0,0.0,0.0,0.0,0.0,0.0,0.0,0.0,8.0,2.0,1.0
1861,15.652248900000028,0,8.2564,1.8817,2.0453,1.6637,0.1868,0.0027,0.0081,0.0001,0.0313,0.0446,0.0024,0.0007,0.0104,0.0003,0.002,0.0019,0.0,0.0001,0.0085,0.0014,0.0005,0.0001,0.0036,0.0852,0.0201,0.0,0.0122,0.0,155.0,0.0,92.0,63.0,84.0,0.0,0.0,0.0,0.0,0.0,0.0,0.0,0.0,0.0,0.0,0.0,0.0,0.0,0.0,0.0,0.0,0.0,0.0,8.0,2.0,1.0
1862,15.660505300000029,0,8.4251,1.766,2.1196,1.7119,0.1866,0.0026,0.008,0.0002,0.037,0.05,0.0025,0.0006,0.0092,0.0001,0.0012,0.0015,0.0001,0.0001,0.0078,0.0011,0.0004,0.0006,0.0032,0.0888,0.0213,0.0001,0.0129,0.0,155.0,0.0,92.0,63.0,84.0,0.0,0.0,0.0,0.0,0.0,0.0,0.0,0.0,0.0,0.0,0.0,0.0,0.0,0.0,0.0,0.0,0.0,0.0,8.0,2.0,1.0
1863,15.66893040000003,0,8.2921,1.8313,2.0972,1.7293,0.184,0.0031,0.0079,0.0002,0.0344,0.0479,0.0022,0.0006,0.0091,0.0001,0.0017,0.0015,0.0,0.0002,0.0073,0.0012,0.0005,0.0001,0.0033,0.0846,0.0207,0.0001,0.0124,0.0,155.0,0.0,92.0,63.0,84.0,0.0,0.0,0.0,0.0,0.0,0.0,0.0,0.0,0.0,0.0,0.0,0.0,0.0,0.0,0.0,0.0,0.0,0.0,8.0,2.0,1.0
1864,15.67722250000003,0,8.3971,1.864,2.0836,1.7297,0.1796,0.0028,0.0078,0.0002,0.0378,0.0507,0.0021,0.0007,0.0087,0.0002,0.0014,0.0014,0.0,0.0001,0.0079,0.0017,0.0005,0.0001,0.003,0.0884,0.018,0.0001,0.0118,0.0,155.0,0.0,92.0,63.0,84.0,0.0,0.0,0.0,0.0,0.0,0.0,0.0,0.0,0.0,0.0,0.0,0.0,0.0,0.0,0.0,0.0,0.0,0.0,8.0,2.0,1.0
1865,15.68561960000003,0,8.3503,1.9031,2.1536,1.7649,0.1783,0.0029,0.0073,0.0002,0.0321,0.0446,0.0019,0.0006,0.01,0.0001,0.0013,0.0019,0.0001,0.0002,0.0077,0.0017,0.0005,0.0001,0.0032,0.0832,0.0208,0.0,0.0117,0.0,155.0,0.0,92.0,63.0,84.0,0.0,0.0,0.0,0.0,0.0,0.0,0.0,0.0,0.0,0.0,0.0,0.0,0.0,0.0,0.0,0.0,0.0,0.0,8.0,2.0,1.0
1866,15.69396990000003,0,8.2335,1.837,2.1668,1.7761,0.2035,0.0029,0.0091,0.0002,0.039,0.054,0.0024,0.0007,0.0099,0.0002,0.0012,0.0021,0.0002,0.0001,0.0083,0.0017,0.0005,0.0001,0.0035,0.096,0.0233,0.0001,0.0129,0.0,155.0,0.0,92.0,63.0,84.0,0.0,0.0,0.0,0.0,0.0,0.0,0.0,0.0,0.0,0.0,0.0,0.0,0.0,0.0,0.0,0.0,0.0,0.0,8.0,2.0,1.0
1867,15.702203400000029,0,8.3599,1.76,1.9807,1.7864,0.1663,0.0029,0.0079,0.0002,0.027,0.0397,0.0017,0.0005,0.0059,0.0001,0.0012,0.0013,0.0006,0.0001,0.0078,0.001,0.0004,0.0001,0.0032,0.0737,0.0205,0.0,0.0114,0.0,155.0,0.0,92.0,63.0,84.0,0.0,0.0,0.0,0.0,0.0,0.0,0.0,0.0,0.0,0.0,0.0,0.0,0.0,0.0,0.0,0.0,0.0,0.0,8.0,2.0,1.0
1868,15.710563300000029,0,8.4203,1.7479,2.2171,1.7775,0.2096,0.0036,0.0096,0.0002,0.0448,0.0602,0.0023,0.0007,0.0093,0.0001,0.0017,0.0015,0.0,0.0006,0.0085,0.0013,0.0005,0.0,0.0036,0.1013,0.0226,0.0,0.0126,0.0,155.0,0.0,92.0,63.0,84.0,0.0,0.0,0.0,0.0,0.0,0.0,0.0,0.0,0.0,0.0,0.0,0.0,0.0,0.0,0.0,0.0,0.0,0.0,8.0,2.0,1.0
1869,15.718983600000028,0,8.2391,1.8385,2.1294,1.8062,0.1795,0.0032,0.0083,0.0001,0.0285,0.0426,0.0018,0.0006,0.0091,0.0001,0.0014,0.0018,0.0,0.0002,0.0073,0.0011,0.0005,0.0001,0.0033,0.0799,0.0227,0.0001,0.0127,0.0,155.0,0.0,92.0,63.0,84.0,0.0,0.0,0.0,0.0,0.0,0.0,0.0,0.0,0.0,0.0,0.0,0.0,0.0,0.0,0.0,0.0,0.0,0.0,8.0,2.0,1.0
1870,15.727222700000029,0,8.3544,1.9246,2.0492,1.8091,0.1767,0.0026,0.0079,0.0002,0.0349,0.0476,0.0019,0.0006,0.0083,0.0002,0.0012,0.0015,0.0001,0.0001,0.0075,0.0011,0.0005,0.0001,0.0031,0.0844,0.0197,0.0,0.0122,0.0,155.0,0.0,92.0,63.0,84.0,0.0,0.0,0.0,0.0,0.0,0.0,0.0,0.0,0.0,0.0,0.0,0.0,0.0,0.0,0.0,0.0,0.0,0.0,8.0,2.0,1.0
1871,15.735577100000029,0,8.2533,1.8129,2.0407,1.7878,0.1973,0.0031,0.009,0.0002,0.0364,0.0505,0.0021,0.0008,0.0095,0.0006,0.0014,0.0015,0.0,0.0001,0.008,0.0013,0.0003,0.0,0.0037,0.0917,0.0217,0.0,0.0114,0.0,155.0,0.0,92.0,63.0,84.0,0.0,0.0,0.0,0.0,0.0,0.0,0.0,0.0,0.0,0.0,0.0,0.0,0.0,0.0,0.0,0.0,0.0,0.0,8.0,2.0,1.0
1872,15.743830400000029,0,8.3201,1.7395,2.0339,1.8308,0.1982,0.0035,0.0086,0.0005,0.0368,0.0519,0.0021,0.0007,0.0096,0.0005,0.0014,0.0015,0.0006,0.0001,0.0081,0.0013,0.0009,0.0,0.0038,0.0935,0.021,0.0,0.0136,0.0,155.0,0.0,92.0,63.0,84.0,0.0,0.0,0.0,0.0,0.0,0.0,0.0,0.0,0.0,0.0,0.0,0.0,0.0,0.0,0.0,0.0,0.0,0.0,8.0,2.0,1.0
1873,15.75215050000003,0,8.3339,1.7288,1.9813,1.6902,0.1753,0.0028,0.0072,0.0002,0.0297,0.0427,0.0018,0.0006,0.009,0.0001,0.0015,0.0015,0.0001,0.0001,0.0082,0.0015,0.0004,0.0001,0.0034,0.0804,0.0202,0.0,0.0115,0.0,155.0,0.0,92.0,63.0,84.0,0.0,0.0,0.0,0.0,0.0,0.0,0.0,0.0,0.0,0.0,0.0,0.0,0.0,0.0,0.0,0.0,0.0,0.0,8.0,2.0,1.0
1874,15.76048440000003,0,8.3729,1.8442,2.0726,1.8087,0.2208,0.0031,0.0456,0.0003,0.0358,0.0867,0.0019,0.0008,0.0097,0.0002,0.0013,0.0018,0.0,0.0001,0.0071,0.0011,0.0004,0.0001,0.0028,0.1244,0.0208,0.0001,0.0131,0.0,155.0,0.0,92.0,63.0,84.0,0.0,0.0,0.0,0.0,0.0,0.0,0.0,0.0,0.0,0.0,0.0,0.0,0.0,0.0,0.0,0.0,0.0,0.0,8.0,2.0,1.0
1875,15.768857300000029,0,8.4118,1.9272,2.0925,1.8065,0.1857,0.0027,0.0078,0.0002,0.0305,0.0431,0.002,0.0007,0.009,0.0001,0.0012,0.0014,0.0,0.0001,0.0077,0.0011,0.0004,0.0001,0.0033,0.0821,0.022,0.0001,0.0126,0.0,155.0,0.0,92.0,63.0,84.0,0.0,0.0,0.0,0.0,0.0,0.0,0.0,0.0,0.0,0.0,0.0,0.0,0.0,0.0,0.0,0.0,0.0,0.0,8.0,2.0,1.0
1876,15.777269100000028,0,8.3661,1.8288,2.1088,1.7346,0.1874,0.0033,0.0075,0.0002,0.0431,0.0563,0.0019,0.0007,0.0083,0.0002,0.0016,0.0014,0.0,0.0001,0.0077,0.001,0.0004,0.0001,0.0031,0.0929,0.0208,0.0,0.0131,0.0,155.0,0.0,92.0,63.0,84.0,0.0,0.0,0.0,0.0,0.0,0.0,0.0,0.0,0.0,0.0,0.0,0.0,0.0,0.0,0.0,0.0,0.0,0.0,8.0,2.0,1.0
1877,15.785635200000028,0,8.2529,1.7872,2.1325,1.7946,0.2012,0.0031,0.0095,0.0002,0.0303,0.0455,0.0024,0.0008,0.0101,0.0002,0.0014,0.002,0.0,0.0001,0.0083,0.0017,0.0005,0.0001,0.0038,0.0891,0.0251,0.0,0.0135,0.0,155.0,0.0,92.0,63.0,84.0,0.0,0.0,0.0,0.0,0.0,0.0,0.0,0.0,0.0,0.0,0.0,0.0,0.0,0.0,0.0,0.0,0.0,0.0,8.0,2.0,1.0
1878,15.793888100000029,0,8.349,1.727,2.0383,1.7938,0.1797,0.0028,0.0075,0.0001,0.0354,0.0478,0.0019,0.0013,0.0094,0.0001,0.0013,0.0014,0.0001,0.0001,0.0075,0.0016,0.0004,0.0001,0.0032,0.085,0.017,0.0,0.0117,0.0,155.0,0.0,92.0,63.0,84.0,0.0,0.0,0.0,0.0,0.0,0.0,0.0,0.0,0.0,0.0,0.0,0.0,0.0,0.0,0.0,0.0,0.0,0.0,8.0,2.0,1.0
1879,15.80223710000003,0,8.2558,1.7845,2.1234,1.7949,0.1711,0.0033,0.0077,0.0001,0.0294,0.0424,0.0019,0.0009,0.0093,0.0001,0.0012,0.0014,0.0001,0.0001,0.0067,0.001,0.0004,0.0001,0.0031,0.0778,0.0189,0.0,0.0143,0.0,155.0,0.0,92.0,63.0,84.0,0.0,0.0,0.0,0.0,0.0,0.0,0.0,0.0,0.0,0.0,0.0,0.0,0.0,0.0,0.0,0.0,0.0,0.0,8.0,2.0,1.0
1880,15.81049290000003,0,8.3368,1.9358,1.9768,1.7464,0.2072,0.0031,0.0083,0.0001,0.0472,0.061,0.0021,0.0007,0.0099,0.0002,0.002,0.0014,0.0001,0.0002,0.008,0.0011,0.0005,0.0,0.0039,0.1029,0.0231,0.0001,0.0119,0.0,155.0,0.0,92.0,63.0,84.0,0.0,0.0,0.0,0.0,0.0,0.0,0.0,0.0,0.0,0.0,0.0,0.0,0.0,0.0,0.0,0.0,0.0,0.0,8.0,2.0,1.0
1881,15.81882970000003,0,8.3151,1.7611,2.0118,1.7308,0.1816,0.0029,0.008,0.0003,0.0309,0.0443,0.0021,0.0007,0.0102,0.0002,0.0015,0.0016,0.0001,0.0001,0.0069,0.0011,0.001,0.0001,0.0031,0.0833,0.0227,0.0,0.0114,0.0,155.0,0.0,92.0,63.0,84.0,0.0,0.0,0.0,0.0,0.0,0.0,0.0,0.0,0.0,0.0,0.0,0.0,0.0,0.0,0.0,0.0,0.0,0.0,8.0,2.0,1.0
1882,15.827144800000031,0,8.3557,1.9257,2.0489,1.7278,0.1812,0.0027,0.0075,0.0003,0.0357,0.0488,0.0024,0.0007,0.0089,0.0001,0.0013,0.0019,0.0,0.0001,0.0079,0.0012,0.0005,0.0001,0.0033,0.0879,0.0199,0.0,0.0104,0.0,155.0,0.0,92.0,63.0,84.0,0.0,0.0,0.0,0.0,0.0,0.0,0.0,0.0,0.0,0.0,0.0,0.0,0.0,0.0,0.0,0.0,0.0,0.0,8.0,2.0,1.0
1883,15.83550050000003,0,8.3397,1.9381,2.0464,1.8039,0.1871,0.0026,0.0077,0.0003,0.0397,0.0521,0.0024,0.0006,0.0095,0.0002,0.0013,0.0021,0.0001,0.0001,0.0076,0.0011,0.0005,0.0,0.003,0.0902,0.0214,0.0,0.0142,0.0,155.0,0.0,92.0,63.0,84.0,0.0,0.0,0.0,0.0,0.0,0.0,0.0,0.0,0.0,0.0,0.0,0.0,0.0,0.0,0.0,0.0,0.0,0.0,8.0,2.0,1.0
1884,15.843840200000031,0,8.3746,1.9468,2.0314,1.8594,0.1843,0.0028,0.0087,0.0002,0.0387,0.052,0.0018,0.0007,0.0091,0.0002,0.0012,0.0014,0.0005,0.0001,0.0078,0.001,0.0005,0.0001,0.0034,0.0896,0.0197,0.0,0.0139,0.0,155.0,0.0,92.0,63.0,84.0,0.0,0.0,0.0,0.0,0.0,0.0,0.0,0.0,0.0,0.0,0.0,0.0,0.0,0.0,0.0,0.0,0.0,0.0,8.0,2.0,1.0
1885,15.85221480000003,0,8.4406,1.9053,2.1962,1.797,0.1867,0.0026,0.0085,0.0002,0.0333,0.0466,0.0019,0.0007,0.0105,0.0001,0.0018,0.0015,0.0001,0.0001,0.0082,0.0012,0.0005,0.0,0.003,0.087,0.0174,0.0,0.0124,0.0,155.0,0.0,92.0,63.0,84.0,0.0,0.0,0.0,0.0,0.0,0.0,0.0,0.0,0.0,0.0,0.0,0.0,0.0,0.0,0.0,0.0,0.0,0.0,8.0,2.0,1.0
1886,15.86065540000003,0,8.2639,1.8851,2.0764,1.8545,0.198,0.0032,0.009,0.0002,0.0384,0.0537,0.0021,0.0007,0.0106,0.0001,0.0018,0.0014,0.0001,0.0001,0.008,0.0017,0.0004,0.0001,0.0035,0.0947,0.0198,0.0,0.0126,0.0,155.0,0.0,92.0,63.0,84.0,0.0,0.0,0.0,0.0,0.0,0.0,0.0,0.0,0.0,0.0,0.0,0.0,0.0,0.0,0.0,0.0,0.0,0.0,8.0,2.0,1.0
1887,15.86891930000003,0,8.3459,1.8846,2.1038,1.9274,0.1753,0.0026,0.0074,0.0001,0.0297,0.0414,0.002,0.0006,0.0093,0.0001,0.0014,0.0013,0.0001,0.0001,0.0076,0.0016,0.0004,0.0001,0.0034,0.0794,0.0194,0.0,0.0129,0.0,155.0,0.0,92.0,63.0,84.0,0.0,0.0,0.0,0.0,0.0,0.0,0.0,0.0,0.0,0.0,0.0,0.0,0.0,0.0,0.0,0.0,0.0,0.0,8.0,2.0,1.0
1888,15.87726520000003,0,8.309,1.7802,2.134,1.9162,0.1865,0.0029,0.0085,0.0002,0.0395,0.0539,0.002,0.0006,0.0093,0.0001,0.0012,0.0018,0.0001,0.0001,0.0075,0.0011,0.0004,0.0001,0.003,0.0922,0.019,0.0,0.0113,0.0,155.0,0.0,92.0,63.0,84.0,0.0,0.0,0.0,0.0,0.0,0.0,0.0,0.0,0.0,0.0,0.0,0.0,0.0,0.0,0.0,0.0,0.0,0.0,8.0,2.0,1.0
1889,15.88557420000003,0,8.2101,1.7887,2.0099,1.8014,0.1916,0.003,0.0085,0.0003,0.0301,0.0442,0.0025,0.0006,0.0109,0.0001,0.0021,0.0015,0.0001,0.0001,0.0079,0.0013,0.0004,0.0,0.0036,0.0851,0.0217,0.0001,0.0112,0.0,155.0,0.0,92.0,63.0,84.0,0.0,0.0,0.0,0.0,0.0,0.0,0.0,0.0,0.0,0.0,0.0,0.0,0.0,0.0,0.0,0.0,0.0,0.0,8.0,2.0,1.0
1890,15.89378430000003,0,8.5419,1.8349,2.1834,1.7891,0.244,0.0052,0.0108,0.0003,0.0447,0.0643,0.0024,0.0013,0.0119,0.0002,0.0019,0.0016,0.0001,0.0001,0.0086,0.0013,0.001,0.0001,0.004,0.1105,0.0224,0.0,0.0129,0.0,155.0,0.0,92.0,63.0,84.0,0.0,0.0,0.0,0.0,0.0,0.0,0.0,0.0,0.0,0.0,0.0,0.0,0.0,0.0,0.0,0.0,0.0,0.0,8.0,2.0,1.0
1891,15.902326200000031,0,8.1333,1.8063,2.0103,1.847,0.1747,0.0025,0.0072,0.0002,0.0333,0.045,0.0023,0.0007,0.0086,0.0002,0.0012,0.0013,0.0,0.0001,0.0075,0.0012,0.0003,0.0001,0.0032,0.0812,0.0205,0.0,0.0132,0.0,155.0,0.0,92.0,63.0,84.0,0.0,0.0,0.0,0.0,0.0,0.0,0.0,0.0,0.0,0.0,0.0,0.0,0.0,0.0,0.0,0.0,0.0,0.0,8.0,2.0,1.0
1892,15.910459500000032,0,8.5991,1.8184,2.0752,1.7412,0.2063,0.0033,0.0104,0.0002,0.0417,0.0588,0.0022,0.0009,0.0104,0.0002,0.0013,0.0014,0.0005,0.0001,0.0083,0.0012,0.0008,0.0001,0.0036,0.102,0.023,0.0,0.0126,0.0,155.0,0.0,92.0,63.0,84.0,0.0,0.0,0.0,0.0,0.0,0.0,0.0,0.0,0.0,0.0,0.0,0.0,0.0,0.0,0.0,0.0,0.0,0.0,8.0,2.0,1.0
1893,15.919058600000032,0,8.1504,1.8299,2.127,1.8708,0.1937,0.0027,0.0085,0.0002,0.0357,0.0492,0.002,0.0009,0.0102,0.0002,0.0021,0.0014,0.0001,0.0005,0.0082,0.0013,0.0005,0.0001,0.0034,0.0912,0.0218,0.0,0.0143,0.0,155.0,0.0,92.0,63.0,84.0,0.0,0.0,0.0,0.0,0.0,0.0,0.0,0.0,0.0,0.0,0.0,0.0,0.0,0.0,0.0,0.0,0.0,0.0,8.0,2.0,1.0
1894,15.927209000000031,0,8.3277,1.7735,2.0913,1.6992,0.1895,0.0037,0.0081,0.0002,0.0392,0.0532,0.0019,0.0006,0.0095,0.0001,0.0012,0.0019,0.0,0.0001,0.0071,0.0012,0.0005,0.0,0.0032,0.0914,0.0203,0.0,0.0129,0.0,155.0,0.0,92.0,63.0,84.0,0.0,0.0,0.0,0.0,0.0,0.0,0.0,0.0,0.0,0.0,0.0,0.0,0.0,0.0,0.0,0.0,0.0,0.0,8.0,2.0,1.0
1895,15.935536700000032,0,8.2996,1.7948,2.0473,1.7144,0.1988,0.0035,0.0085,0.0002,0.0346,0.0492,0.0024,0.0007,0.0112,0.0001,0.0017,0.0015,0.0001,0.0002,0.008,0.0013,0.0005,0.0001,0.0037,0.0924,0.0194,0.0,0.0114,0.0,155.0,0.0,92.0,63.0,84.0,0.0,0.0,0.0,0.0,0.0,0.0,0.0,0.0,0.0,0.0,0.0,0.0,0.0,0.0,0.0,0.0,0.0,0.0,8.0,2.0,1.0
1896,15.943836300000033,0,8.272,2.0581,1.9583,1.7453,0.1926,0.0026,0.0077,0.0002,0.0497,0.0618,0.0029,0.0005,0.0095,0.0001,0.0014,0.0014,0.0,0.0002,0.0069,0.001,0.0005,0.0,0.003,0.0987,0.0216,0.0,0.013,0.0,155.0,0.0,92.0,63.0,84.0,0.0,0.0,0.0,0.0,0.0,0.0,0.0,0.0,0.0,0.0,0.0,0.0,0.0,0.0,0.0,0.0,0.0,0.0,8.0,2.0,1.0
1897,15.952108300000033,0,8.6657,1.81,2.2427,1.7825,0.2009,0.0031,0.0087,0.0002,0.0314,0.0457,0.0022,0.0007,0.0112,0.0001,0.0018,0.0016,0.0002,0.0001,0.0087,0.0014,0.001,0.0001,0.0037,0.0906,0.0215,0.0,0.0134,0.0,155.0,0.0,92.0,63.0,84.0,0.0,0.0,0.0,0.0,0.0,0.0,0.0,0.0,0.0,0.0,0.0,0.0,0.0,0.0,0.0,0.0,0.0,0.0,8.0,2.0,1.0
1898,15.960774000000033,0,8.1467,1.9615,2.1318,1.8247,0.2052,0.0028,0.0089,0.0003,0.0425,0.0566,0.0022,0.0011,0.0103,0.0002,0.0019,0.0016,0.0001,0.0001,0.0075,0.0016,0.0004,0.0,0.0037,0.0988,0.0218,0.0,0.0123,0.0,155.0,0.0,92.0,63.0,84.0,0.0,0.0,0.0,0.0,0.0,0.0,0.0,0.0,0.0,0.0,0.0,0.0,0.0,0.0,0.0,0.0,0.0,0.0,8.0,2.0,1.0
1899,15.968920700000032,0,8.2393,1.8152,2.0224,1.7869,0.1752,0.0034,0.0078,0.0005,0.0288,0.0427,0.0018,0.0006,0.0098,0.0001,0.0013,0.0019,0.0001,0.0001,0.0071,0.0011,0.0004,0.0,0.0032,0.0811,0.0188,0.0,0.014,0.0,155.0,0.0,92.0,63.0,84.0,0.0,0.0,0.0,0.0,0.0,0.0,0.0,0.0,0.0,0.0,0.0,0.0,0.0,0.0,0.0,0.0,0.0,0.0,8.0,2.0,1.0
1900,15.977160000000032,0,8.569,1.7777,2.2196,1.7831,0.2029,0.0026,0.0085,0.0002,0.0448,0.0581,0.0027,0.0007,0.0108,0.0002,0.0014,0.0023,0.0001,0.0001,0.0078,0.0018,0.0004,0.0,0.0036,0.1018,0.0212,0.0,0.0125,0.0,155.0,0.0,92.0,63.0,84.0,0.0,0.0,0.0,0.0,0.0,0.0,0.0,0.0,0.0,0.0,0.0,0.0,0.0,0.0,0.0,0.0,0.0,0.0,8.0,2.0,1.0
1901,15.985729000000031,0,8.125,2.1846,2.06,1.8243,0.178,0.0024,0.0075,0.0002,0.0319,0.0445,0.0024,0.0005,0.0098,0.0001,0.0013,0.0019,0.0001,0.0001,0.0074,0.0011,0.0004,0.0,0.0031,0.0833,0.0214,0.0,0.0118,0.0,155.0,0.0,92.0,63.0,84.0,0.0,0.0,0.0,0.0,0.0,0.0,0.0,0.0,0.0,0.0,0.0,0.0,0.0,0.0,0.0,0.0,0.0,0.0,8.0,2.0,1.0
1902,15.99385400000003,0,8.4924,1.9995,2.145,1.7898,0.1831,0.0029,0.0079,0.0002,0.0375,0.0507,0.002,0.0006,0.0098,0.0001,0.0014,0.0018,0.0,0.0001,0.0079,0.0011,0.001,0.0001,0.0031,0.0897,0.0167,0.0001,0.0133,0.0,155.0,0.0,92.0,63.0,84.0,0.0,0.0,0.0,0.0,0.0,0.0,0.0,0.0,0.0,0.0,0.0,0.0,0.0,0.0,0.0,0.0,0.0,0.0,8.0,2.0,1.0
1903,16.002346400000032,0,8.2321,1.8268,2.1612,1.8842,0.1802,0.0029,0.008,0.0001,0.0316,0.0443,0.002,0.0005,0.0098,0.0001,0.0017,0.0015,0.0,0.0002,0.0075,0.0012,0.0004,0.0,0.003,0.0836,0.0189,0.0001,0.0131,0.0,155.0,0.0,92.0,63.0,84.0,0.0,0.0,0.0,0.0,0.0,0.0,0.0,0.0,0.0,0.0,0.0,0.0,0.0,0.0,0.0,0.0,0.0,0.0,8.0,2.0,1.0
1904,16.010578500000033,0,8.32,1.8963,2.0902,1.9185,0.1899,0.0032,0.0087,0.0001,0.0384,0.0529,0.0027,0.0006,0.0096,0.0001,0.0014,0.0018,0.0001,0.0001,0.0079,0.0012,0.0004,0.0001,0.0036,0.0922,0.0185,0.0001,0.0119,0.0,155.0,0.0,92.0,63.0,84.0,0.0,0.0,0.0,0.0,0.0,0.0,0.0,0.0,0.0,0.0,0.0,0.0,0.0,0.0,0.0,0.0,0.0,0.0,8.0,2.0,1.0
1905,16.018898500000034,0,8.3421,1.7959,2.0956,1.7953,0.1912,0.0028,0.008,0.0003,0.0319,0.0452,0.0021,0.0008,0.0103,0.0002,0.0018,0.0016,0.0001,0.0001,0.0076,0.0012,0.0005,0.0005,0.0032,0.0865,0.0238,0.0,0.0132,0.0,155.0,0.0,92.0,63.0,84.0,0.0,0.0,0.0,0.0,0.0,0.0,0.0,0.0,0.0,0.0,0.0,0.0,0.0,0.0,0.0,0.0,0.0,0.0,8.0,2.0,1.0
1906,16.027240600000034,0,8.3946,2.1039,2.1561,1.929,0.2004,0.0029,0.0092,0.0003,0.0371,0.0517,0.0019,0.0007,0.0091,0.0001,0.0017,0.0016,0.0001,0.0001,0.0081,0.0011,0.0005,0.0,0.0035,0.0923,0.0236,0.0,0.0125,0.0,155.0,0.0,92.0,63.0,84.0,0.0,0.0,0.0,0.0,0.0,0.0,0.0,0.0,0.0,0.0,0.0,0.0,0.0,0.0,0.0,0.0,0.0,0.0,8.0,2.0,1.0
1907,16.035635200000034,0,8.3786,2.0155,2.0428,1.9076,0.1863,0.0029,0.008,0.0002,0.0303,0.0436,0.0025,0.0006,0.0096,0.0001,0.0014,0.0022,0.0001,0.0002,0.008,0.0012,0.0005,0.0001,0.0032,0.0835,0.0211,0.0,0.0127,0.0,155.0,0.0,92.0,63.0,84.0,0.0,0.0,0.0,0.0,0.0,0.0,0.0,0.0,0.0,0.0,0.0,0.0,0.0,0.0,0.0,0.0,0.0,0.0,8.0,2.0,1.0
1908,16.044013800000034,0,8.2424,2.1019,2.1944,1.8765,0.2012,0.0029,0.0094,0.0002,0.0395,0.0544,0.0022,0.0008,0.0106,0.0002,0.0014,0.0014,0.0,0.0003,0.0081,0.0012,0.0005,0.0,0.0036,0.096,0.0207,0.0001,0.0143,0.0,155.0,0.0,92.0,63.0,84.0,0.0,0.0,0.0,0.0,0.0,0.0,0.0,0.0,0.0,0.0,0.0,0.0,0.0,0.0,0.0,0.0,0.0,0.0,8.0,2.0,1.0
1909,16.052256200000034,0,8.3388,1.9495,2.0308,1.8624,0.186,0.003,0.0075,0.0002,0.0351,0.0476,0.0021,0.001,0.0101,0.0001,0.0017,0.0014,0.0001,0.0006,0.0079,0.0012,0.0004,0.0001,0.0035,0.0888,0.022,0.0001,0.0129,0.0,155.0,0.0,92.0,63.0,84.0,0.0,0.0,0.0,0.0,0.0,0.0,0.0,0.0,0.0,0.0,0.0,0.0,0.0,0.0,0.0,0.0,0.0,0.0,8.0,2.0,1.0
1910,16.060595000000035,0,8.4167,1.8238,2.2764,1.8713,0.1898,0.0028,0.0086,0.0002,0.0393,0.0536,0.0025,0.0006,0.0088,0.0002,0.0014,0.0013,0.0006,0.0001,0.0081,0.0011,0.0005,0.0001,0.0031,0.0927,0.0204,0.0,0.0127,0.0,155.0,0.0,92.0,63.0,84.0,0.0,0.0,0.0,0.0,0.0,0.0,0.0,0.0,0.0,0.0,0.0,0.0,0.0,0.0,0.0,0.0,0.0,0.0,8.0,2.0,1.0
1911,16.069011700000036,0,8.1242,2.0536,2.0328,1.8001,0.1801,0.0025,0.0089,0.0001,0.0329,0.0463,0.0027,0.0006,0.0097,0.0002,0.0013,0.0012,0.0,0.0001,0.0077,0.0012,0.0005,0.0001,0.0033,0.0835,0.0211,0.0,0.0145,0.0,155.0,0.0,92.0,63.0,84.0,0.0,0.0,0.0,0.0,0.0,0.0,0.0,0.0,0.0,0.0,0.0,0.0,0.0,0.0,0.0,0.0,0.0,0.0,8.0,2.0,1.0
1912,16.077135900000037,0,8.6578,1.9229,2.3019,1.9456,0.2008,0.0031,0.0093,0.0002,0.0421,0.0567,0.002,0.0007,0.0092,0.0001,0.0013,0.0015,0.0001,0.0001,0.008,0.0011,0.0005,0.0,0.0036,0.0967,0.0226,0.0,0.0138,0.0,155.0,0.0,92.0,63.0,84.0,0.0,0.0,0.0,0.0,0.0,0.0,0.0,0.0,0.0,0.0,0.0,0.0,0.0,0.0,0.0,0.0,0.0,0.0,8.0,2.0,1.0
1913,16.08579370000004,0,8.1605,2.0903,2.156,1.7836,0.1713,0.0027,0.0087,0.0002,0.0266,0.0399,0.0023,0.0006,0.0088,0.0002,0.0014,0.0014,0.0006,0.0001,0.0074,0.0011,0.0005,0.0001,0.0033,0.0775,0.0182,0.0,0.0119,0.0,155.0,0.0,92.0,63.0,84.0,0.0,0.0,0.0,0.0,0.0,0.0,0.0,0.0,0.0,0.0,0.0,0.0,0.0,0.0,0.0,0.0,0.0,0.0,8.0,2.0,1.0
1914,16.093954200000038,0,8.3836,1.9358,2.0861,1.8179,0.1901,0.0028,0.0074,0.0003,0.0428,0.0549,0.0019,0.0006,0.0089,0.0001,0.0013,0.0018,0.0001,0.0001,0.0077,0.0011,0.0005,0.0,0.0031,0.0936,0.0199,0.0,0.012,0.0,155.0,0.0,92.0,63.0,84.0,0.0,0.0,0.0,0.0,0.0,0.0,0.0,0.0,0.0,0.0,0.0,0.0,0.0,0.0,0.0,0.0,0.0,0.0,8.0,2.0,1.0
1915,16.102337800000036,0,8.2375,1.921,2.1786,1.7726,0.1888,0.0033,0.0079,0.0006,0.0358,0.0494,0.002,0.0008,0.009,0.0001,0.0015,0.0016,0.0002,0.0001,0.008,0.0011,0.0004,0.0,0.0036,0.089,0.0214,0.0,0.0119,0.0,155.0,0.0,92.0,63.0,84.0,0.0,0.0,0.0,0.0,0.0,0.0,0.0,0.0,0.0,0.0,0.0,0.0,0.0,0.0,0.0,0.0,0.0,0.0,8.0,2.0,1.0
1916,16.110575300000036,0,8.3635,1.8871,2.128,1.7529,0.2235,0.0033,0.0074,0.0001,0.0549,0.068,0.0023,0.0008,0.0099,0.0002,0.0013,0.0016,0.0001,0.0001,0.0084,0.0013,0.0005,0.0,0.0037,0.1103,0.0239,0.0,0.0119,0.0,155.0,0.0,92.0,63.0,84.0,0.0,0.0,0.0,0.0,0.0,0.0,0.0,0.0,0.0,0.0,0.0,0.0,0.0,0.0,0.0,0.0,0.0,0.0,8.0,2.0,1.0
1917,16.118938800000038,0,8.2222,2.0816,2.0166,1.8151,0.1735,0.0025,0.008,0.0001,0.0322,0.0455,0.002,0.0005,0.0086,0.0001,0.0012,0.0015,0.0,0.0002,0.0082,0.001,0.0005,0.0001,0.0031,0.0808,0.0213,0.0,0.0112,0.0,155.0,0.0,92.0,63.0,84.0,0.0,0.0,0.0,0.0,0.0,0.0,0.0,0.0,0.0,0.0,0.0,0.0,0.0,0.0,0.0,0.0,0.0,0.0,8.0,2.0,1.0
1918,16.127161000000036,0,8.5666,1.81,2.1293,1.7868,0.1981,0.0031,0.0078,0.0002,0.0416,0.0547,0.0022,0.0008,0.0115,0.0001,0.0018,0.0015,0.0,0.0001,0.0079,0.0011,0.0004,0.0001,0.0037,0.0958,0.0215,0.0001,0.0138,0.0,155.0,0.0,92.0,63.0,84.0,0.0,0.0,0.0,0.0,0.0,0.0,0.0,0.0,0.0,0.0,0.0,0.0,0.0,0.0,0.0,0.0,0.0,0.0,8.0,2.0,1.0
1919,16.13572760000004,0,8.2142,1.8675,2.1931,1.7861,0.181,0.0028,0.0081,0.0001,0.0293,0.0422,0.0019,0.0008,0.0094,0.0002,0.0017,0.0012,0.0,0.0001,0.0084,0.0012,0.0004,0.0001,0.0031,0.0808,0.0234,0.0,0.0129,0.0,155.0,0.0,92.0,63.0,84.0,0.0,0.0,0.0,0.0,0.0,0.0,0.0,0.0,0.0,0.0,0.0,0.0,0.0,0.0,0.0,0.0,0.0,0.0,8.0,2.0,1.0
1920,16.14394180000004,0,8.2516,1.9921,2.0901,1.7691,0.1838,0.0023,0.0082,0.0002,0.0386,0.0521,0.0019,0.0011,0.0096,0.0001,0.0016,0.0014,0.0001,0.0001,0.0071,0.0012,0.0005,0.0,0.0031,0.0899,0.0208,0.0001,0.0142,0.0,155.0,0.0,92.0,63.0,84.0,0.0,0.0,0.0,0.0,0.0,0.0,0.0,0.0,0.0,0.0,0.0,0.0,0.0,0.0,0.0,0.0,0.0,0.0,8.0,2.0,1.0
1921,16.15219340000004,0,8.3419,1.8484,2.0631,1.7314,0.1777,0.003,0.0079,0.0002,0.0299,0.0425,0.002,0.0007,0.0093,0.0002,0.0018,0.0015,0.0001,0.0002,0.0074,0.0016,0.0004,0.0001,0.0031,0.0796,0.0203,0.0,0.0147,0.0,155.0,0.0,92.0,63.0,84.0,0.0,0.0,0.0,0.0,0.0,0.0,0.0,0.0,0.0,0.0,0.0,0.0,0.0,0.0,0.0,0.0,0.0,0.0,8.0,2.0,1.0
1922,16.160535300000042,0,8.5893,1.7951,2.2368,1.8406,0.2785,0.0045,0.0103,0.0003,0.0622,0.0803,0.0033,0.0012,0.0165,0.0001,0.0024,0.0024,0.0001,0.0002,0.0093,0.0015,0.001,0.0001,0.0067,0.1438,0.0358,0.0001,0.0111,0.0,155.0,0.0,92.0,63.0,84.0,0.0,0.0,0.0,0.0,0.0,0.0,0.0,0.0,0.0,0.0,0.0,0.0,0.0,0.0,0.0,0.0,0.0,0.0,8.0,2.0,1.0
1923,16.169124600000043,0,8.2079,2.062,2.2252,1.8123,0.1901,0.003,0.0101,0.0002,0.0265,0.0421,0.002,0.0007,0.0101,0.0002,0.0015,0.002,0.0001,0.0002,0.0082,0.0017,0.0005,0.0001,0.0033,0.0864,0.0211,0.0001,0.0129,0.0,155.0,0.0,92.0,63.0,84.0,0.0,0.0,0.0,0.0,0.0,0.0,0.0,0.0,0.0,0.0,0.0,0.0,0.0,0.0,0.0,0.0,0.0,0.0,8.0,2.0,1.0
1924,16.17733250000004,0,8.3161,1.965,2.1733,1.9861,0.2051,0.003,0.0085,0.0001,0.0407,0.0556,0.0024,0.0008,0.012,0.0002,0.0015,0.0019,0.0001,0.0001,0.0083,0.0013,0.0005,0.0002,0.0038,0.1006,0.0201,0.0001,0.0123,0.0,155.0,0.0,92.0,63.0,84.0,0.0,0.0,0.0,0.0,0.0,0.0,0.0,0.0,0.0,0.0,0.0,0.0,0.0,0.0,0.0,0.0,0.0,0.0,8.0,2.0,1.0
1925,16.18564860000004,0,8.1654,1.9661,2.0318,1.8372,0.1876,0.003,0.0083,0.0001,0.0284,0.0418,0.0022,0.0007,0.0107,0.0002,0.0014,0.0015,0.0001,0.0001,0.0085,0.0013,0.0004,0.0003,0.0038,0.0853,0.019,0.0001,0.0132,0.0,155.0,0.0,92.0,63.0,84.0,0.0,0.0,0.0,0.0,0.0,0.0,0.0,0.0,0.0,0.0,0.0,0.0,0.0,0.0,0.0,0.0,0.0,0.0,8.0,2.0,1.0
1926,16.19381400000004,0,8.4829,2.581,2.1179,1.918,0.1896,0.0031,0.0086,0.0002,0.0358,0.0498,0.002,0.0009,0.0096,0.0001,0.0019,0.0013,0.0,0.0002,0.0077,0.0016,0.0005,0.0001,0.003,0.0889,0.0206,0.0,0.0132,0.0,155.0,0.0,92.0,63.0,84.0,0.0,0.0,0.0,0.0,0.0,0.0,0.0,0.0,0.0,0.0,0.0,0.0,0.0,0.0,0.0,0.0,0.0,0.0,8.0,2.0,1.0
1927,16.20229690000004,0,8.4059,1.8025,2.1401,1.8485,0.1852,0.0028,0.0082,0.0002,0.0351,0.0481,0.0023,0.0009,0.011,0.0002,0.0019,0.0016,0.0,0.0003,0.0068,0.0016,0.0004,0.0001,0.0031,0.0874,0.0208,0.0,0.0121,0.0,155.0,0.0,92.0,63.0,84.0,0.0,0.0,0.0,0.0,0.0,0.0,0.0,0.0,0.0,0.0,0.0,0.0,0.0,0.0,0.0,0.0,0.0,0.0,8.0,2.0,1.0
1928,16.21070280000004,0,8.2299,1.9727,2.2126,1.9121,0.2321,0.0029,0.0077,0.0001,0.0459,0.0595,0.0018,0.0007,0.0091,0.0001,0.0013,0.0018,0.0,0.0001,0.0072,0.0013,0.0009,0.0,0.0031,0.1355,0.0203,0.0,0.0129,0.0,155.0,0.0,92.0,63.0,84.0,0.0,0.0,0.0,0.0,0.0,0.0,0.0,0.0,0.0,0.0,0.0,0.0,0.0,0.0,0.0,0.0,0.0,0.0,8.0,2.0,1.0
1929,16.21893270000004,0,8.3176,1.8525,2.0252,1.7535,0.1755,0.0037,0.0076,0.0001,0.0292,0.0429,0.002,0.0007,0.0101,0.0001,0.0018,0.0015,0.0002,0.0001,0.008,0.0011,0.0004,0.0,0.0032,0.0813,0.0185,0.0,0.0127,0.0,155.0,0.0,92.0,63.0,84.0,0.0,0.0,0.0,0.0,0.0,0.0,0.0,0.0,0.0,0.0,0.0,0.0,0.0,0.0,0.0,0.0,0.0,0.0,8.0,2.0,1.0
1930,16.22725030000004,0,8.3674,1.9547,2.1524,1.8205,0.1887,0.0028,0.0087,0.0001,0.0432,0.0574,0.0019,0.0007,0.0082,0.0002,0.0014,0.0014,0.0001,0.0002,0.0073,0.001,0.0005,0.0001,0.0031,0.0936,0.0182,0.0,0.014,0.0,155.0,0.0,92.0,63.0,84.0,0.0,0.0,0.0,0.0,0.0,0.0,0.0,0.0,0.0,0.0,0.0,0.0,0.0,0.0,0.0,0.0,0.0,0.0,8.0,2.0,1.0
1931,16.23561770000004,0,8.35,1.9302,2.1396,1.7716,0.1981,0.0031,0.0093,0.0002,0.0327,0.0479,0.0022,0.0009,0.0101,0.0002,0.0014,0.0021,0.0001,0.0001,0.0074,0.0013,0.0006,0.0001,0.0038,0.0903,0.0202,0.0,0.0129,0.0,155.0,0.0,92.0,63.0,84.0,0.0,0.0,0.0,0.0,0.0,0.0,0.0,0.0,0.0,0.0,0.0,0.0,0.0,0.0,0.0,0.0,0.0,0.0,8.0,2.0,1.0
1932,16.24396770000004,0,8.2438,1.8766,2.1245,1.7384,0.1902,0.0029,0.0073,0.0001,0.0401,0.0539,0.0021,0.0007,0.0097,0.0001,0.0014,0.0018,0.0001,0.0001,0.008,0.0016,0.0004,0.0001,0.003,0.0927,0.0198,0.0,0.0124,0.0,155.0,0.0,92.0,63.0,84.0,0.0,0.0,0.0,0.0,0.0,0.0,0.0,0.0,0.0,0.0,0.0,0.0,0.0,0.0,0.0,0.0,0.0,0.0,8.0,2.0,1.0
1933,16.25221150000004,0,8.3025,1.881,2.0384,1.8298,0.1755,0.0025,0.0076,0.0002,0.0282,0.0406,0.0019,0.0009,0.0095,0.0001,0.0018,0.0015,0.0001,0.0001,0.0076,0.0021,0.0005,0.0001,0.003,0.0796,0.0171,0.0,0.0126,0.0,155.0,0.0,92.0,63.0,84.0,0.0,0.0,0.0,0.0,0.0,0.0,0.0,0.0,0.0,0.0,0.0,0.0,0.0,0.0,0.0,0.0,0.0,0.0,8.0,2.0,1.0
1934,16.26051400000004,0,8.4076,2.2451,2.0545,1.8984,0.2024,0.0033,0.0093,0.0008,0.0367,0.0522,0.0021,0.0007,0.0111,0.0001,0.0013,0.0016,0.0001,0.0001,0.008,0.0018,0.0005,0.0001,0.0039,0.0971,0.0212,0.0001,0.0124,0.0,155.0,0.0,92.0,63.0,84.0,0.0,0.0,0.0,0.0,0.0,0.0,0.0,0.0,0.0,0.0,0.0,0.0,0.0,0.0,0.0,0.0,0.0,0.0,8.0,2.0,1.0
1935,16.26892160000004,0,8.2997,2.037,2.0808,1.8201,0.1788,0.0026,0.0079,0.0002,0.0337,0.0466,0.002,0.0005,0.0092,0.0001,0.0018,0.0015,0.0,0.0006,0.0067,0.0016,0.0004,0.0,0.0032,0.0842,0.0195,0.0,0.0133,0.0,155.0,0.0,92.0,63.0,84.0,0.0,0.0,0.0,0.0,0.0,0.0,0.0,0.0,0.0,0.0,0.0,0.0,0.0,0.0,0.0,0.0,0.0,0.0,8.0,2.0,1.0
1936,16.27722130000004,0,8.3993,1.869,2.1406,1.7661,0.1821,0.0027,0.0081,0.0002,0.0381,0.0517,0.0018,0.0007,0.0096,0.0002,0.0017,0.0015,0.0001,0.0006,0.0079,0.0012,0.0004,0.0001,0.0031,0.0907,0.0173,0.0,0.0133,0.0,155.0,0.0,92.0,63.0,84.0,0.0,0.0,0.0,0.0,0.0,0.0,0.0,0.0,0.0,0.0,0.0,0.0,0.0,0.0,0.0,0.0,0.0,0.0,8.0,2.0,1.0
1937,16.28562060000004,0,8.1953,1.9218,1.994,1.7798,0.1746,0.0025,0.0082,0.0002,0.0321,0.0454,0.0023,0.0005,0.0085,0.0001,0.0014,0.0012,0.0001,0.0002,0.0074,0.001,0.0004,0.0001,0.0032,0.0813,0.0214,0.0,0.0116,0.0,155.0,0.0,92.0,63.0,84.0,0.0,0.0,0.0,0.0,0.0,0.0,0.0,0.0,0.0,0.0,0.0,0.0,0.0,0.0,0.0,0.0,0.0,0.0,8.0,2.0,1.0
1938,16.29381590000004,0,8.4954,1.9609,2.1725,1.8819,0.1912,0.0027,0.01,0.0002,0.0362,0.0513,0.002,0.0005,0.009,0.0002,0.0018,0.0015,0.0001,0.0001,0.008,0.0017,0.0005,0.0001,0.0031,0.0898,0.021,0.0,0.0125,0.0,155.0,0.0,92.0,63.0,84.0,0.0,0.0,0.0,0.0,0.0,0.0,0.0,0.0,0.0,0.0,0.0,0.0,0.0,0.0,0.0,0.0,0.0,0.0,8.0,2.0,1.0
1939,16.302311300000042,0,8.1577,1.9739,2.0375,1.9728,0.1757,0.0033,0.0065,0.0001,0.0329,0.045,0.0024,0.0006,0.0093,0.0002,0.0013,0.0014,0.0001,0.0001,0.0076,0.0014,0.0005,0.0,0.0035,0.0828,0.018,0.0,0.013,0.0,155.0,0.0,92.0,63.0,84.0,0.0,0.0,0.0,0.0,0.0,0.0,0.0,0.0,0.0,0.0,0.0,0.0,0.0,0.0,0.0,0.0,0.0,0.0,8.0,2.0,1.0
1940,16.310469000000044,0,8.4582,1.9118,2.0768,1.7981,0.2042,0.0031,0.0085,0.0002,0.0403,0.0542,0.0025,0.0008,0.0109,0.0001,0.0014,0.0015,0.0001,0.0001,0.0081,0.0017,0.0005,0.0,0.0038,0.0979,0.0209,0.0001,0.0127,0.0,155.0,0.0,92.0,63.0,84.0,0.0,0.0,0.0,0.0,0.0,0.0,0.0,0.0,0.0,0.0,0.0,0.0,0.0,0.0,0.0,0.0,0.0,0.0,8.0,2.0,1.0
1941,16.318927200000044,0,8.3664,1.9467,2.175,1.8866,0.178,0.003,0.008,0.0002,0.0302,0.0434,0.0023,0.0006,0.0092,0.0005,0.0013,0.0014,0.0001,0.0001,0.0076,0.0011,0.0003,0.0001,0.0034,0.0816,0.0214,0.0,0.0131,0.0,155.0,0.0,92.0,63.0,84.0,0.0,0.0,0.0,0.0,0.0,0.0,0.0,0.0,0.0,0.0,0.0,0.0,0.0,0.0,0.0,0.0,0.0,0.0,8.0,2.0,1.0
1942,16.327293600000043,0,8.4414,1.7646,2.1695,1.7427,0.186,0.0033,0.0084,0.0002,0.0366,0.0508,0.0021,0.0008,0.0093,0.0001,0.0011,0.0015,0.0,0.0001,0.0068,0.001,0.0009,0.0,0.003,0.0877,0.0221,0.0001,0.0147,0.0,155.0,0.0,92.0,63.0,84.0,0.0,0.0,0.0,0.0,0.0,0.0,0.0,0.0,0.0,0.0,0.0,0.0,0.0,0.0,0.0,0.0,0.0,0.0,8.0,2.0,1.0
1943,16.335735000000042,0,8.1439,1.8931,2.0936,1.7956,0.1718,0.0029,0.0068,0.0001,0.0292,0.041,0.0018,0.0005,0.0085,0.0001,0.0014,0.0015,0.0001,0.0001,0.0074,0.0012,0.0005,0.0001,0.0031,0.0772,0.0207,0.0001,0.014,0.0,155.0,0.0,92.0,63.0,84.0,0.0,0.0,0.0,0.0,0.0,0.0,0.0,0.0,0.0,0.0,0.0,0.0,0.0,0.0,0.0,0.0,0.0,0.0,8.0,2.0,1.0
1944,16.343878900000043,0,8.4607,1.9286,2.1914,1.8107,0.195,0.0032,0.0075,0.0002,0.0377,0.0513,0.0021,0.0009,0.0107,0.0001,0.0015,0.0014,0.0001,0.0001,0.0082,0.0011,0.0005,0.0001,0.0031,0.0931,0.0178,0.0,0.0134,0.0,155.0,0.0,92.0,63.0,84.0,0.0,0.0,0.0,0.0,0.0,0.0,0.0,0.0,0.0,0.0,0.0,0.0,0.0,0.0,0.0,0.0,0.0,0.0,8.0,2.0,1.0
1945,16.352339600000043,0,8.5985,1.9974,2.3405,1.8868,0.2081,0.0036,0.0086,0.0002,0.032,0.0473,0.002,0.0008,0.0111,0.0002,0.0024,0.0021,0.0001,0.0002,0.0079,0.0013,0.0004,0.0,0.0033,0.0901,0.0249,0.0,0.0133,0.0,155.0,0.0,92.0,63.0,84.0,0.0,0.0,0.0,0.0,0.0,0.0,0.0,0.0,0.0,0.0,0.0,0.0,0.0,0.0,0.0,0.0,0.0,0.0,8.0,2.0,1.0
1946,16.360938100000045,0,8.4049,2.157,2.5133,2.0251,0.3003,0.0051,0.0116,0.0001,0.0528,0.0724,0.0035,0.0015,0.0172,0.0002,0.0029,0.0019,0.0001,0.0002,0.0088,0.002,0.0005,0.0,0.0069,0.1362,0.039,0.0001,0.0124,0.0,155.0,0.0,92.0,63.0,84.0,0.0,0.0,0.0,0.0,0.0,0.0,0.0,0.0,0.0,0.0,0.0,0.0,0.0,0.0,0.0,0.0,0.0,0.0,8.0,2.0,1.0
1947,16.369343000000043,0,8.1157,2.1642,2.388,1.9761,0.2014,0.0033,0.0085,0.0002,0.0358,0.0505,0.0022,0.0009,0.0114,0.0001,0.0018,0.0017,0.0001,0.0001,0.0083,0.0013,0.0005,0.0003,0.0033,0.0943,0.0187,0.0001,0.0135,0.0,155.0,0.0,92.0,63.0,84.0,0.0,0.0,0.0,0.0,0.0,0.0,0.0,0.0,0.0,0.0,0.0,0.0,0.0,0.0,0.0,0.0,0.0,0.0,8.0,2.0,1.0
1948,16.377458700000044,0,8.2936,1.9938,2.2776,1.9197,0.2056,0.0027,0.0081,0.0001,0.0455,0.0586,0.0022,0.0006,0.0092,0.0001,0.0013,0.002,0.0001,0.0001,0.0079,0.0012,0.0004,0.0001,0.0031,0.0975,0.0227,0.0,0.0126,0.0,155.0,0.0,92.0,63.0,84.0,0.0,0.0,0.0,0.0,0.0,0.0,0.0,0.0,0.0,0.0,0.0,0.0,0.0,0.0,0.0,0.0,0.0,0.0,8.0,2.0,1.0
1949,16.385752300000043,0,8.3702,1.9674,2.2426,1.8527,0.2043,0.0026,0.0078,0.0002,0.0342,0.0473,0.003,0.0014,0.0122,0.0001,0.0021,0.0019,0.0001,0.0001,0.0079,0.0012,0.0005,0.0,0.0033,0.0916,0.0226,0.0,0.0136,0.0,155.0,0.0,92.0,63.0,84.0,0.0,0.0,0.0,0.0,0.0,0.0,0.0,0.0,0.0,0.0,0.0,0.0,0.0,0.0,0.0,0.0,0.0,0.0,8.0,2.0,1.0
1950,16.394122500000044,0,8.2203,1.955,2.248,1.8858,0.2,0.0027,0.0074,0.0002,0.0402,0.0522,0.002,0.0007,0.0104,0.0001,0.0019,0.0014,0.0001,0.0006,0.0081,0.0011,0.0004,0.0001,0.0036,0.0956,0.0228,0.0,0.0119,0.0,155.0,0.0,92.0,63.0,82.0,0.0,0.0,0.0,0.0,0.0,0.0,0.0,0.0,0.0,0.0,0.0,0.0,0.0,0.0,0.0,0.0,0.0,0.0,8.0,2.0,1.0
1951,16.402342800000046,0,8.4321,2.1225,2.317,1.9596,0.1995,0.0028,0.008,0.0002,0.0309,0.0442,0.0025,0.0008,0.0129,0.0001,0.0016,0.0023,0.0001,0.0001,0.0088,0.0013,0.0005,0.0,0.0038,0.0938,0.0208,0.0001,0.0131,0.0,155.0,0.0,92.0,63.0,82.0,0.0,0.0,0.0,0.0,0.0,0.0,0.0,0.0,0.0,0.0,0.0,0.0,0.0,0.0,0.0,0.0,0.0,0.0,8.0,2.0,1.0
1952,16.410774900000046,0,8.3337,1.926,2.2475,1.8589,0.2014,0.0034,0.0094,0.0002,0.0459,0.0612,0.0028,0.0006,0.0102,0.0001,0.0013,0.0018,0.0001,0.0001,0.0074,0.0012,0.0009,0.0,0.003,0.1002,0.0207,0.0,0.0135,0.0,155.0,0.0,92.0,63.0,82.0,0.0,0.0,0.0,0.0,0.0,0.0,0.0,0.0,0.0,0.0,0.0,0.0,0.0,0.0,0.0,0.0,0.0,0.0,8.0,2.0,1.0
1953,16.419108600000047,0,8.2548,2.0874,2.2325,1.8747,0.1992,0.0033,0.0086,0.0001,0.0359,0.0509,0.002,0.0008,0.0104,0.0001,0.0013,0.0016,0.0001,0.0001,0.0086,0.0012,0.0004,0.0,0.0031,0.0917,0.0232,0.0,0.0106,0.0,155.0,0.0,92.0,63.0,82.0,0.0,0.0,0.0,0.0,0.0,0.0,0.0,0.0,0.0,0.0,0.0,0.0,0.0,0.0,0.0,0.0,0.0,0.0,8.0,2.0,1.0
1954,16.427363400000047,0,8.5065,2.0887,2.368,2.0288,0.2224,0.0035,0.0092,0.0002,0.0471,0.0628,0.0025,0.001,0.0118,0.0002,0.0016,0.0021,0.0001,0.0001,0.0089,0.0014,0.0005,0.0001,0.004,0.1104,0.022,0.0001,0.0123,0.0,155.0,0.0,92.0,63.0,82.0,0.0,0.0,0.0,0.0,0.0,0.0,0.0,0.0,0.0,0.0,0.0,0.0,0.0,0.0,0.0,0.0,0.0,0.0,8.0,2.0,1.0
1955,16.435869900000046,0,8.333,1.9976,2.376,1.7741,0.2621,0.0032,0.012,0.0001,0.0604,0.0786,0.0037,0.0011,0.0159,0.0001,0.0018,0.0026,0.0002,0.0002,0.0105,0.0024,0.0006,0.0001,0.0062,0.1397,0.0292,0.0,0.0134,0.0,155.0,0.0,92.0,63.0,82.0,0.0,0.0,0.0,0.0,0.0,0.0,0.0,0.0,0.0,0.0,0.0,0.0,0.0,0.0,0.0,0.0,0.0,0.0,8.0,2.0,1.0
1956,16.444202900000047,0,8.3161,2.0746,2.3791,1.8194,0.2138,0.0029,0.0078,0.0003,0.0468,0.06,0.0024,0.001,0.0113,0.0001,0.0013,0.0022,0.0001,0.0002,0.0084,0.0018,0.0005,0.0001,0.0037,0.1058,0.0211,0.0,0.0131,0.0,155.0,0.0,92.0,63.0,82.0,0.0,0.0,0.0,0.0,0.0,0.0,0.0,0.0,0.0,0.0,0.0,0.0,0.0,0.0,0.0,0.0,0.0,0.0,8.0,2.0,1.0
1957,16.452519000000045,0,8.2636,1.9865,2.3601,1.8952,0.1969,0.0032,0.0079,0.0002,0.0344,0.0484,0.0022,0.0007,0.0102,0.0001,0.0014,0.0021,0.0001,0.0002,0.0076,0.0018,0.0005,0.0001,0.004,0.0901,0.0221,0.0,0.0131,0.0,155.0,0.0,92.0,63.0,82.0,0.0,0.0,0.0,0.0,0.0,0.0,0.0,0.0,0.0,0.0,0.0,0.0,0.0,0.0,0.0,0.0,0.0,0.0,8.0,2.0,1.0
1958,16.460782600000044,0,8.3931,1.9451,2.3176,1.855,0.1917,0.0027,0.0082,0.0002,0.0416,0.055,0.0022,0.0008,0.0093,0.0006,0.0013,0.0014,0.0001,0.0002,0.0079,0.0011,0.0005,0.0001,0.0033,0.0934,0.0187,0.0001,0.0127,0.0,155.0,0.0,92.0,63.0,82.0,0.0,0.0,0.0,0.0,0.0,0.0,0.0,0.0,0.0,0.0,0.0,0.0,0.0,0.0,0.0,0.0,0.0,0.0,8.0,2.0,1.0
1959,16.469175700000044,0,8.395,1.988,2.3578,1.877,0.2033,0.0031,0.0082,0.0003,0.0355,0.0491,0.0023,0.0009,0.0109,0.0001,0.0017,0.0021,0.0001,0.0001,0.0083,0.0012,0.0004,0.0001,0.0032,0.0921,0.0218,0.0001,0.0141,0.0,155.0,0.0,92.0,63.0,82.0,0.0,0.0,0.0,0.0,0.0,0.0,0.0,0.0,0.0,0.0,0.0,0.0,0.0,0.0,0.0,0.0,0.0,0.0,8.0,2.0,1.0
1960,16.477570700000044,0,8.4165,2.054,2.52,1.8416,0.2323,0.0032,0.0095,0.0002,0.0492,0.0648,0.0022,0.0009,0.0104,0.0001,0.0014,0.0015,0.0001,0.0001,0.0082,0.0012,0.0005,0.0001,0.0032,0.1081,0.033,0.0001,0.0113,0.0,155.0,0.0,92.0,63.0,82.0,0.0,0.0,0.0,0.0,0.0,0.0,0.0,0.0,0.0,0.0,0.0,0.0,0.0,0.0,0.0,0.0,0.0,0.0,8.0,2.0,1.0
1961,16.485987200000043,0,8.1345,1.9976,2.3446,1.946,0.198,0.0034,0.0087,0.0002,0.0312,0.0465,0.0025,0.0007,0.0105,0.0001,0.0016,0.0021,0.0001,0.0001,0.0084,0.0013,0.0004,0.0001,0.0031,0.088,0.0216,0.0,0.013,0.0,155.0,0.0,92.0,63.0,82.0,0.0,0.0,0.0,0.0,0.0,0.0,0.0,0.0,0.0,0.0,0.0,0.0,0.0,0.0,0.0,0.0,0.0,0.0,8.0,2.0,1.0
1962,16.494121700000044,0,8.2991,2.0374,2.321,1.8773,0.2257,0.0031,0.0084,0.0002,0.0427,0.0571,0.003,0.0009,0.014,0.0002,0.0018,0.0018,0.0,0.0002,0.011,0.0016,0.0006,0.0002,0.005,0.1116,0.0247,0.0,0.0122,0.0,155.0,0.0,92.0,63.0,82.0,0.0,0.0,0.0,0.0,0.0,0.0,0.0,0.0,0.0,0.0,0.0,0.0,0.0,0.0,0.0,0.0,0.0,0.0,8.0,2.0,1.0
1963,16.502420800000042,0,8.2738,1.9003,2.1722,1.8369,0.2077,0.0045,0.0112,0.0002,0.0327,0.0516,0.0025,0.0008,0.0128,0.0001,0.0015,0.0022,0.0001,0.0001,0.0082,0.0014,0.0005,0.0,0.0038,0.0973,0.0238,0.0,0.0121,0.0,155.0,0.0,92.0,63.0,82.0,0.0,0.0,0.0,0.0,0.0,0.0,0.0,0.0,0.0,0.0,0.0,0.0,0.0,0.0,0.0,0.0,0.0,0.0,8.0,2.0,1.0
1964,16.510694600000043,0,8.287,1.8069,2.1702,1.7463,0.2295,0.0029,0.0076,0.0002,0.0646,0.0782,0.0031,0.0007,0.0117,0.0001,0.0014,0.002,0.0001,0.0001,0.0082,0.0018,0.0005,0.0001,0.0036,0.123,0.0225,0.0,0.0124,0.0,155.0,0.0,92.0,63.0,82.0,0.0,0.0,0.0,0.0,0.0,0.0,0.0,0.0,0.0,0.0,0.0,0.0,0.0,0.0,0.0,0.0,0.0,0.0,8.0,2.0,1.0
1965,16.518981600000043,0,8.2385,1.7575,2.0993,1.7552,0.1806,0.003,0.0076,0.0002,0.0304,0.0434,0.0023,0.0006,0.0101,0.0001,0.0015,0.0013,0.0,0.0001,0.0066,0.0011,0.0005,0.0001,0.0031,0.0813,0.021,0.0001,0.0116,0.0,155.0,0.0,92.0,63.0,82.0,0.0,0.0,0.0,0.0,0.0,0.0,0.0,0.0,0.0,0.0,0.0,0.0,0.0,0.0,0.0,0.0,0.0,0.0,8.0,2.0,1.0
1966,16.527220100000044,0,8.3762,1.7943,2.0845,1.7778,0.1829,0.0037,0.0083,0.0007,0.0371,0.0523,0.0018,0.0006,0.0092,0.0001,0.0012,0.0019,0.0,0.0001,0.0076,0.0011,0.0009,0.0001,0.0032,0.0899,0.018,0.0,0.0129,0.0,155.0,0.0,92.0,63.0,82.0,0.0,0.0,0.0,0.0,0.0,0.0,0.0,0.0,0.0,0.0,0.0,0.0,0.0,0.0,0.0,0.0,0.0,0.0,8.0,2.0,1.0
1967,16.535596300000044,0,8.3393,1.8537,2.1386,1.7636,0.2016,0.0033,0.0093,0.0001,0.0307,0.0464,0.0022,0.0008,0.0104,0.0002,0.002,0.0017,0.0,0.0001,0.008,0.0012,0.0005,0.0001,0.0035,0.0942,0.0226,0.0,0.0138,0.0,155.0,0.0,92.0,63.0,80.0,0.0,0.0,0.0,0.0,0.0,0.0,0.0,0.0,0.0,0.0,0.0,0.0,0.0,0.0,0.0,0.0,0.0,0.0,8.0,2.0,1.0
1968,16.543935600000044,0,8.1984,2.3004,1.9808,1.7242,0.1777,0.0027,0.0053,0.0001,0.0421,0.0524,0.0021,0.0006,0.0091,0.0002,0.0016,0.0014,0.0001,0.0001,0.0074,0.0017,0.0004,0.0,0.0028,0.0894,0.0183,0.0,0.0128,0.0,155.0,0.0,92.0,63.0,80.0,0.0,0.0,0.0,0.0,0.0,0.0,0.0,0.0,0.0,0.0,0.0,0.0,0.0,0.0,0.0,0.0,0.0,0.0,8.0,2.0,1.0
1969,16.552134000000045,0,8.3932,1.782,2.0439,1.7894,0.1848,0.0026,0.0075,0.0001,0.0332,0.0453,0.0022,0.0008,0.0094,0.0002,0.0014,0.002,0.0001,0.0001,0.0079,0.0012,0.0009,0.0001,0.003,0.0849,0.0206,0.0,0.0131,0.0,155.0,0.0,92.0,63.0,82.0,0.0,0.0,0.0,0.0,0.0,0.0,0.0,0.0,0.0,0.0,0.0,0.0,0.0,0.0,0.0,0.0,0.0,0.0,8.0,2.0,1.0
1970,16.560527200000045,0,8.6402,1.7981,2.3016,1.6524,0.1959,0.003,0.0085,0.0002,0.0401,0.0539,0.002,0.0008,0.009,0.0001,0.0017,0.0016,0.0,0.0001,0.0092,0.0012,0.0004,0.0001,0.0032,0.0943,0.0199,0.0,0.0151,0.0,155.0,0.0,92.0,63.0,82.0,0.0,0.0,0.0,0.0,0.0,0.0,0.0,0.0,0.0,0.0,0.0,0.0,0.0,0.0,0.0,0.0,0.0,0.0,8.0,2.0,1.0
1971,16.569167400000044,0,8.0575,1.8088,2.0276,1.8155,0.1944,0.0029,0.0098,0.0002,0.0284,0.0434,0.002,0.0006,0.0097,0.0001,0.0017,0.0017,0.0001,0.0006,0.0083,0.0013,0.0005,0.0001,0.0035,0.0855,0.0221,0.0001,0.0112,0.0,155.0,0.0,92.0,63.0,82.0,0.0,0.0,0.0,0.0,0.0,0.0,0.0,0.0,0.0,0.0,0.0,0.0,0.0,0.0,0.0,0.0,0.0,0.0,8.0,2.0,1.0
1972,16.577224900000044,0,8.4014,1.7954,2.1261,1.6654,0.2049,0.0031,0.0073,0.0002,0.0404,0.0529,0.0018,0.0007,0.0095,0.0002,0.0017,0.0013,0.0,0.0001,0.0075,0.0015,0.0004,0.0001,0.0031,0.0906,0.0211,0.0,0.0139,0.0,155.0,0.0,92.0,63.0,82.0,0.0,0.0,0.0,0.0,0.0,0.0,0.0,0.0,0.0,0.0,0.0,0.0,0.0,0.0,0.0,0.0,0.0,0.0,8.0,2.0,1.0
1973,16.585626300000044,0,8.2897,1.8293,2.1276,1.7578,0.1921,0.0029,0.0079,0.0002,0.0308,0.0437,0.0023,0.0008,0.0094,0.0002,0.0013,0.002,0.0001,0.0001,0.0078,0.0012,0.0004,0.0,0.0038,0.0856,0.0191,0.0,0.0127,0.0,155.0,0.0,92.0,63.0,84.0,0.0,0.0,0.0,0.0,0.0,0.0,0.0,0.0,0.0,0.0,0.0,0.0,0.0,0.0,0.0,0.0,0.0,0.0,8.0,2.0,1.0
1974,16.593916000000043,0,8.3464,1.8268,2.1391,1.7509,0.2136,0.0028,0.0091,0.0002,0.0426,0.057,0.0023,0.0009,0.0105,0.0001,0.0015,0.0022,0.0001,0.0002,0.0082,0.0016,0.0005,0.0001,0.0039,0.1014,0.0249,0.0001,0.0125,0.0,155.0,0.0,92.0,63.0,84.0,0.0,0.0,0.0,0.0,0.0,0.0,0.0,0.0,0.0,0.0,0.0,0.0,0.0,0.0,0.0,0.0,0.0,0.0,8.0,2.0,1.0
1975,16.602262400000043,0,8.2599,1.7633,1.9785,1.8268,0.1712,0.0027,0.0074,0.0002,0.0309,0.0428,0.0018,0.0007,0.0089,0.0002,0.0012,0.0017,0.0001,0.0002,0.0077,0.0012,0.0004,0.0,0.0032,0.0802,0.02,0.0,0.0147,0.0,155.0,0.0,92.0,63.0,86.0,0.0,0.0,0.0,0.0,0.0,0.0,0.0,0.0,0.0,0.0,0.0,0.0,0.0,0.0,0.0,0.0,0.0,0.0,8.0,2.0,1.0
1976,16.610522300000042,0,8.4894,1.7024,2.1569,1.7166,0.2109,0.0032,0.0086,0.0002,0.0428,0.0573,0.0022,0.0007,0.01,0.0001,0.0013,0.002,0.0,0.0001,0.0076,0.0012,0.001,0.0001,0.0039,0.1007,0.0226,0.0,0.0129,0.0,155.0,0.0,92.0,63.0,86.0,0.0,0.0,0.0,0.0,0.0,0.0,0.0,0.0,0.0,0.0,0.0,0.0,0.0,0.0,0.0,0.0,0.0,0.0,8.0,2.0,1.0
1977,16.61901170000004,0,8.2168,1.7462,2.0955,1.8681,0.1799,0.0043,0.0079,0.0002,0.0273,0.0421,0.0023,0.0006,0.0078,0.0002,0.0012,0.002,0.0002,0.0001,0.0078,0.0015,0.0005,0.0001,0.0032,0.0782,0.0214,0.0,0.0122,0.0,155.0,0.0,92.0,63.0,86.0,0.0,0.0,0.0,0.0,0.0,0.0,0.0,0.0,0.0,0.0,0.0,0.0,0.0,0.0,0.0,0.0,0.0,0.0,8.0,2.0,1.0
1978,16.62722850000004,0,8.5417,1.7575,2.2989,1.7686,0.2049,0.0027,0.0082,0.0002,0.0459,0.059,0.0027,0.0009,0.0117,0.0002,0.0013,0.0016,0.0,0.0002,0.0077,0.0012,0.0005,0.0001,0.0038,0.1025,0.0219,0.0,0.0155,0.0,155.0,0.0,92.0,63.0,86.0,0.0,0.0,0.0,0.0,0.0,0.0,0.0,0.0,0.0,0.0,0.0,0.0,0.0,0.0,0.0,0.0,0.0,0.0,8.0,2.0,1.0
1979,16.63577020000004,0,8.0648,1.7584,2.0102,1.793,0.1762,0.0025,0.0074,0.0002,0.0298,0.0415,0.0017,0.0005,0.0091,0.0002,0.0012,0.0019,0.0,0.0001,0.0074,0.0012,0.0004,0.0,0.0032,0.079,0.0227,0.0001,0.013,0.0,155.0,0.0,92.0,63.0,86.0,0.0,0.0,0.0,0.0,0.0,0.0,0.0,0.0,0.0,0.0,0.0,0.0,0.0,0.0,0.0,0.0,0.0,0.0,8.0,2.0,1.0
1980,16.64383500000004,0,8.3638,1.963,2.0477,1.7236,0.1812,0.0025,0.0058,0.0002,0.0406,0.0507,0.0019,0.0006,0.01,0.0001,0.0011,0.002,0.0,0.0001,0.007,0.0011,0.0004,0.0001,0.0031,0.0889,0.0195,0.0,0.0139,0.0,155.0,0.0,92.0,63.0,86.0,0.0,0.0,0.0,0.0,0.0,0.0,0.0,0.0,0.0,0.0,0.0,0.0,0.0,0.0,0.0,0.0,0.0,0.0,8.0,2.0,1.0
1981,16.65219880000004,0,8.288,1.8502,1.9972,1.7558,0.1864,0.0026,0.008,0.0002,0.0333,0.0458,0.002,0.0006,0.0101,0.0002,0.0019,0.0015,0.0001,0.0005,0.0078,0.0012,0.0004,0.0,0.0033,0.0855,0.0222,0.0001,0.0129,0.0,155.0,0.0,92.0,63.0,86.0,0.0,0.0,0.0,0.0,0.0,0.0,0.0,0.0,0.0,0.0,0.0,0.0,0.0,0.0,0.0,0.0,0.0,0.0,8.0,2.0,1.0
1982,16.66048680000004,0,8.5275,1.7874,2.124,1.7246,0.2329,0.0033,0.0088,0.0002,0.0415,0.0559,0.0023,0.0007,0.0108,0.0001,0.0012,0.0015,0.0001,0.0001,0.0072,0.0016,0.0005,0.0001,0.0041,0.0976,0.0236,0.0001,0.0133,0.0,155.0,0.0,92.0,63.0,86.0,0.0,0.0,0.0,0.0,0.0,0.0,0.0,0.0,0.0,0.0,0.0,0.0,0.0,0.0,0.0,0.0,0.0,0.0,8.0,2.0,1.0
1983,16.66901430000004,0,8.2712,1.8724,2.1524,1.8253,0.1971,0.0029,0.0085,0.0002,0.0293,0.0433,0.0027,0.0007,0.0108,0.0001,0.0014,0.0021,0.0001,0.0002,0.0079,0.0014,0.0004,0.0001,0.0033,0.0853,0.0219,0.0,0.013,0.0,155.0,0.0,92.0,63.0,86.0,0.0,0.0,0.0,0.0,0.0,0.0,0.0,0.0,0.0,0.0,0.0,0.0,0.0,0.0,0.0,0.0,0.0,0.0,8.0,2.0,1.0
1984,16.67728550000004,0,8.2332,1.9462,2.0613,1.7498,0.1857,0.0034,0.0073,0.0003,0.0443,0.0571,0.0017,0.0007,0.0094,0.0001,0.0012,0.0016,0.0,0.0001,0.0073,0.001,0.0005,0.0,0.0031,0.0939,0.0206,0.0001,0.0122,0.0,155.0,0.0,92.0,63.0,86.0,0.0,0.0,0.0,0.0,0.0,0.0,0.0,0.0,0.0,0.0,0.0,0.0,0.0,0.0,0.0,0.0,0.0,0.0,8.0,2.0,1.0
1985,16.68551870000004,0,8.3825,1.809,2.0309,1.795,0.2005,0.0032,0.009,0.0001,0.0353,0.0496,0.0026,0.0008,0.0108,0.0002,0.0014,0.0017,0.0,0.0001,0.0074,0.0016,0.0005,0.0001,0.004,0.0914,0.0225,0.0,0.0136,0.0,155.0,0.0,92.0,63.0,86.0,0.0,0.0,0.0,0.0,0.0,0.0,0.0,0.0,0.0,0.0,0.0,0.0,0.0,0.0,0.0,0.0,0.0,0.0,8.0,2.0,1.0
1986,16.693901200000038,0,8.399,1.7131,2.1459,1.7482,0.2061,0.0039,0.0076,0.0001,0.0447,0.0586,0.0027,0.0008,0.0115,0.0001,0.0014,0.002,0.0001,0.0001,0.0085,0.0015,0.0004,0.0,0.0039,0.1038,0.0226,0.0001,0.013,0.0,155.0,0.0,92.0,63.0,86.0,0.0,0.0,0.0,0.0,0.0,0.0,0.0,0.0,0.0,0.0,0.0,0.0,0.0,0.0,0.0,0.0,0.0,0.0,8.0,2.0,1.0
1987,16.70230020000004,0,8.2563,1.9168,2.0774,1.822,0.1822,0.0013,0.0065,0.0001,0.0332,0.0433,0.0019,0.0006,0.0089,0.0001,0.002,0.0014,0.0,0.0001,0.0078,0.0016,0.0004,0.0,0.0032,0.0806,0.0228,0.0001,0.0122,0.0,155.0,0.0,92.0,63.0,86.0,0.0,0.0,0.0,0.0,0.0,0.0,0.0,0.0,0.0,0.0,0.0,0.0,0.0,0.0,0.0,0.0,0.0,0.0,8.0,2.0,1.0
1988,16.71055650000004,0,8.2485,1.8336,2.0203,1.6481,0.2022,0.0031,0.0086,0.0002,0.0447,0.0585,0.0021,0.0006,0.0095,0.0002,0.0014,0.0013,0.0001,0.0002,0.0087,0.0012,0.0005,0.0001,0.0038,0.0992,0.0246,0.0,0.012,0.0,155.0,0.0,92.0,63.0,86.0,0.0,0.0,0.0,0.0,0.0,0.0,0.0,0.0,0.0,0.0,0.0,0.0,0.0,0.0,0.0,0.0,0.0,0.0,8.0,2.0,1.0
1989,16.71880500000004,0,8.4931,1.8655,2.0779,1.716,0.2093,0.003,0.0087,0.0002,0.0345,0.0487,0.0023,0.0009,0.0116,0.0001,0.0017,0.0022,0.0001,0.0001,0.0083,0.0016,0.0004,0.0001,0.0038,0.0956,0.0231,0.0,0.0124,0.0,155.0,0.0,92.0,63.0,86.0,0.0,0.0,0.0,0.0,0.0,0.0,0.0,0.0,0.0,0.0,0.0,0.0,0.0,0.0,0.0,0.0,0.0,0.0,8.0,2.0,1.0
1990,16.727298100000038,0,8.3325,1.9464,2.1013,1.7191,0.1848,0.0025,0.0072,0.0001,0.0444,0.0561,0.002,0.0006,0.0094,0.0001,0.0012,0.0019,0.0001,0.0001,0.008,0.0012,0.0007,0.0001,0.0031,0.0939,0.0184,0.0,0.0128,0.0,155.0,0.0,92.0,63.0,88.0,0.0,0.0,0.0,0.0,0.0,0.0,0.0,0.0,0.0,0.0,0.0,0.0,0.0,0.0,0.0,0.0,0.0,0.0,8.0,2.0,1.0
1991,16.73563060000004,0,8.3144,1.7824,2.1511,1.7994,0.2007,0.0033,0.0093,0.0002,0.031,0.0463,0.0022,0.0007,0.0097,0.0002,0.0015,0.0021,0.0001,0.0001,0.0086,0.0015,0.0004,0.0,0.0038,0.0912,0.0213,0.0001,0.0131,0.0,155.0,0.0,92.0,63.0,88.0,0.0,0.0,0.0,0.0,0.0,0.0,0.0,0.0,0.0,0.0,0.0,0.0,0.0,0.0,0.0,0.0,0.0,0.0,8.0,2.0,1.0
1992,16.74394500000004,0,8.3152,1.8055,2.0662,1.7346,0.1926,0.0026,0.0078,0.0003,0.0432,0.0564,0.0032,0.0009,0.0121,0.0001,0.0013,0.0015,0.0,0.0001,0.0078,0.0016,0.0004,0.0,0.0033,0.098,0.022,0.0,0.0108,0.0,155.0,0.0,92.0,63.0,84.0,0.0,0.0,0.0,0.0,0.0,0.0,0.0,0.0,0.0,0.0,0.0,0.0,0.0,0.0,0.0,0.0,0.0,0.0,8.0,2.0,1.0
1993,16.752260200000038,0,8.2721,1.7426,2.0744,1.7776,0.1887,0.0028,0.0081,0.0002,0.0338,0.0472,0.0024,0.0008,0.0098,0.0002,0.0014,0.0019,0.0,0.0001,0.0077,0.0012,0.0009,0.0,0.0032,0.0868,0.0232,0.0,0.012,0.0,155.0,0.0,92.0,63.0,84.0,0.0,0.0,0.0,0.0,0.0,0.0,0.0,0.0,0.0,0.0,0.0,0.0,0.0,0.0,0.0,0.0,0.0,0.0,8.0,2.0,1.0
1994,16.760532300000037,0,8.4412,1.7842,2.0788,1.7533,0.2027,0.003,0.0086,0.0002,0.0462,0.0601,0.0026,0.0005,0.0104,0.0001,0.0012,0.0018,0.0,0.0001,0.0078,0.0017,0.0004,0.0001,0.0031,0.1012,0.0214,0.0,0.0125,0.0,155.0,0.0,92.0,63.0,84.0,0.0,0.0,0.0,0.0,0.0,0.0,0.0,0.0,0.0,0.0,0.0,0.0,0.0,0.0,0.0,0.0,0.0,0.0,8.0,2.0,1.0
1995,16.768973500000037,0,8.2327,1.8132,2.0859,1.7532,0.2105,0.003,0.0087,0.0002,0.041,0.0559,0.0026,0.0007,0.0114,0.0001,0.0015,0.0019,0.0001,0.0001,0.008,0.0016,0.0005,0.0,0.0034,0.0976,0.0224,0.0001,0.0128,0.0,155.0,0.0,92.0,63.0,84.0,0.0,0.0,0.0,0.0,0.0,0.0,0.0,0.0,0.0,0.0,0.0,0.0,0.0,0.0,0.0,0.0,0.0,0.0,8.0,2.0,1.0
1996,16.777206200000037,0,8.2271,1.9754,2.0019,1.7681,0.1882,0.0026,0.0057,0.0002,0.0469,0.057,0.002,0.0006,0.0088,0.0002,0.0016,0.0014,0.0001,0.0001,0.0078,0.0018,0.0004,0.0001,0.0032,0.0936,0.0239,0.0001,0.0121,0.0,155.0,0.0,92.0,63.0,84.0,0.0,0.0,0.0,0.0,0.0,0.0,0.0,0.0,0.0,0.0,0.0,0.0,0.0,0.0,0.0,0.0,0.0,0.0,8.0,2.0,1.0
1997,16.785433300000037,0,8.4771,1.8167,2.0152,1.8001,0.1886,0.003,0.0088,0.0002,0.0296,0.0434,0.0026,0.0007,0.0115,0.0002,0.0013,0.0015,0.0001,0.0001,0.0079,0.0014,0.0005,0.0,0.0037,0.0864,0.0194,0.0,0.0153,0.0,155.0,0.0,92.0,63.0,84.0,0.0,0.0,0.0,0.0,0.0,0.0,0.0,0.0,0.0,0.0,0.0,0.0,0.0,0.0,0.0,0.0,0.0,0.0,8.0,2.0,1.0
1998,16.793910400000037,0,8.3142,1.8806,2.0459,1.7451,0.1833,0.0027,0.008,0.0002,0.037,0.0498,0.0019,0.001,0.0098,0.0002,0.0015,0.0013,0.0,0.0001,0.0073,0.0017,0.0004,0.0001,0.0031,0.0877,0.0219,0.0001,0.0122,0.0,155.0,0.0,92.0,63.0,84.0,0.0,0.0,0.0,0.0,0.0,0.0,0.0,0.0,0.0,0.0,0.0,0.0,0.0,0.0,0.0,0.0,0.0,0.0,8.0,2.0,1.0
1999,16.802224600000038,0,8.3944,1.9408,2.1659,1.7392,0.181,0.003,0.0074,0.0002,0.03,0.0426,0.002,0.0006,0.0102,0.0001,0.0012,0.0018,0.0001,0.0002,0.0072,0.0012,0.0004,0.0001,0.0032,0.0813,0.0222,0.0001,0.0134,0.0,155.0,0.0,92.0,63.0,84.0,0.0,0.0,0.0,0.0,0.0,0.0,0.0,0.0,0.0,0.0,0.0,0.0,0.0,0.0,0.0,0.0,0.0,0.0,8.0,2.0,1.0
2000,16.810619000000038,0,8.3064,1.8453,2.0797,1.7885,0.1993,0.0038,0.009,0.0002,0.0387,0.0538,0.0023,0.0007,0.0103,0.0001,0.0013,0.0015,0.0,0.0001,0.0081,0.0015,0.0004,0.0001,0.0038,0.0958,0.0209,0.0,0.0137,0.0,155.0,0.0,92.0,63.0,84.0,0.0,0.0,0.0,0.0,0.0,0.0,0.0,0.0,0.0,0.0,0.0,0.0,0.0,0.0,0.0,0.0,0.0,0.0,8.0,2.0,1.0
2001,16.818925400000037,0,8.2901,1.9013,2.0068,1.844,0.1917,0.0011,0.0076,0.0002,0.03,0.0411,0.0024,0.0007,0.0107,0.0002,0.0013,0.0019,0.0,0.0002,0.0078,0.0017,0.0005,0.0001,0.0036,0.0835,0.0226,0.0,0.0124,0.0,155.0,0.0,92.0,63.0,84.0,0.0,0.0,0.0,0.0,0.0,0.0,0.0,0.0,0.0,0.0,0.0,0.0,0.0,0.0,0.0,0.0,0.0,0.0,8.0,2.0,1.0
2002,16.827215500000037,0,8.4082,1.7705,2.1315,1.7911,0.1996,0.0029,0.0078,0.0002,0.0413,0.0544,0.0023,0.0006,0.0093,0.0002,0.0019,0.0016,0.0001,0.0002,0.0081,0.0012,0.0005,0.0001,0.0036,0.0951,0.0233,0.0,0.0127,0.0,155.0,0.0,92.0,63.0,84.0,0.0,0.0,0.0,0.0,0.0,0.0,0.0,0.0,0.0,0.0,0.0,0.0,0.0,0.0,0.0,0.0,0.0,0.0,8.0,2.0,1.0
2003,16.83562370000004,0,8.2114,1.7633,2.0059,1.8047,0.1759,0.0026,0.0079,0.0002,0.0297,0.0423,0.0019,0.0006,0.009,0.0001,0.0018,0.0015,0.0001,0.0002,0.0074,0.0017,0.0005,0.0002,0.0032,0.0799,0.0198,0.0001,0.0137,0.0,155.0,0.0,92.0,63.0,84.0,0.0,0.0,0.0,0.0,0.0,0.0,0.0,0.0,0.0,0.0,0.0,0.0,0.0,0.0,0.0,0.0,0.0,0.0,8.0,2.0,1.0
2004,16.84383510000004,0,8.3945,1.7985,2.0558,1.7553,0.2312,0.0039,0.0103,0.0002,0.0458,0.0629,0.0021,0.0008,0.01,0.0002,0.0018,0.0013,0.0,0.0001,0.0075,0.0013,0.0004,0.0001,0.0032,0.1072,0.0221,0.0001,0.0124,0.0,155.0,0.0,92.0,63.0,82.0,0.0,0.0,0.0,0.0,0.0,0.0,0.0,0.0,0.0,0.0,0.0,0.0,0.0,0.0,0.0,0.0,0.0,0.0,8.0,2.0,1.0
2005,16.85222960000004,0,8.3165,1.7414,2.0668,1.7573,0.1858,0.0029,0.0085,0.0003,0.0302,0.0438,0.0018,0.0005,0.0099,0.0002,0.0018,0.0016,0.0001,0.0001,0.0082,0.0015,0.0004,0.0001,0.0032,0.0845,0.0215,0.0,0.0115,0.0,155.0,0.0,92.0,63.0,82.0,0.0,0.0,0.0,0.0,0.0,0.0,0.0,0.0,0.0,0.0,0.0,0.0,0.0,0.0,0.0,0.0,0.0,0.0,8.0,2.0,1.0
2006,16.86054610000004,0,8.3829,1.807,2.0796,1.7275,0.2076,0.003,0.0072,0.0002,0.0412,0.0548,0.0023,0.0007,0.0106,0.0001,0.0015,0.002,0.0,0.0001,0.0081,0.0013,0.0004,0.0001,0.0037,0.0972,0.0241,0.0,0.0116,0.0,155.0,0.0,92.0,63.0,82.0,0.0,0.0,0.0,0.0,0.0,0.0,0.0,0.0,0.0,0.0,0.0,0.0,0.0,0.0,0.0,0.0,0.0,0.0,8.0,2.0,1.0
2007,16.86892900000004,0,8.2448,1.7218,1.9976,1.8258,0.1791,0.0029,0.0077,0.0002,0.0311,0.0441,0.0025,0.0006,0.01,0.0001,0.0013,0.0018,0.0,0.0001,0.0081,0.0016,0.0004,0.0001,0.0032,0.0833,0.0205,0.0001,0.0128,0.0,155.0,0.0,92.0,63.0,82.0,0.0,0.0,0.0,0.0,0.0,0.0,0.0,0.0,0.0,0.0,0.0,0.0,0.0,0.0,0.0,0.0,0.0,0.0,8.0,2.0,1.0
2008,16.87717380000004,0,8.4245,1.8351,2.0924,1.8534,0.2026,0.0027,0.0089,0.0002,0.041,0.0557,0.0022,0.0008,0.0103,0.0002,0.0014,0.0023,0.0001,0.0001,0.0078,0.0013,0.0004,0.0002,0.0038,0.1001,0.0218,0.0,0.0106,0.0,155.0,0.0,92.0,63.0,82.0,0.0,0.0,0.0,0.0,0.0,0.0,0.0,0.0,0.0,0.0,0.0,0.0,0.0,0.0,0.0,0.0,0.0,0.0,8.0,2.0,1.0
2009,16.88559830000004,0,8.3847,1.8574,2.0654,1.7651,0.1963,0.003,0.0089,0.0002,0.0312,0.0455,0.0023,0.0007,0.0095,0.0001,0.0015,0.002,0.0,0.0001,0.0079,0.0013,0.0007,0.0001,0.0037,0.0877,0.0221,0.0,0.0135,0.0,155.0,0.0,92.0,63.0,82.0,0.0,0.0,0.0,0.0,0.0,0.0,0.0,0.0,0.0,0.0,0.0,0.0,0.0,0.0,0.0,0.0,0.0,0.0,8.0,2.0,1.0
2010,16.89398300000004,0,8.5588,1.7597,2.508,1.7679,0.2149,0.0035,0.0082,0.0004,0.0405,0.0554,0.002,0.0007,0.0104,0.0001,0.0021,0.0016,0.0002,0.0006,0.0082,0.0012,0.0006,0.0001,0.0031,0.0995,0.0244,0.0,0.0145,0.0,155.0,0.0,92.0,63.0,80.0,0.0,0.0,0.0,0.0,0.0,0.0,0.0,0.0,0.0,0.0,0.0,0.0,0.0,0.0,0.0,0.0,0.0,0.0,8.0,2.0,1.0
2011,16.90254180000004,0,8.1078,2.0689,2.0736,1.8652,0.2147,0.0029,0.006,0.0002,0.0335,0.0447,0.0026,0.0009,0.0117,0.0002,0.0015,0.0022,0.0,0.0002,0.0125,0.0019,0.0005,0.0,0.0052,0.0964,0.0237,0.0001,0.0125,0.0,155.0,0.0,92.0,63.0,80.0,0.0,0.0,0.0,0.0,0.0,0.0,0.0,0.0,0.0,0.0,0.0,0.0,0.0,0.0,0.0,0.0,0.0,0.0,8.0,2.0,1.0
2012,16.910649600000042,0,8.2826,2.0526,2.1532,1.8475,0.2038,0.003,0.0068,0.0001,0.043,0.0559,0.0024,0.0006,0.0097,0.0001,0.0015,0.0021,0.0,0.0002,0.0079,0.0013,0.0007,0.0,0.0035,0.0976,0.0211,0.0001,0.0121,0.0,155.0,0.0,92.0,63.0,80.0,0.0,0.0,0.0,0.0,0.0,0.0,0.0,0.0,0.0,0.0,0.0,0.0,0.0,0.0,0.0,0.0,0.0,0.0,8.0,2.0,1.0
2013,16.918932200000043,0,8.2574,1.772,2.0282,1.708,0.1783,0.0028,0.0049,0.0003,0.0325,0.0433,0.0022,0.0006,0.0101,0.0001,0.0019,0.0016,0.0,0.0001,0.008,0.0012,0.0004,0.0001,0.0031,0.0816,0.0214,0.0,0.0129,0.0,155.0,0.0,92.0,63.0,80.0,0.0,0.0,0.0,0.0,0.0,0.0,0.0,0.0,0.0,0.0,0.0,0.0,0.0,0.0,0.0,0.0,0.0,0.0,8.0,2.0,1.0
2014,16.927189600000045,0,8.3921,1.7646,2.1038,1.7801,0.2043,0.0027,0.005,0.0002,0.0526,0.0627,0.0026,0.0008,0.0099,0.0001,0.0013,0.002,0.0001,0.0001,0.0083,0.0015,0.0004,0.0,0.0035,0.1035,0.0209,0.0,0.0128,0.0,155.0,0.0,92.0,63.0,80.0,0.0,0.0,0.0,0.0,0.0,0.0,0.0,0.0,0.0,0.0,0.0,0.0,0.0,0.0,0.0,0.0,0.0,0.0,8.0,2.0,1.0
2015,16.935581700000043,0,8.3083,1.8188,1.988,1.7373,0.1775,0.0027,0.0074,0.0003,0.0336,0.0457,0.0025,0.0007,0.0088,0.0001,0.0016,0.0014,0.0001,0.0002,0.0073,0.0011,0.0004,0.0,0.0032,0.0828,0.0208,0.0001,0.0127,0.0,155.0,0.0,92.0,63.0,84.0,0.0,0.0,0.0,0.0,0.0,0.0,0.0,0.0,0.0,0.0,0.0,0.0,0.0,0.0,0.0,0.0,0.0,0.0,8.0,2.0,1.0
2016,16.943890000000042,0,8.26,2.0286,2.0682,1.7021,0.1805,0.0032,0.0088,0.0002,0.0367,0.0508,0.002,0.0006,0.0083,0.0001,0.0015,0.0014,0.0,0.0001,0.0074,0.0014,0.0004,0.0,0.0033,0.0863,0.0207,0.0,0.0128,0.0,155.0,0.0,92.0,63.0,84.0,0.0,0.0,0.0,0.0,0.0,0.0,0.0,0.0,0.0,0.0,0.0,0.0,0.0,0.0,0.0,0.0,0.0,0.0,8.0,2.0,1.0
2017,16.952150000000042,0,8.3002,1.9005,1.9583,1.7017,0.1989,0.0026,0.0086,0.0001,0.0376,0.0511,0.0024,0.0008,0.0099,0.0002,0.0013,0.002,0.0001,0.0002,0.0079,0.0012,0.0009,0.0001,0.0037,0.094,0.0215,0.0,0.0125,0.0,155.0,0.0,92.0,63.0,84.0,0.0,0.0,0.0,0.0,0.0,0.0,0.0,0.0,0.0,0.0,0.0,0.0,0.0,0.0,0.0,0.0,0.0,0.0,8.0,2.0,1.0
2018,16.960450200000043,0,8.5878,1.8602,2.1406,1.7914,0.1906,0.0031,0.0074,0.0002,0.037,0.0504,0.002,0.0006,0.0099,0.0002,0.0012,0.0019,0.0,0.0001,0.0076,0.0016,0.0005,0.0,0.0031,0.0892,0.0203,0.0001,0.0124,0.0,155.0,0.0,92.0,63.0,84.0,0.0,0.0,0.0,0.0,0.0,0.0,0.0,0.0,0.0,0.0,0.0,0.0,0.0,0.0,0.0,0.0,0.0,0.0,8.0,2.0,1.0
2019,16.969038000000044,0,8.162,1.9503,2.0317,1.7738,0.1746,0.0032,0.0084,0.0001,0.0267,0.0407,0.0018,0.0007,0.0087,0.0001,0.0011,0.0019,0.0,0.0001,0.0082,0.0017,0.0005,0.0001,0.003,0.0777,0.0192,0.0001,0.0134,0.0,155.0,0.0,92.0,63.0,84.0,0.0,0.0,0.0,0.0,0.0,0.0,0.0,0.0,0.0,0.0,0.0,0.0,0.0,0.0,0.0,0.0,0.0,0.0,8.0,2.0,1.0
2020,16.977200000000042,0,8.5176,1.801,2.1931,1.7675,0.2806,0.0038,0.0092,0.0002,0.043,0.0583,0.0021,0.0007,0.01,0.0002,0.0012,0.002,0.0,0.0001,0.0081,0.0016,0.0005,0.0001,0.0036,0.0983,0.0219,0.0001,0.0129,0.0,155.0,0.0,92.0,63.0,84.0,0.0,0.0,0.0,0.0,0.0,0.0,0.0,0.0,0.0,0.0,0.0,0.0,0.0,0.0,0.0,0.0,0.0,0.0,8.0,2.0,1.0
2021,16.985717600000044,0,8.1898,1.7679,2.0871,1.7202,0.1998,0.0034,0.0087,0.0002,0.0332,0.0475,0.0023,0.0008,0.0106,0.0001,0.0019,0.0015,0.0001,0.0003,0.0081,0.0013,0.0005,0.0001,0.0038,0.0905,0.0238,0.0,0.0132,0.0,155.0,0.0,92.0,63.0,84.0,0.0,0.0,0.0,0.0,0.0,0.0,0.0,0.0,0.0,0.0,0.0,0.0,0.0,0.0,0.0,0.0,0.0,0.0,8.0,2.0,1.0
2022,16.993907400000044,0,8.412,1.8133,2.1737,1.7981,0.2652,0.0027,0.008,0.0002,0.0639,0.0773,0.0034,0.0012,0.0154,0.0002,0.0027,0.0019,0.0004,0.0001,0.0089,0.0014,0.0006,0.0001,0.0066,0.1374,0.0362,0.0,0.0129,0.0,155.0,0.0,92.0,63.0,84.0,0.0,0.0,0.0,0.0,0.0,0.0,0.0,0.0,0.0,0.0,0.0,0.0,0.0,0.0,0.0,0.0,0.0,0.0,8.0,2.0,1.0
2023,17.002319400000044,0,8.2602,1.8068,2.0871,1.794,0.1778,0.0026,0.0079,0.0002,0.027,0.04,0.0019,0.001,0.0093,0.0001,0.0017,0.0017,0.0001,0.0001,0.0083,0.0012,0.0005,0.0001,0.0032,0.0791,0.021,0.0001,0.0136,0.0,155.0,0.0,92.0,63.0,84.0,0.0,0.0,0.0,0.0,0.0,0.0,0.0,0.0,0.0,0.0,0.0,0.0,0.0,0.0,0.0,0.0,0.0,0.0,8.0,2.0,1.0
2024,17.010579600000042,0,8.341,1.757,2.035,1.7682,0.2216,0.0029,0.0107,0.0002,0.0492,0.0657,0.0032,0.0008,0.0118,0.0001,0.0014,0.0017,0.0001,0.0001,0.0079,0.0017,0.0005,0.0001,0.0038,0.1105,0.0261,0.0,0.0133,0.0,155.0,0.0,92.0,63.0,84.0,0.0,0.0,0.0,0.0,0.0,0.0,0.0,0.0,0.0,0.0,0.0,0.0,0.0,0.0,0.0,0.0,0.0,0.0,8.0,2.0,1.0
2025,17.018920600000044,0,8.3086,1.8765,2.0481,1.7885,0.1889,0.0026,0.0078,0.0002,0.0357,0.0483,0.0024,0.0009,0.011,0.0007,0.0013,0.0017,0.0006,0.0002,0.0079,0.0012,0.0005,0.0,0.0031,0.0901,0.0189,0.0,0.0129,0.0,155.0,0.0,92.0,63.0,84.0,0.0,0.0,0.0,0.0,0.0,0.0,0.0,0.0,0.0,0.0,0.0,0.0,0.0,0.0,0.0,0.0,0.0,0.0,8.0,2.0,1.0
2026,17.027229200000043,0,8.5117,1.8104,2.1796,1.7442,0.1919,0.0024,0.0085,0.0002,0.0408,0.0537,0.0023,0.0006,0.0092,0.0001,0.0015,0.0014,0.0001,0.0001,0.0072,0.0011,0.0005,0.0001,0.0032,0.0914,0.0201,0.0,0.0122,0.0,155.0,0.0,92.0,63.0,84.0,0.0,0.0,0.0,0.0,0.0,0.0,0.0,0.0,0.0,0.0,0.0,0.0,0.0,0.0,0.0,0.0,0.0,0.0,8.0,2.0,1.0
2027,17.035740900000043,0,8.1487,2.0158,2.1205,1.8814,0.2066,0.0031,0.0099,0.0002,0.0361,0.052,0.0028,0.0008,0.0108,0.0001,0.0014,0.0019,0.0001,0.0001,0.0077,0.0012,0.0009,0.0001,0.0031,0.0926,0.0249,0.0,0.0126,0.0,155.0,0.0,92.0,63.0,84.0,0.0,0.0,0.0,0.0,0.0,0.0,0.0,0.0,0.0,0.0,0.0,0.0,0.0,0.0,0.0,0.0,0.0,0.0,8.0,2.0,1.0
2028,17.043889600000043,0,8.2914,2.1632,2.0519,1.7623,0.1942,0.0047,0.0098,0.0002,0.0321,0.0487,0.0019,0.0009,0.0091,0.0001,0.0016,0.0013,0.0001,0.0001,0.0077,0.0016,0.0005,0.0,0.003,0.0856,0.0192,0.0,0.0138,0.0,155.0,0.0,92.0,63.0,84.0,0.0,0.0,0.0,0.0,0.0,0.0,0.0,0.0,0.0,0.0,0.0,0.0,0.0,0.0,0.0,0.0,0.0,0.0,8.0,2.0,1.0
2029,17.052181000000044,0,8.3993,1.7771,2.0378,1.8063,0.2135,0.003,0.0073,0.0002,0.029,0.0417,0.0024,0.0008,0.0118,0.0002,0.0016,0.0024,0.0002,0.0002,0.0113,0.0018,0.0005,0.0001,0.0048,0.0941,0.0242,0.0,0.012,0.0,155.0,0.0,92.0,63.0,84.0,0.0,0.0,0.0,0.0,0.0,0.0,0.0,0.0,0.0,0.0,0.0,0.0,0.0,0.0,0.0,0.0,0.0,0.0,8.0,2.0,1.0
2030,17.060580300000044,0,8.4632,1.7063,2.1673,1.8128,0.2029,0.0033,0.0098,0.0002,0.0412,0.0569,0.0021,0.0006,0.0096,0.0001,0.0015,0.0015,0.0001,0.0004,0.0074,0.0012,0.0004,0.0001,0.0032,0.095,0.0217,0.0001,0.0129,0.0,155.0,0.0,92.0,63.0,84.0,0.0,0.0,0.0,0.0,0.0,0.0,0.0,0.0,0.0,0.0,0.0,0.0,0.0,0.0,0.0,0.0,0.0,0.0,8.0,2.0,1.0
2031,17.069043500000046,0,8.1794,1.7439,2.0965,1.8377,0.2029,0.003,0.0073,0.0002,0.0316,0.0447,0.0025,0.0006,0.0092,0.0001,0.0015,0.0013,0.0001,0.0001,0.008,0.0012,0.0005,0.0,0.0031,0.0836,0.0219,0.0,0.0135,0.0,155.0,0.0,92.0,63.0,84.0,0.0,0.0,0.0,0.0,0.0,0.0,0.0,0.0,0.0,0.0,0.0,0.0,0.0,0.0,0.0,0.0,0.0,0.0,8.0,2.0,1.0
2032,17.077222900000045,0,8.5057,1.6973,2.197,1.7227,0.2052,0.0034,0.0084,0.0001,0.0444,0.0586,0.0023,0.0007,0.0101,0.0001,0.0013,0.002,0.0001,0.0001,0.0079,0.0012,0.0008,0.0001,0.0036,0.1017,0.0212,0.0,0.0137,0.0,155.0,0.0,92.0,63.0,84.0,0.0,0.0,0.0,0.0,0.0,0.0,0.0,0.0,0.0,0.0,0.0,0.0,0.0,0.0,0.0,0.0,0.0,0.0,8.0,2.0,1.0
2033,17.085728600000046,0,8.073,1.8756,2.0398,1.7664,0.1912,0.0033,0.009,0.0002,0.0313,0.0455,0.0024,0.0006,0.0099,0.0001,0.0014,0.002,0.0,0.0001,0.0079,0.0012,0.0009,0.0,0.0036,0.0872,0.0199,0.0,0.0128,0.0,155.0,0.0,92.0,63.0,84.0,0.0,0.0,0.0,0.0,0.0,0.0,0.0,0.0,0.0,0.0,0.0,0.0,0.0,0.0,0.0,0.0,0.0,0.0,8.0,2.0,1.0
2034,17.093801600000045,0,8.5327,1.8165,2.0973,1.7565,0.2204,0.0035,0.0078,0.0001,0.0376,0.0516,0.0019,0.0007,0.0097,0.0001,0.0017,0.0015,0.0001,0.0001,0.0075,0.0011,0.0004,0.0,0.0032,0.0904,0.0237,0.0,0.0121,0.0,155.0,0.0,92.0,63.0,84.0,0.0,0.0,0.0,0.0,0.0,0.0,0.0,0.0,0.0,0.0,0.0,0.0,0.0,0.0,0.0,0.0,0.0,0.0,8.0,2.0,1.0
2035,17.102334300000045,0,8.1667,1.8861,2.0031,1.7882,0.1744,0.0029,0.0081,0.0002,0.0311,0.0445,0.002,0.0008,0.009,0.0001,0.0014,0.0014,0.0001,0.0001,0.0076,0.0012,0.0005,0.0001,0.0031,0.0805,0.0199,0.0001,0.0118,0.0,155.0,0.0,92.0,63.0,84.0,0.0,0.0,0.0,0.0,0.0,0.0,0.0,0.0,0.0,0.0,0.0,0.0,0.0,0.0,0.0,0.0,0.0,0.0,8.0,2.0,1.0
2036,17.110501000000045,0,8.4857,1.7602,2.1094,1.787,0.2128,0.0043,0.0093,0.0002,0.0428,0.0589,0.0025,0.0006,0.0099,0.0002,0.0014,0.0018,0.0001,0.0002,0.008,0.0012,0.0009,0.0,0.0038,0.1017,0.0246,0.0,0.0134,0.0,155.0,0.0,92.0,63.0,84.0,0.0,0.0,0.0,0.0,0.0,0.0,0.0,0.0,0.0,0.0,0.0,0.0,0.0,0.0,0.0,0.0,0.0,0.0,8.0,2.0,1.0
2037,17.118986700000047,0,8.1221,2.1118,1.998,1.6958,0.1661,0.0026,0.0079,0.0002,0.0279,0.0406,0.0019,0.0009,0.0091,0.0002,0.0012,0.0018,0.0001,0.0002,0.0073,0.0011,0.0007,0.0001,0.0031,0.0766,0.0161,0.0001,0.0144,0.0,155.0,0.0,92.0,63.0,84.0,0.0,0.0,0.0,0.0,0.0,0.0,0.0,0.0,0.0,0.0,0.0,0.0,0.0,0.0,0.0,0.0,0.0,0.0,8.0,2.0,1.0
2038,17.127108800000048,0,8.4866,1.9099,2.1382,1.719,0.2641,0.0028,0.008,0.0002,0.0532,0.0676,0.0035,0.0014,0.0165,0.0002,0.0027,0.0024,0.0002,0.0002,0.0105,0.0019,0.0006,0.0001,0.0075,0.1347,0.0394,0.0,0.0122,0.0,155.0,0.0,92.0,63.0,84.0,0.0,0.0,0.0,0.0,0.0,0.0,0.0,0.0,0.0,0.0,0.0,0.0,0.0,0.0,0.0,0.0,0.0,0.0,8.0,2.0,1.0
2039,17.13559540000005,0,8.2135,1.808,1.9446,1.6873,0.198,0.0037,0.0112,0.0002,0.0323,0.0496,0.0023,0.0008,0.0104,0.0001,0.0015,0.0021,0.0002,0.0001,0.008,0.0014,0.0007,0.0001,0.0037,0.0923,0.0205,0.0,0.0132,0.0,155.0,0.0,92.0,63.0,84.0,0.0,0.0,0.0,0.0,0.0,0.0,0.0,0.0,0.0,0.0,0.0,0.0,0.0,0.0,0.0,0.0,0.0,0.0,8.0,2.0,1.0
2040,17.14380890000005,0,8.3495,1.8643,1.9875,1.6945,0.1827,0.0026,0.0074,0.0003,0.0357,0.0475,0.0019,0.0006,0.0097,0.0001,0.0014,0.0019,0.0001,0.0002,0.0075,0.0013,0.0005,0.0001,0.0032,0.0857,0.0233,0.0001,0.012,0.0,155.0,0.0,92.0,63.0,84.0,0.0,0.0,0.0,0.0,0.0,0.0,0.0,0.0,0.0,0.0,0.0,0.0,0.0,0.0,0.0,0.0,0.0,0.0,8.0,2.0,1.0
2041,17.15215840000005,0,8.3816,1.8958,1.9971,1.6927,0.199,0.003,0.0087,0.0002,0.0344,0.0486,0.0024,0.0012,0.0106,0.0001,0.0018,0.0014,0.0001,0.0004,0.0079,0.0013,0.0004,0.0001,0.0038,0.0909,0.0222,0.0,0.0134,0.0,155.0,0.0,92.0,63.0,84.0,0.0,0.0,0.0,0.0,0.0,0.0,0.0,0.0,0.0,0.0,0.0,0.0,0.0,0.0,0.0,0.0,0.0,0.0,8.0,2.0,1.0
2042,17.16054000000005,0,8.4433,1.8465,2.1689,1.8201,0.2104,0.0035,0.0094,0.0001,0.0445,0.06,0.0026,0.0009,0.0102,0.0002,0.0013,0.0022,0.0001,0.0001,0.0071,0.0013,0.0005,0.0,0.0038,0.1017,0.0211,0.0,0.0105,0.0,155.0,0.0,92.0,63.0,84.0,0.0,0.0,0.0,0.0,0.0,0.0,0.0,0.0,0.0,0.0,0.0,0.0,0.0,0.0,0.0,0.0,0.0,0.0,8.0,2.0,1.0
2043,17.16898330000005,0,8.3641,1.9353,2.0523,1.8249,0.1748,0.003,0.0079,0.0001,0.0266,0.0399,0.0021,0.0005,0.0097,0.0001,0.0013,0.002,0.0001,0.0001,0.0081,0.0012,0.0009,0.0001,0.0029,0.0796,0.0199,0.0,0.0124,0.0,155.0,0.0,92.0,63.0,84.0,0.0,0.0,0.0,0.0,0.0,0.0,0.0,0.0,0.0,0.0,0.0,0.0,0.0,0.0,0.0,0.0,0.0,0.0,8.0,2.0,1.0
2044,17.177347400000052,0,8.2617,1.9087,2.2467,1.7858,0.1974,0.0031,0.0079,0.0003,0.0417,0.0559,0.002,0.0006,0.0086,0.0001,0.0018,0.0015,0.0001,0.0001,0.0075,0.0014,0.0005,0.0001,0.0033,0.094,0.0205,0.0,0.0122,0.0,155.0,0.0,92.0,63.0,84.0,0.0,0.0,0.0,0.0,0.0,0.0,0.0,0.0,0.0,0.0,0.0,0.0,0.0,0.0,0.0,0.0,0.0,0.0,8.0,2.0,1.0
2045,17.18560910000005,0,8.395,1.763,2.102,1.7175,0.2169,0.0032,0.0082,0.0002,0.0323,0.0459,0.0027,0.0006,0.01,0.0001,0.0013,0.0019,0.0001,0.0001,0.0075,0.0012,0.0005,0.0,0.0032,0.0856,0.0239,0.0,0.0131,0.0,155.0,0.0,92.0,63.0,84.0,0.0,0.0,0.0,0.0,0.0,0.0,0.0,0.0,0.0,0.0,0.0,0.0,0.0,0.0,0.0,0.0,0.0,0.0,8.0,2.0,1.0
2046,17.19400410000005,0,8.2888,1.7645,2.1183,1.7847,0.1952,0.0027,0.0083,0.0002,0.0448,0.0578,0.0019,0.0007,0.0086,0.0002,0.0018,0.0015,0.0,0.0006,0.0079,0.0013,0.0005,0.0001,0.0032,0.0955,0.0217,0.0,0.0126,0.0,155.0,0.0,92.0,63.0,84.0,0.0,0.0,0.0,0.0,0.0,0.0,0.0,0.0,0.0,0.0,0.0,0.0,0.0,0.0,0.0,0.0,0.0,0.0,8.0,2.0,1.0
2047,17.20229290000005,0,8.3135,1.7197,2.1505,1.7268,0.1893,0.0026,0.008,0.0001,0.0286,0.0417,0.002,0.0007,0.0092,0.0001,0.0014,0.0021,0.0,0.0001,0.0076,0.0011,0.0005,0.0,0.0033,0.081,0.0313,0.0,0.0127,0.0,155.0,0.0,92.0,63.0,84.0,0.0,0.0,0.0,0.0,0.0,0.0,0.0,0.0,0.0,0.0,0.0,0.0,0.0,0.0,0.0,0.0,0.0,0.0,8.0,2.0,1.0
2048,17.21060640000005,0,8.2389,1.711,2.0734,1.6557,0.1974,0.0031,0.0086,0.0002,0.0375,0.0517,0.0019,0.0008,0.0093,0.0007,0.0012,0.0015,0.0,0.0003,0.008,0.0012,0.0004,0.0,0.0037,0.0924,0.0219,0.0001,0.0129,0.0,155.0,0.0,92.0,63.0,84.0,0.0,0.0,0.0,0.0,0.0,0.0,0.0,0.0,0.0,0.0,0.0,0.0,0.0,0.0,0.0,0.0,0.0,0.0,8.0,2.0,1.0
2049,17.218845300000048,0,8.5873,1.9334,2.0132,1.7381,0.1908,0.0036,0.008,0.0002,0.0374,0.0521,0.0026,0.0009,0.0103,0.0001,0.0011,0.0022,0.0001,0.0003,0.0077,0.0011,0.0009,0.0,0.0032,0.0926,0.0213,0.0,0.0135,0.0,155.0,0.0,92.0,63.0,84.0,0.0,0.0,0.0,0.0,0.0,0.0,0.0,0.0,0.0,0.0,0.0,0.0,0.0,0.0,0.0,0.0,0.0,0.0,8.0,2.0,1.0
2050,17.227432600000046,0,8.2969,1.9771,2.4045,1.7363,0.1956,0.0027,0.0075,0.0004,0.039,0.0518,0.002,0.0007,0.0103,0.0001,0.0012,0.0019,0.0,0.0001,0.0081,0.0018,0.0005,0.0,0.0032,0.0927,0.021,0.0,0.0117,0.0,155.0,0.0,92.0,63.0,84.0,0.0,0.0,0.0,0.0,0.0,0.0,0.0,0.0,0.0,0.0,0.0,0.0,0.0,0.0,0.0,0.0,0.0,0.0,8.0,2.0,1.0
2051,17.235729500000048,0,8.2058,1.7746,2.0847,1.8432,0.1761,0.0028,0.0075,0.0002,0.031,0.044,0.0023,0.0007,0.009,0.0002,0.0018,0.0014,0.0,0.0002,0.0079,0.0011,0.0004,0.0,0.0031,0.0828,0.0164,0.0001,0.0127,0.0,155.0,0.0,92.0,63.0,84.0,0.0,0.0,0.0,0.0,0.0,0.0,0.0,0.0,0.0,0.0,0.0,0.0,0.0,0.0,0.0,0.0,0.0,0.0,8.0,2.0,1.0
2052,17.243935300000047,0,8.3561,1.7043,2.1236,1.8795,0.1998,0.003,0.0077,0.0002,0.0502,0.0633,0.0023,0.0011,0.0101,0.0001,0.0019,0.0013,0.0,0.0001,0.0076,0.0015,0.0004,0.0001,0.0032,0.1027,0.02,0.0,0.0136,0.0,155.0,0.0,92.0,63.0,84.0,0.0,0.0,0.0,0.0,0.0,0.0,0.0,0.0,0.0,0.0,0.0,0.0,0.0,0.0,0.0,0.0,0.0,0.0,8.0,2.0,1.0
2053,17.252291400000047,0,8.2635,1.7536,2.0864,1.7925,0.2088,0.0033,0.0079,0.0002,0.0322,0.0457,0.002,0.0008,0.0094,0.0001,0.0013,0.0016,0.0001,0.0001,0.0076,0.0017,0.0005,0.0001,0.0032,0.0831,0.0197,0.0,0.0126,0.0,155.0,0.0,92.0,63.0,84.0,0.0,0.0,0.0,0.0,0.0,0.0,0.0,0.0,0.0,0.0,0.0,0.0,0.0,0.0,0.0,0.0,0.0,0.0,8.0,2.0,1.0
2054,17.26055490000005,0,8.3724,1.7425,2.0499,1.7061,0.1845,0.0027,0.0084,0.0002,0.0371,0.0507,0.0017,0.0006,0.0088,0.0001,0.0014,0.0012,0.0,0.0001,0.0085,0.0013,0.0005,0.0,0.0033,0.0889,0.0203,0.0,0.0123,0.0,155.0,0.0,92.0,63.0,84.0,0.0,0.0,0.0,0.0,0.0,0.0,0.0,0.0,0.0,0.0,0.0,0.0,0.0,0.0,0.0,0.0,0.0,0.0,8.0,2.0,1.0
2055,17.268927300000048,0,8.4619,2.0759,2.1292,1.6867,0.1893,0.0035,0.008,0.0002,0.0299,0.0439,0.0019,0.0009,0.0091,0.0001,0.0019,0.0014,0.0,0.0001,0.0081,0.0012,0.0004,0.0002,0.0034,0.084,0.0215,0.0001,0.0131,0.0,155.0,0.0,92.0,63.0,84.0,0.0,0.0,0.0,0.0,0.0,0.0,0.0,0.0,0.0,0.0,0.0,0.0,0.0,0.0,0.0,0.0,0.0,0.0,8.0,2.0,1.0
2056,17.277389200000048,0,8.4758,2.0123,2.4043,1.869,0.1876,0.0029,0.0079,0.0002,0.0404,0.0534,0.0019,0.0006,0.0095,0.0001,0.0018,0.0013,0.0,0.0001,0.008,0.0015,0.0004,0.0001,0.0031,0.092,0.0197,0.0,0.0125,0.0,155.0,0.0,92.0,63.0,84.0,0.0,0.0,0.0,0.0,0.0,0.0,0.0,0.0,0.0,0.0,0.0,0.0,0.0,0.0,0.0,0.0,0.0,0.0,8.0,2.0,1.0
2057,17.285865000000047,0,8.1487,2.0,2.2578,1.8358,0.1782,0.0028,0.008,0.0002,0.0291,0.0433,0.0019,0.001,0.01,0.0001,0.0017,0.0014,0.0,0.0001,0.0076,0.0015,0.0005,0.0001,0.0031,0.0824,0.0173,0.0,0.0133,0.0,155.0,0.0,92.0,63.0,84.0,0.0,0.0,0.0,0.0,0.0,0.0,0.0,0.0,0.0,0.0,0.0,0.0,0.0,0.0,0.0,0.0,0.0,0.0,8.0,2.0,1.0
2058,17.294013700000047,0,8.3866,1.8373,2.0891,1.781,0.1885,0.0026,0.0084,0.0002,0.04,0.0541,0.0023,0.0007,0.0108,0.0001,0.0017,0.0013,0.0001,0.0002,0.0072,0.0017,0.0004,0.0001,0.0032,0.0937,0.0203,0.0,0.0127,0.0,155.0,0.0,92.0,63.0,84.0,0.0,0.0,0.0,0.0,0.0,0.0,0.0,0.0,0.0,0.0,0.0,0.0,0.0,0.0,0.0,0.0,0.0,0.0,8.0,2.0,1.0
2059,17.30240030000005,0,8.1763,2.156,2.1912,1.8112,0.1883,0.0025,0.0073,0.0001,0.0313,0.0432,0.0018,0.0006,0.0095,0.0002,0.0013,0.0019,0.0001,0.0001,0.0082,0.0016,0.0004,0.0,0.0031,0.0827,0.0286,0.0,0.0126,0.0,155.0,0.0,92.0,63.0,84.0,0.0,0.0,0.0,0.0,0.0,0.0,0.0,0.0,0.0,0.0,0.0,0.0,0.0,0.0,0.0,0.0,0.0,0.0,8.0,2.0,1.0
2060,17.310576600000047,0,8.4334,1.8694,2.0309,1.7059,0.2002,0.0029,0.0081,0.0003,0.0464,0.0593,0.0022,0.0007,0.0101,0.0001,0.0014,0.0013,0.0001,0.0001,0.0078,0.0013,0.0004,0.0001,0.0039,0.0992,0.0233,0.0,0.013,0.0,155.0,0.0,92.0,63.0,84.0,0.0,0.0,0.0,0.0,0.0,0.0,0.0,0.0,0.0,0.0,0.0,0.0,0.0,0.0,0.0,0.0,0.0,0.0,8.0,2.0,1.0
2061,17.31901000000005,0,8.2926,1.8291,2.1778,1.754,0.1855,0.0028,0.0085,0.0001,0.0329,0.0465,0.0019,0.0006,0.0091,0.0001,0.0018,0.0015,0.0001,0.0006,0.008,0.001,0.0005,0.0,0.0032,0.0851,0.0227,0.0,0.0123,0.0,155.0,0.0,92.0,63.0,84.0,0.0,0.0,0.0,0.0,0.0,0.0,0.0,0.0,0.0,0.0,0.0,0.0,0.0,0.0,0.0,0.0,0.0,0.0,8.0,2.0,1.0
2062,17.32730260000005,0,8.3531,1.84,2.2316,1.7202,0.2037,0.0025,0.0077,0.0002,0.0426,0.0563,0.002,0.0007,0.0089,0.0001,0.0019,0.0015,0.0001,0.0001,0.0076,0.0011,0.0004,0.0,0.0036,0.0947,0.0209,0.0,0.0129,0.0,155.0,0.0,92.0,63.0,84.0,0.0,0.0,0.0,0.0,0.0,0.0,0.0,0.0,0.0,0.0,0.0,0.0,0.0,0.0,0.0,0.0,0.0,0.0,8.0,2.0,1.0
2063,17.33565570000005,0,8.2745,2.0268,2.007,1.8588,0.1873,0.0026,0.0074,0.0002,0.0319,0.0439,0.0027,0.0008,0.0138,0.0001,0.0015,0.0019,0.0,0.0003,0.0109,0.0015,0.0009,0.0001,0.0046,0.0918,0.0188,0.0001,0.0134,0.0,155.0,0.0,92.0,63.0,84.0,0.0,0.0,0.0,0.0,0.0,0.0,0.0,0.0,0.0,0.0,0.0,0.0,0.0,0.0,0.0,0.0,0.0,0.0,8.0,2.0,1.0
2064,17.34393020000005,0,8.3669,2.0276,2.1715,1.8014,0.275,0.0039,0.01,0.0002,0.058,0.0751,0.0034,0.0011,0.0166,0.0002,0.0026,0.002,0.0002,0.0001,0.0099,0.0016,0.0004,0.0001,0.0079,0.145,0.0379,0.0001,0.0118,0.0,155.0,0.0,92.0,63.0,84.0,0.0,0.0,0.0,0.0,0.0,0.0,0.0,0.0,0.0,0.0,0.0,0.0,0.0,0.0,0.0,0.0,0.0,0.0,8.0,2.0,1.0
2065,17.352297100000047,0,8.4341,1.8379,2.1808,1.7996,0.2007,0.0039,0.0089,0.0002,0.027,0.042,0.0022,0.001,0.0106,0.0001,0.0016,0.0022,0.0001,0.0001,0.0083,0.0013,0.0005,0.0001,0.0037,0.0877,0.0226,0.0,0.0121,0.0,155.0,0.0,92.0,63.0,84.0,0.0,0.0,0.0,0.0,0.0,0.0,0.0,0.0,0.0,0.0,0.0,0.0,0.0,0.0,0.0,0.0,0.0,0.0,8.0,2.0,1.0
2066,17.360731200000046,0,8.4504,1.7994,2.2983,1.7748,0.2231,0.0029,0.0083,0.0002,0.0529,0.0666,0.0025,0.0015,0.0126,0.0001,0.0019,0.0017,0.0004,0.0002,0.0084,0.0013,0.0008,0.0001,0.0039,0.1139,0.023,0.0,0.013,0.0,155.0,0.0,92.0,63.0,84.0,0.0,0.0,0.0,0.0,0.0,0.0,0.0,0.0,0.0,0.0,0.0,0.0,0.0,0.0,0.0,0.0,0.0,0.0,8.0,2.0,1.0
2067,17.369181600000047,0,8.2065,2.0365,2.2557,1.7583,0.1963,0.0029,0.0088,0.0003,0.0318,0.0463,0.002,0.001,0.0113,0.0002,0.0018,0.0017,0.0001,0.0001,0.008,0.0013,0.0004,0.0001,0.0032,0.0884,0.0226,0.0,0.0122,0.0,155.0,0.0,92.0,63.0,84.0,0.0,0.0,0.0,0.0,0.0,0.0,0.0,0.0,0.0,0.0,0.0,0.0,0.0,0.0,0.0,0.0,0.0,0.0,8.0,2.0,1.0
2068,17.377388100000047,0,8.3175,1.9853,2.2401,1.8784,0.1894,0.0028,0.0074,0.0002,0.0379,0.0515,0.002,0.0009,0.0095,0.0001,0.0014,0.0015,0.0,0.0001,0.0077,0.0015,0.0004,0.0,0.0034,0.0898,0.0197,0.0,0.0126,0.0,155.0,0.0,92.0,63.0,84.0,0.0,0.0,0.0,0.0,0.0,0.0,0.0,0.0,0.0,0.0,0.0,0.0,0.0,0.0,0.0,0.0,0.0,0.0,8.0,2.0,1.0
2069,17.385705600000048,0,8.2389,1.8709,2.0508,1.7792,0.1944,0.0029,0.007,0.0001,0.0392,0.0519,0.0022,0.0007,0.0112,0.0002,0.0019,0.0016,0.0002,0.0005,0.0078,0.0012,0.0004,0.0001,0.0041,0.0959,0.0219,0.0,0.0112,0.0,155.0,0.0,92.0,63.0,84.0,0.0,0.0,0.0,0.0,0.0,0.0,0.0,0.0,0.0,0.0,0.0,0.0,0.0,0.0,0.0,0.0,0.0,0.0,8.0,2.0,1.0
2070,17.393944500000046,0,8.3827,1.8834,2.1993,1.8652,0.1936,0.0027,0.0078,0.0002,0.039,0.0514,0.0021,0.0006,0.0098,0.0002,0.0014,0.0021,0.0001,0.0001,0.0081,0.0017,0.0005,0.0,0.0031,0.0919,0.0232,0.0,0.0165,0.0,155.0,0.0,92.0,63.0,84.0,0.0,0.0,0.0,0.0,0.0,0.0,0.0,0.0,0.0,0.0,0.0,0.0,0.0,0.0,0.0,0.0,0.0,0.0,8.0,2.0,1.0
2071,17.402327200000045,0,8.213,1.9887,2.0139,1.9351,0.1857,0.0028,0.0059,0.0001,0.0318,0.0425,0.0019,0.0005,0.0098,0.0001,0.0012,0.0015,0.0001,0.0001,0.0069,0.0011,0.0004,0.0001,0.0031,0.08,0.0302,0.0001,0.012,0.0,155.0,0.0,92.0,63.0,84.0,0.0,0.0,0.0,0.0,0.0,0.0,0.0,0.0,0.0,0.0,0.0,0.0,0.0,0.0,0.0,0.0,0.0,0.0,8.0,2.0,1.0
2072,17.410540200000046,0,8.5761,1.8843,2.1856,1.7362,0.2082,0.0028,0.0088,0.0003,0.0461,0.0598,0.0023,0.0007,0.0102,0.0001,0.0011,0.002,0.0,0.0001,0.0079,0.0017,0.0005,0.0001,0.0037,0.1017,0.021,0.0,0.0126,0.0,155.0,0.0,92.0,63.0,84.0,0.0,0.0,0.0,0.0,0.0,0.0,0.0,0.0,0.0,0.0,0.0,0.0,0.0,0.0,0.0,0.0,0.0,0.0,8.0,2.0,1.0
2073,17.419116300000045,0,8.4322,1.8455,2.4096,1.8844,0.1956,0.0029,0.0084,0.0002,0.034,0.0476,0.0025,0.0008,0.0109,0.0002,0.0018,0.0017,0.0001,0.0001,0.0086,0.0012,0.0005,0.0,0.0032,0.0888,0.0196,0.0,0.0155,0.0,155.0,0.0,92.0,63.0,84.0,0.0,0.0,0.0,0.0,0.0,0.0,0.0,0.0,0.0,0.0,0.0,0.0,0.0,0.0,0.0,0.0,0.0,0.0,8.0,2.0,1.0
2074,17.427548500000047,0,8.202,1.8792,2.2188,1.8475,0.1942,0.0028,0.0079,0.0002,0.0368,0.0497,0.002,0.0007,0.0098,0.0001,0.002,0.0015,0.0001,0.0003,0.008,0.0012,0.0004,0.0001,0.0036,0.093,0.0192,0.0001,0.0126,0.0,155.0,0.0,92.0,63.0,84.0,0.0,0.0,0.0,0.0,0.0,0.0,0.0,0.0,0.0,0.0,0.0,0.0,0.0,0.0,0.0,0.0,0.0,0.0,8.0,2.0,1.0
2075,17.435750500000047,0,8.3055,1.8681,2.2562,1.8708,0.1895,0.0028,0.008,0.0002,0.0351,0.0492,0.0023,0.0006,0.0095,0.0001,0.0014,0.002,0.0001,0.0001,0.0077,0.0011,0.0008,0.0001,0.0032,0.0884,0.0199,0.0,0.0108,0.0,155.0,0.0,92.0,63.0,84.0,0.0,0.0,0.0,0.0,0.0,0.0,0.0,0.0,0.0,0.0,0.0,0.0,0.0,0.0,0.0,0.0,0.0,0.0,8.0,2.0,1.0
2076,17.444056000000046,0,8.4663,2.2291,2.267,1.852,0.1936,0.0031,0.0076,0.0002,0.0416,0.0549,0.0026,0.0007,0.0103,0.0001,0.0013,0.0017,0.0001,0.0001,0.0079,0.0015,0.0005,0.0001,0.0031,0.0959,0.0177,0.0,0.012,0.0,155.0,0.0,92.0,63.0,84.0,0.0,0.0,0.0,0.0,0.0,0.0,0.0,0.0,0.0,0.0,0.0,0.0,0.0,0.0,0.0,0.0,0.0,0.0,8.0,2.0,1.0
2077,17.452522300000044,0,8.0709,2.1273,2.1808,1.8383,0.1772,0.0026,0.0091,0.0003,0.0257,0.0403,0.002,0.0005,0.0096,0.0001,0.0013,0.0016,0.0,0.0002,0.0078,0.001,0.0005,0.0001,0.0032,0.0786,0.0234,0.0,0.0134,0.0,155.0,0.0,92.0,63.0,84.0,0.0,0.0,0.0,0.0,0.0,0.0,0.0,0.0,0.0,0.0,0.0,0.0,0.0,0.0,0.0,0.0,0.0,0.0,8.0,2.0,1.0
2078,17.460593200000044,0,8.3473,1.9093,2.0895,1.7931,0.1837,0.0027,0.0077,0.0001,0.0382,0.0502,0.0018,0.0007,0.0091,0.0002,0.0012,0.0012,0.0001,0.0002,0.0076,0.0016,0.0005,0.0001,0.0035,0.0872,0.0232,0.0,0.0117,0.0,155.0,0.0,92.0,63.0,84.0,0.0,0.0,0.0,0.0,0.0,0.0,0.0,0.0,0.0,0.0,0.0,0.0,0.0,0.0,0.0,0.0,0.0,0.0,8.0,2.0,1.0
2079,17.468940500000045,0,8.3299,1.9427,2.1013,1.7685,0.1826,0.0029,0.0074,0.0002,0.0307,0.0432,0.0023,0.0006,0.0092,0.0001,0.0016,0.0014,0.0001,0.0001,0.0081,0.0011,0.0004,0.0,0.0037,0.0821,0.021,0.0,0.0126,0.0,155.0,0.0,92.0,63.0,84.0,0.0,0.0,0.0,0.0,0.0,0.0,0.0,0.0,0.0,0.0,0.0,0.0,0.0,0.0,0.0,0.0,0.0,0.0,8.0,2.0,1.0
2080,17.477270400000045,0,8.4293,1.8667,2.1701,1.8837,0.1894,0.0027,0.0079,0.0002,0.0366,0.0495,0.0024,0.0006,0.0101,0.0002,0.0012,0.0019,0.0001,0.0001,0.0081,0.0016,0.0005,0.0,0.0033,0.0886,0.0215,0.0,0.0178,0.0,155.0,0.0,92.0,63.0,84.0,0.0,0.0,0.0,0.0,0.0,0.0,0.0,0.0,0.0,0.0,0.0,0.0,0.0,0.0,0.0,0.0,0.0,0.0,8.0,2.0,1.0
2081,17.485699700000044,0,8.2671,1.8376,2.0892,1.7895,0.207,0.0026,0.006,0.0002,0.0418,0.0738,0.002,0.0007,0.0068,0.0001,0.0012,0.0013,0.0005,0.0002,0.0081,0.001,0.0004,0.0002,0.0031,0.1114,0.0211,0.0001,0.0142,0.0,155.0,0.0,92.0,63.0,84.0,0.0,0.0,0.0,0.0,0.0,0.0,0.0,0.0,0.0,0.0,0.0,0.0,0.0,0.0,0.0,0.0,0.0,0.0,8.0,2.0,1.0
2082,17.493966800000045,0,8.7609,1.9158,2.4908,1.8,0.1953,0.003,0.0082,0.0003,0.0392,0.0527,0.002,0.0005,0.0107,0.0002,0.0019,0.0014,0.0,0.0001,0.0081,0.0012,0.0005,0.0001,0.0033,0.0948,0.0207,0.0001,0.0124,0.0,155.0,0.0,92.0,63.0,84.0,0.0,0.0,0.0,0.0,0.0,0.0,0.0,0.0,0.0,0.0,0.0,0.0,0.0,0.0,0.0,0.0,0.0,0.0,8.0,2.0,1.0
2083,17.502727700000044,0,8.0656,1.8608,2.3921,1.871,0.2231,0.0036,0.0092,0.0003,0.0381,0.0537,0.0023,0.0009,0.0107,0.0001,0.0021,0.0019,0.0001,0.0006,0.0087,0.0014,0.0004,0.0002,0.0039,0.1007,0.0206,0.0,0.0123,0.0,155.0,0.0,92.0,63.0,84.0,0.0,0.0,0.0,0.0,0.0,0.0,0.0,0.0,0.0,0.0,0.0,0.0,0.0,0.0,0.0,0.0,0.0,0.0,8.0,2.0,1.0
2084,17.510793300000042,0,8.5722,2.1207,2.4068,1.9192,0.224,0.003,0.0098,0.0002,0.0453,0.0609,0.0023,0.0014,0.0113,0.0001,0.0014,0.0016,0.0001,0.0001,0.0082,0.0013,0.001,0.0,0.0038,0.1058,0.0257,0.0,0.0128,0.0,155.0,0.0,92.0,63.0,84.0,0.0,0.0,0.0,0.0,0.0,0.0,0.0,0.0,0.0,0.0,0.0,0.0,0.0,0.0,0.0,0.0,0.0,0.0,8.0,2.0,1.0
2085,17.519365500000042,0,8.3535,2.012,2.5087,1.9578,0.1998,0.0029,0.0089,0.0003,0.0279,0.0429,0.002,0.0014,0.0115,0.0006,0.0016,0.0023,0.0001,0.0001,0.0078,0.0012,0.0004,0.0001,0.0033,0.0858,0.0231,0.0,0.0139,0.0,155.0,0.0,92.0,63.0,84.0,0.0,0.0,0.0,0.0,0.0,0.0,0.0,0.0,0.0,0.0,0.0,0.0,0.0,0.0,0.0,0.0,0.0,0.0,8.0,2.0,1.0
2086,17.52771900000004,0,8.1226,2.1251,2.4606,1.9205,0.2156,0.0033,0.0086,0.0002,0.043,0.0573,0.0029,0.0008,0.0124,0.0002,0.0021,0.0017,0.0001,0.0003,0.0085,0.0014,0.0005,0.0,0.0038,0.1034,0.0242,0.0,0.0133,0.0,155.0,0.0,92.0,63.0,84.0,0.0,0.0,0.0,0.0,0.0,0.0,0.0,0.0,0.0,0.0,0.0,0.0,0.0,0.0,0.0,0.0,0.0,0.0,8.0,2.0,1.0
2087,17.53584160000004,0,8.5199,2.0004,2.398,1.8574,0.2139,0.0044,0.0114,0.0003,0.0299,0.0486,0.0021,0.0013,0.0105,0.0001,0.002,0.0023,0.0001,0.0001,0.008,0.0013,0.001,0.0001,0.0032,0.0921,0.0254,0.0,0.0128,0.0,155.0,0.0,92.0,63.0,84.0,0.0,0.0,0.0,0.0,0.0,0.0,0.0,0.0,0.0,0.0,0.0,0.0,0.0,0.0,0.0,0.0,0.0,0.0,8.0,2.0,1.0
2088,17.54436150000004,0,8.1712,2.0595,2.4951,1.8555,0.213,0.0032,0.0087,0.0002,0.0431,0.0579,0.0022,0.0008,0.0102,0.0001,0.0016,0.0016,0.0007,0.0001,0.0078,0.0012,0.0004,0.0,0.0031,0.0998,0.0254,0.0,0.0113,0.0,155.0,0.0,92.0,63.0,84.0,0.0,0.0,0.0,0.0,0.0,0.0,0.0,0.0,0.0,0.0,0.0,0.0,0.0,0.0,0.0,0.0,0.0,0.0,8.0,2.0,1.0
2089,17.55253270000004,0,8.2974,2.0204,2.3442,1.8986,0.2009,0.003,0.0098,0.0003,0.0309,0.0468,0.002,0.0009,0.0104,0.0002,0.0018,0.0018,0.0001,0.0001,0.0084,0.0013,0.0005,0.0,0.0031,0.0893,0.0227,0.0,0.0136,0.0,155.0,0.0,92.0,63.0,84.0,0.0,0.0,0.0,0.0,0.0,0.0,0.0,0.0,0.0,0.0,0.0,0.0,0.0,0.0,0.0,0.0,0.0,0.0,8.0,2.0,1.0
2090,17.56083010000004,0,8.4316,2.0401,2.2956,1.8573,0.2054,0.0028,0.0085,0.0003,0.0447,0.0586,0.0025,0.0007,0.0103,0.0002,0.0012,0.002,0.0001,0.0002,0.0072,0.0012,0.0009,0.0001,0.0031,0.0984,0.0194,0.0,0.0132,0.0,155.0,0.0,92.0,63.0,84.0,0.0,0.0,0.0,0.0,0.0,0.0,0.0,0.0,0.0,0.0,0.0,0.0,0.0,0.0,0.0,0.0,0.0,0.0,8.0,2.0,1.0
2091,17.56926170000004,0,8.3791,1.961,2.5393,1.8967,0.2753,0.004,0.0094,0.0003,0.0379,0.0547,0.0037,0.0016,0.0166,0.0002,0.0034,0.0021,0.0001,0.0005,0.0092,0.0014,0.0005,0.0001,0.0077,0.1214,0.0431,0.0001,0.0142,0.0,155.0,0.0,92.0,63.0,84.0,0.0,0.0,0.0,0.0,0.0,0.0,0.0,0.0,0.0,0.0,0.0,0.0,0.0,0.0,0.0,0.0,0.0,0.0,8.0,2.0,1.0
2092,17.57764080000004,0,8.3711,2.05,2.4925,1.8085,0.1985,0.0032,0.0084,0.0002,0.0381,0.0522,0.0023,0.0009,0.0109,0.0001,0.0019,0.0017,0.0001,0.0001,0.0086,0.0013,0.0005,0.0002,0.0033,0.0943,0.0195,0.0,0.0139,0.0,155.0,0.0,92.0,63.0,84.0,0.0,0.0,0.0,0.0,0.0,0.0,0.0,0.0,0.0,0.0,0.0,0.0,0.0,0.0,0.0,0.0,0.0,0.0,8.0,2.0,1.0
2093,17.58601190000004,0,8.0768,2.0836,2.2585,1.7937,0.2104,0.0035,0.0092,0.0002,0.0352,0.0506,0.0021,0.001,0.0114,0.0002,0.0015,0.0018,0.0001,0.0001,0.008,0.0012,0.0005,0.0,0.0032,0.0932,0.0331,0.0,0.0121,0.0,155.0,0.0,92.0,63.0,84.0,0.0,0.0,0.0,0.0,0.0,0.0,0.0,0.0,0.0,0.0,0.0,0.0,0.0,0.0,0.0,0.0,0.0,0.0,8.0,2.0,1.0
2094,17.594088700000043,0,8.3731,2.1006,2.3582,1.8678,0.2121,0.0041,0.0093,0.0003,0.0385,0.0551,0.0021,0.0014,0.0112,0.0001,0.0018,0.0016,0.0001,0.0001,0.0084,0.0012,0.001,0.0,0.0034,0.0993,0.0219,0.0,0.0124,0.0,155.0,0.0,92.0,63.0,84.0,0.0,0.0,0.0,0.0,0.0,0.0,0.0,0.0,0.0,0.0,0.0,0.0,0.0,0.0,0.0,0.0,0.0,0.0,8.0,2.0,1.0
2095,17.602461800000043,0,8.3671,1.9798,2.215,1.8661,0.2288,0.0032,0.0092,0.0003,0.038,0.0536,0.004,0.0011,0.0175,0.0002,0.0023,0.0023,0.0002,0.0002,0.0117,0.0017,0.0005,0.0001,0.0053,0.1128,0.0252,0.0,0.0125,0.0,155.0,0.0,92.0,63.0,84.0,0.0,0.0,0.0,0.0,0.0,0.0,0.0,0.0,0.0,0.0,0.0,0.0,0.0,0.0,0.0,0.0,0.0,0.0,8.0,2.0,1.0
2096,17.610828900000044,0,8.407,2.2151,2.3568,2.1094,0.2303,0.0038,0.0112,0.0002,0.046,0.0639,0.0026,0.0007,0.0115,0.0002,0.002,0.002,0.0001,0.0007,0.0086,0.0014,0.0012,0.0001,0.0039,0.1128,0.0242,0.0,0.0122,0.0,155.0,0.0,92.0,63.0,84.0,0.0,0.0,0.0,0.0,0.0,0.0,0.0,0.0,0.0,0.0,0.0,0.0,0.0,0.0,0.0,0.0,0.0,0.0,8.0,2.0,1.0
2097,17.619235900000042,0,8.3304,2.0144,2.4008,1.8505,0.2021,0.0031,0.0089,0.0002,0.0309,0.0459,0.0025,0.0009,0.0112,0.0001,0.0018,0.0018,0.0001,0.0001,0.0096,0.0013,0.0011,0.0001,0.0033,0.0899,0.0229,0.0,0.0124,0.0,155.0,0.0,92.0,63.0,84.0,0.0,0.0,0.0,0.0,0.0,0.0,0.0,0.0,0.0,0.0,0.0,0.0,0.0,0.0,0.0,0.0,0.0,0.0,8.0,2.0,1.0
2098,17.62756630000004,0,8.387,2.2285,2.4709,1.8725,0.2139,0.0029,0.0091,0.0003,0.0499,0.0645,0.0022,0.0008,0.0107,0.0002,0.0016,0.0017,0.0001,0.0002,0.0084,0.0011,0.001,0.0,0.0034,0.1074,0.0209,0.0,0.0116,0.0,155.0,0.0,92.0,63.0,84.0,0.0,0.0,0.0,0.0,0.0,0.0,0.0,0.0,0.0,0.0,0.0,0.0,0.0,0.0,0.0,0.0,0.0,0.0,8.0,2.0,1.0
2099,17.63595330000004,0,8.3213,2.4889,2.418,1.9287,0.1962,0.0026,0.0088,0.0003,0.03,0.0442,0.002,0.0007,0.009,0.0002,0.0013,0.002,0.0,0.0001,0.0083,0.0012,0.0009,0.0002,0.0033,0.0893,0.0205,0.0,0.012,0.0,155.0,0.0,92.0,63.0,84.0,0.0,0.0,0.0,0.0,0.0,0.0,0.0,0.0,0.0,0.0,0.0,0.0,0.0,0.0,0.0,0.0,0.0,0.0,8.0,2.0,1.0
2100,17.64427460000004,0,8.2444,1.9585,2.4009,1.8636,0.2008,0.0028,0.0082,0.0002,0.0401,0.0536,0.002,0.0008,0.0098,0.0001,0.0019,0.0016,0.0,0.0001,0.0082,0.0012,0.0005,0.0,0.0033,0.0949,0.022,0.0,0.0123,0.0,155.0,0.0,92.0,63.0,84.0,0.0,0.0,0.0,0.0,0.0,0.0,0.0,0.0,0.0,0.0,0.0,0.0,0.0,0.0,0.0,0.0,0.0,0.0,8.0,2.0,1.0
2101,17.652519000000037,0,8.3235,1.9043,2.2765,1.7845,0.2086,0.0031,0.0087,0.0002,0.0311,0.0455,0.0023,0.0012,0.0111,0.0001,0.0014,0.0018,0.0,0.0001,0.0082,0.0012,0.0009,0.0002,0.0046,0.0909,0.0228,0.0,0.0135,0.0,155.0,0.0,92.0,63.0,84.0,0.0,0.0,0.0,0.0,0.0,0.0,0.0,0.0,0.0,0.0,0.0,0.0,0.0,0.0,0.0,0.0,0.0,0.0,8.0,2.0,1.0
2102,17.660842500000037,0,8.1851,1.8934,2.2947,1.8075,0.2039,0.0038,0.0112,0.0002,0.0297,0.0473,0.0022,0.0008,0.0124,0.0002,0.0013,0.0018,0.0001,0.0001,0.0077,0.0011,0.0004,0.0001,0.0031,0.0902,0.0255,0.0,0.0142,0.0,155.0,0.0,92.0,63.0,84.0,0.0,0.0,0.0,0.0,0.0,0.0,0.0,0.0,0.0,0.0,0.0,0.0,0.0,0.0,0.0,0.0,0.0,0.0,8.0,2.0,1.0
2103,17.669027600000035,0,8.5495,1.7984,2.2235,1.7438,0.1935,0.0027,0.0081,0.0001,0.0378,0.0518,0.0025,0.0006,0.0098,0.0001,0.0013,0.0016,0.0001,0.0001,0.0083,0.0012,0.0009,0.0001,0.0032,0.0914,0.0201,0.0,0.0139,0.0,155.0,0.0,92.0,63.0,84.0,0.0,0.0,0.0,0.0,0.0,0.0,0.0,0.0,0.0,0.0,0.0,0.0,0.0,0.0,0.0,0.0,0.0,0.0,8.0,2.0,1.0
2104,17.677577100000036,0,8.0818,1.8863,2.2982,1.7567,0.2037,0.0034,0.0074,0.0002,0.0451,0.0592,0.0025,0.0008,0.0096,0.0001,0.0018,0.0015,0.0001,0.0001,0.0083,0.0011,0.0004,0.0001,0.0036,0.1001,0.0211,0.0,0.0137,0.0,155.0,0.0,92.0,63.0,84.0,0.0,0.0,0.0,0.0,0.0,0.0,0.0,0.0,0.0,0.0,0.0,0.0,0.0,0.0,0.0,0.0,0.0,0.0,8.0,2.0,1.0
2105,17.685658900000035,0,8.3127,2.0085,2.1021,1.7796,0.1836,0.0029,0.0081,0.0001,0.0324,0.0457,0.0022,0.0007,0.0093,0.0001,0.0013,0.0016,0.0004,0.0001,0.0077,0.0012,0.0005,0.0,0.0035,0.0852,0.0211,0.0,0.0137,0.0,155.0,0.0,92.0,63.0,84.0,0.0,0.0,0.0,0.0,0.0,0.0,0.0,0.0,0.0,0.0,0.0,0.0,0.0,0.0,0.0,0.0,0.0,0.0,8.0,2.0,1.0
2106,17.693971600000037,0,8.4386,1.9035,2.1727,1.8626,0.1938,0.0025,0.0085,0.0002,0.0386,0.0516,0.002,0.0007,0.0112,0.0002,0.002,0.0014,0.0001,0.0001,0.0079,0.0012,0.0005,0.0,0.003,0.0939,0.0199,0.0,0.0125,0.0,155.0,0.0,92.0,63.0,84.0,0.0,0.0,0.0,0.0,0.0,0.0,0.0,0.0,0.0,0.0,0.0,0.0,0.0,0.0,0.0,0.0,0.0,0.0,8.0,2.0,1.0
2107,17.70241020000004,0,8.2599,1.8267,2.2189,1.8416,0.1965,0.0035,0.01,0.0002,0.0318,0.0479,0.0023,0.0009,0.0121,0.0001,0.0013,0.002,0.0,0.0002,0.0082,0.0018,0.0005,0.0001,0.0036,0.0926,0.0208,0.0,0.0128,0.0,155.0,0.0,92.0,63.0,84.0,0.0,0.0,0.0,0.0,0.0,0.0,0.0,0.0,0.0,0.0,0.0,0.0,0.0,0.0,0.0,0.0,0.0,0.0,8.0,2.0,1.0
2108,17.710670100000037,0,8.3076,1.9135,2.1316,1.9168,0.1812,0.0026,0.0074,0.0002,0.0392,0.0514,0.0017,0.0011,0.0088,0.0001,0.0012,0.0018,0.0001,0.0001,0.0076,0.0011,0.0004,0.0,0.0031,0.0886,0.0206,0.0,0.0131,0.0,155.0,0.0,92.0,63.0,84.0,0.0,0.0,0.0,0.0,0.0,0.0,0.0,0.0,0.0,0.0,0.0,0.0,0.0,0.0,0.0,0.0,0.0,0.0,8.0,2.0,1.0
2109,17.718977700000035,0,8.356,1.8093,2.0862,1.7594,0.2054,0.0032,0.009,0.0002,0.0366,0.0509,0.0022,0.0008,0.0108,0.0001,0.0013,0.0017,0.0001,0.0001,0.0078,0.0017,0.0006,0.0,0.0038,0.0938,0.0234,0.0001,0.013,0.0,155.0,0.0,92.0,63.0,84.0,0.0,0.0,0.0,0.0,0.0,0.0,0.0,0.0,0.0,0.0,0.0,0.0,0.0,0.0,0.0,0.0,0.0,0.0,8.0,2.0,1.0
2110,17.727333700000035,0,8.4061,1.7897,2.3122,1.8292,0.1942,0.0028,0.008,0.0002,0.0413,0.0549,0.0023,0.0008,0.0105,0.0001,0.0014,0.002,0.0,0.0001,0.0078,0.0011,0.0011,0.0001,0.0033,0.0962,0.0191,0.0001,0.0124,0.0,155.0,0.0,92.0,63.0,84.0,0.0,0.0,0.0,0.0,0.0,0.0,0.0,0.0,0.0,0.0,0.0,0.0,0.0,0.0,0.0,0.0,0.0,0.0,8.0,2.0,1.0
2111,17.735739800000033,0,8.3657,1.8751,2.1659,2.0425,0.1899,0.0027,0.0079,0.0002,0.0347,0.0476,0.0024,0.0006,0.0092,0.0002,0.0013,0.0015,0.0,0.0001,0.0079,0.0011,0.0004,0.0,0.003,0.0856,0.021,0.0001,0.0144,0.0,155.0,0.0,92.0,63.0,84.0,0.0,0.0,0.0,0.0,0.0,0.0,0.0,0.0,0.0,0.0,0.0,0.0,0.0,0.0,0.0,0.0,0.0,0.0,8.0,2.0,1.0
2112,17.744105500000032,0,8.1995,1.9352,2.1628,1.9171,0.1895,0.0027,0.008,0.0002,0.0381,0.0509,0.0024,0.0005,0.009,0.0002,0.0018,0.0014,0.0002,0.0001,0.0084,0.0012,0.0004,0.0,0.003,0.0933,0.0199,0.0,0.0127,0.0,155.0,0.0,92.0,63.0,82.0,0.0,0.0,0.0,0.0,0.0,0.0,0.0,0.0,0.0,0.0,0.0,0.0,0.0,0.0,0.0,0.0,0.0,0.0,8.0,2.0,1.0
2113,17.75230500000003,0,8.286,1.9521,2.1053,1.8554,0.1779,0.0033,0.0079,0.0008,0.0325,0.0462,0.0019,0.0007,0.009,0.0001,0.0012,0.002,0.0001,0.0001,0.0074,0.0011,0.0004,0.0,0.0031,0.0827,0.0218,0.0,0.0122,0.0,155.0,0.0,92.0,63.0,82.0,0.0,0.0,0.0,0.0,0.0,0.0,0.0,0.0,0.0,0.0,0.0,0.0,0.0,0.0,0.0,0.0,0.0,0.0,8.0,2.0,1.0
2114,17.76059100000003,0,8.4333,1.8861,2.1395,1.7806,0.2198,0.0042,0.0095,0.0002,0.0403,0.0571,0.0022,0.0008,0.0111,0.0001,0.0018,0.0014,0.0,0.0001,0.0073,0.0016,0.0004,0.0001,0.0031,0.1007,0.0218,0.0,0.0127,0.0,155.0,0.0,92.0,63.0,80.0,0.0,0.0,0.0,0.0,0.0,0.0,0.0,0.0,0.0,0.0,0.0,0.0,0.0,0.0,0.0,0.0,0.0,0.0,8.0,2.0,1.0
2115,17.76902430000003,0,8.2662,1.9589,2.1892,1.9367,0.1993,0.0031,0.0046,0.0002,0.0413,0.0512,0.0021,0.0007,0.0118,0.0002,0.0014,0.0017,0.0001,0.0002,0.0078,0.0011,0.0004,0.0001,0.0031,0.0935,0.0212,0.0,0.0116,0.0,155.0,0.0,92.0,63.0,80.0,0.0,0.0,0.0,0.0,0.0,0.0,0.0,0.0,0.0,0.0,0.0,0.0,0.0,0.0,0.0,0.0,0.0,0.0,8.0,2.0,1.0
2116,17.77729050000003,0,8.4104,1.8699,2.0619,1.8668,0.2097,0.004,0.0055,0.0002,0.0468,0.0589,0.0025,0.0007,0.0096,0.0001,0.0014,0.002,0.0002,0.0001,0.0081,0.0024,0.0003,0.0,0.0035,0.1024,0.0217,0.0001,0.0135,0.0,155.0,0.0,92.0,63.0,80.0,0.0,0.0,0.0,0.0,0.0,0.0,0.0,0.0,0.0,0.0,0.0,0.0,0.0,0.0,0.0,0.0,0.0,0.0,8.0,2.0,1.0
2117,17.78570090000003,0,8.2487,1.8056,2.1257,1.8091,0.2081,0.0029,0.0063,0.0002,0.0342,0.0458,0.0023,0.0008,0.0092,0.0001,0.0016,0.0022,0.0001,0.0002,0.0103,0.0016,0.0005,0.0,0.0056,0.097,0.0232,0.0001,0.011,0.0,155.0,0.0,92.0,63.0,80.0,0.0,0.0,0.0,0.0,0.0,0.0,0.0,0.0,0.0,0.0,0.0,0.0,0.0,0.0,0.0,0.0,0.0,0.0,8.0,2.0,1.0
2118,17.79394960000003,0,8.4197,1.9096,2.147,1.8186,0.2063,0.003,0.0051,0.0002,0.0505,0.0611,0.0021,0.0007,0.0099,0.0001,0.0019,0.0016,0.0,0.0001,0.0074,0.0011,0.0005,0.0,0.0035,0.1029,0.024,0.0,0.0116,0.0,155.0,0.0,92.0,63.0,80.0,0.0,0.0,0.0,0.0,0.0,0.0,0.0,0.0,0.0,0.0,0.0,0.0,0.0,0.0,0.0,0.0,0.0,0.0,8.0,2.0,1.0
2119,17.80236930000003,0,8.3801,1.8079,2.2902,1.8188,0.2572,0.0025,0.0047,0.0002,0.1177,0.1273,0.0024,0.0008,0.008,0.0001,0.0014,0.0013,0.0001,0.0002,0.0077,0.0016,0.0004,0.0001,0.0033,0.163,0.0196,0.0,0.0112,0.0,155.0,0.0,92.0,63.0,80.0,0.0,0.0,0.0,0.0,0.0,0.0,0.0,0.0,0.0,0.0,0.0,0.0,0.0,0.0,0.0,0.0,0.0,0.0,8.0,2.0,1.0
2120,17.81074940000003,0,8.1295,1.9961,2.0178,1.7303,0.188,0.0024,0.0063,0.0002,0.0445,0.0553,0.0024,0.0007,0.0097,0.0002,0.0014,0.0014,0.0001,0.0001,0.0079,0.0013,0.0005,0.0001,0.0035,0.0958,0.021,0.0,0.0123,0.0,155.0,0.0,92.0,63.0,80.0,0.0,0.0,0.0,0.0,0.0,0.0,0.0,0.0,0.0,0.0,0.0,0.0,0.0,0.0,0.0,0.0,0.0,0.0,8.0,2.0,1.0
2121,17.81887890000003,0,8.4124,1.8873,2.1038,1.8719,0.2689,0.0026,0.0047,0.0003,0.0348,0.0448,0.0023,0.0006,0.0097,0.0002,0.0013,0.0016,0.0001,0.0001,0.008,0.0017,0.0004,0.0,0.003,0.0844,0.1101,0.0001,0.0115,0.0,155.0,0.0,92.0,63.0,80.0,0.0,0.0,0.0,0.0,0.0,0.0,0.0,0.0,0.0,0.0,0.0,0.0,0.0,0.0,0.0,0.0,0.0,0.0,8.0,2.0,1.0
2122,17.82729130000003,0,8.2999,1.8195,2.1027,1.7326,0.2001,0.0028,0.0066,0.0002,0.0394,0.0512,0.0019,0.0007,0.0107,0.0001,0.0013,0.0016,0.0,0.0001,0.0076,0.0011,0.0008,0.0,0.0031,0.0908,0.0305,0.0,0.0121,0.0,155.0,0.0,92.0,63.0,80.0,0.0,0.0,0.0,0.0,0.0,0.0,0.0,0.0,0.0,0.0,0.0,0.0,0.0,0.0,0.0,0.0,0.0,0.0,8.0,2.0,1.0
2123,17.83559120000003,0,8.3024,1.7647,2.0066,1.7574,0.2048,0.0032,0.0069,0.0002,0.0401,0.0528,0.002,0.0013,0.0106,0.0002,0.0019,0.0017,0.0,0.0005,0.0083,0.0012,0.0004,0.0,0.0035,0.0954,0.0221,0.0,0.011,0.0,155.0,0.0,92.0,63.0,80.0,0.0,0.0,0.0,0.0,0.0,0.0,0.0,0.0,0.0,0.0,0.0,0.0,0.0,0.0,0.0,0.0,0.0,0.0,8.0,2.0,1.0
2124,17.843893600000033,0,8.3911,1.7556,2.1111,1.7215,0.193,0.0027,0.0046,0.0002,0.0498,0.0594,0.0021,0.0006,0.0098,0.0001,0.0015,0.0018,0.0001,0.0002,0.0075,0.0011,0.0008,0.0,0.003,0.098,0.0201,0.0,0.0116,0.0,155.0,0.0,92.0,63.0,80.0,0.0,0.0,0.0,0.0,0.0,0.0,0.0,0.0,0.0,0.0,0.0,0.0,0.0,0.0,0.0,0.0,0.0,0.0,8.0,2.0,1.0
2125,17.852284700000034,0,8.2428,1.7383,1.9781,1.7431,0.1777,0.0026,0.0068,0.0001,0.0298,0.0416,0.0021,0.0007,0.0097,0.0002,0.0014,0.0013,0.0001,0.0001,0.0078,0.0015,0.0004,0.0001,0.0037,0.0821,0.0203,0.0,0.0133,0.0,155.0,0.0,92.0,63.0,82.0,0.0,0.0,0.0,0.0,0.0,0.0,0.0,0.0,0.0,0.0,0.0,0.0,0.0,0.0,0.0,0.0,0.0,0.0,8.0,2.0,1.0
2126,17.860527500000035,0,8.4614,1.8649,2.1293,1.7588,0.1838,0.0025,0.0074,0.0001,0.0388,0.0511,0.0025,0.0008,0.0095,0.0001,0.0011,0.0012,0.0001,0.0001,0.0068,0.0013,0.0004,0.0,0.0031,0.0887,0.0182,0.0,0.0127,0.0,155.0,0.0,92.0,63.0,82.0,0.0,0.0,0.0,0.0,0.0,0.0,0.0,0.0,0.0,0.0,0.0,0.0,0.0,0.0,0.0,0.0,0.0,0.0,8.0,2.0,1.0
2127,17.868988900000037,0,8.2835,1.8675,2.0862,1.8495,0.1869,0.0025,0.0079,0.0002,0.0368,0.0496,0.0023,0.0008,0.0103,0.0002,0.0018,0.0015,0.0001,0.0007,0.0078,0.0011,0.0004,0.0001,0.0035,0.0886,0.0225,0.0,0.0139,0.0,155.0,0.0,92.0,63.0,82.0,0.0,0.0,0.0,0.0,0.0,0.0,0.0,0.0,0.0,0.0,0.0,0.0,0.0,0.0,0.0,0.0,0.0,0.0,8.0,2.0,1.0
2128,17.877272400000038,0,8.4213,1.7059,2.191,1.7242,0.2039,0.0011,0.0066,0.0001,0.054,0.0645,0.0027,0.0007,0.0097,0.0001,0.0013,0.0014,0.0001,0.0002,0.0078,0.0011,0.0004,0.0,0.0033,0.1035,0.0206,0.0,0.0132,0.0,155.0,0.0,92.0,63.0,82.0,0.0,0.0,0.0,0.0,0.0,0.0,0.0,0.0,0.0,0.0,0.0,0.0,0.0,0.0,0.0,0.0,0.0,0.0,8.0,2.0,1.0
2129,17.885693700000036,0,8.2307,1.8012,2.0581,1.7584,0.2017,0.0032,0.0085,0.0002,0.0349,0.0493,0.0023,0.0007,0.0113,0.0001,0.002,0.0016,0.0001,0.0006,0.0083,0.0013,0.0004,0.0,0.0037,0.093,0.0213,0.0,0.0133,0.0,155.0,0.0,92.0,63.0,82.0,0.0,0.0,0.0,0.0,0.0,0.0,0.0,0.0,0.0,0.0,0.0,0.0,0.0,0.0,0.0,0.0,0.0,0.0,8.0,2.0,1.0
2130,17.893924400000035,0,8.489,1.8541,2.1961,1.7993,0.2033,0.0032,0.008,0.0002,0.0404,0.0543,0.0019,0.0012,0.0106,0.0002,0.0019,0.0016,0.0001,0.0002,0.0078,0.0011,0.0005,0.0001,0.0034,0.0958,0.024,0.0,0.0126,0.0,155.0,0.0,92.0,63.0,82.0,0.0,0.0,0.0,0.0,0.0,0.0,0.0,0.0,0.0,0.0,0.0,0.0,0.0,0.0,0.0,0.0,0.0,0.0,8.0,2.0,1.0
2131,17.902413400000036,0,8.3332,1.7828,2.23,1.8216,0.2953,0.0077,0.007,0.0003,0.0554,0.0728,0.004,0.0014,0.0176,0.0003,0.0026,0.002,0.0001,0.0001,0.0114,0.0017,0.0006,0.0002,0.0075,0.1416,0.0392,0.0,0.0122,0.0,155.0,0.0,92.0,63.0,84.0,0.0,0.0,0.0,0.0,0.0,0.0,0.0,0.0,0.0,0.0,0.0,0.0,0.0,0.0,0.0,0.0,0.0,0.0,8.0,2.0,1.0
2132,17.910746600000035,0,8.3835,1.8632,2.2906,1.8431,0.3074,0.0029,0.0063,0.0002,0.0703,0.0814,0.0021,0.0009,0.0097,0.0001,0.0014,0.0018,0.0001,0.0001,0.0083,0.0017,0.0005,0.0002,0.0031,0.1222,0.1057,0.0,0.0132,0.0,155.0,0.0,92.0,63.0,84.0,0.0,0.0,0.0,0.0,0.0,0.0,0.0,0.0,0.0,0.0,0.0,0.0,0.0,0.0,0.0,0.0,0.0,0.0,8.0,2.0,1.0
2133,17.919130100000036,0,8.2453,1.8165,2.2081,1.7474,0.2171,0.0029,0.0079,0.0001,0.0357,0.0499,0.0024,0.0008,0.0127,0.0001,0.0017,0.0023,0.0001,0.0002,0.0112,0.0014,0.0004,0.0,0.0048,0.1028,0.0245,0.0001,0.0134,0.0,155.0,0.0,92.0,63.0,84.0,0.0,0.0,0.0,0.0,0.0,0.0,0.0,0.0,0.0,0.0,0.0,0.0,0.0,0.0,0.0,0.0,0.0,0.0,8.0,2.0,1.0
2134,17.927375400000034,0,8.3552,1.7917,2.2309,1.7758,0.2768,0.0032,0.0079,0.0001,0.0378,0.0514,0.0019,0.0007,0.0098,0.0001,0.0013,0.002,0.0001,0.0002,0.0081,0.0017,0.0004,0.0001,0.0032,0.0906,0.0194,0.0,0.0146,0.0,155.0,0.0,92.0,63.0,84.0,0.0,0.0,0.0,0.0,0.0,0.0,0.0,0.0,0.0,0.0,0.0,0.0,0.0,0.0,0.0,0.0,0.0,0.0,8.0,2.0,1.0
2135,17.935730600000035,0,8.3016,1.7686,2.1599,1.8122,0.2944,0.004,0.0084,0.0002,0.0304,0.0455,0.0022,0.0006,0.0099,0.0001,0.0013,0.0019,0.0,0.0001,0.0085,0.0018,0.0004,0.0001,0.0037,0.0889,0.0226,0.0,0.0131,0.0,155.0,0.0,92.0,63.0,84.0,0.0,0.0,0.0,0.0,0.0,0.0,0.0,0.0,0.0,0.0,0.0,0.0,0.0,0.0,0.0,0.0,0.0,0.0,8.0,2.0,1.0
2136,17.944032200000034,0,8.2457,1.7608,2.0935,1.7699,0.1866,0.0025,0.0073,0.0002,0.0377,0.0498,0.002,0.0006,0.0092,0.0001,0.0018,0.0014,0.0,0.0001,0.0077,0.0015,0.0004,0.0,0.0036,0.0885,0.0244,0.0001,0.0135,0.0,155.0,0.0,92.0,63.0,84.0,0.0,0.0,0.0,0.0,0.0,0.0,0.0,0.0,0.0,0.0,0.0,0.0,0.0,0.0,0.0,0.0,0.0,0.0,8.0,2.0,1.0
2137,17.952277900000034,0,8.3301,1.9066,2.0327,1.7043,0.1807,0.0026,0.0084,0.0001,0.0317,0.0446,0.0018,0.0008,0.0074,0.0001,0.0014,0.0019,0.0,0.0001,0.0078,0.0011,0.0009,0.0001,0.0032,0.0814,0.0234,0.0001,0.0124,0.0,155.0,0.0,92.0,63.0,86.0,0.0,0.0,0.0,0.0,0.0,0.0,0.0,0.0,0.0,0.0,0.0,0.0,0.0,0.0,0.0,0.0,0.0,0.0,8.0,2.0,1.0
2138,17.960608000000033,0,8.3925,1.8194,2.1806,1.7573,0.275,0.0044,0.013,0.0002,0.056,0.0764,0.0034,0.0009,0.0141,0.0002,0.002,0.002,0.0001,0.0001,0.009,0.0014,0.0005,0.0001,0.0071,0.1341,0.0372,0.0,0.0124,0.0,155.0,0.0,92.0,63.0,86.0,0.0,0.0,0.0,0.0,0.0,0.0,0.0,0.0,0.0,0.0,0.0,0.0,0.0,0.0,0.0,0.0,0.0,0.0,8.0,2.0,1.0
2139,17.969000500000032,0,8.2294,1.8877,2.0758,1.7412,0.1828,0.0033,0.0077,0.0002,0.0314,0.0448,0.0019,0.001,0.0094,0.0001,0.0015,0.0021,0.0001,0.0001,0.0079,0.0012,0.001,0.0001,0.0033,0.084,0.0218,0.0,0.013,0.0,155.0,0.0,92.0,63.0,86.0,0.0,0.0,0.0,0.0,0.0,0.0,0.0,0.0,0.0,0.0,0.0,0.0,0.0,0.0,0.0,0.0,0.0,0.0,8.0,2.0,1.0
2140,17.977229900000033,0,8.3977,1.8986,2.0895,1.7531,0.2005,0.0034,0.0102,0.0002,0.0414,0.0579,0.0023,0.0009,0.0112,0.0001,0.0017,0.0014,0.0001,0.0001,0.0088,0.0013,0.0005,0.0001,0.0037,0.1024,0.0223,0.0001,0.0138,0.0,155.0,0.0,92.0,63.0,86.0,0.0,0.0,0.0,0.0,0.0,0.0,0.0,0.0,0.0,0.0,0.0,0.0,0.0,0.0,0.0,0.0,0.0,0.0,8.0,2.0,1.0
2141,17.985627600000033,0,8.3121,1.8077,2.0652,1.7834,0.1936,0.003,0.0079,0.0002,0.0337,0.0469,0.0019,0.0006,0.0092,0.0002,0.0017,0.0016,0.0001,0.0001,0.0076,0.0013,0.0005,0.0001,0.0034,0.0849,0.0314,0.0001,0.0143,0.0,155.0,0.0,92.0,63.0,86.0,0.0,0.0,0.0,0.0,0.0,0.0,0.0,0.0,0.0,0.0,0.0,0.0,0.0,0.0,0.0,0.0,0.0,0.0,8.0,2.0,1.0
2142,17.993939700000034,0,8.4245,1.7473,2.2264,1.7921,0.2778,0.0034,0.0083,0.0002,0.0404,0.0547,0.0021,0.0007,0.0091,0.0001,0.0013,0.0013,0.0001,0.0001,0.0071,0.0011,0.0008,0.0,0.0032,0.0961,0.0218,0.0,0.0124,0.0,155.0,0.0,92.0,63.0,86.0,0.0,0.0,0.0,0.0,0.0,0.0,0.0,0.0,0.0,0.0,0.0,0.0,0.0,0.0,0.0,0.0,0.0,0.0,8.0,2.0,1.0
2143,18.002364200000034,0,8.2463,1.7743,1.9939,1.7545,0.1773,0.0025,0.0085,0.0002,0.029,0.042,0.0021,0.0006,0.0089,0.0002,0.0013,0.0013,0.0001,0.0001,0.0071,0.0011,0.0003,0.0,0.0032,0.0787,0.023,0.0001,0.0141,0.0,155.0,0.0,92.0,63.0,86.0,0.0,0.0,0.0,0.0,0.0,0.0,0.0,0.0,0.0,0.0,0.0,0.0,0.0,0.0,0.0,0.0,0.0,0.0,8.0,2.0,1.0
2144,18.010610500000034,0,8.3669,1.83,2.1846,1.752,0.2713,0.0036,0.0076,0.0001,0.0407,0.0542,0.0021,0.0006,0.0101,0.0002,0.0011,0.0018,0.0,0.0001,0.0072,0.0011,0.0005,0.0,0.0031,0.0923,0.0211,0.0001,0.013,0.0,155.0,0.0,92.0,63.0,86.0,0.0,0.0,0.0,0.0,0.0,0.0,0.0,0.0,0.0,0.0,0.0,0.0,0.0,0.0,0.0,0.0,0.0,0.0,8.0,2.0,1.0
2145,18.018977400000033,0,8.2395,1.9505,2.0586,1.8062,0.1807,0.0038,0.0066,0.0002,0.033,0.0454,0.0021,0.0008,0.0077,0.0002,0.0014,0.0021,0.0,0.0001,0.0075,0.0012,0.0007,0.0,0.0031,0.0823,0.0211,0.0001,0.0138,0.0,155.0,0.0,92.0,63.0,86.0,0.0,0.0,0.0,0.0,0.0,0.0,0.0,0.0,0.0,0.0,0.0,0.0,0.0,0.0,0.0,0.0,0.0,0.0,8.0,2.0,1.0
2146,18.02721690000003,0,8.4925,1.7677,2.1269,1.7426,0.1959,0.0028,0.0086,0.0002,0.0406,0.0548,0.002,0.0007,0.0088,0.0001,0.0017,0.0014,0.0001,0.0001,0.0075,0.0018,0.0005,0.0,0.003,0.0941,0.0214,0.0001,0.0141,0.0,155.0,0.0,92.0,63.0,86.0,0.0,0.0,0.0,0.0,0.0,0.0,0.0,0.0,0.0,0.0,0.0,0.0,0.0,0.0,0.0,0.0,0.0,0.0,8.0,2.0,1.0
2147,18.03570940000003,0,8.2963,2.1613,2.138,2.0658,0.1866,0.0028,0.0076,0.0001,0.0306,0.043,0.0018,0.0008,0.0091,0.0001,0.0014,0.0015,0.0,0.0001,0.0078,0.0012,0.0004,0.0001,0.0035,0.0849,0.0186,0.0,0.0129,0.0,155.0,0.0,92.0,63.0,86.0,0.0,0.0,0.0,0.0,0.0,0.0,0.0,0.0,0.0,0.0,0.0,0.0,0.0,0.0,0.0,0.0,0.0,0.0,8.0,2.0,1.0
2148,18.04400570000003,0,8.4033,1.8091,2.2397,1.8433,0.2161,0.0033,0.0084,0.0004,0.0463,0.0612,0.0025,0.0006,0.0113,0.0002,0.0017,0.0014,0.0001,0.0001,0.0087,0.0012,0.0004,0.0,0.0039,0.1049,0.0233,0.0,0.0127,0.0,155.0,0.0,92.0,63.0,86.0,0.0,0.0,0.0,0.0,0.0,0.0,0.0,0.0,0.0,0.0,0.0,0.0,0.0,0.0,0.0,0.0,0.0,0.0,8.0,2.0,1.0
2149,18.052409000000033,0,8.0768,1.9373,2.0194,1.9793,0.1932,0.0033,0.0069,0.0002,0.0408,0.0531,0.0024,0.0007,0.0104,0.0002,0.0013,0.0019,0.0,0.0002,0.0076,0.0012,0.0009,0.0001,0.0036,0.0938,0.0233,0.0,0.0141,0.0,155.0,0.0,92.0,63.0,86.0,0.0,0.0,0.0,0.0,0.0,0.0,0.0,0.0,0.0,0.0,0.0,0.0,0.0,0.0,0.0,0.0,0.0,0.0,8.0,2.0,1.0
2150,18.060485800000034,0,8.5677,1.8241,2.0748,1.72,0.1942,0.0041,0.0067,0.0001,0.0386,0.0517,0.0019,0.0007,0.0102,0.0001,0.0013,0.0018,0.0001,0.0001,0.0068,0.001,0.0004,0.0,0.0034,0.0904,0.0239,0.0,0.0132,0.0,155.0,0.0,92.0,63.0,86.0,0.0,0.0,0.0,0.0,0.0,0.0,0.0,0.0,0.0,0.0,0.0,0.0,0.0,0.0,0.0,0.0,0.0,0.0,8.0,2.0,1.0
2151,18.069053500000035,0,8.2668,1.8029,2.1678,1.7449,0.1978,0.0033,0.009,0.0002,0.0291,0.0437,0.003,0.0008,0.0116,0.0001,0.0013,0.0015,0.0,0.0001,0.0083,0.0014,0.0005,0.0001,0.0038,0.0877,0.0211,0.0,0.0141,0.0,155.0,0.0,92.0,63.0,86.0,0.0,0.0,0.0,0.0,0.0,0.0,0.0,0.0,0.0,0.0,0.0,0.0,0.0,0.0,0.0,0.0,0.0,0.0,8.0,2.0,1.0
2152,18.077320300000036,0,8.4441,1.8289,2.1966,1.7193,0.2036,0.0016,0.0093,0.0002,0.0416,0.055,0.0028,0.0007,0.0114,0.0001,0.0019,0.0015,0.0001,0.0001,0.008,0.0016,0.0004,0.0001,0.0032,0.0967,0.0195,0.0,0.0141,0.0,155.0,0.0,92.0,63.0,86.0,0.0,0.0,0.0,0.0,0.0,0.0,0.0,0.0,0.0,0.0,0.0,0.0,0.0,0.0,0.0,0.0,0.0,0.0,8.0,2.0,1.0
2153,18.085764400000034,0,8.1828,1.8165,2.1508,1.861,0.1849,0.0036,0.0064,0.0002,0.0354,0.0475,0.002,0.001,0.0079,0.0001,0.0013,0.0019,0.0,0.0001,0.0075,0.0012,0.0005,0.0001,0.0032,0.0849,0.0215,0.0,0.0128,0.0,155.0,0.0,92.0,63.0,86.0,0.0,0.0,0.0,0.0,0.0,0.0,0.0,0.0,0.0,0.0,0.0,0.0,0.0,0.0,0.0,0.0,0.0,0.0,8.0,2.0,1.0
2154,18.093947200000034,0,8.5509,1.7642,2.2368,1.7808,0.2017,0.0011,0.0065,0.0003,0.0452,0.0553,0.002,0.0007,0.0106,0.0001,0.0018,0.0015,0.0,0.0001,0.0081,0.0013,0.0005,0.0001,0.0033,0.0961,0.0211,0.0,0.0143,0.0,155.0,0.0,92.0,63.0,86.0,0.0,0.0,0.0,0.0,0.0,0.0,0.0,0.0,0.0,0.0,0.0,0.0,0.0,0.0,0.0,0.0,0.0,0.0,8.0,2.0,1.0
2155,18.102498100000034,0,8.3039,1.8694,2.3106,1.8443,0.1849,0.0028,0.0075,0.0003,0.0343,0.0468,0.0019,0.0006,0.0103,0.0001,0.0017,0.0015,0.0,0.0001,0.0082,0.0011,0.0005,0.0001,0.0034,0.087,0.0201,0.0,0.0141,0.0,155.0,0.0,92.0,63.0,86.0,0.0,0.0,0.0,0.0,0.0,0.0,0.0,0.0,0.0,0.0,0.0,0.0,0.0,0.0,0.0,0.0,0.0,0.0,8.0,2.0,1.0
2156,18.110802000000035,0,8.1268,1.7554,2.1102,1.6972,0.2101,0.0045,0.0088,0.0002,0.0399,0.0556,0.0021,0.0009,0.0093,0.0007,0.0011,0.0015,0.0007,0.0001,0.0087,0.0012,0.001,0.0001,0.0041,0.099,0.0234,0.0,0.0118,0.0,155.0,0.0,92.0,63.0,86.0,0.0,0.0,0.0,0.0,0.0,0.0,0.0,0.0,0.0,0.0,0.0,0.0,0.0,0.0,0.0,0.0,0.0,0.0,8.0,2.0,1.0
2157,18.118928800000035,0,8.3999,1.7124,2.0431,1.7695,0.1871,0.0029,0.0084,0.0002,0.0295,0.0429,0.0025,0.0008,0.01,0.0001,0.0012,0.0021,0.0001,0.0001,0.0083,0.0013,0.0006,0.0,0.0037,0.0847,0.021,0.0001,0.0134,0.0,155.0,0.0,92.0,63.0,86.0,0.0,0.0,0.0,0.0,0.0,0.0,0.0,0.0,0.0,0.0,0.0,0.0,0.0,0.0,0.0,0.0,0.0,0.0,8.0,2.0,1.0
2158,18.127328700000035,0,8.4379,1.7466,2.2788,1.8082,0.2127,0.0036,0.0084,0.0002,0.0428,0.0576,0.0023,0.0009,0.0112,0.0001,0.0012,0.0017,0.0,0.0001,0.0081,0.0013,0.0004,0.0001,0.0044,0.1013,0.021,0.0,0.0145,0.0,155.0,0.0,92.0,63.0,86.0,0.0,0.0,0.0,0.0,0.0,0.0,0.0,0.0,0.0,0.0,0.0,0.0,0.0,0.0,0.0,0.0,0.0,0.0,8.0,2.0,1.0
2159,18.135766600000036,0,8.0834,1.9956,2.0829,1.7636,0.1915,0.0029,0.0078,0.0002,0.0321,0.045,0.0024,0.0008,0.0114,0.0001,0.0013,0.0017,0.0001,0.0001,0.0083,0.0013,0.0004,0.0,0.0039,0.0885,0.0231,0.0,0.0137,0.0,155.0,0.0,92.0,63.0,86.0,0.0,0.0,0.0,0.0,0.0,0.0,0.0,0.0,0.0,0.0,0.0,0.0,0.0,0.0,0.0,0.0,0.0,0.0,8.0,2.0,1.0
2160,18.143850000000036,0,8.463,1.984,2.0542,1.7668,0.1922,0.0027,0.0084,0.0002,0.0392,0.0524,0.0019,0.0006,0.0089,0.0001,0.0011,0.0014,0.0,0.0001,0.0075,0.0011,0.0004,0.0001,0.0031,0.0936,0.0231,0.0,0.0134,0.0,155.0,0.0,92.0,63.0,84.0,0.0,0.0,0.0,0.0,0.0,0.0,0.0,0.0,0.0,0.0,0.0,0.0,0.0,0.0,0.0,0.0,0.0,0.0,8.0,2.0,1.0
2161,18.152313000000035,0,8.2487,1.8185,2.0654,1.7703,0.1965,0.0043,0.0087,0.0002,0.0303,0.0457,0.0021,0.0006,0.0099,0.0002,0.0018,0.0017,0.0,0.0002,0.008,0.0013,0.0004,0.0001,0.0037,0.088,0.0239,0.0001,0.0123,0.0,155.0,0.0,92.0,63.0,84.0,0.0,0.0,0.0,0.0,0.0,0.0,0.0,0.0,0.0,0.0,0.0,0.0,0.0,0.0,0.0,0.0,0.0,0.0,8.0,2.0,1.0
2162,18.160561700000034,0,8.4465,1.8733,2.1313,1.8325,0.2041,0.0024,0.0076,0.0002,0.0467,0.0589,0.0019,0.0007,0.009,0.0001,0.0018,0.0016,0.0001,0.0001,0.0076,0.0021,0.0005,0.0001,0.0031,0.1029,0.0229,0.0,0.0127,0.0,155.0,0.0,92.0,63.0,82.0,0.0,0.0,0.0,0.0,0.0,0.0,0.0,0.0,0.0,0.0,0.0,0.0,0.0,0.0,0.0,0.0,0.0,0.0,8.0,2.0,1.0
2163,18.169008200000036,0,8.4875,1.8373,2.2624,1.793,0.1981,0.0031,0.0072,0.0003,0.0349,0.0477,0.0027,0.0009,0.0117,0.0001,0.0014,0.0019,0.0001,0.0002,0.0084,0.0015,0.0005,0.0001,0.0031,0.0908,0.0226,0.0001,0.0116,0.0,155.0,0.0,92.0,63.0,82.0,0.0,0.0,0.0,0.0,0.0,0.0,0.0,0.0,0.0,0.0,0.0,0.0,0.0,0.0,0.0,0.0,0.0,0.0,8.0,2.0,1.0
2164,18.177495700000037,0,8.142,1.7877,2.1287,1.7483,0.1982,0.0034,0.0094,0.0002,0.0397,0.0556,0.0024,0.0008,0.0124,0.0002,0.0017,0.0013,0.0001,0.0001,0.0084,0.0012,0.0004,0.0001,0.0035,0.1004,0.0216,0.0001,0.0129,0.0,155.0,0.0,92.0,63.0,82.0,0.0,0.0,0.0,0.0,0.0,0.0,0.0,0.0,0.0,0.0,0.0,0.0,0.0,0.0,0.0,0.0,0.0,0.0,8.0,2.0,1.0
2165,18.185637700000036,0,8.3367,1.7769,2.105,1.711,0.1744,0.003,0.0072,0.0002,0.0295,0.0418,0.0017,0.0009,0.0089,0.0001,0.0014,0.0018,0.0001,0.0001,0.0072,0.001,0.001,0.0,0.0031,0.0797,0.0198,0.0,0.0136,0.0,155.0,0.0,92.0,63.0,82.0,0.0,0.0,0.0,0.0,0.0,0.0,0.0,0.0,0.0,0.0,0.0,0.0,0.0,0.0,0.0,0.0,0.0,0.0,8.0,2.0,1.0
2166,18.193974400000037,0,8.4225,1.7566,2.1757,1.7519,0.2506,0.0027,0.0072,0.0002,0.0509,0.0629,0.0018,0.0007,0.0088,0.0001,0.0018,0.0016,0.0001,0.0002,0.0092,0.0012,0.0004,0.0,0.0028,0.1077,0.0236,0.0001,0.0118,0.0,155.0,0.0,92.0,63.0,80.0,0.0,0.0,0.0,0.0,0.0,0.0,0.0,0.0,0.0,0.0,0.0,0.0,0.0,0.0,0.0,0.0,0.0,0.0,8.0,2.0,1.0
2167,18.20239690000004,0,8.2728,1.7649,2.1412,1.7591,0.1895,0.0042,0.0067,0.0001,0.0357,0.0493,0.0025,0.0007,0.0095,0.0002,0.0013,0.002,0.0001,0.0002,0.0078,0.0011,0.0009,0.0,0.003,0.0893,0.0217,0.0,0.0127,0.0,155.0,0.0,92.0,63.0,78.0,0.0,0.0,0.0,0.0,0.0,0.0,0.0,0.0,0.0,0.0,0.0,0.0,0.0,0.0,0.0,0.0,0.0,0.0,8.0,2.0,1.0
2168,18.21066970000004,0,8.3046,1.7994,2.1237,1.7453,0.2425,0.003,0.0068,0.0002,0.0934,0.1053,0.002,0.0007,0.0097,0.0001,0.0012,0.0013,0.0001,0.0001,0.0077,0.0016,0.0005,0.0,0.0029,0.1437,0.0229,0.0,0.0106,0.0,155.0,0.0,92.0,63.0,78.0,0.0,0.0,0.0,0.0,0.0,0.0,0.0,0.0,0.0,0.0,0.0,0.0,0.0,0.0,0.0,0.0,0.0,0.0,8.0,2.0,1.0
2169,18.21897430000004,0,8.4505,1.7872,2.1956,1.8195,0.2691,0.0035,0.0078,0.0002,0.03,0.0439,0.0022,0.0007,0.0103,0.0001,0.0014,0.0017,0.0001,0.0001,0.0079,0.0015,0.0005,0.0,0.0036,0.1694,0.0214,0.0,0.0112,0.0,155.0,0.0,92.0,63.0,78.0,0.0,0.0,0.0,0.0,0.0,0.0,0.0,0.0,0.0,0.0,0.0,0.0,0.0,0.0,0.0,0.0,0.0,0.0,8.0,2.0,1.0
2170,18.227424800000037,0,8.3266,1.8795,2.2857,1.756,0.2091,0.0027,0.0046,0.0001,0.0588,0.069,0.003,0.0007,0.0113,0.0002,0.0015,0.0016,0.0001,0.0001,0.0078,0.0013,0.0004,0.0001,0.0034,0.112,0.0227,0.0,0.01,0.0,155.0,0.0,92.0,63.0,78.0,0.0,0.0,0.0,0.0,0.0,0.0,0.0,0.0,0.0,0.0,0.0,0.0,0.0,0.0,0.0,0.0,0.0,0.0,8.0,2.0,1.0
2171,18.235751400000037,0,8.211,2.2773,2.1582,1.7913,0.1984,0.0026,0.0063,0.0001,0.0464,0.0578,0.002,0.0008,0.0112,0.0002,0.0017,0.0015,0.0001,0.0002,0.008,0.0012,0.0004,0.0001,0.0033,0.1001,0.0204,0.0001,0.0111,0.0,155.0,0.0,92.0,63.0,78.0,0.0,0.0,0.0,0.0,0.0,0.0,0.0,0.0,0.0,0.0,0.0,0.0,0.0,0.0,0.0,0.0,0.0,0.0,8.0,2.0,1.0
2172,18.243962400000036,0,8.3332,1.8455,1.9474,1.7612,0.1785,0.0024,0.0042,0.0002,0.0445,0.0529,0.0018,0.0006,0.0099,0.0001,0.0011,0.0014,0.0001,0.0001,0.0069,0.0011,0.0004,0.0,0.0028,0.0882,0.0208,0.0,0.0135,0.0,155.0,0.0,92.0,63.0,78.0,0.0,0.0,0.0,0.0,0.0,0.0,0.0,0.0,0.0,0.0,0.0,0.0,0.0,0.0,0.0,0.0,0.0,0.0,8.0,2.0,1.0
2173,18.252295600000036,0,8.2952,1.8788,2.0865,1.7391,0.1786,0.003,0.0061,0.0002,0.0325,0.044,0.0017,0.0006,0.0098,0.0002,0.0013,0.0017,0.0,0.0001,0.0082,0.0017,0.0005,0.0001,0.0031,0.0839,0.0208,0.0,0.0126,0.0,155.0,0.0,92.0,63.0,76.0,0.0,0.0,0.0,0.0,0.0,0.0,0.0,0.0,0.0,0.0,0.0,0.0,0.0,0.0,0.0,0.0,0.0,0.0,8.0,2.0,1.0
2174,18.260590800000035,0,8.3028,1.7241,2.117,1.7702,0.2115,0.0032,0.0056,0.0002,0.05,0.0611,0.0024,0.0008,0.0112,0.0001,0.0013,0.002,0.0001,0.0001,0.0076,0.0014,0.0009,0.0,0.0036,0.1054,0.0248,0.0,0.0124,0.0,155.0,0.0,92.0,63.0,76.0,0.0,0.0,0.0,0.0,0.0,0.0,0.0,0.0,0.0,0.0,0.0,0.0,0.0,0.0,0.0,0.0,0.0,0.0,8.0,2.0,1.0
2175,18.268893600000034,0,8.4062,1.919,2.0065,2.0283,0.1877,0.0029,0.007,0.0002,0.035,0.0471,0.002,0.0008,0.0104,0.0001,0.0013,0.0018,0.0001,0.0001,0.0077,0.0012,0.0005,0.0,0.003,0.0858,0.023,0.0,0.0106,0.0,155.0,0.0,92.0,63.0,76.0,0.0,0.0,0.0,0.0,0.0,0.0,0.0,0.0,0.0,0.0,0.0,0.0,0.0,0.0,0.0,0.0,0.0,0.0,8.0,2.0,1.0
2176,18.277299800000034,0,8.2989,2.2922,2.1388,1.8185,0.2464,0.0025,0.0049,0.0002,0.1024,0.112,0.0021,0.0006,0.0094,0.0001,0.0012,0.0017,0.0001,0.0002,0.0074,0.0011,0.0004,0.0001,0.0028,0.1493,0.0233,0.0,0.0125,0.0,155.0,0.0,92.0,63.0,76.0,0.0,0.0,0.0,0.0,0.0,0.0,0.0,0.0,0.0,0.0,0.0,0.0,0.0,0.0,0.0,0.0,0.0,0.0,8.0,2.0,1.0
2177,18.285598700000033,0,8.3203,1.8402,2.0209,1.7624,0.1999,0.003,0.0059,0.0002,0.0366,0.0487,0.0022,0.0009,0.012,0.0001,0.0014,0.002,0.0001,0.0001,0.0081,0.0016,0.0004,0.0001,0.0036,0.0934,0.0217,0.0,0.012,0.0,155.0,0.0,92.0,63.0,76.0,0.0,0.0,0.0,0.0,0.0,0.0,0.0,0.0,0.0,0.0,0.0,0.0,0.0,0.0,0.0,0.0,0.0,0.0,8.0,2.0,1.0
2178,18.293919000000034,0,8.391,1.9347,2.1499,1.7887,0.229,0.0028,0.0065,0.0001,0.0396,0.0512,0.0022,0.0008,0.0102,0.0002,0.0012,0.002,0.0001,0.0001,0.0075,0.0011,0.0004,0.0001,0.0031,0.0911,0.0255,0.0,0.0098,0.0,155.0,0.0,92.0,63.0,76.0,0.0,0.0,0.0,0.0,0.0,0.0,0.0,0.0,0.0,0.0,0.0,0.0,0.0,0.0,0.0,0.0,0.0,0.0,8.0,2.0,1.0
2179,18.302310000000034,0,8.1801,1.8479,1.9546,1.8646,0.1735,0.0026,0.0059,0.0002,0.0293,0.0403,0.0018,0.0007,0.0088,0.0001,0.0014,0.0015,0.0001,0.0001,0.0078,0.0018,0.0005,0.0001,0.0031,0.0772,0.0233,0.0001,0.0118,0.0,155.0,0.0,92.0,63.0,76.0,0.0,0.0,0.0,0.0,0.0,0.0,0.0,0.0,0.0,0.0,0.0,0.0,0.0,0.0,0.0,0.0,0.0,0.0,8.0,2.0,1.0
2180,18.310490100000035,0,8.4961,1.7992,2.1049,1.7626,0.2043,0.0034,0.0057,0.0002,0.0483,0.0598,0.0028,0.0007,0.0115,0.0001,0.0013,0.0019,0.0001,0.0001,0.0076,0.0013,0.0009,0.0001,0.0029,0.1007,0.0204,0.0,0.0115,0.0,155.0,0.0,92.0,63.0,76.0,0.0,0.0,0.0,0.0,0.0,0.0,0.0,0.0,0.0,0.0,0.0,0.0,0.0,0.0,0.0,0.0,0.0,0.0,8.0,2.0,1.0
2181,18.318986200000033,0,8.2953,1.7593,2.0697,1.7288,0.1803,0.0027,0.0046,0.0002,0.0349,0.0444,0.0022,0.0006,0.0107,0.0002,0.0015,0.0015,0.0,0.0001,0.0073,0.0012,0.0004,0.0,0.0031,0.0833,0.0228,0.0,0.0107,0.0,155.0,0.0,92.0,63.0,76.0,0.0,0.0,0.0,0.0,0.0,0.0,0.0,0.0,0.0,0.0,0.0,0.0,0.0,0.0,0.0,0.0,0.0,0.0,8.0,2.0,1.0
2182,18.327281500000034,0,8.3304,1.7467,2.0821,1.7236,0.1909,0.0028,0.0057,0.0002,0.0409,0.0523,0.002,0.0008,0.0098,0.0002,0.0014,0.0015,0.0002,0.0001,0.007,0.0011,0.0005,0.0001,0.003,0.091,0.0219,0.0,0.0109,0.0,155.0,0.0,92.0,63.0,76.0,0.0,0.0,0.0,0.0,0.0,0.0,0.0,0.0,0.0,0.0,0.0,0.0,0.0,0.0,0.0,0.0,0.0,0.0,8.0,2.0,1.0
2183,18.335611900000032,0,8.2761,1.7471,2.0126,1.7179,0.1924,0.0027,0.0044,0.0002,0.0397,0.0488,0.0023,0.0012,0.0113,0.0001,0.0019,0.0015,0.0001,0.0003,0.0093,0.0019,0.0005,0.0,0.0041,0.0937,0.0219,0.0001,0.012,0.0,155.0,0.0,92.0,63.0,78.0,0.0,0.0,0.0,0.0,0.0,0.0,0.0,0.0,0.0,0.0,0.0,0.0,0.0,0.0,0.0,0.0,0.0,0.0,8.0,2.0,1.0
2184,18.34388800000003,0,8.4074,1.7308,2.0652,1.6727,0.1993,0.0047,0.0051,0.0002,0.0521,0.0638,0.0022,0.0006,0.0082,0.0001,0.0013,0.0018,0.0,0.0001,0.0076,0.0011,0.0008,0.0001,0.0028,0.102,0.022,0.0,0.0119,0.0,155.0,0.0,92.0,63.0,76.0,0.0,0.0,0.0,0.0,0.0,0.0,0.0,0.0,0.0,0.0,0.0,0.0,0.0,0.0,0.0,0.0,0.0,0.0,8.0,2.0,1.0
2185,18.35229540000003,0,8.2168,1.8536,2.0709,1.836,0.1897,0.0028,0.005,0.0001,0.0419,0.052,0.0023,0.0008,0.0112,0.0002,0.0014,0.0015,0.0,0.0001,0.0075,0.0016,0.0004,0.0002,0.0031,0.0913,0.0214,0.0,0.0118,0.0,155.0,0.0,92.0,63.0,78.0,0.0,0.0,0.0,0.0,0.0,0.0,0.0,0.0,0.0,0.0,0.0,0.0,0.0,0.0,0.0,0.0,0.0,0.0,8.0,2.0,1.0
2186,18.36051220000003,0,8.5169,1.7466,2.131,1.7822,0.2145,0.0034,0.0076,0.0003,0.0466,0.0605,0.0025,0.0014,0.0117,0.0001,0.0017,0.0016,0.0001,0.0003,0.0079,0.0012,0.0005,0.0001,0.0038,0.104,0.0222,0.0001,0.0117,0.0,155.0,0.0,92.0,63.0,78.0,0.0,0.0,0.0,0.0,0.0,0.0,0.0,0.0,0.0,0.0,0.0,0.0,0.0,0.0,0.0,0.0,0.0,0.0,8.0,2.0,1.0
2187,18.36902910000003,0,8.0701,1.9277,1.9644,1.705,0.1857,0.0025,0.0057,0.0002,0.0347,0.0453,0.0026,0.0008,0.009,0.0001,0.0018,0.0016,0.0001,0.0002,0.0083,0.0012,0.0005,0.0001,0.0035,0.0886,0.0234,0.0,0.0111,0.0,155.0,0.0,92.0,63.0,78.0,0.0,0.0,0.0,0.0,0.0,0.0,0.0,0.0,0.0,0.0,0.0,0.0,0.0,0.0,0.0,0.0,0.0,0.0,8.0,2.0,1.0
2188,18.377099200000032,0,8.6024,1.8803,2.0478,1.7237,0.2002,0.0027,0.0056,0.0002,0.0469,0.0578,0.0021,0.0008,0.0109,0.0001,0.0018,0.0014,0.0001,0.0001,0.0075,0.0011,0.0005,0.0001,0.0034,0.0996,0.0219,0.0,0.0106,0.0,155.0,0.0,92.0,63.0,78.0,0.0,0.0,0.0,0.0,0.0,0.0,0.0,0.0,0.0,0.0,0.0,0.0,0.0,0.0,0.0,0.0,0.0,0.0,8.0,2.0,1.0
2189,18.385701600000033,0,8.1824,1.9117,2.1233,1.8471,0.1833,0.0028,0.0051,0.0004,0.0344,0.0446,0.002,0.0007,0.0101,0.0001,0.0016,0.0016,0.0,0.0001,0.0077,0.0018,0.0004,0.0,0.003,0.0846,0.0218,0.0001,0.0132,0.0,155.0,0.0,92.0,63.0,78.0,0.0,0.0,0.0,0.0,0.0,0.0,0.0,0.0,0.0,0.0,0.0,0.0,0.0,0.0,0.0,0.0,0.0,0.0,8.0,2.0,1.0
2190,18.393884000000032,0,8.4247,1.8338,2.0345,1.7528,0.1991,0.0026,0.0052,0.0002,0.0454,0.0552,0.0022,0.0008,0.0086,0.0001,0.0014,0.0015,0.0,0.0001,0.008,0.0011,0.0004,0.0001,0.0029,0.0912,0.0307,0.0,0.0121,0.0,155.0,0.0,92.0,63.0,80.0,0.0,0.0,0.0,0.0,0.0,0.0,0.0,0.0,0.0,0.0,0.0,0.0,0.0,0.0,0.0,0.0,0.0,0.0,8.0,2.0,1.0
2191,18.40230870000003,0,8.2546,1.8114,2.0785,1.7952,0.2002,0.004,0.0054,0.0002,0.0371,0.0492,0.0031,0.0009,0.0123,0.0002,0.0016,0.0024,0.0001,0.0002,0.0085,0.0017,0.0005,0.0001,0.0038,0.0964,0.0231,0.0,0.0122,0.0,155.0,0.0,92.0,63.0,80.0,0.0,0.0,0.0,0.0,0.0,0.0,0.0,0.0,0.0,0.0,0.0,0.0,0.0,0.0,0.0,0.0,0.0,0.0,8.0,2.0,1.0
2192,18.41056330000003,0,8.6993,1.8811,2.2952,1.7945,0.2424,0.0038,0.009,0.0002,0.054,0.0695,0.0026,0.0009,0.0126,0.0002,0.0016,0.0022,0.0,0.0001,0.0089,0.0021,0.0005,0.0001,0.0037,0.1181,0.0269,0.0,0.0127,0.0,155.0,0.0,92.0,63.0,80.0,0.0,0.0,0.0,0.0,0.0,0.0,0.0,0.0,0.0,0.0,0.0,0.0,0.0,0.0,0.0,0.0,0.0,0.0,8.0,2.0,1.0
2193,18.41926260000003,0,8.3264,2.0237,2.3855,1.9131,0.2818,0.0033,0.0071,0.0003,0.0442,0.0577,0.0035,0.0015,0.018,0.0001,0.0027,0.002,0.0001,0.0001,0.0101,0.0015,0.0006,0.0006,0.0071,0.1251,0.0552,0.0,0.0124,0.0,155.0,0.0,92.0,63.0,80.0,0.0,0.0,0.0,0.0,0.0,0.0,0.0,0.0,0.0,0.0,0.0,0.0,0.0,0.0,0.0,0.0,0.0,0.0,8.0,2.0,1.0
2194,18.427589000000033,0,8.7613,2.0354,2.8109,1.9774,0.2681,0.0023,0.0087,0.0004,0.0541,0.0687,0.0029,0.0006,0.0127,0.0,0.0018,0.001,0.0,0.0001,0.0077,0.0013,0.0003,0.0001,0.0041,0.1174,0.0355,0.0001,0.0123,0.0,155.0,0.0,92.0,63.0,80.0,0.0,0.0,0.0,0.0,0.0,0.0,0.0,0.0,0.0,0.0,0.0,0.0,0.0,0.0,0.0,0.0,0.0,0.0,8.0,2.0,1.0
2195,18.436350300000033,0,7.9094,2.2947,2.5096,1.9658,0.2107,0.003,0.0065,0.0002,0.0373,0.05,0.0027,0.001,0.011,0.0001,0.0017,0.0017,0.0001,0.0002,0.0087,0.0016,0.0006,0.0001,0.0032,0.093,0.0247,0.0,0.0128,0.0,155.0,0.0,92.0,63.0,80.0,0.0,0.0,0.0,0.0,0.0,0.0,0.0,0.0,0.0,0.0,0.0,0.0,0.0,0.0,0.0,0.0,0.0,0.0,8.0,2.0,1.0
2196,18.444259700000032,0,8.2147,1.9942,2.2791,1.7781,0.1975,0.0034,0.0083,0.0002,0.043,0.0571,0.0025,0.0007,0.0098,0.0001,0.0013,0.0015,0.0,0.0001,0.0082,0.0012,0.0011,0.0001,0.0031,0.0971,0.0204,0.0,0.0136,0.0,155.0,0.0,92.0,63.0,82.0,0.0,0.0,0.0,0.0,0.0,0.0,0.0,0.0,0.0,0.0,0.0,0.0,0.0,0.0,0.0,0.0,0.0,0.0,8.0,2.0,1.0
2197,18.452474400000032,0,8.1866,1.9273,2.1691,1.8172,0.2015,0.0032,0.0085,0.0002,0.034,0.0482,0.0023,0.0006,0.011,0.0001,0.0018,0.0016,0.0001,0.0001,0.0085,0.0012,0.0005,0.0001,0.0037,0.0925,0.0215,0.0001,0.0125,0.0,155.0,0.0,92.0,63.0,82.0,0.0,0.0,0.0,0.0,0.0,0.0,0.0,0.0,0.0,0.0,0.0,0.0,0.0,0.0,0.0,0.0,0.0,0.0,8.0,2.0,1.0
2198,18.46066100000003,0,8.4896,1.833,2.2548,1.7485,0.3249,0.003,0.0084,0.0003,0.1233,0.1374,0.0031,0.0007,0.0106,0.0001,0.0013,0.0018,0.0001,0.0001,0.0079,0.0015,0.0004,0.0,0.0032,0.1774,0.0213,0.0,0.0119,0.0,155.0,0.0,92.0,63.0,82.0,0.0,0.0,0.0,0.0,0.0,0.0,0.0,0.0,0.0,0.0,0.0,0.0,0.0,0.0,0.0,0.0,0.0,0.0,8.0,2.0,1.0
2199,18.46915060000003,0,8.3904,1.7511,2.3138,1.8511,0.2707,0.0043,0.0083,0.0008,0.1118,0.1277,0.002,0.0006,0.0087,0.0001,0.002,0.0015,0.0001,0.0001,0.0081,0.0013,0.0005,0.0001,0.003,0.166,0.0229,0.0001,0.0129,0.0,155.0,0.0,92.0,63.0,82.0,0.0,0.0,0.0,0.0,0.0,0.0,0.0,0.0,0.0,0.0,0.0,0.0,0.0,0.0,0.0,0.0,0.0,0.0,8.0,2.0,1.0
2200,18.47754100000003,0,7.9986,1.6939,2.1048,1.8765,0.1878,0.0032,0.0077,0.0001,0.0391,0.052,0.0021,0.0006,0.0088,0.0001,0.0016,0.0014,0.0001,0.0001,0.0083,0.0013,0.0005,0.0,0.0032,0.0915,0.0214,0.0,0.012,0.0,155.0,0.0,92.0,63.0,82.0,0.0,0.0,0.0,0.0,0.0,0.0,0.0,0.0,0.0,0.0,0.0,0.0,0.0,0.0,0.0,0.0,0.0,0.0,8.0,2.0,1.0
2201,18.48553960000003,0,8.4239,1.8237,2.0105,1.7439,0.191,0.0041,0.0083,0.0001,0.03,0.045,0.0023,0.0007,0.0112,0.0001,0.0014,0.0022,0.0002,0.0001,0.0078,0.0011,0.0004,0.0001,0.0032,0.0874,0.0236,0.0,0.0116,0.0,155.0,0.0,92.0,63.0,82.0,0.0,0.0,0.0,0.0,0.0,0.0,0.0,0.0,0.0,0.0,0.0,0.0,0.0,0.0,0.0,0.0,0.0,0.0,8.0,2.0,1.0
2202,18.49396350000003,0,8.3896,1.8634,2.145,1.8257,0.216,0.0031,0.0081,0.0003,0.045,0.0583,0.0024,0.0009,0.0118,0.0001,0.0016,0.0015,0.0001,0.0002,0.0095,0.0021,0.0005,0.0001,0.0031,0.1057,0.025,0.0001,0.0126,0.0,155.0,0.0,92.0,63.0,82.0,0.0,0.0,0.0,0.0,0.0,0.0,0.0,0.0,0.0,0.0,0.0,0.0,0.0,0.0,0.0,0.0,0.0,0.0,8.0,2.0,1.0
2203,18.502353100000033,0,8.4504,1.8884,2.2713,1.7667,0.2324,0.0037,0.0093,0.0002,0.0364,0.0523,0.0029,0.001,0.0118,0.0002,0.0014,0.0018,0.0002,0.0001,0.0095,0.0013,0.0006,0.0001,0.0037,0.0989,0.0229,0.0,0.0107,0.0,155.0,0.0,92.0,63.0,82.0,0.0,0.0,0.0,0.0,0.0,0.0,0.0,0.0,0.0,0.0,0.0,0.0,0.0,0.0,0.0,0.0,0.0,0.0,8.0,2.0,1.0
2204,18.510803500000033,0,8.2765,1.7468,2.21,1.8,0.2074,0.0026,0.0066,0.0001,0.0476,0.0592,0.0023,0.0011,0.0114,0.0006,0.0012,0.0015,0.0006,0.0001,0.008,0.0012,0.0005,0.0001,0.0031,0.1017,0.0246,0.0,0.0123,0.0,155.0,0.0,92.0,63.0,82.0,0.0,0.0,0.0,0.0,0.0,0.0,0.0,0.0,0.0,0.0,0.0,0.0,0.0,0.0,0.0,0.0,0.0,0.0,8.0,2.0,1.0
2205,18.519080000000034,0,8.2371,2.0046,2.1148,1.7304,0.2045,0.0046,0.0061,0.0002,0.0386,0.0516,0.0021,0.0012,0.0103,0.0001,0.0019,0.0013,0.0001,0.0001,0.008,0.0016,0.0005,0.0,0.003,0.0919,0.019,0.0,0.0119,0.0,155.0,0.0,92.0,63.0,82.0,0.0,0.0,0.0,0.0,0.0,0.0,0.0,0.0,0.0,0.0,0.0,0.0,0.0,0.0,0.0,0.0,0.0,0.0,8.0,2.0,1.0
2206,18.527317100000033,0,8.342,1.8248,2.1503,1.7925,0.218,0.0032,0.0086,0.0007,0.0495,0.0643,0.0023,0.0009,0.0098,0.0001,0.0019,0.0016,0.0001,0.0001,0.0081,0.0013,0.0004,0.0,0.0038,0.1067,0.0234,0.0001,0.0118,0.0,155.0,0.0,92.0,63.0,82.0,0.0,0.0,0.0,0.0,0.0,0.0,0.0,0.0,0.0,0.0,0.0,0.0,0.0,0.0,0.0,0.0,0.0,0.0,8.0,2.0,1.0
2207,18.535659100000032,0,8.3095,1.9341,2.0936,1.8304,0.1949,0.0027,0.0076,0.0001,0.0321,0.0447,0.0022,0.0007,0.01,0.0001,0.0014,0.0022,0.0001,0.0001,0.008,0.0015,0.0005,0.0,0.003,0.085,0.0239,0.0001,0.0129,0.0,155.0,0.0,92.0,63.0,84.0,0.0,0.0,0.0,0.0,0.0,0.0,0.0,0.0,0.0,0.0,0.0,0.0,0.0,0.0,0.0,0.0,0.0,0.0,8.0,2.0,1.0
2208,18.54396860000003,0,8.3057,1.8104,2.1123,1.7819,0.2361,0.003,0.0077,0.0002,0.0444,0.0573,0.0028,0.0009,0.0126,0.0002,0.002,0.0019,0.0001,0.0008,0.0093,0.0019,0.0005,0.0001,0.0046,0.1149,0.0247,0.0,0.0111,0.0,155.0,0.0,92.0,63.0,82.0,0.0,0.0,0.0,0.0,0.0,0.0,0.0,0.0,0.0,0.0,0.0,0.0,0.0,0.0,0.0,0.0,0.0,0.0,8.0,2.0,1.0
2209,18.552274300000033,0,8.3702,1.8396,2.0857,1.7864,0.2779,0.0032,0.0095,0.0002,0.032,0.0478,0.0025,0.0006,0.0112,0.0001,0.0017,0.0019,0.0001,0.0001,0.0078,0.0011,0.0004,0.0005,0.003,0.0903,0.1123,0.0,0.0128,0.0,155.0,0.0,92.0,63.0,82.0,0.0,0.0,0.0,0.0,0.0,0.0,0.0,0.0,0.0,0.0,0.0,0.0,0.0,0.0,0.0,0.0,0.0,0.0,8.0,2.0,1.0
2210,18.560644500000034,0,8.4899,1.7742,2.2076,1.763,0.1873,0.0027,0.0076,0.0003,0.0357,0.0484,0.0019,0.0007,0.0108,0.0001,0.0014,0.0016,0.0001,0.0001,0.0078,0.0011,0.0004,0.0,0.0031,0.0887,0.0213,0.0,0.0123,0.0,155.0,0.0,92.0,63.0,80.0,0.0,0.0,0.0,0.0,0.0,0.0,0.0,0.0,0.0,0.0,0.0,0.0,0.0,0.0,0.0,0.0,0.0,0.0,8.0,2.0,1.0
2211,18.569134400000035,0,8.3397,1.8537,2.2382,1.7894,0.2452,0.0028,0.0044,0.0002,0.1046,0.1137,0.0019,0.0008,0.0076,0.0001,0.0012,0.0012,0.0001,0.0005,0.0078,0.0011,0.0004,0.0001,0.003,0.149,0.022,0.0,0.0127,0.0,155.0,0.0,92.0,63.0,80.0,0.0,0.0,0.0,0.0,0.0,0.0,0.0,0.0,0.0,0.0,0.0,0.0,0.0,0.0,0.0,0.0,0.0,0.0,8.0,2.0,1.0
2212,18.577474100000035,0,8.3064,1.8289,2.3416,1.7453,0.2091,0.0025,0.0047,0.0001,0.0485,0.0583,0.0029,0.0009,0.0112,0.0002,0.0019,0.0016,0.0001,0.0001,0.0088,0.0013,0.0005,0.0001,0.0042,0.1033,0.027,0.0,0.0123,0.0,155.0,0.0,92.0,63.0,80.0,0.0,0.0,0.0,0.0,0.0,0.0,0.0,0.0,0.0,0.0,0.0,0.0,0.0,0.0,0.0,0.0,0.0,0.0,8.0,2.0,1.0
2213,18.585780500000034,0,8.0949,2.1937,2.0425,1.9987,0.2032,0.0044,0.0055,0.0002,0.039,0.0523,0.0034,0.0007,0.0126,0.0001,0.0018,0.0018,0.0,0.0001,0.0084,0.0013,0.0009,0.0001,0.0035,0.0972,0.0241,0.0001,0.0121,0.0,155.0,0.0,92.0,63.0,80.0,0.0,0.0,0.0,0.0,0.0,0.0,0.0,0.0,0.0,0.0,0.0,0.0,0.0,0.0,0.0,0.0,0.0,0.0,8.0,2.0,1.0
2214,18.593875400000034,0,8.5034,1.9579,2.1543,1.7799,0.2912,0.0026,0.0047,0.0002,0.0667,0.0761,0.0021,0.0008,0.0094,0.0001,0.0013,0.0016,0.0,0.0001,0.0072,0.0011,0.0005,0.0001,0.0029,0.1147,0.1038,0.0001,0.0125,0.0,155.0,0.0,92.0,63.0,80.0,0.0,0.0,0.0,0.0,0.0,0.0,0.0,0.0,0.0,0.0,0.0,0.0,0.0,0.0,0.0,0.0,0.0,0.0,8.0,2.0,1.0
2215,18.602378800000032,0,8.156,1.9645,1.9558,1.7223,0.1741,0.0032,0.006,0.0001,0.0305,0.042,0.0024,0.0007,0.0108,0.0001,0.0017,0.0015,0.0,0.0007,0.0073,0.0012,0.0004,0.0001,0.0031,0.081,0.021,0.0001,0.0116,0.0,155.0,0.0,92.0,63.0,80.0,0.0,0.0,0.0,0.0,0.0,0.0,0.0,0.0,0.0,0.0,0.0,0.0,0.0,0.0,0.0,0.0,0.0,0.0,8.0,2.0,1.0
2216,18.610534800000032,0,8.5511,1.9102,2.1914,1.8949,0.2964,0.0032,0.0059,0.0001,0.1073,0.1187,0.0027,0.0007,0.0094,0.0002,0.0011,0.0013,0.0002,0.0002,0.0073,0.0012,0.0004,0.0001,0.0028,0.1561,0.0216,0.0001,0.0128,0.0,155.0,0.0,92.0,63.0,80.0,0.0,0.0,0.0,0.0,0.0,0.0,0.0,0.0,0.0,0.0,0.0,0.0,0.0,0.0,0.0,0.0,0.0,0.0,8.0,2.0,1.0
2217,18.61908590000003,0,8.2239,2.0004,2.1548,1.8775,0.2275,0.0029,0.0047,0.0001,0.0393,0.0487,0.0019,0.0007,0.0502,0.0001,0.0012,0.0015,0.0,0.0002,0.007,0.0016,0.0004,0.0001,0.0032,0.1299,0.0208,0.0001,0.0123,0.0,155.0,0.0,92.0,63.0,80.0,0.0,0.0,0.0,0.0,0.0,0.0,0.0,0.0,0.0,0.0,0.0,0.0,0.0,0.0,0.0,0.0,0.0,0.0,8.0,2.0,1.0
2218,18.62730980000003,0,8.4589,1.8237,2.204,1.845,0.1889,0.0029,0.0054,0.0002,0.0411,0.0517,0.0017,0.0007,0.0069,0.0001,0.0011,0.0014,0.0005,0.0001,0.0078,0.0012,0.0004,0.0001,0.0029,0.0886,0.02,0.0,0.0116,0.0,155.0,0.0,92.0,63.0,80.0,0.0,0.0,0.0,0.0,0.0,0.0,0.0,0.0,0.0,0.0,0.0,0.0,0.0,0.0,0.0,0.0,0.0,0.0,8.0,2.0,1.0
2219,18.635768700000032,0,8.2589,1.7766,2.1552,1.8127,0.1795,0.003,0.0063,0.0002,0.0312,0.0426,0.0019,0.0006,0.0082,0.0001,0.0011,0.0014,0.0006,0.0001,0.0082,0.0011,0.0004,0.0001,0.003,0.0811,0.019,0.0,0.0105,0.0,155.0,0.0,92.0,63.0,80.0,0.0,0.0,0.0,0.0,0.0,0.0,0.0,0.0,0.0,0.0,0.0,0.0,0.0,0.0,0.0,0.0,0.0,0.0,8.0,2.0,1.0
2220,18.644027600000033,0,8.2807,1.9379,2.1416,1.9176,0.1883,0.0028,0.0062,0.0002,0.0407,0.0522,0.0022,0.0005,0.0101,0.0001,0.0011,0.0019,0.0001,0.0001,0.007,0.0011,0.0004,0.0001,0.0032,0.0912,0.0215,0.0,0.0131,0.0,155.0,0.0,92.0,63.0,80.0,0.0,0.0,0.0,0.0,0.0,0.0,0.0,0.0,0.0,0.0,0.0,0.0,0.0,0.0,0.0,0.0,0.0,0.0,8.0,2.0,1.0
2221,18.652308300000033,0,8.2898,2.0706,2.0673,1.8058,0.1862,0.0029,0.0046,0.0002,0.0406,0.0507,0.002,0.0008,0.0078,0.0002,0.0012,0.002,0.0001,0.0002,0.0075,0.0012,0.0011,0.0,0.003,0.0881,0.019,0.0001,0.0121,0.0,155.0,0.0,92.0,63.0,80.0,0.0,0.0,0.0,0.0,0.0,0.0,0.0,0.0,0.0,0.0,0.0,0.0,0.0,0.0,0.0,0.0,0.0,0.0,8.0,2.0,1.0
2222,18.660598100000033,0,8.7605,1.9782,2.369,1.7999,0.2368,0.0034,0.0052,0.0003,0.055,0.0665,0.0025,0.001,0.012,0.0001,0.0018,0.0023,0.0002,0.0001,0.0099,0.0013,0.0006,0.0004,0.0038,0.1173,0.0241,0.0,0.011,0.0,155.0,0.0,92.0,63.0,80.0,0.0,0.0,0.0,0.0,0.0,0.0,0.0,0.0,0.0,0.0,0.0,0.0,0.0,0.0,0.0,0.0,0.0,0.0,8.0,2.0,1.0
2223,18.669358600000034,0,8.1379,2.0289,2.3216,1.9813,0.1947,0.0025,0.0048,0.0002,0.0374,0.0473,0.0023,0.0008,0.0103,0.0002,0.0014,0.0021,0.0001,0.0002,0.0078,0.0016,0.0005,0.0001,0.0031,0.0884,0.0221,0.0,0.0114,0.0,155.0,0.0,92.0,63.0,80.0,0.0,0.0,0.0,0.0,0.0,0.0,0.0,0.0,0.0,0.0,0.0,0.0,0.0,0.0,0.0,0.0,0.0,0.0,8.0,2.0,1.0
2224,18.677496500000036,0,8.4449,1.9328,2.4942,1.8493,0.23,0.0033,0.0087,0.0002,0.0448,0.0602,0.0029,0.0009,0.0134,0.0002,0.0017,0.0018,0.0001,0.0002,0.0093,0.0018,0.0005,0.0001,0.0036,0.1093,0.0266,0.0,0.0116,0.0,155.0,0.0,92.0,63.0,80.0,0.0,0.0,0.0,0.0,0.0,0.0,0.0,0.0,0.0,0.0,0.0,0.0,0.0,0.0,0.0,0.0,0.0,0.0,8.0,2.0,1.0
2225,18.685941400000036,0,8.2837,2.0058,2.388,1.8674,0.3318,0.0027,0.006,0.0002,0.0396,0.0505,0.0026,0.0007,0.0968,0.0001,0.002,0.002,0.0001,0.0002,0.0084,0.0013,0.0005,0.0001,0.0033,0.18,0.0225,0.0001,0.0135,0.0,155.0,0.0,92.0,63.0,80.0,0.0,0.0,0.0,0.0,0.0,0.0,0.0,0.0,0.0,0.0,0.0,0.0,0.0,0.0,0.0,0.0,0.0,0.0,8.0,2.0,1.0
2226,18.694225100000036,0,8.8937,1.9652,2.8182,1.9135,0.2443,0.0034,0.0058,0.0002,0.0624,0.0745,0.0028,0.0009,0.012,0.0001,0.0016,0.0018,0.0001,0.0001,0.0084,0.0012,0.0011,0.0001,0.0036,0.1223,0.0243,0.0001,0.011,0.0,155.0,0.0,92.0,63.0,80.0,0.0,0.0,0.0,0.0,0.0,0.0,0.0,0.0,0.0,0.0,0.0,0.0,0.0,0.0,0.0,0.0,0.0,0.0,8.0,2.0,1.0
2227,18.703118800000038,0,7.6495,2.3641,2.32,1.9474,0.2019,0.0033,0.0051,0.0002,0.0414,0.0528,0.0023,0.0008,0.0118,0.0001,0.0018,0.0017,0.0001,0.0001,0.0085,0.0011,0.0004,0.0001,0.0031,0.0955,0.022,0.0,0.0133,0.0,155.0,0.0,92.0,63.0,80.0,0.0,0.0,0.0,0.0,0.0,0.0,0.0,0.0,0.0,0.0,0.0,0.0,0.0,0.0,0.0,0.0,0.0,0.0,8.0,2.0,1.0
2228,18.710768300000037,0,8.365,1.9466,2.3145,2.0112,0.2109,0.0028,0.0054,0.0002,0.0557,0.0672,0.0027,0.0005,0.0098,0.0002,0.0015,0.0016,0.0001,0.0002,0.0085,0.0012,0.0004,0.0001,0.003,0.1077,0.0219,0.0,0.0116,0.0,155.0,0.0,92.0,63.0,80.0,0.0,0.0,0.0,0.0,0.0,0.0,0.0,0.0,0.0,0.0,0.0,0.0,0.0,0.0,0.0,0.0,0.0,0.0,8.0,2.0,1.0
2229,18.71913330000004,0,8.3937,1.9848,2.1854,1.901,0.1929,0.003,0.0051,0.0002,0.0398,0.0504,0.0019,0.0008,0.0093,0.0005,0.0014,0.0017,0.0001,0.0001,0.0081,0.0012,0.0005,0.0002,0.0031,0.0903,0.0221,0.0,0.0121,0.0,155.0,0.0,92.0,63.0,80.0,0.0,0.0,0.0,0.0,0.0,0.0,0.0,0.0,0.0,0.0,0.0,0.0,0.0,0.0,0.0,0.0,0.0,0.0,8.0,2.0,1.0
2230,18.727527000000038,0,8.4576,1.9941,2.4903,1.7724,0.2393,0.0046,0.0092,0.0003,0.0506,0.068,0.003,0.001,0.0119,0.0001,0.0017,0.0018,0.0001,0.0002,0.0089,0.0013,0.001,0.0001,0.0037,0.1147,0.024,0.0,0.012,0.0,155.0,0.0,92.0,63.0,80.0,0.0,0.0,0.0,0.0,0.0,0.0,0.0,0.0,0.0,0.0,0.0,0.0,0.0,0.0,0.0,0.0,0.0,0.0,8.0,2.0,1.0
2231,18.735984600000037,0,8.1728,2.0281,2.2922,1.9707,0.204,0.0041,0.0079,0.0003,0.0319,0.0472,0.002,0.0007,0.0106,0.0001,0.0021,0.0016,0.0001,0.0002,0.0088,0.0012,0.0005,0.0001,0.0032,0.0898,0.0241,0.0001,0.0126,0.0,155.0,0.0,92.0,63.0,80.0,0.0,0.0,0.0,0.0,0.0,0.0,0.0,0.0,0.0,0.0,0.0,0.0,0.0,0.0,0.0,0.0,0.0,0.0,8.0,2.0,1.0
2232,18.744157400000038,0,8.4892,2.1735,2.4755,1.9606,0.2208,0.0031,0.0049,0.0002,0.0552,0.0656,0.0023,0.0007,0.012,0.0001,0.0017,0.0016,0.0,0.0002,0.009,0.0023,0.0005,0.0,0.0032,0.1105,0.0241,0.0,0.0133,0.0,155.0,0.0,92.0,63.0,80.0,0.0,0.0,0.0,0.0,0.0,0.0,0.0,0.0,0.0,0.0,0.0,0.0,0.0,0.0,0.0,0.0,0.0,0.0,8.0,2.0,1.0
2233,18.752646600000038,0,8.5711,2.0286,2.6885,2.0326,0.2703,0.0034,0.0093,0.0002,0.0449,0.0608,0.0037,0.0015,0.0197,0.0002,0.0023,0.0022,0.0002,0.0001,0.0096,0.0022,0.0005,0.0001,0.0072,0.1274,0.0389,0.0,0.012,0.0,155.0,0.0,92.0,63.0,82.0,0.0,0.0,0.0,0.0,0.0,0.0,0.0,0.0,0.0,0.0,0.0,0.0,0.0,0.0,0.0,0.0,0.0,0.0,8.0,2.0,1.0
2234,18.76121770000004,0,8.6011,2.4139,2.8484,1.8666,0.2102,0.0034,0.0095,0.0002,0.0415,0.0572,0.0021,0.0012,0.011,0.0001,0.0015,0.0015,0.0001,0.0001,0.0085,0.0013,0.0005,0.0001,0.0032,0.0997,0.0237,0.0,0.0126,0.0,155.0,0.0,92.0,63.0,82.0,0.0,0.0,0.0,0.0,0.0,0.0,0.0,0.0,0.0,0.0,0.0,0.0,0.0,0.0,0.0,0.0,0.0,0.0,8.0,2.0,1.0
2235,18.76981880000004,0,7.8709,2.0011,2.4919,1.9,0.2276,0.0034,0.0096,0.0003,0.0426,0.0584,0.0022,0.001,0.0111,0.0001,0.0016,0.0022,0.0001,0.0001,0.0078,0.0013,0.0005,0.0001,0.0034,0.1006,0.0366,0.0,0.0128,0.0,155.0,0.0,92.0,63.0,82.0,0.0,0.0,0.0,0.0,0.0,0.0,0.0,0.0,0.0,0.0,0.0,0.0,0.0,0.0,0.0,0.0,0.0,0.0,8.0,2.0,1.0
2236,18.77768970000004,0,8.2847,2.0571,2.4377,1.899,0.2165,0.0031,0.0074,0.0003,0.0459,0.0595,0.0029,0.0009,0.0111,0.0001,0.0018,0.0016,0.0001,0.0001,0.0078,0.0014,0.0005,0.0001,0.0033,0.1016,0.0217,0.0001,0.0131,0.0,155.0,0.0,92.0,63.0,82.0,0.0,0.0,0.0,0.0,0.0,0.0,0.0,0.0,0.0,0.0,0.0,0.0,0.0,0.0,0.0,0.0,0.0,0.0,8.0,2.0,1.0
2237,18.78597440000004,0,8.2923,2.1715,2.3195,2.0648,0.1938,0.0026,0.008,0.0001,0.0313,0.0443,0.0019,0.0008,0.0092,0.0001,0.0015,0.002,0.0001,0.0001,0.0087,0.0018,0.0006,0.0001,0.003,0.0848,0.0231,0.0001,0.0136,0.0,155.0,0.0,92.0,63.0,82.0,0.0,0.0,0.0,0.0,0.0,0.0,0.0,0.0,0.0,0.0,0.0,0.0,0.0,0.0,0.0,0.0,0.0,0.0,8.0,2.0,1.0
2238,18.79426670000004,0,8.3378,2.0748,2.4105,1.8533,0.2066,0.0029,0.0063,0.0001,0.0441,0.0561,0.0021,0.0007,0.0104,0.0001,0.002,0.0016,0.0002,0.0001,0.0081,0.0013,0.0005,0.0001,0.0031,0.0982,0.0243,0.0,0.0117,0.0,155.0,0.0,92.0,63.0,82.0,0.0,0.0,0.0,0.0,0.0,0.0,0.0,0.0,0.0,0.0,0.0,0.0,0.0,0.0,0.0,0.0,0.0,0.0,8.0,2.0,1.0
2239,18.80260450000004,0,8.2802,2.0372,2.382,1.9254,0.1951,0.0029,0.0083,0.0002,0.03,0.0438,0.0023,0.0007,0.0099,0.0002,0.0015,0.0019,0.0001,0.0001,0.0087,0.0012,0.0004,0.0001,0.0031,0.0858,0.0209,0.0001,0.0138,0.0,155.0,0.0,92.0,63.0,82.0,0.0,0.0,0.0,0.0,0.0,0.0,0.0,0.0,0.0,0.0,0.0,0.0,0.0,0.0,0.0,0.0,0.0,0.0,8.0,2.0,1.0
2240,18.81088470000004,0,8.2512,1.8759,2.132,1.8844,0.1903,0.0028,0.008,0.0002,0.0389,0.0522,0.002,0.0007,0.0097,0.0006,0.0013,0.0013,0.0006,0.0001,0.0078,0.0011,0.0004,0.0001,0.0031,0.0907,0.0214,0.0001,0.0126,0.0,155.0,0.0,92.0,63.0,82.0,0.0,0.0,0.0,0.0,0.0,0.0,0.0,0.0,0.0,0.0,0.0,0.0,0.0,0.0,0.0,0.0,0.0,0.0,8.0,2.0,1.0
2241,18.81913590000004,0,8.2612,1.8467,2.1668,1.8532,0.1908,0.0025,0.0062,0.0002,0.0363,0.0476,0.0022,0.0009,0.0118,0.0001,0.0013,0.0016,0.0,0.0001,0.008,0.0011,0.0004,0.0006,0.003,0.0904,0.0197,0.0001,0.0119,0.0,155.0,0.0,92.0,63.0,82.0,0.0,0.0,0.0,0.0,0.0,0.0,0.0,0.0,0.0,0.0,0.0,0.0,0.0,0.0,0.0,0.0,0.0,0.0,8.0,2.0,1.0
2242,18.82739710000004,0,8.8858,1.8666,2.7228,1.8877,0.2037,0.0032,0.0079,0.0002,0.0428,0.0571,0.0021,0.0008,0.0096,0.0001,0.0014,0.0015,0.0006,0.0001,0.0081,0.0012,0.0004,0.0001,0.0033,0.0974,0.0224,0.0001,0.0136,0.0,155.0,0.0,92.0,63.0,82.0,0.0,0.0,0.0,0.0,0.0,0.0,0.0,0.0,0.0,0.0,0.0,0.0,0.0,0.0,0.0,0.0,0.0,0.0,8.0,2.0,1.0
2243,18.836282900000043,0,7.9446,1.9479,2.3257,1.8631,0.1822,0.0027,0.0077,0.0003,0.0305,0.0433,0.0019,0.0006,0.0091,0.0001,0.0017,0.0014,0.0001,0.0006,0.008,0.0011,0.0004,0.0,0.0036,0.0835,0.019,0.0,0.0125,0.0,155.0,0.0,92.0,63.0,82.0,0.0,0.0,0.0,0.0,0.0,0.0,0.0,0.0,0.0,0.0,0.0,0.0,0.0,0.0,0.0,0.0,0.0,0.0,8.0,2.0,1.0
2244,18.84422750000004,0,8.2992,2.1072,2.2312,1.794,0.19,0.0026,0.0078,0.0001,0.0397,0.0529,0.0019,0.0006,0.0097,0.0001,0.0012,0.0018,0.0,0.0001,0.0077,0.0011,0.001,0.0001,0.003,0.0916,0.0215,0.0001,0.0131,0.0,155.0,0.0,92.0,63.0,82.0,0.0,0.0,0.0,0.0,0.0,0.0,0.0,0.0,0.0,0.0,0.0,0.0,0.0,0.0,0.0,0.0,0.0,0.0,8.0,2.0,1.0
2245,18.85252670000004,0,8.381,1.8741,2.3829,1.8124,0.1968,0.003,0.0082,0.0002,0.0347,0.0483,0.002,0.0008,0.0104,0.0002,0.0014,0.0017,0.0,0.0001,0.0073,0.0012,0.0007,0.0001,0.0031,0.0863,0.0215,0.0,0.0127,0.0,155.0,0.0,92.0,63.0,82.0,0.0,0.0,0.0,0.0,0.0,0.0,0.0,0.0,0.0,0.0,0.0,0.0,0.0,0.0,0.0,0.0,0.0,0.0,8.0,2.0,1.0
2246,18.86090770000004,0,8.3312,2.079,2.2186,1.8893,0.1834,0.0028,0.008,0.0002,0.0379,0.0506,0.0023,0.0006,0.0091,0.0001,0.001,0.0016,0.0001,0.0001,0.0079,0.0011,0.0004,0.0,0.0035,0.0881,0.0195,0.0,0.0119,0.0,155.0,0.0,92.0,63.0,82.0,0.0,0.0,0.0,0.0,0.0,0.0,0.0,0.0,0.0,0.0,0.0,0.0,0.0,0.0,0.0,0.0,0.0,0.0,8.0,2.0,1.0
2247,18.869238900000042,0,8.078,1.9728,2.0109,1.7567,0.171,0.0024,0.0079,0.0001,0.0282,0.0404,0.0019,0.0006,0.0099,0.0002,0.0011,0.0017,0.0,0.0001,0.008,0.0017,0.0004,0.0001,0.0031,0.0784,0.0204,0.0,0.0124,0.0,155.0,0.0,92.0,63.0,82.0,0.0,0.0,0.0,0.0,0.0,0.0,0.0,0.0,0.0,0.0,0.0,0.0,0.0,0.0,0.0,0.0,0.0,0.0,8.0,2.0,1.0
2248,18.877316900000043,0,8.4342,1.9244,2.1036,1.81,0.1938,0.0032,0.0079,0.0002,0.0447,0.0579,0.0019,0.0007,0.0084,0.0002,0.0017,0.0014,0.0001,0.0001,0.0075,0.0015,0.0004,0.0001,0.003,0.0948,0.0228,0.0,0.0132,0.0,155.0,0.0,92.0,63.0,82.0,0.0,0.0,0.0,0.0,0.0,0.0,0.0,0.0,0.0,0.0,0.0,0.0,0.0,0.0,0.0,0.0,0.0,0.0,8.0,2.0,1.0
2249,18.885751100000043,0,8.823,1.9702,2.6411,1.806,0.1874,0.003,0.0081,0.0002,0.0313,0.0445,0.0021,0.0006,0.0106,0.0002,0.0018,0.0015,0.0001,0.0001,0.0078,0.0016,0.0004,0.0,0.0032,0.0854,0.0199,0.0,0.0134,0.0,155.0,0.0,92.0,63.0,82.0,0.0,0.0,0.0,0.0,0.0,0.0,0.0,0.0,0.0,0.0,0.0,0.0,0.0,0.0,0.0,0.0,0.0,0.0,8.0,2.0,1.0
2250,18.894574100000042,0,8.2099,2.0893,2.3321,1.7898,0.2316,0.0031,0.0084,0.0002,0.0481,0.0625,0.0029,0.0009,0.0121,0.0002,0.0019,0.0017,0.0001,0.0001,0.0085,0.0013,0.0006,0.0001,0.0042,0.1112,0.024,0.0,0.0115,0.0,155.0,0.0,92.0,63.0,82.0,0.0,0.0,0.0,0.0,0.0,0.0,0.0,0.0,0.0,0.0,0.0,0.0,0.0,0.0,0.0,0.0,0.0,0.0,8.0,2.0,1.0
2251,18.902784000000043,0,8.8146,2.1071,2.8038,2.0216,0.2148,0.0038,0.0086,0.0004,0.0334,0.0492,0.0021,0.0008,0.0101,0.0001,0.0017,0.0022,0.0001,0.0001,0.0096,0.0013,0.0005,0.0001,0.0032,0.0935,0.0243,0.0001,0.0132,0.0,155.0,0.0,92.0,63.0,82.0,0.0,0.0,0.0,0.0,0.0,0.0,0.0,0.0,0.0,0.0,0.0,0.0,0.0,0.0,0.0,0.0,0.0,0.0,8.0,2.0,1.0
2252,18.911598600000044,0,8.0027,2.2274,2.6547,2.1637,0.2312,0.0032,0.0087,0.0003,0.0435,0.059,0.0022,0.0012,0.0119,0.0001,0.0015,0.0021,0.0001,0.0001,0.0086,0.0018,0.0005,0.0001,0.0034,0.1056,0.0271,0.0,0.0123,0.0,155.0,0.0,92.0,63.0,82.0,0.0,0.0,0.0,0.0,0.0,0.0,0.0,0.0,0.0,0.0,0.0,0.0,0.0,0.0,0.0,0.0,0.0,0.0,8.0,2.0,1.0
2253,18.919601300000043,0,8.4993,2.2994,2.6963,1.9881,0.3028,0.0058,0.0136,0.0002,0.0556,0.0787,0.0033,0.0008,0.014,0.0002,0.0021,0.0025,0.0001,0.0001,0.0095,0.0015,0.0005,0.0001,0.0038,0.1312,0.0307,0.0,0.0128,0.0,155.0,0.0,92.0,63.0,82.0,0.0,0.0,0.0,0.0,0.0,0.0,0.0,0.0,0.0,0.0,0.0,0.0,0.0,0.0,0.0,0.0,0.0,0.0,8.0,2.0,1.0
2254,18.928100600000043,0,8.8143,2.3059,3.2372,2.1333,0.2487,0.0037,0.009,0.0002,0.0539,0.0703,0.0025,0.001,0.0121,0.0001,0.0023,0.0017,0.0002,0.0003,0.0089,0.0014,0.0006,0.0001,0.0037,0.1179,0.0248,0.0001,0.0145,0.0,155.0,0.0,92.0,63.0,82.0,0.0,0.0,0.0,0.0,0.0,0.0,0.0,0.0,0.0,0.0,0.0,0.0,0.0,0.0,0.0,0.0,0.0,0.0,8.0,2.0,1.0
2255,18.936914900000044,0,7.5748,2.1886,2.5692,2.0321,0.206,0.003,0.0092,0.0003,0.033,0.048,0.0021,0.0008,0.0108,0.0001,0.0019,0.0015,0.0001,0.0001,0.0083,0.0012,0.0004,0.0001,0.0033,0.0913,0.023,0.0,0.0123,0.0,155.0,0.0,92.0,63.0,82.0,0.0,0.0,0.0,0.0,0.0,0.0,0.0,0.0,0.0,0.0,0.0,0.0,0.0,0.0,0.0,0.0,0.0,0.0,8.0,2.0,1.0
2256,18.944489700000045,0,8.3518,2.1397,2.4948,2.0045,0.2328,0.0034,0.0096,0.0003,0.0459,0.0622,0.0022,0.0009,0.0106,0.0006,0.0014,0.0022,0.0001,0.0001,0.0083,0.0016,0.0006,0.0001,0.0041,0.108,0.0244,0.0,0.0116,0.0,155.0,0.0,92.0,63.0,82.0,0.0,0.0,0.0,0.0,0.0,0.0,0.0,0.0,0.0,0.0,0.0,0.0,0.0,0.0,0.0,0.0,0.0,0.0,8.0,2.0,1.0
2257,18.952841500000044,0,8.3184,2.3091,2.4038,1.8544,0.1919,0.003,0.0089,0.0002,0.0298,0.0442,0.0021,0.0008,0.0107,0.0002,0.0017,0.0015,0.0001,0.0002,0.0089,0.0012,0.0005,0.0001,0.0032,0.0871,0.0211,0.0,0.0125,0.0,155.0,0.0,92.0,63.0,82.0,0.0,0.0,0.0,0.0,0.0,0.0,0.0,0.0,0.0,0.0,0.0,0.0,0.0,0.0,0.0,0.0,0.0,0.0,8.0,2.0,1.0
2258,18.961159900000045,0,8.5313,2.0462,2.5442,1.9167,0.2002,0.0027,0.0063,0.0002,0.0412,0.0531,0.0021,0.0015,0.0111,0.0001,0.0015,0.0018,0.0001,0.0001,0.0078,0.0012,0.0004,0.0,0.0031,0.0987,0.0218,0.0001,0.0118,0.0,155.0,0.0,92.0,63.0,80.0,0.0,0.0,0.0,0.0,0.0,0.0,0.0,0.0,0.0,0.0,0.0,0.0,0.0,0.0,0.0,0.0,0.0,0.0,8.0,2.0,1.0
2259,18.969691200000046,0,7.9663,2.0029,2.2439,1.937,0.2127,0.0033,0.0055,0.0002,0.0373,0.0494,0.0022,0.0008,0.0085,0.0002,0.0017,0.0016,0.0002,0.0001,0.0091,0.0013,0.0005,0.0001,0.0036,0.0926,0.0252,0.0,0.0122,0.0,155.0,0.0,92.0,63.0,80.0,0.0,0.0,0.0,0.0,0.0,0.0,0.0,0.0,0.0,0.0,0.0,0.0,0.0,0.0,0.0,0.0,0.0,0.0,8.0,2.0,1.0
2260,18.977657500000046,0,8.5364,1.9949,2.3355,1.9095,0.2134,0.0044,0.0064,0.0002,0.0482,0.0616,0.0027,0.0009,0.0109,0.0001,0.0015,0.0018,0.0002,0.0001,0.0086,0.0015,0.0005,0.0,0.0036,0.1054,0.0206,0.0001,0.0115,0.0,155.0,0.0,92.0,63.0,80.0,0.0,0.0,0.0,0.0,0.0,0.0,0.0,0.0,0.0,0.0,0.0,0.0,0.0,0.0,0.0,0.0,0.0,0.0,8.0,2.0,1.0
2261,18.986193900000046,0,8.3889,1.8944,2.5377,1.8636,0.2605,0.0026,0.0062,0.0002,0.0456,0.0578,0.0033,0.0017,0.0183,0.0004,0.0028,0.0025,0.0001,0.0002,0.0153,0.0019,0.0005,0.0001,0.006,0.1299,0.0397,0.0,0.0139,0.0,155.0,0.0,92.0,63.0,80.0,0.0,0.0,0.0,0.0,0.0,0.0,0.0,0.0,0.0,0.0,0.0,0.0,0.0,0.0,0.0,0.0,0.0,0.0,8.0,2.0,1.0
2262,18.994582800000046,0,8.3847,2.178,2.4757,1.884,0.2074,0.0027,0.0049,0.0002,0.0456,0.0554,0.0023,0.0008,0.0121,0.0001,0.0014,0.0018,0.0001,0.0001,0.0088,0.0018,0.0005,0.0001,0.0036,0.1017,0.0226,0.0,0.0131,0.0,155.0,0.0,92.0,63.0,80.0,0.0,0.0,0.0,0.0,0.0,0.0,0.0,0.0,0.0,0.0,0.0,0.0,0.0,0.0,0.0,0.0,0.0,0.0,8.0,2.0,1.0
2263,19.002967500000047,0,7.9629,2.1558,2.1687,1.8528,0.1927,0.0035,0.0067,0.0001,0.0338,0.0465,0.0027,0.0008,0.011,0.0001,0.0013,0.0016,0.0001,0.0001,0.007,0.0012,0.0004,0.0001,0.003,0.0843,0.0208,0.0,0.0111,0.0,155.0,0.0,92.0,63.0,80.0,0.0,0.0,0.0,0.0,0.0,0.0,0.0,0.0,0.0,0.0,0.0,0.0,0.0,0.0,0.0,0.0,0.0,0.0,8.0,2.0,1.0
2264,19.010930400000046,0,8.4869,1.9299,2.1558,1.7627,0.1925,0.0034,0.0063,0.0001,0.04,0.0523,0.0026,0.0009,0.0094,0.0001,0.0014,0.0021,0.0001,0.0001,0.0076,0.0012,0.0004,0.0,0.0031,0.0934,0.021,0.0,0.0127,0.0,155.0,0.0,92.0,63.0,80.0,0.0,0.0,0.0,0.0,0.0,0.0,0.0,0.0,0.0,0.0,0.0,0.0,0.0,0.0,0.0,0.0,0.0,0.0,8.0,2.0,1.0
2265,19.019417300000047,0,8.2814,1.848,2.3801,1.8095,0.1871,0.003,0.0066,0.0002,0.0306,0.0435,0.0019,0.0007,0.0097,0.0002,0.0017,0.0014,0.0001,0.0002,0.008,0.0013,0.0005,0.0,0.0031,0.0834,0.0233,0.0001,0.0152,0.0,155.0,0.0,92.0,63.0,80.0,0.0,0.0,0.0,0.0,0.0,0.0,0.0,0.0,0.0,0.0,0.0,0.0,0.0,0.0,0.0,0.0,0.0,0.0,8.0,2.0,1.0
2266,19.027698700000048,0,8.5564,1.8372,2.3405,1.7772,0.2139,0.0035,0.005,0.0002,0.0555,0.0664,0.0024,0.0008,0.0113,0.0001,0.0015,0.0015,0.0001,0.0002,0.0087,0.0013,0.0005,0.0,0.0038,0.1101,0.0241,0.0,0.0131,0.0,155.0,0.0,92.0,63.0,80.0,0.0,0.0,0.0,0.0,0.0,0.0,0.0,0.0,0.0,0.0,0.0,0.0,0.0,0.0,0.0,0.0,0.0,0.0,8.0,2.0,1.0
2267,19.036255100000048,0,8.0855,1.8592,2.3123,1.9967,0.184,0.0027,0.0045,0.0001,0.0364,0.0463,0.0018,0.0007,0.0097,0.0002,0.0013,0.0019,0.0001,0.0002,0.0083,0.0017,0.0004,0.0001,0.003,0.085,0.0197,0.0,0.0119,0.0,155.0,0.0,92.0,63.0,80.0,0.0,0.0,0.0,0.0,0.0,0.0,0.0,0.0,0.0,0.0,0.0,0.0,0.0,0.0,0.0,0.0,0.0,0.0,8.0,2.0,1.0
2268,19.044340600000048,0,8.5122,1.954,2.3281,1.8472,0.2743,0.0048,0.0061,0.0002,0.0569,0.0714,0.0034,0.0012,0.015,0.0002,0.0021,0.0019,0.0001,0.0007,0.009,0.002,0.0006,0.0002,0.0063,0.1311,0.036,0.0001,0.0119,0.0,155.0,0.0,92.0,63.0,80.0,0.0,0.0,0.0,0.0,0.0,0.0,0.0,0.0,0.0,0.0,0.0,0.0,0.0,0.0,0.0,0.0,0.0,0.0,8.0,2.0,1.0
2269,19.052852800000046,0,8.1693,2.3055,2.2387,1.9796,0.2059,0.0032,0.0076,0.0006,0.0338,0.0474,0.0024,0.001,0.0117,0.0001,0.0017,0.0022,0.0002,0.0001,0.0084,0.0014,0.0005,0.0001,0.0042,0.0938,0.0208,0.0,0.0125,0.0,155.0,0.0,92.0,63.0,80.0,0.0,0.0,0.0,0.0,0.0,0.0,0.0,0.0,0.0,0.0,0.0,0.0,0.0,0.0,0.0,0.0,0.0,0.0,8.0,2.0,1.0
2270,19.061022100000045,0,8.4198,1.9647,2.3201,1.802,0.2169,0.0028,0.005,0.0002,0.0508,0.0619,0.003,0.0009,0.012,0.0001,0.0015,0.0023,0.0001,0.0001,0.0085,0.0013,0.0005,0.0001,0.0039,0.1087,0.0235,0.0001,0.0126,0.0,155.0,0.0,92.0,63.0,80.0,0.0,0.0,0.0,0.0,0.0,0.0,0.0,0.0,0.0,0.0,0.0,0.0,0.0,0.0,0.0,0.0,0.0,0.0,8.0,2.0,1.0
2271,19.069441900000044,0,8.1536,2.0651,2.1324,1.9536,0.1819,0.003,0.006,0.0001,0.0324,0.0437,0.0018,0.0008,0.0097,0.0001,0.0018,0.0014,0.0001,0.0002,0.0078,0.0012,0.0004,0.0001,0.0033,0.0829,0.0224,0.0,0.0128,0.0,155.0,0.0,92.0,63.0,80.0,0.0,0.0,0.0,0.0,0.0,0.0,0.0,0.0,0.0,0.0,0.0,0.0,0.0,0.0,0.0,0.0,0.0,0.0,8.0,2.0,1.0
2272,19.077595500000044,0,8.4876,1.953,2.255,1.8102,0.2165,0.0043,0.0058,0.0004,0.0512,0.0638,0.0022,0.001,0.0119,0.0007,0.0014,0.0018,0.0002,0.0001,0.0077,0.0014,0.0009,0.0001,0.0035,0.1097,0.0218,0.0,0.0114,0.0,155.0,0.0,92.0,63.0,80.0,0.0,0.0,0.0,0.0,0.0,0.0,0.0,0.0,0.0,0.0,0.0,0.0,0.0,0.0,0.0,0.0,0.0,0.0,8.0,2.0,1.0
2273,19.086083100000042,0,8.2413,1.9306,2.2779,1.9005,0.1927,0.0031,0.0051,0.0002,0.0337,0.0446,0.0021,0.0008,0.0087,0.0001,0.0017,0.0021,0.0002,0.0001,0.0077,0.0014,0.0005,0.0001,0.0029,0.0839,0.0204,0.0,0.0126,0.0,155.0,0.0,92.0,63.0,80.0,0.0,0.0,0.0,0.0,0.0,0.0,0.0,0.0,0.0,0.0,0.0,0.0,0.0,0.0,0.0,0.0,0.0,0.0,8.0,2.0,1.0
2274,19.094324400000044,0,8.6883,2.019,2.4231,1.8954,0.2258,0.0034,0.0055,0.0002,0.0518,0.064,0.0026,0.0011,0.0114,0.0002,0.0019,0.0018,0.0001,0.0002,0.0092,0.0013,0.0004,0.0005,0.0032,0.1093,0.0208,0.0,0.0129,0.0,155.0,0.0,92.0,63.0,80.0,0.0,0.0,0.0,0.0,0.0,0.0,0.0,0.0,0.0,0.0,0.0,0.0,0.0,0.0,0.0,0.0,0.0,0.0,8.0,2.0,1.0
2275,19.103012700000043,0,8.1828,2.1166,2.4562,1.941,0.2837,0.0038,0.0069,0.0003,0.0342,0.0473,0.0025,0.0013,0.0107,0.0002,0.0013,0.0018,0.0002,0.0002,0.0083,0.0017,0.0005,0.0001,0.0032,0.0893,0.0217,0.0,0.0117,0.0,155.0,0.0,92.0,63.0,80.0,0.0,0.0,0.0,0.0,0.0,0.0,0.0,0.0,0.0,0.0,0.0,0.0,0.0,0.0,0.0,0.0,0.0,0.0,8.0,2.0,1.0
2276,19.111195500000044,0,8.2023,1.8552,2.3373,1.7104,0.2029,0.0031,0.0066,0.0001,0.0438,0.0557,0.0027,0.0008,0.0117,0.0002,0.0014,0.0019,0.0001,0.0001,0.0082,0.0012,0.0005,0.0001,0.0037,0.1005,0.0204,0.0001,0.0112,0.0,155.0,0.0,92.0,63.0,80.0,0.0,0.0,0.0,0.0,0.0,0.0,0.0,0.0,0.0,0.0,0.0,0.0,0.0,0.0,0.0,0.0,0.0,0.0,8.0,2.0,1.0
2277,19.119397800000044,0,8.1304,1.9467,2.0556,1.7711,0.1958,0.0026,0.0055,0.0002,0.037,0.048,0.0023,0.0007,0.0112,0.0002,0.002,0.0016,0.0001,0.0002,0.0078,0.0014,0.0005,0.0001,0.0035,0.0922,0.022,0.0,0.0118,0.0,155.0,0.0,92.0,63.0,80.0,0.0,0.0,0.0,0.0,0.0,0.0,0.0,0.0,0.0,0.0,0.0,0.0,0.0,0.0,0.0,0.0,0.0,0.0,8.0,2.0,1.0
2278,19.127528200000043,0,8.4482,1.8872,2.2142,1.849,0.1988,0.0029,0.0054,0.0002,0.0502,0.0616,0.002,0.0012,0.01,0.0001,0.0019,0.0015,0.0001,0.0001,0.0083,0.0013,0.0004,0.0,0.003,0.1011,0.0212,0.0,0.0112,0.0,155.0,0.0,92.0,63.0,80.0,0.0,0.0,0.0,0.0,0.0,0.0,0.0,0.0,0.0,0.0,0.0,0.0,0.0,0.0,0.0,0.0,0.0,0.0,8.0,2.0,1.0
2279,19.135976400000043,0,8.3799,1.9315,2.1693,1.7572,0.2227,0.003,0.0091,0.0002,0.0618,0.0768,0.0025,0.0006,0.0106,0.0001,0.0013,0.0018,0.0001,0.0001,0.0078,0.0017,0.0004,0.0,0.0031,0.1181,0.0207,0.0,0.0118,0.0,155.0,0.0,92.0,63.0,82.0,0.0,0.0,0.0,0.0,0.0,0.0,0.0,0.0,0.0,0.0,0.0,0.0,0.0,0.0,0.0,0.0,0.0,0.0,8.0,2.0,1.0
2280,19.144356300000045,0,8.2675,1.9162,2.1407,1.7108,0.2284,0.0028,0.0074,0.0001,0.0814,0.0937,0.0023,0.0006,0.0091,0.0002,0.0014,0.002,0.0001,0.0001,0.0075,0.0011,0.0004,0.0001,0.003,0.1341,0.0192,0.0001,0.0123,0.0,155.0,0.0,92.0,63.0,82.0,0.0,0.0,0.0,0.0,0.0,0.0,0.0,0.0,0.0,0.0,0.0,0.0,0.0,0.0,0.0,0.0,0.0,0.0,8.0,2.0,1.0
2281,19.152623800000043,0,8.5748,1.7567,2.4318,1.6633,0.1824,0.0032,0.0077,0.0002,0.0289,0.0423,0.0018,0.0014,0.0105,0.0001,0.0014,0.0015,0.0002,0.0002,0.0078,0.0012,0.0004,0.0001,0.0032,0.0817,0.0191,0.0,0.0127,0.0,155.0,0.0,92.0,63.0,86.0,0.0,0.0,0.0,0.0,0.0,0.0,0.0,0.0,0.0,0.0,0.0,0.0,0.0,0.0,0.0,0.0,0.0,0.0,8.0,2.0,1.0
2282,19.161198600000045,0,8.2201,1.8959,2.2886,1.8546,0.1858,0.0029,0.0082,0.0002,0.0388,0.0519,0.0023,0.0007,0.009,0.0001,0.0011,0.0014,0.0,0.0001,0.0077,0.0012,0.0004,0.0001,0.0032,0.0903,0.0207,0.0,0.0129,0.0,155.0,0.0,92.0,63.0,86.0,0.0,0.0,0.0,0.0,0.0,0.0,0.0,0.0,0.0,0.0,0.0,0.0,0.0,0.0,0.0,0.0,0.0,0.0,8.0,2.0,1.0
2283,19.169418700000044,0,8.2577,1.7883,2.2369,1.8296,0.2123,0.0036,0.0096,0.0002,0.0327,0.0482,0.0024,0.0009,0.0113,0.0002,0.0015,0.0016,0.0001,0.0001,0.0086,0.0014,0.0005,0.0,0.0041,0.0942,0.0222,0.0,0.0153,0.0,155.0,0.0,92.0,63.0,86.0,0.0,0.0,0.0,0.0,0.0,0.0,0.0,0.0,0.0,0.0,0.0,0.0,0.0,0.0,0.0,0.0,0.0,0.0,8.0,2.0,1.0
2284,19.177676400000045,0,8.19,1.7973,2.0949,1.8014,0.1884,0.0025,0.0078,0.0003,0.0409,0.0543,0.0018,0.0012,0.0095,0.0001,0.0012,0.0017,0.0001,0.0001,0.0075,0.0011,0.0009,0.0,0.0032,0.0918,0.0221,0.0001,0.0144,0.0,155.0,0.0,92.0,63.0,86.0,0.0,0.0,0.0,0.0,0.0,0.0,0.0,0.0,0.0,0.0,0.0,0.0,0.0,0.0,0.0,0.0,0.0,0.0,8.0,2.0,1.0
2285,19.185866400000045,0,8.3052,1.9146,1.9625,1.7382,0.1816,0.0024,0.0075,0.0002,0.0365,0.0491,0.0026,0.0006,0.01,0.0002,0.0011,0.0015,0.0002,0.0001,0.0075,0.0011,0.0004,0.0001,0.0032,0.0871,0.0201,0.0,0.0126,0.0,155.0,0.0,92.0,63.0,86.0,0.0,0.0,0.0,0.0,0.0,0.0,0.0,0.0,0.0,0.0,0.0,0.0,0.0,0.0,0.0,0.0,0.0,0.0,8.0,2.0,1.0
2286,19.194171600000043,0,8.4527,1.9256,2.1953,1.7639,0.1918,0.0026,0.0078,0.0002,0.0381,0.0507,0.0019,0.0007,0.0101,0.0002,0.0017,0.0013,0.0,0.0001,0.0075,0.0011,0.0008,0.0001,0.0032,0.0895,0.0235,0.0001,0.0118,0.0,155.0,0.0,92.0,63.0,86.0,0.0,0.0,0.0,0.0,0.0,0.0,0.0,0.0,0.0,0.0,0.0,0.0,0.0,0.0,0.0,0.0,0.0,0.0,8.0,2.0,1.0
2287,19.202624300000043,0,8.4215,1.9198,2.259,1.7962,0.1797,0.003,0.0078,0.0002,0.0316,0.0443,0.002,0.0006,0.0095,0.0001,0.0014,0.0013,0.0,0.0002,0.0076,0.0016,0.0004,0.0001,0.0032,0.0823,0.0178,0.0,0.016,0.0,155.0,0.0,92.0,63.0,88.0,0.0,0.0,0.0,0.0,0.0,0.0,0.0,0.0,0.0,0.0,0.0,0.0,0.0,0.0,0.0,0.0,0.0,0.0,8.0,2.0,1.0
2288,19.211045800000043,0,8.1129,1.9775,2.0707,1.7463,0.2014,0.0045,0.01,0.0002,0.0296,0.0462,0.0019,0.0008,0.009,0.0001,0.0013,0.0018,0.0,0.0002,0.0078,0.001,0.0004,0.0005,0.0031,0.0847,0.0236,0.0,0.0126,0.0,155.0,0.0,92.0,63.0,88.0,0.0,0.0,0.0,0.0,0.0,0.0,0.0,0.0,0.0,0.0,0.0,0.0,0.0,0.0,0.0,0.0,0.0,0.0,8.0,2.0,1.0
2289,19.219158700000044,0,8.4901,1.9102,2.1747,1.7296,0.2009,0.0033,0.0089,0.0002,0.0295,0.0445,0.0022,0.0009,0.0108,0.0002,0.0015,0.0013,0.0001,0.0001,0.0081,0.0012,0.0005,0.0,0.0038,0.0908,0.0206,0.0001,0.0139,0.0,155.0,0.0,92.0,63.0,88.0,0.0,0.0,0.0,0.0,0.0,0.0,0.0,0.0,0.0,0.0,0.0,0.0,0.0,0.0,0.0,0.0,0.0,0.0,8.0,2.0,1.0
2290,19.227648800000043,0,8.7499,1.9115,2.556,1.8446,0.1901,0.0025,0.0083,0.0001,0.0358,0.0488,0.0018,0.0007,0.0099,0.0001,0.0014,0.0018,0.0001,0.0001,0.008,0.0016,0.0004,0.0,0.0036,0.089,0.0187,0.0,0.0135,0.0,155.0,0.0,92.0,63.0,88.0,0.0,0.0,0.0,0.0,0.0,0.0,0.0,0.0,0.0,0.0,0.0,0.0,0.0,0.0,0.0,0.0,0.0,0.0,8.0,2.0,1.0
2291,19.236398700000045,0,7.964,2.044,2.194,1.7319,0.1717,0.0031,0.0083,0.0002,0.026,0.0399,0.0017,0.0007,0.0089,0.0001,0.0013,0.0018,0.0,0.0001,0.0079,0.0015,0.0004,0.0001,0.0032,0.0764,0.0192,0.0,0.0144,0.0,155.0,0.0,92.0,63.0,88.0,0.0,0.0,0.0,0.0,0.0,0.0,0.0,0.0,0.0,0.0,0.0,0.0,0.0,0.0,0.0,0.0,0.0,0.0,8.0,2.0,1.0
2292,19.244362700000046,0,8.6561,1.771,2.4951,1.7952,0.2438,0.0032,0.0071,0.0001,0.0532,0.0662,0.0028,0.0006,0.0113,0.0001,0.0019,0.0017,0.0001,0.0002,0.0092,0.0014,0.001,0.0001,0.004,0.1131,0.0364,0.0,0.0157,0.0,155.0,0.0,92.0,63.0,88.0,0.0,0.0,0.0,0.0,0.0,0.0,0.0,0.0,0.0,0.0,0.0,0.0,0.0,0.0,0.0,0.0,0.0,0.0,8.0,2.0,1.0
2293,19.253018800000046,0,7.8248,1.8582,2.1201,1.8512,0.1972,0.0028,0.008,0.0002,0.0313,0.0445,0.002,0.0007,0.0102,0.0002,0.0018,0.0014,0.0,0.0001,0.0098,0.0013,0.0006,0.0,0.005,0.0914,0.0242,0.0001,0.0131,0.0,155.0,0.0,92.0,63.0,86.0,0.0,0.0,0.0,0.0,0.0,0.0,0.0,0.0,0.0,0.0,0.0,0.0,0.0,0.0,0.0,0.0,0.0,0.0,8.0,2.0,1.0
2294,19.260843600000047,0,8.5833,1.9504,2.1495,1.842,0.1843,0.0024,0.0078,0.0002,0.0373,0.0496,0.0018,0.0006,0.0088,0.0007,0.0012,0.0014,0.0,0.0003,0.0073,0.0011,0.0004,0.0001,0.0031,0.0863,0.0196,0.0001,0.0124,0.0,155.0,0.0,92.0,63.0,86.0,0.0,0.0,0.0,0.0,0.0,0.0,0.0,0.0,0.0,0.0,0.0,0.0,0.0,0.0,0.0,0.0,0.0,0.0,8.0,2.0,1.0
2295,19.26942690000005,0,8.0886,1.8029,2.0978,1.7682,0.1808,0.003,0.0076,0.0002,0.0317,0.0443,0.0019,0.0005,0.0085,0.0001,0.0016,0.0018,0.0001,0.0001,0.0079,0.0011,0.0005,0.0001,0.0031,0.0834,0.0214,0.0001,0.0126,0.0,155.0,0.0,92.0,63.0,86.0,0.0,0.0,0.0,0.0,0.0,0.0,0.0,0.0,0.0,0.0,0.0,0.0,0.0,0.0,0.0,0.0,0.0,0.0,8.0,2.0,1.0
2296,19.27751550000005,0,8.4698,1.7694,2.1251,1.7586,0.2142,0.0029,0.0078,0.0003,0.0393,0.0525,0.002,0.0007,0.0094,0.0001,0.0013,0.0019,0.0,0.0001,0.0079,0.0011,0.0008,0.0,0.0031,0.0916,0.023,0.0001,0.0136,0.0,155.0,0.0,92.0,63.0,86.0,0.0,0.0,0.0,0.0,0.0,0.0,0.0,0.0,0.0,0.0,0.0,0.0,0.0,0.0,0.0,0.0,0.0,0.0,8.0,2.0,1.0
2297,19.28598530000005,0,8.5204,1.7374,2.3446,1.7094,0.1894,0.0029,0.0083,0.0002,0.0306,0.0445,0.0025,0.0009,0.0094,0.0002,0.0015,0.0017,0.0,0.0001,0.0082,0.0011,0.0005,0.0001,0.0032,0.0864,0.0193,0.0001,0.013,0.0,155.0,0.0,92.0,63.0,86.0,0.0,0.0,0.0,0.0,0.0,0.0,0.0,0.0,0.0,0.0,0.0,0.0,0.0,0.0,0.0,0.0,0.0,0.0,8.0,2.0,1.0
2298,19.294505700000048,0,8.3151,1.8459,2.2326,1.8884,0.1942,0.0029,0.0082,0.0002,0.0397,0.053,0.0018,0.0009,0.0096,0.0001,0.0019,0.0016,0.0,0.0001,0.0077,0.0017,0.0005,0.0,0.0033,0.093,0.0169,0.0,0.0143,0.0,155.0,0.0,92.0,63.0,86.0,0.0,0.0,0.0,0.0,0.0,0.0,0.0,0.0,0.0,0.0,0.0,0.0,0.0,0.0,0.0,0.0,0.0,0.0,8.0,2.0,1.0
2299,19.30282080000005,0,8.0441,1.8702,2.1456,1.826,0.1893,0.0032,0.0092,0.0002,0.0275,0.042,0.0022,0.0008,0.0106,0.0001,0.0012,0.0015,0.0,0.0001,0.0081,0.0016,0.0005,0.0001,0.0039,0.0847,0.0191,0.0001,0.0114,0.0,155.0,0.0,92.0,63.0,86.0,0.0,0.0,0.0,0.0,0.0,0.0,0.0,0.0,0.0,0.0,0.0,0.0,0.0,0.0,0.0,0.0,0.0,0.0,8.0,2.0,1.0
2300,19.31086490000005,0,8.5689,1.9717,2.3051,1.7669,0.1816,0.003,0.0079,0.0002,0.0358,0.0487,0.0019,0.0005,0.0097,0.0001,0.0012,0.0018,0.0001,0.0001,0.0074,0.001,0.0005,0.0001,0.003,0.0874,0.018,0.0,0.0139,0.0,155.0,0.0,92.0,63.0,86.0,0.0,0.0,0.0,0.0,0.0,0.0,0.0,0.0,0.0,0.0,0.0,0.0,0.0,0.0,0.0,0.0,0.0,0.0,8.0,2.0,1.0
2301,19.31943380000005,0,8.2768,1.826,2.2024,1.7675,0.1943,0.0047,0.0083,0.0002,0.036,0.0512,0.0024,0.0013,0.0119,0.0001,0.0015,0.002,0.0001,0.0001,0.0073,0.0013,0.0009,0.0001,0.0038,0.0958,0.0218,0.0001,0.015,0.0,155.0,0.0,92.0,63.0,86.0,0.0,0.0,0.0,0.0,0.0,0.0,0.0,0.0,0.0,0.0,0.0,0.0,0.0,0.0,0.0,0.0,0.0,0.0,8.0,2.0,1.0
2302,19.32771060000005,0,8.2517,1.7438,2.1426,1.7805,0.2098,0.0033,0.0097,0.0007,0.042,0.0579,0.0026,0.0008,0.011,0.0001,0.0013,0.0017,0.0001,0.0001,0.0073,0.0017,0.0005,0.0001,0.0042,0.1002,0.0204,0.0,0.0136,0.0,155.0,0.0,92.0,63.0,86.0,0.0,0.0,0.0,0.0,0.0,0.0,0.0,0.0,0.0,0.0,0.0,0.0,0.0,0.0,0.0,0.0,0.0,0.0,8.0,2.0,1.0
2303,19.33596230000005,0,8.4413,1.793,2.2419,1.7342,0.1846,0.0042,0.0086,0.0001,0.032,0.0469,0.0019,0.0006,0.0093,0.0002,0.0015,0.0015,0.0001,0.0002,0.0078,0.0017,0.0004,0.0001,0.0031,0.085,0.0207,0.0001,0.015,0.0,155.0,0.0,92.0,63.0,86.0,0.0,0.0,0.0,0.0,0.0,0.0,0.0,0.0,0.0,0.0,0.0,0.0,0.0,0.0,0.0,0.0,0.0,0.0,8.0,2.0,1.0
2304,19.34440360000005,0,8.332,1.8859,2.2292,1.8009,0.1838,0.004,0.0078,0.0003,0.0365,0.0507,0.0019,0.0006,0.0097,0.0002,0.001,0.0019,0.0,0.0001,0.0075,0.001,0.0009,0.0,0.0031,0.0883,0.0212,0.0,0.0138,0.0,155.0,0.0,92.0,63.0,86.0,0.0,0.0,0.0,0.0,0.0,0.0,0.0,0.0,0.0,0.0,0.0,0.0,0.0,0.0,0.0,0.0,0.0,0.0,8.0,2.0,1.0
2305,19.35273560000005,0,8.4411,1.8911,2.3999,1.7947,0.2104,0.0034,0.0099,0.0002,0.0304,0.0461,0.0023,0.001,0.0118,0.0001,0.0015,0.0016,0.0,0.0001,0.0087,0.0013,0.0009,0.0001,0.0038,0.0924,0.0217,0.0,0.0138,0.0,155.0,0.0,92.0,63.0,86.0,0.0,0.0,0.0,0.0,0.0,0.0,0.0,0.0,0.0,0.0,0.0,0.0,0.0,0.0,0.0,0.0,0.0,0.0,8.0,2.0,1.0
2306,19.361176700000048,0,8.1692,1.8486,2.1346,1.7866,0.1924,0.0027,0.0084,0.0002,0.0363,0.0504,0.002,0.0012,0.0099,0.0002,0.0018,0.0014,0.0,0.0001,0.008,0.0015,0.0004,0.0,0.0032,0.0899,0.0225,0.0001,0.0104,0.0,155.0,0.0,92.0,63.0,86.0,0.0,0.0,0.0,0.0,0.0,0.0,0.0,0.0,0.0,0.0,0.0,0.0,0.0,0.0,0.0,0.0,0.0,0.0,8.0,2.0,1.0
2307,19.36934590000005,0,8.2432,1.814,2.1371,1.7675,0.183,0.0033,0.0083,0.0002,0.0297,0.0439,0.0019,0.0006,0.0091,0.0001,0.0012,0.0014,0.0,0.0001,0.0072,0.0011,0.0008,0.0,0.0033,0.0808,0.0235,0.0,0.0114,0.0,155.0,0.0,92.0,63.0,86.0,0.0,0.0,0.0,0.0,0.0,0.0,0.0,0.0,0.0,0.0,0.0,0.0,0.0,0.0,0.0,0.0,0.0,0.0,8.0,2.0,1.0
2308,19.377589100000048,0,8.349,1.7885,2.1896,1.7136,0.1823,0.003,0.0063,0.0002,0.0405,0.0518,0.0019,0.0007,0.0094,0.0001,0.0014,0.0016,0.0001,0.0001,0.0071,0.0011,0.0005,0.0,0.0031,0.0889,0.0219,0.0001,0.0146,0.0,155.0,0.0,92.0,63.0,86.0,0.0,0.0,0.0,0.0,0.0,0.0,0.0,0.0,0.0,0.0,0.0,0.0,0.0,0.0,0.0,0.0,0.0,0.0,8.0,2.0,1.0
2309,19.385938100000047,0,8.4693,1.8238,2.1601,1.8695,0.1796,0.0031,0.0081,0.0001,0.0301,0.0437,0.0019,0.0006,0.0089,0.0001,0.0014,0.0016,0.0,0.0001,0.0076,0.0015,0.0004,0.0001,0.0034,0.0815,0.0211,0.0001,0.0133,0.0,155.0,0.0,92.0,63.0,86.0,0.0,0.0,0.0,0.0,0.0,0.0,0.0,0.0,0.0,0.0,0.0,0.0,0.0,0.0,0.0,0.0,0.0,0.0,8.0,2.0,1.0
2310,19.39440740000005,0,8.1938,1.8654,2.1433,1.7462,0.2084,0.0026,0.0059,0.0003,0.0559,0.0662,0.0031,0.0008,0.0109,0.0001,0.0012,0.0019,0.0001,0.0001,0.0073,0.0013,0.0009,0.0,0.0037,0.1075,0.0239,0.0001,0.0135,0.0,155.0,0.0,92.0,63.0,86.0,0.0,0.0,0.0,0.0,0.0,0.0,0.0,0.0,0.0,0.0,0.0,0.0,0.0,0.0,0.0,0.0,0.0,0.0,8.0,2.0,1.0
2311,19.40260120000005,0,8.3359,1.804,2.1597,1.7206,0.1982,0.0032,0.0089,0.0002,0.0336,0.048,0.0025,0.0008,0.0105,0.0002,0.0013,0.0018,0.0,0.0001,0.0082,0.0015,0.0004,0.0001,0.0038,0.0909,0.023,0.0,0.014,0.0,155.0,0.0,92.0,63.0,86.0,0.0,0.0,0.0,0.0,0.0,0.0,0.0,0.0,0.0,0.0,0.0,0.0,0.0,0.0,0.0,0.0,0.0,0.0,8.0,2.0,1.0
2312,19.410937100000048,0,8.4706,1.8903,2.1327,1.7509,0.2117,0.0029,0.0092,0.0003,0.0423,0.0571,0.0021,0.0007,0.01,0.0002,0.0017,0.0018,0.0001,0.0001,0.0099,0.0011,0.0006,0.0001,0.0034,0.1002,0.0257,0.0,0.0137,0.0,155.0,0.0,92.0,63.0,86.0,0.0,0.0,0.0,0.0,0.0,0.0,0.0,0.0,0.0,0.0,0.0,0.0,0.0,0.0,0.0,0.0,0.0,0.0,8.0,2.0,1.0
2313,19.419407700000047,0,8.1913,1.9953,2.1606,1.9364,0.1913,0.0027,0.0078,0.0002,0.0314,0.0451,0.0019,0.0006,0.0102,0.0001,0.0014,0.002,0.0,0.0001,0.0083,0.0016,0.0004,0.0001,0.0032,0.0858,0.0212,0.0,0.0125,0.0,155.0,0.0,92.0,63.0,86.0,0.0,0.0,0.0,0.0,0.0,0.0,0.0,0.0,0.0,0.0,0.0,0.0,0.0,0.0,0.0,0.0,0.0,0.0,8.0,2.0,1.0
2314,19.427599000000047,0,8.4912,1.9543,2.2429,1.7868,0.2986,0.0029,0.0091,0.0003,0.0431,0.0577,0.0878,0.0011,0.0975,0.0001,0.0018,0.0019,0.0002,0.0001,0.009,0.0013,0.0004,0.0001,0.0039,0.1879,0.0226,0.0,0.0136,0.0,155.0,0.0,92.0,63.0,86.0,0.0,0.0,0.0,0.0,0.0,0.0,0.0,0.0,0.0,0.0,0.0,0.0,0.0,0.0,0.0,0.0,0.0,0.0,8.0,2.0,1.0
2315,19.43609020000005,0,8.405,1.9411,2.2388,1.7897,0.1873,0.0033,0.0076,0.0002,0.0275,0.0409,0.0024,0.0006,0.0092,0.0002,0.0012,0.0021,0.0001,0.0001,0.0075,0.0012,0.0005,0.0001,0.0033,0.0802,0.0221,0.0001,0.0148,0.0,155.0,0.0,92.0,63.0,86.0,0.0,0.0,0.0,0.0,0.0,0.0,0.0,0.0,0.0,0.0,0.0,0.0,0.0,0.0,0.0,0.0,0.0,0.0,8.0,2.0,1.0
2316,19.44449520000005,0,8.1747,1.8194,2.232,1.7967,0.2111,0.0029,0.0092,0.0002,0.0396,0.0538,0.0023,0.0008,0.0094,0.0001,0.0013,0.0016,0.0001,0.0001,0.0082,0.0013,0.0004,0.0001,0.0036,0.0995,0.0251,0.0001,0.015,0.0,155.0,0.0,92.0,63.0,86.0,0.0,0.0,0.0,0.0,0.0,0.0,0.0,0.0,0.0,0.0,0.0,0.0,0.0,0.0,0.0,0.0,0.0,0.0,8.0,2.0,1.0
2317,19.45266990000005,0,8.1885,1.8593,2.1462,1.7719,0.2061,0.0031,0.0093,0.0003,0.0302,0.0456,0.0027,0.0009,0.011,0.0002,0.0019,0.0017,0.0002,0.0002,0.0085,0.0013,0.001,0.0001,0.0038,0.0907,0.0243,0.0,0.0136,0.0,155.0,0.0,92.0,63.0,86.0,0.0,0.0,0.0,0.0,0.0,0.0,0.0,0.0,0.0,0.0,0.0,0.0,0.0,0.0,0.0,0.0,0.0,0.0,8.0,2.0,1.0
2318,19.46085840000005,0,8.4103,1.9326,2.0712,1.7608,0.2447,0.0028,0.0078,0.0002,0.0551,0.0677,0.0029,0.0012,0.0133,0.0001,0.0025,0.0016,0.0001,0.0002,0.0078,0.0018,0.0005,0.0001,0.0064,0.1222,0.0346,0.0001,0.013,0.0,155.0,0.0,92.0,63.0,86.0,0.0,0.0,0.0,0.0,0.0,0.0,0.0,0.0,0.0,0.0,0.0,0.0,0.0,0.0,0.0,0.0,0.0,0.0,8.0,2.0,1.0
2319,19.46926870000005,0,8.3862,1.7834,2.0889,1.7946,0.1956,0.0027,0.0084,0.0002,0.0374,0.051,0.0025,0.0008,0.0101,0.0002,0.0014,0.0022,0.0001,0.0001,0.007,0.0013,0.0005,0.0001,0.0035,0.091,0.0221,0.0,0.0131,0.0,155.0,0.0,92.0,63.0,86.0,0.0,0.0,0.0,0.0,0.0,0.0,0.0,0.0,0.0,0.0,0.0,0.0,0.0,0.0,0.0,0.0,0.0,0.0,8.0,2.0,1.0
2320,19.47765490000005,0,8.278,1.7835,2.1402,1.7781,0.1962,0.0027,0.0078,0.0003,0.0431,0.0559,0.0024,0.001,0.0111,0.0006,0.0012,0.0016,0.0001,0.0002,0.0071,0.0012,0.0004,0.0001,0.0031,0.0962,0.0218,0.0,0.0134,0.0,155.0,0.0,92.0,63.0,86.0,0.0,0.0,0.0,0.0,0.0,0.0,0.0,0.0,0.0,0.0,0.0,0.0,0.0,0.0,0.0,0.0,0.0,0.0,8.0,2.0,1.0
2321,19.48593290000005,0,8.7257,1.7705,2.3799,1.9991,0.1926,0.003,0.009,0.0001,0.0295,0.0443,0.002,0.0007,0.0095,0.0001,0.0019,0.0015,0.0001,0.0001,0.0082,0.0012,0.0006,0.0002,0.0035,0.0851,0.0211,0.0,0.0139,0.0,155.0,0.0,92.0,63.0,86.0,0.0,0.0,0.0,0.0,0.0,0.0,0.0,0.0,0.0,0.0,0.0,0.0,0.0,0.0,0.0,0.0,0.0,0.0,8.0,2.0,1.0
2322,19.49465860000005,0,8.6982,1.9333,2.9238,1.8799,0.2135,0.0029,0.0069,0.0003,0.0418,0.0546,0.0026,0.0008,0.0105,0.0002,0.0014,0.0022,0.0001,0.0001,0.0082,0.0011,0.0004,0.0001,0.0034,0.1027,0.0245,0.0001,0.0132,0.0,155.0,0.0,92.0,63.0,84.0,0.0,0.0,0.0,0.0,0.0,0.0,0.0,0.0,0.0,0.0,0.0,0.0,0.0,0.0,0.0,0.0,0.0,0.0,8.0,2.0,1.0
2323,19.503356800000052,0,7.558,2.017,2.1603,1.8803,0.191,0.003,0.0083,0.0002,0.0377,0.0512,0.0021,0.0006,0.0093,0.0001,0.0015,0.0016,0.0001,0.0001,0.0079,0.0013,0.0005,0.0001,0.0031,0.0912,0.0218,0.0,0.0134,0.0,155.0,0.0,92.0,63.0,84.0,0.0,0.0,0.0,0.0,0.0,0.0,0.0,0.0,0.0,0.0,0.0,0.0,0.0,0.0,0.0,0.0,0.0,0.0,8.0,2.0,1.0
2324,19.51091480000005,0,8.4156,1.8561,2.1389,1.8459,0.193,0.0026,0.0084,0.0003,0.0394,0.0527,0.002,0.0008,0.0101,0.0001,0.0016,0.0016,0.0001,0.0001,0.0079,0.0012,0.0005,0.0001,0.0032,0.0937,0.0211,0.0,0.0129,0.0,155.0,0.0,92.0,63.0,84.0,0.0,0.0,0.0,0.0,0.0,0.0,0.0,0.0,0.0,0.0,0.0,0.0,0.0,0.0,0.0,0.0,0.0,0.0,8.0,2.0,1.0
2325,19.51933040000005,0,8.2173,1.8109,2.1009,1.8383,0.1908,0.0031,0.0093,0.0002,0.0258,0.0412,0.0021,0.0007,0.01,0.0001,0.0015,0.0021,0.0001,0.0001,0.008,0.0018,0.0005,0.0002,0.0034,0.0833,0.0184,0.0,0.0132,0.0,155.0,0.0,92.0,63.0,84.0,0.0,0.0,0.0,0.0,0.0,0.0,0.0,0.0,0.0,0.0,0.0,0.0,0.0,0.0,0.0,0.0,0.0,0.0,8.0,2.0,1.0
2326,19.52754770000005,0,8.5581,1.8149,2.2198,1.7342,0.2088,0.0031,0.0075,0.0003,0.0458,0.0591,0.0024,0.0008,0.0109,0.0001,0.0017,0.0016,0.0001,0.0002,0.0082,0.0012,0.0004,0.0003,0.0032,0.1016,0.0218,0.0001,0.0124,0.0,155.0,0.0,92.0,63.0,84.0,0.0,0.0,0.0,0.0,0.0,0.0,0.0,0.0,0.0,0.0,0.0,0.0,0.0,0.0,0.0,0.0,0.0,0.0,8.0,2.0,1.0
2327,19.536105800000048,0,8.1945,1.8185,2.1838,1.8097,0.1796,0.0033,0.0079,0.0002,0.028,0.0421,0.0019,0.0008,0.01,0.0001,0.0019,0.0015,0.0,0.0001,0.0083,0.0012,0.0005,0.0001,0.0032,0.0821,0.0202,0.0,0.0132,0.0,155.0,0.0,92.0,63.0,84.0,0.0,0.0,0.0,0.0,0.0,0.0,0.0,0.0,0.0,0.0,0.0,0.0,0.0,0.0,0.0,0.0,0.0,0.0,8.0,2.0,1.0
2328,19.544300300000046,0,8.3457,1.7817,2.1212,1.8344,0.2112,0.0029,0.0096,0.0002,0.0431,0.0584,0.0027,0.0007,0.0111,0.0001,0.0013,0.002,0.0002,0.0001,0.0081,0.0019,0.0004,0.0001,0.0039,0.1028,0.0237,0.0001,0.012,0.0,155.0,0.0,92.0,63.0,84.0,0.0,0.0,0.0,0.0,0.0,0.0,0.0,0.0,0.0,0.0,0.0,0.0,0.0,0.0,0.0,0.0,0.0,0.0,8.0,2.0,1.0
2329,19.552646000000045,0,8.3499,1.8103,2.1819,1.8251,0.1908,0.0031,0.0078,0.0003,0.0322,0.0456,0.0027,0.0007,0.01,0.0002,0.0013,0.0021,0.0001,0.0001,0.0076,0.0012,0.0008,0.0001,0.0031,0.0854,0.02,0.0,0.0127,0.0,155.0,0.0,92.0,63.0,84.0,0.0,0.0,0.0,0.0,0.0,0.0,0.0,0.0,0.0,0.0,0.0,0.0,0.0,0.0,0.0,0.0,0.0,0.0,8.0,2.0,1.0
2330,19.560995900000044,0,8.5932,2.0592,2.3139,1.9351,0.2092,0.0033,0.0083,0.0002,0.0385,0.0534,0.0028,0.0009,0.0105,0.0001,0.0015,0.0022,0.0001,0.0001,0.0078,0.0015,0.0005,0.0001,0.0035,0.0958,0.0219,0.0,0.0142,0.0,155.0,0.0,92.0,63.0,84.0,0.0,0.0,0.0,0.0,0.0,0.0,0.0,0.0,0.0,0.0,0.0,0.0,0.0,0.0,0.0,0.0,0.0,0.0,8.0,2.0,1.0
2331,19.569589100000044,0,8.1514,1.9861,2.2815,1.9306,0.1901,0.0027,0.0075,0.0003,0.0293,0.0431,0.0019,0.0007,0.0092,0.0001,0.0019,0.0014,0.0001,0.0002,0.0089,0.0012,0.0005,0.0,0.0032,0.0845,0.0214,0.0,0.0132,0.0,155.0,0.0,92.0,63.0,84.0,0.0,0.0,0.0,0.0,0.0,0.0,0.0,0.0,0.0,0.0,0.0,0.0,0.0,0.0,0.0,0.0,0.0,0.0,8.0,2.0,1.0
2332,19.577740500000044,0,8.3928,1.8766,2.3473,1.9145,0.1931,0.0028,0.0075,0.0002,0.0408,0.0541,0.002,0.0014,0.0105,0.0002,0.0018,0.0015,0.0001,0.0001,0.0079,0.0014,0.0004,0.0,0.0031,0.0942,0.021,0.0,0.012,0.0,155.0,0.0,92.0,63.0,84.0,0.0,0.0,0.0,0.0,0.0,0.0,0.0,0.0,0.0,0.0,0.0,0.0,0.0,0.0,0.0,0.0,0.0,0.0,8.0,2.0,1.0
2333,19.586133300000043,0,8.116,1.8013,2.0639,1.8401,0.2057,0.003,0.0081,0.0002,0.0423,0.0565,0.003,0.0007,0.0119,0.0002,0.002,0.0015,0.0,0.0004,0.007,0.0014,0.0004,0.0,0.0031,0.098,0.0227,0.0001,0.0136,0.0,155.0,0.0,92.0,63.0,84.0,0.0,0.0,0.0,0.0,0.0,0.0,0.0,0.0,0.0,0.0,0.0,0.0,0.0,0.0,0.0,0.0,0.0,0.0,8.0,2.0,1.0
2334,19.594249300000044,0,8.4316,1.8822,2.1812,1.7987,0.1994,0.003,0.0078,0.0002,0.043,0.0563,0.0021,0.0007,0.0082,0.0001,0.0012,0.0019,0.0001,0.0002,0.0079,0.0011,0.0005,0.0,0.0031,0.0939,0.0208,0.0001,0.0141,0.0,155.0,0.0,92.0,63.0,84.0,0.0,0.0,0.0,0.0,0.0,0.0,0.0,0.0,0.0,0.0,0.0,0.0,0.0,0.0,0.0,0.0,0.0,0.0,8.0,2.0,1.0
2335,19.602680900000045,0,8.3257,1.9306,2.1753,1.9063,0.187,0.0029,0.0083,0.0003,0.0302,0.0439,0.0024,0.0007,0.0095,0.0002,0.0015,0.0019,0.0001,0.0001,0.0083,0.0016,0.0004,0.0001,0.0031,0.0845,0.0218,0.0001,0.0131,0.0,155.0,0.0,92.0,63.0,84.0,0.0,0.0,0.0,0.0,0.0,0.0,0.0,0.0,0.0,0.0,0.0,0.0,0.0,0.0,0.0,0.0,0.0,0.0,8.0,2.0,1.0
2336,19.611006600000046,0,8.3664,1.7958,2.2011,1.8732,0.212,0.0027,0.0068,0.0002,0.0539,0.0658,0.0028,0.0007,0.0118,0.0002,0.0015,0.0016,0.0004,0.0001,0.0085,0.0018,0.0005,0.0001,0.0037,0.1116,0.0213,0.0,0.0125,0.0,155.0,0.0,92.0,63.0,84.0,0.0,0.0,0.0,0.0,0.0,0.0,0.0,0.0,0.0,0.0,0.0,0.0,0.0,0.0,0.0,0.0,0.0,0.0,8.0,2.0,1.0
2337,19.619373000000046,0,8.2717,1.7872,2.1132,1.8101,0.2002,0.0032,0.007,0.0002,0.036,0.049,0.0023,0.0006,0.0101,0.0001,0.0013,0.0014,0.0006,0.0001,0.0077,0.0012,0.0005,0.0001,0.0033,0.0897,0.0237,0.0001,0.0139,0.0,155.0,0.0,92.0,63.0,84.0,0.0,0.0,0.0,0.0,0.0,0.0,0.0,0.0,0.0,0.0,0.0,0.0,0.0,0.0,0.0,0.0,0.0,0.0,8.0,2.0,1.0
2338,19.627644700000047,0,8.3461,1.8573,2.2212,1.9591,0.1907,0.0026,0.0078,0.0002,0.0387,0.0513,0.002,0.0009,0.0094,0.0001,0.002,0.0015,0.0,0.0006,0.0073,0.0012,0.0005,0.0,0.0032,0.0898,0.0185,0.0,0.0134,0.0,155.0,0.0,92.0,63.0,84.0,0.0,0.0,0.0,0.0,0.0,0.0,0.0,0.0,0.0,0.0,0.0,0.0,0.0,0.0,0.0,0.0,0.0,0.0,8.0,2.0,1.0
2339,19.635990800000048,0,8.5177,1.7967,2.2768,1.8163,0.1899,0.0035,0.008,0.0003,0.0308,0.0455,0.002,0.0007,0.0106,0.0001,0.0019,0.0015,0.0,0.0001,0.0076,0.0016,0.0004,0.0001,0.0034,0.0866,0.0185,0.0001,0.0129,0.0,155.0,0.0,92.0,63.0,84.0,0.0,0.0,0.0,0.0,0.0,0.0,0.0,0.0,0.0,0.0,0.0,0.0,0.0,0.0,0.0,0.0,0.0,0.0,8.0,2.0,1.0
2340,19.644508500000047,0,8.1156,2.3349,2.1604,1.7633,0.1863,0.0028,0.0077,0.0002,0.0356,0.0488,0.002,0.0008,0.0101,0.0001,0.0012,0.0019,0.0001,0.0002,0.0072,0.0012,0.0005,0.0001,0.0033,0.0874,0.0216,0.0,0.013,0.0,155.0,0.0,92.0,63.0,84.0,0.0,0.0,0.0,0.0,0.0,0.0,0.0,0.0,0.0,0.0,0.0,0.0,0.0,0.0,0.0,0.0,0.0,0.0,8.0,2.0,1.0
2341,19.652624100000047,0,8.4959,1.9724,2.3261,1.8295,0.1841,0.0033,0.0062,0.0001,0.0336,0.0451,0.0017,0.0006,0.0088,0.0001,0.0013,0.0014,0.0002,0.0001,0.007,0.0011,0.0007,0.0,0.0033,0.0817,0.0213,0.0,0.0129,0.0,155.0,0.0,92.0,63.0,84.0,0.0,0.0,0.0,0.0,0.0,0.0,0.0,0.0,0.0,0.0,0.0,0.0,0.0,0.0,0.0,0.0,0.0,0.0,8.0,2.0,1.0
2342,19.661120000000047,0,8.3748,1.9214,2.2486,1.7575,0.2869,0.0026,0.0075,0.0002,0.0346,0.047,0.0019,0.0006,0.0085,0.0001,0.0017,0.0014,0.0001,0.0001,0.0964,0.0017,0.0007,0.0,0.0053,0.1797,0.0255,0.0001,0.0126,0.0,155.0,0.0,92.0,63.0,84.0,0.0,0.0,0.0,0.0,0.0,0.0,0.0,0.0,0.0,0.0,0.0,0.0,0.0,0.0,0.0,0.0,0.0,0.0,8.0,2.0,1.0
2343,19.669494800000045,0,8.178,1.863,2.2172,1.7897,0.2044,0.003,0.0086,0.0002,0.039,0.0532,0.0018,0.0008,0.0103,0.0001,0.0014,0.002,0.0001,0.0001,0.0079,0.0021,0.0005,0.0,0.0033,0.0944,0.0234,0.0001,0.0131,0.0,155.0,0.0,92.0,63.0,84.0,0.0,0.0,0.0,0.0,0.0,0.0,0.0,0.0,0.0,0.0,0.0,0.0,0.0,0.0,0.0,0.0,0.0,0.0,8.0,2.0,1.0
2344,19.677672800000046,0,8.2548,1.9551,2.1404,1.805,0.2059,0.0026,0.008,0.0002,0.0424,0.0556,0.0024,0.0009,0.0112,0.0002,0.0015,0.0016,0.0001,0.0001,0.0086,0.0013,0.0011,0.0,0.0036,0.1008,0.0216,0.0,0.0118,0.0,155.0,0.0,92.0,63.0,84.0,0.0,0.0,0.0,0.0,0.0,0.0,0.0,0.0,0.0,0.0,0.0,0.0,0.0,0.0,0.0,0.0,0.0,0.0,8.0,2.0,1.0
2345,19.685927600000046,0,8.7417,1.8189,2.4473,1.7475,0.1792,0.0027,0.0077,0.0002,0.0305,0.0438,0.0019,0.0006,0.0091,0.0001,0.0019,0.0014,0.0002,0.0006,0.0072,0.0012,0.0005,0.0,0.0032,0.0807,0.0193,0.0,0.0431,0.0,155.0,0.0,92.0,63.0,84.0,0.0,0.0,0.0,0.0,0.0,0.0,0.0,0.0,0.0,0.0,0.0,0.0,0.0,0.0,0.0,0.0,0.0,0.0,8.0,2.0,1.0
2346,19.694669300000047,0,7.9996,2.1346,2.2503,1.7384,0.1875,0.0037,0.0093,0.0002,0.0307,0.0466,0.0022,0.0007,0.0093,0.0001,0.0019,0.0014,0.0001,0.0001,0.0077,0.0011,0.0005,0.0,0.0033,0.0864,0.0208,0.0,0.0137,0.0,155.0,0.0,92.0,63.0,84.0,0.0,0.0,0.0,0.0,0.0,0.0,0.0,0.0,0.0,0.0,0.0,0.0,0.0,0.0,0.0,0.0,0.0,0.0,8.0,2.0,1.0
2347,19.70266890000005,0,8.2768,1.9132,2.0965,1.7687,0.1786,0.0025,0.0076,0.0001,0.0335,0.0457,0.0018,0.0005,0.0092,0.0002,0.0011,0.0019,0.0,0.0001,0.0075,0.0011,0.0003,0.0001,0.0034,0.084,0.0238,0.0,0.0137,0.0,155.0,0.0,92.0,63.0,84.0,0.0,0.0,0.0,0.0,0.0,0.0,0.0,0.0,0.0,0.0,0.0,0.0,0.0,0.0,0.0,0.0,0.0,0.0,8.0,2.0,1.0
2348,19.71094570000005,0,8.501,1.7771,2.2209,1.7553,0.28,0.003,0.008,0.0001,0.1232,0.1363,0.0023,0.0008,0.0117,0.0002,0.0015,0.0014,0.0,0.0001,0.0074,0.0014,0.0004,0.0001,0.0034,0.1781,0.0238,0.0001,0.0116,0.0,155.0,0.0,92.0,63.0,82.0,0.0,0.0,0.0,0.0,0.0,0.0,0.0,0.0,0.0,0.0,0.0,0.0,0.0,0.0,0.0,0.0,0.0,0.0,8.0,2.0,1.0
2349,19.71944670000005,0,8.3113,1.8252,2.3168,1.7985,0.1777,0.003,0.0076,0.0002,0.0284,0.0411,0.0019,0.0008,0.0101,0.0001,0.0014,0.0016,0.0001,0.0001,0.0077,0.0017,0.0004,0.0001,0.003,0.08,0.0224,0.0,0.0133,0.0,155.0,0.0,92.0,63.0,82.0,0.0,0.0,0.0,0.0,0.0,0.0,0.0,0.0,0.0,0.0,0.0,0.0,0.0,0.0,0.0,0.0,0.0,0.0,8.0,2.0,1.0
2350,19.727758000000048,0,8.2717,1.878,2.1336,1.8895,0.199,0.0035,0.0082,0.0002,0.0389,0.0535,0.002,0.0006,0.0105,0.0002,0.0018,0.0016,0.0001,0.0001,0.0077,0.0017,0.0005,0.0,0.0031,0.0946,0.0215,0.0,0.0124,0.0,155.0,0.0,92.0,63.0,82.0,0.0,0.0,0.0,0.0,0.0,0.0,0.0,0.0,0.0,0.0,0.0,0.0,0.0,0.0,0.0,0.0,0.0,0.0,8.0,2.0,1.0
2351,19.73602970000005,0,8.3778,1.8582,2.2882,1.7681,0.1874,0.0025,0.006,0.0002,0.0362,0.0473,0.002,0.0006,0.0108,0.0001,0.0018,0.0015,0.0001,0.0001,0.0075,0.0016,0.0005,0.0001,0.0031,0.0874,0.02,0.0,0.0129,0.0,155.0,0.0,92.0,63.0,82.0,0.0,0.0,0.0,0.0,0.0,0.0,0.0,0.0,0.0,0.0,0.0,0.0,0.0,0.0,0.0,0.0,0.0,0.0,8.0,2.0,1.0
2352,19.74440750000005,0,8.2525,1.9336,2.1233,1.8032,0.2268,0.0026,0.0074,0.0001,0.0809,0.0929,0.0023,0.0007,0.009,0.0001,0.0012,0.0015,0.0001,0.0005,0.0079,0.0011,0.0004,0.0,0.0031,0.1313,0.0214,0.0,0.012,0.0,155.0,0.0,92.0,63.0,82.0,0.0,0.0,0.0,0.0,0.0,0.0,0.0,0.0,0.0,0.0,0.0,0.0,0.0,0.0,0.0,0.0,0.0,0.0,8.0,2.0,1.0
2353,19.752660000000052,0,8.3863,1.7923,2.2292,1.7182,0.1779,0.003,0.0087,0.0001,0.0293,0.0435,0.0019,0.0006,0.0095,0.0002,0.0016,0.0014,0.0001,0.0001,0.0077,0.0016,0.0004,0.0001,0.003,0.0809,0.02,0.0,0.012,0.0,155.0,0.0,92.0,63.0,82.0,0.0,0.0,0.0,0.0,0.0,0.0,0.0,0.0,0.0,0.0,0.0,0.0,0.0,0.0,0.0,0.0,0.0,0.0,8.0,2.0,1.0
2354,19.761046300000054,0,8.6427,1.794,2.4768,1.7853,0.1935,0.0024,0.0082,0.0003,0.0402,0.0533,0.002,0.0007,0.0103,0.0001,0.0019,0.0015,0.0001,0.0001,0.0075,0.0016,0.0005,0.0,0.0033,0.0941,0.0212,0.0,0.0124,0.0,155.0,0.0,92.0,63.0,82.0,0.0,0.0,0.0,0.0,0.0,0.0,0.0,0.0,0.0,0.0,0.0,0.0,0.0,0.0,0.0,0.0,0.0,0.0,8.0,2.0,1.0
2355,19.769689000000053,0,8.1439,1.82,2.3615,1.7755,0.2352,0.0029,0.009,0.0002,0.0715,0.0868,0.0024,0.0007,0.0104,0.0002,0.0014,0.0023,0.0,0.0001,0.0081,0.0014,0.0005,0.0001,0.0037,0.13,0.0219,0.0,0.0127,0.0,155.0,0.0,92.0,63.0,82.0,0.0,0.0,0.0,0.0,0.0,0.0,0.0,0.0,0.0,0.0,0.0,0.0,0.0,0.0,0.0,0.0,0.0,0.0,8.0,2.0,1.0
2356,19.777832900000053,0,8.2157,1.7495,2.225,1.7807,0.1883,0.0026,0.0071,0.0002,0.039,0.0507,0.0018,0.0006,0.0091,0.0002,0.0011,0.0013,0.0,0.0001,0.0077,0.0011,0.0005,0.0001,0.0031,0.0883,0.0212,0.0,0.0124,0.0,155.0,0.0,92.0,63.0,82.0,0.0,0.0,0.0,0.0,0.0,0.0,0.0,0.0,0.0,0.0,0.0,0.0,0.0,0.0,0.0,0.0,0.0,0.0,8.0,2.0,1.0
2357,19.786048600000054,0,8.2908,1.7105,2.1223,1.8365,0.2729,0.0041,0.0147,0.0002,0.0426,0.0648,0.0024,0.0007,0.0093,0.0001,0.0023,0.0023,0.0001,0.0001,0.0081,0.0017,0.0004,0.0001,0.003,0.1111,0.0248,0.0001,0.0118,0.0,155.0,0.0,92.0,63.0,82.0,0.0,0.0,0.0,0.0,0.0,0.0,0.0,0.0,0.0,0.0,0.0,0.0,0.0,0.0,0.0,0.0,0.0,0.0,8.0,2.0,1.0
2358,19.794339400000055,0,8.3211,1.7973,2.1478,1.82,0.1993,0.0027,0.0089,0.0002,0.042,0.0561,0.0023,0.0008,0.0093,0.0001,0.0014,0.0014,0.0002,0.0001,0.0077,0.0012,0.0004,0.0001,0.0032,0.095,0.0218,0.0001,0.0123,0.0,155.0,0.0,92.0,63.0,82.0,0.0,0.0,0.0,0.0,0.0,0.0,0.0,0.0,0.0,0.0,0.0,0.0,0.0,0.0,0.0,0.0,0.0,0.0,8.0,2.0,1.0
2359,19.802660500000055,0,8.3051,1.8623,2.1403,1.8183,0.2136,0.003,0.0088,0.0001,0.0429,0.0572,0.0022,0.001,0.011,0.0001,0.0013,0.002,0.0,0.0002,0.0077,0.0014,0.0004,0.0,0.0032,0.0971,0.0369,0.0001,0.0133,0.0,155.0,0.0,92.0,63.0,82.0,0.0,0.0,0.0,0.0,0.0,0.0,0.0,0.0,0.0,0.0,0.0,0.0,0.0,0.0,0.0,0.0,0.0,0.0,8.0,2.0,1.0
2360,19.810965600000056,0,8.6789,1.9413,2.4277,1.9377,0.2209,0.0038,0.0086,0.0002,0.0431,0.0589,0.0021,0.0009,0.0109,0.0002,0.0018,0.0017,0.0001,0.0002,0.0084,0.0012,0.0005,0.0001,0.0032,0.1018,0.0223,0.0001,0.0128,0.0,155.0,0.0,92.0,63.0,82.0,0.0,0.0,0.0,0.0,0.0,0.0,0.0,0.0,0.0,0.0,0.0,0.0,0.0,0.0,0.0,0.0,0.0,0.0,8.0,2.0,1.0
2361,19.819644500000056,0,8.0309,1.9856,2.2667,1.9356,0.1949,0.0029,0.0084,0.0003,0.0373,0.051,0.0026,0.0012,0.0112,0.0002,0.0017,0.0015,0.0001,0.0001,0.0076,0.0017,0.0004,0.0001,0.0033,0.0918,0.0196,0.0,0.0126,0.0,155.0,0.0,92.0,63.0,82.0,0.0,0.0,0.0,0.0,0.0,0.0,0.0,0.0,0.0,0.0,0.0,0.0,0.0,0.0,0.0,0.0,0.0,0.0,8.0,2.0,1.0
2362,19.827675400000057,0,8.7906,2.2729,2.4953,1.9055,0.2039,0.003,0.0098,0.0001,0.0385,0.054,0.002,0.0006,0.0107,0.0001,0.0018,0.0016,0.0002,0.0001,0.0087,0.0012,0.0004,0.0001,0.0031,0.0965,0.019,0.0,0.0123,0.0,155.0,0.0,92.0,63.0,82.0,0.0,0.0,0.0,0.0,0.0,0.0,0.0,0.0,0.0,0.0,0.0,0.0,0.0,0.0,0.0,0.0,0.0,0.0,8.0,2.0,1.0
2363,19.83646600000006,0,7.8714,1.9302,2.2973,1.9894,0.1971,0.0037,0.0077,0.0002,0.0329,0.0466,0.0022,0.0007,0.0112,0.0002,0.0015,0.0014,0.0,0.0001,0.0081,0.0012,0.0004,0.0,0.0033,0.0872,0.0242,0.0001,0.0138,0.0,155.0,0.0,92.0,63.0,82.0,0.0,0.0,0.0,0.0,0.0,0.0,0.0,0.0,0.0,0.0,0.0,0.0,0.0,0.0,0.0,0.0,0.0,0.0,8.0,2.0,1.0
2364,19.844337400000057,0,8.4931,1.8431,2.246,1.7983,0.2069,0.0029,0.0082,0.0001,0.0456,0.0589,0.0026,0.0007,0.0094,0.0001,0.0014,0.0021,0.0001,0.0001,0.0085,0.0017,0.0005,0.0001,0.003,0.1,0.0226,0.0001,0.0118,0.0,155.0,0.0,92.0,63.0,82.0,0.0,0.0,0.0,0.0,0.0,0.0,0.0,0.0,0.0,0.0,0.0,0.0,0.0,0.0,0.0,0.0,0.0,0.0,8.0,2.0,1.0
2365,19.852830500000056,0,8.4684,1.9812,2.4348,1.8617,0.1923,0.0033,0.0088,0.0002,0.0305,0.0446,0.0024,0.0009,0.011,0.0001,0.0016,0.0017,0.0001,0.0001,0.008,0.0011,0.0005,0.0001,0.0031,0.0857,0.0225,0.0,0.0144,0.0,155.0,0.0,92.0,63.0,82.0,0.0,0.0,0.0,0.0,0.0,0.0,0.0,0.0,0.0,0.0,0.0,0.0,0.0,0.0,0.0,0.0,0.0,0.0,8.0,2.0,1.0
2366,19.861298900000058,0,8.2522,1.8393,2.3566,1.8468,0.2028,0.0029,0.0082,0.0003,0.0418,0.0554,0.002,0.0006,0.0102,0.0001,0.0013,0.0019,0.0001,0.0001,0.0074,0.0011,0.0005,0.0001,0.0032,0.0972,0.0221,0.0,0.0132,0.0,155.0,0.0,92.0,63.0,82.0,0.0,0.0,0.0,0.0,0.0,0.0,0.0,0.0,0.0,0.0,0.0,0.0,0.0,0.0,0.0,0.0,0.0,0.0,8.0,2.0,1.0
2367,19.86955110000006,0,8.0814,2.2757,2.1962,1.8994,0.2276,0.0042,0.0122,0.0002,0.0315,0.0511,0.0027,0.0009,0.0118,0.0002,0.0027,0.0017,0.0001,0.0005,0.0078,0.0012,0.0005,0.0001,0.0037,0.0964,0.0243,0.0,0.0126,0.0,155.0,0.0,92.0,63.0,82.0,0.0,0.0,0.0,0.0,0.0,0.0,0.0,0.0,0.0,0.0,0.0,0.0,0.0,0.0,0.0,0.0,0.0,0.0,8.0,2.0,1.0
2368,19.877632500000058,0,8.6157,2.1008,2.3786,1.7536,0.2106,0.0033,0.0074,0.0001,0.0489,0.0617,0.0023,0.0008,0.0119,0.0002,0.0015,0.0018,0.0,0.0001,0.0087,0.0012,0.001,0.0001,0.0037,0.1077,0.0225,0.0001,0.0122,0.0,155.0,0.0,92.0,63.0,82.0,0.0,0.0,0.0,0.0,0.0,0.0,0.0,0.0,0.0,0.0,0.0,0.0,0.0,0.0,0.0,0.0,0.0,0.0,8.0,2.0,1.0
2369,19.886248200000058,0,8.6161,2.3113,2.6231,2.0238,0.1997,0.0035,0.0083,0.0002,0.0343,0.0495,0.0031,0.0012,0.0128,0.0001,0.0014,0.0021,0.0002,0.0002,0.0077,0.0015,0.0006,0.0,0.0033,0.0945,0.0213,0.0,0.0134,0.0,155.0,0.0,92.0,63.0,82.0,0.0,0.0,0.0,0.0,0.0,0.0,0.0,0.0,0.0,0.0,0.0,0.0,0.0,0.0,0.0,0.0,0.0,0.0,8.0,2.0,1.0
2370,19.89486430000006,0,8.5068,2.2111,2.7167,1.8789,0.207,0.0035,0.0093,0.0002,0.0417,0.0576,0.0025,0.0009,0.0114,0.0002,0.0016,0.0015,0.0001,0.0001,0.0091,0.0013,0.0005,0.0001,0.0038,0.1016,0.0193,0.0,0.0127,0.0,155.0,0.0,92.0,63.0,82.0,0.0,0.0,0.0,0.0,0.0,0.0,0.0,0.0,0.0,0.0,0.0,0.0,0.0,0.0,0.0,0.0,0.0,0.0,8.0,2.0,1.0
2371,19.903371100000058,0,8.0473,1.9892,2.457,1.9057,0.2081,0.0034,0.0088,0.0001,0.0306,0.0459,0.002,0.0008,0.011,0.0001,0.0021,0.0016,0.0001,0.0006,0.0085,0.0012,0.0005,0.0002,0.0032,0.0901,0.025,0.0,0.0132,0.0,155.0,0.0,92.0,63.0,84.0,0.0,0.0,0.0,0.0,0.0,0.0,0.0,0.0,0.0,0.0,0.0,0.0,0.0,0.0,0.0,0.0,0.0,0.0,8.0,2.0,1.0
2372,19.91141840000006,0,8.3328,2.0766,2.559,1.8918,0.1955,0.0032,0.0079,0.0003,0.04,0.0536,0.002,0.0006,0.01,0.0007,0.0014,0.0014,0.0001,0.0001,0.0084,0.0012,0.0005,0.0001,0.0033,0.0945,0.0184,0.0,0.0145,0.0,155.0,0.0,92.0,63.0,84.0,0.0,0.0,0.0,0.0,0.0,0.0,0.0,0.0,0.0,0.0,0.0,0.0,0.0,0.0,0.0,0.0,0.0,0.0,8.0,2.0,1.0
2373,19.91975120000006,0,8.2263,1.9183,2.3667,1.8807,0.2028,0.0029,0.0081,0.0002,0.0356,0.0493,0.0022,0.0007,0.0115,0.0002,0.0015,0.0023,0.0002,0.0001,0.0082,0.0016,0.0004,0.0001,0.0031,0.092,0.0213,0.0,0.0139,0.0,155.0,0.0,92.0,63.0,84.0,0.0,0.0,0.0,0.0,0.0,0.0,0.0,0.0,0.0,0.0,0.0,0.0,0.0,0.0,0.0,0.0,0.0,0.0,8.0,2.0,1.0
2374,19.92797750000006,0,8.619,1.8974,2.5361,1.8586,0.2378,0.0035,0.0113,0.0003,0.0524,0.0704,0.0022,0.0008,0.0122,0.0003,0.0018,0.0021,0.0002,0.0001,0.0085,0.0014,0.0004,0.0001,0.0036,0.1176,0.0255,0.0,0.0145,0.0,155.0,0.0,92.0,63.0,84.0,0.0,0.0,0.0,0.0,0.0,0.0,0.0,0.0,0.0,0.0,0.0,0.0,0.0,0.0,0.0,0.0,0.0,0.0,8.0,2.0,1.0
2375,19.93659650000006,0,8.1167,2.2907,2.4722,2.1847,0.2096,0.0039,0.0085,0.0002,0.0337,0.0485,0.0018,0.0007,0.0105,0.0001,0.0015,0.0017,0.0002,0.0001,0.0085,0.0012,0.0005,0.0001,0.0034,0.0912,0.0221,0.0,0.0123,0.0,155.0,0.0,92.0,63.0,84.0,0.0,0.0,0.0,0.0,0.0,0.0,0.0,0.0,0.0,0.0,0.0,0.0,0.0,0.0,0.0,0.0,0.0,0.0,8.0,2.0,1.0
2376,19.94471320000006,0,8.3052,2.0349,2.5099,1.9788,0.2172,0.0027,0.0084,0.0003,0.053,0.0664,0.0028,0.0007,0.0115,0.0001,0.002,0.0017,0.0002,0.0001,0.0077,0.0016,0.0005,0.0001,0.0034,0.1091,0.0229,0.0,0.0132,0.0,155.0,0.0,92.0,63.0,84.0,0.0,0.0,0.0,0.0,0.0,0.0,0.0,0.0,0.0,0.0,0.0,0.0,0.0,0.0,0.0,0.0,0.0,0.0,8.0,2.0,1.0
2377,19.953018400000058,0,8.1821,1.9073,2.2766,1.9033,0.2009,0.003,0.0081,0.0002,0.0307,0.0442,0.0019,0.0007,0.0105,0.0001,0.002,0.0016,0.0002,0.0006,0.0078,0.0013,0.0005,0.0001,0.0038,0.0872,0.0254,0.0,0.0133,0.0,155.0,0.0,92.0,63.0,84.0,0.0,0.0,0.0,0.0,0.0,0.0,0.0,0.0,0.0,0.0,0.0,0.0,0.0,0.0,0.0,0.0,0.0,0.0,8.0,2.0,1.0
2378,19.961200500000057,0,8.2413,2.1706,2.2045,1.9336,0.1851,0.0029,0.008,0.0002,0.0363,0.0499,0.0019,0.0007,0.01,0.0001,0.0018,0.0014,0.0001,0.0001,0.0076,0.0016,0.0005,0.0,0.0034,0.0888,0.0202,0.0001,0.0128,0.0,155.0,0.0,92.0,63.0,84.0,0.0,0.0,0.0,0.0,0.0,0.0,0.0,0.0,0.0,0.0,0.0,0.0,0.0,0.0,0.0,0.0,0.0,0.0,8.0,2.0,1.0
2379,19.96944180000006,0,8.3668,1.8853,2.1438,1.7354,0.1885,0.0035,0.0081,0.0002,0.0288,0.0433,0.0019,0.0007,0.01,0.0001,0.0013,0.0016,0.0001,0.0001,0.0085,0.0011,0.0004,0.0,0.0033,0.0846,0.0206,0.0,0.0132,0.0,155.0,0.0,92.0,63.0,84.0,0.0,0.0,0.0,0.0,0.0,0.0,0.0,0.0,0.0,0.0,0.0,0.0,0.0,0.0,0.0,0.0,0.0,0.0,8.0,2.0,1.0
2380,19.97780860000006,0,8.6801,2.0665,2.4909,1.9298,0.2024,0.0028,0.008,0.0002,0.0403,0.0546,0.002,0.001,0.0116,0.0001,0.0014,0.0017,0.0001,0.0001,0.0089,0.0017,0.0004,0.0001,0.0032,0.0974,0.0232,0.0,0.0135,0.0,155.0,0.0,92.0,63.0,84.0,0.0,0.0,0.0,0.0,0.0,0.0,0.0,0.0,0.0,0.0,0.0,0.0,0.0,0.0,0.0,0.0,0.0,0.0,8.0,2.0,1.0
2381,19.98648870000006,0,7.9212,2.1546,2.2514,1.7882,0.1927,0.0032,0.0083,0.0003,0.034,0.0478,0.0018,0.0008,0.0095,0.0001,0.0015,0.0016,0.0001,0.0001,0.0081,0.001,0.0004,0.0002,0.0032,0.0886,0.0208,0.0,0.0119,0.0,155.0,0.0,92.0,63.0,84.0,0.0,0.0,0.0,0.0,0.0,0.0,0.0,0.0,0.0,0.0,0.0,0.0,0.0,0.0,0.0,0.0,0.0,0.0,8.0,2.0,1.0
