capture_frame_index,elapsed_start_seconds,event_count,FrameTime_ms,RenderThreadTime_ms,GameThreadTime_ms,RHIThreadTime_ms,PhysicsVerbose/AllWorkers/StepSolver_ms,PhysicsVerbose/AllWorkers/StepSolver_Integrate_ms,PhysicsVerbose/AllWorkers/StepSolver_KinematicTargets_ms,PhysicsVerbose/AllWorkers/StepSolver_UpdateConstraintPositionBasedState_ms,PhysicsVerbose/AllWorkers/StepSolver_ComputeIntermediateSpatialAcceleration_ms,PhysicsVerbose/AllWorkers/StepSolver_IntegrateKinematicSpatial_ms,PhysicsVerbose/AllWorkers/DetectCollisions_BroadPhase_ms,PhysicsVerbose/AllWorkers/DetectCollisions_NarrowPhase_ms,PhysicsVerbose/AllWorkers/StepSolver_DetectCollisions_ms,PhysicsVerbose/AllWorkers/CCD_ms,PhysicsVerbose/AllWorkers/StepSolver_CreateConstraintGraph_ms,PhysicsVerbose/AllWorkers/StepSolver_CreateIslands_ms,PhysicsVerbose/AllWorkers/StepSolver_PruneCollisions_ms,PhysicsVerbose/AllWorkers/StepSolver_ReloadCacheTotalSerialized_ms,PhysicsVerbose/AllWorkers/StepSolver_BuildGroups_ms,PhysicsVerbose/AllWorkers/StepSolver_PerIslandSolve_ms,PhysicsVerbose/AllWorkers/StepSolver_CCDCorrection_ms,PhysicsVerbose/AllWorkers/StepSolver_DeactivateSleep_ms,PhysicsVerbose/AllWorkers/StepSolver_IslandEndTick_ms,PhysicsVerbose/AllWorkers/StepSolver_AdvanceOneTimeStepImpl_ms,PhysicsVerbose/AllWorkers/StepSolver_PullData_ms,PhysicsVerbose/AllWorkers/StepSolver_SavePostSolve_ms,PhysicsVerbose/GameThread/AcquireSceneWriteLock_ms,PhysicsCounters/NumDisabledBodies_native,PhysicsCounters/NumBodies_native,PhysicsCounters/NumDynamicBodies_native,PhysicsCounters/NumKinematicBodies_native,PhysicsCounters/NumStaticBodies_native,PhysicsCounters/NumMovingBodies_native,PhysicsCounters/NumGeometryCollectionBodies_native,PhysicsCounters/NumIslands_native,PhysicsCounters/NumIslandGroups_native,PhysicsCounters/NumContacts_native,PhysicsCounters/NumJoints_native,PhysicsCounters/NumCharacterGroundConstraints_native,PhysicsCounters/NumValidConstraints_native,PhysicsCounters/NumActiveConstraints_native,PhysicsCounters/NumRestoredConstraints_native,PhysicsCounters/NumManifoldPoints_native,PhysicsCounters/NumActiveManifoldPoints_native,PhysicsCounters/NumRestoredManifoldPoints_native,PhysicsCounters/NumUpdatedManifoldPoints_native,PhysicsCounters/NumStaticShapes_native,PhysicsCounters/NumKinematicShapes_native,PhysicsCounters/NumDynamicShapes_native,PhysicsCounters/NumBroadPhasePairs_native,PhysicsCounters/NumMidPhases_native,PhysicsCounters/NumPositionIterations_native,PhysicsCounters/NumVelocityIterations_native,PhysicsCounters/NumProjectionIterations_native
0,0.0,0,10.1057,266.1613,139.2822,26.0702,0.9799,0.0064,0.0049,0.0004,0.1976,0.2165,0.0109,0.0087,0.0547,0.0007,0.0076,0.0085,0.0025,0.0006,0.0148,0.0065,0.0054,0.0017,0.0001,0.3594,0.0453,0.0,0.0012,0.0,65.0,0.0,2.0,63.0,0.0,0.0,0.0,0.0,0.0,0.0,0.0,0.0,0.0,0.0,0.0,0.0,0.0,0.0,0.0,0.0,0.0,0.0,0.0,8.0,2.0,1.0
1,0.0101057,0,5.1766,10.0816,5.4898,26.0702,0.2309,0.0049,0.0092,0.0003,0.0923,0.1098,0.0043,0.0016,0.0156,0.0002,0.0021,0.0029,0.0002,0.0003,0.0105,0.0016,0.0007,0.0018,0.0,0.1568,0.0227,0.0002,0.0011,0.0,65.0,0.0,2.0,63.0,1.0,0.0,0.0,0.0,0.0,0.0,0.0,0.0,0.0,0.0,0.0,0.0,0.0,0.0,0.0,0.0,0.0,0.0,0.0,8.0,2.0,1.0
2,0.0152823,0,6.8525,3.6091,1.8402,1.7112,0.1406,0.0053,0.0046,0.0002,0.0276,0.0399,0.0029,0.0012,0.0155,0.0002,0.0016,0.002,0.0007,0.0001,0.0114,0.0013,0.0013,0.0012,0.0,0.0844,0.019,0.0002,0.0008,0.0,65.0,0.0,2.0,63.0,1.0,0.0,0.0,0.0,0.0,0.0,0.0,0.0,0.0,0.0,0.0,0.0,0.0,0.0,0.0,0.0,0.0,0.0,0.0,8.0,2.0,1.0
3,0.0221348,0,8.5024,2.1582,1.6166,1.5735,0.1796,0.0065,0.0047,0.0003,0.032,0.0465,0.0037,0.0016,0.0178,0.0002,0.0027,0.0038,0.0002,0.0002,0.0115,0.0021,0.0006,0.0018,0.0,0.1014,0.0368,0.0001,0.001,0.0,65.0,0.0,2.0,63.0,1.0,0.0,0.0,0.0,0.0,0.0,0.0,0.0,0.0,0.0,0.0,0.0,0.0,0.0,0.0,0.0,0.0,0.0,0.0,8.0,2.0,1.0
4,0.0306372,0,8.2396,2.7231,1.5876,1.7274,0.1215,0.0056,0.0047,0.0003,0.0204,0.0348,0.002,0.001,0.0092,0.0001,0.0015,0.0022,0.0001,0.0002,0.0095,0.0012,0.0005,0.0014,0.0,0.0701,0.015,0.0001,0.001,0.0,65.0,0.0,2.0,63.0,1.0,0.0,0.0,0.0,0.0,0.0,0.0,0.0,0.0,0.0,0.0,0.0,0.0,0.0,0.0,0.0,0.0,0.0,0.0,8.0,2.0,1.0
5,0.0388768,0,8.6907,2.4493,2.0631,1.7402,0.1587,0.0056,0.0046,0.0003,0.0242,0.0381,0.0032,0.0009,0.018,0.0003,0.0024,0.0021,0.0004,0.0002,0.0125,0.0014,0.0005,0.0012,0.0,0.0882,0.0216,0.0001,0.0008,0.0,65.0,0.0,2.0,63.0,1.0,0.0,0.0,0.0,0.0,0.0,0.0,0.0,0.0,0.0,0.0,0.0,0.0,0.0,0.0,0.0,0.0,0.0,0.0,8.0,2.0,1.0
6,0.0475675,0,7.9764,2.2478,1.7115,1.6924,0.1537,0.0069,0.0053,0.0003,0.0379,0.053,0.003,0.0011,0.0105,0.0002,0.0018,0.0022,0.0001,0.0001,0.0105,0.0014,0.0008,0.0014,0.0,0.0911,0.0257,0.0001,0.0009,0.0,65.0,0.0,2.0,63.0,1.0,0.0,0.0,0.0,0.0,0.0,0.0,0.0,0.0,0.0,0.0,0.0,0.0,0.0,0.0,0.0,0.0,0.0,0.0,8.0,2.0,1.0
7,0.0555439,0,8.3307,2.0899,1.5881,1.6256,0.1208,0.0053,0.0056,0.0003,0.0168,0.0302,0.002,0.0014,0.0128,0.0003,0.0021,0.0018,0.0001,0.0001,0.0105,0.0017,0.0006,0.001,0.0,0.0708,0.0138,0.0001,0.0008,0.0,65.0,0.0,2.0,63.0,1.0,0.0,0.0,0.0,0.0,0.0,0.0,0.0,0.0,0.0,0.0,0.0,0.0,0.0,0.0,0.0,0.0,0.0,0.0,8.0,2.0,1.0
8,0.0638746,0,8.348,2.066,1.6126,1.6095,0.1363,0.005,0.0046,0.0003,0.0326,0.0449,0.0025,0.0011,0.0114,0.0003,0.0033,0.0022,0.0001,0.0002,0.011,0.0014,0.0004,0.001,0.0,0.0853,0.0138,0.0002,0.0016,0.0,65.0,0.0,2.0,63.0,1.0,0.0,0.0,0.0,0.0,0.0,0.0,0.0,0.0,0.0,0.0,0.0,0.0,0.0,0.0,0.0,0.0,0.0,0.0,8.0,2.0,1.0
9,0.0722226,0,8.4328,1.9913,1.8018,1.49,0.1181,0.0035,0.0069,0.0003,0.0142,0.0273,0.002,0.0012,0.0094,0.0002,0.0016,0.0021,0.0002,0.0001,0.0102,0.0012,0.0005,0.0011,0.0001,0.064,0.0167,0.0002,0.0012,0.0,65.0,0.0,2.0,63.0,1.0,0.0,0.0,0.0,0.0,0.0,0.0,0.0,0.0,0.0,0.0,0.0,0.0,0.0,0.0,0.0,0.0,0.0,0.0,8.0,2.0,1.0
10,0.0806554,0,7.9367,1.9713,1.6256,1.552,0.1266,0.0034,0.0071,0.0003,0.0239,0.0379,0.0022,0.0016,0.0118,0.0001,0.0018,0.0018,0.0006,0.0001,0.0095,0.0018,0.0005,0.001,0.0,0.0755,0.0143,0.0001,0.0011,0.0,65.0,0.0,2.0,63.0,1.0,0.0,0.0,0.0,0.0,0.0,0.0,0.0,0.0,0.0,0.0,0.0,0.0,0.0,0.0,0.0,0.0,0.0,0.0,8.0,2.0,1.0
11,0.08859210000000001,0,8.8187,2.0637,1.352,1.3537,0.1102,0.0033,0.0066,0.0002,0.0145,0.0275,0.0021,0.0015,0.0111,0.0002,0.002,0.0017,0.0007,0.0002,0.0094,0.0014,0.0005,0.0009,0.0,0.0638,0.0126,0.0001,0.0012,0.0,65.0,0.0,2.0,63.0,1.0,0.0,0.0,0.0,0.0,0.0,0.0,0.0,0.0,0.0,0.0,0.0,0.0,0.0,0.0,0.0,0.0,0.0,0.0,8.0,2.0,1.0
12,0.0974108,0,8.0507,2.2036,1.7229,1.5827,0.1112,0.0033,0.0067,0.0003,0.0188,0.0312,0.0021,0.001,0.01,0.0001,0.0014,0.0021,0.0001,0.0002,0.0089,0.0017,0.0004,0.0009,0.0,0.0657,0.0132,0.0001,0.001,0.0,65.0,0.0,2.0,63.0,1.0,0.0,0.0,0.0,0.0,0.0,0.0,0.0,0.0,0.0,0.0,0.0,0.0,0.0,0.0,0.0,0.0,0.0,0.0,8.0,2.0,1.0
13,0.10546150000000001,0,8.2994,1.8815,1.6439,1.5338,0.11,0.0034,0.0066,0.0003,0.0138,0.0275,0.0019,0.0012,0.0089,0.0002,0.0019,0.0018,0.0001,0.0001,0.0097,0.0012,0.0004,0.001,0.0,0.0618,0.0134,0.0001,0.0012,0.0,65.0,0.0,2.0,63.0,1.0,0.0,0.0,0.0,0.0,0.0,0.0,0.0,0.0,0.0,0.0,0.0,0.0,0.0,0.0,0.0,0.0,0.0,0.0,8.0,2.0,1.0
14,0.11376090000000001,0,8.0327,1.9218,1.2661,1.2435,0.0991,0.0017,0.0039,0.0003,0.0188,0.0266,0.0017,0.001,0.0071,0.0001,0.0014,0.002,0.0001,0.0001,0.0091,0.0015,0.0005,0.0007,0.0,0.0582,0.0113,0.0001,0.001,0.0,65.0,0.0,2.0,63.0,1.0,0.0,0.0,0.0,0.0,0.0,0.0,0.0,0.0,0.0,0.0,0.0,0.0,0.0,0.0,0.0,0.0,0.0,0.0,8.0,2.0,1.0
15,0.12179360000000002,0,8.5181,1.7003,1.2887,1.3162,0.1091,0.0017,0.0075,0.0009,0.0093,0.0224,0.0017,0.0017,0.0113,0.0003,0.0024,0.0022,0.0001,0.0001,0.0106,0.0014,0.0005,0.0008,0.0,0.061,0.0132,0.0004,0.0009,0.0,65.0,0.0,2.0,63.0,1.0,0.0,0.0,0.0,0.0,0.0,0.0,0.0,0.0,0.0,0.0,0.0,0.0,0.0,0.0,0.0,0.0,0.0,0.0,8.0,2.0,1.0
16,0.13031170000000003,0,8.1566,1.9466,1.3612,1.2497,0.1041,0.0014,0.0052,0.0002,0.0168,0.026,0.0018,0.0014,0.0095,0.0002,0.0019,0.0017,0.0001,0.0001,0.009,0.0012,0.0005,0.0011,0.0,0.0597,0.0122,0.0001,0.0009,0.0,65.0,0.0,2.0,63.0,1.0,0.0,0.0,0.0,0.0,0.0,0.0,0.0,0.0,0.0,0.0,0.0,0.0,0.0,0.0,0.0,0.0,0.0,0.0,8.0,2.0,1.0
17,0.13846830000000004,0,8.4263,1.6687,1.3034,1.6254,0.1188,0.0016,0.007,0.0004,0.0132,0.0253,0.0018,0.0011,0.0107,0.0001,0.0024,0.0019,0.0002,0.0002,0.0114,0.0015,0.0012,0.0014,0.0001,0.0657,0.0177,0.0001,0.0008,0.0,65.0,0.0,2.0,63.0,1.0,0.0,0.0,0.0,0.0,0.0,0.0,0.0,0.0,0.0,0.0,0.0,0.0,0.0,0.0,0.0,0.0,0.0,0.0,8.0,2.0,1.0
18,0.14689460000000004,0,8.2756,1.7219,1.2221,1.6506,0.1201,0.004,0.0051,0.0002,0.024,0.0359,0.0028,0.0009,0.0101,0.0001,0.0018,0.0018,0.0004,0.0001,0.0093,0.0018,0.0006,0.0009,0.0001,0.0715,0.0139,0.0001,0.0008,0.0,65.0,0.0,2.0,63.0,1.0,0.0,0.0,0.0,0.0,0.0,0.0,0.0,0.0,0.0,0.0,0.0,0.0,0.0,0.0,0.0,0.0,0.0,0.0,8.0,2.0,1.0
19,0.15517020000000004,0,8.2143,1.6417,1.2388,1.2201,0.0941,0.0015,0.0061,0.0002,0.0112,0.0211,0.0024,0.0009,0.0085,0.0002,0.0015,0.0016,0.0007,0.0002,0.0086,0.0011,0.0011,0.0008,0.0,0.0532,0.01,0.0001,0.0008,0.0,65.0,0.0,2.0,63.0,1.0,0.0,0.0,0.0,0.0,0.0,0.0,0.0,0.0,0.0,0.0,0.0,0.0,0.0,0.0,0.0,0.0,0.0,0.0,8.0,2.0,1.0
20,0.16338450000000004,0,8.379,1.6047,1.1329,1.1491,0.1001,0.0018,0.0058,0.0003,0.0161,0.0268,0.0022,0.0008,0.0082,0.0002,0.0018,0.0014,0.0002,0.0001,0.0086,0.0011,0.0005,0.001,0.0001,0.058,0.0116,0.0,0.001,0.0,65.0,0.0,2.0,63.0,1.0,0.0,0.0,0.0,0.0,0.0,0.0,0.0,0.0,0.0,0.0,0.0,0.0,0.0,0.0,0.0,0.0,0.0,0.0,8.0,2.0,1.0
21,0.17176350000000004,0,8.4974,1.6946,1.1751,1.6819,0.1057,0.0015,0.0053,0.0003,0.0125,0.022,0.0021,0.001,0.0084,0.0002,0.0015,0.0019,0.0002,0.0001,0.0097,0.0011,0.0005,0.001,0.0,0.0557,0.0146,0.0001,0.001,0.0,65.0,0.0,2.0,63.0,1.0,0.0,0.0,0.0,0.0,0.0,0.0,0.0,0.0,0.0,0.0,0.0,0.0,0.0,0.0,0.0,0.0,0.0,0.0,8.0,2.0,1.0
22,0.18026090000000003,0,8.1992,1.5777,1.379,1.4283,0.1015,0.0014,0.0062,0.0002,0.0158,0.0267,0.0025,0.0007,0.0085,0.0001,0.0016,0.0014,0.0002,0.0001,0.0089,0.0012,0.0005,0.0009,0.0,0.0587,0.0122,0.0001,0.0009,0.0,65.0,0.0,2.0,63.0,1.0,0.0,0.0,0.0,0.0,0.0,0.0,0.0,0.0,0.0,0.0,0.0,0.0,0.0,0.0,0.0,0.0,0.0,0.0,8.0,2.0,1.0
23,0.18846010000000002,0,8.4615,1.6616,1.1583,1.09,0.1029,0.0013,0.005,0.0002,0.0126,0.0216,0.0025,0.0016,0.0089,0.0002,0.0014,0.0019,0.0001,0.0001,0.0096,0.0012,0.0006,0.0012,0.0,0.0566,0.0141,0.0,0.0009,0.0,65.0,0.0,2.0,63.0,1.0,0.0,0.0,0.0,0.0,0.0,0.0,0.0,0.0,0.0,0.0,0.0,0.0,0.0,0.0,0.0,0.0,0.0,0.0,8.0,2.0,1.0
24,0.19692160000000003,0,8.2686,1.7909,1.4104,1.5914,0.0979,0.0021,0.0044,0.0002,0.0165,0.0255,0.0019,0.0009,0.0103,0.0002,0.0019,0.0013,0.0001,0.0001,0.0083,0.0011,0.0005,0.0011,0.0,0.0577,0.0108,0.0001,0.001,0.0,65.0,0.0,2.0,63.0,1.0,0.0,0.0,0.0,0.0,0.0,0.0,0.0,0.0,0.0,0.0,0.0,0.0,0.0,0.0,0.0,0.0,0.0,0.0,8.0,2.0,1.0
25,0.20519020000000002,0,8.4843,1.7618,1.4012,1.2032,0.1153,0.0041,0.0053,0.0003,0.013,0.0259,0.0026,0.0011,0.0095,0.0002,0.0017,0.0026,0.0001,0.0001,0.01,0.0013,0.001,0.0011,0.0,0.0635,0.0145,0.0001,0.0009,0.0,65.0,0.0,2.0,63.0,1.0,0.0,0.0,0.0,0.0,0.0,0.0,0.0,0.0,0.0,0.0,0.0,0.0,0.0,0.0,0.0,0.0,0.0,0.0,8.0,2.0,1.0
26,0.21367450000000002,0,8.2981,1.7793,1.4317,1.3064,0.108,0.0018,0.0065,0.0002,0.0187,0.03,0.002,0.0009,0.0094,0.0002,0.0022,0.0023,0.0001,0.0001,0.0092,0.0013,0.0005,0.0009,0.0,0.0639,0.0126,0.0001,0.001,0.0,65.0,0.0,2.0,63.0,1.0,0.0,0.0,0.0,0.0,0.0,0.0,0.0,0.0,0.0,0.0,0.0,0.0,0.0,0.0,0.0,0.0,0.0,0.0,8.0,2.0,1.0
27,0.22197260000000002,0,8.5218,1.7549,1.4257,1.2195,0.1241,0.0038,0.0077,0.0002,0.0125,0.0273,0.0022,0.0012,0.0106,0.0002,0.0016,0.0021,0.0002,0.0002,0.0112,0.002,0.0007,0.0011,0.0001,0.0689,0.0156,0.0001,0.0008,0.0,65.0,0.0,2.0,63.0,1.0,0.0,0.0,0.0,0.0,0.0,0.0,0.0,0.0,0.0,0.0,0.0,0.0,0.0,0.0,0.0,0.0,0.0,0.0,8.0,2.0,1.0
28,0.23049440000000002,0,8.1803,2.2773,1.5022,1.4586,0.1242,0.0021,0.0051,0.0003,0.0224,0.0327,0.002,0.0014,0.0117,0.0001,0.0018,0.0023,0.0002,0.0002,0.0105,0.0014,0.0006,0.0015,0.0,0.0723,0.0143,0.0001,0.0008,0.0,65.0,0.0,2.0,63.0,1.0,0.0,0.0,0.0,0.0,0.0,0.0,0.0,0.0,0.0,0.0,0.0,0.0,0.0,0.0,0.0,0.0,0.0,0.0,8.0,2.0,1.0
29,0.23867470000000002,0,8.3827,1.9478,1.4186,1.3629,0.1149,0.0021,0.006,0.0003,0.014,0.0255,0.0026,0.001,0.0094,0.0001,0.0017,0.002,0.0001,0.0001,0.0112,0.0013,0.0011,0.0011,0.0,0.0634,0.0137,0.0002,0.0007,0.0,65.0,0.0,2.0,63.0,1.0,0.0,0.0,0.0,0.0,0.0,0.0,0.0,0.0,0.0,0.0,0.0,0.0,0.0,0.0,0.0,0.0,0.0,0.0,8.0,2.0,1.0
30,0.2470574,0,8.1206,1.996,1.4076,1.3985,0.1117,0.0035,0.0058,0.0003,0.0186,0.0308,0.0019,0.0013,0.0097,0.0007,0.0015,0.0022,0.0001,0.0001,0.0092,0.0013,0.0005,0.001,0.0001,0.0653,0.0121,0.0001,0.001,0.0,65.0,0.0,2.0,63.0,1.0,0.0,0.0,0.0,0.0,0.0,0.0,0.0,0.0,0.0,0.0,0.0,0.0,0.0,0.0,0.0,0.0,0.0,0.0,8.0,2.0,1.0
31,0.255178,0,8.3617,1.8194,1.248,1.5503,0.1038,0.0021,0.0043,0.0002,0.0116,0.0207,0.002,0.001,0.009,0.0001,0.0019,0.0018,0.0002,0.0001,0.0099,0.0013,0.0005,0.001,0.0001,0.0556,0.0132,0.0001,0.001,0.0,65.0,0.0,2.0,63.0,1.0,0.0,0.0,0.0,0.0,0.0,0.0,0.0,0.0,0.0,0.0,0.0,0.0,0.0,0.0,0.0,0.0,0.0,0.0,8.0,2.0,1.0
32,0.26353970000000004,0,8.4067,2.0742,1.3546,1.521,0.1186,0.0019,0.0057,0.0003,0.0179,0.0286,0.002,0.001,0.0099,0.0002,0.0014,0.0023,0.0001,0.0001,0.0093,0.0014,0.0005,0.0014,0.0,0.0645,0.0174,0.0001,0.001,0.0,65.0,0.0,2.0,63.0,1.0,0.0,0.0,0.0,0.0,0.0,0.0,0.0,0.0,0.0,0.0,0.0,0.0,0.0,0.0,0.0,0.0,0.0,0.0,8.0,2.0,1.0
33,0.27194640000000003,0,8.3865,1.9191,1.4284,1.401,0.1212,0.0035,0.0046,0.0003,0.0226,0.0338,0.0022,0.001,0.0104,0.0001,0.0024,0.0025,0.0002,0.0002,0.01,0.0012,0.0006,0.0009,0.0,0.071,0.0139,0.0001,0.001,0.0,65.0,0.0,2.0,63.0,1.0,0.0,0.0,0.0,0.0,0.0,0.0,0.0,0.0,0.0,0.0,0.0,0.0,0.0,0.0,0.0,0.0,0.0,0.0,8.0,2.0,1.0
34,0.28033290000000005,0,8.3929,1.7716,1.3399,1.3437,0.111,0.0022,0.0044,0.0002,0.0213,0.0306,0.002,0.0011,0.0098,0.0001,0.0016,0.0022,0.0001,0.0001,0.0088,0.0012,0.001,0.0009,0.0,0.0647,0.0124,0.0001,0.0009,0.0,65.0,0.0,2.0,63.0,1.0,0.0,0.0,0.0,0.0,0.0,0.0,0.0,0.0,0.0,0.0,0.0,0.0,0.0,0.0,0.0,0.0,0.0,0.0,8.0,2.0,1.0
35,0.28872580000000003,0,8.3031,1.7477,1.5431,1.28,0.1048,0.0025,0.0059,0.0002,0.0128,0.0243,0.0021,0.0011,0.0091,0.0002,0.002,0.0018,0.0001,0.0001,0.0097,0.0011,0.0005,0.001,0.0,0.0582,0.0139,0.0001,0.001,0.0,65.0,0.0,2.0,63.0,1.0,0.0,0.0,0.0,0.0,0.0,0.0,0.0,0.0,0.0,0.0,0.0,0.0,0.0,0.0,0.0,0.0,0.0,0.0,8.0,2.0,1.0
36,0.29702890000000004,0,8.3909,1.8184,1.3974,1.3193,0.1152,0.0023,0.0049,0.0002,0.0168,0.0273,0.002,0.0011,0.0104,0.0001,0.0022,0.0018,0.0001,0.0002,0.0092,0.0012,0.0009,0.001,0.0001,0.0636,0.0144,0.0001,0.001,0.0,65.0,0.0,2.0,63.0,1.0,0.0,0.0,0.0,0.0,0.0,0.0,0.0,0.0,0.0,0.0,0.0,0.0,0.0,0.0,0.0,0.0,0.0,0.0,8.0,2.0,1.0
37,0.3054198,0,8.217,1.7477,1.5392,1.6175,0.1084,0.0022,0.0049,0.0002,0.0133,0.0232,0.0027,0.0011,0.0099,0.0006,0.0016,0.0019,0.0001,0.0002,0.0093,0.0016,0.0005,0.001,0.0,0.0585,0.0136,0.0001,0.0008,0.0,65.0,0.0,2.0,63.0,1.0,0.0,0.0,0.0,0.0,0.0,0.0,0.0,0.0,0.0,0.0,0.0,0.0,0.0,0.0,0.0,0.0,0.0,0.0,8.0,2.0,1.0
38,0.3136368,0,8.4274,1.9151,1.4628,1.3585,0.1125,0.002,0.0049,0.0002,0.0193,0.0289,0.002,0.0016,0.0095,0.0002,0.0015,0.0021,0.0001,0.0001,0.0105,0.0011,0.001,0.001,0.0,0.0647,0.0127,0.0001,0.0009,0.0,65.0,0.0,2.0,63.0,1.0,0.0,0.0,0.0,0.0,0.0,0.0,0.0,0.0,0.0,0.0,0.0,0.0,0.0,0.0,0.0,0.0,0.0,0.0,8.0,2.0,1.0
39,0.32206419999999997,0,8.1918,1.8217,1.3463,1.2744,0.1041,0.002,0.0084,0.0002,0.0089,0.0223,0.0026,0.001,0.0095,0.0002,0.0018,0.002,0.0001,0.0002,0.0097,0.0016,0.0005,0.0008,0.0,0.0572,0.0128,0.0001,0.001,0.0,65.0,0.0,2.0,63.0,1.0,0.0,0.0,0.0,0.0,0.0,0.0,0.0,0.0,0.0,0.0,0.0,0.0,0.0,0.0,0.0,0.0,0.0,0.0,8.0,2.0,1.0
40,0.330256,0,8.369,1.7969,1.3426,1.3858,0.1135,0.0016,0.0043,0.0001,0.0219,0.0312,0.0019,0.0011,0.0109,0.0002,0.0015,0.0016,0.0001,0.0002,0.0092,0.0017,0.0006,0.0008,0.0,0.0666,0.0125,0.0001,0.0009,0.0,65.0,0.0,2.0,63.0,1.0,0.0,0.0,0.0,0.0,0.0,0.0,0.0,0.0,0.0,0.0,0.0,0.0,0.0,0.0,0.0,0.0,0.0,0.0,8.0,2.0,1.0
41,0.338625,0,8.087,1.8806,1.2547,1.3082,0.0884,0.0011,0.0036,0.0002,0.0121,0.0191,0.0018,0.0008,0.0077,0.0002,0.0013,0.0018,0.0001,0.0002,0.0085,0.0016,0.0005,0.0009,0.0,0.0491,0.0106,0.0001,0.0008,0.0,65.0,0.0,2.0,63.0,1.0,0.0,0.0,0.0,0.0,0.0,0.0,0.0,0.0,0.0,0.0,0.0,0.0,0.0,0.0,0.0,0.0,0.0,0.0,8.0,2.0,1.0
42,0.346712,0,8.3433,1.845,1.1615,1.2366,0.1005,0.0015,0.0042,0.0002,0.0163,0.0252,0.002,0.0008,0.0075,0.0002,0.0014,0.0019,0.0001,0.0001,0.0085,0.0021,0.0005,0.0009,0.0001,0.0563,0.0133,0.0001,0.0011,0.0,65.0,0.0,2.0,63.0,1.0,0.0,0.0,0.0,0.0,0.0,0.0,0.0,0.0,0.0,0.0,0.0,0.0,0.0,0.0,0.0,0.0,0.0,0.0,8.0,2.0,1.0
43,0.3550553,0,8.3631,1.6565,1.1475,1.3112,0.0915,0.0013,0.0041,0.0002,0.0109,0.019,0.0022,0.0009,0.0079,0.0002,0.0017,0.0015,0.0001,0.0001,0.0084,0.0013,0.001,0.0009,0.0,0.0501,0.0122,0.0001,0.001,0.0,65.0,0.0,2.0,63.0,1.0,0.0,0.0,0.0,0.0,0.0,0.0,0.0,0.0,0.0,0.0,0.0,0.0,0.0,0.0,0.0,0.0,0.0,0.0,8.0,2.0,1.0
44,0.36341840000000003,0,8.4197,2.0674,1.1883,1.3603,0.1029,0.0018,0.0044,0.0002,0.0184,0.0273,0.0023,0.0009,0.0103,0.0002,0.0014,0.002,0.0001,0.0001,0.0086,0.0012,0.0004,0.0008,0.0,0.0601,0.012,0.0001,0.0008,0.0,65.0,0.0,2.0,63.0,1.0,0.0,0.0,0.0,0.0,0.0,0.0,0.0,0.0,0.0,0.0,0.0,0.0,0.0,0.0,0.0,0.0,0.0,0.0,8.0,2.0,1.0
45,0.3718381,0,8.235,1.8099,1.2499,1.3386,0.098,0.002,0.0067,0.0002,0.01,0.0212,0.002,0.0009,0.0084,0.0002,0.0013,0.002,0.0001,0.0002,0.0097,0.0013,0.0005,0.0014,0.0,0.0539,0.0133,0.0,0.0009,0.0,65.0,0.0,2.0,63.0,1.0,0.0,0.0,0.0,0.0,0.0,0.0,0.0,0.0,0.0,0.0,0.0,0.0,0.0,0.0,0.0,0.0,0.0,0.0,8.0,2.0,1.0
46,0.3800731,0,8.1163,1.6856,1.0551,1.5807,0.0826,0.0012,0.0039,0.0002,0.0138,0.0208,0.0016,0.0007,0.0066,0.0002,0.0011,0.0013,0.0,0.0001,0.0085,0.001,0.0005,0.0007,0.0,0.049,0.0101,0.0,0.0006,0.0,65.0,0.0,2.0,63.0,1.0,0.0,0.0,0.0,0.0,0.0,0.0,0.0,0.0,0.0,0.0,0.0,0.0,0.0,0.0,0.0,0.0,0.0,0.0,8.0,2.0,1.0
47,0.3881894,0,8.4463,1.6742,0.9595,1.1183,0.083,0.0011,0.0058,0.0001,0.0124,0.0214,0.0018,0.0007,0.0074,0.0003,0.0013,0.0012,0.0001,0.0001,0.0084,0.0009,0.0004,0.0008,0.0,0.0493,0.0091,0.0,0.0009,0.0,65.0,0.0,2.0,63.0,1.0,0.0,0.0,0.0,0.0,0.0,0.0,0.0,0.0,0.0,0.0,0.0,0.0,0.0,0.0,0.0,0.0,0.0,0.0,8.0,2.0,1.0
48,0.39663570000000004,0,8.4016,1.7339,1.1115,1.2273,0.1004,0.0012,0.0064,0.0001,0.0169,0.0269,0.002,0.0007,0.0119,0.0001,0.0014,0.0016,0.0001,0.0001,0.0089,0.0011,0.0004,0.0009,0.0,0.0615,0.0117,0.0001,0.0009,0.0,65.0,0.0,2.0,63.0,1.0,0.0,0.0,0.0,0.0,0.0,0.0,0.0,0.0,0.0,0.0,0.0,0.0,0.0,0.0,0.0,0.0,0.0,0.0,8.0,2.0,1.0
49,0.40503730000000004,0,8.33,1.5841,1.1102,1.258,0.0912,0.0019,0.0042,0.0002,0.0085,0.0169,0.0021,0.0014,0.0086,0.0001,0.0012,0.0019,0.0,0.0001,0.0084,0.0017,0.0004,0.0009,0.0,0.0491,0.0122,0.0001,0.001,0.0,65.0,0.0,2.0,63.0,1.0,0.0,0.0,0.0,0.0,0.0,0.0,0.0,0.0,0.0,0.0,0.0,0.0,0.0,0.0,0.0,0.0,0.0,0.0,8.0,2.0,1.0
50,0.41336730000000005,0,8.262,1.5916,1.013,1.3034,0.0822,0.001,0.0058,0.0001,0.0145,0.0238,0.0017,0.0006,0.0061,0.0002,0.001,0.0012,0.0001,0.0001,0.0084,0.001,0.0004,0.0008,0.0,0.0504,0.0094,0.0,0.0009,0.0,65.0,0.0,2.0,63.0,1.0,0.0,0.0,0.0,0.0,0.0,0.0,0.0,0.0,0.0,0.0,0.0,0.0,0.0,0.0,0.0,0.0,0.0,0.0,8.0,2.0,1.0
51,0.42162930000000004,0,8.3755,1.5674,1.0883,1.7713,0.0954,0.0034,0.0043,0.0002,0.0119,0.0228,0.0021,0.0008,0.0077,0.0002,0.0015,0.0014,0.0001,0.0001,0.0094,0.0012,0.0006,0.0012,0.0001,0.0551,0.0117,0.0,0.0011,0.0,65.0,0.0,2.0,63.0,1.0,0.0,0.0,0.0,0.0,0.0,0.0,0.0,0.0,0.0,0.0,0.0,0.0,0.0,0.0,0.0,0.0,0.0,0.0,8.0,2.0,1.0
52,0.4300048,0,8.3234,1.672,1.117,1.1956,0.0876,0.0011,0.0042,0.0001,0.0145,0.022,0.002,0.0005,0.0085,0.0001,0.0013,0.0019,0.0001,0.0001,0.0081,0.0011,0.0005,0.0007,0.0,0.0515,0.0101,0.0001,0.0009,0.0,65.0,0.0,2.0,63.0,1.0,0.0,0.0,0.0,0.0,0.0,0.0,0.0,0.0,0.0,0.0,0.0,0.0,0.0,0.0,0.0,0.0,0.0,0.0,8.0,2.0,1.0
53,0.4383282,0,8.2418,1.6191,0.9952,1.1299,0.079,0.0012,0.0057,0.0002,0.0081,0.0181,0.0019,0.0006,0.0063,0.0001,0.0013,0.0011,0.0001,0.0001,0.0078,0.001,0.0004,0.0009,0.0,0.0444,0.0103,0.0,0.0008,0.0,65.0,0.0,2.0,63.0,1.0,0.0,0.0,0.0,0.0,0.0,0.0,0.0,0.0,0.0,0.0,0.0,0.0,0.0,0.0,0.0,0.0,0.0,0.0,8.0,2.0,1.0
54,0.44657,0,8.394,1.7173,0.9886,1.2845,0.0904,0.0013,0.004,0.0001,0.0157,0.0233,0.0019,0.0006,0.0067,0.0002,0.0015,0.0012,0.0001,0.0001,0.0083,0.0012,0.0004,0.0014,0.0,0.0518,0.0125,0.0,0.001,0.0,65.0,0.0,2.0,63.0,1.0,0.0,0.0,0.0,0.0,0.0,0.0,0.0,0.0,0.0,0.0,0.0,0.0,0.0,0.0,0.0,0.0,0.0,0.0,8.0,2.0,1.0
55,0.45496400000000004,0,8.7305,1.5815,1.2842,1.1503,0.0966,0.0021,0.0047,0.0002,0.012,0.0213,0.0019,0.0008,0.0084,0.0002,0.0014,0.0021,0.0001,0.0001,0.0089,0.0014,0.0005,0.0009,0.0001,0.053,0.0124,0.0001,0.0011,0.0,65.0,0.0,2.0,63.0,1.0,0.0,0.0,0.0,0.0,0.0,0.0,0.0,0.0,0.0,0.0,0.0,0.0,0.0,0.0,0.0,0.0,0.0,0.0,8.0,2.0,1.0
56,0.4636945,0,8.0579,1.7197,1.2971,1.199,0.0954,0.0012,0.0048,0.0002,0.0182,0.0268,0.002,0.0006,0.0078,0.0001,0.0013,0.0016,0.0002,0.0001,0.0083,0.0017,0.0005,0.0009,0.0,0.0575,0.0113,0.0001,0.0009,0.0,65.0,0.0,2.0,63.0,1.0,0.0,0.0,0.0,0.0,0.0,0.0,0.0,0.0,0.0,0.0,0.0,0.0,0.0,0.0,0.0,0.0,0.0,0.0,8.0,2.0,1.0
57,0.4717524,0,8.4671,1.5836,1.2267,1.2581,0.0894,0.0015,0.0064,0.0002,0.0093,0.0194,0.002,0.0008,0.0071,0.0001,0.0013,0.0013,0.0001,0.0002,0.0093,0.0016,0.0005,0.001,0.0,0.0501,0.011,0.0001,0.0009,0.0,65.0,0.0,2.0,63.0,1.0,0.0,0.0,0.0,0.0,0.0,0.0,0.0,0.0,0.0,0.0,0.0,0.0,0.0,0.0,0.0,0.0,0.0,0.0,8.0,2.0,1.0
58,0.4802195,0,8.1408,1.5602,1.1527,1.1654,0.0882,0.0011,0.004,0.0002,0.0159,0.0238,0.0016,0.0006,0.0063,0.0002,0.0014,0.0017,0.0002,0.0001,0.0088,0.0016,0.0005,0.0007,0.0,0.052,0.0107,0.0001,0.0012,0.0,65.0,0.0,2.0,63.0,1.0,0.0,0.0,0.0,0.0,0.0,0.0,0.0,0.0,0.0,0.0,0.0,0.0,0.0,0.0,0.0,0.0,0.0,0.0,8.0,2.0,1.0
59,0.4883603,0,8.3383,1.7559,1.0467,1.2861,0.0751,0.0013,0.0041,0.0002,0.009,0.017,0.0017,0.0006,0.006,0.0002,0.001,0.0011,0.0,0.0001,0.0074,0.0015,0.0004,0.0007,0.0,0.0423,0.0089,0.0,0.0006,0.0,65.0,0.0,2.0,63.0,1.0,0.0,0.0,0.0,0.0,0.0,0.0,0.0,0.0,0.0,0.0,0.0,0.0,0.0,0.0,0.0,0.0,0.0,0.0,8.0,2.0,1.0
60,0.49669860000000005,0,8.4793,1.7201,1.2107,1.198,0.0946,0.0018,0.006,0.0003,0.013,0.0242,0.0016,0.0006,0.0074,0.0002,0.0019,0.0014,0.0001,0.0006,0.0079,0.0011,0.0004,0.0009,0.0001,0.0537,0.012,0.0,0.0011,0.0,65.0,0.0,2.0,63.0,1.0,0.0,0.0,0.0,0.0,0.0,0.0,0.0,0.0,0.0,0.0,0.0,0.0,0.0,0.0,0.0,0.0,0.0,0.0,8.0,2.0,1.0
61,0.5051779000000001,0,8.1606,1.6063,1.2607,1.3105,0.084,0.0011,0.0058,0.0002,0.0077,0.0174,0.0019,0.0006,0.007,0.0002,0.0011,0.0017,0.0,0.0001,0.0082,0.001,0.0009,0.0007,0.0,0.0457,0.0132,0.0,0.001,0.0,65.0,0.0,2.0,63.0,1.0,0.0,0.0,0.0,0.0,0.0,0.0,0.0,0.0,0.0,0.0,0.0,0.0,0.0,0.0,0.0,0.0,0.0,0.0,8.0,2.0,1.0
62,0.5133385,0,8.3693,1.5557,0.9781,1.2741,0.0832,0.0012,0.004,0.0001,0.0151,0.0223,0.0024,0.0005,0.0072,0.0002,0.001,0.0018,0.0,0.0001,0.0072,0.001,0.0004,0.0008,0.0001,0.0483,0.0122,0.0001,0.0009,0.0,65.0,0.0,2.0,63.0,1.0,0.0,0.0,0.0,0.0,0.0,0.0,0.0,0.0,0.0,0.0,0.0,0.0,0.0,0.0,0.0,0.0,0.0,0.0,8.0,2.0,1.0
63,0.5217078,0,8.2621,1.5699,1.1642,1.0879,0.0822,0.001,0.0039,0.0002,0.0143,0.0219,0.0024,0.0006,0.0075,0.0002,0.0011,0.0015,0.0002,0.0001,0.0081,0.001,0.0005,0.0007,0.0,0.0493,0.0102,0.0,0.0009,0.0,65.0,0.0,2.0,63.0,1.0,0.0,0.0,0.0,0.0,0.0,0.0,0.0,0.0,0.0,0.0,0.0,0.0,0.0,0.0,0.0,0.0,0.0,0.0,8.0,2.0,1.0
64,0.5299699000000001,0,8.4324,1.5398,1.0286,1.1681,0.0948,0.0015,0.0062,0.0002,0.0181,0.0279,0.002,0.0007,0.008,0.0006,0.0012,0.0013,0.0001,0.0001,0.008,0.0011,0.0004,0.001,0.0,0.0572,0.0115,0.0001,0.0009,0.0,65.0,0.0,2.0,63.0,1.0,0.0,0.0,0.0,0.0,0.0,0.0,0.0,0.0,0.0,0.0,0.0,0.0,0.0,0.0,0.0,0.0,0.0,0.0,8.0,2.0,1.0
65,0.5384023000000001,0,8.2439,1.6257,1.156,1.8032,0.0814,0.001,0.0042,0.0001,0.0099,0.0173,0.0019,0.0007,0.0074,0.0002,0.0013,0.0014,0.0,0.0001,0.0085,0.0017,0.0005,0.0007,0.0,0.0462,0.0109,0.0001,0.001,0.0,65.0,0.0,2.0,63.0,1.0,0.0,0.0,0.0,0.0,0.0,0.0,0.0,0.0,0.0,0.0,0.0,0.0,0.0,0.0,0.0,0.0,0.0,0.0,8.0,2.0,1.0
66,0.5466462000000001,0,8.3488,1.5832,1.0538,1.1781,0.0891,0.0011,0.0042,0.0001,0.0149,0.0228,0.0025,0.0008,0.0071,0.0002,0.0018,0.0015,0.0,0.0001,0.0083,0.0012,0.0005,0.0008,0.0,0.0517,0.012,0.0,0.0011,0.0,65.0,0.0,2.0,63.0,1.0,0.0,0.0,0.0,0.0,0.0,0.0,0.0,0.0,0.0,0.0,0.0,0.0,0.0,0.0,0.0,0.0,0.0,0.0,8.0,2.0,1.0
67,0.5549950000000001,0,8.3299,1.5686,1.1044,1.057,0.0875,0.0009,0.0066,0.0001,0.0087,0.0191,0.0025,0.0006,0.0081,0.0002,0.0013,0.0012,0.0001,0.0002,0.0079,0.0012,0.0004,0.0009,0.0001,0.0492,0.0117,0.0,0.0009,0.0,65.0,0.0,2.0,63.0,1.0,0.0,0.0,0.0,0.0,0.0,0.0,0.0,0.0,0.0,0.0,0.0,0.0,0.0,0.0,0.0,0.0,0.0,0.0,8.0,2.0,1.0
68,0.5633249000000001,0,8.338,1.5036,1.0227,1.3167,0.0912,0.0011,0.0058,0.0001,0.0154,0.0246,0.0022,0.0006,0.0079,0.0002,0.0018,0.0013,0.0002,0.0001,0.0075,0.0014,0.0005,0.0008,0.0,0.0533,0.0124,0.0001,0.0009,0.0,65.0,0.0,2.0,63.0,1.0,0.0,0.0,0.0,0.0,0.0,0.0,0.0,0.0,0.0,0.0,0.0,0.0,0.0,0.0,0.0,0.0,0.0,0.0,8.0,2.0,1.0
69,0.5716629000000001,0,8.3125,1.6246,1.0479,1.1662,0.0831,0.0012,0.0046,0.0001,0.0089,0.0176,0.002,0.0007,0.0065,0.0002,0.0015,0.0017,0.0001,0.0001,0.0084,0.0014,0.0004,0.0008,0.0,0.0467,0.0099,0.0001,0.0011,0.0,65.0,0.0,2.0,63.0,1.0,0.0,0.0,0.0,0.0,0.0,0.0,0.0,0.0,0.0,0.0,0.0,0.0,0.0,0.0,0.0,0.0,0.0,0.0,8.0,2.0,1.0
70,0.5799754000000001,0,8.3021,1.5885,1.0747,1.2229,0.094,0.0014,0.0044,0.0001,0.0162,0.025,0.002,0.0008,0.0077,0.0005,0.0013,0.0012,0.0,0.0001,0.0081,0.0011,0.0004,0.0014,0.0001,0.0552,0.0118,0.0,0.0008,0.0,65.0,0.0,2.0,63.0,1.0,0.0,0.0,0.0,0.0,0.0,0.0,0.0,0.0,0.0,0.0,0.0,0.0,0.0,0.0,0.0,0.0,0.0,0.0,8.0,2.0,1.0
71,0.5882775000000001,0,8.3108,1.6265,0.9573,1.1818,0.0704,0.0009,0.0033,0.0001,0.0075,0.0141,0.002,0.0006,0.0065,0.0001,0.0013,0.0016,0.0002,0.0002,0.0078,0.001,0.0004,0.0007,0.0001,0.0398,0.0085,0.0,0.0009,0.0,65.0,0.0,2.0,63.0,1.0,0.0,0.0,0.0,0.0,0.0,0.0,0.0,0.0,0.0,0.0,0.0,0.0,0.0,0.0,0.0,0.0,0.0,0.0,8.0,2.0,1.0
72,0.5965883000000001,0,8.3756,1.7163,1.0487,1.2143,0.0929,0.0013,0.0043,0.0002,0.0164,0.0244,0.0019,0.0007,0.0075,0.0001,0.0014,0.0016,0.0001,0.0001,0.0081,0.0015,0.0005,0.0008,0.0,0.0541,0.0121,0.0,0.0009,0.0,65.0,0.0,2.0,63.0,1.0,0.0,0.0,0.0,0.0,0.0,0.0,0.0,0.0,0.0,0.0,0.0,0.0,0.0,0.0,0.0,0.0,0.0,0.0,8.0,2.0,1.0
73,0.6049639000000001,0,8.2803,1.563,1.0145,1.0935,0.0879,0.0013,0.0084,0.0002,0.0103,0.0222,0.0023,0.0012,0.0084,0.0001,0.0011,0.0011,0.0001,0.0001,0.0076,0.0011,0.0005,0.0008,0.0001,0.0504,0.0115,0.0001,0.0009,0.0,65.0,0.0,2.0,63.0,1.0,0.0,0.0,0.0,0.0,0.0,0.0,0.0,0.0,0.0,0.0,0.0,0.0,0.0,0.0,0.0,0.0,0.0,0.0,8.0,2.0,1.0
74,0.6132442000000001,0,8.2954,1.5286,0.9461,1.1058,0.08,0.0013,0.0054,0.0001,0.013,0.0218,0.0017,0.0005,0.0053,0.0006,0.0012,0.0009,0.0,0.0001,0.0074,0.0015,0.0006,0.0007,0.0,0.0463,0.0106,0.0,0.001,0.0,65.0,0.0,2.0,63.0,1.0,0.0,0.0,0.0,0.0,0.0,0.0,0.0,0.0,0.0,0.0,0.0,0.0,0.0,0.0,0.0,0.0,0.0,0.0,8.0,2.0,1.0
75,0.6215396000000001,0,8.3791,1.5079,0.9641,1.0343,0.083,0.001,0.0053,0.0001,0.0103,0.0192,0.0016,0.0006,0.0068,0.0002,0.0019,0.0012,0.0001,0.0001,0.0087,0.001,0.0005,0.0007,0.0,0.0475,0.0099,0.0,0.0015,0.0,65.0,0.0,2.0,63.0,1.0,0.0,0.0,0.0,0.0,0.0,0.0,0.0,0.0,0.0,0.0,0.0,0.0,0.0,0.0,0.0,0.0,0.0,0.0,8.0,2.0,1.0
76,0.6299187,0,8.3688,1.7582,1.0318,1.1862,0.0871,0.0011,0.0053,0.0001,0.0155,0.0247,0.0015,0.0009,0.0061,0.0002,0.0013,0.0018,0.0001,0.0001,0.0078,0.001,0.0006,0.0008,0.0,0.052,0.0106,0.0005,0.0014,0.0,65.0,0.0,2.0,63.0,1.0,0.0,0.0,0.0,0.0,0.0,0.0,0.0,0.0,0.0,0.0,0.0,0.0,0.0,0.0,0.0,0.0,0.0,0.0,8.0,2.0,1.0
77,0.6382875,0,8.2858,1.5643,0.9815,1.1022,0.0736,0.0009,0.0039,0.0001,0.0089,0.0155,0.0014,0.0011,0.006,0.0001,0.0011,0.001,0.0001,0.0001,0.0083,0.001,0.0005,0.0007,0.0,0.0414,0.0089,0.0001,0.001,0.0,65.0,0.0,2.0,63.0,1.0,0.0,0.0,0.0,0.0,0.0,0.0,0.0,0.0,0.0,0.0,0.0,0.0,0.0,0.0,0.0,0.0,0.0,0.0,8.0,2.0,1.0
78,0.6465733,0,8.392,1.5731,1.0377,1.0912,0.0905,0.0012,0.005,0.0002,0.0154,0.0239,0.0018,0.0007,0.0067,0.0002,0.0014,0.0017,0.0001,0.0001,0.0083,0.0016,0.0005,0.0008,0.0,0.0528,0.0122,0.0001,0.001,0.0,65.0,0.0,2.0,63.0,1.0,0.0,0.0,0.0,0.0,0.0,0.0,0.0,0.0,0.0,0.0,0.0,0.0,0.0,0.0,0.0,0.0,0.0,0.0,8.0,2.0,1.0
79,0.6549653,0,8.2678,1.5223,0.9664,1.1084,0.0775,0.0011,0.0037,0.0002,0.0113,0.0186,0.0016,0.0005,0.0068,0.0001,0.0013,0.0011,0.0006,0.0001,0.0079,0.001,0.0004,0.001,0.0,0.0454,0.0089,0.0,0.0008,0.0,65.0,0.0,2.0,63.0,1.0,0.0,0.0,0.0,0.0,0.0,0.0,0.0,0.0,0.0,0.0,0.0,0.0,0.0,0.0,0.0,0.0,0.0,0.0,8.0,2.0,1.0
80,0.6632331,0,8.3862,1.6133,1.0076,1.2334,0.0935,0.0012,0.0058,0.0002,0.0171,0.0261,0.002,0.0008,0.0077,0.0001,0.0013,0.0017,0.0001,0.0001,0.008,0.0015,0.0004,0.0009,0.0,0.0554,0.0117,0.0,0.0008,0.0,65.0,0.0,2.0,63.0,1.0,0.0,0.0,0.0,0.0,0.0,0.0,0.0,0.0,0.0,0.0,0.0,0.0,0.0,0.0,0.0,0.0,0.0,0.0,8.0,2.0,1.0
81,0.6716193,0,8.3565,1.5673,1.0497,1.1679,0.0877,0.0014,0.0064,0.0002,0.0102,0.0203,0.0023,0.0007,0.0076,0.0001,0.0013,0.0013,0.0001,0.0001,0.0078,0.0011,0.0005,0.0008,0.0,0.0493,0.0117,0.0001,0.0009,0.0,65.0,0.0,2.0,63.0,1.0,0.0,0.0,0.0,0.0,0.0,0.0,0.0,0.0,0.0,0.0,0.0,0.0,0.0,0.0,0.0,0.0,0.0,0.0,8.0,2.0,1.0
82,0.6799758,0,8.274,1.5248,1.0126,1.1436,0.0759,0.001,0.0051,0.0003,0.0123,0.0205,0.0014,0.0007,0.0056,0.0001,0.0011,0.0011,0.0001,0.0002,0.0067,0.0015,0.0004,0.0008,0.0001,0.0455,0.0098,0.0,0.0008,0.0,65.0,0.0,2.0,63.0,1.0,0.0,0.0,0.0,0.0,0.0,0.0,0.0,0.0,0.0,0.0,0.0,0.0,0.0,0.0,0.0,0.0,0.0,0.0,8.0,2.0,1.0
83,0.6882498,0,8.3423,1.58,0.9626,1.1404,0.0784,0.0013,0.0039,0.0003,0.01,0.0176,0.0015,0.0006,0.0064,0.0002,0.0013,0.0015,0.0001,0.0001,0.0077,0.0011,0.0004,0.0007,0.0,0.045,0.0098,0.0,0.0013,0.0,65.0,0.0,2.0,63.0,1.0,0.0,0.0,0.0,0.0,0.0,0.0,0.0,0.0,0.0,0.0,0.0,0.0,0.0,0.0,0.0,0.0,0.0,0.0,8.0,2.0,1.0
84,0.6965921,0,8.5887,1.6691,1.1771,1.1985,0.0964,0.0017,0.005,0.0002,0.0172,0.026,0.0019,0.0008,0.0078,0.0002,0.0014,0.0013,0.0002,0.0002,0.0086,0.0012,0.0007,0.0009,0.0,0.057,0.012,0.0,0.0009,0.0,65.0,0.0,2.0,63.0,1.0,0.0,0.0,0.0,0.0,0.0,0.0,0.0,0.0,0.0,0.0,0.0,0.0,0.0,0.0,0.0,0.0,0.0,0.0,8.0,2.0,1.0
85,0.7051808,0,8.1641,1.5955,1.155,1.1994,0.0851,0.0018,0.004,0.0003,0.0081,0.0162,0.0017,0.0006,0.0077,0.0007,0.0013,0.0012,0.0001,0.0001,0.0084,0.0011,0.0005,0.0008,0.0001,0.0464,0.0112,0.0001,0.0008,0.0,65.0,0.0,2.0,63.0,1.0,0.0,0.0,0.0,0.0,0.0,0.0,0.0,0.0,0.0,0.0,0.0,0.0,0.0,0.0,0.0,0.0,0.0,0.0,8.0,2.0,1.0
86,0.7133449000000001,0,8.4173,1.5459,1.1372,1.355,0.082,0.0015,0.0048,0.0001,0.0162,0.0246,0.0016,0.0005,0.0066,0.0002,0.0012,0.001,0.0001,0.0001,0.0078,0.0009,0.0004,0.0007,0.0001,0.0501,0.0088,0.0,0.0007,0.0,65.0,0.0,2.0,63.0,1.0,0.0,0.0,0.0,0.0,0.0,0.0,0.0,0.0,0.0,0.0,0.0,0.0,0.0,0.0,0.0,0.0,0.0,0.0,8.0,2.0,1.0
87,0.7217622,0,8.249,1.6515,1.0597,1.1696,0.0867,0.0013,0.0039,0.0002,0.0104,0.0184,0.0024,0.0008,0.0079,0.0001,0.0018,0.001,0.0001,0.0001,0.0081,0.0013,0.0005,0.0008,0.0,0.0481,0.012,0.0,0.0009,0.0,65.0,0.0,2.0,63.0,1.0,0.0,0.0,0.0,0.0,0.0,0.0,0.0,0.0,0.0,0.0,0.0,0.0,0.0,0.0,0.0,0.0,0.0,0.0,8.0,2.0,1.0
88,0.7300112,0,8.4612,1.5078,1.1176,1.1042,0.0907,0.0016,0.0048,0.0002,0.0164,0.0253,0.002,0.0008,0.0067,0.0002,0.0013,0.0013,0.0001,0.0001,0.0081,0.001,0.0005,0.0012,0.0,0.053,0.0116,0.0001,0.001,0.0,65.0,0.0,2.0,63.0,1.0,0.0,0.0,0.0,0.0,0.0,0.0,0.0,0.0,0.0,0.0,0.0,0.0,0.0,0.0,0.0,0.0,0.0,0.0,8.0,2.0,1.0
89,0.7384723999999999,0,8.18,1.8488,1.1596,1.0788,0.0853,0.0015,0.0046,0.0001,0.0088,0.0172,0.0022,0.0006,0.0078,0.0007,0.0015,0.0012,0.0,0.0003,0.0085,0.0012,0.0005,0.0008,0.0001,0.0472,0.0115,0.0001,0.0008,0.0,65.0,0.0,2.0,63.0,1.0,0.0,0.0,0.0,0.0,0.0,0.0,0.0,0.0,0.0,0.0,0.0,0.0,0.0,0.0,0.0,0.0,0.0,0.0,8.0,2.0,1.0
90,0.7466523999999999,0,8.4853,1.652,1.1925,1.157,0.1003,0.0015,0.0043,0.0002,0.0149,0.0246,0.002,0.001,0.0077,0.0003,0.0015,0.0019,0.0002,0.0001,0.0088,0.0013,0.0006,0.0014,0.0,0.0565,0.0123,0.0,0.001,0.0,65.0,0.0,2.0,63.0,1.0,0.0,0.0,0.0,0.0,0.0,0.0,0.0,0.0,0.0,0.0,0.0,0.0,0.0,0.0,0.0,0.0,0.0,0.0,8.0,2.0,1.0
91,0.7551376999999999,0,8.1821,1.6509,1.122,1.1632,0.0799,0.0015,0.005,0.0002,0.01,0.019,0.0018,0.0006,0.0064,0.0002,0.0012,0.0016,0.0,0.0001,0.0083,0.0009,0.001,0.0007,0.0001,0.0455,0.0105,0.0,0.0013,0.0,65.0,0.0,2.0,63.0,1.0,0.0,0.0,0.0,0.0,0.0,0.0,0.0,0.0,0.0,0.0,0.0,0.0,0.0,0.0,0.0,0.0,0.0,0.0,8.0,2.0,1.0
92,0.7633197999999999,0,8.347,1.6554,1.0643,1.3971,0.0887,0.0013,0.0036,0.0002,0.0141,0.0218,0.0016,0.0008,0.0069,0.0002,0.0013,0.002,0.0002,0.0001,0.008,0.0012,0.0009,0.0008,0.0001,0.0503,0.0121,0.0001,0.0012,0.0,65.0,0.0,2.0,63.0,1.0,0.0,0.0,0.0,0.0,0.0,0.0,0.0,0.0,0.0,0.0,0.0,0.0,0.0,0.0,0.0,0.0,0.0,0.0,8.0,2.0,1.0
93,0.7716667999999999,0,8.264,1.5059,1.0461,1.109,0.0812,0.0011,0.0056,0.0001,0.0106,0.0194,0.0021,0.0008,0.0071,0.0002,0.0018,0.0012,0.0,0.0001,0.0078,0.0016,0.0004,0.0008,0.0001,0.0478,0.0085,0.0,0.001,0.0,65.0,0.0,2.0,63.0,1.0,0.0,0.0,0.0,0.0,0.0,0.0,0.0,0.0,0.0,0.0,0.0,0.0,0.0,0.0,0.0,0.0,0.0,0.0,8.0,2.0,1.0
94,0.7799307999999999,0,8.3167,1.5314,1.0029,1.1167,0.0883,0.0014,0.0043,0.0001,0.0145,0.0223,0.0018,0.0007,0.0071,0.0002,0.0013,0.0014,0.0001,0.0001,0.0079,0.0015,0.0004,0.0009,0.0001,0.0506,0.0117,0.0,0.001,0.0,65.0,0.0,2.0,63.0,1.0,0.0,0.0,0.0,0.0,0.0,0.0,0.0,0.0,0.0,0.0,0.0,0.0,0.0,0.0,0.0,0.0,0.0,0.0,8.0,2.0,1.0
95,0.7882474999999999,0,8.3458,1.4728,1.0035,1.1323,0.0797,0.0014,0.0054,0.0002,0.0081,0.0168,0.0018,0.0007,0.007,0.0001,0.0014,0.0013,0.0001,0.0001,0.0084,0.0011,0.0004,0.0011,0.0001,0.0446,0.0112,0.0001,0.0009,0.0,65.0,0.0,2.0,63.0,1.0,0.0,0.0,0.0,0.0,0.0,0.0,0.0,0.0,0.0,0.0,0.0,0.0,0.0,0.0,0.0,0.0,0.0,0.0,8.0,2.0,1.0
96,0.7965932999999998,0,8.3291,1.6019,0.9815,1.1022,0.0899,0.0011,0.0044,0.0001,0.0138,0.0215,0.0018,0.0007,0.0075,0.0002,0.0013,0.0012,0.0001,0.0,0.0079,0.0013,0.0004,0.0013,0.0001,0.0498,0.0132,0.0001,0.0009,0.0,65.0,0.0,2.0,63.0,1.0,0.0,0.0,0.0,0.0,0.0,0.0,0.0,0.0,0.0,0.0,0.0,0.0,0.0,0.0,0.0,0.0,0.0,0.0,8.0,2.0,1.0
97,0.8049223999999998,0,8.3178,1.5629,0.966,1.1871,0.0792,0.0017,0.0041,0.0001,0.009,0.0165,0.0014,0.0007,0.0067,0.0002,0.0013,0.0011,0.0,0.0001,0.0078,0.0017,0.0004,0.0007,0.0,0.0434,0.0121,0.0,0.0008,0.0,65.0,0.0,2.0,63.0,1.0,0.0,0.0,0.0,0.0,0.0,0.0,0.0,0.0,0.0,0.0,0.0,0.0,0.0,0.0,0.0,0.0,0.0,0.0,8.0,2.0,1.0
98,0.8132401999999999,0,8.2997,1.6145,0.9828,1.0814,0.0824,0.0012,0.006,0.0001,0.0128,0.0223,0.0015,0.0005,0.0062,0.0001,0.0013,0.0014,0.0001,0.0001,0.0077,0.0015,0.0004,0.0007,0.0,0.0486,0.0104,0.0,0.0011,0.0,65.0,0.0,2.0,63.0,1.0,0.0,0.0,0.0,0.0,0.0,0.0,0.0,0.0,0.0,0.0,0.0,0.0,0.0,0.0,0.0,0.0,0.0,0.0,8.0,2.0,1.0
99,0.8215398999999999,0,8.3088,1.6322,0.9469,1.2205,0.0852,0.0013,0.0065,0.0002,0.008,0.0184,0.0018,0.0008,0.007,0.0001,0.0014,0.0015,0.0,0.0001,0.0082,0.0014,0.0005,0.0009,0.0,0.0469,0.0117,0.0,0.0009,0.0,65.0,0.0,2.0,63.0,1.0,0.0,0.0,0.0,0.0,0.0,0.0,0.0,0.0,0.0,0.0,0.0,0.0,0.0,0.0,0.0,0.0,0.0,0.0,8.0,2.0,1.0
100,0.8298486999999999,0,8.4174,1.5218,0.941,1.0384,0.095,0.0011,0.0062,0.0001,0.0171,0.027,0.0019,0.0012,0.0078,0.0001,0.0011,0.0012,0.0001,0.0001,0.0078,0.001,0.0005,0.0014,0.0,0.0568,0.0124,0.0,0.0011,0.0,65.0,0.0,2.0,63.0,1.0,0.0,0.0,0.0,0.0,0.0,0.0,0.0,0.0,0.0,0.0,0.0,0.0,0.0,0.0,0.0,0.0,0.0,0.0,8.0,2.0,1.0
101,0.8382660999999999,0,8.2479,1.5173,0.9318,1.0844,0.0731,0.0013,0.004,0.0001,0.0116,0.0189,0.0014,0.0005,0.0056,0.0001,0.0012,0.001,0.0001,0.0002,0.0076,0.0009,0.0004,0.0011,0.0,0.0442,0.0069,0.0001,0.0009,0.0,65.0,0.0,2.0,63.0,1.0,0.0,0.0,0.0,0.0,0.0,0.0,0.0,0.0,0.0,0.0,0.0,0.0,0.0,0.0,0.0,0.0,0.0,0.0,8.0,2.0,1.0
102,0.8465139999999999,0,8.3988,1.6433,0.9819,1.1623,0.088,0.0025,0.0065,0.0001,0.013,0.024,0.0019,0.0012,0.0075,0.0003,0.001,0.0012,0.0,0.0002,0.0077,0.0011,0.0005,0.0011,0.0,0.0519,0.0114,0.0001,0.0013,0.0,65.0,0.0,2.0,63.0,1.0,0.0,0.0,0.0,0.0,0.0,0.0,0.0,0.0,0.0,0.0,0.0,0.0,0.0,0.0,0.0,0.0,0.0,0.0,8.0,2.0,1.0
103,0.8549127999999999,0,8.3005,1.5618,0.9327,1.1752,0.0794,0.0011,0.0042,0.0001,0.013,0.0203,0.0017,0.0011,0.0071,0.0002,0.0014,0.0014,0.0006,0.0001,0.0074,0.001,0.0005,0.0012,0.0001,0.0478,0.0095,0.0001,0.001,0.0,65.0,0.0,2.0,63.0,1.0,0.0,0.0,0.0,0.0,0.0,0.0,0.0,0.0,0.0,0.0,0.0,0.0,0.0,0.0,0.0,0.0,0.0,0.0,8.0,2.0,1.0
104,0.8632133,0,8.3289,1.5865,0.9322,1.2254,0.0856,0.0015,0.0056,0.0001,0.0171,0.0262,0.0016,0.0006,0.006,0.0001,0.0012,0.0012,0.0001,0.0001,0.0073,0.001,0.0005,0.0011,0.0001,0.0522,0.0092,0.0001,0.0006,0.0,65.0,0.0,2.0,63.0,1.0,0.0,0.0,0.0,0.0,0.0,0.0,0.0,0.0,0.0,0.0,0.0,0.0,0.0,0.0,0.0,0.0,0.0,0.0,8.0,2.0,1.0
105,0.8715421999999999,0,8.3513,1.5493,0.9457,1.1927,0.0851,0.0013,0.0059,0.0001,0.0088,0.0188,0.002,0.001,0.008,0.0002,0.0012,0.0012,0.0001,0.0004,0.0073,0.0013,0.0005,0.0008,0.0,0.0476,0.0115,0.0,0.0008,0.0,65.0,0.0,2.0,63.0,1.0,0.0,0.0,0.0,0.0,0.0,0.0,0.0,0.0,0.0,0.0,0.0,0.0,0.0,0.0,0.0,0.0,0.0,0.0,8.0,2.0,1.0
106,0.8798934999999999,0,8.3174,1.5256,0.958,1.0721,0.0904,0.0011,0.0056,0.0003,0.0162,0.0252,0.0018,0.0006,0.0066,0.0001,0.0012,0.0017,0.0,0.0001,0.0076,0.0011,0.001,0.0009,0.0,0.0528,0.0142,0.0001,0.0009,0.0,65.0,0.0,2.0,63.0,1.0,0.0,0.0,0.0,0.0,0.0,0.0,0.0,0.0,0.0,0.0,0.0,0.0,0.0,0.0,0.0,0.0,0.0,0.0,8.0,2.0,1.0
107,0.8882108999999999,0,8.3187,1.4768,0.9127,1.4298,0.08,0.0011,0.0039,0.0002,0.0087,0.0157,0.0018,0.0012,0.0071,0.0001,0.0012,0.0012,0.0001,0.0001,0.008,0.0012,0.0004,0.001,0.0001,0.044,0.0116,0.0,0.0008,0.0,65.0,0.0,2.0,63.0,1.0,0.0,0.0,0.0,0.0,0.0,0.0,0.0,0.0,0.0,0.0,0.0,0.0,0.0,0.0,0.0,0.0,0.0,0.0,8.0,2.0,1.0
108,0.8965295999999999,0,8.4126,1.6677,0.9552,1.2318,0.0925,0.0011,0.0061,0.0001,0.0161,0.0262,0.0019,0.0007,0.0073,0.0001,0.0012,0.0017,0.0001,0.0001,0.0077,0.001,0.0004,0.0008,0.0,0.0538,0.0121,0.0,0.0008,0.0,65.0,0.0,2.0,63.0,1.0,0.0,0.0,0.0,0.0,0.0,0.0,0.0,0.0,0.0,0.0,0.0,0.0,0.0,0.0,0.0,0.0,0.0,0.0,8.0,2.0,1.0
109,0.9049421999999999,0,8.2783,1.6308,0.9883,1.1846,0.086,0.001,0.0063,0.0001,0.011,0.0206,0.0022,0.0006,0.0074,0.0002,0.0015,0.0013,0.0,0.0001,0.0074,0.0015,0.0005,0.0009,0.0001,0.0483,0.0129,0.0001,0.001,0.0,65.0,0.0,2.0,63.0,1.0,0.0,0.0,0.0,0.0,0.0,0.0,0.0,0.0,0.0,0.0,0.0,0.0,0.0,0.0,0.0,0.0,0.0,0.0,8.0,2.0,1.0
110,0.9132204999999999,0,8.3017,1.6295,0.9144,1.7688,0.0852,0.0011,0.0061,0.0001,0.016,0.0253,0.0015,0.0007,0.0068,0.0001,0.0013,0.0013,0.0001,0.0001,0.0079,0.001,0.0005,0.0005,0.0001,0.0515,0.0135,0.0001,0.0008,0.0,65.0,0.0,2.0,63.0,0.0,0.0,0.0,0.0,0.0,0.0,0.0,0.0,0.0,0.0,0.0,0.0,0.0,0.0,0.0,0.0,0.0,0.0,0.0,8.0,2.0,1.0
111,0.9215221999999998,0,8.3268,1.6438,0.9145,1.108,0.082,0.0027,0.0016,0.0001,0.0039,0.014,0.0017,0.0011,0.0078,0.0003,0.0012,0.0018,0.0001,0.0001,0.0081,0.001,0.0009,0.0003,0.0001,0.0424,0.0196,0.0001,0.0008,0.0,65.0,0.0,2.0,63.0,0.0,0.0,0.0,0.0,0.0,0.0,0.0,0.0,0.0,0.0,0.0,0.0,0.0,0.0,0.0,0.0,0.0,0.0,0.0,8.0,2.0,1.0
112,0.9298489999999998,0,8.3308,1.5462,0.9073,1.1505,0.0729,0.0029,0.0016,0.0002,0.0107,0.0172,0.0016,0.0006,0.0075,0.0002,0.0018,0.0013,0.0,0.0006,0.008,0.0012,0.0004,0.0005,0.0,0.0454,0.0082,0.0001,0.0007,0.0,65.0,0.0,2.0,63.0,0.0,0.0,0.0,0.0,0.0,0.0,0.0,0.0,0.0,0.0,0.0,0.0,0.0,0.0,0.0,0.0,0.0,0.0,0.0,8.0,2.0,1.0
113,0.9381797999999998,0,8.319,1.5989,0.8869,1.2701,0.0679,0.003,0.0019,0.0002,0.0061,0.0131,0.0016,0.001,0.007,0.0002,0.0014,0.0019,0.0001,0.0001,0.0076,0.0013,0.0008,0.0005,0.0,0.0406,0.0049,0.0001,0.0006,0.0,65.0,0.0,2.0,63.0,0.0,0.0,0.0,0.0,0.0,0.0,0.0,0.0,0.0,0.0,0.0,0.0,0.0,0.0,0.0,0.0,0.0,0.0,0.0,8.0,2.0,1.0
114,0.9464987999999998,0,8.3782,1.6541,0.946,1.1966,0.0711,0.001,0.0021,0.0002,0.011,0.017,0.0016,0.0007,0.0061,0.0002,0.0013,0.0013,0.0001,0.0002,0.0079,0.0011,0.0003,0.0008,0.0001,0.0428,0.0081,0.0,0.0009,0.0,65.0,0.0,2.0,63.0,0.0,0.0,0.0,0.0,0.0,0.0,0.0,0.0,0.0,0.0,0.0,0.0,0.0,0.0,0.0,0.0,0.0,0.0,0.0,8.0,2.0,1.0
115,0.9548769999999998,0,8.3018,1.478,0.8954,1.1968,0.0653,0.0025,0.0013,0.0001,0.0051,0.0143,0.0014,0.0006,0.0068,0.0002,0.0018,0.0013,0.0,0.0005,0.0074,0.0009,0.0004,0.0003,0.0,0.0398,0.0068,0.0,0.0012,0.0,65.0,0.0,2.0,63.0,0.0,0.0,0.0,0.0,0.0,0.0,0.0,0.0,0.0,0.0,0.0,0.0,0.0,0.0,0.0,0.0,0.0,0.0,0.0,8.0,2.0,1.0
116,0.9631787999999998,0,8.3558,1.5896,0.9018,1.1374,0.0733,0.0025,0.0015,0.0002,0.0106,0.0169,0.002,0.0007,0.0073,0.0001,0.0019,0.0013,0.0001,0.0001,0.0087,0.0011,0.0004,0.0005,0.0,0.0449,0.0079,0.0,0.0009,0.0,65.0,0.0,2.0,63.0,0.0,0.0,0.0,0.0,0.0,0.0,0.0,0.0,0.0,0.0,0.0,0.0,0.0,0.0,0.0,0.0,0.0,0.0,0.0,8.0,2.0,1.0
117,0.9715345999999998,0,8.3278,1.5478,0.9404,1.3609,0.0673,0.0011,0.0034,0.0002,0.004,0.0109,0.0016,0.0007,0.007,0.0002,0.0014,0.0014,0.0,0.0001,0.0081,0.0012,0.0004,0.0004,0.0,0.0381,0.008,0.0,0.0009,0.0,65.0,0.0,2.0,63.0,0.0,0.0,0.0,0.0,0.0,0.0,0.0,0.0,0.0,0.0,0.0,0.0,0.0,0.0,0.0,0.0,0.0,0.0,0.0,8.0,2.0,1.0
118,0.9798623999999998,0,8.3056,1.5573,0.9316,1.1486,0.067,0.0009,0.0034,0.0001,0.0107,0.0169,0.0014,0.0005,0.0066,0.0002,0.0017,0.001,0.0001,0.0001,0.0076,0.0015,0.0004,0.0006,0.0,0.0416,0.0069,0.0001,0.0008,0.0,65.0,0.0,2.0,63.0,0.0,0.0,0.0,0.0,0.0,0.0,0.0,0.0,0.0,0.0,0.0,0.0,0.0,0.0,0.0,0.0,0.0,0.0,0.0,8.0,2.0,1.0
119,0.9881679999999998,0,8.2334,1.5363,0.8344,1.3157,0.0649,0.0014,0.0019,0.0002,0.0063,0.0113,0.0014,0.0008,0.0067,0.0001,0.0014,0.0011,0.0001,0.0003,0.0083,0.0012,0.0004,0.0005,0.0,0.0373,0.0087,0.0001,0.0007,0.0,65.0,0.0,2.0,63.0,0.0,0.0,0.0,0.0,0.0,0.0,0.0,0.0,0.0,0.0,0.0,0.0,0.0,0.0,0.0,0.0,0.0,0.0,0.0,8.0,2.0,1.0
120,0.9964013999999998,0,8.4697,1.5687,0.848,1.1718,0.0713,0.0014,0.0022,0.0002,0.009,0.0147,0.0016,0.0006,0.0066,0.0001,0.0013,0.0013,0.0,0.0001,0.008,0.0012,0.0005,0.0004,0.0,0.0412,0.0086,0.0001,0.001,0.0,65.0,0.0,2.0,63.0,0.0,0.0,0.0,0.0,0.0,0.0,0.0,0.0,0.0,0.0,0.0,0.0,0.0,0.0,0.0,0.0,0.0,0.0,0.0,8.0,2.0,1.0
121,1.0048710999999997,0,8.2687,1.6297,0.8961,1.1733,0.0586,0.0023,0.0014,0.0001,0.0055,0.0118,0.0014,0.0005,0.0064,0.0001,0.0017,0.0013,0.0001,0.0001,0.0069,0.0014,0.0004,0.0005,0.0,0.0358,0.0048,0.0001,0.0009,0.0,65.0,0.0,2.0,63.0,0.0,0.0,0.0,0.0,0.0,0.0,0.0,0.0,0.0,0.0,0.0,0.0,0.0,0.0,0.0,0.0,0.0,0.0,0.0,8.0,2.0,1.0
122,1.0131397999999996,0,8.372,1.5983,0.8723,1.0674,0.0794,0.001,0.0018,0.0001,0.0159,0.0213,0.0015,0.0006,0.0081,0.0002,0.0019,0.0014,0.0001,0.0001,0.0079,0.0013,0.0005,0.0004,0.0,0.0496,0.0079,0.0,0.0007,0.0,65.0,0.0,2.0,63.0,0.0,0.0,0.0,0.0,0.0,0.0,0.0,0.0,0.0,0.0,0.0,0.0,0.0,0.0,0.0,0.0,0.0,0.0,0.0,8.0,2.0,1.0
123,1.0215117999999996,0,8.3172,1.6101,0.8872,1.1481,0.0703,0.003,0.0014,0.0001,0.0044,0.0154,0.0016,0.0006,0.007,0.0002,0.0014,0.0014,0.0,0.0001,0.0081,0.0011,0.0005,0.0004,0.0,0.0424,0.0083,0.0001,0.0007,0.0,65.0,0.0,2.0,63.0,0.0,0.0,0.0,0.0,0.0,0.0,0.0,0.0,0.0,0.0,0.0,0.0,0.0,0.0,0.0,0.0,0.0,0.0,0.0,8.0,2.0,1.0
124,1.0298289999999997,0,8.3891,1.5865,0.9422,1.3353,0.0704,0.0024,0.0018,0.0001,0.0119,0.0184,0.0014,0.0007,0.0063,0.0002,0.0014,0.0014,0.0001,0.0001,0.0083,0.0011,0.0004,0.0004,0.0,0.0443,0.0065,0.0001,0.0009,0.0,65.0,0.0,2.0,63.0,0.0,0.0,0.0,0.0,0.0,0.0,0.0,0.0,0.0,0.0,0.0,0.0,0.0,0.0,0.0,0.0,0.0,0.0,0.0,8.0,2.0,1.0
125,1.0382180999999997,0,8.2503,1.6496,0.9033,1.1939,0.066,0.0014,0.0025,0.0002,0.006,0.012,0.0016,0.0006,0.0066,0.0001,0.0013,0.002,0.0001,0.0001,0.0087,0.0014,0.0005,0.0005,0.0,0.0403,0.0053,0.0001,0.0007,0.0,65.0,0.0,2.0,63.0,0.0,0.0,0.0,0.0,0.0,0.0,0.0,0.0,0.0,0.0,0.0,0.0,0.0,0.0,0.0,0.0,0.0,0.0,0.0,8.0,2.0,1.0
126,1.0464683999999997,0,8.3863,1.7714,0.871,1.2785,0.0755,0.0043,0.0017,0.0002,0.0116,0.0206,0.0014,0.0006,0.0069,0.0003,0.0014,0.0015,0.0,0.0001,0.0075,0.0012,0.0005,0.0004,0.0,0.0468,0.0079,0.0001,0.0006,0.0,65.0,0.0,2.0,63.0,0.0,0.0,0.0,0.0,0.0,0.0,0.0,0.0,0.0,0.0,0.0,0.0,0.0,0.0,0.0,0.0,0.0,0.0,0.0,8.0,2.0,1.0
127,1.0548546999999997,0,8.32,1.6089,0.9234,2.2002,0.0676,0.0012,0.0021,0.0001,0.0043,0.0101,0.0021,0.0008,0.0075,0.0001,0.0015,0.0014,0.0,0.0001,0.0082,0.0012,0.0005,0.0005,0.0001,0.0379,0.0091,0.0001,0.0008,0.0,65.0,0.0,2.0,63.0,0.0,0.0,0.0,0.0,0.0,0.0,0.0,0.0,0.0,0.0,0.0,0.0,0.0,0.0,0.0,0.0,0.0,0.0,0.0,8.0,2.0,1.0
128,1.0631746999999998,0,8.3985,1.7032,0.9278,1.1915,0.0741,0.0012,0.0047,0.0002,0.0101,0.0186,0.0015,0.0006,0.0069,0.0001,0.0013,0.0014,0.0,0.0001,0.0075,0.0011,0.0005,0.0004,0.0001,0.0446,0.0076,0.0,0.0009,0.0,65.0,0.0,2.0,63.0,0.0,0.0,0.0,0.0,0.0,0.0,0.0,0.0,0.0,0.0,0.0,0.0,0.0,0.0,0.0,0.0,0.0,0.0,0.0,8.0,2.0,1.0
129,1.0715731999999998,0,8.2531,1.6059,0.9309,1.1546,0.0668,0.0012,0.0019,0.0002,0.0041,0.0095,0.002,0.0005,0.0071,0.0002,0.0017,0.0014,0.0001,0.0001,0.008,0.0015,0.0004,0.0004,0.0001,0.0367,0.0097,0.0001,0.0005,0.0,65.0,0.0,2.0,63.0,0.0,0.0,0.0,0.0,0.0,0.0,0.0,0.0,0.0,0.0,0.0,0.0,0.0,0.0,0.0,0.0,0.0,0.0,0.0,8.0,2.0,1.0
130,1.0798262999999997,0,8.2849,1.6166,0.903,1.2272,0.071,0.0033,0.0013,0.0002,0.0097,0.0167,0.0016,0.0008,0.007,0.0001,0.0013,0.0017,0.0,0.0001,0.0081,0.0018,0.0005,0.0004,0.0001,0.0441,0.0077,0.0001,0.0008,0.0,65.0,0.0,2.0,63.0,0.0,0.0,0.0,0.0,0.0,0.0,0.0,0.0,0.0,0.0,0.0,0.0,0.0,0.0,0.0,0.0,0.0,0.0,0.0,8.0,2.0,1.0
131,1.0881111999999997,0,8.4327,1.5429,0.8354,1.0672,0.0621,0.001,0.0018,0.0001,0.0035,0.0089,0.0014,0.0006,0.0065,0.0001,0.0014,0.0012,0.0,0.0001,0.0084,0.0011,0.0004,0.0004,0.0,0.035,0.0079,0.0,0.0007,0.0,65.0,0.0,2.0,63.0,0.0,0.0,0.0,0.0,0.0,0.0,0.0,0.0,0.0,0.0,0.0,0.0,0.0,0.0,0.0,0.0,0.0,0.0,0.0,8.0,2.0,1.0
132,1.0965438999999997,0,8.5406,1.665,1.0943,1.3478,0.0895,0.0032,0.0018,0.0004,0.013,0.0211,0.0023,0.001,0.0086,0.0002,0.0022,0.0017,0.0001,0.0002,0.0089,0.0014,0.0006,0.0006,0.0001,0.0536,0.0094,0.0001,0.0008,0.0,65.0,0.0,2.0,63.0,0.0,0.0,0.0,0.0,0.0,0.0,0.0,0.0,0.0,0.0,0.0,0.0,0.0,0.0,0.0,0.0,0.0,0.0,0.0,8.0,2.0,1.0
133,1.1050844999999996,0,8.1976,1.7751,1.1162,1.3337,0.0759,0.0013,0.0032,0.0003,0.008,0.0151,0.002,0.0007,0.0078,0.0002,0.0017,0.0015,0.0001,0.0001,0.0092,0.0012,0.0005,0.0005,0.0,0.0438,0.008,0.0,0.0008,0.0,65.0,0.0,2.0,63.0,0.0,0.0,0.0,0.0,0.0,0.0,0.0,0.0,0.0,0.0,0.0,0.0,0.0,0.0,0.0,0.0,0.0,0.0,0.0,8.0,2.0,1.0
134,1.1132820999999995,0,8.3383,1.702,0.955,1.2117,0.0831,0.002,0.0053,0.0003,0.0123,0.0222,0.0017,0.0009,0.007,0.0002,0.0015,0.0019,0.0,0.0002,0.009,0.0016,0.0005,0.0005,0.0,0.0506,0.009,0.0001,0.001,0.0,65.0,0.0,2.0,63.0,0.0,0.0,0.0,0.0,0.0,0.0,0.0,0.0,0.0,0.0,0.0,0.0,0.0,0.0,0.0,0.0,0.0,0.0,0.0,8.0,2.0,1.0
135,1.1216203999999994,0,8.3169,1.6837,1.021,1.3008,0.0754,0.003,0.0014,0.0003,0.007,0.0144,0.0016,0.0007,0.0064,0.0002,0.0014,0.0021,0.0001,0.0001,0.009,0.0017,0.0005,0.0005,0.0,0.0433,0.0082,0.0001,0.0008,0.0,65.0,0.0,2.0,63.0,0.0,0.0,0.0,0.0,0.0,0.0,0.0,0.0,0.0,0.0,0.0,0.0,0.0,0.0,0.0,0.0,0.0,0.0,0.0,8.0,2.0,1.0
136,1.1299372999999995,0,8.4404,1.7855,1.107,1.4647,0.1037,0.0034,0.0023,0.0003,0.0151,0.0237,0.0025,0.0011,0.0093,0.0002,0.0015,0.0026,0.0002,0.0002,0.0136,0.0016,0.0008,0.0007,0.0,0.0634,0.0118,0.0,0.0009,0.0,65.0,0.0,2.0,63.0,0.0,0.0,0.0,0.0,0.0,0.0,0.0,0.0,0.0,0.0,0.0,0.0,0.0,0.0,0.0,0.0,0.0,0.0,0.0,8.0,2.0,1.0
137,1.1383776999999995,0,8.4682,1.7003,1.0081,1.2959,0.0689,0.0041,0.0015,0.0003,0.0065,0.015,0.0016,0.0005,0.0073,0.0001,0.0016,0.0014,0.0001,0.0001,0.0094,0.0011,0.001,0.0004,0.0,0.0432,0.0042,0.0,0.0009,0.0,65.0,0.0,2.0,63.0,0.0,0.0,0.0,0.0,0.0,0.0,0.0,0.0,0.0,0.0,0.0,0.0,0.0,0.0,0.0,0.0,0.0,0.0,0.0,8.0,2.0,1.0
138,1.1468458999999995,0,8.1643,1.7497,1.2872,1.3233,0.1016,0.0029,0.0021,0.0002,0.0278,0.0357,0.0021,0.0015,0.0113,0.0002,0.0015,0.0017,0.0001,0.0001,0.0087,0.0013,0.0006,0.0004,0.0,0.0683,0.0088,0.0001,0.0008,0.0,65.0,0.0,2.0,63.0,0.0,0.0,0.0,0.0,0.0,0.0,0.0,0.0,0.0,0.0,0.0,0.0,0.0,0.0,0.0,0.0,0.0,0.0,0.0,8.0,2.0,1.0
139,1.1550101999999995,0,8.2933,1.6786,1.076,1.1884,0.0749,0.0017,0.0037,0.0002,0.0065,0.0143,0.0022,0.0006,0.0079,0.0002,0.0014,0.002,0.0001,0.0001,0.0086,0.0012,0.0005,0.0004,0.0001,0.043,0.0081,0.0,0.0009,0.0,65.0,0.0,2.0,63.0,0.0,0.0,0.0,0.0,0.0,0.0,0.0,0.0,0.0,0.0,0.0,0.0,0.0,0.0,0.0,0.0,0.0,0.0,0.0,8.0,2.0,1.0
140,1.1633034999999996,0,8.3327,1.9097,1.0094,1.2899,0.0793,0.0042,0.0015,0.0002,0.0112,0.0199,0.0014,0.0006,0.0071,0.0001,0.0015,0.0016,0.0,0.0001,0.0083,0.0012,0.0005,0.0009,0.0001,0.0477,0.0084,0.0,0.0008,0.0,65.0,0.0,2.0,63.0,0.0,0.0,0.0,0.0,0.0,0.0,0.0,0.0,0.0,0.0,0.0,0.0,0.0,0.0,0.0,0.0,0.0,0.0,0.0,8.0,2.0,1.0
141,1.1716361999999996,0,8.4937,1.6123,1.0544,1.2249,0.0852,0.0041,0.0018,0.0008,0.0076,0.0173,0.0022,0.0011,0.0088,0.0002,0.002,0.0018,0.0001,0.0001,0.0094,0.0019,0.0005,0.0005,0.0,0.0504,0.0091,0.0001,0.0005,0.0,65.0,0.0,2.0,63.0,0.0,0.0,0.0,0.0,0.0,0.0,0.0,0.0,0.0,0.0,0.0,0.0,0.0,0.0,0.0,0.0,0.0,0.0,0.0,8.0,2.0,1.0
142,1.1801298999999996,0,8.2077,1.6199,1.2281,1.2979,0.0893,0.0039,0.0024,0.0002,0.0133,0.0225,0.0019,0.001,0.0099,0.0001,0.0016,0.0022,0.0001,0.0001,0.0092,0.0013,0.0005,0.0006,0.0001,0.0556,0.0082,0.0001,0.0006,0.0,65.0,0.0,2.0,63.0,0.0,0.0,0.0,0.0,0.0,0.0,0.0,0.0,0.0,0.0,0.0,0.0,0.0,0.0,0.0,0.0,0.0,0.0,0.0,8.0,2.0,1.0
143,1.1883375999999997,0,8.2996,1.8671,1.0475,1.2787,0.075,0.0018,0.0038,0.0003,0.0061,0.0144,0.002,0.001,0.0083,0.0002,0.0014,0.0017,0.0001,0.0001,0.0086,0.0016,0.0004,0.0004,0.0001,0.0435,0.0084,0.0001,0.0006,0.0,65.0,0.0,2.0,63.0,0.0,0.0,0.0,0.0,0.0,0.0,0.0,0.0,0.0,0.0,0.0,0.0,0.0,0.0,0.0,0.0,0.0,0.0,0.0,8.0,2.0,1.0
144,1.1966371999999996,0,8.4216,1.7399,1.057,1.3108,0.0896,0.0045,0.0022,0.0004,0.0127,0.0225,0.0018,0.0009,0.0085,0.0003,0.0018,0.0016,0.0001,0.0001,0.0091,0.0014,0.0005,0.0005,0.0,0.0542,0.0097,0.0004,0.0009,0.0,65.0,0.0,2.0,63.0,0.0,0.0,0.0,0.0,0.0,0.0,0.0,0.0,0.0,0.0,0.0,0.0,0.0,0.0,0.0,0.0,0.0,0.0,0.0,8.0,2.0,1.0
145,1.2050587999999995,0,8.2168,1.6586,1.0674,1.154,0.0791,0.0013,0.0023,0.0003,0.0077,0.0139,0.0018,0.0007,0.0079,0.0002,0.0018,0.0018,0.0002,0.0001,0.0088,0.0018,0.0004,0.0005,0.0,0.0452,0.0091,0.0001,0.0005,0.0,65.0,0.0,2.0,63.0,0.0,0.0,0.0,0.0,0.0,0.0,0.0,0.0,0.0,0.0,0.0,0.0,0.0,0.0,0.0,0.0,0.0,0.0,0.0,8.0,2.0,1.0
146,1.2132755999999996,0,8.3497,1.6994,1.0415,1.1822,0.0807,0.0036,0.0019,0.0002,0.0126,0.0206,0.0017,0.0013,0.0079,0.0001,0.0016,0.002,0.0001,0.0001,0.0085,0.0018,0.0005,0.0005,0.0,0.0504,0.0074,0.0001,0.0007,0.0,65.0,0.0,2.0,63.0,0.0,0.0,0.0,0.0,0.0,0.0,0.0,0.0,0.0,0.0,0.0,0.0,0.0,0.0,0.0,0.0,0.0,0.0,0.0,8.0,2.0,1.0
147,1.2216252999999995,0,8.3839,2.2636,1.0369,1.1791,0.0699,0.0014,0.0015,0.0001,0.0067,0.0127,0.0014,0.0008,0.0068,0.0002,0.0015,0.0019,0.0001,0.0001,0.0085,0.0016,0.0004,0.0005,0.0,0.0414,0.0052,0.0,0.0009,0.0,65.0,0.0,2.0,63.0,0.0,0.0,0.0,0.0,0.0,0.0,0.0,0.0,0.0,0.0,0.0,0.0,0.0,0.0,0.0,0.0,0.0,0.0,0.0,8.0,2.0,1.0
148,1.2300091999999996,0,8.2444,1.6715,1.0185,1.291,0.0884,0.0038,0.0017,0.0002,0.0152,0.0239,0.0021,0.0008,0.0095,0.0001,0.0016,0.0019,0.0001,0.0002,0.0084,0.0017,0.0004,0.0004,0.0,0.0566,0.0086,0.0001,0.0007,0.0,65.0,0.0,2.0,63.0,0.0,0.0,0.0,0.0,0.0,0.0,0.0,0.0,0.0,0.0,0.0,0.0,0.0,0.0,0.0,0.0,0.0,0.0,0.0,8.0,2.0,1.0
149,1.2382535999999995,0,8.2307,1.5489,0.878,1.0931,0.0636,0.0029,0.0013,0.0001,0.0049,0.0115,0.0014,0.0006,0.0061,0.0001,0.0014,0.0018,0.0002,0.0001,0.008,0.001,0.0009,0.0003,0.0,0.0365,0.0077,0.0,0.0007,0.0,65.0,0.0,2.0,63.0,0.0,0.0,0.0,0.0,0.0,0.0,0.0,0.0,0.0,0.0,0.0,0.0,0.0,0.0,0.0,0.0,0.0,0.0,0.0,8.0,2.0,1.0
150,1.2464842999999994,0,8.3802,1.5922,0.8908,1.0616,0.0713,0.0027,0.0019,0.0002,0.0101,0.0171,0.0016,0.0009,0.0063,0.0002,0.0013,0.0019,0.0001,0.0001,0.0077,0.0017,0.0009,0.0005,0.0001,0.0446,0.0073,0.0001,0.0008,0.0,65.0,0.0,2.0,63.0,0.0,0.0,0.0,0.0,0.0,0.0,0.0,0.0,0.0,0.0,0.0,0.0,0.0,0.0,0.0,0.0,0.0,0.0,0.0,8.0,2.0,1.0
151,1.2548644999999994,0,8.3025,1.5197,0.9412,1.0273,0.0697,0.0028,0.0014,0.0002,0.0061,0.0125,0.0022,0.0007,0.0075,0.0002,0.002,0.0014,0.0,0.0001,0.0092,0.0012,0.0004,0.0006,0.0,0.0412,0.0075,0.0001,0.0008,0.0,65.0,0.0,2.0,63.0,0.0,0.0,0.0,0.0,0.0,0.0,0.0,0.0,0.0,0.0,0.0,0.0,0.0,0.0,0.0,0.0,0.0,0.0,0.0,8.0,2.0,1.0
152,1.2631669999999995,0,8.4216,1.5852,0.8968,1.105,0.0715,0.0015,0.0023,0.0002,0.0117,0.0184,0.0014,0.0006,0.0069,0.0002,0.0018,0.0012,0.0001,0.0001,0.0077,0.0013,0.0003,0.0004,0.0001,0.0439,0.0069,0.0001,0.0008,0.0,65.0,0.0,2.0,63.0,0.0,0.0,0.0,0.0,0.0,0.0,0.0,0.0,0.0,0.0,0.0,0.0,0.0,0.0,0.0,0.0,0.0,0.0,0.0,8.0,2.0,1.0
153,1.2715885999999994,0,8.2633,1.563,0.9682,1.1103,0.0669,0.0026,0.0015,0.0002,0.004,0.0119,0.0017,0.0008,0.0071,0.0002,0.0012,0.0016,0.0,0.0001,0.0077,0.0012,0.0009,0.0004,0.0,0.0381,0.0077,0.0,0.0008,0.0,65.0,0.0,2.0,63.0,0.0,0.0,0.0,0.0,0.0,0.0,0.0,0.0,0.0,0.0,0.0,0.0,0.0,0.0,0.0,0.0,0.0,0.0,0.0,8.0,2.0,1.0
154,1.2798518999999995,0,8.5141,1.4822,1.0344,1.0811,0.0941,0.0032,0.0019,0.0007,0.0137,0.0226,0.0018,0.001,0.0105,0.0002,0.0016,0.0021,0.0001,0.0002,0.0093,0.0014,0.0005,0.0006,0.0,0.0579,0.0099,0.0001,0.0009,0.0,65.0,0.0,2.0,63.0,0.0,0.0,0.0,0.0,0.0,0.0,0.0,0.0,0.0,0.0,0.0,0.0,0.0,0.0,0.0,0.0,0.0,0.0,0.0,8.0,2.0,1.0
155,1.2883659999999995,0,8.4985,1.8301,1.1652,1.2459,0.0854,0.0023,0.0039,0.0003,0.0079,0.0169,0.0017,0.0011,0.0095,0.0002,0.0019,0.0017,0.0001,0.0001,0.009,0.0014,0.0005,0.001,0.0001,0.0492,0.0097,0.0001,0.001,0.0,65.0,0.0,2.0,63.0,0.0,0.0,0.0,0.0,0.0,0.0,0.0,0.0,0.0,0.0,0.0,0.0,0.0,0.0,0.0,0.0,0.0,0.0,0.0,8.0,2.0,1.0
156,1.2968644999999994,0,8.3063,1.9731,1.2732,1.5009,0.1036,0.0041,0.002,0.0003,0.0158,0.0257,0.0024,0.0012,0.0092,0.0002,0.0016,0.0024,0.0001,0.0001,0.0105,0.0014,0.0006,0.0007,0.0001,0.0607,0.0091,0.0001,0.0008,0.0,65.0,0.0,2.0,63.0,0.0,0.0,0.0,0.0,0.0,0.0,0.0,0.0,0.0,0.0,0.0,0.0,0.0,0.0,0.0,0.0,0.0,0.0,0.0,8.0,2.0,1.0
157,1.3051707999999995,0,8.056,1.9086,1.1202,1.6027,0.0701,0.0013,0.003,0.0002,0.0048,0.0126,0.0017,0.0007,0.0077,0.0002,0.0015,0.0016,0.0,0.0001,0.0098,0.0015,0.0005,0.0004,0.0,0.0425,0.0072,0.0001,0.001,0.0,65.0,0.0,2.0,63.0,0.0,0.0,0.0,0.0,0.0,0.0,0.0,0.0,0.0,0.0,0.0,0.0,0.0,0.0,0.0,0.0,0.0,0.0,0.0,8.0,2.0,1.0
158,1.3132267999999996,0,8.3537,1.667,0.9404,1.2533,0.078,0.0036,0.002,0.0003,0.0102,0.0183,0.0021,0.0008,0.0081,0.0002,0.0018,0.0016,0.0,0.0001,0.0092,0.0013,0.0005,0.0004,0.0,0.0485,0.0084,0.0001,0.0006,0.0,65.0,0.0,2.0,63.0,0.0,0.0,0.0,0.0,0.0,0.0,0.0,0.0,0.0,0.0,0.0,0.0,0.0,0.0,0.0,0.0,0.0,0.0,0.0,8.0,2.0,1.0
159,1.3215804999999996,0,8.2446,1.6273,0.9641,1.0332,0.0688,0.0032,0.0017,0.0003,0.0057,0.0133,0.0019,0.0007,0.0071,0.0002,0.0012,0.0016,0.0001,0.0001,0.0085,0.0012,0.0005,0.0004,0.0,0.0416,0.0047,0.0001,0.0006,0.0,65.0,0.0,2.0,63.0,0.0,0.0,0.0,0.0,0.0,0.0,0.0,0.0,0.0,0.0,0.0,0.0,0.0,0.0,0.0,0.0,0.0,0.0,0.0,8.0,2.0,1.0
160,1.3298250999999996,0,8.4127,1.5981,0.9431,1.3149,0.0701,0.0026,0.0014,0.0003,0.0106,0.0168,0.0017,0.0005,0.0068,0.0002,0.0018,0.0014,0.0,0.0001,0.0085,0.001,0.0005,0.0004,0.0,0.0443,0.0065,0.0001,0.0007,0.0,65.0,0.0,2.0,63.0,0.0,0.0,0.0,0.0,0.0,0.0,0.0,0.0,0.0,0.0,0.0,0.0,0.0,0.0,0.0,0.0,0.0,0.0,0.0,8.0,2.0,1.0
161,1.3382377999999997,0,8.2347,1.6115,0.8893,1.2809,0.0644,0.0012,0.0044,0.0004,0.0041,0.0123,0.0016,0.0005,0.0064,0.0002,0.0012,0.0011,0.0,0.0001,0.0073,0.0011,0.0004,0.0004,0.0,0.0374,0.0073,0.0,0.0006,0.0,65.0,0.0,2.0,63.0,0.0,0.0,0.0,0.0,0.0,0.0,0.0,0.0,0.0,0.0,0.0,0.0,0.0,0.0,0.0,0.0,0.0,0.0,0.0,8.0,2.0,1.0
162,1.3464724999999997,0,8.3701,1.5586,0.8832,1.0158,0.0731,0.0027,0.0014,0.0003,0.0107,0.017,0.0021,0.0007,0.007,0.0001,0.0015,0.0012,0.0,0.0001,0.0078,0.0015,0.0005,0.0004,0.0,0.044,0.0082,0.0,0.0009,0.0,65.0,0.0,2.0,63.0,0.0,0.0,0.0,0.0,0.0,0.0,0.0,0.0,0.0,0.0,0.0,0.0,0.0,0.0,0.0,0.0,0.0,0.0,0.0,8.0,2.0,1.0
163,1.3548425999999998,0,8.381,1.4705,0.9412,1.2148,0.0714,0.0012,0.0019,0.0003,0.0063,0.0119,0.0021,0.0007,0.0076,0.0001,0.0019,0.0016,0.0001,0.0001,0.008,0.0013,0.0005,0.0011,0.0001,0.041,0.0081,0.0001,0.0008,0.0,65.0,0.0,2.0,63.0,0.0,0.0,0.0,0.0,0.0,0.0,0.0,0.0,0.0,0.0,0.0,0.0,0.0,0.0,0.0,0.0,0.0,0.0,0.0,8.0,2.0,1.0
164,1.3632235999999998,0,8.3023,1.6738,0.9196,1.1911,0.0753,0.0029,0.0013,0.0003,0.0114,0.0185,0.0016,0.0007,0.0065,0.0002,0.0016,0.0019,0.0001,0.0001,0.0079,0.0012,0.001,0.0004,0.0,0.046,0.0081,0.0001,0.0007,0.0,65.0,0.0,2.0,63.0,0.0,0.0,0.0,0.0,0.0,0.0,0.0,0.0,0.0,0.0,0.0,0.0,0.0,0.0,0.0,0.0,0.0,0.0,0.0,8.0,2.0,1.0
165,1.3715258999999997,0,8.3649,1.5515,0.9336,1.191,0.0689,0.0029,0.0015,0.0002,0.0043,0.0118,0.0017,0.0007,0.0074,0.0002,0.0013,0.0014,0.0001,0.0001,0.008,0.0012,0.0005,0.0004,0.0001,0.0391,0.0082,0.0,0.0008,0.0,65.0,0.0,2.0,63.0,0.0,0.0,0.0,0.0,0.0,0.0,0.0,0.0,0.0,0.0,0.0,0.0,0.0,0.0,0.0,0.0,0.0,0.0,0.0,8.0,2.0,1.0
166,1.3798907999999996,0,8.2437,1.577,0.9276,1.1817,0.0659,0.001,0.0013,0.0003,0.0088,0.0132,0.0018,0.0007,0.0067,0.0001,0.0019,0.0012,0.0002,0.0001,0.0074,0.0011,0.0005,0.0004,0.0,0.0395,0.0077,0.0001,0.0007,0.0,65.0,0.0,2.0,63.0,0.0,0.0,0.0,0.0,0.0,0.0,0.0,0.0,0.0,0.0,0.0,0.0,0.0,0.0,0.0,0.0,0.0,0.0,0.0,8.0,2.0,1.0
167,1.3881344999999996,0,8.5562,1.6117,0.9108,1.1677,0.0741,0.0015,0.0055,0.0002,0.0047,0.0143,0.0018,0.0008,0.0075,0.0002,0.0014,0.0016,0.0,0.0001,0.0078,0.0012,0.0005,0.0005,0.0001,0.0426,0.0078,0.0,0.0007,0.0,65.0,0.0,2.0,63.0,0.0,0.0,0.0,0.0,0.0,0.0,0.0,0.0,0.0,0.0,0.0,0.0,0.0,0.0,0.0,0.0,0.0,0.0,0.0,8.0,2.0,1.0
168,1.3966906999999995,0,8.2326,1.6979,1.0864,1.214,0.0804,0.003,0.0016,0.0003,0.0113,0.0188,0.0018,0.0009,0.007,0.0002,0.0014,0.0021,0.0001,0.0001,0.0087,0.0018,0.0005,0.0004,0.0,0.0487,0.0082,0.0001,0.0009,0.0,65.0,0.0,2.0,63.0,0.0,0.0,0.0,0.0,0.0,0.0,0.0,0.0,0.0,0.0,0.0,0.0,0.0,0.0,0.0,0.0,0.0,0.0,0.0,8.0,2.0,1.0
169,1.4049232999999994,0,8.1928,1.5354,0.906,1.1087,0.0683,0.0026,0.0016,0.0002,0.0063,0.013,0.0018,0.0007,0.0075,0.0002,0.0018,0.0013,0.0001,0.0006,0.0085,0.0012,0.0005,0.0004,0.0001,0.0418,0.0051,0.0001,0.0006,0.0,65.0,0.0,2.0,63.0,0.0,0.0,0.0,0.0,0.0,0.0,0.0,0.0,0.0,0.0,0.0,0.0,0.0,0.0,0.0,0.0,0.0,0.0,0.0,8.0,2.0,1.0
170,1.4131160999999994,0,8.4376,1.6095,0.8483,1.0641,0.0701,0.0017,0.0014,0.0002,0.0122,0.0175,0.0014,0.0012,0.0064,0.0001,0.0012,0.001,0.0001,0.0001,0.0077,0.0009,0.0003,0.0004,0.0001,0.0424,0.0071,0.0001,0.0008,0.0,65.0,0.0,2.0,63.0,0.0,0.0,0.0,0.0,0.0,0.0,0.0,0.0,0.0,0.0,0.0,0.0,0.0,0.0,0.0,0.0,0.0,0.0,0.0,8.0,2.0,1.0
171,1.4215536999999994,0,8.2254,1.6494,0.9389,1.1489,0.0725,0.0018,0.0017,0.0002,0.0069,0.0129,0.0016,0.0008,0.0074,0.0006,0.0015,0.0012,0.0,0.0001,0.0072,0.0017,0.0005,0.0004,0.0001,0.0406,0.0082,0.0001,0.0006,0.0,65.0,0.0,2.0,63.0,0.0,0.0,0.0,0.0,0.0,0.0,0.0,0.0,0.0,0.0,0.0,0.0,0.0,0.0,0.0,0.0,0.0,0.0,0.0,8.0,2.0,1.0
172,1.4297790999999993,0,8.4694,1.5713,0.9197,1.0783,0.0797,0.0016,0.0016,0.0002,0.0128,0.0186,0.0015,0.0008,0.0071,0.0002,0.0016,0.0015,0.0001,0.0004,0.0084,0.0013,0.0005,0.0007,0.0,0.047,0.0082,0.0001,0.0008,0.0,65.0,0.0,2.0,63.0,0.0,0.0,0.0,0.0,0.0,0.0,0.0,0.0,0.0,0.0,0.0,0.0,0.0,0.0,0.0,0.0,0.0,0.0,0.0,8.0,2.0,1.0
173,1.4382484999999994,0,8.3649,1.6225,0.9863,1.1813,0.0773,0.003,0.0019,0.0002,0.0058,0.0137,0.0018,0.001,0.0089,0.0002,0.0015,0.002,0.0001,0.0001,0.0094,0.0012,0.0005,0.001,0.0,0.0462,0.0074,0.0,0.0007,0.0,65.0,0.0,2.0,63.0,0.0,0.0,0.0,0.0,0.0,0.0,0.0,0.0,0.0,0.0,0.0,0.0,0.0,0.0,0.0,0.0,0.0,0.0,0.0,8.0,2.0,1.0
174,1.4466133999999993,0,8.4226,1.711,1.0722,1.2177,0.0893,0.0035,0.0022,0.0004,0.0133,0.0218,0.0023,0.0009,0.0097,0.0002,0.0016,0.0023,0.0002,0.0001,0.0085,0.0018,0.0005,0.0006,0.0,0.0549,0.0083,0.0001,0.0009,0.0,65.0,0.0,2.0,63.0,0.0,0.0,0.0,0.0,0.0,0.0,0.0,0.0,0.0,0.0,0.0,0.0,0.0,0.0,0.0,0.0,0.0,0.0,0.0,8.0,2.0,1.0
175,1.4550359999999993,0,8.1606,1.644,1.0035,1.1345,0.0704,0.0026,0.0014,0.0002,0.0066,0.0128,0.002,0.0007,0.0076,0.0002,0.0016,0.0013,0.0,0.0001,0.0082,0.0011,0.0004,0.0005,0.0,0.0409,0.0077,0.0001,0.0009,0.0,65.0,0.0,2.0,63.0,0.0,0.0,0.0,0.0,0.0,0.0,0.0,0.0,0.0,0.0,0.0,0.0,0.0,0.0,0.0,0.0,0.0,0.0,0.0,8.0,2.0,1.0
176,1.4631965999999994,0,8.3391,1.7122,0.9087,1.1021,0.0698,0.0026,0.0012,0.0002,0.0116,0.0182,0.0015,0.0007,0.0067,0.0001,0.0015,0.0013,0.0001,0.0001,0.0079,0.0011,0.0004,0.0004,0.0,0.0434,0.007,0.0001,0.0008,0.0,65.0,0.0,2.0,63.0,0.0,0.0,0.0,0.0,0.0,0.0,0.0,0.0,0.0,0.0,0.0,0.0,0.0,0.0,0.0,0.0,0.0,0.0,0.0,8.0,2.0,1.0
177,1.4715356999999993,0,8.3511,1.6468,0.921,1.0717,0.0682,0.0026,0.0017,0.0002,0.0047,0.0121,0.0021,0.0007,0.0075,0.0002,0.0013,0.0014,0.0,0.0001,0.0075,0.0014,0.0005,0.0005,0.0,0.0392,0.0079,0.0002,0.0008,0.0,65.0,0.0,2.0,63.0,0.0,0.0,0.0,0.0,0.0,0.0,0.0,0.0,0.0,0.0,0.0,0.0,0.0,0.0,0.0,0.0,0.0,0.0,0.0,8.0,2.0,1.0
178,1.4798867999999994,0,8.2598,1.6329,0.9347,1.162,0.0745,0.0029,0.0016,0.0008,0.0109,0.0181,0.0016,0.0007,0.0069,0.0002,0.0013,0.0012,0.0006,0.0001,0.0079,0.0011,0.0005,0.0007,0.0,0.0454,0.0076,0.0,0.0007,0.0,65.0,0.0,2.0,63.0,0.0,0.0,0.0,0.0,0.0,0.0,0.0,0.0,0.0,0.0,0.0,0.0,0.0,0.0,0.0,0.0,0.0,0.0,0.0,8.0,2.0,1.0
179,1.4881465999999994,0,8.4172,1.6097,0.8464,1.1325,0.0658,0.0014,0.0045,0.0003,0.0056,0.0138,0.0015,0.0005,0.0066,0.0002,0.0012,0.0012,0.0001,0.0001,0.0075,0.0012,0.0004,0.0005,0.0,0.0388,0.0071,0.0002,0.0007,0.0,65.0,0.0,2.0,63.0,0.0,0.0,0.0,0.0,0.0,0.0,0.0,0.0,0.0,0.0,0.0,0.0,0.0,0.0,0.0,0.0,0.0,0.0,0.0,8.0,2.0,1.0
180,1.4965637999999994,0,8.3615,1.6542,0.9993,1.1704,0.0768,0.0033,0.0019,0.0002,0.011,0.0184,0.0021,0.0007,0.0081,0.0001,0.0012,0.0015,0.0001,0.0001,0.0079,0.0012,0.0004,0.0005,0.0001,0.0462,0.0085,0.0001,0.001,0.0,65.0,0.0,2.0,63.0,0.0,0.0,0.0,0.0,0.0,0.0,0.0,0.0,0.0,0.0,0.0,0.0,0.0,0.0,0.0,0.0,0.0,0.0,0.0,8.0,2.0,1.0
181,1.5049252999999994,0,8.2038,1.5388,0.9129,1.0818,0.0641,0.0016,0.0017,0.0002,0.006,0.0117,0.0024,0.0008,0.0078,0.0001,0.0018,0.0013,0.0,0.0001,0.0067,0.0012,0.0006,0.0005,0.0,0.0381,0.0048,0.0,0.0004,0.0,65.0,0.0,2.0,63.0,0.0,0.0,0.0,0.0,0.0,0.0,0.0,0.0,0.0,0.0,0.0,0.0,0.0,0.0,0.0,0.0,0.0,0.0,0.0,8.0,2.0,1.0
182,1.5131290999999993,0,8.3342,1.5923,0.8602,1.0904,0.0715,0.0038,0.0015,0.0003,0.0102,0.0184,0.0014,0.0005,0.0067,0.0002,0.0013,0.0012,0.0,0.0001,0.0074,0.001,0.0004,0.0003,0.0,0.0434,0.0077,0.0,0.0007,0.0,65.0,0.0,2.0,63.0,0.0,0.0,0.0,0.0,0.0,0.0,0.0,0.0,0.0,0.0,0.0,0.0,0.0,0.0,0.0,0.0,0.0,0.0,0.0,8.0,2.0,1.0
183,1.5214632999999993,0,8.4738,1.5588,0.9092,1.1766,0.0675,0.0028,0.0014,0.0004,0.0048,0.0121,0.0019,0.0007,0.0075,0.0002,0.0012,0.0019,0.0001,0.0002,0.0078,0.0011,0.0005,0.0005,0.0001,0.0395,0.0078,0.0001,0.0009,0.0,65.0,0.0,2.0,63.0,0.0,0.0,0.0,0.0,0.0,0.0,0.0,0.0,0.0,0.0,0.0,0.0,0.0,0.0,0.0,0.0,0.0,0.0,0.0,8.0,2.0,1.0
184,1.5299370999999993,0,8.2916,1.5623,0.9825,1.1461,0.0759,0.0031,0.0014,0.0003,0.012,0.0194,0.0016,0.0008,0.007,0.0001,0.0013,0.0013,0.0001,0.0001,0.0082,0.0011,0.0004,0.001,0.0,0.0467,0.0077,0.0001,0.001,0.0,65.0,0.0,2.0,63.0,0.0,0.0,0.0,0.0,0.0,0.0,0.0,0.0,0.0,0.0,0.0,0.0,0.0,0.0,0.0,0.0,0.0,0.0,0.0,8.0,2.0,1.0
185,1.5382286999999992,0,8.3872,1.6857,0.9422,1.1824,0.0722,0.0031,0.0013,0.0002,0.0062,0.0136,0.0016,0.0007,0.0068,0.0002,0.0014,0.002,0.0001,0.0001,0.008,0.0018,0.0005,0.0005,0.0,0.0415,0.0076,0.0001,0.0008,0.0,65.0,0.0,2.0,63.0,0.0,0.0,0.0,0.0,0.0,0.0,0.0,0.0,0.0,0.0,0.0,0.0,0.0,0.0,0.0,0.0,0.0,0.0,0.0,8.0,2.0,1.0
186,1.5466158999999993,0,8.3091,1.694,1.0304,1.1257,0.0928,0.0041,0.0017,0.0012,0.0135,0.0234,0.0017,0.0009,0.011,0.0002,0.002,0.0021,0.0001,0.0001,0.0091,0.0018,0.0005,0.0006,0.0,0.0585,0.0089,0.0001,0.0007,0.0,65.0,0.0,2.0,63.0,0.0,0.0,0.0,0.0,0.0,0.0,0.0,0.0,0.0,0.0,0.0,0.0,0.0,0.0,0.0,0.0,0.0,0.0,0.0,8.0,2.0,1.0
187,1.5549249999999992,0,8.3625,1.6202,0.9708,1.1514,0.0778,0.0031,0.0017,0.0003,0.0064,0.0141,0.0018,0.0007,0.0075,0.0001,0.0017,0.002,0.0001,0.0001,0.0088,0.0012,0.0005,0.0005,0.0,0.044,0.0091,0.0,0.0008,0.0,65.0,0.0,2.0,63.0,0.0,0.0,0.0,0.0,0.0,0.0,0.0,0.0,0.0,0.0,0.0,0.0,0.0,0.0,0.0,0.0,0.0,0.0,0.0,8.0,2.0,1.0
188,1.5632874999999993,0,8.3865,1.7022,0.9978,1.1548,0.0782,0.0012,0.0052,0.0003,0.0105,0.0198,0.0019,0.0008,0.0074,0.0002,0.0017,0.0013,0.0001,0.0002,0.0079,0.0011,0.0005,0.0004,0.0,0.0474,0.0078,0.0001,0.0006,0.0,65.0,0.0,2.0,63.0,0.0,0.0,0.0,0.0,0.0,0.0,0.0,0.0,0.0,0.0,0.0,0.0,0.0,0.0,0.0,0.0,0.0,0.0,0.0,8.0,2.0,1.0
189,1.5716739999999993,0,8.2377,1.5516,1.0613,1.2238,0.0741,0.0028,0.0013,0.0002,0.0044,0.0144,0.0015,0.0007,0.0073,0.0002,0.0014,0.002,0.0001,0.0001,0.0084,0.0016,0.0005,0.0004,0.0001,0.0434,0.0087,0.0,0.0009,0.0,65.0,0.0,2.0,63.0,0.0,0.0,0.0,0.0,0.0,0.0,0.0,0.0,0.0,0.0,0.0,0.0,0.0,0.0,0.0,0.0,0.0,0.0,0.0,8.0,2.0,1.0
190,1.5799116999999994,0,8.3025,1.5626,0.9448,1.103,0.0725,0.001,0.0018,0.0003,0.01,0.0157,0.0016,0.0012,0.0074,0.0001,0.0014,0.0019,0.0002,0.0002,0.0077,0.0012,0.0011,0.0005,0.0,0.0434,0.0082,0.0001,0.0009,0.0,65.0,0.0,2.0,63.0,0.0,0.0,0.0,0.0,0.0,0.0,0.0,0.0,0.0,0.0,0.0,0.0,0.0,0.0,0.0,0.0,0.0,0.0,0.0,8.0,2.0,1.0
191,1.5882141999999995,0,8.2754,1.6332,0.9116,1.0887,0.0623,0.0011,0.0012,0.0003,0.006,0.0115,0.0014,0.0005,0.0071,0.0001,0.0013,0.0014,0.0,0.0001,0.0084,0.001,0.0004,0.0005,0.0,0.0376,0.0045,0.0,0.0011,0.0,65.0,0.0,2.0,63.0,0.0,0.0,0.0,0.0,0.0,0.0,0.0,0.0,0.0,0.0,0.0,0.0,0.0,0.0,0.0,0.0,0.0,0.0,0.0,8.0,2.0,1.0
192,1.5964895999999995,0,8.5013,1.7539,0.9514,1.2973,0.0829,0.0031,0.0015,0.0002,0.0128,0.0199,0.0017,0.0008,0.0075,0.0002,0.002,0.0018,0.0001,0.0001,0.0088,0.0013,0.0005,0.0006,0.0001,0.0503,0.0084,0.0001,0.0009,0.0,65.0,0.0,2.0,63.0,0.0,0.0,0.0,0.0,0.0,0.0,0.0,0.0,0.0,0.0,0.0,0.0,0.0,0.0,0.0,0.0,0.0,0.0,0.0,8.0,2.0,1.0
193,1.6049908999999996,0,8.123,1.6332,0.9536,1.1035,0.065,0.0011,0.0015,0.0002,0.0046,0.0103,0.002,0.0007,0.0072,0.0002,0.0016,0.0015,0.0001,0.0001,0.0089,0.0012,0.0004,0.0009,0.0,0.0385,0.0056,0.0001,0.0004,0.0,65.0,0.0,2.0,63.0,0.0,0.0,0.0,0.0,0.0,0.0,0.0,0.0,0.0,0.0,0.0,0.0,0.0,0.0,0.0,0.0,0.0,0.0,0.0,8.0,2.0,1.0
194,1.6131138999999997,0,8.4699,1.6561,0.8496,1.0519,0.0712,0.0011,0.0021,0.0002,0.0119,0.0181,0.0015,0.0007,0.0063,0.0003,0.0013,0.0012,0.0001,0.0001,0.0077,0.0011,0.0005,0.0004,0.0001,0.043,0.0082,0.0001,0.0006,0.0,65.0,0.0,2.0,63.0,0.0,0.0,0.0,0.0,0.0,0.0,0.0,0.0,0.0,0.0,0.0,0.0,0.0,0.0,0.0,0.0,0.0,0.0,0.0,8.0,2.0,1.0
195,1.6215837999999996,0,8.3027,1.6027,1.0102,1.1941,0.067,0.0013,0.0015,0.0002,0.0057,0.0109,0.0014,0.0008,0.0069,0.0006,0.0015,0.0013,0.0001,0.0001,0.0076,0.0011,0.0005,0.0009,0.0,0.038,0.0075,0.0001,0.0008,0.0,65.0,0.0,2.0,63.0,0.0,0.0,0.0,0.0,0.0,0.0,0.0,0.0,0.0,0.0,0.0,0.0,0.0,0.0,0.0,0.0,0.0,0.0,0.0,8.0,2.0,1.0
196,1.6298864999999996,0,8.2847,1.579,0.9116,1.156,0.0819,0.0033,0.0019,0.0002,0.0128,0.0203,0.0017,0.0014,0.0086,0.0001,0.0015,0.0017,0.0001,0.0002,0.0078,0.0018,0.0005,0.0005,0.0,0.0501,0.0089,0.0001,0.0005,0.0,65.0,0.0,2.0,63.0,0.0,0.0,0.0,0.0,0.0,0.0,0.0,0.0,0.0,0.0,0.0,0.0,0.0,0.0,0.0,0.0,0.0,0.0,0.0,8.0,2.0,1.0
197,1.6381711999999995,0,8.2453,1.5036,0.8389,1.1209,0.0679,0.002,0.0021,0.0002,0.0069,0.014,0.0016,0.0008,0.0067,0.0001,0.0013,0.002,0.0001,0.0001,0.0077,0.0012,0.0009,0.0004,0.0,0.0406,0.0081,0.0001,0.0004,0.0,65.0,0.0,2.0,63.0,0.0,0.0,0.0,0.0,0.0,0.0,0.0,0.0,0.0,0.0,0.0,0.0,0.0,0.0,0.0,0.0,0.0,0.0,0.0,8.0,2.0,1.0
198,1.6464164999999995,0,8.584,1.5827,0.9153,1.1174,0.0818,0.0033,0.0015,0.0003,0.0125,0.0205,0.0017,0.001,0.0078,0.0002,0.002,0.0017,0.0001,0.0001,0.0083,0.0014,0.0005,0.0005,0.0,0.0504,0.0089,0.0001,0.0008,0.0,65.0,0.0,2.0,63.0,0.0,0.0,0.0,0.0,0.0,0.0,0.0,0.0,0.0,0.0,0.0,0.0,0.0,0.0,0.0,0.0,0.0,0.0,0.0,8.0,2.0,1.0
199,1.6550004999999994,0,8.1177,1.701,0.9521,1.3991,0.062,0.0024,0.0015,0.0002,0.0057,0.0125,0.0013,0.0005,0.0059,0.0001,0.0017,0.0015,0.0001,0.0002,0.0087,0.0013,0.0005,0.0004,0.0,0.0384,0.0049,0.0,0.0004,0.0,65.0,0.0,2.0,63.0,0.0,0.0,0.0,0.0,0.0,0.0,0.0,0.0,0.0,0.0,0.0,0.0,0.0,0.0,0.0,0.0,0.0,0.0,0.0,8.0,2.0,1.0
200,1.6631181999999993,0,8.423,1.5981,0.866,1.2459,0.0697,0.0036,0.0013,0.0002,0.0115,0.0189,0.0015,0.0005,0.006,0.0001,0.0012,0.0012,0.0002,0.0001,0.0078,0.0011,0.0005,0.0004,0.0,0.0434,0.0066,0.0001,0.0007,0.0,65.0,0.0,2.0,63.0,0.0,0.0,0.0,0.0,0.0,0.0,0.0,0.0,0.0,0.0,0.0,0.0,0.0,0.0,0.0,0.0,0.0,0.0,0.0,8.0,2.0,1.0
201,1.6715411999999994,0,8.3354,1.6267,0.9365,1.1773,0.0689,0.0028,0.0015,0.0002,0.0043,0.015,0.0017,0.0006,0.0069,0.0001,0.0013,0.0019,0.0002,0.0001,0.0082,0.001,0.0009,0.0005,0.0001,0.042,0.0071,0.0,0.0008,0.0,65.0,0.0,2.0,63.0,0.0,0.0,0.0,0.0,0.0,0.0,0.0,0.0,0.0,0.0,0.0,0.0,0.0,0.0,0.0,0.0,0.0,0.0,0.0,8.0,2.0,1.0
202,1.6798765999999994,0,8.2489,1.5466,0.8841,1.0781,0.0705,0.0027,0.0015,0.0002,0.0096,0.0168,0.0016,0.0006,0.0065,0.0002,0.0013,0.0014,0.0005,0.0001,0.008,0.0012,0.0004,0.0004,0.0,0.0431,0.0082,0.0001,0.0007,0.0,65.0,0.0,2.0,63.0,0.0,0.0,0.0,0.0,0.0,0.0,0.0,0.0,0.0,0.0,0.0,0.0,0.0,0.0,0.0,0.0,0.0,0.0,0.0,8.0,2.0,1.0
203,1.6881254999999993,0,8.2977,1.5356,0.8167,1.2402,0.0607,0.0016,0.0048,0.0001,0.0053,0.0138,0.0013,0.0009,0.0058,0.0001,0.0015,0.0013,0.0001,0.0001,0.0069,0.0013,0.0004,0.0003,0.0001,0.0372,0.0038,0.0001,0.0004,0.0,65.0,0.0,2.0,63.0,0.0,0.0,0.0,0.0,0.0,0.0,0.0,0.0,0.0,0.0,0.0,0.0,0.0,0.0,0.0,0.0,0.0,0.0,0.0,8.0,2.0,1.0
204,1.6964231999999992,0,8.595,1.6829,0.926,1.2112,0.0852,0.0028,0.0024,0.0002,0.0128,0.0206,0.0018,0.0008,0.0079,0.0002,0.0016,0.002,0.0002,0.0001,0.0087,0.0015,0.0005,0.0005,0.0,0.0513,0.0083,0.0001,0.0009,0.0,65.0,0.0,2.0,63.0,0.0,0.0,0.0,0.0,0.0,0.0,0.0,0.0,0.0,0.0,0.0,0.0,0.0,0.0,0.0,0.0,0.0,0.0,0.0,8.0,2.0,1.0
205,1.7050181999999992,0,8.1851,1.6,1.0157,1.1753,0.0671,0.0016,0.0047,0.0002,0.0037,0.0126,0.0019,0.0006,0.0066,0.0002,0.002,0.0014,0.0001,0.0001,0.0081,0.0011,0.0005,0.0004,0.0001,0.0392,0.0075,0.0001,0.0004,0.0,65.0,0.0,2.0,63.0,0.0,0.0,0.0,0.0,0.0,0.0,0.0,0.0,0.0,0.0,0.0,0.0,0.0,0.0,0.0,0.0,0.0,0.0,0.0,8.0,2.0,1.0
206,1.713203299999999,0,8.2898,1.7004,0.9011,1.1639,0.0693,0.0016,0.0015,0.0002,0.0115,0.017,0.0014,0.0006,0.0068,0.0001,0.0013,0.0014,0.0,0.0001,0.0089,0.001,0.0004,0.0004,0.0,0.0431,0.0071,0.0001,0.0005,0.0,65.0,0.0,2.0,63.0,0.0,0.0,0.0,0.0,0.0,0.0,0.0,0.0,0.0,0.0,0.0,0.0,0.0,0.0,0.0,0.0,0.0,0.0,0.0,8.0,2.0,1.0
207,1.721493099999999,0,8.4667,1.599,0.9355,1.1473,0.0771,0.0013,0.0017,0.0002,0.0069,0.0126,0.0019,0.0008,0.008,0.0001,0.0016,0.0021,0.0001,0.0001,0.0095,0.0016,0.0005,0.0004,0.0,0.0446,0.0083,0.0,0.0009,0.0,65.0,0.0,2.0,63.0,0.0,0.0,0.0,0.0,0.0,0.0,0.0,0.0,0.0,0.0,0.0,0.0,0.0,0.0,0.0,0.0,0.0,0.0,0.0,8.0,2.0,1.0
208,1.7299597999999992,0,8.2413,1.5669,0.9668,1.1112,0.0695,0.0024,0.0017,0.0002,0.0122,0.0185,0.0013,0.0006,0.0065,0.0002,0.0017,0.0012,0.0,0.0001,0.0081,0.0014,0.0004,0.0005,0.0001,0.0444,0.0063,0.0001,0.001,0.0,65.0,0.0,2.0,63.0,0.0,0.0,0.0,0.0,0.0,0.0,0.0,0.0,0.0,0.0,0.0,0.0,0.0,0.0,0.0,0.0,0.0,0.0,0.0,8.0,2.0,1.0
209,1.738201099999999,0,8.3446,1.6181,0.8965,1.0731,0.0679,0.0035,0.0015,0.0002,0.006,0.0145,0.0014,0.0006,0.0069,0.0001,0.002,0.0012,0.0001,0.0001,0.0077,0.0017,0.0004,0.0005,0.0,0.0412,0.0072,0.0001,0.0008,0.0,65.0,0.0,2.0,63.0,0.0,0.0,0.0,0.0,0.0,0.0,0.0,0.0,0.0,0.0,0.0,0.0,0.0,0.0,0.0,0.0,0.0,0.0,0.0,8.0,2.0,1.0
210,1.746545699999999,0,8.3279,1.6131,0.925,1.102,0.071,0.0027,0.0014,0.0003,0.0107,0.0179,0.0016,0.0007,0.0064,0.0002,0.0013,0.0017,0.0001,0.0001,0.0082,0.0016,0.0004,0.0004,0.0,0.0441,0.0072,0.0001,0.0007,0.0,65.0,0.0,2.0,63.0,0.0,0.0,0.0,0.0,0.0,0.0,0.0,0.0,0.0,0.0,0.0,0.0,0.0,0.0,0.0,0.0,0.0,0.0,0.0,8.0,2.0,1.0
211,1.7548735999999991,0,8.316,1.4886,0.9447,1.0931,0.0674,0.003,0.0015,0.0002,0.0058,0.0125,0.0019,0.0007,0.0072,0.0002,0.0018,0.0014,0.0001,0.0002,0.0079,0.0012,0.0006,0.0005,0.0,0.0398,0.0079,0.0,0.0008,0.0,65.0,0.0,2.0,63.0,0.0,0.0,0.0,0.0,0.0,0.0,0.0,0.0,0.0,0.0,0.0,0.0,0.0,0.0,0.0,0.0,0.0,0.0,0.0,8.0,2.0,1.0
212,1.7631895999999991,0,8.3635,1.6451,0.8911,1.0936,0.069,0.001,0.0052,0.0002,0.0102,0.0187,0.0015,0.0007,0.006,0.0001,0.0011,0.001,0.0,0.0001,0.0075,0.0016,0.0004,0.0003,0.0,0.0428,0.0072,0.0,0.0007,0.0,65.0,0.0,2.0,63.0,0.0,0.0,0.0,0.0,0.0,0.0,0.0,0.0,0.0,0.0,0.0,0.0,0.0,0.0,0.0,0.0,0.0,0.0,0.0,8.0,2.0,1.0
213,1.771553099999999,0,8.3085,1.667,0.952,1.0763,0.0674,0.0012,0.002,0.0002,0.0056,0.0125,0.0022,0.0007,0.0077,0.0002,0.0018,0.0012,0.0001,0.0001,0.0079,0.0014,0.0004,0.0005,0.0,0.04,0.0078,0.0001,0.0008,0.0,65.0,0.0,2.0,63.0,0.0,0.0,0.0,0.0,0.0,0.0,0.0,0.0,0.0,0.0,0.0,0.0,0.0,0.0,0.0,0.0,0.0,0.0,0.0,8.0,2.0,1.0
214,1.7798615999999992,0,8.3151,1.5669,0.9076,1.1138,0.0691,0.0014,0.0024,0.0002,0.0091,0.0151,0.0015,0.0008,0.0063,0.0002,0.0012,0.0012,0.0001,0.0001,0.008,0.0011,0.0004,0.0005,0.0,0.0407,0.009,0.0001,0.001,0.0,65.0,0.0,2.0,63.0,0.0,0.0,0.0,0.0,0.0,0.0,0.0,0.0,0.0,0.0,0.0,0.0,0.0,0.0,0.0,0.0,0.0,0.0,0.0,8.0,2.0,1.0
215,1.788176699999999,0,8.5287,1.5553,0.9346,1.2157,0.0726,0.0019,0.0015,0.0002,0.0068,0.0126,0.0015,0.0007,0.0074,0.0001,0.0018,0.0014,0.0001,0.0006,0.0088,0.0017,0.0005,0.0005,0.0,0.0427,0.0081,0.0001,0.0008,0.0,65.0,0.0,2.0,63.0,0.0,0.0,0.0,0.0,0.0,0.0,0.0,0.0,0.0,0.0,0.0,0.0,0.0,0.0,0.0,0.0,0.0,0.0,0.0,8.0,2.0,1.0
216,1.7967053999999991,0,8.3923,1.6846,1.1792,1.1994,0.0853,0.0034,0.002,0.0003,0.0116,0.02,0.0018,0.001,0.0084,0.0001,0.0014,0.0022,0.0001,0.0001,0.0097,0.0018,0.0005,0.0005,0.0001,0.0521,0.008,0.0001,0.0009,0.0,65.0,0.0,2.0,63.0,0.0,0.0,0.0,0.0,0.0,0.0,0.0,0.0,0.0,0.0,0.0,0.0,0.0,0.0,0.0,0.0,0.0,0.0,0.0,8.0,2.0,1.0
217,1.805097699999999,0,8.0992,1.5625,1.1311,1.226,0.0643,0.0011,0.0016,0.0002,0.0037,0.0086,0.0017,0.0006,0.0076,0.0001,0.0018,0.0013,0.0001,0.0001,0.0081,0.001,0.0004,0.0003,0.0,0.0356,0.0091,0.0001,0.0008,0.0,65.0,0.0,2.0,63.0,0.0,0.0,0.0,0.0,0.0,0.0,0.0,0.0,0.0,0.0,0.0,0.0,0.0,0.0,0.0,0.0,0.0,0.0,0.0,8.0,2.0,1.0
218,1.813196899999999,0,8.2849,1.6101,0.8722,1.1543,0.0686,0.0026,0.0015,0.0002,0.0112,0.0177,0.0014,0.0006,0.0063,0.0002,0.0012,0.0014,0.0,0.0001,0.0078,0.0012,0.0005,0.0005,0.0,0.0426,0.0068,0.0001,0.0005,0.0,65.0,0.0,2.0,63.0,0.0,0.0,0.0,0.0,0.0,0.0,0.0,0.0,0.0,0.0,0.0,0.0,0.0,0.0,0.0,0.0,0.0,0.0,0.0,8.0,2.0,1.0
219,1.821481799999999,0,8.3679,1.6035,0.8689,1.2598,0.0752,0.0036,0.0015,0.0003,0.0101,0.0182,0.0017,0.0009,0.0074,0.0001,0.0013,0.0018,0.0,0.0001,0.0082,0.0016,0.0005,0.0006,0.0,0.0466,0.0075,0.0001,0.0009,0.0,65.0,0.0,2.0,63.0,0.0,0.0,0.0,0.0,0.0,0.0,0.0,0.0,0.0,0.0,0.0,0.0,0.0,0.0,0.0,0.0,0.0,0.0,0.0,8.0,2.0,1.0
220,1.8298496999999991,0,8.3041,1.6283,0.8892,1.3805,0.077,0.0032,0.0023,0.0002,0.0115,0.0195,0.0022,0.0008,0.0077,0.0001,0.0019,0.0013,0.0001,0.0001,0.0074,0.0017,0.0004,0.0006,0.0,0.0473,0.0084,0.0,0.0006,0.0,65.0,0.0,2.0,63.0,0.0,0.0,0.0,0.0,0.0,0.0,0.0,0.0,0.0,0.0,0.0,0.0,0.0,0.0,0.0,0.0,0.0,0.0,0.0,8.0,2.0,1.0
221,1.838153799999999,0,8.3521,1.5475,0.8552,1.1498,0.0588,0.0009,0.0016,0.0002,0.0057,0.0113,0.0018,0.0007,0.0071,0.0002,0.0016,0.0009,0.0,0.0001,0.0081,0.0015,0.0004,0.0004,0.0,0.0373,0.0044,0.0,0.0007,0.0,65.0,0.0,2.0,63.0,0.0,0.0,0.0,0.0,0.0,0.0,0.0,0.0,0.0,0.0,0.0,0.0,0.0,0.0,0.0,0.0,0.0,0.0,0.0,8.0,2.0,1.0
222,1.846505899999999,0,8.3746,1.6376,0.8945,1.0731,0.0685,0.0015,0.0015,0.0003,0.0093,0.0151,0.0022,0.0006,0.0072,0.0002,0.0016,0.0011,0.0,0.0002,0.0075,0.0013,0.0005,0.0004,0.0001,0.0414,0.0077,0.0001,0.0008,0.0,65.0,0.0,2.0,63.0,0.0,0.0,0.0,0.0,0.0,0.0,0.0,0.0,0.0,0.0,0.0,0.0,0.0,0.0,0.0,0.0,0.0,0.0,0.0,8.0,2.0,1.0
223,1.854880499999999,0,8.2213,1.5257,0.8961,1.2409,0.0593,0.0015,0.0012,0.0002,0.0067,0.0116,0.0014,0.0006,0.0069,0.0002,0.0019,0.0012,0.0,0.0001,0.0075,0.0015,0.0004,0.0005,0.0001,0.0371,0.0044,0.0001,0.0004,0.0,65.0,0.0,2.0,63.0,0.0,0.0,0.0,0.0,0.0,0.0,0.0,0.0,0.0,0.0,0.0,0.0,0.0,0.0,0.0,0.0,0.0,0.0,0.0,8.0,2.0,1.0
224,1.863101799999999,0,8.4792,1.6143,0.9094,1.2485,0.0872,0.0045,0.0023,0.0003,0.0129,0.0223,0.0016,0.0012,0.0101,0.0006,0.0016,0.002,0.0001,0.0001,0.0088,0.0017,0.0005,0.0006,0.0,0.0558,0.0088,0.0001,0.0009,0.0,65.0,0.0,2.0,63.0,0.0,0.0,0.0,0.0,0.0,0.0,0.0,0.0,0.0,0.0,0.0,0.0,0.0,0.0,0.0,0.0,0.0,0.0,0.0,8.0,2.0,1.0
225,1.871580999999999,0,8.2944,1.673,0.9234,1.1616,0.0672,0.0012,0.0021,0.0002,0.0059,0.0117,0.0015,0.0006,0.0074,0.0001,0.0014,0.0019,0.0001,0.0001,0.0078,0.0012,0.0009,0.0004,0.0,0.0394,0.0077,0.0002,0.0007,0.0,65.0,0.0,2.0,63.0,0.0,0.0,0.0,0.0,0.0,0.0,0.0,0.0,0.0,0.0,0.0,0.0,0.0,0.0,0.0,0.0,0.0,0.0,0.0,8.0,2.0,1.0
226,1.879875399999999,0,8.3207,1.5598,0.9326,1.1694,0.0734,0.0014,0.0037,0.0003,0.0099,0.0177,0.0015,0.0007,0.007,0.0002,0.0013,0.0012,0.0001,0.0001,0.0081,0.0013,0.0005,0.0004,0.0001,0.0446,0.0079,0.0001,0.0007,0.0,65.0,0.0,2.0,63.0,0.0,0.0,0.0,0.0,0.0,0.0,0.0,0.0,0.0,0.0,0.0,0.0,0.0,0.0,0.0,0.0,0.0,0.0,0.0,8.0,2.0,1.0
227,1.8881960999999992,0,8.3393,1.564,0.8692,1.2322,0.0589,0.001,0.0013,0.0003,0.0043,0.0098,0.0013,0.0006,0.0064,0.0001,0.0013,0.0017,0.0,0.0001,0.0083,0.0011,0.0007,0.0005,0.0001,0.036,0.0042,0.0001,0.0007,0.0,65.0,0.0,2.0,63.0,0.0,0.0,0.0,0.0,0.0,0.0,0.0,0.0,0.0,0.0,0.0,0.0,0.0,0.0,0.0,0.0,0.0,0.0,0.0,8.0,2.0,1.0
228,1.8965353999999992,0,8.6058,1.6768,1.0835,1.3495,0.0964,0.0038,0.0021,0.0003,0.0136,0.0227,0.002,0.0008,0.011,0.0002,0.0018,0.0019,0.0002,0.0001,0.0096,0.0014,0.0008,0.0007,0.0,0.0585,0.0104,0.0001,0.0008,0.0,65.0,0.0,2.0,63.0,0.0,0.0,0.0,0.0,0.0,0.0,0.0,0.0,0.0,0.0,0.0,0.0,0.0,0.0,0.0,0.0,0.0,0.0,0.0,8.0,2.0,1.0
229,1.9051411999999992,0,8.1792,1.8683,1.1698,1.3054,0.091,0.003,0.0022,0.0003,0.0079,0.0162,0.0024,0.0006,0.0095,0.0003,0.0019,0.0022,0.0003,0.0001,0.01,0.0024,0.0011,0.0004,0.0,0.0537,0.0093,0.0001,0.0009,0.0,65.0,0.0,2.0,63.0,0.0,0.0,0.0,0.0,0.0,0.0,0.0,0.0,0.0,0.0,0.0,0.0,0.0,0.0,0.0,0.0,0.0,0.0,0.0,8.0,2.0,1.0
230,1.9133203999999993,0,8.3789,1.6169,0.9938,1.338,0.0839,0.0018,0.0014,0.0002,0.0166,0.0223,0.0017,0.0007,0.0088,0.0003,0.0015,0.0016,0.0001,0.0001,0.0091,0.0011,0.0005,0.001,0.0,0.0521,0.0088,0.0001,0.0006,0.0,65.0,0.0,2.0,63.0,0.0,0.0,0.0,0.0,0.0,0.0,0.0,0.0,0.0,0.0,0.0,0.0,0.0,0.0,0.0,0.0,0.0,0.0,0.0,8.0,2.0,1.0
231,1.9216992999999993,0,8.2149,1.6803,1.0601,1.2505,0.0728,0.0031,0.0017,0.0002,0.005,0.0132,0.0017,0.0006,0.0083,0.0001,0.0014,0.0015,0.0004,0.0001,0.0085,0.0014,0.0009,0.0004,0.0,0.0432,0.0083,0.0001,0.0007,0.0,65.0,0.0,2.0,63.0,0.0,0.0,0.0,0.0,0.0,0.0,0.0,0.0,0.0,0.0,0.0,0.0,0.0,0.0,0.0,0.0,0.0,0.0,0.0,8.0,2.0,1.0
232,1.9299141999999994,0,8.3114,1.6522,0.9639,1.0966,0.0783,0.0013,0.0038,0.0002,0.0122,0.0194,0.002,0.0007,0.0074,0.0001,0.0019,0.0013,0.0001,0.0001,0.0079,0.0015,0.0004,0.0005,0.0001,0.0471,0.0094,0.0,0.0007,0.0,65.0,0.0,2.0,63.0,0.0,0.0,0.0,0.0,0.0,0.0,0.0,0.0,0.0,0.0,0.0,0.0,0.0,0.0,0.0,0.0,0.0,0.0,0.0,8.0,2.0,1.0
233,1.9382255999999993,0,8.4672,1.615,0.9886,1.0656,0.083,0.0039,0.0023,0.0007,0.0074,0.0168,0.0018,0.0013,0.0088,0.0002,0.0015,0.002,0.0001,0.0002,0.009,0.0014,0.0005,0.0006,0.0,0.049,0.0085,0.0001,0.0007,0.0,65.0,0.0,2.0,63.0,0.0,0.0,0.0,0.0,0.0,0.0,0.0,0.0,0.0,0.0,0.0,0.0,0.0,0.0,0.0,0.0,0.0,0.0,0.0,8.0,2.0,1.0
234,1.9466927999999992,0,8.4757,1.6681,1.1924,1.2114,0.0969,0.0019,0.0017,0.0003,0.0183,0.0248,0.0019,0.0012,0.0111,0.0002,0.0019,0.0023,0.0002,0.0001,0.0104,0.0012,0.0005,0.0011,0.0,0.0614,0.0088,0.0001,0.0009,0.0,65.0,0.0,2.0,63.0,0.0,0.0,0.0,0.0,0.0,0.0,0.0,0.0,0.0,0.0,0.0,0.0,0.0,0.0,0.0,0.0,0.0,0.0,0.0,8.0,2.0,1.0
235,1.9551684999999992,0,8.3536,1.8529,1.2218,1.3309,0.0856,0.003,0.0019,0.0009,0.0079,0.0167,0.0022,0.0008,0.0088,0.0002,0.0016,0.0016,0.0002,0.0002,0.0097,0.0017,0.0006,0.0007,0.0,0.0499,0.0086,0.0001,0.0013,0.0,65.0,0.0,2.0,63.0,0.0,0.0,0.0,0.0,0.0,0.0,0.0,0.0,0.0,0.0,0.0,0.0,0.0,0.0,0.0,0.0,0.0,0.0,0.0,8.0,2.0,1.0
236,1.9635220999999992,0,8.2191,1.9805,1.192,1.3492,0.0904,0.0018,0.0019,0.0003,0.0139,0.0203,0.0016,0.001,0.0084,0.0002,0.0015,0.0021,0.0001,0.0002,0.0093,0.0018,0.0005,0.0005,0.0,0.0522,0.0103,0.0,0.0007,0.0,65.0,0.0,2.0,63.0,0.0,0.0,0.0,0.0,0.0,0.0,0.0,0.0,0.0,0.0,0.0,0.0,0.0,0.0,0.0,0.0,0.0,0.0,0.0,8.0,2.0,1.0
237,1.9717411999999992,0,8.2109,1.7664,1.0409,1.1729,0.0774,0.0031,0.0015,0.0003,0.0063,0.014,0.0022,0.0007,0.008,0.0002,0.0015,0.0018,0.0005,0.0001,0.0092,0.0016,0.0005,0.0006,0.0,0.0453,0.008,0.0002,0.0008,0.0,65.0,0.0,2.0,63.0,0.0,0.0,0.0,0.0,0.0,0.0,0.0,0.0,0.0,0.0,0.0,0.0,0.0,0.0,0.0,0.0,0.0,0.0,0.0,8.0,2.0,1.0
238,1.979952099999999,0,8.2419,1.6076,0.9368,1.144,0.0735,0.0026,0.0015,0.0002,0.0115,0.018,0.0015,0.0007,0.0071,0.0001,0.0017,0.0013,0.0,0.0001,0.0078,0.0012,0.0005,0.0005,0.0,0.0452,0.0081,0.0001,0.0007,0.0,65.0,0.0,2.0,63.0,0.0,0.0,0.0,0.0,0.0,0.0,0.0,0.0,0.0,0.0,0.0,0.0,0.0,0.0,0.0,0.0,0.0,0.0,0.0,8.0,2.0,1.0
239,1.9881939999999991,0,8.36,1.5734,0.9078,1.1037,0.0667,0.0037,0.0015,0.0002,0.0059,0.0137,0.0017,0.0006,0.0066,0.0002,0.0015,0.0015,0.0002,0.0002,0.008,0.0012,0.0004,0.0004,0.0,0.0392,0.0072,0.0001,0.001,0.0,65.0,0.0,2.0,63.0,0.0,0.0,0.0,0.0,0.0,0.0,0.0,0.0,0.0,0.0,0.0,0.0,0.0,0.0,0.0,0.0,0.0,0.0,0.0,8.0,2.0,1.0
240,1.996553999999999,0,8.5341,1.626,1.0434,1.085,0.0874,0.0033,0.0015,0.0003,0.0121,0.0197,0.0022,0.0009,0.0085,0.0002,0.0019,0.0018,0.0001,0.0002,0.0087,0.0013,0.0008,0.0006,0.0,0.0521,0.0095,0.0001,0.0008,0.0,65.0,0.0,2.0,63.0,0.0,0.0,0.0,0.0,0.0,0.0,0.0,0.0,0.0,0.0,0.0,0.0,0.0,0.0,0.0,0.0,0.0,0.0,0.0,8.0,2.0,1.0
241,2.005088099999999,0,8.3334,1.8582,1.1679,1.2655,0.0847,0.0034,0.0016,0.0003,0.0079,0.0163,0.0014,0.0013,0.0082,0.0002,0.0015,0.0022,0.0001,0.0002,0.0096,0.0012,0.001,0.0006,0.0,0.0484,0.0092,0.0001,0.0008,0.0,65.0,0.0,2.0,63.0,0.0,0.0,0.0,0.0,0.0,0.0,0.0,0.0,0.0,0.0,0.0,0.0,0.0,0.0,0.0,0.0,0.0,0.0,0.0,8.0,2.0,1.0
242,2.0134214999999993,0,8.4063,1.8967,1.1968,1.3241,0.0904,0.0023,0.0019,0.0003,0.0147,0.0223,0.0022,0.0009,0.009,0.0002,0.0016,0.0017,0.0001,0.0001,0.0089,0.0013,0.0007,0.0006,0.0,0.0541,0.0082,0.0001,0.0009,0.0,65.0,0.0,2.0,63.0,0.0,0.0,0.0,0.0,0.0,0.0,0.0,0.0,0.0,0.0,0.0,0.0,0.0,0.0,0.0,0.0,0.0,0.0,0.0,8.0,2.0,1.0
243,2.021827799999999,0,8.175,1.7994,1.0855,1.2413,0.0802,0.0036,0.0017,0.0003,0.0066,0.015,0.0019,0.0009,0.0079,0.0001,0.0015,0.0022,0.0002,0.0001,0.0092,0.0014,0.0005,0.0005,0.0,0.0463,0.0087,0.0001,0.0006,0.0,65.0,0.0,2.0,63.0,0.0,0.0,0.0,0.0,0.0,0.0,0.0,0.0,0.0,0.0,0.0,0.0,0.0,0.0,0.0,0.0,0.0,0.0,0.0,8.0,2.0,1.0
244,2.030002799999999,0,8.2946,1.6172,1.0435,1.1575,0.0874,0.003,0.0017,0.0004,0.013,0.0205,0.0023,0.0008,0.0083,0.0004,0.0017,0.0017,0.0001,0.0001,0.0097,0.0015,0.0005,0.001,0.0,0.0528,0.009,0.0,0.0006,0.0,65.0,0.0,2.0,63.0,0.0,0.0,0.0,0.0,0.0,0.0,0.0,0.0,0.0,0.0,0.0,0.0,0.0,0.0,0.0,0.0,0.0,0.0,0.0,8.0,2.0,1.0
245,2.0382973999999994,0,8.5041,1.5838,1.0993,1.1883,0.0858,0.0035,0.0021,0.0003,0.0069,0.0165,0.0026,0.0009,0.0091,0.0003,0.0019,0.002,0.0001,0.0001,0.0095,0.0013,0.0009,0.0006,0.0001,0.0498,0.0088,0.0001,0.0007,0.0,65.0,0.0,2.0,63.0,0.0,0.0,0.0,0.0,0.0,0.0,0.0,0.0,0.0,0.0,0.0,0.0,0.0,0.0,0.0,0.0,0.0,0.0,0.0,8.0,2.0,1.0
246,2.0468014999999995,0,8.2369,1.8545,1.155,1.4373,0.0776,0.0026,0.0014,0.0003,0.0109,0.0174,0.0015,0.0008,0.0077,0.0007,0.0013,0.0016,0.0001,0.0002,0.0085,0.0011,0.001,0.0005,0.0001,0.047,0.008,0.0002,0.0008,0.0,65.0,0.0,2.0,63.0,0.0,0.0,0.0,0.0,0.0,0.0,0.0,0.0,0.0,0.0,0.0,0.0,0.0,0.0,0.0,0.0,0.0,0.0,0.0,8.0,2.0,1.0
247,2.0550383999999995,0,8.1422,1.614,0.9931,1.2105,0.0704,0.0026,0.0011,0.0003,0.0067,0.0129,0.0016,0.0006,0.0069,0.0002,0.0019,0.0014,0.0001,0.0001,0.0088,0.001,0.0004,0.0004,0.0,0.0404,0.0088,0.0,0.0007,0.0,65.0,0.0,2.0,63.0,0.0,0.0,0.0,0.0,0.0,0.0,0.0,0.0,0.0,0.0,0.0,0.0,0.0,0.0,0.0,0.0,0.0,0.0,0.0,8.0,2.0,1.0
248,2.0631805999999995,0,8.5636,1.8144,1.038,1.242,0.0932,0.0022,0.005,0.0003,0.016,0.0262,0.002,0.001,0.0097,0.0002,0.0017,0.002,0.0001,0.0001,0.009,0.0014,0.0005,0.0005,0.0001,0.059,0.0087,0.0001,0.0008,0.0,65.0,0.0,2.0,63.0,0.0,0.0,0.0,0.0,0.0,0.0,0.0,0.0,0.0,0.0,0.0,0.0,0.0,0.0,0.0,0.0,0.0,0.0,0.0,8.0,2.0,1.0
249,2.0717441999999995,0,8.2525,1.7526,1.0519,1.2236,0.0853,0.0034,0.0022,0.0003,0.0061,0.0152,0.0019,0.0013,0.0093,0.0003,0.0022,0.0019,0.0001,0.0001,0.009,0.0012,0.0011,0.0005,0.0,0.0489,0.0095,0.0001,0.0005,0.0,65.0,0.0,2.0,63.0,0.0,0.0,0.0,0.0,0.0,0.0,0.0,0.0,0.0,0.0,0.0,0.0,0.0,0.0,0.0,0.0,0.0,0.0,0.0,8.0,2.0,1.0
250,2.0799966999999997,0,8.2748,1.723,1.0356,1.2744,0.0807,0.0037,0.0014,0.0002,0.0112,0.0189,0.0016,0.001,0.0071,0.0002,0.0014,0.002,0.0001,0.0001,0.0081,0.0011,0.0007,0.0006,0.0,0.0485,0.0087,0.0001,0.0007,0.0,65.0,0.0,2.0,63.0,0.0,0.0,0.0,0.0,0.0,0.0,0.0,0.0,0.0,0.0,0.0,0.0,0.0,0.0,0.0,0.0,0.0,0.0,0.0,8.0,2.0,1.0
251,2.0882715,0,8.2245,1.7543,0.9088,1.1001,0.0686,0.004,0.0015,0.0002,0.0056,0.0135,0.0016,0.0007,0.0066,0.0002,0.0012,0.0011,0.0002,0.0001,0.0077,0.0011,0.0005,0.0004,0.0,0.0396,0.008,0.0,0.0006,0.0,65.0,0.0,2.0,63.0,0.0,0.0,0.0,0.0,0.0,0.0,0.0,0.0,0.0,0.0,0.0,0.0,0.0,0.0,0.0,0.0,0.0,0.0,0.0,8.0,2.0,1.0
252,2.0964959999999997,0,8.445,1.7042,0.9322,1.239,0.0822,0.0031,0.0016,0.0007,0.0115,0.0191,0.0018,0.0008,0.0078,0.0001,0.0021,0.0018,0.0,0.0001,0.0085,0.0013,0.0005,0.0006,0.0001,0.0493,0.0089,0.0001,0.0007,0.0,65.0,0.0,2.0,63.0,0.0,0.0,0.0,0.0,0.0,0.0,0.0,0.0,0.0,0.0,0.0,0.0,0.0,0.0,0.0,0.0,0.0,0.0,0.0,8.0,2.0,1.0
253,2.1049409999999997,0,8.323,1.6276,0.9708,1.1163,0.0706,0.0012,0.0039,0.0002,0.0043,0.0121,0.0019,0.0006,0.0071,0.0002,0.0018,0.0015,0.0001,0.0001,0.0079,0.0015,0.0005,0.0004,0.0001,0.0395,0.0083,0.0001,0.0009,0.0,65.0,0.0,2.0,63.0,0.0,0.0,0.0,0.0,0.0,0.0,0.0,0.0,0.0,0.0,0.0,0.0,0.0,0.0,0.0,0.0,0.0,0.0,0.0,8.0,2.0,1.0
254,2.1132639999999996,0,8.3839,1.7485,1.01,1.2605,0.0849,0.004,0.0016,0.0003,0.0142,0.0226,0.0021,0.0008,0.0079,0.0002,0.0017,0.0013,0.0001,0.0001,0.0087,0.0011,0.0005,0.0004,0.0001,0.0515,0.0084,0.0005,0.0008,0.0,65.0,0.0,2.0,63.0,0.0,0.0,0.0,0.0,0.0,0.0,0.0,0.0,0.0,0.0,0.0,0.0,0.0,0.0,0.0,0.0,0.0,0.0,0.0,8.0,2.0,1.0
255,2.1216478999999997,0,8.2796,1.7215,1.0123,1.1463,0.0717,0.0013,0.0023,0.0002,0.0067,0.0129,0.0019,0.0008,0.0073,0.0002,0.002,0.0013,0.0001,0.0001,0.0089,0.001,0.0005,0.0004,0.0001,0.0414,0.0087,0.0001,0.0006,0.0,65.0,0.0,2.0,63.0,0.0,0.0,0.0,0.0,0.0,0.0,0.0,0.0,0.0,0.0,0.0,0.0,0.0,0.0,0.0,0.0,0.0,0.0,0.0,8.0,2.0,1.0
256,2.1299274999999995,0,8.4936,1.7199,1.076,1.147,0.0948,0.004,0.0021,0.0004,0.0134,0.0231,0.0018,0.0011,0.0105,0.0002,0.0016,0.0023,0.0001,0.0001,0.0097,0.0015,0.0006,0.001,0.0,0.0584,0.0089,0.0001,0.0007,0.0,65.0,0.0,2.0,63.0,0.0,0.0,0.0,0.0,0.0,0.0,0.0,0.0,0.0,0.0,0.0,0.0,0.0,0.0,0.0,0.0,0.0,0.0,0.0,8.0,2.0,1.0
257,2.1384210999999995,0,8.357,1.9024,1.1362,1.2978,0.0834,0.0044,0.0021,0.0003,0.0073,0.0164,0.0021,0.0008,0.0077,0.0002,0.002,0.0016,0.0002,0.0006,0.0099,0.0013,0.0005,0.0005,0.0001,0.0486,0.0085,0.0002,0.0009,0.0,65.0,0.0,2.0,63.0,0.0,0.0,0.0,0.0,0.0,0.0,0.0,0.0,0.0,0.0,0.0,0.0,0.0,0.0,0.0,0.0,0.0,0.0,0.0,8.0,2.0,1.0
258,2.1467780999999997,0,8.3152,1.8531,1.1621,1.3378,0.0925,0.0039,0.0024,0.0003,0.0138,0.0232,0.0022,0.0009,0.0085,0.0001,0.0018,0.0021,0.0002,0.0002,0.0096,0.0017,0.0006,0.0006,0.0,0.0571,0.0092,0.0001,0.0008,0.0,65.0,0.0,2.0,63.0,0.0,0.0,0.0,0.0,0.0,0.0,0.0,0.0,0.0,0.0,0.0,0.0,0.0,0.0,0.0,0.0,0.0,0.0,0.0,8.0,2.0,1.0
259,2.1550933,0,8.4142,1.7663,1.2066,1.3012,0.0883,0.0052,0.0019,0.0003,0.0077,0.0183,0.0023,0.001,0.0087,0.0002,0.0016,0.0017,0.0001,0.0002,0.0099,0.0014,0.0005,0.0006,0.0,0.0515,0.0097,0.0001,0.0008,0.0,65.0,0.0,2.0,63.0,0.0,0.0,0.0,0.0,0.0,0.0,0.0,0.0,0.0,0.0,0.0,0.0,0.0,0.0,0.0,0.0,0.0,0.0,0.0,8.0,2.0,1.0
260,2.1635074999999997,0,8.3265,1.8479,1.2132,1.4142,0.0941,0.0041,0.0021,0.0003,0.0141,0.0231,0.0024,0.0011,0.009,0.0003,0.0019,0.0017,0.0001,0.0001,0.0094,0.0017,0.0005,0.0007,0.0001,0.0567,0.0087,0.0001,0.0008,0.0,65.0,0.0,2.0,63.0,0.0,0.0,0.0,0.0,0.0,0.0,0.0,0.0,0.0,0.0,0.0,0.0,0.0,0.0,0.0,0.0,0.0,0.0,0.0,8.0,2.0,1.0
261,2.1718339999999996,0,8.0705,1.9075,1.0765,1.361,0.0766,0.0038,0.0016,0.0003,0.0064,0.0145,0.0022,0.0008,0.0078,0.0003,0.0014,0.0013,0.0001,0.0001,0.0097,0.0013,0.001,0.0004,0.0,0.0444,0.0089,0.0001,0.0004,0.0,65.0,0.0,2.0,63.0,0.0,0.0,0.0,0.0,0.0,0.0,0.0,0.0,0.0,0.0,0.0,0.0,0.0,0.0,0.0,0.0,0.0,0.0,0.0,8.0,2.0,1.0
262,2.1799044999999997,0,8.2835,1.6506,0.9125,1.1411,0.0735,0.0031,0.0014,0.0003,0.0106,0.0178,0.0022,0.0006,0.0073,0.0002,0.0017,0.0013,0.0,0.0001,0.0085,0.0011,0.0004,0.0005,0.0,0.045,0.0083,0.0002,0.0008,0.0,65.0,0.0,2.0,63.0,0.0,0.0,0.0,0.0,0.0,0.0,0.0,0.0,0.0,0.0,0.0,0.0,0.0,0.0,0.0,0.0,0.0,0.0,0.0,8.0,2.0,1.0
263,2.188188,0,8.6028,1.6859,1.0481,1.2126,0.0851,0.0017,0.0019,0.0002,0.0074,0.0144,0.002,0.0012,0.0089,0.0001,0.0021,0.0017,0.0001,0.0001,0.0099,0.0017,0.0005,0.0005,0.0,0.0494,0.0097,0.0001,0.0009,0.0,65.0,0.0,2.0,63.0,0.0,0.0,0.0,0.0,0.0,0.0,0.0,0.0,0.0,0.0,0.0,0.0,0.0,0.0,0.0,0.0,0.0,0.0,0.0,8.0,2.0,1.0
264,2.1967907999999996,0,8.2868,1.7193,1.1325,1.1601,0.0956,0.0033,0.0021,0.0004,0.0164,0.0248,0.002,0.0009,0.0115,0.0003,0.0018,0.0022,0.0002,0.0002,0.0093,0.0018,0.0005,0.0005,0.0001,0.0611,0.0088,0.0001,0.0008,0.0,65.0,0.0,2.0,63.0,0.0,0.0,0.0,0.0,0.0,0.0,0.0,0.0,0.0,0.0,0.0,0.0,0.0,0.0,0.0,0.0,0.0,0.0,0.0,8.0,2.0,1.0
265,2.2050775999999996,0,8.2118,1.7669,1.0581,1.2916,0.0722,0.0013,0.0049,0.0002,0.0055,0.0143,0.0015,0.0009,0.0076,0.0001,0.0014,0.002,0.0001,0.0001,0.0084,0.0017,0.0005,0.0005,0.0,0.0434,0.0074,0.0001,0.0007,0.0,65.0,0.0,2.0,63.0,0.0,0.0,0.0,0.0,0.0,0.0,0.0,0.0,0.0,0.0,0.0,0.0,0.0,0.0,0.0,0.0,0.0,0.0,0.0,8.0,2.0,1.0
266,2.2132894,0,8.2948,1.6677,0.9661,1.0545,0.0736,0.0026,0.0013,0.0002,0.0098,0.0163,0.0019,0.0006,0.0069,0.0002,0.0019,0.0014,0.0,0.0001,0.009,0.0013,0.0005,0.0004,0.0,0.0446,0.008,0.0001,0.0007,0.0,65.0,0.0,2.0,63.0,0.0,0.0,0.0,0.0,0.0,0.0,0.0,0.0,0.0,0.0,0.0,0.0,0.0,0.0,0.0,0.0,0.0,0.0,0.0,8.0,2.0,1.0
267,2.2215841999999997,0,8.4105,1.6505,0.9678,1.1696,0.0762,0.0033,0.0016,0.0003,0.0058,0.014,0.0018,0.0007,0.0075,0.0002,0.0015,0.0015,0.0001,0.0001,0.0092,0.0013,0.0006,0.0005,0.0,0.0443,0.0092,0.0001,0.0008,0.0,65.0,0.0,2.0,63.0,0.0,0.0,0.0,0.0,0.0,0.0,0.0,0.0,0.0,0.0,0.0,0.0,0.0,0.0,0.0,0.0,0.0,0.0,0.0,8.0,2.0,1.0
268,2.2299946999999998,0,8.3271,1.662,1.0599,1.4111,0.0803,0.0033,0.0016,0.0002,0.0107,0.0182,0.0016,0.0009,0.0074,0.0002,0.0016,0.0023,0.0001,0.0001,0.0089,0.0012,0.0005,0.0005,0.0,0.0477,0.0078,0.0001,0.0007,0.0,65.0,0.0,2.0,63.0,0.0,0.0,0.0,0.0,0.0,0.0,0.0,0.0,0.0,0.0,0.0,0.0,0.0,0.0,0.0,0.0,0.0,0.0,0.0,8.0,2.0,1.0
269,2.2383217999999996,0,8.538,1.8272,1.125,1.2408,0.0893,0.0031,0.0023,0.0003,0.008,0.0164,0.0019,0.0017,0.0092,0.0002,0.0014,0.0023,0.0002,0.0002,0.0106,0.0014,0.0012,0.0007,0.0001,0.0522,0.0101,0.0002,0.0009,0.0,65.0,0.0,2.0,63.0,0.0,0.0,0.0,0.0,0.0,0.0,0.0,0.0,0.0,0.0,0.0,0.0,0.0,0.0,0.0,0.0,0.0,0.0,0.0,8.0,2.0,1.0
270,2.2468597999999997,0,8.1903,1.8615,1.1613,1.2823,0.0911,0.004,0.0017,0.0003,0.0129,0.0222,0.0024,0.0012,0.0095,0.0002,0.002,0.0019,0.0001,0.0001,0.0098,0.002,0.0006,0.0005,0.0,0.0568,0.0087,0.0001,0.0008,0.0,65.0,0.0,2.0,63.0,0.0,0.0,0.0,0.0,0.0,0.0,0.0,0.0,0.0,0.0,0.0,0.0,0.0,0.0,0.0,0.0,0.0,0.0,0.0,8.0,2.0,1.0
271,2.2550500999999996,0,8.1725,1.6935,0.9926,1.217,0.0697,0.0029,0.0015,0.0002,0.0059,0.0135,0.0015,0.0006,0.0068,0.0002,0.0013,0.0022,0.0001,0.0001,0.0096,0.0012,0.0005,0.0005,0.0,0.0423,0.0049,0.0001,0.0008,0.0,65.0,0.0,2.0,63.0,0.0,0.0,0.0,0.0,0.0,0.0,0.0,0.0,0.0,0.0,0.0,0.0,0.0,0.0,0.0,0.0,0.0,0.0,0.0,8.0,2.0,1.0
272,2.2632225999999998,0,8.5687,1.7598,1.0314,1.1364,0.0857,0.0029,0.0016,0.0004,0.0112,0.0183,0.0015,0.0011,0.0078,0.0001,0.0015,0.0021,0.0001,0.0002,0.0099,0.0013,0.0005,0.0012,0.0,0.0507,0.0094,0.0001,0.001,0.0,65.0,0.0,2.0,63.0,0.0,0.0,0.0,0.0,0.0,0.0,0.0,0.0,0.0,0.0,0.0,0.0,0.0,0.0,0.0,0.0,0.0,0.0,0.0,8.0,2.0,1.0
273,2.2717913,0,8.1761,1.7922,1.0953,1.3444,0.0773,0.0044,0.0018,0.0004,0.0071,0.0158,0.0018,0.0007,0.0075,0.0003,0.0016,0.0024,0.0001,0.0001,0.01,0.0014,0.0004,0.0006,0.0,0.0471,0.0057,0.0,0.0008,0.0,65.0,0.0,2.0,63.0,0.0,0.0,0.0,0.0,0.0,0.0,0.0,0.0,0.0,0.0,0.0,0.0,0.0,0.0,0.0,0.0,0.0,0.0,0.0,8.0,2.0,1.0
274,2.2799674,0,8.5282,2.1426,1.1148,1.336,0.1043,0.0032,0.002,0.0005,0.0159,0.0252,0.0021,0.0013,0.0112,0.0002,0.0023,0.002,0.0002,0.0001,0.0094,0.0028,0.0005,0.0012,0.0,0.0628,0.013,0.0001,0.001,0.0,65.0,0.0,2.0,63.0,0.0,0.0,0.0,0.0,0.0,0.0,0.0,0.0,0.0,0.0,0.0,0.0,0.0,0.0,0.0,0.0,0.0,0.0,0.0,8.0,2.0,1.0
275,2.2884956,0,8.3786,1.8652,1.1444,1.3105,0.0801,0.0033,0.0021,0.0004,0.0064,0.0147,0.0024,0.001,0.0083,0.0001,0.0023,0.0018,0.0001,0.0007,0.0091,0.0017,0.0005,0.0004,0.0001,0.0463,0.008,0.0,0.0008,0.0,65.0,0.0,2.0,63.0,0.0,0.0,0.0,0.0,0.0,0.0,0.0,0.0,0.0,0.0,0.0,0.0,0.0,0.0,0.0,0.0,0.0,0.0,0.0,8.0,2.0,1.0
276,2.2968742,0,8.4981,1.8218,1.3732,1.2974,0.0993,0.0031,0.0026,0.0003,0.0146,0.0235,0.0018,0.0014,0.0089,0.0005,0.0017,0.0023,0.0001,0.0001,0.0106,0.0013,0.0006,0.0006,0.0,0.0605,0.0088,0.0005,0.0006,0.0,65.0,0.0,2.0,63.0,0.0,0.0,0.0,0.0,0.0,0.0,0.0,0.0,0.0,0.0,0.0,0.0,0.0,0.0,0.0,0.0,0.0,0.0,0.0,8.0,2.0,1.0
277,2.3053723,0,8.151,1.9324,1.3831,1.6259,0.1045,0.0033,0.0024,0.0003,0.0086,0.0176,0.0023,0.0013,0.0101,0.0008,0.0017,0.0026,0.0002,0.0001,0.0123,0.002,0.0007,0.0006,0.0,0.0579,0.0112,0.0001,0.0006,0.0,65.0,0.0,2.0,63.0,0.0,0.0,0.0,0.0,0.0,0.0,0.0,0.0,0.0,0.0,0.0,0.0,0.0,0.0,0.0,0.0,0.0,0.0,0.0,8.0,2.0,1.0
278,2.3135233,0,8.534,1.8674,1.3582,1.5802,0.101,0.0049,0.0022,0.0008,0.0155,0.0265,0.0024,0.001,0.0095,0.0001,0.0018,0.0024,0.0001,0.0001,0.0096,0.0019,0.0006,0.0006,0.0,0.0608,0.0096,0.0001,0.0007,0.0,65.0,0.0,2.0,63.0,0.0,0.0,0.0,0.0,0.0,0.0,0.0,0.0,0.0,0.0,0.0,0.0,0.0,0.0,0.0,0.0,0.0,0.0,0.0,8.0,2.0,1.0
279,2.3220573,0,8.1776,1.9828,1.2832,1.2769,0.0951,0.0055,0.0019,0.0003,0.0078,0.0188,0.002,0.001,0.0097,0.0002,0.0015,0.0024,0.0002,0.0001,0.0103,0.0014,0.0005,0.0006,0.0,0.0549,0.0097,0.0001,0.0006,0.0,65.0,0.0,2.0,63.0,0.0,0.0,0.0,0.0,0.0,0.0,0.0,0.0,0.0,0.0,0.0,0.0,0.0,0.0,0.0,0.0,0.0,0.0,0.0,8.0,2.0,1.0
280,2.3302348999999998,0,8.3811,1.8624,1.4382,1.4579,0.0982,0.0038,0.0021,0.0003,0.0142,0.023,0.0017,0.001,0.0103,0.0002,0.0017,0.0029,0.0001,0.0001,0.0107,0.002,0.0006,0.0005,0.0001,0.0606,0.009,0.0001,0.0008,0.0,65.0,0.0,2.0,63.0,0.0,0.0,0.0,0.0,0.0,0.0,0.0,0.0,0.0,0.0,0.0,0.0,0.0,0.0,0.0,0.0,0.0,0.0,0.0,8.0,2.0,1.0
281,2.3386159999999996,0,8.1848,1.986,1.2827,1.3566,0.0944,0.0042,0.002,0.0003,0.0086,0.0186,0.0022,0.0012,0.0091,0.0007,0.0018,0.0025,0.0001,0.0002,0.0106,0.0013,0.0005,0.0006,0.0001,0.0555,0.0099,0.0001,0.0008,0.0,65.0,0.0,2.0,63.0,0.0,0.0,0.0,0.0,0.0,0.0,0.0,0.0,0.0,0.0,0.0,0.0,0.0,0.0,0.0,0.0,0.0,0.0,0.0,8.0,2.0,1.0
282,2.3468007999999996,0,8.3356,1.7947,1.162,1.383,0.0918,0.0043,0.0018,0.0003,0.013,0.0227,0.0018,0.001,0.0083,0.0001,0.0016,0.0021,0.0001,0.0001,0.0093,0.0013,0.0005,0.0012,0.0001,0.0547,0.0097,0.0001,0.0008,0.0,65.0,0.0,2.0,63.0,0.0,0.0,0.0,0.0,0.0,0.0,0.0,0.0,0.0,0.0,0.0,0.0,0.0,0.0,0.0,0.0,0.0,0.0,0.0,8.0,2.0,1.0
283,2.3551363999999997,0,8.2647,1.6675,1.1535,1.2376,0.0876,0.0043,0.0023,0.0003,0.0075,0.0177,0.0018,0.0009,0.0085,0.0006,0.0017,0.0024,0.0001,0.0001,0.01,0.0013,0.0005,0.0009,0.0001,0.0508,0.0086,0.0,0.0008,0.0,65.0,0.0,2.0,63.0,0.0,0.0,0.0,0.0,0.0,0.0,0.0,0.0,0.0,0.0,0.0,0.0,0.0,0.0,0.0,0.0,0.0,0.0,0.0,8.0,2.0,1.0
284,2.3634010999999995,0,8.2798,1.8934,1.0765,1.3627,0.0905,0.0039,0.0021,0.0003,0.0126,0.0215,0.0017,0.001,0.0081,0.0002,0.0015,0.0018,0.0001,0.0001,0.0093,0.0014,0.0005,0.0005,0.0001,0.0539,0.009,0.0001,0.0008,0.0,65.0,0.0,2.0,63.0,0.0,0.0,0.0,0.0,0.0,0.0,0.0,0.0,0.0,0.0,0.0,0.0,0.0,0.0,0.0,0.0,0.0,0.0,0.0,8.0,2.0,1.0
285,2.3716808999999994,0,8.3254,1.6893,1.0419,1.2997,0.0866,0.0049,0.0017,0.0009,0.0064,0.0171,0.002,0.0015,0.0084,0.0004,0.0023,0.0023,0.0002,0.0002,0.0099,0.002,0.0005,0.0006,0.0001,0.0522,0.008,0.0001,0.0008,0.0,65.0,0.0,2.0,63.0,0.0,0.0,0.0,0.0,0.0,0.0,0.0,0.0,0.0,0.0,0.0,0.0,0.0,0.0,0.0,0.0,0.0,0.0,0.0,8.0,2.0,1.0
286,2.3800062999999994,0,8.2895,1.6666,1.0107,1.1274,0.0794,0.0024,0.0013,0.0002,0.0125,0.0191,0.002,0.001,0.0073,0.0003,0.002,0.0014,0.0001,0.0001,0.0084,0.0016,0.0004,0.0005,0.0001,0.0485,0.0083,0.0,0.0008,0.0,65.0,0.0,2.0,63.0,0.0,0.0,0.0,0.0,0.0,0.0,0.0,0.0,0.0,0.0,0.0,0.0,0.0,0.0,0.0,0.0,0.0,0.0,0.0,8.0,2.0,1.0
287,2.3882957999999994,0,8.3319,1.5414,0.9567,1.1409,0.0658,0.0016,0.0015,0.0003,0.0067,0.0125,0.002,0.0007,0.0073,0.0002,0.0014,0.0015,0.0001,0.0001,0.0079,0.0012,0.0004,0.0005,0.0001,0.0392,0.0052,0.0,0.0007,0.0,65.0,0.0,2.0,63.0,0.0,0.0,0.0,0.0,0.0,0.0,0.0,0.0,0.0,0.0,0.0,0.0,0.0,0.0,0.0,0.0,0.0,0.0,0.0,8.0,2.0,1.0
288,2.3966276999999994,0,8.3461,1.6244,1.0265,1.0833,0.0814,0.003,0.0016,0.0003,0.011,0.0187,0.0018,0.0008,0.0076,0.0002,0.0014,0.002,0.0001,0.0001,0.0083,0.0014,0.0008,0.0005,0.0,0.0484,0.0092,0.0001,0.0007,0.0,65.0,0.0,2.0,63.0,0.0,0.0,0.0,0.0,0.0,0.0,0.0,0.0,0.0,0.0,0.0,0.0,0.0,0.0,0.0,0.0,0.0,0.0,0.0,8.0,2.0,1.0
289,2.404973799999999,0,8.2418,1.6225,0.969,1.2196,0.0623,0.0011,0.0043,0.0003,0.004,0.012,0.0014,0.0011,0.0065,0.0001,0.0013,0.0019,0.0001,0.0002,0.0077,0.001,0.0004,0.001,0.0001,0.0384,0.0041,0.0,0.0008,0.0,65.0,0.0,2.0,63.0,0.0,0.0,0.0,0.0,0.0,0.0,0.0,0.0,0.0,0.0,0.0,0.0,0.0,0.0,0.0,0.0,0.0,0.0,0.0,8.0,2.0,1.0
290,2.413215599999999,0,8.3738,1.5555,0.889,1.1274,0.0716,0.0014,0.005,0.0004,0.0114,0.021,0.0015,0.0014,0.0065,0.0002,0.001,0.0012,0.0,0.0001,0.0068,0.0011,0.0005,0.0003,0.0,0.0456,0.0074,0.0,0.0008,0.0,65.0,0.0,2.0,63.0,0.0,0.0,0.0,0.0,0.0,0.0,0.0,0.0,0.0,0.0,0.0,0.0,0.0,0.0,0.0,0.0,0.0,0.0,0.0,8.0,2.0,1.0
291,2.4215893999999993,0,8.2731,1.5736,0.9559,1.0738,0.0733,0.0028,0.0017,0.0008,0.0057,0.0131,0.0015,0.0008,0.0078,0.0006,0.0016,0.0014,0.0001,0.0001,0.0083,0.0011,0.0005,0.0004,0.0,0.0424,0.0082,0.0001,0.0005,0.0,65.0,0.0,2.0,63.0,0.0,0.0,0.0,0.0,0.0,0.0,0.0,0.0,0.0,0.0,0.0,0.0,0.0,0.0,0.0,0.0,0.0,0.0,0.0,8.0,2.0,1.0
292,2.429862499999999,0,8.4522,1.5409,0.9444,1.1199,0.08,0.0028,0.0017,0.0003,0.0105,0.0175,0.0014,0.0008,0.0076,0.0006,0.0013,0.0014,0.0001,0.0002,0.0094,0.0013,0.0005,0.0004,0.0,0.048,0.0084,0.0001,0.0008,0.0,65.0,0.0,2.0,63.0,0.0,0.0,0.0,0.0,0.0,0.0,0.0,0.0,0.0,0.0,0.0,0.0,0.0,0.0,0.0,0.0,0.0,0.0,0.0,8.0,2.0,1.0
293,2.438314699999999,0,8.2228,1.6812,0.9338,1.0779,0.0636,0.0024,0.0018,0.0002,0.0056,0.0119,0.0013,0.0006,0.0061,0.0002,0.0012,0.0012,0.0001,0.0006,0.008,0.001,0.0005,0.0004,0.0,0.0378,0.0071,0.0001,0.001,0.0,65.0,0.0,2.0,63.0,0.0,0.0,0.0,0.0,0.0,0.0,0.0,0.0,0.0,0.0,0.0,0.0,0.0,0.0,0.0,0.0,0.0,0.0,0.0,8.0,2.0,1.0
294,2.446537499999999,0,8.4093,1.6921,0.9637,1.1478,0.0983,0.0037,0.002,0.0003,0.0268,0.0356,0.0024,0.0009,0.012,0.0001,0.0018,0.0013,0.0001,0.0002,0.0093,0.0012,0.0005,0.0005,0.0001,0.0699,0.0082,0.0001,0.0007,0.0,65.0,0.0,2.0,63.0,0.0,0.0,0.0,0.0,0.0,0.0,0.0,0.0,0.0,0.0,0.0,0.0,0.0,0.0,0.0,0.0,0.0,0.0,0.0,8.0,2.0,1.0
295,2.4549467999999988,0,8.2746,1.5231,0.9489,1.0809,0.067,0.0013,0.0022,0.0002,0.0042,0.0098,0.0019,0.0007,0.0076,0.0001,0.0014,0.0012,0.0,0.0002,0.0077,0.0012,0.0004,0.0005,0.0001,0.0368,0.0094,0.0,0.0008,0.0,65.0,0.0,2.0,63.0,0.0,0.0,0.0,0.0,0.0,0.0,0.0,0.0,0.0,0.0,0.0,0.0,0.0,0.0,0.0,0.0,0.0,0.0,0.0,8.0,2.0,1.0
296,2.463221399999999,0,8.3488,1.6064,0.9174,1.1323,0.066,0.0026,0.0012,0.0003,0.0094,0.0156,0.0014,0.0007,0.0065,0.0002,0.0012,0.0018,0.0001,0.0001,0.0072,0.0011,0.0004,0.0004,0.0,0.0405,0.0062,0.0001,0.0007,0.0,65.0,0.0,2.0,63.0,0.0,0.0,0.0,0.0,0.0,0.0,0.0,0.0,0.0,0.0,0.0,0.0,0.0,0.0,0.0,0.0,0.0,0.0,0.0,8.0,2.0,1.0
297,2.4715701999999986,0,8.2856,1.5902,0.9139,1.1017,0.0726,0.0019,0.0017,0.0003,0.0077,0.014,0.0016,0.0007,0.0074,0.0002,0.0014,0.0014,0.0,0.0,0.0085,0.0012,0.0005,0.0005,0.0001,0.0419,0.0084,0.0001,0.0004,0.0,65.0,0.0,2.0,63.0,0.0,0.0,0.0,0.0,0.0,0.0,0.0,0.0,0.0,0.0,0.0,0.0,0.0,0.0,0.0,0.0,0.0,0.0,0.0,8.0,2.0,1.0
298,2.4798557999999984,0,8.3767,1.5074,0.909,1.1431,0.0767,0.0035,0.0021,0.0003,0.012,0.02,0.0016,0.0008,0.0073,0.0002,0.0013,0.002,0.0,0.0001,0.008,0.0013,0.001,0.0004,0.0001,0.0486,0.0074,0.0001,0.0009,0.0,65.0,0.0,2.0,63.0,0.0,0.0,0.0,0.0,0.0,0.0,0.0,0.0,0.0,0.0,0.0,0.0,0.0,0.0,0.0,0.0,0.0,0.0,0.0,8.0,2.0,1.0
299,2.4882324999999983,0,8.3573,1.694,0.9398,1.108,0.0614,0.001,0.0031,0.0002,0.0048,0.0116,0.0014,0.0007,0.0066,0.0001,0.0018,0.0013,0.0,0.0001,0.0072,0.001,0.0009,0.0004,0.0,0.036,0.0069,0.0001,0.0009,0.0,65.0,0.0,2.0,63.0,0.0,0.0,0.0,0.0,0.0,0.0,0.0,0.0,0.0,0.0,0.0,0.0,0.0,0.0,0.0,0.0,0.0,0.0,0.0,8.0,2.0,1.0
300,2.4965897999999984,0,8.3847,1.6989,0.9535,1.1348,0.0761,0.0015,0.0016,0.0003,0.01,0.016,0.0015,0.0009,0.0077,0.0002,0.0014,0.002,0.0,0.0001,0.0077,0.0011,0.001,0.0004,0.0,0.0452,0.0087,0.0001,0.0008,0.0,65.0,0.0,2.0,63.0,0.0,0.0,0.0,0.0,0.0,0.0,0.0,0.0,0.0,0.0,0.0,0.0,0.0,0.0,0.0,0.0,0.0,0.0,0.0,8.0,2.0,1.0
301,2.5049744999999985,0,8.2072,1.6151,0.9619,1.1195,0.0665,0.0024,0.0011,0.0003,0.0051,0.0148,0.0014,0.0006,0.007,0.0002,0.0015,0.0012,0.0,0.0001,0.0082,0.001,0.0004,0.0004,0.0,0.0411,0.0065,0.0001,0.0009,0.0,65.0,0.0,2.0,63.0,0.0,0.0,0.0,0.0,0.0,0.0,0.0,0.0,0.0,0.0,0.0,0.0,0.0,0.0,0.0,0.0,0.0,0.0,0.0,8.0,2.0,1.0
302,2.5131816999999987,0,8.4587,1.6703,0.9441,1.1156,0.0734,0.0012,0.0019,0.0003,0.0114,0.017,0.0014,0.0009,0.0087,0.0002,0.0012,0.002,0.0001,0.0001,0.0077,0.0011,0.0008,0.0004,0.0,0.0451,0.0069,0.0001,0.0007,0.0,65.0,0.0,2.0,63.0,0.0,0.0,0.0,0.0,0.0,0.0,0.0,0.0,0.0,0.0,0.0,0.0,0.0,0.0,0.0,0.0,0.0,0.0,0.0,8.0,2.0,1.0
303,2.5216403999999986,0,8.2923,1.6075,0.9586,1.1075,0.071,0.0012,0.0024,0.0003,0.0083,0.0143,0.0015,0.0007,0.0071,0.0005,0.0014,0.0019,0.0,0.0001,0.0086,0.0011,0.0007,0.0004,0.0001,0.0428,0.0078,0.0001,0.0008,0.0,65.0,0.0,2.0,63.0,0.0,0.0,0.0,0.0,0.0,0.0,0.0,0.0,0.0,0.0,0.0,0.0,0.0,0.0,0.0,0.0,0.0,0.0,0.0,8.0,2.0,1.0
304,2.5299326999999985,0,8.3065,1.6438,0.9877,1.1247,0.0777,0.0028,0.0013,0.0003,0.0105,0.0172,0.0016,0.0008,0.0077,0.0002,0.0013,0.002,0.0,0.0001,0.0083,0.0013,0.0004,0.0006,0.0,0.0466,0.0089,0.0001,0.0007,0.0,65.0,0.0,2.0,63.0,0.0,0.0,0.0,0.0,0.0,0.0,0.0,0.0,0.0,0.0,0.0,0.0,0.0,0.0,0.0,0.0,0.0,0.0,0.0,8.0,2.0,1.0
305,2.5382391999999987,0,8.3408,1.6793,0.9093,1.0853,0.0666,0.0041,0.0016,0.0003,0.006,0.0138,0.0019,0.0006,0.0065,0.0002,0.0011,0.0018,0.0,0.0001,0.0077,0.0013,0.0004,0.0004,0.0,0.0389,0.0073,0.0,0.0008,0.0,65.0,0.0,2.0,63.0,0.0,0.0,0.0,0.0,0.0,0.0,0.0,0.0,0.0,0.0,0.0,0.0,0.0,0.0,0.0,0.0,0.0,0.0,0.0,8.0,2.0,1.0
306,2.5465799999999987,0,8.4296,1.7499,0.9821,1.1541,0.0834,0.0015,0.0053,0.0002,0.0129,0.0223,0.0017,0.0007,0.007,0.0001,0.0014,0.002,0.0,0.0001,0.0083,0.0012,0.0005,0.0005,0.0001,0.0506,0.0097,0.0,0.0009,0.0,65.0,0.0,2.0,63.0,0.0,0.0,0.0,0.0,0.0,0.0,0.0,0.0,0.0,0.0,0.0,0.0,0.0,0.0,0.0,0.0,0.0,0.0,0.0,8.0,2.0,1.0
307,2.5550095999999987,0,8.3164,1.5908,1.0667,1.1898,0.0731,0.004,0.0018,0.0004,0.0072,0.0157,0.0017,0.001,0.0076,0.0002,0.0019,0.0013,0.0001,0.0002,0.0086,0.0014,0.0005,0.0005,0.0001,0.0445,0.0049,0.0001,0.0011,0.0,65.0,0.0,2.0,63.0,0.0,0.0,0.0,0.0,0.0,0.0,0.0,0.0,0.0,0.0,0.0,0.0,0.0,0.0,0.0,0.0,0.0,0.0,0.0,8.0,2.0,1.0
308,2.5633259999999987,0,8.271,1.5722,0.9539,1.1665,0.0695,0.0011,0.0014,0.0002,0.0108,0.0154,0.0014,0.0012,0.0065,0.0001,0.0013,0.0013,0.0001,0.0,0.0081,0.001,0.0005,0.0004,0.0,0.0418,0.0073,0.0006,0.0007,0.0,65.0,0.0,2.0,63.0,0.0,0.0,0.0,0.0,0.0,0.0,0.0,0.0,0.0,0.0,0.0,0.0,0.0,0.0,0.0,0.0,0.0,0.0,0.0,8.0,2.0,1.0
309,2.571596999999999,0,8.3763,1.6538,1.0087,1.0006,0.0793,0.0016,0.0055,0.0002,0.0072,0.0177,0.0017,0.0011,0.0076,0.0002,0.0015,0.0019,0.0001,0.0001,0.008,0.0016,0.0005,0.0005,0.0,0.046,0.0097,0.0001,0.0007,0.0,65.0,0.0,2.0,63.0,0.0,0.0,0.0,0.0,0.0,0.0,0.0,0.0,0.0,0.0,0.0,0.0,0.0,0.0,0.0,0.0,0.0,0.0,0.0,8.0,2.0,1.0
310,2.579973299999999,0,8.2154,1.6109,0.9243,1.1564,0.0725,0.0027,0.0014,0.0003,0.0108,0.0173,0.0015,0.0007,0.0074,0.0002,0.0014,0.0012,0.0,0.0001,0.0079,0.0012,0.0005,0.0004,0.0,0.044,0.0076,0.0001,0.0008,0.0,65.0,0.0,2.0,63.0,0.0,0.0,0.0,0.0,0.0,0.0,0.0,0.0,0.0,0.0,0.0,0.0,0.0,0.0,0.0,0.0,0.0,0.0,0.0,8.0,2.0,1.0
311,2.588188699999999,0,8.3927,1.5636,0.857,1.1731,0.0649,0.0012,0.0014,0.0001,0.006,0.0112,0.0016,0.0007,0.0064,0.0002,0.0013,0.0015,0.0001,0.0001,0.0079,0.0011,0.0006,0.0005,0.0,0.0367,0.0077,0.0001,0.001,0.0,65.0,0.0,2.0,63.0,0.0,0.0,0.0,0.0,0.0,0.0,0.0,0.0,0.0,0.0,0.0,0.0,0.0,0.0,0.0,0.0,0.0,0.0,0.0,8.0,2.0,1.0
312,2.596581399999999,0,8.3202,1.5196,0.9653,1.0622,0.0737,0.0013,0.0018,0.0002,0.0118,0.0181,0.002,0.0008,0.0075,0.0002,0.0014,0.0016,0.0,0.0001,0.0078,0.0012,0.0004,0.0006,0.0,0.0447,0.008,0.0001,0.0008,0.0,65.0,0.0,2.0,63.0,0.0,0.0,0.0,0.0,0.0,0.0,0.0,0.0,0.0,0.0,0.0,0.0,0.0,0.0,0.0,0.0,0.0,0.0,0.0,8.0,2.0,1.0
313,2.604901599999999,0,8.2492,1.5753,0.8762,1.0778,0.0602,0.0013,0.0014,0.0002,0.0065,0.0114,0.0015,0.0006,0.0057,0.0002,0.0012,0.0019,0.0,0.0001,0.0078,0.0011,0.0005,0.0005,0.0,0.0368,0.0044,0.0,0.0004,0.0,65.0,0.0,2.0,63.0,0.0,0.0,0.0,0.0,0.0,0.0,0.0,0.0,0.0,0.0,0.0,0.0,0.0,0.0,0.0,0.0,0.0,0.0,0.0,8.0,2.0,1.0
314,2.6131507999999988,0,8.438,1.6253,0.8158,1.0922,0.0671,0.0014,0.0019,0.0001,0.0108,0.0163,0.0019,0.0006,0.0061,0.0001,0.0014,0.0017,0.0,0.0,0.0079,0.0009,0.0004,0.0004,0.0,0.0417,0.0073,0.0,0.0006,0.0,65.0,0.0,2.0,63.0,0.0,0.0,0.0,0.0,0.0,0.0,0.0,0.0,0.0,0.0,0.0,0.0,0.0,0.0,0.0,0.0,0.0,0.0,0.0,8.0,2.0,1.0
315,2.6215887999999987,0,8.2431,1.5456,0.9466,1.093,0.064,0.0027,0.0011,0.0002,0.0057,0.0121,0.0015,0.0008,0.0069,0.0001,0.0011,0.0014,0.0,0.0005,0.0076,0.0011,0.0004,0.0004,0.0,0.0389,0.0046,0.0001,0.0006,0.0,65.0,0.0,2.0,63.0,0.0,0.0,0.0,0.0,0.0,0.0,0.0,0.0,0.0,0.0,0.0,0.0,0.0,0.0,0.0,0.0,0.0,0.0,0.0,8.0,2.0,1.0
316,2.629831899999999,0,8.3816,1.7211,0.8873,1.1522,0.0734,0.0028,0.0014,0.0002,0.0109,0.0173,0.0017,0.0007,0.007,0.0001,0.0019,0.0016,0.0001,0.0001,0.008,0.0014,0.0005,0.0005,0.0,0.0448,0.0075,0.0,0.0007,0.0,65.0,0.0,2.0,63.0,0.0,0.0,0.0,0.0,0.0,0.0,0.0,0.0,0.0,0.0,0.0,0.0,0.0,0.0,0.0,0.0,0.0,0.0,0.0,8.0,2.0,1.0
317,2.6382134999999987,0,8.3348,1.6448,0.8813,1.1854,0.0646,0.0024,0.0013,0.0002,0.0037,0.0128,0.0019,0.0007,0.0071,0.0002,0.0018,0.0013,0.0,0.0001,0.0074,0.001,0.0004,0.0004,0.0,0.0383,0.0068,0.0,0.0009,0.0,65.0,0.0,2.0,63.0,0.0,0.0,0.0,0.0,0.0,0.0,0.0,0.0,0.0,0.0,0.0,0.0,0.0,0.0,0.0,0.0,0.0,0.0,0.0,8.0,2.0,1.0
318,2.6465482999999987,0,8.3973,1.6633,0.908,1.0826,0.0677,0.0012,0.0034,0.0001,0.0106,0.0174,0.0014,0.0007,0.0065,0.0002,0.0011,0.0017,0.0,0.0001,0.0078,0.001,0.0004,0.0003,0.0001,0.043,0.0068,0.0,0.0008,0.0,65.0,0.0,2.0,63.0,0.0,0.0,0.0,0.0,0.0,0.0,0.0,0.0,0.0,0.0,0.0,0.0,0.0,0.0,0.0,0.0,0.0,0.0,0.0,8.0,2.0,1.0
319,2.6549455999999987,0,8.3128,1.6112,0.9853,1.0795,0.0684,0.0011,0.0016,0.0002,0.0046,0.0101,0.0015,0.0009,0.0071,0.0002,0.0018,0.0013,0.0,0.0001,0.0083,0.0014,0.0004,0.0005,0.0,0.0383,0.0082,0.0001,0.0008,0.0,65.0,0.0,2.0,63.0,0.0,0.0,0.0,0.0,0.0,0.0,0.0,0.0,0.0,0.0,0.0,0.0,0.0,0.0,0.0,0.0,0.0,0.0,0.0,8.0,2.0,1.0
320,2.663258399999999,0,8.4293,1.6292,0.9645,1.1659,0.0808,0.0021,0.0041,0.0003,0.0103,0.02,0.0015,0.0007,0.0067,0.0002,0.0016,0.002,0.0001,0.0002,0.0082,0.0017,0.0005,0.0005,0.0,0.0484,0.0094,0.0,0.0007,0.0,65.0,0.0,2.0,63.0,0.0,0.0,0.0,0.0,0.0,0.0,0.0,0.0,0.0,0.0,0.0,0.0,0.0,0.0,0.0,0.0,0.0,0.0,0.0,8.0,2.0,1.0
321,2.6716876999999988,0,8.2049,1.58,0.9939,1.094,0.0676,0.0027,0.0015,0.0003,0.0053,0.0117,0.0017,0.0007,0.0073,0.0001,0.0013,0.0018,0.0,0.0001,0.0079,0.0017,0.0005,0.0003,0.0001,0.0393,0.0075,0.0001,0.0007,0.0,65.0,0.0,2.0,63.0,0.0,0.0,0.0,0.0,0.0,0.0,0.0,0.0,0.0,0.0,0.0,0.0,0.0,0.0,0.0,0.0,0.0,0.0,0.0,8.0,2.0,1.0
322,2.6798925999999987,0,8.2692,1.4823,0.8843,1.181,0.0796,0.0022,0.005,0.0002,0.0121,0.0217,0.0021,0.0008,0.0091,0.0002,0.0014,0.0013,0.0001,0.0001,0.0076,0.0014,0.0005,0.0004,0.0001,0.0504,0.0089,0.0001,0.0006,0.0,65.0,0.0,2.0,63.0,0.0,0.0,0.0,0.0,0.0,0.0,0.0,0.0,0.0,0.0,0.0,0.0,0.0,0.0,0.0,0.0,0.0,0.0,0.0,8.0,2.0,1.0
323,2.6881617999999987,0,8.426,1.4865,0.8358,1.1205,0.0652,0.0012,0.0018,0.0002,0.0069,0.0121,0.0017,0.0007,0.0069,0.0002,0.0017,0.0012,0.0,0.0001,0.0081,0.0016,0.0005,0.0004,0.0,0.0388,0.0071,0.0001,0.0008,0.0,65.0,0.0,2.0,63.0,0.0,0.0,0.0,0.0,0.0,0.0,0.0,0.0,0.0,0.0,0.0,0.0,0.0,0.0,0.0,0.0,0.0,0.0,0.0,8.0,2.0,1.0
324,2.6965877999999988,0,8.3635,1.6482,0.9725,1.0994,0.0752,0.003,0.0014,0.0002,0.0116,0.0189,0.0016,0.0007,0.0072,0.0002,0.0011,0.0018,0.0001,0.0001,0.0081,0.0012,0.0009,0.0005,0.0,0.0463,0.0074,0.0001,0.0009,0.0,65.0,0.0,2.0,63.0,0.0,0.0,0.0,0.0,0.0,0.0,0.0,0.0,0.0,0.0,0.0,0.0,0.0,0.0,0.0,0.0,0.0,0.0,0.0,8.0,2.0,1.0
325,2.704951299999999,0,8.3676,1.5656,1.0164,1.0652,0.0757,0.0018,0.0041,0.0003,0.0071,0.0155,0.0021,0.0007,0.0079,0.0002,0.0019,0.0017,0.0,0.0001,0.0085,0.0012,0.0009,0.0006,0.0,0.0448,0.0076,0.0001,0.0007,0.0,65.0,0.0,2.0,63.0,0.0,0.0,0.0,0.0,0.0,0.0,0.0,0.0,0.0,0.0,0.0,0.0,0.0,0.0,0.0,0.0,0.0,0.0,0.0,8.0,2.0,1.0
326,2.713318899999999,0,8.2582,1.5664,0.9419,1.1346,0.0761,0.0013,0.0048,0.0008,0.0113,0.0208,0.0015,0.0008,0.0072,0.0002,0.0014,0.0017,0.0,0.0001,0.0082,0.0011,0.0007,0.0004,0.0,0.0478,0.0072,0.0001,0.0007,0.0,65.0,0.0,2.0,63.0,0.0,0.0,0.0,0.0,0.0,0.0,0.0,0.0,0.0,0.0,0.0,0.0,0.0,0.0,0.0,0.0,0.0,0.0,0.0,8.0,2.0,1.0
327,2.7215770999999993,0,8.3405,1.6074,0.9384,1.1644,0.0638,0.0012,0.0015,0.0002,0.0041,0.0091,0.0016,0.0006,0.007,0.0002,0.0013,0.0014,0.0,0.0001,0.0084,0.0012,0.0004,0.0004,0.0,0.0356,0.0085,0.0,0.0007,0.0,65.0,0.0,2.0,63.0,0.0,0.0,0.0,0.0,0.0,0.0,0.0,0.0,0.0,0.0,0.0,0.0,0.0,0.0,0.0,0.0,0.0,0.0,0.0,8.0,2.0,1.0
328,2.7299175999999994,0,8.3627,1.584,0.9603,1.1971,0.0743,0.0029,0.0014,0.0001,0.01,0.0168,0.0014,0.0013,0.0072,0.0002,0.0014,0.0019,0.0001,0.0001,0.0083,0.001,0.0007,0.0004,0.0,0.0445,0.0068,0.0001,0.0008,0.0,65.0,0.0,2.0,63.0,0.0,0.0,0.0,0.0,0.0,0.0,0.0,0.0,0.0,0.0,0.0,0.0,0.0,0.0,0.0,0.0,0.0,0.0,0.0,8.0,2.0,1.0
329,2.7382802999999996,0,8.2952,1.6715,0.9388,1.0313,0.07,0.0014,0.0016,0.0002,0.0072,0.0134,0.0014,0.0006,0.0066,0.0002,0.0013,0.0017,0.0,0.0001,0.0088,0.0011,0.0005,0.0005,0.0001,0.0405,0.008,0.0001,0.0009,0.0,65.0,0.0,2.0,63.0,0.0,0.0,0.0,0.0,0.0,0.0,0.0,0.0,0.0,0.0,0.0,0.0,0.0,0.0,0.0,0.0,0.0,0.0,0.0,8.0,2.0,1.0
330,2.7465754999999996,0,8.3599,1.61,0.9375,1.2137,0.0872,0.0025,0.0016,0.0002,0.0237,0.0303,0.0017,0.0006,0.0096,0.0001,0.0014,0.0016,0.0,0.0001,0.0081,0.0012,0.0004,0.0004,0.0001,0.0591,0.0079,0.0001,0.0008,0.0,65.0,0.0,2.0,63.0,0.0,0.0,0.0,0.0,0.0,0.0,0.0,0.0,0.0,0.0,0.0,0.0,0.0,0.0,0.0,0.0,0.0,0.0,0.0,8.0,2.0,1.0
331,2.7549353999999995,0,8.339,1.5343,0.9675,1.1643,0.0739,0.001,0.0017,0.0003,0.0037,0.013,0.0015,0.0006,0.0101,0.0001,0.0013,0.002,0.0001,0.0001,0.0098,0.001,0.0005,0.0004,0.0001,0.0446,0.0085,0.0001,0.0009,0.0,65.0,0.0,2.0,63.0,0.0,0.0,0.0,0.0,0.0,0.0,0.0,0.0,0.0,0.0,0.0,0.0,0.0,0.0,0.0,0.0,0.0,0.0,0.0,8.0,2.0,1.0
332,2.7632743999999994,0,8.5431,1.6559,1.0553,1.4459,0.079,0.0011,0.0021,0.0003,0.0117,0.0171,0.0015,0.0008,0.0083,0.0002,0.0016,0.0022,0.0001,0.0001,0.0087,0.0014,0.0005,0.0004,0.0,0.0489,0.0084,0.0,0.0009,0.0,65.0,0.0,2.0,63.0,0.0,0.0,0.0,0.0,0.0,0.0,0.0,0.0,0.0,0.0,0.0,0.0,0.0,0.0,0.0,0.0,0.0,0.0,0.0,8.0,2.0,1.0
333,2.771817499999999,0,8.1815,1.7846,1.1295,1.322,0.0866,0.0048,0.002,0.0002,0.0073,0.0169,0.0022,0.001,0.0087,0.0002,0.0019,0.0023,0.0001,0.0001,0.0101,0.0014,0.0005,0.0007,0.0,0.0504,0.009,0.0,0.0007,0.0,65.0,0.0,2.0,63.0,0.0,0.0,0.0,0.0,0.0,0.0,0.0,0.0,0.0,0.0,0.0,0.0,0.0,0.0,0.0,0.0,0.0,0.0,0.0,8.0,2.0,1.0
334,2.779998999999999,0,8.2581,1.7216,0.9928,1.2983,0.0781,0.0026,0.0015,0.0003,0.0123,0.0194,0.0021,0.0007,0.0072,0.0002,0.002,0.0015,0.0001,0.0001,0.0088,0.001,0.0005,0.0004,0.0001,0.0476,0.008,0.0,0.0007,0.0,65.0,0.0,2.0,63.0,0.0,0.0,0.0,0.0,0.0,0.0,0.0,0.0,0.0,0.0,0.0,0.0,0.0,0.0,0.0,0.0,0.0,0.0,0.0,8.0,2.0,1.0
335,2.788257099999999,0,8.3302,1.7186,0.9046,1.1225,0.0714,0.004,0.0018,0.0004,0.0056,0.014,0.0014,0.0007,0.0072,0.0002,0.0012,0.0014,0.0,0.0001,0.0084,0.0011,0.0005,0.0006,0.0001,0.042,0.0074,0.0,0.0005,0.0,65.0,0.0,2.0,63.0,0.0,0.0,0.0,0.0,0.0,0.0,0.0,0.0,0.0,0.0,0.0,0.0,0.0,0.0,0.0,0.0,0.0,0.0,0.0,8.0,2.0,1.0
336,2.796587299999999,0,8.3778,1.7266,0.9648,1.1057,0.0798,0.0027,0.0016,0.0003,0.0124,0.0199,0.0016,0.0007,0.0068,0.0001,0.0015,0.0014,0.0001,0.0001,0.0086,0.0012,0.0004,0.0005,0.0,0.0479,0.0081,0.0001,0.0008,0.0,65.0,0.0,2.0,63.0,0.0,0.0,0.0,0.0,0.0,0.0,0.0,0.0,0.0,0.0,0.0,0.0,0.0,0.0,0.0,0.0,0.0,0.0,0.0,8.0,2.0,1.0
337,2.804965099999999,0,8.3272,1.5707,0.9961,1.3272,0.0655,0.0026,0.0012,0.0002,0.006,0.0121,0.0014,0.0007,0.0059,0.0002,0.0013,0.0016,0.0001,0.0002,0.0084,0.001,0.0008,0.0006,0.0001,0.0393,0.0046,0.0,0.0007,0.0,65.0,0.0,2.0,63.0,0.0,0.0,0.0,0.0,0.0,0.0,0.0,0.0,0.0,0.0,0.0,0.0,0.0,0.0,0.0,0.0,0.0,0.0,0.0,8.0,2.0,1.0
338,2.813292299999999,0,8.3159,1.6631,0.9342,1.1726,0.074,0.0014,0.0049,0.0004,0.0114,0.0213,0.0014,0.0011,0.0062,0.0001,0.0012,0.0012,0.0001,0.0001,0.0079,0.0011,0.0004,0.0008,0.0,0.0468,0.0068,0.0001,0.0006,0.0,65.0,0.0,2.0,63.0,0.0,0.0,0.0,0.0,0.0,0.0,0.0,0.0,0.0,0.0,0.0,0.0,0.0,0.0,0.0,0.0,0.0,0.0,0.0,8.0,2.0,1.0
339,2.821608199999999,0,8.2901,1.6043,0.9836,1.155,0.0689,0.0012,0.0048,0.0003,0.0046,0.0131,0.0015,0.0008,0.0073,0.0002,0.0013,0.0019,0.0,0.0001,0.0073,0.0012,0.001,0.0004,0.0,0.0398,0.0073,0.0,0.0004,0.0,65.0,0.0,2.0,63.0,0.0,0.0,0.0,0.0,0.0,0.0,0.0,0.0,0.0,0.0,0.0,0.0,0.0,0.0,0.0,0.0,0.0,0.0,0.0,8.0,2.0,1.0
340,2.829898299999999,0,8.3918,1.6291,0.9102,1.111,0.0816,0.0012,0.0049,0.0003,0.0122,0.0214,0.0016,0.0014,0.0079,0.0001,0.0014,0.0018,0.0001,0.0001,0.0084,0.0017,0.0006,0.0004,0.0001,0.0502,0.0085,0.0001,0.0008,0.0,65.0,0.0,2.0,63.0,0.0,0.0,0.0,0.0,0.0,0.0,0.0,0.0,0.0,0.0,0.0,0.0,0.0,0.0,0.0,0.0,0.0,0.0,0.0,8.0,2.0,1.0
341,2.838290099999999,0,8.3209,1.7093,0.9182,1.1943,0.0652,0.0017,0.0049,0.0003,0.0051,0.0138,0.0014,0.0007,0.0063,0.0002,0.0011,0.0013,0.0,0.0001,0.008,0.001,0.0005,0.0004,0.0,0.0391,0.0067,0.0002,0.0007,0.0,65.0,0.0,2.0,63.0,0.0,0.0,0.0,0.0,0.0,0.0,0.0,0.0,0.0,0.0,0.0,0.0,0.0,0.0,0.0,0.0,0.0,0.0,0.0,8.0,2.0,1.0
342,2.8466109999999993,0,8.2401,1.6113,0.975,1.2493,0.0723,0.0016,0.0018,0.0002,0.0103,0.0162,0.0016,0.0008,0.0065,0.0002,0.0012,0.0013,0.0001,0.0001,0.0082,0.0011,0.0004,0.0004,0.0,0.0424,0.0085,0.0001,0.0006,0.0,65.0,0.0,2.0,63.0,0.0,0.0,0.0,0.0,0.0,0.0,0.0,0.0,0.0,0.0,0.0,0.0,0.0,0.0,0.0,0.0,0.0,0.0,0.0,8.0,2.0,1.0
343,2.8548510999999994,0,8.4024,1.5571,0.8876,1.0605,0.0653,0.0035,0.002,0.0002,0.0063,0.0141,0.0014,0.0008,0.0066,0.0001,0.0012,0.0013,0.0,0.0001,0.0083,0.0011,0.0005,0.0005,0.0,0.0404,0.0042,0.0,0.0009,0.0,65.0,0.0,2.0,63.0,0.0,0.0,0.0,0.0,0.0,0.0,0.0,0.0,0.0,0.0,0.0,0.0,0.0,0.0,0.0,0.0,0.0,0.0,0.0,8.0,2.0,1.0
344,2.8632534999999995,0,8.3796,1.541,0.9531,1.1545,0.0752,0.0035,0.0015,0.0002,0.0108,0.0189,0.0015,0.0013,0.0069,0.0001,0.0012,0.0012,0.0001,0.0001,0.0077,0.0011,0.0005,0.0008,0.0001,0.0458,0.0084,0.0001,0.0009,0.0,65.0,0.0,2.0,63.0,0.0,0.0,0.0,0.0,0.0,0.0,0.0,0.0,0.0,0.0,0.0,0.0,0.0,0.0,0.0,0.0,0.0,0.0,0.0,8.0,2.0,1.0
345,2.8716330999999995,0,8.2729,1.6502,0.956,1.1923,0.0705,0.003,0.0022,0.0003,0.0058,0.0135,0.0017,0.0013,0.0074,0.0002,0.0014,0.0014,0.0001,0.0001,0.0088,0.0017,0.0005,0.0004,0.0,0.0417,0.0079,0.0,0.0006,0.0,65.0,0.0,2.0,63.0,0.0,0.0,0.0,0.0,0.0,0.0,0.0,0.0,0.0,0.0,0.0,0.0,0.0,0.0,0.0,0.0,0.0,0.0,0.0,8.0,2.0,1.0
346,2.8799059999999996,0,8.3099,1.5629,0.9275,1.0844,0.0724,0.0025,0.0019,0.0002,0.0111,0.0185,0.0019,0.0008,0.0074,0.0001,0.0016,0.0012,0.0001,0.0001,0.0081,0.0012,0.0004,0.0005,0.0,0.0454,0.0067,0.0001,0.0007,0.0,65.0,0.0,2.0,63.0,0.0,0.0,0.0,0.0,0.0,0.0,0.0,0.0,0.0,0.0,0.0,0.0,0.0,0.0,0.0,0.0,0.0,0.0,0.0,8.0,2.0,1.0
347,2.8882158999999996,0,8.3625,1.6331,0.8938,1.0698,0.0666,0.0026,0.0014,0.0003,0.004,0.0116,0.0014,0.0007,0.0075,0.0001,0.0012,0.0014,0.0001,0.0001,0.0096,0.0011,0.0004,0.0004,0.0001,0.0396,0.0079,0.0,0.0008,0.0,65.0,0.0,2.0,63.0,0.0,0.0,0.0,0.0,0.0,0.0,0.0,0.0,0.0,0.0,0.0,0.0,0.0,0.0,0.0,0.0,0.0,0.0,0.0,8.0,2.0,1.0
348,2.8965783999999997,0,8.4323,1.6674,0.9883,1.1506,0.079,0.0018,0.0019,0.0009,0.0121,0.019,0.0016,0.0009,0.007,0.0002,0.0014,0.0019,0.0001,0.0001,0.0089,0.0013,0.0005,0.0005,0.0,0.0472,0.0085,0.0001,0.0008,0.0,65.0,0.0,2.0,63.0,0.0,0.0,0.0,0.0,0.0,0.0,0.0,0.0,0.0,0.0,0.0,0.0,0.0,0.0,0.0,0.0,0.0,0.0,0.0,8.0,2.0,1.0
349,2.9050106999999996,0,8.2534,1.6254,0.9784,1.2866,0.0744,0.0036,0.0018,0.0003,0.0059,0.0141,0.0022,0.0008,0.0078,0.0002,0.0016,0.0017,0.0001,0.0002,0.0092,0.0012,0.001,0.0005,0.0,0.0441,0.0083,0.0001,0.0006,0.0,65.0,0.0,2.0,63.0,0.0,0.0,0.0,0.0,0.0,0.0,0.0,0.0,0.0,0.0,0.0,0.0,0.0,0.0,0.0,0.0,0.0,0.0,0.0,8.0,2.0,1.0
350,2.9132640999999997,0,8.4258,1.6888,1.0227,1.0757,0.0825,0.0013,0.0041,0.0003,0.0121,0.0204,0.0022,0.0008,0.0092,0.0002,0.0014,0.0019,0.0001,0.0001,0.0085,0.0012,0.0005,0.0006,0.0,0.0518,0.0083,0.0001,0.0009,0.0,65.0,0.0,2.0,63.0,0.0,0.0,0.0,0.0,0.0,0.0,0.0,0.0,0.0,0.0,0.0,0.0,0.0,0.0,0.0,0.0,0.0,0.0,0.0,8.0,2.0,1.0
351,2.9216898999999996,0,8.1644,1.5494,0.9437,1.1178,0.0744,0.0043,0.0017,0.0002,0.006,0.015,0.0016,0.0007,0.0079,0.0002,0.0016,0.0014,0.0,0.0001,0.0087,0.0012,0.0004,0.0004,0.0001,0.0436,0.0082,0.0,0.0005,0.0,65.0,0.0,2.0,63.0,0.0,0.0,0.0,0.0,0.0,0.0,0.0,0.0,0.0,0.0,0.0,0.0,0.0,0.0,0.0,0.0,0.0,0.0,0.0,8.0,2.0,1.0
352,2.9298542999999997,0,8.4046,1.6371,0.8958,1.0905,0.0759,0.0013,0.0047,0.0002,0.0112,0.0195,0.0015,0.0008,0.0063,0.0002,0.0013,0.0018,0.0001,0.0001,0.0078,0.0012,0.0004,0.0005,0.0001,0.0459,0.0079,0.0001,0.0008,0.0,65.0,0.0,2.0,63.0,0.0,0.0,0.0,0.0,0.0,0.0,0.0,0.0,0.0,0.0,0.0,0.0,0.0,0.0,0.0,0.0,0.0,0.0,0.0,8.0,2.0,1.0
353,2.9382588999999997,0,8.3198,1.703,0.9444,1.2121,0.0765,0.0035,0.0021,0.0001,0.006,0.0142,0.0018,0.0009,0.008,0.0002,0.0019,0.0015,0.0,0.0001,0.0083,0.0014,0.0005,0.0005,0.0001,0.0438,0.0082,0.0001,0.0007,0.0,65.0,0.0,2.0,63.0,0.0,0.0,0.0,0.0,0.0,0.0,0.0,0.0,0.0,0.0,0.0,0.0,0.0,0.0,0.0,0.0,0.0,0.0,0.0,8.0,2.0,1.0
354,2.9465787,0,8.4446,1.6846,0.9823,1.0584,0.075,0.0029,0.0014,0.0003,0.0109,0.0176,0.0016,0.0007,0.0065,0.0002,0.0014,0.0019,0.0,0.0002,0.0077,0.0012,0.0004,0.0005,0.0,0.0443,0.0079,0.0001,0.0009,0.0,65.0,0.0,2.0,63.0,0.0,0.0,0.0,0.0,0.0,0.0,0.0,0.0,0.0,0.0,0.0,0.0,0.0,0.0,0.0,0.0,0.0,0.0,0.0,8.0,2.0,1.0
355,2.9550232999999997,0,8.2436,1.5809,0.9851,1.1015,0.067,0.0025,0.0012,0.0002,0.0055,0.0127,0.002,0.0007,0.007,0.0001,0.0014,0.0013,0.0001,0.0001,0.0079,0.0011,0.0005,0.0005,0.0001,0.039,0.0076,0.0001,0.0006,0.0,65.0,0.0,2.0,63.0,0.0,0.0,0.0,0.0,0.0,0.0,0.0,0.0,0.0,0.0,0.0,0.0,0.0,0.0,0.0,0.0,0.0,0.0,0.0,8.0,2.0,1.0
356,2.9632669,0,8.3848,1.6152,0.9492,1.154,0.0716,0.0011,0.0043,0.0002,0.0102,0.0183,0.0013,0.0008,0.0065,0.0001,0.0017,0.0011,0.0001,0.0001,0.0081,0.0012,0.0005,0.0004,0.0001,0.0444,0.0072,0.0001,0.0009,0.0,65.0,0.0,2.0,63.0,0.0,0.0,0.0,0.0,0.0,0.0,0.0,0.0,0.0,0.0,0.0,0.0,0.0,0.0,0.0,0.0,0.0,0.0,0.0,8.0,2.0,1.0
357,2.9716517,0,8.2593,1.6118,0.9772,1.173,0.06,0.0023,0.0014,0.0003,0.0049,0.0111,0.0013,0.0006,0.0061,0.0001,0.0014,0.0011,0.0001,0.0002,0.008,0.0016,0.0005,0.0004,0.0001,0.0356,0.0068,0.0,0.0008,0.0,65.0,0.0,2.0,63.0,0.0,0.0,0.0,0.0,0.0,0.0,0.0,0.0,0.0,0.0,0.0,0.0,0.0,0.0,0.0,0.0,0.0,0.0,0.0,8.0,2.0,1.0
358,2.979911,0,8.2623,1.5602,0.9153,1.1013,0.0704,0.0012,0.0025,0.0007,0.0114,0.0181,0.0017,0.0008,0.0083,0.0002,0.0011,0.001,0.0,0.0005,0.0073,0.0012,0.0005,0.0004,0.0,0.0448,0.007,0.0001,0.0005,0.0,65.0,0.0,2.0,63.0,0.0,0.0,0.0,0.0,0.0,0.0,0.0,0.0,0.0,0.0,0.0,0.0,0.0,0.0,0.0,0.0,0.0,0.0,0.0,8.0,2.0,1.0
359,2.9881733,0,8.3623,1.5179,0.8488,1.1055,0.0683,0.0032,0.0015,0.0003,0.0053,0.0125,0.0016,0.0006,0.007,0.0006,0.0014,0.001,0.0001,0.0005,0.0074,0.0013,0.0004,0.0004,0.0001,0.039,0.0082,0.0002,0.0008,0.0,65.0,0.0,2.0,63.0,0.0,0.0,0.0,0.0,0.0,0.0,0.0,0.0,0.0,0.0,0.0,0.0,0.0,0.0,0.0,0.0,0.0,0.0,0.0,8.0,2.0,1.0
360,2.9965356,0,8.5337,1.72,0.994,1.1554,0.082,0.0037,0.0016,0.0004,0.0125,0.0214,0.0015,0.0008,0.0077,0.0002,0.0015,0.0019,0.0001,0.0001,0.0083,0.0017,0.0004,0.0006,0.0,0.0501,0.0085,0.0001,0.0007,0.0,65.0,0.0,2.0,63.0,0.0,0.0,0.0,0.0,0.0,0.0,0.0,0.0,0.0,0.0,0.0,0.0,0.0,0.0,0.0,0.0,0.0,0.0,0.0,8.0,2.0,1.0
361,3.0050693,0,8.1547,1.6753,0.9997,1.1458,0.0687,0.0027,0.0015,0.0004,0.0056,0.0132,0.0016,0.0007,0.0067,0.0001,0.0015,0.0021,0.0001,0.0001,0.0088,0.0016,0.0005,0.0004,0.0001,0.0412,0.0052,0.0001,0.0009,0.0,65.0,0.0,2.0,63.0,0.0,0.0,0.0,0.0,0.0,0.0,0.0,0.0,0.0,0.0,0.0,0.0,0.0,0.0,0.0,0.0,0.0,0.0,0.0,8.0,2.0,1.0
362,3.013224,0,8.3162,1.6255,0.8601,1.1162,0.0711,0.0011,0.0021,0.0002,0.0112,0.0168,0.0021,0.0007,0.0073,0.0001,0.0013,0.0015,0.0001,0.0002,0.0081,0.0012,0.0004,0.0004,0.0,0.0436,0.0076,0.0001,0.0011,0.0,65.0,0.0,2.0,63.0,0.0,0.0,0.0,0.0,0.0,0.0,0.0,0.0,0.0,0.0,0.0,0.0,0.0,0.0,0.0,0.0,0.0,0.0,0.0,8.0,2.0,1.0
363,3.0215402,0,8.4008,1.5642,0.9406,1.1133,0.068,0.0018,0.0019,0.0002,0.004,0.0103,0.0022,0.0007,0.0073,0.0001,0.0019,0.0012,0.0,0.0001,0.0083,0.0013,0.0003,0.0006,0.0001,0.038,0.0092,0.0001,0.0009,0.0,65.0,0.0,2.0,63.0,0.0,0.0,0.0,0.0,0.0,0.0,0.0,0.0,0.0,0.0,0.0,0.0,0.0,0.0,0.0,0.0,0.0,0.0,0.0,8.0,2.0,1.0
364,3.029941,0,8.2541,1.5817,0.9129,1.2579,0.0726,0.0041,0.0014,0.0003,0.0102,0.018,0.0018,0.0008,0.0069,0.0002,0.0013,0.0018,0.0001,0.0,0.0084,0.0011,0.0004,0.0005,0.0001,0.0442,0.0076,0.0,0.0007,0.0,65.0,0.0,2.0,63.0,0.0,0.0,0.0,0.0,0.0,0.0,0.0,0.0,0.0,0.0,0.0,0.0,0.0,0.0,0.0,0.0,0.0,0.0,0.0,8.0,2.0,1.0
365,3.0381951,0,8.3613,1.6305,0.8561,1.1638,0.0641,0.0023,0.0012,0.0003,0.0059,0.0117,0.0014,0.0006,0.0066,0.0002,0.0013,0.0021,0.0001,0.0,0.0083,0.0015,0.0006,0.0005,0.0,0.0388,0.0046,0.0001,0.0006,0.0,65.0,0.0,2.0,63.0,0.0,0.0,0.0,0.0,0.0,0.0,0.0,0.0,0.0,0.0,0.0,0.0,0.0,0.0,0.0,0.0,0.0,0.0,0.0,8.0,2.0,1.0
366,3.0465563999999996,0,8.3211,1.7143,0.9104,1.1851,0.0707,0.0012,0.0017,0.0003,0.0094,0.0149,0.0016,0.0006,0.0062,0.0002,0.0013,0.0013,0.0001,0.0006,0.0082,0.0012,0.0005,0.0005,0.0001,0.0418,0.009,0.0001,0.0007,0.0,65.0,0.0,2.0,63.0,0.0,0.0,0.0,0.0,0.0,0.0,0.0,0.0,0.0,0.0,0.0,0.0,0.0,0.0,0.0,0.0,0.0,0.0,0.0,8.0,2.0,1.0
367,3.0548774999999995,0,8.3193,1.4189,0.8927,1.18,0.0627,0.0024,0.0012,0.0003,0.0052,0.0117,0.0014,0.0006,0.0056,0.0002,0.0013,0.0015,0.0001,0.0001,0.0079,0.001,0.0004,0.0009,0.0001,0.0364,0.0069,0.0001,0.001,0.0,65.0,0.0,2.0,63.0,0.0,0.0,0.0,0.0,0.0,0.0,0.0,0.0,0.0,0.0,0.0,0.0,0.0,0.0,0.0,0.0,0.0,0.0,0.0,8.0,2.0,1.0
368,3.0631967999999996,0,8.3637,1.637,0.876,1.1241,0.0704,0.0014,0.0021,0.0002,0.009,0.015,0.0016,0.0013,0.0069,0.0002,0.0014,0.0018,0.0001,0.0002,0.008,0.0012,0.0004,0.0005,0.0001,0.0425,0.008,0.0001,0.0007,0.0,65.0,0.0,2.0,63.0,0.0,0.0,0.0,0.0,0.0,0.0,0.0,0.0,0.0,0.0,0.0,0.0,0.0,0.0,0.0,0.0,0.0,0.0,0.0,8.0,2.0,1.0
369,3.0715604999999995,0,8.3454,1.5906,0.9335,1.0867,0.0696,0.0012,0.0052,0.0003,0.0039,0.0131,0.0015,0.0006,0.0074,0.0002,0.0012,0.0012,0.0,0.0001,0.0076,0.0012,0.0005,0.0009,0.0001,0.0409,0.0082,0.0,0.0007,0.0,65.0,0.0,2.0,63.0,0.0,0.0,0.0,0.0,0.0,0.0,0.0,0.0,0.0,0.0,0.0,0.0,0.0,0.0,0.0,0.0,0.0,0.0,0.0,8.0,2.0,1.0
370,3.0799058999999995,0,8.2324,1.5774,0.869,1.2163,0.0625,0.001,0.0013,0.0002,0.0087,0.0128,0.0013,0.0006,0.0065,0.0002,0.0016,0.0011,0.0001,0.0001,0.0072,0.0009,0.0009,0.0004,0.0,0.0368,0.0075,0.0001,0.0007,0.0,65.0,0.0,2.0,63.0,0.0,0.0,0.0,0.0,0.0,0.0,0.0,0.0,0.0,0.0,0.0,0.0,0.0,0.0,0.0,0.0,0.0,0.0,0.0,8.0,2.0,1.0
371,3.0881382999999993,0,8.3906,1.5758,0.8323,1.2184,0.0621,0.0032,0.0015,0.0004,0.006,0.0136,0.0015,0.0005,0.0061,0.0002,0.0011,0.0013,0.0,0.0001,0.0077,0.001,0.0005,0.0005,0.0,0.0382,0.0044,0.0001,0.0007,0.0,65.0,0.0,2.0,63.0,0.0,0.0,0.0,0.0,0.0,0.0,0.0,0.0,0.0,0.0,0.0,0.0,0.0,0.0,0.0,0.0,0.0,0.0,0.0,8.0,2.0,1.0
372,3.096528899999999,0,8.4128,1.6721,0.902,1.1617,0.0735,0.0029,0.0013,0.0003,0.0117,0.0182,0.0015,0.0007,0.0064,0.0002,0.0014,0.0019,0.0001,0.0001,0.0078,0.0012,0.0009,0.0005,0.0,0.0446,0.0078,0.0,0.0008,0.0,65.0,0.0,2.0,63.0,0.0,0.0,0.0,0.0,0.0,0.0,0.0,0.0,0.0,0.0,0.0,0.0,0.0,0.0,0.0,0.0,0.0,0.0,0.0,8.0,2.0,1.0
373,3.104941699999999,0,8.1958,1.5693,0.9183,1.0918,0.0597,0.0027,0.0012,0.0003,0.0053,0.0113,0.0018,0.0005,0.0061,0.0002,0.0013,0.0017,0.0,0.0001,0.0075,0.001,0.0006,0.0004,0.0001,0.0358,0.0062,0.0,0.0007,0.0,65.0,0.0,2.0,63.0,0.0,0.0,0.0,0.0,0.0,0.0,0.0,0.0,0.0,0.0,0.0,0.0,0.0,0.0,0.0,0.0,0.0,0.0,0.0,8.0,2.0,1.0
374,3.1131374999999992,0,8.4609,1.5481,0.8191,1.1321,0.0676,0.002,0.0013,0.0002,0.0107,0.0163,0.0014,0.0006,0.0063,0.0001,0.0019,0.0011,0.0,0.0001,0.0073,0.001,0.0009,0.0005,0.0001,0.0406,0.0073,0.0001,0.0008,0.0,65.0,0.0,2.0,63.0,0.0,0.0,0.0,0.0,0.0,0.0,0.0,0.0,0.0,0.0,0.0,0.0,0.0,0.0,0.0,0.0,0.0,0.0,0.0,8.0,2.0,1.0
375,3.1215983999999994,0,8.2627,1.6662,0.946,1.1956,0.0634,0.0028,0.0015,0.0001,0.0038,0.0113,0.0015,0.0007,0.0072,0.0002,0.0013,0.0011,0.0,0.0001,0.0075,0.0011,0.0005,0.0004,0.0,0.0361,0.0073,0.0001,0.0008,0.0,65.0,0.0,2.0,63.0,0.0,0.0,0.0,0.0,0.0,0.0,0.0,0.0,0.0,0.0,0.0,0.0,0.0,0.0,0.0,0.0,0.0,0.0,0.0,8.0,2.0,1.0
376,3.1298610999999994,0,8.3687,1.6143,0.8696,1.15,0.0715,0.0036,0.002,0.0003,0.0114,0.0193,0.0019,0.0008,0.0066,0.0002,0.0012,0.0017,0.0001,0.0001,0.008,0.001,0.0008,0.0004,0.0001,0.0444,0.0066,0.0,0.0006,0.0,65.0,0.0,2.0,63.0,0.0,0.0,0.0,0.0,0.0,0.0,0.0,0.0,0.0,0.0,0.0,0.0,0.0,0.0,0.0,0.0,0.0,0.0,0.0,8.0,2.0,1.0
377,3.1382297999999995,0,8.3391,1.6332,0.8701,1.0682,0.0622,0.0041,0.0013,0.0002,0.0051,0.0129,0.0015,0.0011,0.0062,0.0002,0.0015,0.0012,0.0001,0.0001,0.0077,0.001,0.0004,0.0003,0.0,0.0377,0.0068,0.0001,0.0007,0.0,65.0,0.0,2.0,63.0,0.0,0.0,0.0,0.0,0.0,0.0,0.0,0.0,0.0,0.0,0.0,0.0,0.0,0.0,0.0,0.0,0.0,0.0,0.0,8.0,2.0,1.0
378,3.1465688999999997,0,8.3206,1.5559,0.952,1.217,0.073,0.003,0.0014,0.0001,0.012,0.019,0.0015,0.0008,0.0064,0.0002,0.0016,0.0015,0.0,0.0001,0.0079,0.0012,0.0004,0.0004,0.0,0.0451,0.008,0.0,0.0009,0.0,65.0,0.0,2.0,63.0,0.0,0.0,0.0,0.0,0.0,0.0,0.0,0.0,0.0,0.0,0.0,0.0,0.0,0.0,0.0,0.0,0.0,0.0,0.0,8.0,2.0,1.0
379,3.1548894999999995,0,8.2845,1.4937,0.8806,1.1227,0.0611,0.0026,0.0015,0.0002,0.0037,0.0131,0.0015,0.0005,0.0059,0.0001,0.0015,0.0012,0.0,0.0001,0.0075,0.0013,0.0004,0.0005,0.0,0.0371,0.0074,0.0001,0.0008,0.0,65.0,0.0,2.0,63.0,0.0,0.0,0.0,0.0,0.0,0.0,0.0,0.0,0.0,0.0,0.0,0.0,0.0,0.0,0.0,0.0,0.0,0.0,0.0,8.0,2.0,1.0
380,3.1631739999999993,0,8.4638,1.6587,0.9305,1.2328,0.078,0.0051,0.0014,0.0003,0.0105,0.0197,0.0014,0.0007,0.0076,0.0001,0.0017,0.0013,0.0,0.0001,0.0077,0.0014,0.0005,0.0005,0.0,0.047,0.0083,0.0001,0.0007,0.0,65.0,0.0,2.0,63.0,0.0,0.0,0.0,0.0,0.0,0.0,0.0,0.0,0.0,0.0,0.0,0.0,0.0,0.0,0.0,0.0,0.0,0.0,0.0,8.0,2.0,1.0
381,3.171637799999999,0,8.2975,1.5871,0.9338,1.1311,0.0701,0.0012,0.0014,0.0003,0.0073,0.0123,0.0022,0.0006,0.0077,0.0002,0.0017,0.0012,0.0,0.0001,0.0082,0.0015,0.0005,0.0004,0.0,0.0409,0.0087,0.0,0.0007,0.0,65.0,0.0,2.0,63.0,0.0,0.0,0.0,0.0,0.0,0.0,0.0,0.0,0.0,0.0,0.0,0.0,0.0,0.0,0.0,0.0,0.0,0.0,0.0,8.0,2.0,1.0
382,3.179935299999999,0,8.2464,1.5409,0.9273,1.1105,0.0739,0.0037,0.0012,0.0003,0.0146,0.0217,0.0013,0.0006,0.0069,0.0001,0.0015,0.0012,0.0,0.0001,0.0077,0.0016,0.0004,0.0003,0.0,0.0477,0.007,0.0001,0.0006,0.0,65.0,0.0,2.0,63.0,0.0,0.0,0.0,0.0,0.0,0.0,0.0,0.0,0.0,0.0,0.0,0.0,0.0,0.0,0.0,0.0,0.0,0.0,0.0,8.0,2.0,1.0
383,3.188181699999999,0,8.4368,1.5522,0.835,1.1087,0.0618,0.001,0.0051,0.0003,0.0048,0.0135,0.0013,0.0005,0.0062,0.0002,0.0011,0.001,0.0,0.0001,0.0076,0.0012,0.0004,0.0004,0.0001,0.0383,0.0064,0.0,0.0011,0.0,65.0,0.0,2.0,63.0,0.0,0.0,0.0,0.0,0.0,0.0,0.0,0.0,0.0,0.0,0.0,0.0,0.0,0.0,0.0,0.0,0.0,0.0,0.0,8.0,2.0,1.0
384,3.196618499999999,0,8.3101,1.5944,0.9935,1.272,0.0722,0.0014,0.0014,0.0003,0.0097,0.0154,0.0016,0.0008,0.0072,0.0007,0.0011,0.0014,0.0001,0.0001,0.0084,0.0013,0.0004,0.0006,0.0001,0.0429,0.0079,0.0,0.0009,0.0,65.0,0.0,2.0,63.0,0.0,0.0,0.0,0.0,0.0,0.0,0.0,0.0,0.0,0.0,0.0,0.0,0.0,0.0,0.0,0.0,0.0,0.0,0.0,8.0,2.0,1.0
385,3.2049285999999992,0,8.3078,1.6497,0.9502,1.0688,0.0617,0.0014,0.0033,0.0003,0.0041,0.0111,0.0014,0.0005,0.0058,0.0001,0.0012,0.001,0.0,0.0001,0.0082,0.0009,0.0004,0.0009,0.0,0.036,0.007,0.0,0.0009,0.0,65.0,0.0,2.0,63.0,0.0,0.0,0.0,0.0,0.0,0.0,0.0,0.0,0.0,0.0,0.0,0.0,0.0,0.0,0.0,0.0,0.0,0.0,0.0,8.0,2.0,1.0
386,3.213236399999999,0,8.5056,1.5262,0.9616,1.118,0.0919,0.0047,0.0018,0.0004,0.0145,0.024,0.0018,0.0007,0.0108,0.0001,0.0024,0.0016,0.0004,0.0002,0.0101,0.0016,0.0006,0.0007,0.0,0.0596,0.0086,0.0001,0.0006,0.0,65.0,0.0,2.0,63.0,0.0,0.0,0.0,0.0,0.0,0.0,0.0,0.0,0.0,0.0,0.0,0.0,0.0,0.0,0.0,0.0,0.0,0.0,0.0,8.0,2.0,1.0
387,3.221741999999999,0,8.3459,1.7762,1.1092,1.417,0.0795,0.0029,0.002,0.0003,0.0074,0.0153,0.0015,0.001,0.0078,0.0002,0.0017,0.0017,0.0001,0.0001,0.0089,0.0013,0.0004,0.0006,0.0,0.0457,0.0085,0.0001,0.0006,0.0,65.0,0.0,2.0,63.0,0.0,0.0,0.0,0.0,0.0,0.0,0.0,0.0,0.0,0.0,0.0,0.0,0.0,0.0,0.0,0.0,0.0,0.0,0.0,8.0,2.0,1.0
388,3.230087899999999,0,8.1157,1.7742,1.0044,1.2294,0.0685,0.0025,0.0012,0.0002,0.0108,0.0167,0.0016,0.0005,0.006,0.0002,0.0012,0.0016,0.0001,0.0001,0.0086,0.0015,0.0005,0.0004,0.0,0.0428,0.0066,0.0,0.0007,0.0,65.0,0.0,2.0,63.0,0.0,0.0,0.0,0.0,0.0,0.0,0.0,0.0,0.0,0.0,0.0,0.0,0.0,0.0,0.0,0.0,0.0,0.0,0.0,8.0,2.0,1.0
389,3.238203599999999,0,8.4456,1.5674,0.8713,1.1068,0.073,0.0012,0.0051,0.0003,0.0047,0.0142,0.0021,0.0007,0.0077,0.0002,0.0014,0.0012,0.0,0.0001,0.0092,0.0012,0.0005,0.001,0.0,0.0429,0.0084,0.0,0.0007,0.0,65.0,0.0,2.0,63.0,0.0,0.0,0.0,0.0,0.0,0.0,0.0,0.0,0.0,0.0,0.0,0.0,0.0,0.0,0.0,0.0,0.0,0.0,0.0,8.0,2.0,1.0
390,3.246649199999999,0,8.2583,1.5849,0.9835,1.0582,0.0724,0.0028,0.002,0.0002,0.0103,0.0173,0.0016,0.0006,0.0066,0.0001,0.0013,0.0013,0.0,0.0,0.0085,0.001,0.0004,0.0004,0.0001,0.0442,0.0078,0.0001,0.0008,0.0,65.0,0.0,2.0,63.0,0.0,0.0,0.0,0.0,0.0,0.0,0.0,0.0,0.0,0.0,0.0,0.0,0.0,0.0,0.0,0.0,0.0,0.0,0.0,8.0,2.0,1.0
391,3.254907499999999,0,8.3396,1.6076,0.9086,1.0953,0.0608,0.0012,0.0015,0.0002,0.0066,0.0127,0.0015,0.0005,0.0065,0.0001,0.0016,0.0013,0.0001,0.0001,0.007,0.0011,0.0004,0.0004,0.0,0.0375,0.0038,0.0,0.0008,0.0,65.0,0.0,2.0,63.0,0.0,0.0,0.0,0.0,0.0,0.0,0.0,0.0,0.0,0.0,0.0,0.0,0.0,0.0,0.0,0.0,0.0,0.0,0.0,8.0,2.0,1.0
392,3.2632470999999987,0,8.3894,1.7208,0.9466,1.078,0.0771,0.0028,0.0014,0.0002,0.0114,0.0188,0.0016,0.0007,0.0073,0.0001,0.0018,0.0013,0.0,0.0001,0.0081,0.0012,0.0005,0.0004,0.0001,0.0464,0.0089,0.0001,0.0009,0.0,65.0,0.0,2.0,63.0,0.0,0.0,0.0,0.0,0.0,0.0,0.0,0.0,0.0,0.0,0.0,0.0,0.0,0.0,0.0,0.0,0.0,0.0,0.0,8.0,2.0,1.0
393,3.2716364999999987,0,8.3126,1.5371,0.9949,1.1762,0.0733,0.0012,0.0038,0.0003,0.0048,0.0132,0.0018,0.0007,0.0076,0.0002,0.0013,0.0015,0.0002,0.0001,0.0084,0.0013,0.0005,0.0005,0.0,0.0422,0.009,0.0001,0.0007,0.0,65.0,0.0,2.0,63.0,0.0,0.0,0.0,0.0,0.0,0.0,0.0,0.0,0.0,0.0,0.0,0.0,0.0,0.0,0.0,0.0,0.0,0.0,0.0,8.0,2.0,1.0
394,3.2799490999999987,0,8.2433,1.7162,0.9256,1.0804,0.071,0.0032,0.0014,0.0002,0.0119,0.019,0.0014,0.0007,0.0069,0.0002,0.0014,0.0014,0.0001,0.0002,0.0083,0.001,0.0005,0.0004,0.0,0.0447,0.0069,0.0,0.0006,0.0,65.0,0.0,2.0,63.0,0.0,0.0,0.0,0.0,0.0,0.0,0.0,0.0,0.0,0.0,0.0,0.0,0.0,0.0,0.0,0.0,0.0,0.0,0.0,8.0,2.0,1.0
395,3.288192399999999,0,8.4139,1.4885,0.8834,1.0805,0.0649,0.0011,0.0035,0.0002,0.005,0.0116,0.0014,0.0006,0.0062,0.0002,0.0011,0.0018,0.0,0.0002,0.008,0.001,0.0004,0.0006,0.0,0.0381,0.0072,0.0001,0.0009,0.0,65.0,0.0,2.0,63.0,0.0,0.0,0.0,0.0,0.0,0.0,0.0,0.0,0.0,0.0,0.0,0.0,0.0,0.0,0.0,0.0,0.0,0.0,0.0,8.0,2.0,1.0
396,3.2966062999999988,0,8.3607,1.6466,0.9705,1.1531,0.0783,0.0027,0.0014,0.0002,0.0162,0.0226,0.0016,0.0012,0.0075,0.0002,0.0014,0.0018,0.0001,0.0001,0.0078,0.0015,0.0004,0.0005,0.0,0.0516,0.0069,0.0001,0.0014,0.0,65.0,0.0,2.0,63.0,0.0,0.0,0.0,0.0,0.0,0.0,0.0,0.0,0.0,0.0,0.0,0.0,0.0,0.0,0.0,0.0,0.0,0.0,0.0,8.0,2.0,1.0
397,3.3049669999999987,0,8.2471,1.5907,0.9224,1.103,0.0643,0.0012,0.0019,0.0001,0.007,0.012,0.0015,0.0011,0.0062,0.0001,0.0013,0.0019,0.0001,0.0001,0.0076,0.001,0.0004,0.001,0.0,0.0378,0.0071,0.0,0.0006,0.0,65.0,0.0,2.0,63.0,0.0,0.0,0.0,0.0,0.0,0.0,0.0,0.0,0.0,0.0,0.0,0.0,0.0,0.0,0.0,0.0,0.0,0.0,0.0,8.0,2.0,1.0
398,3.313214099999999,0,8.3461,1.5802,0.8723,1.0767,0.0658,0.0023,0.0014,0.0001,0.0091,0.0155,0.0014,0.0007,0.0064,0.0002,0.0017,0.0011,0.0,0.0001,0.0077,0.0008,0.0008,0.0004,0.0,0.0402,0.007,0.0001,0.0007,0.0,65.0,0.0,2.0,63.0,0.0,0.0,0.0,0.0,0.0,0.0,0.0,0.0,0.0,0.0,0.0,0.0,0.0,0.0,0.0,0.0,0.0,0.0,0.0,8.0,2.0,1.0
399,3.3215601999999986,0,8.3335,1.5181,0.911,1.1609,0.0653,0.0015,0.0017,0.0002,0.0039,0.0098,0.0015,0.0008,0.0064,0.0002,0.0012,0.0019,0.0001,0.0001,0.0085,0.0011,0.001,0.0004,0.0001,0.0374,0.008,0.0001,0.0007,0.0,65.0,0.0,2.0,63.0,0.0,0.0,0.0,0.0,0.0,0.0,0.0,0.0,0.0,0.0,0.0,0.0,0.0,0.0,0.0,0.0,0.0,0.0,0.0,8.0,2.0,1.0
400,3.3298936999999986,0,8.2937,1.6314,0.8798,1.13,0.07,0.0013,0.0048,0.0001,0.0097,0.018,0.0017,0.0006,0.0066,0.0002,0.0011,0.0017,0.0001,0.0001,0.0077,0.0014,0.0005,0.0004,0.0001,0.0431,0.0078,0.0,0.0005,0.0,65.0,0.0,2.0,63.0,0.0,0.0,0.0,0.0,0.0,0.0,0.0,0.0,0.0,0.0,0.0,0.0,0.0,0.0,0.0,0.0,0.0,0.0,0.0,8.0,2.0,1.0
401,3.3381873999999985,0,8.3761,1.5957,0.8858,1.1452,0.0685,0.0028,0.0014,0.0002,0.0056,0.0123,0.0023,0.0006,0.0078,0.0002,0.0014,0.0016,0.0001,0.0,0.009,0.0012,0.0004,0.0005,0.0,0.0407,0.0081,0.0001,0.0009,0.0,65.0,0.0,2.0,63.0,0.0,0.0,0.0,0.0,0.0,0.0,0.0,0.0,0.0,0.0,0.0,0.0,0.0,0.0,0.0,0.0,0.0,0.0,0.0,8.0,2.0,1.0
402,3.3465634999999985,0,8.3331,1.5289,0.9096,1.0482,0.0775,0.001,0.0021,0.0002,0.0155,0.0209,0.0016,0.0007,0.0065,0.0001,0.0018,0.0013,0.0001,0.0001,0.0083,0.0012,0.0006,0.0005,0.0,0.0486,0.008,0.0001,0.0008,0.0,65.0,0.0,2.0,63.0,0.0,0.0,0.0,0.0,0.0,0.0,0.0,0.0,0.0,0.0,0.0,0.0,0.0,0.0,0.0,0.0,0.0,0.0,0.0,8.0,2.0,1.0
403,3.3548965999999987,0,8.2892,1.5433,0.8687,1.1091,0.0643,0.0043,0.0016,0.0001,0.0053,0.0133,0.0014,0.0006,0.0061,0.0001,0.0014,0.0013,0.0,0.0001,0.0078,0.0013,0.0005,0.0003,0.0,0.0374,0.0072,0.0,0.0007,0.0,65.0,0.0,2.0,63.0,0.0,0.0,0.0,0.0,0.0,0.0,0.0,0.0,0.0,0.0,0.0,0.0,0.0,0.0,0.0,0.0,0.0,0.0,0.0,8.0,2.0,1.0
404,3.363185799999999,0,8.3494,1.6737,0.884,1.0852,0.0728,0.0018,0.0021,0.0001,0.0095,0.0157,0.0016,0.0009,0.0079,0.0001,0.0013,0.002,0.0,0.0001,0.0082,0.0011,0.0004,0.0006,0.0001,0.0443,0.0076,0.0,0.0006,0.0,65.0,0.0,2.0,63.0,0.0,0.0,0.0,0.0,0.0,0.0,0.0,0.0,0.0,0.0,0.0,0.0,0.0,0.0,0.0,0.0,0.0,0.0,0.0,8.0,2.0,1.0
405,3.371535199999999,0,8.3421,1.5949,0.8596,1.1474,0.0632,0.0013,0.0017,0.0001,0.0043,0.0092,0.0015,0.0007,0.0069,0.0002,0.0011,0.0012,0.0001,0.0001,0.0084,0.0011,0.0005,0.0005,0.0,0.0354,0.0077,0.0001,0.0009,0.0,65.0,0.0,2.0,63.0,0.0,0.0,0.0,0.0,0.0,0.0,0.0,0.0,0.0,0.0,0.0,0.0,0.0,0.0,0.0,0.0,0.0,0.0,0.0,8.0,2.0,1.0
406,3.379877299999999,0,8.3945,1.5006,0.9055,1.0889,0.0728,0.003,0.0018,0.0001,0.0118,0.0196,0.0013,0.0006,0.0059,0.0002,0.0011,0.0021,0.0001,0.0001,0.0074,0.0011,0.0005,0.0008,0.0,0.0449,0.0075,0.0,0.0008,0.0,65.0,0.0,2.0,63.0,0.0,0.0,0.0,0.0,0.0,0.0,0.0,0.0,0.0,0.0,0.0,0.0,0.0,0.0,0.0,0.0,0.0,0.0,0.0,8.0,2.0,1.0
407,3.388271799999999,0,8.4047,1.7048,1.0123,1.3204,0.0875,0.0046,0.0018,0.0002,0.0076,0.017,0.0025,0.0009,0.0089,0.0002,0.0019,0.0021,0.0001,0.0001,0.01,0.0013,0.0005,0.0006,0.0,0.0514,0.0092,0.0001,0.0006,0.0,65.0,0.0,2.0,63.0,0.0,0.0,0.0,0.0,0.0,0.0,0.0,0.0,0.0,0.0,0.0,0.0,0.0,0.0,0.0,0.0,0.0,0.0,0.0,8.0,2.0,1.0
408,3.396676499999999,0,8.3261,1.7578,1.0131,1.2586,0.0984,0.0041,0.0025,0.0003,0.0134,0.0232,0.0026,0.001,0.0119,0.0002,0.0017,0.0023,0.0001,0.0002,0.0118,0.0013,0.0007,0.0011,0.0,0.0629,0.01,0.0001,0.0006,0.0,65.0,0.0,2.0,63.0,0.0,0.0,0.0,0.0,0.0,0.0,0.0,0.0,0.0,0.0,0.0,0.0,0.0,0.0,0.0,0.0,0.0,0.0,0.0,8.0,2.0,1.0
409,3.405002599999999,0,8.3109,1.6505,0.9813,1.199,0.077,0.0014,0.0019,0.0002,0.0104,0.017,0.0021,0.0006,0.0076,0.0002,0.0014,0.0017,0.0,0.0001,0.0086,0.0013,0.0005,0.0005,0.0,0.0452,0.0081,0.0001,0.0009,0.0,65.0,0.0,2.0,63.0,0.0,0.0,0.0,0.0,0.0,0.0,0.0,0.0,0.0,0.0,0.0,0.0,0.0,0.0,0.0,0.0,0.0,0.0,0.0,8.0,2.0,1.0
410,3.4133134999999992,0,8.402,1.6898,1.0078,1.1702,0.0801,0.0032,0.0015,0.0002,0.0115,0.0192,0.0016,0.0007,0.0077,0.0006,0.0014,0.0021,0.0001,0.0001,0.0085,0.001,0.0012,0.0006,0.0,0.0487,0.0082,0.0001,0.0008,0.0,65.0,0.0,2.0,63.0,0.0,0.0,0.0,0.0,0.0,0.0,0.0,0.0,0.0,0.0,0.0,0.0,0.0,0.0,0.0,0.0,0.0,0.0,0.0,8.0,2.0,1.0
411,3.421715499999999,0,8.2796,1.7151,1.0466,1.2364,0.0747,0.0013,0.0019,0.0003,0.0074,0.0138,0.0017,0.0013,0.0081,0.0001,0.0015,0.0019,0.0001,0.0001,0.0085,0.0016,0.0005,0.0005,0.0,0.044,0.0087,0.0,0.0007,0.0,65.0,0.0,2.0,63.0,0.0,0.0,0.0,0.0,0.0,0.0,0.0,0.0,0.0,0.0,0.0,0.0,0.0,0.0,0.0,0.0,0.0,0.0,0.0,8.0,2.0,1.0
412,3.429995099999999,0,8.3682,2.0861,1.0407,1.2727,0.0786,0.0014,0.0016,0.0002,0.0132,0.0189,0.0015,0.0008,0.0069,0.0002,0.0016,0.002,0.0001,0.0001,0.0088,0.0011,0.0004,0.0005,0.0,0.0476,0.0081,0.0,0.0008,0.0,65.0,0.0,2.0,63.0,0.0,0.0,0.0,0.0,0.0,0.0,0.0,0.0,0.0,0.0,0.0,0.0,0.0,0.0,0.0,0.0,0.0,0.0,0.0,8.0,2.0,1.0
413,3.438363299999999,0,8.4463,1.7704,1.1301,1.2598,0.0727,0.0019,0.0031,0.0002,0.0058,0.0129,0.0016,0.0006,0.0072,0.0007,0.0015,0.0015,0.0003,0.0001,0.0081,0.0012,0.0004,0.0006,0.0,0.0406,0.0082,0.0001,0.0009,0.0,65.0,0.0,2.0,63.0,0.0,0.0,0.0,0.0,0.0,0.0,0.0,0.0,0.0,0.0,0.0,0.0,0.0,0.0,0.0,0.0,0.0,0.0,0.0,8.0,2.0,1.0
414,3.446809599999999,0,8.1886,1.6475,1.0343,1.3388,0.0821,0.0019,0.0017,0.0002,0.0129,0.0196,0.0017,0.0009,0.0077,0.0003,0.0014,0.002,0.0001,0.0001,0.0084,0.0012,0.0005,0.0005,0.0001,0.0496,0.0094,0.0001,0.0006,0.0,65.0,0.0,2.0,63.0,0.0,0.0,0.0,0.0,0.0,0.0,0.0,0.0,0.0,0.0,0.0,0.0,0.0,0.0,0.0,0.0,0.0,0.0,0.0,8.0,2.0,1.0
415,3.454998199999999,0,8.3111,1.6347,0.9988,1.2119,0.0691,0.0033,0.0013,0.0002,0.006,0.0132,0.0018,0.0007,0.0072,0.0001,0.0014,0.0019,0.0001,0.0002,0.0089,0.0017,0.0004,0.0006,0.0,0.043,0.0045,0.0001,0.0008,0.0,65.0,0.0,2.0,63.0,0.0,0.0,0.0,0.0,0.0,0.0,0.0,0.0,0.0,0.0,0.0,0.0,0.0,0.0,0.0,0.0,0.0,0.0,0.0,8.0,2.0,1.0
416,3.463309299999999,0,8.3634,1.773,1.0154,1.1991,0.0908,0.0042,0.0023,0.0002,0.0146,0.024,0.0025,0.0008,0.0082,0.0002,0.002,0.0018,0.0004,0.0001,0.0095,0.0017,0.0005,0.0006,0.0,0.0568,0.0081,0.0002,0.0006,0.0,65.0,0.0,2.0,63.0,0.0,0.0,0.0,0.0,0.0,0.0,0.0,0.0,0.0,0.0,0.0,0.0,0.0,0.0,0.0,0.0,0.0,0.0,0.0,8.0,2.0,1.0
417,3.4716726999999987,0,8.3472,1.8548,0.9889,1.3902,0.0705,0.0028,0.0015,0.0002,0.0055,0.0131,0.0023,0.0006,0.008,0.0002,0.0019,0.0014,0.0001,0.0002,0.0084,0.0011,0.0004,0.0008,0.0,0.0421,0.0071,0.0,0.0008,0.0,65.0,0.0,2.0,63.0,0.0,0.0,0.0,0.0,0.0,0.0,0.0,0.0,0.0,0.0,0.0,0.0,0.0,0.0,0.0,0.0,0.0,0.0,0.0,8.0,2.0,1.0
418,3.480019899999999,0,8.2971,1.6482,1.052,1.1489,0.0795,0.0027,0.0014,0.0003,0.0142,0.0207,0.0014,0.0008,0.0076,0.0001,0.0015,0.0016,0.0001,0.0001,0.0084,0.0011,0.001,0.0005,0.0001,0.0494,0.0079,0.0001,0.0006,0.0,65.0,0.0,2.0,63.0,0.0,0.0,0.0,0.0,0.0,0.0,0.0,0.0,0.0,0.0,0.0,0.0,0.0,0.0,0.0,0.0,0.0,0.0,0.0,8.0,2.0,1.0
419,3.488316999999999,0,8.4545,1.777,1.0517,1.3444,0.0859,0.0038,0.0023,0.0003,0.0076,0.017,0.0018,0.0015,0.0093,0.0002,0.0022,0.0017,0.0001,0.0001,0.0099,0.0013,0.0005,0.0005,0.0001,0.0501,0.0086,0.0,0.0007,0.0,65.0,0.0,2.0,63.0,0.0,0.0,0.0,0.0,0.0,0.0,0.0,0.0,0.0,0.0,0.0,0.0,0.0,0.0,0.0,0.0,0.0,0.0,0.0,8.0,2.0,1.0
420,3.496771499999999,0,8.2631,1.7136,1.0885,1.1702,0.0944,0.0035,0.0016,0.0008,0.0166,0.0254,0.0022,0.0009,0.0107,0.0002,0.0022,0.0016,0.0001,0.0002,0.0091,0.0013,0.0005,0.0006,0.0001,0.0594,0.0089,0.0001,0.0004,0.0,65.0,0.0,2.0,63.0,0.0,0.0,0.0,0.0,0.0,0.0,0.0,0.0,0.0,0.0,0.0,0.0,0.0,0.0,0.0,0.0,0.0,0.0,0.0,8.0,2.0,1.0
421,3.5050345999999992,0,8.3331,1.6473,1.0357,1.1816,0.0763,0.0017,0.0019,0.0002,0.0067,0.0135,0.0017,0.0007,0.0072,0.0001,0.0015,0.0019,0.0001,0.0001,0.0089,0.0016,0.0006,0.0006,0.0,0.0433,0.0083,0.0001,0.0006,0.0,65.0,0.0,2.0,63.0,0.0,0.0,0.0,0.0,0.0,0.0,0.0,0.0,0.0,0.0,0.0,0.0,0.0,0.0,0.0,0.0,0.0,0.0,0.0,8.0,2.0,1.0
422,3.5133676999999994,0,8.3238,1.7221,1.0185,1.2225,0.0788,0.003,0.0015,0.0003,0.0117,0.0187,0.0015,0.0009,0.0067,0.0001,0.0015,0.002,0.0001,0.0001,0.0081,0.0017,0.0005,0.0005,0.0,0.0467,0.0091,0.0001,0.0007,0.0,65.0,0.0,2.0,63.0,0.0,0.0,0.0,0.0,0.0,0.0,0.0,0.0,0.0,0.0,0.0,0.0,0.0,0.0,0.0,0.0,0.0,0.0,0.0,8.0,2.0,1.0
423,3.5216914999999993,0,8.2956,1.697,1.0158,1.2364,0.0722,0.0027,0.0014,0.0003,0.0059,0.0126,0.0023,0.0007,0.008,0.0002,0.0018,0.0016,0.0001,0.0001,0.0085,0.0012,0.0005,0.0005,0.0,0.0421,0.0083,0.0001,0.0008,0.0,65.0,0.0,2.0,63.0,0.0,0.0,0.0,0.0,0.0,0.0,0.0,0.0,0.0,0.0,0.0,0.0,0.0,0.0,0.0,0.0,0.0,0.0,0.0,8.0,2.0,1.0
424,3.529987099999999,0,8.2166,1.7951,0.9684,1.1155,0.0741,0.0014,0.0019,0.0003,0.0118,0.0174,0.0019,0.0009,0.0104,0.0002,0.0014,0.0012,0.0001,0.0001,0.0083,0.0016,0.0005,0.0004,0.0001,0.0474,0.0071,0.0,0.0006,0.0,65.0,0.0,2.0,63.0,0.0,0.0,0.0,0.0,0.0,0.0,0.0,0.0,0.0,0.0,0.0,0.0,0.0,0.0,0.0,0.0,0.0,0.0,0.0,8.0,2.0,1.0
425,3.538203699999999,0,8.4251,1.6547,0.8753,1.0828,0.068,0.0011,0.0016,0.0003,0.0046,0.0093,0.002,0.0007,0.0081,0.0007,0.0013,0.0013,0.0003,0.0001,0.0083,0.0012,0.0005,0.0006,0.0,0.0381,0.0084,0.0001,0.0007,0.0,65.0,0.0,2.0,63.0,0.0,0.0,0.0,0.0,0.0,0.0,0.0,0.0,0.0,0.0,0.0,0.0,0.0,0.0,0.0,0.0,0.0,0.0,0.0,8.0,2.0,1.0
426,3.5466287999999992,0,8.292,1.5867,0.9533,1.0762,0.0725,0.001,0.0045,0.0002,0.0112,0.0194,0.0015,0.0007,0.0061,0.0002,0.0014,0.0013,0.0,0.0001,0.0079,0.0011,0.0004,0.0005,0.0,0.0449,0.0077,0.0002,0.0009,0.0,65.0,0.0,2.0,63.0,0.0,0.0,0.0,0.0,0.0,0.0,0.0,0.0,0.0,0.0,0.0,0.0,0.0,0.0,0.0,0.0,0.0,0.0,0.0,8.0,2.0,1.0
427,3.554920799999999,0,8.2467,1.4951,0.8957,1.0635,0.0615,0.0012,0.0016,0.0003,0.0074,0.0129,0.0014,0.0011,0.0062,0.0001,0.0013,0.0009,0.0,0.0001,0.008,0.001,0.0004,0.0005,0.0,0.0372,0.0045,0.0,0.0007,0.0,65.0,0.0,2.0,63.0,0.0,0.0,0.0,0.0,0.0,0.0,0.0,0.0,0.0,0.0,0.0,0.0,0.0,0.0,0.0,0.0,0.0,0.0,0.0,8.0,2.0,1.0
428,3.563167499999999,0,8.4478,1.6438,0.8798,1.2515,0.074,0.0027,0.0015,0.0004,0.0101,0.0174,0.0016,0.0007,0.0071,0.0002,0.0015,0.0015,0.0,0.0001,0.0081,0.0011,0.0005,0.0004,0.0,0.0444,0.0094,0.0,0.0008,0.0,65.0,0.0,2.0,63.0,0.0,0.0,0.0,0.0,0.0,0.0,0.0,0.0,0.0,0.0,0.0,0.0,0.0,0.0,0.0,0.0,0.0,0.0,0.0,8.0,2.0,1.0
429,3.571615299999999,0,8.2536,1.5921,0.9267,1.0715,0.0745,0.0014,0.0039,0.0003,0.0087,0.0172,0.0018,0.0008,0.0072,0.0001,0.0013,0.0014,0.0,0.0001,0.0083,0.001,0.0004,0.0005,0.0001,0.0445,0.0095,0.0001,0.0008,0.0,65.0,0.0,2.0,63.0,0.0,0.0,0.0,0.0,0.0,0.0,0.0,0.0,0.0,0.0,0.0,0.0,0.0,0.0,0.0,0.0,0.0,0.0,0.0,8.0,2.0,1.0
430,3.5798688999999992,0,8.3533,1.5763,0.8427,1.1033,0.0666,0.001,0.0015,0.0001,0.0119,0.0165,0.0017,0.0006,0.0061,0.0002,0.0013,0.0015,0.0,0.0001,0.008,0.0009,0.0004,0.0004,0.0,0.0417,0.0074,0.0001,0.0006,0.0,65.0,0.0,2.0,63.0,0.0,0.0,0.0,0.0,0.0,0.0,0.0,0.0,0.0,0.0,0.0,0.0,0.0,0.0,0.0,0.0,0.0,0.0,0.0,8.0,2.0,1.0
431,3.5882221999999993,0,8.4132,1.5863,0.9065,1.0673,0.0689,0.0029,0.0013,0.0001,0.0055,0.0125,0.0016,0.0007,0.0071,0.0001,0.0017,0.0016,0.0,0.0001,0.0096,0.0011,0.0004,0.0007,0.0,0.0406,0.0077,0.0,0.001,0.0,65.0,0.0,2.0,63.0,0.0,0.0,0.0,0.0,0.0,0.0,0.0,0.0,0.0,0.0,0.0,0.0,0.0,0.0,0.0,0.0,0.0,0.0,0.0,8.0,2.0,1.0
432,3.5966353999999994,0,8.2392,1.6047,0.9591,1.0991,0.078,0.0047,0.0021,0.0003,0.0117,0.0211,0.0016,0.0007,0.0073,0.0002,0.0013,0.0014,0.0001,0.0002,0.0076,0.0012,0.0004,0.0005,0.0,0.0481,0.0088,0.0001,0.0006,0.0,65.0,0.0,2.0,63.0,0.0,0.0,0.0,0.0,0.0,0.0,0.0,0.0,0.0,0.0,0.0,0.0,0.0,0.0,0.0,0.0,0.0,0.0,0.0,8.0,2.0,1.0
433,3.604874599999999,0,8.338,1.56,0.87,1.1465,0.07,0.0039,0.0016,0.0003,0.0058,0.0141,0.0014,0.0007,0.0065,0.0006,0.0013,0.0016,0.0,0.0001,0.0082,0.0012,0.0005,0.0004,0.0001,0.0414,0.0071,0.0001,0.0005,0.0,65.0,0.0,2.0,63.0,0.0,0.0,0.0,0.0,0.0,0.0,0.0,0.0,0.0,0.0,0.0,0.0,0.0,0.0,0.0,0.0,0.0,0.0,0.0,8.0,2.0,1.0
434,3.6132125999999993,0,8.3095,1.6057,0.8791,1.0239,0.0749,0.0031,0.0016,0.0002,0.011,0.0183,0.0015,0.0008,0.0068,0.0001,0.0014,0.0019,0.0001,0.0001,0.0087,0.001,0.0005,0.0004,0.0001,0.0457,0.0076,0.0001,0.0005,0.0,65.0,0.0,2.0,63.0,0.0,0.0,0.0,0.0,0.0,0.0,0.0,0.0,0.0,0.0,0.0,0.0,0.0,0.0,0.0,0.0,0.0,0.0,0.0,8.0,2.0,1.0
435,3.6215220999999995,0,8.4464,1.6912,0.9173,1.0455,0.0689,0.0035,0.0015,0.0001,0.0065,0.0139,0.0019,0.0006,0.0071,0.0003,0.002,0.0014,0.0,0.0001,0.0086,0.0012,0.0005,0.0005,0.0,0.042,0.0063,0.0,0.0007,0.0,65.0,0.0,2.0,63.0,0.0,0.0,0.0,0.0,0.0,0.0,0.0,0.0,0.0,0.0,0.0,0.0,0.0,0.0,0.0,0.0,0.0,0.0,0.0,8.0,2.0,1.0
436,3.6299684999999995,0,8.2867,1.7306,0.9459,1.1688,0.0727,0.0024,0.0013,0.0003,0.0117,0.0184,0.0014,0.0007,0.0068,0.0001,0.0014,0.0018,0.0,0.0001,0.0078,0.0012,0.0004,0.0005,0.0,0.0446,0.007,0.0003,0.0008,0.0,65.0,0.0,2.0,63.0,0.0,0.0,0.0,0.0,0.0,0.0,0.0,0.0,0.0,0.0,0.0,0.0,0.0,0.0,0.0,0.0,0.0,0.0,0.0,8.0,2.0,1.0
437,3.6382551999999997,0,8.48,1.6645,1.0048,1.2917,0.0799,0.0028,0.0016,0.0003,0.0063,0.0137,0.0017,0.0008,0.0085,0.0002,0.0019,0.0017,0.0,0.0001,0.0091,0.0014,0.0005,0.0005,0.0,0.0463,0.0088,0.0001,0.0009,0.0,65.0,0.0,2.0,63.0,0.0,0.0,0.0,0.0,0.0,0.0,0.0,0.0,0.0,0.0,0.0,0.0,0.0,0.0,0.0,0.0,0.0,0.0,0.0,8.0,2.0,1.0
438,3.6467351999999997,0,8.2104,1.6769,1.0329,1.2178,0.0818,0.0028,0.0016,0.0003,0.0155,0.0228,0.0021,0.0007,0.0093,0.0001,0.0015,0.0015,0.0001,0.0002,0.0077,0.0012,0.0005,0.0005,0.0,0.0516,0.0081,0.0001,0.0008,0.0,65.0,0.0,2.0,63.0,0.0,0.0,0.0,0.0,0.0,0.0,0.0,0.0,0.0,0.0,0.0,0.0,0.0,0.0,0.0,0.0,0.0,0.0,0.0,8.0,2.0,1.0
439,3.6549455999999996,0,8.2734,1.509,0.9181,1.171,0.0602,0.0028,0.0011,0.0002,0.0056,0.0121,0.0013,0.0006,0.0066,0.0001,0.0019,0.0013,0.0,0.0001,0.0078,0.0015,0.0004,0.0004,0.0,0.0379,0.0041,0.0001,0.0008,0.0,65.0,0.0,2.0,63.0,0.0,0.0,0.0,0.0,0.0,0.0,0.0,0.0,0.0,0.0,0.0,0.0,0.0,0.0,0.0,0.0,0.0,0.0,0.0,8.0,2.0,1.0
440,3.663219,0,8.3894,1.6474,0.9196,1.0873,0.0741,0.0017,0.0018,0.0003,0.0102,0.016,0.0019,0.0007,0.0072,0.0001,0.0019,0.0016,0.0,0.0004,0.0082,0.0011,0.0004,0.0004,0.0,0.0444,0.0088,0.0001,0.0008,0.0,65.0,0.0,2.0,63.0,0.0,0.0,0.0,0.0,0.0,0.0,0.0,0.0,0.0,0.0,0.0,0.0,0.0,0.0,0.0,0.0,0.0,0.0,0.0,8.0,2.0,1.0
441,3.6716083999999998,0,8.2588,1.6841,0.9126,1.142,0.0694,0.0034,0.0019,0.0002,0.0059,0.0133,0.0016,0.0009,0.0067,0.0002,0.0016,0.0016,0.0001,0.0002,0.0078,0.001,0.0004,0.0004,0.0,0.0397,0.009,0.0001,0.0006,0.0,65.0,0.0,2.0,63.0,0.0,0.0,0.0,0.0,0.0,0.0,0.0,0.0,0.0,0.0,0.0,0.0,0.0,0.0,0.0,0.0,0.0,0.0,0.0,8.0,2.0,1.0
442,3.6798672,0,8.3309,1.5436,0.8893,1.0623,0.0697,0.0025,0.0017,0.0001,0.0103,0.0169,0.0021,0.0007,0.0075,0.0002,0.0013,0.0016,0.0,0.0001,0.0075,0.001,0.0004,0.0006,0.0001,0.0427,0.007,0.0001,0.0008,0.0,65.0,0.0,2.0,63.0,0.0,0.0,0.0,0.0,0.0,0.0,0.0,0.0,0.0,0.0,0.0,0.0,0.0,0.0,0.0,0.0,0.0,0.0,0.0,8.0,2.0,1.0
443,3.6881980999999997,0,8.3736,1.6362,0.8845,1.056,0.0678,0.0029,0.0014,0.0001,0.0056,0.0126,0.0017,0.0006,0.0064,0.0001,0.0014,0.002,0.0002,0.0001,0.008,0.0011,0.0009,0.0006,0.0,0.0402,0.007,0.0,0.0009,0.0,65.0,0.0,2.0,63.0,0.0,0.0,0.0,0.0,0.0,0.0,0.0,0.0,0.0,0.0,0.0,0.0,0.0,0.0,0.0,0.0,0.0,0.0,0.0,8.0,2.0,1.0
444,3.6965717,0,8.4039,1.67,0.9678,1.1121,0.0737,0.0028,0.0016,0.0002,0.0107,0.0175,0.0015,0.0007,0.0072,0.0001,0.0012,0.0018,0.0001,0.0001,0.0075,0.0012,0.0005,0.0009,0.0001,0.0448,0.0078,0.0001,0.0009,0.0,65.0,0.0,2.0,63.0,0.0,0.0,0.0,0.0,0.0,0.0,0.0,0.0,0.0,0.0,0.0,0.0,0.0,0.0,0.0,0.0,0.0,0.0,0.0,8.0,2.0,1.0
445,3.7049755999999996,0,8.2406,1.6256,0.9036,1.1202,0.0671,0.0012,0.0047,0.0002,0.0076,0.0158,0.002,0.0006,0.0068,0.0001,0.0013,0.001,0.0001,0.0001,0.0073,0.001,0.0004,0.0004,0.0,0.04,0.0077,0.0001,0.0007,0.0,65.0,0.0,2.0,63.0,0.0,0.0,0.0,0.0,0.0,0.0,0.0,0.0,0.0,0.0,0.0,0.0,0.0,0.0,0.0,0.0,0.0,0.0,0.0,8.0,2.0,1.0
446,3.7132161999999997,0,8.4269,1.6338,0.9215,1.102,0.0775,0.0029,0.0016,0.0001,0.0117,0.0191,0.0017,0.0006,0.0074,0.0006,0.0014,0.0014,0.0,0.0002,0.0078,0.0013,0.0005,0.0009,0.0001,0.0471,0.0081,0.0,0.0008,0.0,65.0,0.0,2.0,63.0,0.0,0.0,0.0,0.0,0.0,0.0,0.0,0.0,0.0,0.0,0.0,0.0,0.0,0.0,0.0,0.0,0.0,0.0,0.0,8.0,2.0,1.0
447,3.7216430999999996,0,8.232,1.5859,0.9441,1.1087,0.0712,0.0043,0.0018,0.0001,0.0062,0.0145,0.002,0.0008,0.0073,0.0001,0.0014,0.0013,0.0,0.0001,0.0079,0.0015,0.0004,0.0005,0.0,0.0415,0.0079,0.0,0.0005,0.0,65.0,0.0,2.0,63.0,0.0,0.0,0.0,0.0,0.0,0.0,0.0,0.0,0.0,0.0,0.0,0.0,0.0,0.0,0.0,0.0,0.0,0.0,0.0,8.0,2.0,1.0
448,3.7298750999999997,0,8.3189,1.615,0.8745,1.1105,0.0742,0.0028,0.0016,0.0001,0.0119,0.0186,0.0017,0.0006,0.0069,0.0002,0.0016,0.0012,0.0001,0.0002,0.0079,0.0012,0.0005,0.0008,0.0001,0.046,0.0076,0.0001,0.0009,0.0,65.0,0.0,2.0,63.0,0.0,0.0,0.0,0.0,0.0,0.0,0.0,0.0,0.0,0.0,0.0,0.0,0.0,0.0,0.0,0.0,0.0,0.0,0.0,8.0,2.0,1.0
449,3.7381939999999996,0,8.3984,1.6366,0.8639,1.0987,0.0683,0.0027,0.0013,0.0001,0.0042,0.0113,0.0015,0.0011,0.0068,0.0002,0.0015,0.0019,0.0001,0.0001,0.0078,0.0013,0.0009,0.0004,0.0001,0.0392,0.0078,0.0001,0.0007,0.0,65.0,0.0,2.0,63.0,0.0,0.0,0.0,0.0,0.0,0.0,0.0,0.0,0.0,0.0,0.0,0.0,0.0,0.0,0.0,0.0,0.0,0.0,0.0,8.0,2.0,1.0
450,3.7465923999999995,0,8.249,1.5806,0.909,1.1057,0.0688,0.0025,0.0011,0.0001,0.0103,0.0169,0.0015,0.0007,0.0062,0.0001,0.0014,0.0018,0.0,0.0001,0.0082,0.001,0.0009,0.0004,0.0001,0.0433,0.0073,0.0001,0.0006,0.0,65.0,0.0,2.0,63.0,0.0,0.0,0.0,0.0,0.0,0.0,0.0,0.0,0.0,0.0,0.0,0.0,0.0,0.0,0.0,0.0,0.0,0.0,0.0,8.0,2.0,1.0
451,3.7548413999999997,0,8.3716,1.5193,0.8613,1.0238,0.0752,0.0019,0.0018,0.0002,0.0076,0.0137,0.0016,0.0013,0.0076,0.0002,0.0016,0.0021,0.0,0.0002,0.0083,0.0018,0.0005,0.0005,0.0,0.0442,0.0094,0.0,0.0006,0.0,65.0,0.0,2.0,63.0,0.0,0.0,0.0,0.0,0.0,0.0,0.0,0.0,0.0,0.0,0.0,0.0,0.0,0.0,0.0,0.0,0.0,0.0,0.0,8.0,2.0,1.0
452,3.7632129999999995,0,8.3968,1.6609,0.8755,1.1342,0.0786,0.0028,0.0013,0.0002,0.0146,0.0211,0.0016,0.0007,0.0092,0.0002,0.0017,0.0013,0.0001,0.0001,0.0082,0.0012,0.0003,0.0005,0.0,0.0507,0.0074,0.0001,0.0006,0.0,65.0,0.0,2.0,63.0,0.0,0.0,0.0,0.0,0.0,0.0,0.0,0.0,0.0,0.0,0.0,0.0,0.0,0.0,0.0,0.0,0.0,0.0,0.0,8.0,2.0,1.0
453,3.7716097999999993,0,8.2981,1.5842,0.9546,1.1133,0.0706,0.0011,0.0034,0.0002,0.0039,0.0115,0.0018,0.0012,0.0086,0.0001,0.0013,0.0018,0.0,0.0001,0.0084,0.0015,0.0005,0.0005,0.0,0.0418,0.008,0.0001,0.0008,0.0,65.0,0.0,2.0,63.0,0.0,0.0,0.0,0.0,0.0,0.0,0.0,0.0,0.0,0.0,0.0,0.0,0.0,0.0,0.0,0.0,0.0,0.0,0.0,8.0,2.0,1.0
454,3.7799078999999995,0,8.2481,1.5406,0.8865,1.1064,0.0741,0.0019,0.0025,0.0001,0.0132,0.0196,0.0015,0.0008,0.0061,0.0001,0.0016,0.0015,0.0001,0.0001,0.0079,0.0011,0.0005,0.0005,0.0,0.0462,0.0082,0.0,0.0007,0.0,65.0,0.0,2.0,63.0,0.0,0.0,0.0,0.0,0.0,0.0,0.0,0.0,0.0,0.0,0.0,0.0,0.0,0.0,0.0,0.0,0.0,0.0,0.0,8.0,2.0,1.0
455,3.7881559999999994,0,8.3892,1.5897,0.857,1.1719,0.0729,0.0032,0.0016,0.0002,0.0059,0.0132,0.0017,0.0008,0.007,0.0001,0.0012,0.0016,0.0,0.0001,0.0085,0.0018,0.0005,0.0004,0.0001,0.0426,0.008,0.0001,0.0012,0.0,65.0,0.0,2.0,63.0,0.0,0.0,0.0,0.0,0.0,0.0,0.0,0.0,0.0,0.0,0.0,0.0,0.0,0.0,0.0,0.0,0.0,0.0,0.0,8.0,2.0,1.0
456,3.7965451999999993,0,8.3602,1.6216,0.8759,1.222,0.0674,0.001,0.0038,0.0003,0.0099,0.0168,0.0013,0.0007,0.0059,0.0002,0.0011,0.001,0.0001,0.0001,0.0077,0.0014,0.0004,0.001,0.0,0.0415,0.0072,0.0,0.0007,0.0,65.0,0.0,2.0,63.0,0.0,0.0,0.0,0.0,0.0,0.0,0.0,0.0,0.0,0.0,0.0,0.0,0.0,0.0,0.0,0.0,0.0,0.0,0.0,8.0,2.0,1.0
457,3.804905399999999,0,8.2771,1.5691,0.8729,1.0808,0.0612,0.0011,0.0017,0.0002,0.0064,0.0115,0.0014,0.0006,0.0062,0.0001,0.0012,0.0013,0.0001,0.0001,0.0078,0.0011,0.0005,0.0004,0.0001,0.0366,0.0069,0.0,0.0008,0.0,65.0,0.0,2.0,63.0,0.0,0.0,0.0,0.0,0.0,0.0,0.0,0.0,0.0,0.0,0.0,0.0,0.0,0.0,0.0,0.0,0.0,0.0,0.0,8.0,2.0,1.0
458,3.813182499999999,0,8.3299,1.6413,0.8627,1.1466,0.0723,0.0027,0.0014,0.0001,0.0112,0.0178,0.0016,0.0007,0.0062,0.0001,0.0013,0.0011,0.0,0.0001,0.0082,0.0011,0.0004,0.0004,0.0,0.0436,0.0085,0.0,0.0005,0.0,65.0,0.0,2.0,63.0,0.0,0.0,0.0,0.0,0.0,0.0,0.0,0.0,0.0,0.0,0.0,0.0,0.0,0.0,0.0,0.0,0.0,0.0,0.0,8.0,2.0,1.0
459,3.821512399999999,0,8.3065,1.5649,0.8322,1.0412,0.062,0.0037,0.0015,0.0002,0.005,0.0128,0.0014,0.0006,0.0056,0.0002,0.0016,0.0012,0.0001,0.0001,0.0083,0.0011,0.0004,0.0004,0.0,0.0372,0.0068,0.0001,0.0008,0.0,65.0,0.0,2.0,63.0,0.0,0.0,0.0,0.0,0.0,0.0,0.0,0.0,0.0,0.0,0.0,0.0,0.0,0.0,0.0,0.0,0.0,0.0,0.0,8.0,2.0,1.0
460,3.8298188999999994,0,8.4225,1.5697,0.8539,1.1321,0.0711,0.001,0.0019,0.0001,0.0113,0.0164,0.002,0.0008,0.0071,0.0002,0.0017,0.0012,0.0,0.0001,0.0081,0.0011,0.0005,0.0003,0.0,0.0435,0.0078,0.0001,0.0007,0.0,65.0,0.0,2.0,63.0,0.0,0.0,0.0,0.0,0.0,0.0,0.0,0.0,0.0,0.0,0.0,0.0,0.0,0.0,0.0,0.0,0.0,0.0,0.0,8.0,2.0,1.0
461,3.8382413999999994,0,8.3325,1.6407,0.9039,1.1009,0.0657,0.0026,0.0015,0.0002,0.0041,0.0111,0.0016,0.0005,0.007,0.0002,0.0014,0.0017,0.0001,0.0001,0.0081,0.0011,0.0008,0.0005,0.0,0.0384,0.0075,0.0001,0.0008,0.0,65.0,0.0,2.0,63.0,0.0,0.0,0.0,0.0,0.0,0.0,0.0,0.0,0.0,0.0,0.0,0.0,0.0,0.0,0.0,0.0,0.0,0.0,0.0,8.0,2.0,1.0
462,3.846573899999999,0,8.3291,1.6067,0.899,1.0765,0.0729,0.0029,0.0014,0.0002,0.0104,0.0168,0.0017,0.0007,0.0075,0.0007,0.0015,0.0013,0.0001,0.0001,0.0081,0.0017,0.0004,0.0005,0.0,0.045,0.0088,0.0001,0.0008,0.0,65.0,0.0,2.0,63.0,0.0,0.0,0.0,0.0,0.0,0.0,0.0,0.0,0.0,0.0,0.0,0.0,0.0,0.0,0.0,0.0,0.0,0.0,0.0,8.0,2.0,1.0
463,3.8549029999999993,0,8.2856,1.5479,0.9,1.1875,0.0651,0.0034,0.0014,0.0001,0.0061,0.0133,0.0013,0.0005,0.0061,0.0001,0.0019,0.0012,0.0,0.0001,0.0078,0.0013,0.0005,0.0004,0.0,0.0387,0.0072,0.0,0.0007,0.0,65.0,0.0,2.0,63.0,0.0,0.0,0.0,0.0,0.0,0.0,0.0,0.0,0.0,0.0,0.0,0.0,0.0,0.0,0.0,0.0,0.0,0.0,0.0,8.0,2.0,1.0
464,3.863188599999999,0,8.4674,1.6442,0.9107,1.0938,0.0768,0.0034,0.0015,0.0002,0.011,0.0181,0.0023,0.0007,0.0078,0.0002,0.0015,0.0016,0.0001,0.0001,0.0075,0.0017,0.0004,0.0005,0.0,0.0459,0.0086,0.0001,0.001,0.0,65.0,0.0,2.0,63.0,0.0,0.0,0.0,0.0,0.0,0.0,0.0,0.0,0.0,0.0,0.0,0.0,0.0,0.0,0.0,0.0,0.0,0.0,0.0,8.0,2.0,1.0
465,3.871655999999999,0,8.236,1.6643,0.9504,1.0687,0.0705,0.0041,0.0017,0.0002,0.0064,0.0147,0.0015,0.0008,0.008,0.0002,0.0013,0.0013,0.0,0.0002,0.0085,0.0013,0.001,0.0004,0.0,0.0442,0.0053,0.0001,0.0008,0.0,65.0,0.0,2.0,63.0,0.0,0.0,0.0,0.0,0.0,0.0,0.0,0.0,0.0,0.0,0.0,0.0,0.0,0.0,0.0,0.0,0.0,0.0,0.0,8.0,2.0,1.0
466,3.879891999999999,0,8.2825,1.5372,0.8782,1.0739,0.0725,0.001,0.0047,0.0002,0.0116,0.0198,0.0018,0.0006,0.0068,0.0002,0.0011,0.0013,0.0001,0.0001,0.0083,0.0011,0.0004,0.0003,0.0001,0.0457,0.0073,0.0001,0.0007,0.0,65.0,0.0,2.0,63.0,0.0,0.0,0.0,0.0,0.0,0.0,0.0,0.0,0.0,0.0,0.0,0.0,0.0,0.0,0.0,0.0,0.0,0.0,0.0,8.0,2.0,1.0
467,3.888174499999999,0,8.4512,1.6092,0.8637,1.0461,0.069,0.0043,0.0018,0.0002,0.0063,0.0148,0.0019,0.0008,0.0072,0.0002,0.0013,0.0015,0.0001,0.0001,0.0086,0.0014,0.0004,0.0004,0.0,0.0428,0.0049,0.0001,0.0007,0.0,65.0,0.0,2.0,63.0,0.0,0.0,0.0,0.0,0.0,0.0,0.0,0.0,0.0,0.0,0.0,0.0,0.0,0.0,0.0,0.0,0.0,0.0,0.0,8.0,2.0,1.0
468,3.896625699999999,0,8.3864,1.6059,1.0481,1.0686,0.0866,0.003,0.0019,0.0003,0.0132,0.0212,0.0022,0.001,0.0082,0.0003,0.002,0.0017,0.0001,0.0002,0.0089,0.0014,0.0005,0.0006,0.0,0.0521,0.0088,0.0001,0.0006,0.0,65.0,0.0,2.0,63.0,0.0,0.0,0.0,0.0,0.0,0.0,0.0,0.0,0.0,0.0,0.0,0.0,0.0,0.0,0.0,0.0,0.0,0.0,0.0,8.0,2.0,1.0
469,3.905012099999999,0,8.1567,1.662,0.9202,1.1491,0.0589,0.0012,0.0021,0.0002,0.0068,0.0126,0.0014,0.0006,0.0055,0.0002,0.0015,0.0011,0.0,0.0,0.0073,0.0015,0.0004,0.0005,0.0001,0.0357,0.0049,0.0001,0.0006,0.0,65.0,0.0,2.0,63.0,0.0,0.0,0.0,0.0,0.0,0.0,0.0,0.0,0.0,0.0,0.0,0.0,0.0,0.0,0.0,0.0,0.0,0.0,0.0,8.0,2.0,1.0
470,3.913168799999999,0,8.3896,1.4827,0.8561,1.1595,0.0715,0.0031,0.0016,0.0001,0.0098,0.0168,0.0016,0.0012,0.0072,0.0002,0.0012,0.0013,0.0,0.0002,0.0084,0.0011,0.0004,0.0005,0.0,0.0425,0.008,0.0,0.0007,0.0,65.0,0.0,2.0,63.0,0.0,0.0,0.0,0.0,0.0,0.0,0.0,0.0,0.0,0.0,0.0,0.0,0.0,0.0,0.0,0.0,0.0,0.0,0.0,8.0,2.0,1.0
471,3.921558399999999,0,8.4541,1.6083,0.9148,1.0802,0.0685,0.0031,0.0015,0.0002,0.004,0.0118,0.0016,0.0008,0.007,0.0001,0.0017,0.0012,0.0001,0.0004,0.0082,0.0011,0.0004,0.0004,0.0,0.0384,0.0089,0.0,0.0008,0.0,65.0,0.0,2.0,63.0,0.0,0.0,0.0,0.0,0.0,0.0,0.0,0.0,0.0,0.0,0.0,0.0,0.0,0.0,0.0,0.0,0.0,0.0,0.0,8.0,2.0,1.0
472,3.930012499999999,0,8.1877,1.6072,1.0057,1.2595,0.0698,0.0026,0.0013,0.0002,0.0133,0.0192,0.0014,0.0012,0.0065,0.0002,0.0014,0.0013,0.0001,0.0001,0.0075,0.0008,0.0004,0.0004,0.0,0.0434,0.0072,0.0,0.0007,0.0,65.0,0.0,2.0,63.0,0.0,0.0,0.0,0.0,0.0,0.0,0.0,0.0,0.0,0.0,0.0,0.0,0.0,0.0,0.0,0.0,0.0,0.0,0.0,8.0,2.0,1.0
473,3.938200199999999,0,8.323,1.5658,0.8287,1.1122,0.0632,0.0027,0.0017,0.0001,0.004,0.0106,0.0021,0.0007,0.0073,0.0001,0.0011,0.0011,0.0,0.0,0.0081,0.0013,0.0004,0.0004,0.0001,0.0367,0.0077,0.0001,0.0007,0.0,65.0,0.0,2.0,63.0,0.0,0.0,0.0,0.0,0.0,0.0,0.0,0.0,0.0,0.0,0.0,0.0,0.0,0.0,0.0,0.0,0.0,0.0,0.0,8.0,2.0,1.0
474,3.946523199999999,0,8.3519,1.5828,0.8954,1.0684,0.0755,0.0011,0.0036,0.0003,0.0107,0.0176,0.0016,0.0007,0.0073,0.0001,0.0016,0.0014,0.0,0.0005,0.0088,0.0012,0.0004,0.0005,0.0001,0.0463,0.0079,0.0,0.0006,0.0,65.0,0.0,2.0,63.0,0.0,0.0,0.0,0.0,0.0,0.0,0.0,0.0,0.0,0.0,0.0,0.0,0.0,0.0,0.0,0.0,0.0,0.0,0.0,8.0,2.0,1.0
475,3.954875099999999,0,8.3553,1.611,0.8505,1.0827,0.0612,0.0023,0.0017,0.0003,0.0058,0.0125,0.0013,0.0005,0.0061,0.0002,0.0018,0.0014,0.0001,0.0006,0.0072,0.0009,0.0004,0.0004,0.0,0.0366,0.0068,0.0,0.0008,0.0,65.0,0.0,2.0,63.0,0.0,0.0,0.0,0.0,0.0,0.0,0.0,0.0,0.0,0.0,0.0,0.0,0.0,0.0,0.0,0.0,0.0,0.0,0.0,8.0,2.0,1.0
476,3.9632303999999987,0,8.3865,1.6419,0.9231,1.0596,0.0766,0.0027,0.0017,0.0004,0.0114,0.0189,0.0016,0.0008,0.0066,0.0002,0.0014,0.0019,0.0001,0.0001,0.0079,0.0012,0.0009,0.0004,0.0,0.0457,0.0083,0.0001,0.0008,0.0,65.0,0.0,2.0,63.0,0.0,0.0,0.0,0.0,0.0,0.0,0.0,0.0,0.0,0.0,0.0,0.0,0.0,0.0,0.0,0.0,0.0,0.0,0.0,8.0,2.0,1.0
477,3.9716168999999986,0,8.5859,1.5755,0.9117,1.0507,0.0677,0.0032,0.0016,0.0003,0.0058,0.0133,0.0016,0.0007,0.0065,0.0001,0.0013,0.0018,0.0001,0.0001,0.0079,0.0016,0.0004,0.0005,0.0,0.0399,0.0076,0.0001,0.0005,0.0,65.0,0.0,2.0,63.0,0.0,0.0,0.0,0.0,0.0,0.0,0.0,0.0,0.0,0.0,0.0,0.0,0.0,0.0,0.0,0.0,0.0,0.0,0.0,8.0,2.0,1.0
478,3.9802027999999985,0,19.3079,1.5669,12.2026,1.1491,0.5028,0.0033,0.0018,0.0002,0.0423,0.0498,0.0017,0.0009,0.0101,0.0001,0.0016,0.0015,0.0002,0.0001,0.0094,0.0016,0.0004,0.0006,0.0,0.092,0.0208,0.0001,0.0125,0.0,125.0,0.0,62.0,63.0,0.0,0.0,0.0,0.0,0.0,0.0,0.0,0.0,0.0,0.0,0.0,0.0,0.0,0.0,0.0,0.0,0.0,0.0,0.0,8.0,2.0,1.0
479,3.9995106999999983,0,4.6126,5.2059,1.6618,1.1491,0.1754,0.0017,0.0024,0.0007,0.0383,0.0455,0.0042,0.0016,0.015,0.0003,0.0029,0.0024,0.0002,0.0001,0.012,0.0021,0.0005,0.0039,0.0001,0.1095,0.0226,0.0001,0.0034,0.0,125.0,0.0,62.0,63.0,37.0,0.0,0.0,0.0,0.0,0.0,0.0,0.0,0.0,0.0,0.0,0.0,0.0,0.0,0.0,0.0,0.0,0.0,0.0,8.0,2.0,1.0
480,4.004123299999998,0,10.8981,2.5799,1.6805,2.1502,0.2007,0.0025,0.0036,0.0002,0.0441,0.0524,0.0024,0.001,0.0103,0.0001,0.0018,0.0014,0.0001,0.0001,0.0087,0.0012,0.0004,0.0019,0.0001,0.0903,0.0445,0.0001,0.0032,0.0,125.0,0.0,62.0,63.0,36.0,0.0,0.0,0.0,0.0,0.0,0.0,0.0,0.0,0.0,0.0,0.0,0.0,0.0,0.0,0.0,0.0,0.0,0.0,8.0,2.0,1.0
481,4.015021399999998,0,5.5178,11.4348,1.9317,2.6831,0.1749,0.0037,0.0038,0.0002,0.0333,0.0431,0.0029,0.0016,0.0135,0.0002,0.0018,0.0017,0.0001,0.0002,0.0101,0.0014,0.0005,0.0023,0.0,0.0905,0.0292,0.0001,0.0038,0.0,125.0,0.0,62.0,63.0,36.0,0.0,0.0,0.0,0.0,0.0,0.0,0.0,0.0,0.0,0.0,0.0,0.0,0.0,0.0,0.0,0.0,0.0,0.0,8.0,2.0,1.0
482,4.020539199999998,0,6.548,4.7469,2.2381,1.8274,0.1793,0.0029,0.0035,0.0002,0.0423,0.0513,0.002,0.0011,0.0113,0.0001,0.0014,0.0016,0.0001,0.0002,0.0091,0.0011,0.0009,0.0022,0.0,0.094,0.0209,0.0001,0.0046,0.0,125.0,0.0,62.0,63.0,36.0,0.0,0.0,0.0,0.0,0.0,0.0,0.0,0.0,0.0,0.0,0.0,0.0,0.0,0.0,0.0,0.0,0.0,0.0,8.0,2.0,1.0
483,4.027087199999999,0,7.6125,4.8947,2.1148,1.4952,0.1678,0.0027,0.0036,0.0003,0.033,0.0422,0.0021,0.0007,0.0104,0.0007,0.0017,0.0016,0.0001,0.0002,0.0091,0.0011,0.0005,0.0019,0.0001,0.0832,0.0175,0.0001,0.006,0.0,125.0,0.0,62.0,63.0,38.0,0.0,0.0,0.0,0.0,0.0,0.0,0.0,0.0,0.0,0.0,0.0,0.0,0.0,0.0,0.0,0.0,0.0,0.0,8.0,2.0,1.0
484,4.034699699999998,0,8.24,1.8305,1.7031,1.3545,0.1652,0.0025,0.0034,0.0002,0.0387,0.0474,0.0018,0.0008,0.0101,0.0001,0.0018,0.0015,0.0001,0.0005,0.0086,0.0011,0.0005,0.0021,0.0,0.0858,0.0168,0.0,0.0048,0.0,125.0,0.0,62.0,63.0,38.0,0.0,0.0,0.0,0.0,0.0,0.0,0.0,0.0,0.0,0.0,0.0,0.0,0.0,0.0,0.0,0.0,0.0,0.0,8.0,2.0,1.0
485,4.042939699999998,0,8.2188,1.7173,1.6856,1.7198,0.1427,0.0025,0.0032,0.0001,0.0309,0.0389,0.0018,0.0006,0.0074,0.0001,0.0015,0.0021,0.0002,0.0002,0.0085,0.0014,0.0004,0.0019,0.0,0.0739,0.0126,0.0001,0.0055,0.0,125.0,0.0,62.0,63.0,38.0,0.0,0.0,0.0,0.0,0.0,0.0,0.0,0.0,0.0,0.0,0.0,0.0,0.0,0.0,0.0,0.0,0.0,0.0,8.0,2.0,1.0
486,4.051158499999998,0,8.3553,1.7345,1.6096,1.6096,0.1542,0.0027,0.0034,0.0001,0.0367,0.0451,0.002,0.0007,0.0078,0.0002,0.002,0.0014,0.0002,0.0001,0.008,0.001,0.0004,0.0019,0.0001,0.0793,0.0165,0.0,0.0064,0.0,125.0,0.0,62.0,63.0,38.0,0.0,0.0,0.0,0.0,0.0,0.0,0.0,0.0,0.0,0.0,0.0,0.0,0.0,0.0,0.0,0.0,0.0,0.0,8.0,2.0,1.0
487,4.059513799999998,0,8.3162,1.7978,1.6146,1.4603,0.1433,0.0026,0.0032,0.0001,0.0284,0.0369,0.0019,0.0008,0.0075,0.0002,0.0014,0.0018,0.0001,0.0001,0.0084,0.0016,0.0004,0.0018,0.0,0.0722,0.0136,0.0001,0.0051,0.0,125.0,0.0,62.0,63.0,38.0,0.0,0.0,0.0,0.0,0.0,0.0,0.0,0.0,0.0,0.0,0.0,0.0,0.0,0.0,0.0,0.0,0.0,0.0,8.0,2.0,1.0
488,4.067829999999998,0,8.3795,1.6967,1.6895,1.6225,0.1692,0.0027,0.0036,0.0003,0.0381,0.047,0.0029,0.0008,0.0121,0.0001,0.0019,0.0013,0.0001,0.0001,0.0086,0.0012,0.0011,0.0022,0.0001,0.0906,0.0192,0.0001,0.0047,0.0,125.0,0.0,62.0,63.0,38.0,0.0,0.0,0.0,0.0,0.0,0.0,0.0,0.0,0.0,0.0,0.0,0.0,0.0,0.0,0.0,0.0,0.0,0.0,8.0,2.0,1.0
489,4.076209499999998,0,8.3085,1.6382,1.7252,1.5712,0.1645,0.0033,0.0037,0.0003,0.0334,0.0434,0.0023,0.0008,0.0106,0.0002,0.0016,0.0019,0.0001,0.0001,0.0089,0.0015,0.0004,0.0023,0.0,0.0858,0.0142,0.0,0.0059,0.0,125.0,0.0,62.0,63.0,40.0,0.0,0.0,0.0,0.0,0.0,0.0,0.0,0.0,0.0,0.0,0.0,0.0,0.0,0.0,0.0,0.0,0.0,0.0,8.0,2.0,1.0
490,4.084517999999998,0,8.3126,1.7274,1.6235,1.5572,0.1657,0.0027,0.0048,0.0001,0.0419,0.0517,0.0024,0.0008,0.0114,0.0002,0.0019,0.0015,0.0001,0.0001,0.0084,0.0011,0.0004,0.0023,0.0,0.0921,0.016,0.0001,0.0063,0.0,125.0,0.0,62.0,63.0,42.0,0.0,0.0,0.0,0.0,0.0,0.0,0.0,0.0,0.0,0.0,0.0,0.0,0.0,0.0,0.0,0.0,0.0,0.0,8.0,2.0,1.0
491,4.092830599999998,0,8.3977,1.813,1.6876,1.6104,0.1546,0.0029,0.0048,0.0002,0.0297,0.0399,0.0025,0.0009,0.0096,0.0001,0.0013,0.0019,0.0001,0.0001,0.008,0.001,0.0008,0.0021,0.0001,0.0783,0.0165,0.0001,0.0046,0.0,125.0,0.0,62.0,63.0,42.0,0.0,0.0,0.0,0.0,0.0,0.0,0.0,0.0,0.0,0.0,0.0,0.0,0.0,0.0,0.0,0.0,0.0,0.0,8.0,2.0,1.0
492,4.101228299999998,0,8.3322,1.7157,1.6965,1.5052,0.1736,0.0025,0.0045,0.0002,0.0411,0.0509,0.0033,0.0017,0.0124,0.0006,0.0015,0.0021,0.0001,0.0002,0.0082,0.0013,0.0005,0.0025,0.0,0.0946,0.019,0.0001,0.0065,0.0,125.0,0.0,62.0,63.0,44.0,0.0,0.0,0.0,0.0,0.0,0.0,0.0,0.0,0.0,0.0,0.0,0.0,0.0,0.0,0.0,0.0,0.0,0.0,8.0,2.0,1.0
493,4.109560499999998,0,8.3367,1.7347,1.6775,1.4882,0.1511,0.0026,0.0044,0.0002,0.0305,0.0398,0.0023,0.0006,0.009,0.0001,0.0013,0.0015,0.0001,0.0001,0.0084,0.0011,0.0004,0.002,0.0,0.0764,0.0164,0.0,0.0057,0.0,125.0,0.0,62.0,63.0,44.0,0.0,0.0,0.0,0.0,0.0,0.0,0.0,0.0,0.0,0.0,0.0,0.0,0.0,0.0,0.0,0.0,0.0,0.0,8.0,2.0,1.0
494,4.117897199999998,0,8.4149,1.6879,1.7895,1.556,0.1535,0.0024,0.0047,0.0002,0.0361,0.0455,0.002,0.0006,0.0087,0.0001,0.002,0.0014,0.0001,0.0001,0.0077,0.0012,0.0004,0.0021,0.0,0.0814,0.0137,0.0,0.0059,0.0,125.0,0.0,62.0,63.0,44.0,0.0,0.0,0.0,0.0,0.0,0.0,0.0,0.0,0.0,0.0,0.0,0.0,0.0,0.0,0.0,0.0,0.0,0.0,8.0,2.0,1.0
495,4.126312099999998,0,8.3593,1.6549,1.807,1.5728,0.1753,0.0031,0.0069,0.0003,0.0301,0.0427,0.0027,0.0007,0.0111,0.0001,0.002,0.0017,0.0001,0.0001,0.0082,0.0013,0.0005,0.0026,0.0,0.0842,0.0192,0.0001,0.0066,0.0,125.0,0.0,62.0,63.0,46.0,0.0,0.0,0.0,0.0,0.0,0.0,0.0,0.0,0.0,0.0,0.0,0.0,0.0,0.0,0.0,0.0,0.0,0.0,8.0,2.0,1.0
496,4.134671399999998,0,8.2069,1.8829,1.7075,1.5668,0.1714,0.003,0.0055,0.0002,0.0401,0.0508,0.0022,0.0008,0.0099,0.0001,0.0014,0.002,0.0001,0.0001,0.0077,0.0017,0.0005,0.0024,0.0,0.0914,0.0177,0.0,0.0074,0.0,125.0,0.0,62.0,63.0,46.0,0.0,0.0,0.0,0.0,0.0,0.0,0.0,0.0,0.0,0.0,0.0,0.0,0.0,0.0,0.0,0.0,0.0,0.0,8.0,2.0,1.0
497,4.142878299999999,0,8.257,1.7263,1.6168,1.4077,0.1401,0.0024,0.0049,0.0001,0.0289,0.038,0.0019,0.0006,0.0086,0.0001,0.0017,0.0013,0.0001,0.0002,0.0076,0.001,0.0004,0.002,0.0001,0.0718,0.0135,0.0,0.0072,0.0,125.0,0.0,62.0,63.0,46.0,0.0,0.0,0.0,0.0,0.0,0.0,0.0,0.0,0.0,0.0,0.0,0.0,0.0,0.0,0.0,0.0,0.0,0.0,8.0,2.0,1.0
498,4.151135299999999,0,8.3295,1.7265,1.59,1.6067,0.1549,0.0023,0.0045,0.0001,0.036,0.0453,0.002,0.0006,0.0105,0.0001,0.0011,0.0018,0.0,0.0001,0.0075,0.0011,0.0008,0.0021,0.0,0.0827,0.0172,0.0,0.0079,0.0,125.0,0.0,62.0,63.0,46.0,0.0,0.0,0.0,0.0,0.0,0.0,0.0,0.0,0.0,0.0,0.0,0.0,0.0,0.0,0.0,0.0,0.0,0.0,8.0,2.0,1.0
499,4.159464799999999,0,8.5,1.7331,1.6991,1.8141,0.1634,0.0032,0.0075,0.0002,0.024,0.0379,0.0028,0.0008,0.0087,0.0001,0.0013,0.0016,0.0001,0.0002,0.0083,0.0013,0.0004,0.0026,0.0,0.0779,0.0141,0.0002,0.0069,0.0,125.0,0.0,62.0,63.0,46.0,0.0,0.0,0.0,0.0,0.0,0.0,0.0,0.0,0.0,0.0,0.0,0.0,0.0,0.0,0.0,0.0,0.0,0.0,8.0,2.0,1.0
500,4.167964799999999,0,8.2217,1.8098,1.6927,1.6276,0.1622,0.0028,0.0047,0.0002,0.0359,0.0459,0.0026,0.0007,0.0105,0.0001,0.0015,0.0019,0.0,0.0001,0.0082,0.0016,0.0004,0.0028,0.0,0.0856,0.0168,0.0001,0.0073,0.0,125.0,0.0,62.0,63.0,46.0,0.0,0.0,0.0,0.0,0.0,0.0,0.0,0.0,0.0,0.0,0.0,0.0,0.0,0.0,0.0,0.0,0.0,0.0,8.0,2.0,1.0
501,4.176186499999999,0,8.4369,1.6134,1.7239,1.8399,0.1641,0.0031,0.005,0.0003,0.0304,0.0408,0.0019,0.0008,0.0103,0.0001,0.0019,0.0016,0.0,0.0001,0.0087,0.0011,0.0005,0.0027,0.0,0.0812,0.0168,0.0001,0.0064,0.0,125.0,0.0,62.0,63.0,46.0,0.0,0.0,0.0,0.0,0.0,0.0,0.0,0.0,0.0,0.0,0.0,0.0,0.0,0.0,0.0,0.0,0.0,0.0,8.0,2.0,1.0
502,4.1846233999999995,0,8.2625,1.8385,1.7275,1.7335,0.1754,0.0047,0.0063,0.0002,0.0393,0.0528,0.0023,0.0008,0.0107,0.0001,0.0019,0.0014,0.0001,0.0001,0.0084,0.0013,0.0005,0.0025,0.0,0.0948,0.0157,0.0,0.0066,0.0,125.0,0.0,62.0,63.0,46.0,0.0,0.0,0.0,0.0,0.0,0.0,0.0,0.0,0.0,0.0,0.0,0.0,0.0,0.0,0.0,0.0,0.0,0.0,8.0,2.0,1.0
503,4.192885899999999,0,8.3022,1.6621,1.6373,1.5372,0.1512,0.0034,0.0064,0.0002,0.0251,0.0377,0.0018,0.0007,0.0101,0.0002,0.0021,0.0014,0.0002,0.0001,0.0081,0.0013,0.0004,0.0021,0.0,0.0748,0.0165,0.0001,0.0066,0.0,125.0,0.0,62.0,63.0,46.0,0.0,0.0,0.0,0.0,0.0,0.0,0.0,0.0,0.0,0.0,0.0,0.0,0.0,0.0,0.0,0.0,0.0,0.0,8.0,2.0,1.0
504,4.2011880999999995,0,8.2845,1.7614,1.656,1.6894,0.1501,0.005,0.0075,0.0002,0.0225,0.0372,0.002,0.0007,0.0095,0.0001,0.0015,0.0016,0.0,0.0002,0.0081,0.0011,0.0005,0.0022,0.0,0.0746,0.0177,0.0001,0.0072,0.0,125.0,0.0,62.0,63.0,46.0,0.0,0.0,0.0,0.0,0.0,0.0,0.0,0.0,0.0,0.0,0.0,0.0,0.0,0.0,0.0,0.0,0.0,0.0,8.0,2.0,1.0
505,4.2094726,0,8.2763,1.8204,1.5638,1.408,0.1381,0.0024,0.0062,0.0002,0.0235,0.0346,0.0019,0.0012,0.01,0.0001,0.002,0.0013,0.0001,0.0001,0.008,0.0012,0.0004,0.0021,0.0,0.0705,0.012,0.0,0.0066,0.0,125.0,0.0,62.0,63.0,46.0,0.0,0.0,0.0,0.0,0.0,0.0,0.0,0.0,0.0,0.0,0.0,0.0,0.0,0.0,0.0,0.0,0.0,0.0,8.0,2.0,1.0
506,4.2177489,0,8.4591,1.6779,1.5146,1.4954,0.1604,0.0041,0.0056,0.0002,0.0332,0.0452,0.0021,0.0007,0.0094,0.0001,0.0014,0.0013,0.0001,0.0004,0.0082,0.0012,0.0003,0.0023,0.0001,0.0826,0.0185,0.0001,0.0068,0.0,125.0,0.0,62.0,63.0,46.0,0.0,0.0,0.0,0.0,0.0,0.0,0.0,0.0,0.0,0.0,0.0,0.0,0.0,0.0,0.0,0.0,0.0,0.0,8.0,2.0,1.0
507,4.226208,0,8.3491,1.7166,1.7837,1.6654,0.1423,0.0029,0.0058,0.0001,0.0258,0.0366,0.0022,0.0006,0.0087,0.0001,0.0015,0.0015,0.0005,0.0001,0.0079,0.0011,0.0005,0.0025,0.0,0.0723,0.0132,0.0001,0.0073,0.0,125.0,0.0,62.0,63.0,46.0,0.0,0.0,0.0,0.0,0.0,0.0,0.0,0.0,0.0,0.0,0.0,0.0,0.0,0.0,0.0,0.0,0.0,0.0,8.0,2.0,1.0
508,4.2345571,0,8.3162,1.6629,1.732,1.6838,0.1641,0.0031,0.0047,0.0002,0.04,0.0503,0.0024,0.0011,0.0112,0.0002,0.0015,0.0016,0.0001,0.0001,0.008,0.0012,0.0005,0.0024,0.0,0.09,0.0135,0.0001,0.0081,0.0,125.0,0.0,62.0,63.0,48.0,0.0,0.0,0.0,0.0,0.0,0.0,0.0,0.0,0.0,0.0,0.0,0.0,0.0,0.0,0.0,0.0,0.0,0.0,8.0,2.0,1.0
509,4.2428733,0,8.3522,1.753,1.6199,1.826,0.1521,0.0025,0.0057,0.0002,0.0255,0.0363,0.0018,0.0006,0.0097,0.0002,0.0013,0.0015,0.0001,0.0001,0.0086,0.0017,0.0005,0.0022,0.0,0.0741,0.0176,0.0001,0.0077,0.0,125.0,0.0,62.0,63.0,50.0,0.0,0.0,0.0,0.0,0.0,0.0,0.0,0.0,0.0,0.0,0.0,0.0,0.0,0.0,0.0,0.0,0.0,0.0,8.0,2.0,1.0
510,4.2512255,0,8.3254,1.6216,1.7107,1.6098,0.1657,0.0025,0.0049,0.0002,0.0356,0.0449,0.0025,0.0009,0.0121,0.0002,0.0014,0.0019,0.0001,0.0001,0.0079,0.0012,0.0007,0.0025,0.0,0.0875,0.0166,0.0001,0.0066,0.0,125.0,0.0,62.0,63.0,52.0,0.0,0.0,0.0,0.0,0.0,0.0,0.0,0.0,0.0,0.0,0.0,0.0,0.0,0.0,0.0,0.0,0.0,0.0,8.0,2.0,1.0
511,4.259550900000001,0,8.3256,1.7437,1.7008,1.5245,0.1405,0.0023,0.0048,0.0001,0.0251,0.0344,0.0018,0.0005,0.0071,0.0002,0.0013,0.002,0.0001,0.0002,0.0077,0.0009,0.0009,0.0021,0.0,0.0691,0.0155,0.0002,0.0067,0.0,125.0,0.0,62.0,63.0,52.0,0.0,0.0,0.0,0.0,0.0,0.0,0.0,0.0,0.0,0.0,0.0,0.0,0.0,0.0,0.0,0.0,0.0,0.0,8.0,2.0,1.0
512,4.267876500000001,0,8.3856,1.7084,1.7699,1.6141,0.1685,0.0031,0.0057,0.0002,0.0336,0.0448,0.0026,0.0008,0.0103,0.0001,0.0014,0.0021,0.0001,0.0001,0.0081,0.0012,0.0006,0.0028,0.0001,0.0855,0.0188,0.0,0.0093,0.0,125.0,0.0,62.0,63.0,56.0,0.0,0.0,0.0,0.0,0.0,0.0,0.0,0.0,0.0,0.0,0.0,0.0,0.0,0.0,0.0,0.0,0.0,0.0,8.0,2.0,1.0
513,4.276262100000001,0,8.2578,1.7817,1.6111,1.5635,0.1512,0.0026,0.0052,0.0002,0.028,0.0379,0.002,0.001,0.0103,0.0001,0.002,0.0014,0.0,0.0002,0.0082,0.001,0.0004,0.0022,0.0,0.076,0.0171,0.0,0.0098,0.0,125.0,0.0,62.0,63.0,56.0,0.0,0.0,0.0,0.0,0.0,0.0,0.0,0.0,0.0,0.0,0.0,0.0,0.0,0.0,0.0,0.0,0.0,0.0,8.0,2.0,1.0
514,4.284519900000001,0,8.5476,1.7155,1.8255,1.6313,0.1775,0.0028,0.0056,0.0002,0.0363,0.0475,0.0021,0.0007,0.0112,0.0001,0.0016,0.0014,0.0001,0.0001,0.0087,0.0012,0.0005,0.0026,0.0,0.09,0.0221,0.0,0.0095,0.0,125.0,0.0,62.0,63.0,56.0,0.0,0.0,0.0,0.0,0.0,0.0,0.0,0.0,0.0,0.0,0.0,0.0,0.0,0.0,0.0,0.0,0.0,0.0,8.0,2.0,1.0
515,4.293067500000001,0,8.2242,1.8222,1.7801,1.5195,0.1634,0.0026,0.0049,0.0001,0.0269,0.0369,0.0021,0.0008,0.0108,0.0001,0.0015,0.0019,0.0001,0.0001,0.0086,0.0016,0.0005,0.003,0.0001,0.0788,0.02,0.0,0.0088,0.0,125.0,0.0,62.0,63.0,56.0,0.0,0.0,0.0,0.0,0.0,0.0,0.0,0.0,0.0,0.0,0.0,0.0,0.0,0.0,0.0,0.0,0.0,0.0,8.0,2.0,1.0
516,4.301291700000001,0,8.3471,1.6095,1.7425,1.5633,0.1739,0.0036,0.0056,0.0002,0.0342,0.046,0.0022,0.0007,0.0111,0.0001,0.0019,0.0014,0.0001,0.0001,0.0096,0.0015,0.0005,0.0026,0.0001,0.0887,0.0165,0.0001,0.009,0.0,125.0,0.0,62.0,63.0,58.0,0.0,0.0,0.0,0.0,0.0,0.0,0.0,0.0,0.0,0.0,0.0,0.0,0.0,0.0,0.0,0.0,0.0,0.0,8.0,2.0,1.0
517,4.309638800000001,0,8.2674,1.7841,1.7116,1.6323,0.1644,0.0032,0.008,0.0002,0.0245,0.0385,0.0022,0.0007,0.0111,0.0002,0.0014,0.0012,0.0001,0.0001,0.0082,0.0012,0.0005,0.0028,0.0,0.0788,0.0184,0.0,0.0081,0.0,125.0,0.0,62.0,63.0,58.0,0.0,0.0,0.0,0.0,0.0,0.0,0.0,0.0,0.0,0.0,0.0,0.0,0.0,0.0,0.0,0.0,0.0,0.0,8.0,2.0,1.0
518,4.317906200000001,0,8.3054,1.6682,1.7111,1.6873,0.1578,0.0028,0.0061,0.0002,0.0323,0.0434,0.002,0.0006,0.009,0.0002,0.0019,0.0013,0.0001,0.0005,0.0079,0.0011,0.0005,0.0024,0.0,0.0801,0.0183,0.0001,0.0091,0.0,125.0,0.0,62.0,63.0,58.0,0.0,0.0,0.0,0.0,0.0,0.0,0.0,0.0,0.0,0.0,0.0,0.0,0.0,0.0,0.0,0.0,0.0,0.0,8.0,2.0,1.0
519,4.3262116000000015,0,8.3756,1.8636,1.605,1.4834,0.1546,0.0024,0.0058,0.0002,0.0304,0.0413,0.0025,0.0004,0.0092,0.0001,0.0015,0.0011,0.0001,0.0002,0.0079,0.0011,0.0004,0.0023,0.0,0.0774,0.0165,0.0,0.008,0.0,125.0,0.0,62.0,63.0,58.0,0.0,0.0,0.0,0.0,0.0,0.0,0.0,0.0,0.0,0.0,0.0,0.0,0.0,0.0,0.0,0.0,0.0,0.0,8.0,2.0,1.0
520,4.334587200000001,0,8.3621,1.7872,1.8391,1.6133,0.1773,0.0028,0.0044,0.0002,0.0404,0.0501,0.0028,0.001,0.0125,0.0002,0.0018,0.0014,0.0001,0.0001,0.0088,0.0012,0.0004,0.0031,0.0,0.0939,0.0194,0.0001,0.0093,0.0,125.0,0.0,62.0,63.0,58.0,0.0,0.0,0.0,0.0,0.0,0.0,0.0,0.0,0.0,0.0,0.0,0.0,0.0,0.0,0.0,0.0,0.0,0.0,8.0,2.0,1.0
521,4.342949300000002,0,8.2751,1.785,1.6693,1.4894,0.1609,0.0027,0.0045,0.0002,0.0286,0.0379,0.0025,0.0007,0.0089,0.0002,0.0017,0.0014,0.0005,0.0001,0.0082,0.0011,0.0009,0.0028,0.0,0.079,0.0175,0.0001,0.0094,0.0,125.0,0.0,62.0,63.0,60.0,0.0,0.0,0.0,0.0,0.0,0.0,0.0,0.0,0.0,0.0,0.0,0.0,0.0,0.0,0.0,0.0,0.0,0.0,8.0,2.0,1.0
522,4.351224400000001,0,8.2988,1.7631,1.6903,1.7124,0.1742,0.0029,0.007,0.0002,0.0371,0.0493,0.0023,0.0008,0.0093,0.0002,0.0014,0.0017,0.0001,0.0001,0.0082,0.0012,0.001,0.0029,0.0,0.0891,0.0183,0.0001,0.0096,0.0,125.0,0.0,62.0,63.0,60.0,0.0,0.0,0.0,0.0,0.0,0.0,0.0,0.0,0.0,0.0,0.0,0.0,0.0,0.0,0.0,0.0,0.0,0.0,8.0,2.0,1.0
523,4.359523200000002,0,8.4847,1.742,1.7732,1.5828,0.1566,0.0026,0.0058,0.0002,0.0267,0.0375,0.0024,0.0006,0.0095,0.0001,0.0013,0.002,0.0,0.0001,0.008,0.0011,0.001,0.0024,0.0001,0.0754,0.019,0.0,0.0104,0.0,125.0,0.0,62.0,63.0,60.0,0.0,0.0,0.0,0.0,0.0,0.0,0.0,0.0,0.0,0.0,0.0,0.0,0.0,0.0,0.0,0.0,0.0,0.0,8.0,2.0,1.0
524,4.368007900000002,0,8.2759,1.7538,1.6894,1.5031,0.1706,0.0027,0.0068,0.0002,0.0396,0.0517,0.0023,0.0007,0.0113,0.0002,0.0014,0.0013,0.0,0.0002,0.0082,0.0011,0.0005,0.0026,0.0,0.0916,0.0188,0.0,0.0097,0.0,125.0,0.0,62.0,63.0,60.0,0.0,0.0,0.0,0.0,0.0,0.0,0.0,0.0,0.0,0.0,0.0,0.0,0.0,0.0,0.0,0.0,0.0,0.0,8.0,2.0,1.0
525,4.376283800000002,0,8.2801,1.7337,1.7528,1.7089,0.1483,0.0026,0.0059,0.0002,0.0248,0.035,0.0018,0.0006,0.0091,0.0001,0.0014,0.0012,0.0001,0.0002,0.0077,0.001,0.0005,0.0027,0.0,0.0712,0.0173,0.0,0.0097,0.0,125.0,0.0,62.0,63.0,60.0,0.0,0.0,0.0,0.0,0.0,0.0,0.0,0.0,0.0,0.0,0.0,0.0,0.0,0.0,0.0,0.0,0.0,0.0,8.0,2.0,1.0
526,4.3845639000000025,0,8.4707,1.6564,1.7838,1.4561,0.1763,0.003,0.0058,0.0002,0.0414,0.0529,0.0022,0.0007,0.0102,0.0002,0.0013,0.0012,0.0,0.0001,0.0087,0.0011,0.0004,0.0028,0.0,0.0919,0.0198,0.0,0.0107,0.0,125.0,0.0,62.0,63.0,60.0,0.0,0.0,0.0,0.0,0.0,0.0,0.0,0.0,0.0,0.0,0.0,0.0,0.0,0.0,0.0,0.0,0.0,0.0,8.0,2.0,1.0
527,4.393034600000003,0,8.3199,1.6199,1.7944,1.5523,0.1723,0.0029,0.0054,0.0002,0.0288,0.0402,0.0022,0.0008,0.0085,0.0001,0.0015,0.002,0.0,0.0001,0.0088,0.0017,0.0005,0.0029,0.0,0.0816,0.0175,0.0,0.0102,0.0,125.0,0.0,62.0,63.0,60.0,0.0,0.0,0.0,0.0,0.0,0.0,0.0,0.0,0.0,0.0,0.0,0.0,0.0,0.0,0.0,0.0,0.0,0.0,8.0,2.0,1.0
528,4.401354500000003,0,8.4748,1.7201,1.9536,1.7042,0.2061,0.0047,0.0078,0.0002,0.0441,0.0599,0.0026,0.0009,0.0129,0.0001,0.0021,0.0017,0.0002,0.0005,0.0087,0.0014,0.0005,0.0031,0.0001,0.1072,0.0217,0.0001,0.0093,0.0,125.0,0.0,62.0,63.0,60.0,0.0,0.0,0.0,0.0,0.0,0.0,0.0,0.0,0.0,0.0,0.0,0.0,0.0,0.0,0.0,0.0,0.0,0.0,8.0,2.0,1.0
529,4.409829300000003,0,8.2282,1.8171,1.929,2.2445,0.1708,0.0025,0.0046,0.0002,0.0321,0.0419,0.0023,0.0013,0.0121,0.0006,0.0015,0.002,0.0,0.0001,0.0088,0.0017,0.0005,0.0028,0.0,0.0861,0.0202,0.0,0.0103,0.0,125.0,0.0,62.0,63.0,60.0,0.0,0.0,0.0,0.0,0.0,0.0,0.0,0.0,0.0,0.0,0.0,0.0,0.0,0.0,0.0,0.0,0.0,0.0,8.0,2.0,1.0
530,4.418057500000002,0,8.2866,1.8142,1.7816,1.5317,0.1656,0.0024,0.0049,0.0001,0.0314,0.0415,0.0024,0.0007,0.0114,0.0001,0.0015,0.0015,0.0001,0.0001,0.0099,0.0012,0.0004,0.0028,0.0,0.0857,0.0172,0.0,0.0092,0.0,125.0,0.0,62.0,63.0,60.0,0.0,0.0,0.0,0.0,0.0,0.0,0.0,0.0,0.0,0.0,0.0,0.0,0.0,0.0,0.0,0.0,0.0,0.0,8.0,2.0,1.0
531,4.426344100000002,0,8.3433,1.9246,1.8147,1.5937,0.169,0.0025,0.0053,0.0002,0.0285,0.0393,0.0028,0.0009,0.0091,0.0002,0.0021,0.0017,0.0001,0.0001,0.0088,0.0012,0.0009,0.0029,0.0,0.0822,0.0207,0.0,0.0099,0.0,125.0,0.0,62.0,63.0,60.0,0.0,0.0,0.0,0.0,0.0,0.0,0.0,0.0,0.0,0.0,0.0,0.0,0.0,0.0,0.0,0.0,0.0,0.0,8.0,2.0,1.0
532,4.434687400000002,0,8.2688,1.7632,1.8072,1.538,0.1654,0.003,0.0061,0.0002,0.0337,0.0452,0.0022,0.0007,0.0096,0.0001,0.0013,0.002,0.0001,0.0001,0.0084,0.0016,0.0005,0.003,0.0,0.0834,0.0185,0.0001,0.0094,0.0,125.0,0.0,62.0,63.0,60.0,0.0,0.0,0.0,0.0,0.0,0.0,0.0,0.0,0.0,0.0,0.0,0.0,0.0,0.0,0.0,0.0,0.0,0.0,8.0,2.0,1.0
533,4.442956200000002,0,8.264,1.8872,1.7084,1.5719,0.1695,0.0028,0.0047,0.0003,0.0354,0.0453,0.0022,0.0011,0.012,0.0001,0.0017,0.0019,0.0001,0.0001,0.0083,0.0016,0.0004,0.0028,0.0001,0.088,0.019,0.0,0.0095,0.0,125.0,0.0,62.0,63.0,60.0,0.0,0.0,0.0,0.0,0.0,0.0,0.0,0.0,0.0,0.0,0.0,0.0,0.0,0.0,0.0,0.0,0.0,0.0,8.0,2.0,1.0
534,4.451220200000002,0,8.386,1.8381,1.7017,1.5725,0.1758,0.0037,0.0071,0.0003,0.0328,0.0467,0.0024,0.0009,0.0113,0.0001,0.0014,0.0015,0.0,0.0001,0.0089,0.0013,0.0009,0.0029,0.0001,0.0888,0.0186,0.0,0.0095,0.0,125.0,0.0,62.0,63.0,60.0,0.0,0.0,0.0,0.0,0.0,0.0,0.0,0.0,0.0,0.0,0.0,0.0,0.0,0.0,0.0,0.0,0.0,0.0,8.0,2.0,1.0
535,4.459606200000001,0,8.4531,1.8458,1.856,1.5146,0.1762,0.0045,0.0067,0.0003,0.0264,0.0405,0.0023,0.0009,0.0099,0.0001,0.0021,0.0015,0.0001,0.0006,0.0083,0.0012,0.0004,0.0029,0.0,0.0825,0.0207,0.0,0.0109,0.0,125.0,0.0,62.0,63.0,60.0,0.0,0.0,0.0,0.0,0.0,0.0,0.0,0.0,0.0,0.0,0.0,0.0,0.0,0.0,0.0,0.0,0.0,0.0,8.0,2.0,1.0
536,4.468059300000001,0,8.2465,1.8097,1.7743,1.6336,0.1799,0.0033,0.0073,0.0002,0.0362,0.0493,0.0023,0.001,0.0104,0.0002,0.0016,0.002,0.0,0.0001,0.0078,0.0013,0.0009,0.0029,0.0,0.0906,0.0201,0.0,0.0086,0.0,125.0,0.0,62.0,63.0,60.0,0.0,0.0,0.0,0.0,0.0,0.0,0.0,0.0,0.0,0.0,0.0,0.0,0.0,0.0,0.0,0.0,0.0,0.0,8.0,2.0,1.0
537,4.476305800000001,0,8.2847,1.7548,1.6952,1.5944,0.178,0.0028,0.007,0.0002,0.0312,0.0446,0.0024,0.0007,0.0099,0.0001,0.0014,0.0017,0.0,0.0002,0.0093,0.0016,0.0004,0.0028,0.0,0.0906,0.0195,0.0,0.0103,0.0,125.0,0.0,62.0,63.0,60.0,0.0,0.0,0.0,0.0,0.0,0.0,0.0,0.0,0.0,0.0,0.0,0.0,0.0,0.0,0.0,0.0,0.0,0.0,8.0,2.0,1.0
538,4.484590500000001,0,8.3743,1.692,1.7612,1.6286,0.1817,0.0026,0.0045,0.0002,0.0455,0.0552,0.003,0.0007,0.0119,0.0001,0.0021,0.0016,0.0,0.0001,0.0083,0.0013,0.0005,0.003,0.0001,0.0993,0.0177,0.0,0.0096,0.0,125.0,0.0,62.0,63.0,60.0,0.0,0.0,0.0,0.0,0.0,0.0,0.0,0.0,0.0,0.0,0.0,0.0,0.0,0.0,0.0,0.0,0.0,0.0,8.0,2.0,1.0
539,4.492964800000001,0,8.4842,1.6598,1.8915,1.6249,0.1648,0.0027,0.0052,0.0001,0.0308,0.0413,0.0021,0.0004,0.0103,0.0001,0.0015,0.0015,0.0002,0.0002,0.0081,0.001,0.0004,0.0024,0.0,0.0804,0.019,0.0,0.0102,0.0,125.0,0.0,62.0,63.0,60.0,0.0,0.0,0.0,0.0,0.0,0.0,0.0,0.0,0.0,0.0,0.0,0.0,0.0,0.0,0.0,0.0,0.0,0.0,8.0,2.0,1.0
540,4.501449000000001,0,8.1284,1.8116,1.7215,1.5627,0.1797,0.0027,0.0057,0.0002,0.0415,0.0522,0.0024,0.0008,0.0108,0.0001,0.002,0.0014,0.0,0.0005,0.0084,0.0013,0.0003,0.003,0.0001,0.0931,0.0203,0.0,0.0079,0.0,125.0,0.0,62.0,63.0,60.0,0.0,0.0,0.0,0.0,0.0,0.0,0.0,0.0,0.0,0.0,0.0,0.0,0.0,0.0,0.0,0.0,0.0,0.0,8.0,2.0,1.0
541,4.509577400000001,0,8.437,1.7467,1.714,1.4892,0.1509,0.0026,0.0064,0.0002,0.025,0.0367,0.0019,0.0009,0.0088,0.0001,0.002,0.0014,0.0,0.0007,0.0082,0.001,0.0004,0.0028,0.0001,0.0741,0.0167,0.0001,0.0082,0.0,125.0,0.0,62.0,63.0,60.0,0.0,0.0,0.0,0.0,0.0,0.0,0.0,0.0,0.0,0.0,0.0,0.0,0.0,0.0,0.0,0.0,0.0,0.0,8.0,2.0,1.0
542,4.518014400000001,0,8.268,1.8346,1.8729,1.7602,0.1727,0.0025,0.0052,0.0002,0.0362,0.0467,0.0023,0.0007,0.011,0.0001,0.0015,0.0014,0.0001,0.0001,0.0079,0.0011,0.0004,0.0031,0.0001,0.088,0.0197,0.0001,0.0106,0.0,125.0,0.0,62.0,63.0,60.0,0.0,0.0,0.0,0.0,0.0,0.0,0.0,0.0,0.0,0.0,0.0,0.0,0.0,0.0,0.0,0.0,0.0,0.0,8.0,2.0,1.0
543,4.526282400000001,0,8.3172,1.9507,1.6634,1.5848,0.1539,0.0026,0.0048,0.0001,0.0276,0.037,0.0019,0.0007,0.0076,0.0002,0.0014,0.0018,0.0,0.0001,0.008,0.001,0.0009,0.0023,0.0,0.0737,0.0174,0.0,0.0093,0.0,125.0,0.0,62.0,63.0,60.0,0.0,0.0,0.0,0.0,0.0,0.0,0.0,0.0,0.0,0.0,0.0,0.0,0.0,0.0,0.0,0.0,0.0,0.0,8.0,2.0,1.0
544,4.534599600000001,0,8.4655,1.7622,1.9118,1.634,0.1946,0.0039,0.0071,0.0003,0.0388,0.0538,0.0027,0.001,0.0113,0.0002,0.0019,0.0015,0.0001,0.0005,0.009,0.0013,0.001,0.0028,0.0001,0.0981,0.0203,0.0,0.0109,0.0,125.0,0.0,62.0,63.0,60.0,0.0,0.0,0.0,0.0,0.0,0.0,0.0,0.0,0.0,0.0,0.0,0.0,0.0,0.0,0.0,0.0,0.0,0.0,8.0,2.0,1.0
545,4.543065100000001,0,8.4559,1.7674,1.8645,2.4019,0.1737,0.0034,0.0081,0.0003,0.0265,0.0408,0.0028,0.0009,0.0089,0.0001,0.002,0.0018,0.0001,0.0002,0.0093,0.0016,0.0005,0.0025,0.0,0.0814,0.0176,0.0001,0.0104,0.0,125.0,0.0,62.0,63.0,60.0,0.0,0.0,0.0,0.0,0.0,0.0,0.0,0.0,0.0,0.0,0.0,0.0,0.0,0.0,0.0,0.0,0.0,0.0,8.0,2.0,1.0
546,4.551521000000001,0,8.3043,1.7913,1.9914,1.6547,0.2507,0.0032,0.0058,0.0002,0.0494,0.0614,0.0035,0.0016,0.016,0.0002,0.0032,0.0026,0.0003,0.0006,0.0138,0.0018,0.0007,0.0097,0.0001,0.133,0.0341,0.0001,0.0095,0.0,125.0,0.0,62.0,63.0,60.0,0.0,0.0,0.0,0.0,0.0,0.0,0.0,0.0,0.0,0.0,0.0,0.0,0.0,0.0,0.0,0.0,0.0,0.0,8.0,2.0,1.0
547,4.559825300000001,0,8.2975,1.8761,1.9107,1.6172,0.1717,0.0029,0.0065,0.0004,0.0311,0.0435,0.0023,0.001,0.0096,0.0002,0.0017,0.0017,0.0002,0.0001,0.0088,0.0017,0.0005,0.0027,0.0001,0.0835,0.0183,0.0001,0.0114,0.0,125.0,0.0,62.0,63.0,60.0,0.0,0.0,0.0,0.0,0.0,0.0,0.0,0.0,0.0,0.0,0.0,0.0,0.0,0.0,0.0,0.0,0.0,0.0,8.0,2.0,1.0
548,4.568122800000001,0,8.5141,1.8408,2.0495,1.6433,0.1951,0.0049,0.0078,0.0002,0.0313,0.0471,0.0022,0.0008,0.0106,0.0002,0.0017,0.0022,0.0001,0.0002,0.0092,0.0014,0.0004,0.0031,0.0,0.0919,0.0217,0.0001,0.011,0.0,125.0,0.0,62.0,63.0,60.0,0.0,0.0,0.0,0.0,0.0,0.0,0.0,0.0,0.0,0.0,0.0,0.0,0.0,0.0,0.0,0.0,0.0,0.0,8.0,2.0,1.0
549,4.576636900000001,0,8.0361,1.883,1.8904,1.7013,0.1641,0.0025,0.0051,0.0003,0.0318,0.0417,0.002,0.0008,0.0109,0.0001,0.0014,0.0022,0.0,0.0001,0.0086,0.0016,0.0004,0.0023,0.0,0.0827,0.0185,0.0,0.0095,0.0,125.0,0.0,62.0,63.0,60.0,0.0,0.0,0.0,0.0,0.0,0.0,0.0,0.0,0.0,0.0,0.0,0.0,0.0,0.0,0.0,0.0,0.0,0.0,8.0,2.0,1.0
550,4.584673000000001,0,8.6884,1.9483,2.0995,1.7175,0.242,0.0035,0.0061,0.0003,0.0544,0.0673,0.0031,0.0009,0.0127,0.0002,0.0023,0.0012,0.0,0.0005,0.0102,0.0018,0.0004,0.0046,0.0,0.1196,0.034,0.0001,0.0103,0.0,125.0,0.0,62.0,63.0,60.0,0.0,0.0,0.0,0.0,0.0,0.0,0.0,0.0,0.0,0.0,0.0,0.0,0.0,0.0,0.0,0.0,0.0,0.0,8.0,2.0,1.0
551,4.593361400000001,0,8.0993,2.0803,1.9682,1.6497,0.1968,0.0031,0.0055,0.0002,0.039,0.0507,0.0029,0.001,0.013,0.0002,0.002,0.002,0.0006,0.0002,0.0098,0.0017,0.0006,0.0028,0.0,0.1004,0.0201,0.0002,0.0095,0.0,125.0,0.0,62.0,63.0,60.0,0.0,0.0,0.0,0.0,0.0,0.0,0.0,0.0,0.0,0.0,0.0,0.0,0.0,0.0,0.0,0.0,0.0,0.0,8.0,2.0,1.0
552,4.6014607000000005,0,8.6052,2.1269,2.1416,2.0258,0.1974,0.0043,0.0077,0.0004,0.0402,0.0556,0.0022,0.001,0.0106,0.0001,0.0017,0.0021,0.0001,0.0001,0.0087,0.0015,0.0005,0.0027,0.0,0.0979,0.0188,0.0,0.0095,0.0,125.0,0.0,62.0,63.0,60.0,0.0,0.0,0.0,0.0,0.0,0.0,0.0,0.0,0.0,0.0,0.0,0.0,0.0,0.0,0.0,0.0,0.0,0.0,8.0,2.0,1.0
553,4.6100659,0,8.1799,1.8857,2.1994,1.7202,0.2032,0.0039,0.0061,0.0008,0.0362,0.0507,0.0027,0.0012,0.0135,0.0001,0.0023,0.0017,0.0001,0.0007,0.0095,0.0013,0.0007,0.0037,0.0,0.0998,0.0216,0.0001,0.0114,0.0,125.0,0.0,62.0,63.0,60.0,0.0,0.0,0.0,0.0,0.0,0.0,0.0,0.0,0.0,0.0,0.0,0.0,0.0,0.0,0.0,0.0,0.0,0.0,8.0,2.0,1.0
554,4.6182458,0,8.2845,1.8387,1.8258,1.6482,0.1923,0.0036,0.0061,0.0002,0.0437,0.0558,0.0024,0.0008,0.0113,0.0001,0.0017,0.0016,0.0001,0.0001,0.0087,0.0017,0.0005,0.0032,0.0001,0.0991,0.0204,0.0001,0.0097,0.0,125.0,0.0,62.0,63.0,60.0,0.0,0.0,0.0,0.0,0.0,0.0,0.0,0.0,0.0,0.0,0.0,0.0,0.0,0.0,0.0,0.0,0.0,0.0,8.0,2.0,1.0
555,4.626530300000001,0,8.4083,1.7443,2.0365,1.5997,0.1908,0.0036,0.007,0.0003,0.0323,0.0457,0.0023,0.0011,0.0105,0.0001,0.0016,0.0024,0.0002,0.0001,0.0106,0.0011,0.0005,0.0027,0.0,0.0933,0.021,0.0,0.0089,0.0,125.0,0.0,62.0,63.0,60.0,0.0,0.0,0.0,0.0,0.0,0.0,0.0,0.0,0.0,0.0,0.0,0.0,0.0,0.0,0.0,0.0,0.0,0.0,8.0,2.0,1.0
556,4.634938600000001,0,8.1133,1.8299,1.9865,1.6475,0.1694,0.0034,0.007,0.0002,0.0348,0.0475,0.0023,0.0008,0.0094,0.0001,0.0015,0.0016,0.0001,0.0001,0.0082,0.0016,0.0004,0.0024,0.0001,0.0859,0.0201,0.0001,0.0102,0.0,125.0,0.0,62.0,63.0,60.0,0.0,0.0,0.0,0.0,0.0,0.0,0.0,0.0,0.0,0.0,0.0,0.0,0.0,0.0,0.0,0.0,0.0,0.0,8.0,2.0,1.0
557,4.643051900000001,0,8.2602,2.0131,1.758,1.5328,0.1672,0.0026,0.0073,0.0002,0.0292,0.0415,0.0021,0.001,0.0102,0.0002,0.0018,0.0014,0.0001,0.0005,0.0087,0.0016,0.001,0.0026,0.0,0.0826,0.0206,0.0001,0.0099,0.0,125.0,0.0,62.0,63.0,60.0,0.0,0.0,0.0,0.0,0.0,0.0,0.0,0.0,0.0,0.0,0.0,0.0,0.0,0.0,0.0,0.0,0.0,0.0,8.0,2.0,1.0
558,4.6513121,0,8.6258,1.7976,1.9896,1.7445,0.2004,0.0027,0.0055,0.0003,0.043,0.0546,0.0027,0.0009,0.0127,0.0001,0.0018,0.0021,0.0001,0.0001,0.0097,0.0014,0.0006,0.0031,0.0001,0.102,0.0225,0.0001,0.0096,0.0,125.0,0.0,62.0,63.0,60.0,0.0,0.0,0.0,0.0,0.0,0.0,0.0,0.0,0.0,0.0,0.0,0.0,0.0,0.0,0.0,0.0,0.0,0.0,8.0,2.0,1.0
559,4.6599379,0,8.2022,1.9938,2.1187,2.2812,0.1948,0.0034,0.0083,0.0003,0.033,0.0479,0.0024,0.0008,0.0113,0.0003,0.0017,0.0025,0.0001,0.0002,0.0096,0.0014,0.001,0.003,0.0,0.0941,0.0204,0.0001,0.009,0.0,125.0,0.0,62.0,63.0,60.0,0.0,0.0,0.0,0.0,0.0,0.0,0.0,0.0,0.0,0.0,0.0,0.0,0.0,0.0,0.0,0.0,0.0,0.0,8.0,2.0,1.0
560,4.6681401000000005,0,8.2125,1.8372,1.7685,1.7614,0.17,0.0012,0.0067,0.0003,0.0321,0.0423,0.002,0.001,0.0107,0.0001,0.0019,0.0012,0.0001,0.0001,0.0087,0.0012,0.0004,0.0029,0.0,0.0817,0.019,0.0,0.0098,0.0,125.0,0.0,62.0,63.0,60.0,0.0,0.0,0.0,0.0,0.0,0.0,0.0,0.0,0.0,0.0,0.0,0.0,0.0,0.0,0.0,0.0,0.0,0.0,8.0,2.0,1.0
561,4.6763526,0,8.3407,1.8678,1.7023,1.6294,0.1545,0.0029,0.0051,0.0002,0.0253,0.0355,0.0024,0.0007,0.0081,0.0002,0.0016,0.0014,0.0001,0.0002,0.0083,0.0012,0.0005,0.0025,0.0,0.0716,0.0201,0.0,0.0095,0.0,125.0,0.0,62.0,63.0,60.0,0.0,0.0,0.0,0.0,0.0,0.0,0.0,0.0,0.0,0.0,0.0,0.0,0.0,0.0,0.0,0.0,0.0,0.0,8.0,2.0,1.0
562,4.6846933,0,8.2874,1.7751,1.9223,1.5973,0.1701,0.0025,0.0049,0.0002,0.0392,0.0488,0.0024,0.0007,0.0108,0.0001,0.0015,0.0014,0.0001,0.0002,0.0087,0.0013,0.0005,0.0029,0.0,0.0905,0.0195,0.0001,0.0089,0.0,125.0,0.0,62.0,63.0,60.0,0.0,0.0,0.0,0.0,0.0,0.0,0.0,0.0,0.0,0.0,0.0,0.0,0.0,0.0,0.0,0.0,0.0,0.0,8.0,2.0,1.0
563,4.692980700000001,0,8.4235,1.9445,1.7117,1.4763,0.1752,0.0032,0.006,0.0002,0.0343,0.0457,0.0023,0.0008,0.01,0.0001,0.0015,0.0018,0.0001,0.0001,0.0086,0.0013,0.0004,0.0029,0.0,0.0868,0.0195,0.0001,0.0096,0.0,125.0,0.0,62.0,63.0,60.0,0.0,0.0,0.0,0.0,0.0,0.0,0.0,0.0,0.0,0.0,0.0,0.0,0.0,0.0,0.0,0.0,0.0,0.0,8.0,2.0,1.0
564,4.701404200000001,0,8.291,1.8591,1.9049,1.4974,0.1875,0.0037,0.0054,0.0002,0.0412,0.053,0.0026,0.0006,0.0111,0.0001,0.0014,0.0014,0.0001,0.0001,0.0089,0.0012,0.001,0.0029,0.0001,0.0962,0.0208,0.0001,0.0093,0.0,125.0,0.0,62.0,63.0,60.0,0.0,0.0,0.0,0.0,0.0,0.0,0.0,0.0,0.0,0.0,0.0,0.0,0.0,0.0,0.0,0.0,0.0,0.0,8.0,2.0,1.0
565,4.7096952000000005,0,8.4461,1.7822,1.931,1.5504,0.1841,0.0027,0.0059,0.0001,0.0305,0.0421,0.0028,0.0009,0.0132,0.0002,0.0019,0.0015,0.0,0.0001,0.0102,0.0012,0.0005,0.0028,0.0,0.0867,0.0214,0.0001,0.0104,0.0,125.0,0.0,62.0,63.0,60.0,0.0,0.0,0.0,0.0,0.0,0.0,0.0,0.0,0.0,0.0,0.0,0.0,0.0,0.0,0.0,0.0,0.0,0.0,8.0,2.0,1.0
566,4.7181413,0,8.2488,1.7726,1.8599,1.5272,0.1809,0.0025,0.0046,0.0002,0.0409,0.0514,0.0025,0.0009,0.0118,0.0002,0.0014,0.002,0.0001,0.0001,0.0096,0.0013,0.0004,0.0031,0.0,0.0959,0.0199,0.0,0.0101,0.0,125.0,0.0,62.0,63.0,60.0,0.0,0.0,0.0,0.0,0.0,0.0,0.0,0.0,0.0,0.0,0.0,0.0,0.0,0.0,0.0,0.0,0.0,0.0,8.0,2.0,1.0
567,4.7263901,0,8.2508,1.9046,1.728,1.716,0.1638,0.003,0.0051,0.0003,0.0325,0.0433,0.0022,0.0006,0.0102,0.0002,0.0016,0.0014,0.0001,0.0001,0.0088,0.0011,0.0004,0.0023,0.0001,0.0817,0.0181,0.0,0.0092,0.0,125.0,0.0,62.0,63.0,60.0,0.0,0.0,0.0,0.0,0.0,0.0,0.0,0.0,0.0,0.0,0.0,0.0,0.0,0.0,0.0,0.0,0.0,0.0,8.0,2.0,1.0
568,4.7346409,0,8.4736,1.7749,1.8755,1.6318,0.1782,0.0028,0.0061,0.0001,0.0351,0.0468,0.0026,0.0009,0.0114,0.0001,0.002,0.0016,0.0001,0.0006,0.009,0.0013,0.0005,0.0028,0.0,0.0905,0.0198,0.0001,0.0092,0.0,125.0,0.0,62.0,63.0,60.0,0.0,0.0,0.0,0.0,0.0,0.0,0.0,0.0,0.0,0.0,0.0,0.0,0.0,0.0,0.0,0.0,0.0,0.0,8.0,2.0,1.0
569,4.7431145,0,8.2279,1.7068,1.8223,1.4925,0.1852,0.0046,0.0064,0.0002,0.0346,0.0481,0.0022,0.0008,0.012,0.0001,0.0015,0.0018,0.0001,0.0001,0.0089,0.0015,0.0005,0.003,0.0,0.0919,0.0207,0.0,0.0089,0.0,125.0,0.0,62.0,63.0,60.0,0.0,0.0,0.0,0.0,0.0,0.0,0.0,0.0,0.0,0.0,0.0,0.0,0.0,0.0,0.0,0.0,0.0,0.0,8.0,2.0,1.0
570,4.7513423999999995,0,8.3475,1.6439,1.8186,1.5546,0.1793,0.0027,0.005,0.0003,0.0437,0.054,0.0023,0.0009,0.011,0.0001,0.002,0.0015,0.0,0.0001,0.0091,0.0016,0.0005,0.0027,0.0,0.0969,0.0198,0.0001,0.0098,0.0,125.0,0.0,62.0,63.0,60.0,0.0,0.0,0.0,0.0,0.0,0.0,0.0,0.0,0.0,0.0,0.0,0.0,0.0,0.0,0.0,0.0,0.0,0.0,8.0,2.0,1.0
571,4.7596899,0,8.2772,1.6617,1.7785,1.5103,0.1714,0.003,0.0065,0.0003,0.0258,0.0383,0.0021,0.001,0.0086,0.0001,0.0016,0.0019,0.0001,0.0001,0.009,0.0014,0.0005,0.0031,0.0,0.0796,0.0191,0.0001,0.0087,0.0,125.0,0.0,62.0,63.0,60.0,0.0,0.0,0.0,0.0,0.0,0.0,0.0,0.0,0.0,0.0,0.0,0.0,0.0,0.0,0.0,0.0,0.0,0.0,8.0,2.0,1.0
572,4.7679671,0,8.3538,1.9921,1.7635,1.5331,0.1787,0.0031,0.0062,0.0002,0.0417,0.0533,0.0024,0.0008,0.0102,0.0002,0.0014,0.0018,0.0001,0.0001,0.0086,0.0016,0.0004,0.0025,0.0,0.0934,0.0196,0.0,0.0098,0.0,125.0,0.0,62.0,63.0,60.0,0.0,0.0,0.0,0.0,0.0,0.0,0.0,0.0,0.0,0.0,0.0,0.0,0.0,0.0,0.0,0.0,0.0,0.0,8.0,2.0,1.0
573,4.7763209,0,8.3231,1.9185,1.7486,1.6049,0.1725,0.0027,0.0054,0.0003,0.0345,0.0456,0.0021,0.0008,0.0102,0.0001,0.0013,0.0017,0.0002,0.0002,0.0084,0.0012,0.0005,0.0029,0.0,0.0861,0.0188,0.0,0.0107,0.0,125.0,0.0,62.0,63.0,60.0,0.0,0.0,0.0,0.0,0.0,0.0,0.0,0.0,0.0,0.0,0.0,0.0,0.0,0.0,0.0,0.0,0.0,0.0,8.0,2.0,1.0
574,4.784644,0,8.3856,1.763,1.8139,1.6663,0.1824,0.003,0.0049,0.0001,0.0413,0.0517,0.0021,0.0007,0.0121,0.0002,0.0014,0.0019,0.0,0.0001,0.0086,0.0016,0.0005,0.003,0.0,0.0962,0.02,0.0,0.0099,0.0,125.0,0.0,62.0,63.0,60.0,0.0,0.0,0.0,0.0,0.0,0.0,0.0,0.0,0.0,0.0,0.0,0.0,0.0,0.0,0.0,0.0,0.0,0.0,8.0,2.0,1.0
575,4.793029600000001,0,8.3244,1.6783,1.7722,1.5337,0.1658,0.0025,0.0061,0.0002,0.0289,0.0396,0.003,0.0006,0.011,0.0001,0.0014,0.0015,0.0001,0.0001,0.0096,0.0023,0.0005,0.0025,0.0,0.0815,0.0198,0.0001,0.011,0.0,125.0,0.0,62.0,63.0,60.0,0.0,0.0,0.0,0.0,0.0,0.0,0.0,0.0,0.0,0.0,0.0,0.0,0.0,0.0,0.0,0.0,0.0,0.0,8.0,2.0,1.0
576,4.801354000000001,0,8.2492,1.8287,1.7916,1.5615,0.1724,0.0024,0.005,0.0002,0.0408,0.0506,0.0029,0.0009,0.0109,0.0002,0.0013,0.0019,0.0,0.0002,0.0084,0.0016,0.0004,0.0027,0.0,0.0914,0.0189,0.0001,0.0084,0.0,125.0,0.0,62.0,63.0,60.0,0.0,0.0,0.0,0.0,0.0,0.0,0.0,0.0,0.0,0.0,0.0,0.0,0.0,0.0,0.0,0.0,0.0,0.0,8.0,2.0,1.0
577,4.809603200000001,0,8.4712,1.7693,1.7456,1.4583,0.154,0.0025,0.0052,0.0002,0.0299,0.0401,0.0023,0.0007,0.0078,0.0002,0.0019,0.0013,0.0,0.0001,0.0087,0.001,0.0003,0.0026,0.0001,0.0771,0.0166,0.0,0.0111,0.0,125.0,0.0,62.0,63.0,60.0,0.0,0.0,0.0,0.0,0.0,0.0,0.0,0.0,0.0,0.0,0.0,0.0,0.0,0.0,0.0,0.0,0.0,0.0,8.0,2.0,1.0
578,4.8180744,0,8.279,1.6867,1.8313,1.5769,0.1597,0.0023,0.0058,0.0002,0.0355,0.0467,0.002,0.0006,0.0098,0.0002,0.0017,0.0013,0.0001,0.0001,0.0082,0.0015,0.0005,0.0026,0.0001,0.084,0.0152,0.0001,0.0092,0.0,125.0,0.0,62.0,63.0,60.0,0.0,0.0,0.0,0.0,0.0,0.0,0.0,0.0,0.0,0.0,0.0,0.0,0.0,0.0,0.0,0.0,0.0,0.0,8.0,2.0,1.0
579,4.8263534,0,8.3772,1.7953,1.7878,1.5288,0.1833,0.0027,0.0051,0.0002,0.037,0.0477,0.0025,0.0009,0.0122,0.0001,0.0019,0.0018,0.0001,0.0001,0.0091,0.0012,0.001,0.0029,0.0,0.093,0.0203,0.0001,0.0101,0.0,125.0,0.0,62.0,63.0,60.0,0.0,0.0,0.0,0.0,0.0,0.0,0.0,0.0,0.0,0.0,0.0,0.0,0.0,0.0,0.0,0.0,0.0,0.0,8.0,2.0,1.0
580,4.8347306,0,8.1606,1.7306,1.7561,1.5673,0.1694,0.0024,0.0046,0.0002,0.0411,0.05,0.002,0.0009,0.0103,0.0002,0.0015,0.0019,0.0001,0.0001,0.0084,0.0011,0.0004,0.0028,0.0001,0.0903,0.0191,0.0,0.0097,0.0,125.0,0.0,62.0,63.0,60.0,0.0,0.0,0.0,0.0,0.0,0.0,0.0,0.0,0.0,0.0,0.0,0.0,0.0,0.0,0.0,0.0,0.0,0.0,8.0,2.0,1.0
581,4.8428912,0,8.3629,1.8655,1.6853,1.5579,0.1609,0.0027,0.006,0.0002,0.029,0.0409,0.002,0.0008,0.0091,0.0001,0.0013,0.0015,0.0,0.0001,0.0079,0.0011,0.0005,0.0029,0.0,0.0783,0.0181,0.0001,0.0099,0.0,125.0,0.0,62.0,63.0,60.0,0.0,0.0,0.0,0.0,0.0,0.0,0.0,0.0,0.0,0.0,0.0,0.0,0.0,0.0,0.0,0.0,0.0,0.0,8.0,2.0,1.0
582,4.8512541,0,8.4499,1.6613,1.7566,2.0715,0.1842,0.0031,0.0052,0.0002,0.0375,0.0483,0.0024,0.0008,0.0131,0.0002,0.0015,0.0019,0.0001,0.0001,0.0091,0.0013,0.0005,0.0033,0.0001,0.0942,0.02,0.0001,0.0095,0.0,125.0,0.0,62.0,63.0,60.0,0.0,0.0,0.0,0.0,0.0,0.0,0.0,0.0,0.0,0.0,0.0,0.0,0.0,0.0,0.0,0.0,0.0,0.0,8.0,2.0,1.0
583,4.859704,0,8.3153,1.7456,1.6831,1.6332,0.1714,0.0038,0.0067,0.0003,0.0303,0.0435,0.0025,0.0008,0.0106,0.0001,0.0019,0.0016,0.0,0.0001,0.0082,0.0012,0.0005,0.0028,0.0,0.0842,0.0192,0.0001,0.0076,0.0,125.0,0.0,62.0,63.0,60.0,0.0,0.0,0.0,0.0,0.0,0.0,0.0,0.0,0.0,0.0,0.0,0.0,0.0,0.0,0.0,0.0,0.0,0.0,8.0,2.0,1.0
584,4.868019299999999,0,8.345,1.7618,1.8278,1.4657,0.1722,0.0029,0.0059,0.0002,0.0383,0.0503,0.0019,0.001,0.0096,0.0001,0.002,0.0014,0.0001,0.0001,0.009,0.0011,0.0004,0.0024,0.0,0.0886,0.0182,0.0001,0.0099,0.0,125.0,0.0,62.0,63.0,60.0,0.0,0.0,0.0,0.0,0.0,0.0,0.0,0.0,0.0,0.0,0.0,0.0,0.0,0.0,0.0,0.0,0.0,0.0,8.0,2.0,1.0
585,4.8763643,0,8.2332,1.7204,1.7762,1.618,0.1749,0.0029,0.0064,0.0003,0.0299,0.0418,0.0023,0.0006,0.0108,0.0007,0.0015,0.0015,0.0001,0.0001,0.0089,0.0013,0.0009,0.003,0.0001,0.0848,0.0193,0.0,0.0086,0.0,125.0,0.0,62.0,63.0,60.0,0.0,0.0,0.0,0.0,0.0,0.0,0.0,0.0,0.0,0.0,0.0,0.0,0.0,0.0,0.0,0.0,0.0,0.0,8.0,2.0,1.0
586,4.8845975,0,8.3125,1.7902,1.6873,1.4845,0.1785,0.0027,0.0045,0.0003,0.0402,0.0505,0.0024,0.0008,0.0133,0.0002,0.0014,0.0017,0.0001,0.0001,0.008,0.0016,0.0005,0.0029,0.0001,0.0942,0.0203,0.0,0.0094,0.0,125.0,0.0,62.0,63.0,60.0,0.0,0.0,0.0,0.0,0.0,0.0,0.0,0.0,0.0,0.0,0.0,0.0,0.0,0.0,0.0,0.0,0.0,0.0,8.0,2.0,1.0
587,4.89291,0,8.6469,1.768,1.7499,1.6458,0.1865,0.0037,0.0076,0.0003,0.0276,0.0418,0.0024,0.0014,0.0114,0.0002,0.0015,0.0015,0.0006,0.0001,0.0088,0.0018,0.0006,0.0032,0.0,0.0864,0.02,0.0001,0.0104,0.0,125.0,0.0,62.0,63.0,60.0,0.0,0.0,0.0,0.0,0.0,0.0,0.0,0.0,0.0,0.0,0.0,0.0,0.0,0.0,0.0,0.0,0.0,0.0,8.0,2.0,1.0
588,4.901556899999999,0,8.2711,1.7409,2.0144,1.6057,0.1945,0.004,0.0062,0.0008,0.0377,0.0517,0.0029,0.0008,0.0117,0.0001,0.0023,0.0016,0.0,0.0001,0.0103,0.0018,0.0005,0.0031,0.0001,0.0986,0.0222,0.0001,0.0104,0.0,125.0,0.0,62.0,63.0,60.0,0.0,0.0,0.0,0.0,0.0,0.0,0.0,0.0,0.0,0.0,0.0,0.0,0.0,0.0,0.0,0.0,0.0,0.0,8.0,2.0,1.0
589,4.909827999999999,0,8.0767,1.7707,1.7736,1.5852,0.1536,0.0028,0.0058,0.0001,0.0287,0.0392,0.0019,0.0007,0.0098,0.0001,0.0018,0.0014,0.0,0.0001,0.0086,0.0014,0.0005,0.0024,0.0001,0.0769,0.0172,0.0001,0.0097,0.0,125.0,0.0,62.0,63.0,60.0,0.0,0.0,0.0,0.0,0.0,0.0,0.0,0.0,0.0,0.0,0.0,0.0,0.0,0.0,0.0,0.0,0.0,0.0,8.0,2.0,1.0
590,4.917904699999999,0,8.3598,1.8063,1.7034,1.6005,0.175,0.0025,0.0057,0.0002,0.0379,0.0487,0.0029,0.0009,0.0112,0.0002,0.0013,0.0014,0.0,0.0001,0.0083,0.0016,0.0004,0.0028,0.0,0.09,0.02,0.0001,0.0093,0.0,125.0,0.0,62.0,63.0,60.0,0.0,0.0,0.0,0.0,0.0,0.0,0.0,0.0,0.0,0.0,0.0,0.0,0.0,0.0,0.0,0.0,0.0,0.0,8.0,2.0,1.0
591,4.926264499999999,0,8.4488,1.7042,1.7682,1.6944,0.1766,0.0036,0.0051,0.0001,0.0296,0.0406,0.0025,0.0007,0.011,0.0001,0.0014,0.0021,0.0001,0.0001,0.0087,0.0022,0.0005,0.0033,0.0,0.0839,0.0223,0.0001,0.0092,0.0,125.0,0.0,62.0,63.0,60.0,0.0,0.0,0.0,0.0,0.0,0.0,0.0,0.0,0.0,0.0,0.0,0.0,0.0,0.0,0.0,0.0,0.0,0.0,8.0,2.0,1.0
592,4.934713299999999,0,8.2663,1.7213,1.7552,1.5781,0.166,0.0024,0.0061,0.0002,0.0371,0.0479,0.0019,0.0007,0.0098,0.0001,0.0014,0.0018,0.0001,0.0001,0.0083,0.0015,0.0004,0.003,0.0,0.0862,0.0178,0.0001,0.0098,0.0,125.0,0.0,62.0,63.0,60.0,0.0,0.0,0.0,0.0,0.0,0.0,0.0,0.0,0.0,0.0,0.0,0.0,0.0,0.0,0.0,0.0,0.0,0.0,8.0,2.0,1.0
593,4.942979599999999,0,8.3023,1.7114,1.7282,1.7203,0.1722,0.0026,0.0046,0.0001,0.0369,0.0463,0.0032,0.0008,0.0136,0.0001,0.0017,0.0021,0.0,0.0001,0.0087,0.0016,0.0005,0.0028,0.0,0.092,0.0171,0.0,0.0087,0.0,125.0,0.0,62.0,63.0,60.0,0.0,0.0,0.0,0.0,0.0,0.0,0.0,0.0,0.0,0.0,0.0,0.0,0.0,0.0,0.0,0.0,0.0,0.0,8.0,2.0,1.0
594,4.9512819,0,8.4563,1.7176,1.7932,1.6179,0.1853,0.0032,0.0069,0.0002,0.0398,0.0525,0.0023,0.0008,0.011,0.0002,0.0015,0.0015,0.0001,0.0001,0.0089,0.0013,0.0004,0.003,0.0,0.0949,0.0188,0.0001,0.0086,0.0,125.0,0.0,62.0,63.0,60.0,0.0,0.0,0.0,0.0,0.0,0.0,0.0,0.0,0.0,0.0,0.0,0.0,0.0,0.0,0.0,0.0,0.0,0.0,8.0,2.0,1.0
595,4.959738199999999,0,8.2999,2.0382,1.8738,1.7435,0.1848,0.003,0.0053,0.0002,0.0357,0.0471,0.0023,0.0008,0.0105,0.0002,0.0015,0.0022,0.0001,0.0002,0.0094,0.0013,0.0005,0.0034,0.0001,0.0935,0.0213,0.0,0.0099,0.0,125.0,0.0,62.0,63.0,60.0,0.0,0.0,0.0,0.0,0.0,0.0,0.0,0.0,0.0,0.0,0.0,0.0,0.0,0.0,0.0,0.0,0.0,0.0,8.0,2.0,1.0
596,4.968038099999999,0,8.2626,1.7218,1.7041,1.6671,0.1685,0.0029,0.007,0.0001,0.0327,0.0448,0.0022,0.0006,0.0099,0.0001,0.0013,0.0012,0.0001,0.0001,0.0082,0.0011,0.0004,0.0029,0.0,0.0844,0.0167,0.0,0.0093,0.0,125.0,0.0,62.0,63.0,60.0,0.0,0.0,0.0,0.0,0.0,0.0,0.0,0.0,0.0,0.0,0.0,0.0,0.0,0.0,0.0,0.0,0.0,0.0,8.0,2.0,1.0
597,4.9763006999999995,0,8.3319,1.711,1.709,1.7268,0.1587,0.0025,0.0061,0.0002,0.0293,0.0401,0.0025,0.0006,0.0094,0.0001,0.0013,0.0012,0.0004,0.0001,0.0076,0.0011,0.0004,0.0024,0.0001,0.0758,0.0187,0.0,0.0086,0.0,125.0,0.0,62.0,63.0,60.0,0.0,0.0,0.0,0.0,0.0,0.0,0.0,0.0,0.0,0.0,0.0,0.0,0.0,0.0,0.0,0.0,0.0,0.0,8.0,2.0,1.0
598,4.984632599999999,0,8.2989,1.7713,1.7576,1.6192,0.1598,0.0026,0.0058,0.0001,0.0292,0.0401,0.0018,0.0006,0.009,0.0001,0.0011,0.0018,0.0,0.0001,0.0075,0.0009,0.0009,0.0025,0.0,0.0803,0.0178,0.0,0.0087,0.0,125.0,0.0,62.0,63.0,60.0,0.0,0.0,0.0,0.0,0.0,0.0,0.0,0.0,0.0,0.0,0.0,0.0,0.0,0.0,0.0,0.0,0.0,0.0,8.0,2.0,1.0
599,4.992931499999999,0,8.3535,1.7817,1.6662,1.5577,0.149,0.0028,0.0047,0.0001,0.0307,0.0402,0.0018,0.0007,0.0105,0.0002,0.0015,0.0012,0.0,0.0001,0.0078,0.0014,0.0004,0.0022,0.0,0.0765,0.016,0.0,0.0093,0.0,125.0,0.0,62.0,63.0,60.0,0.0,0.0,0.0,0.0,0.0,0.0,0.0,0.0,0.0,0.0,0.0,0.0,0.0,0.0,0.0,0.0,0.0,0.0,8.0,2.0,1.0
600,5.001284999999999,0,8.3668,1.6939,1.7297,1.7225,0.1673,0.0039,0.0067,0.0002,0.0351,0.0475,0.0019,0.0006,0.0083,0.0002,0.0019,0.0013,0.0001,0.0001,0.0079,0.0012,0.0004,0.0028,0.0001,0.0848,0.019,0.0001,0.0095,0.0,125.0,0.0,62.0,63.0,60.0,0.0,0.0,0.0,0.0,0.0,0.0,0.0,0.0,0.0,0.0,0.0,0.0,0.0,0.0,0.0,0.0,0.0,0.0,8.0,2.0,1.0
601,5.009651799999999,0,8.2849,1.8126,1.7086,1.6888,0.1532,0.0025,0.0044,0.0001,0.0282,0.0385,0.0021,0.0008,0.0082,0.0002,0.0016,0.002,0.0001,0.0001,0.008,0.0012,0.0009,0.0027,0.0,0.0752,0.0173,0.0,0.0094,0.0,125.0,0.0,62.0,63.0,60.0,0.0,0.0,0.0,0.0,0.0,0.0,0.0,0.0,0.0,0.0,0.0,0.0,0.0,0.0,0.0,0.0,0.0,0.0,8.0,2.0,1.0
602,5.017936699999999,0,8.2978,1.7921,1.7462,1.7108,0.1684,0.0026,0.0047,0.0001,0.0414,0.0507,0.0021,0.0009,0.0103,0.0001,0.0015,0.0017,0.0001,0.0002,0.0081,0.0011,0.0008,0.0027,0.0,0.0899,0.0174,0.0,0.0087,0.0,125.0,0.0,62.0,63.0,60.0,0.0,0.0,0.0,0.0,0.0,0.0,0.0,0.0,0.0,0.0,0.0,0.0,0.0,0.0,0.0,0.0,0.0,0.0,8.0,2.0,1.0
603,5.026234499999999,0,8.8271,1.6525,1.9491,1.5805,0.1928,0.0039,0.0058,0.0002,0.0335,0.0462,0.0027,0.0008,0.0125,0.0001,0.0022,0.0023,0.0002,0.0001,0.0089,0.0018,0.0005,0.0025,0.0,0.0919,0.021,0.0001,0.0119,0.0,125.0,0.0,62.0,63.0,60.0,0.0,0.0,0.0,0.0,0.0,0.0,0.0,0.0,0.0,0.0,0.0,0.0,0.0,0.0,0.0,0.0,0.0,0.0,8.0,2.0,1.0
604,5.0350616,0,7.9119,1.849,1.9452,1.7,0.1829,0.0024,0.005,0.0002,0.0477,0.0571,0.0024,0.0009,0.0105,0.0002,0.0015,0.0021,0.0001,0.0002,0.0084,0.0018,0.0005,0.0028,0.0,0.0994,0.02,0.0001,0.0105,0.0,125.0,0.0,62.0,63.0,60.0,0.0,0.0,0.0,0.0,0.0,0.0,0.0,0.0,0.0,0.0,0.0,0.0,0.0,0.0,0.0,0.0,0.0,0.0,8.0,2.0,1.0
605,5.0429734999999996,0,8.2296,1.6902,1.6229,1.6624,0.1674,0.0031,0.0051,0.0001,0.0334,0.0438,0.0021,0.0007,0.0081,0.0002,0.0015,0.0019,0.0001,0.0001,0.0083,0.0013,0.0004,0.0029,0.0,0.0857,0.0184,0.0,0.0099,0.0,125.0,0.0,62.0,63.0,60.0,0.0,0.0,0.0,0.0,0.0,0.0,0.0,0.0,0.0,0.0,0.0,0.0,0.0,0.0,0.0,0.0,0.0,0.0,8.0,2.0,1.0
606,5.0512030999999995,0,8.4566,1.6998,1.6209,1.6827,0.1758,0.0032,0.0074,0.0002,0.0381,0.0511,0.0023,0.0013,0.0109,0.0001,0.0012,0.0014,0.0001,0.0004,0.0082,0.0012,0.0004,0.0031,0.0,0.0912,0.0185,0.0001,0.0096,0.0,125.0,0.0,62.0,63.0,60.0,0.0,0.0,0.0,0.0,0.0,0.0,0.0,0.0,0.0,0.0,0.0,0.0,0.0,0.0,0.0,0.0,0.0,0.0,8.0,2.0,1.0
607,5.059659699999999,0,8.294,1.8362,1.7569,1.6667,0.1587,0.0025,0.0054,0.0001,0.0317,0.0423,0.0025,0.0006,0.0098,0.0001,0.0013,0.0017,0.0,0.0001,0.0078,0.0011,0.0005,0.0024,0.0,0.08,0.0179,0.0001,0.0083,0.0,125.0,0.0,62.0,63.0,60.0,0.0,0.0,0.0,0.0,0.0,0.0,0.0,0.0,0.0,0.0,0.0,0.0,0.0,0.0,0.0,0.0,0.0,0.0,8.0,2.0,1.0
608,5.0679536999999995,0,8.3515,1.7005,1.7826,1.738,0.1617,0.0026,0.0057,0.0005,0.032,0.043,0.002,0.0007,0.009,0.0001,0.0013,0.0014,0.0001,0.0001,0.0083,0.0011,0.0006,0.0028,0.0001,0.0811,0.0181,0.0001,0.0092,0.0,125.0,0.0,62.0,63.0,60.0,0.0,0.0,0.0,0.0,0.0,0.0,0.0,0.0,0.0,0.0,0.0,0.0,0.0,0.0,0.0,0.0,0.0,0.0,8.0,2.0,1.0
609,5.076305199999999,0,8.3794,1.6865,1.6656,1.4967,0.1726,0.0029,0.0052,0.0002,0.0312,0.0413,0.0022,0.0007,0.0105,0.0002,0.0015,0.002,0.0001,0.0001,0.0081,0.0012,0.0004,0.0027,0.0,0.083,0.0208,0.0001,0.0108,0.0,125.0,0.0,62.0,63.0,60.0,0.0,0.0,0.0,0.0,0.0,0.0,0.0,0.0,0.0,0.0,0.0,0.0,0.0,0.0,0.0,0.0,0.0,0.0,8.0,2.0,1.0
610,5.084684599999999,0,8.2601,1.7075,1.7789,1.5767,0.1572,0.003,0.0063,0.0002,0.0321,0.0436,0.0019,0.0007,0.0093,0.0002,0.0012,0.0017,0.0001,0.0001,0.0077,0.001,0.0008,0.0024,0.0,0.0806,0.017,0.0,0.0089,0.0,125.0,0.0,62.0,63.0,60.0,0.0,0.0,0.0,0.0,0.0,0.0,0.0,0.0,0.0,0.0,0.0,0.0,0.0,0.0,0.0,0.0,0.0,0.0,8.0,2.0,1.0
611,5.092944699999999,0,8.4281,1.6563,1.7575,1.6553,0.1738,0.0032,0.0054,0.0002,0.0302,0.0416,0.0021,0.0009,0.0103,0.0002,0.0019,0.0021,0.0001,0.0002,0.008,0.0012,0.0007,0.0029,0.0,0.0827,0.0183,0.0001,0.0102,0.0,125.0,0.0,62.0,63.0,60.0,0.0,0.0,0.0,0.0,0.0,0.0,0.0,0.0,0.0,0.0,0.0,0.0,0.0,0.0,0.0,0.0,0.0,0.0,8.0,2.0,1.0
612,5.101372799999999,0,8.2896,1.665,1.7802,1.9869,0.1766,0.0023,0.005,0.0001,0.0439,0.0534,0.003,0.0006,0.0107,0.0002,0.0014,0.0017,0.0,0.0001,0.0083,0.0015,0.0005,0.0031,0.0,0.0947,0.0198,0.0001,0.0102,0.0,125.0,0.0,62.0,63.0,60.0,0.0,0.0,0.0,0.0,0.0,0.0,0.0,0.0,0.0,0.0,0.0,0.0,0.0,0.0,0.0,0.0,0.0,0.0,8.0,2.0,1.0
613,5.1096623999999995,0,8.5869,1.7594,1.9539,1.6517,0.19,0.0029,0.0071,0.0001,0.0363,0.0493,0.0028,0.0017,0.0118,0.0002,0.0023,0.0018,0.0006,0.0002,0.0086,0.0017,0.0006,0.0025,0.0,0.0923,0.0211,0.0001,0.0108,0.0,125.0,0.0,62.0,63.0,60.0,0.0,0.0,0.0,0.0,0.0,0.0,0.0,0.0,0.0,0.0,0.0,0.0,0.0,0.0,0.0,0.0,0.0,0.0,8.0,2.0,1.0
614,5.1182493,0,8.151,2.1228,1.8567,1.7388,0.1909,0.003,0.006,0.0003,0.0433,0.055,0.0023,0.0015,0.0117,0.0001,0.0017,0.0013,0.0,0.0006,0.0095,0.0012,0.001,0.0027,0.0,0.0988,0.02,0.0,0.0109,0.0,125.0,0.0,62.0,63.0,60.0,0.0,0.0,0.0,0.0,0.0,0.0,0.0,0.0,0.0,0.0,0.0,0.0,0.0,0.0,0.0,0.0,0.0,0.0,8.0,2.0,1.0
615,5.126400299999999,0,8.2647,1.6938,1.7853,1.6564,0.1819,0.0032,0.0056,0.0002,0.0362,0.0481,0.0031,0.0009,0.0137,0.0001,0.0014,0.0019,0.0001,0.0001,0.008,0.0018,0.0005,0.0029,0.0001,0.093,0.0193,0.0001,0.0091,0.0,125.0,0.0,62.0,63.0,60.0,0.0,0.0,0.0,0.0,0.0,0.0,0.0,0.0,0.0,0.0,0.0,0.0,0.0,0.0,0.0,0.0,0.0,0.0,8.0,2.0,1.0
616,5.134664999999999,0,8.2964,1.8252,1.75,1.7411,0.1674,0.0028,0.006,0.0002,0.0371,0.0482,0.002,0.0008,0.0095,0.0002,0.0019,0.0013,0.0001,0.0001,0.0089,0.001,0.0004,0.0024,0.0001,0.0862,0.0195,0.0001,0.0089,0.0,125.0,0.0,62.0,63.0,60.0,0.0,0.0,0.0,0.0,0.0,0.0,0.0,0.0,0.0,0.0,0.0,0.0,0.0,0.0,0.0,0.0,0.0,0.0,8.0,2.0,1.0
617,5.142961399999999,0,8.3546,1.7589,1.7288,1.614,0.1619,0.0026,0.0055,0.0001,0.0306,0.041,0.002,0.0006,0.01,0.0002,0.0018,0.0014,0.0001,0.0006,0.0082,0.0011,0.0003,0.0024,0.0,0.0789,0.0191,0.0,0.0094,0.0,125.0,0.0,62.0,63.0,60.0,0.0,0.0,0.0,0.0,0.0,0.0,0.0,0.0,0.0,0.0,0.0,0.0,0.0,0.0,0.0,0.0,0.0,0.0,8.0,2.0,1.0
618,5.151315999999999,0,8.4766,1.6203,1.8615,1.6057,0.2251,0.0035,0.0059,0.0002,0.0366,0.0493,0.0029,0.0008,0.0116,0.0002,0.0017,0.0014,0.0001,0.0001,0.0091,0.0012,0.0006,0.0028,0.0,0.0931,0.02,0.0001,0.0097,0.0,125.0,0.0,62.0,63.0,60.0,0.0,0.0,0.0,0.0,0.0,0.0,0.0,0.0,0.0,0.0,0.0,0.0,0.0,0.0,0.0,0.0,0.0,0.0,8.0,2.0,1.0
619,5.1597925999999985,0,8.1981,1.7716,1.7792,1.655,0.1685,0.0033,0.0053,0.0002,0.0319,0.0433,0.0025,0.0008,0.0118,0.0001,0.0015,0.0017,0.0001,0.0001,0.0079,0.0015,0.0005,0.0029,0.0,0.0846,0.0193,0.0,0.0088,0.0,125.0,0.0,62.0,63.0,60.0,0.0,0.0,0.0,0.0,0.0,0.0,0.0,0.0,0.0,0.0,0.0,0.0,0.0,0.0,0.0,0.0,0.0,0.0,8.0,2.0,1.0
620,5.167990699999999,0,8.3883,1.7515,1.7641,1.4739,0.1832,0.0027,0.0052,0.0001,0.0461,0.0567,0.003,0.0007,0.0123,0.0001,0.0015,0.0014,0.0,0.0002,0.0089,0.0012,0.0004,0.0028,0.0001,0.0997,0.0182,0.0,0.0098,0.0,125.0,0.0,62.0,63.0,60.0,0.0,0.0,0.0,0.0,0.0,0.0,0.0,0.0,0.0,0.0,0.0,0.0,0.0,0.0,0.0,0.0,0.0,0.0,8.0,2.0,1.0
621,5.176378999999999,0,8.2171,1.854,1.7475,1.612,0.1591,0.0029,0.0052,0.0001,0.0333,0.0433,0.0018,0.0005,0.0084,0.0001,0.0019,0.0013,0.0001,0.0001,0.0083,0.0014,0.0004,0.0023,0.0,0.0788,0.0158,0.0,0.0098,0.0,125.0,0.0,62.0,63.0,60.0,0.0,0.0,0.0,0.0,0.0,0.0,0.0,0.0,0.0,0.0,0.0,0.0,0.0,0.0,0.0,0.0,0.0,0.0,8.0,2.0,1.0
622,5.184596099999999,0,8.4786,1.7061,1.8462,1.6114,0.1872,0.0028,0.0062,0.0002,0.0413,0.0533,0.0027,0.0007,0.0111,0.0002,0.0017,0.0014,0.0002,0.0001,0.009,0.0013,0.0006,0.003,0.0001,0.0966,0.0212,0.0,0.0094,0.0,125.0,0.0,62.0,63.0,60.0,0.0,0.0,0.0,0.0,0.0,0.0,0.0,0.0,0.0,0.0,0.0,0.0,0.0,0.0,0.0,0.0,0.0,0.0,8.0,2.0,1.0
623,5.1930746999999995,0,8.2452,1.7862,1.7213,1.669,0.1594,0.0025,0.0054,0.0002,0.0316,0.042,0.002,0.0006,0.0085,0.0001,0.0013,0.0013,0.0,0.0006,0.0081,0.0016,0.0004,0.0025,0.0001,0.0791,0.0167,0.0,0.0087,0.0,125.0,0.0,62.0,63.0,60.0,0.0,0.0,0.0,0.0,0.0,0.0,0.0,0.0,0.0,0.0,0.0,0.0,0.0,0.0,0.0,0.0,0.0,0.0,8.0,2.0,1.0
624,5.2013199,0,8.3435,1.707,1.7549,1.6054,0.1861,0.0029,0.0047,0.0001,0.0474,0.0579,0.0024,0.0012,0.0116,0.0002,0.0015,0.0013,0.0,0.0001,0.0087,0.0013,0.0005,0.0029,0.0,0.0998,0.0219,0.0001,0.0088,0.0,125.0,0.0,62.0,63.0,60.0,0.0,0.0,0.0,0.0,0.0,0.0,0.0,0.0,0.0,0.0,0.0,0.0,0.0,0.0,0.0,0.0,0.0,0.0,8.0,2.0,1.0
625,5.209663399999999,0,8.3382,1.7265,1.8426,1.5512,0.1589,0.0023,0.0045,0.0001,0.0309,0.0399,0.0025,0.0007,0.0112,0.0002,0.0013,0.0014,0.0,0.0001,0.0082,0.0012,0.0005,0.0029,0.0001,0.0801,0.0207,0.0,0.0109,0.0,125.0,0.0,62.0,63.0,60.0,0.0,0.0,0.0,0.0,0.0,0.0,0.0,0.0,0.0,0.0,0.0,0.0,0.0,0.0,0.0,0.0,0.0,0.0,8.0,2.0,1.0
626,5.218001599999999,0,8.3479,1.6777,1.6666,1.6924,0.1658,0.0025,0.0045,0.0001,0.0363,0.0462,0.0022,0.0007,0.0111,0.0001,0.0013,0.0014,0.0,0.0001,0.008,0.0012,0.0003,0.0027,0.0,0.0862,0.0182,0.0,0.0088,0.0,125.0,0.0,62.0,63.0,60.0,0.0,0.0,0.0,0.0,0.0,0.0,0.0,0.0,0.0,0.0,0.0,0.0,0.0,0.0,0.0,0.0,0.0,0.0,8.0,2.0,1.0
627,5.2263494999999995,0,8.3949,1.7594,1.7566,1.614,0.1781,0.0028,0.0053,0.0002,0.0312,0.0416,0.0027,0.0007,0.0111,0.0002,0.0016,0.0014,0.0001,0.0001,0.0095,0.0012,0.0004,0.0029,0.0,0.0884,0.0204,0.0,0.0079,0.0,125.0,0.0,62.0,63.0,60.0,0.0,0.0,0.0,0.0,0.0,0.0,0.0,0.0,0.0,0.0,0.0,0.0,0.0,0.0,0.0,0.0,0.0,0.0,8.0,2.0,1.0
628,5.234744399999999,0,8.3302,1.8843,2.0116,1.6471,0.169,0.0025,0.006,0.0002,0.0405,0.0515,0.0024,0.0007,0.009,0.0001,0.0013,0.0013,0.0,0.0002,0.008,0.0011,0.0004,0.0028,0.0,0.0885,0.0174,0.0,0.0109,0.0,125.0,0.0,62.0,63.0,60.0,0.0,0.0,0.0,0.0,0.0,0.0,0.0,0.0,0.0,0.0,0.0,0.0,0.0,0.0,0.0,0.0,0.0,0.0,8.0,2.0,1.0
629,5.243074599999999,0,8.1077,1.673,1.5942,1.554,0.154,0.0027,0.0057,0.0002,0.0311,0.0419,0.002,0.0006,0.011,0.0001,0.0018,0.0012,0.0001,0.0001,0.0077,0.0014,0.0005,0.0023,0.0,0.0797,0.0171,0.0,0.0095,0.0,125.0,0.0,62.0,63.0,60.0,0.0,0.0,0.0,0.0,0.0,0.0,0.0,0.0,0.0,0.0,0.0,0.0,0.0,0.0,0.0,0.0,0.0,0.0,8.0,2.0,1.0
630,5.251182299999999,0,8.4665,1.6118,1.5847,1.5752,0.1683,0.0027,0.0046,0.0001,0.0367,0.0462,0.0022,0.0007,0.01,0.0002,0.0012,0.0013,0.0005,0.0001,0.0082,0.0012,0.0005,0.0028,0.0001,0.0869,0.0205,0.0,0.0084,0.0,125.0,0.0,62.0,63.0,60.0,0.0,0.0,0.0,0.0,0.0,0.0,0.0,0.0,0.0,0.0,0.0,0.0,0.0,0.0,0.0,0.0,0.0,0.0,8.0,2.0,1.0
631,5.259648799999999,0,8.3737,1.7534,1.8635,1.5118,0.1675,0.003,0.0044,0.0001,0.0343,0.0444,0.0026,0.0006,0.0118,0.0001,0.0021,0.0019,0.0001,0.0001,0.0079,0.0014,0.0004,0.0028,0.0001,0.0864,0.0189,0.0,0.01,0.0,125.0,0.0,62.0,63.0,60.0,0.0,0.0,0.0,0.0,0.0,0.0,0.0,0.0,0.0,0.0,0.0,0.0,0.0,0.0,0.0,0.0,0.0,0.0,8.0,2.0,1.0
632,5.268022499999999,0,8.1763,1.6881,1.6787,1.5524,0.1724,0.0029,0.0056,0.0002,0.0383,0.0497,0.0025,0.0008,0.0116,0.0001,0.0013,0.0016,0.0,0.0002,0.0081,0.0013,0.0005,0.003,0.0001,0.092,0.0187,0.0001,0.0102,0.0,125.0,0.0,62.0,63.0,60.0,0.0,0.0,0.0,0.0,0.0,0.0,0.0,0.0,0.0,0.0,0.0,0.0,0.0,0.0,0.0,0.0,0.0,0.0,8.0,2.0,1.0
633,5.276198799999999,0,8.3522,1.8097,1.6005,1.5825,0.1745,0.0028,0.0057,0.0002,0.0357,0.0469,0.0023,0.0008,0.0109,0.0001,0.0015,0.0013,0.0001,0.0001,0.0086,0.0013,0.0005,0.0029,0.0001,0.0879,0.0198,0.0,0.0099,0.0,125.0,0.0,62.0,63.0,60.0,0.0,0.0,0.0,0.0,0.0,0.0,0.0,0.0,0.0,0.0,0.0,0.0,0.0,0.0,0.0,0.0,0.0,0.0,8.0,2.0,1.0
634,5.284550999999999,0,8.3327,1.7204,1.6386,1.4988,0.1677,0.0025,0.0054,0.0001,0.0397,0.0507,0.0022,0.0006,0.0103,0.0001,0.0014,0.0014,0.0001,0.0001,0.0078,0.0012,0.0005,0.0029,0.0001,0.0904,0.0179,0.0001,0.0092,0.0,125.0,0.0,62.0,63.0,60.0,0.0,0.0,0.0,0.0,0.0,0.0,0.0,0.0,0.0,0.0,0.0,0.0,0.0,0.0,0.0,0.0,0.0,0.0,8.0,2.0,1.0
635,5.292883699999999,0,8.5004,1.7308,1.7282,1.5137,0.167,0.0027,0.0055,0.0002,0.0313,0.0427,0.0021,0.001,0.0106,0.0001,0.0018,0.0016,0.0001,0.0001,0.008,0.0012,0.0004,0.0024,0.0001,0.0823,0.0161,0.0,0.0103,0.0,125.0,0.0,62.0,63.0,60.0,0.0,0.0,0.0,0.0,0.0,0.0,0.0,0.0,0.0,0.0,0.0,0.0,0.0,0.0,0.0,0.0,0.0,0.0,8.0,2.0,1.0
636,5.301384099999999,0,8.3315,1.7942,1.802,1.667,0.1729,0.0027,0.0047,0.0002,0.0403,0.0499,0.0022,0.0007,0.0106,0.0002,0.0013,0.0014,0.0005,0.0001,0.0082,0.0012,0.0009,0.0027,0.0,0.0911,0.0184,0.0,0.0101,0.0,125.0,0.0,62.0,63.0,60.0,0.0,0.0,0.0,0.0,0.0,0.0,0.0,0.0,0.0,0.0,0.0,0.0,0.0,0.0,0.0,0.0,0.0,0.0,8.0,2.0,1.0
637,5.309715599999999,0,8.1288,1.597,1.7153,1.4402,0.1629,0.0029,0.0045,0.0002,0.0281,0.0373,0.0027,0.0008,0.0116,0.0002,0.0021,0.0015,0.0001,0.0001,0.009,0.0014,0.0004,0.0028,0.0,0.0808,0.0195,0.0,0.0098,0.0,125.0,0.0,62.0,63.0,60.0,0.0,0.0,0.0,0.0,0.0,0.0,0.0,0.0,0.0,0.0,0.0,0.0,0.0,0.0,0.0,0.0,0.0,0.0,8.0,2.0,1.0
638,5.3178443999999985,0,8.4386,1.6439,1.6797,1.5676,0.1751,0.0029,0.007,0.0002,0.0368,0.0495,0.002,0.0007,0.0103,0.0002,0.002,0.0015,0.0,0.0002,0.0082,0.0012,0.0005,0.0029,0.0001,0.0902,0.0168,0.0001,0.0101,0.0,125.0,0.0,62.0,63.0,60.0,0.0,0.0,0.0,0.0,0.0,0.0,0.0,0.0,0.0,0.0,0.0,0.0,0.0,0.0,0.0,0.0,0.0,0.0,8.0,2.0,1.0
639,5.326282999999998,0,8.5178,1.7826,1.8584,1.6063,0.1877,0.0034,0.0057,0.0001,0.0376,0.0499,0.0025,0.0007,0.0121,0.0002,0.0015,0.0021,0.0001,0.0001,0.008,0.0015,0.0004,0.0029,0.0,0.0931,0.0205,0.0001,0.0112,0.0,125.0,0.0,62.0,63.0,60.0,0.0,0.0,0.0,0.0,0.0,0.0,0.0,0.0,0.0,0.0,0.0,0.0,0.0,0.0,0.0,0.0,0.0,0.0,8.0,2.0,1.0
640,5.334800799999998,0,8.2575,1.81,1.8599,1.6768,0.1673,0.0026,0.0048,0.0001,0.0363,0.0458,0.0022,0.0009,0.0106,0.0001,0.0014,0.002,0.0001,0.0001,0.0082,0.0015,0.0005,0.0029,0.0,0.0875,0.0188,0.0001,0.0106,0.0,125.0,0.0,62.0,63.0,60.0,0.0,0.0,0.0,0.0,0.0,0.0,0.0,0.0,0.0,0.0,0.0,0.0,0.0,0.0,0.0,0.0,0.0,0.0,8.0,2.0,1.0
641,5.343058299999998,0,8.2174,1.6718,1.6092,1.5324,0.1492,0.0027,0.0063,0.0001,0.0252,0.0367,0.0018,0.0006,0.0085,0.0002,0.0019,0.0012,0.0,0.0001,0.0073,0.0014,0.0003,0.0024,0.0,0.0723,0.0186,0.0001,0.0093,0.0,125.0,0.0,62.0,63.0,60.0,0.0,0.0,0.0,0.0,0.0,0.0,0.0,0.0,0.0,0.0,0.0,0.0,0.0,0.0,0.0,0.0,0.0,0.0,8.0,2.0,1.0
642,5.351275699999999,0,8.2967,1.7154,1.765,1.551,0.1733,0.0025,0.0047,0.0001,0.0461,0.0555,0.0024,0.0007,0.0103,0.0001,0.0013,0.0015,0.0001,0.0001,0.0082,0.0016,0.0003,0.0024,0.0001,0.0942,0.0195,0.0001,0.0107,0.0,125.0,0.0,62.0,63.0,60.0,0.0,0.0,0.0,0.0,0.0,0.0,0.0,0.0,0.0,0.0,0.0,0.0,0.0,0.0,0.0,0.0,0.0,0.0,8.0,2.0,1.0
643,5.3595723999999985,0,8.4012,1.7086,1.6305,1.6217,0.1661,0.0036,0.0046,0.0002,0.0335,0.0443,0.0024,0.0009,0.0082,0.0002,0.0022,0.0015,0.0001,0.0001,0.0094,0.0013,0.0004,0.0028,0.0,0.0839,0.0199,0.0001,0.0087,0.0,125.0,0.0,62.0,63.0,60.0,0.0,0.0,0.0,0.0,0.0,0.0,0.0,0.0,0.0,0.0,0.0,0.0,0.0,0.0,0.0,0.0,0.0,0.0,8.0,2.0,1.0
644,5.367973599999998,0,8.2367,1.7854,1.718,1.5889,0.1637,0.0026,0.0044,0.0001,0.039,0.0483,0.0019,0.0005,0.0101,0.0001,0.0014,0.0013,0.0001,0.0002,0.008,0.001,0.0004,0.0025,0.0,0.0863,0.0185,0.0001,0.01,0.0,125.0,0.0,62.0,63.0,60.0,0.0,0.0,0.0,0.0,0.0,0.0,0.0,0.0,0.0,0.0,0.0,0.0,0.0,0.0,0.0,0.0,0.0,0.0,8.0,2.0,1.0
645,5.3762102999999986,0,8.4398,1.8386,1.7501,1.4749,0.1773,0.0028,0.0076,0.0002,0.031,0.0434,0.0028,0.0008,0.0108,0.0001,0.0018,0.0014,0.0001,0.0001,0.0089,0.0011,0.0004,0.0029,0.0001,0.0854,0.0214,0.0001,0.0106,0.0,125.0,0.0,62.0,63.0,60.0,0.0,0.0,0.0,0.0,0.0,0.0,0.0,0.0,0.0,0.0,0.0,0.0,0.0,0.0,0.0,0.0,0.0,0.0,8.0,2.0,1.0
646,5.384650099999998,0,8.3875,1.778,1.7783,1.6495,0.1862,0.0027,0.0054,0.0003,0.0374,0.0494,0.0024,0.0009,0.0118,0.0001,0.002,0.0018,0.0005,0.0001,0.0091,0.0017,0.0006,0.0029,0.0,0.0942,0.0218,0.0,0.0084,0.0,125.0,0.0,62.0,63.0,60.0,0.0,0.0,0.0,0.0,0.0,0.0,0.0,0.0,0.0,0.0,0.0,0.0,0.0,0.0,0.0,0.0,0.0,0.0,8.0,2.0,1.0
647,5.393037599999999,0,8.2772,1.7583,1.6464,1.636,0.1574,0.0028,0.0066,0.0001,0.0279,0.0394,0.0019,0.0007,0.0097,0.0001,0.0014,0.0017,0.0001,0.0001,0.008,0.001,0.0004,0.0024,0.0,0.0766,0.0185,0.0001,0.0095,0.0,125.0,0.0,62.0,63.0,60.0,0.0,0.0,0.0,0.0,0.0,0.0,0.0,0.0,0.0,0.0,0.0,0.0,0.0,0.0,0.0,0.0,0.0,0.0,8.0,2.0,1.0
648,5.401314799999999,0,8.2739,1.8163,1.7575,1.6242,0.1738,0.0034,0.0057,0.0001,0.0349,0.047,0.0023,0.0008,0.0109,0.0002,0.0015,0.0016,0.0001,0.0001,0.0085,0.0012,0.0009,0.0029,0.0,0.0888,0.0198,0.0001,0.0112,0.0,125.0,0.0,62.0,63.0,60.0,0.0,0.0,0.0,0.0,0.0,0.0,0.0,0.0,0.0,0.0,0.0,0.0,0.0,0.0,0.0,0.0,0.0,0.0,8.0,2.0,1.0
649,5.409588699999999,0,8.3121,1.7532,1.6511,1.6085,0.1602,0.0023,0.0043,0.0001,0.0323,0.0413,0.0025,0.0009,0.0122,0.0001,0.0013,0.0019,0.0,0.0001,0.0084,0.0014,0.0005,0.0028,0.0001,0.0839,0.018,0.0,0.0101,0.0,125.0,0.0,62.0,63.0,60.0,0.0,0.0,0.0,0.0,0.0,0.0,0.0,0.0,0.0,0.0,0.0,0.0,0.0,0.0,0.0,0.0,0.0,0.0,8.0,2.0,1.0
650,5.417900799999999,0,8.4191,1.6918,1.7074,1.6856,0.1754,0.0034,0.0051,0.0002,0.0395,0.0511,0.002,0.0005,0.0101,0.0002,0.0012,0.0015,0.0005,0.0001,0.0083,0.0011,0.0003,0.0024,0.0,0.091,0.0186,0.0001,0.0086,0.0,125.0,0.0,62.0,63.0,60.0,0.0,0.0,0.0,0.0,0.0,0.0,0.0,0.0,0.0,0.0,0.0,0.0,0.0,0.0,0.0,0.0,0.0,0.0,8.0,2.0,1.0
651,5.426319899999999,0,8.3662,1.7113,1.7518,1.4241,0.1729,0.0031,0.0068,0.0003,0.0278,0.0401,0.0023,0.0008,0.0112,0.0001,0.0022,0.0016,0.0,0.0002,0.0088,0.0022,0.0004,0.0029,0.0,0.0844,0.0188,0.0001,0.0093,0.0,125.0,0.0,62.0,63.0,60.0,0.0,0.0,0.0,0.0,0.0,0.0,0.0,0.0,0.0,0.0,0.0,0.0,0.0,0.0,0.0,0.0,0.0,0.0,8.0,2.0,1.0
652,5.4346860999999995,0,8.252,1.7749,1.7991,1.5725,0.1763,0.0026,0.005,0.0002,0.0414,0.0515,0.0024,0.0008,0.0099,0.0005,0.0014,0.0014,0.0005,0.0001,0.0085,0.0013,0.0007,0.0029,0.0,0.0926,0.0192,0.0,0.01,0.0,125.0,0.0,62.0,63.0,60.0,0.0,0.0,0.0,0.0,0.0,0.0,0.0,0.0,0.0,0.0,0.0,0.0,0.0,0.0,0.0,0.0,0.0,0.0,8.0,2.0,1.0
653,5.442938099999999,0,8.3617,1.617,1.5717,1.4908,0.1613,0.0029,0.0068,0.0001,0.0243,0.0372,0.0027,0.0006,0.0097,0.0002,0.0014,0.0018,0.0001,0.0001,0.0081,0.0017,0.0005,0.0028,0.0001,0.0763,0.0179,0.0001,0.0095,0.0,125.0,0.0,62.0,63.0,60.0,0.0,0.0,0.0,0.0,0.0,0.0,0.0,0.0,0.0,0.0,0.0,0.0,0.0,0.0,0.0,0.0,0.0,0.0,8.0,2.0,1.0
654,5.451299799999999,0,8.3693,1.6733,1.8549,1.6127,0.175,0.0026,0.0046,0.0003,0.0405,0.0507,0.0023,0.001,0.0112,0.0006,0.0014,0.0015,0.0004,0.0001,0.0082,0.0012,0.0009,0.0028,0.0,0.0926,0.0194,0.0001,0.009,0.0,125.0,0.0,62.0,63.0,60.0,0.0,0.0,0.0,0.0,0.0,0.0,0.0,0.0,0.0,0.0,0.0,0.0,0.0,0.0,0.0,0.0,0.0,0.0,8.0,2.0,1.0
655,5.459669099999999,0,8.3366,1.813,1.8251,1.4966,0.1577,0.0029,0.0044,0.0002,0.0278,0.0371,0.0025,0.0007,0.009,0.0002,0.0014,0.0018,0.0001,0.0001,0.0081,0.0015,0.0005,0.0028,0.0001,0.0792,0.0188,0.0,0.012,0.0,125.0,0.0,62.0,63.0,60.0,0.0,0.0,0.0,0.0,0.0,0.0,0.0,0.0,0.0,0.0,0.0,0.0,0.0,0.0,0.0,0.0,0.0,0.0,8.0,2.0,1.0
656,5.468005699999999,0,8.3564,1.8015,1.6422,1.4867,0.1799,0.0031,0.0058,0.0002,0.0424,0.0539,0.0029,0.0007,0.012,0.0002,0.0015,0.0014,0.0001,0.0001,0.0082,0.0012,0.0004,0.0028,0.0001,0.0958,0.0188,0.0001,0.0083,0.0,125.0,0.0,62.0,63.0,60.0,0.0,0.0,0.0,0.0,0.0,0.0,0.0,0.0,0.0,0.0,0.0,0.0,0.0,0.0,0.0,0.0,0.0,0.0,8.0,2.0,1.0
657,5.476362099999999,0,8.4657,1.6879,1.8551,1.5586,0.1679,0.0025,0.0064,0.0003,0.0303,0.0417,0.002,0.0009,0.0097,0.0002,0.0021,0.002,0.0,0.0001,0.0083,0.001,0.0011,0.0025,0.0,0.0812,0.0191,0.0001,0.01,0.0,125.0,0.0,62.0,63.0,60.0,0.0,0.0,0.0,0.0,0.0,0.0,0.0,0.0,0.0,0.0,0.0,0.0,0.0,0.0,0.0,0.0,0.0,0.0,8.0,2.0,1.0
658,5.4848278,0,8.204,1.8331,1.8965,1.6073,0.1845,0.003,0.0048,0.0003,0.0415,0.0517,0.0023,0.0009,0.0113,0.0002,0.0015,0.0023,0.0,0.0001,0.0088,0.0018,0.0006,0.0028,0.0,0.0954,0.0205,0.0001,0.0093,0.0,125.0,0.0,62.0,63.0,60.0,0.0,0.0,0.0,0.0,0.0,0.0,0.0,0.0,0.0,0.0,0.0,0.0,0.0,0.0,0.0,0.0,0.0,0.0,8.0,2.0,1.0
659,5.4930318,0,8.3994,1.7563,1.7902,1.7026,0.1855,0.0035,0.0054,0.0002,0.0358,0.0477,0.0024,0.0009,0.0114,0.0002,0.0015,0.0018,0.0002,0.0001,0.0087,0.0017,0.0005,0.0035,0.0,0.0915,0.021,0.0001,0.0091,0.0,125.0,0.0,62.0,63.0,60.0,0.0,0.0,0.0,0.0,0.0,0.0,0.0,0.0,0.0,0.0,0.0,0.0,0.0,0.0,0.0,0.0,0.0,0.0,8.0,2.0,1.0
660,5.5014312,0,8.2845,1.6809,1.847,1.7413,0.1736,0.0029,0.0067,0.0002,0.0339,0.046,0.0025,0.0007,0.0102,0.0002,0.0015,0.002,0.0001,0.0001,0.0079,0.0013,0.0009,0.0028,0.0001,0.0875,0.0178,0.0,0.0095,0.0,125.0,0.0,62.0,63.0,60.0,0.0,0.0,0.0,0.0,0.0,0.0,0.0,0.0,0.0,0.0,0.0,0.0,0.0,0.0,0.0,0.0,0.0,0.0,8.0,2.0,1.0
661,5.5097157,0,8.1911,1.6362,1.7382,1.6894,0.1587,0.0027,0.0051,0.0002,0.0344,0.0447,0.0019,0.0007,0.0078,0.0002,0.0012,0.0013,0.0,0.0002,0.0083,0.0016,0.0005,0.0024,0.0,0.0808,0.0175,0.0,0.0091,0.0,125.0,0.0,62.0,63.0,60.0,0.0,0.0,0.0,0.0,0.0,0.0,0.0,0.0,0.0,0.0,0.0,0.0,0.0,0.0,0.0,0.0,0.0,0.0,8.0,2.0,1.0
662,5.5179068000000004,0,8.4415,1.6724,1.6269,1.5189,0.1652,0.0025,0.0049,0.0002,0.0427,0.052,0.002,0.0005,0.009,0.0001,0.002,0.0011,0.0,0.0001,0.0078,0.0013,0.0004,0.0024,0.0,0.0878,0.0185,0.0001,0.0102,0.0,125.0,0.0,62.0,63.0,60.0,0.0,0.0,0.0,0.0,0.0,0.0,0.0,0.0,0.0,0.0,0.0,0.0,0.0,0.0,0.0,0.0,0.0,0.0,8.0,2.0,1.0
663,5.5263483,0,8.3386,1.8588,1.8,1.6742,0.1648,0.0023,0.0046,0.0002,0.0326,0.0418,0.0025,0.0008,0.0114,0.0001,0.0014,0.0021,0.0001,0.0001,0.0085,0.0016,0.0004,0.0029,0.0,0.0837,0.0161,0.0001,0.0091,0.0,125.0,0.0,62.0,63.0,60.0,0.0,0.0,0.0,0.0,0.0,0.0,0.0,0.0,0.0,0.0,0.0,0.0,0.0,0.0,0.0,0.0,0.0,0.0,8.0,2.0,1.0
664,5.5346869000000005,0,8.2662,1.8001,1.8177,1.5835,0.1777,0.0025,0.0048,0.0002,0.0429,0.053,0.0023,0.0007,0.0102,0.0002,0.0016,0.0016,0.0,0.0001,0.009,0.0014,0.0006,0.0029,0.0,0.0955,0.0188,0.0001,0.0103,0.0,125.0,0.0,62.0,63.0,60.0,0.0,0.0,0.0,0.0,0.0,0.0,0.0,0.0,0.0,0.0,0.0,0.0,0.0,0.0,0.0,0.0,0.0,0.0,8.0,2.0,1.0
665,5.5429531,0,8.5714,1.9108,1.7783,1.6611,0.1867,0.0034,0.0058,0.0003,0.0289,0.0422,0.0025,0.0013,0.0128,0.0002,0.0017,0.002,0.0002,0.0001,0.0084,0.0016,0.0005,0.0029,0.0,0.087,0.0218,0.0002,0.0096,0.0,125.0,0.0,62.0,63.0,60.0,0.0,0.0,0.0,0.0,0.0,0.0,0.0,0.0,0.0,0.0,0.0,0.0,0.0,0.0,0.0,0.0,0.0,0.0,8.0,2.0,1.0
666,5.5515245,0,8.2753,1.849,1.9881,1.5793,0.177,0.0023,0.005,0.0001,0.0452,0.0551,0.003,0.0009,0.0112,0.0001,0.002,0.0015,0.0,0.0001,0.0081,0.0012,0.0004,0.0028,0.0,0.0974,0.0196,0.0001,0.0108,0.0,125.0,0.0,62.0,63.0,60.0,0.0,0.0,0.0,0.0,0.0,0.0,0.0,0.0,0.0,0.0,0.0,0.0,0.0,0.0,0.0,0.0,0.0,0.0,8.0,2.0,1.0
667,5.5597998,0,8.1715,1.8134,1.7045,1.6345,0.1794,0.0032,0.0073,0.0002,0.0279,0.0416,0.0028,0.0009,0.0117,0.0001,0.0018,0.0016,0.0001,0.0006,0.0087,0.0011,0.0005,0.0027,0.0,0.0853,0.0203,0.0001,0.0086,0.0,125.0,0.0,62.0,63.0,60.0,0.0,0.0,0.0,0.0,0.0,0.0,0.0,0.0,0.0,0.0,0.0,0.0,0.0,0.0,0.0,0.0,0.0,0.0,8.0,2.0,1.0
668,5.567971300000001,0,8.5479,1.7667,1.893,1.6522,0.189,0.0032,0.0054,0.0002,0.0461,0.0576,0.0031,0.0008,0.0117,0.0001,0.0018,0.0015,0.0001,0.0001,0.0081,0.0013,0.0004,0.0024,0.0001,0.0984,0.0181,0.0001,0.0103,0.0,125.0,0.0,62.0,63.0,60.0,0.0,0.0,0.0,0.0,0.0,0.0,0.0,0.0,0.0,0.0,0.0,0.0,0.0,0.0,0.0,0.0,0.0,0.0,8.0,2.0,1.0
669,5.576519200000001,0,8.2302,1.7255,1.9154,1.6606,0.1767,0.0029,0.0054,0.0003,0.0392,0.05,0.0022,0.0007,0.01,0.0001,0.0015,0.0017,0.0,0.0002,0.0087,0.0016,0.0004,0.0027,0.0,0.0916,0.0198,0.0,0.0111,0.0,125.0,0.0,62.0,63.0,60.0,0.0,0.0,0.0,0.0,0.0,0.0,0.0,0.0,0.0,0.0,0.0,0.0,0.0,0.0,0.0,0.0,0.0,0.0,8.0,2.0,1.0
670,5.584749400000001,0,8.2891,1.7874,1.7825,1.5241,0.1751,0.0024,0.0062,0.0002,0.0386,0.0502,0.0029,0.0009,0.0112,0.0001,0.0015,0.0014,0.0001,0.0001,0.0083,0.0014,0.0005,0.0029,0.0,0.092,0.0198,0.0001,0.0092,0.0,125.0,0.0,62.0,63.0,60.0,0.0,0.0,0.0,0.0,0.0,0.0,0.0,0.0,0.0,0.0,0.0,0.0,0.0,0.0,0.0,0.0,0.0,0.0,8.0,2.0,1.0
671,5.5930385000000005,0,8.3055,1.7281,1.7528,1.7381,0.1594,0.0012,0.0067,0.0002,0.028,0.0379,0.002,0.0006,0.0094,0.0001,0.0016,0.0013,0.0,0.0001,0.0085,0.0011,0.0004,0.0024,0.0001,0.0761,0.0192,0.0001,0.0089,0.0,125.0,0.0,62.0,63.0,60.0,0.0,0.0,0.0,0.0,0.0,0.0,0.0,0.0,0.0,0.0,0.0,0.0,0.0,0.0,0.0,0.0,0.0,0.0,8.0,2.0,1.0
672,5.601344,0,8.4296,1.8706,1.8172,1.6324,0.1738,0.0028,0.0058,0.0001,0.0386,0.0496,0.0019,0.0007,0.0089,0.0001,0.0022,0.0014,0.0002,0.0006,0.0085,0.0012,0.0004,0.0025,0.0,0.0884,0.0178,0.0,0.0097,0.0,125.0,0.0,62.0,63.0,60.0,0.0,0.0,0.0,0.0,0.0,0.0,0.0,0.0,0.0,0.0,0.0,0.0,0.0,0.0,0.0,0.0,0.0,0.0,8.0,2.0,1.0
673,5.6097736000000005,0,8.1911,1.8404,1.7142,1.8457,0.1615,0.0025,0.0044,0.0001,0.0294,0.0384,0.0022,0.0012,0.0118,0.0001,0.0015,0.0019,0.0001,0.0001,0.0088,0.0014,0.0004,0.0028,0.0,0.0812,0.019,0.0,0.0095,0.0,125.0,0.0,62.0,63.0,60.0,0.0,0.0,0.0,0.0,0.0,0.0,0.0,0.0,0.0,0.0,0.0,0.0,0.0,0.0,0.0,0.0,0.0,0.0,8.0,2.0,1.0
674,5.617964700000001,0,8.437,1.7968,1.8251,1.5942,0.1702,0.0029,0.0046,0.0001,0.0421,0.052,0.0018,0.0007,0.0091,0.0002,0.0013,0.0014,0.0001,0.0001,0.0075,0.0016,0.0004,0.0024,0.0,0.0885,0.0194,0.0,0.0095,0.0,125.0,0.0,62.0,63.0,60.0,0.0,0.0,0.0,0.0,0.0,0.0,0.0,0.0,0.0,0.0,0.0,0.0,0.0,0.0,0.0,0.0,0.0,0.0,8.0,2.0,1.0
675,5.626401700000001,0,8.4288,1.8978,1.8587,1.6559,0.1817,0.0031,0.007,0.0002,0.0277,0.0413,0.0023,0.0008,0.0113,0.0002,0.0017,0.0015,0.0001,0.0003,0.0091,0.0012,0.0009,0.0029,0.0,0.0842,0.0193,0.0,0.0105,0.0,125.0,0.0,62.0,63.0,60.0,0.0,0.0,0.0,0.0,0.0,0.0,0.0,0.0,0.0,0.0,0.0,0.0,0.0,0.0,0.0,0.0,0.0,0.0,8.0,2.0,1.0
676,5.6348305000000005,0,8.1386,2.0529,1.8133,1.7905,0.1664,0.0026,0.0066,0.0002,0.0368,0.0483,0.0023,0.0007,0.0089,0.0001,0.0012,0.0014,0.0004,0.0001,0.0083,0.0011,0.0005,0.0024,0.0,0.0856,0.0178,0.0,0.0109,0.0,125.0,0.0,62.0,63.0,60.0,0.0,0.0,0.0,0.0,0.0,0.0,0.0,0.0,0.0,0.0,0.0,0.0,0.0,0.0,0.0,0.0,0.0,0.0,8.0,2.0,1.0
677,5.6429691,0,8.2866,1.6901,1.7679,1.4697,0.1717,0.0029,0.0055,0.0002,0.0299,0.0414,0.0025,0.0007,0.0105,0.0002,0.0019,0.0013,0.0001,0.0002,0.0094,0.0012,0.0005,0.0029,0.0,0.0834,0.0192,0.0001,0.0094,0.0,125.0,0.0,62.0,63.0,60.0,0.0,0.0,0.0,0.0,0.0,0.0,0.0,0.0,0.0,0.0,0.0,0.0,0.0,0.0,0.0,0.0,0.0,0.0,8.0,2.0,1.0
678,5.6512557,0,8.4165,1.7682,1.5757,1.571,0.1638,0.0033,0.0066,0.0001,0.0332,0.0453,0.0017,0.0007,0.0085,0.0001,0.0017,0.0013,0.0001,0.0002,0.0079,0.0014,0.0004,0.0022,0.0001,0.0822,0.0177,0.0,0.0092,0.0,125.0,0.0,62.0,63.0,60.0,0.0,0.0,0.0,0.0,0.0,0.0,0.0,0.0,0.0,0.0,0.0,0.0,0.0,0.0,0.0,0.0,0.0,0.0,8.0,2.0,1.0
679,5.6596722,0,8.2134,1.7947,1.7797,1.5505,0.1664,0.0025,0.0048,0.0002,0.0305,0.04,0.0022,0.0007,0.0118,0.0002,0.0015,0.0013,0.0001,0.0001,0.0087,0.0011,0.0008,0.0026,0.0,0.083,0.0216,0.0,0.0101,0.0,125.0,0.0,62.0,63.0,60.0,0.0,0.0,0.0,0.0,0.0,0.0,0.0,0.0,0.0,0.0,0.0,0.0,0.0,0.0,0.0,0.0,0.0,0.0,8.0,2.0,1.0
680,5.6678856,0,8.4067,1.8112,1.6889,1.5308,0.1639,0.0025,0.0058,0.0002,0.0365,0.0476,0.002,0.0006,0.0095,0.0001,0.0017,0.0012,0.0,0.0006,0.0075,0.0009,0.0003,0.0023,0.0,0.0843,0.0182,0.0001,0.0106,0.0,125.0,0.0,62.0,63.0,60.0,0.0,0.0,0.0,0.0,0.0,0.0,0.0,0.0,0.0,0.0,0.0,0.0,0.0,0.0,0.0,0.0,0.0,0.0,8.0,2.0,1.0
681,5.6762923,0,8.5809,1.6801,1.7265,1.6995,0.1787,0.0025,0.0048,0.0002,0.0346,0.0447,0.0023,0.0009,0.0109,0.0001,0.0019,0.0015,0.0001,0.0002,0.0088,0.0013,0.0007,0.0029,0.0,0.0879,0.0202,0.0,0.0102,0.0,125.0,0.0,62.0,63.0,60.0,0.0,0.0,0.0,0.0,0.0,0.0,0.0,0.0,0.0,0.0,0.0,0.0,0.0,0.0,0.0,0.0,0.0,0.0,8.0,2.0,1.0
682,5.6848732,0,8.3695,1.9134,2.0994,1.7444,0.2066,0.0031,0.0079,0.0002,0.0421,0.0559,0.0025,0.0016,0.0119,0.0001,0.0018,0.002,0.0001,0.0001,0.0098,0.0013,0.0005,0.0032,0.0,0.1032,0.0212,0.0,0.0082,0.0,125.0,0.0,62.0,63.0,60.0,0.0,0.0,0.0,0.0,0.0,0.0,0.0,0.0,0.0,0.0,0.0,0.0,0.0,0.0,0.0,0.0,0.0,0.0,8.0,2.0,1.0
683,5.6932427,0,8.261,1.8039,1.8818,1.7642,0.1866,0.0036,0.0061,0.0003,0.0358,0.0483,0.0022,0.0012,0.0112,0.0002,0.0014,0.002,0.0001,0.0002,0.0089,0.0013,0.0005,0.0025,0.0,0.0911,0.0208,0.0001,0.0097,0.0,125.0,0.0,62.0,63.0,60.0,0.0,0.0,0.0,0.0,0.0,0.0,0.0,0.0,0.0,0.0,0.0,0.0,0.0,0.0,0.0,0.0,0.0,0.0,8.0,2.0,1.0
684,5.7015037,0,8.3233,1.8784,1.9173,1.7607,0.1836,0.0026,0.005,0.0003,0.0413,0.052,0.0024,0.0007,0.0107,0.0001,0.0016,0.002,0.0001,0.0001,0.0089,0.0014,0.0005,0.0032,0.0,0.0949,0.0207,0.0001,0.0092,0.0,125.0,0.0,62.0,63.0,60.0,0.0,0.0,0.0,0.0,0.0,0.0,0.0,0.0,0.0,0.0,0.0,0.0,0.0,0.0,0.0,0.0,0.0,0.0,8.0,2.0,1.0
685,5.709827,0,8.3294,1.9217,1.9415,1.7519,0.2032,0.0044,0.0053,0.0002,0.0378,0.0501,0.0031,0.0012,0.0153,0.0002,0.0023,0.0025,0.0001,0.0001,0.0103,0.0015,0.0005,0.003,0.0,0.1029,0.0238,0.0007,0.0096,0.0,125.0,0.0,62.0,63.0,60.0,0.0,0.0,0.0,0.0,0.0,0.0,0.0,0.0,0.0,0.0,0.0,0.0,0.0,0.0,0.0,0.0,0.0,0.0,8.0,2.0,1.0
686,5.7181564,0,8.3742,1.9551,1.9235,1.9964,0.1878,0.0027,0.005,0.0002,0.0454,0.0559,0.003,0.0015,0.0118,0.0001,0.0022,0.0016,0.0,0.0001,0.0088,0.0013,0.0007,0.0028,0.0001,0.0993,0.0201,0.0001,0.0102,0.0,125.0,0.0,62.0,63.0,60.0,0.0,0.0,0.0,0.0,0.0,0.0,0.0,0.0,0.0,0.0,0.0,0.0,0.0,0.0,0.0,0.0,0.0,0.0,8.0,2.0,1.0
687,5.7265306,0,8.1932,1.8462,1.8496,2.0639,0.1751,0.003,0.0058,0.0002,0.0283,0.0402,0.0029,0.0009,0.0126,0.0001,0.002,0.0017,0.0001,0.0001,0.0083,0.0012,0.0005,0.0029,0.0001,0.084,0.0209,0.0,0.0098,0.0,125.0,0.0,62.0,63.0,60.0,0.0,0.0,0.0,0.0,0.0,0.0,0.0,0.0,0.0,0.0,0.0,0.0,0.0,0.0,0.0,0.0,0.0,0.0,8.0,2.0,1.0
688,5.7347238,0,8.4885,1.9502,2.0054,2.2449,0.2129,0.0032,0.0052,0.0002,0.0592,0.0709,0.0027,0.001,0.0118,0.0001,0.0023,0.0017,0.0001,0.0001,0.0094,0.0013,0.0005,0.0029,0.0001,0.1162,0.0212,0.0001,0.0096,0.0,125.0,0.0,62.0,63.0,60.0,0.0,0.0,0.0,0.0,0.0,0.0,0.0,0.0,0.0,0.0,0.0,0.0,0.0,0.0,0.0,0.0,0.0,0.0,8.0,2.0,1.0
689,5.743212300000001,0,8.3908,1.9307,1.8552,2.4051,0.1947,0.0032,0.0055,0.0003,0.0372,0.0488,0.0027,0.001,0.0121,0.0002,0.0016,0.0022,0.0001,0.0001,0.0099,0.0013,0.0005,0.003,0.0,0.096,0.0206,0.0001,0.0077,0.0,125.0,0.0,62.0,63.0,60.0,0.0,0.0,0.0,0.0,0.0,0.0,0.0,0.0,0.0,0.0,0.0,0.0,0.0,0.0,0.0,0.0,0.0,0.0,8.0,2.0,1.0
690,5.7516031000000005,0,8.2931,1.9557,2.0268,1.6381,0.2005,0.0031,0.0057,0.0003,0.0477,0.0597,0.0025,0.0011,0.0111,0.0002,0.0021,0.0014,0.0001,0.0002,0.0092,0.0012,0.0005,0.0029,0.0,0.1036,0.021,0.0,0.0096,0.0,125.0,0.0,62.0,63.0,60.0,0.0,0.0,0.0,0.0,0.0,0.0,0.0,0.0,0.0,0.0,0.0,0.0,0.0,0.0,0.0,0.0,0.0,0.0,8.0,2.0,1.0
691,5.759896200000001,0,8.196,1.9109,1.9242,1.85,0.2075,0.0027,0.0051,0.0003,0.0406,0.0511,0.003,0.001,0.015,0.0001,0.002,0.0029,0.0001,0.0002,0.012,0.0014,0.001,0.0035,0.0,0.1081,0.0243,0.0,0.0086,0.0,125.0,0.0,62.0,63.0,60.0,0.0,0.0,0.0,0.0,0.0,0.0,0.0,0.0,0.0,0.0,0.0,0.0,0.0,0.0,0.0,0.0,0.0,0.0,8.0,2.0,1.0
692,5.768092200000001,0,8.4109,2.2575,1.868,1.7124,0.2043,0.0031,0.0054,0.0003,0.0539,0.0649,0.003,0.0009,0.0125,0.0003,0.0018,0.0016,0.0,0.0001,0.0114,0.0017,0.0007,0.0036,0.0,0.1137,0.0198,0.0,0.0092,0.0,125.0,0.0,62.0,63.0,60.0,0.0,0.0,0.0,0.0,0.0,0.0,0.0,0.0,0.0,0.0,0.0,0.0,0.0,0.0,0.0,0.0,0.0,0.0,8.0,2.0,1.0
693,5.776503100000001,0,8.4174,1.9038,2.0185,1.7301,0.1841,0.0033,0.0076,0.0007,0.0262,0.0401,0.0022,0.0009,0.0116,0.0002,0.002,0.0021,0.0,0.0002,0.0091,0.0018,0.0005,0.003,0.0,0.0893,0.0201,0.0001,0.0107,0.0,125.0,0.0,62.0,63.0,60.0,0.0,0.0,0.0,0.0,0.0,0.0,0.0,0.0,0.0,0.0,0.0,0.0,0.0,0.0,0.0,0.0,0.0,0.0,8.0,2.0,1.0
694,5.784920500000001,0,8.3002,1.8964,1.9479,1.7407,0.2005,0.0027,0.0056,0.0003,0.0526,0.0641,0.0032,0.0008,0.0123,0.0002,0.0017,0.0014,0.0001,0.0002,0.0089,0.0017,0.0004,0.003,0.0,0.1092,0.0225,0.0001,0.0119,0.0,125.0,0.0,62.0,63.0,60.0,0.0,0.0,0.0,0.0,0.0,0.0,0.0,0.0,0.0,0.0,0.0,0.0,0.0,0.0,0.0,0.0,0.0,0.0,8.0,2.0,1.0
695,5.793220700000001,0,8.2414,2.0335,1.8321,1.8094,0.1704,0.0028,0.0062,0.0003,0.0315,0.0435,0.0021,0.0006,0.0106,0.0002,0.0019,0.0015,0.0007,0.0001,0.0086,0.0011,0.001,0.0023,0.0,0.0846,0.0208,0.0001,0.0084,0.0,125.0,0.0,62.0,63.0,60.0,0.0,0.0,0.0,0.0,0.0,0.0,0.0,0.0,0.0,0.0,0.0,0.0,0.0,0.0,0.0,0.0,0.0,0.0,8.0,2.0,1.0
696,5.801462100000001,0,8.4944,1.8622,1.9883,1.8429,0.2006,0.0029,0.0089,0.0002,0.0414,0.0564,0.0023,0.0009,0.0121,0.0001,0.0017,0.0022,0.0001,0.0001,0.0097,0.0012,0.0005,0.0034,0.0001,0.1033,0.0172,0.0001,0.0098,0.0,125.0,0.0,62.0,63.0,60.0,0.0,0.0,0.0,0.0,0.0,0.0,0.0,0.0,0.0,0.0,0.0,0.0,0.0,0.0,0.0,0.0,0.0,0.0,8.0,2.0,1.0
697,5.809956500000001,0,8.2461,1.8097,1.996,1.6261,0.1787,0.0028,0.0052,0.0002,0.0328,0.0435,0.0026,0.0009,0.012,0.0001,0.0021,0.0018,0.0001,0.0005,0.0086,0.0011,0.001,0.0025,0.0,0.0874,0.0207,0.0001,0.0106,0.0,125.0,0.0,62.0,63.0,60.0,0.0,0.0,0.0,0.0,0.0,0.0,0.0,0.0,0.0,0.0,0.0,0.0,0.0,0.0,0.0,0.0,0.0,0.0,8.0,2.0,1.0
698,5.818202600000001,0,8.2112,1.8153,1.7934,1.6248,0.1803,0.0025,0.0054,0.0002,0.039,0.0501,0.0026,0.001,0.0123,0.0001,0.0015,0.0017,0.0001,0.0002,0.0086,0.0015,0.0005,0.0033,0.0001,0.0933,0.0198,0.0001,0.0096,0.0,125.0,0.0,62.0,63.0,60.0,0.0,0.0,0.0,0.0,0.0,0.0,0.0,0.0,0.0,0.0,0.0,0.0,0.0,0.0,0.0,0.0,0.0,0.0,8.0,2.0,1.0
699,5.826413800000001,0,8.4171,1.8304,1.8551,1.6091,0.1853,0.0035,0.0064,0.0003,0.0345,0.0473,0.0025,0.0013,0.0135,0.0001,0.002,0.0016,0.0001,0.0001,0.0087,0.0013,0.0005,0.003,0.0001,0.0941,0.0217,0.0001,0.0088,0.0,125.0,0.0,62.0,63.0,60.0,0.0,0.0,0.0,0.0,0.0,0.0,0.0,0.0,0.0,0.0,0.0,0.0,0.0,0.0,0.0,0.0,0.0,0.0,8.0,2.0,1.0
700,5.834830900000001,0,8.2611,1.8193,1.8882,1.9043,0.1829,0.0027,0.0048,0.0002,0.0426,0.0526,0.0023,0.0008,0.011,0.0002,0.0015,0.0021,0.0001,0.0001,0.0087,0.0016,0.0004,0.0032,0.0001,0.0955,0.0202,0.0001,0.0086,0.0,125.0,0.0,62.0,63.0,60.0,0.0,0.0,0.0,0.0,0.0,0.0,0.0,0.0,0.0,0.0,0.0,0.0,0.0,0.0,0.0,0.0,0.0,0.0,8.0,2.0,1.0
701,5.843092000000001,0,8.3405,1.7812,1.8058,1.572,0.184,0.003,0.0058,0.0003,0.0363,0.0477,0.003,0.0008,0.0131,0.0001,0.0017,0.0014,0.0001,0.0001,0.0091,0.0017,0.0004,0.003,0.0,0.0923,0.0194,0.0,0.0099,0.0,125.0,0.0,62.0,63.0,60.0,0.0,0.0,0.0,0.0,0.0,0.0,0.0,0.0,0.0,0.0,0.0,0.0,0.0,0.0,0.0,0.0,0.0,0.0,8.0,2.0,1.0
702,5.851432500000001,0,8.2272,1.7202,1.7774,1.5073,0.1671,0.0026,0.006,0.0002,0.0363,0.0476,0.0021,0.0008,0.0096,0.0001,0.0015,0.0013,0.0,0.0001,0.0081,0.0012,0.0005,0.0026,0.0,0.0848,0.0164,0.0001,0.0099,0.0,125.0,0.0,62.0,63.0,60.0,0.0,0.0,0.0,0.0,0.0,0.0,0.0,0.0,0.0,0.0,0.0,0.0,0.0,0.0,0.0,0.0,0.0,0.0,8.0,2.0,1.0
703,5.859659700000002,0,8.3829,1.6265,1.784,1.4734,0.1841,0.0024,0.0046,0.0002,0.034,0.0433,0.0036,0.001,0.0137,0.0002,0.0017,0.002,0.0001,0.0001,0.0093,0.0014,0.0005,0.003,0.0,0.0903,0.025,0.0001,0.0094,0.0,125.0,0.0,62.0,63.0,60.0,0.0,0.0,0.0,0.0,0.0,0.0,0.0,0.0,0.0,0.0,0.0,0.0,0.0,0.0,0.0,0.0,0.0,0.0,8.0,2.0,1.0
704,5.868042600000002,0,8.4323,1.7065,1.8116,1.6795,0.1858,0.0034,0.0059,0.0002,0.0394,0.0515,0.0024,0.0009,0.0128,0.0001,0.0016,0.0017,0.0,0.0001,0.0085,0.0012,0.0004,0.003,0.0,0.0951,0.0203,0.0001,0.0087,0.0,125.0,0.0,62.0,63.0,60.0,0.0,0.0,0.0,0.0,0.0,0.0,0.0,0.0,0.0,0.0,0.0,0.0,0.0,0.0,0.0,0.0,0.0,0.0,8.0,2.0,1.0
705,5.876474900000002,0,8.2142,1.8193,1.7699,1.6165,0.1739,0.0044,0.0077,0.0002,0.0279,0.043,0.0023,0.0009,0.0107,0.0001,0.0014,0.002,0.0,0.0002,0.0087,0.0012,0.0005,0.003,0.0,0.0847,0.0181,0.0001,0.0086,0.0,125.0,0.0,62.0,63.0,60.0,0.0,0.0,0.0,0.0,0.0,0.0,0.0,0.0,0.0,0.0,0.0,0.0,0.0,0.0,0.0,0.0,0.0,0.0,8.0,2.0,1.0
706,5.884689100000002,0,8.2979,1.8471,1.7426,1.5864,0.1748,0.0024,0.0047,0.0001,0.0455,0.0555,0.0024,0.0009,0.0104,0.0002,0.0014,0.002,0.0001,0.0001,0.0083,0.0018,0.0005,0.0028,0.0,0.0968,0.0195,0.0001,0.0076,0.0,125.0,0.0,62.0,63.0,60.0,0.0,0.0,0.0,0.0,0.0,0.0,0.0,0.0,0.0,0.0,0.0,0.0,0.0,0.0,0.0,0.0,0.0,0.0,8.0,2.0,1.0
707,5.8929870000000015,0,8.6379,1.8501,1.8886,1.8038,0.1812,0.0045,0.0069,0.0002,0.0316,0.0461,0.0023,0.0009,0.0101,0.0002,0.0016,0.0021,0.0001,0.0002,0.0088,0.0012,0.0005,0.0025,0.0,0.0856,0.02,0.0,0.0101,0.0,125.0,0.0,62.0,63.0,60.0,0.0,0.0,0.0,0.0,0.0,0.0,0.0,0.0,0.0,0.0,0.0,0.0,0.0,0.0,0.0,0.0,0.0,0.0,8.0,2.0,1.0
708,5.901624900000002,0,8.1716,1.8095,1.9009,1.6807,0.1811,0.0034,0.0073,0.0002,0.0327,0.0459,0.0024,0.0011,0.0106,0.0002,0.002,0.0015,0.0001,0.0001,0.0087,0.0013,0.0005,0.003,0.0,0.0876,0.0197,0.0001,0.0091,0.0,125.0,0.0,62.0,63.0,60.0,0.0,0.0,0.0,0.0,0.0,0.0,0.0,0.0,0.0,0.0,0.0,0.0,0.0,0.0,0.0,0.0,0.0,0.0,8.0,2.0,1.0
709,5.9097965000000015,0,8.2328,1.7354,1.8337,1.9208,0.2028,0.0032,0.0077,0.0005,0.0505,0.0642,0.0023,0.0008,0.0117,0.0001,0.0015,0.0018,0.0001,0.0002,0.0094,0.0018,0.0005,0.0029,0.0001,0.1092,0.0207,0.0001,0.0096,0.0,125.0,0.0,62.0,63.0,60.0,0.0,0.0,0.0,0.0,0.0,0.0,0.0,0.0,0.0,0.0,0.0,0.0,0.0,0.0,0.0,0.0,0.0,0.0,8.0,2.0,1.0
710,5.9180293000000015,0,8.3418,1.7633,1.7364,1.8197,0.1828,0.0027,0.0061,0.0001,0.0432,0.0547,0.0026,0.0008,0.0114,0.0002,0.0019,0.0014,0.0001,0.0001,0.0089,0.0013,0.0005,0.0032,0.0001,0.098,0.0194,0.0,0.01,0.0,125.0,0.0,62.0,63.0,60.0,0.0,0.0,0.0,0.0,0.0,0.0,0.0,0.0,0.0,0.0,0.0,0.0,0.0,0.0,0.0,0.0,0.0,0.0,8.0,2.0,1.0
711,5.926371100000002,0,8.3639,1.8037,1.7766,1.6939,0.1844,0.0026,0.0055,0.0001,0.0385,0.0501,0.0024,0.0008,0.012,0.0001,0.0015,0.0022,0.0001,0.0001,0.0085,0.0018,0.0004,0.0029,0.0001,0.0947,0.0208,0.0001,0.0092,0.0,125.0,0.0,62.0,63.0,60.0,0.0,0.0,0.0,0.0,0.0,0.0,0.0,0.0,0.0,0.0,0.0,0.0,0.0,0.0,0.0,0.0,0.0,0.0,8.0,2.0,1.0
712,5.934735000000002,0,8.2451,1.8444,1.7685,1.6554,0.1803,0.0024,0.0058,0.0001,0.0417,0.0529,0.0025,0.0013,0.0122,0.0002,0.0014,0.0014,0.0004,0.0001,0.0083,0.0013,0.0004,0.0029,0.0,0.0958,0.0185,0.0,0.0088,0.0,125.0,0.0,62.0,63.0,60.0,0.0,0.0,0.0,0.0,0.0,0.0,0.0,0.0,0.0,0.0,0.0,0.0,0.0,0.0,0.0,0.0,0.0,0.0,8.0,2.0,1.0
713,5.9429801000000015,0,8.5078,2.0928,1.7522,1.7384,0.1826,0.0027,0.0047,0.0001,0.0374,0.047,0.0034,0.0008,0.0135,0.0001,0.0016,0.0018,0.0001,0.0001,0.0085,0.0017,0.0005,0.0029,0.0,0.0933,0.0201,0.0001,0.0105,0.0,125.0,0.0,62.0,63.0,60.0,0.0,0.0,0.0,0.0,0.0,0.0,0.0,0.0,0.0,0.0,0.0,0.0,0.0,0.0,0.0,0.0,0.0,0.0,8.0,2.0,1.0
714,5.951487900000002,0,8.3266,1.8669,1.9291,1.7249,0.1932,0.0031,0.0063,0.0002,0.0448,0.0573,0.0028,0.0008,0.0114,0.0002,0.0019,0.0014,0.0001,0.0006,0.0094,0.0012,0.0007,0.0028,0.0001,0.1007,0.0206,0.0001,0.0089,0.0,125.0,0.0,62.0,63.0,60.0,0.0,0.0,0.0,0.0,0.0,0.0,0.0,0.0,0.0,0.0,0.0,0.0,0.0,0.0,0.0,0.0,0.0,0.0,8.0,2.0,1.0
715,5.959814500000002,0,8.3042,1.8979,1.8201,1.6759,0.1765,0.0026,0.0055,0.0001,0.0359,0.0474,0.0019,0.0011,0.0098,0.0003,0.0022,0.0016,0.0001,0.0002,0.0094,0.0016,0.0004,0.003,0.0,0.0884,0.0189,0.0,0.0087,0.0,125.0,0.0,62.0,63.0,60.0,0.0,0.0,0.0,0.0,0.0,0.0,0.0,0.0,0.0,0.0,0.0,0.0,0.0,0.0,0.0,0.0,0.0,0.0,8.0,2.0,1.0
716,5.968118700000002,0,8.3144,1.7958,1.8758,1.6797,0.1883,0.0025,0.0046,0.0002,0.0453,0.055,0.0025,0.0008,0.0121,0.0001,0.0014,0.0015,0.0001,0.0001,0.0087,0.0017,0.0005,0.003,0.0,0.0995,0.02,0.0001,0.0092,0.0,125.0,0.0,62.0,63.0,60.0,0.0,0.0,0.0,0.0,0.0,0.0,0.0,0.0,0.0,0.0,0.0,0.0,0.0,0.0,0.0,0.0,0.0,0.0,8.0,2.0,1.0
717,5.976433100000002,0,8.3225,1.907,1.7427,1.5787,0.1867,0.0031,0.0065,0.0007,0.0254,0.0378,0.0018,0.0006,0.0096,0.0001,0.002,0.0014,0.0001,0.0001,0.0085,0.0013,0.0005,0.0026,0.0,0.0759,0.0469,0.0001,0.0085,0.0,125.0,0.0,62.0,63.0,60.0,0.0,0.0,0.0,0.0,0.0,0.0,0.0,0.0,0.0,0.0,0.0,0.0,0.0,0.0,0.0,0.0,0.0,0.0,8.0,2.0,1.0
718,5.984755600000002,0,8.3225,1.9282,1.8646,1.7289,0.1786,0.0025,0.0055,0.0003,0.0398,0.0505,0.0025,0.0009,0.0105,0.0001,0.0018,0.0014,0.0001,0.0001,0.0087,0.0012,0.0009,0.0029,0.0,0.0919,0.0195,0.0001,0.0094,0.0,125.0,0.0,62.0,63.0,60.0,0.0,0.0,0.0,0.0,0.0,0.0,0.0,0.0,0.0,0.0,0.0,0.0,0.0,0.0,0.0,0.0,0.0,0.0,8.0,2.0,1.0
719,5.993078100000003,0,8.4753,1.7701,1.7456,1.7382,0.1728,0.0026,0.0052,0.0002,0.0317,0.0422,0.0023,0.0008,0.0113,0.0002,0.0015,0.0018,0.0001,0.0002,0.0092,0.0015,0.0005,0.0028,0.0001,0.0855,0.0198,0.0001,0.0093,0.0,125.0,0.0,62.0,63.0,60.0,0.0,0.0,0.0,0.0,0.0,0.0,0.0,0.0,0.0,0.0,0.0,0.0,0.0,0.0,0.0,0.0,0.0,0.0,8.0,2.0,1.0
720,6.001553400000002,0,8.2691,1.7343,1.9998,1.6795,0.1872,0.0027,0.0053,0.0002,0.0457,0.0562,0.0028,0.0007,0.0116,0.0002,0.0021,0.0017,0.0,0.0004,0.0092,0.0024,0.0005,0.0032,0.0,0.1011,0.0207,0.0,0.0099,0.0,125.0,0.0,62.0,63.0,60.0,0.0,0.0,0.0,0.0,0.0,0.0,0.0,0.0,0.0,0.0,0.0,0.0,0.0,0.0,0.0,0.0,0.0,0.0,8.0,2.0,1.0
721,6.009822500000002,0,8.266,2.0497,1.8774,1.7002,0.1626,0.0028,0.0049,0.0002,0.0293,0.039,0.0023,0.0007,0.011,0.0002,0.0015,0.0019,0.0001,0.0003,0.0114,0.0016,0.0005,0.0035,0.0,0.0841,0.0177,0.0,0.0109,0.0,125.0,0.0,62.0,63.0,60.0,0.0,0.0,0.0,0.0,0.0,0.0,0.0,0.0,0.0,0.0,0.0,0.0,0.0,0.0,0.0,0.0,0.0,0.0,8.0,2.0,1.0
722,6.018088500000002,0,8.3667,1.7331,1.7485,1.4887,0.1751,0.0025,0.0045,0.0002,0.0413,0.0503,0.0031,0.0008,0.0112,0.0001,0.002,0.0015,0.0001,0.0002,0.0082,0.0013,0.0004,0.0028,0.0001,0.092,0.0197,0.0001,0.0105,0.0,125.0,0.0,62.0,63.0,60.0,0.0,0.0,0.0,0.0,0.0,0.0,0.0,0.0,0.0,0.0,0.0,0.0,0.0,0.0,0.0,0.0,0.0,0.0,8.0,2.0,1.0
723,6.026455200000002,0,8.3184,1.8014,1.9081,1.7472,0.1852,0.0032,0.0047,0.0001,0.0365,0.0474,0.0026,0.0009,0.0117,0.0002,0.0016,0.0018,0.0001,0.0001,0.009,0.0015,0.0005,0.0029,0.0,0.0919,0.0215,0.0,0.009,0.0,125.0,0.0,62.0,63.0,60.0,0.0,0.0,0.0,0.0,0.0,0.0,0.0,0.0,0.0,0.0,0.0,0.0,0.0,0.0,0.0,0.0,0.0,0.0,8.0,2.0,1.0
724,6.034773600000002,0,8.4178,1.9397,1.823,1.664,0.1801,0.0031,0.0065,0.0001,0.041,0.053,0.0018,0.0006,0.0094,0.0001,0.0014,0.0016,0.0,0.0001,0.0088,0.0013,0.0009,0.0025,0.0,0.0921,0.0198,0.0001,0.0106,0.0,125.0,0.0,62.0,63.0,60.0,0.0,0.0,0.0,0.0,0.0,0.0,0.0,0.0,0.0,0.0,0.0,0.0,0.0,0.0,0.0,0.0,0.0,0.0,8.0,2.0,1.0
725,6.043191400000002,0,8.6504,1.7975,2.2658,1.7455,0.1745,0.0028,0.0077,0.0001,0.028,0.0422,0.0023,0.0009,0.0116,0.0001,0.0021,0.0016,0.0001,0.0001,0.0093,0.0013,0.0005,0.0029,0.0,0.0855,0.0193,0.0,0.0102,0.0,125.0,0.0,62.0,63.0,60.0,0.0,0.0,0.0,0.0,0.0,0.0,0.0,0.0,0.0,0.0,0.0,0.0,0.0,0.0,0.0,0.0,0.0,0.0,8.0,2.0,1.0
726,6.051841800000002,0,8.0198,1.9365,1.891,1.6405,0.19,0.0054,0.0073,0.0001,0.0368,0.0522,0.0022,0.0009,0.0105,0.0001,0.0018,0.0015,0.0001,0.0001,0.0087,0.0013,0.0009,0.0029,0.0,0.0951,0.0211,0.0001,0.0087,0.0,125.0,0.0,62.0,63.0,60.0,0.0,0.0,0.0,0.0,0.0,0.0,0.0,0.0,0.0,0.0,0.0,0.0,0.0,0.0,0.0,0.0,0.0,0.0,8.0,2.0,1.0
727,6.059861600000001,0,8.136,1.7976,1.7741,1.686,0.1734,0.0027,0.0046,0.0001,0.0327,0.0425,0.0028,0.0007,0.0111,0.0002,0.0018,0.0017,0.0001,0.0002,0.0089,0.0014,0.0006,0.003,0.0001,0.0857,0.022,0.0,0.0088,0.0,125.0,0.0,62.0,63.0,60.0,0.0,0.0,0.0,0.0,0.0,0.0,0.0,0.0,0.0,0.0,0.0,0.0,0.0,0.0,0.0,0.0,0.0,0.0,8.0,2.0,1.0
728,6.067997600000002,0,8.4496,1.8586,1.7828,1.6347,0.1796,0.0039,0.005,0.0001,0.038,0.0493,0.0028,0.0008,0.0127,0.0001,0.0014,0.0018,0.0001,0.0001,0.0084,0.0012,0.0004,0.0028,0.0,0.0928,0.0203,0.0,0.0096,0.0,125.0,0.0,62.0,63.0,60.0,0.0,0.0,0.0,0.0,0.0,0.0,0.0,0.0,0.0,0.0,0.0,0.0,0.0,0.0,0.0,0.0,0.0,0.0,8.0,2.0,1.0
729,6.076447200000001,0,8.3065,1.7836,1.8289,1.9344,0.1782,0.0031,0.0057,0.0001,0.036,0.0476,0.0026,0.0009,0.0112,0.0002,0.0017,0.0023,0.0,0.0001,0.0083,0.0017,0.0004,0.0028,0.0001,0.0886,0.0198,0.0,0.0108,0.0,125.0,0.0,62.0,63.0,60.0,0.0,0.0,0.0,0.0,0.0,0.0,0.0,0.0,0.0,0.0,0.0,0.0,0.0,0.0,0.0,0.0,0.0,0.0,8.0,2.0,1.0
730,6.084753700000001,0,8.246,1.7501,1.7305,1.7015,0.1636,0.0025,0.0062,0.0001,0.0382,0.0491,0.0021,0.0006,0.01,0.0001,0.002,0.0013,0.0,0.0001,0.0079,0.0014,0.0004,0.0025,0.0,0.087,0.0174,0.0,0.0107,0.0,125.0,0.0,62.0,63.0,60.0,0.0,0.0,0.0,0.0,0.0,0.0,0.0,0.0,0.0,0.0,0.0,0.0,0.0,0.0,0.0,0.0,0.0,0.0,8.0,2.0,1.0
731,6.092999700000001,0,8.3129,1.7828,1.7015,1.5366,0.1769,0.0035,0.0076,0.0002,0.0339,0.0479,0.0022,0.0007,0.01,0.0001,0.0021,0.0014,0.0,0.0006,0.0086,0.0012,0.0005,0.0027,0.0,0.0892,0.0196,0.0001,0.0088,0.0,125.0,0.0,62.0,63.0,60.0,0.0,0.0,0.0,0.0,0.0,0.0,0.0,0.0,0.0,0.0,0.0,0.0,0.0,0.0,0.0,0.0,0.0,0.0,8.0,2.0,1.0
732,6.101312600000001,0,8.5162,1.8372,1.8223,1.6875,0.1721,0.0031,0.0048,0.0001,0.0446,0.0545,0.0019,0.0005,0.0101,0.0002,0.0013,0.0018,0.0001,0.0001,0.0085,0.0018,0.0006,0.0024,0.0001,0.0934,0.0164,0.0,0.01,0.0,125.0,0.0,62.0,63.0,60.0,0.0,0.0,0.0,0.0,0.0,0.0,0.0,0.0,0.0,0.0,0.0,0.0,0.0,0.0,0.0,0.0,0.0,0.0,8.0,2.0,1.0
733,6.109828800000001,0,8.3335,1.9471,1.8812,1.6574,0.1974,0.0034,0.0065,0.0001,0.0393,0.0522,0.0025,0.0008,0.0112,0.0002,0.0022,0.0019,0.0002,0.0001,0.0094,0.0014,0.0006,0.0028,0.0,0.097,0.0208,0.0001,0.0103,0.0,125.0,0.0,62.0,63.0,60.0,0.0,0.0,0.0,0.0,0.0,0.0,0.0,0.0,0.0,0.0,0.0,0.0,0.0,0.0,0.0,0.0,0.0,0.0,8.0,2.0,1.0
734,6.118162300000001,0,8.216,1.7913,1.7773,2.0695,0.176,0.0027,0.0054,0.0003,0.0381,0.0486,0.0022,0.0009,0.0109,0.0002,0.002,0.0016,0.0,0.0004,0.0085,0.0014,0.0004,0.0027,0.0,0.091,0.02,0.0001,0.0091,0.0,125.0,0.0,62.0,63.0,60.0,0.0,0.0,0.0,0.0,0.0,0.0,0.0,0.0,0.0,0.0,0.0,0.0,0.0,0.0,0.0,0.0,0.0,0.0,8.0,2.0,1.0
735,6.126378300000001,0,8.5262,1.768,1.8695,1.7015,0.1869,0.0032,0.005,0.0002,0.0363,0.0469,0.0029,0.001,0.013,0.0002,0.002,0.0018,0.0005,0.0001,0.0105,0.0014,0.0005,0.003,0.0,0.0945,0.022,0.0001,0.0094,0.0,125.0,0.0,62.0,63.0,60.0,0.0,0.0,0.0,0.0,0.0,0.0,0.0,0.0,0.0,0.0,0.0,0.0,0.0,0.0,0.0,0.0,0.0,0.0,8.0,2.0,1.0
736,6.134904500000001,0,8.1868,1.7338,1.8674,1.7454,0.1802,0.0029,0.0048,0.0001,0.0429,0.0527,0.0031,0.0007,0.013,0.0001,0.0015,0.0021,0.0001,0.0001,0.0086,0.0017,0.0005,0.0029,0.0001,0.0974,0.0177,0.0,0.0097,0.0,125.0,0.0,62.0,63.0,60.0,0.0,0.0,0.0,0.0,0.0,0.0,0.0,0.0,0.0,0.0,0.0,0.0,0.0,0.0,0.0,0.0,0.0,0.0,8.0,2.0,1.0
737,6.143091300000001,0,8.3955,1.7373,1.8819,1.6642,0.1742,0.0031,0.0066,0.0002,0.0296,0.0422,0.0023,0.0008,0.0101,0.0002,0.0018,0.0015,0.0001,0.0006,0.0084,0.0014,0.0005,0.0028,0.0001,0.0836,0.0199,0.0001,0.0102,0.0,125.0,0.0,62.0,63.0,60.0,0.0,0.0,0.0,0.0,0.0,0.0,0.0,0.0,0.0,0.0,0.0,0.0,0.0,0.0,0.0,0.0,0.0,0.0,8.0,2.0,1.0
738,6.151486800000001,0,8.1552,1.817,1.745,1.6828,0.1709,0.0024,0.0059,0.0001,0.0366,0.0477,0.0022,0.0007,0.0095,0.0001,0.002,0.0014,0.0001,0.0005,0.0083,0.0013,0.0005,0.0029,0.0,0.088,0.022,0.0,0.008,0.0,125.0,0.0,62.0,63.0,60.0,0.0,0.0,0.0,0.0,0.0,0.0,0.0,0.0,0.0,0.0,0.0,0.0,0.0,0.0,0.0,0.0,0.0,0.0,8.0,2.0,1.0
739,6.159642000000001,0,8.5046,1.8293,1.8295,1.9706,0.2002,0.0031,0.0051,0.0002,0.046,0.0569,0.0035,0.0011,0.0129,0.0002,0.0019,0.0026,0.0001,0.0001,0.0094,0.0013,0.0005,0.003,0.0,0.1047,0.0205,0.0001,0.0083,0.0,125.0,0.0,62.0,63.0,60.0,0.0,0.0,0.0,0.0,0.0,0.0,0.0,0.0,0.0,0.0,0.0,0.0,0.0,0.0,0.0,0.0,0.0,0.0,8.0,2.0,1.0
740,6.168146600000001,0,8.2462,1.7257,1.7769,1.6556,0.1763,0.0027,0.0049,0.0001,0.0429,0.0529,0.0024,0.0008,0.0107,0.0002,0.002,0.0014,0.0002,0.0001,0.009,0.0013,0.0004,0.0028,0.0,0.0951,0.0185,0.0001,0.0093,0.0,125.0,0.0,62.0,63.0,60.0,0.0,0.0,0.0,0.0,0.0,0.0,0.0,0.0,0.0,0.0,0.0,0.0,0.0,0.0,0.0,0.0,0.0,0.0,8.0,2.0,1.0
741,6.176392800000001,0,8.3134,1.7587,1.7307,1.8786,0.1653,0.0027,0.0049,0.0002,0.0321,0.042,0.0025,0.0007,0.0117,0.0002,0.0015,0.002,0.0,0.0001,0.0077,0.0017,0.0005,0.0028,0.0001,0.083,0.0177,0.0,0.0099,0.0,125.0,0.0,62.0,63.0,60.0,0.0,0.0,0.0,0.0,0.0,0.0,0.0,0.0,0.0,0.0,0.0,0.0,0.0,0.0,0.0,0.0,0.0,0.0,8.0,2.0,1.0
742,6.184706200000001,0,8.3451,1.7765,1.8286,2.3057,0.1745,0.0026,0.006,0.0001,0.0418,0.0528,0.0025,0.0006,0.0092,0.0001,0.0014,0.0015,0.0002,0.0002,0.0082,0.0012,0.0005,0.0025,0.0,0.0898,0.0193,0.0001,0.0092,0.0,125.0,0.0,62.0,63.0,60.0,0.0,0.0,0.0,0.0,0.0,0.0,0.0,0.0,0.0,0.0,0.0,0.0,0.0,0.0,0.0,0.0,0.0,0.0,8.0,2.0,1.0
743,6.1930513000000005,0,8.3765,1.9263,1.7864,1.8383,0.1945,0.0034,0.0055,0.0002,0.0412,0.0533,0.0025,0.001,0.0116,0.0002,0.0021,0.0016,0.0001,0.0001,0.0084,0.0012,0.0011,0.0028,0.0,0.0967,0.0209,0.0001,0.0103,0.0,125.0,0.0,62.0,63.0,60.0,0.0,0.0,0.0,0.0,0.0,0.0,0.0,0.0,0.0,0.0,0.0,0.0,0.0,0.0,0.0,0.0,0.0,0.0,8.0,2.0,1.0
744,6.2014278,0,8.4484,1.7749,1.7664,1.9595,0.1833,0.0031,0.0075,0.0001,0.0405,0.0534,0.0023,0.0009,0.01,0.0001,0.0014,0.0012,0.0001,0.0001,0.0087,0.0012,0.0004,0.0027,0.0,0.0947,0.0204,0.0001,0.0095,0.0,125.0,0.0,62.0,63.0,60.0,0.0,0.0,0.0,0.0,0.0,0.0,0.0,0.0,0.0,0.0,0.0,0.0,0.0,0.0,0.0,0.0,0.0,0.0,8.0,2.0,1.0
745,6.2098762,0,8.1809,1.8011,1.8767,1.7405,0.1699,0.0024,0.0053,0.0001,0.036,0.0458,0.002,0.0006,0.01,0.0002,0.0016,0.0015,0.0001,0.0001,0.0089,0.0012,0.0005,0.0024,0.0,0.0861,0.0203,0.0,0.009,0.0,125.0,0.0,62.0,63.0,60.0,0.0,0.0,0.0,0.0,0.0,0.0,0.0,0.0,0.0,0.0,0.0,0.0,0.0,0.0,0.0,0.0,0.0,0.0,8.0,2.0,1.0
746,6.2180571,0,8.5248,1.6737,1.8731,1.5808,0.1893,0.0036,0.0049,0.0002,0.0397,0.0508,0.0026,0.0008,0.0121,0.0001,0.0014,0.0019,0.0001,0.0001,0.0089,0.0015,0.0005,0.0029,0.0001,0.0953,0.0224,0.0001,0.0101,0.0,125.0,0.0,62.0,63.0,60.0,0.0,0.0,0.0,0.0,0.0,0.0,0.0,0.0,0.0,0.0,0.0,0.0,0.0,0.0,0.0,0.0,0.0,0.0,8.0,2.0,1.0
747,6.2265819,0,8.3939,1.7509,2.0117,1.7644,0.1884,0.0033,0.0057,0.0001,0.0348,0.0471,0.003,0.0008,0.0125,0.0002,0.0019,0.0016,0.0,0.0001,0.0087,0.0013,0.0004,0.0028,0.0,0.0921,0.0214,0.0,0.011,0.0,125.0,0.0,62.0,63.0,60.0,0.0,0.0,0.0,0.0,0.0,0.0,0.0,0.0,0.0,0.0,0.0,0.0,0.0,0.0,0.0,0.0,0.0,0.0,8.0,2.0,1.0
748,6.2349758,0,8.1754,1.7577,1.8919,1.7795,0.1918,0.0032,0.0056,0.0002,0.0484,0.0605,0.003,0.0009,0.0118,0.0001,0.0018,0.0016,0.0,0.0001,0.0087,0.0012,0.0005,0.003,0.0,0.1029,0.0183,0.0,0.009,0.0,125.0,0.0,62.0,63.0,60.0,0.0,0.0,0.0,0.0,0.0,0.0,0.0,0.0,0.0,0.0,0.0,0.0,0.0,0.0,0.0,0.0,0.0,0.0,8.0,2.0,1.0
749,6.2431512,0,8.2356,1.6955,1.7444,1.6467,0.1733,0.0029,0.0055,0.0001,0.034,0.0446,0.0024,0.0007,0.0108,0.0002,0.0016,0.0014,0.0001,0.0002,0.0086,0.0012,0.0004,0.0029,0.0,0.0844,0.0202,0.0,0.0096,0.0,125.0,0.0,62.0,63.0,60.0,0.0,0.0,0.0,0.0,0.0,0.0,0.0,0.0,0.0,0.0,0.0,0.0,0.0,0.0,0.0,0.0,0.0,0.0,8.0,2.0,1.0
750,6.2513868,0,8.469,1.7693,1.8731,1.6118,0.1757,0.003,0.0062,0.0001,0.0396,0.0516,0.0021,0.0009,0.0097,0.0001,0.0017,0.0013,0.0001,0.0001,0.0086,0.0011,0.0004,0.0025,0.0,0.0905,0.0179,0.0,0.0102,0.0,125.0,0.0,62.0,63.0,60.0,0.0,0.0,0.0,0.0,0.0,0.0,0.0,0.0,0.0,0.0,0.0,0.0,0.0,0.0,0.0,0.0,0.0,0.0,8.0,2.0,1.0
751,6.2598557999999995,0,8.2168,1.7444,1.8459,1.6455,0.1783,0.0027,0.0061,0.0001,0.038,0.049,0.0024,0.0013,0.0119,0.0002,0.0021,0.0022,0.0,0.0002,0.0095,0.0018,0.0006,0.0027,0.0,0.0945,0.019,0.0,0.0104,0.0,125.0,0.0,62.0,63.0,60.0,0.0,0.0,0.0,0.0,0.0,0.0,0.0,0.0,0.0,0.0,0.0,0.0,0.0,0.0,0.0,0.0,0.0,0.0,8.0,2.0,1.0
752,6.268072599999999,0,8.3123,1.7771,1.7206,1.7125,0.1664,0.0031,0.0068,0.0001,0.038,0.05,0.0024,0.0007,0.0094,0.0001,0.0013,0.0019,0.0,0.0001,0.0084,0.0011,0.0007,0.0025,0.0,0.0886,0.017,0.0,0.0101,0.0,125.0,0.0,62.0,63.0,60.0,0.0,0.0,0.0,0.0,0.0,0.0,0.0,0.0,0.0,0.0,0.0,0.0,0.0,0.0,0.0,0.0,0.0,0.0,8.0,2.0,1.0
753,6.276384899999999,0,8.3156,1.6438,1.74,1.6191,0.1621,0.0025,0.0058,0.0001,0.0306,0.0408,0.0024,0.0008,0.0097,0.0002,0.0019,0.0015,0.0,0.0001,0.0081,0.0012,0.0005,0.0023,0.0001,0.0783,0.019,0.0,0.0085,0.0,125.0,0.0,62.0,63.0,60.0,0.0,0.0,0.0,0.0,0.0,0.0,0.0,0.0,0.0,0.0,0.0,0.0,0.0,0.0,0.0,0.0,0.0,0.0,8.0,2.0,1.0
754,6.2847005,0,8.4117,1.8241,1.7486,1.6446,0.1682,0.0031,0.0065,0.0002,0.0383,0.0501,0.002,0.0005,0.0094,0.0001,0.0012,0.0019,0.0001,0.0001,0.0083,0.0011,0.0004,0.0024,0.0,0.0866,0.0178,0.0,0.0097,0.0,125.0,0.0,62.0,63.0,60.0,0.0,0.0,0.0,0.0,0.0,0.0,0.0,0.0,0.0,0.0,0.0,0.0,0.0,0.0,0.0,0.0,0.0,0.0,8.0,2.0,1.0
755,6.2931121999999995,0,8.3897,1.7121,1.9507,1.6563,0.2474,0.003,0.0083,0.0002,0.0463,0.0607,0.0034,0.0012,0.017,0.0002,0.0032,0.0023,0.0001,0.0001,0.0115,0.0016,0.0007,0.006,0.0,0.1266,0.0362,0.0002,0.0088,0.0,125.0,0.0,62.0,63.0,60.0,0.0,0.0,0.0,0.0,0.0,0.0,0.0,0.0,0.0,0.0,0.0,0.0,0.0,0.0,0.0,0.0,0.0,0.0,8.0,2.0,1.0
756,6.3015019,0,8.3367,1.8526,1.756,1.9377,0.1898,0.0026,0.0047,0.0002,0.0494,0.0591,0.0028,0.001,0.0119,0.0002,0.0021,0.0016,0.0001,0.0001,0.0095,0.0015,0.0005,0.003,0.0,0.104,0.02,0.0001,0.009,0.0,125.0,0.0,62.0,63.0,60.0,0.0,0.0,0.0,0.0,0.0,0.0,0.0,0.0,0.0,0.0,0.0,0.0,0.0,0.0,0.0,0.0,0.0,0.0,8.0,2.0,1.0
757,6.3098386,0,8.2972,1.753,1.8724,1.6659,0.1907,0.0029,0.0059,0.0002,0.0348,0.0469,0.0023,0.0014,0.0118,0.0002,0.0018,0.0018,0.0001,0.0001,0.0099,0.0013,0.0005,0.003,0.0,0.0955,0.0214,0.0002,0.0089,0.0,125.0,0.0,62.0,63.0,60.0,0.0,0.0,0.0,0.0,0.0,0.0,0.0,0.0,0.0,0.0,0.0,0.0,0.0,0.0,0.0,0.0,0.0,0.0,8.0,2.0,1.0
758,6.3181358,0,8.2595,1.8861,1.79,1.9424,0.1686,0.0027,0.005,0.0001,0.0347,0.045,0.0027,0.0007,0.011,0.0002,0.0021,0.0016,0.0001,0.0001,0.009,0.0014,0.0005,0.0033,0.0,0.0875,0.0182,0.0001,0.0094,0.0,125.0,0.0,62.0,63.0,60.0,0.0,0.0,0.0,0.0,0.0,0.0,0.0,0.0,0.0,0.0,0.0,0.0,0.0,0.0,0.0,0.0,0.0,0.0,8.0,2.0,1.0
759,6.326395300000001,0,8.3689,1.7287,1.7726,1.8291,0.1664,0.0027,0.006,0.0001,0.0317,0.043,0.0024,0.0006,0.0094,0.0001,0.0016,0.0019,0.0001,0.0001,0.0083,0.0012,0.0005,0.0024,0.0001,0.0819,0.0195,0.0001,0.0089,0.0,125.0,0.0,62.0,63.0,60.0,0.0,0.0,0.0,0.0,0.0,0.0,0.0,0.0,0.0,0.0,0.0,0.0,0.0,0.0,0.0,0.0,0.0,0.0,8.0,2.0,1.0
760,6.3347642,0,8.2671,1.8329,1.8082,1.7485,0.1795,0.0029,0.0047,0.0002,0.0459,0.0557,0.0023,0.0007,0.0125,0.0001,0.0014,0.0018,0.0,0.0001,0.0084,0.0019,0.0005,0.0029,0.0,0.099,0.0189,0.0,0.0101,0.0,125.0,0.0,62.0,63.0,60.0,0.0,0.0,0.0,0.0,0.0,0.0,0.0,0.0,0.0,0.0,0.0,0.0,0.0,0.0,0.0,0.0,0.0,0.0,8.0,2.0,1.0
761,6.343031300000001,0,8.334,1.68,1.7159,1.7129,0.1587,0.0024,0.0047,0.0001,0.0309,0.0402,0.0019,0.0007,0.0082,0.0001,0.0014,0.0011,0.0006,0.0001,0.0082,0.001,0.0004,0.0024,0.0,0.0789,0.0187,0.0004,0.0093,0.0,125.0,0.0,62.0,63.0,60.0,0.0,0.0,0.0,0.0,0.0,0.0,0.0,0.0,0.0,0.0,0.0,0.0,0.0,0.0,0.0,0.0,0.0,0.0,8.0,2.0,1.0
762,6.3513653,0,8.4174,1.8052,1.7416,1.8404,0.1792,0.0028,0.0062,0.0001,0.0441,0.0559,0.0028,0.0007,0.0103,0.0002,0.0012,0.0012,0.0,0.0001,0.0082,0.0013,0.0004,0.0028,0.0001,0.0963,0.0206,0.0,0.0089,0.0,125.0,0.0,62.0,63.0,60.0,0.0,0.0,0.0,0.0,0.0,0.0,0.0,0.0,0.0,0.0,0.0,0.0,0.0,0.0,0.0,0.0,0.0,0.0,8.0,2.0,1.0
763,6.3597827,0,8.4027,1.7686,1.9404,1.6774,0.191,0.005,0.0077,0.0002,0.0369,0.0521,0.0023,0.0009,0.0103,0.0001,0.0018,0.0017,0.0005,0.0001,0.009,0.0018,0.0005,0.003,0.0,0.095,0.0201,0.0001,0.0088,0.0,125.0,0.0,62.0,63.0,60.0,0.0,0.0,0.0,0.0,0.0,0.0,0.0,0.0,0.0,0.0,0.0,0.0,0.0,0.0,0.0,0.0,0.0,0.0,8.0,2.0,1.0
764,6.368185400000001,0,8.1596,1.8268,1.7537,1.668,0.1661,0.0027,0.0054,0.0001,0.0376,0.0478,0.0023,0.0007,0.0114,0.0001,0.0016,0.0013,0.0001,0.0001,0.0089,0.0012,0.0005,0.0028,0.0,0.0887,0.0169,0.0,0.0094,0.0,125.0,0.0,62.0,63.0,60.0,0.0,0.0,0.0,0.0,0.0,0.0,0.0,0.0,0.0,0.0,0.0,0.0,0.0,0.0,0.0,0.0,0.0,0.0,8.0,2.0,1.0
765,6.376345000000001,0,8.455,1.7462,1.8143,1.6337,0.1815,0.003,0.0052,0.0002,0.0349,0.0462,0.0027,0.0009,0.0125,0.0002,0.0017,0.0016,0.0001,0.0002,0.0088,0.0013,0.0009,0.0029,0.0001,0.0902,0.021,0.0001,0.0084,0.0,125.0,0.0,62.0,63.0,60.0,0.0,0.0,0.0,0.0,0.0,0.0,0.0,0.0,0.0,0.0,0.0,0.0,0.0,0.0,0.0,0.0,0.0,0.0,8.0,2.0,1.0
766,6.3848,0,8.241,1.8182,1.7607,1.678,0.1692,0.0023,0.0045,0.0001,0.0424,0.052,0.0025,0.0008,0.0102,0.0002,0.0013,0.002,0.0001,0.0001,0.0083,0.0017,0.0004,0.0026,0.0001,0.0922,0.0177,0.0,0.0093,0.0,125.0,0.0,62.0,63.0,60.0,0.0,0.0,0.0,0.0,0.0,0.0,0.0,0.0,0.0,0.0,0.0,0.0,0.0,0.0,0.0,0.0,0.0,0.0,8.0,2.0,1.0
767,6.393041,0,8.3033,1.8676,1.7379,1.8738,0.1702,0.0028,0.0055,0.0001,0.0295,0.0399,0.0022,0.0008,0.0111,0.0001,0.0016,0.0015,0.0002,0.0001,0.0094,0.0012,0.0004,0.0031,0.0001,0.0844,0.0199,0.0001,0.0089,0.0,125.0,0.0,62.0,63.0,60.0,0.0,0.0,0.0,0.0,0.0,0.0,0.0,0.0,0.0,0.0,0.0,0.0,0.0,0.0,0.0,0.0,0.0,0.0,8.0,2.0,1.0
768,6.4013443,0,8.5677,1.6959,1.7744,1.603,0.1737,0.0028,0.0045,0.0001,0.0407,0.0502,0.0022,0.0008,0.0112,0.0001,0.0017,0.0017,0.0002,0.0001,0.0101,0.0013,0.0004,0.0029,0.0,0.0941,0.0167,0.0001,0.0106,0.0,125.0,0.0,62.0,63.0,60.0,0.0,0.0,0.0,0.0,0.0,0.0,0.0,0.0,0.0,0.0,0.0,0.0,0.0,0.0,0.0,0.0,0.0,0.0,8.0,2.0,1.0
769,6.409912,0,8.199,1.771,1.9043,1.6364,0.1815,0.0032,0.006,0.0002,0.0343,0.0466,0.002,0.0006,0.0097,0.0001,0.0017,0.0015,0.0001,0.0001,0.0085,0.0012,0.0004,0.0024,0.0001,0.0876,0.0183,0.0001,0.0102,0.0,125.0,0.0,62.0,63.0,60.0,0.0,0.0,0.0,0.0,0.0,0.0,0.0,0.0,0.0,0.0,0.0,0.0,0.0,0.0,0.0,0.0,0.0,0.0,8.0,2.0,1.0
770,6.418111000000001,0,8.3235,1.8363,1.8141,2.0687,0.1905,0.003,0.005,0.0002,0.0466,0.057,0.0026,0.0008,0.0118,0.0002,0.0017,0.0021,0.0,0.0001,0.0088,0.0015,0.0005,0.0029,0.0,0.1006,0.0201,0.0,0.0089,0.0,125.0,0.0,62.0,63.0,60.0,0.0,0.0,0.0,0.0,0.0,0.0,0.0,0.0,0.0,0.0,0.0,0.0,0.0,0.0,0.0,0.0,0.0,0.0,8.0,2.0,1.0
771,6.426434500000001,0,8.3812,2.1068,1.8379,1.8421,0.1697,0.0024,0.0054,0.0001,0.0354,0.046,0.0023,0.0013,0.012,0.0002,0.0015,0.0022,0.0001,0.0001,0.0082,0.0011,0.0005,0.0028,0.0,0.0883,0.0195,0.0,0.0092,0.0,125.0,0.0,62.0,63.0,60.0,0.0,0.0,0.0,0.0,0.0,0.0,0.0,0.0,0.0,0.0,0.0,0.0,0.0,0.0,0.0,0.0,0.0,0.0,8.0,2.0,1.0
772,6.434815700000001,0,8.3002,1.7773,1.8726,1.6235,0.1626,0.0026,0.0045,0.0001,0.0392,0.0482,0.0019,0.0006,0.0098,0.0001,0.0014,0.0016,0.0,0.0001,0.0081,0.0009,0.0004,0.0024,0.0,0.0848,0.019,0.0,0.0093,0.0,125.0,0.0,62.0,63.0,60.0,0.0,0.0,0.0,0.0,0.0,0.0,0.0,0.0,0.0,0.0,0.0,0.0,0.0,0.0,0.0,0.0,0.0,0.0,8.0,2.0,1.0
773,6.4431159000000005,0,8.252,1.8374,1.6513,1.7816,0.1673,0.0029,0.0069,0.0001,0.0283,0.0407,0.0025,0.0007,0.0098,0.0002,0.0016,0.0021,0.0001,0.0001,0.0079,0.0016,0.0004,0.0029,0.0001,0.0811,0.0176,0.0,0.0109,0.0,125.0,0.0,62.0,63.0,60.0,0.0,0.0,0.0,0.0,0.0,0.0,0.0,0.0,0.0,0.0,0.0,0.0,0.0,0.0,0.0,0.0,0.0,0.0,8.0,2.0,1.0
774,6.4513679,0,8.3625,1.6657,1.8274,1.6044,0.177,0.0026,0.0046,0.0001,0.0396,0.0493,0.0022,0.0007,0.0103,0.0001,0.0014,0.0014,0.0,0.0001,0.0082,0.0013,0.001,0.0029,0.0001,0.0903,0.0202,0.0,0.0097,0.0,125.0,0.0,62.0,63.0,60.0,0.0,0.0,0.0,0.0,0.0,0.0,0.0,0.0,0.0,0.0,0.0,0.0,0.0,0.0,0.0,0.0,0.0,0.0,8.0,2.0,1.0
775,6.4597304,0,8.3141,1.6723,1.6675,1.6355,0.1529,0.0025,0.0061,0.0001,0.0272,0.0375,0.002,0.001,0.0096,0.0002,0.0019,0.0014,0.0001,0.0001,0.0083,0.0011,0.0004,0.0023,0.0,0.0741,0.0183,0.0,0.0086,0.0,125.0,0.0,62.0,63.0,60.0,0.0,0.0,0.0,0.0,0.0,0.0,0.0,0.0,0.0,0.0,0.0,0.0,0.0,0.0,0.0,0.0,0.0,0.0,8.0,2.0,1.0
776,6.4680444999999995,0,8.6026,1.8189,2.0636,1.5878,0.1759,0.0031,0.0056,0.0001,0.0392,0.0504,0.0019,0.0005,0.0098,0.0001,0.0013,0.0018,0.0001,0.0001,0.0085,0.001,0.0003,0.0023,0.0,0.0875,0.0191,0.0001,0.0121,0.0,125.0,0.0,62.0,63.0,60.0,0.0,0.0,0.0,0.0,0.0,0.0,0.0,0.0,0.0,0.0,0.0,0.0,0.0,0.0,0.0,0.0,0.0,0.0,8.0,2.0,1.0
777,6.476647099999999,0,8.0788,1.7388,1.7621,1.7293,0.1678,0.0026,0.0048,0.0002,0.0352,0.0447,0.0024,0.0007,0.0114,0.0002,0.0014,0.0018,0.0,0.0001,0.0078,0.0011,0.0007,0.0028,0.0,0.0863,0.0193,0.0001,0.0108,0.0,125.0,0.0,62.0,63.0,60.0,0.0,0.0,0.0,0.0,0.0,0.0,0.0,0.0,0.0,0.0,0.0,0.0,0.0,0.0,0.0,0.0,0.0,0.0,8.0,2.0,1.0
778,6.484725899999999,0,8.4529,1.6988,1.7237,1.5374,0.1825,0.0034,0.0051,0.0002,0.0456,0.0564,0.0022,0.0008,0.0112,0.0001,0.0016,0.0015,0.0001,0.0001,0.0088,0.0012,0.0005,0.0029,0.0001,0.098,0.0203,0.0,0.0086,0.0,125.0,0.0,62.0,63.0,60.0,0.0,0.0,0.0,0.0,0.0,0.0,0.0,0.0,0.0,0.0,0.0,0.0,0.0,0.0,0.0,0.0,0.0,0.0,8.0,2.0,1.0
779,6.493178799999999,0,8.2338,1.731,1.8929,1.598,0.1666,0.0025,0.0065,0.0002,0.0297,0.0415,0.0025,0.0008,0.0096,0.0001,0.0016,0.0018,0.0,0.0002,0.008,0.0011,0.0008,0.0023,0.0001,0.0793,0.0196,0.0,0.0087,0.0,125.0,0.0,62.0,63.0,60.0,0.0,0.0,0.0,0.0,0.0,0.0,0.0,0.0,0.0,0.0,0.0,0.0,0.0,0.0,0.0,0.0,0.0,0.0,8.0,2.0,1.0
780,6.501412599999999,0,8.4828,1.7586,1.8155,1.761,0.1807,0.0025,0.0045,0.0002,0.0455,0.0547,0.0022,0.0007,0.0114,0.0001,0.0014,0.0017,0.0001,0.0001,0.0083,0.0013,0.0004,0.0028,0.0,0.0971,0.0206,0.0,0.0098,0.0,125.0,0.0,62.0,63.0,60.0,0.0,0.0,0.0,0.0,0.0,0.0,0.0,0.0,0.0,0.0,0.0,0.0,0.0,0.0,0.0,0.0,0.0,0.0,8.0,2.0,1.0
781,6.5098953999999996,0,8.0648,1.9609,1.7549,1.6112,0.1717,0.0024,0.0047,0.0001,0.039,0.0482,0.0017,0.0005,0.0086,0.0001,0.0014,0.0019,0.0002,0.0001,0.0114,0.0012,0.0005,0.0032,0.0,0.091,0.0212,0.0,0.0106,0.0,125.0,0.0,62.0,63.0,60.0,0.0,0.0,0.0,0.0,0.0,0.0,0.0,0.0,0.0,0.0,0.0,0.0,0.0,0.0,0.0,0.0,0.0,0.0,8.0,2.0,1.0
782,6.517960199999999,0,8.3062,1.8237,1.6676,1.5931,0.1591,0.0026,0.0063,0.0001,0.0327,0.0435,0.0018,0.0006,0.0097,0.0001,0.0013,0.0019,0.0,0.0002,0.0075,0.0011,0.0009,0.0025,0.0001,0.0806,0.0176,0.0001,0.0092,0.0,125.0,0.0,62.0,63.0,60.0,0.0,0.0,0.0,0.0,0.0,0.0,0.0,0.0,0.0,0.0,0.0,0.0,0.0,0.0,0.0,0.0,0.0,0.0,8.0,2.0,1.0
783,6.526266399999999,0,8.4977,1.7929,1.7674,1.6025,0.1655,0.0031,0.0077,0.0002,0.0293,0.0426,0.0022,0.0008,0.01,0.0001,0.002,0.0015,0.0,0.0001,0.0083,0.0013,0.0003,0.0028,0.0,0.0819,0.0169,0.0,0.0113,0.0,125.0,0.0,62.0,63.0,60.0,0.0,0.0,0.0,0.0,0.0,0.0,0.0,0.0,0.0,0.0,0.0,0.0,0.0,0.0,0.0,0.0,0.0,0.0,8.0,2.0,1.0
784,6.534764099999999,0,8.3575,1.8608,1.7696,2.5787,0.1828,0.0035,0.0049,0.0002,0.0428,0.0537,0.0022,0.0009,0.0113,0.0001,0.0016,0.0016,0.0,0.0001,0.0083,0.0013,0.0005,0.0029,0.0,0.0961,0.0202,0.0001,0.0101,0.0,125.0,0.0,62.0,63.0,60.0,0.0,0.0,0.0,0.0,0.0,0.0,0.0,0.0,0.0,0.0,0.0,0.0,0.0,0.0,0.0,0.0,0.0,0.0,8.0,2.0,1.0
785,6.543121599999999,0,8.3442,1.8176,1.831,1.55,0.1602,0.0028,0.006,0.0001,0.0282,0.0399,0.0018,0.0008,0.0085,0.0002,0.0013,0.0017,0.0,0.0001,0.0079,0.0015,0.0005,0.0024,0.0,0.0768,0.0192,0.0001,0.0094,0.0,125.0,0.0,62.0,63.0,60.0,0.0,0.0,0.0,0.0,0.0,0.0,0.0,0.0,0.0,0.0,0.0,0.0,0.0,0.0,0.0,0.0,0.0,0.0,8.0,2.0,1.0
786,6.551465799999999,0,8.2779,1.8194,1.8213,1.7643,0.1652,0.0023,0.0044,0.0001,0.0437,0.0532,0.0023,0.0006,0.0084,0.0001,0.0015,0.0012,0.0,0.0001,0.008,0.001,0.0005,0.0024,0.0001,0.088,0.018,0.0001,0.011,0.0,125.0,0.0,62.0,63.0,60.0,0.0,0.0,0.0,0.0,0.0,0.0,0.0,0.0,0.0,0.0,0.0,0.0,0.0,0.0,0.0,0.0,0.0,0.0,8.0,2.0,1.0
787,6.559743699999999,0,8.371,1.9234,1.7884,1.6471,0.1775,0.0027,0.0051,0.0001,0.0345,0.0446,0.0023,0.0008,0.0115,0.0001,0.0017,0.0024,0.0001,0.0001,0.0088,0.0014,0.0005,0.0029,0.0001,0.0902,0.02,0.0,0.0097,0.0,125.0,0.0,62.0,63.0,60.0,0.0,0.0,0.0,0.0,0.0,0.0,0.0,0.0,0.0,0.0,0.0,0.0,0.0,0.0,0.0,0.0,0.0,0.0,8.0,2.0,1.0
788,6.5681147,0,8.3547,1.7649,1.8524,1.6626,0.1741,0.0029,0.0076,0.0002,0.0374,0.0501,0.0023,0.0008,0.0102,0.0001,0.0015,0.0019,0.0,0.0001,0.008,0.0012,0.0007,0.0028,0.0001,0.09,0.0187,0.0,0.0102,0.0,125.0,0.0,62.0,63.0,60.0,0.0,0.0,0.0,0.0,0.0,0.0,0.0,0.0,0.0,0.0,0.0,0.0,0.0,0.0,0.0,0.0,0.0,0.0,8.0,2.0,1.0
789,6.5764694,0,8.354,1.8061,1.7869,1.8224,0.1691,0.0027,0.0061,0.0001,0.0367,0.0477,0.0021,0.0008,0.0103,0.0001,0.0015,0.0016,0.0,0.0001,0.0081,0.0015,0.0005,0.003,0.0001,0.0861,0.0198,0.0,0.009,0.0,125.0,0.0,62.0,63.0,60.0,0.0,0.0,0.0,0.0,0.0,0.0,0.0,0.0,0.0,0.0,0.0,0.0,0.0,0.0,0.0,0.0,0.0,0.0,8.0,2.0,1.0
790,6.584823399999999,0,8.2181,1.6991,1.8388,1.6213,0.1798,0.0027,0.0045,0.0001,0.0481,0.0575,0.0029,0.0006,0.0109,0.0001,0.0015,0.0019,0.0001,0.0002,0.0092,0.0012,0.0005,0.0028,0.0,0.0987,0.0178,0.0001,0.0098,0.0,125.0,0.0,62.0,63.0,60.0,0.0,0.0,0.0,0.0,0.0,0.0,0.0,0.0,0.0,0.0,0.0,0.0,0.0,0.0,0.0,0.0,0.0,0.0,8.0,2.0,1.0
791,6.593041499999999,0,8.4661,1.8143,1.8001,1.8047,0.1825,0.0033,0.0059,0.0001,0.0362,0.048,0.0023,0.0008,0.0115,0.0001,0.002,0.0016,0.0001,0.0001,0.0085,0.0013,0.0009,0.0028,0.0,0.091,0.0189,0.0001,0.0093,0.0,125.0,0.0,62.0,63.0,60.0,0.0,0.0,0.0,0.0,0.0,0.0,0.0,0.0,0.0,0.0,0.0,0.0,0.0,0.0,0.0,0.0,0.0,0.0,8.0,2.0,1.0
792,6.601507599999999,0,8.2886,1.8175,1.7865,1.6766,0.1686,0.0027,0.0049,0.0002,0.0382,0.0476,0.0022,0.0007,0.0114,0.0001,0.0013,0.0019,0.0001,0.0001,0.0083,0.0016,0.0004,0.0028,0.0001,0.0898,0.0181,0.0,0.0095,0.0,125.0,0.0,62.0,63.0,60.0,0.0,0.0,0.0,0.0,0.0,0.0,0.0,0.0,0.0,0.0,0.0,0.0,0.0,0.0,0.0,0.0,0.0,0.0,8.0,2.0,1.0
793,6.609796199999999,0,8.2453,1.7162,1.8295,1.7879,0.1673,0.0024,0.0049,0.0002,0.0397,0.0491,0.0019,0.0007,0.0091,0.0001,0.0016,0.002,0.0,0.0002,0.0088,0.0011,0.0004,0.0025,0.0,0.0869,0.0165,0.0,0.0092,0.0,125.0,0.0,62.0,63.0,60.0,0.0,0.0,0.0,0.0,0.0,0.0,0.0,0.0,0.0,0.0,0.0,0.0,0.0,0.0,0.0,0.0,0.0,0.0,8.0,2.0,1.0
794,6.618041499999999,0,8.4451,1.7429,1.8061,1.6383,0.1912,0.003,0.0054,0.0003,0.0449,0.0558,0.0023,0.0008,0.011,0.0002,0.0021,0.0016,0.0,0.0005,0.0088,0.0011,0.0005,0.0028,0.0001,0.0992,0.0206,0.0001,0.0087,0.0,125.0,0.0,62.0,63.0,60.0,0.0,0.0,0.0,0.0,0.0,0.0,0.0,0.0,0.0,0.0,0.0,0.0,0.0,0.0,0.0,0.0,0.0,0.0,8.0,2.0,1.0
795,6.626486599999999,0,8.5717,1.7517,1.9876,1.7612,0.1921,0.0031,0.0066,0.0003,0.0288,0.0416,0.0028,0.0016,0.0136,0.0002,0.0021,0.0017,0.0005,0.0001,0.0091,0.0017,0.0005,0.003,0.0,0.0897,0.0222,0.0001,0.0101,0.0,125.0,0.0,62.0,63.0,60.0,0.0,0.0,0.0,0.0,0.0,0.0,0.0,0.0,0.0,0.0,0.0,0.0,0.0,0.0,0.0,0.0,0.0,0.0,8.0,2.0,1.0
796,6.635058299999999,0,8.2205,1.8134,2.0765,1.9592,0.1945,0.0026,0.0056,0.0003,0.048,0.0596,0.0027,0.001,0.0116,0.0001,0.0013,0.0021,0.0,0.0001,0.0096,0.0013,0.0005,0.0032,0.0,0.1044,0.0211,0.0,0.0104,0.0,125.0,0.0,62.0,63.0,60.0,0.0,0.0,0.0,0.0,0.0,0.0,0.0,0.0,0.0,0.0,0.0,0.0,0.0,0.0,0.0,0.0,0.0,0.0,8.0,2.0,1.0
797,6.643278799999999,0,8.1308,1.7493,1.7745,1.6592,0.1608,0.0027,0.0065,0.0002,0.0286,0.0403,0.002,0.0007,0.009,0.0001,0.0018,0.0016,0.0001,0.0001,0.0083,0.0013,0.0004,0.0029,0.0001,0.0781,0.02,0.0,0.01,0.0,125.0,0.0,62.0,63.0,60.0,0.0,0.0,0.0,0.0,0.0,0.0,0.0,0.0,0.0,0.0,0.0,0.0,0.0,0.0,0.0,0.0,0.0,0.0,8.0,2.0,1.0
798,6.651409599999999,0,8.3724,1.8286,1.8208,1.8195,0.1882,0.0026,0.0052,0.0002,0.0575,0.068,0.0015,0.0007,0.0082,0.0002,0.002,0.0014,0.0,0.0001,0.0081,0.0013,0.0004,0.0023,0.0,0.1036,0.0186,0.0,0.0104,0.0,125.0,0.0,62.0,63.0,60.0,0.0,0.0,0.0,0.0,0.0,0.0,0.0,0.0,0.0,0.0,0.0,0.0,0.0,0.0,0.0,0.0,0.0,0.0,8.0,2.0,1.0
799,6.659781999999999,0,8.1717,1.7326,1.7146,1.6048,0.1705,0.0024,0.0046,0.0001,0.0349,0.0439,0.0023,0.0007,0.0115,0.0001,0.0015,0.0014,0.0001,0.0001,0.009,0.0016,0.0004,0.0025,0.0001,0.0858,0.0209,0.0001,0.0093,0.0,125.0,0.0,62.0,63.0,60.0,0.0,0.0,0.0,0.0,0.0,0.0,0.0,0.0,0.0,0.0,0.0,0.0,0.0,0.0,0.0,0.0,0.0,0.0,8.0,2.0,1.0
800,6.667953699999999,0,8.5108,1.7943,1.7439,1.6162,0.1759,0.003,0.0044,0.0002,0.0482,0.0576,0.0023,0.0008,0.0098,0.0002,0.0015,0.0018,0.0001,0.0001,0.0081,0.0011,0.0006,0.0026,0.0,0.0968,0.0196,0.0001,0.0091,0.0,125.0,0.0,62.0,63.0,60.0,0.0,0.0,0.0,0.0,0.0,0.0,0.0,0.0,0.0,0.0,0.0,0.0,0.0,0.0,0.0,0.0,0.0,0.0,8.0,2.0,1.0
801,6.676464499999999,0,8.4101,1.8141,1.8941,1.6424,0.1589,0.0026,0.0047,0.0002,0.032,0.0417,0.0019,0.0005,0.0076,0.0001,0.0016,0.0014,0.0001,0.0003,0.0081,0.001,0.0005,0.0027,0.0,0.0781,0.0175,0.0,0.0107,0.0,125.0,0.0,62.0,63.0,60.0,0.0,0.0,0.0,0.0,0.0,0.0,0.0,0.0,0.0,0.0,0.0,0.0,0.0,0.0,0.0,0.0,0.0,0.0,8.0,2.0,1.0
802,6.684874599999999,0,8.3486,1.7179,1.8575,1.6345,0.1714,0.0029,0.0046,0.0003,0.0459,0.0559,0.0022,0.0007,0.0097,0.0002,0.0013,0.0013,0.0001,0.0001,0.0083,0.0011,0.0005,0.0024,0.0,0.0925,0.0176,0.0001,0.0098,0.0,125.0,0.0,62.0,63.0,60.0,0.0,0.0,0.0,0.0,0.0,0.0,0.0,0.0,0.0,0.0,0.0,0.0,0.0,0.0,0.0,0.0,0.0,0.0,8.0,2.0,1.0
803,6.6932231999999985,0,8.3721,1.8682,1.9864,1.7264,0.1785,0.003,0.0065,0.0003,0.0309,0.043,0.0023,0.0009,0.0109,0.0001,0.0022,0.0016,0.0,0.0006,0.0086,0.0013,0.0005,0.0029,0.0,0.0858,0.0189,0.0,0.0093,0.0,125.0,0.0,62.0,63.0,60.0,0.0,0.0,0.0,0.0,0.0,0.0,0.0,0.0,0.0,0.0,0.0,0.0,0.0,0.0,0.0,0.0,0.0,0.0,8.0,2.0,1.0
804,6.701595299999998,0,8.3019,1.7945,1.8779,1.6925,0.1832,0.0026,0.0048,0.0002,0.0455,0.0555,0.0022,0.0006,0.0107,0.0001,0.002,0.0016,0.0,0.0001,0.0088,0.0013,0.001,0.0029,0.0,0.0978,0.0195,0.0001,0.0099,0.0,125.0,0.0,62.0,63.0,60.0,0.0,0.0,0.0,0.0,0.0,0.0,0.0,0.0,0.0,0.0,0.0,0.0,0.0,0.0,0.0,0.0,0.0,0.0,8.0,2.0,1.0
805,6.709897199999999,0,8.0972,1.8026,1.7757,1.6687,0.1684,0.0024,0.0053,0.0002,0.0357,0.0461,0.002,0.0007,0.0114,0.0002,0.0016,0.0014,0.0,0.0001,0.0083,0.001,0.0004,0.0024,0.0,0.0853,0.0209,0.0,0.01,0.0,125.0,0.0,62.0,63.0,60.0,0.0,0.0,0.0,0.0,0.0,0.0,0.0,0.0,0.0,0.0,0.0,0.0,0.0,0.0,0.0,0.0,0.0,0.0,8.0,2.0,1.0
806,6.7179943999999985,0,8.6274,1.819,1.8475,1.7531,0.1888,0.0024,0.0045,0.0002,0.0522,0.0618,0.0025,0.0007,0.0112,0.0002,0.0014,0.0015,0.0001,0.0001,0.0088,0.0015,0.0004,0.0028,0.0,0.1041,0.0192,0.0001,0.0112,0.0,125.0,0.0,62.0,63.0,60.0,0.0,0.0,0.0,0.0,0.0,0.0,0.0,0.0,0.0,0.0,0.0,0.0,0.0,0.0,0.0,0.0,0.0,0.0,8.0,2.0,1.0
807,6.726621799999998,0,8.179,1.8354,1.8081,1.7901,0.1604,0.0024,0.0063,0.0001,0.0301,0.0413,0.002,0.0007,0.0088,0.0001,0.0015,0.002,0.0,0.0001,0.0084,0.0012,0.0009,0.0023,0.0001,0.0792,0.0165,0.0,0.0098,0.0,125.0,0.0,62.0,63.0,60.0,0.0,0.0,0.0,0.0,0.0,0.0,0.0,0.0,0.0,0.0,0.0,0.0,0.0,0.0,0.0,0.0,0.0,0.0,8.0,2.0,1.0
808,6.734800799999999,0,8.2794,1.7599,1.8301,1.7574,0.18,0.0024,0.0048,0.0001,0.0433,0.0529,0.0022,0.0007,0.0105,0.0001,0.0019,0.0016,0.0,0.0001,0.0085,0.0012,0.0005,0.0027,0.0,0.0952,0.0198,0.0,0.0092,0.0,125.0,0.0,62.0,63.0,60.0,0.0,0.0,0.0,0.0,0.0,0.0,0.0,0.0,0.0,0.0,0.0,0.0,0.0,0.0,0.0,0.0,0.0,0.0,8.0,2.0,1.0
809,6.743080199999999,0,8.3386,1.8432,1.6847,1.8529,0.1578,0.0022,0.005,0.0002,0.0321,0.0417,0.0021,0.0005,0.0102,0.0001,0.0016,0.0012,0.0001,0.0001,0.0088,0.001,0.0004,0.0023,0.0001,0.0802,0.0199,0.0001,0.0094,0.0,125.0,0.0,62.0,63.0,60.0,0.0,0.0,0.0,0.0,0.0,0.0,0.0,0.0,0.0,0.0,0.0,0.0,0.0,0.0,0.0,0.0,0.0,0.0,8.0,2.0,1.0
810,6.751418799999999,0,8.3896,1.8025,1.7717,1.6116,0.1714,0.0027,0.005,0.0002,0.0395,0.0495,0.0024,0.0007,0.0112,0.0002,0.0017,0.0015,0.0001,0.0001,0.0082,0.0013,0.0011,0.0029,0.0,0.0916,0.0176,0.0,0.0085,0.0,125.0,0.0,62.0,63.0,60.0,0.0,0.0,0.0,0.0,0.0,0.0,0.0,0.0,0.0,0.0,0.0,0.0,0.0,0.0,0.0,0.0,0.0,0.0,8.0,2.0,1.0
811,6.759808399999999,0,8.282,1.6882,1.8204,1.6056,0.1686,0.0026,0.0055,0.0002,0.0321,0.0435,0.0019,0.0007,0.0096,0.0002,0.0021,0.0022,0.0,0.0001,0.009,0.0018,0.0007,0.0024,0.0,0.0846,0.0181,0.0,0.0083,0.0,125.0,0.0,62.0,63.0,60.0,0.0,0.0,0.0,0.0,0.0,0.0,0.0,0.0,0.0,0.0,0.0,0.0,0.0,0.0,0.0,0.0,0.0,0.0,8.0,2.0,1.0
812,6.768090399999999,0,8.3891,1.8482,1.735,1.5806,0.1876,0.0029,0.0063,0.0002,0.0472,0.0588,0.0024,0.0008,0.0108,0.0002,0.0014,0.0019,0.0002,0.0001,0.0079,0.0013,0.0005,0.0028,0.0,0.1001,0.0227,0.0,0.0095,0.0,125.0,0.0,62.0,63.0,60.0,0.0,0.0,0.0,0.0,0.0,0.0,0.0,0.0,0.0,0.0,0.0,0.0,0.0,0.0,0.0,0.0,0.0,0.0,8.0,2.0,1.0
813,6.776479499999999,0,8.3088,1.757,1.8289,1.7292,0.1809,0.0026,0.0054,0.0002,0.0405,0.0514,0.003,0.0007,0.0109,0.0002,0.0015,0.0021,0.0,0.0001,0.0086,0.0017,0.0005,0.0029,0.0,0.0938,0.0198,0.0001,0.0092,0.0,125.0,0.0,62.0,63.0,60.0,0.0,0.0,0.0,0.0,0.0,0.0,0.0,0.0,0.0,0.0,0.0,0.0,0.0,0.0,0.0,0.0,0.0,0.0,8.0,2.0,1.0
814,6.784788299999999,0,8.2952,1.6995,1.7805,1.6267,0.1678,0.0023,0.0059,0.0005,0.0385,0.0497,0.002,0.0006,0.0093,0.0001,0.0014,0.0019,0.0001,0.0002,0.0075,0.0011,0.0009,0.0023,0.0001,0.0858,0.0183,0.0,0.0095,0.0,125.0,0.0,62.0,63.0,60.0,0.0,0.0,0.0,0.0,0.0,0.0,0.0,0.0,0.0,0.0,0.0,0.0,0.0,0.0,0.0,0.0,0.0,0.0,8.0,2.0,1.0
815,6.793083499999999,0,8.411,1.6966,1.8093,1.706,0.1813,0.004,0.0059,0.0002,0.0308,0.0433,0.0027,0.0008,0.0121,0.0001,0.002,0.0015,0.0001,0.0002,0.0083,0.0013,0.0005,0.0028,0.0,0.0869,0.0219,0.0001,0.0094,0.0,125.0,0.0,62.0,63.0,60.0,0.0,0.0,0.0,0.0,0.0,0.0,0.0,0.0,0.0,0.0,0.0,0.0,0.0,0.0,0.0,0.0,0.0,0.0,8.0,2.0,1.0
816,6.801494499999999,0,8.3685,1.7367,1.8185,1.6765,0.1792,0.0031,0.0052,0.0007,0.043,0.0544,0.002,0.0005,0.0091,0.0002,0.0018,0.0013,0.0,0.0005,0.0077,0.001,0.0004,0.0025,0.0,0.0908,0.0169,0.0,0.011,0.0,125.0,0.0,62.0,63.0,60.0,0.0,0.0,0.0,0.0,0.0,0.0,0.0,0.0,0.0,0.0,0.0,0.0,0.0,0.0,0.0,0.0,0.0,0.0,8.0,2.0,1.0
817,6.809862999999998,0,8.1681,1.8364,1.8163,1.795,0.1721,0.0027,0.0052,0.0001,0.0376,0.048,0.002,0.0007,0.0106,0.0001,0.0017,0.0018,0.0001,0.0001,0.0085,0.0018,0.0005,0.0027,0.0,0.0898,0.018,0.0,0.0094,0.0,125.0,0.0,62.0,63.0,60.0,0.0,0.0,0.0,0.0,0.0,0.0,0.0,0.0,0.0,0.0,0.0,0.0,0.0,0.0,0.0,0.0,0.0,0.0,8.0,2.0,1.0
818,6.818031099999998,0,8.3864,1.8294,1.7401,1.6152,0.1777,0.0044,0.0073,0.0002,0.0365,0.0506,0.0023,0.0007,0.0112,0.0001,0.0016,0.0019,0.0001,0.0001,0.0085,0.0011,0.0008,0.0028,0.0001,0.0923,0.0186,0.0001,0.0091,0.0,125.0,0.0,62.0,63.0,60.0,0.0,0.0,0.0,0.0,0.0,0.0,0.0,0.0,0.0,0.0,0.0,0.0,0.0,0.0,0.0,0.0,0.0,0.0,8.0,2.0,1.0
819,6.826417499999998,0,8.7044,1.8928,2.0234,1.8547,0.2052,0.0032,0.0074,0.0002,0.0366,0.0504,0.0025,0.0012,0.0115,0.0002,0.0017,0.0024,0.0001,0.0005,0.0093,0.0013,0.0005,0.0031,0.0001,0.0974,0.0226,0.0,0.0101,0.0,125.0,0.0,62.0,63.0,60.0,0.0,0.0,0.0,0.0,0.0,0.0,0.0,0.0,0.0,0.0,0.0,0.0,0.0,0.0,0.0,0.0,0.0,0.0,8.0,2.0,1.0
820,6.835121899999998,0,8.234,1.9793,2.0492,1.8024,0.1871,0.0027,0.0048,0.0002,0.0397,0.0499,0.0022,0.0011,0.0117,0.0001,0.0017,0.0015,0.0001,0.0001,0.0091,0.0016,0.0004,0.0029,0.0,0.0938,0.0203,0.0001,0.0107,0.0,125.0,0.0,62.0,63.0,60.0,0.0,0.0,0.0,0.0,0.0,0.0,0.0,0.0,0.0,0.0,0.0,0.0,0.0,0.0,0.0,0.0,0.0,0.0,8.0,2.0,1.0
821,6.843355899999998,0,8.1981,1.8964,1.9516,1.8509,0.1688,0.0028,0.0061,0.0003,0.0329,0.0439,0.0022,0.0008,0.0113,0.0002,0.0014,0.0014,0.0001,0.0001,0.0089,0.0013,0.0005,0.0027,0.0,0.0833,0.0174,0.0,0.0099,0.0,125.0,0.0,62.0,63.0,60.0,0.0,0.0,0.0,0.0,0.0,0.0,0.0,0.0,0.0,0.0,0.0,0.0,0.0,0.0,0.0,0.0,0.0,0.0,8.0,2.0,1.0
822,6.851553999999998,0,8.3532,1.8659,1.9222,1.637,0.1715,0.0027,0.005,0.0002,0.0425,0.0525,0.002,0.0012,0.0099,0.0001,0.0019,0.0015,0.0001,0.0002,0.0087,0.0011,0.0004,0.0024,0.0,0.0918,0.0166,0.0005,0.0087,0.0,125.0,0.0,62.0,63.0,60.0,0.0,0.0,0.0,0.0,0.0,0.0,0.0,0.0,0.0,0.0,0.0,0.0,0.0,0.0,0.0,0.0,0.0,0.0,8.0,2.0,1.0
823,6.8599071999999985,0,8.4223,1.8701,2.0413,1.9114,0.2016,0.004,0.0052,0.0002,0.0402,0.0526,0.003,0.001,0.0121,0.0002,0.002,0.002,0.0001,0.0002,0.0094,0.0013,0.0005,0.0031,0.0,0.1012,0.0225,0.0001,0.0081,0.0,125.0,0.0,62.0,63.0,60.0,0.0,0.0,0.0,0.0,0.0,0.0,0.0,0.0,0.0,0.0,0.0,0.0,0.0,0.0,0.0,0.0,0.0,0.0,8.0,2.0,1.0
824,6.868329499999999,0,8.5481,1.9451,2.0458,1.7772,0.2103,0.0045,0.0097,0.0002,0.0361,0.053,0.0024,0.0009,0.0121,0.0001,0.0015,0.0015,0.0,0.0001,0.0096,0.0013,0.0005,0.0029,0.0001,0.099,0.0199,0.0,0.0107,0.0,125.0,0.0,62.0,63.0,60.0,0.0,0.0,0.0,0.0,0.0,0.0,0.0,0.0,0.0,0.0,0.0,0.0,0.0,0.0,0.0,0.0,0.0,0.0,8.0,2.0,1.0
825,6.8768775999999985,0,8.025,1.823,2.0568,1.678,0.1815,0.0028,0.0049,0.0002,0.0374,0.0478,0.0024,0.0011,0.0114,0.0001,0.0013,0.0021,0.0001,0.0001,0.0092,0.0018,0.0005,0.0028,0.0001,0.0915,0.0217,0.0,0.0098,0.0,125.0,0.0,62.0,63.0,60.0,0.0,0.0,0.0,0.0,0.0,0.0,0.0,0.0,0.0,0.0,0.0,0.0,0.0,0.0,0.0,0.0,0.0,0.0,8.0,2.0,1.0
826,6.884902599999998,0,8.3986,2.2585,1.9434,2.1103,0.1928,0.0033,0.0062,0.0002,0.0461,0.0588,0.0027,0.0015,0.0131,0.0002,0.0014,0.0019,0.0002,0.0001,0.0088,0.0019,0.0005,0.003,0.0,0.1044,0.0206,0.0001,0.0092,0.0,125.0,0.0,62.0,63.0,60.0,0.0,0.0,0.0,0.0,0.0,0.0,0.0,0.0,0.0,0.0,0.0,0.0,0.0,0.0,0.0,0.0,0.0,0.0,8.0,2.0,1.0
827,6.893301199999998,0,8.2553,1.8346,1.9941,1.6861,0.184,0.003,0.0052,0.0003,0.0376,0.0486,0.0022,0.0007,0.0115,0.0001,0.002,0.0016,0.0005,0.0001,0.0089,0.0018,0.0005,0.0041,0.0,0.0929,0.0194,0.0002,0.0096,0.0,125.0,0.0,62.0,63.0,60.0,0.0,0.0,0.0,0.0,0.0,0.0,0.0,0.0,0.0,0.0,0.0,0.0,0.0,0.0,0.0,0.0,0.0,0.0,8.0,2.0,1.0
828,6.901556499999998,0,8.5857,1.8618,2.0146,1.6814,0.2127,0.0033,0.0063,0.0002,0.0544,0.0668,0.0027,0.0011,0.0135,0.0001,0.0021,0.0017,0.0002,0.0001,0.0088,0.0019,0.0005,0.0038,0.0001,0.1152,0.0245,0.0001,0.0077,0.0,125.0,0.0,62.0,63.0,60.0,0.0,0.0,0.0,0.0,0.0,0.0,0.0,0.0,0.0,0.0,0.0,0.0,0.0,0.0,0.0,0.0,0.0,0.0,8.0,2.0,1.0
829,6.910142199999998,0,8.2163,1.9836,2.1035,1.8113,0.1943,0.0043,0.0055,0.0002,0.0352,0.0483,0.0023,0.001,0.0124,0.0002,0.0022,0.0018,0.0001,0.0001,0.0091,0.0019,0.0005,0.0029,0.0,0.0954,0.0225,0.0001,0.0084,0.0,125.0,0.0,62.0,63.0,60.0,0.0,0.0,0.0,0.0,0.0,0.0,0.0,0.0,0.0,0.0,0.0,0.0,0.0,0.0,0.0,0.0,0.0,0.0,8.0,2.0,1.0
830,6.918358499999998,0,8.3043,1.9492,1.9894,1.8001,0.2467,0.0031,0.0054,0.0002,0.0583,0.0696,0.0049,0.0014,0.0181,0.0003,0.0028,0.0021,0.0001,0.0002,0.0105,0.0019,0.0005,0.0052,0.0001,0.1323,0.0343,0.0002,0.0085,0.0,125.0,0.0,62.0,63.0,60.0,0.0,0.0,0.0,0.0,0.0,0.0,0.0,0.0,0.0,0.0,0.0,0.0,0.0,0.0,0.0,0.0,0.0,0.0,8.0,2.0,1.0
831,6.926662799999998,0,8.3376,1.9838,1.9463,1.6991,0.187,0.0034,0.0062,0.0002,0.0354,0.0483,0.0025,0.001,0.012,0.0001,0.0018,0.0017,0.0002,0.0002,0.0091,0.0019,0.0006,0.0029,0.0001,0.0939,0.0221,0.0001,0.009,0.0,125.0,0.0,62.0,63.0,60.0,0.0,0.0,0.0,0.0,0.0,0.0,0.0,0.0,0.0,0.0,0.0,0.0,0.0,0.0,0.0,0.0,0.0,0.0,8.0,2.0,1.0
832,6.935000399999998,0,8.2604,1.8837,1.9864,1.9047,0.1937,0.0037,0.0077,0.0012,0.0401,0.0551,0.0023,0.001,0.012,0.0001,0.0016,0.0021,0.0001,0.0001,0.0098,0.0014,0.0004,0.0031,0.0,0.1004,0.0193,0.0001,0.0091,0.0,125.0,0.0,62.0,63.0,60.0,0.0,0.0,0.0,0.0,0.0,0.0,0.0,0.0,0.0,0.0,0.0,0.0,0.0,0.0,0.0,0.0,0.0,0.0,8.0,2.0,1.0
833,6.943260799999998,0,8.5399,1.827,2.0422,1.9706,0.1892,0.0038,0.0055,0.0001,0.0358,0.0484,0.002,0.001,0.0102,0.0002,0.0021,0.0022,0.0001,0.0001,0.0092,0.0012,0.0005,0.0026,0.0,0.0907,0.0189,0.0002,0.0099,0.0,125.0,0.0,62.0,63.0,60.0,0.0,0.0,0.0,0.0,0.0,0.0,0.0,0.0,0.0,0.0,0.0,0.0,0.0,0.0,0.0,0.0,0.0,0.0,8.0,2.0,1.0
834,6.951800699999998,0,8.4335,2.0142,2.2791,1.8104,0.2142,0.0047,0.0088,0.0007,0.0415,0.059,0.0025,0.001,0.0115,0.0001,0.0019,0.0022,0.0001,0.0001,0.0093,0.0015,0.0006,0.003,0.0001,0.1052,0.0228,0.0004,0.0096,0.0,125.0,0.0,62.0,63.0,60.0,0.0,0.0,0.0,0.0,0.0,0.0,0.0,0.0,0.0,0.0,0.0,0.0,0.0,0.0,0.0,0.0,0.0,0.0,8.0,2.0,1.0
835,6.960234199999998,0,8.3837,2.01,2.2679,1.9501,0.2105,0.0033,0.0055,0.0004,0.0399,0.0517,0.0024,0.0012,0.0122,0.0002,0.0024,0.0026,0.0002,0.0001,0.0105,0.0013,0.0006,0.0027,0.0001,0.0998,0.024,0.0001,0.0097,0.0,125.0,0.0,62.0,63.0,60.0,0.0,0.0,0.0,0.0,0.0,0.0,0.0,0.0,0.0,0.0,0.0,0.0,0.0,0.0,0.0,0.0,0.0,0.0,8.0,2.0,1.0
836,6.968617899999998,0,8.2587,2.2234,2.2493,1.8393,0.2196,0.0038,0.0063,0.0003,0.0468,0.0605,0.0027,0.0011,0.0126,0.0002,0.0016,0.0022,0.0001,0.0001,0.0101,0.0015,0.001,0.0031,0.0,0.1095,0.0222,0.0001,0.0097,0.0,125.0,0.0,62.0,63.0,60.0,0.0,0.0,0.0,0.0,0.0,0.0,0.0,0.0,0.0,0.0,0.0,0.0,0.0,0.0,0.0,0.0,0.0,0.0,8.0,2.0,1.0
837,6.976876599999998,0,8.2397,1.8679,2.1614,1.7303,0.1816,0.0029,0.0059,0.0003,0.0361,0.0477,0.0024,0.001,0.0104,0.0001,0.0016,0.0021,0.0001,0.0001,0.0087,0.0015,0.0004,0.0026,0.0001,0.0896,0.0189,0.0,0.01,0.0,125.0,0.0,62.0,63.0,60.0,0.0,0.0,0.0,0.0,0.0,0.0,0.0,0.0,0.0,0.0,0.0,0.0,0.0,0.0,0.0,0.0,0.0,0.0,8.0,2.0,1.0
838,6.985116299999998,0,8.0337,1.7834,1.8906,1.7919,0.1914,0.0032,0.0063,0.0003,0.0454,0.0577,0.0024,0.0014,0.0126,0.0002,0.0016,0.0016,0.0005,0.0001,0.0092,0.0018,0.0004,0.003,0.0,0.1025,0.0216,0.0001,0.0083,0.0,125.0,0.0,62.0,63.0,60.0,0.0,0.0,0.0,0.0,0.0,0.0,0.0,0.0,0.0,0.0,0.0,0.0,0.0,0.0,0.0,0.0,0.0,0.0,8.0,2.0,1.0
839,6.993149999999998,0,8.4612,1.7755,1.9053,1.6416,0.1959,0.0035,0.0057,0.0002,0.0364,0.0483,0.003,0.0013,0.0129,0.0002,0.0016,0.0016,0.0001,0.0001,0.0088,0.0017,0.0005,0.0029,0.0,0.0938,0.0226,0.0,0.0098,0.0,125.0,0.0,62.0,63.0,60.0,0.0,0.0,0.0,0.0,0.0,0.0,0.0,0.0,0.0,0.0,0.0,0.0,0.0,0.0,0.0,0.0,0.0,0.0,8.0,2.0,1.0
840,7.001611199999998,0,8.239,1.7064,1.8734,1.6239,0.1796,0.0028,0.005,0.0002,0.0421,0.0523,0.0026,0.0007,0.0124,0.0001,0.0016,0.0016,0.0001,0.0001,0.009,0.0013,0.001,0.0028,0.0,0.0967,0.019,0.0,0.0096,0.0,125.0,0.0,62.0,63.0,60.0,0.0,0.0,0.0,0.0,0.0,0.0,0.0,0.0,0.0,0.0,0.0,0.0,0.0,0.0,0.0,0.0,0.0,0.0,8.0,2.0,1.0
841,7.009850199999998,0,8.269,1.9768,1.8071,1.6858,0.173,0.0027,0.0071,0.0002,0.031,0.0432,0.0019,0.0007,0.0108,0.0002,0.0024,0.002,0.0001,0.0001,0.0101,0.0011,0.0005,0.0024,0.0001,0.0856,0.0203,0.0,0.01,0.0,125.0,0.0,62.0,63.0,60.0,0.0,0.0,0.0,0.0,0.0,0.0,0.0,0.0,0.0,0.0,0.0,0.0,0.0,0.0,0.0,0.0,0.0,0.0,8.0,2.0,1.0
842,7.018119199999998,0,8.4043,1.7618,1.8381,1.7046,0.1887,0.0033,0.005,0.0002,0.0416,0.053,0.0028,0.0009,0.0117,0.0002,0.0022,0.0017,0.0001,0.0001,0.0096,0.0013,0.0011,0.003,0.0001,0.098,0.0201,0.0001,0.0093,0.0,125.0,0.0,62.0,63.0,60.0,0.0,0.0,0.0,0.0,0.0,0.0,0.0,0.0,0.0,0.0,0.0,0.0,0.0,0.0,0.0,0.0,0.0,0.0,8.0,2.0,1.0
843,7.026523499999998,0,8.3739,1.8957,1.8671,1.7511,0.2011,0.0047,0.0078,0.0003,0.0359,0.0516,0.0026,0.001,0.0134,0.0001,0.0015,0.0021,0.0001,0.0001,0.0099,0.0014,0.0008,0.0029,0.0,0.0982,0.0204,0.0001,0.0093,0.0,125.0,0.0,62.0,63.0,60.0,0.0,0.0,0.0,0.0,0.0,0.0,0.0,0.0,0.0,0.0,0.0,0.0,0.0,0.0,0.0,0.0,0.0,0.0,8.0,2.0,1.0
844,7.0348973999999975,0,8.2258,1.8126,1.8925,1.6562,0.1823,0.0029,0.0047,0.0001,0.043,0.053,0.0026,0.0007,0.0106,0.0002,0.0015,0.0017,0.0001,0.0001,0.0094,0.0013,0.0005,0.0029,0.0,0.0963,0.02,0.0001,0.0085,0.0,125.0,0.0,62.0,63.0,60.0,0.0,0.0,0.0,0.0,0.0,0.0,0.0,0.0,0.0,0.0,0.0,0.0,0.0,0.0,0.0,0.0,0.0,0.0,8.0,2.0,1.0
845,7.0431231999999975,0,8.3724,1.8623,1.7694,1.6613,0.1735,0.0028,0.0046,0.0001,0.0312,0.0409,0.0024,0.0011,0.0128,0.0001,0.0021,0.0018,0.0002,0.0002,0.0089,0.0012,0.0005,0.0028,0.0,0.0872,0.0193,0.0,0.0096,0.0,125.0,0.0,62.0,63.0,60.0,0.0,0.0,0.0,0.0,0.0,0.0,0.0,0.0,0.0,0.0,0.0,0.0,0.0,0.0,0.0,0.0,0.0,0.0,8.0,2.0,1.0
846,7.051495599999997,0,8.3132,1.8183,1.814,1.9111,0.1725,0.0028,0.0069,0.0002,0.0346,0.0464,0.0022,0.0008,0.0102,0.0001,0.0014,0.0017,0.0001,0.0001,0.0091,0.0016,0.0004,0.0028,0.0,0.0876,0.0194,0.0,0.0081,0.0,125.0,0.0,62.0,63.0,60.0,0.0,0.0,0.0,0.0,0.0,0.0,0.0,0.0,0.0,0.0,0.0,0.0,0.0,0.0,0.0,0.0,0.0,0.0,8.0,2.0,1.0
847,7.059808799999997,0,8.4496,1.8166,1.8983,1.6963,0.1767,0.0015,0.0051,0.0001,0.0326,0.0421,0.0027,0.0009,0.0121,0.0001,0.0018,0.0015,0.0001,0.0001,0.0093,0.0012,0.0004,0.0025,0.0001,0.0845,0.0211,0.0001,0.0101,0.0,125.0,0.0,62.0,63.0,60.0,0.0,0.0,0.0,0.0,0.0,0.0,0.0,0.0,0.0,0.0,0.0,0.0,0.0,0.0,0.0,0.0,0.0,0.0,8.0,2.0,1.0
848,7.068258399999997,0,8.2453,1.8892,1.8942,1.7313,0.1775,0.0031,0.0062,0.0001,0.041,0.0523,0.0028,0.0009,0.0109,0.0001,0.0015,0.0017,0.0,0.0001,0.0082,0.0015,0.0005,0.0027,0.0001,0.0926,0.0187,0.0001,0.0098,0.0,125.0,0.0,62.0,63.0,60.0,0.0,0.0,0.0,0.0,0.0,0.0,0.0,0.0,0.0,0.0,0.0,0.0,0.0,0.0,0.0,0.0,0.0,0.0,8.0,2.0,1.0
849,7.076503699999996,0,8.3476,1.9684,1.8284,1.7182,0.1776,0.0025,0.0047,0.0002,0.0348,0.0457,0.0021,0.0009,0.0111,0.0002,0.0021,0.0016,0.0001,0.0001,0.0095,0.0013,0.0004,0.0027,0.0001,0.0883,0.0204,0.0001,0.0102,0.0,125.0,0.0,62.0,63.0,60.0,0.0,0.0,0.0,0.0,0.0,0.0,0.0,0.0,0.0,0.0,0.0,0.0,0.0,0.0,0.0,0.0,0.0,0.0,8.0,2.0,1.0
850,7.084851299999996,0,8.288,1.8301,1.8569,1.6422,0.1674,0.0033,0.0061,0.0001,0.0358,0.0474,0.0019,0.0013,0.0104,0.0002,0.002,0.0014,0.0001,0.0001,0.0087,0.0012,0.0005,0.0025,0.0,0.0858,0.0182,0.0,0.0096,0.0,125.0,0.0,62.0,63.0,60.0,0.0,0.0,0.0,0.0,0.0,0.0,0.0,0.0,0.0,0.0,0.0,0.0,0.0,0.0,0.0,0.0,0.0,0.0,8.0,2.0,1.0
851,7.093139299999996,0,8.5359,1.7393,1.8932,1.9245,0.1704,0.0029,0.0066,0.0002,0.0292,0.0418,0.0022,0.0007,0.0094,0.0002,0.0014,0.0016,0.0001,0.0001,0.0088,0.0012,0.001,0.0025,0.0,0.0805,0.0191,0.0001,0.0089,0.0,125.0,0.0,62.0,63.0,60.0,0.0,0.0,0.0,0.0,0.0,0.0,0.0,0.0,0.0,0.0,0.0,0.0,0.0,0.0,0.0,0.0,0.0,0.0,8.0,2.0,1.0
852,7.101675199999996,0,8.1714,1.7797,1.9484,1.788,0.1667,0.0024,0.0063,0.0001,0.0374,0.0489,0.0025,0.0007,0.0096,0.0001,0.0015,0.0013,0.0001,0.0001,0.0086,0.0012,0.0004,0.0025,0.0,0.0869,0.0185,0.0,0.0093,0.0,125.0,0.0,62.0,63.0,60.0,0.0,0.0,0.0,0.0,0.0,0.0,0.0,0.0,0.0,0.0,0.0,0.0,0.0,0.0,0.0,0.0,0.0,0.0,8.0,2.0,1.0
853,7.1098465999999965,0,8.3133,1.7176,1.7689,1.5922,0.1729,0.0042,0.0082,0.0002,0.03,0.045,0.0022,0.0007,0.0104,0.0002,0.0016,0.0017,0.0,0.0001,0.008,0.0012,0.0009,0.0029,0.0,0.0857,0.0183,0.0,0.0095,0.0,125.0,0.0,62.0,63.0,60.0,0.0,0.0,0.0,0.0,0.0,0.0,0.0,0.0,0.0,0.0,0.0,0.0,0.0,0.0,0.0,0.0,0.0,0.0,8.0,2.0,1.0
854,7.118159899999997,0,8.3503,1.8408,1.8833,1.7385,0.1696,0.0026,0.0046,0.0001,0.0397,0.0493,0.0021,0.0007,0.0098,0.0002,0.0015,0.0013,0.0001,0.0001,0.0083,0.0011,0.0005,0.0023,0.0001,0.0877,0.0184,0.0005,0.0094,0.0,125.0,0.0,62.0,63.0,60.0,0.0,0.0,0.0,0.0,0.0,0.0,0.0,0.0,0.0,0.0,0.0,0.0,0.0,0.0,0.0,0.0,0.0,0.0,8.0,2.0,1.0
855,7.126510199999997,0,8.2733,1.8227,1.7933,1.6377,0.1616,0.0032,0.0067,0.0001,0.0278,0.04,0.0018,0.001,0.0095,0.0002,0.0019,0.0014,0.0,0.0002,0.0092,0.0011,0.0005,0.0027,0.0001,0.0784,0.0176,0.0,0.0084,0.0,125.0,0.0,62.0,63.0,60.0,0.0,0.0,0.0,0.0,0.0,0.0,0.0,0.0,0.0,0.0,0.0,0.0,0.0,0.0,0.0,0.0,0.0,0.0,8.0,2.0,1.0
856,7.134783499999997,0,8.2461,1.7379,1.7545,1.5748,0.1574,0.0024,0.0065,0.0002,0.0336,0.0451,0.0024,0.0007,0.0089,0.0001,0.0013,0.0013,0.0001,0.0001,0.008,0.001,0.0004,0.0029,0.0,0.0815,0.0183,0.0,0.0104,0.0,125.0,0.0,62.0,63.0,60.0,0.0,0.0,0.0,0.0,0.0,0.0,0.0,0.0,0.0,0.0,0.0,0.0,0.0,0.0,0.0,0.0,0.0,0.0,8.0,2.0,1.0
857,7.143029599999997,0,8.39,1.7965,1.7133,1.6935,0.1599,0.0025,0.0049,0.0002,0.0289,0.0389,0.002,0.0007,0.0099,0.0002,0.002,0.0015,0.0001,0.0001,0.0083,0.0016,0.001,0.0025,0.0,0.0793,0.0192,0.0,0.01,0.0,125.0,0.0,62.0,63.0,60.0,0.0,0.0,0.0,0.0,0.0,0.0,0.0,0.0,0.0,0.0,0.0,0.0,0.0,0.0,0.0,0.0,0.0,0.0,8.0,2.0,1.0
858,7.151419599999997,0,8.3472,1.8133,1.7618,1.7259,0.1642,0.0028,0.0061,0.0001,0.0385,0.0497,0.0019,0.0006,0.0086,0.0002,0.0018,0.0012,0.0001,0.0001,0.0079,0.0013,0.0004,0.0025,0.0,0.0857,0.0184,0.0001,0.0093,0.0,125.0,0.0,62.0,63.0,60.0,0.0,0.0,0.0,0.0,0.0,0.0,0.0,0.0,0.0,0.0,0.0,0.0,0.0,0.0,0.0,0.0,0.0,0.0,8.0,2.0,1.0
859,7.159766799999997,0,8.3137,1.7467,1.7869,1.6884,0.1811,0.0026,0.0068,0.0002,0.0358,0.0478,0.003,0.0008,0.0126,0.0001,0.0022,0.0019,0.0001,0.0002,0.009,0.0012,0.0005,0.0029,0.0,0.0939,0.02,0.0,0.0089,0.0,125.0,0.0,62.0,63.0,60.0,0.0,0.0,0.0,0.0,0.0,0.0,0.0,0.0,0.0,0.0,0.0,0.0,0.0,0.0,0.0,0.0,0.0,0.0,8.0,2.0,1.0
860,7.168080499999998,0,8.3795,1.8706,1.7576,1.8408,0.183,0.0026,0.0071,0.0002,0.0442,0.0574,0.0022,0.0007,0.0096,0.0001,0.0013,0.002,0.0002,0.0001,0.0079,0.0017,0.0005,0.003,0.0001,0.0965,0.0176,0.0001,0.0103,0.0,125.0,0.0,62.0,63.0,60.0,0.0,0.0,0.0,0.0,0.0,0.0,0.0,0.0,0.0,0.0,0.0,0.0,0.0,0.0,0.0,0.0,0.0,0.0,8.0,2.0,1.0
861,7.176459999999998,0,8.2894,1.7678,1.7491,1.6941,0.208,0.0029,0.0046,0.0002,0.0312,0.0409,0.0024,0.0007,0.0116,0.0002,0.0016,0.0013,0.0001,0.0001,0.0087,0.0012,0.001,0.0029,0.0001,0.0831,0.0621,0.0001,0.0099,0.0,125.0,0.0,62.0,63.0,60.0,0.0,0.0,0.0,0.0,0.0,0.0,0.0,0.0,0.0,0.0,0.0,0.0,0.0,0.0,0.0,0.0,0.0,0.0,8.0,2.0,1.0
862,7.184749399999998,0,8.3557,1.7697,1.7859,1.8048,0.1828,0.003,0.0047,0.0002,0.0423,0.0526,0.003,0.0007,0.0113,0.0001,0.0016,0.0021,0.0001,0.0001,0.0092,0.0013,0.0004,0.0029,0.0,0.0954,0.0204,0.0,0.0102,0.0,125.0,0.0,62.0,63.0,60.0,0.0,0.0,0.0,0.0,0.0,0.0,0.0,0.0,0.0,0.0,0.0,0.0,0.0,0.0,0.0,0.0,0.0,0.0,8.0,2.0,1.0
863,7.193105099999998,0,8.5267,1.7547,1.9043,1.7973,0.2012,0.0028,0.006,0.0003,0.0329,0.0454,0.0024,0.0006,0.0126,0.0004,0.0019,0.0019,0.0001,0.0002,0.0159,0.0014,0.001,0.0028,0.0,0.101,0.0261,0.0001,0.0105,0.0,125.0,0.0,62.0,63.0,60.0,0.0,0.0,0.0,0.0,0.0,0.0,0.0,0.0,0.0,0.0,0.0,0.0,0.0,0.0,0.0,0.0,0.0,0.0,8.0,2.0,1.0
864,7.201631799999998,0,8.2643,1.8314,1.8856,1.7429,0.1822,0.0032,0.0047,0.0001,0.047,0.0575,0.0021,0.0007,0.0101,0.0001,0.0016,0.0015,0.0001,0.0001,0.0076,0.0015,0.0005,0.0029,0.0,0.0956,0.0201,0.0,0.0096,0.0,125.0,0.0,62.0,63.0,60.0,0.0,0.0,0.0,0.0,0.0,0.0,0.0,0.0,0.0,0.0,0.0,0.0,0.0,0.0,0.0,0.0,0.0,0.0,8.0,2.0,1.0
865,7.209896099999997,0,8.2534,1.7672,1.8515,1.6255,0.1672,0.0026,0.005,0.0001,0.0358,0.0454,0.002,0.0012,0.0105,0.0006,0.0017,0.0013,0.0001,0.0001,0.008,0.001,0.0004,0.0024,0.0001,0.0846,0.0191,0.0,0.0103,0.0,125.0,0.0,62.0,63.0,60.0,0.0,0.0,0.0,0.0,0.0,0.0,0.0,0.0,0.0,0.0,0.0,0.0,0.0,0.0,0.0,0.0,0.0,0.0,8.0,2.0,1.0
866,7.218149499999997,0,8.297,1.7261,1.7639,1.769,0.1763,0.0029,0.0062,0.0002,0.0411,0.0528,0.0019,0.0006,0.0092,0.0001,0.0018,0.0012,0.0001,0.0001,0.0077,0.0014,0.0004,0.0024,0.0,0.0891,0.0209,0.0001,0.0093,0.0,125.0,0.0,62.0,63.0,60.0,0.0,0.0,0.0,0.0,0.0,0.0,0.0,0.0,0.0,0.0,0.0,0.0,0.0,0.0,0.0,0.0,0.0,0.0,8.0,2.0,1.0
867,7.226446499999997,0,8.5644,1.7663,1.9376,1.9292,0.1726,0.0029,0.0062,0.0002,0.0328,0.0444,0.0019,0.0006,0.0097,0.0001,0.0022,0.0016,0.0001,0.0003,0.0079,0.0011,0.0005,0.0024,0.0,0.0825,0.0192,0.0001,0.0097,0.0,125.0,0.0,62.0,63.0,60.0,0.0,0.0,0.0,0.0,0.0,0.0,0.0,0.0,0.0,0.0,0.0,0.0,0.0,0.0,0.0,0.0,0.0,0.0,8.0,2.0,1.0
868,7.235010899999997,0,8.3639,1.8841,2.0256,1.7538,0.1965,0.0028,0.0052,0.0003,0.0447,0.0556,0.0025,0.0011,0.012,0.0002,0.0021,0.0017,0.0004,0.0001,0.0089,0.0017,0.0005,0.0029,0.0,0.1015,0.0207,0.0001,0.0118,0.0,125.0,0.0,62.0,63.0,60.0,0.0,0.0,0.0,0.0,0.0,0.0,0.0,0.0,0.0,0.0,0.0,0.0,0.0,0.0,0.0,0.0,0.0,0.0,8.0,2.0,1.0
869,7.243374799999997,0,8.3538,1.9328,2.0099,1.8783,0.1883,0.0044,0.0068,0.0002,0.0331,0.0474,0.0023,0.0009,0.0114,0.0002,0.0018,0.0018,0.0001,0.0001,0.0089,0.0014,0.0006,0.003,0.0,0.0923,0.0213,0.0,0.0103,0.0,125.0,0.0,62.0,63.0,60.0,0.0,0.0,0.0,0.0,0.0,0.0,0.0,0.0,0.0,0.0,0.0,0.0,0.0,0.0,0.0,0.0,0.0,0.0,8.0,2.0,1.0
870,7.251728599999997,0,8.2711,1.9853,2.0959,1.8375,0.1993,0.0029,0.0049,0.0002,0.0462,0.057,0.003,0.0009,0.0119,0.0002,0.0016,0.0021,0.0001,0.0001,0.009,0.0014,0.0004,0.003,0.0,0.1031,0.0214,0.0001,0.0091,0.0,125.0,0.0,62.0,63.0,60.0,0.0,0.0,0.0,0.0,0.0,0.0,0.0,0.0,0.0,0.0,0.0,0.0,0.0,0.0,0.0,0.0,0.0,0.0,8.0,2.0,1.0
871,7.259999699999997,0,8.1786,1.9443,1.8914,1.7884,0.1868,0.0029,0.0059,0.0002,0.0383,0.0497,0.0025,0.0009,0.0112,0.0001,0.0014,0.002,0.0001,0.0001,0.0101,0.0013,0.0004,0.0031,0.0,0.0955,0.0193,0.0001,0.0092,0.0,125.0,0.0,62.0,63.0,60.0,0.0,0.0,0.0,0.0,0.0,0.0,0.0,0.0,0.0,0.0,0.0,0.0,0.0,0.0,0.0,0.0,0.0,0.0,8.0,2.0,1.0
872,7.268178299999997,0,8.5281,1.9081,1.9337,1.7751,0.1882,0.003,0.0067,0.0002,0.0435,0.0554,0.0023,0.0012,0.0107,0.0002,0.0017,0.0014,0.0001,0.0001,0.0092,0.0013,0.0005,0.003,0.0,0.0978,0.0194,0.0,0.0127,0.0,125.0,0.0,62.0,63.0,60.0,0.0,0.0,0.0,0.0,0.0,0.0,0.0,0.0,0.0,0.0,0.0,0.0,0.0,0.0,0.0,0.0,0.0,0.0,8.0,2.0,1.0
873,7.2767063999999975,0,8.3016,1.922,1.9959,1.7943,0.1932,0.0035,0.0059,0.0003,0.0343,0.0466,0.0027,0.0008,0.0125,0.0002,0.0013,0.0021,0.0001,0.0001,0.0095,0.0014,0.0006,0.0028,0.0,0.0924,0.0217,0.0001,0.0104,0.0,125.0,0.0,62.0,63.0,60.0,0.0,0.0,0.0,0.0,0.0,0.0,0.0,0.0,0.0,0.0,0.0,0.0,0.0,0.0,0.0,0.0,0.0,0.0,8.0,2.0,1.0
874,7.285007999999998,0,8.3973,1.8624,2.0152,1.7791,0.2038,0.0038,0.007,0.0002,0.0479,0.0624,0.0031,0.001,0.012,0.0002,0.0015,0.0023,0.0001,0.0002,0.0099,0.0014,0.0005,0.003,0.0,0.1082,0.0204,0.0001,0.0092,0.0,125.0,0.0,62.0,63.0,60.0,0.0,0.0,0.0,0.0,0.0,0.0,0.0,0.0,0.0,0.0,0.0,0.0,0.0,0.0,0.0,0.0,0.0,0.0,8.0,2.0,1.0
875,7.293405299999998,0,8.3007,1.9203,2.072,1.9315,0.1862,0.0036,0.0065,0.0001,0.0326,0.0453,0.003,0.0009,0.0119,0.0001,0.0023,0.002,0.0006,0.0001,0.0091,0.0016,0.0005,0.0033,0.0001,0.0911,0.0204,0.0,0.0101,0.0,125.0,0.0,62.0,63.0,60.0,0.0,0.0,0.0,0.0,0.0,0.0,0.0,0.0,0.0,0.0,0.0,0.0,0.0,0.0,0.0,0.0,0.0,0.0,8.0,2.0,1.0
876,7.3017059999999985,0,8.2552,1.9166,2.0202,1.8403,0.195,0.0044,0.0074,0.0002,0.0377,0.0519,0.0023,0.0008,0.012,0.0002,0.0016,0.0019,0.0,0.0001,0.0092,0.0014,0.0005,0.003,0.0,0.0968,0.0209,0.0001,0.0102,0.0,125.0,0.0,62.0,63.0,60.0,0.0,0.0,0.0,0.0,0.0,0.0,0.0,0.0,0.0,0.0,0.0,0.0,0.0,0.0,0.0,0.0,0.0,0.0,8.0,2.0,1.0
877,7.309961199999998,0,8.2289,1.8493,1.9302,1.6885,0.1722,0.0025,0.0049,0.0002,0.0383,0.0485,0.0029,0.0008,0.0105,0.0002,0.0014,0.0016,0.0001,0.0002,0.0084,0.0015,0.0005,0.0028,0.0001,0.0895,0.0187,0.0,0.0111,0.0,125.0,0.0,62.0,63.0,60.0,0.0,0.0,0.0,0.0,0.0,0.0,0.0,0.0,0.0,0.0,0.0,0.0,0.0,0.0,0.0,0.0,0.0,0.0,8.0,2.0,1.0
878,7.318190099999998,0,8.3107,1.939,1.7692,1.8263,0.1851,0.0028,0.0067,0.0002,0.0377,0.0497,0.003,0.0008,0.0127,0.0002,0.0018,0.0015,0.0001,0.0001,0.009,0.0012,0.0008,0.0031,0.0001,0.0947,0.0211,0.0,0.0091,0.0,125.0,0.0,62.0,63.0,60.0,0.0,0.0,0.0,0.0,0.0,0.0,0.0,0.0,0.0,0.0,0.0,0.0,0.0,0.0,0.0,0.0,0.0,0.0,8.0,2.0,1.0
879,7.326500799999998,0,8.4311,1.9082,1.862,1.6575,0.1821,0.003,0.0076,0.0002,0.0312,0.0441,0.0027,0.0008,0.0119,0.0001,0.0015,0.0016,0.0,0.0001,0.0094,0.0017,0.0005,0.0034,0.0001,0.0889,0.0201,0.0001,0.0103,0.0,125.0,0.0,62.0,63.0,60.0,0.0,0.0,0.0,0.0,0.0,0.0,0.0,0.0,0.0,0.0,0.0,0.0,0.0,0.0,0.0,0.0,0.0,0.0,8.0,2.0,1.0
880,7.334931899999998,0,8.3109,1.8708,1.9293,1.68,0.1894,0.003,0.0051,0.0002,0.0492,0.0597,0.0023,0.0008,0.011,0.0002,0.0015,0.0017,0.0,0.0002,0.0089,0.0011,0.0005,0.0031,0.0,0.1023,0.0181,0.0001,0.0094,0.0,125.0,0.0,62.0,63.0,60.0,0.0,0.0,0.0,0.0,0.0,0.0,0.0,0.0,0.0,0.0,0.0,0.0,0.0,0.0,0.0,0.0,0.0,0.0,8.0,2.0,1.0
881,7.343242799999998,0,8.4273,1.7592,1.998,1.7848,0.1895,0.0032,0.0069,0.0003,0.0349,0.0486,0.0029,0.0008,0.013,0.0001,0.0015,0.0022,0.0,0.0001,0.0087,0.0013,0.0005,0.0029,0.0,0.0942,0.0211,0.0001,0.0095,0.0,125.0,0.0,62.0,63.0,60.0,0.0,0.0,0.0,0.0,0.0,0.0,0.0,0.0,0.0,0.0,0.0,0.0,0.0,0.0,0.0,0.0,0.0,0.0,8.0,2.0,1.0
882,7.351670099999998,0,8.3231,1.7534,2.0208,1.7606,0.1874,0.0036,0.0069,0.0003,0.0422,0.0551,0.0023,0.0007,0.0114,0.0007,0.0015,0.0015,0.0001,0.0001,0.0085,0.0012,0.0009,0.003,0.0,0.0975,0.0191,0.0,0.0117,0.0,125.0,0.0,62.0,63.0,60.0,0.0,0.0,0.0,0.0,0.0,0.0,0.0,0.0,0.0,0.0,0.0,0.0,0.0,0.0,0.0,0.0,0.0,0.0,8.0,2.0,1.0
883,7.359993199999998,0,8.1939,1.8611,1.8551,1.7727,0.1804,0.0029,0.0051,0.0002,0.0373,0.0478,0.0023,0.0009,0.0118,0.0002,0.0015,0.0019,0.0001,0.0002,0.0087,0.0013,0.0005,0.003,0.0001,0.0907,0.0213,0.0001,0.01,0.0,125.0,0.0,62.0,63.0,60.0,0.0,0.0,0.0,0.0,0.0,0.0,0.0,0.0,0.0,0.0,0.0,0.0,0.0,0.0,0.0,0.0,0.0,0.0,8.0,2.0,1.0
884,7.368187099999998,0,8.3167,1.9051,1.8068,1.779,0.1874,0.0029,0.0059,0.0002,0.0442,0.0557,0.0027,0.0008,0.0133,0.0001,0.0015,0.0016,0.0001,0.0001,0.0095,0.0013,0.0004,0.003,0.0001,0.1017,0.021,0.0001,0.0105,0.0,125.0,0.0,62.0,63.0,60.0,0.0,0.0,0.0,0.0,0.0,0.0,0.0,0.0,0.0,0.0,0.0,0.0,0.0,0.0,0.0,0.0,0.0,0.0,8.0,2.0,1.0
885,7.376503799999998,0,8.4815,1.8531,1.8325,1.7211,0.1773,0.0025,0.0045,0.0002,0.034,0.0439,0.0025,0.0013,0.013,0.0001,0.0014,0.0018,0.0002,0.0001,0.0084,0.0017,0.0005,0.0028,0.0001,0.0883,0.0209,0.0001,0.0095,0.0,125.0,0.0,62.0,63.0,60.0,0.0,0.0,0.0,0.0,0.0,0.0,0.0,0.0,0.0,0.0,0.0,0.0,0.0,0.0,0.0,0.0,0.0,0.0,8.0,2.0,1.0
886,7.3849852999999985,0,8.2666,1.7195,2.0611,1.8291,0.1947,0.0047,0.0082,0.0003,0.0385,0.0542,0.0028,0.0008,0.011,0.0001,0.0014,0.0021,0.0,0.0001,0.0097,0.0011,0.0005,0.0033,0.0,0.099,0.0199,0.0,0.0148,0.0,125.0,0.0,62.0,63.0,60.0,0.0,0.0,0.0,0.0,0.0,0.0,0.0,0.0,0.0,0.0,0.0,0.0,0.0,0.0,0.0,0.0,0.0,0.0,8.0,2.0,1.0
887,7.393251899999998,0,8.2513,1.8781,1.8695,1.605,0.1748,0.003,0.0068,0.0002,0.024,0.0371,0.0023,0.0007,0.0114,0.0002,0.002,0.0016,0.0,0.0001,0.0089,0.0012,0.0008,0.0028,0.0,0.0807,0.0211,0.0001,0.009,0.0,125.0,0.0,62.0,63.0,60.0,0.0,0.0,0.0,0.0,0.0,0.0,0.0,0.0,0.0,0.0,0.0,0.0,0.0,0.0,0.0,0.0,0.0,0.0,8.0,2.0,1.0
888,7.401503199999999,0,8.5278,2.0954,1.9313,1.8477,0.2015,0.0029,0.005,0.0002,0.0498,0.06,0.0024,0.0007,0.0121,0.0001,0.0016,0.0021,0.0,0.0001,0.0099,0.0013,0.0005,0.0029,0.0,0.1058,0.0273,0.0001,0.01,0.0,125.0,0.0,62.0,63.0,60.0,0.0,0.0,0.0,0.0,0.0,0.0,0.0,0.0,0.0,0.0,0.0,0.0,0.0,0.0,0.0,0.0,0.0,0.0,8.0,2.0,1.0
889,7.410030999999999,0,8.116,1.8457,1.9217,1.7129,0.2344,0.0035,0.0069,0.0003,0.0732,0.0871,0.0025,0.0007,0.012,0.0002,0.0021,0.0022,0.0002,0.0002,0.0092,0.0017,0.0004,0.0027,0.0,0.1317,0.0247,0.0001,0.0109,0.0,125.0,0.0,62.0,63.0,60.0,0.0,0.0,0.0,0.0,0.0,0.0,0.0,0.0,0.0,0.0,0.0,0.0,0.0,0.0,0.0,0.0,0.0,0.0,8.0,2.0,1.0
890,7.418146999999999,0,8.4692,1.6534,1.7956,1.7761,0.1943,0.0031,0.0064,0.0002,0.0492,0.0617,0.0023,0.0009,0.0103,0.0002,0.0013,0.0017,0.0,0.0001,0.0088,0.0012,0.0007,0.0028,0.0001,0.1035,0.0194,0.0,0.0081,0.0,125.0,0.0,62.0,63.0,60.0,0.0,0.0,0.0,0.0,0.0,0.0,0.0,0.0,0.0,0.0,0.0,0.0,0.0,0.0,0.0,0.0,0.0,0.0,8.0,2.0,1.0
891,7.4266162,0,8.2533,1.8879,1.9713,1.7157,0.1861,0.0029,0.0052,0.0002,0.0356,0.0464,0.0024,0.001,0.0122,0.0001,0.0021,0.0018,0.0001,0.0002,0.0091,0.0018,0.0005,0.0027,0.0,0.0918,0.0206,0.0,0.0083,0.0,125.0,0.0,62.0,63.0,60.0,0.0,0.0,0.0,0.0,0.0,0.0,0.0,0.0,0.0,0.0,0.0,0.0,0.0,0.0,0.0,0.0,0.0,0.0,8.0,2.0,1.0
892,7.4348695,0,8.3587,1.854,1.8222,1.6928,0.1739,0.0028,0.0051,0.0002,0.0392,0.0494,0.0021,0.001,0.0109,0.0001,0.002,0.0015,0.0001,0.0001,0.0089,0.0011,0.0004,0.0024,0.0,0.0899,0.0203,0.0001,0.0097,0.0,125.0,0.0,62.0,63.0,60.0,0.0,0.0,0.0,0.0,0.0,0.0,0.0,0.0,0.0,0.0,0.0,0.0,0.0,0.0,0.0,0.0,0.0,0.0,8.0,2.0,1.0
893,7.443228199999999,0,8.3125,1.8603,1.8743,1.685,0.177,0.0034,0.0048,0.0002,0.0312,0.0416,0.003,0.0008,0.0119,0.0002,0.0016,0.0018,0.0001,0.0002,0.009,0.0011,0.0009,0.0027,0.0,0.0857,0.0207,0.0001,0.0095,0.0,125.0,0.0,62.0,63.0,60.0,0.0,0.0,0.0,0.0,0.0,0.0,0.0,0.0,0.0,0.0,0.0,0.0,0.0,0.0,0.0,0.0,0.0,0.0,8.0,2.0,1.0
894,7.451540699999999,0,8.356,1.7978,1.9051,1.7496,0.1944,0.0029,0.0064,0.0001,0.0483,0.0609,0.0029,0.0008,0.0123,0.0001,0.0017,0.0016,0.0001,0.0002,0.0092,0.0012,0.0005,0.0028,0.0001,0.1052,0.0207,0.0001,0.0093,0.0,125.0,0.0,62.0,63.0,60.0,0.0,0.0,0.0,0.0,0.0,0.0,0.0,0.0,0.0,0.0,0.0,0.0,0.0,0.0,0.0,0.0,0.0,0.0,8.0,2.0,1.0
895,7.459896699999999,0,8.2206,2.0001,1.8248,1.692,0.175,0.0032,0.0069,0.0002,0.0274,0.0405,0.0023,0.0008,0.0107,0.0001,0.0016,0.0021,0.0001,0.0001,0.0101,0.0011,0.0006,0.0032,0.0,0.0844,0.0169,0.0001,0.0093,0.0,125.0,0.0,62.0,63.0,60.0,0.0,0.0,0.0,0.0,0.0,0.0,0.0,0.0,0.0,0.0,0.0,0.0,0.0,0.0,0.0,0.0,0.0,0.0,8.0,2.0,1.0
896,7.4681172999999985,0,8.5723,1.8532,1.9161,2.4897,0.1883,0.0027,0.0046,0.0002,0.0426,0.0524,0.0024,0.0012,0.0112,0.0002,0.0015,0.0021,0.0001,0.0002,0.0085,0.0014,0.0005,0.0029,0.0001,0.096,0.0207,0.0001,0.0086,0.0,125.0,0.0,62.0,63.0,60.0,0.0,0.0,0.0,0.0,0.0,0.0,0.0,0.0,0.0,0.0,0.0,0.0,0.0,0.0,0.0,0.0,0.0,0.0,8.0,2.0,1.0
897,7.4766895999999985,0,8.4443,1.8222,2.1326,1.7954,0.1831,0.0032,0.0058,0.0002,0.0351,0.047,0.0024,0.0007,0.0109,0.0001,0.0015,0.0018,0.0001,0.0001,0.0094,0.001,0.0004,0.0025,0.0,0.0879,0.0185,0.0001,0.0099,0.0,125.0,0.0,62.0,63.0,60.0,0.0,0.0,0.0,0.0,0.0,0.0,0.0,0.0,0.0,0.0,0.0,0.0,0.0,0.0,0.0,0.0,0.0,0.0,8.0,2.0,1.0
898,7.485133899999998,0,8.039,1.9481,1.9018,1.7711,0.184,0.0026,0.0054,0.0002,0.0464,0.0572,0.0024,0.0006,0.0111,0.0001,0.0017,0.0016,0.0001,0.0001,0.0093,0.0013,0.0007,0.0028,0.0001,0.0991,0.0199,0.0001,0.0086,0.0,125.0,0.0,62.0,63.0,60.0,0.0,0.0,0.0,0.0,0.0,0.0,0.0,0.0,0.0,0.0,0.0,0.0,0.0,0.0,0.0,0.0,0.0,0.0,8.0,2.0,1.0
899,7.4931728999999985,0,8.454,1.7667,1.8968,1.8934,0.1762,0.0026,0.0051,0.0002,0.0287,0.0398,0.0028,0.0009,0.0116,0.0001,0.0016,0.0023,0.0002,0.0007,0.009,0.0013,0.001,0.0028,0.0001,0.0851,0.02,0.0001,0.0091,0.0,125.0,0.0,62.0,63.0,60.0,0.0,0.0,0.0,0.0,0.0,0.0,0.0,0.0,0.0,0.0,0.0,0.0,0.0,0.0,0.0,0.0,0.0,0.0,8.0,2.0,1.0
900,7.501626899999999,0,8.2407,1.8964,1.8892,1.8075,0.1903,0.003,0.0071,0.0003,0.0412,0.0558,0.0024,0.0008,0.0104,0.0001,0.0014,0.0022,0.0001,0.0001,0.0099,0.0012,0.0005,0.0029,0.0001,0.0991,0.0196,0.0001,0.0096,0.0,125.0,0.0,62.0,63.0,60.0,0.0,0.0,0.0,0.0,0.0,0.0,0.0,0.0,0.0,0.0,0.0,0.0,0.0,0.0,0.0,0.0,0.0,0.0,8.0,2.0,1.0
901,7.509867599999999,0,8.5363,1.8374,1.9719,1.8601,0.1842,0.003,0.0058,0.0001,0.0359,0.0473,0.0029,0.0007,0.0122,0.0002,0.0023,0.0017,0.0001,0.0004,0.0091,0.0013,0.001,0.0028,0.0001,0.0927,0.0205,0.0001,0.0107,0.0,125.0,0.0,62.0,63.0,60.0,0.0,0.0,0.0,0.0,0.0,0.0,0.0,0.0,0.0,0.0,0.0,0.0,0.0,0.0,0.0,0.0,0.0,0.0,8.0,2.0,1.0
902,7.518403899999999,0,8.1682,1.8284,1.9433,1.7536,0.1959,0.0042,0.0059,0.0002,0.0461,0.0598,0.0027,0.0008,0.0111,0.0001,0.0016,0.0013,0.0002,0.0001,0.0092,0.0015,0.0005,0.0031,0.0,0.1035,0.0196,0.0001,0.0096,0.0,125.0,0.0,62.0,63.0,60.0,0.0,0.0,0.0,0.0,0.0,0.0,0.0,0.0,0.0,0.0,0.0,0.0,0.0,0.0,0.0,0.0,0.0,0.0,8.0,2.0,1.0
903,7.526572099999999,0,8.2918,1.9716,1.8998,1.6821,0.1849,0.0033,0.0051,0.0002,0.0366,0.0474,0.0029,0.0009,0.0127,0.0002,0.0017,0.0022,0.0002,0.0002,0.0089,0.0013,0.0005,0.0031,0.0,0.0949,0.0194,0.0001,0.0098,0.0,125.0,0.0,62.0,63.0,60.0,0.0,0.0,0.0,0.0,0.0,0.0,0.0,0.0,0.0,0.0,0.0,0.0,0.0,0.0,0.0,0.0,0.0,0.0,8.0,2.0,1.0
904,7.5348638999999995,0,8.2551,1.9669,1.805,1.8213,0.1804,0.0029,0.0056,0.0002,0.0454,0.0563,0.0024,0.001,0.0107,0.0002,0.002,0.0013,0.0002,0.0001,0.0087,0.0012,0.0004,0.0024,0.0001,0.097,0.0174,0.0,0.01,0.0,125.0,0.0,62.0,63.0,60.0,0.0,0.0,0.0,0.0,0.0,0.0,0.0,0.0,0.0,0.0,0.0,0.0,0.0,0.0,0.0,0.0,0.0,0.0,8.0,2.0,1.0
905,7.543119,0,8.5456,1.8158,1.9448,1.7105,0.174,0.0028,0.0076,0.0003,0.027,0.0404,0.0025,0.0007,0.01,0.0001,0.0013,0.002,0.0001,0.0001,0.0086,0.0015,0.0005,0.0028,0.0001,0.082,0.018,0.0001,0.0118,0.0,125.0,0.0,62.0,63.0,60.0,0.0,0.0,0.0,0.0,0.0,0.0,0.0,0.0,0.0,0.0,0.0,0.0,0.0,0.0,0.0,0.0,0.0,0.0,8.0,2.0,1.0
906,7.5516646,0,8.2721,1.8626,1.8666,1.7131,0.176,0.0031,0.0049,0.0002,0.0393,0.0503,0.0026,0.0006,0.0098,0.0001,0.0014,0.002,0.0001,0.0001,0.0082,0.0016,0.0005,0.003,0.0001,0.0902,0.0179,0.0,0.0111,0.0,125.0,0.0,62.0,63.0,60.0,0.0,0.0,0.0,0.0,0.0,0.0,0.0,0.0,0.0,0.0,0.0,0.0,0.0,0.0,0.0,0.0,0.0,0.0,8.0,2.0,1.0
907,7.5599367,0,8.2163,1.8674,1.8864,1.8307,0.1813,0.0031,0.0076,0.0002,0.0326,0.046,0.0024,0.0007,0.0107,0.0002,0.0016,0.002,0.0001,0.0002,0.0089,0.0019,0.0004,0.003,0.0001,0.0894,0.0188,0.0,0.0094,0.0,125.0,0.0,62.0,63.0,60.0,0.0,0.0,0.0,0.0,0.0,0.0,0.0,0.0,0.0,0.0,0.0,0.0,0.0,0.0,0.0,0.0,0.0,0.0,8.0,2.0,1.0
908,7.568153,0,8.3907,1.9091,1.8167,1.7743,0.1893,0.0029,0.0053,0.0002,0.0459,0.0575,0.0024,0.0006,0.0117,0.0001,0.0015,0.0016,0.0001,0.0001,0.0087,0.0013,0.0008,0.0029,0.0001,0.1007,0.0203,0.0,0.0092,0.0,125.0,0.0,62.0,63.0,60.0,0.0,0.0,0.0,0.0,0.0,0.0,0.0,0.0,0.0,0.0,0.0,0.0,0.0,0.0,0.0,0.0,0.0,0.0,8.0,2.0,1.0
909,7.576543699999999,0,8.1886,1.8194,1.8225,1.6691,0.1587,0.0026,0.0062,0.0002,0.0279,0.0388,0.002,0.0006,0.0096,0.0002,0.0015,0.0014,0.0001,0.0001,0.0087,0.0011,0.0005,0.0025,0.0001,0.0772,0.0195,0.0001,0.0096,0.0,125.0,0.0,62.0,63.0,60.0,0.0,0.0,0.0,0.0,0.0,0.0,0.0,0.0,0.0,0.0,0.0,0.0,0.0,0.0,0.0,0.0,0.0,0.0,8.0,2.0,1.0
910,7.5847323,0,8.4947,1.7234,1.7697,1.7086,0.1804,0.0029,0.0054,0.0001,0.0464,0.057,0.0027,0.0007,0.0099,0.0002,0.0014,0.0017,0.0001,0.0001,0.0082,0.0011,0.0005,0.0025,0.0001,0.0975,0.0185,0.0001,0.0091,0.0,125.0,0.0,62.0,63.0,60.0,0.0,0.0,0.0,0.0,0.0,0.0,0.0,0.0,0.0,0.0,0.0,0.0,0.0,0.0,0.0,0.0,0.0,0.0,8.0,2.0,1.0
911,7.593227,0,8.2545,1.7454,1.8525,1.7522,0.1749,0.0029,0.0076,0.0001,0.0333,0.0463,0.0027,0.0008,0.0108,0.0002,0.0019,0.0015,0.0,0.0002,0.0099,0.0012,0.0005,0.003,0.0001,0.09,0.0157,0.0001,0.0082,0.0,125.0,0.0,62.0,63.0,60.0,0.0,0.0,0.0,0.0,0.0,0.0,0.0,0.0,0.0,0.0,0.0,0.0,0.0,0.0,0.0,0.0,0.0,0.0,8.0,2.0,1.0
912,7.601481499999999,0,8.8654,1.8593,2.194,1.9226,0.2818,0.0036,0.0072,0.0005,0.0694,0.0838,0.0039,0.0013,0.016,0.0003,0.0029,0.0021,0.0006,0.0002,0.0119,0.0016,0.0007,0.004,0.0001,0.1476,0.0376,0.0001,0.0102,0.0,125.0,0.0,62.0,63.0,60.0,0.0,0.0,0.0,0.0,0.0,0.0,0.0,0.0,0.0,0.0,0.0,0.0,0.0,0.0,0.0,0.0,0.0,0.0,8.0,2.0,1.0
913,7.6103469,0,8.3084,2.2507,2.4952,2.1451,0.1988,0.0039,0.0081,0.0004,0.0313,0.0473,0.0025,0.0011,0.0112,0.0002,0.0016,0.0017,0.0001,0.0001,0.0102,0.0016,0.0006,0.0027,0.0,0.0913,0.0217,0.0001,0.0108,0.0,125.0,0.0,62.0,63.0,60.0,0.0,0.0,0.0,0.0,0.0,0.0,0.0,0.0,0.0,0.0,0.0,0.0,0.0,0.0,0.0,0.0,0.0,0.0,8.0,2.0,1.0
914,7.6186552999999995,0,8.1964,1.9598,1.9835,1.7865,0.198,0.0032,0.0055,0.0002,0.0469,0.0584,0.0027,0.0008,0.0105,0.0001,0.0015,0.0021,0.0001,0.0001,0.0101,0.0013,0.0006,0.0027,0.0001,0.101,0.0239,0.0001,0.0102,0.0,125.0,0.0,62.0,63.0,60.0,0.0,0.0,0.0,0.0,0.0,0.0,0.0,0.0,0.0,0.0,0.0,0.0,0.0,0.0,0.0,0.0,0.0,0.0,8.0,2.0,1.0
915,7.6268517,0,8.7454,3.0289,2.6599,2.4234,0.2396,0.0032,0.0063,0.0002,0.048,0.0614,0.0025,0.002,0.0134,0.0002,0.0032,0.0024,0.0001,0.0001,0.0218,0.0014,0.0008,0.0028,0.0001,0.1254,0.0257,0.0001,0.0126,0.0,125.0,0.0,62.0,63.0,60.0,0.0,0.0,0.0,0.0,0.0,0.0,0.0,0.0,0.0,0.0,0.0,0.0,0.0,0.0,0.0,0.0,0.0,0.0,8.0,2.0,1.0
916,7.635597099999999,0,8.106,2.3916,2.4532,2.3027,0.2574,0.0027,0.0058,0.0002,0.0592,0.0706,0.0039,0.0018,0.0171,0.0002,0.003,0.0021,0.0001,0.0001,0.014,0.0017,0.0006,0.0055,0.0,0.1348,0.0342,0.0002,0.0113,0.0,125.0,0.0,62.0,63.0,60.0,0.0,0.0,0.0,0.0,0.0,0.0,0.0,0.0,0.0,0.0,0.0,0.0,0.0,0.0,0.0,0.0,0.0,0.0,8.0,2.0,1.0
917,7.643703099999999,0,7.724,2.118,1.9021,1.8978,0.1634,0.0026,0.0064,0.0002,0.0275,0.0396,0.002,0.001,0.0099,0.0001,0.002,0.0016,0.0007,0.0001,0.009,0.0014,0.0005,0.0025,0.0001,0.0799,0.0192,0.0,0.0102,0.0,125.0,0.0,62.0,63.0,60.0,0.0,0.0,0.0,0.0,0.0,0.0,0.0,0.0,0.0,0.0,0.0,0.0,0.0,0.0,0.0,0.0,0.0,0.0,8.0,2.0,1.0
918,7.6514270999999985,0,8.3539,1.8104,1.7703,1.6261,0.1693,0.0025,0.0048,0.0003,0.0454,0.0548,0.0018,0.0006,0.0088,0.0001,0.0014,0.002,0.0002,0.0001,0.0085,0.0011,0.0007,0.0024,0.0,0.0913,0.0167,0.0,0.0096,0.0,125.0,0.0,62.0,63.0,60.0,0.0,0.0,0.0,0.0,0.0,0.0,0.0,0.0,0.0,0.0,0.0,0.0,0.0,0.0,0.0,0.0,0.0,0.0,8.0,2.0,1.0
919,7.659780999999999,0,8.2899,1.7272,1.7713,1.7669,0.1667,0.0027,0.0068,0.0002,0.0316,0.0436,0.0025,0.0007,0.0121,0.0002,0.0014,0.0014,0.0001,0.0001,0.0087,0.0011,0.0009,0.0024,0.0,0.0856,0.0185,0.0,0.0094,0.0,125.0,0.0,62.0,63.0,60.0,0.0,0.0,0.0,0.0,0.0,0.0,0.0,0.0,0.0,0.0,0.0,0.0,0.0,0.0,0.0,0.0,0.0,0.0,8.0,2.0,1.0
920,7.668070899999999,0,8.3312,1.7088,1.732,1.6927,0.1784,0.0039,0.0053,0.0002,0.0364,0.0485,0.0027,0.0007,0.0118,0.0002,0.002,0.0014,0.0001,0.0006,0.0091,0.0013,0.0009,0.0028,0.0,0.0926,0.0199,0.0,0.0098,0.0,125.0,0.0,62.0,63.0,60.0,0.0,0.0,0.0,0.0,0.0,0.0,0.0,0.0,0.0,0.0,0.0,0.0,0.0,0.0,0.0,0.0,0.0,0.0,8.0,2.0,1.0
921,7.676402099999999,0,8.4803,1.842,1.7193,1.5898,0.1817,0.0034,0.0061,0.0002,0.0386,0.0507,0.0025,0.0006,0.0107,0.0002,0.0018,0.0016,0.0001,0.0001,0.0087,0.0012,0.0005,0.0028,0.0001,0.0931,0.0193,0.0002,0.0106,0.0,125.0,0.0,62.0,63.0,60.0,0.0,0.0,0.0,0.0,0.0,0.0,0.0,0.0,0.0,0.0,0.0,0.0,0.0,0.0,0.0,0.0,0.0,0.0,8.0,2.0,1.0
922,7.684882399999999,0,8.2996,1.8002,1.9152,1.5215,0.1707,0.0025,0.0058,0.0002,0.0395,0.0506,0.0022,0.0007,0.0088,0.0001,0.0015,0.0019,0.0,0.0001,0.0083,0.0016,0.0004,0.0023,0.0,0.0892,0.0174,0.0001,0.0082,0.0,125.0,0.0,62.0,63.0,60.0,0.0,0.0,0.0,0.0,0.0,0.0,0.0,0.0,0.0,0.0,0.0,0.0,0.0,0.0,0.0,0.0,0.0,0.0,8.0,2.0,1.0
923,7.693181999999999,0,8.3831,1.6813,1.8251,1.6679,0.1699,0.0028,0.0054,0.0004,0.0341,0.0451,0.0019,0.0012,0.0095,0.0001,0.002,0.0016,0.0001,0.0006,0.0086,0.0011,0.0004,0.0025,0.0001,0.0837,0.0173,0.0,0.0104,0.0,125.0,0.0,62.0,63.0,60.0,0.0,0.0,0.0,0.0,0.0,0.0,0.0,0.0,0.0,0.0,0.0,0.0,0.0,0.0,0.0,0.0,0.0,0.0,8.0,2.0,1.0
924,7.701565099999999,0,8.2552,1.7521,1.8834,1.7827,0.1776,0.0031,0.0076,0.0002,0.0359,0.0495,0.0021,0.0008,0.0099,0.0002,0.0015,0.0019,0.0001,0.0002,0.0084,0.0019,0.0004,0.0028,0.0001,0.0898,0.0176,0.0,0.0097,0.0,125.0,0.0,62.0,63.0,60.0,0.0,0.0,0.0,0.0,0.0,0.0,0.0,0.0,0.0,0.0,0.0,0.0,0.0,0.0,0.0,0.0,0.0,0.0,8.0,2.0,1.0
925,7.709820299999999,0,8.2233,1.8076,1.7484,1.6368,0.1733,0.0027,0.005,0.0002,0.0327,0.0426,0.0033,0.0007,0.0135,0.0002,0.0019,0.0022,0.0001,0.0001,0.0089,0.0013,0.0004,0.0028,0.0001,0.0883,0.0196,0.0,0.0098,0.0,125.0,0.0,62.0,63.0,60.0,0.0,0.0,0.0,0.0,0.0,0.0,0.0,0.0,0.0,0.0,0.0,0.0,0.0,0.0,0.0,0.0,0.0,0.0,8.0,2.0,1.0
926,7.718043599999999,0,8.3708,1.786,1.6889,1.7365,0.1737,0.0033,0.0066,0.0002,0.0369,0.0492,0.0021,0.0009,0.0101,0.0002,0.0014,0.0018,0.0,0.0001,0.0082,0.0018,0.0005,0.0029,0.0,0.0892,0.0178,0.0001,0.0085,0.0,125.0,0.0,62.0,63.0,60.0,0.0,0.0,0.0,0.0,0.0,0.0,0.0,0.0,0.0,0.0,0.0,0.0,0.0,0.0,0.0,0.0,0.0,0.0,8.0,2.0,1.0
927,7.726414399999999,0,8.3889,1.7254,1.7656,1.5747,0.1663,0.0028,0.0068,0.0002,0.0335,0.0453,0.0019,0.0012,0.0094,0.0001,0.002,0.0014,0.0,0.0007,0.0084,0.0012,0.0005,0.0028,0.0,0.0835,0.0161,0.0001,0.0082,0.0,125.0,0.0,62.0,63.0,60.0,0.0,0.0,0.0,0.0,0.0,0.0,0.0,0.0,0.0,0.0,0.0,0.0,0.0,0.0,0.0,0.0,0.0,0.0,8.0,2.0,1.0
928,7.7348032999999985,0,8.3098,1.8368,1.751,1.6187,0.1765,0.0026,0.0044,0.0002,0.0461,0.055,0.0023,0.0013,0.0108,0.0001,0.0019,0.0014,0.0002,0.0001,0.0087,0.0013,0.0005,0.0027,0.0,0.0958,0.0191,0.0001,0.009,0.0,125.0,0.0,62.0,63.0,60.0,0.0,0.0,0.0,0.0,0.0,0.0,0.0,0.0,0.0,0.0,0.0,0.0,0.0,0.0,0.0,0.0,0.0,0.0,8.0,2.0,1.0
929,7.743113099999999,0,8.2354,1.9501,1.7125,1.6613,0.1654,0.0032,0.0053,0.0006,0.0301,0.0416,0.0019,0.0006,0.0098,0.0001,0.0012,0.002,0.0,0.0001,0.0078,0.0017,0.0004,0.0024,0.0,0.0792,0.022,0.0001,0.0095,0.0,125.0,0.0,62.0,63.0,60.0,0.0,0.0,0.0,0.0,0.0,0.0,0.0,0.0,0.0,0.0,0.0,0.0,0.0,0.0,0.0,0.0,0.0,0.0,8.0,2.0,1.0
930,7.751348499999999,0,8.5107,1.7331,1.724,1.5738,0.1754,0.0027,0.0044,0.0002,0.0424,0.0522,0.0025,0.0007,0.0106,0.0001,0.0014,0.0017,0.0,0.0001,0.0088,0.0017,0.0004,0.003,0.0,0.0942,0.0176,0.0001,0.0097,0.0,125.0,0.0,62.0,63.0,60.0,0.0,0.0,0.0,0.0,0.0,0.0,0.0,0.0,0.0,0.0,0.0,0.0,0.0,0.0,0.0,0.0,0.0,0.0,8.0,2.0,1.0
931,7.759859199999999,0,8.4497,1.7818,1.9823,1.8018,0.1773,0.0035,0.0056,0.0002,0.0311,0.0431,0.0021,0.0013,0.0103,0.0002,0.0014,0.0016,0.0,0.0001,0.0083,0.0012,0.001,0.0023,0.0001,0.0833,0.0177,0.0001,0.0105,0.0,125.0,0.0,62.0,63.0,60.0,0.0,0.0,0.0,0.0,0.0,0.0,0.0,0.0,0.0,0.0,0.0,0.0,0.0,0.0,0.0,0.0,0.0,0.0,8.0,2.0,1.0
932,7.768308899999999,0,8.1252,1.7431,1.8182,1.8296,0.1916,0.0032,0.0076,0.0004,0.0546,0.0686,0.0027,0.0007,0.0112,0.0002,0.0014,0.0014,0.0001,0.0001,0.0097,0.0012,0.0006,0.003,0.0,0.1105,0.0184,0.0,0.01,0.0,125.0,0.0,62.0,63.0,60.0,0.0,0.0,0.0,0.0,0.0,0.0,0.0,0.0,0.0,0.0,0.0,0.0,0.0,0.0,0.0,0.0,0.0,0.0,8.0,2.0,1.0
933,7.7764340999999995,0,8.4184,1.7602,1.7631,1.6578,0.1748,0.0029,0.0047,0.0005,0.0337,0.0445,0.0023,0.0007,0.0112,0.0002,0.0015,0.0018,0.0001,0.0002,0.0084,0.0014,0.0005,0.0033,0.0,0.0868,0.0204,0.0,0.0099,0.0,125.0,0.0,62.0,63.0,60.0,0.0,0.0,0.0,0.0,0.0,0.0,0.0,0.0,0.0,0.0,0.0,0.0,0.0,0.0,0.0,0.0,0.0,0.0,8.0,2.0,1.0
934,7.7848524999999995,0,8.3032,1.9313,1.8595,1.5643,0.174,0.0026,0.0062,0.0002,0.0378,0.0492,0.002,0.0007,0.0092,0.0001,0.0017,0.0015,0.0001,0.0001,0.0083,0.001,0.0004,0.0024,0.0,0.0907,0.0196,0.0,0.0086,0.0,125.0,0.0,62.0,63.0,58.0,0.0,0.0,0.0,0.0,0.0,0.0,0.0,0.0,0.0,0.0,0.0,0.0,0.0,0.0,0.0,0.0,0.0,0.0,8.0,2.0,1.0
935,7.7931557,0,8.2348,1.9494,1.6801,1.6185,0.1702,0.0041,0.0055,0.0002,0.0351,0.0476,0.0021,0.0007,0.01,0.0001,0.0018,0.0014,0.0,0.0001,0.0081,0.0009,0.0004,0.0023,0.0,0.0867,0.0186,0.0,0.0079,0.0,125.0,0.0,62.0,63.0,56.0,0.0,0.0,0.0,0.0,0.0,0.0,0.0,0.0,0.0,0.0,0.0,0.0,0.0,0.0,0.0,0.0,0.0,0.0,8.0,2.0,1.0
936,7.8013905,0,8.4013,1.8517,1.7438,1.7546,0.1776,0.0027,0.0066,0.0001,0.0444,0.0563,0.0028,0.0008,0.0113,0.0001,0.0014,0.0019,0.0001,0.0001,0.0084,0.0014,0.0005,0.0026,0.0001,0.0977,0.0188,0.0001,0.0088,0.0,125.0,0.0,62.0,63.0,56.0,0.0,0.0,0.0,0.0,0.0,0.0,0.0,0.0,0.0,0.0,0.0,0.0,0.0,0.0,0.0,0.0,0.0,0.0,8.0,2.0,1.0
937,7.8097918,0,8.2639,1.8374,1.7402,1.6389,0.1585,0.0029,0.0059,0.0001,0.0346,0.0455,0.0019,0.0005,0.0094,0.0002,0.0015,0.0014,0.0001,0.0002,0.0098,0.001,0.0004,0.0023,0.0,0.0836,0.0159,0.0,0.0105,0.0,125.0,0.0,62.0,63.0,56.0,0.0,0.0,0.0,0.0,0.0,0.0,0.0,0.0,0.0,0.0,0.0,0.0,0.0,0.0,0.0,0.0,0.0,0.0,8.0,2.0,1.0
938,7.8180557,0,8.474,1.7659,1.7641,1.5693,0.1823,0.003,0.0055,0.0002,0.0444,0.0553,0.0025,0.0007,0.0109,0.0001,0.0019,0.0014,0.0001,0.0001,0.0087,0.0012,0.0004,0.0027,0.0001,0.0967,0.0189,0.0001,0.0073,0.0,125.0,0.0,62.0,63.0,56.0,0.0,0.0,0.0,0.0,0.0,0.0,0.0,0.0,0.0,0.0,0.0,0.0,0.0,0.0,0.0,0.0,0.0,0.0,8.0,2.0,1.0
939,7.8265297,0,8.3812,1.6954,1.8577,1.6271,0.1869,0.0055,0.0081,0.0001,0.033,0.0492,0.0023,0.0008,0.0103,0.0001,0.0016,0.0021,0.0001,0.0001,0.0087,0.0013,0.0004,0.0027,0.0,0.0916,0.0193,0.0001,0.0085,0.0,125.0,0.0,62.0,63.0,56.0,0.0,0.0,0.0,0.0,0.0,0.0,0.0,0.0,0.0,0.0,0.0,0.0,0.0,0.0,0.0,0.0,0.0,0.0,8.0,2.0,1.0
940,7.8349109,0,8.2784,1.763,1.9006,1.5647,0.1956,0.0034,0.0056,0.0002,0.0451,0.0574,0.0026,0.0009,0.0122,0.0001,0.0016,0.0021,0.0001,0.0001,0.0085,0.0019,0.0005,0.0028,0.0001,0.102,0.0209,0.0001,0.0089,0.0,125.0,0.0,62.0,63.0,56.0,0.0,0.0,0.0,0.0,0.0,0.0,0.0,0.0,0.0,0.0,0.0,0.0,0.0,0.0,0.0,0.0,0.0,0.0,8.0,2.0,1.0
941,7.8431893,0,8.4305,1.7982,1.874,1.7186,0.1875,0.0046,0.0062,0.0003,0.0345,0.0481,0.0028,0.0009,0.0116,0.0001,0.0016,0.0022,0.0001,0.0001,0.0083,0.0013,0.0005,0.0029,0.0,0.0929,0.0194,0.0,0.0078,0.0,125.0,0.0,62.0,63.0,56.0,0.0,0.0,0.0,0.0,0.0,0.0,0.0,0.0,0.0,0.0,0.0,0.0,0.0,0.0,0.0,0.0,0.0,0.0,8.0,2.0,1.0
942,7.8516198,0,8.2613,1.8014,1.8468,1.6783,0.1879,0.0026,0.0051,0.0002,0.0503,0.0603,0.003,0.001,0.0121,0.0001,0.0016,0.0019,0.0001,0.0001,0.0097,0.0013,0.0004,0.0027,0.0001,0.1042,0.0201,0.0001,0.0089,0.0,125.0,0.0,62.0,63.0,56.0,0.0,0.0,0.0,0.0,0.0,0.0,0.0,0.0,0.0,0.0,0.0,0.0,0.0,0.0,0.0,0.0,0.0,0.0,8.0,2.0,1.0
943,7.8598811,0,8.276,1.7405,1.8276,1.5989,0.1532,0.0025,0.0056,0.0002,0.0274,0.0381,0.0023,0.0008,0.0077,0.0001,0.0019,0.0014,0.0001,0.0001,0.0081,0.0017,0.0005,0.0027,0.0,0.0756,0.0161,0.0,0.0097,0.0,125.0,0.0,62.0,63.0,56.0,0.0,0.0,0.0,0.0,0.0,0.0,0.0,0.0,0.0,0.0,0.0,0.0,0.0,0.0,0.0,0.0,0.0,0.0,8.0,2.0,1.0
944,7.8681571,0,8.3946,1.8378,1.8427,1.6041,0.171,0.003,0.0072,0.0002,0.0348,0.048,0.0026,0.0007,0.0094,0.0001,0.0015,0.0016,0.0001,0.0002,0.0085,0.0011,0.0005,0.0024,0.0,0.0848,0.0193,0.0,0.0085,0.0,125.0,0.0,62.0,63.0,56.0,0.0,0.0,0.0,0.0,0.0,0.0,0.0,0.0,0.0,0.0,0.0,0.0,0.0,0.0,0.0,0.0,0.0,0.0,8.0,2.0,1.0
945,7.8765517,0,8.2427,1.8238,1.7617,1.5287,0.2123,0.0027,0.0056,0.0005,0.0333,0.0453,0.0029,0.0008,0.0136,0.0002,0.0019,0.002,0.0001,0.0001,0.0134,0.0013,0.0007,0.0034,0.0,0.0999,0.039,0.0001,0.0076,0.0,125.0,0.0,62.0,63.0,56.0,0.0,0.0,0.0,0.0,0.0,0.0,0.0,0.0,0.0,0.0,0.0,0.0,0.0,0.0,0.0,0.0,0.0,0.0,8.0,2.0,1.0
946,7.8847944000000005,0,8.2961,1.732,1.8117,1.6339,0.1769,0.0026,0.0047,0.0003,0.0419,0.052,0.0022,0.0009,0.0109,0.0001,0.0016,0.0015,0.0,0.0001,0.0087,0.001,0.0004,0.0024,0.0,0.092,0.0204,0.0,0.0092,0.0,125.0,0.0,62.0,63.0,56.0,0.0,0.0,0.0,0.0,0.0,0.0,0.0,0.0,0.0,0.0,0.0,0.0,0.0,0.0,0.0,0.0,0.0,0.0,8.0,2.0,1.0
947,7.8930905000000005,0,8.5416,1.8709,1.8248,1.6455,0.1862,0.003,0.005,0.0001,0.0318,0.0424,0.0024,0.0009,0.0096,0.0002,0.0019,0.0024,0.0001,0.0002,0.0098,0.0013,0.0005,0.0028,0.0001,0.088,0.0218,0.0001,0.0088,0.0,125.0,0.0,62.0,63.0,56.0,0.0,0.0,0.0,0.0,0.0,0.0,0.0,0.0,0.0,0.0,0.0,0.0,0.0,0.0,0.0,0.0,0.0,0.0,8.0,2.0,1.0
948,7.9016321000000005,0,8.2701,1.7792,1.9351,1.7403,0.1826,0.0024,0.0047,0.0002,0.044,0.0536,0.0029,0.0009,0.0127,0.0001,0.0022,0.0015,0.0001,0.0004,0.0086,0.0013,0.0005,0.0028,0.0001,0.0982,0.0201,0.0001,0.0077,0.0,125.0,0.0,62.0,63.0,56.0,0.0,0.0,0.0,0.0,0.0,0.0,0.0,0.0,0.0,0.0,0.0,0.0,0.0,0.0,0.0,0.0,0.0,0.0,8.0,2.0,1.0
949,7.9099022,0,8.082,1.7373,1.6846,1.6776,0.1672,0.0025,0.0061,0.0002,0.0351,0.0463,0.0018,0.0007,0.0091,0.0001,0.0021,0.0015,0.0,0.0006,0.0086,0.0011,0.0004,0.0023,0.0,0.084,0.0214,0.0,0.0097,0.0,125.0,0.0,62.0,63.0,56.0,0.0,0.0,0.0,0.0,0.0,0.0,0.0,0.0,0.0,0.0,0.0,0.0,0.0,0.0,0.0,0.0,0.0,0.0,8.0,2.0,1.0
950,7.9179842,0,8.4397,1.7244,1.6767,1.6712,0.1686,0.0024,0.0047,0.0002,0.039,0.0483,0.0023,0.0009,0.0108,0.0002,0.0017,0.0013,0.0001,0.0001,0.0092,0.0012,0.0009,0.0027,0.0,0.0902,0.0193,0.0,0.0088,0.0,125.0,0.0,62.0,63.0,56.0,0.0,0.0,0.0,0.0,0.0,0.0,0.0,0.0,0.0,0.0,0.0,0.0,0.0,0.0,0.0,0.0,0.0,0.0,8.0,2.0,1.0
951,7.9264239000000005,0,8.3365,1.8365,1.7386,1.8447,0.167,0.0025,0.0052,0.0003,0.0326,0.0426,0.0021,0.0007,0.0075,0.0001,0.0015,0.0018,0.0001,0.0001,0.0096,0.0011,0.0004,0.0027,0.0001,0.0798,0.0188,0.0,0.0089,0.0,125.0,0.0,62.0,63.0,56.0,0.0,0.0,0.0,0.0,0.0,0.0,0.0,0.0,0.0,0.0,0.0,0.0,0.0,0.0,0.0,0.0,0.0,0.0,8.0,2.0,1.0
952,7.934760400000001,0,8.2787,1.9174,1.7105,1.9502,0.1693,0.0024,0.0053,0.0002,0.0449,0.055,0.002,0.001,0.0101,0.0007,0.0013,0.0012,0.0,0.0006,0.0089,0.001,0.0004,0.0023,0.0,0.0929,0.0186,0.0001,0.0084,0.0,125.0,0.0,62.0,63.0,56.0,0.0,0.0,0.0,0.0,0.0,0.0,0.0,0.0,0.0,0.0,0.0,0.0,0.0,0.0,0.0,0.0,0.0,0.0,8.0,2.0,1.0
953,7.943039100000001,0,8.49,1.9561,1.7744,1.6352,0.1661,0.0027,0.0066,0.0002,0.031,0.0429,0.0022,0.0007,0.0093,0.0002,0.0015,0.0022,0.0001,0.0001,0.0083,0.0016,0.0005,0.0028,0.0,0.0836,0.0176,0.0001,0.0101,0.0,125.0,0.0,62.0,63.0,56.0,0.0,0.0,0.0,0.0,0.0,0.0,0.0,0.0,0.0,0.0,0.0,0.0,0.0,0.0,0.0,0.0,0.0,0.0,8.0,2.0,1.0
954,7.951529100000001,0,8.2913,1.8326,1.7851,1.5921,0.1997,0.0033,0.006,0.0002,0.0505,0.0623,0.0023,0.0008,0.0106,0.0001,0.0021,0.0014,0.0002,0.0001,0.0084,0.0012,0.0005,0.0027,0.0,0.109,0.0193,0.0001,0.0081,0.0,125.0,0.0,62.0,63.0,55.0,0.0,0.0,0.0,0.0,0.0,0.0,0.0,0.0,0.0,0.0,0.0,0.0,0.0,0.0,0.0,0.0,0.0,0.0,8.0,2.0,1.0
955,7.959820400000001,0,8.3266,1.6754,1.7585,1.6424,0.1803,0.0043,0.008,0.0002,0.0261,0.0411,0.003,0.0012,0.0131,0.0002,0.0019,0.002,0.0001,0.0001,0.0088,0.0013,0.0005,0.0029,0.0,0.0875,0.0195,0.0001,0.0085,0.0,125.0,0.0,62.0,63.0,55.0,0.0,0.0,0.0,0.0,0.0,0.0,0.0,0.0,0.0,0.0,0.0,0.0,0.0,0.0,0.0,0.0,0.0,0.0,8.0,2.0,1.0
956,7.968147000000001,0,8.3584,1.8292,1.8131,1.6406,0.1783,0.0034,0.0053,0.0003,0.0445,0.0556,0.0022,0.0008,0.0107,0.0002,0.0015,0.002,0.0,0.0001,0.0087,0.0018,0.0005,0.0028,0.0001,0.0979,0.0176,0.0,0.008,0.0,125.0,0.0,62.0,63.0,55.0,0.0,0.0,0.0,0.0,0.0,0.0,0.0,0.0,0.0,0.0,0.0,0.0,0.0,0.0,0.0,0.0,0.0,0.0,8.0,2.0,1.0
957,7.976505400000001,0,8.4332,1.9028,1.952,1.8416,0.1878,0.003,0.0058,0.0002,0.0331,0.045,0.0022,0.0015,0.0127,0.0001,0.0015,0.0021,0.0001,0.0002,0.0097,0.0013,0.0005,0.0032,0.0,0.092,0.024,0.0001,0.008,0.0,125.0,0.0,62.0,63.0,55.0,0.0,0.0,0.0,0.0,0.0,0.0,0.0,0.0,0.0,0.0,0.0,0.0,0.0,0.0,0.0,0.0,0.0,0.0,8.0,2.0,1.0
958,7.9849386,0,8.4359,1.9239,1.8505,1.8073,0.2138,0.0038,0.0084,0.0002,0.032,0.0468,0.003,0.0011,0.0127,0.0001,0.0022,0.0024,0.0,0.0002,0.0128,0.0024,0.0005,0.0037,0.0001,0.1002,0.0234,0.0,0.0074,0.0,125.0,0.0,62.0,63.0,55.0,0.0,0.0,0.0,0.0,0.0,0.0,0.0,0.0,0.0,0.0,0.0,0.0,0.0,0.0,0.0,0.0,0.0,0.0,8.0,2.0,1.0
959,7.993374500000001,0,8.3224,1.8984,1.9097,2.0664,0.1837,0.0027,0.0054,0.0001,0.0372,0.048,0.0022,0.0009,0.0114,0.0006,0.0015,0.0023,0.0001,0.0001,0.0091,0.0015,0.0005,0.0028,0.0,0.0928,0.021,0.0001,0.0077,0.0,125.0,0.0,62.0,63.0,55.0,0.0,0.0,0.0,0.0,0.0,0.0,0.0,0.0,0.0,0.0,0.0,0.0,0.0,0.0,0.0,0.0,0.0,0.0,8.0,2.0,1.0
960,8.0016969,0,8.2773,1.8832,1.9064,1.8192,0.1819,0.0028,0.0046,0.0001,0.0429,0.053,0.0021,0.0009,0.0109,0.0001,0.0016,0.0021,0.0001,0.0001,0.0085,0.0016,0.0005,0.0028,0.0,0.0969,0.0209,0.0001,0.0095,0.0,125.0,0.0,62.0,63.0,52.0,0.0,0.0,0.0,0.0,0.0,0.0,0.0,0.0,0.0,0.0,0.0,0.0,0.0,0.0,0.0,0.0,0.0,0.0,8.0,2.0,1.0
961,8.0099742,0,8.3362,1.8887,1.8875,1.7603,0.1863,0.0028,0.005,0.0002,0.0374,0.048,0.0024,0.0008,0.0121,0.0002,0.0017,0.0021,0.0001,0.0002,0.0091,0.0013,0.0005,0.003,0.0,0.0936,0.0211,0.0,0.0071,0.0,125.0,0.0,62.0,63.0,52.0,0.0,0.0,0.0,0.0,0.0,0.0,0.0,0.0,0.0,0.0,0.0,0.0,0.0,0.0,0.0,0.0,0.0,0.0,8.0,2.0,1.0
962,8.0183104,0,8.2022,2.1728,1.8023,1.7371,0.1604,0.0025,0.0064,0.0002,0.0323,0.0436,0.0021,0.0007,0.01,0.0001,0.0015,0.002,0.0,0.0002,0.0085,0.0014,0.0005,0.0028,0.0,0.0821,0.0188,0.0001,0.0071,0.0,125.0,0.0,62.0,63.0,52.0,0.0,0.0,0.0,0.0,0.0,0.0,0.0,0.0,0.0,0.0,0.0,0.0,0.0,0.0,0.0,0.0,0.0,0.0,8.0,2.0,1.0
963,8.0265126,0,8.398,1.8501,1.791,1.7489,0.1832,0.0029,0.0053,0.0002,0.0383,0.0494,0.0022,0.0008,0.0117,0.0001,0.0022,0.0015,0.0006,0.0001,0.0091,0.002,0.0005,0.0027,0.0,0.0939,0.0207,0.0002,0.0081,0.0,125.0,0.0,62.0,63.0,52.0,0.0,0.0,0.0,0.0,0.0,0.0,0.0,0.0,0.0,0.0,0.0,0.0,0.0,0.0,0.0,0.0,0.0,0.0,8.0,2.0,1.0
964,8.0349106,0,8.5099,2.3882,1.9373,1.7885,0.1722,0.0032,0.0062,0.0003,0.0347,0.0476,0.0023,0.0006,0.0093,0.0001,0.0016,0.0021,0.0001,0.0001,0.0094,0.0013,0.0005,0.0023,0.0,0.0875,0.016,0.0001,0.007,0.0,125.0,0.0,62.0,63.0,52.0,0.0,0.0,0.0,0.0,0.0,0.0,0.0,0.0,0.0,0.0,0.0,0.0,0.0,0.0,0.0,0.0,0.0,0.0,8.0,2.0,1.0
965,8.0434205,0,8.2728,2.008,1.9214,1.9539,0.1657,0.0032,0.0076,0.0003,0.0287,0.0421,0.0021,0.0007,0.0101,0.0001,0.0018,0.0017,0.0005,0.0001,0.0084,0.0013,0.0008,0.0024,0.0001,0.0834,0.0182,0.0,0.0086,0.0,125.0,0.0,62.0,63.0,52.0,0.0,0.0,0.0,0.0,0.0,0.0,0.0,0.0,0.0,0.0,0.0,0.0,0.0,0.0,0.0,0.0,0.0,0.0,8.0,2.0,1.0
966,8.0516933,0,8.3236,1.8754,1.9601,1.8537,0.1793,0.0033,0.0066,0.0003,0.0355,0.048,0.0021,0.0011,0.0109,0.0006,0.0016,0.002,0.0002,0.0001,0.0091,0.0016,0.0005,0.003,0.0,0.0908,0.0191,0.0001,0.0096,0.0,125.0,0.0,62.0,63.0,52.0,0.0,0.0,0.0,0.0,0.0,0.0,0.0,0.0,0.0,0.0,0.0,0.0,0.0,0.0,0.0,0.0,0.0,0.0,8.0,2.0,1.0
967,8.0600169,0,8.2716,1.8782,1.9143,1.792,0.1826,0.003,0.0061,0.0002,0.0378,0.0495,0.0025,0.0009,0.0104,0.0002,0.0014,0.0022,0.0002,0.0001,0.0091,0.0015,0.0005,0.0025,0.0,0.0911,0.0237,0.0001,0.0091,0.0,125.0,0.0,62.0,63.0,52.0,0.0,0.0,0.0,0.0,0.0,0.0,0.0,0.0,0.0,0.0,0.0,0.0,0.0,0.0,0.0,0.0,0.0,0.0,8.0,2.0,1.0
968,8.068288500000001,0,8.445,1.8859,1.9006,1.859,0.2015,0.0029,0.0061,0.0003,0.0451,0.0575,0.0027,0.0011,0.0113,0.0001,0.0016,0.0023,0.0001,0.0001,0.0098,0.0013,0.001,0.0029,0.0,0.1041,0.0219,0.0001,0.0087,0.0,125.0,0.0,62.0,63.0,55.0,0.0,0.0,0.0,0.0,0.0,0.0,0.0,0.0,0.0,0.0,0.0,0.0,0.0,0.0,0.0,0.0,0.0,0.0,8.0,2.0,1.0
969,8.076733500000001,0,8.3436,2.0725,1.9683,1.6398,0.1849,0.0029,0.0068,0.0003,0.0332,0.0458,0.002,0.001,0.0094,0.0002,0.0021,0.0017,0.0001,0.0005,0.0099,0.0015,0.0004,0.0028,0.0,0.0918,0.0231,0.0001,0.0074,0.0,125.0,0.0,62.0,63.0,55.0,0.0,0.0,0.0,0.0,0.0,0.0,0.0,0.0,0.0,0.0,0.0,0.0,0.0,0.0,0.0,0.0,0.0,0.0,8.0,2.0,1.0
970,8.085077100000001,0,8.3641,1.8497,2.0361,1.7963,0.2085,0.003,0.0074,0.0003,0.0471,0.0608,0.0024,0.0009,0.0117,0.0001,0.0018,0.0024,0.0001,0.0001,0.0098,0.0015,0.001,0.0028,0.0,0.1071,0.0208,0.0,0.0085,0.0,125.0,0.0,62.0,63.0,55.0,0.0,0.0,0.0,0.0,0.0,0.0,0.0,0.0,0.0,0.0,0.0,0.0,0.0,0.0,0.0,0.0,0.0,0.0,8.0,2.0,1.0
971,8.093441200000001,0,8.365,1.8084,2.0299,1.8787,0.2085,0.0032,0.0055,0.0002,0.0371,0.0488,0.003,0.0011,0.0146,0.0002,0.0027,0.0023,0.0001,0.0001,0.0103,0.0013,0.0006,0.0029,0.0,0.1008,0.0265,0.0001,0.0088,0.0,125.0,0.0,62.0,63.0,55.0,0.0,0.0,0.0,0.0,0.0,0.0,0.0,0.0,0.0,0.0,0.0,0.0,0.0,0.0,0.0,0.0,0.0,0.0,8.0,2.0,1.0
972,8.1018062,0,8.3088,1.9319,2.0143,1.8484,0.2081,0.0039,0.0076,0.0003,0.0476,0.0628,0.0024,0.0009,0.0114,0.0001,0.0017,0.0021,0.0001,0.0002,0.0099,0.0013,0.0005,0.0031,0.0,0.1087,0.021,0.0002,0.0076,0.0,125.0,0.0,62.0,63.0,55.0,0.0,0.0,0.0,0.0,0.0,0.0,0.0,0.0,0.0,0.0,0.0,0.0,0.0,0.0,0.0,0.0,0.0,0.0,8.0,2.0,1.0
973,8.110115,0,8.2628,1.8891,1.9488,1.7443,0.1871,0.003,0.0052,0.0002,0.0331,0.0445,0.0036,0.001,0.0131,0.0002,0.0017,0.0022,0.0002,0.0002,0.0098,0.0013,0.0005,0.003,0.0,0.0919,0.0213,0.0,0.0085,0.0,125.0,0.0,62.0,63.0,55.0,0.0,0.0,0.0,0.0,0.0,0.0,0.0,0.0,0.0,0.0,0.0,0.0,0.0,0.0,0.0,0.0,0.0,0.0,8.0,2.0,1.0
974,8.118377800000001,0,8.3935,1.794,2.0081,1.7037,0.1807,0.0026,0.0053,0.0002,0.0433,0.0534,0.0025,0.0007,0.011,0.0001,0.0017,0.0016,0.0001,0.0001,0.0088,0.0014,0.0009,0.0027,0.0,0.0954,0.0199,0.0001,0.0099,0.0,125.0,0.0,62.0,63.0,55.0,0.0,0.0,0.0,0.0,0.0,0.0,0.0,0.0,0.0,0.0,0.0,0.0,0.0,0.0,0.0,0.0,0.0,0.0,8.0,2.0,1.0
975,8.126771300000001,0,8.1099,1.8944,1.8548,1.6374,0.1809,0.0031,0.0052,0.0002,0.0375,0.0483,0.0028,0.0009,0.0121,0.0002,0.002,0.0017,0.0001,0.0001,0.0097,0.0013,0.001,0.0028,0.0,0.0933,0.0198,0.0001,0.008,0.0,125.0,0.0,62.0,63.0,55.0,0.0,0.0,0.0,0.0,0.0,0.0,0.0,0.0,0.0,0.0,0.0,0.0,0.0,0.0,0.0,0.0,0.0,0.0,8.0,2.0,1.0
976,8.1348812,0,8.4024,1.8417,1.8254,1.8171,0.1859,0.0035,0.007,0.0002,0.0366,0.0505,0.0022,0.0007,0.0113,0.0001,0.0015,0.0022,0.0001,0.0001,0.0087,0.0018,0.0004,0.0029,0.0,0.0947,0.0192,0.0001,0.0096,0.0,125.0,0.0,62.0,63.0,55.0,0.0,0.0,0.0,0.0,0.0,0.0,0.0,0.0,0.0,0.0,0.0,0.0,0.0,0.0,0.0,0.0,0.0,0.0,8.0,2.0,1.0
977,8.1432836,0,8.279,1.6853,1.8075,1.592,0.1779,0.0029,0.0072,0.0001,0.0333,0.0464,0.0023,0.0009,0.0107,0.0002,0.0015,0.0019,0.0,0.0001,0.0083,0.0013,0.0005,0.0028,0.0,0.0879,0.0185,0.0001,0.0089,0.0,125.0,0.0,62.0,63.0,57.0,0.0,0.0,0.0,0.0,0.0,0.0,0.0,0.0,0.0,0.0,0.0,0.0,0.0,0.0,0.0,0.0,0.0,0.0,8.0,2.0,1.0
978,8.1515626,0,8.3302,1.6497,1.7936,1.5448,0.1733,0.0027,0.0044,0.0002,0.0396,0.0492,0.0022,0.0007,0.0099,0.0002,0.0017,0.0015,0.0001,0.0001,0.0081,0.0013,0.0011,0.0027,0.0001,0.0904,0.0197,0.0001,0.0079,0.0,125.0,0.0,62.0,63.0,57.0,0.0,0.0,0.0,0.0,0.0,0.0,0.0,0.0,0.0,0.0,0.0,0.0,0.0,0.0,0.0,0.0,0.0,0.0,8.0,2.0,1.0
979,8.1598928,0,8.4514,1.7624,1.8853,1.619,0.1785,0.0029,0.0057,0.0001,0.0323,0.0441,0.0022,0.0007,0.0126,0.0002,0.0016,0.002,0.0001,0.0001,0.0091,0.0017,0.0005,0.0025,0.0001,0.0864,0.0196,0.0,0.0107,0.0,125.0,0.0,62.0,63.0,57.0,0.0,0.0,0.0,0.0,0.0,0.0,0.0,0.0,0.0,0.0,0.0,0.0,0.0,0.0,0.0,0.0,0.0,0.0,8.0,2.0,1.0
980,8.1683442,0,8.2686,1.7545,1.8523,1.6328,0.1851,0.0028,0.0051,0.0002,0.0448,0.055,0.0027,0.0007,0.011,0.0001,0.0018,0.0013,0.0001,0.0001,0.0086,0.0012,0.0006,0.0028,0.0001,0.097,0.0183,0.0001,0.0083,0.0,125.0,0.0,62.0,63.0,57.0,0.0,0.0,0.0,0.0,0.0,0.0,0.0,0.0,0.0,0.0,0.0,0.0,0.0,0.0,0.0,0.0,0.0,0.0,8.0,2.0,1.0
981,8.1766128,0,8.2743,1.8515,1.8351,1.6153,0.1674,0.0036,0.0051,0.0002,0.0344,0.0454,0.0023,0.0008,0.0113,0.0001,0.0015,0.0015,0.0,0.0001,0.0085,0.0012,0.0004,0.0027,0.0,0.0868,0.0203,0.0001,0.0094,0.0,125.0,0.0,62.0,63.0,57.0,0.0,0.0,0.0,0.0,0.0,0.0,0.0,0.0,0.0,0.0,0.0,0.0,0.0,0.0,0.0,0.0,0.0,0.0,8.0,2.0,1.0
982,8.1848871,0,8.31,1.8269,1.7466,1.7011,0.1602,0.0024,0.0059,0.0001,0.0398,0.05,0.0018,0.0007,0.0086,0.0001,0.0019,0.0014,0.0001,0.0001,0.008,0.0011,0.0005,0.0024,0.0,0.0852,0.0153,0.0,0.0091,0.0,125.0,0.0,62.0,63.0,57.0,0.0,0.0,0.0,0.0,0.0,0.0,0.0,0.0,0.0,0.0,0.0,0.0,0.0,0.0,0.0,0.0,0.0,0.0,8.0,2.0,1.0
983,8.193197099999999,0,8.3855,1.8265,1.7841,1.5844,0.1732,0.0042,0.0078,0.0001,0.0257,0.0402,0.0022,0.0012,0.0109,0.0001,0.0015,0.0015,0.0006,0.0001,0.0083,0.0012,0.001,0.0028,0.0,0.083,0.0194,0.0,0.0088,0.0,125.0,0.0,62.0,63.0,57.0,0.0,0.0,0.0,0.0,0.0,0.0,0.0,0.0,0.0,0.0,0.0,0.0,0.0,0.0,0.0,0.0,0.0,0.0,8.0,2.0,1.0
984,8.201582599999998,0,8.2984,1.7564,1.7844,1.6065,0.1687,0.0032,0.0062,0.0001,0.0339,0.0459,0.0023,0.0006,0.0121,0.0001,0.0015,0.0019,0.0001,0.0001,0.0081,0.0013,0.0009,0.0029,0.0001,0.0883,0.0188,0.0,0.0084,0.0,125.0,0.0,62.0,63.0,57.0,0.0,0.0,0.0,0.0,0.0,0.0,0.0,0.0,0.0,0.0,0.0,0.0,0.0,0.0,0.0,0.0,0.0,0.0,8.0,2.0,1.0
985,8.209880999999998,0,8.4838,1.9035,1.8622,1.8575,0.1704,0.0032,0.0064,0.0001,0.0326,0.0447,0.0024,0.0006,0.0097,0.0002,0.0014,0.0016,0.0001,0.0001,0.0082,0.0012,0.0008,0.0025,0.0,0.0836,0.0204,0.0,0.0103,0.0,125.0,0.0,62.0,63.0,57.0,0.0,0.0,0.0,0.0,0.0,0.0,0.0,0.0,0.0,0.0,0.0,0.0,0.0,0.0,0.0,0.0,0.0,0.0,8.0,2.0,1.0
986,8.218364799999998,0,8.1598,1.8758,1.7789,1.7337,0.1745,0.0027,0.0046,0.0002,0.0425,0.0517,0.0025,0.0007,0.0108,0.0001,0.0022,0.0013,0.0002,0.0001,0.0092,0.0012,0.0004,0.0027,0.0,0.0928,0.02,0.0001,0.0097,0.0,125.0,0.0,62.0,63.0,57.0,0.0,0.0,0.0,0.0,0.0,0.0,0.0,0.0,0.0,0.0,0.0,0.0,0.0,0.0,0.0,0.0,0.0,0.0,8.0,2.0,1.0
987,8.226524599999998,0,8.3446,1.7085,1.7796,1.5779,0.1702,0.0026,0.005,0.0002,0.0312,0.0411,0.0024,0.0008,0.0126,0.0002,0.0021,0.0016,0.0001,0.0002,0.0083,0.0012,0.0004,0.003,0.0,0.0845,0.0195,0.0001,0.0085,0.0,125.0,0.0,62.0,63.0,57.0,0.0,0.0,0.0,0.0,0.0,0.0,0.0,0.0,0.0,0.0,0.0,0.0,0.0,0.0,0.0,0.0,0.0,0.0,8.0,2.0,1.0
988,8.234869199999997,0,8.3768,1.9731,1.7984,1.7335,0.1869,0.003,0.006,0.0002,0.0457,0.0579,0.0024,0.0009,0.0116,0.0001,0.0015,0.0015,0.0001,0.0001,0.0086,0.0013,0.0009,0.0024,0.0,0.0999,0.0212,0.0001,0.0091,0.0,125.0,0.0,62.0,63.0,57.0,0.0,0.0,0.0,0.0,0.0,0.0,0.0,0.0,0.0,0.0,0.0,0.0,0.0,0.0,0.0,0.0,0.0,0.0,8.0,2.0,1.0
989,8.243245999999997,0,8.3797,1.9024,1.8863,1.6493,0.1581,0.0026,0.0061,0.0002,0.0293,0.0401,0.0021,0.0009,0.0104,0.0001,0.0019,0.0016,0.0002,0.0001,0.0082,0.0011,0.0004,0.0025,0.0,0.0787,0.0187,0.0001,0.0113,0.0,125.0,0.0,62.0,63.0,57.0,0.0,0.0,0.0,0.0,0.0,0.0,0.0,0.0,0.0,0.0,0.0,0.0,0.0,0.0,0.0,0.0,0.0,0.0,8.0,2.0,1.0
990,8.251625699999998,0,8.2981,1.8151,1.7471,1.5642,0.1732,0.0032,0.0063,0.0001,0.0421,0.0538,0.0022,0.0006,0.0097,0.0002,0.0018,0.0015,0.0,0.0001,0.0079,0.0011,0.0004,0.0025,0.0,0.0923,0.0171,0.0001,0.0088,0.0,125.0,0.0,62.0,63.0,57.0,0.0,0.0,0.0,0.0,0.0,0.0,0.0,0.0,0.0,0.0,0.0,0.0,0.0,0.0,0.0,0.0,0.0,0.0,8.0,2.0,1.0
991,8.259923799999997,0,10.2111,1.6771,3.6101,1.6531,0.1967,0.0037,0.0085,0.0003,0.0313,0.0467,0.0023,0.0011,0.0121,0.0002,0.0015,0.0023,0.0001,0.0002,0.0095,0.0013,0.0006,0.003,0.0001,0.0929,0.0219,0.0002,0.0093,0.0,125.0,0.0,62.0,63.0,57.0,0.0,0.0,0.0,0.0,0.0,0.0,0.0,0.0,0.0,0.0,0.0,0.0,0.0,0.0,0.0,0.0,0.0,0.0,8.0,2.0,1.0
992,8.270134899999997,1,6.5147,2.344,2.0458,1.9855,0.1874,0.0039,0.0069,0.0002,0.0416,0.0552,0.0023,0.0009,0.0106,0.0001,0.0016,0.0022,0.0001,0.0002,0.0087,0.0019,0.0004,0.0029,0.0,0.0985,0.0178,0.0001,0.01,0.0,125.0,0.0,62.0,63.0,57.0,0.0,0.0,0.0,0.0,0.0,0.0,0.0,0.0,0.0,0.0,0.0,0.0,0.0,0.0,0.0,0.0,0.0,0.0,8.0,2.0,1.0
993,8.276649599999997,0,8.3367,2.6106,1.8408,1.8001,0.1718,0.0031,0.0054,0.0002,0.0317,0.0426,0.0021,0.0007,0.0113,0.0001,0.002,0.0015,0.0002,0.0002,0.0097,0.0024,0.0005,0.0024,0.0,0.0859,0.0187,0.0001,0.0084,0.0,125.0,0.0,62.0,63.0,57.0,0.0,0.0,0.0,0.0,0.0,0.0,0.0,0.0,0.0,0.0,0.0,0.0,0.0,0.0,0.0,0.0,0.0,0.0,8.0,2.0,1.0
994,8.284986299999996,0,8.3537,1.8079,1.8815,1.5959,0.174,0.0027,0.0049,0.0003,0.0408,0.051,0.0022,0.0009,0.0109,0.0001,0.0014,0.0021,0.0001,0.0001,0.0087,0.0016,0.0004,0.0024,0.0,0.0921,0.0175,0.0,0.0084,0.0,125.0,0.0,62.0,63.0,57.0,0.0,0.0,0.0,0.0,0.0,0.0,0.0,0.0,0.0,0.0,0.0,0.0,0.0,0.0,0.0,0.0,0.0,0.0,8.0,2.0,1.0
995,8.293339999999997,0,8.2599,1.9019,1.8496,1.7452,0.1693,0.0031,0.0062,0.0002,0.0326,0.0443,0.0021,0.0006,0.0096,0.0001,0.0018,0.0015,0.0001,0.0001,0.0085,0.0012,0.0005,0.0025,0.0,0.0831,0.019,0.0001,0.0083,0.0,125.0,0.0,62.0,63.0,57.0,0.0,0.0,0.0,0.0,0.0,0.0,0.0,0.0,0.0,0.0,0.0,0.0,0.0,0.0,0.0,0.0,0.0,0.0,8.0,2.0,1.0
996,8.301599899999998,0,8.4295,1.8902,1.9239,1.7441,0.163,0.0026,0.0063,0.0001,0.0343,0.0457,0.0021,0.0007,0.0095,0.0001,0.0019,0.0013,0.0001,0.0001,0.0086,0.0012,0.0005,0.0027,0.0001,0.0831,0.0189,0.0,0.0092,0.0,125.0,0.0,62.0,63.0,57.0,0.0,0.0,0.0,0.0,0.0,0.0,0.0,0.0,0.0,0.0,0.0,0.0,0.0,0.0,0.0,0.0,0.0,0.0,8.0,2.0,1.0
997,8.310029399999998,0,8.1125,1.8072,1.762,1.6278,0.1611,0.0012,0.0068,0.0002,0.0301,0.0404,0.0019,0.0005,0.0092,0.0001,0.0014,0.0017,0.0002,0.0001,0.0082,0.0011,0.0008,0.0023,0.0,0.0789,0.0202,0.0,0.0093,0.0,125.0,0.0,62.0,63.0,57.0,0.0,0.0,0.0,0.0,0.0,0.0,0.0,0.0,0.0,0.0,0.0,0.0,0.0,0.0,0.0,0.0,0.0,0.0,8.0,2.0,1.0
998,8.318141899999997,0,8.7213,1.8121,2.0089,1.9275,0.1858,0.0027,0.0061,0.0003,0.0399,0.0518,0.0023,0.0008,0.0115,0.0002,0.0021,0.0015,0.0001,0.0001,0.0091,0.0013,0.0009,0.0029,0.0,0.0971,0.0205,0.0002,0.0112,0.0,125.0,0.0,62.0,63.0,57.0,0.0,0.0,0.0,0.0,0.0,0.0,0.0,0.0,0.0,0.0,0.0,0.0,0.0,0.0,0.0,0.0,0.0,0.0,8.0,2.0,1.0
999,8.326863199999996,0,8.1772,1.9083,1.8956,1.6055,0.1801,0.003,0.0054,0.0003,0.0344,0.0458,0.0025,0.0014,0.0125,0.0001,0.0016,0.0019,0.0,0.0001,0.0094,0.0014,0.0004,0.0031,0.0,0.0905,0.0207,0.0001,0.0087,0.0,125.0,0.0,62.0,63.0,57.0,0.0,0.0,0.0,0.0,0.0,0.0,0.0,0.0,0.0,0.0,0.0,0.0,0.0,0.0,0.0,0.0,0.0,0.0,8.0,2.0,1.0
1000,8.335040399999997,0,8.2524,1.9156,1.8582,1.7944,0.1683,0.0032,0.0067,0.0002,0.0371,0.0498,0.0023,0.0007,0.0104,0.0001,0.0017,0.0013,0.0,0.0001,0.0091,0.0012,0.0004,0.0028,0.0,0.0894,0.0173,0.0001,0.0077,0.0,125.0,0.0,62.0,63.0,57.0,0.0,0.0,0.0,0.0,0.0,0.0,0.0,0.0,0.0,0.0,0.0,0.0,0.0,0.0,0.0,0.0,0.0,0.0,8.0,2.0,1.0
1001,8.343292799999997,0,8.3056,2.0213,1.8682,1.7216,0.1569,0.0025,0.0061,0.0002,0.0268,0.0382,0.0024,0.0006,0.0095,0.0001,0.0013,0.0016,0.0001,0.0001,0.0085,0.0011,0.0008,0.0023,0.0,0.0765,0.0186,0.0,0.01,0.0,125.0,0.0,62.0,63.0,57.0,0.0,0.0,0.0,0.0,0.0,0.0,0.0,0.0,0.0,0.0,0.0,0.0,0.0,0.0,0.0,0.0,0.0,0.0,8.0,2.0,1.0
1002,8.351598399999997,0,8.343,1.9927,1.9052,1.833,0.1852,0.003,0.0052,0.0002,0.0434,0.0547,0.0025,0.0008,0.0108,0.0001,0.0016,0.0017,0.0001,0.0001,0.0089,0.0019,0.0004,0.0029,0.0,0.0974,0.0201,0.0,0.0085,0.0,125.0,0.0,62.0,63.0,57.0,0.0,0.0,0.0,0.0,0.0,0.0,0.0,0.0,0.0,0.0,0.0,0.0,0.0,0.0,0.0,0.0,0.0,0.0,8.0,2.0,1.0
1003,8.359941399999997,0,8.3527,2.0157,1.8726,1.8217,0.1694,0.0032,0.005,0.0002,0.0334,0.0444,0.0019,0.0007,0.0102,0.0006,0.0016,0.0015,0.0,0.0001,0.0087,0.0012,0.0004,0.0024,0.0,0.0847,0.0196,0.0001,0.0098,0.0,125.0,0.0,62.0,63.0,57.0,0.0,0.0,0.0,0.0,0.0,0.0,0.0,0.0,0.0,0.0,0.0,0.0,0.0,0.0,0.0,0.0,0.0,0.0,8.0,2.0,1.0
1004,8.368294099999996,0,8.306,1.9128,1.7848,1.6616,0.1828,0.0028,0.005,0.0001,0.0448,0.0548,0.0028,0.0008,0.011,0.0002,0.0014,0.0015,0.0,0.0001,0.0093,0.0013,0.0005,0.0029,0.0001,0.1016,0.0198,0.0,0.0081,0.0,125.0,0.0,62.0,63.0,57.0,0.0,0.0,0.0,0.0,0.0,0.0,0.0,0.0,0.0,0.0,0.0,0.0,0.0,0.0,0.0,0.0,0.0,0.0,8.0,2.0,1.0
1005,8.376600099999996,0,8.3355,1.9778,1.7897,1.6924,0.1632,0.0032,0.0061,0.0002,0.0308,0.0426,0.0021,0.0008,0.0097,0.0001,0.002,0.0014,0.0001,0.0001,0.0088,0.0012,0.0005,0.0029,0.0001,0.0816,0.018,0.0001,0.0089,0.0,125.0,0.0,62.0,63.0,57.0,0.0,0.0,0.0,0.0,0.0,0.0,0.0,0.0,0.0,0.0,0.0,0.0,0.0,0.0,0.0,0.0,0.0,0.0,8.0,2.0,1.0
1006,8.384935599999995,0,8.3332,1.8741,1.8843,1.6406,0.1721,0.0031,0.0064,0.0002,0.0389,0.051,0.0021,0.0007,0.0098,0.0001,0.0013,0.0018,0.0,0.0001,0.0081,0.0017,0.0005,0.0022,0.0001,0.0887,0.0195,0.0,0.01,0.0,125.0,0.0,62.0,63.0,57.0,0.0,0.0,0.0,0.0,0.0,0.0,0.0,0.0,0.0,0.0,0.0,0.0,0.0,0.0,0.0,0.0,0.0,0.0,8.0,2.0,1.0
1007,8.393268799999994,0,8.4421,1.9797,1.8545,2.0851,0.1697,0.0026,0.0052,0.0001,0.0269,0.0371,0.0024,0.0015,0.0095,0.0002,0.0023,0.0016,0.0002,0.0006,0.0088,0.0013,0.0006,0.003,0.0,0.0809,0.0202,0.0,0.0094,0.0,125.0,0.0,62.0,63.0,57.0,0.0,0.0,0.0,0.0,0.0,0.0,0.0,0.0,0.0,0.0,0.0,0.0,0.0,0.0,0.0,0.0,0.0,0.0,8.0,2.0,1.0
1008,8.401710899999994,0,8.229,1.9067,1.9342,1.7704,0.174,0.0031,0.0065,0.0002,0.0352,0.0473,0.0024,0.0007,0.0117,0.0001,0.0015,0.0019,0.0002,0.0001,0.0088,0.0017,0.0004,0.0029,0.0,0.0905,0.0196,0.0001,0.0085,0.0,125.0,0.0,62.0,63.0,57.0,0.0,0.0,0.0,0.0,0.0,0.0,0.0,0.0,0.0,0.0,0.0,0.0,0.0,0.0,0.0,0.0,0.0,0.0,8.0,2.0,1.0
1009,8.409939899999994,0,8.5024,1.9246,1.9002,1.7329,0.1857,0.0038,0.0061,0.0001,0.0326,0.0456,0.0019,0.0009,0.0104,0.0002,0.0016,0.0021,0.0001,0.0001,0.0088,0.0011,0.0004,0.0025,0.0001,0.0861,0.0207,0.0,0.0088,0.0,125.0,0.0,62.0,63.0,57.0,0.0,0.0,0.0,0.0,0.0,0.0,0.0,0.0,0.0,0.0,0.0,0.0,0.0,0.0,0.0,0.0,0.0,0.0,8.0,2.0,1.0
1010,8.418442299999993,0,8.3508,2.1011,2.071,1.7587,0.1869,0.0031,0.0073,0.0002,0.042,0.0549,0.0028,0.0008,0.0114,0.0001,0.0017,0.0016,0.0002,0.0001,0.0087,0.0012,0.0004,0.0029,0.0001,0.0981,0.0187,0.0001,0.009,0.0,125.0,0.0,62.0,63.0,57.0,0.0,0.0,0.0,0.0,0.0,0.0,0.0,0.0,0.0,0.0,0.0,0.0,0.0,0.0,0.0,0.0,0.0,0.0,8.0,2.0,1.0
1011,8.426793099999994,0,8.1556,2.0122,1.8468,1.6542,0.1759,0.0029,0.0055,0.0002,0.0305,0.0416,0.0024,0.001,0.012,0.0002,0.0015,0.0023,0.0,0.0001,0.0086,0.0013,0.0004,0.003,0.0,0.0857,0.0207,0.0001,0.0081,0.0,125.0,0.0,62.0,63.0,57.0,0.0,0.0,0.0,0.0,0.0,0.0,0.0,0.0,0.0,0.0,0.0,0.0,0.0,0.0,0.0,0.0,0.0,0.0,8.0,2.0,1.0
1012,8.434948699999994,0,8.2705,1.9025,1.816,1.6275,0.1787,0.0026,0.0059,0.0002,0.0445,0.0562,0.0028,0.0006,0.0101,0.0001,0.0014,0.0018,0.0001,0.0001,0.0086,0.0015,0.0004,0.0033,0.0001,0.0973,0.0201,0.0001,0.0098,0.0,125.0,0.0,62.0,63.0,57.0,0.0,0.0,0.0,0.0,0.0,0.0,0.0,0.0,0.0,0.0,0.0,0.0,0.0,0.0,0.0,0.0,0.0,0.0,8.0,2.0,1.0
1013,8.443219199999994,0,8.4673,1.9085,1.819,2.7247,0.1744,0.0028,0.0066,0.0002,0.0331,0.0452,0.0019,0.0008,0.0105,0.0002,0.0019,0.0016,0.0002,0.0001,0.0089,0.0013,0.0005,0.0028,0.0,0.0854,0.0195,0.0,0.0092,0.0,125.0,0.0,62.0,63.0,57.0,0.0,0.0,0.0,0.0,0.0,0.0,0.0,0.0,0.0,0.0,0.0,0.0,0.0,0.0,0.0,0.0,0.0,0.0,8.0,2.0,1.0
1014,8.451686499999994,0,8.2079,1.9172,1.9104,1.6966,0.1837,0.0025,0.0053,0.0001,0.0463,0.0569,0.0034,0.0008,0.0121,0.0002,0.0021,0.0014,0.0,0.0001,0.0092,0.0013,0.0005,0.0029,0.0,0.1004,0.0196,0.0,0.0097,0.0,125.0,0.0,62.0,63.0,57.0,0.0,0.0,0.0,0.0,0.0,0.0,0.0,0.0,0.0,0.0,0.0,0.0,0.0,0.0,0.0,0.0,0.0,0.0,8.0,2.0,1.0
1015,8.459894399999994,0,8.5631,1.8802,1.9069,1.6584,0.1793,0.0032,0.007,0.0003,0.0338,0.0465,0.0023,0.0008,0.0104,0.0002,0.0016,0.002,0.0002,0.0001,0.0084,0.0016,0.0003,0.0031,0.0001,0.0877,0.0203,0.0,0.0094,0.0,125.0,0.0,62.0,63.0,57.0,0.0,0.0,0.0,0.0,0.0,0.0,0.0,0.0,0.0,0.0,0.0,0.0,0.0,0.0,0.0,0.0,0.0,0.0,8.0,2.0,1.0
1016,8.468457499999994,0,8.1866,1.8537,1.9138,1.6511,0.1761,0.0033,0.0063,0.0002,0.0385,0.0518,0.0021,0.0007,0.0088,0.0001,0.0022,0.0015,0.0002,0.0001,0.0089,0.0012,0.001,0.0025,0.0001,0.0914,0.0197,0.0001,0.0091,0.0,125.0,0.0,62.0,63.0,57.0,0.0,0.0,0.0,0.0,0.0,0.0,0.0,0.0,0.0,0.0,0.0,0.0,0.0,0.0,0.0,0.0,0.0,0.0,8.0,2.0,1.0
1017,8.476644099999994,0,8.288,1.9189,1.8118,1.6976,0.1715,0.0026,0.0049,0.0002,0.0298,0.0399,0.0025,0.0008,0.012,0.0003,0.0018,0.0021,0.0,0.0001,0.0087,0.0018,0.0006,0.0029,0.0,0.084,0.0201,0.0001,0.0087,0.0,125.0,0.0,62.0,63.0,57.0,0.0,0.0,0.0,0.0,0.0,0.0,0.0,0.0,0.0,0.0,0.0,0.0,0.0,0.0,0.0,0.0,0.0,0.0,8.0,2.0,1.0
1018,8.484932099999995,0,8.3679,1.8197,1.8833,1.8081,0.1727,0.0029,0.0065,0.0003,0.0346,0.0466,0.0027,0.0007,0.0096,0.0002,0.0015,0.0022,0.0001,0.0001,0.0083,0.0015,0.0004,0.0025,0.0,0.0861,0.0196,0.0,0.0092,0.0,125.0,0.0,62.0,63.0,57.0,0.0,0.0,0.0,0.0,0.0,0.0,0.0,0.0,0.0,0.0,0.0,0.0,0.0,0.0,0.0,0.0,0.0,0.0,8.0,2.0,1.0
1019,8.493299999999994,0,8.2955,1.8809,1.839,1.6627,0.1703,0.0033,0.0062,0.0002,0.031,0.0443,0.0024,0.0009,0.0097,0.0001,0.0018,0.0021,0.0001,0.0001,0.0082,0.0012,0.0009,0.0024,0.0001,0.084,0.0191,0.0,0.0094,0.0,125.0,0.0,62.0,63.0,57.0,0.0,0.0,0.0,0.0,0.0,0.0,0.0,0.0,0.0,0.0,0.0,0.0,0.0,0.0,0.0,0.0,0.0,0.0,8.0,2.0,1.0
1020,8.501595499999993,0,8.2839,1.823,1.8487,1.8348,0.1818,0.0039,0.0048,0.0005,0.0454,0.0572,0.0028,0.0008,0.0106,0.0002,0.0015,0.0018,0.0001,0.0002,0.0084,0.0014,0.0006,0.0027,0.0,0.0982,0.0196,0.0001,0.0108,0.0,125.0,0.0,62.0,63.0,57.0,0.0,0.0,0.0,0.0,0.0,0.0,0.0,0.0,0.0,0.0,0.0,0.0,0.0,0.0,0.0,0.0,0.0,0.0,8.0,2.0,1.0
1021,8.509879399999994,0,8.3285,1.917,1.6708,2.0214,0.1667,0.0031,0.0074,0.0003,0.0319,0.0452,0.0026,0.0007,0.01,0.0002,0.0015,0.0017,0.0,0.0001,0.0081,0.0011,0.001,0.0023,0.0,0.0827,0.0178,0.0,0.0084,0.0,125.0,0.0,62.0,63.0,57.0,0.0,0.0,0.0,0.0,0.0,0.0,0.0,0.0,0.0,0.0,0.0,0.0,0.0,0.0,0.0,0.0,0.0,0.0,8.0,2.0,1.0
1022,8.518207899999993,0,8.3504,1.929,1.8223,1.6746,0.1679,0.0026,0.0063,0.0007,0.0323,0.0441,0.0019,0.0007,0.0093,0.0001,0.0013,0.0019,0.0,0.0001,0.0079,0.0011,0.001,0.0024,0.0,0.0874,0.0188,0.0,0.0087,0.0,125.0,0.0,62.0,63.0,57.0,0.0,0.0,0.0,0.0,0.0,0.0,0.0,0.0,0.0,0.0,0.0,0.0,0.0,0.0,0.0,0.0,0.0,0.0,8.0,2.0,1.0
1023,8.526558299999992,0,8.2363,1.8754,1.7379,1.6787,0.1772,0.0029,0.0428,0.0002,0.0174,0.0662,0.0017,0.0007,0.0078,0.0001,0.0013,0.0012,0.0001,0.0001,0.0087,0.0011,0.0004,0.0023,0.0,0.1003,0.0158,0.0,0.0082,0.0,125.0,0.0,62.0,63.0,57.0,0.0,0.0,0.0,0.0,0.0,0.0,0.0,0.0,0.0,0.0,0.0,0.0,0.0,0.0,0.0,0.0,0.0,0.0,8.0,2.0,1.0
1024,8.534794599999993,0,8.4941,1.9671,1.7604,1.7226,0.1814,0.0035,0.0054,0.0002,0.0386,0.0505,0.0022,0.0008,0.0107,0.0001,0.0019,0.0016,0.0001,0.0001,0.0084,0.0013,0.0005,0.0029,0.0,0.0925,0.0179,0.0001,0.0093,0.0,125.0,0.0,62.0,63.0,57.0,0.0,0.0,0.0,0.0,0.0,0.0,0.0,0.0,0.0,0.0,0.0,0.0,0.0,0.0,0.0,0.0,0.0,0.0,8.0,2.0,1.0
1025,8.543288699999993,0,8.2292,1.8607,1.7853,1.8509,0.1583,0.0029,0.0048,0.0002,0.0297,0.0403,0.0021,0.0008,0.0069,0.0001,0.0013,0.0017,0.0001,0.0001,0.0086,0.0012,0.0005,0.0024,0.0,0.0774,0.0185,0.0001,0.0089,0.0,125.0,0.0,62.0,63.0,57.0,0.0,0.0,0.0,0.0,0.0,0.0,0.0,0.0,0.0,0.0,0.0,0.0,0.0,0.0,0.0,0.0,0.0,0.0,8.0,2.0,1.0
1026,8.551517899999993,0,8.3478,1.7581,1.8132,1.6584,0.1757,0.0025,0.0047,0.0002,0.0388,0.0484,0.0024,0.0009,0.0121,0.0001,0.0017,0.0018,0.0001,0.0001,0.0084,0.0016,0.0005,0.0031,0.0,0.092,0.0204,0.0001,0.0093,0.0,125.0,0.0,62.0,63.0,57.0,0.0,0.0,0.0,0.0,0.0,0.0,0.0,0.0,0.0,0.0,0.0,0.0,0.0,0.0,0.0,0.0,0.0,0.0,8.0,2.0,1.0
1027,8.559865699999992,0,8.3619,1.8012,1.7546,1.8597,0.1809,0.0033,0.007,0.0003,0.0324,0.0462,0.0024,0.0015,0.0118,0.0002,0.0014,0.0019,0.0002,0.0001,0.0086,0.0018,0.0005,0.003,0.0001,0.0899,0.0185,0.0,0.0091,0.0,125.0,0.0,62.0,63.0,57.0,0.0,0.0,0.0,0.0,0.0,0.0,0.0,0.0,0.0,0.0,0.0,0.0,0.0,0.0,0.0,0.0,0.0,0.0,8.0,2.0,1.0
1028,8.568227599999993,0,8.4012,1.903,1.8155,1.6966,0.1863,0.0029,0.0044,0.0002,0.0484,0.0582,0.0028,0.0006,0.0105,0.0001,0.0015,0.0021,0.0001,0.0001,0.008,0.0018,0.0005,0.0028,0.0001,0.1003,0.0202,0.0001,0.0098,0.0,125.0,0.0,62.0,63.0,57.0,0.0,0.0,0.0,0.0,0.0,0.0,0.0,0.0,0.0,0.0,0.0,0.0,0.0,0.0,0.0,0.0,0.0,0.0,8.0,2.0,1.0
1029,8.576628799999993,0,8.3485,1.9363,1.8972,1.6641,0.1791,0.0037,0.007,0.0002,0.0337,0.0469,0.0022,0.0007,0.0106,0.0002,0.0022,0.0016,0.0001,0.0001,0.0092,0.0013,0.0005,0.0032,0.0001,0.0903,0.0192,0.0001,0.01,0.0,125.0,0.0,62.0,63.0,57.0,0.0,0.0,0.0,0.0,0.0,0.0,0.0,0.0,0.0,0.0,0.0,0.0,0.0,0.0,0.0,0.0,0.0,0.0,8.0,2.0,1.0
1030,8.584977299999993,0,8.2148,1.8634,1.8182,1.9825,0.1755,0.0026,0.0063,0.0002,0.0362,0.0472,0.0026,0.0007,0.0126,0.0001,0.0015,0.0018,0.0,0.0001,0.0086,0.0014,0.0005,0.0029,0.0,0.0903,0.0204,0.0001,0.0084,0.0,125.0,0.0,62.0,63.0,57.0,0.0,0.0,0.0,0.0,0.0,0.0,0.0,0.0,0.0,0.0,0.0,0.0,0.0,0.0,0.0,0.0,0.0,0.0,8.0,2.0,1.0
1031,8.593192099999992,0,8.4043,1.8088,1.7075,1.6147,0.1574,0.003,0.0051,0.0001,0.0285,0.0391,0.0019,0.0007,0.0094,0.0001,0.0017,0.0015,0.0001,0.0001,0.0083,0.0012,0.0004,0.0023,0.0001,0.0781,0.0191,0.0,0.0105,0.0,125.0,0.0,62.0,63.0,57.0,0.0,0.0,0.0,0.0,0.0,0.0,0.0,0.0,0.0,0.0,0.0,0.0,0.0,0.0,0.0,0.0,0.0,0.0,8.0,2.0,1.0
1032,8.601596399999993,0,8.3297,1.9017,1.8594,1.7286,0.1862,0.0031,0.0072,0.0002,0.0421,0.0549,0.003,0.0008,0.0113,0.0001,0.002,0.0014,0.0001,0.0001,0.0091,0.0013,0.0004,0.003,0.0001,0.0978,0.0203,0.0,0.0088,0.0,125.0,0.0,62.0,63.0,57.0,0.0,0.0,0.0,0.0,0.0,0.0,0.0,0.0,0.0,0.0,0.0,0.0,0.0,0.0,0.0,0.0,0.0,0.0,8.0,2.0,1.0
1033,8.609926099999994,0,8.2175,1.8215,1.7803,1.6735,0.1699,0.0028,0.0053,0.0002,0.0376,0.0484,0.0024,0.0006,0.0094,0.0001,0.0018,0.0016,0.0001,0.0001,0.0084,0.0012,0.0004,0.0027,0.0,0.0856,0.02,0.0001,0.0086,0.0,125.0,0.0,62.0,63.0,57.0,0.0,0.0,0.0,0.0,0.0,0.0,0.0,0.0,0.0,0.0,0.0,0.0,0.0,0.0,0.0,0.0,0.0,0.0,8.0,2.0,1.0
1034,8.618143599999994,0,8.4859,1.7898,1.8161,1.6101,0.1712,0.0025,0.0047,0.0001,0.0453,0.0546,0.0025,0.0007,0.011,0.0001,0.0013,0.0015,0.0001,0.0001,0.0088,0.0013,0.0005,0.0028,0.0,0.0947,0.0169,0.0,0.0106,0.0,125.0,0.0,62.0,63.0,57.0,0.0,0.0,0.0,0.0,0.0,0.0,0.0,0.0,0.0,0.0,0.0,0.0,0.0,0.0,0.0,0.0,0.0,0.0,8.0,2.0,1.0
1035,8.626629499999995,0,8.4907,1.8546,1.8771,1.6938,0.1623,0.0027,0.0071,0.0002,0.0247,0.0371,0.002,0.0007,0.0091,0.0001,0.0014,0.0015,0.0006,0.0002,0.0086,0.0011,0.0008,0.0024,0.0001,0.0765,0.0188,0.0,0.0089,0.0,125.0,0.0,62.0,63.0,57.0,0.0,0.0,0.0,0.0,0.0,0.0,0.0,0.0,0.0,0.0,0.0,0.0,0.0,0.0,0.0,0.0,0.0,0.0,8.0,2.0,1.0
1036,8.635120199999994,0,8.2356,2.2052,1.964,1.7611,0.1751,0.0035,0.0046,0.0002,0.0393,0.0502,0.0021,0.0008,0.0106,0.0001,0.0021,0.0014,0.0,0.0001,0.0088,0.001,0.0005,0.0024,0.0,0.0898,0.0192,0.0001,0.0086,0.0,125.0,0.0,62.0,63.0,57.0,0.0,0.0,0.0,0.0,0.0,0.0,0.0,0.0,0.0,0.0,0.0,0.0,0.0,0.0,0.0,0.0,0.0,0.0,8.0,2.0,1.0
1037,8.643355799999995,0,8.185,1.8052,1.8066,1.6801,0.1569,0.0027,0.007,0.0002,0.0269,0.0392,0.002,0.0006,0.0099,0.0001,0.0016,0.0014,0.0001,0.0001,0.0088,0.0011,0.0004,0.0024,0.0,0.0768,0.0177,0.0,0.0086,0.0,125.0,0.0,62.0,63.0,57.0,0.0,0.0,0.0,0.0,0.0,0.0,0.0,0.0,0.0,0.0,0.0,0.0,0.0,0.0,0.0,0.0,0.0,0.0,8.0,2.0,1.0
1038,8.651540799999994,0,8.3386,1.8489,1.7773,1.6309,0.1717,0.0027,0.0051,0.0002,0.0371,0.0473,0.003,0.0008,0.0112,0.0002,0.002,0.0016,0.0001,0.0007,0.0087,0.0012,0.0005,0.0028,0.0,0.0906,0.0202,0.0001,0.009,0.0,125.0,0.0,62.0,63.0,57.0,0.0,0.0,0.0,0.0,0.0,0.0,0.0,0.0,0.0,0.0,0.0,0.0,0.0,0.0,0.0,0.0,0.0,0.0,8.0,2.0,1.0
1039,8.659879399999994,0,8.4773,1.8171,1.9522,1.6339,0.1754,0.0028,0.005,0.0002,0.0361,0.0463,0.0018,0.0006,0.0095,0.0001,0.0015,0.0014,0.0001,0.0001,0.0085,0.0011,0.0005,0.0025,0.0001,0.086,0.0204,0.0,0.0112,0.0,125.0,0.0,62.0,63.0,57.0,0.0,0.0,0.0,0.0,0.0,0.0,0.0,0.0,0.0,0.0,0.0,0.0,0.0,0.0,0.0,0.0,0.0,0.0,8.0,2.0,1.0
1040,8.668356699999993,0,8.2182,1.8616,1.8028,1.728,0.1888,0.0051,0.0078,0.0002,0.0442,0.0597,0.0023,0.0008,0.0104,0.0002,0.0016,0.0015,0.0001,0.0001,0.0084,0.0012,0.0008,0.0028,0.0,0.1012,0.0194,0.0,0.0104,0.0,125.0,0.0,62.0,63.0,57.0,0.0,0.0,0.0,0.0,0.0,0.0,0.0,0.0,0.0,0.0,0.0,0.0,0.0,0.0,0.0,0.0,0.0,0.0,8.0,2.0,1.0
1041,8.676574899999993,0,8.4272,1.9217,1.7231,1.5935,0.1759,0.0033,0.0058,0.0002,0.0342,0.0457,0.0025,0.0008,0.0113,0.0001,0.0014,0.0016,0.0001,0.0002,0.0092,0.0012,0.0005,0.0031,0.0001,0.0871,0.0181,0.0001,0.0097,0.0,125.0,0.0,62.0,63.0,57.0,0.0,0.0,0.0,0.0,0.0,0.0,0.0,0.0,0.0,0.0,0.0,0.0,0.0,0.0,0.0,0.0,0.0,0.0,8.0,2.0,1.0
1042,8.685002099999993,0,8.449,1.876,2.0916,1.7649,0.206,0.003,0.0076,0.0002,0.0449,0.0587,0.0033,0.0008,0.0124,0.0002,0.002,0.0018,0.0005,0.0002,0.0095,0.0018,0.0005,0.0028,0.0001,0.1055,0.0228,0.0001,0.0093,0.0,125.0,0.0,62.0,63.0,57.0,0.0,0.0,0.0,0.0,0.0,0.0,0.0,0.0,0.0,0.0,0.0,0.0,0.0,0.0,0.0,0.0,0.0,0.0,8.0,2.0,1.0
1043,8.693451099999994,0,8.1699,2.1969,1.8097,1.7172,0.162,0.0029,0.0066,0.0002,0.0249,0.0383,0.0019,0.0012,0.0102,0.0002,0.002,0.0015,0.0001,0.0001,0.0087,0.0012,0.0005,0.0024,0.0001,0.0773,0.0173,0.0002,0.0074,0.0,125.0,0.0,62.0,63.0,57.0,0.0,0.0,0.0,0.0,0.0,0.0,0.0,0.0,0.0,0.0,0.0,0.0,0.0,0.0,0.0,0.0,0.0,0.0,8.0,2.0,1.0
1044,8.701620999999994,0,8.3878,1.8942,1.8825,1.6558,0.1613,0.0027,0.0061,0.0003,0.0312,0.0428,0.0019,0.0007,0.0089,0.0001,0.0014,0.0015,0.0001,0.0001,0.0088,0.0011,0.0004,0.0025,0.0,0.0801,0.0167,0.0,0.0084,0.0,125.0,0.0,62.0,63.0,57.0,0.0,0.0,0.0,0.0,0.0,0.0,0.0,0.0,0.0,0.0,0.0,0.0,0.0,0.0,0.0,0.0,0.0,0.0,8.0,2.0,1.0
1045,8.710008799999994,0,8.1684,1.9519,1.8231,1.8162,0.1654,0.0028,0.0049,0.0002,0.034,0.0446,0.0023,0.0007,0.0106,0.0001,0.0014,0.0017,0.0001,0.0001,0.0081,0.0017,0.0004,0.0028,0.0001,0.0857,0.02,0.0,0.0091,0.0,125.0,0.0,62.0,63.0,57.0,0.0,0.0,0.0,0.0,0.0,0.0,0.0,0.0,0.0,0.0,0.0,0.0,0.0,0.0,0.0,0.0,0.0,0.0,8.0,2.0,1.0
1046,8.718177199999994,0,8.3205,1.7824,1.7518,1.6944,0.1753,0.0028,0.0061,0.0002,0.0346,0.0465,0.0027,0.0009,0.0113,0.0001,0.0014,0.0019,0.0001,0.0001,0.0078,0.0011,0.0009,0.0028,0.0,0.0878,0.0231,0.0001,0.0089,0.0,125.0,0.0,62.0,63.0,56.0,0.0,0.0,0.0,0.0,0.0,0.0,0.0,0.0,0.0,0.0,0.0,0.0,0.0,0.0,0.0,0.0,0.0,0.0,8.0,2.0,1.0
1047,8.726497699999994,0,8.4822,1.8365,1.7217,1.6156,0.1727,0.0029,0.005,0.0002,0.0296,0.0402,0.0029,0.0008,0.0138,0.0002,0.0016,0.0014,0.0001,0.0001,0.0092,0.0013,0.0004,0.003,0.0,0.0869,0.0193,0.0001,0.0091,0.0,125.0,0.0,62.0,63.0,56.0,0.0,0.0,0.0,0.0,0.0,0.0,0.0,0.0,0.0,0.0,0.0,0.0,0.0,0.0,0.0,0.0,0.0,0.0,8.0,2.0,1.0
1048,8.734979899999994,0,8.3021,1.9087,1.8865,1.6179,0.1777,0.0032,0.007,0.0002,0.0363,0.0489,0.0026,0.0007,0.0104,0.0002,0.0014,0.0021,0.0001,0.0001,0.0083,0.0016,0.0005,0.003,0.0,0.0904,0.0188,0.0,0.0077,0.0,125.0,0.0,62.0,63.0,56.0,0.0,0.0,0.0,0.0,0.0,0.0,0.0,0.0,0.0,0.0,0.0,0.0,0.0,0.0,0.0,0.0,0.0,0.0,8.0,2.0,1.0
1049,8.743281999999994,0,8.4031,1.8605,1.9138,1.6979,0.1749,0.0048,0.0085,0.0008,0.0245,0.0407,0.0023,0.0007,0.0111,0.0001,0.002,0.0015,0.0001,0.0007,0.0084,0.0012,0.0004,0.0028,0.0,0.084,0.0195,0.0001,0.0098,0.0,125.0,0.0,62.0,63.0,56.0,0.0,0.0,0.0,0.0,0.0,0.0,0.0,0.0,0.0,0.0,0.0,0.0,0.0,0.0,0.0,0.0,0.0,0.0,8.0,2.0,1.0
1050,8.751685099999994,0,8.3613,1.9534,1.9072,1.6486,0.1908,0.0033,0.0066,0.0003,0.0435,0.0567,0.0028,0.0007,0.0114,0.0001,0.0019,0.0015,0.0001,0.0001,0.0086,0.0013,0.001,0.0029,0.0001,0.1,0.0213,0.0,0.0076,0.0,125.0,0.0,62.0,63.0,56.0,0.0,0.0,0.0,0.0,0.0,0.0,0.0,0.0,0.0,0.0,0.0,0.0,0.0,0.0,0.0,0.0,0.0,0.0,8.0,2.0,1.0
1051,8.760046399999995,0,8.2535,1.7943,1.8742,1.7004,0.1604,0.003,0.0068,0.0002,0.0265,0.0389,0.0019,0.0006,0.0086,0.0001,0.0015,0.0017,0.0,0.0002,0.0084,0.0013,0.0005,0.0025,0.0001,0.0779,0.0179,0.0001,0.008,0.0,125.0,0.0,62.0,63.0,56.0,0.0,0.0,0.0,0.0,0.0,0.0,0.0,0.0,0.0,0.0,0.0,0.0,0.0,0.0,0.0,0.0,0.0,0.0,8.0,2.0,1.0
1052,8.768299899999995,0,8.2233,1.8994,1.7724,1.8373,0.1688,0.0052,0.0072,0.0002,0.0332,0.0481,0.0018,0.0008,0.009,0.0001,0.0013,0.0014,0.0001,0.0002,0.0082,0.0015,0.0005,0.0029,0.0,0.0854,0.0183,0.0001,0.009,0.0,125.0,0.0,62.0,63.0,56.0,0.0,0.0,0.0,0.0,0.0,0.0,0.0,0.0,0.0,0.0,0.0,0.0,0.0,0.0,0.0,0.0,0.0,0.0,8.0,2.0,1.0
1053,8.776523199999994,0,8.432,1.819,1.8218,1.7833,0.1594,0.0031,0.0066,0.0002,0.0247,0.0376,0.0019,0.0007,0.0096,0.0002,0.002,0.0014,0.0001,0.0001,0.0084,0.0012,0.0005,0.0025,0.0001,0.0758,0.0185,0.0,0.0102,0.0,125.0,0.0,62.0,63.0,56.0,0.0,0.0,0.0,0.0,0.0,0.0,0.0,0.0,0.0,0.0,0.0,0.0,0.0,0.0,0.0,0.0,0.0,0.0,8.0,2.0,1.0
1054,8.784955199999995,0,8.5157,1.7857,2.0631,1.6729,0.1858,0.004,0.007,0.0002,0.0417,0.0552,0.0029,0.0011,0.0123,0.0002,0.0016,0.0019,0.0,0.0001,0.0086,0.0017,0.0005,0.0029,0.0001,0.0997,0.0208,0.0001,0.0115,0.0,125.0,0.0,62.0,63.0,56.0,0.0,0.0,0.0,0.0,0.0,0.0,0.0,0.0,0.0,0.0,0.0,0.0,0.0,0.0,0.0,0.0,0.0,0.0,8.0,2.0,1.0
1055,8.793470899999996,0,8.1088,1.8414,1.739,1.6515,0.156,0.0032,0.0064,0.0002,0.0256,0.0374,0.0019,0.0007,0.0092,0.0001,0.0015,0.0014,0.0001,0.0001,0.0084,0.0009,0.0004,0.0024,0.0,0.075,0.0173,0.0,0.0091,0.0,125.0,0.0,62.0,63.0,58.0,0.0,0.0,0.0,0.0,0.0,0.0,0.0,0.0,0.0,0.0,0.0,0.0,0.0,0.0,0.0,0.0,0.0,0.0,8.0,2.0,1.0
1056,8.801579699999996,0,8.3638,1.9448,1.8545,1.792,0.179,0.0029,0.0068,0.0003,0.0361,0.0488,0.0023,0.0006,0.0115,0.0006,0.0015,0.002,0.0001,0.0001,0.0086,0.0016,0.0004,0.0029,0.0,0.0926,0.019,0.0001,0.0096,0.0,125.0,0.0,62.0,63.0,60.0,0.0,0.0,0.0,0.0,0.0,0.0,0.0,0.0,0.0,0.0,0.0,0.0,0.0,0.0,0.0,0.0,0.0,0.0,8.0,2.0,1.0
1057,8.809943499999996,0,8.2379,1.6956,1.7797,1.7163,0.1788,0.0033,0.0072,0.0002,0.0322,0.0451,0.0023,0.0009,0.0103,0.0001,0.0015,0.0019,0.0001,0.0001,0.0089,0.0016,0.0005,0.0029,0.0001,0.087,0.0183,0.0001,0.0081,0.0,125.0,0.0,62.0,63.0,60.0,0.0,0.0,0.0,0.0,0.0,0.0,0.0,0.0,0.0,0.0,0.0,0.0,0.0,0.0,0.0,0.0,0.0,0.0,8.0,2.0,1.0
1058,8.818181399999995,0,8.2605,1.8205,1.6476,1.6064,0.1687,0.0028,0.005,0.0002,0.0443,0.0542,0.0021,0.0009,0.0104,0.0001,0.0013,0.0015,0.0,0.0001,0.0086,0.0015,0.0004,0.0029,0.0,0.0941,0.0169,0.0,0.0103,0.0,125.0,0.0,62.0,63.0,60.0,0.0,0.0,0.0,0.0,0.0,0.0,0.0,0.0,0.0,0.0,0.0,0.0,0.0,0.0,0.0,0.0,0.0,0.0,8.0,2.0,1.0
1059,8.826441899999995,0,8.4692,1.8033,1.6858,1.6917,0.1486,0.0033,0.0065,0.0002,0.0276,0.0398,0.0019,0.0007,0.009,0.0002,0.0014,0.0014,0.0001,0.0001,0.0081,0.0012,0.0004,0.0026,0.0,0.0765,0.014,0.0,0.0084,0.0,125.0,0.0,62.0,63.0,60.0,0.0,0.0,0.0,0.0,0.0,0.0,0.0,0.0,0.0,0.0,0.0,0.0,0.0,0.0,0.0,0.0,0.0,0.0,8.0,2.0,1.0
1060,8.834911099999996,0,8.2804,1.78,1.8395,1.6574,0.1845,0.0029,0.0069,0.0002,0.0392,0.0514,0.0028,0.0007,0.0109,0.0001,0.0016,0.0015,0.0001,0.0001,0.0087,0.0012,0.0005,0.003,0.0,0.0942,0.0194,0.0001,0.0087,0.0,125.0,0.0,62.0,63.0,60.0,0.0,0.0,0.0,0.0,0.0,0.0,0.0,0.0,0.0,0.0,0.0,0.0,0.0,0.0,0.0,0.0,0.0,0.0,8.0,2.0,1.0
1061,8.843191499999996,0,8.5005,1.6891,1.7673,1.7021,0.1665,0.003,0.0069,0.0001,0.0246,0.038,0.0021,0.0007,0.0111,0.0002,0.0021,0.0014,0.0001,0.0002,0.0098,0.0011,0.0008,0.0028,0.0,0.0807,0.0187,0.0001,0.0116,0.0,125.0,0.0,62.0,63.0,60.0,0.0,0.0,0.0,0.0,0.0,0.0,0.0,0.0,0.0,0.0,0.0,0.0,0.0,0.0,0.0,0.0,0.0,0.0,8.0,2.0,1.0
1062,8.851691999999996,0,8.0635,1.81,1.761,1.6387,0.165,0.0031,0.0058,0.0001,0.0344,0.0457,0.003,0.0006,0.0116,0.0001,0.0018,0.0012,0.0,0.0001,0.0083,0.0012,0.0005,0.0028,0.0,0.0868,0.0191,0.0001,0.0094,0.0,125.0,0.0,62.0,63.0,60.0,0.0,0.0,0.0,0.0,0.0,0.0,0.0,0.0,0.0,0.0,0.0,0.0,0.0,0.0,0.0,0.0,0.0,0.0,8.0,2.0,1.0
1063,8.859755499999997,0,8.3592,1.9,1.659,1.563,0.1714,0.0032,0.0069,0.0002,0.0309,0.0434,0.002,0.0008,0.0095,0.0002,0.0013,0.0018,0.0001,0.0001,0.0083,0.0017,0.0005,0.003,0.0,0.0836,0.0178,0.0,0.0095,0.0,125.0,0.0,62.0,63.0,60.0,0.0,0.0,0.0,0.0,0.0,0.0,0.0,0.0,0.0,0.0,0.0,0.0,0.0,0.0,0.0,0.0,0.0,0.0,8.0,2.0,1.0
1064,8.868114699999996,0,8.4381,1.9224,1.6559,1.775,0.1771,0.0044,0.0066,0.0001,0.0359,0.0499,0.0026,0.0007,0.0117,0.0002,0.0016,0.0013,0.0001,0.0001,0.0097,0.0016,0.0005,0.0027,0.0001,0.0929,0.0179,0.0001,0.0102,0.0,125.0,0.0,62.0,63.0,60.0,0.0,0.0,0.0,0.0,0.0,0.0,0.0,0.0,0.0,0.0,0.0,0.0,0.0,0.0,0.0,0.0,0.0,0.0,8.0,2.0,1.0
1065,8.876552799999995,0,8.379,1.8489,1.8337,1.8786,0.1757,0.0031,0.0066,0.0001,0.0302,0.0424,0.0027,0.0009,0.0103,0.0002,0.0014,0.0019,0.0,0.0001,0.0082,0.0017,0.0005,0.0029,0.0,0.0836,0.0187,0.0001,0.0092,0.0,125.0,0.0,62.0,63.0,60.0,0.0,0.0,0.0,0.0,0.0,0.0,0.0,0.0,0.0,0.0,0.0,0.0,0.0,0.0,0.0,0.0,0.0,0.0,8.0,2.0,1.0
1066,8.884931799999995,0,8.6521,1.9522,2.0568,1.7155,0.2017,0.003,0.0071,0.0001,0.039,0.052,0.0028,0.001,0.0142,0.0001,0.0018,0.0071,0.0001,0.0001,0.0092,0.0012,0.0006,0.0028,0.0,0.1047,0.0246,0.0,0.0095,0.0,125.0,0.0,62.0,63.0,60.0,0.0,0.0,0.0,0.0,0.0,0.0,0.0,0.0,0.0,0.0,0.0,0.0,0.0,0.0,0.0,0.0,0.0,0.0,8.0,2.0,1.0
1067,8.893583899999996,0,8.1677,1.7501,2.0039,1.6517,0.1805,0.003,0.0051,0.0001,0.0345,0.0456,0.0024,0.001,0.0118,0.0001,0.0016,0.0022,0.0,0.0001,0.0086,0.0019,0.0006,0.0029,0.0001,0.0925,0.0208,0.0,0.01,0.0,125.0,0.0,62.0,63.0,60.0,0.0,0.0,0.0,0.0,0.0,0.0,0.0,0.0,0.0,0.0,0.0,0.0,0.0,0.0,0.0,0.0,0.0,0.0,8.0,2.0,1.0
1068,8.901751599999995,0,8.5127,1.8501,2.0361,1.6185,0.1937,0.0027,0.0047,0.0001,0.0402,0.0506,0.0027,0.0009,0.0132,0.0002,0.0019,0.0022,0.0001,0.0001,0.0097,0.0013,0.0005,0.0029,0.0001,0.0986,0.0211,0.0001,0.0097,0.0,125.0,0.0,62.0,63.0,60.0,0.0,0.0,0.0,0.0,0.0,0.0,0.0,0.0,0.0,0.0,0.0,0.0,0.0,0.0,0.0,0.0,0.0,0.0,8.0,2.0,1.0
1069,8.910264299999996,0,8.352,1.9839,2.1136,1.7296,0.1638,0.0027,0.006,0.0001,0.0267,0.0379,0.0021,0.0007,0.0103,0.0002,0.0015,0.0014,0.0004,0.0001,0.0083,0.0012,0.001,0.0026,0.0,0.0792,0.0185,0.0,0.0113,0.0,125.0,0.0,62.0,63.0,60.0,0.0,0.0,0.0,0.0,0.0,0.0,0.0,0.0,0.0,0.0,0.0,0.0,0.0,0.0,0.0,0.0,0.0,0.0,8.0,2.0,1.0
1070,8.918616299999996,0,7.9688,1.7947,1.9503,1.7112,0.1797,0.0027,0.0048,0.0001,0.042,0.0519,0.0024,0.0011,0.0124,0.0001,0.0015,0.0019,0.0001,0.0001,0.0085,0.0016,0.0005,0.0029,0.0001,0.0965,0.019,0.0,0.0105,0.0,125.0,0.0,62.0,63.0,60.0,0.0,0.0,0.0,0.0,0.0,0.0,0.0,0.0,0.0,0.0,0.0,0.0,0.0,0.0,0.0,0.0,0.0,0.0,8.0,2.0,1.0
1071,8.926585099999997,0,8.3067,1.802,1.7835,1.6204,0.1692,0.003,0.0068,0.0001,0.0271,0.0395,0.0025,0.0008,0.0103,0.0002,0.0013,0.0018,0.0,0.0001,0.0082,0.0017,0.0005,0.003,0.0,0.0801,0.0196,0.0,0.009,0.0,125.0,0.0,62.0,63.0,60.0,0.0,0.0,0.0,0.0,0.0,0.0,0.0,0.0,0.0,0.0,0.0,0.0,0.0,0.0,0.0,0.0,0.0,0.0,8.0,2.0,1.0
1072,8.934891799999997,0,8.4592,1.9535,1.878,1.6911,0.1867,0.0029,0.0068,0.0002,0.0387,0.0518,0.003,0.0008,0.0109,0.0001,0.0016,0.0017,0.0001,0.0001,0.0092,0.0013,0.0005,0.003,0.0,0.0948,0.0198,0.0,0.009,0.0,125.0,0.0,62.0,63.0,60.0,0.0,0.0,0.0,0.0,0.0,0.0,0.0,0.0,0.0,0.0,0.0,0.0,0.0,0.0,0.0,0.0,0.0,0.0,8.0,2.0,1.0
1073,8.943350999999998,0,8.1674,1.8072,1.7612,1.7341,0.1605,0.0025,0.0057,0.0002,0.027,0.0375,0.0022,0.0011,0.0104,0.0001,0.0013,0.0014,0.0,0.0001,0.0083,0.0012,0.0005,0.0027,0.0001,0.0793,0.0174,0.0005,0.0114,0.0,125.0,0.0,62.0,63.0,60.0,0.0,0.0,0.0,0.0,0.0,0.0,0.0,0.0,0.0,0.0,0.0,0.0,0.0,0.0,0.0,0.0,0.0,0.0,8.0,2.0,1.0
1074,8.951518399999998,0,8.4214,1.7803,1.7812,1.6049,0.158,0.0041,0.0073,0.0001,0.0368,0.0506,0.0018,0.0007,0.0084,0.0001,0.0014,0.0014,0.0,0.0001,0.0081,0.001,0.0004,0.0023,0.0001,0.0846,0.0141,0.0,0.0104,0.0,125.0,0.0,62.0,63.0,60.0,0.0,0.0,0.0,0.0,0.0,0.0,0.0,0.0,0.0,0.0,0.0,0.0,0.0,0.0,0.0,0.0,0.0,0.0,8.0,2.0,1.0
1075,8.959939799999997,0,8.4824,1.9139,1.9816,1.8441,0.1755,0.0032,0.0058,0.0002,0.0343,0.0458,0.0025,0.0007,0.0111,0.0001,0.0018,0.0016,0.0001,0.0001,0.0083,0.0011,0.0005,0.0025,0.0,0.0858,0.0173,0.0,0.0114,0.0,125.0,0.0,62.0,63.0,60.0,0.0,0.0,0.0,0.0,0.0,0.0,0.0,0.0,0.0,0.0,0.0,0.0,0.0,0.0,0.0,0.0,0.0,0.0,8.0,2.0,1.0
1076,8.968422199999997,0,8.2422,1.8788,1.8454,1.6842,0.1767,0.0027,0.0048,0.0002,0.0375,0.0476,0.0022,0.0008,0.0116,0.0001,0.0015,0.0015,0.0,0.0001,0.0089,0.0013,0.0005,0.003,0.0,0.0909,0.0192,0.0001,0.0083,0.0,125.0,0.0,62.0,63.0,60.0,0.0,0.0,0.0,0.0,0.0,0.0,0.0,0.0,0.0,0.0,0.0,0.0,0.0,0.0,0.0,0.0,0.0,0.0,8.0,2.0,1.0
1077,8.976664399999997,0,8.2888,1.7377,1.8478,1.8361,0.1805,0.0029,0.007,0.0002,0.0326,0.0461,0.0021,0.0007,0.011,0.0001,0.002,0.0013,0.0001,0.0002,0.0091,0.0017,0.0005,0.0029,0.0,0.0886,0.0201,0.0001,0.0105,0.0,125.0,0.0,62.0,63.0,60.0,0.0,0.0,0.0,0.0,0.0,0.0,0.0,0.0,0.0,0.0,0.0,0.0,0.0,0.0,0.0,0.0,0.0,0.0,8.0,2.0,1.0
1078,8.984953199999998,0,8.5488,1.8707,1.9998,1.8059,0.1861,0.0028,0.0053,0.0002,0.0425,0.0545,0.0023,0.0009,0.0113,0.0002,0.0016,0.0021,0.0,0.0001,0.0087,0.0016,0.0004,0.003,0.0001,0.0983,0.0198,0.0,0.0124,0.0,125.0,0.0,62.0,63.0,60.0,0.0,0.0,0.0,0.0,0.0,0.0,0.0,0.0,0.0,0.0,0.0,0.0,0.0,0.0,0.0,0.0,0.0,0.0,8.0,2.0,1.0
1079,8.993501999999998,0,8.1615,1.8971,1.9293,1.7419,0.1817,0.0032,0.007,0.0002,0.0293,0.042,0.0024,0.001,0.0105,0.0001,0.0017,0.002,0.0001,0.0001,0.0092,0.0013,0.0005,0.003,0.0001,0.0852,0.0192,0.0,0.0092,0.0,125.0,0.0,62.0,63.0,60.0,0.0,0.0,0.0,0.0,0.0,0.0,0.0,0.0,0.0,0.0,0.0,0.0,0.0,0.0,0.0,0.0,0.0,0.0,8.0,2.0,1.0
1080,9.001663499999998,0,8.3405,1.852,1.8151,1.7166,0.1853,0.0037,0.0069,0.0002,0.0353,0.049,0.0026,0.0009,0.0114,0.0002,0.0021,0.0015,0.0001,0.0005,0.0088,0.0013,0.0005,0.0029,0.0001,0.0929,0.0225,0.0001,0.0094,0.0,125.0,0.0,62.0,63.0,58.0,0.0,0.0,0.0,0.0,0.0,0.0,0.0,0.0,0.0,0.0,0.0,0.0,0.0,0.0,0.0,0.0,0.0,0.0,8.0,2.0,1.0
1081,9.010003999999997,0,8.3462,1.7763,1.9668,1.8024,0.1653,0.0031,0.0056,0.0001,0.0288,0.0399,0.0025,0.0008,0.0091,0.0001,0.0016,0.0012,0.0001,0.0001,0.0087,0.0012,0.0004,0.0024,0.0,0.0773,0.0174,0.0001,0.0097,0.0,125.0,0.0,62.0,63.0,58.0,0.0,0.0,0.0,0.0,0.0,0.0,0.0,0.0,0.0,0.0,0.0,0.0,0.0,0.0,0.0,0.0,0.0,0.0,8.0,2.0,1.0
1082,9.018350199999997,0,8.3237,1.8256,1.8406,1.6412,0.1761,0.0026,0.0049,0.0001,0.0412,0.0513,0.0021,0.0008,0.0107,0.0002,0.0018,0.002,0.0001,0.0001,0.0085,0.0013,0.0005,0.0028,0.0,0.0932,0.0179,0.0001,0.0097,0.0,125.0,0.0,62.0,63.0,58.0,0.0,0.0,0.0,0.0,0.0,0.0,0.0,0.0,0.0,0.0,0.0,0.0,0.0,0.0,0.0,0.0,0.0,0.0,8.0,2.0,1.0
1083,9.026673899999997,0,8.3061,1.8265,1.8278,1.8482,0.1768,0.003,0.005,0.0001,0.0359,0.0464,0.0023,0.0009,0.011,0.0001,0.0017,0.0019,0.0001,0.0001,0.0092,0.0014,0.0005,0.0028,0.0,0.09,0.0202,0.0,0.0076,0.0,125.0,0.0,62.0,63.0,58.0,0.0,0.0,0.0,0.0,0.0,0.0,0.0,0.0,0.0,0.0,0.0,0.0,0.0,0.0,0.0,0.0,0.0,0.0,8.0,2.0,1.0
1084,9.034979999999997,0,8.2785,1.9813,1.8639,1.7913,0.1879,0.0042,0.0072,0.0001,0.0437,0.0575,0.0028,0.0008,0.0105,0.0001,0.0014,0.002,0.0001,0.0001,0.008,0.0018,0.0005,0.0028,0.0,0.0988,0.0199,0.0002,0.0088,0.0,125.0,0.0,62.0,63.0,58.0,0.0,0.0,0.0,0.0,0.0,0.0,0.0,0.0,0.0,0.0,0.0,0.0,0.0,0.0,0.0,0.0,0.0,0.0,8.0,2.0,1.0
1085,9.043258499999997,0,8.3343,1.9822,1.7695,1.7111,0.1666,0.0027,0.0059,0.0001,0.0286,0.0398,0.0028,0.0009,0.0124,0.0001,0.0021,0.0016,0.0,0.0001,0.0083,0.0013,0.0005,0.0033,0.0,0.0842,0.0188,0.0,0.0092,0.0,125.0,0.0,62.0,63.0,58.0,0.0,0.0,0.0,0.0,0.0,0.0,0.0,0.0,0.0,0.0,0.0,0.0,0.0,0.0,0.0,0.0,0.0,0.0,8.0,2.0,1.0
1086,9.051592799999996,0,8.5378,1.8383,1.8509,1.803,0.1767,0.0032,0.005,0.0002,0.0404,0.0509,0.0025,0.0008,0.0119,0.0002,0.0016,0.0013,0.0001,0.0001,0.0087,0.0013,0.001,0.0029,0.0,0.0941,0.0189,0.0,0.0106,0.0,125.0,0.0,62.0,63.0,58.0,0.0,0.0,0.0,0.0,0.0,0.0,0.0,0.0,0.0,0.0,0.0,0.0,0.0,0.0,0.0,0.0,0.0,0.0,8.0,2.0,1.0
1087,9.060130599999995,0,8.2101,1.7653,2.0082,1.6956,0.1748,0.0026,0.005,0.0002,0.0336,0.0438,0.0025,0.0007,0.0101,0.0002,0.0023,0.0015,0.0001,0.0001,0.0087,0.001,0.0011,0.0024,0.0001,0.0849,0.02,0.0001,0.0096,0.0,125.0,0.0,62.0,63.0,58.0,0.0,0.0,0.0,0.0,0.0,0.0,0.0,0.0,0.0,0.0,0.0,0.0,0.0,0.0,0.0,0.0,0.0,0.0,8.0,2.0,1.0
1088,9.068340699999995,0,8.3973,1.8373,1.8398,1.709,0.1598,0.0028,0.0057,0.0001,0.0336,0.0441,0.0021,0.0007,0.0103,0.0002,0.0014,0.0012,0.0,0.0001,0.0078,0.0016,0.0005,0.0024,0.0001,0.0815,0.0175,0.0,0.0093,0.0,125.0,0.0,62.0,63.0,58.0,0.0,0.0,0.0,0.0,0.0,0.0,0.0,0.0,0.0,0.0,0.0,0.0,0.0,0.0,0.0,0.0,0.0,0.0,8.0,2.0,1.0
1089,9.076737999999995,0,8.1667,1.8274,1.9563,1.6518,0.143,0.0025,0.0066,0.0002,0.0238,0.0354,0.0018,0.0011,0.0091,0.0001,0.0018,0.0015,0.0001,0.0001,0.0082,0.0014,0.0004,0.0023,0.0001,0.0711,0.0134,0.0,0.009,0.0,125.0,0.0,62.0,63.0,58.0,0.0,0.0,0.0,0.0,0.0,0.0,0.0,0.0,0.0,0.0,0.0,0.0,0.0,0.0,0.0,0.0,0.0,0.0,8.0,2.0,1.0
1090,9.084904699999996,0,8.4779,1.9442,1.9176,1.6403,0.1645,0.0029,0.006,0.0002,0.0379,0.0492,0.002,0.0005,0.009,0.0006,0.0013,0.0014,0.0001,0.0001,0.0082,0.001,0.0004,0.0024,0.0001,0.0861,0.0174,0.0,0.0116,0.0,125.0,0.0,62.0,63.0,58.0,0.0,0.0,0.0,0.0,0.0,0.0,0.0,0.0,0.0,0.0,0.0,0.0,0.0,0.0,0.0,0.0,0.0,0.0,8.0,2.0,1.0
1091,9.093382599999996,0,8.4144,1.8304,1.8768,1.8334,0.1588,0.0027,0.0063,0.0002,0.025,0.0367,0.002,0.0006,0.0074,0.0002,0.0015,0.0018,0.0001,0.0001,0.0077,0.0015,0.0004,0.0024,0.0001,0.0775,0.0199,0.0,0.0083,0.0,125.0,0.0,62.0,63.0,56.0,0.0,0.0,0.0,0.0,0.0,0.0,0.0,0.0,0.0,0.0,0.0,0.0,0.0,0.0,0.0,0.0,0.0,0.0,8.0,2.0,1.0
1092,9.101796999999996,0,8.2582,1.8539,1.9264,1.7245,0.1582,0.0025,0.0062,0.0001,0.03,0.0407,0.0019,0.0008,0.0093,0.0002,0.0017,0.0014,0.0001,0.0001,0.0079,0.0015,0.0004,0.003,0.0,0.078,0.0195,0.0001,0.008,0.0,125.0,0.0,62.0,63.0,56.0,0.0,0.0,0.0,0.0,0.0,0.0,0.0,0.0,0.0,0.0,0.0,0.0,0.0,0.0,0.0,0.0,0.0,0.0,8.0,2.0,1.0
1093,9.110055199999996,0,8.2413,1.7227,1.8983,1.6644,0.1944,0.003,0.0071,0.0002,0.0288,0.042,0.0025,0.0009,0.0112,0.0002,0.0018,0.0019,0.0001,0.0001,0.0093,0.0013,0.0008,0.0029,0.0001,0.0866,0.0214,0.0001,0.0107,0.0,125.0,0.0,62.0,63.0,56.0,0.0,0.0,0.0,0.0,0.0,0.0,0.0,0.0,0.0,0.0,0.0,0.0,0.0,0.0,0.0,0.0,0.0,0.0,8.0,2.0,1.0
1094,9.118296499999996,0,8.4422,1.897,1.9013,1.6032,0.1634,0.0031,0.0058,0.0002,0.0328,0.0443,0.0019,0.0006,0.0091,0.0002,0.0013,0.0013,0.0001,0.0001,0.0083,0.0016,0.0004,0.003,0.0,0.0814,0.0195,0.0001,0.0083,0.0,125.0,0.0,62.0,63.0,56.0,0.0,0.0,0.0,0.0,0.0,0.0,0.0,0.0,0.0,0.0,0.0,0.0,0.0,0.0,0.0,0.0,0.0,0.0,8.0,2.0,1.0
1095,9.126738699999995,0,8.6032,1.7891,2.0812,1.5723,0.1847,0.0035,0.0052,0.0003,0.0313,0.0436,0.0022,0.0009,0.009,0.0001,0.0024,0.0016,0.0001,0.0002,0.0094,0.0014,0.0005,0.0026,0.0,0.086,0.0205,0.0001,0.0085,0.0,125.0,0.0,62.0,63.0,56.0,0.0,0.0,0.0,0.0,0.0,0.0,0.0,0.0,0.0,0.0,0.0,0.0,0.0,0.0,0.0,0.0,0.0,0.0,8.0,2.0,1.0
1096,9.135341899999995,0,8.3509,2.2278,2.3301,2.1121,0.1979,0.0034,0.0068,0.0004,0.0438,0.0568,0.0019,0.0009,0.0098,0.0002,0.0017,0.002,0.0001,0.0001,0.0089,0.0012,0.0005,0.0027,0.0,0.0987,0.02,0.0001,0.0087,0.0,125.0,0.0,62.0,63.0,56.0,0.0,0.0,0.0,0.0,0.0,0.0,0.0,0.0,0.0,0.0,0.0,0.0,0.0,0.0,0.0,0.0,0.0,0.0,8.0,2.0,1.0
1097,9.143692799999995,0,8.1809,2.0005,1.9639,1.7477,0.1771,0.0041,0.0069,0.0002,0.0305,0.0442,0.0022,0.0008,0.0105,0.0002,0.0014,0.0018,0.0001,0.0001,0.0092,0.0012,0.0004,0.0025,0.0,0.0855,0.0209,0.0001,0.01,0.0,125.0,0.0,62.0,63.0,56.0,0.0,0.0,0.0,0.0,0.0,0.0,0.0,0.0,0.0,0.0,0.0,0.0,0.0,0.0,0.0,0.0,0.0,0.0,8.0,2.0,1.0
1098,9.151873699999994,0,8.3277,1.9204,2.0949,1.8532,0.186,0.0029,0.0047,0.0002,0.0446,0.055,0.0028,0.0009,0.0111,0.0001,0.002,0.0017,0.0001,0.0001,0.0091,0.0013,0.0011,0.0027,0.0,0.0984,0.0204,0.0001,0.0081,0.0,125.0,0.0,62.0,63.0,56.0,0.0,0.0,0.0,0.0,0.0,0.0,0.0,0.0,0.0,0.0,0.0,0.0,0.0,0.0,0.0,0.0,0.0,0.0,8.0,2.0,1.0
1099,9.160201399999995,0,8.3057,1.8258,2.0921,1.8525,0.1822,0.0016,0.0053,0.0002,0.0296,0.0396,0.0027,0.0009,0.0131,0.0001,0.0019,0.0024,0.0001,0.0001,0.009,0.0013,0.0005,0.0025,0.0,0.0853,0.0205,0.0001,0.0103,0.0,125.0,0.0,62.0,63.0,56.0,0.0,0.0,0.0,0.0,0.0,0.0,0.0,0.0,0.0,0.0,0.0,0.0,0.0,0.0,0.0,0.0,0.0,0.0,8.0,2.0,1.0
1100,9.168507099999994,0,8.3412,1.9185,2.0511,1.7098,0.1895,0.0021,0.0066,0.0004,0.038,0.0494,0.0023,0.001,0.0111,0.0002,0.0015,0.002,0.0,0.0001,0.0092,0.0014,0.0004,0.0029,0.0,0.0933,0.0197,0.0001,0.0098,0.0,125.0,0.0,62.0,63.0,56.0,0.0,0.0,0.0,0.0,0.0,0.0,0.0,0.0,0.0,0.0,0.0,0.0,0.0,0.0,0.0,0.0,0.0,0.0,8.0,2.0,1.0
1101,9.176848299999994,0,8.254,1.8578,2.0467,1.8807,0.2214,0.0046,0.0111,0.0003,0.0229,0.0413,0.0028,0.001,0.0133,0.0002,0.0021,0.0021,0.0006,0.0002,0.0126,0.0019,0.0006,0.0033,0.0001,0.0963,0.0268,0.0001,0.0085,0.0,125.0,0.0,62.0,63.0,56.0,0.0,0.0,0.0,0.0,0.0,0.0,0.0,0.0,0.0,0.0,0.0,0.0,0.0,0.0,0.0,0.0,0.0,0.0,8.0,2.0,1.0
1102,9.185102299999995,0,8.3738,1.8896,1.9514,1.8681,0.1958,0.0033,0.0055,0.0001,0.045,0.0566,0.0028,0.0008,0.0114,0.0002,0.0016,0.0021,0.0001,0.0001,0.0092,0.0012,0.0005,0.0031,0.0,0.1021,0.0211,0.0001,0.0095,0.0,125.0,0.0,62.0,63.0,56.0,0.0,0.0,0.0,0.0,0.0,0.0,0.0,0.0,0.0,0.0,0.0,0.0,0.0,0.0,0.0,0.0,0.0,0.0,8.0,2.0,1.0
1103,9.193476099999994,0,8.2139,2.0263,1.9733,1.7858,0.1828,0.0027,0.0054,0.0002,0.0305,0.0425,0.0023,0.0012,0.01,0.0002,0.0021,0.0018,0.0001,0.0001,0.009,0.0014,0.001,0.0029,0.0,0.0875,0.0206,0.0001,0.0084,0.0,125.0,0.0,62.0,63.0,56.0,0.0,0.0,0.0,0.0,0.0,0.0,0.0,0.0,0.0,0.0,0.0,0.0,0.0,0.0,0.0,0.0,0.0,0.0,8.0,2.0,1.0
1104,9.201689999999994,0,8.4626,1.9327,1.8713,1.9301,0.1935,0.0032,0.0055,0.0002,0.0428,0.0542,0.0029,0.0011,0.012,0.0001,0.0017,0.0016,0.0,0.0001,0.0093,0.0017,0.0005,0.0032,0.0,0.0997,0.0221,0.0,0.0089,0.0,125.0,0.0,62.0,63.0,56.0,0.0,0.0,0.0,0.0,0.0,0.0,0.0,0.0,0.0,0.0,0.0,0.0,0.0,0.0,0.0,0.0,0.0,0.0,8.0,2.0,1.0
1105,9.210152599999994,0,8.3601,2.0788,2.093,1.9209,0.1906,0.0032,0.0058,0.0001,0.0421,0.0537,0.003,0.0012,0.0139,0.0001,0.0018,0.0025,0.0002,0.0003,0.0095,0.0018,0.0005,0.0024,0.0001,0.1008,0.0201,0.0,0.0089,0.0,125.0,0.0,62.0,63.0,56.0,0.0,0.0,0.0,0.0,0.0,0.0,0.0,0.0,0.0,0.0,0.0,0.0,0.0,0.0,0.0,0.0,0.0,0.0,8.0,2.0,1.0
1106,9.218512699999994,0,8.341,1.8765,2.1136,1.7838,0.1967,0.003,0.0081,0.0002,0.0407,0.055,0.0026,0.0008,0.0113,0.0002,0.0016,0.0017,0.0001,0.0001,0.0097,0.0017,0.0007,0.0027,0.0,0.0997,0.0237,0.0,0.0105,0.0,125.0,0.0,62.0,63.0,56.0,0.0,0.0,0.0,0.0,0.0,0.0,0.0,0.0,0.0,0.0,0.0,0.0,0.0,0.0,0.0,0.0,0.0,0.0,8.0,2.0,1.0
1107,9.226853699999994,0,8.3302,2.5778,1.9075,1.865,0.1798,0.0037,0.0074,0.0007,0.0283,0.0425,0.0023,0.001,0.0108,0.0001,0.002,0.0017,0.0001,0.0001,0.0094,0.0012,0.0005,0.0025,0.0,0.0856,0.0226,0.0004,0.0099,0.0,125.0,0.0,62.0,63.0,56.0,0.0,0.0,0.0,0.0,0.0,0.0,0.0,0.0,0.0,0.0,0.0,0.0,0.0,0.0,0.0,0.0,0.0,0.0,8.0,2.0,1.0
1108,9.235183899999994,0,8.3489,1.8839,2.1019,1.8107,0.1959,0.0039,0.0068,0.0002,0.0394,0.0528,0.0032,0.0008,0.0132,0.0001,0.0022,0.0017,0.0001,0.0001,0.0094,0.0013,0.0005,0.0036,0.0,0.1,0.022,0.0,0.0095,0.0,125.0,0.0,62.0,63.0,56.0,0.0,0.0,0.0,0.0,0.0,0.0,0.0,0.0,0.0,0.0,0.0,0.0,0.0,0.0,0.0,0.0,0.0,0.0,8.0,2.0,1.0
1109,9.243532799999993,0,8.2541,1.8006,1.9214,1.761,0.1718,0.003,0.0049,0.0002,0.0288,0.0392,0.0021,0.0008,0.0098,0.0006,0.0019,0.0021,0.0001,0.0001,0.0094,0.0011,0.0005,0.0025,0.0,0.0808,0.0203,0.0001,0.0095,0.0,125.0,0.0,62.0,63.0,56.0,0.0,0.0,0.0,0.0,0.0,0.0,0.0,0.0,0.0,0.0,0.0,0.0,0.0,0.0,0.0,0.0,0.0,0.0,8.0,2.0,1.0
1110,9.251786899999994,0,8.3159,1.8697,2.0792,1.7105,0.2132,0.0039,0.0082,0.0002,0.0403,0.0558,0.0031,0.001,0.0126,0.0002,0.0021,0.0016,0.0001,0.0002,0.0091,0.0013,0.0005,0.003,0.0001,0.1018,0.0221,0.0001,0.0085,0.0,125.0,0.0,62.0,63.0,56.0,0.0,0.0,0.0,0.0,0.0,0.0,0.0,0.0,0.0,0.0,0.0,0.0,0.0,0.0,0.0,0.0,0.0,0.0,8.0,2.0,1.0
1111,9.260102799999993,0,8.4873,1.8833,2.0661,1.7089,0.1682,0.0028,0.0066,0.0003,0.0284,0.0408,0.002,0.0006,0.011,0.0002,0.0019,0.0015,0.0001,0.0001,0.0086,0.0011,0.0009,0.0023,0.0,0.0817,0.0189,0.0,0.0127,0.0,125.0,0.0,62.0,63.0,56.0,0.0,0.0,0.0,0.0,0.0,0.0,0.0,0.0,0.0,0.0,0.0,0.0,0.0,0.0,0.0,0.0,0.0,0.0,8.0,2.0,1.0
1112,9.268590099999994,0,8.2704,2.0457,1.9726,1.7798,0.198,0.0037,0.0068,0.0002,0.0438,0.0576,0.0028,0.0008,0.0117,0.0001,0.0017,0.002,0.0002,0.0001,0.0099,0.0013,0.0005,0.0027,0.0,0.1032,0.0208,0.0001,0.0089,0.0,125.0,0.0,62.0,63.0,56.0,0.0,0.0,0.0,0.0,0.0,0.0,0.0,0.0,0.0,0.0,0.0,0.0,0.0,0.0,0.0,0.0,0.0,0.0,8.0,2.0,1.0
1113,9.276860499999994,0,8.1892,1.8525,2.0332,1.8498,0.1858,0.0033,0.0073,0.0002,0.0324,0.0469,0.0023,0.0008,0.012,0.0001,0.0019,0.0021,0.0001,0.0001,0.0084,0.002,0.0005,0.0029,0.0,0.0913,0.0192,0.0,0.009,0.0,125.0,0.0,62.0,63.0,56.0,0.0,0.0,0.0,0.0,0.0,0.0,0.0,0.0,0.0,0.0,0.0,0.0,0.0,0.0,0.0,0.0,0.0,0.0,8.0,2.0,1.0
1114,9.285049699999995,0,8.3686,1.7438,1.9043,1.7854,0.1902,0.0033,0.0075,0.0002,0.0353,0.0488,0.0025,0.0007,0.0118,0.0001,0.0016,0.002,0.0001,0.0001,0.0098,0.0013,0.0005,0.0032,0.0001,0.0952,0.0177,0.0001,0.0089,0.0,125.0,0.0,62.0,63.0,56.0,0.0,0.0,0.0,0.0,0.0,0.0,0.0,0.0,0.0,0.0,0.0,0.0,0.0,0.0,0.0,0.0,0.0,0.0,8.0,2.0,1.0
1115,9.293418299999995,0,8.4941,1.734,1.9542,1.6504,0.1868,0.0047,0.0075,0.0003,0.0336,0.049,0.0024,0.0008,0.0109,0.0001,0.0017,0.002,0.0002,0.0001,0.0099,0.0013,0.0005,0.0029,0.0,0.0942,0.0206,0.0,0.0075,0.0,125.0,0.0,62.0,63.0,56.0,0.0,0.0,0.0,0.0,0.0,0.0,0.0,0.0,0.0,0.0,0.0,0.0,0.0,0.0,0.0,0.0,0.0,0.0,8.0,2.0,1.0
1116,9.301912399999996,0,8.2946,1.8012,2.1793,1.8358,0.1797,0.003,0.005,0.0003,0.0434,0.0539,0.0022,0.0009,0.01,0.0001,0.0019,0.0014,0.0006,0.0001,0.0087,0.0012,0.001,0.0024,0.0001,0.0943,0.0188,0.0,0.0081,0.0,125.0,0.0,62.0,63.0,56.0,0.0,0.0,0.0,0.0,0.0,0.0,0.0,0.0,0.0,0.0,0.0,0.0,0.0,0.0,0.0,0.0,0.0,0.0,8.0,2.0,1.0
1117,9.310206999999995,0,8.4149,1.7856,2.0518,1.6317,0.1773,0.003,0.0057,0.0002,0.0344,0.0458,0.0021,0.0012,0.0116,0.0002,0.0015,0.0018,0.0001,0.0001,0.0082,0.0011,0.0009,0.0025,0.0,0.0873,0.0194,0.0,0.0096,0.0,125.0,0.0,62.0,63.0,56.0,0.0,0.0,0.0,0.0,0.0,0.0,0.0,0.0,0.0,0.0,0.0,0.0,0.0,0.0,0.0,0.0,0.0,0.0,8.0,2.0,1.0
1118,9.318621899999995,0,8.0466,1.7354,2.0458,1.6495,0.1833,0.0032,0.0049,0.0001,0.0411,0.0518,0.0023,0.0008,0.0122,0.0002,0.0017,0.0016,0.0,0.0001,0.0089,0.0015,0.0005,0.0028,0.0,0.097,0.0206,0.0001,0.0079,0.0,125.0,0.0,62.0,63.0,56.0,0.0,0.0,0.0,0.0,0.0,0.0,0.0,0.0,0.0,0.0,0.0,0.0,0.0,0.0,0.0,0.0,0.0,0.0,8.0,2.0,1.0
1119,9.326668499999995,0,8.3597,1.9171,1.8662,1.8431,0.1634,0.003,0.0062,0.0001,0.0262,0.0382,0.002,0.0009,0.0096,0.0002,0.002,0.0016,0.0001,0.0001,0.0085,0.0012,0.0005,0.0024,0.0,0.0788,0.0194,0.0,0.0079,0.0,125.0,0.0,62.0,63.0,56.0,0.0,0.0,0.0,0.0,0.0,0.0,0.0,0.0,0.0,0.0,0.0,0.0,0.0,0.0,0.0,0.0,0.0,0.0,8.0,2.0,1.0
1120,9.335028199999995,0,8.519,1.8002,2.0599,1.8181,0.1794,0.0036,0.007,0.0002,0.0368,0.0499,0.0029,0.0009,0.0114,0.0001,0.0019,0.0016,0.0001,0.0001,0.0089,0.0012,0.0005,0.0025,0.0001,0.0905,0.0186,0.0,0.0083,0.0,125.0,0.0,62.0,63.0,56.0,0.0,0.0,0.0,0.0,0.0,0.0,0.0,0.0,0.0,0.0,0.0,0.0,0.0,0.0,0.0,0.0,0.0,0.0,8.0,2.0,1.0
1121,9.343547199999994,0,8.2811,1.7366,2.0095,1.6677,0.1871,0.0036,0.0059,0.0002,0.029,0.0413,0.0027,0.001,0.0118,0.0001,0.0022,0.0018,0.0001,0.0001,0.0091,0.0018,0.0006,0.003,0.0,0.0874,0.0214,0.0001,0.0092,0.0,125.0,0.0,62.0,63.0,56.0,0.0,0.0,0.0,0.0,0.0,0.0,0.0,0.0,0.0,0.0,0.0,0.0,0.0,0.0,0.0,0.0,0.0,0.0,8.0,2.0,1.0
1122,9.351828299999994,0,8.1896,1.9619,1.8676,1.6956,0.1808,0.0033,0.0069,0.0001,0.0381,0.0514,0.0026,0.0007,0.0105,0.0001,0.0014,0.0021,0.0001,0.0001,0.0088,0.0016,0.0004,0.0029,0.0,0.0923,0.0205,0.0001,0.0089,0.0,125.0,0.0,62.0,63.0,56.0,0.0,0.0,0.0,0.0,0.0,0.0,0.0,0.0,0.0,0.0,0.0,0.0,0.0,0.0,0.0,0.0,0.0,0.0,8.0,2.0,1.0
1123,9.360017899999994,0,8.3416,1.8924,1.9165,1.6387,0.1782,0.0033,0.0079,0.0001,0.0271,0.041,0.0022,0.0007,0.0113,0.0001,0.0017,0.0017,0.0004,0.0001,0.0088,0.0017,0.0005,0.003,0.0001,0.0849,0.0192,0.0,0.0073,0.0,125.0,0.0,62.0,63.0,56.0,0.0,0.0,0.0,0.0,0.0,0.0,0.0,0.0,0.0,0.0,0.0,0.0,0.0,0.0,0.0,0.0,0.0,0.0,8.0,2.0,1.0
1124,9.368359499999993,0,8.3659,1.8035,1.8503,1.738,0.1768,0.0029,0.0061,0.0002,0.0392,0.0505,0.0024,0.001,0.011,0.0002,0.0016,0.002,0.0,0.0001,0.0084,0.0017,0.0005,0.0033,0.0,0.0928,0.0193,0.0001,0.0092,0.0,125.0,0.0,62.0,63.0,56.0,0.0,0.0,0.0,0.0,0.0,0.0,0.0,0.0,0.0,0.0,0.0,0.0,0.0,0.0,0.0,0.0,0.0,0.0,8.0,2.0,1.0
1125,9.376725399999993,0,8.2797,1.7287,1.8918,1.64,0.162,0.0027,0.005,0.0001,0.0289,0.0391,0.0022,0.001,0.0104,0.0001,0.0014,0.0021,0.0,0.0002,0.0084,0.0011,0.0005,0.0026,0.0,0.0805,0.0169,0.0,0.0094,0.0,125.0,0.0,62.0,63.0,56.0,0.0,0.0,0.0,0.0,0.0,0.0,0.0,0.0,0.0,0.0,0.0,0.0,0.0,0.0,0.0,0.0,0.0,0.0,8.0,2.0,1.0
1126,9.385005099999992,0,8.4248,1.8469,1.9432,1.6385,0.1856,0.0036,0.0069,0.0002,0.0377,0.0509,0.0023,0.0008,0.0107,0.0001,0.0021,0.0016,0.0001,0.0001,0.0091,0.0013,0.0005,0.0027,0.0001,0.0945,0.0194,0.0001,0.0088,0.0,125.0,0.0,62.0,63.0,56.0,0.0,0.0,0.0,0.0,0.0,0.0,0.0,0.0,0.0,0.0,0.0,0.0,0.0,0.0,0.0,0.0,0.0,0.0,8.0,2.0,1.0
1127,9.393429899999992,0,8.2352,1.6536,1.8929,1.6421,0.1721,0.003,0.0071,0.0001,0.025,0.0386,0.0021,0.0007,0.0099,0.0001,0.0022,0.0017,0.0001,0.0005,0.009,0.0012,0.0005,0.0028,0.0,0.0812,0.0192,0.0001,0.0089,0.0,125.0,0.0,62.0,63.0,56.0,0.0,0.0,0.0,0.0,0.0,0.0,0.0,0.0,0.0,0.0,0.0,0.0,0.0,0.0,0.0,0.0,0.0,0.0,8.0,2.0,1.0
1128,9.401665099999992,0,8.2411,1.8676,1.8064,1.7082,0.1778,0.0031,0.0048,0.0002,0.0448,0.0555,0.0022,0.0008,0.011,0.0002,0.0015,0.0019,0.0001,0.0001,0.0089,0.0019,0.0005,0.0027,0.0,0.0986,0.018,0.0,0.0083,0.0,125.0,0.0,62.0,63.0,56.0,0.0,0.0,0.0,0.0,0.0,0.0,0.0,0.0,0.0,0.0,0.0,0.0,0.0,0.0,0.0,0.0,0.0,0.0,8.0,2.0,1.0
1129,9.409906199999991,0,8.272,1.7368,1.7197,1.6239,0.1721,0.0028,0.0069,0.0001,0.0279,0.0412,0.0028,0.0008,0.0112,0.0002,0.0019,0.0015,0.0001,0.0001,0.009,0.0013,0.0004,0.0028,0.0,0.0838,0.0196,0.0,0.0077,0.0,125.0,0.0,62.0,63.0,56.0,0.0,0.0,0.0,0.0,0.0,0.0,0.0,0.0,0.0,0.0,0.0,0.0,0.0,0.0,0.0,0.0,0.0,0.0,8.0,2.0,1.0
1130,9.418178199999991,0,8.3747,1.7616,1.7651,1.6189,0.1712,0.0027,0.0068,0.0001,0.0353,0.0475,0.0022,0.0007,0.0106,0.0002,0.0015,0.002,0.0001,0.0001,0.0084,0.0015,0.0005,0.0028,0.0001,0.0886,0.0196,0.0001,0.0084,0.0,125.0,0.0,62.0,63.0,56.0,0.0,0.0,0.0,0.0,0.0,0.0,0.0,0.0,0.0,0.0,0.0,0.0,0.0,0.0,0.0,0.0,0.0,0.0,8.0,2.0,1.0
1131,9.42655289999999,0,8.4179,1.9025,1.7243,1.6313,0.1566,0.0027,0.0062,0.0002,0.0248,0.0364,0.002,0.0015,0.0107,0.0001,0.0019,0.0015,0.0,0.0001,0.0086,0.0011,0.0005,0.0028,0.0,0.0757,0.0189,0.0,0.0098,0.0,125.0,0.0,62.0,63.0,56.0,0.0,0.0,0.0,0.0,0.0,0.0,0.0,0.0,0.0,0.0,0.0,0.0,0.0,0.0,0.0,0.0,0.0,0.0,8.0,2.0,1.0
1132,9.43497079999999,0,8.2869,1.9781,1.9304,1.5403,0.1784,0.0028,0.0053,0.0002,0.0403,0.0507,0.0023,0.0009,0.0116,0.0001,0.0013,0.0019,0.0001,0.0001,0.0085,0.0015,0.0004,0.0028,0.0001,0.0927,0.022,0.0001,0.0107,0.0,125.0,0.0,62.0,63.0,56.0,0.0,0.0,0.0,0.0,0.0,0.0,0.0,0.0,0.0,0.0,0.0,0.0,0.0,0.0,0.0,0.0,0.0,0.0,8.0,2.0,1.0
1133,9.44325769999999,0,8.262,1.9026,1.6263,1.7222,0.1459,0.0026,0.0074,0.0001,0.0233,0.0357,0.0018,0.0007,0.0069,0.0002,0.0012,0.0014,0.0001,0.0001,0.0086,0.0011,0.0004,0.0026,0.0,0.0708,0.0166,0.0001,0.0085,0.0,125.0,0.0,62.0,63.0,56.0,0.0,0.0,0.0,0.0,0.0,0.0,0.0,0.0,0.0,0.0,0.0,0.0,0.0,0.0,0.0,0.0,0.0,0.0,8.0,2.0,1.0
1134,9.45151969999999,0,8.4023,1.6912,1.7871,1.6084,0.1644,0.0028,0.0044,0.0002,0.036,0.0462,0.0019,0.0008,0.0108,0.0001,0.0018,0.0012,0.0001,0.0001,0.0083,0.0011,0.0004,0.0024,0.0,0.0847,0.0174,0.0,0.0091,0.0,125.0,0.0,62.0,63.0,56.0,0.0,0.0,0.0,0.0,0.0,0.0,0.0,0.0,0.0,0.0,0.0,0.0,0.0,0.0,0.0,0.0,0.0,0.0,8.0,2.0,1.0
1135,9.45992199999999,0,8.5113,1.7424,1.9524,1.5931,0.1739,0.0034,0.0054,0.0002,0.0362,0.0476,0.0018,0.0013,0.0105,0.0001,0.0021,0.0015,0.0001,0.0007,0.0089,0.0011,0.0004,0.0024,0.0001,0.0875,0.0171,0.0001,0.0107,0.0,125.0,0.0,62.0,63.0,56.0,0.0,0.0,0.0,0.0,0.0,0.0,0.0,0.0,0.0,0.0,0.0,0.0,0.0,0.0,0.0,0.0,0.0,0.0,8.0,2.0,1.0
1136,9.46843329999999,0,8.1466,1.7791,1.777,1.641,0.1694,0.0025,0.0063,0.0002,0.036,0.0478,0.0018,0.0007,0.0093,0.0001,0.0013,0.0019,0.0,0.0001,0.0084,0.0019,0.0004,0.0023,0.0001,0.0889,0.0196,0.0,0.009,0.0,125.0,0.0,62.0,63.0,54.0,0.0,0.0,0.0,0.0,0.0,0.0,0.0,0.0,0.0,0.0,0.0,0.0,0.0,0.0,0.0,0.0,0.0,0.0,8.0,2.0,1.0
1137,9.47657989999999,0,8.2602,1.7641,1.7006,1.6424,0.1508,0.003,0.0059,0.0,0.0261,0.0372,0.002,0.0007,0.0089,0.0002,0.002,0.0013,0.0001,0.0007,0.0086,0.0012,0.0004,0.0023,0.0,0.0749,0.0174,0.0001,0.0077,0.0,125.0,0.0,62.0,63.0,54.0,0.0,0.0,0.0,0.0,0.0,0.0,0.0,0.0,0.0,0.0,0.0,0.0,0.0,0.0,0.0,0.0,0.0,0.0,8.0,2.0,1.0
1138,9.48484009999999,0,8.3999,1.9535,1.7679,1.575,0.1742,0.0028,0.0067,0.0002,0.0365,0.0487,0.0021,0.0008,0.0096,0.0002,0.0016,0.0016,0.0001,0.0002,0.0087,0.0013,0.0004,0.0026,0.0001,0.0891,0.0198,0.0,0.0079,0.0,125.0,0.0,62.0,63.0,54.0,0.0,0.0,0.0,0.0,0.0,0.0,0.0,0.0,0.0,0.0,0.0,0.0,0.0,0.0,0.0,0.0,0.0,0.0,8.0,2.0,1.0
1139,9.493239999999991,0,8.316,1.9958,1.7604,1.7256,0.1677,0.003,0.0054,0.0001,0.0314,0.0428,0.0021,0.0008,0.0111,0.0001,0.0017,0.0015,0.0001,0.0001,0.0085,0.0013,0.001,0.0028,0.0,0.0847,0.0186,0.0001,0.0086,0.0,125.0,0.0,62.0,63.0,54.0,0.0,0.0,0.0,0.0,0.0,0.0,0.0,0.0,0.0,0.0,0.0,0.0,0.0,0.0,0.0,0.0,0.0,0.0,8.0,2.0,1.0
1140,9.501555999999992,0,8.4474,1.8393,1.7604,1.748,0.1675,0.0028,0.005,0.0002,0.0408,0.0508,0.0021,0.0006,0.0093,0.0001,0.0013,0.0019,0.0001,0.0001,0.0084,0.001,0.0004,0.0023,0.0,0.0885,0.0173,0.0,0.0083,0.0,125.0,0.0,62.0,63.0,54.0,0.0,0.0,0.0,0.0,0.0,0.0,0.0,0.0,0.0,0.0,0.0,0.0,0.0,0.0,0.0,0.0,0.0,0.0,8.0,2.0,1.0
1141,9.510003399999992,0,8.2214,1.7528,1.832,1.7322,0.1687,0.0029,0.0069,0.0001,0.0287,0.0412,0.0021,0.0006,0.0094,0.0001,0.0016,0.0022,0.0,0.0002,0.008,0.0012,0.0004,0.0027,0.0,0.0807,0.0206,0.0,0.0095,0.0,125.0,0.0,62.0,63.0,54.0,0.0,0.0,0.0,0.0,0.0,0.0,0.0,0.0,0.0,0.0,0.0,0.0,0.0,0.0,0.0,0.0,0.0,0.0,8.0,2.0,1.0
1142,9.518224799999992,0,8.3626,1.8035,1.723,1.6427,0.1721,0.0026,0.0046,0.0001,0.0437,0.0537,0.0025,0.0008,0.0118,0.0002,0.0017,0.0015,0.0001,0.0,0.0085,0.0013,0.0005,0.0027,0.0,0.0965,0.016,0.0001,0.0085,0.0,125.0,0.0,62.0,63.0,54.0,0.0,0.0,0.0,0.0,0.0,0.0,0.0,0.0,0.0,0.0,0.0,0.0,0.0,0.0,0.0,0.0,0.0,0.0,8.0,2.0,1.0
1143,9.526587399999991,0,8.311,1.7387,1.8158,1.7201,0.1681,0.0031,0.0054,0.0002,0.0283,0.0397,0.0022,0.0008,0.0073,0.0002,0.0019,0.0021,0.0001,0.0001,0.0085,0.0012,0.0004,0.0026,0.0001,0.0794,0.0173,0.0,0.008,0.0,125.0,0.0,62.0,63.0,54.0,0.0,0.0,0.0,0.0,0.0,0.0,0.0,0.0,0.0,0.0,0.0,0.0,0.0,0.0,0.0,0.0,0.0,0.0,8.0,2.0,1.0
1144,9.534898399999992,0,8.477,1.8543,1.8759,1.687,0.1658,0.0035,0.0052,0.0001,0.0385,0.0497,0.002,0.0006,0.0098,0.0001,0.0014,0.0013,0.0001,0.0001,0.0083,0.0015,0.0005,0.0023,0.0,0.0871,0.0173,0.0001,0.0095,0.0,125.0,0.0,62.0,63.0,54.0,0.0,0.0,0.0,0.0,0.0,0.0,0.0,0.0,0.0,0.0,0.0,0.0,0.0,0.0,0.0,0.0,0.0,0.0,8.0,2.0,1.0
1145,9.543375399999992,0,8.1481,1.8002,1.7186,1.7702,0.1519,0.0028,0.0061,0.0002,0.0294,0.041,0.0024,0.0007,0.0091,0.0001,0.0015,0.0018,0.0001,0.0001,0.0082,0.0011,0.0009,0.0023,0.0001,0.0779,0.0146,0.0,0.0083,0.0,125.0,0.0,62.0,63.0,54.0,0.0,0.0,0.0,0.0,0.0,0.0,0.0,0.0,0.0,0.0,0.0,0.0,0.0,0.0,0.0,0.0,0.0,0.0,8.0,2.0,1.0
1146,9.551523499999991,0,8.3757,1.7331,1.7731,1.7068,0.1672,0.0031,0.0065,0.0003,0.0355,0.048,0.0024,0.0008,0.01,0.0001,0.0015,0.0018,0.0001,0.0001,0.0081,0.0011,0.001,0.0024,0.0,0.0869,0.0184,0.0,0.0086,0.0,125.0,0.0,62.0,63.0,54.0,0.0,0.0,0.0,0.0,0.0,0.0,0.0,0.0,0.0,0.0,0.0,0.0,0.0,0.0,0.0,0.0,0.0,0.0,8.0,2.0,1.0
1147,9.559899199999991,0,8.5903,1.6866,1.9379,1.6082,0.1683,0.0036,0.008,0.0003,0.0283,0.0427,0.002,0.0006,0.0105,0.0001,0.0021,0.0014,0.0001,0.0001,0.0082,0.0012,0.0005,0.0023,0.0,0.0803,0.0177,0.0,0.0093,0.0,125.0,0.0,62.0,63.0,54.0,0.0,0.0,0.0,0.0,0.0,0.0,0.0,0.0,0.0,0.0,0.0,0.0,0.0,0.0,0.0,0.0,0.0,0.0,8.0,2.0,1.0
1148,9.568489499999991,0,8.2654,2.0624,1.9212,1.8925,0.1798,0.0026,0.0058,0.0002,0.044,0.0552,0.0023,0.0009,0.0101,0.0001,0.0017,0.0014,0.0,0.0002,0.0085,0.0012,0.0005,0.0027,0.0,0.096,0.0191,0.0001,0.0083,0.0,125.0,0.0,62.0,63.0,54.0,0.0,0.0,0.0,0.0,0.0,0.0,0.0,0.0,0.0,0.0,0.0,0.0,0.0,0.0,0.0,0.0,0.0,0.0,8.0,2.0,1.0
1149,9.576754899999992,0,8.2283,1.828,1.8843,1.6921,0.1692,0.0027,0.0053,0.0001,0.0321,0.0425,0.0026,0.001,0.0118,0.0001,0.0016,0.0018,0.0001,0.0001,0.0083,0.0013,0.0005,0.0027,0.0,0.0859,0.0204,0.0,0.0079,0.0,125.0,0.0,62.0,63.0,54.0,0.0,0.0,0.0,0.0,0.0,0.0,0.0,0.0,0.0,0.0,0.0,0.0,0.0,0.0,0.0,0.0,0.0,0.0,8.0,2.0,1.0
1150,9.584983199999993,0,8.2829,1.7805,1.8298,1.6817,0.1733,0.0034,0.007,0.0003,0.0353,0.0483,0.0025,0.0008,0.0113,0.0002,0.0015,0.0013,0.0002,0.0001,0.0082,0.0012,0.0005,0.0028,0.0,0.0905,0.0175,0.0001,0.0079,0.0,125.0,0.0,62.0,63.0,54.0,0.0,0.0,0.0,0.0,0.0,0.0,0.0,0.0,0.0,0.0,0.0,0.0,0.0,0.0,0.0,0.0,0.0,0.0,8.0,2.0,1.0
1151,9.593266099999992,0,8.3239,1.9156,1.7961,1.6351,0.1606,0.0026,0.0048,0.0001,0.03,0.0395,0.0022,0.0008,0.0086,0.0004,0.0016,0.0013,0.0,0.0001,0.0088,0.0017,0.0005,0.0027,0.0001,0.0785,0.0199,0.0,0.0081,0.0,125.0,0.0,62.0,63.0,54.0,0.0,0.0,0.0,0.0,0.0,0.0,0.0,0.0,0.0,0.0,0.0,0.0,0.0,0.0,0.0,0.0,0.0,0.0,8.0,2.0,1.0
1152,9.601589999999993,0,8.2861,1.915,1.7471,1.7043,0.1781,0.0028,0.0061,0.0002,0.0431,0.0546,0.0023,0.0007,0.0112,0.0002,0.0021,0.0014,0.0002,0.0001,0.0082,0.0012,0.0005,0.0026,0.0,0.096,0.0187,0.0001,0.0091,0.0,125.0,0.0,62.0,63.0,54.0,0.0,0.0,0.0,0.0,0.0,0.0,0.0,0.0,0.0,0.0,0.0,0.0,0.0,0.0,0.0,0.0,0.0,0.0,8.0,2.0,1.0
1153,9.609876099999992,0,8.6069,1.7752,1.8096,1.6807,0.1741,0.003,0.0067,0.0002,0.0327,0.0448,0.0019,0.0007,0.01,0.0001,0.002,0.0017,0.0001,0.0001,0.0088,0.001,0.0005,0.0023,0.0,0.0844,0.0194,0.0,0.0103,0.0,125.0,0.0,62.0,63.0,54.0,0.0,0.0,0.0,0.0,0.0,0.0,0.0,0.0,0.0,0.0,0.0,0.0,0.0,0.0,0.0,0.0,0.0,0.0,8.0,2.0,1.0
1154,9.618482999999992,0,8.0747,1.9256,1.9219,1.7971,0.1737,0.0028,0.0068,0.0002,0.0375,0.0493,0.0023,0.0007,0.0106,0.0002,0.0018,0.0014,0.0,0.0001,0.0087,0.0013,0.0005,0.0026,0.0001,0.0912,0.0184,0.0,0.0077,0.0,125.0,0.0,62.0,63.0,54.0,0.0,0.0,0.0,0.0,0.0,0.0,0.0,0.0,0.0,0.0,0.0,0.0,0.0,0.0,0.0,0.0,0.0,0.0,8.0,2.0,1.0
1155,9.626557699999992,0,8.4466,1.8455,1.7544,1.863,0.1722,0.0032,0.0069,0.0002,0.028,0.0405,0.0023,0.0008,0.0112,0.0001,0.0017,0.0021,0.0001,0.0001,0.0088,0.0016,0.0005,0.0027,0.0001,0.0828,0.0189,0.0,0.009,0.0,125.0,0.0,62.0,63.0,54.0,0.0,0.0,0.0,0.0,0.0,0.0,0.0,0.0,0.0,0.0,0.0,0.0,0.0,0.0,0.0,0.0,0.0,0.0,8.0,2.0,1.0
1156,9.635004299999991,0,8.191,1.997,1.8297,1.8446,0.1675,0.0027,0.0047,0.0002,0.0417,0.0514,0.0025,0.0006,0.0092,0.0001,0.0015,0.0017,0.0001,0.0002,0.008,0.0011,0.0007,0.0023,0.0,0.0885,0.0187,0.0001,0.0078,0.0,125.0,0.0,62.0,63.0,54.0,0.0,0.0,0.0,0.0,0.0,0.0,0.0,0.0,0.0,0.0,0.0,0.0,0.0,0.0,0.0,0.0,0.0,0.0,8.0,2.0,1.0
1157,9.643195299999991,0,8.5631,2.1288,1.8056,1.9579,0.1648,0.0033,0.0075,0.0003,0.0213,0.0343,0.002,0.0006,0.0103,0.0002,0.0018,0.0015,0.0001,0.0004,0.0089,0.0012,0.0005,0.0028,0.0001,0.0764,0.0187,0.0001,0.0087,0.0,125.0,0.0,62.0,63.0,54.0,0.0,0.0,0.0,0.0,0.0,0.0,0.0,0.0,0.0,0.0,0.0,0.0,0.0,0.0,0.0,0.0,0.0,0.0,8.0,2.0,1.0
1158,9.651758399999991,0,8.2945,1.821,1.981,1.8096,0.1777,0.0028,0.007,0.0001,0.0352,0.0491,0.0026,0.0008,0.0098,0.0002,0.0016,0.002,0.0001,0.0002,0.0089,0.0016,0.0005,0.003,0.0,0.0899,0.0182,0.0,0.0083,0.0,125.0,0.0,62.0,63.0,54.0,0.0,0.0,0.0,0.0,0.0,0.0,0.0,0.0,0.0,0.0,0.0,0.0,0.0,0.0,0.0,0.0,0.0,0.0,8.0,2.0,1.0
1159,9.660052899999991,0,8.2503,1.9682,1.9087,1.7016,0.1716,0.0028,0.0052,0.0002,0.0333,0.0444,0.0028,0.0008,0.012,0.0001,0.0021,0.0014,0.0,0.0006,0.0084,0.0013,0.0005,0.0027,0.0,0.0878,0.0206,0.0,0.0098,0.0,125.0,0.0,62.0,63.0,56.0,0.0,0.0,0.0,0.0,0.0,0.0,0.0,0.0,0.0,0.0,0.0,0.0,0.0,0.0,0.0,0.0,0.0,0.0,8.0,2.0,1.0
1160,9.668303199999992,0,8.407,1.9205,1.7562,1.6419,0.1651,0.0027,0.0058,0.0005,0.0387,0.0502,0.0026,0.0008,0.0097,0.0001,0.0016,0.0014,0.0001,0.0002,0.0082,0.0011,0.0004,0.0025,0.0,0.087,0.0178,0.0,0.009,0.0,125.0,0.0,62.0,63.0,56.0,0.0,0.0,0.0,0.0,0.0,0.0,0.0,0.0,0.0,0.0,0.0,0.0,0.0,0.0,0.0,0.0,0.0,0.0,8.0,2.0,1.0
1161,9.676710199999992,0,8.1789,1.8432,1.8281,1.6502,0.1567,0.0036,0.0066,0.0001,0.0282,0.0409,0.002,0.0007,0.0096,0.0001,0.002,0.0015,0.0,0.0002,0.0082,0.001,0.0004,0.0025,0.0001,0.0783,0.0165,0.0001,0.0104,0.0,125.0,0.0,62.0,63.0,56.0,0.0,0.0,0.0,0.0,0.0,0.0,0.0,0.0,0.0,0.0,0.0,0.0,0.0,0.0,0.0,0.0,0.0,0.0,8.0,2.0,1.0
1162,9.684889099999992,0,8.3842,1.9085,1.8584,1.6816,0.1662,0.0031,0.0074,0.0002,0.031,0.0439,0.0019,0.0006,0.0092,0.0001,0.0012,0.0021,0.0001,0.0001,0.0079,0.0012,0.0007,0.0027,0.0001,0.0823,0.0165,0.0,0.0089,0.0,125.0,0.0,62.0,63.0,56.0,0.0,0.0,0.0,0.0,0.0,0.0,0.0,0.0,0.0,0.0,0.0,0.0,0.0,0.0,0.0,0.0,0.0,0.0,8.0,2.0,1.0
1163,9.693273299999992,0,8.425,1.8845,1.7517,1.6385,0.1783,0.0026,0.0052,0.0003,0.0348,0.0452,0.0022,0.0011,0.0127,0.0002,0.0016,0.0024,0.0002,0.0001,0.0081,0.0017,0.0004,0.0027,0.0,0.0901,0.0202,0.0,0.0088,0.0,125.0,0.0,62.0,63.0,56.0,0.0,0.0,0.0,0.0,0.0,0.0,0.0,0.0,0.0,0.0,0.0,0.0,0.0,0.0,0.0,0.0,0.0,0.0,8.0,2.0,1.0
1164,9.701698299999993,0,8.2759,1.8531,1.8866,1.7256,0.1611,0.0031,0.0063,0.0001,0.0349,0.0464,0.0024,0.0006,0.0098,0.0001,0.0014,0.0017,0.0,0.0002,0.0083,0.0016,0.0004,0.0024,0.0,0.0843,0.0165,0.0,0.0075,0.0,125.0,0.0,62.0,63.0,56.0,0.0,0.0,0.0,0.0,0.0,0.0,0.0,0.0,0.0,0.0,0.0,0.0,0.0,0.0,0.0,0.0,0.0,0.0,8.0,2.0,1.0
1165,9.709974199999992,0,8.1708,1.8885,1.7766,1.7504,0.1556,0.0028,0.0049,0.0001,0.0293,0.0392,0.0024,0.0007,0.0114,0.0002,0.0019,0.0014,0.0001,0.0002,0.0083,0.0013,0.0004,0.0028,0.0,0.0807,0.0155,0.0001,0.0088,0.0,125.0,0.0,62.0,63.0,56.0,0.0,0.0,0.0,0.0,0.0,0.0,0.0,0.0,0.0,0.0,0.0,0.0,0.0,0.0,0.0,0.0,0.0,0.0,8.0,2.0,1.0
1166,9.718144999999993,0,8.529,1.8995,1.7158,1.6262,0.1738,0.003,0.0047,0.0001,0.0432,0.0532,0.0024,0.0006,0.0107,0.0001,0.0016,0.0019,0.0001,0.0001,0.0086,0.0012,0.0005,0.0027,0.0001,0.094,0.0193,0.0,0.0097,0.0,125.0,0.0,62.0,63.0,56.0,0.0,0.0,0.0,0.0,0.0,0.0,0.0,0.0,0.0,0.0,0.0,0.0,0.0,0.0,0.0,0.0,0.0,0.0,8.0,2.0,1.0
1167,9.726673999999992,0,8.2226,1.849,1.8097,1.7082,0.1512,0.0028,0.0062,0.0008,0.0265,0.0383,0.0019,0.0008,0.0094,0.0002,0.002,0.0014,0.0,0.0001,0.0089,0.0011,0.0004,0.0024,0.0,0.0759,0.0157,0.0,0.0083,0.0,125.0,0.0,62.0,63.0,56.0,0.0,0.0,0.0,0.0,0.0,0.0,0.0,0.0,0.0,0.0,0.0,0.0,0.0,0.0,0.0,0.0,0.0,0.0,8.0,2.0,1.0
1168,9.734896599999992,0,8.4193,1.9689,1.8263,1.8063,0.1653,0.0032,0.0063,0.0002,0.0325,0.0444,0.0022,0.0006,0.0099,0.0002,0.0016,0.0013,0.0,0.0001,0.008,0.0011,0.0005,0.0025,0.0001,0.0818,0.0195,0.0,0.0095,0.0,125.0,0.0,62.0,63.0,56.0,0.0,0.0,0.0,0.0,0.0,0.0,0.0,0.0,0.0,0.0,0.0,0.0,0.0,0.0,0.0,0.0,0.0,0.0,8.0,2.0,1.0
1169,9.743315899999992,0,8.3291,1.9518,1.827,1.7114,0.1693,0.003,0.005,0.0002,0.0306,0.0415,0.0025,0.0008,0.0122,0.0002,0.0015,0.0018,0.0001,0.0001,0.0086,0.0014,0.0006,0.0027,0.0001,0.0845,0.0188,0.0,0.0087,0.0,125.0,0.0,62.0,63.0,56.0,0.0,0.0,0.0,0.0,0.0,0.0,0.0,0.0,0.0,0.0,0.0,0.0,0.0,0.0,0.0,0.0,0.0,0.0,8.0,2.0,1.0
1170,9.751644999999991,0,8.3119,1.8125,1.8783,1.6715,0.176,0.0054,0.0079,0.0003,0.0267,0.0425,0.0021,0.0008,0.0112,0.0002,0.0016,0.0016,0.0,0.0001,0.0086,0.0013,0.0005,0.0026,0.0,0.0832,0.0194,0.0001,0.0087,0.0,125.0,0.0,62.0,63.0,56.0,0.0,0.0,0.0,0.0,0.0,0.0,0.0,0.0,0.0,0.0,0.0,0.0,0.0,0.0,0.0,0.0,0.0,0.0,8.0,2.0,1.0
1171,9.759956899999992,0,8.3683,2.0977,1.8143,1.7816,0.1562,0.0033,0.0066,0.0002,0.026,0.0393,0.0018,0.0011,0.0099,0.0001,0.002,0.0015,0.0001,0.0005,0.0085,0.0011,0.0004,0.0025,0.0001,0.0776,0.0163,0.0,0.0096,0.0,125.0,0.0,62.0,63.0,56.0,0.0,0.0,0.0,0.0,0.0,0.0,0.0,0.0,0.0,0.0,0.0,0.0,0.0,0.0,0.0,0.0,0.0,0.0,8.0,2.0,1.0
1172,9.768325199999992,0,8.364,1.9784,1.8717,1.7408,0.1791,0.0027,0.0058,0.0003,0.04,0.0508,0.003,0.0008,0.0114,0.0001,0.0017,0.0018,0.0001,0.0001,0.0095,0.0012,0.0005,0.003,0.0,0.0949,0.0203,0.0001,0.009,0.0,125.0,0.0,62.0,63.0,56.0,0.0,0.0,0.0,0.0,0.0,0.0,0.0,0.0,0.0,0.0,0.0,0.0,0.0,0.0,0.0,0.0,0.0,0.0,8.0,2.0,1.0
1173,9.776689199999993,0,8.2321,1.8882,1.849,1.7391,0.167,0.0025,0.0047,0.0002,0.0297,0.0392,0.0024,0.0008,0.0124,0.0001,0.0016,0.0017,0.0001,0.0001,0.0088,0.0017,0.0006,0.0027,0.0001,0.0837,0.0203,0.0,0.009,0.0,125.0,0.0,62.0,63.0,56.0,0.0,0.0,0.0,0.0,0.0,0.0,0.0,0.0,0.0,0.0,0.0,0.0,0.0,0.0,0.0,0.0,0.0,0.0,8.0,2.0,1.0
1174,9.784921299999993,0,8.5112,1.8362,1.8834,1.6193,0.1887,0.0032,0.0054,0.0003,0.0467,0.0577,0.0024,0.0008,0.0105,0.0002,0.0015,0.0019,0.0001,0.0001,0.0082,0.0016,0.0005,0.0027,0.0,0.0995,0.02,0.0001,0.0096,0.0,125.0,0.0,62.0,63.0,56.0,0.0,0.0,0.0,0.0,0.0,0.0,0.0,0.0,0.0,0.0,0.0,0.0,0.0,0.0,0.0,0.0,0.0,0.0,8.0,2.0,1.0
1175,9.793432499999993,0,8.31,1.8597,1.8858,1.694,0.1712,0.0027,0.0044,0.0003,0.0302,0.04,0.0022,0.0009,0.012,0.0006,0.0016,0.0019,0.0001,0.0001,0.0087,0.0016,0.0005,0.0031,0.0,0.0842,0.0202,0.0,0.0087,0.0,125.0,0.0,62.0,63.0,56.0,0.0,0.0,0.0,0.0,0.0,0.0,0.0,0.0,0.0,0.0,0.0,0.0,0.0,0.0,0.0,0.0,0.0,0.0,8.0,2.0,1.0
1176,9.801742499999992,0,8.2759,1.8532,1.9564,1.6935,0.1663,0.003,0.0048,0.0002,0.0385,0.049,0.0019,0.0006,0.0088,0.0002,0.002,0.0014,0.0002,0.0001,0.0089,0.0011,0.0005,0.0027,0.0,0.0862,0.0192,0.0001,0.0097,0.0,125.0,0.0,62.0,63.0,56.0,0.0,0.0,0.0,0.0,0.0,0.0,0.0,0.0,0.0,0.0,0.0,0.0,0.0,0.0,0.0,0.0,0.0,0.0,8.0,2.0,1.0
1177,9.810018399999992,0,8.2544,1.7837,1.8016,1.5624,0.1773,0.0036,0.0074,0.0002,0.0322,0.0455,0.0028,0.001,0.0115,0.0002,0.0015,0.0014,0.0001,0.0001,0.0091,0.0012,0.0005,0.0028,0.0,0.087,0.0194,0.0001,0.0092,0.0,125.0,0.0,62.0,63.0,56.0,0.0,0.0,0.0,0.0,0.0,0.0,0.0,0.0,0.0,0.0,0.0,0.0,0.0,0.0,0.0,0.0,0.0,0.0,8.0,2.0,1.0
1178,9.818272799999992,0,8.3213,1.8826,1.779,1.6325,0.1683,0.0026,0.0051,0.0002,0.0382,0.0483,0.0025,0.0008,0.012,0.0002,0.0012,0.0013,0.0001,0.0001,0.0083,0.0012,0.0009,0.0026,0.0,0.0909,0.0185,0.0001,0.0094,0.0,125.0,0.0,62.0,63.0,56.0,0.0,0.0,0.0,0.0,0.0,0.0,0.0,0.0,0.0,0.0,0.0,0.0,0.0,0.0,0.0,0.0,0.0,0.0,8.0,2.0,1.0
1179,9.826594099999992,0,8.3897,1.8292,1.866,1.6921,0.1716,0.0029,0.0061,0.0002,0.0336,0.045,0.0022,0.0007,0.0101,0.0001,0.0017,0.0017,0.0005,0.0002,0.0091,0.0017,0.0005,0.0025,0.0001,0.086,0.0186,0.0,0.0093,0.0,125.0,0.0,62.0,63.0,56.0,0.0,0.0,0.0,0.0,0.0,0.0,0.0,0.0,0.0,0.0,0.0,0.0,0.0,0.0,0.0,0.0,0.0,0.0,8.0,2.0,1.0
1180,9.834983799999993,0,8.3695,1.8636,1.7537,1.6423,0.1753,0.0031,0.0047,0.0002,0.0389,0.0494,0.0029,0.0007,0.0125,0.0001,0.0014,0.0015,0.0001,0.0001,0.0083,0.0012,0.0005,0.0027,0.0,0.0927,0.0184,0.0,0.0087,0.0,125.0,0.0,62.0,63.0,56.0,0.0,0.0,0.0,0.0,0.0,0.0,0.0,0.0,0.0,0.0,0.0,0.0,0.0,0.0,0.0,0.0,0.0,0.0,8.0,2.0,1.0
1181,9.843353299999993,0,8.2635,1.8888,1.8466,1.7709,0.1695,0.0032,0.0074,0.0002,0.0274,0.0401,0.0022,0.0006,0.0103,0.0002,0.0021,0.0014,0.0001,0.0001,0.0087,0.0011,0.0005,0.0031,0.0,0.0807,0.0177,0.0,0.0085,0.0,125.0,0.0,62.0,63.0,56.0,0.0,0.0,0.0,0.0,0.0,0.0,0.0,0.0,0.0,0.0,0.0,0.0,0.0,0.0,0.0,0.0,0.0,0.0,8.0,2.0,1.0
1182,9.851616799999993,0,8.3181,1.9454,1.8461,1.7023,0.1758,0.0025,0.0066,0.0001,0.0371,0.0483,0.0025,0.0011,0.0117,0.0006,0.0015,0.0019,0.0001,0.0002,0.008,0.0013,0.0005,0.0028,0.0001,0.0916,0.0201,0.0001,0.0089,0.0,125.0,0.0,62.0,63.0,56.0,0.0,0.0,0.0,0.0,0.0,0.0,0.0,0.0,0.0,0.0,0.0,0.0,0.0,0.0,0.0,0.0,0.0,0.0,8.0,2.0,1.0
1183,9.859934899999994,0,8.3491,1.8931,1.782,1.6564,0.1733,0.0029,0.0049,0.0002,0.0352,0.0456,0.0024,0.0008,0.0104,0.0002,0.0017,0.0018,0.0001,0.0002,0.0093,0.0016,0.0005,0.0028,0.0001,0.0863,0.0204,0.0,0.0086,0.0,125.0,0.0,62.0,63.0,56.0,0.0,0.0,0.0,0.0,0.0,0.0,0.0,0.0,0.0,0.0,0.0,0.0,0.0,0.0,0.0,0.0,0.0,0.0,8.0,2.0,1.0
1184,9.868283999999994,0,8.2376,1.8762,1.7582,1.6904,0.1577,0.0023,0.006,0.0001,0.0366,0.047,0.0019,0.0006,0.0089,0.0002,0.0012,0.0013,0.0001,0.0001,0.0078,0.0012,0.0005,0.0029,0.0,0.0825,0.017,0.0001,0.0088,0.0,125.0,0.0,62.0,63.0,56.0,0.0,0.0,0.0,0.0,0.0,0.0,0.0,0.0,0.0,0.0,0.0,0.0,0.0,0.0,0.0,0.0,0.0,0.0,8.0,2.0,1.0
1185,9.876521599999993,0,8.3498,1.8371,1.7369,1.6142,0.2018,0.0029,0.007,0.0003,0.0244,0.0374,0.0026,0.0006,0.0106,0.0001,0.0018,0.0013,0.0001,0.0001,0.0083,0.0012,0.0004,0.0028,0.0001,0.0773,0.0191,0.0,0.008,0.0,125.0,0.0,62.0,63.0,56.0,0.0,0.0,0.0,0.0,0.0,0.0,0.0,0.0,0.0,0.0,0.0,0.0,0.0,0.0,0.0,0.0,0.0,0.0,8.0,2.0,1.0
1186,9.884871399999993,0,8.5026,1.9486,1.8615,1.6087,0.181,0.003,0.0074,0.0003,0.0332,0.0468,0.0023,0.0011,0.0109,0.0001,0.0015,0.0016,0.0001,0.0001,0.0084,0.0013,0.0004,0.003,0.0,0.089,0.0197,0.0001,0.0087,0.0,125.0,0.0,62.0,63.0,56.0,0.0,0.0,0.0,0.0,0.0,0.0,0.0,0.0,0.0,0.0,0.0,0.0,0.0,0.0,0.0,0.0,0.0,0.0,8.0,2.0,1.0
1187,9.893373999999993,0,8.2444,1.9078,1.799,1.6796,0.1691,0.003,0.0069,0.0002,0.0281,0.0415,0.0027,0.0009,0.0109,0.0001,0.0018,0.0015,0.0,0.0001,0.0081,0.0015,0.0004,0.0029,0.0001,0.0807,0.0193,0.0001,0.0093,0.0,125.0,0.0,62.0,63.0,56.0,0.0,0.0,0.0,0.0,0.0,0.0,0.0,0.0,0.0,0.0,0.0,0.0,0.0,0.0,0.0,0.0,0.0,0.0,8.0,2.0,1.0
1188,9.901618399999993,0,8.5668,1.9984,1.9836,1.6846,0.1817,0.0028,0.0048,0.0003,0.0369,0.0473,0.0026,0.001,0.0118,0.0002,0.0016,0.0015,0.0001,0.0001,0.0084,0.0011,0.0005,0.003,0.0,0.0908,0.0188,0.0001,0.0085,0.0,125.0,0.0,62.0,63.0,56.0,0.0,0.0,0.0,0.0,0.0,0.0,0.0,0.0,0.0,0.0,0.0,0.0,0.0,0.0,0.0,0.0,0.0,0.0,8.0,2.0,1.0
1189,9.910185199999994,0,8.0692,2.0254,1.8914,1.663,0.1668,0.0027,0.005,0.0002,0.0281,0.0384,0.0029,0.001,0.0128,0.0002,0.002,0.0012,0.0001,0.0001,0.0087,0.0013,0.0005,0.0029,0.0,0.0816,0.0204,0.0,0.0085,0.0,125.0,0.0,62.0,63.0,56.0,0.0,0.0,0.0,0.0,0.0,0.0,0.0,0.0,0.0,0.0,0.0,0.0,0.0,0.0,0.0,0.0,0.0,0.0,8.0,2.0,1.0
1190,9.918254399999993,0,8.2909,1.7884,1.7417,1.6938,0.1678,0.0031,0.0049,0.0001,0.0411,0.0514,0.0022,0.0007,0.0098,0.0001,0.0021,0.0015,0.0001,0.0001,0.0083,0.0011,0.0004,0.0023,0.0,0.0902,0.0182,0.0,0.0077,0.0,125.0,0.0,62.0,63.0,56.0,0.0,0.0,0.0,0.0,0.0,0.0,0.0,0.0,0.0,0.0,0.0,0.0,0.0,0.0,0.0,0.0,0.0,0.0,8.0,2.0,1.0
1191,9.926545299999994,0,8.3215,1.8262,1.6776,1.5943,0.1674,0.0028,0.0048,0.0002,0.0362,0.0463,0.0023,0.0008,0.0113,0.0002,0.002,0.0016,0.0001,0.0001,0.0084,0.0013,0.0004,0.0026,0.0,0.0867,0.019,0.0001,0.0082,0.0,125.0,0.0,62.0,63.0,56.0,0.0,0.0,0.0,0.0,0.0,0.0,0.0,0.0,0.0,0.0,0.0,0.0,0.0,0.0,0.0,0.0,0.0,0.0,8.0,2.0,1.0
1192,9.934866799999993,0,8.5087,1.8115,1.7756,1.7553,0.1841,0.0032,0.0074,0.0002,0.0392,0.0531,0.0026,0.0007,0.011,0.0001,0.002,0.0015,0.0,0.0006,0.0087,0.0013,0.0005,0.0028,0.0,0.0962,0.0191,0.0,0.0094,0.0,125.0,0.0,62.0,63.0,56.0,0.0,0.0,0.0,0.0,0.0,0.0,0.0,0.0,0.0,0.0,0.0,0.0,0.0,0.0,0.0,0.0,0.0,0.0,8.0,2.0,1.0
1193,9.943375499999993,0,8.2155,1.9047,1.8374,1.6159,0.1449,0.0027,0.005,0.0002,0.031,0.0411,0.0017,0.0006,0.0073,0.0001,0.0017,0.0013,0.0,0.0001,0.0079,0.0013,0.0004,0.0022,0.0,0.0747,0.0135,0.0,0.0096,0.0,125.0,0.0,62.0,63.0,56.0,0.0,0.0,0.0,0.0,0.0,0.0,0.0,0.0,0.0,0.0,0.0,0.0,0.0,0.0,0.0,0.0,0.0,0.0,8.0,2.0,1.0
1194,9.951590999999993,0,8.3316,1.8817,1.8491,1.753,0.1674,0.0027,0.0058,0.0002,0.0327,0.0444,0.002,0.0007,0.0097,0.0001,0.0019,0.0016,0.0001,0.0001,0.0082,0.0013,0.0005,0.0025,0.0,0.0828,0.0195,0.0001,0.0091,0.0,125.0,0.0,62.0,63.0,56.0,0.0,0.0,0.0,0.0,0.0,0.0,0.0,0.0,0.0,0.0,0.0,0.0,0.0,0.0,0.0,0.0,0.0,0.0,8.0,2.0,1.0
1195,9.959922599999993,0,8.3976,1.874,1.7185,1.6489,0.1498,0.0024,0.0061,0.0002,0.0242,0.035,0.002,0.0006,0.007,0.0001,0.0015,0.0019,0.0001,0.0001,0.0081,0.0015,0.0005,0.0023,0.0,0.0708,0.0161,0.0001,0.0098,0.0,125.0,0.0,62.0,63.0,56.0,0.0,0.0,0.0,0.0,0.0,0.0,0.0,0.0,0.0,0.0,0.0,0.0,0.0,0.0,0.0,0.0,0.0,0.0,8.0,2.0,1.0
1196,9.968320199999994,0,8.2486,1.9722,1.8261,1.921,0.1586,0.0025,0.0061,0.0002,0.0347,0.0455,0.002,0.0012,0.01,0.0001,0.0018,0.0011,0.0001,0.0001,0.0078,0.0013,0.0005,0.0023,0.0,0.0819,0.017,0.0,0.009,0.0,125.0,0.0,62.0,63.0,56.0,0.0,0.0,0.0,0.0,0.0,0.0,0.0,0.0,0.0,0.0,0.0,0.0,0.0,0.0,0.0,0.0,0.0,0.0,8.0,2.0,1.0
1197,9.976568799999994,0,8.4094,2.0216,1.8256,1.6689,0.168,0.0026,0.0059,0.0002,0.03,0.0412,0.0027,0.0008,0.0124,0.0002,0.0015,0.0016,0.0001,0.0001,0.0083,0.0012,0.0005,0.0027,0.0,0.0845,0.0193,0.0005,0.0083,0.0,125.0,0.0,62.0,63.0,56.0,0.0,0.0,0.0,0.0,0.0,0.0,0.0,0.0,0.0,0.0,0.0,0.0,0.0,0.0,0.0,0.0,0.0,0.0,8.0,2.0,1.0
1198,9.984978199999993,0,8.3293,1.8248,1.874,1.6235,0.1672,0.0026,0.0059,0.0002,0.0349,0.046,0.0029,0.0007,0.0116,0.0001,0.002,0.0013,0.0001,0.0001,0.0081,0.0011,0.0005,0.0023,0.0001,0.0856,0.0184,0.0,0.009,0.0,125.0,0.0,62.0,63.0,56.0,0.0,0.0,0.0,0.0,0.0,0.0,0.0,0.0,0.0,0.0,0.0,0.0,0.0,0.0,0.0,0.0,0.0,0.0,8.0,2.0,1.0
1199,9.993307499999993,0,8.4396,1.792,1.816,1.7427,0.1735,0.003,0.0069,0.0002,0.0278,0.0413,0.0022,0.0008,0.0109,0.0002,0.002,0.0015,0.0,0.0005,0.0082,0.0014,0.0005,0.0029,0.0,0.0827,0.0195,0.0,0.0077,0.0,125.0,0.0,62.0,63.0,56.0,0.0,0.0,0.0,0.0,0.0,0.0,0.0,0.0,0.0,0.0,0.0,0.0,0.0,0.0,0.0,0.0,0.0,0.0,8.0,2.0,1.0
1200,10.001747099999994,0,8.1729,1.907,1.8923,1.7483,0.176,0.0025,0.0059,0.0001,0.0374,0.0489,0.0032,0.0013,0.013,0.0001,0.0013,0.0019,0.0001,0.0001,0.0082,0.0017,0.0004,0.0028,0.0001,0.0928,0.0192,0.0001,0.0081,0.0,125.0,0.0,62.0,63.0,56.0,0.0,0.0,0.0,0.0,0.0,0.0,0.0,0.0,0.0,0.0,0.0,0.0,0.0,0.0,0.0,0.0,0.0,0.0,8.0,2.0,1.0
1201,10.009919999999994,0,8.3601,1.801,1.7202,1.6299,0.1554,0.0033,0.0063,0.0001,0.0269,0.0385,0.0023,0.0006,0.0089,0.0002,0.0014,0.0013,0.0,0.0001,0.0083,0.0011,0.0004,0.0027,0.0,0.0752,0.0191,0.0001,0.0084,0.0,125.0,0.0,62.0,63.0,56.0,0.0,0.0,0.0,0.0,0.0,0.0,0.0,0.0,0.0,0.0,0.0,0.0,0.0,0.0,0.0,0.0,0.0,0.0,8.0,2.0,1.0
1202,10.018280099999995,0,8.3221,1.767,1.8055,1.6761,0.1755,0.003,0.0056,0.0002,0.0431,0.0543,0.0024,0.001,0.0109,0.0002,0.0016,0.0013,0.0001,0.0001,0.0089,0.0011,0.0005,0.0027,0.0001,0.0949,0.0188,0.0,0.0087,0.0,125.0,0.0,62.0,63.0,56.0,0.0,0.0,0.0,0.0,0.0,0.0,0.0,0.0,0.0,0.0,0.0,0.0,0.0,0.0,0.0,0.0,0.0,0.0,8.0,2.0,1.0
1203,10.026602199999996,0,8.4914,1.7299,1.8723,1.7354,0.1675,0.0028,0.0061,0.0002,0.026,0.0376,0.002,0.0008,0.011,0.0002,0.0018,0.0015,0.0001,0.0001,0.0084,0.0012,0.001,0.0026,0.0001,0.0789,0.0193,0.0,0.0089,0.0,125.0,0.0,62.0,63.0,56.0,0.0,0.0,0.0,0.0,0.0,0.0,0.0,0.0,0.0,0.0,0.0,0.0,0.0,0.0,0.0,0.0,0.0,0.0,8.0,2.0,1.0
1204,10.035093599999996,0,8.24,1.8865,1.906,1.6167,0.1858,0.0029,0.0069,0.0002,0.0395,0.0524,0.0023,0.0006,0.0112,0.0002,0.0017,0.0015,0.0,0.0001,0.0083,0.0013,0.0005,0.0028,0.0001,0.0949,0.02,0.0,0.0095,0.0,125.0,0.0,62.0,63.0,56.0,0.0,0.0,0.0,0.0,0.0,0.0,0.0,0.0,0.0,0.0,0.0,0.0,0.0,0.0,0.0,0.0,0.0,0.0,8.0,2.0,1.0
1205,10.043333599999997,0,8.2971,1.8181,1.8251,1.7501,0.1704,0.0028,0.0067,0.0003,0.0277,0.0398,0.0022,0.0007,0.0114,0.0001,0.0014,0.0016,0.0002,0.0002,0.0088,0.0013,0.0005,0.0032,0.0001,0.0823,0.0173,0.0001,0.009,0.0,125.0,0.0,62.0,63.0,56.0,0.0,0.0,0.0,0.0,0.0,0.0,0.0,0.0,0.0,0.0,0.0,0.0,0.0,0.0,0.0,0.0,0.0,0.0,8.0,2.0,1.0
1206,10.051630699999997,0,8.3386,1.8638,1.828,1.7883,0.1753,0.0024,0.006,0.0002,0.0383,0.0492,0.0028,0.0008,0.0124,0.0001,0.0018,0.0014,0.0001,0.0001,0.0081,0.0013,0.0005,0.0028,0.0,0.0924,0.0213,0.0001,0.0086,0.0,125.0,0.0,62.0,63.0,56.0,0.0,0.0,0.0,0.0,0.0,0.0,0.0,0.0,0.0,0.0,0.0,0.0,0.0,0.0,0.0,0.0,0.0,0.0,8.0,2.0,1.0
1207,10.059969299999997,0,8.4867,1.856,1.9851,1.6635,0.1829,0.0026,0.0053,0.0002,0.0365,0.0475,0.0027,0.0009,0.0122,0.0002,0.0022,0.0018,0.0001,0.0001,0.0086,0.0012,0.0005,0.0031,0.0001,0.0927,0.0198,0.0,0.0083,0.0,125.0,0.0,62.0,63.0,56.0,0.0,0.0,0.0,0.0,0.0,0.0,0.0,0.0,0.0,0.0,0.0,0.0,0.0,0.0,0.0,0.0,0.0,0.0,8.0,2.0,1.0
1208,10.068455999999998,0,8.3832,1.949,1.9146,1.6176,0.1858,0.0028,0.0056,0.0003,0.0464,0.0578,0.0023,0.0014,0.0117,0.0006,0.0016,0.0021,0.0001,0.0001,0.0083,0.0012,0.0006,0.0027,0.0001,0.1003,0.0178,0.0001,0.0085,0.0,125.0,0.0,62.0,63.0,56.0,0.0,0.0,0.0,0.0,0.0,0.0,0.0,0.0,0.0,0.0,0.0,0.0,0.0,0.0,0.0,0.0,0.0,0.0,8.0,2.0,1.0
1209,10.076839199999998,0,8.1058,1.8938,1.9407,1.8031,0.1609,0.0033,0.0064,0.0002,0.0285,0.0407,0.0019,0.0006,0.0093,0.0002,0.0015,0.0015,0.0001,0.0002,0.0079,0.0011,0.0004,0.0026,0.0,0.0778,0.0198,0.0001,0.0083,0.0,125.0,0.0,62.0,63.0,56.0,0.0,0.0,0.0,0.0,0.0,0.0,0.0,0.0,0.0,0.0,0.0,0.0,0.0,0.0,0.0,0.0,0.0,0.0,8.0,2.0,1.0
1210,10.084944999999998,0,8.4952,1.8538,1.826,1.6944,0.1591,0.0034,0.0066,0.0002,0.0255,0.0379,0.0023,0.0006,0.0077,0.0001,0.0016,0.0015,0.0,0.0001,0.0082,0.0013,0.0006,0.0027,0.0,0.0745,0.0179,0.0001,0.0086,0.0,125.0,0.0,62.0,63.0,56.0,0.0,0.0,0.0,0.0,0.0,0.0,0.0,0.0,0.0,0.0,0.0,0.0,0.0,0.0,0.0,0.0,0.0,0.0,8.0,2.0,1.0
1211,10.093440199999998,0,8.2821,1.8118,1.9548,1.5921,0.1811,0.0028,0.0051,0.0002,0.0354,0.046,0.0023,0.0008,0.0122,0.0002,0.0015,0.0025,0.0002,0.0001,0.0083,0.0017,0.0005,0.0028,0.0,0.0907,0.02,0.0001,0.0094,0.0,125.0,0.0,62.0,63.0,58.0,0.0,0.0,0.0,0.0,0.0,0.0,0.0,0.0,0.0,0.0,0.0,0.0,0.0,0.0,0.0,0.0,0.0,0.0,8.0,2.0,1.0
1212,10.101722299999999,0,8.3203,1.8749,1.8768,1.5549,0.1832,0.0031,0.0071,0.0002,0.0421,0.0547,0.0022,0.0007,0.0094,0.0007,0.0015,0.0016,0.0002,0.0001,0.0085,0.0012,0.0005,0.0029,0.0,0.0946,0.0199,0.0001,0.0088,0.0,125.0,0.0,62.0,63.0,60.0,0.0,0.0,0.0,0.0,0.0,0.0,0.0,0.0,0.0,0.0,0.0,0.0,0.0,0.0,0.0,0.0,0.0,0.0,8.0,2.0,1.0
1213,10.110042599999998,0,8.329,1.793,1.8917,1.7485,0.1745,0.0031,0.006,0.0002,0.036,0.0485,0.0025,0.0008,0.0095,0.0002,0.0015,0.0019,0.0,0.0001,0.0082,0.0014,0.0005,0.0025,0.0,0.0876,0.0201,0.0001,0.0112,0.0,125.0,0.0,62.0,63.0,60.0,0.0,0.0,0.0,0.0,0.0,0.0,0.0,0.0,0.0,0.0,0.0,0.0,0.0,0.0,0.0,0.0,0.0,0.0,8.0,2.0,1.0
1214,10.118371599999998,0,8.3223,1.7731,1.956,1.6492,0.223,0.0029,0.005,0.0002,0.0503,0.061,0.0032,0.0013,0.0147,0.0002,0.0025,0.0017,0.0001,0.0001,0.0093,0.0016,0.0005,0.005,0.0,0.1175,0.0317,0.0001,0.0102,0.0,125.0,0.0,62.0,63.0,60.0,0.0,0.0,0.0,0.0,0.0,0.0,0.0,0.0,0.0,0.0,0.0,0.0,0.0,0.0,0.0,0.0,0.0,0.0,8.0,2.0,1.0
1215,10.126693899999998,0,8.5602,1.8279,1.9118,1.754,0.1975,0.0037,0.0077,0.0002,0.0296,0.0441,0.0027,0.0011,0.0114,0.0001,0.0021,0.0017,0.0001,0.0001,0.0097,0.0019,0.0006,0.0034,0.0001,0.0935,0.021,0.0001,0.0093,0.0,125.0,0.0,62.0,63.0,60.0,0.0,0.0,0.0,0.0,0.0,0.0,0.0,0.0,0.0,0.0,0.0,0.0,0.0,0.0,0.0,0.0,0.0,0.0,8.0,2.0,1.0
1216,10.135254099999997,0,8.1177,1.9507,2.0724,1.8399,0.1912,0.0028,0.0067,0.0009,0.037,0.0503,0.0026,0.0008,0.0124,0.0001,0.0017,0.0021,0.0001,0.0001,0.0096,0.0014,0.0004,0.003,0.0001,0.0963,0.0199,0.0001,0.0097,0.0,125.0,0.0,62.0,63.0,60.0,0.0,0.0,0.0,0.0,0.0,0.0,0.0,0.0,0.0,0.0,0.0,0.0,0.0,0.0,0.0,0.0,0.0,0.0,8.0,2.0,1.0
1217,10.143371799999997,0,8.3552,1.8098,1.7445,1.6414,0.1632,0.0026,0.0061,0.0002,0.0282,0.0398,0.002,0.0006,0.0094,0.0002,0.002,0.0016,0.0002,0.0006,0.0084,0.0011,0.0004,0.0028,0.0,0.0778,0.0171,0.0,0.0099,0.0,125.0,0.0,62.0,63.0,60.0,0.0,0.0,0.0,0.0,0.0,0.0,0.0,0.0,0.0,0.0,0.0,0.0,0.0,0.0,0.0,0.0,0.0,0.0,8.0,2.0,1.0
1218,10.151726999999998,0,8.3613,1.8672,2.0361,1.7036,0.1836,0.0028,0.0071,0.0002,0.0422,0.0545,0.0024,0.0007,0.0107,0.0001,0.0013,0.0018,0.0,0.0001,0.0084,0.0016,0.0004,0.0026,0.0,0.0951,0.0195,0.0001,0.0094,0.0,125.0,0.0,62.0,63.0,60.0,0.0,0.0,0.0,0.0,0.0,0.0,0.0,0.0,0.0,0.0,0.0,0.0,0.0,0.0,0.0,0.0,0.0,0.0,8.0,2.0,1.0
1219,10.160088299999998,0,8.3029,1.8031,1.8009,1.675,0.1591,0.0027,0.0061,0.0002,0.0273,0.0382,0.0019,0.0006,0.0096,0.0001,0.0019,0.0015,0.0001,0.0006,0.0083,0.0011,0.0004,0.003,0.0001,0.0766,0.0189,0.0,0.0094,0.0,125.0,0.0,62.0,63.0,60.0,0.0,0.0,0.0,0.0,0.0,0.0,0.0,0.0,0.0,0.0,0.0,0.0,0.0,0.0,0.0,0.0,0.0,0.0,8.0,2.0,1.0
1220,10.168391199999999,0,8.3111,1.8309,1.9064,1.7019,0.1689,0.0029,0.006,0.0003,0.0357,0.047,0.0019,0.0012,0.0104,0.0001,0.0018,0.0014,0.0,0.0001,0.0083,0.0013,0.0005,0.0025,0.0001,0.0857,0.019,0.0001,0.0088,0.0,125.0,0.0,62.0,63.0,60.0,0.0,0.0,0.0,0.0,0.0,0.0,0.0,0.0,0.0,0.0,0.0,0.0,0.0,0.0,0.0,0.0,0.0,0.0,8.0,2.0,1.0
1221,10.176702299999999,0,8.2442,1.7903,1.8645,1.6665,0.2019,0.0029,0.0053,0.0003,0.0308,0.0419,0.002,0.0007,0.0106,0.0001,0.002,0.0013,0.0001,0.0001,0.009,0.0011,0.0004,0.0025,0.0,0.0815,0.0533,0.0001,0.0105,0.0,125.0,0.0,62.0,63.0,60.0,0.0,0.0,0.0,0.0,0.0,0.0,0.0,0.0,0.0,0.0,0.0,0.0,0.0,0.0,0.0,0.0,0.0,0.0,8.0,2.0,1.0
1222,10.184946499999999,0,8.2993,1.995,1.7663,1.779,0.1771,0.0029,0.0069,0.0001,0.0348,0.0469,0.0028,0.0007,0.0106,0.0002,0.0015,0.002,0.0,0.0001,0.0087,0.0015,0.0005,0.003,0.0001,0.0884,0.0187,0.0001,0.009,0.0,125.0,0.0,62.0,63.0,60.0,0.0,0.0,0.0,0.0,0.0,0.0,0.0,0.0,0.0,0.0,0.0,0.0,0.0,0.0,0.0,0.0,0.0,0.0,8.0,2.0,1.0
1223,10.193245799999998,0,8.363,1.7674,1.6993,1.6076,0.1596,0.0033,0.0064,0.0001,0.029,0.0409,0.0019,0.0005,0.0089,0.0001,0.002,0.0015,0.0,0.0005,0.009,0.001,0.0004,0.0025,0.0,0.0786,0.0176,0.0001,0.0094,0.0,125.0,0.0,62.0,63.0,60.0,0.0,0.0,0.0,0.0,0.0,0.0,0.0,0.0,0.0,0.0,0.0,0.0,0.0,0.0,0.0,0.0,0.0,0.0,8.0,2.0,1.0
1224,10.201608799999997,0,8.321,1.8508,1.8353,1.6557,0.1735,0.0025,0.0058,0.0001,0.0406,0.0514,0.0025,0.0008,0.0106,0.0002,0.0014,0.0017,0.0001,0.0001,0.0082,0.0012,0.0003,0.0029,0.0,0.0926,0.0196,0.0001,0.01,0.0,125.0,0.0,62.0,63.0,60.0,0.0,0.0,0.0,0.0,0.0,0.0,0.0,0.0,0.0,0.0,0.0,0.0,0.0,0.0,0.0,0.0,0.0,0.0,8.0,2.0,1.0
1225,10.209929799999998,0,8.3419,1.8281,1.8258,1.6253,0.1731,0.0033,0.0083,0.0002,0.026,0.0407,0.0022,0.0007,0.0096,0.0001,0.0016,0.0019,0.0001,0.0001,0.0086,0.0012,0.0005,0.0034,0.0,0.0825,0.0176,0.0,0.0099,0.0,125.0,0.0,62.0,63.0,60.0,0.0,0.0,0.0,0.0,0.0,0.0,0.0,0.0,0.0,0.0,0.0,0.0,0.0,0.0,0.0,0.0,0.0,0.0,8.0,2.0,1.0
1226,10.218271699999997,0,8.3833,1.7294,1.7093,1.8225,0.1596,0.0025,0.006,0.0001,0.0355,0.0464,0.0025,0.0006,0.0095,0.0001,0.0012,0.0018,0.0001,0.0001,0.0079,0.0011,0.0004,0.0025,0.0,0.0832,0.0173,0.0001,0.0106,0.0,125.0,0.0,62.0,63.0,60.0,0.0,0.0,0.0,0.0,0.0,0.0,0.0,0.0,0.0,0.0,0.0,0.0,0.0,0.0,0.0,0.0,0.0,0.0,8.0,2.0,1.0
1227,10.226654999999997,0,8.4312,1.7889,1.9371,1.7052,0.1751,0.0027,0.007,0.0001,0.0271,0.0407,0.0021,0.0008,0.0098,0.0001,0.0013,0.002,0.0001,0.0001,0.0088,0.0015,0.0005,0.003,0.0,0.0812,0.0218,0.0001,0.0091,0.0,125.0,0.0,62.0,63.0,60.0,0.0,0.0,0.0,0.0,0.0,0.0,0.0,0.0,0.0,0.0,0.0,0.0,0.0,0.0,0.0,0.0,0.0,0.0,8.0,2.0,1.0
1228,10.235086199999998,0,8.2294,1.9648,1.9123,1.9357,0.1779,0.0025,0.005,0.0001,0.0376,0.0486,0.003,0.0008,0.0118,0.0001,0.0015,0.0015,0.0001,0.0001,0.0086,0.0013,0.0004,0.0028,0.0001,0.0913,0.0191,0.0001,0.0096,0.0,125.0,0.0,62.0,63.0,60.0,0.0,0.0,0.0,0.0,0.0,0.0,0.0,0.0,0.0,0.0,0.0,0.0,0.0,0.0,0.0,0.0,0.0,0.0,8.0,2.0,1.0
1229,10.243315599999997,0,8.2601,2.0082,1.677,1.6373,0.1483,0.0026,0.0063,0.0001,0.0271,0.0379,0.0022,0.0006,0.0085,0.0001,0.0014,0.0014,0.0001,0.0001,0.0082,0.0011,0.0004,0.0023,0.0,0.0734,0.0174,0.0,0.01,0.0,125.0,0.0,62.0,63.0,60.0,0.0,0.0,0.0,0.0,0.0,0.0,0.0,0.0,0.0,0.0,0.0,0.0,0.0,0.0,0.0,0.0,0.0,0.0,8.0,2.0,1.0
1230,10.251575699999997,0,8.4662,1.8794,1.8925,1.7839,0.1776,0.0027,0.0051,0.0002,0.0428,0.054,0.0021,0.0012,0.0108,0.0002,0.002,0.0016,0.0001,0.0001,0.0083,0.0011,0.0004,0.0026,0.0,0.0939,0.0174,0.0001,0.0093,0.0,125.0,0.0,62.0,63.0,60.0,0.0,0.0,0.0,0.0,0.0,0.0,0.0,0.0,0.0,0.0,0.0,0.0,0.0,0.0,0.0,0.0,0.0,0.0,8.0,2.0,1.0
1231,10.260041899999997,0,8.2406,1.8812,1.7944,1.6047,0.1558,0.0026,0.006,0.0001,0.0269,0.0381,0.002,0.0006,0.01,0.0001,0.0021,0.0014,0.0001,0.0001,0.0088,0.0012,0.0004,0.0029,0.0,0.0773,0.0167,0.0001,0.0097,0.0,125.0,0.0,62.0,63.0,60.0,0.0,0.0,0.0,0.0,0.0,0.0,0.0,0.0,0.0,0.0,0.0,0.0,0.0,0.0,0.0,0.0,0.0,0.0,8.0,2.0,1.0
1232,10.268282499999998,0,8.4012,1.8388,1.8725,1.6547,0.1733,0.0031,0.0063,0.0002,0.0375,0.0493,0.0029,0.0009,0.0128,0.0002,0.0013,0.0013,0.0,0.0001,0.0083,0.0012,0.0004,0.003,0.0001,0.0927,0.017,0.0001,0.0104,0.0,125.0,0.0,62.0,63.0,60.0,0.0,0.0,0.0,0.0,0.0,0.0,0.0,0.0,0.0,0.0,0.0,0.0,0.0,0.0,0.0,0.0,0.0,0.0,8.0,2.0,1.0
1233,10.276683699999998,0,8.55,1.777,1.9868,1.6278,0.204,0.0042,0.0088,0.0002,0.0328,0.049,0.0028,0.0008,0.0117,0.0001,0.0025,0.0017,0.0002,0.0001,0.0092,0.0014,0.0005,0.0032,0.0001,0.0951,0.0265,0.0001,0.0093,0.0,125.0,0.0,62.0,63.0,60.0,0.0,0.0,0.0,0.0,0.0,0.0,0.0,0.0,0.0,0.0,0.0,0.0,0.0,0.0,0.0,0.0,0.0,0.0,8.0,2.0,1.0
1234,10.285233699999997,0,8.259,2.0319,2.06,1.9654,0.1904,0.003,0.0049,0.0001,0.047,0.0575,0.002,0.0008,0.0098,0.0001,0.0022,0.0016,0.0001,0.0001,0.0087,0.0017,0.0005,0.003,0.0,0.1001,0.021,0.0001,0.0108,0.0,125.0,0.0,62.0,63.0,60.0,0.0,0.0,0.0,0.0,0.0,0.0,0.0,0.0,0.0,0.0,0.0,0.0,0.0,0.0,0.0,0.0,0.0,0.0,8.0,2.0,1.0
1235,10.293492699999998,0,8.3007,1.9628,2.0066,1.9358,0.1732,0.0027,0.0064,0.0002,0.028,0.0412,0.0025,0.0007,0.0099,0.0001,0.0017,0.0021,0.0001,0.0002,0.0086,0.0016,0.0005,0.0028,0.0,0.0813,0.0188,0.0,0.0089,0.0,125.0,0.0,62.0,63.0,60.0,0.0,0.0,0.0,0.0,0.0,0.0,0.0,0.0,0.0,0.0,0.0,0.0,0.0,0.0,0.0,0.0,0.0,0.0,8.0,2.0,1.0
1236,10.301793399999998,0,8.3954,1.9063,1.9781,1.8505,0.2431,0.0026,0.0055,0.0002,0.0569,0.0686,0.0034,0.0014,0.0165,0.0002,0.0024,0.0023,0.0001,0.0001,0.0107,0.0015,0.0006,0.0059,0.0001,0.133,0.0351,0.0001,0.0088,0.0,125.0,0.0,62.0,63.0,60.0,0.0,0.0,0.0,0.0,0.0,0.0,0.0,0.0,0.0,0.0,0.0,0.0,0.0,0.0,0.0,0.0,0.0,0.0,8.0,2.0,1.0
1237,10.310188799999997,0,8.303,1.9574,2.0178,1.7762,0.1796,0.0028,0.006,0.0002,0.0322,0.0444,0.002,0.0011,0.011,0.0002,0.0018,0.0021,0.0001,0.0001,0.0086,0.0013,0.0008,0.0027,0.0,0.0866,0.0184,0.0001,0.0095,0.0,125.0,0.0,62.0,63.0,60.0,0.0,0.0,0.0,0.0,0.0,0.0,0.0,0.0,0.0,0.0,0.0,0.0,0.0,0.0,0.0,0.0,0.0,0.0,8.0,2.0,1.0
1238,10.318491799999997,0,8.3091,1.8745,2.05,1.7114,0.1814,0.0027,0.0052,0.0003,0.0408,0.0513,0.0033,0.0008,0.0125,0.0001,0.0019,0.0015,0.0001,0.0007,0.009,0.0013,0.0005,0.0028,0.0001,0.0957,0.0216,0.0001,0.0101,0.0,125.0,0.0,62.0,63.0,60.0,0.0,0.0,0.0,0.0,0.0,0.0,0.0,0.0,0.0,0.0,0.0,0.0,0.0,0.0,0.0,0.0,0.0,0.0,8.0,2.0,1.0
1239,10.326800899999997,0,8.2955,1.8025,1.9166,1.8451,0.1868,0.0034,0.0051,0.0001,0.0323,0.0437,0.0024,0.001,0.0121,0.0002,0.0017,0.0019,0.0001,0.0001,0.0098,0.0014,0.0005,0.0029,0.0,0.091,0.0247,0.0001,0.009,0.0,125.0,0.0,62.0,63.0,58.0,0.0,0.0,0.0,0.0,0.0,0.0,0.0,0.0,0.0,0.0,0.0,0.0,0.0,0.0,0.0,0.0,0.0,0.0,8.0,2.0,1.0
1240,10.335096399999996,0,8.4142,1.8527,1.9225,1.6851,0.1895,0.0034,0.0075,0.0003,0.0383,0.0526,0.0022,0.0007,0.0104,0.0002,0.002,0.0016,0.0001,0.0001,0.0097,0.0013,0.0004,0.0025,0.0,0.0955,0.0228,0.0001,0.0084,0.0,125.0,0.0,62.0,63.0,58.0,0.0,0.0,0.0,0.0,0.0,0.0,0.0,0.0,0.0,0.0,0.0,0.0,0.0,0.0,0.0,0.0,0.0,0.0,8.0,2.0,1.0
1241,10.343510599999997,0,8.1364,1.9385,1.888,1.7193,0.1729,0.0031,0.0069,0.0002,0.0281,0.0408,0.0025,0.0007,0.0103,0.0001,0.0017,0.0021,0.0001,0.0001,0.0087,0.0016,0.0005,0.0025,0.0,0.0824,0.0198,0.0,0.0087,0.0,125.0,0.0,62.0,63.0,58.0,0.0,0.0,0.0,0.0,0.0,0.0,0.0,0.0,0.0,0.0,0.0,0.0,0.0,0.0,0.0,0.0,0.0,0.0,8.0,2.0,1.0
1242,10.351646999999996,0,8.5198,1.9013,1.9427,1.7064,0.189,0.004,0.0084,0.0002,0.0306,0.0466,0.0023,0.0009,0.0114,0.0001,0.002,0.0018,0.0001,0.0001,0.0096,0.0015,0.0005,0.0029,0.0,0.0908,0.0204,0.0001,0.0103,0.0,125.0,0.0,62.0,63.0,58.0,0.0,0.0,0.0,0.0,0.0,0.0,0.0,0.0,0.0,0.0,0.0,0.0,0.0,0.0,0.0,0.0,0.0,0.0,8.0,2.0,1.0
1243,10.360166799999996,0,8.279,1.9215,2.043,1.7284,0.1787,0.0035,0.0063,0.0002,0.0314,0.0441,0.0022,0.0009,0.0111,0.0003,0.0017,0.0026,0.0001,0.0001,0.0092,0.0011,0.0005,0.0029,0.0,0.0877,0.0198,0.0001,0.0087,0.0,125.0,0.0,62.0,63.0,58.0,0.0,0.0,0.0,0.0,0.0,0.0,0.0,0.0,0.0,0.0,0.0,0.0,0.0,0.0,0.0,0.0,0.0,0.0,8.0,2.0,1.0
1244,10.368445799999996,0,8.3685,1.9184,1.9559,1.7266,0.2071,0.0045,0.0073,0.0002,0.0465,0.0613,0.0026,0.0008,0.014,0.0001,0.0022,0.0017,0.0001,0.0001,0.0093,0.0014,0.0005,0.003,0.0,0.1085,0.0232,0.0001,0.0103,0.0,125.0,0.0,62.0,63.0,58.0,0.0,0.0,0.0,0.0,0.0,0.0,0.0,0.0,0.0,0.0,0.0,0.0,0.0,0.0,0.0,0.0,0.0,0.0,8.0,2.0,1.0
1245,10.376814299999996,0,8.3505,1.9369,1.9855,1.8269,0.1828,0.0035,0.0078,0.0003,0.0288,0.0431,0.0029,0.0009,0.0119,0.0002,0.0021,0.0018,0.0002,0.0001,0.009,0.0016,0.0004,0.003,0.0001,0.0884,0.0203,0.0001,0.0094,0.0,125.0,0.0,62.0,63.0,58.0,0.0,0.0,0.0,0.0,0.0,0.0,0.0,0.0,0.0,0.0,0.0,0.0,0.0,0.0,0.0,0.0,0.0,0.0,8.0,2.0,1.0
1246,10.385164799999997,0,8.3351,2.032,2.0205,1.6575,0.1945,0.0034,0.0053,0.0002,0.0478,0.0592,0.0023,0.001,0.0107,0.0002,0.0022,0.0021,0.0001,0.0001,0.0086,0.0017,0.0005,0.0024,0.0001,0.1052,0.019,0.0001,0.0094,0.0,125.0,0.0,62.0,63.0,56.0,0.0,0.0,0.0,0.0,0.0,0.0,0.0,0.0,0.0,0.0,0.0,0.0,0.0,0.0,0.0,0.0,0.0,0.0,8.0,2.0,1.0
1247,10.393499899999997,0,8.3912,1.8699,2.073,1.7324,0.2079,0.0044,0.0083,0.0002,0.031,0.0465,0.0024,0.0006,0.0112,0.0002,0.0015,0.002,0.0001,0.0002,0.0099,0.0012,0.0005,0.0025,0.0,0.0964,0.0214,0.0001,0.0091,0.0,125.0,0.0,62.0,63.0,54.0,0.0,0.0,0.0,0.0,0.0,0.0,0.0,0.0,0.0,0.0,0.0,0.0,0.0,0.0,0.0,0.0,0.0,0.0,8.0,2.0,1.0
1248,10.401891099999997,0,8.2962,1.9345,2.0698,1.8242,0.1858,0.0029,0.0065,0.0001,0.0428,0.055,0.002,0.0012,0.0109,0.0001,0.0019,0.0016,0.0002,0.0001,0.0086,0.0014,0.0011,0.0023,0.0,0.0967,0.0179,0.0001,0.0088,0.0,125.0,0.0,62.0,63.0,54.0,0.0,0.0,0.0,0.0,0.0,0.0,0.0,0.0,0.0,0.0,0.0,0.0,0.0,0.0,0.0,0.0,0.0,0.0,8.0,2.0,1.0
1249,10.410187299999997,0,8.135,1.827,1.8489,1.6564,0.1777,0.003,0.0078,0.0001,0.0282,0.0415,0.0023,0.0008,0.0107,0.0002,0.0017,0.0021,0.0001,0.0001,0.0086,0.0016,0.0005,0.0029,0.0001,0.0851,0.0189,0.0001,0.0086,0.0,125.0,0.0,62.0,63.0,54.0,0.0,0.0,0.0,0.0,0.0,0.0,0.0,0.0,0.0,0.0,0.0,0.0,0.0,0.0,0.0,0.0,0.0,0.0,8.0,2.0,1.0
1250,10.418322299999996,0,8.4267,1.7331,1.9057,1.5905,0.1783,0.0027,0.0068,0.0002,0.0379,0.0506,0.0021,0.0007,0.01,0.0002,0.002,0.0015,0.0,0.0001,0.0089,0.0018,0.0004,0.0024,0.0001,0.0902,0.0187,0.0001,0.0087,0.0,125.0,0.0,62.0,63.0,54.0,0.0,0.0,0.0,0.0,0.0,0.0,0.0,0.0,0.0,0.0,0.0,0.0,0.0,0.0,0.0,0.0,0.0,0.0,8.0,2.0,1.0
1251,10.426748999999996,0,8.3727,1.83,1.9552,1.69,0.1686,0.003,0.0066,0.0008,0.0274,0.0407,0.0021,0.0008,0.0092,0.0001,0.0016,0.0016,0.0003,0.0001,0.0087,0.0015,0.0005,0.0024,0.0,0.0805,0.0184,0.0,0.0086,0.0,125.0,0.0,62.0,63.0,54.0,0.0,0.0,0.0,0.0,0.0,0.0,0.0,0.0,0.0,0.0,0.0,0.0,0.0,0.0,0.0,0.0,0.0,0.0,8.0,2.0,1.0
1252,10.435121699999996,0,8.2115,1.8387,1.9092,1.7104,0.1805,0.0029,0.0059,0.0003,0.0375,0.0487,0.0025,0.0011,0.0126,0.0002,0.0017,0.0017,0.0001,0.0001,0.0097,0.0013,0.0005,0.0027,0.0001,0.0938,0.0196,0.0001,0.0082,0.0,125.0,0.0,62.0,63.0,54.0,0.0,0.0,0.0,0.0,0.0,0.0,0.0,0.0,0.0,0.0,0.0,0.0,0.0,0.0,0.0,0.0,0.0,0.0,8.0,2.0,1.0
1253,10.443333199999996,0,8.3418,1.7881,1.833,1.5744,0.1718,0.0048,0.0073,0.0003,0.0291,0.044,0.0023,0.0008,0.0101,0.0001,0.0016,0.0014,0.0001,0.0001,0.0087,0.0012,0.0008,0.0027,0.0001,0.0856,0.0182,0.0001,0.0079,0.0,125.0,0.0,62.0,63.0,54.0,0.0,0.0,0.0,0.0,0.0,0.0,0.0,0.0,0.0,0.0,0.0,0.0,0.0,0.0,0.0,0.0,0.0,0.0,8.0,2.0,1.0
1254,10.451674999999996,0,8.2384,1.9688,1.7692,1.6124,0.1614,0.0026,0.0046,0.0002,0.0347,0.0443,0.002,0.001,0.0114,0.0001,0.0015,0.0013,0.0,0.0002,0.0082,0.0012,0.0004,0.0023,0.0,0.0844,0.0157,0.0,0.0088,0.0,125.0,0.0,62.0,63.0,54.0,0.0,0.0,0.0,0.0,0.0,0.0,0.0,0.0,0.0,0.0,0.0,0.0,0.0,0.0,0.0,0.0,0.0,0.0,8.0,2.0,1.0
1255,10.459913399999996,0,8.3056,1.7643,1.7414,1.7313,0.158,0.0033,0.0048,0.0002,0.0283,0.0389,0.0018,0.0009,0.01,0.0001,0.0015,0.0019,0.0001,0.0001,0.0081,0.0017,0.0004,0.0022,0.0,0.0773,0.0175,0.0001,0.0086,0.0,125.0,0.0,62.0,63.0,54.0,0.0,0.0,0.0,0.0,0.0,0.0,0.0,0.0,0.0,0.0,0.0,0.0,0.0,0.0,0.0,0.0,0.0,0.0,8.0,2.0,1.0
1256,10.468218999999996,0,8.3352,1.8287,1.76,1.7185,0.1826,0.0038,0.0072,0.0002,0.0383,0.0521,0.0022,0.0008,0.0101,0.0002,0.0014,0.0016,0.0,0.0001,0.0088,0.0012,0.001,0.0029,0.0001,0.0931,0.0181,0.0001,0.0084,0.0,125.0,0.0,62.0,63.0,54.0,0.0,0.0,0.0,0.0,0.0,0.0,0.0,0.0,0.0,0.0,0.0,0.0,0.0,0.0,0.0,0.0,0.0,0.0,8.0,2.0,1.0
1257,10.476554199999995,0,8.3352,1.8617,1.6911,1.5662,0.1623,0.0031,0.0069,0.0001,0.0255,0.0377,0.0025,0.0009,0.0109,0.0001,0.0018,0.0015,0.0001,0.0001,0.0082,0.0014,0.0005,0.0028,0.0,0.0783,0.0164,0.0001,0.0093,0.0,125.0,0.0,62.0,63.0,54.0,0.0,0.0,0.0,0.0,0.0,0.0,0.0,0.0,0.0,0.0,0.0,0.0,0.0,0.0,0.0,0.0,0.0,0.0,8.0,2.0,1.0
1258,10.484889399999995,0,8.5327,1.8073,1.8939,1.7919,0.1823,0.0036,0.0069,0.0002,0.0416,0.0543,0.0031,0.0007,0.0122,0.0006,0.0014,0.0014,0.0001,0.0001,0.0086,0.0013,0.0005,0.0028,0.0,0.0975,0.0208,0.0,0.0078,0.0,125.0,0.0,62.0,63.0,54.0,0.0,0.0,0.0,0.0,0.0,0.0,0.0,0.0,0.0,0.0,0.0,0.0,0.0,0.0,0.0,0.0,0.0,0.0,8.0,2.0,1.0
1259,10.493422099999995,0,8.2515,1.7729,1.8371,1.6138,0.1628,0.0031,0.0063,0.0001,0.0331,0.0448,0.0024,0.0008,0.0096,0.0002,0.0018,0.0016,0.0002,0.0001,0.0083,0.0012,0.0009,0.0022,0.0001,0.084,0.0164,0.0001,0.0092,0.0,125.0,0.0,62.0,63.0,54.0,0.0,0.0,0.0,0.0,0.0,0.0,0.0,0.0,0.0,0.0,0.0,0.0,0.0,0.0,0.0,0.0,0.0,0.0,8.0,2.0,1.0
1260,10.501673599999995,0,8.2518,1.7878,1.8089,1.6582,0.1716,0.003,0.0068,0.0002,0.0274,0.0398,0.0026,0.0009,0.0109,0.0001,0.0015,0.0016,0.0002,0.0001,0.0092,0.0013,0.0005,0.0028,0.0,0.0822,0.0183,0.0001,0.0082,0.0,125.0,0.0,62.0,63.0,54.0,0.0,0.0,0.0,0.0,0.0,0.0,0.0,0.0,0.0,0.0,0.0,0.0,0.0,0.0,0.0,0.0,0.0,0.0,8.0,2.0,1.0
1261,10.509925399999995,0,8.3062,1.6999,1.7208,1.6719,0.1617,0.0034,0.0063,0.0001,0.0282,0.0406,0.002,0.0007,0.0094,0.0002,0.0015,0.0019,0.0,0.0001,0.0084,0.001,0.0004,0.0022,0.0,0.0796,0.0181,0.0001,0.0091,0.0,125.0,0.0,62.0,63.0,54.0,0.0,0.0,0.0,0.0,0.0,0.0,0.0,0.0,0.0,0.0,0.0,0.0,0.0,0.0,0.0,0.0,0.0,0.0,8.0,2.0,1.0
1262,10.518231599999995,0,8.5105,1.7025,1.8297,1.6973,0.1546,0.0026,0.0061,0.0001,0.0304,0.0422,0.0026,0.0006,0.009,0.0002,0.0014,0.0014,0.0001,0.0001,0.008,0.0011,0.0004,0.0026,0.0,0.0785,0.0161,0.0001,0.0091,0.0,125.0,0.0,62.0,63.0,56.0,0.0,0.0,0.0,0.0,0.0,0.0,0.0,0.0,0.0,0.0,0.0,0.0,0.0,0.0,0.0,0.0,0.0,0.0,8.0,2.0,1.0
1263,10.526742099999995,0,8.2941,1.8258,1.9248,1.5901,0.1681,0.003,0.0054,0.0001,0.0295,0.0401,0.002,0.0008,0.0116,0.0001,0.0015,0.0015,0.0001,0.0001,0.0082,0.0011,0.0004,0.0024,0.0,0.0811,0.0187,0.0001,0.0077,0.0,125.0,0.0,62.0,63.0,56.0,0.0,0.0,0.0,0.0,0.0,0.0,0.0,0.0,0.0,0.0,0.0,0.0,0.0,0.0,0.0,0.0,0.0,0.0,8.0,2.0,1.0
1264,10.535036199999995,0,8.3787,1.8694,1.9424,1.6543,0.1762,0.0032,0.0061,0.0001,0.0329,0.0453,0.0022,0.0006,0.0107,0.0001,0.0014,0.0015,0.0,0.0002,0.0092,0.0012,0.0005,0.0029,0.0,0.0866,0.0214,0.0001,0.0089,0.0,125.0,0.0,62.0,63.0,56.0,0.0,0.0,0.0,0.0,0.0,0.0,0.0,0.0,0.0,0.0,0.0,0.0,0.0,0.0,0.0,0.0,0.0,0.0,8.0,2.0,1.0
1265,10.543414899999995,0,8.279,1.9397,1.8441,1.6793,0.172,0.0029,0.0064,0.0001,0.0341,0.0459,0.0028,0.0007,0.0112,0.0001,0.0014,0.0023,0.0001,0.0001,0.0086,0.0012,0.0005,0.0024,0.0,0.0876,0.0199,0.0,0.0101,0.0,125.0,0.0,62.0,63.0,56.0,0.0,0.0,0.0,0.0,0.0,0.0,0.0,0.0,0.0,0.0,0.0,0.0,0.0,0.0,0.0,0.0,0.0,0.0,8.0,2.0,1.0
1266,10.551693899999995,0,8.331,1.7464,1.8638,1.6934,0.165,0.0028,0.0067,0.0001,0.0339,0.0457,0.0021,0.0006,0.01,0.0002,0.0019,0.0015,0.0002,0.0001,0.0081,0.0011,0.0005,0.0027,0.0,0.0845,0.0166,0.0,0.0088,0.0,125.0,0.0,62.0,63.0,56.0,0.0,0.0,0.0,0.0,0.0,0.0,0.0,0.0,0.0,0.0,0.0,0.0,0.0,0.0,0.0,0.0,0.0,0.0,8.0,2.0,1.0
1267,10.560024899999995,0,8.3406,1.7797,1.8777,1.753,0.1726,0.0027,0.0051,0.0002,0.029,0.0393,0.003,0.0008,0.0129,0.0002,0.0016,0.0016,0.0006,0.0002,0.0093,0.0016,0.0004,0.0029,0.0001,0.0846,0.021,0.0001,0.0084,0.0,125.0,0.0,62.0,63.0,56.0,0.0,0.0,0.0,0.0,0.0,0.0,0.0,0.0,0.0,0.0,0.0,0.0,0.0,0.0,0.0,0.0,0.0,0.0,8.0,2.0,1.0
1268,10.568365499999995,0,8.3091,1.8004,1.8386,1.6083,0.1701,0.0029,0.0062,0.0001,0.0378,0.05,0.002,0.0007,0.0099,0.0002,0.0015,0.0018,0.0001,0.0001,0.0086,0.0015,0.0005,0.0026,0.0,0.0886,0.0176,0.0001,0.0083,0.0,125.0,0.0,62.0,63.0,56.0,0.0,0.0,0.0,0.0,0.0,0.0,0.0,0.0,0.0,0.0,0.0,0.0,0.0,0.0,0.0,0.0,0.0,0.0,8.0,2.0,1.0
1269,10.576674599999995,0,8.2904,1.7138,1.7855,1.6774,0.1644,0.0028,0.0061,0.0001,0.0285,0.0406,0.002,0.0008,0.0092,0.0001,0.0018,0.0014,0.0001,0.0002,0.0106,0.0012,0.0004,0.0024,0.0,0.0817,0.0183,0.0,0.0076,0.0,125.0,0.0,62.0,63.0,56.0,0.0,0.0,0.0,0.0,0.0,0.0,0.0,0.0,0.0,0.0,0.0,0.0,0.0,0.0,0.0,0.0,0.0,0.0,8.0,2.0,1.0
1270,10.584964999999995,0,8.4267,1.73,1.8811,1.6522,0.1741,0.0024,0.005,0.0001,0.0425,0.052,0.0023,0.0009,0.0115,0.0002,0.0014,0.0019,0.0,0.0001,0.0086,0.0016,0.0004,0.0029,0.0,0.0944,0.019,0.0001,0.0087,0.0,125.0,0.0,62.0,63.0,56.0,0.0,0.0,0.0,0.0,0.0,0.0,0.0,0.0,0.0,0.0,0.0,0.0,0.0,0.0,0.0,0.0,0.0,0.0,8.0,2.0,1.0
1271,10.593391699999994,0,8.2445,1.8298,1.8242,1.6141,0.1597,0.0029,0.006,0.0007,0.0256,0.0378,0.0019,0.0012,0.0104,0.0002,0.0021,0.0014,0.0001,0.0001,0.0084,0.0012,0.0004,0.0024,0.0,0.0775,0.0167,0.0,0.0096,0.0,125.0,0.0,62.0,63.0,56.0,0.0,0.0,0.0,0.0,0.0,0.0,0.0,0.0,0.0,0.0,0.0,0.0,0.0,0.0,0.0,0.0,0.0,0.0,8.0,2.0,1.0
1272,10.601636199999994,0,8.3402,1.7977,1.8242,1.7111,0.1783,0.0028,0.0071,0.0002,0.035,0.0473,0.0028,0.0009,0.0111,0.0001,0.0018,0.0015,0.0001,0.0001,0.0091,0.0013,0.0005,0.0029,0.0001,0.0902,0.0192,0.0,0.0084,0.0,125.0,0.0,62.0,63.0,56.0,0.0,0.0,0.0,0.0,0.0,0.0,0.0,0.0,0.0,0.0,0.0,0.0,0.0,0.0,0.0,0.0,0.0,0.0,8.0,2.0,1.0
1273,10.609976399999994,0,8.4118,1.7717,1.9242,1.6655,0.1554,0.0038,0.0056,0.0002,0.025,0.0369,0.0018,0.0005,0.0086,0.0002,0.0014,0.0013,0.0001,0.0001,0.0082,0.0013,0.0009,0.0029,0.0,0.0753,0.0188,0.0001,0.0103,0.0,125.0,0.0,62.0,63.0,56.0,0.0,0.0,0.0,0.0,0.0,0.0,0.0,0.0,0.0,0.0,0.0,0.0,0.0,0.0,0.0,0.0,0.0,0.0,8.0,2.0,1.0
1274,10.618388199999993,0,8.2539,1.7183,1.7693,1.5882,0.1672,0.003,0.0062,0.0002,0.0348,0.0462,0.0026,0.0007,0.0098,0.0001,0.0013,0.0019,0.0001,0.0001,0.0085,0.0016,0.0004,0.0024,0.0,0.0848,0.017,0.0,0.008,0.0,125.0,0.0,62.0,63.0,56.0,0.0,0.0,0.0,0.0,0.0,0.0,0.0,0.0,0.0,0.0,0.0,0.0,0.0,0.0,0.0,0.0,0.0,0.0,8.0,2.0,1.0
1275,10.626642099999993,0,8.4892,1.7249,1.9124,1.7308,0.1738,0.003,0.005,0.0002,0.0313,0.0418,0.0025,0.001,0.0115,0.0002,0.0015,0.002,0.0001,0.0001,0.0091,0.0013,0.0005,0.0027,0.0,0.0859,0.0207,0.0001,0.0083,0.0,125.0,0.0,62.0,63.0,56.0,0.0,0.0,0.0,0.0,0.0,0.0,0.0,0.0,0.0,0.0,0.0,0.0,0.0,0.0,0.0,0.0,0.0,0.0,8.0,2.0,1.0
1276,10.635131299999992,0,8.2383,1.8556,1.8989,1.6766,0.1728,0.0027,0.005,0.0001,0.0414,0.0518,0.0024,0.0008,0.0116,0.0001,0.0018,0.0015,0.0001,0.0004,0.0081,0.0012,0.0004,0.0025,0.0,0.0931,0.0159,0.0,0.0081,0.0,125.0,0.0,62.0,63.0,56.0,0.0,0.0,0.0,0.0,0.0,0.0,0.0,0.0,0.0,0.0,0.0,0.0,0.0,0.0,0.0,0.0,0.0,0.0,8.0,2.0,1.0
1277,10.643369599999993,0,8.2605,1.8099,1.8034,1.6218,0.1695,0.0027,0.0048,0.0002,0.0291,0.039,0.0021,0.0007,0.0082,0.0001,0.0021,0.0018,0.0001,0.0001,0.0087,0.0013,0.001,0.0028,0.0,0.0808,0.0219,0.0,0.0087,0.0,125.0,0.0,62.0,63.0,56.0,0.0,0.0,0.0,0.0,0.0,0.0,0.0,0.0,0.0,0.0,0.0,0.0,0.0,0.0,0.0,0.0,0.0,0.0,8.0,2.0,1.0
1278,10.651630099999993,0,8.2459,2.0333,1.79,1.8072,0.1738,0.0027,0.006,0.0001,0.0375,0.0488,0.0025,0.0007,0.0109,0.0002,0.0014,0.0019,0.0001,0.0001,0.0089,0.0018,0.0005,0.0029,0.0,0.0918,0.0196,0.0001,0.0074,0.0,125.0,0.0,62.0,63.0,56.0,0.0,0.0,0.0,0.0,0.0,0.0,0.0,0.0,0.0,0.0,0.0,0.0,0.0,0.0,0.0,0.0,0.0,0.0,8.0,2.0,1.0
1279,10.659875999999993,0,8.474,1.743,1.8026,1.7387,0.1802,0.0032,0.0069,0.0002,0.0279,0.0411,0.0024,0.001,0.0114,0.0002,0.0016,0.0022,0.0,0.0001,0.0089,0.0019,0.0005,0.0026,0.0001,0.0847,0.0192,0.0,0.0071,0.0,125.0,0.0,62.0,63.0,56.0,0.0,0.0,0.0,0.0,0.0,0.0,0.0,0.0,0.0,0.0,0.0,0.0,0.0,0.0,0.0,0.0,0.0,0.0,8.0,2.0,1.0
1280,10.668349999999993,0,8.3267,1.8262,1.773,1.7163,0.1638,0.0024,0.0053,0.0002,0.0397,0.0494,0.0022,0.0007,0.0103,0.0001,0.0018,0.0014,0.0001,0.0001,0.0085,0.0012,0.0004,0.0029,0.0001,0.0889,0.0171,0.0001,0.0078,0.0,125.0,0.0,62.0,63.0,56.0,0.0,0.0,0.0,0.0,0.0,0.0,0.0,0.0,0.0,0.0,0.0,0.0,0.0,0.0,0.0,0.0,0.0,0.0,8.0,2.0,1.0
1281,10.676676699999993,0,8.2736,1.8269,1.882,1.7111,0.1665,0.0032,0.0066,0.0002,0.0299,0.0421,0.0022,0.0007,0.0096,0.0002,0.0017,0.0015,0.0,0.0001,0.0088,0.0012,0.001,0.0027,0.0,0.0824,0.0184,0.0,0.0088,0.0,125.0,0.0,62.0,63.0,56.0,0.0,0.0,0.0,0.0,0.0,0.0,0.0,0.0,0.0,0.0,0.0,0.0,0.0,0.0,0.0,0.0,0.0,0.0,8.0,2.0,1.0
1282,10.684950299999993,0,8.2991,1.7761,1.7599,1.6932,0.169,0.0028,0.0069,0.0003,0.0303,0.0438,0.0019,0.001,0.0095,0.0002,0.0019,0.0014,0.0001,0.0001,0.0087,0.0011,0.0005,0.0028,0.0,0.0838,0.0183,0.0,0.0087,0.0,125.0,0.0,62.0,63.0,56.0,0.0,0.0,0.0,0.0,0.0,0.0,0.0,0.0,0.0,0.0,0.0,0.0,0.0,0.0,0.0,0.0,0.0,0.0,8.0,2.0,1.0
1283,10.693249399999994,0,8.2759,1.7145,1.7227,1.7164,0.1653,0.0026,0.0051,0.0002,0.0285,0.0384,0.0024,0.0008,0.0115,0.0002,0.0016,0.0018,0.0001,0.0001,0.0082,0.0016,0.0004,0.0031,0.0,0.0809,0.0206,0.0001,0.0085,0.0,125.0,0.0,62.0,63.0,56.0,0.0,0.0,0.0,0.0,0.0,0.0,0.0,0.0,0.0,0.0,0.0,0.0,0.0,0.0,0.0,0.0,0.0,0.0,8.0,2.0,1.0
1284,10.701525299999993,0,8.3008,1.8673,1.6739,1.6644,0.1678,0.0026,0.0066,0.0002,0.0339,0.0456,0.0022,0.0007,0.0121,0.0001,0.0016,0.0018,0.0001,0.0001,0.008,0.0012,0.0007,0.0027,0.0,0.0877,0.0191,0.0001,0.0077,0.0,125.0,0.0,62.0,63.0,56.0,0.0,0.0,0.0,0.0,0.0,0.0,0.0,0.0,0.0,0.0,0.0,0.0,0.0,0.0,0.0,0.0,0.0,0.0,8.0,2.0,1.0
1285,10.709826099999994,0,8.4239,1.9117,1.6974,1.6097,0.1551,0.0029,0.006,0.0003,0.0295,0.0408,0.002,0.0005,0.0093,0.0002,0.0017,0.0013,0.0001,0.0001,0.009,0.001,0.0004,0.0024,0.0,0.0782,0.0189,0.0001,0.0071,0.0,125.0,0.0,62.0,63.0,56.0,0.0,0.0,0.0,0.0,0.0,0.0,0.0,0.0,0.0,0.0,0.0,0.0,0.0,0.0,0.0,0.0,0.0,0.0,8.0,2.0,1.0
1286,10.718249999999994,0,8.2882,1.9213,1.7221,1.6253,0.157,0.0025,0.0044,0.0001,0.04,0.0494,0.002,0.0006,0.009,0.0001,0.0018,0.0012,0.0,0.0002,0.0075,0.0014,0.0004,0.0022,0.0,0.0853,0.0176,0.0,0.0086,0.0,125.0,0.0,62.0,63.0,56.0,0.0,0.0,0.0,0.0,0.0,0.0,0.0,0.0,0.0,0.0,0.0,0.0,0.0,0.0,0.0,0.0,0.0,0.0,8.0,2.0,1.0
1287,10.726538199999995,0,8.472,1.8396,1.7972,1.644,0.1774,0.003,0.0076,0.0002,0.0305,0.0436,0.0025,0.0008,0.0115,0.0002,0.002,0.0016,0.0001,0.0005,0.0092,0.0013,0.0008,0.0028,0.0,0.087,0.0205,0.0001,0.0076,0.0,125.0,0.0,62.0,63.0,56.0,0.0,0.0,0.0,0.0,0.0,0.0,0.0,0.0,0.0,0.0,0.0,0.0,0.0,0.0,0.0,0.0,0.0,0.0,8.0,2.0,1.0
1288,10.735010199999994,0,8.2327,1.9045,1.7801,1.7355,0.1727,0.0028,0.0066,0.0002,0.0385,0.0504,0.0023,0.0009,0.0105,0.0002,0.002,0.0015,0.0,0.0002,0.0086,0.0012,0.0005,0.003,0.0,0.0921,0.0165,0.0001,0.0096,0.0,125.0,0.0,62.0,63.0,56.0,0.0,0.0,0.0,0.0,0.0,0.0,0.0,0.0,0.0,0.0,0.0,0.0,0.0,0.0,0.0,0.0,0.0,0.0,8.0,2.0,1.0
1289,10.743242899999995,0,8.2739,1.674,1.7026,1.7314,0.169,0.0028,0.0047,0.0001,0.0329,0.043,0.0025,0.0008,0.0117,0.0001,0.0018,0.0019,0.0001,0.0001,0.0084,0.0016,0.0005,0.0033,0.0,0.0865,0.0192,0.0001,0.0084,0.0,125.0,0.0,62.0,63.0,56.0,0.0,0.0,0.0,0.0,0.0,0.0,0.0,0.0,0.0,0.0,0.0,0.0,0.0,0.0,0.0,0.0,0.0,0.0,8.0,2.0,1.0
1290,10.751516799999996,0,8.4091,1.7165,1.6825,1.6277,0.1627,0.0024,0.005,0.0002,0.0388,0.0486,0.002,0.0009,0.011,0.0002,0.0018,0.0014,0.0001,0.0001,0.0083,0.001,0.0004,0.0023,0.0,0.0872,0.0177,0.0001,0.0097,0.0,125.0,0.0,62.0,63.0,56.0,0.0,0.0,0.0,0.0,0.0,0.0,0.0,0.0,0.0,0.0,0.0,0.0,0.0,0.0,0.0,0.0,0.0,0.0,8.0,2.0,1.0
1291,10.759925899999995,0,8.386,1.7727,1.8275,1.6023,0.1603,0.0025,0.0067,0.0006,0.0251,0.0374,0.0019,0.0005,0.0098,0.0001,0.0015,0.002,0.0001,0.0001,0.0083,0.0016,0.0004,0.0023,0.0,0.0757,0.0193,0.0,0.0081,0.0,125.0,0.0,62.0,63.0,56.0,0.0,0.0,0.0,0.0,0.0,0.0,0.0,0.0,0.0,0.0,0.0,0.0,0.0,0.0,0.0,0.0,0.0,0.0,8.0,2.0,1.0
1292,10.768311899999995,0,8.3709,1.8318,1.8081,1.6215,0.1647,0.0027,0.0047,0.0001,0.0378,0.0472,0.0028,0.0007,0.0112,0.0002,0.0016,0.0012,0.0001,0.0001,0.0081,0.0016,0.0004,0.003,0.0,0.0879,0.0186,0.0,0.009,0.0,125.0,0.0,62.0,63.0,56.0,0.0,0.0,0.0,0.0,0.0,0.0,0.0,0.0,0.0,0.0,0.0,0.0,0.0,0.0,0.0,0.0,0.0,0.0,8.0,2.0,1.0
1293,10.776682799999994,0,8.2189,1.8441,1.7808,1.6792,0.1594,0.0032,0.0066,0.0002,0.0262,0.0385,0.0021,0.0008,0.0105,0.0001,0.0015,0.0013,0.0,0.0002,0.0078,0.0012,0.0004,0.0027,0.0,0.0783,0.0169,0.0,0.0089,0.0,125.0,0.0,62.0,63.0,56.0,0.0,0.0,0.0,0.0,0.0,0.0,0.0,0.0,0.0,0.0,0.0,0.0,0.0,0.0,0.0,0.0,0.0,0.0,8.0,2.0,1.0
1294,10.784901699999994,0,8.3566,1.819,1.7659,1.6204,0.1699,0.0027,0.0068,0.0002,0.0349,0.0467,0.0027,0.0006,0.0095,0.0001,0.0014,0.0017,0.0,0.0001,0.0079,0.0012,0.0009,0.0028,0.0001,0.0858,0.0187,0.0001,0.0071,0.0,125.0,0.0,62.0,63.0,56.0,0.0,0.0,0.0,0.0,0.0,0.0,0.0,0.0,0.0,0.0,0.0,0.0,0.0,0.0,0.0,0.0,0.0,0.0,8.0,2.0,1.0
1295,10.793258299999994,0,8.3437,1.7782,1.7914,1.7341,0.1662,0.0031,0.0074,0.0002,0.027,0.0403,0.0025,0.0008,0.0104,0.0002,0.0012,0.0018,0.0001,0.0001,0.0079,0.0017,0.0005,0.0027,0.0,0.0797,0.0186,0.0001,0.0087,0.0,125.0,0.0,62.0,63.0,56.0,0.0,0.0,0.0,0.0,0.0,0.0,0.0,0.0,0.0,0.0,0.0,0.0,0.0,0.0,0.0,0.0,0.0,0.0,8.0,2.0,1.0
1296,10.801601999999994,0,8.2796,1.9145,1.6841,1.6115,0.161,0.0024,0.0048,0.0002,0.0374,0.0472,0.002,0.0013,0.0106,0.0001,0.0014,0.0014,0.0001,0.0001,0.0078,0.001,0.0004,0.0028,0.0,0.0854,0.0174,0.0001,0.0087,0.0,125.0,0.0,62.0,63.0,56.0,0.0,0.0,0.0,0.0,0.0,0.0,0.0,0.0,0.0,0.0,0.0,0.0,0.0,0.0,0.0,0.0,0.0,0.0,8.0,2.0,1.0
1297,10.809881599999994,0,8.2572,1.6714,1.7068,1.6202,0.1803,0.0033,0.0068,0.0002,0.034,0.0464,0.0026,0.0007,0.0113,0.0001,0.0019,0.0015,0.0001,0.0001,0.0084,0.0012,0.0004,0.0028,0.0,0.0887,0.0222,0.0,0.0085,0.0,125.0,0.0,62.0,63.0,56.0,0.0,0.0,0.0,0.0,0.0,0.0,0.0,0.0,0.0,0.0,0.0,0.0,0.0,0.0,0.0,0.0,0.0,0.0,8.0,2.0,1.0
1298,10.818138799999993,0,8.4595,1.6179,1.7233,1.6378,0.1706,0.003,0.0074,0.0001,0.0339,0.0467,0.0022,0.0007,0.0101,0.0002,0.0012,0.0018,0.0001,0.0001,0.0085,0.0011,0.0005,0.0027,0.0001,0.0863,0.0186,0.0,0.0079,0.0,125.0,0.0,62.0,63.0,56.0,0.0,0.0,0.0,0.0,0.0,0.0,0.0,0.0,0.0,0.0,0.0,0.0,0.0,0.0,0.0,0.0,0.0,0.0,8.0,2.0,1.0
1299,10.826598299999993,0,8.4684,1.9286,1.8194,1.7779,0.1834,0.003,0.0079,0.0003,0.0267,0.0403,0.0022,0.0015,0.0123,0.0001,0.0017,0.0022,0.0001,0.0001,0.0086,0.0017,0.0006,0.0028,0.0,0.0853,0.0206,0.0001,0.0092,0.0,125.0,0.0,62.0,63.0,56.0,0.0,0.0,0.0,0.0,0.0,0.0,0.0,0.0,0.0,0.0,0.0,0.0,0.0,0.0,0.0,0.0,0.0,0.0,8.0,2.0,1.0
1300,10.835066699999993,0,8.6243,1.8958,2.1784,1.8784,0.1973,0.0032,0.0051,0.0002,0.0409,0.0522,0.0023,0.0013,0.0125,0.0003,0.0015,0.0017,0.0001,0.0001,0.0087,0.0018,0.0005,0.0024,0.0,0.0964,0.0224,0.0001,0.0093,0.0,125.0,0.0,62.0,63.0,56.0,0.0,0.0,0.0,0.0,0.0,0.0,0.0,0.0,0.0,0.0,0.0,0.0,0.0,0.0,0.0,0.0,0.0,0.0,8.0,2.0,1.0
1301,10.843690999999993,0,8.1082,2.0463,1.9089,1.8989,0.1758,0.0028,0.005,0.0002,0.0301,0.0405,0.0021,0.0008,0.012,0.0001,0.0016,0.0021,0.0001,0.0002,0.0091,0.0013,0.0005,0.0027,0.0,0.0849,0.0201,0.0,0.009,0.0,125.0,0.0,62.0,63.0,56.0,0.0,0.0,0.0,0.0,0.0,0.0,0.0,0.0,0.0,0.0,0.0,0.0,0.0,0.0,0.0,0.0,0.0,0.0,8.0,2.0,1.0
1302,10.851799199999993,0,8.1383,1.8389,1.9251,1.7076,0.1788,0.0033,0.0068,0.0002,0.0333,0.0462,0.0024,0.0009,0.0116,0.0001,0.0015,0.0019,0.0001,0.0001,0.0089,0.0017,0.0004,0.0029,0.0,0.0903,0.0185,0.0001,0.0081,0.0,125.0,0.0,62.0,63.0,56.0,0.0,0.0,0.0,0.0,0.0,0.0,0.0,0.0,0.0,0.0,0.0,0.0,0.0,0.0,0.0,0.0,0.0,0.0,8.0,2.0,1.0
1303,10.859937499999994,0,8.5321,1.943,1.9076,1.5062,0.158,0.0027,0.0064,0.0002,0.0288,0.04,0.0021,0.0008,0.0093,0.0002,0.002,0.0015,0.0,0.0005,0.0087,0.0012,0.0005,0.0024,0.0,0.078,0.0171,0.0,0.0091,0.0,125.0,0.0,62.0,63.0,56.0,0.0,0.0,0.0,0.0,0.0,0.0,0.0,0.0,0.0,0.0,0.0,0.0,0.0,0.0,0.0,0.0,0.0,0.0,8.0,2.0,1.0
1304,10.868469599999994,0,8.1173,2.0868,1.7957,1.8724,0.1726,0.0029,0.0048,0.0002,0.0363,0.0466,0.0021,0.0008,0.0105,0.0001,0.0015,0.0015,0.0001,0.0001,0.0089,0.0016,0.0005,0.0031,0.0,0.0882,0.0205,0.0001,0.0086,0.0,125.0,0.0,62.0,63.0,56.0,0.0,0.0,0.0,0.0,0.0,0.0,0.0,0.0,0.0,0.0,0.0,0.0,0.0,0.0,0.0,0.0,0.0,0.0,8.0,2.0,1.0
1305,10.876586899999994,0,8.3275,1.7107,1.724,1.7051,0.1563,0.0025,0.0059,0.0001,0.0292,0.0396,0.0024,0.0006,0.0092,0.0001,0.0016,0.0021,0.0001,0.0001,0.0081,0.0011,0.0008,0.0023,0.0001,0.0769,0.0183,0.0,0.0088,0.0,125.0,0.0,62.0,63.0,56.0,0.0,0.0,0.0,0.0,0.0,0.0,0.0,0.0,0.0,0.0,0.0,0.0,0.0,0.0,0.0,0.0,0.0,0.0,8.0,2.0,1.0
1306,10.884914399999994,0,8.3571,1.7332,1.7709,1.7355,0.1686,0.0028,0.0065,0.0002,0.0337,0.0455,0.002,0.0007,0.0099,0.0002,0.002,0.0013,0.0001,0.0001,0.0084,0.0012,0.0004,0.0024,0.0,0.0877,0.018,0.0,0.0083,0.0,125.0,0.0,62.0,63.0,56.0,0.0,0.0,0.0,0.0,0.0,0.0,0.0,0.0,0.0,0.0,0.0,0.0,0.0,0.0,0.0,0.0,0.0,0.0,8.0,2.0,1.0
1307,10.893271499999994,0,8.5244,1.8377,1.8304,1.6957,0.1709,0.0034,0.007,0.0002,0.0326,0.0456,0.0025,0.0006,0.0105,0.0001,0.0015,0.0022,0.0,0.0001,0.0086,0.0019,0.0005,0.0025,0.0001,0.0861,0.0168,0.0002,0.0092,0.0,125.0,0.0,62.0,63.0,56.0,0.0,0.0,0.0,0.0,0.0,0.0,0.0,0.0,0.0,0.0,0.0,0.0,0.0,0.0,0.0,0.0,0.0,0.0,8.0,2.0,1.0
1308,10.901795899999994,0,8.1396,1.8749,1.9116,1.6661,0.1835,0.0027,0.006,0.0003,0.0448,0.0558,0.0024,0.0007,0.0103,0.0002,0.0014,0.0016,0.0,0.0001,0.0087,0.0014,0.0008,0.0028,0.0001,0.0971,0.0206,0.0001,0.0099,0.0,125.0,0.0,62.0,63.0,56.0,0.0,0.0,0.0,0.0,0.0,0.0,0.0,0.0,0.0,0.0,0.0,0.0,0.0,0.0,0.0,0.0,0.0,0.0,8.0,2.0,1.0
1309,10.909935499999994,0,8.2607,2.0117,1.6722,1.6922,0.1585,0.0037,0.0079,0.0002,0.0232,0.0375,0.0028,0.0006,0.0106,0.0001,0.0011,0.0017,0.0,0.0001,0.0077,0.001,0.0006,0.0024,0.0,0.0753,0.0183,0.0,0.0086,0.0,125.0,0.0,62.0,63.0,56.0,0.0,0.0,0.0,0.0,0.0,0.0,0.0,0.0,0.0,0.0,0.0,0.0,0.0,0.0,0.0,0.0,0.0,0.0,8.0,2.0,1.0
1310,10.918196199999993,0,8.4505,1.8679,1.7887,1.7549,0.1685,0.0026,0.0066,0.0002,0.0358,0.0475,0.0023,0.0008,0.0112,0.0001,0.0015,0.0017,0.0001,0.0001,0.0087,0.0012,0.0005,0.0027,0.0001,0.0879,0.0203,0.0,0.0099,0.0,125.0,0.0,62.0,63.0,56.0,0.0,0.0,0.0,0.0,0.0,0.0,0.0,0.0,0.0,0.0,0.0,0.0,0.0,0.0,0.0,0.0,0.0,0.0,8.0,2.0,1.0
1311,10.926646699999994,0,8.4999,1.7952,1.9798,1.6896,0.1771,0.0033,0.0076,0.0002,0.0283,0.0416,0.003,0.0009,0.0115,0.0001,0.002,0.0016,0.0001,0.0006,0.0084,0.0013,0.0005,0.0029,0.0,0.084,0.0218,0.0,0.0108,0.0,125.0,0.0,62.0,63.0,56.0,0.0,0.0,0.0,0.0,0.0,0.0,0.0,0.0,0.0,0.0,0.0,0.0,0.0,0.0,0.0,0.0,0.0,0.0,8.0,2.0,1.0
1312,10.935146599999994,0,8.1386,1.9375,1.7989,1.7058,0.1576,0.0025,0.0054,0.0002,0.0341,0.0445,0.0024,0.0008,0.0092,0.0001,0.0013,0.0015,0.0001,0.0001,0.0081,0.0017,0.0009,0.0023,0.0,0.0827,0.0172,0.0,0.0085,0.0,125.0,0.0,62.0,63.0,56.0,0.0,0.0,0.0,0.0,0.0,0.0,0.0,0.0,0.0,0.0,0.0,0.0,0.0,0.0,0.0,0.0,0.0,0.0,8.0,2.0,1.0
1313,10.943285199999995,0,8.383,1.8678,1.8605,1.7144,0.1755,0.0033,0.0054,0.0002,0.0301,0.0415,0.0022,0.0007,0.0104,0.0002,0.0014,0.0021,0.0,0.0001,0.0086,0.0019,0.0004,0.003,0.0,0.085,0.0197,0.0001,0.0082,0.0,125.0,0.0,62.0,63.0,56.0,0.0,0.0,0.0,0.0,0.0,0.0,0.0,0.0,0.0,0.0,0.0,0.0,0.0,0.0,0.0,0.0,0.0,0.0,8.0,2.0,1.0
1314,10.951668199999995,0,8.2948,1.8762,1.7996,1.7588,0.1796,0.0029,0.0047,0.0003,0.045,0.0553,0.0022,0.0008,0.0102,0.0002,0.0015,0.0017,0.0,0.0001,0.0086,0.0012,0.001,0.0028,0.0,0.0966,0.0198,0.0001,0.0081,0.0,125.0,0.0,62.0,63.0,56.0,0.0,0.0,0.0,0.0,0.0,0.0,0.0,0.0,0.0,0.0,0.0,0.0,0.0,0.0,0.0,0.0,0.0,0.0,8.0,2.0,1.0
1315,10.959962999999995,0,8.3631,1.7454,1.748,1.6229,0.1676,0.003,0.0047,0.0002,0.0319,0.0424,0.0022,0.0009,0.0123,0.0001,0.0016,0.0014,0.0,0.0001,0.0087,0.0013,0.0009,0.0026,0.0001,0.0853,0.0208,0.0001,0.0092,0.0,125.0,0.0,62.0,63.0,56.0,0.0,0.0,0.0,0.0,0.0,0.0,0.0,0.0,0.0,0.0,0.0,0.0,0.0,0.0,0.0,0.0,0.0,0.0,8.0,2.0,1.0
1316,10.968326099999995,0,8.2899,2.0229,1.8569,1.7885,0.1772,0.0035,0.0063,0.0002,0.0332,0.0467,0.0023,0.0008,0.0118,0.0001,0.0014,0.0021,0.0001,0.0001,0.0088,0.0013,0.0004,0.0029,0.0,0.0911,0.0196,0.0001,0.0095,0.0,125.0,0.0,62.0,63.0,56.0,0.0,0.0,0.0,0.0,0.0,0.0,0.0,0.0,0.0,0.0,0.0,0.0,0.0,0.0,0.0,0.0,0.0,0.0,8.0,2.0,1.0
1317,10.976615999999995,0,8.3178,1.9765,1.7616,1.666,0.1624,0.0032,0.008,0.0001,0.03,0.0442,0.0021,0.0008,0.01,0.0001,0.0016,0.0014,0.0,0.0001,0.0083,0.0013,0.0004,0.0032,0.0001,0.0833,0.0155,0.0001,0.0095,0.0,125.0,0.0,62.0,63.0,56.0,0.0,0.0,0.0,0.0,0.0,0.0,0.0,0.0,0.0,0.0,0.0,0.0,0.0,0.0,0.0,0.0,0.0,0.0,8.0,2.0,1.0
1318,10.984933799999995,0,8.4649,1.8198,1.831,1.652,0.1605,0.0028,0.0061,0.0007,0.0307,0.0422,0.0019,0.0007,0.01,0.0001,0.0017,0.0015,0.0001,0.0002,0.0082,0.0012,0.0005,0.0024,0.0,0.0814,0.0159,0.0,0.0083,0.0,125.0,0.0,62.0,63.0,56.0,0.0,0.0,0.0,0.0,0.0,0.0,0.0,0.0,0.0,0.0,0.0,0.0,0.0,0.0,0.0,0.0,0.0,0.0,8.0,2.0,1.0
1319,10.993398699999995,0,8.2082,1.9863,1.8777,1.7719,0.1692,0.0031,0.0075,0.0002,0.0257,0.0387,0.0028,0.0006,0.0104,0.0001,0.0015,0.0017,0.0001,0.0001,0.0082,0.0018,0.0005,0.0028,0.0,0.0795,0.0185,0.0001,0.0084,0.0,125.0,0.0,62.0,63.0,56.0,0.0,0.0,0.0,0.0,0.0,0.0,0.0,0.0,0.0,0.0,0.0,0.0,0.0,0.0,0.0,0.0,0.0,0.0,8.0,2.0,1.0
1320,11.001606899999995,0,8.4006,1.9548,1.7944,1.607,0.1672,0.0027,0.006,0.0001,0.0359,0.0478,0.0021,0.0005,0.0088,0.0002,0.002,0.0014,0.0001,0.0006,0.0083,0.0011,0.0005,0.0029,0.0,0.0855,0.0193,0.0001,0.0083,0.0,125.0,0.0,62.0,63.0,56.0,0.0,0.0,0.0,0.0,0.0,0.0,0.0,0.0,0.0,0.0,0.0,0.0,0.0,0.0,0.0,0.0,0.0,0.0,8.0,2.0,1.0
1321,11.010007499999995,0,8.2343,1.9045,1.7807,1.8169,0.1559,0.0025,0.0048,0.0002,0.0331,0.0427,0.0024,0.0005,0.0098,0.0001,0.0016,0.0013,0.0001,0.0002,0.0079,0.0011,0.0005,0.0024,0.0,0.0801,0.0165,0.0,0.0081,0.0,125.0,0.0,62.0,63.0,56.0,0.0,0.0,0.0,0.0,0.0,0.0,0.0,0.0,0.0,0.0,0.0,0.0,0.0,0.0,0.0,0.0,0.0,0.0,8.0,2.0,1.0
1322,11.018241799999995,0,8.4031,1.9297,1.7974,1.7182,0.1624,0.0032,0.0069,0.0003,0.0278,0.0404,0.0021,0.0007,0.0096,0.0002,0.0014,0.0019,0.0001,0.0001,0.0077,0.0016,0.0004,0.0027,0.0,0.0795,0.0172,0.0,0.0092,0.0,125.0,0.0,62.0,63.0,56.0,0.0,0.0,0.0,0.0,0.0,0.0,0.0,0.0,0.0,0.0,0.0,0.0,0.0,0.0,0.0,0.0,0.0,0.0,8.0,2.0,1.0
1323,11.026644899999996,0,8.3305,1.9362,1.7754,1.672,0.1543,0.0029,0.0052,0.0001,0.025,0.0354,0.0024,0.0007,0.0081,0.0001,0.0014,0.0018,0.0001,0.0001,0.0088,0.0011,0.0004,0.0021,0.0,0.0727,0.0179,0.0001,0.0096,0.0,125.0,0.0,62.0,63.0,56.0,0.0,0.0,0.0,0.0,0.0,0.0,0.0,0.0,0.0,0.0,0.0,0.0,0.0,0.0,0.0,0.0,0.0,0.0,8.0,2.0,1.0
1324,11.034975399999995,0,8.3662,1.9154,1.89,1.7769,0.1763,0.0026,0.0061,0.0002,0.0373,0.0485,0.0023,0.0011,0.0109,0.0002,0.0018,0.0014,0.0001,0.0004,0.0087,0.0012,0.0004,0.0027,0.0,0.091,0.0205,0.0001,0.0095,0.0,125.0,0.0,62.0,63.0,56.0,0.0,0.0,0.0,0.0,0.0,0.0,0.0,0.0,0.0,0.0,0.0,0.0,0.0,0.0,0.0,0.0,0.0,0.0,8.0,2.0,1.0
1325,11.043341599999994,0,8.2395,2.0411,1.7587,1.8589,0.1551,0.0032,0.006,0.0002,0.027,0.0382,0.0024,0.0006,0.009,0.0001,0.0015,0.0018,0.0001,0.0001,0.0086,0.0017,0.0004,0.0024,0.0,0.0763,0.0173,0.0001,0.0086,0.0,125.0,0.0,62.0,63.0,56.0,0.0,0.0,0.0,0.0,0.0,0.0,0.0,0.0,0.0,0.0,0.0,0.0,0.0,0.0,0.0,0.0,0.0,0.0,8.0,2.0,1.0
1326,11.051581099999995,0,8.4288,1.7779,1.8208,1.6685,0.161,0.0027,0.0048,0.0002,0.0384,0.048,0.0021,0.0006,0.0099,0.0001,0.0014,0.0019,0.0,0.0001,0.0078,0.0013,0.0004,0.0023,0.0001,0.0851,0.0163,0.0,0.0087,0.0,125.0,0.0,62.0,63.0,56.0,0.0,0.0,0.0,0.0,0.0,0.0,0.0,0.0,0.0,0.0,0.0,0.0,0.0,0.0,0.0,0.0,0.0,0.0,8.0,2.0,1.0
1327,11.060009899999995,0,8.3024,1.9391,1.8029,1.7586,0.1595,0.0028,0.006,0.0002,0.0276,0.0384,0.002,0.0007,0.0094,0.0001,0.0016,0.0015,0.0001,0.0001,0.0082,0.0012,0.0004,0.0024,0.0001,0.0765,0.0174,0.0001,0.0085,0.0,125.0,0.0,62.0,63.0,56.0,0.0,0.0,0.0,0.0,0.0,0.0,0.0,0.0,0.0,0.0,0.0,0.0,0.0,0.0,0.0,0.0,0.0,0.0,8.0,2.0,1.0
1328,11.068312299999995,0,8.3703,1.9642,1.847,1.6986,0.1841,0.0033,0.0053,0.0002,0.0429,0.054,0.0025,0.0009,0.0099,0.0001,0.0022,0.0014,0.0001,0.0001,0.009,0.0013,0.0004,0.003,0.0001,0.0972,0.0198,0.0001,0.0081,0.0,125.0,0.0,62.0,63.0,56.0,0.0,0.0,0.0,0.0,0.0,0.0,0.0,0.0,0.0,0.0,0.0,0.0,0.0,0.0,0.0,0.0,0.0,0.0,8.0,2.0,1.0
1329,11.076682599999994,0,8.2982,1.9616,1.7653,1.6897,0.1667,0.0033,0.0068,0.0002,0.0275,0.0399,0.0024,0.0007,0.0105,0.0001,0.0016,0.002,0.0001,0.0001,0.0083,0.0015,0.0005,0.0027,0.0,0.0815,0.0193,0.0001,0.0093,0.0,125.0,0.0,62.0,63.0,56.0,0.0,0.0,0.0,0.0,0.0,0.0,0.0,0.0,0.0,0.0,0.0,0.0,0.0,0.0,0.0,0.0,0.0,0.0,8.0,2.0,1.0
1330,11.084980799999995,0,8.3009,1.9178,1.8297,1.762,0.1635,0.0029,0.0062,0.0002,0.0367,0.0483,0.0021,0.0006,0.0099,0.0001,0.0018,0.0013,0.0001,0.0001,0.0086,0.0013,0.0004,0.0024,0.0,0.0863,0.0167,0.0001,0.0089,0.0,125.0,0.0,62.0,63.0,56.0,0.0,0.0,0.0,0.0,0.0,0.0,0.0,0.0,0.0,0.0,0.0,0.0,0.0,0.0,0.0,0.0,0.0,0.0,8.0,2.0,1.0
1331,11.093281699999995,0,8.4447,1.8182,1.8634,1.6354,0.1823,0.0032,0.0052,0.0002,0.0333,0.0451,0.0031,0.0013,0.0127,0.0001,0.0017,0.002,0.0001,0.0001,0.0088,0.0015,0.0004,0.0029,0.0001,0.0898,0.0197,0.0001,0.01,0.0,125.0,0.0,62.0,63.0,56.0,0.0,0.0,0.0,0.0,0.0,0.0,0.0,0.0,0.0,0.0,0.0,0.0,0.0,0.0,0.0,0.0,0.0,0.0,8.0,2.0,1.0
1332,11.101726399999995,0,8.1859,1.9113,1.8204,1.6799,0.1775,0.0032,0.0068,0.0003,0.0384,0.0508,0.0023,0.0007,0.01,0.0002,0.0014,0.0019,0.0001,0.0001,0.0079,0.0013,0.0007,0.0029,0.0001,0.0909,0.0187,0.0001,0.0091,0.0,125.0,0.0,62.0,63.0,56.0,0.0,0.0,0.0,0.0,0.0,0.0,0.0,0.0,0.0,0.0,0.0,0.0,0.0,0.0,0.0,0.0,0.0,0.0,8.0,2.0,1.0
1333,11.109912299999996,0,8.3054,1.957,1.7304,1.6835,0.1705,0.003,0.0068,0.0002,0.0275,0.0396,0.0026,0.0007,0.011,0.0002,0.0019,0.0015,0.0,0.0002,0.0092,0.0013,0.0005,0.0029,0.0,0.0809,0.0197,0.0001,0.0079,0.0,125.0,0.0,62.0,63.0,56.0,0.0,0.0,0.0,0.0,0.0,0.0,0.0,0.0,0.0,0.0,0.0,0.0,0.0,0.0,0.0,0.0,0.0,0.0,8.0,2.0,1.0
1334,11.118217699999995,0,8.391,1.8203,1.721,1.706,0.1719,0.0026,0.0048,0.0002,0.0408,0.0505,0.003,0.0007,0.012,0.0001,0.0019,0.0015,0.0001,0.0006,0.0084,0.0012,0.0004,0.0028,0.0,0.094,0.0188,0.0001,0.009,0.0,125.0,0.0,62.0,63.0,56.0,0.0,0.0,0.0,0.0,0.0,0.0,0.0,0.0,0.0,0.0,0.0,0.0,0.0,0.0,0.0,0.0,0.0,0.0,8.0,2.0,1.0
1335,11.126608699999995,0,8.3482,1.8056,1.8157,1.6472,0.183,0.0048,0.0084,0.0002,0.0308,0.0465,0.0023,0.0009,0.0116,0.0002,0.0015,0.0015,0.0001,0.0001,0.0087,0.0012,0.0009,0.0028,0.0,0.0896,0.0183,0.0,0.0083,0.0,125.0,0.0,62.0,63.0,56.0,0.0,0.0,0.0,0.0,0.0,0.0,0.0,0.0,0.0,0.0,0.0,0.0,0.0,0.0,0.0,0.0,0.0,0.0,8.0,2.0,1.0
1336,11.134956899999995,0,8.3786,1.972,1.8574,1.6764,0.1665,0.0027,0.0073,0.0001,0.0341,0.0462,0.0023,0.0009,0.0094,0.0001,0.0015,0.0019,0.0001,0.0001,0.0082,0.0011,0.0008,0.0024,0.0,0.085,0.0162,0.0001,0.01,0.0,125.0,0.0,62.0,63.0,56.0,0.0,0.0,0.0,0.0,0.0,0.0,0.0,0.0,0.0,0.0,0.0,0.0,0.0,0.0,0.0,0.0,0.0,0.0,8.0,2.0,1.0
1337,11.143335499999996,0,8.4074,1.9427,1.7675,1.6989,0.1722,0.0031,0.0057,0.0003,0.0264,0.0379,0.0022,0.0012,0.0095,0.0001,0.0014,0.0017,0.0001,0.0001,0.0091,0.0013,0.0005,0.0026,0.0,0.0788,0.0206,0.0,0.0101,0.0,125.0,0.0,62.0,63.0,56.0,0.0,0.0,0.0,0.0,0.0,0.0,0.0,0.0,0.0,0.0,0.0,0.0,0.0,0.0,0.0,0.0,0.0,0.0,8.0,2.0,1.0
1338,11.151742899999995,0,8.2289,1.9954,1.8584,1.689,0.1784,0.0029,0.0072,0.0002,0.0323,0.0447,0.0023,0.0008,0.0105,0.0001,0.0015,0.0015,0.0002,0.0001,0.009,0.0012,0.0004,0.0033,0.0,0.0874,0.0185,0.0001,0.0085,0.0,125.0,0.0,62.0,63.0,56.0,0.0,0.0,0.0,0.0,0.0,0.0,0.0,0.0,0.0,0.0,0.0,0.0,0.0,0.0,0.0,0.0,0.0,0.0,8.0,2.0,1.0
1339,11.159971799999996,0,8.463,1.9691,1.8052,1.7195,0.1557,0.003,0.0055,0.0002,0.0254,0.0369,0.0025,0.0006,0.0097,0.0001,0.0015,0.0018,0.0001,0.0001,0.0082,0.0017,0.0004,0.0023,0.0001,0.0755,0.0185,0.0,0.0092,0.0,125.0,0.0,62.0,63.0,56.0,0.0,0.0,0.0,0.0,0.0,0.0,0.0,0.0,0.0,0.0,0.0,0.0,0.0,0.0,0.0,0.0,0.0,0.0,8.0,2.0,1.0
1340,11.168434799999996,0,8.2378,1.9896,1.9147,1.7215,0.1655,0.0026,0.0047,0.0002,0.0347,0.045,0.0025,0.0008,0.01,0.0001,0.0014,0.0018,0.0001,0.0002,0.0085,0.0017,0.0005,0.0024,0.0,0.0841,0.0191,0.0,0.0089,0.0,125.0,0.0,62.0,63.0,56.0,0.0,0.0,0.0,0.0,0.0,0.0,0.0,0.0,0.0,0.0,0.0,0.0,0.0,0.0,0.0,0.0,0.0,0.0,8.0,2.0,1.0
1341,11.176672599999996,0,8.2641,1.7681,1.8134,1.6687,0.1718,0.003,0.0069,0.0003,0.0288,0.0412,0.0027,0.0008,0.0104,0.0001,0.0016,0.0019,0.0002,0.0002,0.0085,0.0017,0.0004,0.0027,0.0,0.0831,0.0195,0.0001,0.0097,0.0,125.0,0.0,62.0,63.0,56.0,0.0,0.0,0.0,0.0,0.0,0.0,0.0,0.0,0.0,0.0,0.0,0.0,0.0,0.0,0.0,0.0,0.0,0.0,8.0,2.0,1.0
1342,11.184936699999996,0,8.2687,1.9342,1.7199,1.653,0.1625,0.0024,0.0047,0.0001,0.0368,0.0463,0.0019,0.0006,0.01,0.0002,0.0016,0.0013,0.0,0.0001,0.0081,0.0011,0.0004,0.0023,0.0,0.0839,0.0194,0.0001,0.009,0.0,125.0,0.0,62.0,63.0,56.0,0.0,0.0,0.0,0.0,0.0,0.0,0.0,0.0,0.0,0.0,0.0,0.0,0.0,0.0,0.0,0.0,0.0,0.0,8.0,2.0,1.0
1343,11.193205399999997,0,8.3848,1.9229,1.7529,1.7302,0.1768,0.0046,0.0072,0.0002,0.028,0.0426,0.0027,0.0006,0.0107,0.0001,0.0016,0.002,0.0001,0.0001,0.0084,0.0017,0.0004,0.0027,0.0001,0.0836,0.0187,0.0,0.0084,0.0,125.0,0.0,62.0,63.0,56.0,0.0,0.0,0.0,0.0,0.0,0.0,0.0,0.0,0.0,0.0,0.0,0.0,0.0,0.0,0.0,0.0,0.0,0.0,8.0,2.0,1.0
1344,11.201590199999996,0,8.4693,1.9892,1.7616,1.6545,0.1655,0.0026,0.0065,0.0002,0.0348,0.0463,0.0024,0.0009,0.0108,0.0006,0.0013,0.0014,0.0001,0.0001,0.0085,0.0012,0.0004,0.0027,0.0,0.0878,0.0187,0.0,0.0089,0.0,125.0,0.0,62.0,63.0,56.0,0.0,0.0,0.0,0.0,0.0,0.0,0.0,0.0,0.0,0.0,0.0,0.0,0.0,0.0,0.0,0.0,0.0,0.0,8.0,2.0,1.0
1345,11.210059499999996,0,8.155,1.8776,1.8394,1.5646,0.1646,0.0027,0.0065,0.0008,0.0296,0.0422,0.002,0.001,0.0102,0.0001,0.0016,0.0014,0.0001,0.0,0.0083,0.0012,0.0005,0.0026,0.0001,0.0804,0.0186,0.0001,0.0091,0.0,125.0,0.0,62.0,63.0,56.0,0.0,0.0,0.0,0.0,0.0,0.0,0.0,0.0,0.0,0.0,0.0,0.0,0.0,0.0,0.0,0.0,0.0,0.0,8.0,2.0,1.0
1346,11.218214499999997,0,8.5836,1.8268,1.813,1.6118,0.1713,0.0031,0.0047,0.0002,0.0361,0.0467,0.0023,0.0014,0.012,0.0002,0.0014,0.0014,0.0001,0.0001,0.0085,0.0014,0.0008,0.0027,0.0001,0.0898,0.0211,0.0,0.0099,0.0,125.0,0.0,62.0,63.0,56.0,0.0,0.0,0.0,0.0,0.0,0.0,0.0,0.0,0.0,0.0,0.0,0.0,0.0,0.0,0.0,0.0,0.0,0.0,8.0,2.0,1.0
1347,11.226798099999996,0,8.3406,1.9311,1.9815,1.7439,0.169,0.003,0.0069,0.0002,0.0275,0.0409,0.002,0.0009,0.0094,0.0001,0.0019,0.002,0.0001,0.0002,0.0085,0.0018,0.0005,0.0028,0.0,0.0816,0.0178,0.0001,0.0095,0.0,125.0,0.0,62.0,63.0,56.0,0.0,0.0,0.0,0.0,0.0,0.0,0.0,0.0,0.0,0.0,0.0,0.0,0.0,0.0,0.0,0.0,0.0,0.0,8.0,2.0,1.0
1348,11.235138699999997,0,8.2625,2.0148,1.9099,1.793,0.1676,0.0026,0.0065,0.0003,0.0367,0.0485,0.0022,0.0007,0.0087,0.0001,0.0012,0.0012,0.0001,0.0001,0.0087,0.0011,0.0004,0.0024,0.0,0.0859,0.0177,0.0,0.0096,0.0,125.0,0.0,62.0,63.0,56.0,0.0,0.0,0.0,0.0,0.0,0.0,0.0,0.0,0.0,0.0,0.0,0.0,0.0,0.0,0.0,0.0,0.0,0.0,8.0,2.0,1.0
1349,11.243401199999997,0,8.3416,2.2243,1.9,1.8392,0.1787,0.0031,0.0077,0.0002,0.0315,0.0448,0.0024,0.0008,0.0112,0.0002,0.0021,0.0017,0.0002,0.0004,0.0082,0.0013,0.0005,0.0028,0.0,0.0875,0.019,0.0001,0.0085,0.0,125.0,0.0,62.0,63.0,56.0,0.0,0.0,0.0,0.0,0.0,0.0,0.0,0.0,0.0,0.0,0.0,0.0,0.0,0.0,0.0,0.0,0.0,0.0,8.0,2.0,1.0
1350,11.251742799999997,0,8.4761,1.8749,2.0373,1.6812,0.1739,0.003,0.0047,0.0002,0.0377,0.0479,0.0022,0.0013,0.0107,0.0001,0.0019,0.0013,0.0001,0.0006,0.0089,0.0013,0.0005,0.0024,0.0001,0.0883,0.0191,0.0,0.0087,0.0,125.0,0.0,62.0,63.0,56.0,0.0,0.0,0.0,0.0,0.0,0.0,0.0,0.0,0.0,0.0,0.0,0.0,0.0,0.0,0.0,0.0,0.0,0.0,8.0,2.0,1.0
1351,11.260218899999996,0,8.0479,1.9137,1.8388,1.7227,0.1538,0.0027,0.0049,0.0003,0.0257,0.0356,0.0024,0.0006,0.0095,0.0001,0.0014,0.0019,0.0,0.0001,0.0085,0.0015,0.0004,0.0024,0.0,0.075,0.0159,0.0,0.0087,0.0,125.0,0.0,62.0,63.0,56.0,0.0,0.0,0.0,0.0,0.0,0.0,0.0,0.0,0.0,0.0,0.0,0.0,0.0,0.0,0.0,0.0,0.0,0.0,8.0,2.0,1.0
1352,11.268266799999996,0,8.308,1.9169,1.7527,1.6386,0.1609,0.0026,0.0059,0.0001,0.0375,0.0483,0.0018,0.001,0.0096,0.0002,0.0018,0.0013,0.0,0.0,0.0083,0.0013,0.0004,0.0023,0.0,0.0847,0.0184,0.0,0.0092,0.0,125.0,0.0,62.0,63.0,56.0,0.0,0.0,0.0,0.0,0.0,0.0,0.0,0.0,0.0,0.0,0.0,0.0,0.0,0.0,0.0,0.0,0.0,0.0,8.0,2.0,1.0
1353,11.276574799999995,0,8.3287,1.9153,1.7658,1.7009,0.1571,0.0025,0.0055,0.0001,0.0288,0.0396,0.0022,0.0007,0.0101,0.0001,0.0015,0.0012,0.0001,0.0001,0.0086,0.0012,0.0004,0.0031,0.0001,0.08,0.0191,0.0,0.0095,0.0,125.0,0.0,62.0,63.0,56.0,0.0,0.0,0.0,0.0,0.0,0.0,0.0,0.0,0.0,0.0,0.0,0.0,0.0,0.0,0.0,0.0,0.0,0.0,8.0,2.0,1.0
1354,11.284903499999995,0,8.5018,1.7968,1.8477,1.7037,0.1707,0.0032,0.0079,0.0008,0.0348,0.0488,0.002,0.0006,0.0086,0.0001,0.0019,0.0013,0.0001,0.0001,0.0086,0.0012,0.0005,0.0024,0.0,0.0855,0.0171,0.0001,0.0094,0.0,125.0,0.0,62.0,63.0,56.0,0.0,0.0,0.0,0.0,0.0,0.0,0.0,0.0,0.0,0.0,0.0,0.0,0.0,0.0,0.0,0.0,0.0,0.0,8.0,2.0,1.0
1355,11.293405299999995,0,8.2427,1.9086,1.7721,1.7104,0.1539,0.0027,0.0052,0.0002,0.0255,0.0357,0.0024,0.0005,0.0076,0.0001,0.002,0.0014,0.0001,0.0002,0.0078,0.0011,0.0004,0.0023,0.0,0.0719,0.0174,0.0,0.009,0.0,125.0,0.0,62.0,63.0,56.0,0.0,0.0,0.0,0.0,0.0,0.0,0.0,0.0,0.0,0.0,0.0,0.0,0.0,0.0,0.0,0.0,0.0,0.0,8.0,2.0,1.0
1356,11.301647999999995,0,8.3319,2.0188,1.8721,1.6674,0.169,0.0028,0.0048,0.0002,0.0383,0.0486,0.0019,0.0007,0.0097,0.0002,0.0019,0.0014,0.0001,0.0001,0.0085,0.0011,0.0004,0.0024,0.0,0.0869,0.0203,0.0001,0.0098,0.0,125.0,0.0,62.0,63.0,56.0,0.0,0.0,0.0,0.0,0.0,0.0,0.0,0.0,0.0,0.0,0.0,0.0,0.0,0.0,0.0,0.0,0.0,0.0,8.0,2.0,1.0
1357,11.309979899999995,0,8.2504,2.0066,1.7231,1.777,0.1577,0.0027,0.006,0.0001,0.0269,0.0379,0.0018,0.0006,0.0089,0.0002,0.0021,0.0013,0.0001,0.0001,0.008,0.0016,0.0005,0.0028,0.0,0.0754,0.0194,0.0001,0.0092,0.0,125.0,0.0,62.0,63.0,56.0,0.0,0.0,0.0,0.0,0.0,0.0,0.0,0.0,0.0,0.0,0.0,0.0,0.0,0.0,0.0,0.0,0.0,0.0,8.0,2.0,1.0
1358,11.318230299999994,0,8.4219,1.9502,1.7853,1.5722,0.1634,0.0026,0.0061,0.0002,0.0316,0.043,0.0025,0.0006,0.009,0.0001,0.0016,0.0015,0.0001,0.0001,0.0085,0.0011,0.0005,0.0023,0.0001,0.0813,0.0187,0.0001,0.0092,0.0,125.0,0.0,62.0,63.0,56.0,0.0,0.0,0.0,0.0,0.0,0.0,0.0,0.0,0.0,0.0,0.0,0.0,0.0,0.0,0.0,0.0,0.0,0.0,8.0,2.0,1.0
1359,11.326652199999995,0,8.301,1.9423,1.8091,1.6677,0.1624,0.0027,0.0055,0.0002,0.0297,0.0404,0.0021,0.0007,0.0081,0.0002,0.0016,0.0016,0.0001,0.0002,0.009,0.0012,0.0005,0.0026,0.0,0.0793,0.0187,0.0001,0.0079,0.0,125.0,0.0,62.0,63.0,54.0,0.0,0.0,0.0,0.0,0.0,0.0,0.0,0.0,0.0,0.0,0.0,0.0,0.0,0.0,0.0,0.0,0.0,0.0,8.0,2.0,1.0
1360,11.334953199999994,0,8.3275,1.9599,1.7915,1.6224,0.1666,0.0031,0.0045,0.0002,0.0402,0.0506,0.0021,0.0006,0.0107,0.0002,0.0016,0.0015,0.0002,0.0001,0.0088,0.0012,0.0005,0.0023,0.0001,0.0901,0.0164,0.0,0.0075,0.0,125.0,0.0,62.0,63.0,54.0,0.0,0.0,0.0,0.0,0.0,0.0,0.0,0.0,0.0,0.0,0.0,0.0,0.0,0.0,0.0,0.0,0.0,0.0,8.0,2.0,1.0
1361,11.343280699999994,0,8.2962,1.8646,1.6944,1.747,0.1647,0.0041,0.0072,0.0002,0.0268,0.0406,0.0022,0.0012,0.0103,0.0002,0.0019,0.0013,0.0,0.0005,0.0082,0.0012,0.0005,0.003,0.0001,0.0804,0.0182,0.0,0.0076,0.0,125.0,0.0,62.0,63.0,54.0,0.0,0.0,0.0,0.0,0.0,0.0,0.0,0.0,0.0,0.0,0.0,0.0,0.0,0.0,0.0,0.0,0.0,0.0,8.0,2.0,1.0
1362,11.351576899999994,0,8.4296,1.9028,1.8216,1.8345,0.164,0.003,0.0065,0.0003,0.0303,0.0419,0.0024,0.0005,0.0092,0.0001,0.0015,0.002,0.0001,0.0001,0.0079,0.0012,0.001,0.0024,0.0,0.0803,0.0161,0.0,0.0079,0.0,125.0,0.0,62.0,63.0,54.0,0.0,0.0,0.0,0.0,0.0,0.0,0.0,0.0,0.0,0.0,0.0,0.0,0.0,0.0,0.0,0.0,0.0,0.0,8.0,2.0,1.0
1363,11.360006499999994,0,8.3043,2.0114,1.8503,1.7164,0.1631,0.0028,0.0069,0.0002,0.0311,0.0431,0.0024,0.0009,0.0096,0.0001,0.0014,0.002,0.0001,0.0001,0.0081,0.0017,0.0005,0.0023,0.0001,0.0817,0.0182,0.0,0.0088,0.0,125.0,0.0,62.0,63.0,54.0,0.0,0.0,0.0,0.0,0.0,0.0,0.0,0.0,0.0,0.0,0.0,0.0,0.0,0.0,0.0,0.0,0.0,0.0,8.0,2.0,1.0
1364,11.368310799999994,0,8.2724,1.9018,1.7565,1.648,0.1707,0.0025,0.0058,0.0002,0.0372,0.048,0.0027,0.001,0.0118,0.0002,0.002,0.0014,0.0,0.0006,0.0084,0.0012,0.0005,0.0027,0.0,0.0899,0.0201,0.0,0.0087,0.0,125.0,0.0,62.0,63.0,54.0,0.0,0.0,0.0,0.0,0.0,0.0,0.0,0.0,0.0,0.0,0.0,0.0,0.0,0.0,0.0,0.0,0.0,0.0,8.0,2.0,1.0
1365,11.376583199999994,0,8.3893,1.9156,1.7665,1.6696,0.168,0.0027,0.0049,0.0002,0.0305,0.0406,0.0023,0.0008,0.0116,0.0002,0.0014,0.0023,0.0001,0.0001,0.0084,0.0013,0.0006,0.0028,0.0,0.0845,0.0198,0.0001,0.0087,0.0,125.0,0.0,62.0,63.0,54.0,0.0,0.0,0.0,0.0,0.0,0.0,0.0,0.0,0.0,0.0,0.0,0.0,0.0,0.0,0.0,0.0,0.0,0.0,8.0,2.0,1.0
1366,11.384972499999993,0,8.3949,1.7505,1.8266,1.6963,0.1733,0.0025,0.0062,0.0002,0.0386,0.0496,0.0034,0.0008,0.0122,0.0002,0.0019,0.0015,0.0001,0.0004,0.0082,0.0013,0.0005,0.0027,0.0,0.0916,0.0194,0.0001,0.0088,0.0,125.0,0.0,62.0,63.0,54.0,0.0,0.0,0.0,0.0,0.0,0.0,0.0,0.0,0.0,0.0,0.0,0.0,0.0,0.0,0.0,0.0,0.0,0.0,8.0,2.0,1.0
1367,11.393367399999994,0,8.2688,1.6572,1.836,1.6077,0.1776,0.0048,0.0075,0.0003,0.0278,0.0432,0.0023,0.0008,0.0104,0.0001,0.0015,0.002,0.0001,0.0002,0.0084,0.0016,0.0005,0.0028,0.0,0.0855,0.0185,0.0001,0.0093,0.0,125.0,0.0,62.0,63.0,56.0,0.0,0.0,0.0,0.0,0.0,0.0,0.0,0.0,0.0,0.0,0.0,0.0,0.0,0.0,0.0,0.0,0.0,0.0,8.0,2.0,1.0
1368,11.401636199999993,0,8.3132,1.9135,1.7308,1.7377,0.1633,0.0029,0.0052,0.0002,0.0379,0.0487,0.0021,0.0007,0.0105,0.0001,0.0015,0.0018,0.0,0.0001,0.0081,0.0014,0.0004,0.0025,0.0,0.0873,0.0168,0.0001,0.0098,0.0,125.0,0.0,62.0,63.0,58.0,0.0,0.0,0.0,0.0,0.0,0.0,0.0,0.0,0.0,0.0,0.0,0.0,0.0,0.0,0.0,0.0,0.0,0.0,8.0,2.0,1.0
1369,11.409949399999993,0,8.2496,1.8119,1.7676,1.659,0.1629,0.0026,0.005,0.0003,0.0321,0.0419,0.002,0.0008,0.0099,0.0002,0.0021,0.0016,0.0006,0.0001,0.0081,0.0011,0.001,0.0024,0.0,0.0824,0.0185,0.0001,0.0093,0.0,125.0,0.0,62.0,63.0,58.0,0.0,0.0,0.0,0.0,0.0,0.0,0.0,0.0,0.0,0.0,0.0,0.0,0.0,0.0,0.0,0.0,0.0,0.0,8.0,2.0,1.0
1370,11.418198999999992,0,8.2671,1.8846,1.6597,1.6742,0.1741,0.0047,0.0068,0.0002,0.0355,0.0497,0.0022,0.0007,0.0094,0.0002,0.0012,0.0019,0.0001,0.0001,0.0083,0.0012,0.0008,0.0028,0.0,0.0892,0.0189,0.0001,0.0077,0.0,125.0,0.0,62.0,63.0,58.0,0.0,0.0,0.0,0.0,0.0,0.0,0.0,0.0,0.0,0.0,0.0,0.0,0.0,0.0,0.0,0.0,0.0,0.0,8.0,2.0,1.0
1371,11.426466099999992,0,8.6277,1.7455,1.7571,1.6701,0.1728,0.0029,0.0069,0.0002,0.0288,0.0411,0.002,0.0007,0.0101,0.0001,0.0022,0.0016,0.0001,0.0002,0.0086,0.0012,0.0009,0.0024,0.0001,0.0828,0.0196,0.0,0.0085,0.0,125.0,0.0,62.0,63.0,58.0,0.0,0.0,0.0,0.0,0.0,0.0,0.0,0.0,0.0,0.0,0.0,0.0,0.0,0.0,0.0,0.0,0.0,0.0,8.0,2.0,1.0
1372,11.435093799999992,0,8.4797,2.046,2.0522,1.8556,0.1853,0.0047,0.0055,0.0002,0.0392,0.0528,0.002,0.001,0.0098,0.0001,0.0019,0.0015,0.0001,0.0001,0.009,0.0012,0.0008,0.0025,0.0,0.0936,0.0199,0.0,0.0095,0.0,125.0,0.0,62.0,63.0,58.0,0.0,0.0,0.0,0.0,0.0,0.0,0.0,0.0,0.0,0.0,0.0,0.0,0.0,0.0,0.0,0.0,0.0,0.0,8.0,2.0,1.0
1373,11.443573499999992,0,8.1536,1.9752,1.9019,1.9424,0.1681,0.0028,0.0064,0.0002,0.0297,0.0418,0.0025,0.0008,0.0104,0.0002,0.0019,0.0022,0.0002,0.0001,0.0097,0.0012,0.0005,0.0025,0.0,0.0823,0.0169,0.0001,0.0086,0.0,125.0,0.0,62.0,63.0,58.0,0.0,0.0,0.0,0.0,0.0,0.0,0.0,0.0,0.0,0.0,0.0,0.0,0.0,0.0,0.0,0.0,0.0,0.0,8.0,2.0,1.0
1374,11.451727099999992,0,8.3466,1.9665,1.9106,1.7381,0.1789,0.0036,0.0051,0.0001,0.0383,0.0497,0.0025,0.0008,0.0122,0.0002,0.0017,0.0019,0.0001,0.0001,0.01,0.0013,0.0005,0.0028,0.0001,0.0958,0.018,0.0001,0.0082,0.0,125.0,0.0,62.0,63.0,58.0,0.0,0.0,0.0,0.0,0.0,0.0,0.0,0.0,0.0,0.0,0.0,0.0,0.0,0.0,0.0,0.0,0.0,0.0,8.0,2.0,1.0
1375,11.460073699999992,0,8.419,1.9457,1.9303,1.7449,0.1905,0.004,0.0077,0.0003,0.0304,0.0456,0.0023,0.0009,0.0114,0.0002,0.0021,0.0017,0.0002,0.0001,0.0094,0.0017,0.0005,0.0031,0.0,0.0908,0.021,0.0001,0.0092,0.0,125.0,0.0,62.0,63.0,58.0,0.0,0.0,0.0,0.0,0.0,0.0,0.0,0.0,0.0,0.0,0.0,0.0,0.0,0.0,0.0,0.0,0.0,0.0,8.0,2.0,1.0
1376,11.468492699999992,0,8.258,1.9052,1.9913,1.7221,0.186,0.0027,0.0049,0.0002,0.0424,0.0523,0.0024,0.0009,0.0115,0.0002,0.0016,0.002,0.0001,0.0001,0.0091,0.002,0.0005,0.0029,0.0001,0.0961,0.0216,0.0,0.0088,0.0,125.0,0.0,62.0,63.0,58.0,0.0,0.0,0.0,0.0,0.0,0.0,0.0,0.0,0.0,0.0,0.0,0.0,0.0,0.0,0.0,0.0,0.0,0.0,8.0,2.0,1.0
1377,11.476750699999991,0,8.4862,2.1365,1.9884,1.8691,0.1714,0.0029,0.0065,0.0002,0.0306,0.0422,0.0025,0.0008,0.0102,0.0001,0.0017,0.0022,0.0001,0.0001,0.0097,0.0012,0.0005,0.0024,0.0001,0.0858,0.0188,0.0,0.009,0.0,125.0,0.0,62.0,63.0,58.0,0.0,0.0,0.0,0.0,0.0,0.0,0.0,0.0,0.0,0.0,0.0,0.0,0.0,0.0,0.0,0.0,0.0,0.0,8.0,2.0,1.0
1378,11.485236899999991,0,8.4239,2.0045,2.0996,1.761,0.178,0.003,0.0071,0.0001,0.0362,0.0487,0.002,0.0011,0.0109,0.0002,0.0015,0.0015,0.0,0.0001,0.0086,0.0013,0.0004,0.0026,0.0001,0.0897,0.0181,0.0,0.0093,0.0,125.0,0.0,62.0,63.0,58.0,0.0,0.0,0.0,0.0,0.0,0.0,0.0,0.0,0.0,0.0,0.0,0.0,0.0,0.0,0.0,0.0,0.0,0.0,8.0,2.0,1.0
1379,11.493660799999992,0,8.126,1.9571,1.9893,1.7618,0.1648,0.0029,0.0074,0.0002,0.0266,0.0393,0.0019,0.0009,0.0093,0.0008,0.0015,0.0015,0.0001,0.0001,0.0089,0.0021,0.0005,0.0031,0.0,0.08,0.0185,0.0001,0.0083,0.0,125.0,0.0,62.0,63.0,58.0,0.0,0.0,0.0,0.0,0.0,0.0,0.0,0.0,0.0,0.0,0.0,0.0,0.0,0.0,0.0,0.0,0.0,0.0,8.0,2.0,1.0
1380,11.501786799999993,0,8.4537,1.9154,2.0546,1.7663,0.1986,0.0046,0.0078,0.0002,0.0421,0.057,0.0024,0.0009,0.0112,0.0001,0.0017,0.0017,0.0004,0.0001,0.009,0.0018,0.0005,0.0031,0.0001,0.1022,0.02,0.0001,0.0097,0.0,125.0,0.0,62.0,63.0,58.0,0.0,0.0,0.0,0.0,0.0,0.0,0.0,0.0,0.0,0.0,0.0,0.0,0.0,0.0,0.0,0.0,0.0,0.0,8.0,2.0,1.0
1381,11.510240499999993,0,8.1204,1.9282,1.9225,1.6614,0.171,0.0035,0.0065,0.0002,0.0291,0.0417,0.0021,0.0007,0.0126,0.0002,0.0016,0.0019,0.0001,0.0001,0.0092,0.0011,0.0004,0.0026,0.0,0.0844,0.0214,0.0001,0.0094,0.0,125.0,0.0,62.0,63.0,58.0,0.0,0.0,0.0,0.0,0.0,0.0,0.0,0.0,0.0,0.0,0.0,0.0,0.0,0.0,0.0,0.0,0.0,0.0,8.0,2.0,1.0
1382,11.518360899999992,0,8.4268,1.8741,2.0017,1.7674,0.1926,0.0033,0.0052,0.0001,0.0446,0.0554,0.0026,0.0013,0.0124,0.0006,0.0017,0.002,0.0001,0.0001,0.0086,0.0017,0.0005,0.0032,0.0,0.1011,0.0212,0.0001,0.0107,0.0,125.0,0.0,62.0,63.0,60.0,0.0,0.0,0.0,0.0,0.0,0.0,0.0,0.0,0.0,0.0,0.0,0.0,0.0,0.0,0.0,0.0,0.0,0.0,8.0,2.0,1.0
1383,11.526787699999993,0,8.2675,1.8954,1.8265,1.6809,0.1707,0.0028,0.0066,0.0001,0.0268,0.0396,0.0021,0.0008,0.0094,0.0001,0.0021,0.0015,0.0001,0.0003,0.0091,0.0013,0.0009,0.0026,0.0,0.0803,0.0219,0.0001,0.0094,0.0,125.0,0.0,62.0,63.0,60.0,0.0,0.0,0.0,0.0,0.0,0.0,0.0,0.0,0.0,0.0,0.0,0.0,0.0,0.0,0.0,0.0,0.0,0.0,8.0,2.0,1.0
1384,11.535055199999993,0,8.3703,1.904,1.8372,1.6749,0.1906,0.0043,0.0076,0.0001,0.0353,0.0502,0.0023,0.0007,0.0119,0.0002,0.0017,0.0021,0.0001,0.0001,0.0088,0.0019,0.0005,0.003,0.0,0.0958,0.02,0.0001,0.0076,0.0,125.0,0.0,62.0,63.0,60.0,0.0,0.0,0.0,0.0,0.0,0.0,0.0,0.0,0.0,0.0,0.0,0.0,0.0,0.0,0.0,0.0,0.0,0.0,8.0,2.0,1.0
1385,11.543425499999993,0,8.4446,1.9482,1.9679,1.7486,0.1742,0.0029,0.0073,0.0001,0.0293,0.0424,0.0021,0.0009,0.0108,0.0002,0.0021,0.0017,0.0001,0.0006,0.0094,0.0012,0.0008,0.0026,0.0001,0.085,0.0206,0.0,0.0097,0.0,125.0,0.0,62.0,63.0,60.0,0.0,0.0,0.0,0.0,0.0,0.0,0.0,0.0,0.0,0.0,0.0,0.0,0.0,0.0,0.0,0.0,0.0,0.0,8.0,2.0,1.0
1386,11.551870099999993,0,8.2967,1.9478,2.0418,1.8496,0.1779,0.0029,0.0068,0.0002,0.0368,0.0492,0.0021,0.0008,0.0099,0.0002,0.0017,0.0016,0.0001,0.0002,0.0089,0.0013,0.0007,0.0025,0.0001,0.0902,0.0204,0.0,0.0098,0.0,125.0,0.0,62.0,63.0,60.0,0.0,0.0,0.0,0.0,0.0,0.0,0.0,0.0,0.0,0.0,0.0,0.0,0.0,0.0,0.0,0.0,0.0,0.0,8.0,2.0,1.0
1387,11.560166799999994,0,8.2377,1.9637,1.9816,1.7023,0.1712,0.0035,0.0069,0.0001,0.0273,0.0408,0.0025,0.001,0.011,0.0001,0.0018,0.0022,0.0002,0.0001,0.0098,0.0012,0.0004,0.0025,0.0,0.0851,0.0169,0.0,0.0089,0.0,125.0,0.0,62.0,63.0,60.0,0.0,0.0,0.0,0.0,0.0,0.0,0.0,0.0,0.0,0.0,0.0,0.0,0.0,0.0,0.0,0.0,0.0,0.0,8.0,2.0,1.0
1388,11.568404499999994,0,8.3814,1.8987,1.8519,1.6628,0.1933,0.0034,0.0075,0.0002,0.039,0.0524,0.0023,0.0009,0.0112,0.0006,0.0017,0.0021,0.0001,0.0001,0.0087,0.0019,0.0005,0.0031,0.0001,0.0963,0.0201,0.0001,0.0084,0.0,125.0,0.0,62.0,63.0,60.0,0.0,0.0,0.0,0.0,0.0,0.0,0.0,0.0,0.0,0.0,0.0,0.0,0.0,0.0,0.0,0.0,0.0,0.0,8.0,2.0,1.0
1389,11.576785899999994,0,8.241,1.903,1.8893,1.6916,0.2398,0.0043,0.0129,0.0003,0.0633,0.0842,0.0036,0.0009,0.0138,0.0002,0.0025,0.0021,0.0005,0.0003,0.0131,0.0019,0.0007,0.0037,0.0001,0.1403,0.0259,0.0,0.0097,0.0,125.0,0.0,62.0,63.0,60.0,0.0,0.0,0.0,0.0,0.0,0.0,0.0,0.0,0.0,0.0,0.0,0.0,0.0,0.0,0.0,0.0,0.0,0.0,8.0,2.0,1.0
1390,11.585026899999994,0,8.2585,1.7585,1.8004,1.7333,0.1835,0.0032,0.0073,0.0001,0.04,0.0532,0.0018,0.0007,0.0105,0.0001,0.002,0.0016,0.0001,0.0001,0.0089,0.0012,0.0004,0.0024,0.0,0.0924,0.0185,0.0,0.0094,0.0,125.0,0.0,62.0,63.0,60.0,0.0,0.0,0.0,0.0,0.0,0.0,0.0,0.0,0.0,0.0,0.0,0.0,0.0,0.0,0.0,0.0,0.0,0.0,8.0,2.0,1.0
1391,11.593285399999994,0,8.4201,1.6957,1.8242,1.6903,0.166,0.0028,0.0065,0.0001,0.0288,0.0409,0.0018,0.0008,0.0092,0.0001,0.0013,0.0014,0.0002,0.0001,0.0085,0.0011,0.0005,0.0026,0.0001,0.0792,0.0195,0.0001,0.0089,0.0,125.0,0.0,62.0,63.0,60.0,0.0,0.0,0.0,0.0,0.0,0.0,0.0,0.0,0.0,0.0,0.0,0.0,0.0,0.0,0.0,0.0,0.0,0.0,8.0,2.0,1.0
1392,11.601705499999994,0,8.3732,1.9884,1.8684,1.6174,0.1767,0.0026,0.0047,0.0002,0.0399,0.0498,0.0023,0.0008,0.0107,0.0001,0.0014,0.0019,0.0001,0.0002,0.0088,0.0017,0.0005,0.0029,0.0,0.0927,0.0209,0.0001,0.0104,0.0,125.0,0.0,62.0,63.0,60.0,0.0,0.0,0.0,0.0,0.0,0.0,0.0,0.0,0.0,0.0,0.0,0.0,0.0,0.0,0.0,0.0,0.0,0.0,8.0,2.0,1.0
1393,11.610078699999994,0,8.1372,1.726,1.7711,1.671,0.1698,0.0028,0.0068,0.0002,0.0267,0.0395,0.0026,0.0009,0.0105,0.0001,0.0016,0.0021,0.0001,0.0002,0.0088,0.0013,0.0004,0.003,0.0,0.0811,0.0184,0.0,0.0099,0.0,125.0,0.0,62.0,63.0,60.0,0.0,0.0,0.0,0.0,0.0,0.0,0.0,0.0,0.0,0.0,0.0,0.0,0.0,0.0,0.0,0.0,0.0,0.0,8.0,2.0,1.0
1394,11.618215899999994,0,8.3363,1.6274,1.7125,1.5983,0.1763,0.0031,0.0072,0.0002,0.038,0.051,0.0022,0.0006,0.0097,0.0001,0.0019,0.0014,0.0001,0.0001,0.009,0.0011,0.0004,0.003,0.0001,0.0909,0.0192,0.0001,0.0085,0.0,125.0,0.0,62.0,63.0,60.0,0.0,0.0,0.0,0.0,0.0,0.0,0.0,0.0,0.0,0.0,0.0,0.0,0.0,0.0,0.0,0.0,0.0,0.0,8.0,2.0,1.0
1395,11.626552199999994,0,8.5533,1.6947,1.8321,1.6584,0.1709,0.0032,0.0076,0.0002,0.0217,0.0354,0.0026,0.0007,0.0089,0.0001,0.0014,0.002,0.0002,0.0002,0.0088,0.0017,0.0005,0.0028,0.0,0.0762,0.02,0.0001,0.0084,0.0,125.0,0.0,62.0,63.0,60.0,0.0,0.0,0.0,0.0,0.0,0.0,0.0,0.0,0.0,0.0,0.0,0.0,0.0,0.0,0.0,0.0,0.0,0.0,8.0,2.0,1.0
1396,11.635105499999995,0,8.1937,1.9309,1.849,1.721,0.1772,0.0029,0.0067,0.0002,0.0326,0.045,0.0023,0.0012,0.0116,0.0003,0.0016,0.0014,0.0001,0.0001,0.009,0.0014,0.0006,0.0029,0.0,0.0876,0.0179,0.0,0.0102,0.0,125.0,0.0,62.0,63.0,60.0,0.0,0.0,0.0,0.0,0.0,0.0,0.0,0.0,0.0,0.0,0.0,0.0,0.0,0.0,0.0,0.0,0.0,0.0,8.0,2.0,1.0
1397,11.643299199999994,0,8.2767,1.8223,1.7203,1.6527,0.1706,0.0041,0.0071,0.0001,0.0288,0.0421,0.002,0.0009,0.0097,0.0001,0.0015,0.0014,0.0001,0.0001,0.0086,0.0013,0.001,0.0029,0.0,0.0825,0.0203,0.0001,0.0088,0.0,125.0,0.0,62.0,63.0,60.0,0.0,0.0,0.0,0.0,0.0,0.0,0.0,0.0,0.0,0.0,0.0,0.0,0.0,0.0,0.0,0.0,0.0,0.0,8.0,2.0,1.0
1398,11.651575899999994,0,8.4368,2.0062,1.8149,1.8031,0.1724,0.0034,0.0068,0.0001,0.033,0.0456,0.0022,0.0007,0.0102,0.0002,0.0016,0.0019,0.0,0.0001,0.0084,0.0012,0.0005,0.0029,0.0,0.0864,0.0183,0.0001,0.0091,0.0,125.0,0.0,62.0,63.0,60.0,0.0,0.0,0.0,0.0,0.0,0.0,0.0,0.0,0.0,0.0,0.0,0.0,0.0,0.0,0.0,0.0,0.0,0.0,8.0,2.0,1.0
1399,11.660012699999994,0,8.3774,1.8239,1.8267,1.7045,0.1565,0.0028,0.0061,0.0001,0.0259,0.037,0.0019,0.0008,0.0089,0.0001,0.002,0.0015,0.0001,0.0001,0.0086,0.001,0.0004,0.0025,0.0,0.0744,0.018,0.0,0.0112,0.0,125.0,0.0,62.0,63.0,60.0,0.0,0.0,0.0,0.0,0.0,0.0,0.0,0.0,0.0,0.0,0.0,0.0,0.0,0.0,0.0,0.0,0.0,0.0,8.0,2.0,1.0
1400,11.668390099999995,0,8.3177,1.7724,1.869,1.7312,0.176,0.0032,0.0068,0.0002,0.0346,0.0472,0.0023,0.0008,0.0098,0.0002,0.0015,0.0013,0.0,0.0003,0.0085,0.0012,0.0005,0.0029,0.0001,0.0882,0.0185,0.0001,0.0093,0.0,125.0,0.0,62.0,63.0,60.0,0.0,0.0,0.0,0.0,0.0,0.0,0.0,0.0,0.0,0.0,0.0,0.0,0.0,0.0,0.0,0.0,0.0,0.0,8.0,2.0,1.0
1401,11.676707799999994,0,8.3589,1.7782,1.8678,1.691,0.2143,0.0031,0.0072,0.0002,0.035,0.0477,0.0025,0.0007,0.0117,0.0001,0.0019,0.0015,0.0001,0.0002,0.0088,0.0015,0.0005,0.0028,0.0,0.1253,0.0199,0.0001,0.0099,0.0,125.0,0.0,62.0,63.0,60.0,0.0,0.0,0.0,0.0,0.0,0.0,0.0,0.0,0.0,0.0,0.0,0.0,0.0,0.0,0.0,0.0,0.0,0.0,8.0,2.0,1.0
1402,11.685066699999993,0,8.2329,1.9164,1.8255,1.6082,0.1582,0.0029,0.0059,0.0001,0.0315,0.0427,0.0018,0.0006,0.0089,0.0001,0.0013,0.0018,0.0001,0.0001,0.0076,0.0011,0.0005,0.0026,0.0,0.0798,0.0185,0.0,0.0095,0.0,125.0,0.0,62.0,63.0,58.0,0.0,0.0,0.0,0.0,0.0,0.0,0.0,0.0,0.0,0.0,0.0,0.0,0.0,0.0,0.0,0.0,0.0,0.0,8.0,2.0,1.0
1403,11.693299599999992,0,8.3907,1.7874,1.8132,1.7057,0.165,0.0034,0.0051,0.0001,0.0289,0.0402,0.0019,0.0007,0.0096,0.0002,0.0015,0.0014,0.0005,0.0001,0.0085,0.0011,0.0009,0.0022,0.0,0.0804,0.0213,0.0,0.0093,0.0,125.0,0.0,62.0,63.0,56.0,0.0,0.0,0.0,0.0,0.0,0.0,0.0,0.0,0.0,0.0,0.0,0.0,0.0,0.0,0.0,0.0,0.0,0.0,8.0,2.0,1.0
1404,11.701690299999992,0,8.0754,1.8811,1.675,1.724,0.1553,0.0046,0.0076,0.0001,0.0246,0.0392,0.0018,0.0013,0.0093,0.0002,0.0018,0.0013,0.0,0.0001,0.0083,0.0013,0.0005,0.0026,0.0001,0.0769,0.0172,0.0001,0.0084,0.0,125.0,0.0,62.0,63.0,56.0,0.0,0.0,0.0,0.0,0.0,0.0,0.0,0.0,0.0,0.0,0.0,0.0,0.0,0.0,0.0,0.0,0.0,0.0,8.0,2.0,1.0
1405,11.709765699999991,0,8.3946,1.7479,1.587,1.5947,0.1576,0.0012,0.0054,0.0001,0.0245,0.0346,0.0021,0.0006,0.0103,0.0002,0.0019,0.0014,0.0001,0.0001,0.0082,0.0013,0.0005,0.0026,0.0001,0.0745,0.0177,0.0001,0.0093,0.0,125.0,0.0,62.0,63.0,56.0,0.0,0.0,0.0,0.0,0.0,0.0,0.0,0.0,0.0,0.0,0.0,0.0,0.0,0.0,0.0,0.0,0.0,0.0,8.0,2.0,1.0
1406,11.718160299999992,0,8.5907,1.6465,1.8433,1.6211,0.1895,0.0033,0.0074,0.0002,0.0384,0.0523,0.0026,0.0007,0.0132,0.0001,0.0024,0.0016,0.0001,0.0001,0.0091,0.0011,0.0005,0.0027,0.0,0.0975,0.0187,0.0001,0.0101,0.0,125.0,0.0,62.0,63.0,56.0,0.0,0.0,0.0,0.0,0.0,0.0,0.0,0.0,0.0,0.0,0.0,0.0,0.0,0.0,0.0,0.0,0.0,0.0,8.0,2.0,1.0
1407,11.726750999999991,0,8.3519,1.9333,1.8691,1.5898,0.1728,0.0028,0.0051,0.0003,0.031,0.0413,0.0023,0.0009,0.0117,0.0002,0.0016,0.002,0.0001,0.0002,0.0085,0.0013,0.0005,0.0027,0.0001,0.0854,0.0214,0.0,0.0093,0.0,125.0,0.0,62.0,63.0,56.0,0.0,0.0,0.0,0.0,0.0,0.0,0.0,0.0,0.0,0.0,0.0,0.0,0.0,0.0,0.0,0.0,0.0,0.0,8.0,2.0,1.0
1408,11.73510289999999,0,8.184,1.8379,1.8665,1.692,0.1543,0.0034,0.0063,0.0003,0.0271,0.0403,0.0018,0.0006,0.0083,0.0002,0.0018,0.0012,0.0001,0.0001,0.0083,0.0017,0.0005,0.0022,0.0,0.0756,0.0166,0.0,0.0105,0.0,125.0,0.0,62.0,63.0,56.0,0.0,0.0,0.0,0.0,0.0,0.0,0.0,0.0,0.0,0.0,0.0,0.0,0.0,0.0,0.0,0.0,0.0,0.0,8.0,2.0,1.0
1409,11.74328689999999,0,8.3552,1.8824,1.6864,1.8135,0.1723,0.0046,0.0074,0.0002,0.0288,0.043,0.0022,0.0007,0.0112,0.0002,0.002,0.0014,0.0001,0.0002,0.0084,0.0012,0.0005,0.0028,0.0,0.0838,0.0203,0.0,0.0089,0.0,125.0,0.0,62.0,63.0,56.0,0.0,0.0,0.0,0.0,0.0,0.0,0.0,0.0,0.0,0.0,0.0,0.0,0.0,0.0,0.0,0.0,0.0,0.0,8.0,2.0,1.0
1410,11.75164209999999,0,8.5095,1.8016,1.9604,1.6149,0.1841,0.0028,0.0062,0.0002,0.0363,0.0479,0.003,0.0007,0.0126,0.0002,0.0018,0.0015,0.0001,0.0002,0.0091,0.0018,0.0005,0.0029,0.0,0.0986,0.0186,0.0001,0.0115,0.0,125.0,0.0,62.0,63.0,56.0,0.0,0.0,0.0,0.0,0.0,0.0,0.0,0.0,0.0,0.0,0.0,0.0,0.0,0.0,0.0,0.0,0.0,0.0,8.0,2.0,1.0
1411,11.760151599999991,0,8.1237,1.7708,1.8121,1.7914,0.1559,0.0028,0.0064,0.0003,0.0263,0.0378,0.0022,0.0007,0.0091,0.0001,0.0015,0.0018,0.0001,0.0001,0.0083,0.0016,0.0004,0.0023,0.0,0.0759,0.0176,0.0,0.0091,0.0,125.0,0.0,62.0,63.0,56.0,0.0,0.0,0.0,0.0,0.0,0.0,0.0,0.0,0.0,0.0,0.0,0.0,0.0,0.0,0.0,0.0,0.0,0.0,8.0,2.0,1.0
1412,11.768275299999992,0,8.4518,1.7091,1.8472,1.7437,0.1767,0.0029,0.0069,0.0001,0.0354,0.0485,0.0025,0.0007,0.0114,0.0002,0.0019,0.0015,0.0002,0.0001,0.008,0.0012,0.0005,0.0028,0.0,0.0896,0.0188,0.0,0.0086,0.0,125.0,0.0,62.0,63.0,56.0,0.0,0.0,0.0,0.0,0.0,0.0,0.0,0.0,0.0,0.0,0.0,0.0,0.0,0.0,0.0,0.0,0.0,0.0,8.0,2.0,1.0
1413,11.776727099999992,0,8.1268,1.696,1.7325,1.7718,0.1728,0.0027,0.0068,0.0003,0.0319,0.0438,0.0021,0.0007,0.0109,0.0001,0.002,0.0014,0.0001,0.0001,0.0088,0.0013,0.0009,0.0029,0.0001,0.0857,0.0187,0.0,0.0084,0.0,125.0,0.0,62.0,63.0,56.0,0.0,0.0,0.0,0.0,0.0,0.0,0.0,0.0,0.0,0.0,0.0,0.0,0.0,0.0,0.0,0.0,0.0,0.0,8.0,2.0,1.0
1414,11.784853899999991,0,8.3698,1.6627,1.6919,1.5397,0.1783,0.0026,0.0043,0.0002,0.0426,0.0525,0.003,0.0008,0.011,0.0001,0.0014,0.0018,0.0001,0.0001,0.0087,0.0013,0.0005,0.0027,0.0,0.0938,0.0204,0.0001,0.0083,0.0,125.0,0.0,62.0,63.0,56.0,0.0,0.0,0.0,0.0,0.0,0.0,0.0,0.0,0.0,0.0,0.0,0.0,0.0,0.0,0.0,0.0,0.0,0.0,8.0,2.0,1.0
1415,11.793223699999992,0,8.3634,1.7288,1.7007,1.5894,0.1756,0.003,0.0053,0.0002,0.0344,0.0449,0.0023,0.0009,0.0117,0.0002,0.0015,0.0018,0.0,0.0001,0.0088,0.0015,0.0004,0.0029,0.0,0.0881,0.0195,0.0001,0.0084,0.0,125.0,0.0,62.0,63.0,56.0,0.0,0.0,0.0,0.0,0.0,0.0,0.0,0.0,0.0,0.0,0.0,0.0,0.0,0.0,0.0,0.0,0.0,0.0,8.0,2.0,1.0
1416,11.801587099999992,0,8.4039,2.1137,1.8015,1.6362,0.1836,0.003,0.0074,0.0003,0.0431,0.0559,0.0024,0.001,0.0107,0.0002,0.0014,0.0015,0.0001,0.0001,0.0091,0.0012,0.0004,0.0027,0.0,0.0979,0.019,0.0,0.009,0.0,125.0,0.0,62.0,63.0,56.0,0.0,0.0,0.0,0.0,0.0,0.0,0.0,0.0,0.0,0.0,0.0,0.0,0.0,0.0,0.0,0.0,0.0,0.0,8.0,2.0,1.0
1417,11.809990999999991,0,8.2755,1.7405,1.7151,1.6421,0.1636,0.0027,0.007,0.0002,0.0255,0.0375,0.0027,0.0009,0.0087,0.0006,0.0016,0.0018,0.0,0.0001,0.009,0.0018,0.0005,0.0032,0.0,0.0785,0.0173,0.0,0.0088,0.0,125.0,0.0,62.0,63.0,56.0,0.0,0.0,0.0,0.0,0.0,0.0,0.0,0.0,0.0,0.0,0.0,0.0,0.0,0.0,0.0,0.0,0.0,0.0,8.0,2.0,1.0
1418,11.818266499999991,0,8.3694,1.7033,1.7786,1.7184,0.1825,0.0041,0.0073,0.0002,0.045,0.0585,0.0025,0.0007,0.0092,0.0001,0.0012,0.0013,0.0,0.0001,0.0084,0.0012,0.0009,0.0028,0.0,0.097,0.0188,0.0001,0.0103,0.0,125.0,0.0,62.0,63.0,56.0,0.0,0.0,0.0,0.0,0.0,0.0,0.0,0.0,0.0,0.0,0.0,0.0,0.0,0.0,0.0,0.0,0.0,0.0,8.0,2.0,1.0
1419,11.82663589999999,0,8.3896,1.6663,1.9022,1.6659,0.1576,0.003,0.0063,0.0002,0.0258,0.0373,0.0022,0.0008,0.0092,0.0001,0.0014,0.0015,0.0001,0.0001,0.0079,0.0011,0.0005,0.0026,0.0001,0.0741,0.0172,0.0001,0.0098,0.0,125.0,0.0,62.0,63.0,56.0,0.0,0.0,0.0,0.0,0.0,0.0,0.0,0.0,0.0,0.0,0.0,0.0,0.0,0.0,0.0,0.0,0.0,0.0,8.0,2.0,1.0
1420,11.83502549999999,0,8.2613,1.7454,1.7732,1.6449,0.1493,0.0025,0.0065,0.0006,0.0264,0.0376,0.0018,0.0005,0.0085,0.0001,0.0012,0.0018,0.0,0.0001,0.0082,0.0018,0.0004,0.0022,0.0,0.073,0.017,0.0001,0.0101,0.0,125.0,0.0,62.0,63.0,56.0,0.0,0.0,0.0,0.0,0.0,0.0,0.0,0.0,0.0,0.0,0.0,0.0,0.0,0.0,0.0,0.0,0.0,0.0,8.0,2.0,1.0
1421,11.843286799999989,0,8.403,1.7106,1.7129,1.5337,0.1596,0.0025,0.0046,0.0002,0.0299,0.0392,0.0028,0.0007,0.0114,0.0001,0.0016,0.0014,0.0001,0.0001,0.0091,0.0012,0.0005,0.0026,0.0001,0.0812,0.0187,0.0001,0.0098,0.0,125.0,0.0,62.0,63.0,56.0,0.0,0.0,0.0,0.0,0.0,0.0,0.0,0.0,0.0,0.0,0.0,0.0,0.0,0.0,0.0,0.0,0.0,0.0,8.0,2.0,1.0
1422,11.851689799999988,0,8.2364,1.9935,1.7945,1.6088,0.1621,0.0026,0.0049,0.0002,0.0346,0.0445,0.002,0.0006,0.0101,0.0001,0.0014,0.0013,0.0001,0.0001,0.0087,0.0014,0.0004,0.0028,0.0001,0.0833,0.019,0.0001,0.0092,0.0,125.0,0.0,62.0,63.0,56.0,0.0,0.0,0.0,0.0,0.0,0.0,0.0,0.0,0.0,0.0,0.0,0.0,0.0,0.0,0.0,0.0,0.0,0.0,8.0,2.0,1.0
1423,11.859926199999988,0,8.567,1.7007,1.8892,1.6118,0.1803,0.0031,0.0073,0.0002,0.0282,0.041,0.0022,0.0009,0.0105,0.0002,0.0015,0.002,0.0001,0.0002,0.0088,0.0019,0.0005,0.0029,0.0001,0.0844,0.0207,0.0001,0.0093,0.0,125.0,0.0,62.0,63.0,56.0,0.0,0.0,0.0,0.0,0.0,0.0,0.0,0.0,0.0,0.0,0.0,0.0,0.0,0.0,0.0,0.0,0.0,0.0,8.0,2.0,1.0
1424,11.868493199999987,0,8.1526,1.8104,1.8997,1.6777,0.182,0.003,0.0058,0.0002,0.0404,0.0518,0.0026,0.0008,0.0108,0.0001,0.0016,0.0019,0.0,0.0001,0.0085,0.0016,0.0004,0.0028,0.0,0.0928,0.019,0.0,0.0084,0.0,125.0,0.0,62.0,63.0,56.0,0.0,0.0,0.0,0.0,0.0,0.0,0.0,0.0,0.0,0.0,0.0,0.0,0.0,0.0,0.0,0.0,0.0,0.0,8.0,2.0,1.0
1425,11.876645799999988,0,8.2632,1.6999,1.7271,1.6791,0.1649,0.0029,0.007,0.0003,0.0276,0.0396,0.0023,0.0006,0.0102,0.0002,0.0016,0.0018,0.0001,0.0001,0.0089,0.0013,0.0005,0.0027,0.0001,0.0803,0.0183,0.0,0.0094,0.0,125.0,0.0,62.0,63.0,56.0,0.0,0.0,0.0,0.0,0.0,0.0,0.0,0.0,0.0,0.0,0.0,0.0,0.0,0.0,0.0,0.0,0.0,0.0,8.0,2.0,1.0
1426,11.884908999999988,0,8.2349,1.7608,1.6547,1.6865,0.1549,0.0031,0.0048,0.0001,0.0368,0.0476,0.002,0.0006,0.0097,0.0002,0.0017,0.0013,0.0001,0.0001,0.008,0.0015,0.0005,0.0024,0.0001,0.0835,0.0152,0.0001,0.0081,0.0,125.0,0.0,62.0,63.0,56.0,0.0,0.0,0.0,0.0,0.0,0.0,0.0,0.0,0.0,0.0,0.0,0.0,0.0,0.0,0.0,0.0,0.0,0.0,8.0,2.0,1.0
1427,11.893143899999988,0,8.7067,1.8484,1.8808,1.7372,0.1711,0.0033,0.0076,0.0002,0.0223,0.0359,0.0024,0.0007,0.0081,0.0001,0.0019,0.0017,0.0001,0.0001,0.0091,0.0012,0.0004,0.0027,0.0001,0.0768,0.0199,0.0001,0.0092,0.0,125.0,0.0,62.0,63.0,56.0,0.0,0.0,0.0,0.0,0.0,0.0,0.0,0.0,0.0,0.0,0.0,0.0,0.0,0.0,0.0,0.0,0.0,0.0,8.0,2.0,1.0
1428,11.901850599999987,0,8.42,1.8857,1.9841,1.7013,0.1733,0.0041,0.0068,0.0003,0.0344,0.0477,0.0025,0.0006,0.0098,0.0002,0.0014,0.002,0.0001,0.0001,0.0087,0.0017,0.0005,0.0025,0.0001,0.0873,0.0179,0.0,0.0097,0.0,125.0,0.0,62.0,63.0,56.0,0.0,0.0,0.0,0.0,0.0,0.0,0.0,0.0,0.0,0.0,0.0,0.0,0.0,0.0,0.0,0.0,0.0,0.0,8.0,2.0,1.0
1429,11.910270599999986,0,8.2112,1.8643,2.0734,1.7995,0.1577,0.0028,0.0065,0.0003,0.0251,0.037,0.0023,0.0008,0.009,0.0001,0.0018,0.0013,0.0001,0.0002,0.0087,0.0012,0.001,0.0024,0.0,0.0759,0.0177,0.0001,0.0112,0.0,125.0,0.0,62.0,63.0,56.0,0.0,0.0,0.0,0.0,0.0,0.0,0.0,0.0,0.0,0.0,0.0,0.0,0.0,0.0,0.0,0.0,0.0,0.0,8.0,2.0,1.0
1430,11.918481799999986,0,8.161,1.7114,1.7652,1.6248,0.158,0.004,0.007,0.0002,0.0249,0.0384,0.0023,0.0007,0.009,0.0002,0.0014,0.0016,0.0001,0.0002,0.0083,0.0012,0.0004,0.0025,0.0,0.0765,0.0167,0.0,0.0086,0.0,125.0,0.0,62.0,63.0,56.0,0.0,0.0,0.0,0.0,0.0,0.0,0.0,0.0,0.0,0.0,0.0,0.0,0.0,0.0,0.0,0.0,0.0,0.0,8.0,2.0,1.0
1431,11.926642799999986,0,8.3552,1.6968,1.8349,1.6592,0.1811,0.0031,0.0068,0.0004,0.0285,0.0418,0.0023,0.0009,0.012,0.0001,0.0017,0.0022,0.0,0.0002,0.0092,0.0014,0.0004,0.0028,0.0001,0.0868,0.022,0.0,0.0087,0.0,125.0,0.0,62.0,63.0,56.0,0.0,0.0,0.0,0.0,0.0,0.0,0.0,0.0,0.0,0.0,0.0,0.0,0.0,0.0,0.0,0.0,0.0,0.0,8.0,2.0,1.0
1432,11.934997999999986,0,8.3927,1.7148,1.9208,1.6922,0.1733,0.0027,0.005,0.0002,0.0381,0.0482,0.0021,0.001,0.0107,0.0002,0.0017,0.0015,0.0002,0.0002,0.0083,0.0012,0.0005,0.0023,0.0,0.0886,0.0203,0.0001,0.0094,0.0,125.0,0.0,62.0,63.0,56.0,0.0,0.0,0.0,0.0,0.0,0.0,0.0,0.0,0.0,0.0,0.0,0.0,0.0,0.0,0.0,0.0,0.0,0.0,8.0,2.0,1.0
1433,11.943390699999986,0,8.3316,1.7835,1.8629,1.6075,0.1679,0.0028,0.0073,0.0002,0.0258,0.0389,0.0021,0.0006,0.0102,0.0001,0.0015,0.0015,0.0001,0.0001,0.0107,0.0014,0.0005,0.0028,0.0,0.082,0.0181,0.0,0.009,0.0,125.0,0.0,62.0,63.0,56.0,0.0,0.0,0.0,0.0,0.0,0.0,0.0,0.0,0.0,0.0,0.0,0.0,0.0,0.0,0.0,0.0,0.0,0.0,8.0,2.0,1.0
1434,11.951722299999986,0,8.1286,1.9787,1.6518,1.6438,0.1509,0.0025,0.0056,0.0006,0.0313,0.0417,0.0018,0.0007,0.0087,0.0001,0.0016,0.0012,0.0,0.0001,0.0077,0.0016,0.0004,0.0024,0.0001,0.0765,0.0164,0.0,0.0094,0.0,125.0,0.0,62.0,63.0,56.0,0.0,0.0,0.0,0.0,0.0,0.0,0.0,0.0,0.0,0.0,0.0,0.0,0.0,0.0,0.0,0.0,0.0,0.0,8.0,2.0,1.0
1435,11.959850899999985,0,8.6182,1.749,1.9146,1.6947,0.1757,0.003,0.0065,0.0001,0.0301,0.0425,0.0024,0.0007,0.0104,0.0001,0.0018,0.002,0.0001,0.0001,0.0088,0.0014,0.0005,0.0026,0.0001,0.0845,0.0182,0.0,0.0091,0.0,125.0,0.0,62.0,63.0,56.0,0.0,0.0,0.0,0.0,0.0,0.0,0.0,0.0,0.0,0.0,0.0,0.0,0.0,0.0,0.0,0.0,0.0,0.0,8.0,2.0,1.0
1436,11.968469099999986,0,8.4483,1.9035,1.9777,1.7076,0.1956,0.0034,0.0051,0.0001,0.043,0.0544,0.0026,0.001,0.0125,0.0001,0.0016,0.002,0.0002,0.0001,0.0089,0.0014,0.0005,0.0027,0.0,0.0998,0.0227,0.0001,0.0076,0.0,125.0,0.0,62.0,63.0,56.0,0.0,0.0,0.0,0.0,0.0,0.0,0.0,0.0,0.0,0.0,0.0,0.0,0.0,0.0,0.0,0.0,0.0,0.0,8.0,2.0,1.0
1437,11.976917399999985,0,8.3311,1.992,2.0276,1.8778,0.1898,0.0029,0.0052,0.0003,0.0321,0.0432,0.0026,0.0011,0.0134,0.0001,0.0016,0.0023,0.0001,0.0002,0.0094,0.0013,0.0005,0.0029,0.0,0.0914,0.0217,0.0001,0.0086,0.0,125.0,0.0,62.0,63.0,56.0,0.0,0.0,0.0,0.0,0.0,0.0,0.0,0.0,0.0,0.0,0.0,0.0,0.0,0.0,0.0,0.0,0.0,0.0,8.0,2.0,1.0
1438,11.985248499999985,0,8.3161,1.8484,2.0967,1.6876,0.189,0.0032,0.0075,0.0003,0.035,0.0484,0.0023,0.001,0.0105,0.0001,0.0023,0.0017,0.0001,0.0002,0.0091,0.0017,0.0006,0.003,0.0,0.091,0.0187,0.0001,0.0097,0.0,125.0,0.0,62.0,63.0,56.0,0.0,0.0,0.0,0.0,0.0,0.0,0.0,0.0,0.0,0.0,0.0,0.0,0.0,0.0,0.0,0.0,0.0,0.0,8.0,2.0,1.0
1439,11.993564599999985,0,8.3208,1.9512,1.993,1.7692,0.1871,0.004,0.0069,0.0008,0.0272,0.0421,0.0025,0.0009,0.0105,0.0001,0.0017,0.0019,0.0001,0.0001,0.008,0.0016,0.0005,0.0025,0.0,0.0825,0.0217,0.0001,0.01,0.0,125.0,0.0,62.0,63.0,56.0,0.0,0.0,0.0,0.0,0.0,0.0,0.0,0.0,0.0,0.0,0.0,0.0,0.0,0.0,0.0,0.0,0.0,0.0,8.0,2.0,1.0
1440,12.001885399999985,0,8.315,2.0039,2.0269,1.8707,0.207,0.0027,0.0051,0.0002,0.0557,0.0663,0.0028,0.0011,0.0127,0.0002,0.0018,0.0021,0.0002,0.0001,0.0097,0.0014,0.0005,0.003,0.0001,0.1134,0.0218,0.0001,0.0077,0.0,125.0,0.0,62.0,63.0,56.0,0.0,0.0,0.0,0.0,0.0,0.0,0.0,0.0,0.0,0.0,0.0,0.0,0.0,0.0,0.0,0.0,0.0,0.0,8.0,2.0,1.0
1441,12.010200399999984,0,8.3197,1.9185,1.9728,1.8119,0.18,0.0032,0.0066,0.0002,0.0296,0.0419,0.003,0.0011,0.0119,0.0001,0.0017,0.0016,0.0,0.0001,0.0085,0.0012,0.0013,0.0024,0.0,0.086,0.02,0.0001,0.0092,0.0,125.0,0.0,62.0,63.0,56.0,0.0,0.0,0.0,0.0,0.0,0.0,0.0,0.0,0.0,0.0,0.0,0.0,0.0,0.0,0.0,0.0,0.0,0.0,8.0,2.0,1.0
1442,12.018520099999984,0,8.3536,1.9419,2.0733,1.7558,0.2045,0.0033,0.0072,0.0002,0.0376,0.0512,0.0023,0.0009,0.01,0.0004,0.0022,0.0025,0.0002,0.0002,0.0102,0.0018,0.0005,0.0027,0.0001,0.0995,0.0223,0.0,0.0103,0.0,125.0,0.0,62.0,63.0,56.0,0.0,0.0,0.0,0.0,0.0,0.0,0.0,0.0,0.0,0.0,0.0,0.0,0.0,0.0,0.0,0.0,0.0,0.0,8.0,2.0,1.0
1443,12.026873699999983,0,8.2086,1.9366,1.9212,1.7203,0.1945,0.0027,0.0064,0.0004,0.0443,0.0563,0.0026,0.0008,0.0118,0.0001,0.0017,0.0022,0.0001,0.0001,0.0095,0.0013,0.0005,0.0032,0.0,0.1025,0.0206,0.0001,0.0081,0.0,125.0,0.0,62.0,63.0,56.0,0.0,0.0,0.0,0.0,0.0,0.0,0.0,0.0,0.0,0.0,0.0,0.0,0.0,0.0,0.0,0.0,0.0,0.0,8.0,2.0,1.0
1444,12.035082299999983,0,8.393,1.9114,1.9281,1.6888,0.1955,0.0031,0.0062,0.0003,0.0431,0.055,0.0031,0.0012,0.0125,0.0002,0.0017,0.0017,0.0001,0.0001,0.0106,0.0022,0.0005,0.0029,0.0,0.103,0.0256,0.0001,0.0086,0.0,125.0,0.0,62.0,63.0,56.0,0.0,0.0,0.0,0.0,0.0,0.0,0.0,0.0,0.0,0.0,0.0,0.0,0.0,0.0,0.0,0.0,0.0,0.0,8.0,2.0,1.0
1445,12.043475299999983,0,8.5551,1.9831,2.1298,1.8186,0.1916,0.0037,0.0072,0.0008,0.0296,0.0438,0.0023,0.001,0.0111,0.0001,0.002,0.002,0.0001,0.0001,0.0089,0.0018,0.0005,0.0029,0.0,0.0868,0.0207,0.0,0.0108,0.0,125.0,0.0,62.0,63.0,56.0,0.0,0.0,0.0,0.0,0.0,0.0,0.0,0.0,0.0,0.0,0.0,0.0,0.0,0.0,0.0,0.0,0.0,0.0,8.0,2.0,1.0
1446,12.052030399999984,0,8.0818,1.9291,1.9839,1.781,0.1709,0.0031,0.0068,0.0001,0.0319,0.0441,0.0021,0.0012,0.0101,0.0002,0.0017,0.0016,0.0001,0.0001,0.0093,0.0011,0.0005,0.0024,0.0,0.0834,0.0173,0.0,0.0103,0.0,125.0,0.0,62.0,63.0,56.0,0.0,0.0,0.0,0.0,0.0,0.0,0.0,0.0,0.0,0.0,0.0,0.0,0.0,0.0,0.0,0.0,0.0,0.0,8.0,2.0,1.0
1447,12.060112199999983,0,8.2818,1.8785,1.9299,1.7735,0.1815,0.0032,0.0078,0.0003,0.0322,0.0472,0.0031,0.0012,0.0132,0.0002,0.0023,0.0023,0.0001,0.0002,0.0098,0.0012,0.0005,0.003,0.0,0.0936,0.0194,0.0,0.0088,0.0,125.0,0.0,62.0,63.0,56.0,0.0,0.0,0.0,0.0,0.0,0.0,0.0,0.0,0.0,0.0,0.0,0.0,0.0,0.0,0.0,0.0,0.0,0.0,8.0,2.0,1.0
1448,12.068393999999984,0,8.4827,1.9637,1.9345,1.7571,0.1947,0.003,0.0048,0.0007,0.05,0.0617,0.0024,0.0009,0.011,0.0002,0.0015,0.002,0.0,0.0002,0.0089,0.0014,0.0006,0.0028,0.0001,0.1064,0.0208,0.0,0.0099,0.0,125.0,0.0,62.0,63.0,56.0,0.0,0.0,0.0,0.0,0.0,0.0,0.0,0.0,0.0,0.0,0.0,0.0,0.0,0.0,0.0,0.0,0.0,0.0,8.0,2.0,1.0
1449,12.076876699999984,0,8.5318,2.0569,2.1732,1.9248,0.2173,0.0036,0.0081,0.0003,0.0336,0.0484,0.0033,0.0013,0.0164,0.0001,0.0021,0.0023,0.0002,0.0002,0.0133,0.0021,0.0005,0.003,0.0,0.1046,0.0229,0.0001,0.0091,0.0,125.0,0.0,62.0,63.0,56.0,0.0,0.0,0.0,0.0,0.0,0.0,0.0,0.0,0.0,0.0,0.0,0.0,0.0,0.0,0.0,0.0,0.0,0.0,8.0,2.0,1.0
1450,12.085408499999984,0,8.2873,2.0923,2.1705,1.881,0.2025,0.0035,0.0075,0.0002,0.0379,0.0517,0.0024,0.0019,0.012,0.0001,0.0019,0.0023,0.0001,0.0002,0.0114,0.0019,0.0005,0.0031,0.0,0.1006,0.0222,0.0,0.0092,0.0,125.0,0.0,62.0,63.0,56.0,0.0,0.0,0.0,0.0,0.0,0.0,0.0,0.0,0.0,0.0,0.0,0.0,0.0,0.0,0.0,0.0,0.0,0.0,8.0,2.0,1.0
1451,12.093695799999983,0,8.1391,2.0898,2.0452,1.7685,0.1964,0.0029,0.005,0.0003,0.0394,0.05,0.0026,0.0009,0.0118,0.0002,0.0023,0.0017,0.0001,0.0002,0.0094,0.0014,0.0006,0.0027,0.0,0.0959,0.0204,0.0,0.0099,0.0,125.0,0.0,62.0,63.0,56.0,0.0,0.0,0.0,0.0,0.0,0.0,0.0,0.0,0.0,0.0,0.0,0.0,0.0,0.0,0.0,0.0,0.0,0.0,8.0,2.0,1.0
1452,12.101834899999982,0,8.2275,1.9598,1.9469,1.8466,0.1846,0.0026,0.006,0.0002,0.0385,0.0505,0.0023,0.0011,0.0107,0.0002,0.0019,0.002,0.0,0.0001,0.0092,0.0018,0.0005,0.0028,0.0,0.0941,0.0202,0.0,0.0091,0.0,125.0,0.0,62.0,63.0,56.0,0.0,0.0,0.0,0.0,0.0,0.0,0.0,0.0,0.0,0.0,0.0,0.0,0.0,0.0,0.0,0.0,0.0,0.0,8.0,2.0,1.0
1453,12.110062399999983,0,8.3129,1.9204,1.8401,1.7546,0.1829,0.0029,0.0051,0.0002,0.036,0.0466,0.0026,0.001,0.012,0.0001,0.0016,0.0015,0.0006,0.0001,0.0086,0.0013,0.0004,0.0029,0.0001,0.0904,0.021,0.0001,0.0086,0.0,125.0,0.0,62.0,63.0,56.0,0.0,0.0,0.0,0.0,0.0,0.0,0.0,0.0,0.0,0.0,0.0,0.0,0.0,0.0,0.0,0.0,0.0,0.0,8.0,2.0,1.0
1454,12.118375299999983,0,8.4489,1.8842,1.8938,1.8032,0.2003,0.0039,0.0086,0.0002,0.0378,0.0531,0.0026,0.0008,0.0104,0.0001,0.0018,0.0024,0.0002,0.0001,0.0111,0.0016,0.0004,0.0031,0.0,0.0994,0.022,0.0,0.0086,0.0,125.0,0.0,62.0,63.0,56.0,0.0,0.0,0.0,0.0,0.0,0.0,0.0,0.0,0.0,0.0,0.0,0.0,0.0,0.0,0.0,0.0,0.0,0.0,8.0,2.0,1.0
1455,12.126824199999982,0,8.3718,1.9033,2.0147,1.7197,0.1976,0.0033,0.0078,0.0003,0.0315,0.0463,0.003,0.0013,0.0145,0.0001,0.0022,0.0016,0.0001,0.0006,0.0092,0.0013,0.0004,0.0028,0.0,0.0987,0.0239,0.0,0.0081,0.0,125.0,0.0,62.0,63.0,54.0,0.0,0.0,0.0,0.0,0.0,0.0,0.0,0.0,0.0,0.0,0.0,0.0,0.0,0.0,0.0,0.0,0.0,0.0,8.0,2.0,1.0
1456,12.135195999999983,0,8.2789,1.8862,1.9559,1.8532,0.1854,0.0027,0.0053,0.0002,0.0401,0.0511,0.0023,0.0009,0.0119,0.0001,0.0017,0.0016,0.0001,0.0001,0.0092,0.0013,0.0004,0.0028,0.0001,0.095,0.0204,0.0001,0.0074,0.0,125.0,0.0,62.0,63.0,54.0,0.0,0.0,0.0,0.0,0.0,0.0,0.0,0.0,0.0,0.0,0.0,0.0,0.0,0.0,0.0,0.0,0.0,0.0,8.0,2.0,1.0
1457,12.143474899999983,0,8.2211,1.8894,1.9242,1.8023,0.1763,0.0032,0.0074,0.0002,0.0322,0.0454,0.0024,0.0009,0.0105,0.0002,0.0016,0.002,0.0001,0.0001,0.0085,0.0019,0.0005,0.0027,0.0001,0.0873,0.0185,0.0001,0.009,0.0,125.0,0.0,62.0,63.0,54.0,0.0,0.0,0.0,0.0,0.0,0.0,0.0,0.0,0.0,0.0,0.0,0.0,0.0,0.0,0.0,0.0,0.0,0.0,8.0,2.0,1.0
1458,12.151695999999983,0,8.2825,1.9366,1.792,1.6596,0.1576,0.0026,0.0057,0.0001,0.0364,0.0475,0.0024,0.0007,0.0091,0.0001,0.0012,0.0016,0.0,0.0001,0.0083,0.0011,0.0009,0.0023,0.0,0.0842,0.0159,0.0,0.0088,0.0,125.0,0.0,62.0,63.0,54.0,0.0,0.0,0.0,0.0,0.0,0.0,0.0,0.0,0.0,0.0,0.0,0.0,0.0,0.0,0.0,0.0,0.0,0.0,8.0,2.0,1.0
1459,12.159978499999983,0,8.5878,1.7612,2.0348,1.8292,0.1869,0.0046,0.0068,0.0002,0.0315,0.0462,0.0024,0.0011,0.0118,0.0001,0.002,0.0015,0.0006,0.0001,0.0089,0.0019,0.0005,0.0028,0.0,0.0908,0.0199,0.0,0.0097,0.0,125.0,0.0,62.0,63.0,54.0,0.0,0.0,0.0,0.0,0.0,0.0,0.0,0.0,0.0,0.0,0.0,0.0,0.0,0.0,0.0,0.0,0.0,0.0,8.0,2.0,1.0
1460,12.168566299999984,0,8.4101,2.0968,2.0641,1.8486,0.1898,0.0037,0.0078,0.0002,0.0355,0.0497,0.0024,0.001,0.0118,0.0007,0.0016,0.0021,0.0001,0.0001,0.0089,0.0018,0.0005,0.003,0.0001,0.0941,0.02,0.0001,0.0086,0.0,125.0,0.0,62.0,63.0,54.0,0.0,0.0,0.0,0.0,0.0,0.0,0.0,0.0,0.0,0.0,0.0,0.0,0.0,0.0,0.0,0.0,0.0,0.0,8.0,2.0,1.0
1461,12.176976399999985,0,8.1926,1.9386,2.0355,1.8649,0.1765,0.0029,0.005,0.0002,0.0319,0.0429,0.0025,0.0009,0.0128,0.0001,0.0016,0.0016,0.0001,0.0001,0.009,0.0013,0.0009,0.0029,0.0001,0.0882,0.0209,0.0001,0.0095,0.0,125.0,0.0,62.0,63.0,54.0,0.0,0.0,0.0,0.0,0.0,0.0,0.0,0.0,0.0,0.0,0.0,0.0,0.0,0.0,0.0,0.0,0.0,0.0,8.0,2.0,1.0
1462,12.185168999999984,0,8.3881,1.9291,2.1307,1.7842,0.2151,0.0041,0.0117,0.0002,0.0412,0.0604,0.0024,0.0008,0.0119,0.0001,0.0027,0.0022,0.0001,0.0001,0.0105,0.0013,0.0005,0.0028,0.0001,0.1081,0.0239,0.0005,0.0096,0.0,125.0,0.0,62.0,63.0,54.0,0.0,0.0,0.0,0.0,0.0,0.0,0.0,0.0,0.0,0.0,0.0,0.0,0.0,0.0,0.0,0.0,0.0,0.0,8.0,2.0,1.0
1463,12.193557099999984,0,8.3815,2.19,1.8488,1.9135,0.1868,0.0037,0.0066,0.0002,0.0338,0.0469,0.0023,0.0013,0.0116,0.0007,0.0016,0.0025,0.0001,0.0001,0.0092,0.0013,0.0005,0.0028,0.0001,0.0905,0.0198,0.0001,0.008,0.0,125.0,0.0,62.0,63.0,54.0,0.0,0.0,0.0,0.0,0.0,0.0,0.0,0.0,0.0,0.0,0.0,0.0,0.0,0.0,0.0,0.0,0.0,0.0,8.0,2.0,1.0
1464,12.201938599999984,0,8.2953,2.1065,2.0921,1.83,0.1926,0.0037,0.0067,0.0002,0.0405,0.0537,0.0029,0.0009,0.0124,0.0002,0.0021,0.0017,0.0001,0.0002,0.0089,0.0019,0.0005,0.0028,0.0,0.1,0.0209,0.0001,0.0087,0.0,125.0,0.0,62.0,63.0,54.0,0.0,0.0,0.0,0.0,0.0,0.0,0.0,0.0,0.0,0.0,0.0,0.0,0.0,0.0,0.0,0.0,0.0,0.0,8.0,2.0,1.0
1465,12.210233899999984,0,8.1969,2.1286,2.0373,1.86,0.184,0.0028,0.0056,0.0003,0.0307,0.042,0.003,0.001,0.0135,0.0002,0.0016,0.0023,0.0,0.0002,0.0097,0.0013,0.0005,0.0029,0.0,0.0908,0.021,0.0,0.0077,0.0,125.0,0.0,62.0,63.0,54.0,0.0,0.0,0.0,0.0,0.0,0.0,0.0,0.0,0.0,0.0,0.0,0.0,0.0,0.0,0.0,0.0,0.0,0.0,8.0,2.0,1.0
1466,12.218430799999984,0,8.5222,1.9302,1.9921,1.7842,0.2116,0.003,0.0086,0.0002,0.0526,0.0672,0.0031,0.0017,0.0123,0.0002,0.0018,0.002,0.0001,0.0001,0.0084,0.0016,0.0006,0.0033,0.0,0.1135,0.0242,0.0001,0.0097,0.0,125.0,0.0,62.0,63.0,54.0,0.0,0.0,0.0,0.0,0.0,0.0,0.0,0.0,0.0,0.0,0.0,0.0,0.0,0.0,0.0,0.0,0.0,0.0,8.0,2.0,1.0
1467,12.226952999999984,0,8.4214,2.2055,2.1558,1.8584,0.181,0.0035,0.0055,0.0003,0.0288,0.0411,0.0021,0.0008,0.0108,0.0002,0.0018,0.0022,0.0001,0.0001,0.0089,0.0015,0.0005,0.003,0.0001,0.084,0.0201,0.0001,0.0098,0.0,125.0,0.0,62.0,63.0,54.0,0.0,0.0,0.0,0.0,0.0,0.0,0.0,0.0,0.0,0.0,0.0,0.0,0.0,0.0,0.0,0.0,0.0,0.0,8.0,2.0,1.0
1468,12.235374399999984,0,8.2894,2.1725,2.1619,2.0114,0.1824,0.004,0.0075,0.0004,0.0329,0.0478,0.002,0.001,0.01,0.0002,0.0019,0.002,0.0001,0.0001,0.0087,0.0016,0.0005,0.0025,0.0001,0.0892,0.021,0.0001,0.0089,0.0,125.0,0.0,62.0,63.0,54.0,0.0,0.0,0.0,0.0,0.0,0.0,0.0,0.0,0.0,0.0,0.0,0.0,0.0,0.0,0.0,0.0,0.0,0.0,8.0,2.0,1.0
1469,12.243663799999984,0,8.2136,2.1181,2.0645,2.0199,0.1715,0.0029,0.0053,0.0003,0.0298,0.041,0.0029,0.0012,0.0109,0.0002,0.0021,0.0016,0.0001,0.0006,0.0088,0.0012,0.0005,0.0024,0.0,0.0832,0.019,0.0001,0.0097,0.0,125.0,0.0,62.0,63.0,54.0,0.0,0.0,0.0,0.0,0.0,0.0,0.0,0.0,0.0,0.0,0.0,0.0,0.0,0.0,0.0,0.0,0.0,0.0,8.0,2.0,1.0
1470,12.251877399999984,0,8.6032,2.0236,2.272,1.8181,0.2088,0.0041,0.0095,0.0003,0.0381,0.0548,0.0026,0.001,0.0114,0.0002,0.0024,0.0017,0.0001,0.0002,0.0095,0.0018,0.0005,0.0026,0.0,0.0997,0.0267,0.0002,0.0108,0.0,125.0,0.0,62.0,63.0,54.0,0.0,0.0,0.0,0.0,0.0,0.0,0.0,0.0,0.0,0.0,0.0,0.0,0.0,0.0,0.0,0.0,0.0,0.0,8.0,2.0,1.0
1471,12.260480599999983,0,8.1858,2.0989,2.2181,2.0447,0.2012,0.0033,0.0052,0.0001,0.0352,0.0466,0.0028,0.0011,0.0132,0.0002,0.0019,0.0021,0.0005,0.0001,0.0104,0.0015,0.0006,0.0029,0.0001,0.0964,0.023,0.0001,0.009,0.0,125.0,0.0,62.0,63.0,54.0,0.0,0.0,0.0,0.0,0.0,0.0,0.0,0.0,0.0,0.0,0.0,0.0,0.0,0.0,0.0,0.0,0.0,0.0,8.0,2.0,1.0
1472,12.268666399999983,0,8.2722,2.201,2.0114,1.9747,0.2015,0.003,0.0053,0.0002,0.0419,0.0529,0.0025,0.0011,0.0131,0.0001,0.0021,0.0018,0.0001,0.0002,0.0094,0.0013,0.0005,0.0029,0.0,0.1006,0.0215,0.0002,0.0087,0.0,125.0,0.0,62.0,63.0,54.0,0.0,0.0,0.0,0.0,0.0,0.0,0.0,0.0,0.0,0.0,0.0,0.0,0.0,0.0,0.0,0.0,0.0,0.0,8.0,2.0,1.0
1473,12.276938599999983,0,8.2742,2.1605,2.0751,1.8337,0.179,0.0028,0.0048,0.0002,0.0297,0.0402,0.0026,0.0008,0.013,0.0001,0.0019,0.0023,0.0002,0.0002,0.01,0.0014,0.0009,0.0028,0.0001,0.0879,0.0202,0.0002,0.0089,0.0,125.0,0.0,62.0,63.0,54.0,0.0,0.0,0.0,0.0,0.0,0.0,0.0,0.0,0.0,0.0,0.0,0.0,0.0,0.0,0.0,0.0,0.0,0.0,8.0,2.0,1.0
1474,12.285212799999984,0,8.4679,1.9973,2.1187,1.8811,0.1846,0.0039,0.0074,0.0007,0.0335,0.0481,0.002,0.0011,0.0098,0.0002,0.002,0.0015,0.0001,0.0002,0.0088,0.0013,0.0005,0.0024,0.0,0.0894,0.0206,0.0001,0.009,0.0,125.0,0.0,62.0,63.0,54.0,0.0,0.0,0.0,0.0,0.0,0.0,0.0,0.0,0.0,0.0,0.0,0.0,0.0,0.0,0.0,0.0,0.0,0.0,8.0,2.0,1.0
1475,12.293680699999983,0,8.2587,2.194,2.0678,1.9114,0.1886,0.0034,0.0074,0.0002,0.0303,0.0438,0.0022,0.0011,0.012,0.0002,0.0021,0.0016,0.0001,0.0002,0.0097,0.0016,0.0005,0.0028,0.0001,0.0882,0.0247,0.0001,0.0077,0.0,125.0,0.0,62.0,63.0,54.0,0.0,0.0,0.0,0.0,0.0,0.0,0.0,0.0,0.0,0.0,0.0,0.0,0.0,0.0,0.0,0.0,0.0,0.0,8.0,2.0,1.0
1476,12.301939399999984,0,8.4426,2.1661,2.1858,2.1264,0.1996,0.0038,0.0054,0.0002,0.0429,0.0552,0.0026,0.001,0.0134,0.0001,0.0022,0.0016,0.0001,0.0001,0.0091,0.0013,0.001,0.0025,0.0,0.1012,0.022,0.0001,0.0086,0.0,125.0,0.0,62.0,63.0,54.0,0.0,0.0,0.0,0.0,0.0,0.0,0.0,0.0,0.0,0.0,0.0,0.0,0.0,0.0,0.0,0.0,0.0,0.0,8.0,2.0,1.0
1477,12.310381999999985,0,8.6015,2.0747,2.3905,1.8374,0.2059,0.0033,0.0063,0.0002,0.0363,0.0496,0.0029,0.0016,0.0146,0.0002,0.0018,0.0018,0.0005,0.0001,0.0092,0.0018,0.0006,0.003,0.0,0.0999,0.0243,0.0001,0.0089,0.0,125.0,0.0,62.0,63.0,54.0,0.0,0.0,0.0,0.0,0.0,0.0,0.0,0.0,0.0,0.0,0.0,0.0,0.0,0.0,0.0,0.0,0.0,0.0,8.0,2.0,1.0
1478,12.318983499999984,0,8.0287,2.1359,2.2759,1.9793,0.1913,0.0033,0.0053,0.0002,0.0411,0.0526,0.0024,0.0012,0.0122,0.0002,0.0017,0.002,0.0002,0.0001,0.0089,0.0014,0.0005,0.0026,0.0,0.0968,0.0203,0.0,0.0091,0.0,125.0,0.0,62.0,63.0,56.0,0.0,0.0,0.0,0.0,0.0,0.0,0.0,0.0,0.0,0.0,0.0,0.0,0.0,0.0,0.0,0.0,0.0,0.0,8.0,2.0,1.0
1479,12.327012199999984,0,8.6991,2.1747,2.3991,1.8894,0.1765,0.0043,0.008,0.0008,0.0211,0.0369,0.0021,0.001,0.0088,0.0001,0.0016,0.0022,0.0001,0.0002,0.0097,0.0013,0.0005,0.0028,0.0,0.0771,0.0202,0.0001,0.0093,0.0,125.0,0.0,62.0,63.0,56.0,0.0,0.0,0.0,0.0,0.0,0.0,0.0,0.0,0.0,0.0,0.0,0.0,0.0,0.0,0.0,0.0,0.0,0.0,8.0,2.0,1.0
1480,12.335711299999984,0,8.0929,2.2981,2.2551,2.0146,0.1907,0.003,0.0073,0.0003,0.0377,0.0521,0.0021,0.0009,0.0101,0.0007,0.0017,0.0021,0.0001,0.0001,0.009,0.0017,0.0006,0.0027,0.0,0.0946,0.0213,0.0001,0.0102,0.0,125.0,0.0,62.0,63.0,56.0,0.0,0.0,0.0,0.0,0.0,0.0,0.0,0.0,0.0,0.0,0.0,0.0,0.0,0.0,0.0,0.0,0.0,0.0,8.0,2.0,1.0
1481,12.343804199999983,0,8.396,2.1466,2.4285,1.9086,0.2,0.0039,0.0078,0.0003,0.0336,0.0484,0.0028,0.0011,0.012,0.0002,0.0018,0.0017,0.0001,0.0001,0.0096,0.0019,0.0005,0.0026,0.0001,0.0944,0.0226,0.0001,0.0126,0.0,125.0,0.0,62.0,63.0,56.0,0.0,0.0,0.0,0.0,0.0,0.0,0.0,0.0,0.0,0.0,0.0,0.0,0.0,0.0,0.0,0.0,0.0,0.0,8.0,2.0,1.0
1482,12.352200199999983,0,8.2604,2.1792,2.28,2.0486,0.1924,0.0038,0.0058,0.0003,0.0392,0.0517,0.0026,0.0009,0.0119,0.0002,0.0015,0.0021,0.0001,0.0002,0.0098,0.0012,0.0005,0.0028,0.0,0.0963,0.0212,0.0001,0.0096,0.0,125.0,0.0,62.0,63.0,56.0,0.0,0.0,0.0,0.0,0.0,0.0,0.0,0.0,0.0,0.0,0.0,0.0,0.0,0.0,0.0,0.0,0.0,0.0,8.0,2.0,1.0
1483,12.360460599999982,0,8.2407,2.1021,2.2619,1.8283,0.1856,0.0032,0.0057,0.0003,0.0356,0.0477,0.0022,0.0007,0.0122,0.0002,0.0017,0.0022,0.0001,0.0001,0.0094,0.0013,0.0004,0.0025,0.0,0.0916,0.0211,0.0001,0.0097,0.0,125.0,0.0,62.0,63.0,56.0,0.0,0.0,0.0,0.0,0.0,0.0,0.0,0.0,0.0,0.0,0.0,0.0,0.0,0.0,0.0,0.0,0.0,0.0,8.0,2.0,1.0
1484,12.368701299999982,0,8.1996,2.0489,2.0517,1.8928,0.1996,0.0031,0.0048,0.0003,0.048,0.0585,0.0023,0.0015,0.0127,0.0002,0.0017,0.0021,0.0001,0.0001,0.0096,0.0014,0.0006,0.0028,0.0,0.1061,0.0217,0.0,0.0087,0.0,125.0,0.0,62.0,63.0,56.0,0.0,0.0,0.0,0.0,0.0,0.0,0.0,0.0,0.0,0.0,0.0,0.0,0.0,0.0,0.0,0.0,0.0,0.0,8.0,2.0,1.0
1485,12.376900899999981,0,8.4566,2.0216,2.1334,1.9346,0.1781,0.0037,0.007,0.0003,0.0267,0.0411,0.0022,0.0009,0.01,0.0001,0.0017,0.0022,0.0002,0.0001,0.009,0.0012,0.0005,0.0025,0.0,0.0826,0.0206,0.0002,0.01,0.0,125.0,0.0,62.0,63.0,56.0,0.0,0.0,0.0,0.0,0.0,0.0,0.0,0.0,0.0,0.0,0.0,0.0,0.0,0.0,0.0,0.0,0.0,0.0,8.0,2.0,1.0
1486,12.385357499999982,0,8.3632,2.0688,2.2396,1.837,0.2013,0.0033,0.0077,0.0003,0.0384,0.0523,0.0025,0.0014,0.0121,0.0007,0.0018,0.0022,0.0001,0.0002,0.01,0.0014,0.0006,0.0031,0.0,0.099,0.021,0.0,0.0096,0.0,125.0,0.0,62.0,63.0,56.0,0.0,0.0,0.0,0.0,0.0,0.0,0.0,0.0,0.0,0.0,0.0,0.0,0.0,0.0,0.0,0.0,0.0,0.0,8.0,2.0,1.0
1487,12.393720699999982,0,8.1883,2.2899,2.1112,1.9126,0.1666,0.0031,0.0073,0.0003,0.0213,0.0343,0.0018,0.0008,0.0076,0.0001,0.0015,0.0022,0.0001,0.0001,0.0095,0.0011,0.0005,0.0024,0.0001,0.073,0.0171,0.0,0.0099,0.0,125.0,0.0,62.0,63.0,56.0,0.0,0.0,0.0,0.0,0.0,0.0,0.0,0.0,0.0,0.0,0.0,0.0,0.0,0.0,0.0,0.0,0.0,0.0,8.0,2.0,1.0
1488,12.401908999999982,0,8.3282,2.1584,1.9955,1.7704,0.1924,0.0042,0.0068,0.0003,0.0433,0.0568,0.0028,0.0009,0.0115,0.0002,0.0017,0.0018,0.0001,0.0001,0.0089,0.0015,0.0005,0.0028,0.0,0.1009,0.0207,0.0001,0.0091,0.0,125.0,0.0,62.0,63.0,56.0,0.0,0.0,0.0,0.0,0.0,0.0,0.0,0.0,0.0,0.0,0.0,0.0,0.0,0.0,0.0,0.0,0.0,0.0,8.0,2.0,1.0
1489,12.410237199999981,0,8.3233,1.9891,2.0856,1.8289,0.1763,0.0029,0.0051,0.0003,0.0307,0.0418,0.0025,0.0008,0.0129,0.0002,0.0016,0.0016,0.0001,0.0002,0.009,0.0012,0.0005,0.003,0.0,0.0869,0.0202,0.0001,0.009,0.0,125.0,0.0,62.0,63.0,56.0,0.0,0.0,0.0,0.0,0.0,0.0,0.0,0.0,0.0,0.0,0.0,0.0,0.0,0.0,0.0,0.0,0.0,0.0,8.0,2.0,1.0
1490,12.418560499999982,0,8.7084,1.9703,2.2267,1.7952,0.2107,0.0035,0.0058,0.0003,0.0438,0.0562,0.0025,0.0009,0.0129,0.0003,0.0024,0.0018,0.0001,0.0002,0.0107,0.0014,0.0006,0.0029,0.0,0.1064,0.024,0.0005,0.0091,0.0,125.0,0.0,62.0,63.0,56.0,0.0,0.0,0.0,0.0,0.0,0.0,0.0,0.0,0.0,0.0,0.0,0.0,0.0,0.0,0.0,0.0,0.0,0.0,8.0,2.0,1.0
1491,12.427268899999982,0,8.2202,2.3066,2.42,2.0705,0.1857,0.0032,0.0057,0.0003,0.0288,0.0406,0.0024,0.0009,0.0121,0.0001,0.0022,0.0017,0.0002,0.0001,0.0085,0.0011,0.0005,0.0026,0.0,0.0854,0.0224,0.0001,0.0106,0.0,125.0,0.0,62.0,63.0,56.0,0.0,0.0,0.0,0.0,0.0,0.0,0.0,0.0,0.0,0.0,0.0,0.0,0.0,0.0,0.0,0.0,0.0,0.0,8.0,2.0,1.0
1492,12.435489099999982,0,8.1813,2.1566,2.1896,1.8789,0.1844,0.0031,0.0055,0.0002,0.0372,0.0484,0.0021,0.0008,0.0116,0.0001,0.0015,0.0021,0.0002,0.0001,0.0084,0.0011,0.0006,0.0025,0.0,0.0914,0.0214,0.0,0.0089,0.0,125.0,0.0,62.0,63.0,56.0,0.0,0.0,0.0,0.0,0.0,0.0,0.0,0.0,0.0,0.0,0.0,0.0,0.0,0.0,0.0,0.0,0.0,0.0,8.0,2.0,1.0
1493,12.443670399999982,0,8.4284,2.0551,2.2214,1.8271,0.2118,0.0037,0.0073,0.0003,0.0239,0.0383,0.0021,0.0014,0.011,0.0002,0.002,0.0015,0.0001,0.0002,0.0098,0.0015,0.0006,0.0025,0.0001,0.0829,0.0313,0.0001,0.0107,0.0,125.0,0.0,62.0,63.0,56.0,0.0,0.0,0.0,0.0,0.0,0.0,0.0,0.0,0.0,0.0,0.0,0.0,0.0,0.0,0.0,0.0,0.0,0.0,8.0,2.0,1.0
1494,12.452098799999982,0,8.2215,2.1578,2.1664,1.9249,0.1947,0.0029,0.0048,0.0003,0.044,0.0548,0.0022,0.0009,0.0111,0.0002,0.0018,0.0015,0.0001,0.0001,0.0094,0.0012,0.0004,0.0024,0.0,0.0983,0.02,0.0003,0.0087,0.0,125.0,0.0,62.0,63.0,56.0,0.0,0.0,0.0,0.0,0.0,0.0,0.0,0.0,0.0,0.0,0.0,0.0,0.0,0.0,0.0,0.0,0.0,0.0,8.0,2.0,1.0
1495,12.460320299999982,0,8.2278,2.0825,2.0404,1.9423,0.1895,0.0037,0.0073,0.0003,0.0286,0.0432,0.0022,0.0012,0.0116,0.0001,0.002,0.0022,0.0001,0.0001,0.0088,0.0019,0.0006,0.003,0.0001,0.0889,0.0203,0.0001,0.0095,0.0,125.0,0.0,62.0,63.0,56.0,0.0,0.0,0.0,0.0,0.0,0.0,0.0,0.0,0.0,0.0,0.0,0.0,0.0,0.0,0.0,0.0,0.0,0.0,8.0,2.0,1.0
1496,12.468548099999982,0,8.3962,2.0499,2.0609,1.881,0.1934,0.0028,0.0051,0.0002,0.0421,0.0529,0.0025,0.001,0.0122,0.0002,0.0016,0.0023,0.0001,0.0002,0.0096,0.0013,0.0005,0.0028,0.0,0.0995,0.0223,0.0001,0.0086,0.0,125.0,0.0,62.0,63.0,56.0,0.0,0.0,0.0,0.0,0.0,0.0,0.0,0.0,0.0,0.0,0.0,0.0,0.0,0.0,0.0,0.0,0.0,0.0,8.0,2.0,1.0
1497,12.476944299999982,0,8.4132,1.9772,2.0236,1.7582,0.1675,0.0029,0.0049,0.0003,0.031,0.0416,0.0022,0.0009,0.0111,0.0001,0.0015,0.0024,0.0001,0.0001,0.009,0.0014,0.0005,0.0024,0.0001,0.0846,0.0177,0.0001,0.0098,0.0,125.0,0.0,62.0,63.0,56.0,0.0,0.0,0.0,0.0,0.0,0.0,0.0,0.0,0.0,0.0,0.0,0.0,0.0,0.0,0.0,0.0,0.0,0.0,8.0,2.0,1.0
1498,12.485357499999981,0,8.3163,2.0363,2.3132,1.81,0.2001,0.0037,0.0074,0.0003,0.0412,0.0555,0.0024,0.001,0.0112,0.0001,0.0016,0.002,0.0002,0.0001,0.0097,0.0014,0.0006,0.003,0.0,0.1018,0.0213,0.0006,0.0079,0.0,125.0,0.0,62.0,63.0,56.0,0.0,0.0,0.0,0.0,0.0,0.0,0.0,0.0,0.0,0.0,0.0,0.0,0.0,0.0,0.0,0.0,0.0,0.0,8.0,2.0,1.0
1499,12.493673799999982,0,8.4192,2.0147,1.9802,1.8633,0.1923,0.0028,0.0057,0.0002,0.0369,0.0494,0.0025,0.0009,0.0129,0.0002,0.0016,0.002,0.0001,0.0001,0.0095,0.0014,0.0005,0.0031,0.0,0.0966,0.0206,0.0001,0.0094,0.0,125.0,0.0,62.0,63.0,56.0,0.0,0.0,0.0,0.0,0.0,0.0,0.0,0.0,0.0,0.0,0.0,0.0,0.0,0.0,0.0,0.0,0.0,0.0,8.0,2.0,1.0
1500,12.502092999999983,0,8.1653,2.0194,2.3333,1.805,0.1806,0.0031,0.0065,0.0003,0.0352,0.048,0.0023,0.0009,0.0107,0.0001,0.002,0.0016,0.0001,0.0001,0.0093,0.0012,0.0005,0.0025,0.0,0.0904,0.0193,0.0006,0.0105,0.0,125.0,0.0,62.0,63.0,56.0,0.0,0.0,0.0,0.0,0.0,0.0,0.0,0.0,0.0,0.0,0.0,0.0,0.0,0.0,0.0,0.0,0.0,0.0,8.0,2.0,1.0
1501,12.510258299999983,0,8.3042,2.0113,1.966,1.749,0.1777,0.003,0.0057,0.0002,0.0318,0.0437,0.0022,0.0007,0.0118,0.0002,0.0016,0.0022,0.0002,0.0001,0.0094,0.0011,0.0004,0.0028,0.0,0.0869,0.0192,0.0001,0.0096,0.0,125.0,0.0,62.0,63.0,56.0,0.0,0.0,0.0,0.0,0.0,0.0,0.0,0.0,0.0,0.0,0.0,0.0,0.0,0.0,0.0,0.0,0.0,0.0,8.0,2.0,1.0
1502,12.518562499999982,0,8.6081,2.095,2.3753,1.9415,0.1964,0.0032,0.0075,0.0002,0.0324,0.0459,0.0021,0.0008,0.0105,0.0002,0.0014,0.0024,0.0001,0.0001,0.0093,0.0013,0.0005,0.0027,0.0,0.0957,0.0218,0.0001,0.0087,0.0,125.0,0.0,62.0,63.0,54.0,0.0,0.0,0.0,0.0,0.0,0.0,0.0,0.0,0.0,0.0,0.0,0.0,0.0,0.0,0.0,0.0,0.0,0.0,8.0,2.0,1.0
1503,12.527170599999982,0,8.1427,2.0283,1.9617,1.8605,0.1734,0.0031,0.0065,0.0003,0.0286,0.0407,0.0023,0.0009,0.0108,0.0001,0.0018,0.0016,0.0002,0.0001,0.0087,0.0012,0.0009,0.0026,0.0,0.0824,0.0202,0.0002,0.0081,0.0,125.0,0.0,62.0,63.0,54.0,0.0,0.0,0.0,0.0,0.0,0.0,0.0,0.0,0.0,0.0,0.0,0.0,0.0,0.0,0.0,0.0,0.0,0.0,8.0,2.0,1.0
1504,12.535313299999983,0,8.2543,2.0409,2.0562,1.7884,0.1763,0.0027,0.0069,0.0003,0.0316,0.0438,0.0022,0.0013,0.0104,0.0001,0.0018,0.0016,0.0001,0.0001,0.0093,0.0012,0.0005,0.0024,0.0001,0.0842,0.0217,0.0001,0.0077,0.0,125.0,0.0,62.0,63.0,54.0,0.0,0.0,0.0,0.0,0.0,0.0,0.0,0.0,0.0,0.0,0.0,0.0,0.0,0.0,0.0,0.0,0.0,0.0,8.0,2.0,1.0
1505,12.543567599999983,0,8.4806,2.0265,2.1896,1.8314,0.1813,0.0029,0.0052,0.0002,0.0311,0.0419,0.0023,0.001,0.0089,0.0001,0.0015,0.0022,0.0001,0.0001,0.0093,0.0011,0.0008,0.0028,0.0,0.085,0.0238,0.0001,0.0085,0.0,125.0,0.0,62.0,63.0,54.0,0.0,0.0,0.0,0.0,0.0,0.0,0.0,0.0,0.0,0.0,0.0,0.0,0.0,0.0,0.0,0.0,0.0,0.0,8.0,2.0,1.0
1506,12.552048199999984,0,8.2561,2.228,2.1274,1.8207,0.1889,0.003,0.0052,0.0002,0.0418,0.0529,0.0024,0.0009,0.0116,0.0002,0.0017,0.0022,0.0,0.0001,0.0099,0.0013,0.0005,0.0027,0.0001,0.099,0.0194,0.0001,0.0083,0.0,125.0,0.0,62.0,63.0,54.0,0.0,0.0,0.0,0.0,0.0,0.0,0.0,0.0,0.0,0.0,0.0,0.0,0.0,0.0,0.0,0.0,0.0,0.0,8.0,2.0,1.0
1507,12.560304299999984,0,8.5085,2.1092,2.3059,1.887,0.1878,0.003,0.0049,0.0003,0.0305,0.0413,0.0023,0.001,0.0127,0.0001,0.0023,0.0018,0.0001,0.0002,0.0093,0.0013,0.001,0.0029,0.0,0.0891,0.0221,0.0002,0.0085,0.0,125.0,0.0,62.0,63.0,54.0,0.0,0.0,0.0,0.0,0.0,0.0,0.0,0.0,0.0,0.0,0.0,0.0,0.0,0.0,0.0,0.0,0.0,0.0,8.0,2.0,1.0
1508,12.568812799999984,0,8.1041,2.1846,2.0298,2.0744,0.178,0.0029,0.0065,0.0002,0.037,0.0489,0.0021,0.0006,0.009,0.0002,0.0023,0.0015,0.0001,0.0006,0.0089,0.0012,0.001,0.0023,0.0,0.0885,0.0196,0.0,0.0102,0.0,125.0,0.0,62.0,63.0,54.0,0.0,0.0,0.0,0.0,0.0,0.0,0.0,0.0,0.0,0.0,0.0,0.0,0.0,0.0,0.0,0.0,0.0,0.0,8.0,2.0,1.0
1509,12.576916899999985,0,8.5377,1.9842,2.1437,1.7956,0.1918,0.0035,0.0059,0.0002,0.0363,0.0487,0.0023,0.0016,0.0122,0.0001,0.0022,0.0017,0.0002,0.0002,0.0094,0.0013,0.0009,0.0026,0.0,0.0935,0.022,0.0001,0.008,0.0,125.0,0.0,62.0,63.0,54.0,0.0,0.0,0.0,0.0,0.0,0.0,0.0,0.0,0.0,0.0,0.0,0.0,0.0,0.0,0.0,0.0,0.0,0.0,8.0,2.0,1.0
1510,12.585454599999984,0,8.3201,2.0998,2.3642,1.885,0.2136,0.0033,0.0054,0.0002,0.0479,0.0603,0.0024,0.0012,0.0133,0.0001,0.0018,0.0022,0.0001,0.0001,0.0103,0.0015,0.0009,0.0029,0.0,0.1094,0.0218,0.0001,0.0085,0.0,125.0,0.0,62.0,63.0,54.0,0.0,0.0,0.0,0.0,0.0,0.0,0.0,0.0,0.0,0.0,0.0,0.0,0.0,0.0,0.0,0.0,0.0,0.0,8.0,2.0,1.0
1511,12.593774699999985,0,8.391,2.1241,2.2765,2.0765,0.2057,0.0035,0.0054,0.0002,0.0371,0.0496,0.0028,0.001,0.0135,0.0002,0.0017,0.0022,0.0001,0.0001,0.0098,0.0014,0.0006,0.0031,0.0,0.0994,0.0233,0.0001,0.0083,0.0,125.0,0.0,62.0,63.0,54.0,0.0,0.0,0.0,0.0,0.0,0.0,0.0,0.0,0.0,0.0,0.0,0.0,0.0,0.0,0.0,0.0,0.0,0.0,8.0,2.0,1.0
1512,12.602165699999984,0,8.1801,2.1444,2.1719,1.8884,0.1879,0.0031,0.0067,0.0002,0.036,0.0487,0.0024,0.0012,0.0116,0.0001,0.0023,0.0018,0.0001,0.0001,0.0096,0.0013,0.0011,0.0025,0.0,0.0926,0.0197,0.0001,0.0104,0.0,125.0,0.0,62.0,63.0,54.0,0.0,0.0,0.0,0.0,0.0,0.0,0.0,0.0,0.0,0.0,0.0,0.0,0.0,0.0,0.0,0.0,0.0,0.0,8.0,2.0,1.0
1513,12.610345799999985,0,8.4434,2.1272,2.3667,2.0271,0.2017,0.0036,0.0077,0.0003,0.0285,0.0432,0.0026,0.001,0.0105,0.0002,0.0018,0.0019,0.0006,0.0001,0.0094,0.0013,0.0005,0.0029,0.0,0.0876,0.02,0.0001,0.0108,0.0,125.0,0.0,62.0,63.0,54.0,0.0,0.0,0.0,0.0,0.0,0.0,0.0,0.0,0.0,0.0,0.0,0.0,0.0,0.0,0.0,0.0,0.0,0.0,8.0,2.0,1.0
1514,12.618789199999986,0,8.0829,2.2022,2.0457,1.8077,0.1902,0.0037,0.007,0.0002,0.0342,0.0481,0.0021,0.001,0.0107,0.0001,0.0017,0.0019,0.0001,0.0002,0.0091,0.0012,0.0004,0.0025,0.0001,0.0954,0.0203,0.0001,0.0088,0.0,125.0,0.0,62.0,63.0,52.0,0.0,0.0,0.0,0.0,0.0,0.0,0.0,0.0,0.0,0.0,0.0,0.0,0.0,0.0,0.0,0.0,0.0,0.0,8.0,2.0,1.0
1515,12.626872099999986,0,8.4174,2.1333,1.9275,1.9379,0.1761,0.0034,0.0069,0.0002,0.0282,0.0417,0.0026,0.001,0.0112,0.0001,0.0021,0.0016,0.0001,0.0001,0.0089,0.0012,0.0005,0.0025,0.0,0.084,0.018,0.0001,0.0082,0.0,125.0,0.0,62.0,63.0,52.0,0.0,0.0,0.0,0.0,0.0,0.0,0.0,0.0,0.0,0.0,0.0,0.0,0.0,0.0,0.0,0.0,0.0,0.0,8.0,2.0,1.0
1516,12.635289499999987,0,8.5374,2.0985,2.2867,1.9203,0.22,0.0034,0.0055,0.0002,0.045,0.0574,0.0037,0.0013,0.0156,0.0007,0.002,0.0026,0.0001,0.0002,0.0125,0.0018,0.0006,0.0039,0.0,0.1144,0.026,0.0002,0.0081,0.0,125.0,0.0,62.0,63.0,52.0,0.0,0.0,0.0,0.0,0.0,0.0,0.0,0.0,0.0,0.0,0.0,0.0,0.0,0.0,0.0,0.0,0.0,0.0,8.0,2.0,1.0
1517,12.643826899999986,0,8.2069,2.1905,2.1791,2.042,0.1975,0.0038,0.0063,0.0003,0.0335,0.0466,0.0031,0.0018,0.0139,0.0001,0.0017,0.0024,0.0001,0.0001,0.0097,0.0014,0.0009,0.003,0.0,0.0964,0.0233,0.0001,0.0073,0.0,125.0,0.0,62.0,63.0,52.0,0.0,0.0,0.0,0.0,0.0,0.0,0.0,0.0,0.0,0.0,0.0,0.0,0.0,0.0,0.0,0.0,0.0,0.0,8.0,2.0,1.0
1518,12.652033799999986,0,8.9029,2.4411,2.7951,2.3224,0.2535,0.0033,0.0074,0.0004,0.0516,0.066,0.0029,0.0013,0.0142,0.0001,0.0032,0.0025,0.0001,0.0002,0.0126,0.0017,0.0005,0.0027,0.0001,0.1218,0.0257,0.0001,0.0086,0.0,125.0,0.0,62.0,63.0,52.0,0.0,0.0,0.0,0.0,0.0,0.0,0.0,0.0,0.0,0.0,0.0,0.0,0.0,0.0,0.0,0.0,0.0,0.0,8.0,2.0,1.0
1519,12.660936699999986,0,8.0823,2.5302,2.504,2.1132,0.2027,0.0034,0.0069,0.0003,0.0362,0.0499,0.0026,0.0011,0.0136,0.0001,0.0022,0.0026,0.0001,0.0002,0.0102,0.0014,0.0005,0.0029,0.0,0.1005,0.0228,0.0002,0.008,0.0,125.0,0.0,62.0,63.0,52.0,0.0,0.0,0.0,0.0,0.0,0.0,0.0,0.0,0.0,0.0,0.0,0.0,0.0,0.0,0.0,0.0,0.0,0.0,8.0,2.0,1.0
1520,12.669018999999986,0,8.4175,2.1134,2.5372,1.9889,0.2197,0.0041,0.0066,0.0004,0.0509,0.065,0.0028,0.0011,0.0134,0.0002,0.0022,0.0018,0.0001,0.0002,0.0103,0.0017,0.0005,0.0031,0.0,0.1141,0.0217,0.0001,0.0079,0.0,125.0,0.0,62.0,63.0,52.0,0.0,0.0,0.0,0.0,0.0,0.0,0.0,0.0,0.0,0.0,0.0,0.0,0.0,0.0,0.0,0.0,0.0,0.0,8.0,2.0,1.0
1521,12.677436499999986,0,7.7913,2.1633,2.2349,1.9935,0.2054,0.0052,0.0088,0.0003,0.0403,0.0573,0.0029,0.0013,0.012,0.0001,0.0025,0.0017,0.0002,0.0001,0.0098,0.0019,0.0005,0.0027,0.0,0.102,0.0241,0.0001,0.01,0.0,125.0,0.0,62.0,63.0,52.0,0.0,0.0,0.0,0.0,0.0,0.0,0.0,0.0,0.0,0.0,0.0,0.0,0.0,0.0,0.0,0.0,0.0,0.0,8.0,2.0,1.0
1522,12.685227799999986,0,8.604,2.164,2.17,1.9919,0.1969,0.0036,0.0058,0.0003,0.0401,0.0528,0.0026,0.0016,0.0126,0.0002,0.0016,0.0016,0.0001,0.0002,0.0087,0.0017,0.0005,0.0024,0.0,0.0967,0.0216,0.0001,0.0089,0.0,125.0,0.0,62.0,63.0,52.0,0.0,0.0,0.0,0.0,0.0,0.0,0.0,0.0,0.0,0.0,0.0,0.0,0.0,0.0,0.0,0.0,0.0,0.0,8.0,2.0,1.0
1523,12.693831799999986,0,8.264,2.0185,2.1539,1.9002,0.1902,0.0034,0.0068,0.0002,0.033,0.0467,0.0023,0.0011,0.0114,0.0001,0.0017,0.0021,0.0001,0.0001,0.0104,0.0012,0.001,0.0026,0.0,0.0926,0.0199,0.0001,0.0094,0.0,125.0,0.0,62.0,63.0,54.0,0.0,0.0,0.0,0.0,0.0,0.0,0.0,0.0,0.0,0.0,0.0,0.0,0.0,0.0,0.0,0.0,0.0,0.0,8.0,2.0,1.0
1524,12.702095799999986,0,8.3296,2.0285,2.2733,1.9792,0.1932,0.0034,0.0075,0.0003,0.0376,0.0515,0.0022,0.0012,0.0114,0.0001,0.002,0.0017,0.0005,0.0001,0.0094,0.0017,0.0005,0.0027,0.0,0.0954,0.0208,0.0001,0.0096,0.0,125.0,0.0,62.0,63.0,56.0,0.0,0.0,0.0,0.0,0.0,0.0,0.0,0.0,0.0,0.0,0.0,0.0,0.0,0.0,0.0,0.0,0.0,0.0,8.0,2.0,1.0
1525,12.710425399999986,0,8.3574,2.0032,2.2229,1.7919,0.2255,0.0037,0.0081,0.0003,0.0483,0.064,0.0032,0.0011,0.014,0.0001,0.0019,0.0027,0.0002,0.0001,0.011,0.0012,0.0011,0.0036,0.0,0.1146,0.0248,0.0001,0.009,0.0,125.0,0.0,62.0,63.0,58.0,0.0,0.0,0.0,0.0,0.0,0.0,0.0,0.0,0.0,0.0,0.0,0.0,0.0,0.0,0.0,0.0,0.0,0.0,8.0,2.0,1.0
1526,12.718782799999985,0,8.3866,2.0542,2.2203,1.8623,0.2075,0.0042,0.0081,0.0003,0.0483,0.0638,0.0026,0.0011,0.0123,0.0001,0.0023,0.002,0.0001,0.0001,0.0093,0.0016,0.0005,0.003,0.0,0.1103,0.0207,0.0001,0.0094,0.0,125.0,0.0,62.0,63.0,58.0,0.0,0.0,0.0,0.0,0.0,0.0,0.0,0.0,0.0,0.0,0.0,0.0,0.0,0.0,0.0,0.0,0.0,0.0,8.0,2.0,1.0
1527,12.727169399999985,0,8.1839,1.9422,2.2732,1.7405,0.1797,0.0033,0.0069,0.0003,0.028,0.041,0.0021,0.001,0.0101,0.0001,0.0016,0.0016,0.0001,0.0002,0.009,0.0016,0.0004,0.0026,0.0,0.0824,0.0193,0.0001,0.0104,0.0,125.0,0.0,62.0,63.0,58.0,0.0,0.0,0.0,0.0,0.0,0.0,0.0,0.0,0.0,0.0,0.0,0.0,0.0,0.0,0.0,0.0,0.0,0.0,8.0,2.0,1.0
1528,12.735353299999986,0,8.447,1.9001,2.1092,1.9349,0.1907,0.003,0.0064,0.0003,0.0414,0.0536,0.002,0.0009,0.0099,0.0002,0.0015,0.0018,0.0001,0.0001,0.0087,0.0013,0.0005,0.0031,0.0001,0.0949,0.02,0.0001,0.0108,0.0,125.0,0.0,62.0,63.0,58.0,0.0,0.0,0.0,0.0,0.0,0.0,0.0,0.0,0.0,0.0,0.0,0.0,0.0,0.0,0.0,0.0,0.0,0.0,8.0,2.0,1.0
1529,12.743800299999986,0,8.1222,1.9552,2.2196,1.7765,0.1718,0.0027,0.0058,0.0003,0.0272,0.0395,0.0021,0.0008,0.0086,0.0001,0.0015,0.0023,0.0002,0.0001,0.0095,0.0013,0.0005,0.0026,0.0001,0.0792,0.0213,0.0001,0.0092,0.0,125.0,0.0,62.0,63.0,58.0,0.0,0.0,0.0,0.0,0.0,0.0,0.0,0.0,0.0,0.0,0.0,0.0,0.0,0.0,0.0,0.0,0.0,0.0,8.0,2.0,1.0
1530,12.751922499999987,0,8.4234,2.0648,2.153,1.8147,0.178,0.003,0.0068,0.0003,0.0369,0.0493,0.0021,0.0008,0.0096,0.0002,0.0016,0.0021,0.0001,0.0001,0.0086,0.0016,0.0005,0.0031,0.0,0.0897,0.0186,0.0001,0.0101,0.0,125.0,0.0,62.0,63.0,58.0,0.0,0.0,0.0,0.0,0.0,0.0,0.0,0.0,0.0,0.0,0.0,0.0,0.0,0.0,0.0,0.0,0.0,0.0,8.0,2.0,1.0
1531,12.760345899999987,0,8.4833,1.8533,2.325,1.75,0.258,0.0048,0.0105,0.0003,0.0394,0.0589,0.0033,0.0012,0.0142,0.0001,0.0026,0.0023,0.0001,0.0002,0.01,0.0015,0.0005,0.003,0.0,0.1123,0.0265,0.0002,0.0085,0.0,125.0,0.0,62.0,63.0,58.0,0.0,0.0,0.0,0.0,0.0,0.0,0.0,0.0,0.0,0.0,0.0,0.0,0.0,0.0,0.0,0.0,0.0,0.0,8.0,2.0,1.0
1532,12.768829199999987,0,8.3068,2.034,2.1863,1.8212,0.2188,0.0037,0.0057,0.0004,0.0529,0.0652,0.0026,0.0009,0.0125,0.0002,0.0017,0.0019,0.0006,0.0001,0.0101,0.0013,0.0004,0.0028,0.0001,0.1183,0.0244,0.0001,0.0093,0.0,125.0,0.0,62.0,63.0,56.0,0.0,0.0,0.0,0.0,0.0,0.0,0.0,0.0,0.0,0.0,0.0,0.0,0.0,0.0,0.0,0.0,0.0,0.0,8.0,2.0,1.0
1533,12.777135999999986,0,8.1757,2.1948,2.1359,2.0645,0.1772,0.0034,0.0053,0.0002,0.0296,0.0411,0.0024,0.0009,0.0102,0.0002,0.0016,0.0022,0.0002,0.0001,0.009,0.0012,0.0005,0.0025,0.0,0.0849,0.0203,0.0,0.009,0.0,125.0,0.0,62.0,63.0,56.0,0.0,0.0,0.0,0.0,0.0,0.0,0.0,0.0,0.0,0.0,0.0,0.0,0.0,0.0,0.0,0.0,0.0,0.0,8.0,2.0,1.0
1534,12.785311699999987,0,8.1901,1.8886,2.094,1.7676,0.1928,0.0033,0.0052,0.0002,0.0449,0.0565,0.0025,0.0011,0.0128,0.0002,0.0018,0.0022,0.0001,0.0001,0.0089,0.0013,0.0005,0.0029,0.0,0.1024,0.0208,0.0001,0.0093,0.0,125.0,0.0,62.0,63.0,56.0,0.0,0.0,0.0,0.0,0.0,0.0,0.0,0.0,0.0,0.0,0.0,0.0,0.0,0.0,0.0,0.0,0.0,0.0,8.0,2.0,1.0
1535,12.793501799999987,0,8.32,1.9777,1.8771,1.7325,0.1745,0.0029,0.0069,0.0001,0.0292,0.042,0.0025,0.0013,0.0117,0.0007,0.0014,0.0016,0.0002,0.0002,0.0088,0.0011,0.0004,0.0025,0.0,0.0839,0.0218,0.0001,0.009,0.0,125.0,0.0,62.0,63.0,56.0,0.0,0.0,0.0,0.0,0.0,0.0,0.0,0.0,0.0,0.0,0.0,0.0,0.0,0.0,0.0,0.0,0.0,0.0,8.0,2.0,1.0
1536,12.801821799999987,0,8.4844,1.9108,2.0134,1.7933,0.1726,0.003,0.007,0.0003,0.0334,0.0461,0.0019,0.0011,0.0103,0.0001,0.002,0.0016,0.0001,0.0002,0.0086,0.0011,0.0004,0.0025,0.0,0.085,0.0185,0.0,0.0091,0.0,125.0,0.0,62.0,63.0,56.0,0.0,0.0,0.0,0.0,0.0,0.0,0.0,0.0,0.0,0.0,0.0,0.0,0.0,0.0,0.0,0.0,0.0,0.0,8.0,2.0,1.0
1537,12.810306199999987,0,8.447,1.8354,2.2829,1.7411,0.1782,0.0037,0.0052,0.0003,0.0312,0.0429,0.0023,0.0013,0.0118,0.0002,0.0019,0.0015,0.0001,0.0001,0.0091,0.0011,0.0004,0.0025,0.0,0.0856,0.0203,0.0001,0.0118,0.0,125.0,0.0,62.0,63.0,58.0,0.0,0.0,0.0,0.0,0.0,0.0,0.0,0.0,0.0,0.0,0.0,0.0,0.0,0.0,0.0,0.0,0.0,0.0,8.0,2.0,1.0
1538,12.818753199999987,0,8.0937,1.8691,2.0598,1.7075,0.1981,0.0032,0.0059,0.0002,0.0412,0.053,0.0024,0.0008,0.0117,0.0001,0.0016,0.0022,0.0001,0.0001,0.01,0.0013,0.0005,0.0029,0.0001,0.0993,0.021,0.0,0.0087,0.0,125.0,0.0,62.0,63.0,58.0,0.0,0.0,0.0,0.0,0.0,0.0,0.0,0.0,0.0,0.0,0.0,0.0,0.0,0.0,0.0,0.0,0.0,0.0,8.0,2.0,1.0
1539,12.826846899999987,0,8.358,1.8435,1.9956,1.7529,0.1938,0.0029,0.0055,0.0002,0.0317,0.0431,0.0037,0.0009,0.0159,0.0002,0.0025,0.0019,0.0002,0.0003,0.0123,0.0017,0.0005,0.0025,0.0001,0.0956,0.022,0.0001,0.0084,0.0,125.0,0.0,62.0,63.0,58.0,0.0,0.0,0.0,0.0,0.0,0.0,0.0,0.0,0.0,0.0,0.0,0.0,0.0,0.0,0.0,0.0,0.0,0.0,8.0,2.0,1.0
1540,12.835204899999987,0,8.1788,2.0786,1.9359,1.8792,0.1863,0.003,0.0054,0.0002,0.0414,0.0528,0.0024,0.0009,0.0114,0.0001,0.0016,0.0022,0.0001,0.0001,0.0094,0.0013,0.0005,0.0034,0.0,0.0988,0.0205,0.0,0.0089,0.0,125.0,0.0,62.0,63.0,58.0,0.0,0.0,0.0,0.0,0.0,0.0,0.0,0.0,0.0,0.0,0.0,0.0,0.0,0.0,0.0,0.0,0.0,0.0,8.0,2.0,1.0
1541,12.843383699999986,0,8.4395,1.9851,1.8929,1.6874,0.1857,0.0035,0.0071,0.0002,0.0333,0.0475,0.0025,0.0009,0.0107,0.0001,0.0016,0.0021,0.0001,0.0001,0.0087,0.0017,0.0004,0.0031,0.0001,0.0891,0.0233,0.0001,0.0085,0.0,125.0,0.0,62.0,63.0,58.0,0.0,0.0,0.0,0.0,0.0,0.0,0.0,0.0,0.0,0.0,0.0,0.0,0.0,0.0,0.0,0.0,0.0,0.0,8.0,2.0,1.0
1542,12.851823199999986,0,8.4193,2.0331,2.0457,1.7122,0.2438,0.003,0.0057,0.0002,0.057,0.0693,0.0034,0.0014,0.0155,0.0002,0.0025,0.0019,0.0002,0.0001,0.01,0.002,0.0006,0.0055,0.0001,0.1287,0.0323,0.0001,0.0104,0.0,125.0,0.0,62.0,63.0,58.0,0.0,0.0,0.0,0.0,0.0,0.0,0.0,0.0,0.0,0.0,0.0,0.0,0.0,0.0,0.0,0.0,0.0,0.0,8.0,2.0,1.0
1543,12.860242499999986,0,8.4264,1.9855,2.1019,1.8769,0.1837,0.0033,0.0079,0.0003,0.023,0.0373,0.0021,0.0014,0.0106,0.0002,0.0024,0.0018,0.0005,0.0002,0.0093,0.0019,0.0006,0.0029,0.0,0.0807,0.0226,0.0001,0.0099,0.0,125.0,0.0,62.0,63.0,58.0,0.0,0.0,0.0,0.0,0.0,0.0,0.0,0.0,0.0,0.0,0.0,0.0,0.0,0.0,0.0,0.0,0.0,0.0,8.0,2.0,1.0
1544,12.868668899999985,0,8.4402,2.0692,2.208,1.8103,0.2033,0.0029,0.0066,0.0002,0.0507,0.0629,0.0024,0.0007,0.0119,0.0002,0.0019,0.0023,0.0001,0.0001,0.0088,0.0017,0.0005,0.003,0.0,0.1093,0.02,0.0001,0.0105,0.0,125.0,0.0,62.0,63.0,58.0,0.0,0.0,0.0,0.0,0.0,0.0,0.0,0.0,0.0,0.0,0.0,0.0,0.0,0.0,0.0,0.0,0.0,0.0,8.0,2.0,1.0
1545,12.877109099999986,0,8.1247,1.9354,2.0516,1.9005,0.1759,0.003,0.0063,0.0002,0.0276,0.0407,0.0025,0.0009,0.0108,0.0001,0.0022,0.0015,0.0001,0.0006,0.009,0.0011,0.0005,0.0026,0.0,0.0837,0.0204,0.0,0.0096,0.0,125.0,0.0,62.0,63.0,58.0,0.0,0.0,0.0,0.0,0.0,0.0,0.0,0.0,0.0,0.0,0.0,0.0,0.0,0.0,0.0,0.0,0.0,0.0,8.0,2.0,1.0
1546,12.885233799999986,0,8.4728,1.9511,2.2148,1.7631,0.2071,0.003,0.0059,0.0002,0.0461,0.0584,0.0027,0.0011,0.012,0.0001,0.0016,0.0021,0.0001,0.0001,0.0095,0.0014,0.0005,0.0031,0.0,0.1048,0.0243,0.0001,0.0108,0.0,125.0,0.0,62.0,63.0,58.0,0.0,0.0,0.0,0.0,0.0,0.0,0.0,0.0,0.0,0.0,0.0,0.0,0.0,0.0,0.0,0.0,0.0,0.0,8.0,2.0,1.0
1547,12.893706599999986,0,8.3024,2.1187,2.1342,1.7813,0.1873,0.0033,0.0071,0.0003,0.0323,0.0462,0.0021,0.0009,0.0108,0.0001,0.0025,0.0022,0.0001,0.0001,0.0095,0.0014,0.0004,0.0026,0.0,0.0906,0.0196,0.0001,0.0101,0.0,125.0,0.0,62.0,63.0,58.0,0.0,0.0,0.0,0.0,0.0,0.0,0.0,0.0,0.0,0.0,0.0,0.0,0.0,0.0,0.0,0.0,0.0,0.0,8.0,2.0,1.0
1548,12.902008999999985,0,9.2179,2.1586,2.8796,2.2852,0.2572,0.0049,0.0106,0.0004,0.0379,0.0574,0.0027,0.0013,0.0149,0.0001,0.0031,0.0027,0.0001,0.0001,0.0133,0.0024,0.0006,0.0036,0.0,0.1175,0.0261,0.0001,0.0102,0.0,125.0,0.0,62.0,63.0,58.0,0.0,0.0,0.0,0.0,0.0,0.0,0.0,0.0,0.0,0.0,0.0,0.0,0.0,0.0,0.0,0.0,0.0,0.0,8.0,2.0,1.0
1549,12.911226899999985,0,7.2871,2.0714,2.2444,2.0042,0.1933,0.0028,0.0057,0.0003,0.0347,0.0465,0.0029,0.0013,0.0132,0.0002,0.0019,0.0026,0.0001,0.0001,0.0106,0.0019,0.0006,0.0035,0.0,0.0956,0.0218,0.0,0.0089,0.0,125.0,0.0,62.0,63.0,58.0,0.0,0.0,0.0,0.0,0.0,0.0,0.0,0.0,0.0,0.0,0.0,0.0,0.0,0.0,0.0,0.0,0.0,0.0,8.0,2.0,1.0
1550,12.918513999999984,0,8.4867,1.9869,2.0819,1.8115,0.2099,0.0034,0.0052,0.0002,0.047,0.059,0.0029,0.0009,0.0123,0.0002,0.002,0.0018,0.0002,0.0004,0.0099,0.0014,0.0006,0.0029,0.0,0.1057,0.025,0.0001,0.0096,0.0,125.0,0.0,62.0,63.0,58.0,0.0,0.0,0.0,0.0,0.0,0.0,0.0,0.0,0.0,0.0,0.0,0.0,0.0,0.0,0.0,0.0,0.0,0.0,8.0,2.0,1.0
1551,12.927000699999985,0,8.283,2.0498,2.0974,1.7056,0.1752,0.0031,0.0052,0.0003,0.0301,0.0416,0.002,0.0008,0.011,0.0001,0.0023,0.0015,0.0002,0.0002,0.0091,0.0011,0.0005,0.0025,0.0,0.084,0.0193,0.0001,0.0095,0.0,125.0,0.0,62.0,63.0,58.0,0.0,0.0,0.0,0.0,0.0,0.0,0.0,0.0,0.0,0.0,0.0,0.0,0.0,0.0,0.0,0.0,0.0,0.0,8.0,2.0,1.0
1552,12.935283699999985,0,8.2933,1.8681,2.0971,1.7204,0.17,0.003,0.0051,0.0002,0.0372,0.0473,0.0019,0.0009,0.0101,0.0002,0.0019,0.0013,0.0001,0.0001,0.0087,0.0011,0.0005,0.0023,0.0,0.0854,0.0184,0.0,0.0106,0.0,125.0,0.0,62.0,63.0,58.0,0.0,0.0,0.0,0.0,0.0,0.0,0.0,0.0,0.0,0.0,0.0,0.0,0.0,0.0,0.0,0.0,0.0,0.0,8.0,2.0,1.0
1553,12.943576999999985,0,8.117,1.9972,1.8352,1.7355,0.1491,0.0024,0.0047,0.0002,0.0256,0.0349,0.002,0.0006,0.0095,0.0001,0.0019,0.0013,0.0,0.0,0.0083,0.0011,0.0004,0.0023,0.0001,0.0719,0.0175,0.0,0.0104,0.0,125.0,0.0,62.0,63.0,58.0,0.0,0.0,0.0,0.0,0.0,0.0,0.0,0.0,0.0,0.0,0.0,0.0,0.0,0.0,0.0,0.0,0.0,0.0,8.0,2.0,1.0
1554,12.951693999999986,0,8.8021,1.8941,2.1345,1.7243,0.2035,0.003,0.0056,0.0002,0.0486,0.0606,0.003,0.0008,0.0125,0.0001,0.0022,0.0018,0.0002,0.0005,0.0089,0.0014,0.0008,0.0029,0.0001,0.1069,0.0215,0.0002,0.0092,0.0,125.0,0.0,62.0,63.0,58.0,0.0,0.0,0.0,0.0,0.0,0.0,0.0,0.0,0.0,0.0,0.0,0.0,0.0,0.0,0.0,0.0,0.0,0.0,8.0,2.0,1.0
1555,12.960496099999986,0,8.7229,2.0782,2.3681,1.8799,0.2059,0.0038,0.0066,0.0002,0.036,0.0506,0.0022,0.0013,0.0132,0.0002,0.0024,0.0017,0.0001,0.0003,0.0098,0.0016,0.0006,0.0026,0.0001,0.0989,0.0213,0.0001,0.0091,0.0,125.0,0.0,62.0,63.0,60.0,0.0,0.0,0.0,0.0,0.0,0.0,0.0,0.0,0.0,0.0,0.0,0.0,0.0,0.0,0.0,0.0,0.0,0.0,8.0,2.0,1.0
1556,12.969218999999987,0,8.0471,2.3656,2.6858,2.0631,0.2326,0.0036,0.0059,0.0002,0.049,0.0623,0.0027,0.0019,0.0146,0.0002,0.0027,0.002,0.0001,0.0001,0.0123,0.0018,0.0012,0.0033,0.0001,0.1178,0.0253,0.0001,0.0097,0.0,125.0,0.0,62.0,63.0,60.0,0.0,0.0,0.0,0.0,0.0,0.0,0.0,0.0,0.0,0.0,0.0,0.0,0.0,0.0,0.0,0.0,0.0,0.0,8.0,2.0,1.0
1557,12.977266099999987,0,8.0913,2.1338,2.222,2.0,0.1859,0.003,0.0053,0.0003,0.0323,0.044,0.0025,0.0012,0.0126,0.0001,0.0017,0.0019,0.0001,0.0001,0.0091,0.0017,0.0005,0.0026,0.0,0.089,0.0208,0.0001,0.0107,0.0,125.0,0.0,62.0,63.0,60.0,0.0,0.0,0.0,0.0,0.0,0.0,0.0,0.0,0.0,0.0,0.0,0.0,0.0,0.0,0.0,0.0,0.0,0.0,8.0,2.0,1.0
1558,12.985357399999987,0,8.4941,2.0501,2.3269,1.8712,0.207,0.0036,0.0073,0.0003,0.0397,0.054,0.0023,0.001,0.0109,0.0001,0.0022,0.0019,0.0004,0.0001,0.0101,0.0014,0.0005,0.0031,0.0001,0.105,0.0225,0.0001,0.0101,0.0,125.0,0.0,62.0,63.0,58.0,0.0,0.0,0.0,0.0,0.0,0.0,0.0,0.0,0.0,0.0,0.0,0.0,0.0,0.0,0.0,0.0,0.0,0.0,8.0,2.0,1.0
1559,12.993851499999987,0,8.0609,2.0034,2.1744,1.7758,0.1841,0.0036,0.0071,0.0002,0.0279,0.0416,0.0027,0.0007,0.0106,0.0002,0.0022,0.0016,0.0001,0.0001,0.0092,0.0012,0.0005,0.0025,0.0,0.0877,0.0213,0.0,0.0103,0.0,125.0,0.0,62.0,63.0,56.0,0.0,0.0,0.0,0.0,0.0,0.0,0.0,0.0,0.0,0.0,0.0,0.0,0.0,0.0,0.0,0.0,0.0,0.0,8.0,2.0,1.0
1560,13.001912399999988,0,8.3296,2.0195,2.0068,1.7714,0.2128,0.0036,0.006,0.0002,0.0437,0.0565,0.0034,0.0012,0.0124,0.0001,0.0015,0.0021,0.0002,0.0002,0.01,0.0014,0.0005,0.0028,0.0,0.1043,0.0231,0.0001,0.0094,0.0,125.0,0.0,62.0,63.0,56.0,0.0,0.0,0.0,0.0,0.0,0.0,0.0,0.0,0.0,0.0,0.0,0.0,0.0,0.0,0.0,0.0,0.0,0.0,8.0,2.0,1.0
1561,13.010241999999987,0,8.3048,1.9822,1.9195,1.761,0.18,0.0032,0.0054,0.0007,0.0316,0.0434,0.0024,0.0009,0.0106,0.0001,0.0018,0.0019,0.0001,0.0001,0.0092,0.0012,0.0006,0.0031,0.0,0.0848,0.0222,0.0001,0.01,0.0,125.0,0.0,62.0,63.0,56.0,0.0,0.0,0.0,0.0,0.0,0.0,0.0,0.0,0.0,0.0,0.0,0.0,0.0,0.0,0.0,0.0,0.0,0.0,8.0,2.0,1.0
1562,13.018546799999987,0,8.0773,1.9427,1.8558,1.6927,0.1869,0.0029,0.0053,0.0002,0.0467,0.0579,0.0024,0.0006,0.0118,0.0001,0.0015,0.0019,0.0001,0.0001,0.0084,0.0015,0.0005,0.0028,0.0,0.1003,0.0205,0.0,0.0081,0.0,125.0,0.0,62.0,63.0,56.0,0.0,0.0,0.0,0.0,0.0,0.0,0.0,0.0,0.0,0.0,0.0,0.0,0.0,0.0,0.0,0.0,0.0,0.0,8.0,2.0,1.0
1563,13.026624099999987,0,8.4618,1.7631,1.771,1.6573,0.1691,0.003,0.0059,0.0002,0.0287,0.0405,0.0021,0.0008,0.0101,0.0001,0.0021,0.0015,0.0001,0.0001,0.009,0.0016,0.0004,0.0024,0.0,0.081,0.0199,0.0001,0.0091,0.0,125.0,0.0,62.0,63.0,56.0,0.0,0.0,0.0,0.0,0.0,0.0,0.0,0.0,0.0,0.0,0.0,0.0,0.0,0.0,0.0,0.0,0.0,0.0,8.0,2.0,1.0
1564,13.035085899999986,0,8.2765,1.7651,1.8971,1.7774,0.1875,0.0028,0.0049,0.0001,0.0441,0.0541,0.0024,0.0008,0.0108,0.0001,0.0015,0.0022,0.0,0.0001,0.0086,0.0017,0.0005,0.0028,0.0,0.0967,0.0199,0.0,0.0077,0.0,125.0,0.0,62.0,63.0,56.0,0.0,0.0,0.0,0.0,0.0,0.0,0.0,0.0,0.0,0.0,0.0,0.0,0.0,0.0,0.0,0.0,0.0,0.0,8.0,2.0,1.0
1565,13.043362399999985,0,8.416,1.7959,1.8321,1.723,0.1792,0.0032,0.0061,0.0003,0.0285,0.0408,0.0022,0.0009,0.0109,0.0006,0.0016,0.0021,0.0001,0.0002,0.0087,0.0011,0.0005,0.0024,0.0,0.082,0.0204,0.0,0.0081,0.0,125.0,0.0,62.0,63.0,56.0,0.0,0.0,0.0,0.0,0.0,0.0,0.0,0.0,0.0,0.0,0.0,0.0,0.0,0.0,0.0,0.0,0.0,0.0,8.0,2.0,1.0
1566,13.051778399999986,0,8.2316,1.7992,1.839,1.7084,0.178,0.0027,0.0048,0.0003,0.0434,0.0532,0.0023,0.0008,0.0111,0.0002,0.0015,0.0019,0.0,0.0001,0.0087,0.0013,0.0005,0.0028,0.0,0.0948,0.0192,0.0,0.0095,0.0,125.0,0.0,62.0,63.0,56.0,0.0,0.0,0.0,0.0,0.0,0.0,0.0,0.0,0.0,0.0,0.0,0.0,0.0,0.0,0.0,0.0,0.0,0.0,8.0,2.0,1.0
1567,13.060009999999986,0,8.4217,1.7698,1.8704,1.6132,0.1848,0.0048,0.0076,0.0002,0.0283,0.0432,0.003,0.0008,0.0117,0.0001,0.0022,0.0017,0.0001,0.0002,0.0096,0.0017,0.0006,0.0032,0.0001,0.0887,0.0222,0.0001,0.0083,0.0,125.0,0.0,62.0,63.0,56.0,0.0,0.0,0.0,0.0,0.0,0.0,0.0,0.0,0.0,0.0,0.0,0.0,0.0,0.0,0.0,0.0,0.0,0.0,8.0,2.0,1.0
1568,13.068431699999985,0,8.3441,1.8657,1.9135,1.5754,0.1781,0.0028,0.0051,0.0003,0.0384,0.05,0.0024,0.0008,0.0115,0.0001,0.0016,0.0015,0.0001,0.0001,0.0089,0.0012,0.0009,0.0027,0.0001,0.0927,0.0207,0.0001,0.0082,0.0,125.0,0.0,62.0,63.0,56.0,0.0,0.0,0.0,0.0,0.0,0.0,0.0,0.0,0.0,0.0,0.0,0.0,0.0,0.0,0.0,0.0,0.0,0.0,8.0,2.0,1.0
1569,13.076775799999986,0,8.2107,1.7513,1.7788,1.7975,0.1761,0.0039,0.0072,0.0002,0.0289,0.0425,0.0029,0.0009,0.0112,0.0002,0.002,0.0015,0.0,0.0002,0.0098,0.0012,0.0004,0.0028,0.0001,0.0863,0.0208,0.0,0.009,0.0,125.0,0.0,62.0,63.0,56.0,0.0,0.0,0.0,0.0,0.0,0.0,0.0,0.0,0.0,0.0,0.0,0.0,0.0,0.0,0.0,0.0,0.0,0.0,8.0,2.0,1.0
1570,13.084986499999985,0,8.3577,1.6678,1.8246,1.6265,0.1782,0.0035,0.0046,0.0003,0.0404,0.0508,0.0029,0.0009,0.0116,0.0002,0.0019,0.0015,0.0001,0.0001,0.0092,0.001,0.0005,0.0029,0.0001,0.0941,0.02,0.0001,0.009,0.0,125.0,0.0,62.0,63.0,56.0,0.0,0.0,0.0,0.0,0.0,0.0,0.0,0.0,0.0,0.0,0.0,0.0,0.0,0.0,0.0,0.0,0.0,0.0,8.0,2.0,1.0
1571,13.093344199999985,0,8.4096,1.6535,1.8221,1.6129,0.1764,0.0029,0.0062,0.0003,0.0308,0.0426,0.0026,0.0006,0.012,0.0002,0.0017,0.0019,0.0001,0.0001,0.0088,0.0015,0.0005,0.0028,0.0,0.0869,0.0204,0.0001,0.0086,0.0,125.0,0.0,62.0,63.0,56.0,0.0,0.0,0.0,0.0,0.0,0.0,0.0,0.0,0.0,0.0,0.0,0.0,0.0,0.0,0.0,0.0,0.0,0.0,8.0,2.0,1.0
1572,13.101753799999985,0,8.4731,1.7142,1.8743,1.6522,0.1732,0.004,0.0065,0.0003,0.0369,0.0501,0.002,0.0007,0.0094,0.0001,0.0022,0.0013,0.0,0.0001,0.0089,0.0012,0.0004,0.0025,0.0001,0.089,0.0208,0.0,0.0086,0.0,125.0,0.0,62.0,63.0,56.0,0.0,0.0,0.0,0.0,0.0,0.0,0.0,0.0,0.0,0.0,0.0,0.0,0.0,0.0,0.0,0.0,0.0,0.0,8.0,2.0,1.0
1573,13.110226899999985,0,8.1239,1.911,1.9849,1.7087,0.157,0.0031,0.0064,0.0001,0.0267,0.0382,0.0025,0.0007,0.0094,0.0001,0.0013,0.0018,0.0001,0.0001,0.0087,0.001,0.0008,0.0024,0.0001,0.0766,0.0185,0.0,0.0081,0.0,125.0,0.0,62.0,63.0,56.0,0.0,0.0,0.0,0.0,0.0,0.0,0.0,0.0,0.0,0.0,0.0,0.0,0.0,0.0,0.0,0.0,0.0,0.0,8.0,2.0,1.0
1574,13.118350799999984,0,8.527,1.6844,1.7452,1.6275,0.1828,0.0031,0.0072,0.0006,0.0386,0.0517,0.0025,0.0005,0.0111,0.0002,0.002,0.0015,0.0001,0.0001,0.0089,0.0011,0.0005,0.0029,0.0001,0.094,0.0214,0.0001,0.0085,0.0,125.0,0.0,62.0,63.0,56.0,0.0,0.0,0.0,0.0,0.0,0.0,0.0,0.0,0.0,0.0,0.0,0.0,0.0,0.0,0.0,0.0,0.0,0.0,8.0,2.0,1.0
1575,13.126877799999985,0,8.3939,1.759,2.172,1.6069,0.179,0.0033,0.0047,0.0001,0.0361,0.0465,0.0025,0.0008,0.0111,0.0001,0.0015,0.002,0.0001,0.0002,0.0088,0.0017,0.0005,0.0028,0.0001,0.0892,0.0214,0.0001,0.0108,0.0,125.0,0.0,62.0,63.0,56.0,0.0,0.0,0.0,0.0,0.0,0.0,0.0,0.0,0.0,0.0,0.0,0.0,0.0,0.0,0.0,0.0,0.0,0.0,8.0,2.0,1.0
1576,13.135271699999985,0,8.1419,1.6984,1.9878,1.6688,0.1736,0.0032,0.0056,0.0002,0.0377,0.0492,0.0023,0.0007,0.01,0.0002,0.0017,0.0014,0.0001,0.0005,0.0084,0.0011,0.0005,0.0029,0.0001,0.0897,0.0191,0.0001,0.0081,0.0,125.0,0.0,62.0,63.0,56.0,0.0,0.0,0.0,0.0,0.0,0.0,0.0,0.0,0.0,0.0,0.0,0.0,0.0,0.0,0.0,0.0,0.0,0.0,8.0,2.0,1.0
1577,13.143413599999985,0,8.4546,1.8077,1.9582,1.6936,0.1558,0.0027,0.0049,0.0002,0.0286,0.0384,0.002,0.0007,0.0065,0.0002,0.0014,0.002,0.0001,0.0002,0.0083,0.002,0.0005,0.0023,0.0,0.0757,0.0186,0.0001,0.0111,0.0,125.0,0.0,62.0,63.0,54.0,0.0,0.0,0.0,0.0,0.0,0.0,0.0,0.0,0.0,0.0,0.0,0.0,0.0,0.0,0.0,0.0,0.0,0.0,8.0,2.0,1.0
1578,13.151868199999985,0,8.2785,1.6922,1.9039,1.6725,0.1937,0.003,0.006,0.0002,0.0462,0.0578,0.0022,0.0007,0.0104,0.0002,0.0016,0.002,0.0002,0.0001,0.0084,0.0014,0.0006,0.0027,0.0001,0.0993,0.022,0.0002,0.0088,0.0,125.0,0.0,62.0,63.0,54.0,0.0,0.0,0.0,0.0,0.0,0.0,0.0,0.0,0.0,0.0,0.0,0.0,0.0,0.0,0.0,0.0,0.0,0.0,8.0,2.0,1.0
1579,13.160146699999984,0,8.2304,1.7798,1.861,1.7128,0.1589,0.0028,0.005,0.0002,0.0287,0.039,0.003,0.0008,0.0086,0.0001,0.002,0.0015,0.0001,0.0001,0.0081,0.0011,0.0004,0.0023,0.0001,0.0771,0.0173,0.0001,0.0096,0.0,125.0,0.0,62.0,63.0,54.0,0.0,0.0,0.0,0.0,0.0,0.0,0.0,0.0,0.0,0.0,0.0,0.0,0.0,0.0,0.0,0.0,0.0,0.0,8.0,2.0,1.0
1580,13.168377099999985,0,8.4722,1.7107,1.9558,1.6625,0.1667,0.0029,0.0063,0.0002,0.034,0.0457,0.0021,0.0007,0.0091,0.0002,0.0015,0.0015,0.0005,0.0001,0.0085,0.0011,0.0004,0.0024,0.0,0.0837,0.0185,0.0001,0.0081,0.0,125.0,0.0,62.0,63.0,54.0,0.0,0.0,0.0,0.0,0.0,0.0,0.0,0.0,0.0,0.0,0.0,0.0,0.0,0.0,0.0,0.0,0.0,0.0,8.0,2.0,1.0
1581,13.176849299999985,0,8.1135,1.732,1.8392,1.7246,0.1712,0.0029,0.0073,0.0002,0.029,0.0414,0.0021,0.0012,0.0107,0.0002,0.0017,0.0015,0.0,0.0001,0.0084,0.0012,0.0011,0.0027,0.0,0.0833,0.0204,0.0001,0.0087,0.0,125.0,0.0,62.0,63.0,54.0,0.0,0.0,0.0,0.0,0.0,0.0,0.0,0.0,0.0,0.0,0.0,0.0,0.0,0.0,0.0,0.0,0.0,0.0,8.0,2.0,1.0
1582,13.184962799999985,0,8.4864,1.8492,1.8336,1.7189,0.1695,0.0028,0.0048,0.0002,0.039,0.0489,0.0024,0.0006,0.0102,0.0002,0.0014,0.0019,0.0001,0.0002,0.0084,0.0015,0.0005,0.0026,0.0,0.0895,0.017,0.0001,0.0088,0.0,125.0,0.0,62.0,63.0,54.0,0.0,0.0,0.0,0.0,0.0,0.0,0.0,0.0,0.0,0.0,0.0,0.0,0.0,0.0,0.0,0.0,0.0,0.0,8.0,2.0,1.0
1583,13.193449199999986,0,8.1856,1.7381,1.7733,1.5929,0.1708,0.0026,0.0047,0.0001,0.0343,0.0442,0.0024,0.0007,0.0121,0.0001,0.0014,0.0021,0.0001,0.0001,0.0085,0.0015,0.0005,0.0026,0.0,0.0876,0.0209,0.0,0.007,0.0,125.0,0.0,62.0,63.0,54.0,0.0,0.0,0.0,0.0,0.0,0.0,0.0,0.0,0.0,0.0,0.0,0.0,0.0,0.0,0.0,0.0,0.0,0.0,8.0,2.0,1.0
1584,13.201634799999985,0,8.4941,1.7441,1.845,1.693,0.1875,0.0031,0.0056,0.0001,0.0433,0.055,0.003,0.0008,0.0121,0.0002,0.002,0.0014,0.0001,0.0001,0.0084,0.0011,0.001,0.0028,0.0001,0.0987,0.0186,0.0001,0.0085,0.0,125.0,0.0,62.0,63.0,54.0,0.0,0.0,0.0,0.0,0.0,0.0,0.0,0.0,0.0,0.0,0.0,0.0,0.0,0.0,0.0,0.0,0.0,0.0,8.0,2.0,1.0
1585,13.210128899999985,0,8.0411,1.6448,1.7768,1.6379,0.1558,0.0029,0.0062,0.0001,0.0252,0.0368,0.0019,0.0007,0.0095,0.0001,0.0021,0.0013,0.0001,0.0001,0.0077,0.0014,0.0004,0.0021,0.0001,0.0738,0.0192,0.0,0.0087,0.0,125.0,0.0,62.0,63.0,54.0,0.0,0.0,0.0,0.0,0.0,0.0,0.0,0.0,0.0,0.0,0.0,0.0,0.0,0.0,0.0,0.0,0.0,0.0,8.0,2.0,1.0
1586,13.218169999999985,0,8.4565,1.7124,1.6683,1.5894,0.1796,0.0046,0.0072,0.0002,0.0382,0.0521,0.0022,0.0007,0.0098,0.0002,0.0017,0.0014,0.0007,0.0001,0.0086,0.0011,0.001,0.0027,0.0001,0.0924,0.02,0.0001,0.0082,0.0,125.0,0.0,62.0,63.0,54.0,0.0,0.0,0.0,0.0,0.0,0.0,0.0,0.0,0.0,0.0,0.0,0.0,0.0,0.0,0.0,0.0,0.0,0.0,8.0,2.0,1.0
1587,13.226626499999984,0,8.396,1.696,1.8038,1.7683,0.1649,0.0043,0.0062,0.0003,0.0296,0.043,0.0023,0.0007,0.0091,0.0001,0.0014,0.0019,0.0001,0.0001,0.0083,0.0013,0.0004,0.0023,0.0001,0.0812,0.0191,0.0,0.0084,0.0,125.0,0.0,62.0,63.0,54.0,0.0,0.0,0.0,0.0,0.0,0.0,0.0,0.0,0.0,0.0,0.0,0.0,0.0,0.0,0.0,0.0,0.0,0.0,8.0,2.0,1.0
1588,13.235022499999983,0,8.4288,1.7057,1.8602,1.7155,0.1667,0.0029,0.0063,0.0001,0.034,0.0457,0.0022,0.0006,0.009,0.0001,0.0015,0.0021,0.0,0.0001,0.0078,0.0012,0.0009,0.0024,0.0,0.0834,0.0167,0.0001,0.0079,0.0,125.0,0.0,62.0,63.0,54.0,0.0,0.0,0.0,0.0,0.0,0.0,0.0,0.0,0.0,0.0,0.0,0.0,0.0,0.0,0.0,0.0,0.0,0.0,8.0,2.0,1.0
1589,13.243451299999984,0,8.2893,2.0889,1.802,1.6807,0.1877,0.0047,0.0091,0.0002,0.0291,0.0467,0.0025,0.0007,0.0103,0.0001,0.0015,0.0021,0.0001,0.0002,0.0085,0.0015,0.0006,0.0024,0.0,0.0862,0.0168,0.0001,0.0089,0.0,125.0,0.0,62.0,63.0,54.0,0.0,0.0,0.0,0.0,0.0,0.0,0.0,0.0,0.0,0.0,0.0,0.0,0.0,0.0,0.0,0.0,0.0,0.0,8.0,2.0,1.0
1590,13.251740599999984,0,8.3514,1.8871,1.9566,1.7359,0.2045,0.0029,0.007,0.0002,0.046,0.0582,0.0035,0.001,0.0136,0.0001,0.0019,0.0025,0.0002,0.0002,0.0123,0.0017,0.0012,0.0039,0.0,0.1147,0.0186,0.0001,0.0095,0.0,125.0,0.0,62.0,63.0,54.0,0.0,0.0,0.0,0.0,0.0,0.0,0.0,0.0,0.0,0.0,0.0,0.0,0.0,0.0,0.0,0.0,0.0,0.0,8.0,2.0,1.0
1591,13.260091999999984,0,8.3817,1.6583,1.9127,1.6963,0.1747,0.0035,0.0075,0.0001,0.0317,0.0462,0.0022,0.0012,0.0107,0.0001,0.0021,0.0014,0.0001,0.0006,0.0086,0.0012,0.0004,0.0026,0.0,0.0868,0.0194,0.0001,0.0086,0.0,125.0,0.0,62.0,63.0,54.0,0.0,0.0,0.0,0.0,0.0,0.0,0.0,0.0,0.0,0.0,0.0,0.0,0.0,0.0,0.0,0.0,0.0,0.0,8.0,2.0,1.0
1592,13.268473699999983,0,8.3147,2.0408,1.9126,1.8055,0.1643,0.0034,0.0066,0.0002,0.034,0.0466,0.0025,0.0006,0.0093,0.0002,0.0014,0.002,0.0001,0.0001,0.008,0.0012,0.0009,0.0023,0.0001,0.0846,0.0148,0.0001,0.0098,0.0,125.0,0.0,62.0,63.0,54.0,0.0,0.0,0.0,0.0,0.0,0.0,0.0,0.0,0.0,0.0,0.0,0.0,0.0,0.0,0.0,0.0,0.0,0.0,8.0,2.0,1.0
1593,13.276788399999983,0,8.3484,1.9155,1.9032,1.6418,0.183,0.0034,0.0074,0.0003,0.0294,0.0431,0.0026,0.0008,0.0105,0.0001,0.0016,0.002,0.0001,0.0002,0.0084,0.0018,0.0005,0.0029,0.0001,0.0855,0.0204,0.0001,0.0088,0.0,125.0,0.0,62.0,63.0,54.0,0.0,0.0,0.0,0.0,0.0,0.0,0.0,0.0,0.0,0.0,0.0,0.0,0.0,0.0,0.0,0.0,0.0,0.0,8.0,2.0,1.0
1594,13.285136799999982,0,8.1901,1.6954,1.8459,1.6485,0.1942,0.0033,0.0051,0.0002,0.0482,0.0595,0.0025,0.0008,0.0103,0.0002,0.0016,0.0019,0.0001,0.0002,0.0088,0.0017,0.0005,0.0028,0.0001,0.1,0.0185,0.0001,0.0095,0.0,125.0,0.0,62.0,63.0,54.0,0.0,0.0,0.0,0.0,0.0,0.0,0.0,0.0,0.0,0.0,0.0,0.0,0.0,0.0,0.0,0.0,0.0,0.0,8.0,2.0,1.0
1595,13.293326899999983,0,8.4848,1.7011,1.7929,1.6318,0.1687,0.0029,0.0076,0.0003,0.0263,0.04,0.0024,0.0006,0.0097,0.0001,0.0015,0.002,0.0001,0.0001,0.0084,0.0012,0.0006,0.0025,0.0001,0.0842,0.0179,0.0001,0.0079,0.0,125.0,0.0,62.0,63.0,54.0,0.0,0.0,0.0,0.0,0.0,0.0,0.0,0.0,0.0,0.0,0.0,0.0,0.0,0.0,0.0,0.0,0.0,0.0,8.0,2.0,1.0
1596,13.301811699999982,0,8.1931,1.8049,1.9338,1.6666,0.183,0.0032,0.0054,0.0002,0.0484,0.0596,0.0032,0.0009,0.0117,0.0002,0.0016,0.0018,0.0001,0.0001,0.0086,0.0014,0.0004,0.0027,0.0001,0.102,0.0201,0.0001,0.0082,0.0,125.0,0.0,62.0,63.0,54.0,0.0,0.0,0.0,0.0,0.0,0.0,0.0,0.0,0.0,0.0,0.0,0.0,0.0,0.0,0.0,0.0,0.0,0.0,8.0,2.0,1.0
1597,13.310004799999982,0,8.3347,1.6927,1.748,1.7188,0.1664,0.003,0.0049,0.0003,0.0285,0.0394,0.0024,0.0008,0.0117,0.0006,0.0014,0.0021,0.0,0.0001,0.0089,0.0018,0.0005,0.0028,0.0,0.0833,0.0189,0.0001,0.0082,0.0,125.0,0.0,62.0,63.0,54.0,0.0,0.0,0.0,0.0,0.0,0.0,0.0,0.0,0.0,0.0,0.0,0.0,0.0,0.0,0.0,0.0,0.0,0.0,8.0,2.0,1.0
1598,13.318339499999983,0,8.3422,1.7352,1.7653,1.7123,0.1786,0.0039,0.0078,0.0001,0.0362,0.0507,0.0028,0.0009,0.0113,0.0001,0.0015,0.0017,0.0001,0.0002,0.0084,0.0016,0.0005,0.0028,0.0,0.0926,0.0196,0.0001,0.0076,0.0,125.0,0.0,62.0,63.0,54.0,0.0,0.0,0.0,0.0,0.0,0.0,0.0,0.0,0.0,0.0,0.0,0.0,0.0,0.0,0.0,0.0,0.0,0.0,8.0,2.0,1.0
1599,13.326681699999982,0,8.2918,1.6715,1.7856,1.6125,0.1739,0.0028,0.0049,0.0005,0.0365,0.0471,0.0028,0.0008,0.0113,0.0001,0.0017,0.002,0.0001,0.0001,0.0089,0.0012,0.0004,0.0028,0.0,0.09,0.0193,0.0,0.0081,0.0,125.0,0.0,62.0,63.0,54.0,0.0,0.0,0.0,0.0,0.0,0.0,0.0,0.0,0.0,0.0,0.0,0.0,0.0,0.0,0.0,0.0,0.0,0.0,8.0,2.0,1.0
1600,13.334973499999982,0,8.4194,1.6589,1.8141,1.6325,0.162,0.0028,0.0065,0.0002,0.0322,0.0454,0.0023,0.0006,0.009,0.0002,0.0015,0.0019,0.0001,0.0001,0.0081,0.0011,0.001,0.0023,0.0,0.083,0.0172,0.0,0.0087,0.0,125.0,0.0,62.0,63.0,54.0,0.0,0.0,0.0,0.0,0.0,0.0,0.0,0.0,0.0,0.0,0.0,0.0,0.0,0.0,0.0,0.0,0.0,0.0,8.0,2.0,1.0
1601,13.343392899999982,0,8.7424,1.7898,1.9855,1.7434,0.1698,0.0034,0.0078,0.0002,0.027,0.0407,0.002,0.0009,0.0105,0.0001,0.0018,0.0013,0.0001,0.0001,0.0082,0.0014,0.0005,0.0025,0.0,0.0809,0.0178,0.0001,0.0094,0.0,125.0,0.0,62.0,63.0,56.0,0.0,0.0,0.0,0.0,0.0,0.0,0.0,0.0,0.0,0.0,0.0,0.0,0.0,0.0,0.0,0.0,0.0,0.0,8.0,2.0,1.0
1602,13.352135299999981,0,8.0415,1.8593,2.1482,1.7493,0.1753,0.0032,0.0048,0.0002,0.0396,0.0501,0.0026,0.0006,0.0127,0.0002,0.0014,0.002,0.0,0.0001,0.0085,0.0018,0.0005,0.0028,0.0,0.0942,0.0187,0.0,0.0085,0.0,125.0,0.0,62.0,63.0,56.0,0.0,0.0,0.0,0.0,0.0,0.0,0.0,0.0,0.0,0.0,0.0,0.0,0.0,0.0,0.0,0.0,0.0,0.0,8.0,2.0,1.0
1603,13.36017679999998,0,8.5034,1.7056,1.9934,1.6813,0.1717,0.0032,0.0057,0.0002,0.032,0.0435,0.0027,0.0009,0.012,0.0001,0.0015,0.0014,0.0,0.0001,0.0087,0.0012,0.0005,0.0024,0.0,0.0844,0.0162,0.0001,0.0102,0.0,125.0,0.0,62.0,63.0,56.0,0.0,0.0,0.0,0.0,0.0,0.0,0.0,0.0,0.0,0.0,0.0,0.0,0.0,0.0,0.0,0.0,0.0,0.0,8.0,2.0,1.0
1604,13.36868019999998,0,8.2117,1.7762,2.2374,1.7268,0.1662,0.0029,0.0059,0.0001,0.0355,0.047,0.0026,0.0007,0.0088,0.0001,0.0014,0.0013,0.0001,0.0001,0.0082,0.0011,0.0004,0.0026,0.0,0.0831,0.0207,0.0,0.0087,0.0,125.0,0.0,62.0,63.0,56.0,0.0,0.0,0.0,0.0,0.0,0.0,0.0,0.0,0.0,0.0,0.0,0.0,0.0,0.0,0.0,0.0,0.0,0.0,8.0,2.0,1.0
1605,13.37689189999998,0,8.2413,1.7182,1.8807,1.7227,0.1662,0.0027,0.0056,0.0001,0.0345,0.0456,0.0021,0.0008,0.0108,0.0002,0.002,0.0014,0.0,0.0001,0.0095,0.0011,0.0004,0.0024,0.0,0.086,0.0171,0.0,0.009,0.0,125.0,0.0,62.0,63.0,56.0,0.0,0.0,0.0,0.0,0.0,0.0,0.0,0.0,0.0,0.0,0.0,0.0,0.0,0.0,0.0,0.0,0.0,0.0,8.0,2.0,1.0
1606,13.38513319999998,0,8.3527,1.7432,1.9779,1.5799,0.1717,0.0027,0.005,0.0001,0.0386,0.0482,0.0023,0.0008,0.0119,0.0002,0.0013,0.0014,0.0,0.0001,0.0088,0.0014,0.0008,0.0028,0.0,0.0905,0.021,0.0001,0.0084,0.0,125.0,0.0,62.0,63.0,56.0,0.0,0.0,0.0,0.0,0.0,0.0,0.0,0.0,0.0,0.0,0.0,0.0,0.0,0.0,0.0,0.0,0.0,0.0,8.0,2.0,1.0
1607,13.39348589999998,0,8.4589,1.8001,2.0011,1.6229,0.1803,0.0033,0.0061,0.0002,0.0293,0.0427,0.0021,0.0012,0.0089,0.0001,0.0021,0.0014,0.0001,0.0001,0.0094,0.0011,0.0005,0.0024,0.0001,0.084,0.0208,0.0,0.0099,0.0,125.0,0.0,62.0,63.0,56.0,0.0,0.0,0.0,0.0,0.0,0.0,0.0,0.0,0.0,0.0,0.0,0.0,0.0,0.0,0.0,0.0,0.0,0.0,8.0,2.0,1.0
1608,13.401944799999981,0,8.1401,1.9931,1.8952,1.7875,0.1816,0.0046,0.0074,0.0002,0.0355,0.0509,0.0028,0.0008,0.0111,0.0001,0.0014,0.0014,0.0,0.0001,0.0089,0.0013,0.0004,0.0028,0.0,0.0915,0.0183,0.0,0.0092,0.0,125.0,0.0,62.0,63.0,56.0,0.0,0.0,0.0,0.0,0.0,0.0,0.0,0.0,0.0,0.0,0.0,0.0,0.0,0.0,0.0,0.0,0.0,0.0,8.0,2.0,1.0
1609,13.410084899999982,0,8.2326,1.7158,1.7964,1.6383,0.1661,0.003,0.0071,0.0002,0.0266,0.0403,0.0023,0.0009,0.0099,0.0001,0.0014,0.0021,0.0001,0.0002,0.0092,0.0015,0.0005,0.0029,0.0,0.0807,0.0186,0.0001,0.0089,0.0,125.0,0.0,62.0,63.0,56.0,0.0,0.0,0.0,0.0,0.0,0.0,0.0,0.0,0.0,0.0,0.0,0.0,0.0,0.0,0.0,0.0,0.0,0.0,8.0,2.0,1.0
1610,13.418317499999981,0,8.4614,1.6262,1.8543,1.6005,0.1831,0.0028,0.0053,0.0006,0.0447,0.0562,0.0029,0.0007,0.0112,0.0001,0.0022,0.0015,0.0001,0.0006,0.0088,0.0014,0.0005,0.0027,0.0001,0.0998,0.0197,0.0,0.0089,0.0,125.0,0.0,62.0,63.0,56.0,0.0,0.0,0.0,0.0,0.0,0.0,0.0,0.0,0.0,0.0,0.0,0.0,0.0,0.0,0.0,0.0,0.0,0.0,8.0,2.0,1.0
1611,13.42677889999998,0,8.2196,1.8321,1.8611,1.7073,0.1603,0.0029,0.0065,0.0002,0.027,0.0388,0.0019,0.0007,0.0103,0.0001,0.0015,0.0014,0.0001,0.0001,0.0086,0.0012,0.0005,0.0024,0.0,0.0775,0.0181,0.0001,0.0081,0.0,125.0,0.0,62.0,63.0,56.0,0.0,0.0,0.0,0.0,0.0,0.0,0.0,0.0,0.0,0.0,0.0,0.0,0.0,0.0,0.0,0.0,0.0,0.0,8.0,2.0,1.0
1612,13.434998499999981,0,8.5083,1.6881,1.8158,1.6744,0.1878,0.003,0.0073,0.0001,0.0457,0.0584,0.0034,0.0009,0.0111,0.0001,0.0018,0.0015,0.0001,0.0001,0.009,0.0013,0.0004,0.0027,0.0,0.0996,0.0199,0.0,0.0094,0.0,125.0,0.0,62.0,63.0,56.0,0.0,0.0,0.0,0.0,0.0,0.0,0.0,0.0,0.0,0.0,0.0,0.0,0.0,0.0,0.0,0.0,0.0,0.0,8.0,2.0,1.0
1613,13.443506799999982,0,8.1092,1.7033,1.8326,1.645,0.1727,0.0035,0.008,0.0002,0.0256,0.0395,0.0023,0.0005,0.0104,0.0001,0.002,0.0014,0.0001,0.0002,0.0085,0.0012,0.0006,0.0028,0.0001,0.0811,0.0193,0.0,0.009,0.0,125.0,0.0,62.0,63.0,56.0,0.0,0.0,0.0,0.0,0.0,0.0,0.0,0.0,0.0,0.0,0.0,0.0,0.0,0.0,0.0,0.0,0.0,0.0,8.0,2.0,1.0
1614,13.451615999999982,0,8.3991,1.7066,1.7773,1.6186,0.1854,0.0045,0.0076,0.0002,0.0399,0.0546,0.0023,0.0009,0.0097,0.0001,0.0014,0.0014,0.0005,0.0001,0.0091,0.0015,0.0004,0.0033,0.0,0.0969,0.0192,0.0001,0.0089,0.0,125.0,0.0,62.0,63.0,56.0,0.0,0.0,0.0,0.0,0.0,0.0,0.0,0.0,0.0,0.0,0.0,0.0,0.0,0.0,0.0,0.0,0.0,0.0,8.0,2.0,1.0
1615,13.460015099999982,0,8.4155,1.6599,1.8861,1.6431,0.1684,0.0031,0.0073,0.0002,0.0266,0.0394,0.0028,0.0007,0.0109,0.0001,0.0019,0.0015,0.0001,0.0001,0.0091,0.0012,0.0004,0.0029,0.0001,0.0805,0.0179,0.0,0.008,0.0,125.0,0.0,62.0,63.0,56.0,0.0,0.0,0.0,0.0,0.0,0.0,0.0,0.0,0.0,0.0,0.0,0.0,0.0,0.0,0.0,0.0,0.0,0.0,8.0,2.0,1.0
1616,13.468430599999982,0,8.3717,2.0493,1.9467,1.8171,0.287,0.0036,0.0062,0.0001,0.0378,0.0499,0.0022,0.0007,0.0117,0.0001,0.0021,0.0016,0.0,0.0001,0.0088,0.0012,0.0009,0.0028,0.0,0.0926,0.0205,0.0,0.0082,0.0,125.0,0.0,62.0,63.0,56.0,0.0,0.0,0.0,0.0,0.0,0.0,0.0,0.0,0.0,0.0,0.0,0.0,0.0,0.0,0.0,0.0,0.0,0.0,8.0,2.0,1.0
1617,13.476802299999981,0,8.2688,1.855,1.7555,1.7141,0.192,0.0027,0.0065,0.0002,0.0255,0.0373,0.002,0.0007,0.0092,0.0001,0.0012,0.0015,0.0001,0.0001,0.0082,0.001,0.0005,0.0025,0.0,0.0755,0.0484,0.0001,0.0076,0.0,125.0,0.0,62.0,63.0,56.0,0.0,0.0,0.0,0.0,0.0,0.0,0.0,0.0,0.0,0.0,0.0,0.0,0.0,0.0,0.0,0.0,0.0,0.0,8.0,2.0,1.0
1618,13.485071099999981,0,8.2047,1.8124,1.8429,1.7154,0.1931,0.0029,0.0068,0.0002,0.0389,0.0506,0.0038,0.001,0.0151,0.0002,0.0017,0.0022,0.0001,0.0003,0.0118,0.0018,0.0005,0.0037,0.0001,0.1055,0.0238,0.0001,0.0081,0.0,125.0,0.0,62.0,63.0,56.0,0.0,0.0,0.0,0.0,0.0,0.0,0.0,0.0,0.0,0.0,0.0,0.0,0.0,0.0,0.0,0.0,0.0,0.0,8.0,2.0,1.0
1619,13.493275799999982,0,8.3641,1.7713,1.7222,1.742,0.1757,0.0045,0.0077,0.0003,0.0337,0.0486,0.0022,0.0012,0.0105,0.0001,0.0018,0.0013,0.0,0.0001,0.0081,0.0015,0.0004,0.0023,0.0,0.0865,0.0221,0.0001,0.0097,0.0,125.0,0.0,62.0,63.0,54.0,0.0,0.0,0.0,0.0,0.0,0.0,0.0,0.0,0.0,0.0,0.0,0.0,0.0,0.0,0.0,0.0,0.0,0.0,8.0,2.0,1.0
1620,13.501639899999981,0,8.4394,1.8177,1.7647,1.6831,0.1839,0.0036,0.0065,0.0002,0.0327,0.0447,0.0018,0.0009,0.009,0.0002,0.0012,0.0015,0.0001,0.0001,0.0085,0.0018,0.0005,0.0035,0.0,0.0847,0.0214,0.0001,0.0087,0.0,125.0,0.0,62.0,63.0,54.0,0.0,0.0,0.0,0.0,0.0,0.0,0.0,0.0,0.0,0.0,0.0,0.0,0.0,0.0,0.0,0.0,0.0,0.0,8.0,2.0,1.0
1621,13.510079299999981,0,8.0914,1.6965,1.7534,1.6558,0.1594,0.0038,0.0075,0.0002,0.025,0.0392,0.0024,0.0014,0.0114,0.0006,0.0014,0.0022,0.0001,0.0001,0.0082,0.001,0.0005,0.0023,0.0,0.0806,0.0178,0.0001,0.0083,0.0,125.0,0.0,62.0,63.0,54.0,0.0,0.0,0.0,0.0,0.0,0.0,0.0,0.0,0.0,0.0,0.0,0.0,0.0,0.0,0.0,0.0,0.0,0.0,8.0,2.0,1.0
1622,13.518170699999981,0,8.4524,1.956,1.6816,1.6538,0.1745,0.0027,0.0052,0.0002,0.0417,0.052,0.0023,0.0007,0.0121,0.0002,0.0015,0.0014,0.0001,0.0001,0.0084,0.0011,0.0004,0.0027,0.0,0.0935,0.0187,0.0002,0.008,0.0,125.0,0.0,62.0,63.0,54.0,0.0,0.0,0.0,0.0,0.0,0.0,0.0,0.0,0.0,0.0,0.0,0.0,0.0,0.0,0.0,0.0,0.0,0.0,8.0,2.0,1.0
1623,13.52662309999998,0,8.3368,1.7314,1.7243,1.6767,0.1682,0.0027,0.0048,0.0002,0.0311,0.0409,0.0023,0.0007,0.0079,0.0001,0.0015,0.0021,0.0002,0.0001,0.0085,0.0013,0.0005,0.0026,0.0,0.0804,0.0214,0.0,0.0084,0.0,125.0,0.0,62.0,63.0,54.0,0.0,0.0,0.0,0.0,0.0,0.0,0.0,0.0,0.0,0.0,0.0,0.0,0.0,0.0,0.0,0.0,0.0,0.0,8.0,2.0,1.0
1624,13.534959899999981,0,8.3918,1.7349,1.837,1.7113,0.1942,0.0035,0.0054,0.0002,0.047,0.0588,0.0022,0.0007,0.0093,0.0002,0.0015,0.0013,0.0001,0.0001,0.0089,0.0011,0.0004,0.0024,0.0,0.0964,0.0213,0.0,0.0093,0.0,125.0,0.0,62.0,63.0,54.0,0.0,0.0,0.0,0.0,0.0,0.0,0.0,0.0,0.0,0.0,0.0,0.0,0.0,0.0,0.0,0.0,0.0,0.0,8.0,2.0,1.0
1625,13.543351699999981,0,8.3787,1.7701,1.7701,1.65,0.1833,0.0033,0.0057,0.0002,0.0349,0.0472,0.0026,0.0009,0.0115,0.0002,0.0017,0.0021,0.0001,0.0001,0.0091,0.0013,0.0004,0.0027,0.0,0.0916,0.0201,0.0001,0.0085,0.0,125.0,0.0,62.0,63.0,54.0,0.0,0.0,0.0,0.0,0.0,0.0,0.0,0.0,0.0,0.0,0.0,0.0,0.0,0.0,0.0,0.0,0.0,0.0,8.0,2.0,1.0
1626,13.55173039999998,0,8.3452,1.9885,1.8883,1.7074,0.1586,0.0025,0.007,0.0002,0.0323,0.0445,0.0019,0.0006,0.0087,0.0001,0.0017,0.0015,0.0,0.0001,0.0092,0.0012,0.0004,0.0027,0.0,0.0818,0.0168,0.0001,0.0084,0.0,125.0,0.0,62.0,63.0,54.0,0.0,0.0,0.0,0.0,0.0,0.0,0.0,0.0,0.0,0.0,0.0,0.0,0.0,0.0,0.0,0.0,0.0,0.0,8.0,2.0,1.0
1627,13.560075599999982,0,8.2828,1.9882,1.8292,1.7586,0.163,0.0028,0.0049,0.0002,0.0311,0.0415,0.0019,0.0006,0.0091,0.0001,0.0019,0.0015,0.0002,0.0001,0.0087,0.0012,0.0009,0.0025,0.0,0.0807,0.0159,0.0001,0.0073,0.0,125.0,0.0,62.0,63.0,54.0,0.0,0.0,0.0,0.0,0.0,0.0,0.0,0.0,0.0,0.0,0.0,0.0,0.0,0.0,0.0,0.0,0.0,0.0,8.0,2.0,1.0
1628,13.568358399999982,0,8.326,1.8613,1.8094,1.6802,0.1979,0.0031,0.0073,0.0002,0.0407,0.0534,0.0029,0.0013,0.0127,0.0002,0.0016,0.0025,0.0001,0.0001,0.0113,0.0015,0.0007,0.0039,0.0001,0.1047,0.0214,0.0,0.0092,0.0,125.0,0.0,62.0,63.0,54.0,0.0,0.0,0.0,0.0,0.0,0.0,0.0,0.0,0.0,0.0,0.0,0.0,0.0,0.0,0.0,0.0,0.0,0.0,8.0,2.0,1.0
1629,13.576684399999982,0,8.448,1.7644,1.9137,1.7132,0.1586,0.0029,0.0054,0.0002,0.0262,0.0379,0.002,0.0008,0.0109,0.0001,0.0019,0.0014,0.0,0.0001,0.0083,0.0014,0.0004,0.0023,0.0,0.0768,0.018,0.0001,0.0085,0.0,125.0,0.0,62.0,63.0,54.0,0.0,0.0,0.0,0.0,0.0,0.0,0.0,0.0,0.0,0.0,0.0,0.0,0.0,0.0,0.0,0.0,0.0,0.0,8.0,2.0,1.0
1630,13.585132399999981,0,8.234,1.9361,1.8464,1.6592,0.1806,0.0031,0.0064,0.0002,0.0422,0.0539,0.0029,0.0008,0.0111,0.0001,0.0014,0.0018,0.0001,0.0001,0.0086,0.0015,0.0005,0.0026,0.0001,0.0952,0.0218,0.0001,0.0091,0.0,125.0,0.0,62.0,63.0,54.0,0.0,0.0,0.0,0.0,0.0,0.0,0.0,0.0,0.0,0.0,0.0,0.0,0.0,0.0,0.0,0.0,0.0,0.0,8.0,2.0,1.0
1631,13.593366399999981,0,8.2963,1.9097,1.7381,1.6689,0.1712,0.0035,0.0074,0.0001,0.0326,0.0454,0.0024,0.0008,0.0096,0.0001,0.0015,0.0019,0.0001,0.0002,0.0082,0.0016,0.0005,0.0027,0.0,0.085,0.0178,0.0001,0.0088,0.0,125.0,0.0,62.0,63.0,54.0,0.0,0.0,0.0,0.0,0.0,0.0,0.0,0.0,0.0,0.0,0.0,0.0,0.0,0.0,0.0,0.0,0.0,0.0,8.0,2.0,1.0
1632,13.60166269999998,0,8.3117,2.0048,1.8167,1.711,0.1721,0.0031,0.0078,0.0002,0.0336,0.0468,0.0022,0.0007,0.0096,0.0002,0.0014,0.0014,0.0001,0.0001,0.0082,0.0012,0.0005,0.0026,0.0001,0.086,0.0202,0.0001,0.0082,0.0,125.0,0.0,62.0,63.0,54.0,0.0,0.0,0.0,0.0,0.0,0.0,0.0,0.0,0.0,0.0,0.0,0.0,0.0,0.0,0.0,0.0,0.0,0.0,8.0,2.0,1.0
1633,13.609974399999981,0,8.3935,1.8753,1.7174,1.7026,0.1674,0.0029,0.0077,0.0002,0.0292,0.0425,0.0022,0.0007,0.0102,0.0002,0.0018,0.0015,0.0,0.0001,0.0079,0.0013,0.0004,0.0027,0.0001,0.0818,0.0192,0.0,0.0089,0.0,125.0,0.0,62.0,63.0,54.0,0.0,0.0,0.0,0.0,0.0,0.0,0.0,0.0,0.0,0.0,0.0,0.0,0.0,0.0,0.0,0.0,0.0,0.0,8.0,2.0,1.0
1634,13.618367899999981,0,8.3336,1.8142,1.8264,1.652,0.2185,0.0037,0.0074,0.0002,0.0438,0.0577,0.0029,0.0007,0.0125,0.0002,0.0019,0.0025,0.0002,0.0003,0.0115,0.0016,0.0006,0.0038,0.0,0.1103,0.022,0.0001,0.0079,0.0,125.0,0.0,62.0,63.0,54.0,0.0,0.0,0.0,0.0,0.0,0.0,0.0,0.0,0.0,0.0,0.0,0.0,0.0,0.0,0.0,0.0,0.0,0.0,8.0,2.0,1.0
1635,13.626701499999982,0,8.3174,2.0085,1.8298,1.6431,0.1754,0.0029,0.0051,0.0002,0.0312,0.0424,0.003,0.0008,0.0126,0.0001,0.0018,0.0021,0.0001,0.0001,0.0082,0.0013,0.0009,0.0028,0.0001,0.0866,0.0212,0.0001,0.0078,0.0,125.0,0.0,62.0,63.0,54.0,0.0,0.0,0.0,0.0,0.0,0.0,0.0,0.0,0.0,0.0,0.0,0.0,0.0,0.0,0.0,0.0,0.0,0.0,8.0,2.0,1.0
1636,13.63501889999998,0,8.3592,1.8595,1.8741,1.6557,0.1745,0.0041,0.006,0.0002,0.0371,0.0499,0.0027,0.001,0.0124,0.0002,0.0012,0.002,0.0,0.0001,0.008,0.0014,0.001,0.0028,0.0,0.0928,0.0204,0.0001,0.0088,0.0,125.0,0.0,62.0,63.0,54.0,0.0,0.0,0.0,0.0,0.0,0.0,0.0,0.0,0.0,0.0,0.0,0.0,0.0,0.0,0.0,0.0,0.0,0.0,8.0,2.0,1.0
1637,13.64337809999998,0,8.3265,1.8373,1.7368,1.6347,0.1744,0.0041,0.0069,0.0002,0.028,0.042,0.0029,0.0009,0.0111,0.0002,0.0018,0.0016,0.0001,0.0003,0.0083,0.0013,0.0004,0.0027,0.0001,0.0841,0.0204,0.0,0.0093,0.0,125.0,0.0,62.0,63.0,54.0,0.0,0.0,0.0,0.0,0.0,0.0,0.0,0.0,0.0,0.0,0.0,0.0,0.0,0.0,0.0,0.0,0.0,0.0,8.0,2.0,1.0
1638,13.65170459999998,0,8.3597,2.2294,1.876,1.6829,0.165,0.0034,0.0048,0.0002,0.0388,0.0494,0.0022,0.0006,0.0094,0.0006,0.0011,0.0014,0.0001,0.0001,0.0079,0.0011,0.0005,0.0025,0.0,0.0865,0.0184,0.0001,0.0097,0.0,125.0,0.0,62.0,63.0,54.0,0.0,0.0,0.0,0.0,0.0,0.0,0.0,0.0,0.0,0.0,0.0,0.0,0.0,0.0,0.0,0.0,0.0,0.0,8.0,2.0,1.0
1639,13.66006429999998,0,8.2165,1.7624,1.7879,1.6299,0.1699,0.0028,0.0049,0.0002,0.0277,0.0383,0.0027,0.0006,0.0114,0.0001,0.0016,0.0016,0.0001,0.0001,0.0091,0.0013,0.0004,0.0026,0.0,0.0815,0.0196,0.0006,0.0087,0.0,125.0,0.0,62.0,63.0,54.0,0.0,0.0,0.0,0.0,0.0,0.0,0.0,0.0,0.0,0.0,0.0,0.0,0.0,0.0,0.0,0.0,0.0,0.0,8.0,2.0,1.0
1640,13.66828079999998,0,8.4094,1.8593,1.7378,1.6637,0.1684,0.0044,0.0076,0.0001,0.0354,0.0499,0.0021,0.0007,0.0098,0.0001,0.0013,0.0016,0.0001,0.0001,0.0078,0.0013,0.0005,0.0027,0.0,0.0872,0.0188,0.0001,0.0078,0.0,125.0,0.0,62.0,63.0,54.0,0.0,0.0,0.0,0.0,0.0,0.0,0.0,0.0,0.0,0.0,0.0,0.0,0.0,0.0,0.0,0.0,0.0,0.0,8.0,2.0,1.0
1641,13.67669019999998,0,8.1581,1.9658,1.7094,1.7312,0.1499,0.004,0.0062,0.0002,0.0259,0.039,0.0018,0.0005,0.0091,0.0002,0.0019,0.0012,0.0,0.0001,0.0078,0.0016,0.0004,0.0023,0.0,0.0748,0.0157,0.0,0.0087,0.0,125.0,0.0,62.0,63.0,54.0,0.0,0.0,0.0,0.0,0.0,0.0,0.0,0.0,0.0,0.0,0.0,0.0,0.0,0.0,0.0,0.0,0.0,0.0,8.0,2.0,1.0
1642,13.68484829999998,0,8.605,1.8116,1.7844,1.7429,0.1787,0.0029,0.0081,0.0002,0.037,0.0504,0.0023,0.0008,0.0114,0.0002,0.0018,0.0015,0.0001,0.0001,0.0089,0.0013,0.0004,0.0028,0.0,0.0927,0.0209,0.0,0.0112,0.0,125.0,0.0,62.0,63.0,56.0,0.0,0.0,0.0,0.0,0.0,0.0,0.0,0.0,0.0,0.0,0.0,0.0,0.0,0.0,0.0,0.0,0.0,0.0,8.0,2.0,1.0
1643,13.693453299999979,0,8.3127,1.9025,1.9382,1.759,0.1623,0.0026,0.0063,0.0001,0.03,0.0414,0.0022,0.0006,0.0093,0.0001,0.0018,0.0014,0.0001,0.0001,0.009,0.0012,0.0005,0.0029,0.0,0.0799,0.017,0.0,0.012,0.0,125.0,0.0,62.0,63.0,56.0,0.0,0.0,0.0,0.0,0.0,0.0,0.0,0.0,0.0,0.0,0.0,0.0,0.0,0.0,0.0,0.0,0.0,0.0,8.0,2.0,1.0
1644,13.701765999999978,0,8.3388,1.8198,1.8508,1.7427,0.1602,0.0028,0.0069,0.0001,0.0329,0.0451,0.002,0.0007,0.0088,0.0002,0.0013,0.0014,0.0001,0.0001,0.0081,0.0011,0.0004,0.0028,0.0,0.0818,0.0156,0.0,0.0092,0.0,125.0,0.0,62.0,63.0,56.0,0.0,0.0,0.0,0.0,0.0,0.0,0.0,0.0,0.0,0.0,0.0,0.0,0.0,0.0,0.0,0.0,0.0,0.0,8.0,2.0,1.0
1645,13.710104799999979,0,8.1692,1.8768,1.7724,1.7177,0.1539,0.0029,0.0048,0.0002,0.0293,0.0395,0.0019,0.0007,0.0094,0.0001,0.0012,0.0018,0.0001,0.0001,0.008,0.0016,0.0003,0.0024,0.0001,0.0758,0.0177,0.0001,0.0085,0.0,125.0,0.0,62.0,63.0,56.0,0.0,0.0,0.0,0.0,0.0,0.0,0.0,0.0,0.0,0.0,0.0,0.0,0.0,0.0,0.0,0.0,0.0,0.0,8.0,2.0,1.0
1646,13.718273999999978,0,8.4561,1.843,1.8229,1.7018,0.1862,0.0045,0.0079,0.0004,0.038,0.0531,0.0023,0.0008,0.0103,0.0001,0.0016,0.0016,0.0001,0.0001,0.0085,0.0012,0.0009,0.0028,0.0,0.0942,0.0193,0.0,0.0079,0.0,125.0,0.0,62.0,63.0,56.0,0.0,0.0,0.0,0.0,0.0,0.0,0.0,0.0,0.0,0.0,0.0,0.0,0.0,0.0,0.0,0.0,0.0,0.0,8.0,2.0,1.0
1647,13.726730099999978,0,8.2818,1.7995,1.8071,1.7097,0.171,0.003,0.0058,0.0002,0.0304,0.0421,0.0022,0.0008,0.0109,0.0001,0.0016,0.0019,0.0001,0.0001,0.0087,0.0011,0.0005,0.0024,0.0001,0.0822,0.0193,0.0001,0.0083,0.0,125.0,0.0,62.0,63.0,56.0,0.0,0.0,0.0,0.0,0.0,0.0,0.0,0.0,0.0,0.0,0.0,0.0,0.0,0.0,0.0,0.0,0.0,0.0,8.0,2.0,1.0
1648,13.735011899999979,0,8.7139,1.9387,2.0828,1.7806,0.1986,0.0032,0.005,0.0003,0.043,0.0544,0.0027,0.0011,0.0129,0.0002,0.0017,0.0022,0.0001,0.0001,0.0108,0.0013,0.0005,0.0029,0.0,0.1025,0.0213,0.0001,0.0081,0.0,125.0,0.0,62.0,63.0,56.0,0.0,0.0,0.0,0.0,0.0,0.0,0.0,0.0,0.0,0.0,0.0,0.0,0.0,0.0,0.0,0.0,0.0,0.0,8.0,2.0,1.0
1649,13.743725799999979,0,7.9954,2.0272,1.9225,1.8394,0.1728,0.0026,0.0048,0.0003,0.035,0.0454,0.0019,0.0012,0.0109,0.0001,0.002,0.0016,0.0001,0.0001,0.0088,0.0012,0.0009,0.0023,0.0001,0.0872,0.0205,0.0,0.0096,0.0,125.0,0.0,62.0,63.0,56.0,0.0,0.0,0.0,0.0,0.0,0.0,0.0,0.0,0.0,0.0,0.0,0.0,0.0,0.0,0.0,0.0,0.0,0.0,8.0,2.0,1.0
1650,13.751721199999979,0,8.5222,2.0145,1.9361,1.7417,0.1661,0.0025,0.0067,0.0002,0.033,0.0447,0.002,0.0007,0.0109,0.0001,0.0014,0.002,0.0001,0.0001,0.0084,0.0016,0.0004,0.0028,0.0,0.0847,0.016,0.0,0.0085,0.0,125.0,0.0,62.0,63.0,56.0,0.0,0.0,0.0,0.0,0.0,0.0,0.0,0.0,0.0,0.0,0.0,0.0,0.0,0.0,0.0,0.0,0.0,0.0,8.0,2.0,1.0
1651,13.760243399999979,0,8.4227,2.0034,2.049,1.9002,0.1984,0.004,0.0081,0.0003,0.0278,0.0435,0.0025,0.0009,0.0126,0.0001,0.0019,0.0023,0.0001,0.0002,0.0099,0.0013,0.001,0.0029,0.0,0.0909,0.0229,0.0001,0.0094,0.0,125.0,0.0,62.0,63.0,56.0,0.0,0.0,0.0,0.0,0.0,0.0,0.0,0.0,0.0,0.0,0.0,0.0,0.0,0.0,0.0,0.0,0.0,0.0,8.0,2.0,1.0
1652,13.76866609999998,0,8.1801,2.1777,2.0382,1.7656,0.2,0.0047,0.0076,0.0003,0.0382,0.0537,0.0022,0.0007,0.0116,0.0005,0.0018,0.0022,0.0001,0.0001,0.0084,0.0017,0.0004,0.0028,0.0001,0.103,0.0225,0.0001,0.009,0.0,125.0,0.0,62.0,63.0,54.0,0.0,0.0,0.0,0.0,0.0,0.0,0.0,0.0,0.0,0.0,0.0,0.0,0.0,0.0,0.0,0.0,0.0,0.0,8.0,2.0,1.0
1653,13.77684619999998,0,8.1729,2.0733,1.8234,1.7762,0.2001,0.0029,0.0066,0.0002,0.0266,0.0387,0.0027,0.0008,0.0127,0.0002,0.0015,0.0022,0.0001,0.0001,0.0118,0.0019,0.0006,0.0034,0.0001,0.0884,0.022,0.0001,0.0092,0.0,125.0,0.0,62.0,63.0,54.0,0.0,0.0,0.0,0.0,0.0,0.0,0.0,0.0,0.0,0.0,0.0,0.0,0.0,0.0,0.0,0.0,0.0,0.0,8.0,2.0,1.0
1654,13.78501909999998,0,8.4588,2.0263,1.8869,1.9201,0.2166,0.0042,0.0082,0.0003,0.0443,0.0602,0.0027,0.0007,0.0126,0.0002,0.0017,0.0017,0.0001,0.0002,0.0087,0.0014,0.0009,0.0028,0.0,0.1047,0.022,0.0001,0.0083,0.0,125.0,0.0,62.0,63.0,54.0,0.0,0.0,0.0,0.0,0.0,0.0,0.0,0.0,0.0,0.0,0.0,0.0,0.0,0.0,0.0,0.0,0.0,0.0,8.0,2.0,1.0
1655,13.79347789999998,0,8.4108,2.3625,1.9743,1.8073,0.1809,0.0033,0.0071,0.0003,0.0339,0.0471,0.0021,0.0007,0.0098,0.0001,0.0016,0.0022,0.0001,0.0001,0.0088,0.0013,0.0006,0.0025,0.0,0.0884,0.0183,0.0001,0.0083,0.0,125.0,0.0,62.0,63.0,54.0,0.0,0.0,0.0,0.0,0.0,0.0,0.0,0.0,0.0,0.0,0.0,0.0,0.0,0.0,0.0,0.0,0.0,0.0,8.0,2.0,1.0
1656,13.80188869999998,0,8.2558,1.9082,2.0107,1.6597,0.1869,0.0026,0.0068,0.0003,0.0386,0.0515,0.002,0.0007,0.0107,0.0006,0.0016,0.0021,0.0001,0.0001,0.0091,0.0013,0.0005,0.0025,0.0,0.0938,0.0209,0.0001,0.0088,0.0,125.0,0.0,62.0,63.0,54.0,0.0,0.0,0.0,0.0,0.0,0.0,0.0,0.0,0.0,0.0,0.0,0.0,0.0,0.0,0.0,0.0,0.0,0.0,8.0,2.0,1.0
1657,13.81014449999998,0,8.2795,1.8419,1.8948,1.7341,0.172,0.0031,0.0062,0.0003,0.0344,0.0462,0.0022,0.0008,0.0096,0.0002,0.0018,0.0021,0.0002,0.0002,0.0082,0.0016,0.0005,0.0025,0.0001,0.086,0.0181,0.0,0.008,0.0,125.0,0.0,62.0,63.0,54.0,0.0,0.0,0.0,0.0,0.0,0.0,0.0,0.0,0.0,0.0,0.0,0.0,0.0,0.0,0.0,0.0,0.0,0.0,8.0,2.0,1.0
1658,13.81842399999998,0,8.3798,1.8937,1.8781,1.7087,0.1946,0.003,0.0061,0.0003,0.0456,0.0579,0.0027,0.0008,0.011,0.0001,0.0015,0.0022,0.0,0.0001,0.0097,0.0013,0.0005,0.0027,0.0,0.1,0.0198,0.0001,0.0086,0.0,125.0,0.0,62.0,63.0,54.0,0.0,0.0,0.0,0.0,0.0,0.0,0.0,0.0,0.0,0.0,0.0,0.0,0.0,0.0,0.0,0.0,0.0,0.0,8.0,2.0,1.0
1659,13.82680379999998,0,8.4433,1.8656,2.0356,1.6864,0.1731,0.0035,0.0052,0.0001,0.0313,0.0423,0.002,0.001,0.0098,0.0001,0.0022,0.0017,0.0001,0.0003,0.0093,0.0017,0.0004,0.0028,0.0,0.0843,0.0187,0.0001,0.0089,0.0,125.0,0.0,62.0,63.0,54.0,0.0,0.0,0.0,0.0,0.0,0.0,0.0,0.0,0.0,0.0,0.0,0.0,0.0,0.0,0.0,0.0,0.0,0.0,8.0,2.0,1.0
1660,13.83524709999998,0,8.2618,1.9958,1.7989,1.8074,0.1955,0.0038,0.009,0.0002,0.0438,0.0596,0.003,0.0009,0.012,0.0002,0.0017,0.002,0.0002,0.0002,0.0099,0.0014,0.0009,0.003,0.0001,0.1066,0.0215,0.0,0.008,0.0,125.0,0.0,62.0,63.0,54.0,0.0,0.0,0.0,0.0,0.0,0.0,0.0,0.0,0.0,0.0,0.0,0.0,0.0,0.0,0.0,0.0,0.0,0.0,8.0,2.0,1.0
1661,13.84350889999998,0,8.1668,2.0537,1.8646,1.7148,0.1651,0.0035,0.0048,0.0001,0.0294,0.0404,0.0021,0.0009,0.0101,0.0001,0.0019,0.0014,0.0001,0.0001,0.009,0.0012,0.001,0.0023,0.0,0.0797,0.0187,0.0001,0.0084,0.0,125.0,0.0,62.0,63.0,54.0,0.0,0.0,0.0,0.0,0.0,0.0,0.0,0.0,0.0,0.0,0.0,0.0,0.0,0.0,0.0,0.0,0.0,0.0,8.0,2.0,1.0
1662,13.85167569999998,0,8.4955,1.8107,1.9733,1.6298,0.1763,0.0036,0.0064,0.0003,0.0366,0.0493,0.0021,0.0006,0.0098,0.0001,0.0014,0.002,0.0002,0.0002,0.0085,0.0017,0.0006,0.0024,0.0001,0.0893,0.0187,0.0,0.0096,0.0,125.0,0.0,62.0,63.0,54.0,0.0,0.0,0.0,0.0,0.0,0.0,0.0,0.0,0.0,0.0,0.0,0.0,0.0,0.0,0.0,0.0,0.0,0.0,8.0,2.0,1.0
1663,13.86017119999998,0,8.2891,1.9781,1.7872,1.8329,0.1845,0.0032,0.0048,0.0002,0.0347,0.0459,0.0034,0.0015,0.0135,0.0002,0.0018,0.0022,0.0001,0.0002,0.0092,0.0014,0.0004,0.0028,0.0001,0.0926,0.0207,0.0,0.008,0.0,125.0,0.0,62.0,63.0,54.0,0.0,0.0,0.0,0.0,0.0,0.0,0.0,0.0,0.0,0.0,0.0,0.0,0.0,0.0,0.0,0.0,0.0,0.0,8.0,2.0,1.0
1664,13.868460299999981,0,8.2746,1.8829,2.0162,1.8185,0.1873,0.0038,0.0078,0.0003,0.0368,0.0513,0.0022,0.0008,0.0103,0.0001,0.0015,0.0021,0.0002,0.0001,0.0088,0.0014,0.0004,0.0026,0.0,0.091,0.02,0.0002,0.0092,0.0,125.0,0.0,62.0,63.0,54.0,0.0,0.0,0.0,0.0,0.0,0.0,0.0,0.0,0.0,0.0,0.0,0.0,0.0,0.0,0.0,0.0,0.0,0.0,8.0,2.0,1.0
1665,13.876734899999981,0,8.2378,1.982,1.6896,1.6942,0.1625,0.0031,0.0067,0.0003,0.027,0.0389,0.0018,0.0008,0.009,0.0002,0.0014,0.0016,0.0001,0.0001,0.009,0.0012,0.0004,0.0023,0.0,0.0773,0.018,0.0,0.0099,0.0,125.0,0.0,62.0,63.0,54.0,0.0,0.0,0.0,0.0,0.0,0.0,0.0,0.0,0.0,0.0,0.0,0.0,0.0,0.0,0.0,0.0,0.0,0.0,8.0,2.0,1.0
1666,13.884972699999981,0,8.4492,1.8699,1.6771,1.7025,0.1689,0.0032,0.0047,0.0001,0.037,0.0477,0.0024,0.0007,0.0115,0.0002,0.0015,0.0019,0.0,0.0001,0.0086,0.0016,0.0004,0.0027,0.0,0.0897,0.0186,0.0,0.0081,0.0,125.0,0.0,62.0,63.0,54.0,0.0,0.0,0.0,0.0,0.0,0.0,0.0,0.0,0.0,0.0,0.0,0.0,0.0,0.0,0.0,0.0,0.0,0.0,8.0,2.0,1.0
1667,13.89342189999998,0,8.2784,1.7639,1.9107,1.781,0.1758,0.0027,0.0064,0.0004,0.0264,0.0395,0.002,0.0006,0.0086,0.0001,0.0021,0.0014,0.0001,0.0002,0.0111,0.0017,0.0005,0.0033,0.0,0.0834,0.0245,0.0,0.0078,0.0,125.0,0.0,62.0,63.0,54.0,0.0,0.0,0.0,0.0,0.0,0.0,0.0,0.0,0.0,0.0,0.0,0.0,0.0,0.0,0.0,0.0,0.0,0.0,8.0,2.0,1.0
1668,13.90170029999998,0,8.3871,1.9897,1.8516,1.7117,0.1867,0.0027,0.005,0.0002,0.0505,0.0606,0.0021,0.0008,0.0104,0.0002,0.0012,0.0015,0.0,0.0001,0.0086,0.0011,0.0009,0.0025,0.0,0.1013,0.0211,0.0,0.0088,0.0,125.0,0.0,62.0,63.0,54.0,0.0,0.0,0.0,0.0,0.0,0.0,0.0,0.0,0.0,0.0,0.0,0.0,0.0,0.0,0.0,0.0,0.0,0.0,8.0,2.0,1.0
1669,13.91008739999998,0,8.218,1.8518,1.8184,1.7369,0.181,0.004,0.008,0.0004,0.0256,0.0406,0.0025,0.001,0.012,0.0001,0.0016,0.0021,0.0001,0.0001,0.0086,0.0015,0.0004,0.0027,0.0,0.0852,0.0206,0.0,0.0084,0.0,125.0,0.0,62.0,63.0,54.0,0.0,0.0,0.0,0.0,0.0,0.0,0.0,0.0,0.0,0.0,0.0,0.0,0.0,0.0,0.0,0.0,0.0,0.0,8.0,2.0,1.0
1670,13.91830539999998,0,8.3676,1.7157,1.7762,1.7911,0.1702,0.0027,0.0065,0.0003,0.0401,0.0517,0.0023,0.0006,0.0101,0.0001,0.0018,0.0014,0.0001,0.0001,0.0078,0.0014,0.0005,0.0027,0.0,0.0908,0.0185,0.0,0.0098,0.0,125.0,0.0,62.0,63.0,54.0,0.0,0.0,0.0,0.0,0.0,0.0,0.0,0.0,0.0,0.0,0.0,0.0,0.0,0.0,0.0,0.0,0.0,0.0,8.0,2.0,1.0
1671,13.92667299999998,0,8.3114,2.1114,1.6918,1.8006,0.1612,0.0025,0.0044,0.0002,0.0327,0.0419,0.0018,0.0006,0.0099,0.0001,0.0015,0.0021,0.0001,0.0001,0.0085,0.0009,0.0004,0.0023,0.0,0.0797,0.0181,0.0001,0.0101,0.0,125.0,0.0,62.0,63.0,54.0,0.0,0.0,0.0,0.0,0.0,0.0,0.0,0.0,0.0,0.0,0.0,0.0,0.0,0.0,0.0,0.0,0.0,0.0,8.0,2.0,1.0
1672,13.93498439999998,0,8.4749,1.7943,1.9061,1.7599,0.1781,0.0033,0.007,0.0003,0.0374,0.0503,0.0028,0.0007,0.0107,0.0001,0.0015,0.0014,0.0001,0.0001,0.0084,0.0013,0.0004,0.0033,0.0,0.0906,0.0182,0.0002,0.0091,0.0,125.0,0.0,62.0,63.0,54.0,0.0,0.0,0.0,0.0,0.0,0.0,0.0,0.0,0.0,0.0,0.0,0.0,0.0,0.0,0.0,0.0,0.0,0.0,8.0,2.0,1.0
1673,13.94345929999998,0,8.2166,1.7372,1.7651,1.6939,0.1649,0.0028,0.0069,0.0002,0.027,0.0397,0.0027,0.0008,0.0107,0.0001,0.0014,0.0017,0.0,0.0001,0.0081,0.0016,0.0005,0.0027,0.0,0.0801,0.0181,0.0,0.0077,0.0,125.0,0.0,62.0,63.0,54.0,0.0,0.0,0.0,0.0,0.0,0.0,0.0,0.0,0.0,0.0,0.0,0.0,0.0,0.0,0.0,0.0,0.0,0.0,8.0,2.0,1.0
1674,13.95167589999998,0,8.3674,1.8036,1.8877,1.6482,0.1659,0.0028,0.0062,0.0003,0.0329,0.0448,0.0021,0.0008,0.01,0.0002,0.0019,0.0014,0.0001,0.0001,0.008,0.0014,0.0005,0.0024,0.0,0.0825,0.0174,0.0001,0.008,0.0,125.0,0.0,62.0,63.0,54.0,0.0,0.0,0.0,0.0,0.0,0.0,0.0,0.0,0.0,0.0,0.0,0.0,0.0,0.0,0.0,0.0,0.0,0.0,8.0,2.0,1.0
1675,13.96004329999998,0,8.3702,1.8472,1.8153,1.6245,0.1578,0.0035,0.0063,0.0002,0.0249,0.0371,0.002,0.0008,0.0097,0.0002,0.0021,0.0013,0.0001,0.0001,0.0082,0.0011,0.0004,0.0027,0.0001,0.0757,0.02,0.0001,0.0088,0.0,125.0,0.0,62.0,63.0,56.0,0.0,0.0,0.0,0.0,0.0,0.0,0.0,0.0,0.0,0.0,0.0,0.0,0.0,0.0,0.0,0.0,0.0,0.0,8.0,2.0,1.0
1676,13.96841349999998,0,8.2973,1.8178,1.8771,1.6817,0.179,0.0037,0.0068,0.0002,0.0334,0.0467,0.0023,0.0007,0.0105,0.0001,0.0012,0.0018,0.0001,0.0001,0.0086,0.0012,0.001,0.0028,0.0001,0.0891,0.022,0.0001,0.0095,0.0,125.0,0.0,62.0,63.0,54.0,0.0,0.0,0.0,0.0,0.0,0.0,0.0,0.0,0.0,0.0,0.0,0.0,0.0,0.0,0.0,0.0,0.0,0.0,8.0,2.0,1.0
1677,13.97671079999998,0,8.4606,1.8249,1.6947,1.5693,0.1658,0.0027,0.0051,0.0002,0.0318,0.0421,0.0025,0.0008,0.0129,0.0002,0.0014,0.0021,0.0001,0.0002,0.0085,0.0014,0.0004,0.0026,0.0,0.0852,0.0195,0.0001,0.0079,0.0,125.0,0.0,62.0,63.0,54.0,0.0,0.0,0.0,0.0,0.0,0.0,0.0,0.0,0.0,0.0,0.0,0.0,0.0,0.0,0.0,0.0,0.0,0.0,8.0,2.0,1.0
1678,13.98517139999998,0,8.2254,1.8133,2.0687,1.7121,0.1953,0.003,0.0072,0.0003,0.0423,0.0551,0.0024,0.0008,0.0124,0.0002,0.0014,0.0021,0.0001,0.0002,0.0083,0.0018,0.0005,0.0028,0.0,0.0994,0.0236,0.0001,0.0084,0.0,125.0,0.0,62.0,63.0,54.0,0.0,0.0,0.0,0.0,0.0,0.0,0.0,0.0,0.0,0.0,0.0,0.0,0.0,0.0,0.0,0.0,0.0,0.0,8.0,2.0,1.0
1679,13.99339679999998,0,8.3365,1.7964,1.8011,1.6495,0.1703,0.0031,0.0077,0.0003,0.0253,0.039,0.0022,0.0009,0.0108,0.0001,0.0014,0.0013,0.0001,0.0002,0.0088,0.0012,0.0005,0.0026,0.0001,0.0807,0.0183,0.0001,0.0099,0.0,125.0,0.0,62.0,63.0,56.0,0.0,0.0,0.0,0.0,0.0,0.0,0.0,0.0,0.0,0.0,0.0,0.0,0.0,0.0,0.0,0.0,0.0,0.0,8.0,2.0,1.0
1680,14.00173329999998,0,8.2761,1.7566,1.786,1.8227,0.1664,0.0044,0.0077,0.0002,0.025,0.0395,0.002,0.0007,0.0102,0.0001,0.0013,0.002,0.0001,0.0001,0.009,0.0012,0.0005,0.0027,0.0001,0.0797,0.0181,0.0001,0.009,0.0,125.0,0.0,62.0,63.0,58.0,0.0,0.0,0.0,0.0,0.0,0.0,0.0,0.0,0.0,0.0,0.0,0.0,0.0,0.0,0.0,0.0,0.0,0.0,8.0,2.0,1.0
1681,14.01000939999998,0,8.3353,1.7313,1.7982,1.5963,0.1733,0.0038,0.0069,0.0003,0.028,0.0423,0.0025,0.0012,0.0112,0.0001,0.0017,0.0012,0.0001,0.0001,0.0091,0.0013,0.0005,0.0028,0.0,0.0832,0.0205,0.0001,0.0097,0.0,125.0,0.0,62.0,63.0,58.0,0.0,0.0,0.0,0.0,0.0,0.0,0.0,0.0,0.0,0.0,0.0,0.0,0.0,0.0,0.0,0.0,0.0,0.0,8.0,2.0,1.0
1682,14.01834469999998,0,8.2303,1.8486,1.6925,1.6357,0.1654,0.003,0.0072,0.0009,0.0315,0.0452,0.002,0.0007,0.009,0.0002,0.0014,0.0016,0.0,0.0002,0.0084,0.0012,0.0004,0.0027,0.0,0.0831,0.0175,0.0001,0.0092,0.0,125.0,0.0,62.0,63.0,58.0,0.0,0.0,0.0,0.0,0.0,0.0,0.0,0.0,0.0,0.0,0.0,0.0,0.0,0.0,0.0,0.0,0.0,0.0,8.0,2.0,1.0
1683,14.02657499999998,0,8.5056,1.7053,1.819,1.6153,0.179,0.0027,0.0048,0.0002,0.0353,0.046,0.0029,0.0008,0.0125,0.0001,0.0017,0.0018,0.0001,0.0001,0.0087,0.0012,0.0006,0.0027,0.0001,0.09,0.0216,0.0,0.0096,0.0,125.0,0.0,62.0,63.0,58.0,0.0,0.0,0.0,0.0,0.0,0.0,0.0,0.0,0.0,0.0,0.0,0.0,0.0,0.0,0.0,0.0,0.0,0.0,8.0,2.0,1.0
1684,14.03508059999998,0,8.1674,1.801,1.7394,1.692,0.1612,0.0027,0.0048,0.0002,0.0365,0.0462,0.0026,0.0007,0.0098,0.0002,0.0013,0.0017,0.0001,0.0001,0.0084,0.001,0.0009,0.0024,0.0,0.0846,0.0195,0.0,0.0098,0.0,125.0,0.0,62.0,63.0,58.0,0.0,0.0,0.0,0.0,0.0,0.0,0.0,0.0,0.0,0.0,0.0,0.0,0.0,0.0,0.0,0.0,0.0,0.0,8.0,2.0,1.0
1685,14.043247999999979,0,8.3785,1.8213,1.7395,1.6557,0.1727,0.0035,0.0075,0.0002,0.0279,0.0413,0.0023,0.0008,0.0101,0.0001,0.0017,0.002,0.0,0.0001,0.0089,0.0015,0.0005,0.0029,0.0001,0.0831,0.0184,0.0001,0.0094,0.0,125.0,0.0,62.0,63.0,58.0,0.0,0.0,0.0,0.0,0.0,0.0,0.0,0.0,0.0,0.0,0.0,0.0,0.0,0.0,0.0,0.0,0.0,0.0,8.0,2.0,1.0
1686,14.051626499999978,0,8.3687,2.2602,1.7346,1.6446,0.1806,0.0025,0.0053,0.0003,0.0421,0.0525,0.0024,0.0008,0.0116,0.0002,0.0019,0.0014,0.0001,0.0001,0.0092,0.0011,0.0005,0.0029,0.0,0.0964,0.0202,0.0,0.0102,0.0,125.0,0.0,62.0,63.0,58.0,0.0,0.0,0.0,0.0,0.0,0.0,0.0,0.0,0.0,0.0,0.0,0.0,0.0,0.0,0.0,0.0,0.0,0.0,8.0,2.0,1.0
1687,14.059995199999978,0,8.3657,1.8128,1.7943,1.5121,0.1689,0.0031,0.0071,0.0001,0.0315,0.0439,0.0023,0.0008,0.0099,0.0002,0.0017,0.0014,0.0001,0.0001,0.0085,0.0012,0.0004,0.0027,0.0,0.0845,0.0185,0.0001,0.0104,0.0,125.0,0.0,62.0,63.0,58.0,0.0,0.0,0.0,0.0,0.0,0.0,0.0,0.0,0.0,0.0,0.0,0.0,0.0,0.0,0.0,0.0,0.0,0.0,8.0,2.0,1.0
1688,14.068360899999979,0,8.404,1.752,1.8274,1.6437,0.1677,0.0028,0.0064,0.0002,0.0356,0.0475,0.0023,0.0006,0.0099,0.0001,0.0019,0.0013,0.0,0.0001,0.0084,0.0009,0.0004,0.0024,0.0001,0.0867,0.0165,0.0,0.0084,0.0,125.0,0.0,62.0,63.0,58.0,0.0,0.0,0.0,0.0,0.0,0.0,0.0,0.0,0.0,0.0,0.0,0.0,0.0,0.0,0.0,0.0,0.0,0.0,8.0,2.0,1.0
1689,14.07676489999998,0,8.2261,1.7092,1.7523,1.6586,0.1734,0.004,0.0069,0.0001,0.0278,0.0417,0.0025,0.0007,0.0105,0.0001,0.0014,0.0018,0.0001,0.0001,0.0089,0.0012,0.0005,0.0028,0.0,0.0829,0.0196,0.0001,0.0092,0.0,125.0,0.0,62.0,63.0,58.0,0.0,0.0,0.0,0.0,0.0,0.0,0.0,0.0,0.0,0.0,0.0,0.0,0.0,0.0,0.0,0.0,0.0,0.0,8.0,2.0,1.0
1690,14.08499099999998,0,8.2688,1.6646,1.7454,1.6829,0.1596,0.0026,0.0049,0.0002,0.0362,0.0462,0.0021,0.0007,0.0109,0.0001,0.0013,0.0013,0.0,0.0001,0.0079,0.0015,0.0004,0.0023,0.0001,0.0844,0.0164,0.0001,0.009,0.0,125.0,0.0,62.0,63.0,58.0,0.0,0.0,0.0,0.0,0.0,0.0,0.0,0.0,0.0,0.0,0.0,0.0,0.0,0.0,0.0,0.0,0.0,0.0,8.0,2.0,1.0
1691,14.093259799999979,0,8.4015,1.7077,1.7492,1.6126,0.1644,0.0027,0.0079,0.0002,0.0268,0.0398,0.0021,0.0007,0.0103,0.0001,0.002,0.0014,0.0001,0.0001,0.008,0.0015,0.0004,0.0028,0.0,0.0783,0.0196,0.0001,0.0097,0.0,125.0,0.0,62.0,63.0,58.0,0.0,0.0,0.0,0.0,0.0,0.0,0.0,0.0,0.0,0.0,0.0,0.0,0.0,0.0,0.0,0.0,0.0,0.0,8.0,2.0,1.0
1692,14.101661299999979,0,8.3086,1.7606,1.7469,1.6097,0.1657,0.0037,0.0052,0.0002,0.0332,0.045,0.0019,0.0006,0.0094,0.0001,0.0015,0.0014,0.0001,0.0001,0.008,0.001,0.0004,0.0023,0.0,0.0815,0.0179,0.0001,0.0088,0.0,125.0,0.0,62.0,63.0,58.0,0.0,0.0,0.0,0.0,0.0,0.0,0.0,0.0,0.0,0.0,0.0,0.0,0.0,0.0,0.0,0.0,0.0,0.0,8.0,2.0,1.0
1693,14.109969899999978,0,8.3107,1.6633,1.7318,1.574,0.1701,0.0031,0.008,0.0003,0.0279,0.0419,0.0023,0.0008,0.0113,0.0002,0.0015,0.0015,0.0,0.0002,0.0086,0.0012,0.0005,0.0028,0.0001,0.0843,0.0189,0.0,0.0082,0.0,125.0,0.0,62.0,63.0,58.0,0.0,0.0,0.0,0.0,0.0,0.0,0.0,0.0,0.0,0.0,0.0,0.0,0.0,0.0,0.0,0.0,0.0,0.0,8.0,2.0,1.0
1694,14.118280599999977,0,8.4501,1.7773,1.8249,1.5799,0.1718,0.0034,0.0055,0.0001,0.0365,0.0476,0.002,0.0007,0.0104,0.0002,0.0014,0.0015,0.0,0.0001,0.0079,0.0012,0.0005,0.0028,0.0,0.0861,0.0181,0.0001,0.009,0.0,125.0,0.0,62.0,63.0,58.0,0.0,0.0,0.0,0.0,0.0,0.0,0.0,0.0,0.0,0.0,0.0,0.0,0.0,0.0,0.0,0.0,0.0,0.0,8.0,2.0,1.0
1695,14.126730699999976,0,8.2514,1.7737,1.7075,1.6685,0.1498,0.0031,0.0059,0.0001,0.0254,0.0364,0.0019,0.0006,0.0085,0.0006,0.0014,0.0012,0.0001,0.0001,0.0084,0.0011,0.0004,0.0024,0.0,0.0731,0.0158,0.0,0.0096,0.0,125.0,0.0,62.0,63.0,58.0,0.0,0.0,0.0,0.0,0.0,0.0,0.0,0.0,0.0,0.0,0.0,0.0,0.0,0.0,0.0,0.0,0.0,0.0,8.0,2.0,1.0
1696,14.134982099999977,0,8.3397,1.7154,1.774,1.6857,0.1704,0.0026,0.0049,0.0001,0.0349,0.0446,0.0022,0.0007,0.0105,0.0001,0.002,0.0014,0.0001,0.0001,0.0086,0.0014,0.001,0.0027,0.0001,0.086,0.022,0.0,0.0094,0.0,125.0,0.0,62.0,63.0,58.0,0.0,0.0,0.0,0.0,0.0,0.0,0.0,0.0,0.0,0.0,0.0,0.0,0.0,0.0,0.0,0.0,0.0,0.0,8.0,2.0,1.0
1697,14.143321799999978,0,8.3096,1.8421,1.7964,1.6083,0.1702,0.0034,0.0078,0.0002,0.0248,0.0388,0.0025,0.0008,0.01,0.0002,0.0015,0.0017,0.0001,0.0001,0.0081,0.0018,0.0005,0.0029,0.0,0.078,0.0186,0.0,0.0105,0.0,125.0,0.0,62.0,63.0,58.0,0.0,0.0,0.0,0.0,0.0,0.0,0.0,0.0,0.0,0.0,0.0,0.0,0.0,0.0,0.0,0.0,0.0,0.0,8.0,2.0,1.0
1698,14.151631399999978,0,8.6242,1.8505,1.8653,1.6289,0.1759,0.003,0.0061,0.0003,0.0398,0.0513,0.002,0.0008,0.0088,0.0002,0.0013,0.0017,0.0001,0.0001,0.0085,0.0014,0.0004,0.0026,0.0,0.0894,0.0186,0.0001,0.0098,0.0,125.0,0.0,62.0,63.0,58.0,0.0,0.0,0.0,0.0,0.0,0.0,0.0,0.0,0.0,0.0,0.0,0.0,0.0,0.0,0.0,0.0,0.0,0.0,8.0,2.0,1.0
1699,14.160255599999978,0,8.1723,1.8436,1.9768,1.712,0.1689,0.0029,0.0073,0.0003,0.0272,0.0397,0.0021,0.0009,0.0105,0.0002,0.0013,0.0018,0.0,0.0001,0.0082,0.0012,0.0005,0.0029,0.0,0.0804,0.0191,0.0,0.0101,0.0,125.0,0.0,62.0,63.0,60.0,0.0,0.0,0.0,0.0,0.0,0.0,0.0,0.0,0.0,0.0,0.0,0.0,0.0,0.0,0.0,0.0,0.0,0.0,8.0,2.0,1.0
1700,14.168427899999978,0,8.3303,1.6955,1.8838,1.6827,0.2059,0.003,0.0057,0.0002,0.0487,0.0598,0.0028,0.001,0.0115,0.0002,0.0017,0.0015,0.0001,0.0001,0.0086,0.0013,0.0005,0.0031,0.0,0.103,0.0327,0.0,0.0089,0.0,125.0,0.0,62.0,63.0,60.0,0.0,0.0,0.0,0.0,0.0,0.0,0.0,0.0,0.0,0.0,0.0,0.0,0.0,0.0,0.0,0.0,0.0,0.0,8.0,2.0,1.0
1701,14.176758199999979,0,8.1448,1.8674,1.7192,1.5807,0.163,0.0042,0.0051,0.0002,0.0284,0.0405,0.002,0.0006,0.0107,0.0001,0.0019,0.0015,0.0,0.0001,0.0087,0.001,0.0004,0.0024,0.0001,0.0808,0.019,0.0001,0.0091,0.0,125.0,0.0,62.0,63.0,60.0,0.0,0.0,0.0,0.0,0.0,0.0,0.0,0.0,0.0,0.0,0.0,0.0,0.0,0.0,0.0,0.0,0.0,0.0,8.0,2.0,1.0
1702,14.184902999999979,0,8.4056,1.8598,1.7178,1.6505,0.1656,0.0032,0.007,0.0002,0.0343,0.0467,0.0026,0.0007,0.0092,0.0001,0.002,0.0014,0.0,0.0001,0.0083,0.0012,0.0005,0.0029,0.0,0.0871,0.0184,0.0,0.0092,0.0,125.0,0.0,62.0,63.0,60.0,0.0,0.0,0.0,0.0,0.0,0.0,0.0,0.0,0.0,0.0,0.0,0.0,0.0,0.0,0.0,0.0,0.0,0.0,8.0,2.0,1.0
1703,14.193308599999979,0,8.3556,1.7895,1.7445,1.6097,0.1723,0.0031,0.0069,0.0002,0.0288,0.0412,0.0026,0.0007,0.0104,0.0001,0.0022,0.0014,0.0,0.0001,0.0087,0.0013,0.0005,0.0027,0.0,0.0822,0.0196,0.0001,0.0097,0.0,125.0,0.0,62.0,63.0,60.0,0.0,0.0,0.0,0.0,0.0,0.0,0.0,0.0,0.0,0.0,0.0,0.0,0.0,0.0,0.0,0.0,0.0,0.0,8.0,2.0,1.0
1704,14.201664199999978,0,8.2786,1.7234,1.744,1.6698,0.1763,0.0025,0.0061,0.0002,0.039,0.0505,0.0025,0.0009,0.0112,0.0001,0.0014,0.0015,0.0001,0.0001,0.0085,0.0014,0.001,0.0028,0.0,0.0927,0.0203,0.0,0.0088,0.0,125.0,0.0,62.0,63.0,60.0,0.0,0.0,0.0,0.0,0.0,0.0,0.0,0.0,0.0,0.0,0.0,0.0,0.0,0.0,0.0,0.0,0.0,0.0,8.0,2.0,1.0
1705,14.209942799999979,0,8.3052,1.7654,1.6698,1.5693,0.1627,0.0036,0.005,0.0001,0.0296,0.0405,0.0024,0.0008,0.0089,0.0002,0.0015,0.002,0.0,0.0001,0.0089,0.0012,0.0004,0.0027,0.0001,0.0819,0.0204,0.0,0.01,0.0,125.0,0.0,62.0,63.0,60.0,0.0,0.0,0.0,0.0,0.0,0.0,0.0,0.0,0.0,0.0,0.0,0.0,0.0,0.0,0.0,0.0,0.0,0.0,8.0,2.0,1.0
1706,14.21824799999998,0,8.3772,1.7661,1.7315,1.7753,0.1772,0.0031,0.0069,0.0002,0.0392,0.0518,0.0022,0.0009,0.0104,0.0001,0.0015,0.0014,0.0,0.0001,0.0087,0.0012,0.0005,0.0029,0.0,0.0919,0.0198,0.0001,0.0087,0.0,125.0,0.0,62.0,63.0,60.0,0.0,0.0,0.0,0.0,0.0,0.0,0.0,0.0,0.0,0.0,0.0,0.0,0.0,0.0,0.0,0.0,0.0,0.0,8.0,2.0,1.0
1707,14.22662519999998,0,8.3476,1.8288,1.6939,1.505,0.1545,0.0037,0.0071,0.0002,0.0264,0.0393,0.0019,0.0006,0.0083,0.0002,0.002,0.0015,0.0,0.0002,0.0089,0.001,0.0004,0.0024,0.0,0.0761,0.0167,0.0,0.0091,0.0,125.0,0.0,62.0,63.0,60.0,0.0,0.0,0.0,0.0,0.0,0.0,0.0,0.0,0.0,0.0,0.0,0.0,0.0,0.0,0.0,0.0,0.0,0.0,8.0,2.0,1.0
1708,14.23497279999998,0,8.3042,1.8424,1.7723,1.6058,0.1555,0.0037,0.0071,0.0002,0.0309,0.0438,0.0019,0.0006,0.0084,0.0001,0.0012,0.0018,0.0001,0.0001,0.0077,0.0011,0.0005,0.0023,0.0,0.0789,0.0207,0.0001,0.0101,0.0,125.0,0.0,62.0,63.0,60.0,0.0,0.0,0.0,0.0,0.0,0.0,0.0,0.0,0.0,0.0,0.0,0.0,0.0,0.0,0.0,0.0,0.0,0.0,8.0,2.0,1.0
1709,14.24327699999998,0,8.4401,1.798,1.7607,1.5996,0.1736,0.0031,0.0077,0.0002,0.0283,0.0418,0.0023,0.0008,0.0098,0.0001,0.0016,0.0016,0.0,0.0001,0.0089,0.0013,0.0009,0.0029,0.0,0.0826,0.0188,0.0,0.0095,0.0,125.0,0.0,62.0,63.0,60.0,0.0,0.0,0.0,0.0,0.0,0.0,0.0,0.0,0.0,0.0,0.0,0.0,0.0,0.0,0.0,0.0,0.0,0.0,8.0,2.0,1.0
1710,14.25171709999998,0,8.2271,1.8259,1.7387,1.6092,0.1535,0.0026,0.006,0.0001,0.0333,0.0443,0.0018,0.0005,0.0086,0.0002,0.0017,0.0014,0.0,0.0001,0.0075,0.0017,0.0005,0.0023,0.0,0.0782,0.0166,0.0,0.0101,0.0,125.0,0.0,62.0,63.0,60.0,0.0,0.0,0.0,0.0,0.0,0.0,0.0,0.0,0.0,0.0,0.0,0.0,0.0,0.0,0.0,0.0,0.0,0.0,8.0,2.0,1.0
1711,14.259944199999978,0,8.6484,1.6783,2.0026,1.5176,0.1774,0.0028,0.0074,0.0004,0.0277,0.0412,0.0023,0.0009,0.0105,0.0002,0.0018,0.0018,0.0001,0.0001,0.0094,0.0013,0.0005,0.0027,0.0,0.0832,0.0203,0.0002,0.0111,0.0,125.0,0.0,62.0,63.0,60.0,0.0,0.0,0.0,0.0,0.0,0.0,0.0,0.0,0.0,0.0,0.0,0.0,0.0,0.0,0.0,0.0,0.0,0.0,8.0,2.0,1.0
1712,14.268592599999979,0,8.1137,1.7863,1.795,1.7087,0.1727,0.0032,0.0071,0.0003,0.0354,0.0479,0.0022,0.0007,0.0111,0.0001,0.0014,0.0014,0.0001,0.0001,0.008,0.0013,0.0005,0.0027,0.0,0.088,0.0173,0.0,0.0098,0.0,125.0,0.0,62.0,63.0,60.0,0.0,0.0,0.0,0.0,0.0,0.0,0.0,0.0,0.0,0.0,0.0,0.0,0.0,0.0,0.0,0.0,0.0,0.0,8.0,2.0,1.0
1713,14.276706299999978,0,8.4821,1.8643,1.9378,1.5999,0.1678,0.0029,0.0057,0.0002,0.0304,0.0422,0.0022,0.0008,0.0093,0.0001,0.0014,0.0017,0.0001,0.0001,0.0082,0.0014,0.0005,0.0028,0.0001,0.0821,0.0187,0.0001,0.0106,0.0,125.0,0.0,62.0,63.0,60.0,0.0,0.0,0.0,0.0,0.0,0.0,0.0,0.0,0.0,0.0,0.0,0.0,0.0,0.0,0.0,0.0,0.0,0.0,8.0,2.0,1.0
1714,14.285188399999978,0,8.1771,1.76,1.8321,1.6737,0.1902,0.0036,0.0069,0.0002,0.0418,0.0552,0.0025,0.0007,0.0102,0.0002,0.0015,0.002,0.0,0.0001,0.0086,0.0015,0.0005,0.0028,0.0,0.1004,0.0214,0.0001,0.0083,0.0,125.0,0.0,62.0,63.0,58.0,0.0,0.0,0.0,0.0,0.0,0.0,0.0,0.0,0.0,0.0,0.0,0.0,0.0,0.0,0.0,0.0,0.0,0.0,8.0,2.0,1.0
1715,14.293365499999977,0,8.38,1.6988,1.8577,1.7317,0.1858,0.0033,0.0077,0.0002,0.0298,0.0436,0.0021,0.0008,0.0098,0.0001,0.0018,0.0019,0.0001,0.0001,0.009,0.0013,0.0004,0.0028,0.0,0.0867,0.0227,0.0001,0.0085,0.0,125.0,0.0,62.0,63.0,56.0,0.0,0.0,0.0,0.0,0.0,0.0,0.0,0.0,0.0,0.0,0.0,0.0,0.0,0.0,0.0,0.0,0.0,0.0,8.0,2.0,1.0
1716,14.301745499999978,0,8.2975,1.9024,1.7316,1.7927,0.1708,0.0027,0.0048,0.0003,0.0399,0.0494,0.0023,0.0008,0.011,0.0002,0.0016,0.002,0.0001,0.0001,0.0085,0.0013,0.0004,0.0028,0.0,0.0912,0.0184,0.0,0.0082,0.0,125.0,0.0,62.0,63.0,56.0,0.0,0.0,0.0,0.0,0.0,0.0,0.0,0.0,0.0,0.0,0.0,0.0,0.0,0.0,0.0,0.0,0.0,0.0,8.0,2.0,1.0
1717,14.310042999999977,0,8.3064,1.6779,1.831,1.6256,0.1617,0.0027,0.0067,0.0003,0.0281,0.0417,0.0022,0.0007,0.0089,0.0001,0.0014,0.0019,0.0001,0.0002,0.0084,0.0016,0.0004,0.0024,0.0001,0.0802,0.0179,0.0001,0.0083,0.0,125.0,0.0,62.0,63.0,56.0,0.0,0.0,0.0,0.0,0.0,0.0,0.0,0.0,0.0,0.0,0.0,0.0,0.0,0.0,0.0,0.0,0.0,0.0,8.0,2.0,1.0
1718,14.318349399999978,0,8.4434,1.7923,1.8211,1.6302,0.1604,0.0032,0.0076,0.0002,0.0273,0.0404,0.0024,0.0006,0.0094,0.0001,0.0015,0.0017,0.0001,0.0001,0.0085,0.0013,0.0004,0.0026,0.0001,0.0797,0.0186,0.0001,0.0099,0.0,125.0,0.0,62.0,63.0,56.0,0.0,0.0,0.0,0.0,0.0,0.0,0.0,0.0,0.0,0.0,0.0,0.0,0.0,0.0,0.0,0.0,0.0,0.0,8.0,2.0,1.0
1719,14.326792799999978,0,8.2032,1.7887,1.8594,1.7789,0.175,0.0031,0.0064,0.0001,0.0265,0.0384,0.0024,0.0007,0.0094,0.0001,0.0015,0.0015,0.0,0.0001,0.008,0.0011,0.0004,0.0026,0.0,0.0748,0.0167,0.0001,0.0092,0.0,125.0,0.0,62.0,63.0,56.0,0.0,0.0,0.0,0.0,0.0,0.0,0.0,0.0,0.0,0.0,0.0,0.0,0.0,0.0,0.0,0.0,0.0,0.0,8.0,2.0,1.0
1720,14.334995999999979,0,8.3426,1.7995,1.7884,1.5848,0.1904,0.0048,0.0105,0.0002,0.0279,0.0464,0.0025,0.0009,0.011,0.0002,0.0019,0.0016,0.0,0.0001,0.0094,0.0012,0.0004,0.0028,0.0,0.0897,0.0239,0.0001,0.0082,0.0,125.0,0.0,62.0,63.0,56.0,0.0,0.0,0.0,0.0,0.0,0.0,0.0,0.0,0.0,0.0,0.0,0.0,0.0,0.0,0.0,0.0,0.0,0.0,8.0,2.0,1.0
1721,14.34333859999998,0,8.3251,1.8183,1.6684,1.5952,0.1678,0.0044,0.0071,0.0002,0.0295,0.0432,0.0026,0.0006,0.0099,0.0001,0.0013,0.0013,0.0001,0.0002,0.009,0.0018,0.0004,0.0027,0.0,0.0829,0.0211,0.0001,0.0075,0.0,125.0,0.0,62.0,63.0,56.0,0.0,0.0,0.0,0.0,0.0,0.0,0.0,0.0,0.0,0.0,0.0,0.0,0.0,0.0,0.0,0.0,0.0,0.0,8.0,2.0,1.0
1722,14.35166369999998,0,8.3125,1.6855,1.8118,1.6466,0.1799,0.003,0.0051,0.0002,0.0461,0.0563,0.0027,0.0008,0.0114,0.0002,0.0015,0.0014,0.0001,0.0001,0.0088,0.0014,0.0009,0.0029,0.0,0.0992,0.0189,0.0,0.0087,0.0,125.0,0.0,62.0,63.0,56.0,0.0,0.0,0.0,0.0,0.0,0.0,0.0,0.0,0.0,0.0,0.0,0.0,0.0,0.0,0.0,0.0,0.0,0.0,8.0,2.0,1.0
1723,14.35997619999998,0,8.3371,1.7549,1.7255,1.5154,0.1592,0.0029,0.0062,0.0002,0.0272,0.0391,0.0024,0.0006,0.0089,0.0001,0.0015,0.0014,0.0001,0.0001,0.0086,0.0012,0.0005,0.0029,0.0,0.0773,0.019,0.0,0.008,0.0,125.0,0.0,62.0,63.0,56.0,0.0,0.0,0.0,0.0,0.0,0.0,0.0,0.0,0.0,0.0,0.0,0.0,0.0,0.0,0.0,0.0,0.0,0.0,8.0,2.0,1.0
1724,14.368313299999981,0,8.4194,1.7393,1.852,1.6647,0.1838,0.0049,0.0075,0.0002,0.037,0.0516,0.0022,0.0006,0.0096,0.0002,0.0013,0.0014,0.0002,0.0001,0.0087,0.0014,0.0009,0.0028,0.0,0.0923,0.021,0.0,0.0092,0.0,125.0,0.0,62.0,63.0,56.0,0.0,0.0,0.0,0.0,0.0,0.0,0.0,0.0,0.0,0.0,0.0,0.0,0.0,0.0,0.0,0.0,0.0,0.0,8.0,2.0,1.0
1725,14.37673269999998,0,8.2788,1.704,1.7315,1.5666,0.162,0.0028,0.006,0.0003,0.0285,0.0396,0.0025,0.0007,0.0114,0.0001,0.0015,0.0019,0.0001,0.0002,0.0086,0.0016,0.0005,0.0027,0.0001,0.0814,0.0207,0.0001,0.0097,0.0,125.0,0.0,62.0,63.0,56.0,0.0,0.0,0.0,0.0,0.0,0.0,0.0,0.0,0.0,0.0,0.0,0.0,0.0,0.0,0.0,0.0,0.0,0.0,8.0,2.0,1.0
1726,14.38501149999998,0,8.2801,1.6422,1.8022,1.6091,0.1843,0.004,0.0074,0.0002,0.0407,0.0549,0.0023,0.0013,0.011,0.0001,0.0014,0.0015,0.0,0.0001,0.0086,0.0013,0.001,0.0028,0.0,0.0963,0.0199,0.0001,0.0095,0.0,125.0,0.0,62.0,63.0,56.0,0.0,0.0,0.0,0.0,0.0,0.0,0.0,0.0,0.0,0.0,0.0,0.0,0.0,0.0,0.0,0.0,0.0,0.0,8.0,2.0,1.0
1727,14.39329159999998,0,8.3012,1.7083,1.6697,1.6175,0.1747,0.0041,0.0073,0.0001,0.0292,0.043,0.0025,0.001,0.0103,0.0001,0.0014,0.0019,0.0001,0.0002,0.0085,0.0021,0.0005,0.0026,0.0,0.0839,0.0211,0.0001,0.0101,0.0,125.0,0.0,62.0,63.0,56.0,0.0,0.0,0.0,0.0,0.0,0.0,0.0,0.0,0.0,0.0,0.0,0.0,0.0,0.0,0.0,0.0,0.0,0.0,8.0,2.0,1.0
1728,14.40159279999998,0,8.4597,1.7813,1.7834,1.6935,0.1717,0.0031,0.006,0.0001,0.0399,0.0518,0.0023,0.0009,0.01,0.0002,0.0014,0.002,0.0,0.0002,0.0082,0.0012,0.0008,0.0024,0.0,0.0909,0.0167,0.0,0.0085,0.0,125.0,0.0,62.0,63.0,56.0,0.0,0.0,0.0,0.0,0.0,0.0,0.0,0.0,0.0,0.0,0.0,0.0,0.0,0.0,0.0,0.0,0.0,0.0,8.0,2.0,1.0
1729,14.41005249999998,0,8.4047,1.7606,1.8134,1.6066,0.1718,0.0038,0.0058,0.0002,0.0338,0.046,0.0022,0.0007,0.0089,0.0001,0.002,0.0016,0.0001,0.0001,0.0082,0.0012,0.0005,0.0024,0.0,0.0828,0.0176,0.0,0.0097,0.0,125.0,0.0,62.0,63.0,56.0,0.0,0.0,0.0,0.0,0.0,0.0,0.0,0.0,0.0,0.0,0.0,0.0,0.0,0.0,0.0,0.0,0.0,0.0,8.0,2.0,1.0
1730,14.41845719999998,0,8.2963,1.7697,1.9054,1.7545,0.1645,0.0027,0.0062,0.0001,0.0318,0.0437,0.0024,0.0007,0.0091,0.0001,0.0016,0.0021,0.0001,0.0001,0.0081,0.0015,0.0005,0.0025,0.0001,0.0814,0.0175,0.0,0.0072,0.0,125.0,0.0,62.0,63.0,56.0,0.0,0.0,0.0,0.0,0.0,0.0,0.0,0.0,0.0,0.0,0.0,0.0,0.0,0.0,0.0,0.0,0.0,0.0,8.0,2.0,1.0
1731,14.426753499999979,0,8.368,1.7961,1.8458,1.7057,0.1957,0.0045,0.0062,0.0001,0.0428,0.0566,0.0024,0.0008,0.0092,0.0001,0.0021,0.0015,0.0001,0.0002,0.0096,0.0018,0.0005,0.0029,0.0,0.0992,0.0242,0.0001,0.0081,0.0,125.0,0.0,62.0,63.0,56.0,0.0,0.0,0.0,0.0,0.0,0.0,0.0,0.0,0.0,0.0,0.0,0.0,0.0,0.0,0.0,0.0,0.0,0.0,8.0,2.0,1.0
1732,14.43512149999998,0,8.1586,1.8733,1.7907,1.6611,0.1794,0.0028,0.0047,0.0002,0.0446,0.0543,0.0026,0.0008,0.0106,0.0001,0.0015,0.002,0.0001,0.0001,0.0087,0.0017,0.0005,0.0028,0.0,0.0965,0.0195,0.0001,0.0079,0.0,125.0,0.0,62.0,63.0,56.0,0.0,0.0,0.0,0.0,0.0,0.0,0.0,0.0,0.0,0.0,0.0,0.0,0.0,0.0,0.0,0.0,0.0,0.0,8.0,2.0,1.0
1733,14.44328009999998,0,8.2953,1.8101,1.6466,1.6035,0.1528,0.0044,0.0073,0.0002,0.0184,0.0322,0.0019,0.0006,0.007,0.0001,0.0013,0.0017,0.0001,0.0002,0.0085,0.0016,0.0005,0.0025,0.0001,0.0684,0.0183,0.0001,0.0088,0.0,125.0,0.0,62.0,63.0,56.0,0.0,0.0,0.0,0.0,0.0,0.0,0.0,0.0,0.0,0.0,0.0,0.0,0.0,0.0,0.0,0.0,0.0,0.0,8.0,2.0,1.0
1734,14.45157539999998,0,8.3983,1.7072,1.7195,1.6254,0.1708,0.0029,0.0071,0.0001,0.0351,0.0476,0.0025,0.0006,0.0105,0.0002,0.0021,0.0015,0.0,0.0001,0.0076,0.0013,0.0005,0.0027,0.0,0.0884,0.0172,0.0,0.0069,0.0,125.0,0.0,62.0,63.0,56.0,0.0,0.0,0.0,0.0,0.0,0.0,0.0,0.0,0.0,0.0,0.0,0.0,0.0,0.0,0.0,0.0,0.0,0.0,8.0,2.0,1.0
1735,14.45997369999998,0,8.3602,1.6802,1.7492,1.6882,0.1573,0.0027,0.0063,0.0001,0.0302,0.0412,0.0018,0.0006,0.0097,0.0002,0.0015,0.0018,0.0,0.0001,0.0085,0.0012,0.0004,0.0025,0.0,0.0791,0.0154,0.0,0.0079,0.0,125.0,0.0,62.0,63.0,56.0,0.0,0.0,0.0,0.0,0.0,0.0,0.0,0.0,0.0,0.0,0.0,0.0,0.0,0.0,0.0,0.0,0.0,0.0,8.0,2.0,1.0
1736,14.46833389999998,0,8.3802,1.706,1.8357,1.5733,0.1729,0.0034,0.0069,0.0001,0.0348,0.0482,0.0025,0.0006,0.0108,0.0002,0.0014,0.0017,0.0001,0.0001,0.0081,0.0012,0.0007,0.0023,0.0,0.0875,0.019,0.0001,0.0098,0.0,125.0,0.0,62.0,63.0,56.0,0.0,0.0,0.0,0.0,0.0,0.0,0.0,0.0,0.0,0.0,0.0,0.0,0.0,0.0,0.0,0.0,0.0,0.0,8.0,2.0,1.0
1737,14.47671409999998,0,8.3086,1.6316,1.7202,1.5554,0.1737,0.0035,0.0049,0.0001,0.0343,0.0452,0.0026,0.0006,0.0108,0.0002,0.0015,0.0016,0.0001,0.0001,0.0084,0.0013,0.0005,0.0029,0.0001,0.0878,0.0213,0.0,0.008,0.0,125.0,0.0,62.0,63.0,56.0,0.0,0.0,0.0,0.0,0.0,0.0,0.0,0.0,0.0,0.0,0.0,0.0,0.0,0.0,0.0,0.0,0.0,0.0,8.0,2.0,1.0
1738,14.485022699999979,0,8.2632,1.6672,1.7646,1.6689,0.1619,0.0027,0.0049,0.0001,0.0358,0.046,0.0019,0.0007,0.0104,0.0001,0.0017,0.0015,0.0,0.0001,0.0083,0.001,0.0004,0.0025,0.0,0.0843,0.0174,0.0,0.0086,0.0,125.0,0.0,62.0,63.0,56.0,0.0,0.0,0.0,0.0,0.0,0.0,0.0,0.0,0.0,0.0,0.0,0.0,0.0,0.0,0.0,0.0,0.0,0.0,8.0,2.0,1.0
1739,14.493285899999979,0,8.4392,1.6401,1.7965,1.6847,0.1631,0.0026,0.0055,0.0002,0.03,0.041,0.0019,0.0009,0.0095,0.0001,0.0015,0.0017,0.0001,0.0001,0.0084,0.0011,0.0004,0.0022,0.0,0.0803,0.0188,0.0001,0.0082,0.0,125.0,0.0,62.0,63.0,56.0,0.0,0.0,0.0,0.0,0.0,0.0,0.0,0.0,0.0,0.0,0.0,0.0,0.0,0.0,0.0,0.0,0.0,0.0,8.0,2.0,1.0
1740,14.501725099999978,0,8.2416,1.7921,1.7617,1.6535,0.1667,0.0026,0.0052,0.0001,0.0399,0.0503,0.002,0.0007,0.0098,0.0001,0.0019,0.0013,0.0001,0.0001,0.0096,0.0012,0.0004,0.0028,0.0001,0.0892,0.0182,0.0001,0.0094,0.0,125.0,0.0,62.0,63.0,56.0,0.0,0.0,0.0,0.0,0.0,0.0,0.0,0.0,0.0,0.0,0.0,0.0,0.0,0.0,0.0,0.0,0.0,0.0,8.0,2.0,1.0
1741,14.509966699999978,0,8.4088,1.6563,1.741,1.6737,0.1841,0.0045,0.0079,0.0002,0.0353,0.0508,0.0022,0.0008,0.0099,0.0002,0.0017,0.0021,0.0002,0.0001,0.0087,0.0012,0.0004,0.0029,0.0001,0.0924,0.0213,0.0001,0.0068,0.0,125.0,0.0,62.0,63.0,56.0,0.0,0.0,0.0,0.0,0.0,0.0,0.0,0.0,0.0,0.0,0.0,0.0,0.0,0.0,0.0,0.0,0.0,0.0,8.0,2.0,1.0
1742,14.518375499999978,0,8.2108,1.7233,1.7375,1.581,0.18,0.0038,0.0068,0.0001,0.0392,0.0531,0.0024,0.0009,0.0097,0.0001,0.0015,0.002,0.0001,0.0001,0.0085,0.0019,0.0004,0.0027,0.0,0.0928,0.0187,0.0,0.0082,0.0,125.0,0.0,62.0,63.0,56.0,0.0,0.0,0.0,0.0,0.0,0.0,0.0,0.0,0.0,0.0,0.0,0.0,0.0,0.0,0.0,0.0,0.0,0.0,8.0,2.0,1.0
1743,14.526586299999979,0,8.4861,1.7892,1.7111,1.7113,0.1577,0.0026,0.0051,0.0002,0.0283,0.0383,0.0021,0.0007,0.0099,0.0002,0.0015,0.002,0.0001,0.0001,0.0083,0.0016,0.0004,0.0024,0.0,0.0773,0.0185,0.0,0.0089,0.0,125.0,0.0,62.0,63.0,56.0,0.0,0.0,0.0,0.0,0.0,0.0,0.0,0.0,0.0,0.0,0.0,0.0,0.0,0.0,0.0,0.0,0.0,0.0,8.0,2.0,1.0
1744,14.53507239999998,0,8.226,1.6647,1.8234,1.6973,0.1746,0.0029,0.007,0.0001,0.0366,0.0493,0.0024,0.0007,0.0102,0.0001,0.0014,0.0019,0.0002,0.0001,0.0083,0.0015,0.0005,0.0027,0.0,0.0894,0.0175,0.0,0.0086,0.0,125.0,0.0,62.0,63.0,56.0,0.0,0.0,0.0,0.0,0.0,0.0,0.0,0.0,0.0,0.0,0.0,0.0,0.0,0.0,0.0,0.0,0.0,0.0,8.0,2.0,1.0
1745,14.54329839999998,0,8.3962,1.6881,1.7899,1.6289,0.1695,0.0035,0.0079,0.0001,0.0298,0.0434,0.0024,0.0007,0.0108,0.0002,0.0024,0.0015,0.0001,0.0001,0.0084,0.0012,0.0005,0.0026,0.0,0.0845,0.0177,0.0,0.0091,0.0,125.0,0.0,62.0,63.0,56.0,0.0,0.0,0.0,0.0,0.0,0.0,0.0,0.0,0.0,0.0,0.0,0.0,0.0,0.0,0.0,0.0,0.0,0.0,8.0,2.0,1.0
1746,14.55169459999998,0,8.2983,1.8853,1.7368,1.6012,0.1745,0.0028,0.0071,0.0002,0.0364,0.0486,0.0021,0.0007,0.0107,0.0001,0.0019,0.0016,0.0001,0.0001,0.0083,0.0013,0.0005,0.0028,0.0,0.0899,0.0169,0.0001,0.0084,0.0,125.0,0.0,62.0,63.0,56.0,0.0,0.0,0.0,0.0,0.0,0.0,0.0,0.0,0.0,0.0,0.0,0.0,0.0,0.0,0.0,0.0,0.0,0.0,8.0,2.0,1.0
1747,14.55999289999998,0,8.3638,1.7999,1.782,1.5847,0.1691,0.0032,0.0076,0.0001,0.0259,0.0393,0.0022,0.0008,0.01,0.0001,0.0017,0.002,0.0001,0.0001,0.0081,0.0015,0.0005,0.0028,0.0,0.08,0.0183,0.0001,0.009,0.0,125.0,0.0,62.0,63.0,56.0,0.0,0.0,0.0,0.0,0.0,0.0,0.0,0.0,0.0,0.0,0.0,0.0,0.0,0.0,0.0,0.0,0.0,0.0,8.0,2.0,1.0
1748,14.56835669999998,0,8.4106,1.7149,1.8266,1.7135,0.1675,0.0028,0.0057,0.0001,0.0338,0.0452,0.0021,0.0006,0.0096,0.0001,0.0015,0.0015,0.0001,0.0002,0.0089,0.0012,0.0005,0.0026,0.0,0.0836,0.0189,0.0001,0.0091,0.0,125.0,0.0,62.0,63.0,56.0,0.0,0.0,0.0,0.0,0.0,0.0,0.0,0.0,0.0,0.0,0.0,0.0,0.0,0.0,0.0,0.0,0.0,0.0,8.0,2.0,1.0
1749,14.576767299999979,0,8.1191,1.6959,1.7392,1.6097,0.167,0.0031,0.0068,0.0002,0.0272,0.0402,0.0025,0.0007,0.0101,0.0001,0.0013,0.0014,0.0,0.0002,0.0085,0.0016,0.0005,0.0028,0.0001,0.081,0.0189,0.0,0.0081,0.0,125.0,0.0,62.0,63.0,56.0,0.0,0.0,0.0,0.0,0.0,0.0,0.0,0.0,0.0,0.0,0.0,0.0,0.0,0.0,0.0,0.0,0.0,0.0,8.0,2.0,1.0
1750,14.584886399999979,0,8.3753,1.8631,1.651,1.5765,0.1948,0.0042,0.0076,0.0002,0.0383,0.0525,0.0035,0.0009,0.0125,0.0002,0.0013,0.0018,0.0001,0.0002,0.0119,0.0014,0.001,0.0046,0.0001,0.104,0.0232,0.0001,0.008,0.0,125.0,0.0,62.0,63.0,56.0,0.0,0.0,0.0,0.0,0.0,0.0,0.0,0.0,0.0,0.0,0.0,0.0,0.0,0.0,0.0,0.0,0.0,0.0,8.0,2.0,1.0
1751,14.59326169999998,0,8.4388,1.694,1.8041,1.6084,0.1667,0.0027,0.0069,0.0001,0.028,0.0408,0.0023,0.0008,0.0094,0.0002,0.0015,0.002,0.0001,0.0002,0.008,0.0012,0.001,0.0027,0.0,0.0804,0.0194,0.0001,0.0098,0.0,125.0,0.0,62.0,63.0,56.0,0.0,0.0,0.0,0.0,0.0,0.0,0.0,0.0,0.0,0.0,0.0,0.0,0.0,0.0,0.0,0.0,0.0,0.0,8.0,2.0,1.0
1752,14.60170049999998,0,8.3476,1.876,1.6989,1.6266,0.1724,0.0046,0.0073,0.0001,0.0322,0.0462,0.0021,0.0009,0.0102,0.0001,0.0013,0.0015,0.0001,0.0001,0.0084,0.0012,0.0004,0.0027,0.0,0.0864,0.0193,0.0001,0.0084,0.0,125.0,0.0,62.0,63.0,56.0,0.0,0.0,0.0,0.0,0.0,0.0,0.0,0.0,0.0,0.0,0.0,0.0,0.0,0.0,0.0,0.0,0.0,0.0,8.0,2.0,1.0
1753,14.61004809999998,0,8.2072,1.7627,1.7665,1.5398,0.1553,0.0031,0.0057,0.0002,0.0286,0.0395,0.0018,0.0008,0.0089,0.0002,0.0019,0.0014,0.0001,0.0003,0.0079,0.0009,0.0004,0.0023,0.0,0.0773,0.0192,0.0001,0.0087,0.0,125.0,0.0,62.0,63.0,56.0,0.0,0.0,0.0,0.0,0.0,0.0,0.0,0.0,0.0,0.0,0.0,0.0,0.0,0.0,0.0,0.0,0.0,0.0,8.0,2.0,1.0
1754,14.61825529999998,0,8.575,1.6592,1.8569,1.5943,0.1633,0.0031,0.0047,0.0001,0.039,0.049,0.002,0.0006,0.0087,0.0001,0.002,0.0013,0.0001,0.0002,0.0078,0.0011,0.0004,0.0024,0.0,0.0852,0.0174,0.0001,0.0095,0.0,125.0,0.0,62.0,63.0,56.0,0.0,0.0,0.0,0.0,0.0,0.0,0.0,0.0,0.0,0.0,0.0,0.0,0.0,0.0,0.0,0.0,0.0,0.0,8.0,2.0,1.0
1755,14.62683029999998,0,8.125,1.6667,1.783,1.5501,0.1564,0.0028,0.0058,0.0001,0.0279,0.0398,0.0019,0.001,0.0093,0.0001,0.002,0.0015,0.0001,0.0005,0.0083,0.0011,0.0004,0.0026,0.0001,0.0779,0.017,0.0001,0.0086,0.0,125.0,0.0,62.0,63.0,56.0,0.0,0.0,0.0,0.0,0.0,0.0,0.0,0.0,0.0,0.0,0.0,0.0,0.0,0.0,0.0,0.0,0.0,0.0,8.0,2.0,1.0
1756,14.63495529999998,0,8.4481,1.6904,1.7649,1.6313,0.1824,0.0048,0.0074,0.0002,0.0365,0.0521,0.0022,0.0007,0.0098,0.0001,0.0015,0.002,0.0,0.0001,0.0083,0.0017,0.0005,0.0029,0.0,0.0924,0.0192,0.0,0.0075,0.0,125.0,0.0,62.0,63.0,56.0,0.0,0.0,0.0,0.0,0.0,0.0,0.0,0.0,0.0,0.0,0.0,0.0,0.0,0.0,0.0,0.0,0.0,0.0,8.0,2.0,1.0
1757,14.64340339999998,0,8.2716,1.6895,1.7905,1.5902,0.1864,0.0045,0.0075,0.0002,0.0369,0.0511,0.0023,0.0006,0.0115,0.0001,0.0021,0.0015,0.0006,0.0002,0.0085,0.0018,0.0005,0.0027,0.0001,0.0965,0.0216,0.0001,0.0096,0.0,125.0,0.0,62.0,63.0,56.0,0.0,0.0,0.0,0.0,0.0,0.0,0.0,0.0,0.0,0.0,0.0,0.0,0.0,0.0,0.0,0.0,0.0,0.0,8.0,2.0,1.0
1758,14.651674999999981,0,8.3312,1.6718,1.7578,1.6942,0.1711,0.0027,0.005,0.0002,0.0386,0.0493,0.003,0.001,0.011,0.0002,0.0015,0.0015,0.0001,0.0001,0.0083,0.0015,0.0004,0.0027,0.0,0.0899,0.0186,0.0001,0.0082,0.0,125.0,0.0,62.0,63.0,56.0,0.0,0.0,0.0,0.0,0.0,0.0,0.0,0.0,0.0,0.0,0.0,0.0,0.0,0.0,0.0,0.0,0.0,0.0,8.0,2.0,1.0
1759,14.660006199999982,0,8.3285,1.6354,1.7746,1.6423,0.1564,0.0029,0.0064,0.0002,0.0271,0.04,0.0019,0.0009,0.0086,0.0002,0.0021,0.0014,0.0001,0.0006,0.0081,0.0011,0.0004,0.0023,0.0,0.0769,0.018,0.0001,0.0093,0.0,125.0,0.0,62.0,63.0,56.0,0.0,0.0,0.0,0.0,0.0,0.0,0.0,0.0,0.0,0.0,0.0,0.0,0.0,0.0,0.0,0.0,0.0,0.0,8.0,2.0,1.0
1760,14.668334699999981,0,8.456,1.6923,1.918,1.6624,0.1639,0.0032,0.0057,0.0001,0.0354,0.0467,0.0023,0.0007,0.0102,0.0001,0.0012,0.0016,0.0001,0.0001,0.0082,0.001,0.0008,0.0021,0.0,0.0844,0.0182,0.0001,0.0111,0.0,125.0,0.0,62.0,63.0,56.0,0.0,0.0,0.0,0.0,0.0,0.0,0.0,0.0,0.0,0.0,0.0,0.0,0.0,0.0,0.0,0.0,0.0,0.0,8.0,2.0,1.0
1761,14.676790699999982,0,8.1791,1.741,1.7363,1.6037,0.1669,0.0038,0.0068,0.0002,0.0292,0.0421,0.0022,0.0006,0.0097,0.0002,0.0018,0.0015,0.0001,0.0001,0.0077,0.001,0.0004,0.0024,0.0001,0.0802,0.0235,0.0,0.0092,0.0,125.0,0.0,62.0,63.0,56.0,0.0,0.0,0.0,0.0,0.0,0.0,0.0,0.0,0.0,0.0,0.0,0.0,0.0,0.0,0.0,0.0,0.0,0.0,8.0,2.0,1.0
1762,14.684969799999982,0,8.3907,1.6445,1.6671,1.6167,0.1696,0.0029,0.0068,0.0001,0.0369,0.0486,0.0023,0.0007,0.0104,0.0001,0.0015,0.0013,0.0,0.0001,0.0078,0.0015,0.0004,0.0029,0.0001,0.088,0.0182,0.0001,0.0103,0.0,125.0,0.0,62.0,63.0,56.0,0.0,0.0,0.0,0.0,0.0,0.0,0.0,0.0,0.0,0.0,0.0,0.0,0.0,0.0,0.0,0.0,0.0,0.0,8.0,2.0,1.0
1763,14.693360499999981,0,8.496,1.8269,1.8957,1.595,0.187,0.0031,0.0078,0.0002,0.0286,0.0428,0.0025,0.0009,0.0119,0.0003,0.0017,0.0022,0.0001,0.0001,0.0099,0.0022,0.0011,0.0028,0.0001,0.0906,0.0206,0.0001,0.009,0.0,125.0,0.0,62.0,63.0,56.0,0.0,0.0,0.0,0.0,0.0,0.0,0.0,0.0,0.0,0.0,0.0,0.0,0.0,0.0,0.0,0.0,0.0,0.0,8.0,2.0,1.0
1764,14.70185649999998,0,8.1558,1.7807,1.8482,1.8678,0.1668,0.0026,0.0047,0.0002,0.0388,0.0485,0.0023,0.0006,0.0105,0.0001,0.0016,0.0012,0.0001,0.0001,0.0076,0.0011,0.0004,0.0025,0.0,0.0875,0.0176,0.0001,0.0087,0.0,125.0,0.0,62.0,63.0,56.0,0.0,0.0,0.0,0.0,0.0,0.0,0.0,0.0,0.0,0.0,0.0,0.0,0.0,0.0,0.0,0.0,0.0,0.0,8.0,2.0,1.0
1765,14.710012299999981,0,8.2435,1.6883,1.7365,1.6201,0.1748,0.0042,0.0068,0.0002,0.0325,0.0465,0.0022,0.0013,0.0105,0.0002,0.0018,0.0016,0.0,0.0004,0.0086,0.0013,0.0004,0.0029,0.0,0.0882,0.0188,0.0001,0.0083,0.0,125.0,0.0,62.0,63.0,56.0,0.0,0.0,0.0,0.0,0.0,0.0,0.0,0.0,0.0,0.0,0.0,0.0,0.0,0.0,0.0,0.0,0.0,0.0,8.0,2.0,1.0
1766,14.718255799999982,0,8.3539,1.6767,1.6939,1.6399,0.1923,0.0046,0.0097,0.0002,0.0303,0.0472,0.0027,0.0009,0.0126,0.0002,0.0017,0.0022,0.0,0.0002,0.0116,0.0021,0.0005,0.0026,0.0,0.0958,0.0207,0.0,0.0099,0.0,125.0,0.0,62.0,63.0,56.0,0.0,0.0,0.0,0.0,0.0,0.0,0.0,0.0,0.0,0.0,0.0,0.0,0.0,0.0,0.0,0.0,0.0,0.0,8.0,2.0,1.0
1767,14.726609699999981,0,8.3825,1.6123,1.7032,1.6657,0.1725,0.0026,0.0048,0.0002,0.0309,0.0412,0.003,0.0008,0.0127,0.0001,0.0016,0.0016,0.0004,0.0001,0.0086,0.0012,0.0008,0.0033,0.0,0.0863,0.0207,0.0001,0.0088,0.0,125.0,0.0,62.0,63.0,56.0,0.0,0.0,0.0,0.0,0.0,0.0,0.0,0.0,0.0,0.0,0.0,0.0,0.0,0.0,0.0,0.0,0.0,0.0,8.0,2.0,1.0
1768,14.734992199999981,0,8.2925,1.7562,1.7364,1.6749,0.1782,0.0032,0.0071,0.0002,0.0393,0.052,0.0023,0.0006,0.0094,0.0001,0.0014,0.0016,0.0,0.0002,0.0083,0.0012,0.0005,0.0028,0.0,0.0917,0.0198,0.0,0.0083,0.0,125.0,0.0,62.0,63.0,56.0,0.0,0.0,0.0,0.0,0.0,0.0,0.0,0.0,0.0,0.0,0.0,0.0,0.0,0.0,0.0,0.0,0.0,0.0,8.0,2.0,1.0
1769,14.74328469999998,0,8.3838,1.7013,1.7065,1.5869,0.1578,0.0028,0.0051,0.0002,0.03,0.0403,0.0019,0.0006,0.0088,0.0002,0.0018,0.0015,0.0001,0.0001,0.0081,0.0011,0.0005,0.0025,0.0,0.0775,0.0165,0.0001,0.0093,0.0,125.0,0.0,62.0,63.0,56.0,0.0,0.0,0.0,0.0,0.0,0.0,0.0,0.0,0.0,0.0,0.0,0.0,0.0,0.0,0.0,0.0,0.0,0.0,8.0,2.0,1.0
1770,14.751668499999981,0,8.3262,1.7165,1.7526,1.7277,0.1771,0.0028,0.0061,0.0002,0.0428,0.0536,0.0026,0.0007,0.0112,0.0002,0.0017,0.0016,0.0,0.0002,0.0082,0.0013,0.0004,0.0032,0.0,0.0965,0.0174,0.0,0.036,0.0,125.0,0.0,62.0,63.0,56.0,0.0,0.0,0.0,0.0,0.0,0.0,0.0,0.0,0.0,0.0,0.0,0.0,0.0,0.0,0.0,0.0,0.0,0.0,8.0,2.0,1.0
1771,14.759994699999982,0,8.6643,1.7907,2.0287,1.6991,0.1734,0.0029,0.0069,0.0003,0.0275,0.041,0.0026,0.0008,0.0098,0.0002,0.0015,0.002,0.0001,0.0002,0.0091,0.0012,0.0005,0.0025,0.0,0.0815,0.0195,0.0001,0.0083,0.0,125.0,0.0,62.0,63.0,56.0,0.0,0.0,0.0,0.0,0.0,0.0,0.0,0.0,0.0,0.0,0.0,0.0,0.0,0.0,0.0,0.0,0.0,0.0,8.0,2.0,1.0
1772,14.768658999999982,0,8.0517,2.1338,1.8299,1.8681,0.1647,0.0028,0.0063,0.0003,0.0328,0.0444,0.002,0.0007,0.0088,0.0002,0.0019,0.0013,0.0001,0.0005,0.0081,0.0011,0.0004,0.0026,0.0,0.0851,0.0183,0.0001,0.0088,0.0,125.0,0.0,62.0,63.0,56.0,0.0,0.0,0.0,0.0,0.0,0.0,0.0,0.0,0.0,0.0,0.0,0.0,0.0,0.0,0.0,0.0,0.0,0.0,8.0,2.0,1.0
1773,14.776710699999981,0,8.3939,1.7113,1.7995,1.7343,0.1658,0.0044,0.0063,0.0008,0.0346,0.0482,0.002,0.0006,0.0095,0.0001,0.0019,0.0015,0.0001,0.0005,0.0082,0.0011,0.0005,0.0027,0.0001,0.0862,0.0172,0.0001,0.0081,0.0,125.0,0.0,62.0,63.0,56.0,0.0,0.0,0.0,0.0,0.0,0.0,0.0,0.0,0.0,0.0,0.0,0.0,0.0,0.0,0.0,0.0,0.0,0.0,8.0,2.0,1.0
1774,14.78510459999998,0,8.5644,1.9551,2.0359,1.7422,0.179,0.0043,0.0078,0.0002,0.0279,0.0432,0.0021,0.0012,0.0114,0.0001,0.0015,0.002,0.0001,0.0001,0.0091,0.0018,0.0004,0.0028,0.0,0.0873,0.0186,0.0001,0.0087,0.0,125.0,0.0,62.0,63.0,56.0,0.0,0.0,0.0,0.0,0.0,0.0,0.0,0.0,0.0,0.0,0.0,0.0,0.0,0.0,0.0,0.0,0.0,0.0,8.0,2.0,1.0
1775,14.79366899999998,0,8.4194,1.9386,2.1484,1.9161,0.1869,0.0033,0.0077,0.0002,0.0293,0.043,0.003,0.001,0.0126,0.0001,0.0022,0.0017,0.0004,0.0001,0.0093,0.0017,0.0005,0.0026,0.0,0.0889,0.0227,0.0001,0.0092,0.0,125.0,0.0,62.0,63.0,56.0,0.0,0.0,0.0,0.0,0.0,0.0,0.0,0.0,0.0,0.0,0.0,0.0,0.0,0.0,0.0,0.0,0.0,0.0,8.0,2.0,1.0
1776,14.80208839999998,0,8.3068,2.163,2.2165,2.0078,0.2475,0.0034,0.0055,0.0003,0.0543,0.0661,0.004,0.002,0.0172,0.0003,0.003,0.002,0.0005,0.0001,0.0107,0.0021,0.0006,0.0055,0.0,0.1291,0.0349,0.0002,0.0093,0.0,125.0,0.0,62.0,63.0,56.0,0.0,0.0,0.0,0.0,0.0,0.0,0.0,0.0,0.0,0.0,0.0,0.0,0.0,0.0,0.0,0.0,0.0,0.0,8.0,2.0,1.0
1777,14.810395199999979,0,8.5367,2.138,2.2514,1.7976,0.2099,0.004,0.0094,0.0004,0.0384,0.0559,0.0028,0.001,0.0125,0.0001,0.0023,0.0022,0.0002,0.0001,0.0091,0.0013,0.0005,0.0026,0.0,0.1023,0.0226,0.0001,0.0083,0.0,125.0,0.0,62.0,63.0,56.0,0.0,0.0,0.0,0.0,0.0,0.0,0.0,0.0,0.0,0.0,0.0,0.0,0.0,0.0,0.0,0.0,0.0,0.0,8.0,2.0,1.0
1778,14.81893189999998,0,8.1647,2.3032,2.2926,2.0417,0.1945,0.0033,0.0069,0.0002,0.0375,0.0504,0.0023,0.0012,0.0112,0.0001,0.0016,0.0016,0.0001,0.0001,0.0089,0.0013,0.0009,0.0025,0.0001,0.0933,0.0191,0.0002,0.0093,0.0,125.0,0.0,62.0,63.0,56.0,0.0,0.0,0.0,0.0,0.0,0.0,0.0,0.0,0.0,0.0,0.0,0.0,0.0,0.0,0.0,0.0,0.0,0.0,8.0,2.0,1.0
1779,14.82709659999998,0,8.1826,2.0776,2.049,1.8551,0.1822,0.0029,0.0052,0.0002,0.0377,0.0491,0.0022,0.0008,0.0102,0.0002,0.002,0.0022,0.0,0.0001,0.0086,0.0018,0.0004,0.0023,0.0001,0.0901,0.02,0.0,0.0079,0.0,125.0,0.0,62.0,63.0,56.0,0.0,0.0,0.0,0.0,0.0,0.0,0.0,0.0,0.0,0.0,0.0,0.0,0.0,0.0,0.0,0.0,0.0,0.0,8.0,2.0,1.0
1780,14.83527919999998,0,8.1977,2.097,2.0183,1.9054,0.1709,0.0031,0.0049,0.0002,0.0374,0.0475,0.002,0.0006,0.0102,0.0001,0.0014,0.002,0.0001,0.0001,0.0088,0.0017,0.0004,0.0024,0.0,0.0872,0.0195,0.0,0.0092,0.0,125.0,0.0,62.0,63.0,56.0,0.0,0.0,0.0,0.0,0.0,0.0,0.0,0.0,0.0,0.0,0.0,0.0,0.0,0.0,0.0,0.0,0.0,0.0,8.0,2.0,1.0
1781,14.84347689999998,0,8.5085,1.9791,1.9077,1.6937,0.1773,0.0036,0.0068,0.0002,0.0304,0.0438,0.0031,0.0011,0.0134,0.0002,0.002,0.0016,0.0001,0.0001,0.0089,0.0011,0.0004,0.0028,0.0001,0.0879,0.0178,0.0,0.0092,0.0,125.0,0.0,62.0,63.0,56.0,0.0,0.0,0.0,0.0,0.0,0.0,0.0,0.0,0.0,0.0,0.0,0.0,0.0,0.0,0.0,0.0,0.0,0.0,8.0,2.0,1.0
1782,14.851985399999979,0,8.1069,2.0733,2.0013,1.801,0.1712,0.0027,0.0049,0.0003,0.0366,0.0472,0.0019,0.0007,0.0097,0.0001,0.0017,0.0013,0.0,0.0001,0.009,0.0011,0.0005,0.0028,0.0,0.0858,0.0196,0.0001,0.0097,0.0,125.0,0.0,62.0,63.0,56.0,0.0,0.0,0.0,0.0,0.0,0.0,0.0,0.0,0.0,0.0,0.0,0.0,0.0,0.0,0.0,0.0,0.0,0.0,8.0,2.0,1.0
1783,14.860092299999978,0,8.4122,1.8961,1.9246,1.7392,0.172,0.0035,0.0072,0.0002,0.0288,0.0422,0.0025,0.0008,0.0112,0.0002,0.0016,0.0013,0.0001,0.0002,0.0094,0.0012,0.0005,0.0027,0.0001,0.0848,0.0183,0.0,0.0086,0.0,125.0,0.0,62.0,63.0,56.0,0.0,0.0,0.0,0.0,0.0,0.0,0.0,0.0,0.0,0.0,0.0,0.0,0.0,0.0,0.0,0.0,0.0,0.0,8.0,2.0,1.0
1784,14.868504499999979,0,8.739,1.8919,2.125,1.904,0.2378,0.0047,0.0086,0.0002,0.0454,0.0614,0.0027,0.0007,0.0134,0.0002,0.0024,0.0013,0.0001,0.0002,0.0114,0.0017,0.0005,0.0053,0.0,0.1161,0.0329,0.0001,0.0095,0.0,125.0,0.0,62.0,63.0,56.0,0.0,0.0,0.0,0.0,0.0,0.0,0.0,0.0,0.0,0.0,0.0,0.0,0.0,0.0,0.0,0.0,0.0,0.0,8.0,2.0,1.0
1785,14.87724349999998,0,8.1078,2.1078,2.1988,1.875,0.1889,0.0031,0.0052,0.0001,0.0321,0.0434,0.0025,0.0011,0.0117,0.0001,0.0017,0.0019,0.0002,0.0001,0.0092,0.0014,0.0008,0.0029,0.0,0.0886,0.0216,0.0002,0.0103,0.0,125.0,0.0,62.0,63.0,56.0,0.0,0.0,0.0,0.0,0.0,0.0,0.0,0.0,0.0,0.0,0.0,0.0,0.0,0.0,0.0,0.0,0.0,0.0,8.0,2.0,1.0
1786,14.885351299999979,0,8.5032,1.9841,2.1511,1.8578,0.1981,0.0032,0.0053,0.0002,0.0392,0.0504,0.0032,0.001,0.0143,0.0002,0.0016,0.0022,0.0001,0.0001,0.0099,0.0013,0.0005,0.003,0.0,0.1003,0.0227,0.0,0.0104,0.0,125.0,0.0,62.0,63.0,56.0,0.0,0.0,0.0,0.0,0.0,0.0,0.0,0.0,0.0,0.0,0.0,0.0,0.0,0.0,0.0,0.0,0.0,0.0,8.0,2.0,1.0
1787,14.893854499999978,0,8.2362,2.1407,2.2936,2.0502,0.2102,0.0047,0.0057,0.0003,0.0417,0.0561,0.0021,0.0013,0.0129,0.0001,0.002,0.0019,0.0001,0.0001,0.0105,0.0017,0.0005,0.0025,0.0001,0.1046,0.0261,0.0001,0.0089,0.0,125.0,0.0,62.0,63.0,56.0,0.0,0.0,0.0,0.0,0.0,0.0,0.0,0.0,0.0,0.0,0.0,0.0,0.0,0.0,0.0,0.0,0.0,0.0,8.0,2.0,1.0
1788,14.90209069999998,0,8.1833,2.2235,2.1287,2.0408,0.1891,0.0039,0.0079,0.0003,0.04,0.0551,0.002,0.0006,0.0098,0.0002,0.0015,0.002,0.0002,0.0001,0.0095,0.0012,0.0005,0.0028,0.0,0.0952,0.0244,0.0,0.0096,0.0,125.0,0.0,62.0,63.0,56.0,0.0,0.0,0.0,0.0,0.0,0.0,0.0,0.0,0.0,0.0,0.0,0.0,0.0,0.0,0.0,0.0,0.0,0.0,8.0,2.0,1.0
1789,14.91027399999998,0,8.2893,2.0178,1.9899,1.8182,0.1975,0.0032,0.0085,0.0003,0.0299,0.0451,0.0023,0.0009,0.0112,0.0002,0.0022,0.0016,0.0001,0.0001,0.0087,0.0014,0.0011,0.0029,0.0,0.0897,0.0205,0.0001,0.0089,0.0,125.0,0.0,62.0,63.0,56.0,0.0,0.0,0.0,0.0,0.0,0.0,0.0,0.0,0.0,0.0,0.0,0.0,0.0,0.0,0.0,0.0,0.0,0.0,8.0,2.0,1.0
1790,14.91856329999998,0,8.5247,2.1427,2.1573,2.062,0.208,0.0035,0.0065,0.0005,0.0496,0.0637,0.0021,0.0011,0.0102,0.0001,0.0016,0.0021,0.0002,0.0001,0.0095,0.0013,0.0005,0.0026,0.0,0.1061,0.0215,0.0001,0.0087,0.0,125.0,0.0,62.0,63.0,56.0,0.0,0.0,0.0,0.0,0.0,0.0,0.0,0.0,0.0,0.0,0.0,0.0,0.0,0.0,0.0,0.0,0.0,0.0,8.0,2.0,1.0
1791,14.92708799999998,0,8.3042,2.1752,2.0772,2.0673,0.1871,0.0032,0.0056,0.0004,0.0396,0.0519,0.0027,0.0009,0.0089,0.0001,0.0022,0.0015,0.0001,0.0001,0.0088,0.0018,0.0005,0.0023,0.0,0.0924,0.019,0.0001,0.0096,0.0,125.0,0.0,62.0,63.0,56.0,0.0,0.0,0.0,0.0,0.0,0.0,0.0,0.0,0.0,0.0,0.0,0.0,0.0,0.0,0.0,0.0,0.0,0.0,8.0,2.0,1.0
1792,14.93539219999998,0,8.471,2.0824,2.1751,1.839,0.2122,0.0037,0.0089,0.0002,0.0404,0.0564,0.0026,0.0011,0.0116,0.0002,0.0021,0.0018,0.0001,0.0001,0.0095,0.0013,0.0005,0.0028,0.0001,0.1015,0.022,0.0001,0.0092,0.0,125.0,0.0,62.0,63.0,56.0,0.0,0.0,0.0,0.0,0.0,0.0,0.0,0.0,0.0,0.0,0.0,0.0,0.0,0.0,0.0,0.0,0.0,0.0,8.0,2.0,1.0
1793,14.94386319999998,0,8.0504,2.122,2.1267,1.8242,0.1853,0.006,0.008,0.0004,0.0311,0.0482,0.0021,0.001,0.0082,0.0001,0.0015,0.0023,0.0001,0.0001,0.009,0.0013,0.0005,0.0025,0.0,0.0871,0.0179,0.0001,0.0096,0.0,125.0,0.0,62.0,63.0,56.0,0.0,0.0,0.0,0.0,0.0,0.0,0.0,0.0,0.0,0.0,0.0,0.0,0.0,0.0,0.0,0.0,0.0,0.0,8.0,2.0,1.0
1794,14.95191359999998,0,8.4066,1.9426,1.9568,1.791,0.2077,0.0039,0.0071,0.0002,0.0538,0.0685,0.0028,0.001,0.0111,0.0002,0.0019,0.0015,0.0001,0.0002,0.0096,0.0012,0.001,0.0024,0.0,0.1113,0.0219,0.0001,0.0084,0.0,125.0,0.0,62.0,63.0,56.0,0.0,0.0,0.0,0.0,0.0,0.0,0.0,0.0,0.0,0.0,0.0,0.0,0.0,0.0,0.0,0.0,0.0,0.0,8.0,2.0,1.0
1795,14.96032019999998,0,8.4898,2.0174,2.2432,1.8978,0.1968,0.003,0.0077,0.0003,0.0332,0.047,0.0028,0.0013,0.0136,0.0002,0.0017,0.0019,0.0002,0.0001,0.0103,0.0012,0.0005,0.0026,0.0001,0.0953,0.0218,0.0001,0.0085,0.0,125.0,0.0,62.0,63.0,56.0,0.0,0.0,0.0,0.0,0.0,0.0,0.0,0.0,0.0,0.0,0.0,0.0,0.0,0.0,0.0,0.0,0.0,0.0,8.0,2.0,1.0
1796,14.96880999999998,0,8.3399,2.2646,2.3404,1.8113,0.1971,0.0036,0.0077,0.0003,0.0497,0.064,0.0023,0.0009,0.0101,0.0005,0.0016,0.0021,0.0001,0.0002,0.0092,0.0013,0.0005,0.0025,0.0001,0.1057,0.0186,0.0001,0.0109,0.0,125.0,0.0,62.0,63.0,56.0,0.0,0.0,0.0,0.0,0.0,0.0,0.0,0.0,0.0,0.0,0.0,0.0,0.0,0.0,0.0,0.0,0.0,0.0,8.0,2.0,1.0
1797,14.97714989999998,0,141.3121,15.5109,2.0608,1.7396,0.1983,0.0037,0.0073,0.0002,0.0347,0.0485,0.0034,0.0012,0.0141,0.0001,0.0022,0.0024,0.0002,0.0002,0.0095,0.0015,0.0006,0.003,0.0,0.0979,0.0232,0.0001,0.0091,0.0,125.0,0.0,62.0,63.0,56.0,0.0,0.0,0.0,0.0,0.0,0.0,0.0,0.0,0.0,0.0,0.0,0.0,0.0,0.0,0.0,0.0,0.0,0.0,8.0,2.0,1.0
1798,15.11846199999998,0,2.6743,0.9802,119.9484,0.5433,0.2231,0.0035,0.0086,0.0003,0.049,0.0652,0.0022,0.0012,0.0126,0.0001,0.0025,0.002,0.0001,0.0002,0.0103,0.0017,0.0006,0.0026,0.0,0.1148,0.0246,0.0002,0.0091,0.0,125.0,0.0,62.0,63.0,57.0,0.0,0.0,0.0,0.0,0.0,0.0,0.0,0.0,0.0,0.0,0.0,0.0,0.0,0.0,0.0,0.0,0.0,0.0,8.0,2.0,1.0
1799,15.12113629999998,0,8.2869,2.1695,2.5133,1.8973,0.187,0.0035,0.0075,0.0003,0.0297,0.0437,0.0023,0.0008,0.0109,0.0001,0.0024,0.0017,0.0002,0.0001,0.009,0.0013,0.0006,0.0025,0.0001,0.0871,0.0208,0.0001,0.0121,0.0,125.0,0.0,62.0,63.0,56.0,0.0,0.0,0.0,0.0,0.0,0.0,0.0,0.0,0.0,0.0,0.0,0.0,0.0,0.0,0.0,0.0,0.0,0.0,8.0,2.0,1.0
1800,15.12942319999998,0,8.3902,2.1014,2.5667,1.8277,0.3267,0.0055,0.0076,0.0003,0.0851,0.1027,0.0037,0.0013,0.0178,0.0003,0.0034,0.0024,0.0001,0.0002,0.0122,0.0018,0.0006,0.0041,0.0001,0.1681,0.0387,0.0002,0.0097,0.0,125.0,0.0,62.0,63.0,56.0,0.0,0.0,0.0,0.0,0.0,0.0,0.0,0.0,0.0,0.0,0.0,0.0,0.0,0.0,0.0,0.0,0.0,0.0,8.0,2.0,1.0
1801,15.13781339999998,0,8.0525,2.2536,2.4712,1.9997,0.2581,0.0069,0.0116,0.0011,0.0451,0.0672,0.0029,0.0012,0.0153,0.0003,0.0024,0.0024,0.0002,0.0002,0.0097,0.0018,0.0005,0.0031,0.0,0.1229,0.0282,0.0001,0.0088,0.0,125.0,0.0,62.0,63.0,56.0,0.0,0.0,0.0,0.0,0.0,0.0,0.0,0.0,0.0,0.0,0.0,0.0,0.0,0.0,0.0,0.0,0.0,0.0,8.0,2.0,1.0
1802,15.14586589999998,0,8.3383,2.053,2.3836,2.1156,0.2231,0.0042,0.0088,0.0003,0.0471,0.0635,0.0034,0.001,0.0131,0.0006,0.0018,0.0022,0.0002,0.0001,0.0105,0.0012,0.0009,0.0027,0.0,0.1118,0.0226,0.0001,0.0091,0.0,125.0,0.0,62.0,63.0,56.0,0.0,0.0,0.0,0.0,0.0,0.0,0.0,0.0,0.0,0.0,0.0,0.0,0.0,0.0,0.0,0.0,0.0,0.0,8.0,2.0,1.0
1803,15.15420419999998,0,8.1274,2.3857,2.3155,1.8568,0.2378,0.0037,0.0099,0.0005,0.0477,0.0666,0.0029,0.0013,0.0143,0.0003,0.0021,0.0025,0.0002,0.0001,0.0107,0.0019,0.0006,0.0033,0.0,0.1197,0.0262,0.0001,0.01,0.0,125.0,0.0,62.0,63.0,56.0,0.0,0.0,0.0,0.0,0.0,0.0,0.0,0.0,0.0,0.0,0.0,0.0,0.0,0.0,0.0,0.0,0.0,0.0,8.0,2.0,1.0
1804,15.162331599999979,0,8.5422,2.1562,2.2184,1.9995,0.244,0.0036,0.0103,0.0007,0.0588,0.0769,0.0031,0.0015,0.0164,0.0001,0.0027,0.0025,0.0002,0.0002,0.013,0.002,0.0006,0.0027,0.0001,0.1354,0.024,0.0001,0.0092,0.0,125.0,0.0,62.0,63.0,56.0,0.0,0.0,0.0,0.0,0.0,0.0,0.0,0.0,0.0,0.0,0.0,0.0,0.0,0.0,0.0,0.0,0.0,0.0,8.0,2.0,1.0
1805,15.17087379999998,0,7.9658,2.1217,2.1666,1.8326,0.2031,0.0029,0.0056,0.0002,0.0342,0.0461,0.0025,0.0011,0.0134,0.0002,0.0022,0.0018,0.0001,0.0001,0.0093,0.0014,0.001,0.0027,0.0001,0.0975,0.0299,0.0002,0.0091,0.0,125.0,0.0,62.0,63.0,54.0,0.0,0.0,0.0,0.0,0.0,0.0,0.0,0.0,0.0,0.0,0.0,0.0,0.0,0.0,0.0,0.0,0.0,0.0,8.0,2.0,1.0
1806,15.178839599999979,0,8.6475,2.0109,2.1598,1.9089,0.2401,0.0029,0.0067,0.0002,0.0575,0.0699,0.0038,0.0016,0.0161,0.0002,0.0024,0.0026,0.0001,0.0005,0.0106,0.0015,0.0004,0.0039,0.0,0.1296,0.0327,0.0001,0.0092,0.0,125.0,0.0,62.0,63.0,54.0,0.0,0.0,0.0,0.0,0.0,0.0,0.0,0.0,0.0,0.0,0.0,0.0,0.0,0.0,0.0,0.0,0.0,0.0,8.0,2.0,1.0
1807,15.187487099999979,0,8.0606,2.0742,2.1871,1.7321,0.2428,0.0035,0.0072,0.0003,0.0396,0.0534,0.0024,0.0011,0.0115,0.0001,0.0022,0.0018,0.0001,0.0001,0.0092,0.0013,0.0005,0.0029,0.0001,0.0988,0.0243,0.0001,0.0085,0.0,125.0,0.0,62.0,63.0,54.0,0.0,0.0,0.0,0.0,0.0,0.0,0.0,0.0,0.0,0.0,0.0,0.0,0.0,0.0,0.0,0.0,0.0,0.0,8.0,2.0,1.0
1808,15.19554769999998,0,8.2966,2.1099,2.0998,1.7852,0.2027,0.0033,0.0076,0.0002,0.0405,0.0544,0.0023,0.0009,0.0111,0.0002,0.0016,0.0024,0.0001,0.0002,0.0102,0.0016,0.0009,0.003,0.0,0.1005,0.0213,0.0002,0.0083,0.0,125.0,0.0,62.0,63.0,54.0,0.0,0.0,0.0,0.0,0.0,0.0,0.0,0.0,0.0,0.0,0.0,0.0,0.0,0.0,0.0,0.0,0.0,0.0,8.0,2.0,1.0
1809,15.203844299999979,0,8.4601,1.971,2.0143,1.8383,0.1977,0.0035,0.0062,0.0008,0.0331,0.0467,0.0022,0.0012,0.0114,0.0005,0.0019,0.0023,0.0001,0.0002,0.0095,0.0014,0.0004,0.0029,0.0,0.0923,0.0273,0.0,0.0082,0.0,125.0,0.0,62.0,63.0,54.0,0.0,0.0,0.0,0.0,0.0,0.0,0.0,0.0,0.0,0.0,0.0,0.0,0.0,0.0,0.0,0.0,0.0,0.0,8.0,2.0,1.0
1810,15.21230439999998,0,8.0454,1.9769,2.0476,1.7658,0.189,0.0032,0.0048,0.0003,0.0425,0.054,0.0031,0.0008,0.0118,0.0002,0.0018,0.0017,0.0002,0.0001,0.0091,0.0013,0.0009,0.0028,0.0,0.0993,0.0203,0.0001,0.0093,0.0,125.0,0.0,62.0,63.0,54.0,0.0,0.0,0.0,0.0,0.0,0.0,0.0,0.0,0.0,0.0,0.0,0.0,0.0,0.0,0.0,0.0,0.0,0.0,8.0,2.0,1.0
1811,15.22034979999998,0,8.6804,1.9754,1.9191,1.8062,0.1886,0.0037,0.0074,0.0002,0.03,0.0447,0.0024,0.0009,0.011,0.0002,0.0017,0.0018,0.0002,0.0002,0.0097,0.0013,0.0011,0.0028,0.0,0.0895,0.0219,0.0001,0.0084,0.0,125.0,0.0,62.0,63.0,54.0,0.0,0.0,0.0,0.0,0.0,0.0,0.0,0.0,0.0,0.0,0.0,0.0,0.0,0.0,0.0,0.0,0.0,0.0,8.0,2.0,1.0
1812,15.229030199999979,0,8.4122,2.2485,2.3523,2.0867,0.253,0.0037,0.0075,0.001,0.0527,0.0686,0.0036,0.001,0.0153,0.0002,0.0022,0.002,0.0001,0.0002,0.0096,0.0018,0.0005,0.0051,0.0001,0.1257,0.0354,0.0,0.0097,0.0,125.0,0.0,62.0,63.0,54.0,0.0,0.0,0.0,0.0,0.0,0.0,0.0,0.0,0.0,0.0,0.0,0.0,0.0,0.0,0.0,0.0,0.0,0.0,8.0,2.0,1.0
1813,15.23744239999998,0,8.1097,2.0276,2.1437,1.9248,0.1924,0.0045,0.0075,0.0002,0.0287,0.0435,0.0025,0.0012,0.0114,0.0002,0.0022,0.0018,0.0001,0.0001,0.0094,0.0019,0.0005,0.0031,0.0,0.0899,0.0242,0.0001,0.0089,0.0,125.0,0.0,62.0,63.0,54.0,0.0,0.0,0.0,0.0,0.0,0.0,0.0,0.0,0.0,0.0,0.0,0.0,0.0,0.0,0.0,0.0,0.0,0.0,8.0,2.0,1.0
1814,15.24555209999998,0,8.3372,2.0309,2.0788,1.7614,0.2083,0.0036,0.0063,0.0003,0.0463,0.0593,0.0025,0.001,0.0123,0.0001,0.0025,0.0018,0.0001,0.0001,0.0109,0.0019,0.0006,0.0035,0.0001,0.1088,0.023,0.0001,0.0086,0.0,125.0,0.0,62.0,63.0,54.0,0.0,0.0,0.0,0.0,0.0,0.0,0.0,0.0,0.0,0.0,0.0,0.0,0.0,0.0,0.0,0.0,0.0,0.0,8.0,2.0,1.0
1815,15.25388929999998,0,8.407,2.0795,2.1544,1.8446,0.1966,0.0035,0.0053,0.0003,0.0322,0.0439,0.0025,0.001,0.0131,0.0002,0.0023,0.0019,0.0001,0.0001,0.0099,0.0019,0.0006,0.0028,0.0,0.0931,0.028,0.0001,0.0088,0.0,125.0,0.0,62.0,63.0,54.0,0.0,0.0,0.0,0.0,0.0,0.0,0.0,0.0,0.0,0.0,0.0,0.0,0.0,0.0,0.0,0.0,0.0,0.0,8.0,2.0,1.0
1816,15.26229629999998,0,8.3815,2.0728,2.1318,1.7979,0.2024,0.0033,0.005,0.0004,0.0472,0.059,0.0024,0.0009,0.011,0.0002,0.0017,0.0022,0.0001,0.0001,0.0093,0.0013,0.0005,0.0027,0.0,0.1081,0.0219,0.0,0.0076,0.0,125.0,0.0,62.0,63.0,54.0,0.0,0.0,0.0,0.0,0.0,0.0,0.0,0.0,0.0,0.0,0.0,0.0,0.0,0.0,0.0,0.0,0.0,0.0,8.0,2.0,1.0
1817,15.27067779999998,0,8.2845,2.0002,2.1811,1.8957,0.1864,0.0032,0.0048,0.0002,0.0371,0.0478,0.002,0.0008,0.0112,0.0001,0.0021,0.0018,0.0001,0.0001,0.0101,0.0017,0.0006,0.0024,0.0001,0.0927,0.0189,0.0001,0.0101,0.0,125.0,0.0,62.0,63.0,54.0,0.0,0.0,0.0,0.0,0.0,0.0,0.0,0.0,0.0,0.0,0.0,0.0,0.0,0.0,0.0,0.0,0.0,0.0,8.0,2.0,1.0
1818,15.27896229999998,0,8.2644,1.9743,2.1384,1.7833,0.1942,0.0031,0.005,0.0003,0.0401,0.0509,0.0022,0.0012,0.0133,0.0002,0.0017,0.0022,0.0,0.0001,0.0098,0.0013,0.0005,0.003,0.0001,0.099,0.0219,0.0001,0.0083,0.0,125.0,0.0,62.0,63.0,54.0,0.0,0.0,0.0,0.0,0.0,0.0,0.0,0.0,0.0,0.0,0.0,0.0,0.0,0.0,0.0,0.0,0.0,0.0,8.0,2.0,1.0
1819,15.28722669999998,0,8.5996,1.9785,2.2272,1.778,0.1967,0.0035,0.0074,0.0002,0.0295,0.0434,0.0025,0.0009,0.0101,0.0001,0.0018,0.0024,0.0002,0.0001,0.012,0.0013,0.0005,0.0036,0.0001,0.0966,0.0221,0.0001,0.0081,0.0,125.0,0.0,62.0,63.0,54.0,0.0,0.0,0.0,0.0,0.0,0.0,0.0,0.0,0.0,0.0,0.0,0.0,0.0,0.0,0.0,0.0,0.0,0.0,8.0,2.0,1.0
1820,15.29582629999998,0,8.1023,2.0637,2.3256,1.7953,0.211,0.003,0.0062,0.0002,0.0459,0.0581,0.003,0.0013,0.013,0.0001,0.0018,0.0022,0.0002,0.0002,0.0098,0.0014,0.0005,0.0028,0.0,0.1074,0.0275,0.0,0.0085,0.0,125.0,0.0,62.0,63.0,56.0,0.0,0.0,0.0,0.0,0.0,0.0,0.0,0.0,0.0,0.0,0.0,0.0,0.0,0.0,0.0,0.0,0.0,0.0,8.0,2.0,1.0
1821,15.30392859999998,0,8.3701,1.9848,1.8955,1.8304,0.1679,0.0027,0.0067,0.0002,0.0328,0.045,0.0021,0.0007,0.009,0.0007,0.0014,0.0014,0.0001,0.0002,0.0086,0.0012,0.0008,0.0025,0.0,0.0844,0.0191,0.0001,0.0094,0.0,125.0,0.0,62.0,63.0,56.0,0.0,0.0,0.0,0.0,0.0,0.0,0.0,0.0,0.0,0.0,0.0,0.0,0.0,0.0,0.0,0.0,0.0,0.0,8.0,2.0,1.0
1822,15.31229869999998,0,8.5248,1.8029,2.428,1.683,0.2327,0.0038,0.0083,0.0003,0.047,0.0623,0.0025,0.0013,0.0122,0.0002,0.0027,0.0019,0.0002,0.0001,0.0125,0.0015,0.0007,0.0028,0.0001,0.1138,0.0365,0.0001,0.0091,0.0,125.0,0.0,62.0,63.0,56.0,0.0,0.0,0.0,0.0,0.0,0.0,0.0,0.0,0.0,0.0,0.0,0.0,0.0,0.0,0.0,0.0,0.0,0.0,8.0,2.0,1.0
1823,15.32082349999998,0,8.3427,2.1525,2.4128,2.1278,0.2414,0.0046,0.0076,0.0002,0.048,0.0641,0.0036,0.0012,0.0161,0.0003,0.0021,0.0019,0.0001,0.0001,0.0098,0.0015,0.0006,0.0036,0.0001,0.1227,0.0338,0.0001,0.0093,0.0,125.0,0.0,62.0,63.0,56.0,0.0,0.0,0.0,0.0,0.0,0.0,0.0,0.0,0.0,0.0,0.0,0.0,0.0,0.0,0.0,0.0,0.0,0.0,8.0,2.0,1.0
1824,15.32916619999998,0,8.0775,1.9983,2.1968,1.8888,0.1988,0.0032,0.008,0.0002,0.0353,0.0493,0.0026,0.0013,0.012,0.0002,0.0019,0.0021,0.0001,0.0001,0.0094,0.0013,0.0005,0.003,0.0,0.0957,0.0256,0.0001,0.0093,0.0,125.0,0.0,62.0,63.0,56.0,0.0,0.0,0.0,0.0,0.0,0.0,0.0,0.0,0.0,0.0,0.0,0.0,0.0,0.0,0.0,0.0,0.0,0.0,8.0,2.0,1.0
1825,15.33724369999998,0,8.1475,1.8257,1.8897,1.7126,0.1682,0.0035,0.007,0.0002,0.0259,0.0397,0.0023,0.0006,0.0084,0.0001,0.006,0.0017,0.0001,0.0002,0.0096,0.0012,0.0005,0.0028,0.0001,0.0843,0.0182,0.0,0.0095,0.0,125.0,0.0,62.0,63.0,56.0,0.0,0.0,0.0,0.0,0.0,0.0,0.0,0.0,0.0,0.0,0.0,0.0,0.0,0.0,0.0,0.0,0.0,0.0,8.0,2.0,1.0
1826,15.34539119999998,0,8.367,1.7545,1.8212,1.6262,0.1748,0.0029,0.0074,0.0001,0.0356,0.0483,0.0028,0.0007,0.0095,0.0002,0.0018,0.002,0.0,0.0001,0.0085,0.0018,0.0005,0.0028,0.0,0.0896,0.0192,0.0,0.0088,0.0,125.0,0.0,62.0,63.0,56.0,0.0,0.0,0.0,0.0,0.0,0.0,0.0,0.0,0.0,0.0,0.0,0.0,0.0,0.0,0.0,0.0,0.0,0.0,8.0,2.0,1.0
1827,15.35375819999998,0,8.5519,1.8236,2.2523,1.6494,0.2128,0.0035,0.0077,0.0002,0.0407,0.0555,0.0031,0.0008,0.0131,0.0001,0.0024,0.0012,0.0,0.0,0.0103,0.0018,0.0003,0.0036,0.0001,0.1028,0.0343,0.0001,0.0103,0.0,125.0,0.0,62.0,63.0,56.0,0.0,0.0,0.0,0.0,0.0,0.0,0.0,0.0,0.0,0.0,0.0,0.0,0.0,0.0,0.0,0.0,0.0,0.0,8.0,2.0,1.0
1828,15.36231009999998,0,8.1557,1.921,2.0808,1.8206,0.2079,0.0039,0.0065,0.0003,0.0476,0.0607,0.0035,0.0016,0.0132,0.0002,0.0018,0.0022,0.0002,0.0001,0.0096,0.0014,0.0005,0.0034,0.0001,0.1098,0.0222,0.0001,0.0106,0.0,125.0,0.0,62.0,63.0,58.0,0.0,0.0,0.0,0.0,0.0,0.0,0.0,0.0,0.0,0.0,0.0,0.0,0.0,0.0,0.0,0.0,0.0,0.0,8.0,2.0,1.0
1829,15.37046579999998,0,8.6017,2.1413,2.0068,1.8239,0.1902,0.0033,0.0049,0.0003,0.0369,0.048,0.0026,0.001,0.0107,0.0002,0.0019,0.0025,0.0001,0.0002,0.01,0.0015,0.0013,0.0025,0.0001,0.0928,0.0234,0.0001,0.008,0.0,125.0,0.0,62.0,63.0,58.0,0.0,0.0,0.0,0.0,0.0,0.0,0.0,0.0,0.0,0.0,0.0,0.0,0.0,0.0,0.0,0.0,0.0,0.0,8.0,2.0,1.0
1830,15.37906749999998,0,8.0882,1.9513,2.0647,1.6851,0.2031,0.0045,0.0078,0.0003,0.0406,0.0566,0.0029,0.0014,0.0118,0.0001,0.002,0.0017,0.0001,0.0001,0.0083,0.0011,0.0004,0.0025,0.0,0.0984,0.0269,0.0001,0.0097,0.0,125.0,0.0,62.0,63.0,58.0,0.0,0.0,0.0,0.0,0.0,0.0,0.0,0.0,0.0,0.0,0.0,0.0,0.0,0.0,0.0,0.0,0.0,0.0,8.0,2.0,1.0
1831,15.38715569999998,0,8.5227,2.0411,2.1631,1.7902,0.1938,0.0033,0.007,0.0002,0.0314,0.0448,0.0019,0.0011,0.0112,0.0001,0.0024,0.0021,0.0001,0.0001,0.0091,0.0013,0.0006,0.0026,0.0001,0.089,0.0245,0.0001,0.011,0.0,125.0,0.0,62.0,63.0,58.0,0.0,0.0,0.0,0.0,0.0,0.0,0.0,0.0,0.0,0.0,0.0,0.0,0.0,0.0,0.0,0.0,0.0,0.0,8.0,2.0,1.0
1832,15.39567839999998,0,8.5942,2.0981,2.4074,1.9203,0.2824,0.0044,0.0117,0.0006,0.0665,0.0871,0.0032,0.001,0.0154,0.0002,0.0028,0.002,0.0001,0.0001,0.0101,0.002,0.0006,0.0033,0.0,0.1442,0.0371,0.0001,0.0101,0.0,125.0,0.0,62.0,63.0,58.0,0.0,0.0,0.0,0.0,0.0,0.0,0.0,0.0,0.0,0.0,0.0,0.0,0.0,0.0,0.0,0.0,0.0,0.0,8.0,2.0,1.0
1833,15.40427259999998,0,8.0445,2.0905,2.2264,1.9611,0.1936,0.004,0.0062,0.0002,0.0298,0.0438,0.0021,0.0012,0.0104,0.0002,0.0016,0.0022,0.0002,0.0002,0.0099,0.0012,0.0005,0.0026,0.0001,0.0861,0.021,0.0001,0.0081,0.0,125.0,0.0,62.0,63.0,58.0,0.0,0.0,0.0,0.0,0.0,0.0,0.0,0.0,0.0,0.0,0.0,0.0,0.0,0.0,0.0,0.0,0.0,0.0,8.0,2.0,1.0
1834,15.41231709999998,0,8.2945,2.0573,2.2458,1.8251,0.2338,0.0035,0.0058,0.0003,0.051,0.0647,0.0024,0.0011,0.0121,0.0002,0.0017,0.0017,0.0004,0.0002,0.0095,0.0015,0.0005,0.0027,0.0001,0.1121,0.0371,0.0001,0.0091,0.0,125.0,0.0,62.0,63.0,58.0,0.0,0.0,0.0,0.0,0.0,0.0,0.0,0.0,0.0,0.0,0.0,0.0,0.0,0.0,0.0,0.0,0.0,0.0,8.0,2.0,1.0
1835,15.42061159999998,0,8.2718,1.8959,1.9554,1.831,0.1935,0.0034,0.0078,0.0003,0.0303,0.0442,0.0024,0.0012,0.0113,0.0001,0.0021,0.0023,0.0001,0.0001,0.0091,0.0017,0.0005,0.0029,0.0,0.0893,0.0246,0.0,0.0098,0.0,125.0,0.0,62.0,63.0,58.0,0.0,0.0,0.0,0.0,0.0,0.0,0.0,0.0,0.0,0.0,0.0,0.0,0.0,0.0,0.0,0.0,0.0,0.0,8.0,2.0,1.0
1836,15.428883399999979,0,8.6191,1.8777,2.2931,1.8082,0.2092,0.0039,0.0064,0.0002,0.039,0.0522,0.0023,0.0011,0.0107,0.0002,0.0017,0.0021,0.0001,0.0001,0.0095,0.0012,0.0006,0.0031,0.0,0.0982,0.0262,0.0001,0.0084,0.0,125.0,0.0,62.0,63.0,58.0,0.0,0.0,0.0,0.0,0.0,0.0,0.0,0.0,0.0,0.0,0.0,0.0,0.0,0.0,0.0,0.0,0.0,0.0,8.0,2.0,1.0
1837,15.43750249999998,0,8.2664,2.1148,2.4039,1.7813,0.2598,0.0054,0.0092,0.0002,0.0339,0.0518,0.0031,0.0014,0.0186,0.0004,0.0034,0.0038,0.0001,0.0005,0.0164,0.002,0.0015,0.0027,0.0,0.1243,0.0253,0.0001,0.0089,0.0,125.0,0.0,62.0,63.0,58.0,0.0,0.0,0.0,0.0,0.0,0.0,0.0,0.0,0.0,0.0,0.0,0.0,0.0,0.0,0.0,0.0,0.0,0.0,8.0,2.0,1.0
1838,15.44576889999998,0,8.5959,2.1329,2.343,2.014,0.2512,0.0043,0.0065,0.0003,0.0502,0.0661,0.003,0.0007,0.0148,0.0005,0.002,0.0016,0.0,0.0001,0.013,0.0014,0.0003,0.0028,0.0,0.12,0.0373,0.0001,0.0095,0.0,125.0,0.0,62.0,63.0,58.0,0.0,0.0,0.0,0.0,0.0,0.0,0.0,0.0,0.0,0.0,0.0,0.0,0.0,0.0,0.0,0.0,0.0,0.0,8.0,2.0,1.0
1839,15.45436479999998,0,8.2724,2.0509,2.2377,1.7656,0.1893,0.0036,0.0068,0.0002,0.0316,0.0451,0.0027,0.0008,0.0114,0.0002,0.0021,0.0017,0.0001,0.0001,0.0094,0.0012,0.0006,0.0027,0.0,0.0886,0.0211,0.0001,0.0096,0.0,125.0,0.0,62.0,63.0,58.0,0.0,0.0,0.0,0.0,0.0,0.0,0.0,0.0,0.0,0.0,0.0,0.0,0.0,0.0,0.0,0.0,0.0,0.0,8.0,2.0,1.0
1840,15.462637199999978,0,8.1834,2.2885,2.8069,1.8706,0.2498,0.0039,0.0073,0.0003,0.0543,0.0702,0.0028,0.0007,0.0115,0.0002,0.0016,0.0011,0.0,0.0,0.0087,0.0012,0.0002,0.0031,0.0,0.1136,0.0425,0.0,0.0106,0.0,125.0,0.0,62.0,63.0,58.0,0.0,0.0,0.0,0.0,0.0,0.0,0.0,0.0,0.0,0.0,0.0,0.0,0.0,0.0,0.0,0.0,0.0,0.0,8.0,2.0,1.0
1841,15.470820599999978,0,8.3367,2.2196,2.1586,1.8908,0.2129,0.0034,0.007,0.0002,0.0349,0.0484,0.0029,0.0015,0.0153,0.0001,0.0022,0.0022,0.0005,0.0002,0.012,0.0016,0.0005,0.0038,0.0,0.1047,0.0239,0.0002,0.0106,0.0,125.0,0.0,62.0,63.0,58.0,0.0,0.0,0.0,0.0,0.0,0.0,0.0,0.0,0.0,0.0,0.0,0.0,0.0,0.0,0.0,0.0,0.0,0.0,8.0,2.0,1.0
1842,15.479157299999978,0,8.0903,2.0716,2.1159,1.9021,0.1856,0.0029,0.0048,0.0001,0.0417,0.0526,0.0024,0.0014,0.012,0.0001,0.0019,0.0015,0.0001,0.0001,0.0092,0.0017,0.0005,0.0027,0.0,0.0978,0.0201,0.0,0.0085,0.0,125.0,0.0,62.0,63.0,58.0,0.0,0.0,0.0,0.0,0.0,0.0,0.0,0.0,0.0,0.0,0.0,0.0,0.0,0.0,0.0,0.0,0.0,0.0,8.0,2.0,1.0
1843,15.487247599999977,0,8.2293,1.9476,2.057,1.8094,0.1825,0.0039,0.0068,0.0002,0.0291,0.0424,0.0027,0.0007,0.0117,0.0001,0.0017,0.0017,0.0001,0.0001,0.0095,0.0018,0.0005,0.0028,0.0001,0.0863,0.019,0.0001,0.0077,0.0,125.0,0.0,62.0,63.0,58.0,0.0,0.0,0.0,0.0,0.0,0.0,0.0,0.0,0.0,0.0,0.0,0.0,0.0,0.0,0.0,0.0,0.0,0.0,8.0,2.0,1.0
1844,15.495476899999977,0,8.4106,1.9992,2.1169,1.767,0.2067,0.005,0.0082,0.0002,0.0397,0.0558,0.0032,0.0009,0.0139,0.0005,0.0017,0.0021,0.0,0.0002,0.0093,0.0014,0.0005,0.0029,0.0,0.1051,0.0221,0.0001,0.0093,0.0,125.0,0.0,62.0,63.0,58.0,0.0,0.0,0.0,0.0,0.0,0.0,0.0,0.0,0.0,0.0,0.0,0.0,0.0,0.0,0.0,0.0,0.0,0.0,8.0,2.0,1.0
1845,15.503887499999976,0,8.2861,1.8932,1.9263,1.6969,0.1879,0.0034,0.0074,0.0003,0.0334,0.0471,0.0024,0.0009,0.0118,0.0001,0.0018,0.0015,0.0001,0.0001,0.0087,0.0018,0.0005,0.003,0.0,0.0916,0.02,0.0001,0.0109,0.0,125.0,0.0,62.0,63.0,58.0,0.0,0.0,0.0,0.0,0.0,0.0,0.0,0.0,0.0,0.0,0.0,0.0,0.0,0.0,0.0,0.0,0.0,0.0,8.0,2.0,1.0
1846,15.512173599999976,0,8.288,1.9413,2.0679,1.7897,0.1927,0.0037,0.0075,0.0002,0.0361,0.0503,0.0024,0.0009,0.0117,0.0002,0.0016,0.0022,0.0001,0.0001,0.0092,0.0014,0.0005,0.0029,0.0001,0.0962,0.0192,0.0001,0.0093,0.0,125.0,0.0,62.0,63.0,58.0,0.0,0.0,0.0,0.0,0.0,0.0,0.0,0.0,0.0,0.0,0.0,0.0,0.0,0.0,0.0,0.0,0.0,0.0,8.0,2.0,1.0
1847,15.520461599999976,0,8.4462,1.8845,2.1068,1.7198,0.2007,0.0038,0.0079,0.0002,0.0321,0.0466,0.0034,0.0008,0.0127,0.0007,0.0017,0.0022,0.0,0.0001,0.0106,0.0019,0.0006,0.0029,0.0001,0.0952,0.0224,0.0001,0.0099,0.0,125.0,0.0,62.0,63.0,58.0,0.0,0.0,0.0,0.0,0.0,0.0,0.0,0.0,0.0,0.0,0.0,0.0,0.0,0.0,0.0,0.0,0.0,0.0,8.0,2.0,1.0
1848,15.528907799999976,0,8.4539,1.8751,2.011,1.7107,0.2032,0.0034,0.0074,0.0002,0.0429,0.0571,0.0025,0.0015,0.012,0.0002,0.0017,0.0022,0.0002,0.0001,0.0089,0.0017,0.0004,0.003,0.0,0.103,0.0212,0.0,0.009,0.0,125.0,0.0,62.0,63.0,58.0,0.0,0.0,0.0,0.0,0.0,0.0,0.0,0.0,0.0,0.0,0.0,0.0,0.0,0.0,0.0,0.0,0.0,0.0,8.0,2.0,1.0
1849,15.537361699999975,0,8.212,1.8745,2.2367,1.7512,0.1886,0.0039,0.0073,0.0003,0.0277,0.042,0.0023,0.0015,0.0118,0.0006,0.0017,0.0022,0.0001,0.0002,0.0091,0.0015,0.0004,0.003,0.0,0.0878,0.0223,0.0002,0.0094,0.0,125.0,0.0,62.0,63.0,58.0,0.0,0.0,0.0,0.0,0.0,0.0,0.0,0.0,0.0,0.0,0.0,0.0,0.0,0.0,0.0,0.0,0.0,0.0,8.0,2.0,1.0
1850,15.545573699999975,0,8.3441,1.9293,1.98,1.7446,0.1894,0.0029,0.0071,0.0002,0.0401,0.0536,0.0024,0.0007,0.0116,0.0001,0.0016,0.0016,0.0001,0.0001,0.009,0.0017,0.0005,0.003,0.0,0.0972,0.02,0.0001,0.0088,0.0,125.0,0.0,62.0,63.0,58.0,0.0,0.0,0.0,0.0,0.0,0.0,0.0,0.0,0.0,0.0,0.0,0.0,0.0,0.0,0.0,0.0,0.0,0.0,8.0,2.0,1.0
1851,15.553917799999976,0,8.3477,1.8688,2.2165,1.7442,0.1823,0.0031,0.0067,0.0002,0.0336,0.0462,0.002,0.0009,0.0094,0.0001,0.0018,0.0021,0.0002,0.0002,0.0086,0.0015,0.0004,0.0026,0.0,0.0869,0.0225,0.0,0.0088,0.0,125.0,0.0,62.0,63.0,58.0,0.0,0.0,0.0,0.0,0.0,0.0,0.0,0.0,0.0,0.0,0.0,0.0,0.0,0.0,0.0,0.0,0.0,0.0,8.0,2.0,1.0
1852,15.562265499999976,0,8.2183,1.8738,2.0511,1.6982,0.1919,0.0033,0.0068,0.0003,0.0399,0.053,0.0023,0.0008,0.0112,0.0001,0.0016,0.0021,0.0001,0.0001,0.0092,0.0013,0.0005,0.003,0.0001,0.0978,0.0208,0.0,0.0093,0.0,125.0,0.0,62.0,63.0,58.0,0.0,0.0,0.0,0.0,0.0,0.0,0.0,0.0,0.0,0.0,0.0,0.0,0.0,0.0,0.0,0.0,0.0,0.0,8.0,2.0,1.0
1853,15.570483799999975,0,8.3397,1.8387,2.0483,1.7364,0.183,0.0029,0.0069,0.0003,0.0285,0.0414,0.0024,0.0007,0.0109,0.0002,0.0022,0.0021,0.0001,0.0001,0.0093,0.0018,0.0006,0.003,0.0,0.0856,0.0236,0.0,0.0085,0.0,125.0,0.0,62.0,63.0,58.0,0.0,0.0,0.0,0.0,0.0,0.0,0.0,0.0,0.0,0.0,0.0,0.0,0.0,0.0,0.0,0.0,0.0,0.0,8.0,2.0,1.0
1854,15.578823499999976,0,8.9988,1.9982,2.4563,1.7977,0.2793,0.0038,0.0073,0.0009,0.0629,0.0784,0.0035,0.0016,0.0161,0.0002,0.003,0.0017,0.0001,0.0001,0.0114,0.0012,0.0012,0.0053,0.0001,0.1415,0.0368,0.0002,0.012,0.0,125.0,0.0,62.0,63.0,58.0,0.0,0.0,0.0,0.0,0.0,0.0,0.0,0.0,0.0,0.0,0.0,0.0,0.0,0.0,0.0,0.0,0.0,0.0,8.0,2.0,1.0
1855,15.587822299999976,0,7.7007,2.0751,2.1728,1.8015,0.1777,0.0036,0.0063,0.0002,0.0285,0.0409,0.0022,0.001,0.0103,0.0005,0.0015,0.0019,0.0001,0.0002,0.0088,0.0012,0.0005,0.0026,0.0,0.0859,0.0213,0.0001,0.0078,0.0,125.0,0.0,62.0,63.0,56.0,0.0,0.0,0.0,0.0,0.0,0.0,0.0,0.0,0.0,0.0,0.0,0.0,0.0,0.0,0.0,0.0,0.0,0.0,8.0,2.0,1.0
1856,15.595522999999975,0,8.5162,1.7791,2.1738,1.701,0.1926,0.0037,0.007,0.0003,0.0377,0.0513,0.0022,0.0016,0.011,0.0001,0.0023,0.0022,0.0001,0.0001,0.009,0.0015,0.0005,0.003,0.0,0.0947,0.0233,0.0001,0.0095,0.0,125.0,0.0,62.0,63.0,56.0,0.0,0.0,0.0,0.0,0.0,0.0,0.0,0.0,0.0,0.0,0.0,0.0,0.0,0.0,0.0,0.0,0.0,0.0,8.0,2.0,1.0
1857,15.604039199999976,0,8.0369,1.9649,1.9938,1.7383,0.1765,0.0028,0.0048,0.0002,0.0329,0.0431,0.0026,0.0011,0.0131,0.0002,0.0014,0.002,0.0001,0.0001,0.009,0.0017,0.0005,0.0029,0.0001,0.0883,0.0211,0.0,0.0093,0.0,125.0,0.0,62.0,63.0,56.0,0.0,0.0,0.0,0.0,0.0,0.0,0.0,0.0,0.0,0.0,0.0,0.0,0.0,0.0,0.0,0.0,0.0,0.0,8.0,2.0,1.0
1858,15.612076099999976,0,8.3932,1.8788,1.9706,1.6924,0.2204,0.004,0.0094,0.0002,0.0391,0.0557,0.0029,0.0007,0.0116,0.0001,0.0019,0.0021,0.0002,0.0001,0.0119,0.0015,0.0005,0.0028,0.0001,0.1091,0.0268,0.0,0.0079,0.0,125.0,0.0,62.0,63.0,56.0,0.0,0.0,0.0,0.0,0.0,0.0,0.0,0.0,0.0,0.0,0.0,0.0,0.0,0.0,0.0,0.0,0.0,0.0,8.0,2.0,1.0
1859,15.620469299999977,0,8.2627,1.9678,1.9221,1.7263,0.1798,0.0034,0.0068,0.0002,0.0321,0.0462,0.0023,0.0009,0.0112,0.0001,0.0017,0.0016,0.0006,0.0001,0.0089,0.0016,0.0005,0.0028,0.0,0.0889,0.0193,0.0001,0.01,0.0,125.0,0.0,62.0,63.0,56.0,0.0,0.0,0.0,0.0,0.0,0.0,0.0,0.0,0.0,0.0,0.0,0.0,0.0,0.0,0.0,0.0,0.0,0.0,8.0,2.0,1.0
1860,15.628731999999976,0,8.2551,1.9241,1.8988,1.9106,0.1881,0.0034,0.0072,0.0003,0.0388,0.0519,0.0023,0.0007,0.0109,0.0001,0.002,0.0017,0.0006,0.0001,0.0084,0.0018,0.0004,0.0028,0.0001,0.0944,0.0201,0.0001,0.0098,0.0,125.0,0.0,62.0,63.0,56.0,0.0,0.0,0.0,0.0,0.0,0.0,0.0,0.0,0.0,0.0,0.0,0.0,0.0,0.0,0.0,0.0,0.0,0.0,8.0,2.0,1.0
1861,15.636987099999976,0,8.59,1.9108,1.955,1.6639,0.1842,0.0033,0.008,0.0002,0.026,0.0406,0.0023,0.0009,0.0103,0.0002,0.0016,0.0021,0.0001,0.0001,0.0094,0.0012,0.0004,0.0027,0.0,0.0828,0.0237,0.0001,0.008,0.0,125.0,0.0,62.0,63.0,56.0,0.0,0.0,0.0,0.0,0.0,0.0,0.0,0.0,0.0,0.0,0.0,0.0,0.0,0.0,0.0,0.0,0.0,0.0,8.0,2.0,1.0
1862,15.645577099999976,0,8.2352,1.7787,2.0148,1.6738,0.1845,0.0034,0.0077,0.0002,0.0353,0.049,0.0024,0.0012,0.0117,0.0001,0.0016,0.0021,0.0002,0.0001,0.0088,0.0015,0.0005,0.0029,0.0001,0.0929,0.0189,0.0,0.009,0.0,125.0,0.0,62.0,63.0,56.0,0.0,0.0,0.0,0.0,0.0,0.0,0.0,0.0,0.0,0.0,0.0,0.0,0.0,0.0,0.0,0.0,0.0,0.0,8.0,2.0,1.0
1863,15.653812299999975,0,8.3042,1.8086,1.9501,1.7208,0.1707,0.0028,0.0049,0.0002,0.0301,0.0402,0.0025,0.0013,0.0129,0.0001,0.0016,0.0019,0.0001,0.0001,0.0085,0.0013,0.0005,0.0027,0.0001,0.0855,0.0202,0.0001,0.009,0.0,125.0,0.0,62.0,63.0,56.0,0.0,0.0,0.0,0.0,0.0,0.0,0.0,0.0,0.0,0.0,0.0,0.0,0.0,0.0,0.0,0.0,0.0,0.0,8.0,2.0,1.0
1864,15.662116499999975,0,8.449,1.8121,1.9329,1.6819,0.1999,0.0032,0.0075,0.0002,0.0457,0.0595,0.0028,0.001,0.012,0.0001,0.0014,0.0016,0.0,0.0001,0.0088,0.0015,0.0005,0.0027,0.0001,0.1026,0.0218,0.0,0.0085,0.0,125.0,0.0,62.0,63.0,56.0,0.0,0.0,0.0,0.0,0.0,0.0,0.0,0.0,0.0,0.0,0.0,0.0,0.0,0.0,0.0,0.0,0.0,0.0,8.0,2.0,1.0
1865,15.670565499999976,0,8.022,1.82,2.0017,1.675,0.1791,0.0032,0.0073,0.0002,0.029,0.0429,0.0023,0.0008,0.0102,0.0001,0.0016,0.0021,0.0001,0.0001,0.0088,0.0018,0.0004,0.0027,0.0001,0.0855,0.0192,0.0001,0.0086,0.0,125.0,0.0,62.0,63.0,56.0,0.0,0.0,0.0,0.0,0.0,0.0,0.0,0.0,0.0,0.0,0.0,0.0,0.0,0.0,0.0,0.0,0.0,0.0,8.0,2.0,1.0
1866,15.678587499999976,0,8.3984,1.7361,1.6854,1.6765,0.1609,0.0032,0.0061,0.0002,0.0339,0.0453,0.0025,0.0006,0.009,0.0001,0.0013,0.0013,0.0,0.0001,0.0081,0.0011,0.0004,0.0026,0.0001,0.0823,0.0178,0.0,0.0088,0.0,125.0,0.0,62.0,63.0,56.0,0.0,0.0,0.0,0.0,0.0,0.0,0.0,0.0,0.0,0.0,0.0,0.0,0.0,0.0,0.0,0.0,0.0,0.0,8.0,2.0,1.0
1867,15.686985899999977,0,8.3665,1.8054,1.9066,1.6111,0.1764,0.0029,0.0071,0.0002,0.0279,0.0414,0.0022,0.0006,0.0115,0.0002,0.0023,0.0016,0.0001,0.0001,0.0085,0.0013,0.0004,0.0028,0.0,0.0841,0.0194,0.0001,0.0086,0.0,125.0,0.0,62.0,63.0,56.0,0.0,0.0,0.0,0.0,0.0,0.0,0.0,0.0,0.0,0.0,0.0,0.0,0.0,0.0,0.0,0.0,0.0,0.0,8.0,2.0,1.0
1868,15.695352399999976,0,8.3111,1.9008,1.8808,1.7502,0.1885,0.0032,0.0075,0.0003,0.0409,0.0546,0.0023,0.0008,0.0099,0.0001,0.0017,0.0022,0.0,0.0001,0.0084,0.0018,0.0005,0.003,0.0,0.0957,0.0195,0.0,0.0077,0.0,125.0,0.0,62.0,63.0,56.0,0.0,0.0,0.0,0.0,0.0,0.0,0.0,0.0,0.0,0.0,0.0,0.0,0.0,0.0,0.0,0.0,0.0,0.0,8.0,2.0,1.0
1869,15.703663499999976,0,8.5446,1.8823,1.8436,1.796,0.1787,0.004,0.0072,0.0002,0.034,0.0477,0.0023,0.0008,0.0114,0.0001,0.0016,0.0016,0.0,0.0001,0.0087,0.0012,0.0009,0.0027,0.0,0.0903,0.018,0.0,0.0096,0.0,125.0,0.0,62.0,63.0,56.0,0.0,0.0,0.0,0.0,0.0,0.0,0.0,0.0,0.0,0.0,0.0,0.0,0.0,0.0,0.0,0.0,0.0,0.0,8.0,2.0,1.0
1870,15.712208099999977,0,8.1961,1.8722,2.0288,1.797,0.1827,0.0029,0.0054,0.0002,0.0426,0.0535,0.0026,0.0008,0.0119,0.0002,0.0015,0.0019,0.0,0.0001,0.0087,0.0015,0.0004,0.0028,0.0,0.0965,0.0204,0.0001,0.0093,0.0,125.0,0.0,62.0,63.0,56.0,0.0,0.0,0.0,0.0,0.0,0.0,0.0,0.0,0.0,0.0,0.0,0.0,0.0,0.0,0.0,0.0,0.0,0.0,8.0,2.0,1.0
1871,15.720404199999976,0,8.212,1.8857,1.9031,1.7058,0.173,0.0026,0.0054,0.0007,0.0284,0.0397,0.0022,0.001,0.012,0.0002,0.0016,0.0021,0.0001,0.0001,0.0085,0.0018,0.0005,0.0026,0.0,0.0838,0.02,0.0001,0.0087,0.0,125.0,0.0,62.0,63.0,56.0,0.0,0.0,0.0,0.0,0.0,0.0,0.0,0.0,0.0,0.0,0.0,0.0,0.0,0.0,0.0,0.0,0.0,0.0,8.0,2.0,1.0
1872,15.728616199999976,0,8.4146,1.7304,1.7218,1.6827,0.1731,0.0029,0.0052,0.0001,0.0377,0.0479,0.0021,0.0007,0.0118,0.0002,0.0022,0.0021,0.0,0.0001,0.0082,0.0012,0.0009,0.0026,0.0001,0.0916,0.0211,0.0001,0.0093,0.0,125.0,0.0,62.0,63.0,56.0,0.0,0.0,0.0,0.0,0.0,0.0,0.0,0.0,0.0,0.0,0.0,0.0,0.0,0.0,0.0,0.0,0.0,0.0,8.0,2.0,1.0
1873,15.737030799999976,0,8.4733,1.8702,2.0826,1.6035,0.1708,0.0043,0.0071,0.0002,0.0248,0.0396,0.0021,0.0007,0.0106,0.0001,0.0021,0.0015,0.0001,0.0006,0.0083,0.0017,0.0004,0.0024,0.0,0.0809,0.0205,0.0,0.0092,0.0,125.0,0.0,62.0,63.0,56.0,0.0,0.0,0.0,0.0,0.0,0.0,0.0,0.0,0.0,0.0,0.0,0.0,0.0,0.0,0.0,0.0,0.0,0.0,8.0,2.0,1.0
1874,15.745504099999977,0,8.2616,1.9365,1.8972,1.75,0.1748,0.0036,0.0078,0.0003,0.0267,0.0412,0.0025,0.0007,0.0097,0.0001,0.0016,0.0023,0.0,0.0001,0.0085,0.0016,0.0005,0.0026,0.0,0.0815,0.0202,0.0,0.0081,0.0,125.0,0.0,62.0,63.0,56.0,0.0,0.0,0.0,0.0,0.0,0.0,0.0,0.0,0.0,0.0,0.0,0.0,0.0,0.0,0.0,0.0,0.0,0.0,8.0,2.0,1.0
1875,15.753765699999978,0,8.3122,1.8189,1.8634,1.6163,0.1749,0.0036,0.0077,0.0002,0.0288,0.0427,0.0021,0.0008,0.01,0.0002,0.0017,0.0018,0.0001,0.0001,0.0088,0.0017,0.0004,0.003,0.0001,0.085,0.0209,0.0001,0.0096,0.0,125.0,0.0,62.0,63.0,56.0,0.0,0.0,0.0,0.0,0.0,0.0,0.0,0.0,0.0,0.0,0.0,0.0,0.0,0.0,0.0,0.0,0.0,0.0,8.0,2.0,1.0
1876,15.762077899999978,0,8.4841,1.86,2.0925,1.6656,0.1833,0.0032,0.0077,0.0003,0.0299,0.044,0.0021,0.0012,0.0114,0.0005,0.0018,0.0018,0.0002,0.0001,0.0081,0.0016,0.0005,0.0027,0.0,0.0866,0.0202,0.0,0.0083,0.0,125.0,0.0,62.0,63.0,56.0,0.0,0.0,0.0,0.0,0.0,0.0,0.0,0.0,0.0,0.0,0.0,0.0,0.0,0.0,0.0,0.0,0.0,0.0,8.0,2.0,1.0
1877,15.770561999999979,0,8.1918,1.8838,1.993,1.6894,0.1737,0.0028,0.0048,0.0002,0.032,0.0422,0.0027,0.001,0.0094,0.0001,0.0018,0.0019,0.0005,0.0001,0.0086,0.0017,0.0005,0.0027,0.0,0.0846,0.0221,0.0,0.0085,0.0,125.0,0.0,62.0,63.0,56.0,0.0,0.0,0.0,0.0,0.0,0.0,0.0,0.0,0.0,0.0,0.0,0.0,0.0,0.0,0.0,0.0,0.0,0.0,8.0,2.0,1.0
1878,15.77875379999998,0,8.4356,1.8331,1.9579,1.7871,0.1876,0.0042,0.0094,0.0003,0.0346,0.0517,0.003,0.001,0.0127,0.0002,0.0015,0.0015,0.0005,0.0002,0.009,0.0012,0.001,0.0027,0.0001,0.0964,0.0204,0.0001,0.0105,0.0,125.0,0.0,62.0,63.0,56.0,0.0,0.0,0.0,0.0,0.0,0.0,0.0,0.0,0.0,0.0,0.0,0.0,0.0,0.0,0.0,0.0,0.0,0.0,8.0,2.0,1.0
1879,15.78718939999998,0,8.1253,1.7988,1.9267,1.7409,0.1788,0.0032,0.0073,0.0002,0.028,0.0423,0.0022,0.0008,0.0111,0.0001,0.0023,0.0015,0.0001,0.0001,0.0085,0.0013,0.0005,0.0029,0.0001,0.0854,0.0189,0.0001,0.0092,0.0,125.0,0.0,62.0,63.0,56.0,0.0,0.0,0.0,0.0,0.0,0.0,0.0,0.0,0.0,0.0,0.0,0.0,0.0,0.0,0.0,0.0,0.0,0.0,8.0,2.0,1.0
1880,15.79531469999998,0,8.3394,1.8107,1.8033,1.706,0.1818,0.0029,0.0056,0.0003,0.0385,0.0503,0.0023,0.0009,0.0111,0.0001,0.0015,0.0015,0.0,0.0001,0.0087,0.0017,0.0005,0.003,0.0001,0.0934,0.0191,0.0,0.0096,0.0,125.0,0.0,62.0,63.0,56.0,0.0,0.0,0.0,0.0,0.0,0.0,0.0,0.0,0.0,0.0,0.0,0.0,0.0,0.0,0.0,0.0,0.0,0.0,8.0,2.0,1.0
1881,15.80365409999998,0,8.6333,1.9716,1.8387,1.6652,0.1724,0.0031,0.0067,0.0003,0.0291,0.0416,0.0022,0.0009,0.0102,0.0006,0.0018,0.0019,0.0,0.0002,0.009,0.0016,0.0005,0.0028,0.0001,0.0822,0.0187,0.0001,0.0074,0.0,125.0,0.0,62.0,63.0,56.0,0.0,0.0,0.0,0.0,0.0,0.0,0.0,0.0,0.0,0.0,0.0,0.0,0.0,0.0,0.0,0.0,0.0,0.0,8.0,2.0,1.0
1882,15.81228739999998,0,8.4816,1.7857,2.3113,1.7283,0.1811,0.0037,0.0074,0.0003,0.0291,0.0432,0.0023,0.001,0.0102,0.0001,0.0021,0.0013,0.0001,0.0001,0.0088,0.0013,0.0005,0.0028,0.0,0.0842,0.0216,0.0001,0.0088,0.0,125.0,0.0,62.0,63.0,56.0,0.0,0.0,0.0,0.0,0.0,0.0,0.0,0.0,0.0,0.0,0.0,0.0,0.0,0.0,0.0,0.0,0.0,0.0,8.0,2.0,1.0
1883,15.820768999999979,0,8.0699,2.0431,2.097,1.7658,0.1797,0.0032,0.0078,0.0002,0.0305,0.0441,0.0022,0.0005,0.0115,0.0001,0.0015,0.0016,0.0001,0.0001,0.0097,0.0019,0.0005,0.0028,0.0,0.0879,0.0194,0.0001,0.0087,0.0,125.0,0.0,62.0,63.0,56.0,0.0,0.0,0.0,0.0,0.0,0.0,0.0,0.0,0.0,0.0,0.0,0.0,0.0,0.0,0.0,0.0,0.0,0.0,8.0,2.0,1.0
1884,15.82883889999998,0,8.2761,1.9296,2.0724,1.6059,0.1786,0.0029,0.005,0.0002,0.0416,0.052,0.0025,0.0008,0.0113,0.0002,0.0019,0.0017,0.0001,0.0001,0.0085,0.0013,0.0004,0.0027,0.0001,0.0954,0.0197,0.0001,0.0088,0.0,125.0,0.0,62.0,63.0,56.0,0.0,0.0,0.0,0.0,0.0,0.0,0.0,0.0,0.0,0.0,0.0,0.0,0.0,0.0,0.0,0.0,0.0,0.0,8.0,2.0,1.0
1885,15.83711499999998,0,8.2468,1.8319,1.8906,1.7416,0.1748,0.0031,0.0075,0.0003,0.0298,0.0428,0.0031,0.0008,0.0119,0.0002,0.0018,0.0015,0.0001,0.0002,0.009,0.0014,0.0004,0.0029,0.0001,0.0863,0.018,0.0,0.0097,0.0,125.0,0.0,62.0,63.0,56.0,0.0,0.0,0.0,0.0,0.0,0.0,0.0,0.0,0.0,0.0,0.0,0.0,0.0,0.0,0.0,0.0,0.0,0.0,8.0,2.0,1.0
1886,15.84536179999998,0,8.718,1.7876,2.2423,1.7133,0.1937,0.0031,0.0082,0.0002,0.0348,0.0494,0.003,0.0009,0.0135,0.0002,0.0023,0.0022,0.0001,0.0001,0.0102,0.0014,0.0009,0.0027,0.0,0.0978,0.0215,0.0001,0.0091,0.0,125.0,0.0,62.0,63.0,56.0,0.0,0.0,0.0,0.0,0.0,0.0,0.0,0.0,0.0,0.0,0.0,0.0,0.0,0.0,0.0,0.0,0.0,0.0,8.0,2.0,1.0
1887,15.85407979999998,0,8.1029,1.8252,1.9226,1.655,0.1564,0.003,0.0061,0.0002,0.0256,0.0372,0.0018,0.0005,0.0104,0.0001,0.002,0.0013,0.0002,0.0001,0.0088,0.0011,0.0004,0.0028,0.0001,0.0764,0.0188,0.0,0.0078,0.0,125.0,0.0,62.0,63.0,56.0,0.0,0.0,0.0,0.0,0.0,0.0,0.0,0.0,0.0,0.0,0.0,0.0,0.0,0.0,0.0,0.0,0.0,0.0,8.0,2.0,1.0
1888,15.86218269999998,0,8.2178,1.7097,1.9856,1.6189,0.1778,0.0032,0.008,0.0003,0.0301,0.0441,0.0021,0.0014,0.0106,0.0001,0.0022,0.0015,0.0002,0.0005,0.0089,0.0013,0.001,0.0026,0.0,0.0865,0.0191,0.0001,0.0085,0.0,125.0,0.0,62.0,63.0,56.0,0.0,0.0,0.0,0.0,0.0,0.0,0.0,0.0,0.0,0.0,0.0,0.0,0.0,0.0,0.0,0.0,0.0,0.0,8.0,2.0,1.0
1889,15.870400499999981,0,8.6727,1.9307,2.2323,1.7846,0.1965,0.0041,0.0084,0.0003,0.0335,0.0489,0.0022,0.0009,0.0114,0.0001,0.0022,0.0016,0.0006,0.0001,0.0088,0.0015,0.0005,0.0034,0.0,0.0938,0.0216,0.0001,0.0101,0.0,125.0,0.0,62.0,63.0,56.0,0.0,0.0,0.0,0.0,0.0,0.0,0.0,0.0,0.0,0.0,0.0,0.0,0.0,0.0,0.0,0.0,0.0,0.0,8.0,2.0,1.0
1890,15.879073199999981,0,8.2186,1.8739,2.085,1.6948,0.1644,0.0027,0.0069,0.0001,0.032,0.0453,0.0022,0.0007,0.009,0.0002,0.0014,0.0014,0.0001,0.0001,0.0084,0.0012,0.001,0.0024,0.0,0.0827,0.0205,0.0001,0.0113,0.0,125.0,0.0,62.0,63.0,56.0,0.0,0.0,0.0,0.0,0.0,0.0,0.0,0.0,0.0,0.0,0.0,0.0,0.0,0.0,0.0,0.0,0.0,0.0,8.0,2.0,1.0
1891,15.88729179999998,0,8.0989,1.892,2.0003,1.6762,0.1494,0.0029,0.0064,0.0002,0.0266,0.0381,0.0019,0.0007,0.0092,0.0001,0.0014,0.0018,0.0001,0.0001,0.0078,0.0012,0.001,0.0023,0.0,0.0738,0.0151,0.0,0.0085,0.0,125.0,0.0,62.0,63.0,56.0,0.0,0.0,0.0,0.0,0.0,0.0,0.0,0.0,0.0,0.0,0.0,0.0,0.0,0.0,0.0,0.0,0.0,0.0,8.0,2.0,1.0
1892,15.89539069999998,0,8.6096,1.9057,1.9603,1.7095,0.2,0.0034,0.0074,0.0003,0.0378,0.0521,0.0028,0.001,0.0146,0.0001,0.0017,0.002,0.0001,0.0001,0.0093,0.0012,0.0005,0.0029,0.0,0.0999,0.0208,0.0001,0.0094,0.0,125.0,0.0,62.0,63.0,56.0,0.0,0.0,0.0,0.0,0.0,0.0,0.0,0.0,0.0,0.0,0.0,0.0,0.0,0.0,0.0,0.0,0.0,0.0,8.0,2.0,1.0
1893,15.90400029999998,0,8.1075,1.9416,2.0328,1.8179,0.1664,0.0032,0.0071,0.0002,0.0267,0.0395,0.0025,0.0009,0.0105,0.0001,0.0019,0.0013,0.0001,0.0001,0.009,0.0013,0.0004,0.0029,0.0,0.0809,0.0185,0.0,0.0088,0.0,125.0,0.0,62.0,63.0,56.0,0.0,0.0,0.0,0.0,0.0,0.0,0.0,0.0,0.0,0.0,0.0,0.0,0.0,0.0,0.0,0.0,0.0,0.0,8.0,2.0,1.0
1894,15.91210779999998,0,8.2696,1.8335,1.885,1.8269,0.1726,0.0029,0.0052,0.0001,0.0373,0.0473,0.0023,0.0009,0.0118,0.0001,0.0015,0.0012,0.0,0.0002,0.0084,0.0012,0.0005,0.0028,0.0,0.0894,0.0213,0.0001,0.009,0.0,125.0,0.0,62.0,63.0,56.0,0.0,0.0,0.0,0.0,0.0,0.0,0.0,0.0,0.0,0.0,0.0,0.0,0.0,0.0,0.0,0.0,0.0,0.0,8.0,2.0,1.0
1895,15.92037739999998,0,8.2605,1.6813,1.8592,1.7754,0.1687,0.0029,0.007,0.0002,0.0309,0.0433,0.0022,0.0007,0.01,0.0001,0.0014,0.0019,0.0001,0.0001,0.0078,0.0018,0.0005,0.0028,0.0,0.0834,0.0195,0.0,0.0093,0.0,125.0,0.0,62.0,63.0,56.0,0.0,0.0,0.0,0.0,0.0,0.0,0.0,0.0,0.0,0.0,0.0,0.0,0.0,0.0,0.0,0.0,0.0,0.0,8.0,2.0,1.0
1896,15.92863789999998,0,8.5151,1.9368,1.8805,1.7365,0.1735,0.0027,0.0048,0.0001,0.0404,0.0505,0.0027,0.0007,0.0108,0.0001,0.0014,0.002,0.0,0.0001,0.008,0.0018,0.0005,0.0028,0.0,0.0922,0.0194,0.0,0.0089,0.0,125.0,0.0,62.0,63.0,56.0,0.0,0.0,0.0,0.0,0.0,0.0,0.0,0.0,0.0,0.0,0.0,0.0,0.0,0.0,0.0,0.0,0.0,0.0,8.0,2.0,1.0
1897,15.93715299999998,0,8.1571,1.8096,1.9515,1.6292,0.1631,0.0028,0.0064,0.0002,0.03,0.0418,0.0023,0.0007,0.0095,0.0001,0.0019,0.0015,0.0001,0.0001,0.0083,0.0013,0.001,0.0024,0.0001,0.0799,0.0169,0.0001,0.0087,0.0,125.0,0.0,62.0,63.0,56.0,0.0,0.0,0.0,0.0,0.0,0.0,0.0,0.0,0.0,0.0,0.0,0.0,0.0,0.0,0.0,0.0,0.0,0.0,8.0,2.0,1.0
1898,15.94531009999998,0,8.5235,1.7477,1.9661,1.6074,0.2104,0.0031,0.0072,0.0003,0.0491,0.0626,0.0028,0.0009,0.0139,0.0003,0.0019,0.0017,0.0001,0.0001,0.0087,0.0013,0.0005,0.0028,0.0001,0.1097,0.0226,0.0001,0.0106,0.0,125.0,0.0,62.0,63.0,56.0,0.0,0.0,0.0,0.0,0.0,0.0,0.0,0.0,0.0,0.0,0.0,0.0,0.0,0.0,0.0,0.0,0.0,0.0,8.0,2.0,1.0
1899,15.953833599999982,0,8.2497,1.8371,1.9078,1.7155,0.1764,0.0032,0.0069,0.0002,0.0281,0.0414,0.0021,0.0013,0.0116,0.0001,0.0022,0.0016,0.0004,0.0001,0.0084,0.0012,0.0009,0.0028,0.0,0.0844,0.0182,0.0,0.0106,0.0,125.0,0.0,62.0,63.0,56.0,0.0,0.0,0.0,0.0,0.0,0.0,0.0,0.0,0.0,0.0,0.0,0.0,0.0,0.0,0.0,0.0,0.0,0.0,8.0,2.0,1.0
1900,15.962083299999982,0,8.5205,1.8204,2.0922,1.645,0.1922,0.0029,0.0051,0.0002,0.049,0.06,0.0027,0.0009,0.0117,0.0001,0.0021,0.0016,0.0001,0.0005,0.0089,0.0012,0.0005,0.0027,0.0001,0.1036,0.0206,0.0,0.0108,0.0,125.0,0.0,62.0,63.0,56.0,0.0,0.0,0.0,0.0,0.0,0.0,0.0,0.0,0.0,0.0,0.0,0.0,0.0,0.0,0.0,0.0,0.0,0.0,8.0,2.0,1.0
1901,15.970603799999981,0,8.0346,2.1854,1.8613,1.7226,0.1767,0.0039,0.0074,0.0002,0.0281,0.0425,0.0023,0.0007,0.0109,0.0001,0.0024,0.0015,0.0001,0.0005,0.0088,0.0012,0.0005,0.0028,0.0001,0.0854,0.0196,0.0,0.0093,0.0,125.0,0.0,62.0,63.0,56.0,0.0,0.0,0.0,0.0,0.0,0.0,0.0,0.0,0.0,0.0,0.0,0.0,0.0,0.0,0.0,0.0,0.0,0.0,8.0,2.0,1.0
1902,15.978638399999982,0,8.3219,1.9052,1.7598,1.5823,0.1699,0.0043,0.0074,0.0002,0.0322,0.0472,0.0022,0.0008,0.0104,0.0002,0.0014,0.0014,0.0,0.0001,0.009,0.0011,0.0004,0.0028,0.0001,0.0866,0.018,0.0001,0.0097,0.0,125.0,0.0,62.0,63.0,56.0,0.0,0.0,0.0,0.0,0.0,0.0,0.0,0.0,0.0,0.0,0.0,0.0,0.0,0.0,0.0,0.0,0.0,0.0,8.0,2.0,1.0
1903,15.986960299999982,0,8.3542,1.9903,1.8034,1.7221,0.1619,0.003,0.0065,0.0002,0.0283,0.0409,0.0023,0.0008,0.0107,0.0001,0.0018,0.0014,0.0,0.0001,0.0089,0.0012,0.0004,0.0028,0.0,0.0814,0.0181,0.0001,0.0087,0.0,125.0,0.0,62.0,63.0,56.0,0.0,0.0,0.0,0.0,0.0,0.0,0.0,0.0,0.0,0.0,0.0,0.0,0.0,0.0,0.0,0.0,0.0,0.0,8.0,2.0,1.0
1904,15.995314499999981,0,8.5738,1.8686,1.9048,1.6853,0.1826,0.0037,0.0072,0.0002,0.0338,0.0471,0.0023,0.0014,0.0107,0.0001,0.002,0.0016,0.0,0.0005,0.0093,0.0013,0.001,0.0027,0.0,0.0897,0.0206,0.0,0.0085,0.0,125.0,0.0,62.0,63.0,56.0,0.0,0.0,0.0,0.0,0.0,0.0,0.0,0.0,0.0,0.0,0.0,0.0,0.0,0.0,0.0,0.0,0.0,0.0,8.0,2.0,1.0
1905,16.003888299999982,0,8.1285,1.9198,1.9809,1.6525,0.1765,0.003,0.0067,0.0003,0.032,0.0447,0.0024,0.0007,0.011,0.0002,0.0015,0.0017,0.0,0.0001,0.0102,0.0017,0.0004,0.0029,0.0,0.088,0.0176,0.0,0.0085,0.0,125.0,0.0,62.0,63.0,56.0,0.0,0.0,0.0,0.0,0.0,0.0,0.0,0.0,0.0,0.0,0.0,0.0,0.0,0.0,0.0,0.0,0.0,0.0,8.0,2.0,1.0
1906,16.012016799999984,0,8.5629,1.8512,2.0652,1.8842,0.1887,0.004,0.0077,0.0003,0.0363,0.0512,0.0024,0.001,0.0117,0.0001,0.0018,0.002,0.0001,0.0001,0.0095,0.0013,0.0005,0.0031,0.0001,0.0959,0.0194,0.0,0.0083,0.0,125.0,0.0,62.0,63.0,56.0,0.0,0.0,0.0,0.0,0.0,0.0,0.0,0.0,0.0,0.0,0.0,0.0,0.0,0.0,0.0,0.0,0.0,0.0,8.0,2.0,1.0
1907,16.020579699999985,0,8.2046,1.7682,1.9092,1.6734,0.1757,0.0032,0.0074,0.0003,0.0275,0.0408,0.0023,0.0006,0.0113,0.0001,0.0015,0.0016,0.0,0.0001,0.0097,0.0017,0.0005,0.0029,0.0,0.0839,0.0187,0.0001,0.0081,0.0,125.0,0.0,62.0,63.0,56.0,0.0,0.0,0.0,0.0,0.0,0.0,0.0,0.0,0.0,0.0,0.0,0.0,0.0,0.0,0.0,0.0,0.0,0.0,8.0,2.0,1.0
1908,16.028784299999984,0,8.5191,1.7043,2.106,1.6594,0.2024,0.0032,0.0074,0.0002,0.0432,0.0565,0.0022,0.0011,0.0119,0.0001,0.0017,0.0021,0.0001,0.0002,0.0097,0.0013,0.0005,0.003,0.0,0.1026,0.0216,0.0,0.0095,0.0,125.0,0.0,62.0,63.0,56.0,0.0,0.0,0.0,0.0,0.0,0.0,0.0,0.0,0.0,0.0,0.0,0.0,0.0,0.0,0.0,0.0,0.0,0.0,8.0,2.0,1.0
1909,16.037303399999985,0,8.4302,1.9565,2.2153,1.7215,0.2086,0.0035,0.0083,0.0002,0.0317,0.0472,0.003,0.0012,0.013,0.0002,0.0025,0.0023,0.0001,0.0001,0.0105,0.0013,0.0013,0.0029,0.0001,0.0976,0.0251,0.0001,0.01,0.0,125.0,0.0,62.0,63.0,56.0,0.0,0.0,0.0,0.0,0.0,0.0,0.0,0.0,0.0,0.0,0.0,0.0,0.0,0.0,0.0,0.0,0.0,0.0,8.0,2.0,1.0
1910,16.045733599999984,0,8.4177,1.9998,2.2969,1.803,0.1863,0.0033,0.0078,0.0003,0.0345,0.0484,0.0028,0.001,0.0121,0.0002,0.0014,0.0022,0.0002,0.0001,0.0082,0.0018,0.0004,0.0026,0.0,0.091,0.019,0.0001,0.0101,0.0,125.0,0.0,62.0,63.0,56.0,0.0,0.0,0.0,0.0,0.0,0.0,0.0,0.0,0.0,0.0,0.0,0.0,0.0,0.0,0.0,0.0,0.0,0.0,8.0,2.0,1.0
1911,16.054151299999983,0,7.9484,1.9257,2.098,1.7349,0.1651,0.003,0.0049,0.0002,0.0279,0.0386,0.0027,0.0007,0.0121,0.0002,0.0017,0.0014,0.0001,0.0001,0.0088,0.0014,0.0008,0.0028,0.0,0.0816,0.0194,0.0,0.0085,0.0,125.0,0.0,62.0,63.0,56.0,0.0,0.0,0.0,0.0,0.0,0.0,0.0,0.0,0.0,0.0,0.0,0.0,0.0,0.0,0.0,0.0,0.0,0.0,8.0,2.0,1.0
1912,16.062099699999983,0,8.62,1.8211,2.0595,1.7166,0.1661,0.0029,0.0065,0.0002,0.0297,0.0423,0.0018,0.0007,0.0101,0.0001,0.0016,0.0017,0.0005,0.0001,0.0086,0.0012,0.0007,0.0023,0.0,0.0822,0.0167,0.0001,0.0089,0.0,125.0,0.0,62.0,63.0,56.0,0.0,0.0,0.0,0.0,0.0,0.0,0.0,0.0,0.0,0.0,0.0,0.0,0.0,0.0,0.0,0.0,0.0,0.0,8.0,2.0,1.0
1913,16.070719699999984,0,8.0691,2.1488,2.1806,1.8752,0.1721,0.0037,0.0066,0.0002,0.0293,0.0419,0.0021,0.0008,0.0093,0.0001,0.0017,0.0021,0.0001,0.0002,0.009,0.0017,0.0005,0.0031,0.0,0.0825,0.0179,0.0001,0.0108,0.0,125.0,0.0,62.0,63.0,56.0,0.0,0.0,0.0,0.0,0.0,0.0,0.0,0.0,0.0,0.0,0.0,0.0,0.0,0.0,0.0,0.0,0.0,0.0,8.0,2.0,1.0
1914,16.078788799999984,0,8.4747,2.0225,1.8958,1.7567,0.1868,0.0035,0.0069,0.0002,0.0464,0.0598,0.0031,0.0009,0.0116,0.0002,0.0015,0.0016,0.0001,0.0001,0.0089,0.0012,0.0005,0.0028,0.0,0.1011,0.0188,0.0,0.0086,0.0,125.0,0.0,62.0,63.0,56.0,0.0,0.0,0.0,0.0,0.0,0.0,0.0,0.0,0.0,0.0,0.0,0.0,0.0,0.0,0.0,0.0,0.0,0.0,8.0,2.0,1.0
1915,16.087263499999985,0,8.4709,2.3245,2.3165,1.8383,0.1839,0.0026,0.0067,0.0002,0.0305,0.0434,0.003,0.0007,0.0129,0.0001,0.002,0.0016,0.0001,0.0002,0.0087,0.0013,0.0005,0.0028,0.0001,0.0888,0.0257,0.0,0.0098,0.0,125.0,0.0,62.0,63.0,56.0,0.0,0.0,0.0,0.0,0.0,0.0,0.0,0.0,0.0,0.0,0.0,0.0,0.0,0.0,0.0,0.0,0.0,0.0,8.0,2.0,1.0
1916,16.095734399999984,0,8.3187,2.0438,2.2989,1.9307,0.2263,0.0041,0.0094,0.0003,0.0451,0.0619,0.0025,0.0011,0.0118,0.0001,0.0018,0.0024,0.0002,0.0001,0.0104,0.002,0.0005,0.0031,0.0001,0.1105,0.0286,0.0,0.0073,0.0,125.0,0.0,62.0,63.0,56.0,0.0,0.0,0.0,0.0,0.0,0.0,0.0,0.0,0.0,0.0,0.0,0.0,0.0,0.0,0.0,0.0,0.0,0.0,8.0,2.0,1.0
1917,16.104053099999984,0,8.3967,2.1898,2.094,1.917,0.1986,0.003,0.0057,0.0003,0.0399,0.0521,0.0026,0.0014,0.0113,0.0001,0.0022,0.0016,0.0001,0.0001,0.0093,0.0012,0.0004,0.0031,0.0,0.0974,0.0233,0.0001,0.0091,0.0,125.0,0.0,62.0,63.0,56.0,0.0,0.0,0.0,0.0,0.0,0.0,0.0,0.0,0.0,0.0,0.0,0.0,0.0,0.0,0.0,0.0,0.0,0.0,8.0,2.0,1.0
1918,16.112449799999983,0,8.2113,1.9989,2.2241,1.769,0.2,0.0036,0.0073,0.0002,0.0401,0.0547,0.0025,0.001,0.0119,0.0001,0.0018,0.0022,0.0001,0.0002,0.0089,0.0015,0.0005,0.0032,0.0,0.101,0.0216,0.0,0.0081,0.0,125.0,0.0,62.0,63.0,56.0,0.0,0.0,0.0,0.0,0.0,0.0,0.0,0.0,0.0,0.0,0.0,0.0,0.0,0.0,0.0,0.0,0.0,0.0,8.0,2.0,1.0
1919,16.12066109999998,0,8.403,1.9176,2.2309,1.8185,0.192,0.0036,0.0065,0.0003,0.0346,0.0476,0.0024,0.0009,0.0123,0.0002,0.0016,0.0016,0.0001,0.0001,0.0091,0.0017,0.0005,0.0029,0.0,0.0931,0.0207,0.0001,0.0104,0.0,125.0,0.0,62.0,63.0,56.0,0.0,0.0,0.0,0.0,0.0,0.0,0.0,0.0,0.0,0.0,0.0,0.0,0.0,0.0,0.0,0.0,0.0,0.0,8.0,2.0,1.0
1920,16.129064099999983,0,8.2698,2.0147,2.1618,1.7345,0.2442,0.0039,0.0073,0.0002,0.0566,0.0712,0.0032,0.0015,0.0153,0.0002,0.0026,0.0018,0.0001,0.0001,0.0097,0.002,0.0006,0.0055,0.0,0.1298,0.0316,0.0001,0.0086,0.0,125.0,0.0,62.0,63.0,56.0,0.0,0.0,0.0,0.0,0.0,0.0,0.0,0.0,0.0,0.0,0.0,0.0,0.0,0.0,0.0,0.0,0.0,0.0,8.0,2.0,1.0
1921,16.137333899999984,0,8.3422,2.0436,2.2094,1.7994,0.1746,0.0034,0.0074,0.0002,0.0288,0.0424,0.0023,0.0009,0.0101,0.0002,0.0017,0.0017,0.0002,0.0001,0.0083,0.0016,0.0005,0.0026,0.0,0.0826,0.0196,0.0001,0.0091,0.0,125.0,0.0,62.0,63.0,56.0,0.0,0.0,0.0,0.0,0.0,0.0,0.0,0.0,0.0,0.0,0.0,0.0,0.0,0.0,0.0,0.0,0.0,0.0,8.0,2.0,1.0
1922,16.145676099999985,0,8.1187,2.027,2.0843,1.7632,0.1833,0.0032,0.0062,0.0003,0.0366,0.0486,0.002,0.0006,0.0107,0.0001,0.002,0.0021,0.0001,0.0001,0.0091,0.0018,0.0004,0.0026,0.0,0.0945,0.0197,0.0,0.0087,0.0,125.0,0.0,62.0,63.0,54.0,0.0,0.0,0.0,0.0,0.0,0.0,0.0,0.0,0.0,0.0,0.0,0.0,0.0,0.0,0.0,0.0,0.0,0.0,8.0,2.0,1.0
1923,16.153794799999986,0,8.3484,1.969,2.0026,1.6952,0.1888,0.0037,0.0077,0.0002,0.0351,0.0504,0.0024,0.0009,0.0102,0.0001,0.0017,0.002,0.0001,0.0001,0.0088,0.0013,0.0005,0.0025,0.0,0.0907,0.0185,0.0001,0.0076,0.0,125.0,0.0,62.0,63.0,54.0,0.0,0.0,0.0,0.0,0.0,0.0,0.0,0.0,0.0,0.0,0.0,0.0,0.0,0.0,0.0,0.0,0.0,0.0,8.0,2.0,1.0
1924,16.162143199999985,0,8.4293,2.0121,1.9384,1.9407,0.2039,0.0036,0.0088,0.0003,0.0439,0.059,0.0033,0.001,0.0132,0.0001,0.0021,0.0018,0.0001,0.0001,0.0096,0.0015,0.0011,0.0028,0.0,0.1059,0.0207,0.0001,0.0079,0.0,125.0,0.0,62.0,63.0,54.0,0.0,0.0,0.0,0.0,0.0,0.0,0.0,0.0,0.0,0.0,0.0,0.0,0.0,0.0,0.0,0.0,0.0,0.0,8.0,2.0,1.0
1925,16.170572499999984,0,8.311,2.0274,2.0386,1.8537,0.1744,0.0034,0.0072,0.0003,0.0245,0.0378,0.002,0.0009,0.0087,0.0002,0.0022,0.0019,0.0001,0.0001,0.0094,0.0013,0.0006,0.0028,0.0,0.0788,0.0189,0.0001,0.008,0.0,125.0,0.0,62.0,63.0,54.0,0.0,0.0,0.0,0.0,0.0,0.0,0.0,0.0,0.0,0.0,0.0,0.0,0.0,0.0,0.0,0.0,0.0,0.0,8.0,2.0,1.0
1926,16.178883499999984,0,8.4433,1.8994,2.1917,1.7524,0.1834,0.0039,0.0079,0.0003,0.0356,0.0506,0.0024,0.0011,0.0119,0.0001,0.0017,0.0018,0.0001,0.0001,0.0092,0.0017,0.0004,0.0028,0.0,0.0944,0.0181,0.0001,0.0095,0.0,125.0,0.0,62.0,63.0,54.0,0.0,0.0,0.0,0.0,0.0,0.0,0.0,0.0,0.0,0.0,0.0,0.0,0.0,0.0,0.0,0.0,0.0,0.0,8.0,2.0,1.0
1927,16.187326799999983,0,8.089,1.8038,1.9936,1.6353,0.1832,0.0046,0.0073,0.0003,0.0291,0.0442,0.0022,0.0009,0.0115,0.0001,0.0017,0.0021,0.0001,0.0001,0.009,0.002,0.0005,0.0028,0.0001,0.0886,0.0213,0.0,0.008,0.0,125.0,0.0,62.0,63.0,54.0,0.0,0.0,0.0,0.0,0.0,0.0,0.0,0.0,0.0,0.0,0.0,0.0,0.0,0.0,0.0,0.0,0.0,0.0,8.0,2.0,1.0
1928,16.19541579999998,0,8.3285,1.9053,1.9037,1.6507,0.1829,0.0034,0.005,0.0002,0.0395,0.0507,0.0023,0.0009,0.0119,0.0001,0.0014,0.002,0.0001,0.0001,0.0095,0.0013,0.0004,0.0031,0.0001,0.0959,0.0196,0.0001,0.0081,0.0,125.0,0.0,62.0,63.0,54.0,0.0,0.0,0.0,0.0,0.0,0.0,0.0,0.0,0.0,0.0,0.0,0.0,0.0,0.0,0.0,0.0,0.0,0.0,8.0,2.0,1.0
1929,16.203744299999983,0,8.3174,2.0186,1.8976,1.7321,0.1678,0.0028,0.0067,0.0003,0.0289,0.042,0.0019,0.0009,0.0107,0.0001,0.0018,0.0017,0.0001,0.0001,0.0086,0.0012,0.0005,0.0029,0.0,0.0819,0.0191,0.0,0.0086,0.0,125.0,0.0,62.0,63.0,54.0,0.0,0.0,0.0,0.0,0.0,0.0,0.0,0.0,0.0,0.0,0.0,0.0,0.0,0.0,0.0,0.0,0.0,0.0,8.0,2.0,1.0
1930,16.212061699999982,0,8.3134,1.8326,1.9168,1.7708,0.1804,0.0032,0.0076,0.0003,0.0353,0.0489,0.0023,0.0008,0.0108,0.0002,0.0016,0.0021,0.0002,0.0001,0.0086,0.0016,0.0005,0.0028,0.0001,0.0917,0.0187,0.0001,0.0085,0.0,125.0,0.0,62.0,63.0,54.0,0.0,0.0,0.0,0.0,0.0,0.0,0.0,0.0,0.0,0.0,0.0,0.0,0.0,0.0,0.0,0.0,0.0,0.0,8.0,2.0,1.0
1931,16.22037509999998,0,8.2797,1.8306,1.8143,1.653,0.1707,0.0028,0.0069,0.0003,0.0277,0.0402,0.0022,0.0008,0.0107,0.0002,0.002,0.0015,0.0001,0.0001,0.0089,0.0013,0.0005,0.0028,0.0,0.082,0.0202,0.0001,0.0065,0.0,125.0,0.0,62.0,63.0,54.0,0.0,0.0,0.0,0.0,0.0,0.0,0.0,0.0,0.0,0.0,0.0,0.0,0.0,0.0,0.0,0.0,0.0,0.0,8.0,2.0,1.0
1932,16.22865479999998,0,8.4132,1.7886,1.8873,1.7577,0.1886,0.0034,0.0077,0.0004,0.0413,0.0551,0.0024,0.0009,0.0116,0.0001,0.0016,0.0022,0.0001,0.0001,0.0089,0.002,0.0005,0.0028,0.0,0.0994,0.0182,0.0,0.008,0.0,125.0,0.0,62.0,63.0,54.0,0.0,0.0,0.0,0.0,0.0,0.0,0.0,0.0,0.0,0.0,0.0,0.0,0.0,0.0,0.0,0.0,0.0,0.0,8.0,2.0,1.0
1933,16.23706799999998,0,8.3565,1.8293,1.8882,1.6307,0.1771,0.0041,0.0074,0.0002,0.0301,0.044,0.0028,0.0008,0.0115,0.0002,0.0021,0.0016,0.0001,0.0001,0.009,0.0013,0.0004,0.0028,0.0,0.0871,0.0193,0.0001,0.0078,0.0,125.0,0.0,62.0,63.0,54.0,0.0,0.0,0.0,0.0,0.0,0.0,0.0,0.0,0.0,0.0,0.0,0.0,0.0,0.0,0.0,0.0,0.0,0.0,8.0,2.0,1.0
1934,16.24542449999998,0,8.2066,2.0109,1.8713,1.6557,0.1709,0.003,0.0072,0.0002,0.0306,0.0432,0.0024,0.0008,0.0099,0.0002,0.0017,0.0022,0.0,0.0001,0.0087,0.0017,0.0005,0.0025,0.0,0.0841,0.0191,0.0,0.0086,0.0,125.0,0.0,62.0,63.0,54.0,0.0,0.0,0.0,0.0,0.0,0.0,0.0,0.0,0.0,0.0,0.0,0.0,0.0,0.0,0.0,0.0,0.0,0.0,8.0,2.0,1.0
1935,16.253631099999982,0,8.3518,1.9507,1.8206,1.5492,0.1702,0.0043,0.0077,0.0003,0.0271,0.0421,0.0021,0.0006,0.01,0.0001,0.0021,0.0016,0.0,0.0006,0.0091,0.0012,0.001,0.0027,0.0,0.0839,0.0192,0.0001,0.0072,0.0,125.0,0.0,62.0,63.0,54.0,0.0,0.0,0.0,0.0,0.0,0.0,0.0,0.0,0.0,0.0,0.0,0.0,0.0,0.0,0.0,0.0,0.0,0.0,8.0,2.0,1.0
1936,16.261982899999982,0,8.3155,1.8748,1.8674,1.6542,0.1771,0.0029,0.0068,0.0002,0.0361,0.0494,0.0022,0.0007,0.0105,0.0001,0.002,0.0015,0.0001,0.0007,0.0088,0.0012,0.0004,0.0027,0.0,0.0918,0.018,0.0,0.008,0.0,125.0,0.0,62.0,63.0,54.0,0.0,0.0,0.0,0.0,0.0,0.0,0.0,0.0,0.0,0.0,0.0,0.0,0.0,0.0,0.0,0.0,0.0,0.0,8.0,2.0,1.0
1937,16.27029839999998,0,8.4245,2.0036,1.744,1.7476,0.1634,0.0034,0.0061,0.0003,0.0333,0.0447,0.0026,0.0007,0.0099,0.0001,0.0016,0.002,0.0,0.0001,0.0081,0.0011,0.001,0.0024,0.0,0.084,0.0165,0.0001,0.0111,0.0,125.0,0.0,62.0,63.0,54.0,0.0,0.0,0.0,0.0,0.0,0.0,0.0,0.0,0.0,0.0,0.0,0.0,0.0,0.0,0.0,0.0,0.0,0.0,8.0,2.0,1.0
1938,16.27872289999998,0,8.4435,1.9525,2.0532,1.6697,0.186,0.0029,0.0054,0.0003,0.0414,0.0525,0.0024,0.0008,0.012,0.0001,0.0019,0.0016,0.0,0.0001,0.0087,0.0013,0.0008,0.0029,0.0001,0.0964,0.019,0.0001,0.0076,0.0,125.0,0.0,62.0,63.0,54.0,0.0,0.0,0.0,0.0,0.0,0.0,0.0,0.0,0.0,0.0,0.0,0.0,0.0,0.0,0.0,0.0,0.0,0.0,8.0,2.0,1.0
1939,16.28716639999998,0,8.0341,2.121,1.7955,1.7668,0.1676,0.003,0.0067,0.0002,0.0304,0.0426,0.0027,0.0008,0.0104,0.0001,0.0014,0.0014,0.0,0.0001,0.0084,0.0015,0.0006,0.0026,0.0001,0.0832,0.0169,0.0001,0.0089,0.0,125.0,0.0,62.0,63.0,54.0,0.0,0.0,0.0,0.0,0.0,0.0,0.0,0.0,0.0,0.0,0.0,0.0,0.0,0.0,0.0,0.0,0.0,0.0,8.0,2.0,1.0
1940,16.29520049999998,0,8.5471,2.0905,1.8836,1.755,0.185,0.0035,0.0077,0.0003,0.0393,0.0535,0.0021,0.0008,0.0114,0.0002,0.002,0.0016,0.0001,0.0001,0.0084,0.0014,0.0005,0.0023,0.0,0.0959,0.0194,0.0001,0.0079,0.0,125.0,0.0,62.0,63.0,54.0,0.0,0.0,0.0,0.0,0.0,0.0,0.0,0.0,0.0,0.0,0.0,0.0,0.0,0.0,0.0,0.0,0.0,0.0,8.0,2.0,1.0
1941,16.30374759999998,0,8.5039,1.9681,1.8788,1.9229,0.1761,0.0031,0.0077,0.0003,0.0272,0.0405,0.0022,0.0008,0.0105,0.0002,0.002,0.0017,0.0001,0.0001,0.0091,0.0012,0.0005,0.0031,0.0001,0.0826,0.0196,0.0,0.0091,0.0,125.0,0.0,62.0,63.0,54.0,0.0,0.0,0.0,0.0,0.0,0.0,0.0,0.0,0.0,0.0,0.0,0.0,0.0,0.0,0.0,0.0,0.0,0.0,8.0,2.0,1.0
1942,16.31225149999998,0,8.3006,1.9007,2.1248,1.754,0.1888,0.003,0.0071,0.0003,0.04,0.0543,0.0023,0.001,0.011,0.0001,0.0019,0.0015,0.0001,0.0001,0.0087,0.0013,0.0009,0.0027,0.0,0.0966,0.0187,0.0001,0.0081,0.0,125.0,0.0,62.0,63.0,54.0,0.0,0.0,0.0,0.0,0.0,0.0,0.0,0.0,0.0,0.0,0.0,0.0,0.0,0.0,0.0,0.0,0.0,0.0,8.0,2.0,1.0
1943,16.32055209999998,0,8.1487,1.9598,1.8633,1.6951,0.1783,0.0031,0.0069,0.0002,0.0349,0.0475,0.0023,0.0008,0.011,0.0001,0.0016,0.0014,0.0,0.0001,0.0086,0.0012,0.0005,0.0027,0.0001,0.0888,0.0208,0.0001,0.0093,0.0,125.0,0.0,62.0,63.0,54.0,0.0,0.0,0.0,0.0,0.0,0.0,0.0,0.0,0.0,0.0,0.0,0.0,0.0,0.0,0.0,0.0,0.0,0.0,8.0,2.0,1.0
1944,16.32870079999998,0,8.4246,1.8905,1.9457,1.7138,0.1901,0.0033,0.007,0.0002,0.0329,0.0467,0.0021,0.0012,0.0112,0.0002,0.0015,0.002,0.0,0.0001,0.0084,0.0014,0.0005,0.0025,0.0001,0.0933,0.0209,0.0,0.0061,0.0,125.0,0.0,62.0,63.0,52.0,0.0,0.0,0.0,0.0,0.0,0.0,0.0,0.0,0.0,0.0,0.0,0.0,0.0,0.0,0.0,0.0,0.0,0.0,8.0,2.0,1.0
1945,16.33712539999998,0,8.123,1.9041,1.9235,1.7532,0.1717,0.0032,0.007,0.0002,0.0288,0.0414,0.0023,0.0006,0.0101,0.0001,0.0017,0.0016,0.0,0.0001,0.0083,0.0012,0.0008,0.0028,0.0001,0.0824,0.0189,0.0001,0.0075,0.0,125.0,0.0,62.0,63.0,54.0,0.0,0.0,0.0,0.0,0.0,0.0,0.0,0.0,0.0,0.0,0.0,0.0,0.0,0.0,0.0,0.0,0.0,0.0,8.0,2.0,1.0
1946,16.34524839999998,0,8.4709,1.8412,1.7442,1.6269,0.1825,0.0033,0.0078,0.0002,0.0371,0.0503,0.0024,0.0008,0.0102,0.0001,0.0016,0.002,0.0001,0.0001,0.0085,0.0015,0.0005,0.003,0.0,0.0921,0.0192,0.0001,0.0086,0.0,125.0,0.0,62.0,63.0,54.0,0.0,0.0,0.0,0.0,0.0,0.0,0.0,0.0,0.0,0.0,0.0,0.0,0.0,0.0,0.0,0.0,0.0,0.0,8.0,2.0,1.0
1947,16.35371929999998,0,8.2353,1.8407,1.8354,1.6734,0.1706,0.0031,0.0068,0.0002,0.0286,0.0418,0.0021,0.0009,0.0112,0.0002,0.0016,0.0015,0.0001,0.0001,0.0086,0.0013,0.0005,0.0028,0.0,0.0837,0.0178,0.0006,0.009,0.0,125.0,0.0,62.0,63.0,54.0,0.0,0.0,0.0,0.0,0.0,0.0,0.0,0.0,0.0,0.0,0.0,0.0,0.0,0.0,0.0,0.0,0.0,0.0,8.0,2.0,1.0
1948,16.36195459999998,0,8.3887,1.9171,1.8073,1.621,0.1734,0.0025,0.0072,0.0002,0.0368,0.0493,0.0022,0.0008,0.0108,0.0001,0.0016,0.0015,0.0001,0.0001,0.0085,0.0012,0.0005,0.0028,0.0,0.0912,0.0188,0.0,0.0086,0.0,125.0,0.0,62.0,63.0,54.0,0.0,0.0,0.0,0.0,0.0,0.0,0.0,0.0,0.0,0.0,0.0,0.0,0.0,0.0,0.0,0.0,0.0,0.0,8.0,2.0,1.0
1949,16.37034329999998,0,8.3372,1.8959,1.9034,1.7443,0.1832,0.003,0.0069,0.0002,0.0331,0.0464,0.0022,0.0008,0.0112,0.0001,0.0016,0.0022,0.0001,0.0002,0.0082,0.0019,0.0005,0.0028,0.0,0.0896,0.0207,0.0001,0.008,0.0,125.0,0.0,62.0,63.0,54.0,0.0,0.0,0.0,0.0,0.0,0.0,0.0,0.0,0.0,0.0,0.0,0.0,0.0,0.0,0.0,0.0,0.0,0.0,8.0,2.0,1.0
1950,16.37868049999998,0,8.3642,2.064,1.8581,1.7293,0.176,0.0034,0.0066,0.0002,0.0364,0.0495,0.0021,0.0007,0.0104,0.0001,0.0019,0.0015,0.0,0.0001,0.0082,0.0013,0.0004,0.0027,0.0,0.0895,0.0183,0.0,0.0078,0.0,125.0,0.0,62.0,63.0,54.0,0.0,0.0,0.0,0.0,0.0,0.0,0.0,0.0,0.0,0.0,0.0,0.0,0.0,0.0,0.0,0.0,0.0,0.0,8.0,2.0,1.0
1951,16.38704469999998,0,8.2576,1.8731,1.845,1.7015,0.1707,0.0033,0.0077,0.0003,0.0291,0.0424,0.0025,0.0007,0.0101,0.0001,0.0015,0.0018,0.0001,0.0002,0.0081,0.0018,0.0005,0.0026,0.0001,0.0825,0.0187,0.0001,0.0089,0.0,125.0,0.0,62.0,63.0,54.0,0.0,0.0,0.0,0.0,0.0,0.0,0.0,0.0,0.0,0.0,0.0,0.0,0.0,0.0,0.0,0.0,0.0,0.0,8.0,2.0,1.0
1952,16.39530229999998,0,8.3873,1.8982,1.8177,1.656,0.1841,0.003,0.0061,0.0002,0.0444,0.0561,0.0025,0.0007,0.0118,0.0002,0.0016,0.0021,0.0001,0.0001,0.0081,0.0018,0.0005,0.0028,0.0001,0.0988,0.0206,0.0001,0.0094,0.0,125.0,0.0,62.0,63.0,54.0,0.0,0.0,0.0,0.0,0.0,0.0,0.0,0.0,0.0,0.0,0.0,0.0,0.0,0.0,0.0,0.0,0.0,0.0,8.0,2.0,1.0
1953,16.40368959999998,0,8.3357,1.8798,1.8309,1.7353,0.1797,0.003,0.0056,0.0002,0.0304,0.0415,0.0024,0.0009,0.0117,0.0002,0.0018,0.0016,0.0001,0.0001,0.0085,0.0012,0.0005,0.0032,0.0001,0.0857,0.0236,0.0,0.0083,0.0,125.0,0.0,62.0,63.0,54.0,0.0,0.0,0.0,0.0,0.0,0.0,0.0,0.0,0.0,0.0,0.0,0.0,0.0,0.0,0.0,0.0,0.0,0.0,8.0,2.0,1.0
1954,16.41202529999998,0,8.2545,1.8311,1.8331,1.7093,0.1849,0.003,0.0074,0.0002,0.0438,0.0574,0.0024,0.0014,0.011,0.0002,0.0019,0.0013,0.0,0.0001,0.0089,0.0013,0.0004,0.0031,0.0001,0.0995,0.0193,0.0,0.0081,0.0,125.0,0.0,62.0,63.0,54.0,0.0,0.0,0.0,0.0,0.0,0.0,0.0,0.0,0.0,0.0,0.0,0.0,0.0,0.0,0.0,0.0,0.0,0.0,8.0,2.0,1.0
1955,16.420279799999978,0,8.3438,1.8105,1.7747,1.8566,0.1746,0.003,0.0055,0.0003,0.0316,0.0432,0.0027,0.0009,0.0109,0.0002,0.0018,0.002,0.0002,0.0001,0.0083,0.0018,0.0006,0.0027,0.0,0.0853,0.0199,0.0001,0.0086,0.0,125.0,0.0,62.0,63.0,54.0,0.0,0.0,0.0,0.0,0.0,0.0,0.0,0.0,0.0,0.0,0.0,0.0,0.0,0.0,0.0,0.0,0.0,0.0,8.0,2.0,1.0
1956,16.428623599999977,0,8.3466,1.8163,1.8286,1.7194,0.1721,0.0033,0.0081,0.0004,0.0294,0.0434,0.0021,0.0007,0.0091,0.0001,0.0015,0.0015,0.0001,0.0001,0.0085,0.0014,0.0005,0.0026,0.0,0.0835,0.0183,0.0,0.009,0.0,125.0,0.0,62.0,63.0,54.0,0.0,0.0,0.0,0.0,0.0,0.0,0.0,0.0,0.0,0.0,0.0,0.0,0.0,0.0,0.0,0.0,0.0,0.0,8.0,2.0,1.0
1957,16.436970199999976,0,8.1885,1.879,1.7068,1.6707,0.1613,0.0025,0.0048,0.0002,0.0295,0.0391,0.0023,0.0008,0.0101,0.0002,0.0015,0.002,0.0002,0.0001,0.0085,0.0015,0.0005,0.0031,0.0,0.0803,0.0202,0.0001,0.0089,0.0,125.0,0.0,62.0,63.0,54.0,0.0,0.0,0.0,0.0,0.0,0.0,0.0,0.0,0.0,0.0,0.0,0.0,0.0,0.0,0.0,0.0,0.0,0.0,8.0,2.0,1.0
1958,16.445158699999975,0,8.5122,1.9491,1.6877,1.7749,0.179,0.0035,0.007,0.0004,0.0389,0.0516,0.0021,0.0009,0.0098,0.0002,0.002,0.0014,0.0007,0.0001,0.0079,0.0012,0.0004,0.0027,0.0001,0.0926,0.0185,0.0,0.0078,0.0,125.0,0.0,62.0,63.0,54.0,0.0,0.0,0.0,0.0,0.0,0.0,0.0,0.0,0.0,0.0,0.0,0.0,0.0,0.0,0.0,0.0,0.0,0.0,8.0,2.0,1.0
1959,16.453670899999974,0,8.2586,1.9941,1.7943,1.7067,0.1623,0.0029,0.0054,0.0002,0.0287,0.0395,0.0027,0.0007,0.0119,0.0001,0.0016,0.0015,0.0,0.0001,0.0087,0.0012,0.0004,0.0027,0.0,0.0811,0.0177,0.0001,0.0086,0.0,125.0,0.0,62.0,63.0,54.0,0.0,0.0,0.0,0.0,0.0,0.0,0.0,0.0,0.0,0.0,0.0,0.0,0.0,0.0,0.0,0.0,0.0,0.0,8.0,2.0,1.0
1960,16.461929499999975,0,8.4573,1.8697,1.8877,1.6615,0.1907,0.0043,0.0072,0.0002,0.0386,0.0525,0.0027,0.0008,0.012,0.0001,0.0015,0.0019,0.0001,0.0001,0.0084,0.0016,0.0005,0.003,0.0001,0.0962,0.0194,0.0001,0.0103,0.0,125.0,0.0,62.0,63.0,54.0,0.0,0.0,0.0,0.0,0.0,0.0,0.0,0.0,0.0,0.0,0.0,0.0,0.0,0.0,0.0,0.0,0.0,0.0,8.0,2.0,1.0
1961,16.470386799999975,0,8.3,1.9329,1.8829,1.7291,0.1696,0.0031,0.0073,0.0002,0.0291,0.0422,0.0022,0.0008,0.0107,0.0002,0.0019,0.0014,0.0001,0.0001,0.0088,0.0012,0.0004,0.0027,0.0,0.0831,0.0193,0.0001,0.0093,0.0,125.0,0.0,62.0,63.0,54.0,0.0,0.0,0.0,0.0,0.0,0.0,0.0,0.0,0.0,0.0,0.0,0.0,0.0,0.0,0.0,0.0,0.0,0.0,8.0,2.0,1.0
1962,16.478686799999974,0,8.2544,1.8957,1.8142,1.6145,0.1812,0.0032,0.0074,0.0003,0.0347,0.0482,0.0025,0.0007,0.0108,0.0001,0.0019,0.0014,0.0002,0.0001,0.0102,0.0013,0.001,0.0027,0.0,0.0916,0.0191,0.0001,0.0081,0.0,125.0,0.0,62.0,63.0,54.0,0.0,0.0,0.0,0.0,0.0,0.0,0.0,0.0,0.0,0.0,0.0,0.0,0.0,0.0,0.0,0.0,0.0,0.0,8.0,2.0,1.0
1963,16.486941199999972,0,8.3722,1.8549,1.7091,1.6962,0.1654,0.0035,0.0069,0.0002,0.0295,0.0424,0.0021,0.0009,0.0096,0.0001,0.0016,0.0021,0.0,0.0001,0.0085,0.0018,0.0004,0.003,0.0,0.0833,0.0178,0.0001,0.0074,0.0,125.0,0.0,62.0,63.0,54.0,0.0,0.0,0.0,0.0,0.0,0.0,0.0,0.0,0.0,0.0,0.0,0.0,0.0,0.0,0.0,0.0,0.0,0.0,8.0,2.0,1.0
1964,16.495313399999972,0,8.3537,1.8392,1.9269,1.6157,0.183,0.0031,0.0073,0.0002,0.0367,0.05,0.0026,0.0009,0.0118,0.0002,0.0019,0.0016,0.0,0.0006,0.0084,0.0013,0.0005,0.0028,0.0,0.0933,0.0197,0.0002,0.009,0.0,125.0,0.0,62.0,63.0,54.0,0.0,0.0,0.0,0.0,0.0,0.0,0.0,0.0,0.0,0.0,0.0,0.0,0.0,0.0,0.0,0.0,0.0,0.0,8.0,2.0,1.0
1965,16.503667099999973,0,8.217,1.9925,1.7163,1.73,0.173,0.0031,0.0071,0.0003,0.0288,0.0413,0.0024,0.0009,0.0103,0.0001,0.0017,0.0022,0.0001,0.0001,0.0089,0.0017,0.0005,0.0028,0.0001,0.0838,0.0198,0.0,0.0092,0.0,125.0,0.0,62.0,63.0,54.0,0.0,0.0,0.0,0.0,0.0,0.0,0.0,0.0,0.0,0.0,0.0,0.0,0.0,0.0,0.0,0.0,0.0,0.0,8.0,2.0,1.0
1966,16.51188409999997,0,8.6222,1.8206,1.8127,1.6838,0.1887,0.0033,0.008,0.0003,0.0369,0.0513,0.0022,0.0009,0.0105,0.0002,0.0021,0.0017,0.0,0.0001,0.0083,0.0023,0.0004,0.0033,0.0001,0.0946,0.0209,0.0,0.0091,0.0,125.0,0.0,62.0,63.0,54.0,0.0,0.0,0.0,0.0,0.0,0.0,0.0,0.0,0.0,0.0,0.0,0.0,0.0,0.0,0.0,0.0,0.0,0.0,8.0,2.0,1.0
1967,16.520506299999973,0,8.1277,1.9575,1.8854,1.801,0.1626,0.0031,0.007,0.0001,0.0253,0.039,0.0021,0.0007,0.01,0.0001,0.002,0.0014,0.0,0.0001,0.009,0.0013,0.0005,0.0027,0.0,0.0788,0.0186,0.0001,0.0093,0.0,125.0,0.0,62.0,63.0,56.0,0.0,0.0,0.0,0.0,0.0,0.0,0.0,0.0,0.0,0.0,0.0,0.0,0.0,0.0,0.0,0.0,0.0,0.0,8.0,2.0,1.0
1968,16.528633999999972,0,8.4805,1.9028,1.8793,1.7187,0.1861,0.0032,0.0076,0.0002,0.0368,0.0498,0.0022,0.0009,0.0103,0.0001,0.0017,0.0023,0.0001,0.0002,0.0085,0.0015,0.0005,0.0029,0.0,0.0912,0.0198,0.0,0.0071,0.0,125.0,0.0,62.0,63.0,56.0,0.0,0.0,0.0,0.0,0.0,0.0,0.0,0.0,0.0,0.0,0.0,0.0,0.0,0.0,0.0,0.0,0.0,0.0,8.0,2.0,1.0
1969,16.537114499999973,0,8.2101,1.9009,1.8629,1.7544,0.187,0.0029,0.0051,0.0008,0.0357,0.047,0.0028,0.0006,0.0114,0.0002,0.002,0.0017,0.0001,0.0001,0.0136,0.003,0.0005,0.0031,0.0001,0.097,0.0186,0.0,0.0093,0.0,125.0,0.0,62.0,63.0,56.0,0.0,0.0,0.0,0.0,0.0,0.0,0.0,0.0,0.0,0.0,0.0,0.0,0.0,0.0,0.0,0.0,0.0,0.0,8.0,2.0,1.0
1970,16.545324599999972,0,8.3923,1.9085,1.8526,1.9352,0.1836,0.003,0.0068,0.0003,0.0409,0.0529,0.0021,0.0008,0.0106,0.0001,0.0014,0.002,0.0,0.0001,0.009,0.0014,0.0005,0.0029,0.0,0.0945,0.0186,0.0001,0.0087,0.0,125.0,0.0,62.0,63.0,56.0,0.0,0.0,0.0,0.0,0.0,0.0,0.0,0.0,0.0,0.0,0.0,0.0,0.0,0.0,0.0,0.0,0.0,0.0,8.0,2.0,1.0
1971,16.553716899999973,0,8.4845,1.9413,2.0525,1.6395,0.1633,0.003,0.0068,0.0003,0.026,0.0384,0.0018,0.0009,0.0095,0.0002,0.0018,0.0016,0.0001,0.0001,0.0091,0.0011,0.0004,0.0024,0.0001,0.0776,0.0176,0.0,0.0104,0.0,125.0,0.0,62.0,63.0,56.0,0.0,0.0,0.0,0.0,0.0,0.0,0.0,0.0,0.0,0.0,0.0,0.0,0.0,0.0,0.0,0.0,0.0,0.0,8.0,2.0,1.0
1972,16.562201399999974,0,8.2726,1.9804,1.9385,1.7168,0.1935,0.0034,0.0074,0.0002,0.0388,0.053,0.0024,0.0007,0.0118,0.0002,0.0022,0.0018,0.0001,0.0001,0.009,0.0018,0.0005,0.0028,0.0,0.098,0.0199,0.0001,0.009,0.0,125.0,0.0,62.0,63.0,56.0,0.0,0.0,0.0,0.0,0.0,0.0,0.0,0.0,0.0,0.0,0.0,0.0,0.0,0.0,0.0,0.0,0.0,0.0,8.0,2.0,1.0
1973,16.570473999999976,0,8.1932,1.9136,1.8744,1.8751,0.1747,0.0028,0.0052,0.0002,0.0307,0.041,0.0027,0.0011,0.0136,0.0001,0.0021,0.0017,0.0001,0.0006,0.009,0.0018,0.0007,0.0029,0.0,0.0878,0.0197,0.0,0.0076,0.0,125.0,0.0,62.0,63.0,56.0,0.0,0.0,0.0,0.0,0.0,0.0,0.0,0.0,0.0,0.0,0.0,0.0,0.0,0.0,0.0,0.0,0.0,0.0,8.0,2.0,1.0
1974,16.578667199999977,0,8.2999,1.9013,1.8097,1.747,0.1614,0.0028,0.0074,0.0002,0.028,0.0406,0.0022,0.0007,0.0096,0.0001,0.0016,0.0016,0.0,0.0001,0.0087,0.0011,0.0004,0.0026,0.0001,0.0803,0.0176,0.0,0.0095,0.0,125.0,0.0,62.0,63.0,56.0,0.0,0.0,0.0,0.0,0.0,0.0,0.0,0.0,0.0,0.0,0.0,0.0,0.0,0.0,0.0,0.0,0.0,0.0,8.0,2.0,1.0
1975,16.586967099999978,0,8.4399,1.9118,1.8714,1.718,0.1814,0.0031,0.0084,0.0002,0.0309,0.0453,0.0023,0.0007,0.0105,0.0002,0.0015,0.0017,0.0001,0.0001,0.0089,0.0016,0.0005,0.0029,0.0,0.0876,0.0202,0.0001,0.0096,0.0,125.0,0.0,62.0,63.0,56.0,0.0,0.0,0.0,0.0,0.0,0.0,0.0,0.0,0.0,0.0,0.0,0.0,0.0,0.0,0.0,0.0,0.0,0.0,8.0,2.0,1.0
1976,16.595406999999977,0,8.3444,1.8201,1.8832,1.7197,0.1802,0.0032,0.0069,0.0002,0.0371,0.0497,0.0026,0.0008,0.0116,0.0001,0.0017,0.0015,0.0,0.0002,0.0082,0.0012,0.0004,0.0028,0.0,0.0913,0.0185,0.0001,0.0103,0.0,125.0,0.0,62.0,63.0,56.0,0.0,0.0,0.0,0.0,0.0,0.0,0.0,0.0,0.0,0.0,0.0,0.0,0.0,0.0,0.0,0.0,0.0,0.0,8.0,2.0,1.0
1977,16.603751399999975,0,8.2125,1.8649,1.8353,1.7681,0.1783,0.0047,0.0073,0.0003,0.03,0.045,0.0027,0.0008,0.011,0.0002,0.002,0.0016,0.0,0.0001,0.0097,0.0012,0.0009,0.0029,0.0,0.0881,0.0206,0.0001,0.0092,0.0,125.0,0.0,62.0,63.0,56.0,0.0,0.0,0.0,0.0,0.0,0.0,0.0,0.0,0.0,0.0,0.0,0.0,0.0,0.0,0.0,0.0,0.0,0.0,8.0,2.0,1.0
1978,16.611963899999974,0,8.339,1.8079,1.8106,1.7054,0.1813,0.003,0.007,0.0003,0.0405,0.0532,0.0023,0.0008,0.0104,0.0001,0.0014,0.0015,0.0001,0.0001,0.0091,0.0018,0.0005,0.0029,0.0,0.0956,0.0191,0.0,0.0092,0.0,125.0,0.0,62.0,63.0,56.0,0.0,0.0,0.0,0.0,0.0,0.0,0.0,0.0,0.0,0.0,0.0,0.0,0.0,0.0,0.0,0.0,0.0,0.0,8.0,2.0,1.0
1979,16.620302899999974,0,8.3151,1.7839,1.7427,1.7504,0.1681,0.003,0.0062,0.0002,0.027,0.0386,0.0019,0.0008,0.011,0.0001,0.0014,0.0018,0.0,0.0002,0.0086,0.001,0.0004,0.0023,0.0,0.0785,0.027,0.0001,0.0084,0.0,125.0,0.0,62.0,63.0,56.0,0.0,0.0,0.0,0.0,0.0,0.0,0.0,0.0,0.0,0.0,0.0,0.0,0.0,0.0,0.0,0.0,0.0,0.0,8.0,2.0,1.0
1980,16.628617999999975,0,8.4508,1.7415,1.8323,1.672,0.179,0.0033,0.0069,0.0002,0.0358,0.0492,0.0021,0.0008,0.0113,0.0001,0.002,0.0015,0.0001,0.0001,0.009,0.0018,0.0004,0.0027,0.0001,0.092,0.0189,0.0,0.0096,0.0,125.0,0.0,62.0,63.0,56.0,0.0,0.0,0.0,0.0,0.0,0.0,0.0,0.0,0.0,0.0,0.0,0.0,0.0,0.0,0.0,0.0,0.0,0.0,8.0,2.0,1.0
1981,16.637068799999973,0,8.3292,1.9221,1.9338,1.7591,0.1849,0.0031,0.0072,0.0002,0.031,0.0439,0.0024,0.0008,0.011,0.0002,0.0021,0.0017,0.0001,0.0005,0.0092,0.0012,0.0009,0.0028,0.0,0.0876,0.0216,0.0,0.0083,0.0,125.0,0.0,62.0,63.0,56.0,0.0,0.0,0.0,0.0,0.0,0.0,0.0,0.0,0.0,0.0,0.0,0.0,0.0,0.0,0.0,0.0,0.0,0.0,8.0,2.0,1.0
1982,16.64539799999997,0,8.2046,1.8246,1.8015,1.7055,0.1743,0.0035,0.0067,0.0002,0.0353,0.0489,0.0026,0.0008,0.0107,0.0001,0.0014,0.0016,0.0001,0.0001,0.0086,0.0012,0.0003,0.0028,0.0,0.0896,0.0182,0.0,0.0089,0.0,125.0,0.0,62.0,63.0,56.0,0.0,0.0,0.0,0.0,0.0,0.0,0.0,0.0,0.0,0.0,0.0,0.0,0.0,0.0,0.0,0.0,0.0,0.0,8.0,2.0,1.0
1983,16.65360259999997,0,8.3166,1.7789,1.7209,1.6763,0.1585,0.0028,0.0051,0.0002,0.0301,0.0403,0.0024,0.0007,0.01,0.0002,0.0022,0.0017,0.0,0.0001,0.0081,0.0011,0.0004,0.0028,0.0001,0.0787,0.0183,0.0001,0.0101,0.0,125.0,0.0,62.0,63.0,56.0,0.0,0.0,0.0,0.0,0.0,0.0,0.0,0.0,0.0,0.0,0.0,0.0,0.0,0.0,0.0,0.0,0.0,0.0,8.0,2.0,1.0
1984,16.66191919999997,0,8.4068,1.6903,1.7995,1.6416,0.1843,0.0033,0.0072,0.0002,0.0446,0.0573,0.0023,0.0009,0.0102,0.0001,0.0021,0.0016,0.0,0.0002,0.0084,0.0013,0.0005,0.0028,0.0,0.0987,0.0196,0.0,0.0085,0.0,125.0,0.0,62.0,63.0,56.0,0.0,0.0,0.0,0.0,0.0,0.0,0.0,0.0,0.0,0.0,0.0,0.0,0.0,0.0,0.0,0.0,0.0,0.0,8.0,2.0,1.0
1985,16.67032599999997,0,8.3871,1.7974,1.8977,1.7099,0.1758,0.0033,0.0073,0.0003,0.0284,0.0427,0.0024,0.0006,0.0119,0.0001,0.0017,0.0018,0.0,0.0001,0.0099,0.0011,0.0004,0.0027,0.0001,0.0855,0.0209,0.0001,0.0086,0.0,125.0,0.0,62.0,63.0,56.0,0.0,0.0,0.0,0.0,0.0,0.0,0.0,0.0,0.0,0.0,0.0,0.0,0.0,0.0,0.0,0.0,0.0,0.0,8.0,2.0,1.0
1986,16.67871309999997,0,8.3643,1.739,1.7913,1.6885,0.1568,0.003,0.0059,0.0001,0.0329,0.0445,0.002,0.0005,0.0085,0.0001,0.0018,0.0012,0.0,0.0001,0.008,0.0012,0.0004,0.0023,0.0001,0.0796,0.0185,0.0,0.0092,0.0,125.0,0.0,62.0,63.0,56.0,0.0,0.0,0.0,0.0,0.0,0.0,0.0,0.0,0.0,0.0,0.0,0.0,0.0,0.0,0.0,0.0,0.0,0.0,8.0,2.0,1.0
1987,16.68707739999997,0,8.2346,1.8848,1.9013,1.7125,0.1747,0.0026,0.0046,0.0001,0.0329,0.0426,0.0023,0.0008,0.011,0.0001,0.0016,0.0015,0.0,0.0002,0.0089,0.0012,0.0005,0.0028,0.0001,0.0842,0.0221,0.0,0.0089,0.0,125.0,0.0,62.0,63.0,56.0,0.0,0.0,0.0,0.0,0.0,0.0,0.0,0.0,0.0,0.0,0.0,0.0,0.0,0.0,0.0,0.0,0.0,0.0,8.0,2.0,1.0
1988,16.695311999999973,0,8.3397,1.8172,1.815,1.6249,0.1867,0.0031,0.0047,0.0002,0.0438,0.0541,0.0029,0.0007,0.0122,0.0001,0.0014,0.0015,0.0,0.0001,0.0088,0.0012,0.0009,0.0028,0.0,0.0975,0.0208,0.0001,0.0089,0.0,125.0,0.0,62.0,63.0,56.0,0.0,0.0,0.0,0.0,0.0,0.0,0.0,0.0,0.0,0.0,0.0,0.0,0.0,0.0,0.0,0.0,0.0,0.0,8.0,2.0,1.0
1989,16.703651699999973,0,8.2953,1.9939,1.7489,1.6736,0.1721,0.003,0.0079,0.0002,0.0282,0.0415,0.0023,0.0007,0.0106,0.0001,0.0018,0.0021,0.0,0.0001,0.0085,0.0018,0.0005,0.0027,0.0,0.0838,0.0186,0.0,0.0089,0.0,125.0,0.0,62.0,63.0,56.0,0.0,0.0,0.0,0.0,0.0,0.0,0.0,0.0,0.0,0.0,0.0,0.0,0.0,0.0,0.0,0.0,0.0,0.0,8.0,2.0,1.0
1990,16.711946999999974,0,8.5023,1.6998,1.9319,1.6071,0.2714,0.0031,0.007,0.0003,0.064,0.0785,0.005,0.0024,0.0206,0.0002,0.0034,0.0031,0.0002,0.0002,0.0224,0.0038,0.0012,0.0055,0.0,0.1653,0.0296,0.0003,0.0079,0.0,125.0,0.0,62.0,63.0,56.0,0.0,0.0,0.0,0.0,0.0,0.0,0.0,0.0,0.0,0.0,0.0,0.0,0.0,0.0,0.0,0.0,0.0,0.0,8.0,2.0,1.0
1991,16.720449299999974,0,8.1494,1.7951,1.7538,1.6983,0.1651,0.0028,0.0068,0.0002,0.0284,0.0404,0.0022,0.0008,0.01,0.0001,0.0015,0.0015,0.0001,0.0002,0.0083,0.0012,0.0005,0.0026,0.0,0.0814,0.0184,0.0,0.0084,0.0,125.0,0.0,62.0,63.0,56.0,0.0,0.0,0.0,0.0,0.0,0.0,0.0,0.0,0.0,0.0,0.0,0.0,0.0,0.0,0.0,0.0,0.0,0.0,8.0,2.0,1.0
1992,16.728598699999974,0,8.3793,2.054,1.8092,1.6242,0.176,0.0026,0.0046,0.0002,0.0424,0.0517,0.0023,0.0013,0.0121,0.0002,0.0013,0.0019,0.0001,0.0002,0.0086,0.0012,0.0005,0.0028,0.0001,0.0944,0.0178,0.0001,0.0087,0.0,125.0,0.0,62.0,63.0,56.0,0.0,0.0,0.0,0.0,0.0,0.0,0.0,0.0,0.0,0.0,0.0,0.0,0.0,0.0,0.0,0.0,0.0,0.0,8.0,2.0,1.0
1993,16.736977999999976,0,8.3548,1.78,1.7794,1.7051,0.1675,0.0035,0.0074,0.0002,0.0272,0.0404,0.0023,0.0008,0.0106,0.0001,0.0019,0.0015,0.0,0.0004,0.0087,0.0011,0.0004,0.0027,0.0001,0.0805,0.0181,0.0001,0.0095,0.0,125.0,0.0,62.0,63.0,56.0,0.0,0.0,0.0,0.0,0.0,0.0,0.0,0.0,0.0,0.0,0.0,0.0,0.0,0.0,0.0,0.0,0.0,0.0,8.0,2.0,1.0
1994,16.745332799999975,0,8.2454,1.8643,1.7758,1.6096,0.1687,0.0027,0.0069,0.0002,0.0354,0.0472,0.0026,0.0006,0.0107,0.0002,0.0019,0.0013,0.0,0.0001,0.0083,0.0012,0.0005,0.0027,0.0,0.0865,0.0189,0.0001,0.0088,0.0,125.0,0.0,62.0,63.0,56.0,0.0,0.0,0.0,0.0,0.0,0.0,0.0,0.0,0.0,0.0,0.0,0.0,0.0,0.0,0.0,0.0,0.0,0.0,8.0,2.0,1.0
1995,16.753578199999975,0,8.3529,1.8473,1.7154,1.7221,0.1581,0.0028,0.0063,0.0002,0.0303,0.0418,0.002,0.0006,0.0101,0.0002,0.0021,0.0014,0.0001,0.0006,0.0074,0.0012,0.0005,0.0024,0.0,0.0798,0.0164,0.0001,0.0082,0.0,125.0,0.0,62.0,63.0,56.0,0.0,0.0,0.0,0.0,0.0,0.0,0.0,0.0,0.0,0.0,0.0,0.0,0.0,0.0,0.0,0.0,0.0,0.0,8.0,2.0,1.0
1996,16.761931099999973,0,8.4065,1.7121,1.8201,1.7157,0.1843,0.0029,0.0068,0.0002,0.0391,0.0512,0.0029,0.001,0.0113,0.0002,0.0022,0.0016,0.0001,0.0001,0.0085,0.0013,0.0011,0.0029,0.0,0.094,0.021,0.0001,0.0079,0.0,125.0,0.0,62.0,63.0,56.0,0.0,0.0,0.0,0.0,0.0,0.0,0.0,0.0,0.0,0.0,0.0,0.0,0.0,0.0,0.0,0.0,0.0,0.0,8.0,2.0,1.0
1997,16.770337599999973,0,8.2433,1.8679,1.7653,1.6815,0.1633,0.0027,0.0058,0.0009,0.0301,0.0413,0.0018,0.0007,0.0096,0.0001,0.0015,0.0015,0.0001,0.0001,0.0083,0.0011,0.0005,0.0026,0.0,0.0798,0.0186,0.0,0.0085,0.0,125.0,0.0,62.0,63.0,56.0,0.0,0.0,0.0,0.0,0.0,0.0,0.0,0.0,0.0,0.0,0.0,0.0,0.0,0.0,0.0,0.0,0.0,0.0,8.0,2.0,1.0
1998,16.778580899999973,0,8.3602,1.9594,1.7616,1.7123,0.1788,0.0029,0.0069,0.0003,0.0411,0.0537,0.0022,0.0008,0.01,0.0002,0.0015,0.0013,0.0,0.0001,0.0083,0.0012,0.0004,0.0028,0.0,0.0949,0.0184,0.0,0.0087,0.0,125.0,0.0,62.0,63.0,56.0,0.0,0.0,0.0,0.0,0.0,0.0,0.0,0.0,0.0,0.0,0.0,0.0,0.0,0.0,0.0,0.0,0.0,0.0,8.0,2.0,1.0
1999,16.78694109999997,0,8.2607,1.8103,1.7167,1.6282,0.1723,0.0031,0.0068,0.0003,0.0289,0.0415,0.0022,0.0018,0.011,0.0002,0.0022,0.002,0.0001,0.0002,0.0087,0.0015,0.0005,0.0026,0.0,0.0842,0.0208,0.0001,0.008,0.0,125.0,0.0,62.0,63.0,56.0,0.0,0.0,0.0,0.0,0.0,0.0,0.0,0.0,0.0,0.0,0.0,0.0,0.0,0.0,0.0,0.0,0.0,0.0,8.0,2.0,1.0
2000,16.795201799999973,0,8.456,1.9141,1.777,1.7488,0.1794,0.003,0.0075,0.0002,0.0348,0.0479,0.0023,0.0011,0.0112,0.0001,0.0018,0.0014,0.0001,0.0001,0.0087,0.0013,0.001,0.0027,0.0001,0.0908,0.0217,0.0001,0.0075,0.0,125.0,0.0,62.0,63.0,56.0,0.0,0.0,0.0,0.0,0.0,0.0,0.0,0.0,0.0,0.0,0.0,0.0,0.0,0.0,0.0,0.0,0.0,0.0,8.0,2.0,1.0
2001,16.80365779999997,0,8.3476,1.8085,1.8364,1.7842,0.1842,0.0034,0.0077,0.0002,0.0347,0.0484,0.0023,0.0007,0.0099,0.0001,0.0021,0.0016,0.0001,0.0001,0.0082,0.0013,0.0004,0.0028,0.0,0.0898,0.0214,0.0,0.0078,0.0,125.0,0.0,62.0,63.0,56.0,0.0,0.0,0.0,0.0,0.0,0.0,0.0,0.0,0.0,0.0,0.0,0.0,0.0,0.0,0.0,0.0,0.0,0.0,8.0,2.0,1.0
2002,16.812005399999972,0,8.2486,1.7467,1.7435,1.6453,0.174,0.0033,0.007,0.0002,0.0348,0.0473,0.0022,0.0007,0.0111,0.0001,0.002,0.0014,0.0001,0.0001,0.0083,0.0012,0.0004,0.0027,0.0,0.0894,0.0171,0.0001,0.009,0.0,125.0,0.0,62.0,63.0,56.0,0.0,0.0,0.0,0.0,0.0,0.0,0.0,0.0,0.0,0.0,0.0,0.0,0.0,0.0,0.0,0.0,0.0,0.0,8.0,2.0,1.0
2003,16.820253999999974,0,8.3349,1.8326,1.7434,1.5689,0.1554,0.0026,0.0066,0.0002,0.0286,0.0406,0.0019,0.0006,0.0099,0.0002,0.0015,0.0019,0.0001,0.0002,0.0078,0.0012,0.0004,0.0023,0.0,0.078,0.018,0.0001,0.0084,0.0,125.0,0.0,62.0,63.0,56.0,0.0,0.0,0.0,0.0,0.0,0.0,0.0,0.0,0.0,0.0,0.0,0.0,0.0,0.0,0.0,0.0,0.0,0.0,8.0,2.0,1.0
2004,16.828588899999975,0,8.3845,2.0256,1.7618,1.7844,0.1805,0.003,0.0075,0.0002,0.037,0.05,0.0024,0.0007,0.011,0.0001,0.0018,0.0016,0.0001,0.0004,0.0084,0.0014,0.0004,0.0028,0.0001,0.0923,0.0189,0.0,0.0087,0.0,125.0,0.0,62.0,63.0,56.0,0.0,0.0,0.0,0.0,0.0,0.0,0.0,0.0,0.0,0.0,0.0,0.0,0.0,0.0,0.0,0.0,0.0,0.0,8.0,2.0,1.0
2005,16.836973399999973,0,8.3045,1.8022,1.7932,1.6248,0.1827,0.0038,0.0071,0.0007,0.0302,0.0443,0.0023,0.0006,0.0102,0.0002,0.0018,0.0022,0.0001,0.0001,0.0082,0.0017,0.0004,0.0028,0.0,0.0865,0.0211,0.0,0.0076,0.0,125.0,0.0,62.0,63.0,56.0,0.0,0.0,0.0,0.0,0.0,0.0,0.0,0.0,0.0,0.0,0.0,0.0,0.0,0.0,0.0,0.0,0.0,0.0,8.0,2.0,1.0
2006,16.845277899999974,0,8.2748,1.8492,1.7484,1.5999,0.1759,0.0027,0.0073,0.0001,0.0393,0.0515,0.002,0.0007,0.0102,0.0001,0.0022,0.0014,0.0001,0.0003,0.0082,0.0012,0.0004,0.0032,0.0,0.0916,0.0184,0.0,0.0095,0.0,125.0,0.0,62.0,63.0,56.0,0.0,0.0,0.0,0.0,0.0,0.0,0.0,0.0,0.0,0.0,0.0,0.0,0.0,0.0,0.0,0.0,0.0,0.0,8.0,2.0,1.0
2007,16.853552699999973,0,8.4688,1.7572,1.7233,1.6861,0.1511,0.0028,0.0065,0.0006,0.0261,0.0382,0.0018,0.0006,0.0091,0.0001,0.002,0.0015,0.0,0.0001,0.0074,0.0021,0.0004,0.0024,0.0,0.0756,0.017,0.0001,0.0093,0.0,125.0,0.0,62.0,63.0,56.0,0.0,0.0,0.0,0.0,0.0,0.0,0.0,0.0,0.0,0.0,0.0,0.0,0.0,0.0,0.0,0.0,0.0,0.0,8.0,2.0,1.0
2008,16.862021499999972,0,8.333,1.7923,1.8576,1.6587,0.1747,0.0031,0.0074,0.0002,0.0364,0.049,0.0028,0.0009,0.0113,0.0001,0.0014,0.0013,0.0001,0.0001,0.0085,0.0011,0.0004,0.0027,0.0001,0.0901,0.0189,0.0,0.0096,0.0,125.0,0.0,62.0,63.0,56.0,0.0,0.0,0.0,0.0,0.0,0.0,0.0,0.0,0.0,0.0,0.0,0.0,0.0,0.0,0.0,0.0,0.0,0.0,8.0,2.0,1.0
2009,16.870354499999973,0,8.2562,1.8425,1.8259,1.7028,0.1687,0.0027,0.0049,0.0001,0.0324,0.0423,0.0028,0.0006,0.0113,0.0002,0.0021,0.0016,0.0002,0.0001,0.0088,0.0013,0.0005,0.0027,0.0001,0.0838,0.0219,0.0,0.0081,0.0,125.0,0.0,62.0,63.0,56.0,0.0,0.0,0.0,0.0,0.0,0.0,0.0,0.0,0.0,0.0,0.0,0.0,0.0,0.0,0.0,0.0,0.0,0.0,8.0,2.0,1.0
2010,16.878610699999975,0,8.2902,1.9333,1.7318,1.5854,0.1663,0.003,0.0069,0.0002,0.0322,0.0443,0.0022,0.0007,0.0114,0.0002,0.0013,0.0015,0.0001,0.0001,0.0089,0.0012,0.0004,0.0029,0.0,0.0849,0.0177,0.0,0.0088,0.0,125.0,0.0,62.0,63.0,56.0,0.0,0.0,0.0,0.0,0.0,0.0,0.0,0.0,0.0,0.0,0.0,0.0,0.0,0.0,0.0,0.0,0.0,0.0,8.0,2.0,1.0
2011,16.886900899999976,0,8.3255,1.8075,1.7127,1.6657,0.1717,0.0031,0.007,0.0002,0.028,0.0406,0.0021,0.0011,0.0108,0.0001,0.002,0.0015,0.0,0.0001,0.0082,0.0012,0.0005,0.0027,0.0001,0.0823,0.0218,0.0,0.0101,0.0,125.0,0.0,62.0,63.0,56.0,0.0,0.0,0.0,0.0,0.0,0.0,0.0,0.0,0.0,0.0,0.0,0.0,0.0,0.0,0.0,0.0,0.0,0.0,8.0,2.0,1.0
2012,16.895226399999977,0,8.4655,1.7429,1.8259,1.6924,0.19,0.003,0.0067,0.0002,0.0435,0.0558,0.0028,0.0008,0.0116,0.0001,0.0015,0.0017,0.0001,0.0001,0.0086,0.0013,0.0005,0.0027,0.0,0.0981,0.0192,0.0,0.0075,0.0,125.0,0.0,62.0,63.0,56.0,0.0,0.0,0.0,0.0,0.0,0.0,0.0,0.0,0.0,0.0,0.0,0.0,0.0,0.0,0.0,0.0,0.0,0.0,8.0,2.0,1.0
2013,16.903691899999977,0,8.3814,2.098,1.8471,1.9618,0.1781,0.0039,0.007,0.0003,0.026,0.04,0.0023,0.0014,0.011,0.0002,0.0021,0.002,0.0001,0.0002,0.0082,0.0018,0.0006,0.0029,0.0,0.0827,0.0203,0.0001,0.0081,0.0,125.0,0.0,62.0,63.0,56.0,0.0,0.0,0.0,0.0,0.0,0.0,0.0,0.0,0.0,0.0,0.0,0.0,0.0,0.0,0.0,0.0,0.0,0.0,8.0,2.0,1.0
2014,16.912073299999978,0,8.2461,1.769,1.8824,1.705,0.1816,0.0029,0.0078,0.0002,0.0378,0.0508,0.0028,0.0008,0.0114,0.0001,0.0017,0.0015,0.0001,0.0001,0.0087,0.0013,0.0006,0.0028,0.0001,0.0934,0.0184,0.0001,0.009,0.0,125.0,0.0,62.0,63.0,56.0,0.0,0.0,0.0,0.0,0.0,0.0,0.0,0.0,0.0,0.0,0.0,0.0,0.0,0.0,0.0,0.0,0.0,0.0,8.0,2.0,1.0
2015,16.92031939999998,0,8.2299,1.7522,1.7123,1.66,0.1511,0.0035,0.0077,0.0003,0.0201,0.034,0.0024,0.0006,0.0079,0.0002,0.0018,0.0015,0.0002,0.0002,0.0083,0.0013,0.0004,0.0025,0.0,0.0711,0.016,0.0001,0.009,0.0,125.0,0.0,62.0,63.0,56.0,0.0,0.0,0.0,0.0,0.0,0.0,0.0,0.0,0.0,0.0,0.0,0.0,0.0,0.0,0.0,0.0,0.0,0.0,8.0,2.0,1.0
2016,16.92854929999998,0,8.3909,1.8675,1.7345,1.6685,0.1621,0.0025,0.0064,0.0001,0.0353,0.0468,0.002,0.0011,0.0108,0.0001,0.0014,0.0013,0.0,0.0001,0.008,0.001,0.0004,0.0027,0.0001,0.0846,0.0155,0.0001,0.0086,0.0,125.0,0.0,62.0,63.0,56.0,0.0,0.0,0.0,0.0,0.0,0.0,0.0,0.0,0.0,0.0,0.0,0.0,0.0,0.0,0.0,0.0,0.0,0.0,8.0,2.0,1.0
2017,16.936940199999977,0,8.292,1.8128,1.7388,1.726,0.168,0.0035,0.0068,0.0002,0.0279,0.0412,0.0021,0.0008,0.0103,0.0001,0.0018,0.0015,0.0001,0.0001,0.0083,0.0014,0.0005,0.0028,0.0,0.0818,0.0201,0.0,0.0082,0.0,125.0,0.0,62.0,63.0,56.0,0.0,0.0,0.0,0.0,0.0,0.0,0.0,0.0,0.0,0.0,0.0,0.0,0.0,0.0,0.0,0.0,0.0,0.0,8.0,2.0,1.0
2018,16.945232199999978,0,8.4532,1.6781,1.7804,1.6312,0.1613,0.0032,0.0062,0.0001,0.0355,0.0471,0.002,0.0005,0.0088,0.0001,0.0014,0.0017,0.0,0.0001,0.0078,0.001,0.001,0.0025,0.0,0.0829,0.0145,0.0,0.009,0.0,125.0,0.0,62.0,63.0,56.0,0.0,0.0,0.0,0.0,0.0,0.0,0.0,0.0,0.0,0.0,0.0,0.0,0.0,0.0,0.0,0.0,0.0,0.0,8.0,2.0,1.0
2019,16.95368539999998,0,8.217,1.7296,1.7529,1.7451,0.1541,0.0029,0.0062,0.0001,0.026,0.0372,0.0023,0.0007,0.0089,0.0002,0.0019,0.0014,0.0,0.0002,0.0081,0.001,0.0004,0.0024,0.0,0.0748,0.0181,0.0,0.0096,0.0,125.0,0.0,62.0,63.0,56.0,0.0,0.0,0.0,0.0,0.0,0.0,0.0,0.0,0.0,0.0,0.0,0.0,0.0,0.0,0.0,0.0,0.0,0.0,8.0,2.0,1.0
2020,16.96190239999998,0,8.3967,1.8567,1.7784,1.7067,0.1704,0.0029,0.0071,0.0003,0.0333,0.0458,0.002,0.0008,0.0091,0.0001,0.002,0.0014,0.0001,0.0005,0.0074,0.0012,0.0004,0.0027,0.0,0.0842,0.0181,0.0,0.0092,0.0,125.0,0.0,62.0,63.0,56.0,0.0,0.0,0.0,0.0,0.0,0.0,0.0,0.0,0.0,0.0,0.0,0.0,0.0,0.0,0.0,0.0,0.0,0.0,8.0,2.0,1.0
2021,16.970299099999977,0,8.3476,1.7022,1.753,1.6423,0.1573,0.0026,0.0047,0.0002,0.0294,0.0393,0.0019,0.0006,0.0099,0.0002,0.002,0.0014,0.0001,0.0005,0.0083,0.001,0.0004,0.0028,0.0,0.0779,0.0179,0.0,0.0092,0.0,125.0,0.0,62.0,63.0,56.0,0.0,0.0,0.0,0.0,0.0,0.0,0.0,0.0,0.0,0.0,0.0,0.0,0.0,0.0,0.0,0.0,0.0,0.0,8.0,2.0,1.0
2022,16.978646699999977,0,8.3547,1.7001,1.8025,1.6762,0.1721,0.0033,0.0069,0.0002,0.0359,0.0489,0.0022,0.0006,0.0111,0.0001,0.0018,0.0013,0.0,0.0001,0.0093,0.0012,0.0004,0.0028,0.0001,0.0914,0.0171,0.0,0.0085,0.0,125.0,0.0,62.0,63.0,56.0,0.0,0.0,0.0,0.0,0.0,0.0,0.0,0.0,0.0,0.0,0.0,0.0,0.0,0.0,0.0,0.0,0.0,0.0,8.0,2.0,1.0
2023,16.98700139999998,0,8.2314,1.7605,1.764,1.7338,0.1614,0.0032,0.0074,0.0002,0.0258,0.0394,0.0023,0.0007,0.01,0.0006,0.0014,0.0014,0.0001,0.0002,0.0082,0.0012,0.0004,0.0027,0.0001,0.0786,0.0183,0.0,0.008,0.0,125.0,0.0,62.0,63.0,56.0,0.0,0.0,0.0,0.0,0.0,0.0,0.0,0.0,0.0,0.0,0.0,0.0,0.0,0.0,0.0,0.0,0.0,0.0,8.0,2.0,1.0
2024,16.99523279999998,0,8.4593,1.7118,1.8136,1.6977,0.1806,0.0026,0.0047,0.0002,0.0478,0.0575,0.0023,0.0012,0.0115,0.0002,0.0015,0.0014,0.0,0.0001,0.0082,0.0012,0.0005,0.0027,0.0,0.0998,0.0188,0.0,0.0082,0.0,125.0,0.0,62.0,63.0,56.0,0.0,0.0,0.0,0.0,0.0,0.0,0.0,0.0,0.0,0.0,0.0,0.0,0.0,0.0,0.0,0.0,0.0,0.0,8.0,2.0,1.0
2025,17.003692099999977,0,8.2088,1.7276,1.761,1.5555,0.1735,0.0028,0.0056,0.0002,0.0349,0.046,0.0024,0.0008,0.0116,0.0001,0.0018,0.0014,0.0,0.0001,0.0081,0.0012,0.0005,0.0032,0.0001,0.0878,0.019,0.0001,0.0079,0.0,125.0,0.0,62.0,63.0,56.0,0.0,0.0,0.0,0.0,0.0,0.0,0.0,0.0,0.0,0.0,0.0,0.0,0.0,0.0,0.0,0.0,0.0,0.0,8.0,2.0,1.0
2026,17.011900899999976,0,8.2917,1.8917,1.7085,1.6287,0.1662,0.0033,0.0063,0.0004,0.0349,0.0478,0.002,0.0007,0.0093,0.0006,0.0013,0.0013,0.0001,0.0001,0.0084,0.0011,0.0004,0.0026,0.0,0.0859,0.0176,0.0,0.0086,0.0,125.0,0.0,62.0,63.0,56.0,0.0,0.0,0.0,0.0,0.0,0.0,0.0,0.0,0.0,0.0,0.0,0.0,0.0,0.0,0.0,0.0,0.0,0.0,8.0,2.0,1.0
2027,17.020192599999977,0,8.3643,1.7302,1.7133,1.5774,0.2345,0.0053,0.0123,0.0003,0.0332,0.0544,0.0029,0.0006,0.0112,0.0001,0.0026,0.0016,0.0001,0.0002,0.0088,0.0011,0.0006,0.0022,0.0,0.0979,0.0218,0.0001,0.0094,0.0,125.0,0.0,62.0,63.0,56.0,0.0,0.0,0.0,0.0,0.0,0.0,0.0,0.0,0.0,0.0,0.0,0.0,0.0,0.0,0.0,0.0,0.0,0.0,8.0,2.0,1.0
2028,17.028556899999977,0,8.4127,1.7749,1.7108,1.5771,0.1731,0.0032,0.0061,0.0003,0.042,0.0543,0.0024,0.0005,0.0099,0.0001,0.0014,0.0015,0.0001,0.0001,0.0082,0.001,0.0004,0.0025,0.0001,0.0917,0.0173,0.0,0.0092,0.0,125.0,0.0,62.0,63.0,56.0,0.0,0.0,0.0,0.0,0.0,0.0,0.0,0.0,0.0,0.0,0.0,0.0,0.0,0.0,0.0,0.0,0.0,0.0,8.0,2.0,1.0
2029,17.036969599999978,0,8.2426,1.7404,1.7533,1.6477,0.1591,0.0029,0.0065,0.0001,0.0316,0.0432,0.0019,0.0008,0.0092,0.0001,0.0022,0.0015,0.0001,0.0001,0.0082,0.001,0.0005,0.0026,0.0,0.0798,0.0157,0.0001,0.0085,0.0,125.0,0.0,62.0,63.0,56.0,0.0,0.0,0.0,0.0,0.0,0.0,0.0,0.0,0.0,0.0,0.0,0.0,0.0,0.0,0.0,0.0,0.0,0.0,8.0,2.0,1.0
2030,17.045212199999977,0,8.423,1.8916,1.7701,1.6403,0.1668,0.0031,0.0077,0.0002,0.0274,0.0407,0.0024,0.0006,0.0095,0.0002,0.0017,0.0018,0.0001,0.0001,0.0081,0.0013,0.0007,0.0026,0.0,0.0794,0.019,0.0,0.0097,0.0,125.0,0.0,62.0,63.0,56.0,0.0,0.0,0.0,0.0,0.0,0.0,0.0,0.0,0.0,0.0,0.0,0.0,0.0,0.0,0.0,0.0,0.0,0.0,8.0,2.0,1.0
2031,17.053635199999977,0,8.2268,1.8212,1.7008,1.7455,0.1548,0.003,0.0051,0.0002,0.0285,0.0391,0.0021,0.0014,0.009,0.0001,0.0014,0.0019,0.0001,0.0001,0.0077,0.0016,0.0005,0.0027,0.0,0.0759,0.0161,0.0,0.0106,0.0,125.0,0.0,62.0,63.0,56.0,0.0,0.0,0.0,0.0,0.0,0.0,0.0,0.0,0.0,0.0,0.0,0.0,0.0,0.0,0.0,0.0,0.0,0.0,8.0,2.0,1.0
2032,17.061861999999977,0,8.4072,1.8034,1.7394,1.5745,0.1697,0.0036,0.0071,0.0002,0.0358,0.0488,0.0023,0.0008,0.0097,0.0002,0.0015,0.0018,0.0001,0.0001,0.0081,0.0013,0.0008,0.0026,0.0001,0.0889,0.0192,0.0,0.0083,0.0,125.0,0.0,62.0,63.0,56.0,0.0,0.0,0.0,0.0,0.0,0.0,0.0,0.0,0.0,0.0,0.0,0.0,0.0,0.0,0.0,0.0,0.0,0.0,8.0,2.0,1.0
2033,17.070269199999977,0,8.3993,1.762,1.7798,1.7248,0.1773,0.003,0.0069,0.0002,0.0289,0.0414,0.0024,0.0007,0.0106,0.0002,0.0016,0.0021,0.0001,0.0002,0.0084,0.0017,0.0004,0.0029,0.0,0.0834,0.0224,0.0001,0.0083,0.0,125.0,0.0,62.0,63.0,56.0,0.0,0.0,0.0,0.0,0.0,0.0,0.0,0.0,0.0,0.0,0.0,0.0,0.0,0.0,0.0,0.0,0.0,0.0,8.0,2.0,1.0
2034,17.078668499999978,0,8.2844,1.6893,1.789,1.6084,0.1686,0.0033,0.0075,0.0002,0.0253,0.0392,0.0019,0.001,0.0096,0.0002,0.0018,0.0016,0.0001,0.0001,0.0079,0.0018,0.0005,0.0033,0.0001,0.0786,0.0182,0.0,0.0087,0.0,125.0,0.0,62.0,63.0,56.0,0.0,0.0,0.0,0.0,0.0,0.0,0.0,0.0,0.0,0.0,0.0,0.0,0.0,0.0,0.0,0.0,0.0,0.0,8.0,2.0,1.0
2035,17.08695289999998,0,8.259,1.8395,1.7453,1.6219,0.1583,0.0033,0.0068,0.0001,0.027,0.0399,0.0022,0.0007,0.0096,0.0007,0.0013,0.0015,0.0001,0.0001,0.0084,0.0011,0.0004,0.0027,0.0,0.0779,0.0167,0.0,0.0083,0.0,125.0,0.0,62.0,63.0,56.0,0.0,0.0,0.0,0.0,0.0,0.0,0.0,0.0,0.0,0.0,0.0,0.0,0.0,0.0,0.0,0.0,0.0,0.0,8.0,2.0,1.0
2036,17.095211899999978,0,8.4416,1.8651,1.7648,1.7095,0.1797,0.0033,0.0069,0.0002,0.0362,0.0496,0.0022,0.0007,0.0112,0.0001,0.0019,0.0015,0.0001,0.0001,0.0083,0.0012,0.001,0.0029,0.0,0.092,0.0182,0.0,0.0106,0.0,125.0,0.0,62.0,63.0,56.0,0.0,0.0,0.0,0.0,0.0,0.0,0.0,0.0,0.0,0.0,0.0,0.0,0.0,0.0,0.0,0.0,0.0,0.0,8.0,2.0,1.0
2037,17.10365349999998,0,8.2874,1.7643,1.7584,1.6671,0.1789,0.0049,0.0076,0.0001,0.0329,0.0482,0.0023,0.0007,0.0102,0.0001,0.0013,0.002,0.0001,0.0001,0.0086,0.0011,0.0006,0.0029,0.0,0.0892,0.0196,0.0,0.0087,0.0,125.0,0.0,62.0,63.0,56.0,0.0,0.0,0.0,0.0,0.0,0.0,0.0,0.0,0.0,0.0,0.0,0.0,0.0,0.0,0.0,0.0,0.0,0.0,8.0,2.0,1.0
2038,17.11194089999998,0,8.3526,1.8336,1.7728,1.8029,0.1662,0.0028,0.0081,0.0002,0.0278,0.041,0.0019,0.0008,0.01,0.0002,0.0015,0.0014,0.0001,0.0001,0.0083,0.0013,0.0005,0.0029,0.0,0.0799,0.0179,0.0,0.0084,0.0,125.0,0.0,62.0,63.0,56.0,0.0,0.0,0.0,0.0,0.0,0.0,0.0,0.0,0.0,0.0,0.0,0.0,0.0,0.0,0.0,0.0,0.0,0.0,8.0,2.0,1.0
2039,17.120293499999978,0,8.439,1.6565,1.794,1.6388,0.1703,0.0025,0.0054,0.0001,0.0359,0.0471,0.0023,0.0008,0.0111,0.0002,0.0014,0.0019,0.0001,0.0001,0.0088,0.0015,0.0005,0.0027,0.0001,0.0887,0.0188,0.0001,0.0114,0.0,125.0,0.0,62.0,63.0,56.0,0.0,0.0,0.0,0.0,0.0,0.0,0.0,0.0,0.0,0.0,0.0,0.0,0.0,0.0,0.0,0.0,0.0,0.0,8.0,2.0,1.0
2040,17.128732499999977,0,8.2882,1.9414,1.8465,1.6318,0.1714,0.003,0.0072,0.0001,0.035,0.0474,0.0029,0.0008,0.0107,0.0001,0.0015,0.0017,0.0,0.0001,0.0081,0.0014,0.0004,0.0027,0.0,0.0875,0.0186,0.0001,0.009,0.0,125.0,0.0,62.0,63.0,56.0,0.0,0.0,0.0,0.0,0.0,0.0,0.0,0.0,0.0,0.0,0.0,0.0,0.0,0.0,0.0,0.0,0.0,0.0,8.0,2.0,1.0
2041,17.137020699999976,0,8.2224,1.771,1.8236,1.6004,0.1558,0.0028,0.0076,0.0002,0.0209,0.0335,0.0019,0.0008,0.0072,0.0001,0.0015,0.0019,0.0001,0.0001,0.0086,0.0017,0.0004,0.0026,0.0,0.0707,0.0192,0.0,0.0087,0.0,125.0,0.0,62.0,63.0,56.0,0.0,0.0,0.0,0.0,0.0,0.0,0.0,0.0,0.0,0.0,0.0,0.0,0.0,0.0,0.0,0.0,0.0,0.0,8.0,2.0,1.0
2042,17.145243099999977,0,8.4844,1.7088,1.7494,1.6269,0.1697,0.0029,0.006,0.0001,0.0411,0.052,0.0025,0.0008,0.0104,0.0002,0.0015,0.0016,0.0001,0.0002,0.0083,0.0012,0.0004,0.0028,0.0,0.0903,0.0186,0.0,0.009,0.0,125.0,0.0,62.0,63.0,56.0,0.0,0.0,0.0,0.0,0.0,0.0,0.0,0.0,0.0,0.0,0.0,0.0,0.0,0.0,0.0,0.0,0.0,0.0,8.0,2.0,1.0
2043,17.153727499999977,0,8.2293,1.6911,1.8289,1.6711,0.1638,0.0028,0.0061,0.0001,0.0306,0.0424,0.0026,0.0006,0.0099,0.0001,0.0015,0.0017,0.0,0.0001,0.0081,0.001,0.0004,0.0023,0.0,0.0794,0.0209,0.0,0.0087,0.0,125.0,0.0,62.0,63.0,56.0,0.0,0.0,0.0,0.0,0.0,0.0,0.0,0.0,0.0,0.0,0.0,0.0,0.0,0.0,0.0,0.0,0.0,0.0,8.0,2.0,1.0
2044,17.161956799999977,0,8.3954,1.824,1.8549,1.6918,0.1804,0.0032,0.0072,0.0002,0.0358,0.0486,0.0025,0.0008,0.0109,0.0001,0.0016,0.0014,0.0001,0.0001,0.0082,0.0011,0.0004,0.0029,0.0,0.0895,0.021,0.0001,0.0085,0.0,125.0,0.0,62.0,63.0,56.0,0.0,0.0,0.0,0.0,0.0,0.0,0.0,0.0,0.0,0.0,0.0,0.0,0.0,0.0,0.0,0.0,0.0,0.0,8.0,2.0,1.0
2045,17.17035219999998,0,8.2869,1.8216,1.8092,1.7564,0.1748,0.0031,0.0071,0.0002,0.0299,0.0425,0.0025,0.0008,0.0104,0.0001,0.0021,0.0013,0.0002,0.0001,0.0084,0.0013,0.0005,0.0027,0.0,0.0828,0.0206,0.0001,0.0089,0.0,125.0,0.0,62.0,63.0,56.0,0.0,0.0,0.0,0.0,0.0,0.0,0.0,0.0,0.0,0.0,0.0,0.0,0.0,0.0,0.0,0.0,0.0,0.0,8.0,2.0,1.0
2046,17.17863909999998,0,8.4776,1.6557,1.8569,1.6296,0.1755,0.004,0.0063,0.0001,0.0351,0.0479,0.0019,0.0008,0.0111,0.0001,0.002,0.0015,0.0001,0.0003,0.0088,0.0012,0.0004,0.0025,0.0,0.0896,0.0178,0.0005,0.0084,0.0,125.0,0.0,62.0,63.0,56.0,0.0,0.0,0.0,0.0,0.0,0.0,0.0,0.0,0.0,0.0,0.0,0.0,0.0,0.0,0.0,0.0,0.0,0.0,8.0,2.0,1.0
2047,17.18711669999998,0,8.2276,1.9112,1.8683,1.7095,0.179,0.003,0.005,0.0001,0.0324,0.043,0.0027,0.0009,0.0111,0.0001,0.002,0.0016,0.0001,0.0005,0.0089,0.0013,0.0004,0.0028,0.0001,0.0873,0.0212,0.0,0.0088,0.0,125.0,0.0,62.0,63.0,56.0,0.0,0.0,0.0,0.0,0.0,0.0,0.0,0.0,0.0,0.0,0.0,0.0,0.0,0.0,0.0,0.0,0.0,0.0,8.0,2.0,1.0
2048,17.19534429999998,0,8.47,1.8479,1.9058,1.7233,0.1994,0.0033,0.0079,0.0001,0.044,0.0581,0.0023,0.0013,0.0114,0.0001,0.0017,0.0019,0.0001,0.0001,0.0102,0.0014,0.0005,0.0029,0.0,0.1039,0.0195,0.0001,0.0112,0.0,125.0,0.0,62.0,63.0,56.0,0.0,0.0,0.0,0.0,0.0,0.0,0.0,0.0,0.0,0.0,0.0,0.0,0.0,0.0,0.0,0.0,0.0,0.0,8.0,2.0,1.0
2049,17.20381429999998,0,8.1753,1.9803,1.8657,1.7303,0.1652,0.0033,0.0067,0.0002,0.0277,0.0409,0.0025,0.0007,0.0096,0.0002,0.0016,0.0021,0.0,0.0001,0.0089,0.0012,0.0004,0.0024,0.0,0.0812,0.0189,0.0,0.0095,0.0,125.0,0.0,62.0,63.0,56.0,0.0,0.0,0.0,0.0,0.0,0.0,0.0,0.0,0.0,0.0,0.0,0.0,0.0,0.0,0.0,0.0,0.0,0.0,8.0,2.0,1.0
2050,17.21198959999998,0,8.5117,1.9094,1.9504,1.5798,0.1984,0.0034,0.0061,0.0002,0.0444,0.0569,0.0024,0.0009,0.0128,0.0001,0.0017,0.002,0.0001,0.0002,0.0092,0.0014,0.0005,0.003,0.0,0.1035,0.0218,0.0001,0.0093,0.0,125.0,0.0,62.0,63.0,56.0,0.0,0.0,0.0,0.0,0.0,0.0,0.0,0.0,0.0,0.0,0.0,0.0,0.0,0.0,0.0,0.0,0.0,0.0,8.0,2.0,1.0
2051,17.22050129999998,0,8.1862,2.079,1.8917,1.704,0.1805,0.003,0.0072,0.0002,0.0292,0.0419,0.0024,0.0008,0.0106,0.0002,0.0016,0.0023,0.0001,0.0001,0.0095,0.0013,0.0005,0.0033,0.0,0.0841,0.0251,0.0,0.0094,0.0,125.0,0.0,62.0,63.0,56.0,0.0,0.0,0.0,0.0,0.0,0.0,0.0,0.0,0.0,0.0,0.0,0.0,0.0,0.0,0.0,0.0,0.0,0.0,8.0,2.0,1.0
2052,17.22868749999998,0,8.5127,1.8594,1.9164,1.6717,0.1969,0.0032,0.0052,0.0003,0.0403,0.052,0.0024,0.001,0.0134,0.0002,0.002,0.0018,0.0002,0.0001,0.0094,0.0019,0.0005,0.0028,0.0001,0.1003,0.0207,0.0001,0.0097,0.0,125.0,0.0,62.0,63.0,56.0,0.0,0.0,0.0,0.0,0.0,0.0,0.0,0.0,0.0,0.0,0.0,0.0,0.0,0.0,0.0,0.0,0.0,0.0,8.0,2.0,1.0
2053,17.237200199999982,0,8.5582,1.9231,2.2673,1.7929,0.1624,0.0034,0.0052,0.0003,0.0295,0.041,0.0028,0.0008,0.012,0.0002,0.0014,0.0015,0.0001,0.0001,0.0093,0.0012,0.0005,0.0028,0.0001,0.081,0.0177,0.0,0.0111,0.0,125.0,0.0,62.0,63.0,56.0,0.0,0.0,0.0,0.0,0.0,0.0,0.0,0.0,0.0,0.0,0.0,0.0,0.0,0.0,0.0,0.0,0.0,0.0,8.0,2.0,1.0
2054,17.245758399999982,0,8.1412,1.823,1.9782,1.7305,0.1998,0.0044,0.0079,0.0002,0.0409,0.0565,0.003,0.0007,0.0113,0.0002,0.0014,0.0021,0.0001,0.0001,0.0097,0.0013,0.0005,0.0031,0.0,0.1008,0.0205,0.0,0.0088,0.0,125.0,0.0,62.0,63.0,56.0,0.0,0.0,0.0,0.0,0.0,0.0,0.0,0.0,0.0,0.0,0.0,0.0,0.0,0.0,0.0,0.0,0.0,0.0,8.0,2.0,1.0
2055,17.253899599999983,0,8.1914,2.0183,2.0688,1.7063,0.1843,0.0029,0.0071,0.0002,0.0298,0.0424,0.0026,0.0008,0.0114,0.0002,0.0017,0.0017,0.0001,0.0002,0.0102,0.0017,0.0005,0.0027,0.0001,0.0899,0.0232,0.0001,0.009,0.0,125.0,0.0,62.0,63.0,56.0,0.0,0.0,0.0,0.0,0.0,0.0,0.0,0.0,0.0,0.0,0.0,0.0,0.0,0.0,0.0,0.0,0.0,0.0,8.0,2.0,1.0
2056,17.262090999999984,0,8.3823,1.9478,1.8383,1.7512,0.1872,0.003,0.0047,0.0002,0.0413,0.0515,0.0031,0.0014,0.0114,0.0001,0.0021,0.0016,0.0001,0.0005,0.0091,0.0013,0.0004,0.0028,0.0001,0.0954,0.0213,0.0001,0.0081,0.0,125.0,0.0,62.0,63.0,56.0,0.0,0.0,0.0,0.0,0.0,0.0,0.0,0.0,0.0,0.0,0.0,0.0,0.0,0.0,0.0,0.0,0.0,0.0,8.0,2.0,1.0
2057,17.270473299999985,0,8.3374,1.8991,1.9318,1.6408,0.1754,0.0036,0.0067,0.0002,0.0304,0.0443,0.0022,0.0009,0.0095,0.0002,0.0019,0.0017,0.0001,0.0002,0.0089,0.0018,0.0005,0.0027,0.0001,0.0853,0.0182,0.0001,0.0087,0.0,125.0,0.0,62.0,63.0,56.0,0.0,0.0,0.0,0.0,0.0,0.0,0.0,0.0,0.0,0.0,0.0,0.0,0.0,0.0,0.0,0.0,0.0,0.0,8.0,2.0,1.0
2058,17.278810699999983,0,8.3798,1.899,1.9911,1.6749,0.182,0.0029,0.0069,0.0003,0.0394,0.0515,0.0019,0.0009,0.0104,0.0001,0.0019,0.0016,0.0001,0.0001,0.0095,0.0014,0.0005,0.0024,0.0,0.0941,0.019,0.0001,0.0089,0.0,125.0,0.0,62.0,63.0,56.0,0.0,0.0,0.0,0.0,0.0,0.0,0.0,0.0,0.0,0.0,0.0,0.0,0.0,0.0,0.0,0.0,0.0,0.0,8.0,2.0,1.0
2059,17.287190499999983,0,8.2566,1.987,1.9845,1.6824,0.1856,0.003,0.0066,0.0003,0.0391,0.0516,0.0021,0.0018,0.0115,0.0003,0.0017,0.002,0.0,0.0001,0.0099,0.0012,0.0005,0.0026,0.0,0.095,0.0197,0.0001,0.0089,0.0,125.0,0.0,62.0,63.0,56.0,0.0,0.0,0.0,0.0,0.0,0.0,0.0,0.0,0.0,0.0,0.0,0.0,0.0,0.0,0.0,0.0,0.0,0.0,8.0,2.0,1.0
2060,17.295447099999983,0,8.3603,1.9412,1.9335,1.6799,0.1918,0.0029,0.0064,0.0002,0.043,0.0552,0.0026,0.0009,0.0125,0.0002,0.0018,0.0021,0.0002,0.0002,0.01,0.0013,0.0005,0.0033,0.0,0.1021,0.0196,0.0,0.0076,0.0,125.0,0.0,62.0,63.0,56.0,0.0,0.0,0.0,0.0,0.0,0.0,0.0,0.0,0.0,0.0,0.0,0.0,0.0,0.0,0.0,0.0,0.0,0.0,8.0,2.0,1.0
2061,17.303807399999982,0,8.3156,1.9473,1.9691,1.8017,0.1874,0.0036,0.0072,0.0003,0.0333,0.0479,0.0032,0.0009,0.013,0.0001,0.0021,0.0018,0.0006,0.0001,0.0087,0.0016,0.0006,0.0025,0.0001,0.0927,0.0221,0.0001,0.0078,0.0,125.0,0.0,62.0,63.0,56.0,0.0,0.0,0.0,0.0,0.0,0.0,0.0,0.0,0.0,0.0,0.0,0.0,0.0,0.0,0.0,0.0,0.0,0.0,8.0,2.0,1.0
2062,17.312122999999982,0,8.322,1.9728,1.932,1.9057,0.1841,0.0033,0.007,0.0002,0.0308,0.0437,0.0021,0.0012,0.0112,0.0001,0.0018,0.0017,0.0006,0.0001,0.0093,0.0018,0.0004,0.0028,0.0,0.0912,0.0198,0.0001,0.0092,0.0,125.0,0.0,62.0,63.0,56.0,0.0,0.0,0.0,0.0,0.0,0.0,0.0,0.0,0.0,0.0,0.0,0.0,0.0,0.0,0.0,0.0,0.0,0.0,8.0,2.0,1.0
2063,17.32044499999998,0,8.2136,1.9753,1.8323,1.6857,0.1658,0.0041,0.0066,0.0003,0.0299,0.0431,0.0024,0.0006,0.0113,0.0002,0.0015,0.0014,0.0001,0.0001,0.0085,0.0011,0.0005,0.0023,0.0001,0.0819,0.0188,0.0,0.0089,0.0,125.0,0.0,62.0,63.0,56.0,0.0,0.0,0.0,0.0,0.0,0.0,0.0,0.0,0.0,0.0,0.0,0.0,0.0,0.0,0.0,0.0,0.0,0.0,8.0,2.0,1.0
2064,17.328658599999983,0,8.4737,1.806,1.8757,1.6812,0.1919,0.0032,0.0074,0.0003,0.0401,0.0548,0.0023,0.0012,0.0117,0.0002,0.0017,0.0022,0.0002,0.0001,0.0093,0.0013,0.0005,0.0029,0.0,0.0999,0.0191,0.0,0.0077,0.0,125.0,0.0,62.0,63.0,56.0,0.0,0.0,0.0,0.0,0.0,0.0,0.0,0.0,0.0,0.0,0.0,0.0,0.0,0.0,0.0,0.0,0.0,0.0,8.0,2.0,1.0
2065,17.337132299999983,0,8.1981,1.9553,1.8808,1.6221,0.1743,0.0032,0.0067,0.0002,0.0276,0.0408,0.0026,0.0009,0.0107,0.0001,0.002,0.0015,0.0,0.0002,0.0092,0.0012,0.0006,0.0028,0.0,0.0841,0.0189,0.0,0.008,0.0,125.0,0.0,62.0,63.0,56.0,0.0,0.0,0.0,0.0,0.0,0.0,0.0,0.0,0.0,0.0,0.0,0.0,0.0,0.0,0.0,0.0,0.0,0.0,8.0,2.0,1.0
2066,17.345330399999984,0,8.3051,1.7539,1.7979,1.7201,0.1754,0.0027,0.0042,0.0002,0.0384,0.0479,0.0024,0.001,0.0111,0.0002,0.0015,0.0014,0.0001,0.0001,0.0092,0.0013,0.0004,0.0031,0.0,0.0903,0.0189,0.0,0.0084,0.0,125.0,0.0,62.0,63.0,56.0,0.0,0.0,0.0,0.0,0.0,0.0,0.0,0.0,0.0,0.0,0.0,0.0,0.0,0.0,0.0,0.0,0.0,0.0,8.0,2.0,1.0
2067,17.353635499999985,0,8.557,1.7541,1.9456,1.6755,0.179,0.0033,0.0074,0.0003,0.029,0.0428,0.0025,0.0008,0.0108,0.0002,0.0017,0.0023,0.0,0.0001,0.0088,0.0013,0.0005,0.0028,0.0,0.086,0.0188,0.0,0.011,0.0,125.0,0.0,62.0,63.0,56.0,0.0,0.0,0.0,0.0,0.0,0.0,0.0,0.0,0.0,0.0,0.0,0.0,0.0,0.0,0.0,0.0,0.0,0.0,8.0,2.0,1.0
2068,17.362192499999985,0,8.5231,1.9913,2.1246,1.652,0.1912,0.0038,0.0074,0.0003,0.035,0.0497,0.003,0.001,0.0124,0.0001,0.0019,0.0018,0.0001,0.0002,0.0086,0.0018,0.0005,0.0029,0.0,0.0941,0.019,0.0,0.009,0.0,125.0,0.0,62.0,63.0,56.0,0.0,0.0,0.0,0.0,0.0,0.0,0.0,0.0,0.0,0.0,0.0,0.0,0.0,0.0,0.0,0.0,0.0,0.0,8.0,2.0,1.0
2069,17.370715599999986,0,8.0794,2.0555,2.0066,1.746,0.1722,0.0033,0.007,0.0002,0.0259,0.0395,0.0023,0.0009,0.0105,0.0002,0.0016,0.0021,0.0001,0.0001,0.0085,0.002,0.0004,0.0034,0.0,0.0809,0.0174,0.0001,0.0093,0.0,125.0,0.0,62.0,63.0,56.0,0.0,0.0,0.0,0.0,0.0,0.0,0.0,0.0,0.0,0.0,0.0,0.0,0.0,0.0,0.0,0.0,0.0,0.0,8.0,2.0,1.0
2070,17.378794999999986,0,8.2021,2.056,1.8703,1.7948,0.1708,0.0026,0.0045,0.0001,0.0371,0.0473,0.0024,0.0007,0.0104,0.0006,0.0015,0.0015,0.0001,0.0001,0.0082,0.0013,0.0005,0.0028,0.0,0.0881,0.0208,0.0,0.0088,0.0,125.0,0.0,62.0,63.0,56.0,0.0,0.0,0.0,0.0,0.0,0.0,0.0,0.0,0.0,0.0,0.0,0.0,0.0,0.0,0.0,0.0,0.0,0.0,8.0,2.0,1.0
2071,17.386997099999984,0,8.308,1.9185,1.808,1.7928,0.174,0.0031,0.0079,0.0002,0.0281,0.0419,0.0022,0.0015,0.0108,0.0001,0.002,0.0017,0.0002,0.0001,0.0084,0.0012,0.0004,0.0028,0.0,0.0839,0.0205,0.0,0.0093,0.0,125.0,0.0,62.0,63.0,56.0,0.0,0.0,0.0,0.0,0.0,0.0,0.0,0.0,0.0,0.0,0.0,0.0,0.0,0.0,0.0,0.0,0.0,0.0,8.0,2.0,1.0
2072,17.395305099999984,0,8.4301,1.8774,1.8738,1.5792,0.1665,0.0029,0.0063,0.0002,0.0344,0.0461,0.0019,0.0006,0.0087,0.0001,0.0015,0.0015,0.0001,0.0001,0.008,0.0012,0.0005,0.0024,0.0,0.0832,0.0208,0.0,0.0089,0.0,125.0,0.0,62.0,63.0,56.0,0.0,0.0,0.0,0.0,0.0,0.0,0.0,0.0,0.0,0.0,0.0,0.0,0.0,0.0,0.0,0.0,0.0,0.0,8.0,2.0,1.0
2073,17.403735199999986,0,8.313,1.8926,1.8554,1.6027,0.1578,0.0028,0.006,0.0002,0.0263,0.0375,0.0019,0.0008,0.0093,0.0001,0.0022,0.0016,0.0001,0.0006,0.0086,0.0012,0.0004,0.0023,0.0,0.076,0.0165,0.0,0.0096,0.0,125.0,0.0,62.0,63.0,56.0,0.0,0.0,0.0,0.0,0.0,0.0,0.0,0.0,0.0,0.0,0.0,0.0,0.0,0.0,0.0,0.0,0.0,0.0,8.0,2.0,1.0
2074,17.412048199999987,0,8.3938,1.8061,1.9228,1.6389,0.1867,0.0032,0.0047,0.0001,0.046,0.0565,0.003,0.0008,0.0109,0.0001,0.0016,0.0019,0.0001,0.0001,0.0082,0.0016,0.0005,0.0028,0.0,0.0987,0.0202,0.0,0.0091,0.0,125.0,0.0,62.0,63.0,56.0,0.0,0.0,0.0,0.0,0.0,0.0,0.0,0.0,0.0,0.0,0.0,0.0,0.0,0.0,0.0,0.0,0.0,0.0,8.0,2.0,1.0
2075,17.420441999999987,0,8.2389,1.7938,1.8773,1.7111,0.1554,0.0028,0.0062,0.0002,0.0299,0.041,0.0019,0.0007,0.0093,0.0001,0.0013,0.0018,0.0,0.0001,0.0082,0.0016,0.0004,0.0024,0.0,0.0787,0.0164,0.0001,0.0097,0.0,125.0,0.0,62.0,63.0,56.0,0.0,0.0,0.0,0.0,0.0,0.0,0.0,0.0,0.0,0.0,0.0,0.0,0.0,0.0,0.0,0.0,0.0,0.0,8.0,2.0,1.0
2076,17.428680899999986,0,8.4424,1.6946,1.8503,1.6174,0.1664,0.0028,0.0052,0.0002,0.0351,0.0462,0.0021,0.0008,0.0108,0.0001,0.0017,0.0013,0.0001,0.0001,0.0081,0.001,0.0004,0.0024,0.0,0.0848,0.0178,0.0,0.0102,0.0,125.0,0.0,62.0,63.0,56.0,0.0,0.0,0.0,0.0,0.0,0.0,0.0,0.0,0.0,0.0,0.0,0.0,0.0,0.0,0.0,0.0,0.0,0.0,8.0,2.0,1.0
2077,17.437123299999985,0,8.2842,1.957,1.9443,1.6241,0.1783,0.0037,0.0071,0.0003,0.0259,0.0404,0.0022,0.0008,0.0107,0.0001,0.0016,0.0019,0.0002,0.0001,0.0127,0.0019,0.0005,0.0028,0.0,0.0857,0.0184,0.0001,0.0088,0.0,125.0,0.0,62.0,63.0,56.0,0.0,0.0,0.0,0.0,0.0,0.0,0.0,0.0,0.0,0.0,0.0,0.0,0.0,0.0,0.0,0.0,0.0,0.0,8.0,2.0,1.0
2078,17.445407499999984,0,8.4217,1.8374,1.9343,1.6777,0.1989,0.0031,0.0072,0.0003,0.046,0.0597,0.0023,0.0008,0.0102,0.0001,0.0017,0.0019,0.0002,0.0001,0.0087,0.0013,0.0005,0.0029,0.0001,0.1019,0.0199,0.0,0.0091,0.0,125.0,0.0,62.0,63.0,56.0,0.0,0.0,0.0,0.0,0.0,0.0,0.0,0.0,0.0,0.0,0.0,0.0,0.0,0.0,0.0,0.0,0.0,0.0,8.0,2.0,1.0
2079,17.453829199999984,0,8.1472,2.0318,1.8756,1.7919,0.1517,0.0033,0.006,0.0002,0.0265,0.0382,0.0022,0.0006,0.009,0.0001,0.0019,0.0016,0.0001,0.0001,0.0087,0.0012,0.0009,0.0024,0.0,0.0761,0.0164,0.0,0.0073,0.0,125.0,0.0,62.0,63.0,56.0,0.0,0.0,0.0,0.0,0.0,0.0,0.0,0.0,0.0,0.0,0.0,0.0,0.0,0.0,0.0,0.0,0.0,0.0,8.0,2.0,1.0
2080,17.461976399999983,0,8.472,1.8374,1.9213,1.7066,0.1918,0.0027,0.0052,0.0002,0.0459,0.0572,0.0026,0.0008,0.0116,0.0002,0.0018,0.0015,0.0005,0.0001,0.0098,0.0014,0.0005,0.0027,0.0,0.1018,0.0203,0.0,0.0085,0.0,125.0,0.0,62.0,63.0,56.0,0.0,0.0,0.0,0.0,0.0,0.0,0.0,0.0,0.0,0.0,0.0,0.0,0.0,0.0,0.0,0.0,0.0,0.0,8.0,2.0,1.0
2081,17.470448399999984,0,8.2601,1.9148,1.8769,1.6922,0.1612,0.0026,0.0065,0.0002,0.0322,0.0448,0.0021,0.0008,0.0106,0.0001,0.0014,0.0013,0.0,0.0001,0.008,0.0017,0.0004,0.0024,0.0001,0.0832,0.0187,0.0,0.0098,0.0,125.0,0.0,62.0,63.0,56.0,0.0,0.0,0.0,0.0,0.0,0.0,0.0,0.0,0.0,0.0,0.0,0.0,0.0,0.0,0.0,0.0,0.0,0.0,8.0,2.0,1.0
2082,17.478708499999986,0,8.3337,1.8874,1.8333,1.7213,0.1766,0.0026,0.0051,0.0002,0.0414,0.052,0.0025,0.0008,0.0103,0.0002,0.0014,0.002,0.0001,0.0001,0.0086,0.0014,0.0004,0.0026,0.0,0.0928,0.0215,0.0,0.0086,0.0,125.0,0.0,62.0,63.0,56.0,0.0,0.0,0.0,0.0,0.0,0.0,0.0,0.0,0.0,0.0,0.0,0.0,0.0,0.0,0.0,0.0,0.0,0.0,8.0,2.0,1.0
2083,17.487042199999987,0,8.332,1.9263,1.8545,1.5976,0.1726,0.0029,0.0057,0.0002,0.0363,0.047,0.0022,0.0008,0.0102,0.0002,0.0013,0.0019,0.0,0.0001,0.0088,0.0015,0.0005,0.0029,0.0,0.0882,0.0195,0.0001,0.0088,0.0,125.0,0.0,62.0,63.0,56.0,0.0,0.0,0.0,0.0,0.0,0.0,0.0,0.0,0.0,0.0,0.0,0.0,0.0,0.0,0.0,0.0,0.0,0.0,8.0,2.0,1.0
2084,17.495374199999986,0,8.4872,2.0711,1.967,1.7102,0.1706,0.003,0.0066,0.0002,0.033,0.0451,0.002,0.0007,0.0097,0.0001,0.002,0.0016,0.0002,0.0002,0.0085,0.0013,0.0011,0.0025,0.0,0.0853,0.0166,0.0001,0.0076,0.0,125.0,0.0,62.0,63.0,56.0,0.0,0.0,0.0,0.0,0.0,0.0,0.0,0.0,0.0,0.0,0.0,0.0,0.0,0.0,0.0,0.0,0.0,0.0,8.0,2.0,1.0
2085,17.503861399999987,0,8.2059,1.9169,1.9589,1.7301,0.1846,0.0035,0.0071,0.0001,0.033,0.0463,0.0023,0.0009,0.0112,0.0002,0.0015,0.0016,0.0001,0.0002,0.008,0.0012,0.0005,0.0027,0.0,0.0928,0.021,0.0,0.0078,0.0,125.0,0.0,62.0,63.0,56.0,0.0,0.0,0.0,0.0,0.0,0.0,0.0,0.0,0.0,0.0,0.0,0.0,0.0,0.0,0.0,0.0,0.0,0.0,8.0,2.0,1.0
2086,17.512067299999988,0,8.3251,1.8427,1.894,1.7005,0.1912,0.0028,0.0068,0.0002,0.0458,0.0593,0.0027,0.0008,0.0105,0.0001,0.0014,0.002,0.0001,0.0001,0.0089,0.0017,0.0005,0.0028,0.0,0.1007,0.0209,0.0,0.0074,0.0,125.0,0.0,62.0,63.0,56.0,0.0,0.0,0.0,0.0,0.0,0.0,0.0,0.0,0.0,0.0,0.0,0.0,0.0,0.0,0.0,0.0,0.0,0.0,8.0,2.0,1.0
2087,17.520392399999988,0,8.2133,1.873,1.7513,1.7301,0.1557,0.0027,0.0066,0.0001,0.0264,0.0382,0.0029,0.0008,0.0098,0.0001,0.0015,0.0019,0.0001,0.0001,0.0086,0.0015,0.0004,0.0025,0.0,0.0773,0.0169,0.0001,0.0078,0.0,125.0,0.0,62.0,63.0,56.0,0.0,0.0,0.0,0.0,0.0,0.0,0.0,0.0,0.0,0.0,0.0,0.0,0.0,0.0,0.0,0.0,0.0,0.0,8.0,2.0,1.0
2088,17.52860569999999,0,8.4207,1.7952,1.7946,1.6464,0.1665,0.0028,0.0067,0.0001,0.0339,0.0459,0.0018,0.0007,0.0096,0.0007,0.0015,0.0014,0.0006,0.0001,0.0086,0.0012,0.0004,0.0022,0.0001,0.0846,0.0187,0.0,0.0098,0.0,125.0,0.0,62.0,63.0,56.0,0.0,0.0,0.0,0.0,0.0,0.0,0.0,0.0,0.0,0.0,0.0,0.0,0.0,0.0,0.0,0.0,0.0,0.0,8.0,2.0,1.0
2089,17.537026399999988,0,8.2423,1.8246,1.7855,1.7114,0.1619,0.0024,0.0047,0.0002,0.0301,0.0398,0.0027,0.0008,0.0092,0.0002,0.0016,0.0015,0.0,0.0001,0.0091,0.0017,0.0004,0.0027,0.0,0.0787,0.0222,0.0,0.0075,0.0,125.0,0.0,62.0,63.0,56.0,0.0,0.0,0.0,0.0,0.0,0.0,0.0,0.0,0.0,0.0,0.0,0.0,0.0,0.0,0.0,0.0,0.0,0.0,8.0,2.0,1.0
2090,17.545268699999987,0,8.4319,1.8053,1.7736,1.7483,0.1738,0.0028,0.0067,0.0002,0.0366,0.0488,0.0027,0.0009,0.0112,0.0001,0.0018,0.0013,0.0001,0.0001,0.0083,0.0014,0.0005,0.0026,0.0,0.0897,0.0215,0.0,0.0075,0.0,125.0,0.0,62.0,63.0,56.0,0.0,0.0,0.0,0.0,0.0,0.0,0.0,0.0,0.0,0.0,0.0,0.0,0.0,0.0,0.0,0.0,0.0,0.0,8.0,2.0,1.0
2091,17.55370059999999,0,8.4656,1.7729,1.9274,1.8025,0.1696,0.004,0.0074,0.0003,0.0217,0.0358,0.0023,0.0008,0.0079,0.0002,0.0021,0.0016,0.0001,0.0005,0.0091,0.0012,0.0009,0.0027,0.0,0.0762,0.0194,0.0001,0.009,0.0,125.0,0.0,62.0,63.0,56.0,0.0,0.0,0.0,0.0,0.0,0.0,0.0,0.0,0.0,0.0,0.0,0.0,0.0,0.0,0.0,0.0,0.0,0.0,8.0,2.0,1.0
2092,17.56216619999999,0,8.2635,1.8881,1.9432,1.7803,0.1822,0.0033,0.0076,0.0002,0.037,0.0502,0.0026,0.0007,0.0104,0.0001,0.0016,0.002,0.0,0.0001,0.0086,0.0018,0.0005,0.0027,0.0001,0.0918,0.0221,0.0,0.0092,0.0,125.0,0.0,62.0,63.0,56.0,0.0,0.0,0.0,0.0,0.0,0.0,0.0,0.0,0.0,0.0,0.0,0.0,0.0,0.0,0.0,0.0,0.0,0.0,8.0,2.0,1.0
2093,17.57042969999999,0,8.2052,2.0565,1.8619,1.7023,0.1689,0.0029,0.0073,0.0002,0.0289,0.0413,0.0022,0.0008,0.0101,0.0001,0.002,0.0021,0.0001,0.0001,0.0086,0.0012,0.0006,0.0028,0.0,0.0826,0.0189,0.0001,0.0086,0.0,125.0,0.0,62.0,63.0,56.0,0.0,0.0,0.0,0.0,0.0,0.0,0.0,0.0,0.0,0.0,0.0,0.0,0.0,0.0,0.0,0.0,0.0,0.0,8.0,2.0,1.0
2094,17.57863489999999,0,8.3705,1.8873,1.7389,1.6189,0.1585,0.0037,0.0061,0.0002,0.0372,0.0488,0.0018,0.0007,0.0092,0.0002,0.0012,0.0011,0.0001,0.0006,0.0082,0.0011,0.0005,0.0024,0.0,0.0852,0.0157,0.0,0.0089,0.0,125.0,0.0,62.0,63.0,56.0,0.0,0.0,0.0,0.0,0.0,0.0,0.0,0.0,0.0,0.0,0.0,0.0,0.0,0.0,0.0,0.0,0.0,0.0,8.0,2.0,1.0
2095,17.587005399999992,0,8.3522,1.8132,1.9082,1.7327,0.1651,0.003,0.0065,0.0001,0.0241,0.036,0.0023,0.0008,0.0113,0.0002,0.002,0.0013,0.0001,0.0004,0.0083,0.0013,0.0004,0.0028,0.0001,0.0781,0.0168,0.0,0.0082,0.0,125.0,0.0,62.0,63.0,56.0,0.0,0.0,0.0,0.0,0.0,0.0,0.0,0.0,0.0,0.0,0.0,0.0,0.0,0.0,0.0,0.0,0.0,0.0,8.0,2.0,1.0
2096,17.595357599999993,0,8.3534,1.9091,1.8279,1.6908,0.1834,0.0032,0.0063,0.0002,0.0412,0.053,0.0033,0.0012,0.0124,0.0006,0.0014,0.0013,0.0,0.0001,0.0085,0.0013,0.0009,0.0028,0.0001,0.0961,0.0214,0.0001,0.0082,0.0,125.0,0.0,62.0,63.0,56.0,0.0,0.0,0.0,0.0,0.0,0.0,0.0,0.0,0.0,0.0,0.0,0.0,0.0,0.0,0.0,0.0,0.0,0.0,8.0,2.0,1.0
2097,17.603710999999993,0,8.3378,1.8478,1.8146,1.6907,0.1606,0.0034,0.007,0.0002,0.0287,0.0411,0.0017,0.0007,0.0092,0.0001,0.0019,0.0013,0.0001,0.0001,0.0081,0.0011,0.0004,0.0026,0.0,0.0785,0.0191,0.0,0.0079,0.0,125.0,0.0,62.0,63.0,56.0,0.0,0.0,0.0,0.0,0.0,0.0,0.0,0.0,0.0,0.0,0.0,0.0,0.0,0.0,0.0,0.0,0.0,0.0,8.0,2.0,1.0
2098,17.612048799999993,0,8.5335,1.9126,2.162,1.6766,0.1708,0.0031,0.0079,0.0002,0.0309,0.0444,0.002,0.0006,0.0105,0.0001,0.0018,0.0015,0.0001,0.0002,0.0088,0.0012,0.0005,0.0026,0.0,0.0845,0.018,0.0,0.0107,0.0,125.0,0.0,62.0,63.0,56.0,0.0,0.0,0.0,0.0,0.0,0.0,0.0,0.0,0.0,0.0,0.0,0.0,0.0,0.0,0.0,0.0,0.0,0.0,8.0,2.0,1.0
2099,17.62058229999999,0,8.1634,1.8941,1.7918,1.7924,0.1676,0.0024,0.0051,0.0002,0.0298,0.0395,0.0023,0.001,0.0094,0.0002,0.0023,0.0015,0.0001,0.0001,0.0091,0.0013,0.0005,0.0029,0.0001,0.0813,0.0206,0.0001,0.0088,0.0,125.0,0.0,62.0,63.0,56.0,0.0,0.0,0.0,0.0,0.0,0.0,0.0,0.0,0.0,0.0,0.0,0.0,0.0,0.0,0.0,0.0,0.0,0.0,8.0,2.0,1.0
2100,17.628745699999993,0,8.413,2.08,1.9673,1.7938,0.18,0.0038,0.0072,0.0002,0.0337,0.0479,0.0024,0.0009,0.0107,0.0001,0.0019,0.0015,0.0001,0.0001,0.0085,0.0019,0.0005,0.0028,0.0,0.0901,0.0191,0.0,0.0078,0.0,125.0,0.0,62.0,63.0,56.0,0.0,0.0,0.0,0.0,0.0,0.0,0.0,0.0,0.0,0.0,0.0,0.0,0.0,0.0,0.0,0.0,0.0,0.0,8.0,2.0,1.0
2101,17.637158699999993,0,8.1536,1.9374,1.8729,1.8414,0.1674,0.0029,0.0068,0.0002,0.0273,0.04,0.0025,0.0007,0.0104,0.0002,0.0016,0.0015,0.0001,0.0002,0.0093,0.0012,0.0005,0.0028,0.0001,0.0835,0.019,0.0,0.0083,0.0,125.0,0.0,62.0,63.0,56.0,0.0,0.0,0.0,0.0,0.0,0.0,0.0,0.0,0.0,0.0,0.0,0.0,0.0,0.0,0.0,0.0,0.0,0.0,8.0,2.0,1.0
2102,17.645312299999993,0,8.3662,1.9077,1.7888,1.7366,0.1766,0.0029,0.0066,0.0002,0.0351,0.0474,0.0026,0.0008,0.011,0.0001,0.0017,0.0015,0.0,0.0002,0.0086,0.0013,0.0005,0.0028,0.0,0.0891,0.0208,0.0,0.0078,0.0,125.0,0.0,62.0,63.0,56.0,0.0,0.0,0.0,0.0,0.0,0.0,0.0,0.0,0.0,0.0,0.0,0.0,0.0,0.0,0.0,0.0,0.0,0.0,8.0,2.0,1.0
2103,17.653678499999995,0,8.2566,1.8035,1.8015,1.7321,0.1618,0.003,0.007,0.0003,0.0271,0.0395,0.002,0.0008,0.0099,0.0003,0.0019,0.002,0.0001,0.0001,0.0082,0.0012,0.0009,0.0028,0.0,0.0801,0.0166,0.0,0.008,0.0,125.0,0.0,62.0,63.0,56.0,0.0,0.0,0.0,0.0,0.0,0.0,0.0,0.0,0.0,0.0,0.0,0.0,0.0,0.0,0.0,0.0,0.0,0.0,8.0,2.0,1.0
2104,17.661935099999994,0,8.4695,1.7992,1.8437,1.6074,0.1782,0.0025,0.0044,0.0002,0.0415,0.0506,0.0028,0.001,0.012,0.0001,0.0016,0.0017,0.0,0.0001,0.0084,0.0013,0.0005,0.0032,0.0,0.094,0.0202,0.0,0.0078,0.0,125.0,0.0,62.0,63.0,56.0,0.0,0.0,0.0,0.0,0.0,0.0,0.0,0.0,0.0,0.0,0.0,0.0,0.0,0.0,0.0,0.0,0.0,0.0,8.0,2.0,1.0
2105,17.670404599999994,0,8.2529,1.9239,1.8148,1.6892,0.168,0.0031,0.0071,0.0002,0.0268,0.0394,0.0022,0.0007,0.0103,0.0002,0.0019,0.0014,0.0001,0.0001,0.0088,0.0011,0.0009,0.0027,0.0,0.0806,0.0205,0.0,0.0082,0.0,125.0,0.0,62.0,63.0,56.0,0.0,0.0,0.0,0.0,0.0,0.0,0.0,0.0,0.0,0.0,0.0,0.0,0.0,0.0,0.0,0.0,0.0,0.0,8.0,2.0,1.0
2106,17.678657499999993,0,8.2717,1.8892,1.7959,1.6705,0.1633,0.0027,0.0067,0.0003,0.0336,0.0466,0.0021,0.0008,0.0099,0.0001,0.0018,0.0016,0.0001,0.0001,0.0081,0.0011,0.0004,0.0027,0.0001,0.0852,0.0173,0.0001,0.0086,0.0,125.0,0.0,62.0,63.0,56.0,0.0,0.0,0.0,0.0,0.0,0.0,0.0,0.0,0.0,0.0,0.0,0.0,0.0,0.0,0.0,0.0,0.0,0.0,8.0,2.0,1.0
2107,17.686929199999994,0,8.3432,1.8669,1.6772,1.7818,0.1618,0.0029,0.0076,0.0002,0.0287,0.0416,0.0027,0.0007,0.0105,0.0002,0.0014,0.0014,0.0001,0.0001,0.0083,0.0013,0.0005,0.0028,0.0,0.0815,0.018,0.0001,0.0087,0.0,125.0,0.0,62.0,63.0,56.0,0.0,0.0,0.0,0.0,0.0,0.0,0.0,0.0,0.0,0.0,0.0,0.0,0.0,0.0,0.0,0.0,0.0,0.0,8.0,2.0,1.0
2108,17.695272399999993,0,8.4911,1.8452,1.9081,1.7694,0.1803,0.0026,0.0049,0.0002,0.0414,0.052,0.0027,0.0009,0.0108,0.0002,0.0021,0.0016,0.0001,0.0001,0.0093,0.0013,0.0005,0.0028,0.0001,0.094,0.0208,0.0001,0.0092,0.0,125.0,0.0,62.0,63.0,56.0,0.0,0.0,0.0,0.0,0.0,0.0,0.0,0.0,0.0,0.0,0.0,0.0,0.0,0.0,0.0,0.0,0.0,0.0,8.0,2.0,1.0
2109,17.703763499999994,0,8.236,1.9365,1.8189,1.6093,0.1582,0.003,0.0069,0.0002,0.0255,0.0385,0.002,0.0009,0.01,0.0001,0.0018,0.0015,0.0001,0.0001,0.0083,0.0011,0.0004,0.0024,0.0,0.0781,0.017,0.0001,0.0078,0.0,125.0,0.0,62.0,63.0,56.0,0.0,0.0,0.0,0.0,0.0,0.0,0.0,0.0,0.0,0.0,0.0,0.0,0.0,0.0,0.0,0.0,0.0,0.0,8.0,2.0,1.0
2110,17.711999499999994,0,8.3793,1.8279,1.8761,1.6498,0.1636,0.0025,0.0045,0.0002,0.0374,0.0471,0.0025,0.0009,0.0117,0.0002,0.0014,0.0017,0.0001,0.0001,0.0085,0.0013,0.0005,0.0026,0.0,0.0879,0.0191,0.0,0.0103,0.0,125.0,0.0,62.0,63.0,56.0,0.0,0.0,0.0,0.0,0.0,0.0,0.0,0.0,0.0,0.0,0.0,0.0,0.0,0.0,0.0,0.0,0.0,0.0,8.0,2.0,1.0
2111,17.720378799999995,0,8.5327,1.7163,1.8397,1.6278,0.1673,0.0032,0.007,0.0002,0.0272,0.0396,0.0019,0.0006,0.0098,0.0001,0.0016,0.0018,0.0001,0.0001,0.0083,0.0011,0.0007,0.0024,0.0,0.0793,0.0203,0.0,0.0087,0.0,125.0,0.0,62.0,63.0,56.0,0.0,0.0,0.0,0.0,0.0,0.0,0.0,0.0,0.0,0.0,0.0,0.0,0.0,0.0,0.0,0.0,0.0,0.0,8.0,2.0,1.0
2112,17.728911499999995,0,8.1006,1.9967,1.9989,1.7018,0.1637,0.0029,0.006,0.0002,0.0339,0.0447,0.0023,0.0014,0.0114,0.0001,0.0015,0.002,0.0001,0.0001,0.0084,0.0017,0.0004,0.0026,0.0,0.087,0.0189,0.0,0.0087,0.0,125.0,0.0,62.0,63.0,56.0,0.0,0.0,0.0,0.0,0.0,0.0,0.0,0.0,0.0,0.0,0.0,0.0,0.0,0.0,0.0,0.0,0.0,0.0,8.0,2.0,1.0
2113,17.737012099999994,0,8.4163,1.8426,1.9183,1.7231,0.1602,0.0028,0.0064,0.0009,0.0276,0.0398,0.002,0.0006,0.0088,0.0001,0.002,0.0021,0.0001,0.0001,0.0085,0.0015,0.0004,0.0023,0.0,0.0792,0.0182,0.0001,0.0082,0.0,125.0,0.0,62.0,63.0,56.0,0.0,0.0,0.0,0.0,0.0,0.0,0.0,0.0,0.0,0.0,0.0,0.0,0.0,0.0,0.0,0.0,0.0,0.0,8.0,2.0,1.0
2114,17.745428399999994,0,8.2154,1.9768,1.8166,1.7259,0.1692,0.0029,0.0068,0.0005,0.0343,0.0469,0.002,0.0008,0.0094,0.0001,0.0015,0.0018,0.0001,0.0001,0.0081,0.0016,0.0005,0.0028,0.0001,0.0872,0.0181,0.0,0.0097,0.0,125.0,0.0,62.0,63.0,56.0,0.0,0.0,0.0,0.0,0.0,0.0,0.0,0.0,0.0,0.0,0.0,0.0,0.0,0.0,0.0,0.0,0.0,0.0,8.0,2.0,1.0
2115,17.753643799999995,0,8.2971,1.9082,1.7822,1.6556,0.1533,0.003,0.0063,0.0002,0.0257,0.0372,0.0024,0.0008,0.0092,0.0001,0.0012,0.0012,0.0,0.0001,0.0086,0.0011,0.0004,0.0028,0.0,0.0746,0.0175,0.0,0.0082,0.0,125.0,0.0,62.0,63.0,56.0,0.0,0.0,0.0,0.0,0.0,0.0,0.0,0.0,0.0,0.0,0.0,0.0,0.0,0.0,0.0,0.0,0.0,0.0,8.0,2.0,1.0
2116,17.761940899999995,0,8.3931,2.018,1.7903,1.7125,0.177,0.003,0.0072,0.0001,0.0342,0.047,0.0022,0.0012,0.0112,0.0001,0.0015,0.0015,0.0,0.0001,0.0084,0.0013,0.0005,0.0028,0.0,0.0892,0.0223,0.0001,0.0068,0.0,125.0,0.0,62.0,63.0,54.0,0.0,0.0,0.0,0.0,0.0,0.0,0.0,0.0,0.0,0.0,0.0,0.0,0.0,0.0,0.0,0.0,0.0,0.0,8.0,2.0,1.0
2117,17.770333999999995,0,8.3333,1.8997,1.7768,1.6751,0.1602,0.0028,0.005,0.0002,0.0272,0.0381,0.0024,0.0008,0.0114,0.0001,0.0014,0.0015,0.0001,0.0001,0.0088,0.0013,0.0006,0.0026,0.0,0.0801,0.0201,0.0,0.0087,0.0,125.0,0.0,62.0,63.0,54.0,0.0,0.0,0.0,0.0,0.0,0.0,0.0,0.0,0.0,0.0,0.0,0.0,0.0,0.0,0.0,0.0,0.0,0.0,8.0,2.0,1.0
2118,17.778667299999995,0,8.224,1.7821,1.7613,1.6486,0.1716,0.0029,0.0061,0.0002,0.0425,0.0541,0.0031,0.0006,0.0105,0.0002,0.0014,0.0013,0.0001,0.0001,0.0086,0.0012,0.0008,0.0027,0.0,0.0948,0.0189,0.0001,0.0068,0.0,125.0,0.0,62.0,63.0,54.0,0.0,0.0,0.0,0.0,0.0,0.0,0.0,0.0,0.0,0.0,0.0,0.0,0.0,0.0,0.0,0.0,0.0,0.0,8.0,2.0,1.0
2119,17.786891299999994,0,8.4001,1.7403,1.7325,1.705,0.1673,0.003,0.0074,0.0002,0.0272,0.04,0.0023,0.0012,0.0106,0.0002,0.002,0.0015,0.0001,0.0006,0.0084,0.0012,0.0004,0.0027,0.0,0.082,0.0174,0.0001,0.0094,0.0,125.0,0.0,62.0,63.0,54.0,0.0,0.0,0.0,0.0,0.0,0.0,0.0,0.0,0.0,0.0,0.0,0.0,0.0,0.0,0.0,0.0,0.0,0.0,8.0,2.0,1.0
2120,17.795291399999993,0,8.4406,1.9138,1.8779,1.8645,0.1796,0.0029,0.005,0.0001,0.0403,0.0512,0.0025,0.0008,0.0106,0.0001,0.0016,0.0021,0.0,0.0001,0.0086,0.0015,0.0004,0.0028,0.0001,0.0937,0.019,0.0,0.0091,0.0,125.0,0.0,62.0,63.0,54.0,0.0,0.0,0.0,0.0,0.0,0.0,0.0,0.0,0.0,0.0,0.0,0.0,0.0,0.0,0.0,0.0,0.0,0.0,8.0,2.0,1.0
2121,17.803731999999993,0,8.1669,1.9485,1.7235,1.7508,0.1467,0.0028,0.0067,0.0001,0.0246,0.0361,0.0019,0.0007,0.0088,0.0001,0.0014,0.0015,0.0001,0.0001,0.0083,0.0011,0.0004,0.0024,0.0001,0.0728,0.0149,0.0,0.0085,0.0,125.0,0.0,62.0,63.0,54.0,0.0,0.0,0.0,0.0,0.0,0.0,0.0,0.0,0.0,0.0,0.0,0.0,0.0,0.0,0.0,0.0,0.0,0.0,8.0,2.0,1.0
2122,17.811898899999992,0,8.4567,1.7775,1.7889,1.7038,0.1737,0.0027,0.0047,0.0002,0.0408,0.0504,0.0028,0.0008,0.0114,0.0001,0.0021,0.0014,0.0001,0.0002,0.008,0.0013,0.0004,0.0025,0.0001,0.0917,0.0201,0.0001,0.0083,0.0,125.0,0.0,62.0,63.0,54.0,0.0,0.0,0.0,0.0,0.0,0.0,0.0,0.0,0.0,0.0,0.0,0.0,0.0,0.0,0.0,0.0,0.0,0.0,8.0,2.0,1.0
2123,17.820355599999992,0,8.3012,1.8833,1.8149,1.792,0.1671,0.0031,0.0048,0.0003,0.0324,0.0426,0.0023,0.001,0.0115,0.0001,0.0017,0.0015,0.0,0.0001,0.0085,0.0013,0.0009,0.0026,0.0,0.0851,0.0194,0.0,0.0071,0.0,125.0,0.0,62.0,63.0,54.0,0.0,0.0,0.0,0.0,0.0,0.0,0.0,0.0,0.0,0.0,0.0,0.0,0.0,0.0,0.0,0.0,0.0,0.0,8.0,2.0,1.0
2124,17.82865679999999,0,8.3999,1.7391,1.8287,1.7766,0.1693,0.0037,0.0067,0.0002,0.0345,0.0474,0.0019,0.0008,0.0093,0.0001,0.0015,0.0014,0.0005,0.0001,0.0084,0.0012,0.0009,0.0024,0.0,0.0859,0.0173,0.0001,0.0088,0.0,125.0,0.0,62.0,63.0,54.0,0.0,0.0,0.0,0.0,0.0,0.0,0.0,0.0,0.0,0.0,0.0,0.0,0.0,0.0,0.0,0.0,0.0,0.0,8.0,2.0,1.0
2125,17.83705669999999,0,8.2019,1.8341,1.8119,1.7134,0.1601,0.0037,0.0072,0.0003,0.0195,0.0328,0.002,0.0007,0.01,0.0001,0.0021,0.0015,0.0001,0.0002,0.0093,0.0012,0.0004,0.0026,0.0,0.0744,0.017,0.0,0.0089,0.0,125.0,0.0,62.0,63.0,54.0,0.0,0.0,0.0,0.0,0.0,0.0,0.0,0.0,0.0,0.0,0.0,0.0,0.0,0.0,0.0,0.0,0.0,0.0,8.0,2.0,1.0
2126,17.84525859999999,0,8.438,1.7954,1.8097,1.6219,0.1746,0.0032,0.007,0.0002,0.0358,0.049,0.0024,0.0008,0.0104,0.0002,0.0016,0.0014,0.0,0.0002,0.0084,0.0018,0.0004,0.0027,0.0001,0.0895,0.0165,0.0,0.0082,0.0,125.0,0.0,62.0,63.0,54.0,0.0,0.0,0.0,0.0,0.0,0.0,0.0,0.0,0.0,0.0,0.0,0.0,0.0,0.0,0.0,0.0,0.0,0.0,8.0,2.0,1.0
2127,17.853696599999992,0,8.1999,1.9794,1.7343,1.7075,0.1534,0.0028,0.0062,0.0002,0.0279,0.0392,0.0018,0.0006,0.0094,0.0002,0.0015,0.0016,0.0001,0.0001,0.0084,0.0016,0.0004,0.0023,0.0001,0.0764,0.0149,0.0001,0.008,0.0,125.0,0.0,62.0,63.0,54.0,0.0,0.0,0.0,0.0,0.0,0.0,0.0,0.0,0.0,0.0,0.0,0.0,0.0,0.0,0.0,0.0,0.0,0.0,8.0,2.0,1.0
2128,17.861896499999993,0,8.4152,1.896,1.7919,1.7351,0.1792,0.0032,0.0074,0.0002,0.0362,0.0494,0.0021,0.0008,0.0099,0.0002,0.0017,0.0015,0.0007,0.0001,0.0087,0.0012,0.0008,0.0027,0.0,0.0902,0.0183,0.0,0.0086,0.0,125.0,0.0,62.0,63.0,54.0,0.0,0.0,0.0,0.0,0.0,0.0,0.0,0.0,0.0,0.0,0.0,0.0,0.0,0.0,0.0,0.0,0.0,0.0,8.0,2.0,1.0
2129,17.870311699999995,0,8.297,1.9129,1.7136,1.7235,0.1506,0.0027,0.0066,0.0002,0.0251,0.0366,0.0019,0.001,0.01,0.0001,0.0016,0.0013,0.0002,0.0001,0.0077,0.001,0.0004,0.0026,0.0,0.074,0.0158,0.0,0.0081,0.0,125.0,0.0,62.0,63.0,54.0,0.0,0.0,0.0,0.0,0.0,0.0,0.0,0.0,0.0,0.0,0.0,0.0,0.0,0.0,0.0,0.0,0.0,0.0,8.0,2.0,1.0
2130,17.878608699999994,0,8.3758,1.7953,1.7764,1.7506,0.1718,0.0026,0.0064,0.0002,0.0368,0.0488,0.0024,0.0008,0.0118,0.0002,0.0014,0.0014,0.0,0.0001,0.0084,0.0012,0.0005,0.0027,0.0001,0.0903,0.0173,0.0,0.0073,0.0,125.0,0.0,62.0,63.0,54.0,0.0,0.0,0.0,0.0,0.0,0.0,0.0,0.0,0.0,0.0,0.0,0.0,0.0,0.0,0.0,0.0,0.0,0.0,8.0,2.0,1.0
2131,17.886984499999993,0,8.3903,1.7531,1.8574,1.6789,0.1768,0.0035,0.0077,0.0002,0.0315,0.0456,0.0022,0.0013,0.0112,0.0002,0.0017,0.0016,0.0002,0.0001,0.0083,0.0014,0.0006,0.0027,0.0,0.0866,0.0198,0.0001,0.0092,0.0,125.0,0.0,62.0,63.0,54.0,0.0,0.0,0.0,0.0,0.0,0.0,0.0,0.0,0.0,0.0,0.0,0.0,0.0,0.0,0.0,0.0,0.0,0.0,8.0,2.0,1.0
2132,17.895374799999992,0,8.4347,1.9178,1.8773,1.7833,0.1952,0.0031,0.0075,0.0003,0.0455,0.0594,0.0024,0.001,0.0101,0.0002,0.0017,0.002,0.0001,0.0002,0.0086,0.0012,0.0005,0.0028,0.0001,0.1012,0.0188,0.0,0.008,0.0,125.0,0.0,62.0,63.0,54.0,0.0,0.0,0.0,0.0,0.0,0.0,0.0,0.0,0.0,0.0,0.0,0.0,0.0,0.0,0.0,0.0,0.0,0.0,8.0,2.0,1.0
2133,17.90380949999999,0,8.1771,1.7855,1.8346,1.664,0.1551,0.0027,0.0063,0.0002,0.026,0.0376,0.0018,0.0007,0.0097,0.0002,0.0021,0.0015,0.0,0.0006,0.0087,0.0011,0.0004,0.0024,0.0,0.0758,0.018,0.0001,0.0085,0.0,125.0,0.0,62.0,63.0,54.0,0.0,0.0,0.0,0.0,0.0,0.0,0.0,0.0,0.0,0.0,0.0,0.0,0.0,0.0,0.0,0.0,0.0,0.0,8.0,2.0,1.0
2134,17.91198659999999,0,8.3703,1.7674,1.8236,1.6726,0.1624,0.0028,0.0068,0.0001,0.034,0.0458,0.0023,0.0006,0.009,0.0002,0.0014,0.0018,0.0,0.0001,0.0085,0.001,0.0005,0.0022,0.0,0.0829,0.016,0.0,0.0079,0.0,125.0,0.0,62.0,63.0,54.0,0.0,0.0,0.0,0.0,0.0,0.0,0.0,0.0,0.0,0.0,0.0,0.0,0.0,0.0,0.0,0.0,0.0,0.0,8.0,2.0,1.0
2135,17.92035689999999,0,8.2554,1.6845,1.8012,1.7022,0.1819,0.0045,0.0078,0.0002,0.0286,0.0435,0.0022,0.0007,0.0109,0.0002,0.0021,0.0017,0.0001,0.0002,0.0085,0.0012,0.0005,0.0028,0.0001,0.0858,0.0189,0.0,0.0094,0.0,125.0,0.0,62.0,63.0,54.0,0.0,0.0,0.0,0.0,0.0,0.0,0.0,0.0,0.0,0.0,0.0,0.0,0.0,0.0,0.0,0.0,0.0,0.0,8.0,2.0,1.0
2136,17.92861229999999,0,8.325,1.6551,1.7139,1.6937,0.169,0.0025,0.005,0.0001,0.0398,0.0499,0.0023,0.0007,0.0115,0.0001,0.002,0.0014,0.0001,0.0001,0.0086,0.0013,0.0004,0.0026,0.0,0.0923,0.016,0.0001,0.0082,0.0,125.0,0.0,62.0,63.0,54.0,0.0,0.0,0.0,0.0,0.0,0.0,0.0,0.0,0.0,0.0,0.0,0.0,0.0,0.0,0.0,0.0,0.0,0.0,8.0,2.0,1.0
2137,17.93693729999999,0,8.2694,1.6568,1.682,1.7154,0.1538,0.0033,0.0063,0.0001,0.0292,0.0416,0.0019,0.0007,0.0098,0.0001,0.0015,0.0016,0.0001,0.0001,0.0082,0.0014,0.0004,0.0023,0.0001,0.0786,0.0149,0.0001,0.0086,0.0,125.0,0.0,62.0,63.0,54.0,0.0,0.0,0.0,0.0,0.0,0.0,0.0,0.0,0.0,0.0,0.0,0.0,0.0,0.0,0.0,0.0,0.0,0.0,8.0,2.0,1.0
2138,17.94520669999999,0,8.3814,1.6971,1.7274,1.7763,0.1716,0.0025,0.0045,0.0003,0.0389,0.049,0.0029,0.0007,0.0118,0.0001,0.0022,0.0014,0.0,0.0002,0.0081,0.0011,0.0005,0.0027,0.0,0.0908,0.0191,0.0,0.0073,0.0,125.0,0.0,62.0,63.0,54.0,0.0,0.0,0.0,0.0,0.0,0.0,0.0,0.0,0.0,0.0,0.0,0.0,0.0,0.0,0.0,0.0,0.0,0.0,8.0,2.0,1.0
2139,17.95358809999999,0,8.365,1.6783,1.7025,1.5981,0.1572,0.0032,0.0062,0.0002,0.0269,0.0385,0.0022,0.0006,0.0089,0.0002,0.0019,0.002,0.0,0.0002,0.0081,0.001,0.0004,0.0022,0.0,0.0751,0.018,0.0,0.0069,0.0,125.0,0.0,62.0,63.0,56.0,0.0,0.0,0.0,0.0,0.0,0.0,0.0,0.0,0.0,0.0,0.0,0.0,0.0,0.0,0.0,0.0,0.0,0.0,8.0,2.0,1.0
2140,17.96195309999999,0,8.4544,2.1201,1.892,1.6899,0.1787,0.0031,0.0068,0.0003,0.0396,0.0518,0.0027,0.0007,0.0102,0.0001,0.0014,0.0015,0.0001,0.0002,0.0086,0.0013,0.0004,0.0028,0.0,0.0926,0.0189,0.0001,0.0093,0.0,125.0,0.0,62.0,63.0,56.0,0.0,0.0,0.0,0.0,0.0,0.0,0.0,0.0,0.0,0.0,0.0,0.0,0.0,0.0,0.0,0.0,0.0,0.0,8.0,2.0,1.0
2141,17.970407499999993,0,8.2137,1.7913,1.7508,1.6919,0.1644,0.0029,0.0048,0.0002,0.031,0.0409,0.0024,0.0008,0.0118,0.0002,0.0016,0.0015,0.0,0.0001,0.009,0.0013,0.0004,0.0033,0.0,0.084,0.0174,0.0,0.0086,0.0,125.0,0.0,62.0,63.0,56.0,0.0,0.0,0.0,0.0,0.0,0.0,0.0,0.0,0.0,0.0,0.0,0.0,0.0,0.0,0.0,0.0,0.0,0.0,8.0,2.0,1.0
2142,17.978621199999992,0,8.3172,1.703,1.7367,1.6993,0.1652,0.0026,0.0058,0.0003,0.0351,0.0464,0.0024,0.0007,0.011,0.0002,0.0015,0.0018,0.0001,0.0002,0.0084,0.0016,0.0005,0.0028,0.0,0.0883,0.0167,0.0001,0.0085,0.0,125.0,0.0,62.0,63.0,56.0,0.0,0.0,0.0,0.0,0.0,0.0,0.0,0.0,0.0,0.0,0.0,0.0,0.0,0.0,0.0,0.0,0.0,0.0,8.0,2.0,1.0
2143,17.986938399999993,0,8.2782,1.7099,1.7193,1.7273,0.1716,0.0032,0.0064,0.0003,0.0311,0.0442,0.002,0.0007,0.0091,0.0006,0.0015,0.0015,0.0002,0.0002,0.0087,0.0012,0.0009,0.0026,0.0001,0.0838,0.0204,0.0001,0.0077,0.0,125.0,0.0,62.0,63.0,56.0,0.0,0.0,0.0,0.0,0.0,0.0,0.0,0.0,0.0,0.0,0.0,0.0,0.0,0.0,0.0,0.0,0.0,0.0,8.0,2.0,1.0
2144,17.995216599999992,0,8.3603,1.8038,1.7138,1.7528,0.1766,0.0032,0.0075,0.0002,0.0356,0.0491,0.0023,0.0006,0.0102,0.0002,0.0019,0.0014,0.0001,0.0001,0.0095,0.0011,0.0005,0.0031,0.0,0.09,0.018,0.0,0.0088,0.0,125.0,0.0,62.0,63.0,56.0,0.0,0.0,0.0,0.0,0.0,0.0,0.0,0.0,0.0,0.0,0.0,0.0,0.0,0.0,0.0,0.0,0.0,0.0,8.0,2.0,1.0
2145,18.00357689999999,0,8.4752,1.8132,1.7607,1.7406,0.1796,0.0031,0.007,0.0003,0.0297,0.0426,0.0027,0.0008,0.0108,0.0003,0.0021,0.0018,0.0,0.0001,0.01,0.0013,0.001,0.0027,0.0,0.0862,0.0186,0.0,0.008,0.0,125.0,0.0,62.0,63.0,56.0,0.0,0.0,0.0,0.0,0.0,0.0,0.0,0.0,0.0,0.0,0.0,0.0,0.0,0.0,0.0,0.0,0.0,0.0,8.0,2.0,1.0
2146,18.01205209999999,0,8.3033,1.85,1.8804,1.685,0.1765,0.0031,0.0065,0.0001,0.035,0.0471,0.0025,0.0009,0.012,0.0001,0.0016,0.002,0.0001,0.0002,0.0088,0.0014,0.0004,0.0028,0.0,0.0905,0.0184,0.0001,0.0093,0.0,125.0,0.0,62.0,63.0,56.0,0.0,0.0,0.0,0.0,0.0,0.0,0.0,0.0,0.0,0.0,0.0,0.0,0.0,0.0,0.0,0.0,0.0,0.0,8.0,2.0,1.0
2147,18.020355399999993,0,8.1503,1.8119,1.7229,1.8145,0.1679,0.0025,0.0051,0.0003,0.033,0.043,0.0027,0.0008,0.0119,0.0001,0.0021,0.0014,0.0,0.0007,0.0085,0.0012,0.0004,0.0026,0.0001,0.0865,0.0185,0.0,0.0088,0.0,125.0,0.0,62.0,63.0,56.0,0.0,0.0,0.0,0.0,0.0,0.0,0.0,0.0,0.0,0.0,0.0,0.0,0.0,0.0,0.0,0.0,0.0,0.0,8.0,2.0,1.0
2148,18.028505699999993,0,8.4985,1.949,1.6867,1.6889,0.1749,0.003,0.0064,0.0001,0.0348,0.0464,0.0023,0.0009,0.0105,0.0001,0.0019,0.0014,0.0001,0.0001,0.0084,0.0012,0.0009,0.0027,0.0,0.088,0.0219,0.0,0.0084,0.0,125.0,0.0,62.0,63.0,56.0,0.0,0.0,0.0,0.0,0.0,0.0,0.0,0.0,0.0,0.0,0.0,0.0,0.0,0.0,0.0,0.0,0.0,0.0,8.0,2.0,1.0
2149,18.037004199999995,0,8.257,1.8657,1.8112,1.6859,0.165,0.003,0.005,0.0002,0.0301,0.0405,0.0022,0.0013,0.009,0.0001,0.0015,0.0021,0.0,0.0001,0.009,0.0012,0.0004,0.0031,0.0,0.0797,0.0202,0.0,0.0105,0.0,125.0,0.0,62.0,63.0,56.0,0.0,0.0,0.0,0.0,0.0,0.0,0.0,0.0,0.0,0.0,0.0,0.0,0.0,0.0,0.0,0.0,0.0,0.0,8.0,2.0,1.0
2150,18.045261199999995,0,8.4137,1.8798,1.7633,1.6952,0.1759,0.0029,0.0053,0.0002,0.0351,0.046,0.0023,0.001,0.0116,0.0001,0.0019,0.0015,0.0001,0.0001,0.0087,0.0011,0.0005,0.0025,0.0,0.0885,0.02,0.0,0.0085,0.0,125.0,0.0,62.0,63.0,56.0,0.0,0.0,0.0,0.0,0.0,0.0,0.0,0.0,0.0,0.0,0.0,0.0,0.0,0.0,0.0,0.0,0.0,0.0,8.0,2.0,1.0
2151,18.053674899999994,0,8.2407,1.7008,1.774,1.7277,0.1525,0.0026,0.0066,0.0002,0.0265,0.0378,0.0019,0.0007,0.009,0.0001,0.0013,0.0013,0.0,0.0001,0.0079,0.001,0.0004,0.0023,0.0001,0.0735,0.0177,0.0,0.0077,0.0,125.0,0.0,62.0,63.0,56.0,0.0,0.0,0.0,0.0,0.0,0.0,0.0,0.0,0.0,0.0,0.0,0.0,0.0,0.0,0.0,0.0,0.0,0.0,8.0,2.0,1.0
2152,18.061915599999995,0,8.4316,1.7864,1.7665,1.7116,0.1769,0.003,0.0048,0.0002,0.0401,0.0502,0.0022,0.0009,0.0102,0.0001,0.0016,0.002,0.0,0.0001,0.009,0.0016,0.0005,0.0026,0.0,0.0924,0.0206,0.0001,0.0082,0.0,125.0,0.0,62.0,63.0,56.0,0.0,0.0,0.0,0.0,0.0,0.0,0.0,0.0,0.0,0.0,0.0,0.0,0.0,0.0,0.0,0.0,0.0,0.0,8.0,2.0,1.0
2153,18.070347199999997,0,8.1978,1.7438,1.7322,1.7378,0.1679,0.0027,0.0065,0.0001,0.0338,0.0455,0.003,0.0009,0.0125,0.0001,0.0015,0.0015,0.0001,0.0001,0.0083,0.0013,0.0004,0.0029,0.0,0.088,0.0203,0.0,0.0091,0.0,125.0,0.0,62.0,63.0,56.0,0.0,0.0,0.0,0.0,0.0,0.0,0.0,0.0,0.0,0.0,0.0,0.0,0.0,0.0,0.0,0.0,0.0,0.0,8.0,2.0,1.0
2154,18.078545,0,8.3609,1.7458,1.6813,1.6223,0.1645,0.0024,0.0046,0.0001,0.0379,0.0471,0.0025,0.0008,0.0103,0.0001,0.0013,0.0017,0.0,0.0001,0.0082,0.0016,0.0004,0.0026,0.0001,0.0864,0.0173,0.0001,0.0083,0.0,125.0,0.0,62.0,63.0,56.0,0.0,0.0,0.0,0.0,0.0,0.0,0.0,0.0,0.0,0.0,0.0,0.0,0.0,0.0,0.0,0.0,0.0,0.0,8.0,2.0,1.0
2155,18.086905899999998,0,8.2839,1.7597,1.6548,1.6446,0.1591,0.0031,0.0068,0.0001,0.0255,0.038,0.0022,0.0009,0.0099,0.0001,0.0019,0.0013,0.0,0.0001,0.0078,0.0013,0.0005,0.0026,0.0001,0.0765,0.0192,0.0,0.0077,0.0,125.0,0.0,62.0,63.0,56.0,0.0,0.0,0.0,0.0,0.0,0.0,0.0,0.0,0.0,0.0,0.0,0.0,0.0,0.0,0.0,0.0,0.0,0.0,8.0,2.0,1.0
2156,18.095189799999996,0,8.6555,1.7403,1.7725,1.7642,0.1668,0.003,0.0066,0.0001,0.0335,0.0454,0.002,0.0008,0.0094,0.0001,0.0016,0.0014,0.0001,0.0001,0.0086,0.0012,0.0004,0.0024,0.0,0.0825,0.0195,0.0,0.0081,0.0,125.0,0.0,62.0,63.0,56.0,0.0,0.0,0.0,0.0,0.0,0.0,0.0,0.0,0.0,0.0,0.0,0.0,0.0,0.0,0.0,0.0,0.0,0.0,8.0,2.0,1.0
2157,18.103845299999996,0,8.1513,2.0944,1.9446,1.7586,0.1689,0.0043,0.0074,0.0002,0.0285,0.0431,0.0026,0.0008,0.0111,0.0001,0.0018,0.0016,0.0,0.0001,0.0076,0.0014,0.0005,0.0023,0.0,0.0819,0.0174,0.0,0.0086,0.0,125.0,0.0,62.0,63.0,56.0,0.0,0.0,0.0,0.0,0.0,0.0,0.0,0.0,0.0,0.0,0.0,0.0,0.0,0.0,0.0,0.0,0.0,0.0,8.0,2.0,1.0
2158,18.111996599999998,0,8.4403,1.7633,1.9412,1.7323,0.2237,0.0032,0.0068,0.0001,0.0395,0.0519,0.0023,0.0008,0.0104,0.0001,0.0016,0.0016,0.0001,0.0001,0.0084,0.0013,0.0005,0.0028,0.0,0.0935,0.0219,0.0,0.0075,0.0,125.0,0.0,62.0,63.0,56.0,0.0,0.0,0.0,0.0,0.0,0.0,0.0,0.0,0.0,0.0,0.0,0.0,0.0,0.0,0.0,0.0,0.0,0.0,8.0,2.0,1.0
2159,18.120436899999998,0,8.1397,1.7815,1.7361,1.7379,0.1578,0.0031,0.0068,0.0002,0.0258,0.038,0.0022,0.0004,0.009,0.0001,0.0016,0.0014,0.0001,0.0001,0.0088,0.0012,0.001,0.0024,0.0001,0.0761,0.0191,0.0001,0.0087,0.0,125.0,0.0,62.0,63.0,56.0,0.0,0.0,0.0,0.0,0.0,0.0,0.0,0.0,0.0,0.0,0.0,0.0,0.0,0.0,0.0,0.0,0.0,0.0,8.0,2.0,1.0
2160,18.1285766,0,8.4012,1.7536,1.7315,1.6056,0.1807,0.0029,0.0072,0.0001,0.0403,0.053,0.0028,0.0009,0.0112,0.0002,0.0014,0.0017,0.0001,0.0001,0.0083,0.0012,0.0004,0.0027,0.0,0.0946,0.019,0.0001,0.0091,0.0,125.0,0.0,62.0,63.0,56.0,0.0,0.0,0.0,0.0,0.0,0.0,0.0,0.0,0.0,0.0,0.0,0.0,0.0,0.0,0.0,0.0,0.0,0.0,8.0,2.0,1.0
2161,18.1369778,0,8.2886,1.7065,1.7254,1.7188,0.1684,0.0029,0.0054,0.0001,0.0324,0.0431,0.0023,0.0006,0.0114,0.0001,0.0016,0.002,0.0001,0.0001,0.0083,0.0013,0.0005,0.0027,0.0,0.0849,0.0185,0.0001,0.0085,0.0,125.0,0.0,62.0,63.0,56.0,0.0,0.0,0.0,0.0,0.0,0.0,0.0,0.0,0.0,0.0,0.0,0.0,0.0,0.0,0.0,0.0,0.0,0.0,8.0,2.0,1.0
2162,18.1452664,0,8.3429,1.7097,1.7339,1.6916,0.1654,0.0027,0.0047,0.0001,0.0377,0.047,0.0028,0.0007,0.0119,0.0001,0.0015,0.0015,0.0,0.0001,0.0081,0.0013,0.0004,0.0028,0.0,0.0889,0.0169,0.0001,0.0085,0.0,125.0,0.0,62.0,63.0,56.0,0.0,0.0,0.0,0.0,0.0,0.0,0.0,0.0,0.0,0.0,0.0,0.0,0.0,0.0,0.0,0.0,0.0,0.0,8.0,2.0,1.0
2163,18.1536093,0,8.4898,1.6826,1.9144,1.6683,0.1686,0.0029,0.0064,0.0001,0.0296,0.041,0.0025,0.0008,0.0128,0.0002,0.002,0.0016,0.0001,0.0002,0.0082,0.0012,0.0005,0.0028,0.0,0.0835,0.02,0.0,0.0102,0.0,125.0,0.0,62.0,63.0,56.0,0.0,0.0,0.0,0.0,0.0,0.0,0.0,0.0,0.0,0.0,0.0,0.0,0.0,0.0,0.0,0.0,0.0,0.0,8.0,2.0,1.0
2164,18.1620991,0,8.2114,1.916,1.7473,1.794,0.1676,0.0027,0.0058,0.0001,0.0395,0.0501,0.0021,0.0007,0.0094,0.0001,0.0019,0.0017,0.0001,0.0006,0.0076,0.0012,0.0004,0.0024,0.0001,0.0878,0.0167,0.0001,0.0089,0.0,125.0,0.0,62.0,63.0,56.0,0.0,0.0,0.0,0.0,0.0,0.0,0.0,0.0,0.0,0.0,0.0,0.0,0.0,0.0,0.0,0.0,0.0,0.0,8.0,2.0,1.0
2165,18.1703105,0,8.3311,1.7224,1.7417,1.7469,0.1674,0.003,0.005,0.0001,0.0303,0.0404,0.0025,0.0009,0.0122,0.0001,0.0017,0.002,0.0,0.0001,0.0083,0.0012,0.0004,0.0028,0.0001,0.0838,0.0199,0.0001,0.0085,0.0,125.0,0.0,62.0,63.0,56.0,0.0,0.0,0.0,0.0,0.0,0.0,0.0,0.0,0.0,0.0,0.0,0.0,0.0,0.0,0.0,0.0,0.0,0.0,8.0,2.0,1.0
2166,18.1786416,0,8.3294,1.639,1.7814,1.7114,0.1682,0.0025,0.0063,0.0001,0.0348,0.0457,0.0024,0.0007,0.012,0.0002,0.0016,0.0018,0.0,0.0002,0.0081,0.0013,0.0009,0.0026,0.0,0.0878,0.0193,0.0,0.0083,0.0,125.0,0.0,62.0,63.0,56.0,0.0,0.0,0.0,0.0,0.0,0.0,0.0,0.0,0.0,0.0,0.0,0.0,0.0,0.0,0.0,0.0,0.0,0.0,8.0,2.0,1.0
2167,18.186971,0,8.3032,1.7182,1.7998,1.6807,0.1667,0.0029,0.0072,0.0001,0.029,0.0415,0.0024,0.0007,0.0103,0.0001,0.0015,0.0019,0.0,0.0001,0.0076,0.0014,0.0004,0.0026,0.0001,0.0804,0.0194,0.0001,0.0072,0.0,125.0,0.0,62.0,63.0,54.0,0.0,0.0,0.0,0.0,0.0,0.0,0.0,0.0,0.0,0.0,0.0,0.0,0.0,0.0,0.0,0.0,0.0,0.0,8.0,2.0,1.0
2168,18.1952742,0,8.3175,1.7309,1.7241,1.7126,0.1569,0.0026,0.0067,0.0002,0.0302,0.0417,0.002,0.0007,0.0087,0.0001,0.0017,0.0019,0.0001,0.0002,0.0077,0.001,0.0004,0.0024,0.0,0.0779,0.0174,0.0,0.0077,0.0,125.0,0.0,62.0,63.0,54.0,0.0,0.0,0.0,0.0,0.0,0.0,0.0,0.0,0.0,0.0,0.0,0.0,0.0,0.0,0.0,0.0,0.0,0.0,8.0,2.0,1.0
2169,18.2035917,0,8.3228,1.7662,1.6946,1.7873,0.1642,0.0026,0.0054,0.0003,0.0319,0.042,0.0028,0.0008,0.0116,0.0001,0.0014,0.0021,0.0001,0.0002,0.0085,0.0012,0.0005,0.0028,0.0001,0.0839,0.0183,0.0001,0.0083,0.0,125.0,0.0,62.0,63.0,54.0,0.0,0.0,0.0,0.0,0.0,0.0,0.0,0.0,0.0,0.0,0.0,0.0,0.0,0.0,0.0,0.0,0.0,0.0,8.0,2.0,1.0
2170,18.2119145,0,8.3498,1.764,1.7342,1.6715,0.1768,0.0033,0.0052,0.0002,0.0401,0.0507,0.0021,0.0008,0.0108,0.0001,0.002,0.0015,0.0001,0.0002,0.0082,0.0012,0.0005,0.0026,0.0,0.0913,0.0178,0.0001,0.009,0.0,125.0,0.0,62.0,63.0,54.0,0.0,0.0,0.0,0.0,0.0,0.0,0.0,0.0,0.0,0.0,0.0,0.0,0.0,0.0,0.0,0.0,0.0,0.0,8.0,2.0,1.0
2171,18.2202643,0,8.2249,1.7688,1.6321,1.5856,0.145,0.0026,0.0065,0.0002,0.0264,0.0377,0.0019,0.0006,0.0083,0.0001,0.002,0.0013,0.0,0.0001,0.0076,0.0017,0.0004,0.0023,0.0001,0.0723,0.0156,0.0,0.0089,0.0,125.0,0.0,62.0,63.0,54.0,0.0,0.0,0.0,0.0,0.0,0.0,0.0,0.0,0.0,0.0,0.0,0.0,0.0,0.0,0.0,0.0,0.0,0.0,8.0,2.0,1.0
2172,18.2284892,0,8.5551,1.689,1.7603,1.7014,0.1723,0.0028,0.0056,0.0002,0.0379,0.0491,0.0024,0.0007,0.0099,0.0002,0.0016,0.0018,0.0,0.0001,0.0083,0.0013,0.0005,0.0027,0.0001,0.0889,0.0201,0.0001,0.0079,0.0,125.0,0.0,62.0,63.0,54.0,0.0,0.0,0.0,0.0,0.0,0.0,0.0,0.0,0.0,0.0,0.0,0.0,0.0,0.0,0.0,0.0,0.0,0.0,8.0,2.0,1.0
2173,18.237044299999997,0,8.226,1.7658,1.765,1.8797,0.1579,0.0026,0.0058,0.0002,0.0268,0.0376,0.0021,0.0008,0.0106,0.0001,0.0015,0.0015,0.0001,0.0001,0.008,0.001,0.0005,0.0023,0.0,0.0757,0.0187,0.0,0.0089,0.0,125.0,0.0,62.0,63.0,54.0,0.0,0.0,0.0,0.0,0.0,0.0,0.0,0.0,0.0,0.0,0.0,0.0,0.0,0.0,0.0,0.0,0.0,0.0,8.0,2.0,1.0
2174,18.245270299999998,0,8.3186,1.7393,1.7409,1.8276,0.18,0.0033,0.0047,0.0001,0.0481,0.0588,0.0028,0.0008,0.0112,0.0001,0.002,0.0015,0.0,0.0001,0.0088,0.0013,0.0005,0.0026,0.0001,0.1009,0.0173,0.0001,0.0088,0.0,125.0,0.0,62.0,63.0,54.0,0.0,0.0,0.0,0.0,0.0,0.0,0.0,0.0,0.0,0.0,0.0,0.0,0.0,0.0,0.0,0.0,0.0,0.0,8.0,2.0,1.0
2175,18.253588899999997,0,8.4506,2.0072,1.7324,1.7961,0.1761,0.0033,0.007,0.0001,0.0283,0.0414,0.0022,0.0013,0.0106,0.0001,0.0021,0.0024,0.0001,0.0001,0.0087,0.0014,0.0005,0.0027,0.0,0.0845,0.0202,0.0,0.0083,0.0,125.0,0.0,62.0,63.0,54.0,0.0,0.0,0.0,0.0,0.0,0.0,0.0,0.0,0.0,0.0,0.0,0.0,0.0,0.0,0.0,0.0,0.0,0.0,8.0,2.0,1.0
2176,18.262039499999997,0,8.3153,1.7826,1.8558,1.6718,0.1614,0.0032,0.0067,0.0003,0.0336,0.0468,0.0018,0.0006,0.0086,0.0001,0.0016,0.0018,0.0,0.0002,0.008,0.001,0.0007,0.0023,0.0,0.0828,0.0165,0.0001,0.0079,0.0,125.0,0.0,62.0,63.0,54.0,0.0,0.0,0.0,0.0,0.0,0.0,0.0,0.0,0.0,0.0,0.0,0.0,0.0,0.0,0.0,0.0,0.0,0.0,8.0,2.0,1.0
2177,18.270354799999996,0,8.2417,1.8275,1.7526,1.709,0.1584,0.0031,0.0046,0.0002,0.0324,0.0425,0.0022,0.0006,0.0089,0.0001,0.0014,0.0018,0.0001,0.0001,0.008,0.0009,0.0004,0.0022,0.0001,0.0783,0.0169,0.0001,0.0086,0.0,125.0,0.0,62.0,63.0,54.0,0.0,0.0,0.0,0.0,0.0,0.0,0.0,0.0,0.0,0.0,0.0,0.0,0.0,0.0,0.0,0.0,0.0,0.0,8.0,2.0,1.0
2178,18.278596499999995,0,8.3538,1.8938,1.7205,1.7615,0.1558,0.0031,0.0063,0.0002,0.0319,0.0437,0.0018,0.0006,0.0088,0.0001,0.0014,0.0018,0.0001,0.0001,0.008,0.0011,0.0009,0.0022,0.0001,0.0799,0.0159,0.0,0.0093,0.0,125.0,0.0,62.0,63.0,54.0,0.0,0.0,0.0,0.0,0.0,0.0,0.0,0.0,0.0,0.0,0.0,0.0,0.0,0.0,0.0,0.0,0.0,0.0,8.0,2.0,1.0
2179,18.286950299999994,0,8.2043,1.7719,1.6667,1.6441,0.1476,0.0031,0.0065,0.0001,0.0254,0.037,0.0024,0.0007,0.0091,0.0002,0.0017,0.0013,0.0,0.0001,0.008,0.0011,0.0004,0.0022,0.0001,0.0729,0.0162,0.0,0.0077,0.0,125.0,0.0,62.0,63.0,54.0,0.0,0.0,0.0,0.0,0.0,0.0,0.0,0.0,0.0,0.0,0.0,0.0,0.0,0.0,0.0,0.0,0.0,0.0,8.0,2.0,1.0
2180,18.295154599999993,0,8.6597,1.9217,1.7956,1.7331,0.1818,0.0029,0.0065,0.0002,0.0393,0.0512,0.0021,0.001,0.0096,0.0002,0.0017,0.002,0.0,0.0001,0.009,0.0014,0.0005,0.0026,0.0,0.0911,0.0189,0.0,0.0086,0.0,125.0,0.0,62.0,63.0,54.0,0.0,0.0,0.0,0.0,0.0,0.0,0.0,0.0,0.0,0.0,0.0,0.0,0.0,0.0,0.0,0.0,0.0,0.0,8.0,2.0,1.0
2181,18.303814299999992,0,8.0287,1.7705,1.7793,1.7087,0.1503,0.0026,0.0064,0.0003,0.0247,0.0366,0.0019,0.0006,0.0087,0.0001,0.0014,0.0015,0.0001,0.0002,0.0085,0.001,0.0008,0.0023,0.0,0.0734,0.0168,0.0,0.008,0.0,125.0,0.0,62.0,63.0,54.0,0.0,0.0,0.0,0.0,0.0,0.0,0.0,0.0,0.0,0.0,0.0,0.0,0.0,0.0,0.0,0.0,0.0,0.0,8.0,2.0,1.0
2182,18.311842999999993,0,8.6651,1.7905,1.8998,1.6399,0.1806,0.0032,0.0086,0.0002,0.0348,0.0497,0.0023,0.0009,0.0103,0.0001,0.0017,0.0018,0.0001,0.0001,0.0089,0.0016,0.0004,0.0023,0.0,0.0901,0.0198,0.0,0.0108,0.0,125.0,0.0,62.0,63.0,54.0,0.0,0.0,0.0,0.0,0.0,0.0,0.0,0.0,0.0,0.0,0.0,0.0,0.0,0.0,0.0,0.0,0.0,0.0,8.0,2.0,1.0
2183,18.320508099999994,0,8.3041,1.9667,1.8854,1.7934,0.1631,0.0045,0.0067,0.0008,0.0246,0.0393,0.0022,0.0009,0.0107,0.0001,0.0023,0.0013,0.0,0.0001,0.0082,0.001,0.0004,0.0024,0.0001,0.078,0.0181,0.0,0.0093,0.0,125.0,0.0,62.0,63.0,54.0,0.0,0.0,0.0,0.0,0.0,0.0,0.0,0.0,0.0,0.0,0.0,0.0,0.0,0.0,0.0,0.0,0.0,0.0,8.0,2.0,1.0
2184,18.328812199999994,0,8.3859,1.8322,1.9815,1.6815,0.1916,0.003,0.0049,0.0001,0.0441,0.0548,0.0028,0.0016,0.0124,0.0001,0.0016,0.0015,0.0002,0.0001,0.0093,0.0016,0.0004,0.0032,0.0,0.1007,0.0201,0.0,0.0083,0.0,125.0,0.0,62.0,63.0,54.0,0.0,0.0,0.0,0.0,0.0,0.0,0.0,0.0,0.0,0.0,0.0,0.0,0.0,0.0,0.0,0.0,0.0,0.0,8.0,2.0,1.0
2185,18.337198099999995,0,8.2248,1.8816,1.9221,1.7844,0.1796,0.003,0.005,0.0002,0.0337,0.0445,0.0024,0.001,0.0109,0.0001,0.0021,0.0015,0.0,0.0001,0.0091,0.0013,0.0005,0.0025,0.0001,0.0865,0.02,0.0,0.0079,0.0,125.0,0.0,62.0,63.0,54.0,0.0,0.0,0.0,0.0,0.0,0.0,0.0,0.0,0.0,0.0,0.0,0.0,0.0,0.0,0.0,0.0,0.0,0.0,8.0,2.0,1.0
2186,18.345422899999996,0,8.2963,1.7546,1.8756,1.7975,0.1893,0.0031,0.0081,0.0002,0.0388,0.0525,0.0025,0.0008,0.0113,0.0001,0.0018,0.0015,0.0006,0.0001,0.0089,0.0017,0.0005,0.0027,0.0,0.0957,0.0213,0.0001,0.0074,0.0,125.0,0.0,62.0,63.0,54.0,0.0,0.0,0.0,0.0,0.0,0.0,0.0,0.0,0.0,0.0,0.0,0.0,0.0,0.0,0.0,0.0,0.0,0.0,8.0,2.0,1.0
2187,18.353719199999997,0,8.2952,2.0141,1.7881,1.7056,0.169,0.0034,0.0055,0.0001,0.0288,0.0402,0.0023,0.0009,0.011,0.0001,0.0016,0.0021,0.0001,0.0002,0.0089,0.0014,0.0005,0.0026,0.0,0.0832,0.0203,0.0,0.0083,0.0,125.0,0.0,62.0,63.0,54.0,0.0,0.0,0.0,0.0,0.0,0.0,0.0,0.0,0.0,0.0,0.0,0.0,0.0,0.0,0.0,0.0,0.0,0.0,8.0,2.0,1.0
2188,18.362014399999996,0,8.5469,1.87,1.9849,1.7406,0.2016,0.0033,0.0062,0.0003,0.0419,0.0545,0.0026,0.001,0.0123,0.0001,0.0017,0.002,0.0001,0.0001,0.009,0.0014,0.0005,0.0026,0.0,0.1012,0.0208,0.0001,0.0088,0.0,125.0,0.0,62.0,63.0,54.0,0.0,0.0,0.0,0.0,0.0,0.0,0.0,0.0,0.0,0.0,0.0,0.0,0.0,0.0,0.0,0.0,0.0,0.0,8.0,2.0,1.0
2189,18.370561299999995,0,8.2708,1.9145,1.9704,1.8264,0.1819,0.003,0.0052,0.0005,0.0319,0.0434,0.0024,0.0009,0.0126,0.0001,0.0016,0.002,0.0001,0.0002,0.0087,0.0013,0.0006,0.0029,0.0,0.0896,0.0191,0.0,0.0105,0.0,125.0,0.0,62.0,63.0,54.0,0.0,0.0,0.0,0.0,0.0,0.0,0.0,0.0,0.0,0.0,0.0,0.0,0.0,0.0,0.0,0.0,0.0,0.0,8.0,2.0,1.0
2190,18.378832099999993,0,8.2146,1.8192,1.8738,1.8304,0.1747,0.0041,0.007,0.0002,0.0391,0.0527,0.0021,0.0015,0.0107,0.0002,0.0015,0.002,0.0001,0.0001,0.0086,0.0012,0.0007,0.0025,0.0,0.0929,0.0185,0.0,0.0094,0.0,125.0,0.0,62.0,63.0,56.0,0.0,0.0,0.0,0.0,0.0,0.0,0.0,0.0,0.0,0.0,0.0,0.0,0.0,0.0,0.0,0.0,0.0,0.0,8.0,2.0,1.0
2191,18.387046699999992,0,8.4306,1.8954,1.8653,1.6223,0.196,0.0031,0.0057,0.0002,0.031,0.0429,0.004,0.0008,0.0151,0.0001,0.0018,0.0025,0.0,0.0002,0.0123,0.0015,0.0006,0.0033,0.0,0.0962,0.0243,0.0,0.0105,0.0,125.0,0.0,62.0,63.0,56.0,0.0,0.0,0.0,0.0,0.0,0.0,0.0,0.0,0.0,0.0,0.0,0.0,0.0,0.0,0.0,0.0,0.0,0.0,8.0,2.0,1.0
2192,18.395477299999992,0,8.4905,1.8581,2.091,1.7011,0.2074,0.0043,0.0075,0.0002,0.0404,0.0557,0.0024,0.0015,0.0126,0.0002,0.0016,0.0022,0.0001,0.0001,0.0097,0.0015,0.0006,0.0034,0.0,0.1039,0.0215,0.0001,0.0101,0.0,125.0,0.0,62.0,63.0,56.0,0.0,0.0,0.0,0.0,0.0,0.0,0.0,0.0,0.0,0.0,0.0,0.0,0.0,0.0,0.0,0.0,0.0,0.0,8.0,2.0,1.0
2193,18.403967799999993,0,8.3974,2.3489,2.1942,2.1455,0.1912,0.0036,0.0052,0.0001,0.0333,0.0453,0.0027,0.0014,0.013,0.0001,0.0018,0.0024,0.0002,0.0002,0.0096,0.0014,0.0005,0.003,0.0,0.0942,0.0225,0.0002,0.0093,0.0,125.0,0.0,62.0,63.0,56.0,0.0,0.0,0.0,0.0,0.0,0.0,0.0,0.0,0.0,0.0,0.0,0.0,0.0,0.0,0.0,0.0,0.0,0.0,8.0,2.0,1.0
2194,18.412365199999993,0,8.1576,1.969,2.0506,1.7688,0.2082,0.0033,0.0072,0.0003,0.0425,0.0555,0.0026,0.0011,0.0132,0.0002,0.0021,0.0018,0.0001,0.0002,0.0098,0.0019,0.0005,0.0031,0.0001,0.1087,0.0264,0.0001,0.0087,0.0,125.0,0.0,62.0,63.0,56.0,0.0,0.0,0.0,0.0,0.0,0.0,0.0,0.0,0.0,0.0,0.0,0.0,0.0,0.0,0.0,0.0,0.0,0.0,8.0,2.0,1.0
2195,18.420522799999993,0,8.4036,1.9585,2.0003,1.7618,0.1907,0.0034,0.0056,0.0002,0.0348,0.0471,0.0025,0.0009,0.0128,0.0001,0.0016,0.0023,0.0001,0.0001,0.0088,0.0016,0.0004,0.0025,0.0,0.093,0.0205,0.0,0.0072,0.0,125.0,0.0,62.0,63.0,56.0,0.0,0.0,0.0,0.0,0.0,0.0,0.0,0.0,0.0,0.0,0.0,0.0,0.0,0.0,0.0,0.0,0.0,0.0,8.0,2.0,1.0
2196,18.428926399999995,0,8.3153,1.8845,2.068,1.7985,0.1913,0.0035,0.0063,0.0002,0.0436,0.0562,0.0021,0.0009,0.01,0.0001,0.0016,0.0022,0.0002,0.0001,0.009,0.0015,0.0004,0.0028,0.0001,0.0988,0.0197,0.0001,0.0092,0.0,125.0,0.0,62.0,63.0,56.0,0.0,0.0,0.0,0.0,0.0,0.0,0.0,0.0,0.0,0.0,0.0,0.0,0.0,0.0,0.0,0.0,0.0,0.0,8.0,2.0,1.0
2197,18.437241699999994,0,8.2388,2.0872,1.9567,1.7264,0.1938,0.0036,0.0062,0.0003,0.0345,0.0481,0.0031,0.0008,0.0134,0.0001,0.0014,0.0021,0.0002,0.0001,0.0087,0.0018,0.0004,0.003,0.0,0.0969,0.0204,0.0001,0.0098,0.0,125.0,0.0,62.0,63.0,56.0,0.0,0.0,0.0,0.0,0.0,0.0,0.0,0.0,0.0,0.0,0.0,0.0,0.0,0.0,0.0,0.0,0.0,0.0,8.0,2.0,1.0
2198,18.445480499999995,0,8.2106,2.0485,1.8485,1.6962,0.1694,0.0027,0.005,0.0003,0.0386,0.0492,0.0021,0.0008,0.0108,0.0001,0.0017,0.0017,0.0,0.0001,0.0104,0.0011,0.0009,0.0023,0.0,0.0908,0.0166,0.0001,0.008,0.0,125.0,0.0,62.0,63.0,56.0,0.0,0.0,0.0,0.0,0.0,0.0,0.0,0.0,0.0,0.0,0.0,0.0,0.0,0.0,0.0,0.0,0.0,0.0,8.0,2.0,1.0
2199,18.453691099999997,0,8.5607,1.8373,1.9757,1.8273,0.2114,0.0031,0.0057,0.0002,0.0334,0.0456,0.0034,0.0012,0.0164,0.0001,0.0027,0.0027,0.0002,0.0002,0.0128,0.0018,0.0006,0.0044,0.0001,0.1078,0.0245,0.0001,0.0083,0.0,125.0,0.0,62.0,63.0,56.0,0.0,0.0,0.0,0.0,0.0,0.0,0.0,0.0,0.0,0.0,0.0,0.0,0.0,0.0,0.0,0.0,0.0,0.0,8.0,2.0,1.0
2200,18.462251799999997,0,8.2925,1.8973,2.0329,1.7222,0.188,0.0028,0.0061,0.0002,0.0398,0.0514,0.0027,0.0008,0.0121,0.0002,0.0016,0.0024,0.0001,0.0002,0.0086,0.0014,0.0005,0.0028,0.0,0.096,0.0216,0.0001,0.0082,0.0,125.0,0.0,62.0,63.0,56.0,0.0,0.0,0.0,0.0,0.0,0.0,0.0,0.0,0.0,0.0,0.0,0.0,0.0,0.0,0.0,0.0,0.0,0.0,8.0,2.0,1.0
2201,18.470544299999997,0,8.2388,1.8913,1.9135,1.7234,0.1675,0.003,0.0061,0.0002,0.0315,0.0438,0.0021,0.0008,0.0092,0.0002,0.0018,0.0014,0.0001,0.0001,0.0088,0.0012,0.0005,0.0024,0.0001,0.0837,0.0174,0.0,0.0092,0.0,125.0,0.0,62.0,63.0,56.0,0.0,0.0,0.0,0.0,0.0,0.0,0.0,0.0,0.0,0.0,0.0,0.0,0.0,0.0,0.0,0.0,0.0,0.0,8.0,2.0,1.0
2202,18.478783099999998,0,8.3526,1.7458,1.908,1.805,0.1718,0.0027,0.0047,0.0001,0.0371,0.0472,0.0023,0.0009,0.0107,0.0001,0.0015,0.0018,0.0001,0.0002,0.0089,0.0012,0.0005,0.0026,0.0001,0.0892,0.0189,0.0001,0.0086,0.0,125.0,0.0,62.0,63.0,56.0,0.0,0.0,0.0,0.0,0.0,0.0,0.0,0.0,0.0,0.0,0.0,0.0,0.0,0.0,0.0,0.0,0.0,0.0,8.0,2.0,1.0
2203,18.487135699999996,0,8.373,1.7582,1.9899,1.6926,0.1847,0.0033,0.0077,0.0002,0.029,0.0428,0.0025,0.0009,0.0115,0.0001,0.0022,0.0015,0.0001,0.0005,0.0093,0.0013,0.0007,0.0029,0.0001,0.087,0.0218,0.0001,0.0092,0.0,125.0,0.0,62.0,63.0,56.0,0.0,0.0,0.0,0.0,0.0,0.0,0.0,0.0,0.0,0.0,0.0,0.0,0.0,0.0,0.0,0.0,0.0,0.0,8.0,2.0,1.0
2204,18.495508699999995,0,8.3532,1.7786,1.9356,1.7033,0.1854,0.0028,0.0061,0.0001,0.0329,0.0444,0.0019,0.0008,0.0097,0.0001,0.0022,0.0016,0.0001,0.0007,0.0085,0.0013,0.0004,0.0029,0.0,0.0864,0.029,0.0001,0.009,0.0,125.0,0.0,62.0,63.0,56.0,0.0,0.0,0.0,0.0,0.0,0.0,0.0,0.0,0.0,0.0,0.0,0.0,0.0,0.0,0.0,0.0,0.0,0.0,8.0,2.0,1.0
2205,18.503861899999993,0,8.0915,1.8285,1.8301,1.7317,0.1499,0.0029,0.0062,0.0001,0.0212,0.0327,0.0021,0.0008,0.0079,0.0002,0.0016,0.0015,0.0001,0.0001,0.0088,0.0012,0.0005,0.0022,0.0,0.0683,0.0167,0.0,0.0092,0.0,125.0,0.0,62.0,63.0,56.0,0.0,0.0,0.0,0.0,0.0,0.0,0.0,0.0,0.0,0.0,0.0,0.0,0.0,0.0,0.0,0.0,0.0,0.0,8.0,2.0,1.0
2206,18.511953399999992,0,8.3665,1.929,1.7816,1.6574,0.1657,0.0027,0.0067,0.0002,0.0337,0.0453,0.0023,0.0006,0.0093,0.0001,0.0015,0.0019,0.0,0.0001,0.0084,0.0011,0.0004,0.0025,0.0,0.0829,0.0175,0.0001,0.0093,0.0,125.0,0.0,62.0,63.0,56.0,0.0,0.0,0.0,0.0,0.0,0.0,0.0,0.0,0.0,0.0,0.0,0.0,0.0,0.0,0.0,0.0,0.0,0.0,8.0,2.0,1.0
2207,18.520319899999993,0,8.3624,1.8054,1.7559,1.6533,0.1551,0.0026,0.0047,0.0005,0.0253,0.0351,0.0021,0.0007,0.0091,0.0002,0.0014,0.0015,0.0001,0.0001,0.0085,0.0011,0.0004,0.0023,0.0,0.072,0.0167,0.0,0.008,0.0,125.0,0.0,62.0,63.0,56.0,0.0,0.0,0.0,0.0,0.0,0.0,0.0,0.0,0.0,0.0,0.0,0.0,0.0,0.0,0.0,0.0,0.0,0.0,8.0,2.0,1.0
2208,18.528682299999993,0,8.5418,1.7512,1.9661,1.7419,0.1795,0.0027,0.0065,0.0003,0.0369,0.049,0.002,0.0008,0.0106,0.0001,0.0014,0.0016,0.0002,0.0001,0.0081,0.0012,0.0005,0.0023,0.0,0.0927,0.0227,0.0,0.0084,0.0,125.0,0.0,62.0,63.0,54.0,0.0,0.0,0.0,0.0,0.0,0.0,0.0,0.0,0.0,0.0,0.0,0.0,0.0,0.0,0.0,0.0,0.0,0.0,8.0,2.0,1.0
2209,18.537224099999992,0,8.074,1.8055,1.838,1.7408,0.1514,0.0034,0.0058,0.0001,0.0274,0.0388,0.0018,0.0007,0.0099,0.0002,0.0014,0.0019,0.0,0.0001,0.0075,0.0012,0.0006,0.0023,0.0,0.0747,0.0154,0.0,0.0083,0.0,125.0,0.0,62.0,63.0,54.0,0.0,0.0,0.0,0.0,0.0,0.0,0.0,0.0,0.0,0.0,0.0,0.0,0.0,0.0,0.0,0.0,0.0,0.0,8.0,2.0,1.0
2210,18.545298099999993,0,8.3889,1.9397,1.8176,1.6549,0.1611,0.005,0.0066,0.0001,0.032,0.0464,0.0019,0.0007,0.0098,0.0001,0.0013,0.0019,0.0001,0.0001,0.0082,0.0016,0.0005,0.0023,0.0,0.0839,0.0165,0.0,0.0078,0.0,125.0,0.0,62.0,63.0,54.0,0.0,0.0,0.0,0.0,0.0,0.0,0.0,0.0,0.0,0.0,0.0,0.0,0.0,0.0,0.0,0.0,0.0,0.0,8.0,2.0,1.0
2211,18.553686999999993,0,8.3235,1.8145,1.7678,1.6849,0.1553,0.0027,0.006,0.0007,0.0252,0.0368,0.0026,0.0007,0.0104,0.0001,0.002,0.0015,0.0001,0.0002,0.0079,0.0014,0.0004,0.0024,0.0,0.0755,0.0158,0.0,0.0071,0.0,125.0,0.0,62.0,63.0,54.0,0.0,0.0,0.0,0.0,0.0,0.0,0.0,0.0,0.0,0.0,0.0,0.0,0.0,0.0,0.0,0.0,0.0,0.0,8.0,2.0,1.0
2212,18.562010499999992,0,8.4699,1.8292,1.9622,1.716,0.1724,0.0031,0.0066,0.0002,0.0359,0.0484,0.0021,0.0007,0.0104,0.0002,0.0016,0.0018,0.0001,0.0001,0.0079,0.0015,0.0005,0.0029,0.0001,0.0879,0.017,0.0001,0.0083,0.0,125.0,0.0,62.0,63.0,54.0,0.0,0.0,0.0,0.0,0.0,0.0,0.0,0.0,0.0,0.0,0.0,0.0,0.0,0.0,0.0,0.0,0.0,0.0,8.0,2.0,1.0
2213,18.570480399999994,0,8.1639,1.7237,1.7682,1.7401,0.1565,0.0027,0.007,0.0001,0.0242,0.0374,0.0024,0.0007,0.0096,0.0002,0.0013,0.0019,0.0001,0.0002,0.0084,0.0016,0.0004,0.0024,0.0,0.0754,0.0179,0.0001,0.0089,0.0,125.0,0.0,62.0,63.0,54.0,0.0,0.0,0.0,0.0,0.0,0.0,0.0,0.0,0.0,0.0,0.0,0.0,0.0,0.0,0.0,0.0,0.0,0.0,8.0,2.0,1.0
2214,18.578644299999993,0,8.4199,1.7485,1.8481,1.8002,0.1568,0.0028,0.0064,0.0002,0.0264,0.0379,0.0019,0.0007,0.009,0.0006,0.0014,0.0015,0.0001,0.0001,0.0083,0.0012,0.0004,0.0025,0.0001,0.075,0.0141,0.0,0.0085,0.0,125.0,0.0,62.0,63.0,54.0,0.0,0.0,0.0,0.0,0.0,0.0,0.0,0.0,0.0,0.0,0.0,0.0,0.0,0.0,0.0,0.0,0.0,0.0,8.0,2.0,1.0
2215,18.587064199999993,0,8.2806,1.7321,1.803,1.6869,0.1697,0.0025,0.0049,0.0007,0.0303,0.0407,0.003,0.0009,0.0129,0.0001,0.002,0.0016,0.0001,0.0007,0.0087,0.0013,0.001,0.0028,0.0001,0.0853,0.0198,0.0,0.0091,0.0,125.0,0.0,62.0,63.0,54.0,0.0,0.0,0.0,0.0,0.0,0.0,0.0,0.0,0.0,0.0,0.0,0.0,0.0,0.0,0.0,0.0,0.0,0.0,8.0,2.0,1.0
2216,18.595344799999992,0,8.3064,1.9147,1.8035,1.6158,0.1737,0.0029,0.006,0.0003,0.0333,0.0453,0.0024,0.0008,0.0114,0.0001,0.0015,0.0018,0.0001,0.0002,0.0084,0.0012,0.0004,0.0027,0.0,0.0884,0.0209,0.0,0.0084,0.0,125.0,0.0,62.0,63.0,54.0,0.0,0.0,0.0,0.0,0.0,0.0,0.0,0.0,0.0,0.0,0.0,0.0,0.0,0.0,0.0,0.0,0.0,0.0,8.0,2.0,1.0
2217,18.60365119999999,0,8.3305,1.7468,1.766,1.6208,0.1601,0.0033,0.0065,0.0003,0.0272,0.0403,0.0019,0.0009,0.0093,0.0001,0.0014,0.0014,0.0002,0.0001,0.0084,0.0012,0.0005,0.0024,0.0001,0.0775,0.017,0.0,0.0077,0.0,125.0,0.0,62.0,63.0,54.0,0.0,0.0,0.0,0.0,0.0,0.0,0.0,0.0,0.0,0.0,0.0,0.0,0.0,0.0,0.0,0.0,0.0,0.0,8.0,2.0,1.0
2218,18.61198169999999,0,8.3628,1.767,1.8059,1.7362,0.1796,0.0029,0.0079,0.0003,0.0383,0.0521,0.0022,0.0008,0.0099,0.0001,0.0014,0.0019,0.0002,0.0001,0.0087,0.0017,0.0004,0.0032,0.0,0.0938,0.018,0.0001,0.0077,0.0,125.0,0.0,62.0,63.0,54.0,0.0,0.0,0.0,0.0,0.0,0.0,0.0,0.0,0.0,0.0,0.0,0.0,0.0,0.0,0.0,0.0,0.0,0.0,8.0,2.0,1.0
2219,18.62034449999999,0,8.2206,1.7705,1.7464,1.6212,0.1591,0.0032,0.0062,0.0002,0.0285,0.0399,0.002,0.0014,0.0097,0.0001,0.0022,0.0014,0.0001,0.0001,0.0077,0.0011,0.0004,0.0024,0.0,0.0766,0.0172,0.0001,0.0084,0.0,125.0,0.0,62.0,63.0,54.0,0.0,0.0,0.0,0.0,0.0,0.0,0.0,0.0,0.0,0.0,0.0,0.0,0.0,0.0,0.0,0.0,0.0,0.0,8.0,2.0,1.0
2220,18.628565099999992,0,8.6085,1.7151,1.8088,1.8037,0.1889,0.0042,0.0073,0.0003,0.0346,0.049,0.0026,0.001,0.0125,0.0007,0.0017,0.0022,0.0001,0.0001,0.0078,0.0013,0.0005,0.0028,0.0,0.093,0.0204,0.0001,0.008,0.0,125.0,0.0,62.0,63.0,54.0,0.0,0.0,0.0,0.0,0.0,0.0,0.0,0.0,0.0,0.0,0.0,0.0,0.0,0.0,0.0,0.0,0.0,0.0,8.0,2.0,1.0
2221,18.637173599999993,0,8.1149,1.7934,1.914,1.735,0.1687,0.0045,0.0076,0.0003,0.0232,0.0381,0.0021,0.0009,0.0099,0.0001,0.0021,0.0016,0.0001,0.0001,0.0088,0.0012,0.0004,0.0026,0.0,0.0799,0.0178,0.0001,0.0078,0.0,125.0,0.0,62.0,63.0,54.0,0.0,0.0,0.0,0.0,0.0,0.0,0.0,0.0,0.0,0.0,0.0,0.0,0.0,0.0,0.0,0.0,0.0,0.0,8.0,2.0,1.0
2222,18.645288499999992,0,8.4045,1.7003,1.6779,1.5497,0.1793,0.003,0.0048,0.0001,0.0418,0.0517,0.003,0.001,0.0118,0.0001,0.0017,0.0013,0.0001,0.0002,0.0088,0.0012,0.0005,0.0027,0.0,0.0925,0.0167,0.0,0.0076,0.0,125.0,0.0,62.0,63.0,54.0,0.0,0.0,0.0,0.0,0.0,0.0,0.0,0.0,0.0,0.0,0.0,0.0,0.0,0.0,0.0,0.0,0.0,0.0,8.0,2.0,1.0
2223,18.653692999999993,0,8.3274,1.7256,1.8434,1.7277,0.1698,0.0031,0.0069,0.0002,0.027,0.0397,0.0022,0.0009,0.0098,0.0002,0.0021,0.0016,0.0005,0.0001,0.0095,0.0016,0.0005,0.0025,0.0001,0.0824,0.0187,0.0001,0.0081,0.0,125.0,0.0,62.0,63.0,54.0,0.0,0.0,0.0,0.0,0.0,0.0,0.0,0.0,0.0,0.0,0.0,0.0,0.0,0.0,0.0,0.0,0.0,0.0,8.0,2.0,1.0
2224,18.662020399999992,0,8.4066,1.8379,1.964,1.7182,0.1746,0.0027,0.006,0.0002,0.0375,0.0489,0.003,0.0008,0.0109,0.0002,0.0018,0.0015,0.0,0.0001,0.0092,0.0014,0.0005,0.0027,0.0,0.0918,0.0176,0.0,0.0084,0.0,125.0,0.0,62.0,63.0,54.0,0.0,0.0,0.0,0.0,0.0,0.0,0.0,0.0,0.0,0.0,0.0,0.0,0.0,0.0,0.0,0.0,0.0,0.0,8.0,2.0,1.0
2225,18.670426999999993,0,8.2531,2.0048,1.6817,1.8098,0.1563,0.0028,0.0064,0.0002,0.0272,0.0389,0.002,0.0005,0.0099,0.0002,0.002,0.0014,0.0001,0.0002,0.0087,0.0011,0.0005,0.0023,0.0001,0.0768,0.0181,0.0001,0.0089,0.0,125.0,0.0,62.0,63.0,54.0,0.0,0.0,0.0,0.0,0.0,0.0,0.0,0.0,0.0,0.0,0.0,0.0,0.0,0.0,0.0,0.0,0.0,0.0,8.0,2.0,1.0
2226,18.678680099999994,0,8.2883,1.8453,1.8228,1.6784,0.1764,0.0024,0.0044,0.0002,0.0478,0.0568,0.0026,0.0009,0.0103,0.0001,0.0017,0.0015,0.0002,0.0001,0.0086,0.0016,0.0004,0.0031,0.0001,0.098,0.0173,0.0001,0.0086,0.0,125.0,0.0,62.0,63.0,54.0,0.0,0.0,0.0,0.0,0.0,0.0,0.0,0.0,0.0,0.0,0.0,0.0,0.0,0.0,0.0,0.0,0.0,0.0,8.0,2.0,1.0
2227,18.686968399999994,0,8.3308,1.8828,1.7916,1.7057,0.1633,0.0029,0.0067,0.0002,0.0266,0.039,0.0022,0.0009,0.0101,0.0001,0.0014,0.0015,0.0,0.0001,0.0087,0.0012,0.0008,0.0027,0.0001,0.0801,0.018,0.0001,0.0088,0.0,125.0,0.0,62.0,63.0,54.0,0.0,0.0,0.0,0.0,0.0,0.0,0.0,0.0,0.0,0.0,0.0,0.0,0.0,0.0,0.0,0.0,0.0,0.0,8.0,2.0,1.0
2228,18.695299199999994,0,8.468,1.8348,1.7417,1.629,0.1753,0.0026,0.0049,0.0002,0.0393,0.0496,0.0029,0.0008,0.0126,0.0002,0.0017,0.0015,0.0006,0.0001,0.0087,0.0016,0.0004,0.0026,0.0,0.0934,0.0195,0.0001,0.0092,0.0,125.0,0.0,62.0,63.0,54.0,0.0,0.0,0.0,0.0,0.0,0.0,0.0,0.0,0.0,0.0,0.0,0.0,0.0,0.0,0.0,0.0,0.0,0.0,8.0,2.0,1.0
2229,18.703767199999994,0,8.2739,2.0441,1.8865,1.7691,0.1731,0.0037,0.007,0.0002,0.0261,0.0397,0.002,0.0008,0.0114,0.0002,0.002,0.0015,0.0001,0.0004,0.0086,0.0012,0.0005,0.003,0.0,0.0834,0.0185,0.0001,0.0085,0.0,125.0,0.0,62.0,63.0,54.0,0.0,0.0,0.0,0.0,0.0,0.0,0.0,0.0,0.0,0.0,0.0,0.0,0.0,0.0,0.0,0.0,0.0,0.0,8.0,2.0,1.0
2230,18.712041099999993,0,8.324,1.7399,1.8399,1.7332,0.1683,0.0048,0.007,0.0001,0.0352,0.0495,0.0021,0.0009,0.0092,0.0001,0.0015,0.0014,0.0001,0.0001,0.0086,0.0012,0.0004,0.0024,0.0,0.0869,0.0156,0.0,0.0084,0.0,125.0,0.0,62.0,63.0,54.0,0.0,0.0,0.0,0.0,0.0,0.0,0.0,0.0,0.0,0.0,0.0,0.0,0.0,0.0,0.0,0.0,0.0,0.0,8.0,2.0,1.0
2231,18.720365099999995,0,8.2223,1.7516,1.7608,1.7677,0.1583,0.0025,0.0057,0.0002,0.0273,0.0379,0.0018,0.0006,0.0094,0.0002,0.002,0.0014,0.0,0.0006,0.0081,0.0011,0.0005,0.0028,0.0,0.075,0.0192,0.0001,0.0081,0.0,125.0,0.0,62.0,63.0,56.0,0.0,0.0,0.0,0.0,0.0,0.0,0.0,0.0,0.0,0.0,0.0,0.0,0.0,0.0,0.0,0.0,0.0,0.0,8.0,2.0,1.0
2232,18.728587399999995,0,8.5615,1.7795,1.8947,1.8619,0.1592,0.0027,0.0061,0.0001,0.0334,0.0443,0.0021,0.0006,0.0091,0.0001,0.0013,0.002,0.0001,0.0001,0.0078,0.0012,0.0011,0.0023,0.0,0.0817,0.0174,0.0,0.0086,0.0,125.0,0.0,62.0,63.0,56.0,0.0,0.0,0.0,0.0,0.0,0.0,0.0,0.0,0.0,0.0,0.0,0.0,0.0,0.0,0.0,0.0,0.0,0.0,8.0,2.0,1.0
2233,18.737148899999994,0,8.1358,1.8253,1.7499,1.7125,0.1569,0.0026,0.0062,0.0002,0.0296,0.041,0.0021,0.0007,0.0097,0.0001,0.002,0.0015,0.0,0.0001,0.0078,0.0013,0.0004,0.0022,0.0001,0.0777,0.0172,0.0,0.0072,0.0,125.0,0.0,62.0,63.0,56.0,0.0,0.0,0.0,0.0,0.0,0.0,0.0,0.0,0.0,0.0,0.0,0.0,0.0,0.0,0.0,0.0,0.0,0.0,8.0,2.0,1.0
2234,18.745284699999996,0,8.5154,1.8654,1.8673,1.7711,0.1731,0.0036,0.0071,0.0001,0.0246,0.039,0.002,0.0012,0.0107,0.0001,0.0019,0.0015,0.0002,0.0001,0.0085,0.0013,0.0005,0.0027,0.0,0.0808,0.0191,0.0,0.0097,0.0,125.0,0.0,62.0,63.0,56.0,0.0,0.0,0.0,0.0,0.0,0.0,0.0,0.0,0.0,0.0,0.0,0.0,0.0,0.0,0.0,0.0,0.0,0.0,8.0,2.0,1.0
2235,18.753800099999996,0,8.161,2.0175,1.7962,1.7686,0.1693,0.0026,0.0048,0.0001,0.0367,0.0464,0.0027,0.0008,0.011,0.0002,0.0021,0.0016,0.0001,0.0007,0.0083,0.0013,0.0005,0.0028,0.0,0.0895,0.0202,0.0001,0.0085,0.0,125.0,0.0,62.0,63.0,56.0,0.0,0.0,0.0,0.0,0.0,0.0,0.0,0.0,0.0,0.0,0.0,0.0,0.0,0.0,0.0,0.0,0.0,0.0,8.0,2.0,1.0
2236,18.761961099999997,0,8.449,1.8881,1.8558,1.7508,0.1921,0.0037,0.0079,0.0001,0.0359,0.0509,0.0024,0.0009,0.0117,0.0002,0.0016,0.0021,0.0001,0.0001,0.01,0.0014,0.0006,0.0033,0.0,0.0971,0.0196,0.0001,0.0074,0.0,125.0,0.0,62.0,63.0,56.0,0.0,0.0,0.0,0.0,0.0,0.0,0.0,0.0,0.0,0.0,0.0,0.0,0.0,0.0,0.0,0.0,0.0,0.0,8.0,2.0,1.0
2237,18.770410099999996,0,8.277,1.9612,1.8182,1.7317,0.1609,0.0027,0.0048,0.0001,0.0291,0.0388,0.0024,0.0008,0.0085,0.0002,0.0015,0.0016,0.0001,0.0001,0.009,0.0013,0.0009,0.0026,0.0001,0.0797,0.0176,0.0001,0.0079,0.0,125.0,0.0,62.0,63.0,56.0,0.0,0.0,0.0,0.0,0.0,0.0,0.0,0.0,0.0,0.0,0.0,0.0,0.0,0.0,0.0,0.0,0.0,0.0,8.0,2.0,1.0
2238,18.778687099999996,0,8.3092,1.9462,1.805,1.81,0.1724,0.0028,0.0062,0.0001,0.0367,0.048,0.0021,0.0006,0.0101,0.0001,0.0017,0.0015,0.0002,0.0001,0.008,0.0018,0.0004,0.0028,0.0,0.0879,0.019,0.0001,0.0088,0.0,125.0,0.0,62.0,63.0,56.0,0.0,0.0,0.0,0.0,0.0,0.0,0.0,0.0,0.0,0.0,0.0,0.0,0.0,0.0,0.0,0.0,0.0,0.0,8.0,2.0,1.0
2239,18.786996299999995,0,8.2729,1.9284,1.7168,1.7325,0.1701,0.0032,0.0058,0.0001,0.0304,0.0415,0.0027,0.0007,0.0127,0.0002,0.0015,0.0013,0.0001,0.0001,0.0083,0.0011,0.0004,0.0029,0.0001,0.0846,0.0182,0.0001,0.0083,0.0,125.0,0.0,62.0,63.0,56.0,0.0,0.0,0.0,0.0,0.0,0.0,0.0,0.0,0.0,0.0,0.0,0.0,0.0,0.0,0.0,0.0,0.0,0.0,8.0,2.0,1.0
2240,18.795269199999996,0,8.5302,1.8992,1.859,1.913,0.1729,0.0026,0.0048,0.0002,0.0395,0.0492,0.0023,0.0007,0.011,0.0001,0.0014,0.0014,0.0001,0.0001,0.0081,0.0012,0.0005,0.0027,0.0001,0.091,0.0189,0.0,0.0085,0.0,125.0,0.0,62.0,63.0,56.0,0.0,0.0,0.0,0.0,0.0,0.0,0.0,0.0,0.0,0.0,0.0,0.0,0.0,0.0,0.0,0.0,0.0,0.0,8.0,2.0,1.0
2241,18.803799399999996,0,8.431,1.9197,2.0267,1.7577,0.1808,0.003,0.0073,0.0003,0.0322,0.0452,0.0023,0.0012,0.011,0.0003,0.0024,0.002,0.0001,0.0001,0.0089,0.0013,0.0006,0.0029,0.0,0.0896,0.0211,0.0001,0.0102,0.0,125.0,0.0,62.0,63.0,56.0,0.0,0.0,0.0,0.0,0.0,0.0,0.0,0.0,0.0,0.0,0.0,0.0,0.0,0.0,0.0,0.0,0.0,0.0,8.0,2.0,1.0
2242,18.812230399999997,0,8.1713,1.8925,1.8707,1.7156,0.1788,0.0027,0.0053,0.0002,0.0418,0.0522,0.0023,0.0008,0.0121,0.0002,0.0013,0.0017,0.0,0.0002,0.0082,0.0011,0.0007,0.0028,0.0,0.0941,0.0196,0.0,0.0086,0.0,125.0,0.0,62.0,63.0,56.0,0.0,0.0,0.0,0.0,0.0,0.0,0.0,0.0,0.0,0.0,0.0,0.0,0.0,0.0,0.0,0.0,0.0,0.0,8.0,2.0,1.0
2243,18.820401699999998,0,8.2818,1.8028,1.8305,1.7781,0.1589,0.003,0.0068,0.0003,0.0279,0.0401,0.0018,0.0007,0.0096,0.0001,0.0016,0.0015,0.0,0.0001,0.0086,0.0011,0.0005,0.0028,0.0,0.0787,0.0159,0.0,0.0098,0.0,125.0,0.0,62.0,63.0,56.0,0.0,0.0,0.0,0.0,0.0,0.0,0.0,0.0,0.0,0.0,0.0,0.0,0.0,0.0,0.0,0.0,0.0,0.0,8.0,2.0,1.0
2244,18.828683499999997,0,8.2701,2.1972,1.7768,1.7293,0.1693,0.0026,0.0044,0.0002,0.0418,0.0516,0.0023,0.0008,0.0105,0.0002,0.0016,0.002,0.0001,0.0001,0.0083,0.0012,0.0005,0.0028,0.0,0.0927,0.0174,0.0,0.0077,0.0,125.0,0.0,62.0,63.0,56.0,0.0,0.0,0.0,0.0,0.0,0.0,0.0,0.0,0.0,0.0,0.0,0.0,0.0,0.0,0.0,0.0,0.0,0.0,8.0,2.0,1.0
2245,18.836953599999998,0,8.364,1.8706,1.7344,1.7187,0.171,0.003,0.0056,0.0002,0.0325,0.0438,0.0022,0.0012,0.0117,0.0001,0.0017,0.0014,0.0001,0.0001,0.0083,0.0012,0.001,0.0029,0.0001,0.0857,0.0183,0.0,0.0087,0.0,125.0,0.0,62.0,63.0,56.0,0.0,0.0,0.0,0.0,0.0,0.0,0.0,0.0,0.0,0.0,0.0,0.0,0.0,0.0,0.0,0.0,0.0,0.0,8.0,2.0,1.0
2246,18.845317599999998,0,8.3194,1.9,1.7704,1.7547,0.1708,0.0026,0.0058,0.0002,0.0383,0.0491,0.0022,0.0008,0.0121,0.0002,0.0014,0.0015,0.0,0.0001,0.0081,0.0013,0.0004,0.0027,0.0,0.0914,0.0196,0.0001,0.0087,0.0,125.0,0.0,62.0,63.0,56.0,0.0,0.0,0.0,0.0,0.0,0.0,0.0,0.0,0.0,0.0,0.0,0.0,0.0,0.0,0.0,0.0,0.0,0.0,8.0,2.0,1.0
2247,18.853637,0,8.4432,1.9552,1.814,1.7732,0.1633,0.0029,0.007,0.0003,0.0262,0.0391,0.0021,0.0006,0.0096,0.0002,0.0017,0.0015,0.0001,0.0002,0.0084,0.0012,0.001,0.0027,0.0,0.08,0.0188,0.0001,0.0083,0.0,125.0,0.0,62.0,63.0,56.0,0.0,0.0,0.0,0.0,0.0,0.0,0.0,0.0,0.0,0.0,0.0,0.0,0.0,0.0,0.0,0.0,0.0,0.0,8.0,2.0,1.0
2248,18.862080199999998,0,8.5309,1.8678,2.0371,1.8007,0.2007,0.0034,0.006,0.0003,0.0418,0.0542,0.0026,0.0009,0.012,0.0001,0.0016,0.0024,0.0001,0.0002,0.0091,0.0015,0.0006,0.0032,0.0,0.1004,0.022,0.0001,0.0089,0.0,125.0,0.0,62.0,63.0,56.0,0.0,0.0,0.0,0.0,0.0,0.0,0.0,0.0,0.0,0.0,0.0,0.0,0.0,0.0,0.0,0.0,0.0,0.0,8.0,2.0,1.0
2249,18.870611099999998,0,8.5846,2.0162,2.0361,1.8205,0.1776,0.0027,0.0076,0.0002,0.0274,0.0406,0.0021,0.0011,0.0104,0.0002,0.0015,0.0021,0.0001,0.0001,0.0097,0.0011,0.0005,0.0025,0.0001,0.0821,0.0206,0.0001,0.0084,0.0,125.0,0.0,62.0,63.0,56.0,0.0,0.0,0.0,0.0,0.0,0.0,0.0,0.0,0.0,0.0,0.0,0.0,0.0,0.0,0.0,0.0,0.0,0.0,8.0,2.0,1.0
2250,18.879195699999997,0,8.0973,2.145,2.3429,1.9257,0.1947,0.0029,0.0066,0.0002,0.0407,0.0528,0.0026,0.0012,0.0115,0.0001,0.0017,0.0023,0.0001,0.0002,0.0097,0.0014,0.0005,0.0031,0.0001,0.0984,0.0207,0.0004,0.0085,0.0,125.0,0.0,62.0,63.0,56.0,0.0,0.0,0.0,0.0,0.0,0.0,0.0,0.0,0.0,0.0,0.0,0.0,0.0,0.0,0.0,0.0,0.0,0.0,8.0,2.0,1.0
2251,18.887292999999996,0,8.1778,2.0663,2.0187,1.837,0.1865,0.0033,0.0092,0.0002,0.0274,0.0424,0.0025,0.0011,0.0116,0.0002,0.0018,0.0018,0.0004,0.0001,0.0089,0.0019,0.0005,0.0029,0.0,0.0873,0.0199,0.0,0.0094,0.0,125.0,0.0,62.0,63.0,56.0,0.0,0.0,0.0,0.0,0.0,0.0,0.0,0.0,0.0,0.0,0.0,0.0,0.0,0.0,0.0,0.0,0.0,0.0,8.0,2.0,1.0
2252,18.895470799999995,0,8.386,2.1067,1.9909,1.645,0.1888,0.0029,0.005,0.0001,0.0473,0.0574,0.0025,0.0009,0.0107,0.0002,0.0016,0.0019,0.0001,0.0001,0.0087,0.0017,0.0005,0.0028,0.0,0.1003,0.0177,0.0001,0.0084,0.0,125.0,0.0,62.0,63.0,56.0,0.0,0.0,0.0,0.0,0.0,0.0,0.0,0.0,0.0,0.0,0.0,0.0,0.0,0.0,0.0,0.0,0.0,0.0,8.0,2.0,1.0
2253,18.903856799999996,0,8.3684,2.1407,1.9906,1.8947,0.187,0.0037,0.0061,0.0003,0.0325,0.0453,0.0027,0.0009,0.0086,0.0002,0.002,0.0017,0.0,0.0001,0.0095,0.0013,0.0009,0.0029,0.0,0.0875,0.0212,0.0002,0.0084,0.0,125.0,0.0,62.0,63.0,56.0,0.0,0.0,0.0,0.0,0.0,0.0,0.0,0.0,0.0,0.0,0.0,0.0,0.0,0.0,0.0,0.0,0.0,0.0,8.0,2.0,1.0
2254,18.912225199999995,0,8.2842,1.9506,1.9683,1.7082,0.1701,0.0031,0.0069,0.0002,0.0348,0.0479,0.0022,0.0007,0.009,0.0002,0.0014,0.0013,0.0,0.0001,0.0095,0.0013,0.0004,0.0026,0.0,0.0863,0.0178,0.0,0.0102,0.0,125.0,0.0,62.0,63.0,56.0,0.0,0.0,0.0,0.0,0.0,0.0,0.0,0.0,0.0,0.0,0.0,0.0,0.0,0.0,0.0,0.0,0.0,0.0,8.0,2.0,1.0
2255,18.920509399999993,0,8.1947,1.8371,1.8973,1.8105,0.1908,0.0033,0.0064,0.0003,0.046,0.0586,0.0027,0.0008,0.0108,0.0002,0.0016,0.0021,0.0002,0.0001,0.0085,0.0015,0.0004,0.0028,0.0001,0.1004,0.0174,0.0001,0.0084,0.0,125.0,0.0,62.0,63.0,56.0,0.0,0.0,0.0,0.0,0.0,0.0,0.0,0.0,0.0,0.0,0.0,0.0,0.0,0.0,0.0,0.0,0.0,0.0,8.0,2.0,1.0
2256,18.928704099999994,0,8.5225,1.888,1.8735,1.6748,0.192,0.0031,0.0058,0.0003,0.0468,0.0591,0.0024,0.0015,0.0117,0.0002,0.0017,0.0016,0.0001,0.0001,0.009,0.0014,0.0008,0.0027,0.0,0.103,0.0183,0.0,0.0101,0.0,125.0,0.0,62.0,63.0,56.0,0.0,0.0,0.0,0.0,0.0,0.0,0.0,0.0,0.0,0.0,0.0,0.0,0.0,0.0,0.0,0.0,0.0,0.0,8.0,2.0,1.0
2257,18.937226599999995,0,8.1239,1.955,1.9367,1.7944,0.1583,0.0028,0.0045,0.0002,0.0296,0.0391,0.0025,0.0007,0.008,0.0001,0.0018,0.0015,0.0,0.0001,0.0091,0.0012,0.0004,0.0025,0.0,0.0764,0.0177,0.0,0.0106,0.0,125.0,0.0,62.0,63.0,56.0,0.0,0.0,0.0,0.0,0.0,0.0,0.0,0.0,0.0,0.0,0.0,0.0,0.0,0.0,0.0,0.0,0.0,0.0,8.0,2.0,1.0
2258,18.945350499999996,0,8.5323,1.9789,1.9178,1.7014,0.191,0.0031,0.0074,0.0002,0.0326,0.046,0.003,0.0011,0.0138,0.0003,0.0022,0.0026,0.0001,0.0001,0.01,0.0013,0.0005,0.0026,0.0001,0.095,0.0205,0.0,0.0105,0.0,125.0,0.0,62.0,63.0,56.0,0.0,0.0,0.0,0.0,0.0,0.0,0.0,0.0,0.0,0.0,0.0,0.0,0.0,0.0,0.0,0.0,0.0,0.0,8.0,2.0,1.0
2259,18.953882799999995,0,8.5108,2.0943,2.1221,1.9458,0.1896,0.0033,0.0074,0.0001,0.0304,0.0442,0.0024,0.0012,0.0117,0.0002,0.0018,0.002,0.0002,0.0002,0.0092,0.0013,0.0005,0.0029,0.0,0.0894,0.0198,0.0001,0.0105,0.0,125.0,0.0,62.0,63.0,56.0,0.0,0.0,0.0,0.0,0.0,0.0,0.0,0.0,0.0,0.0,0.0,0.0,0.0,0.0,0.0,0.0,0.0,0.0,8.0,2.0,1.0
2260,18.962393599999995,0,8.4881,2.0617,2.2999,1.8853,0.2708,0.0041,0.0063,0.0006,0.0587,0.0738,0.0037,0.0013,0.016,0.0002,0.0028,0.0018,0.0001,0.0001,0.0109,0.0015,0.0011,0.0054,0.0001,0.1364,0.0391,0.0001,0.0091,0.0,125.0,0.0,62.0,63.0,56.0,0.0,0.0,0.0,0.0,0.0,0.0,0.0,0.0,0.0,0.0,0.0,0.0,0.0,0.0,0.0,0.0,0.0,0.0,8.0,2.0,1.0
2261,18.970881699999996,0,8.0126,2.1992,2.0471,1.9372,0.1816,0.0029,0.0052,0.0003,0.0328,0.0441,0.0025,0.0011,0.0128,0.0001,0.0017,0.0018,0.0001,0.0001,0.0092,0.0018,0.0005,0.003,0.0,0.0901,0.0205,0.0001,0.0086,0.0,125.0,0.0,62.0,63.0,56.0,0.0,0.0,0.0,0.0,0.0,0.0,0.0,0.0,0.0,0.0,0.0,0.0,0.0,0.0,0.0,0.0,0.0,0.0,8.0,2.0,1.0
2262,18.978894299999997,0,8.4832,1.9526,2.1818,1.8859,0.2013,0.003,0.005,0.0002,0.0478,0.0587,0.0023,0.0012,0.0126,0.0002,0.0016,0.0017,0.0004,0.0001,0.0087,0.0018,0.0006,0.0028,0.0001,0.1046,0.0225,0.0,0.0086,0.0,125.0,0.0,62.0,63.0,56.0,0.0,0.0,0.0,0.0,0.0,0.0,0.0,0.0,0.0,0.0,0.0,0.0,0.0,0.0,0.0,0.0,0.0,0.0,8.0,2.0,1.0
2263,18.987377499999997,0,8.1409,2.0585,2.0452,1.7397,0.1885,0.0032,0.0077,0.0003,0.0282,0.0421,0.0031,0.0017,0.0123,0.0001,0.0017,0.0023,0.0001,0.0002,0.0117,0.0019,0.0006,0.004,0.0,0.0941,0.0186,0.0001,0.0081,0.0,125.0,0.0,62.0,63.0,56.0,0.0,0.0,0.0,0.0,0.0,0.0,0.0,0.0,0.0,0.0,0.0,0.0,0.0,0.0,0.0,0.0,0.0,0.0,8.0,2.0,1.0
2264,18.995518399999998,0,8.6102,2.0004,2.2156,1.8184,0.206,0.0037,0.006,0.0004,0.0522,0.0664,0.0022,0.0009,0.01,0.0001,0.0016,0.0021,0.0001,0.0001,0.0085,0.0015,0.0005,0.0025,0.0,0.1076,0.0189,0.0,0.0086,0.0,125.0,0.0,62.0,63.0,56.0,0.0,0.0,0.0,0.0,0.0,0.0,0.0,0.0,0.0,0.0,0.0,0.0,0.0,0.0,0.0,0.0,0.0,0.0,8.0,2.0,1.0
2265,19.004128599999998,0,8.1343,2.213,2.1789,2.0133,0.1958,0.0034,0.0065,0.0003,0.0379,0.0507,0.0029,0.001,0.0128,0.0001,0.0019,0.0025,0.0002,0.0001,0.0093,0.0014,0.0005,0.0029,0.0001,0.0982,0.023,0.0001,0.009,0.0,125.0,0.0,62.0,63.0,56.0,0.0,0.0,0.0,0.0,0.0,0.0,0.0,0.0,0.0,0.0,0.0,0.0,0.0,0.0,0.0,0.0,0.0,0.0,8.0,2.0,1.0
2266,19.012262899999996,0,8.2781,2.0418,1.8856,1.7795,0.1907,0.0028,0.0057,0.0002,0.0417,0.0529,0.0023,0.0008,0.0117,0.0002,0.0016,0.0015,0.0001,0.0001,0.0099,0.0018,0.0005,0.0028,0.0,0.0975,0.0235,0.0001,0.008,0.0,125.0,0.0,62.0,63.0,56.0,0.0,0.0,0.0,0.0,0.0,0.0,0.0,0.0,0.0,0.0,0.0,0.0,0.0,0.0,0.0,0.0,0.0,0.0,8.0,2.0,1.0
2267,19.020540999999994,0,8.4155,2.0219,2.0169,1.6837,0.1831,0.0035,0.006,0.0002,0.0392,0.0521,0.0021,0.0007,0.01,0.0001,0.0021,0.002,0.0,0.0001,0.0093,0.0017,0.0005,0.0026,0.0,0.0934,0.018,0.0001,0.0089,0.0,125.0,0.0,62.0,63.0,56.0,0.0,0.0,0.0,0.0,0.0,0.0,0.0,0.0,0.0,0.0,0.0,0.0,0.0,0.0,0.0,0.0,0.0,0.0,8.0,2.0,1.0
2268,19.028956499999996,0,8.3276,2.0303,2.1638,1.8594,0.2134,0.0033,0.0064,0.0003,0.0467,0.0595,0.0026,0.0016,0.0127,0.0002,0.002,0.002,0.0001,0.0001,0.0096,0.0014,0.0005,0.003,0.0001,0.1071,0.0215,0.0,0.0099,0.0,125.0,0.0,62.0,63.0,56.0,0.0,0.0,0.0,0.0,0.0,0.0,0.0,0.0,0.0,0.0,0.0,0.0,0.0,0.0,0.0,0.0,0.0,0.0,8.0,2.0,1.0
2269,19.037284099999997,0,8.3504,1.9668,2.1584,1.8048,0.1923,0.004,0.0053,0.0004,0.0419,0.0546,0.0028,0.0007,0.0116,0.0002,0.0023,0.0014,0.0001,0.0001,0.0092,0.0011,0.0005,0.0026,0.0,0.0989,0.0182,0.0001,0.0098,0.0,125.0,0.0,62.0,63.0,56.0,0.0,0.0,0.0,0.0,0.0,0.0,0.0,0.0,0.0,0.0,0.0,0.0,0.0,0.0,0.0,0.0,0.0,0.0,8.0,2.0,1.0
2270,19.0456345,0,8.2901,2.0433,1.8886,1.826,0.19,0.0031,0.0057,0.0001,0.0394,0.051,0.0026,0.0009,0.0108,0.0002,0.0015,0.0019,0.0001,0.0001,0.0102,0.0013,0.0005,0.003,0.0001,0.0945,0.0212,0.0,0.0089,0.0,125.0,0.0,62.0,63.0,56.0,0.0,0.0,0.0,0.0,0.0,0.0,0.0,0.0,0.0,0.0,0.0,0.0,0.0,0.0,0.0,0.0,0.0,0.0,8.0,2.0,1.0
2271,19.0539246,0,8.5066,2.0418,2.2075,1.807,0.1977,0.0038,0.0065,0.0002,0.0316,0.045,0.0033,0.0009,0.0132,0.0001,0.0021,0.0022,0.0001,0.0001,0.0092,0.0015,0.0005,0.0028,0.0,0.0924,0.0232,0.0001,0.0091,0.0,125.0,0.0,62.0,63.0,56.0,0.0,0.0,0.0,0.0,0.0,0.0,0.0,0.0,0.0,0.0,0.0,0.0,0.0,0.0,0.0,0.0,0.0,0.0,8.0,2.0,1.0
2272,19.0624312,0,8.2702,2.2373,2.1781,2.136,0.1957,0.0031,0.0055,0.0002,0.0427,0.0543,0.0025,0.0014,0.0119,0.0006,0.0017,0.0021,0.0001,0.0001,0.0092,0.0013,0.0005,0.0029,0.0,0.1006,0.0209,0.0001,0.0102,0.0,125.0,0.0,62.0,63.0,56.0,0.0,0.0,0.0,0.0,0.0,0.0,0.0,0.0,0.0,0.0,0.0,0.0,0.0,0.0,0.0,0.0,0.0,0.0,8.0,2.0,1.0
2273,19.070701399999997,0,8.3007,2.0477,2.1351,1.9012,0.1737,0.0029,0.0048,0.0003,0.0316,0.0419,0.0022,0.0011,0.0084,0.0001,0.0024,0.0015,0.0,0.0001,0.0089,0.0012,0.0011,0.0024,0.0001,0.082,0.0194,0.0002,0.0093,0.0,125.0,0.0,62.0,63.0,56.0,0.0,0.0,0.0,0.0,0.0,0.0,0.0,0.0,0.0,0.0,0.0,0.0,0.0,0.0,0.0,0.0,0.0,0.0,8.0,2.0,1.0
2274,19.079002099999997,0,8.3075,1.9565,2.0441,1.8735,0.1984,0.0034,0.0065,0.0002,0.0457,0.0586,0.0036,0.0011,0.0162,0.0002,0.0018,0.0015,0.0001,0.0001,0.0091,0.0018,0.0005,0.0029,0.0,0.1071,0.0205,0.0001,0.0086,0.0,125.0,0.0,62.0,63.0,56.0,0.0,0.0,0.0,0.0,0.0,0.0,0.0,0.0,0.0,0.0,0.0,0.0,0.0,0.0,0.0,0.0,0.0,0.0,8.0,2.0,1.0
2275,19.087309599999998,0,8.2411,2.0898,2.1033,1.8505,0.1967,0.0035,0.0067,0.0002,0.0399,0.0533,0.0024,0.0007,0.0114,0.0001,0.0019,0.0021,0.0001,0.0001,0.009,0.0018,0.0005,0.0032,0.0001,0.0994,0.02,0.0,0.0082,0.0,125.0,0.0,62.0,63.0,56.0,0.0,0.0,0.0,0.0,0.0,0.0,0.0,0.0,0.0,0.0,0.0,0.0,0.0,0.0,0.0,0.0,0.0,0.0,8.0,2.0,1.0
2276,19.095550699999997,0,8.3239,2.1414,1.971,1.7263,0.1767,0.0031,0.0061,0.0002,0.0362,0.0489,0.0021,0.0007,0.0094,0.0002,0.0016,0.0018,0.0001,0.0001,0.0083,0.0017,0.0004,0.0023,0.0001,0.0881,0.0198,0.0001,0.0086,0.0,125.0,0.0,62.0,63.0,56.0,0.0,0.0,0.0,0.0,0.0,0.0,0.0,0.0,0.0,0.0,0.0,0.0,0.0,0.0,0.0,0.0,0.0,0.0,8.0,2.0,1.0
2277,19.103874599999997,0,8.5249,1.9746,2.1674,1.7029,0.1862,0.0035,0.0073,0.0002,0.0279,0.042,0.002,0.0014,0.0114,0.0001,0.0021,0.0019,0.0001,0.0001,0.0088,0.0015,0.0005,0.0031,0.0,0.0862,0.021,0.0,0.0091,0.0,125.0,0.0,62.0,63.0,56.0,0.0,0.0,0.0,0.0,0.0,0.0,0.0,0.0,0.0,0.0,0.0,0.0,0.0,0.0,0.0,0.0,0.0,0.0,8.0,2.0,1.0
2278,19.1123995,0,8.1402,2.0231,2.0532,1.7708,0.1984,0.0032,0.0075,0.0003,0.0379,0.0513,0.0039,0.0008,0.0137,0.0001,0.0021,0.0017,0.0001,0.0001,0.0097,0.0013,0.001,0.003,0.0,0.0985,0.0225,0.0,0.009,0.0,125.0,0.0,62.0,63.0,56.0,0.0,0.0,0.0,0.0,0.0,0.0,0.0,0.0,0.0,0.0,0.0,0.0,0.0,0.0,0.0,0.0,0.0,0.0,8.0,2.0,1.0
2279,19.1205397,0,8.4071,2.0814,2.0299,1.7804,0.1788,0.0038,0.0053,0.0002,0.0345,0.0466,0.0024,0.0007,0.0098,0.0003,0.0015,0.0016,0.0005,0.0001,0.0087,0.0016,0.0005,0.0026,0.0001,0.0877,0.0184,0.0001,0.0089,0.0,125.0,0.0,62.0,63.0,56.0,0.0,0.0,0.0,0.0,0.0,0.0,0.0,0.0,0.0,0.0,0.0,0.0,0.0,0.0,0.0,0.0,0.0,0.0,8.0,2.0,1.0
2280,19.128946799999998,0,8.3365,1.9367,2.1029,1.8905,0.2654,0.0031,0.0059,0.0003,0.0593,0.0719,0.0036,0.0017,0.0215,0.0003,0.0032,0.0022,0.0002,0.0006,0.0116,0.0014,0.0005,0.0054,0.0001,0.1414,0.0346,0.0001,0.0091,0.0,125.0,0.0,62.0,63.0,56.0,0.0,0.0,0.0,0.0,0.0,0.0,0.0,0.0,0.0,0.0,0.0,0.0,0.0,0.0,0.0,0.0,0.0,0.0,8.0,2.0,1.0
2281,19.137283299999996,0,8.2847,1.971,2.0779,1.8814,0.2029,0.004,0.0082,0.0003,0.0388,0.0545,0.0025,0.0011,0.0123,0.0002,0.0018,0.0022,0.0002,0.0001,0.0096,0.0013,0.0006,0.003,0.0001,0.1016,0.0211,0.0002,0.0093,0.0,125.0,0.0,62.0,63.0,56.0,0.0,0.0,0.0,0.0,0.0,0.0,0.0,0.0,0.0,0.0,0.0,0.0,0.0,0.0,0.0,0.0,0.0,0.0,8.0,2.0,1.0
2282,19.145567999999997,0,8.4185,2.2899,1.9827,2.0224,0.1755,0.0038,0.0081,0.0003,0.0297,0.0448,0.0022,0.0009,0.0097,0.0002,0.0019,0.002,0.0001,0.0001,0.0087,0.0017,0.0005,0.0024,0.0,0.0849,0.0198,0.0001,0.0084,0.0,125.0,0.0,62.0,63.0,56.0,0.0,0.0,0.0,0.0,0.0,0.0,0.0,0.0,0.0,0.0,0.0,0.0,0.0,0.0,0.0,0.0,0.0,0.0,8.0,2.0,1.0
2283,19.1539865,0,8.3132,2.2372,2.1195,1.956,0.1956,0.0035,0.0056,0.0003,0.0292,0.0418,0.0029,0.001,0.0135,0.0001,0.0017,0.0023,0.0001,0.0001,0.0093,0.0014,0.0005,0.0027,0.0,0.0903,0.022,0.0001,0.0076,0.0,125.0,0.0,62.0,63.0,56.0,0.0,0.0,0.0,0.0,0.0,0.0,0.0,0.0,0.0,0.0,0.0,0.0,0.0,0.0,0.0,0.0,0.0,0.0,8.0,2.0,1.0
2284,19.1622997,0,8.4298,1.9674,2.2486,1.8079,0.1882,0.0031,0.0051,0.0003,0.0457,0.0564,0.0022,0.0011,0.0113,0.0001,0.0017,0.0016,0.0001,0.0001,0.0089,0.0012,0.0009,0.0024,0.0,0.0993,0.0179,0.0001,0.0096,0.0,125.0,0.0,62.0,63.0,56.0,0.0,0.0,0.0,0.0,0.0,0.0,0.0,0.0,0.0,0.0,0.0,0.0,0.0,0.0,0.0,0.0,0.0,0.0,8.0,2.0,1.0
2285,19.170729499999997,0,8.0845,2.0162,1.9555,1.8127,0.186,0.0033,0.0056,0.0009,0.0292,0.0418,0.0024,0.0009,0.0096,0.0002,0.0022,0.0015,0.0002,0.0002,0.0096,0.0013,0.0009,0.0027,0.0,0.0842,0.0222,0.0001,0.0092,0.0,125.0,0.0,62.0,63.0,56.0,0.0,0.0,0.0,0.0,0.0,0.0,0.0,0.0,0.0,0.0,0.0,0.0,0.0,0.0,0.0,0.0,0.0,0.0,8.0,2.0,1.0
2286,19.178813999999996,0,8.7266,2.1068,2.1931,1.8299,0.2436,0.0033,0.0052,0.0003,0.0524,0.0644,0.0035,0.0013,0.016,0.0002,0.0027,0.0022,0.0001,0.0006,0.0099,0.0026,0.0006,0.0055,0.0,0.125,0.0349,0.0001,0.0102,0.0,125.0,0.0,62.0,63.0,56.0,0.0,0.0,0.0,0.0,0.0,0.0,0.0,0.0,0.0,0.0,0.0,0.0,0.0,0.0,0.0,0.0,0.0,0.0,8.0,2.0,1.0
2287,19.187540599999995,0,8.0196,2.2003,2.1425,1.9813,0.176,0.0027,0.0063,0.0003,0.0277,0.0399,0.0021,0.0012,0.0102,0.0001,0.0018,0.0022,0.0001,0.0002,0.0085,0.0016,0.0006,0.0025,0.0,0.0818,0.0202,0.0001,0.0096,0.0,125.0,0.0,62.0,63.0,56.0,0.0,0.0,0.0,0.0,0.0,0.0,0.0,0.0,0.0,0.0,0.0,0.0,0.0,0.0,0.0,0.0,0.0,0.0,8.0,2.0,1.0
2288,19.195560199999996,0,8.4323,2.0264,2.0432,1.8061,0.1878,0.003,0.0068,0.0002,0.0372,0.0501,0.0031,0.0015,0.0128,0.0007,0.0016,0.0021,0.0001,0.0002,0.0089,0.0012,0.0005,0.0026,0.0,0.0951,0.0214,0.0,0.0092,0.0,125.0,0.0,62.0,63.0,56.0,0.0,0.0,0.0,0.0,0.0,0.0,0.0,0.0,0.0,0.0,0.0,0.0,0.0,0.0,0.0,0.0,0.0,0.0,8.0,2.0,1.0
2289,19.203992499999995,0,8.2276,2.0082,2.0279,1.7879,0.1706,0.003,0.005,0.0002,0.0303,0.0411,0.0023,0.0008,0.0082,0.0002,0.0018,0.0019,0.0001,0.0002,0.0086,0.0015,0.0006,0.0025,0.0,0.081,0.0188,0.0,0.0085,0.0,125.0,0.0,62.0,63.0,56.0,0.0,0.0,0.0,0.0,0.0,0.0,0.0,0.0,0.0,0.0,0.0,0.0,0.0,0.0,0.0,0.0,0.0,0.0,8.0,2.0,1.0
2290,19.212220099999996,0,8.3298,2.0012,2.0283,1.9254,0.1808,0.0031,0.0074,0.0003,0.0344,0.0477,0.0021,0.001,0.0106,0.0001,0.0024,0.0017,0.0002,0.0005,0.009,0.0012,0.0005,0.0024,0.0,0.0908,0.0195,0.0001,0.0097,0.0,125.0,0.0,62.0,63.0,56.0,0.0,0.0,0.0,0.0,0.0,0.0,0.0,0.0,0.0,0.0,0.0,0.0,0.0,0.0,0.0,0.0,0.0,0.0,8.0,2.0,1.0
2291,19.220549899999995,0,8.3723,1.8894,1.9822,1.8499,0.1824,0.0029,0.0066,0.0003,0.031,0.0436,0.0032,0.0017,0.0131,0.0001,0.0016,0.0025,0.0002,0.0002,0.0087,0.0013,0.0005,0.0025,0.0,0.0896,0.0186,0.0001,0.0086,0.0,125.0,0.0,62.0,63.0,56.0,0.0,0.0,0.0,0.0,0.0,0.0,0.0,0.0,0.0,0.0,0.0,0.0,0.0,0.0,0.0,0.0,0.0,0.0,8.0,2.0,1.0
2292,19.228922199999996,0,8.6262,2.1576,2.2456,1.8187,0.2018,0.0046,0.0078,0.0002,0.0403,0.0565,0.0022,0.001,0.0107,0.0001,0.0017,0.0023,0.0001,0.0001,0.0091,0.0013,0.0004,0.0026,0.0,0.101,0.0225,0.0,0.0094,0.0,125.0,0.0,62.0,63.0,56.0,0.0,0.0,0.0,0.0,0.0,0.0,0.0,0.0,0.0,0.0,0.0,0.0,0.0,0.0,0.0,0.0,0.0,0.0,8.0,2.0,1.0
2293,19.237548399999994,0,8.3273,1.9854,2.3721,1.8867,0.1943,0.0031,0.0053,0.0002,0.035,0.0467,0.0028,0.001,0.0124,0.0002,0.0025,0.0017,0.0001,0.0001,0.0098,0.0015,0.0006,0.003,0.0,0.0944,0.0238,0.0001,0.0088,0.0,125.0,0.0,62.0,63.0,56.0,0.0,0.0,0.0,0.0,0.0,0.0,0.0,0.0,0.0,0.0,0.0,0.0,0.0,0.0,0.0,0.0,0.0,0.0,8.0,2.0,1.0
2294,19.245875699999996,0,8.2476,1.9391,2.2492,1.7201,0.2477,0.0051,0.009,0.0003,0.0523,0.07,0.0024,0.001,0.0126,0.0002,0.002,0.0023,0.0001,0.0002,0.009,0.0015,0.0004,0.0026,0.0001,0.117,0.0241,0.0001,0.0089,0.0,125.0,0.0,62.0,63.0,56.0,0.0,0.0,0.0,0.0,0.0,0.0,0.0,0.0,0.0,0.0,0.0,0.0,0.0,0.0,0.0,0.0,0.0,0.0,8.0,2.0,1.0
2295,19.254123299999996,0,8.5221,2.0995,2.3691,1.9343,0.1949,0.003,0.0077,0.0003,0.0345,0.0484,0.002,0.001,0.0124,0.0002,0.0018,0.0023,0.0002,0.0001,0.0097,0.0013,0.0005,0.0028,0.0,0.0943,0.0194,0.0001,0.0095,0.0,125.0,0.0,62.0,63.0,56.0,0.0,0.0,0.0,0.0,0.0,0.0,0.0,0.0,0.0,0.0,0.0,0.0,0.0,0.0,0.0,0.0,0.0,0.0,8.0,2.0,1.0
2296,19.262645399999997,0,8.2544,2.0628,2.2605,2.0504,0.2555,0.0037,0.0065,0.0003,0.0539,0.0686,0.0036,0.0014,0.0153,0.0002,0.0027,0.0023,0.0001,0.0001,0.0103,0.0018,0.0005,0.0051,0.0,0.1286,0.0345,0.0001,0.0098,0.0,125.0,0.0,62.0,63.0,56.0,0.0,0.0,0.0,0.0,0.0,0.0,0.0,0.0,0.0,0.0,0.0,0.0,0.0,0.0,0.0,0.0,0.0,0.0,8.0,2.0,1.0
2297,19.270899799999995,0,8.1288,2.0938,2.2854,1.9919,0.1916,0.0034,0.008,0.0004,0.034,0.0485,0.0025,0.001,0.0108,0.0001,0.0016,0.0017,0.0001,0.0001,0.0091,0.0017,0.0005,0.0026,0.0001,0.0914,0.024,0.0001,0.0088,0.0,125.0,0.0,62.0,63.0,56.0,0.0,0.0,0.0,0.0,0.0,0.0,0.0,0.0,0.0,0.0,0.0,0.0,0.0,0.0,0.0,0.0,0.0,0.0,8.0,2.0,1.0
2298,19.279028599999997,0,8.2697,1.9994,2.152,1.8962,0.1834,0.0015,0.0077,0.0002,0.0281,0.0409,0.0025,0.001,0.0114,0.0002,0.0016,0.0019,0.0001,0.0001,0.0095,0.0015,0.001,0.0026,0.0,0.0859,0.0196,0.0001,0.0092,0.0,125.0,0.0,62.0,63.0,56.0,0.0,0.0,0.0,0.0,0.0,0.0,0.0,0.0,0.0,0.0,0.0,0.0,0.0,0.0,0.0,0.0,0.0,0.0,8.0,2.0,1.0
2299,19.287298299999996,0,8.3205,1.9826,2.0569,2.0177,0.1943,0.0037,0.0063,0.0003,0.0304,0.0435,0.0027,0.0011,0.0139,0.0001,0.0019,0.0019,0.0002,0.0001,0.0093,0.0017,0.0005,0.0028,0.0001,0.0917,0.0216,0.0,0.0097,0.0,125.0,0.0,62.0,63.0,56.0,0.0,0.0,0.0,0.0,0.0,0.0,0.0,0.0,0.0,0.0,0.0,0.0,0.0,0.0,0.0,0.0,0.0,0.0,8.0,2.0,1.0
2300,19.295618799999996,0,8.5598,1.9319,2.1879,1.8153,0.2074,0.0031,0.0068,0.0005,0.0407,0.054,0.0021,0.0009,0.0119,0.0002,0.0018,0.0021,0.0001,0.0002,0.0087,0.0018,0.0005,0.0025,0.0,0.0977,0.0225,0.0,0.01,0.0,125.0,0.0,62.0,63.0,56.0,0.0,0.0,0.0,0.0,0.0,0.0,0.0,0.0,0.0,0.0,0.0,0.0,0.0,0.0,0.0,0.0,0.0,0.0,8.0,2.0,1.0
2301,19.304178599999997,0,8.1924,2.0507,2.2117,1.8675,0.202,0.0039,0.0055,0.0003,0.0366,0.0492,0.0024,0.0013,0.0144,0.0002,0.0018,0.0019,0.0,0.0002,0.0098,0.0014,0.0005,0.0029,0.0001,0.0975,0.0226,0.0001,0.0092,0.0,125.0,0.0,62.0,63.0,56.0,0.0,0.0,0.0,0.0,0.0,0.0,0.0,0.0,0.0,0.0,0.0,0.0,0.0,0.0,0.0,0.0,0.0,0.0,8.0,2.0,1.0
2302,19.312370999999995,0,8.2614,2.2407,2.1401,1.8851,0.2104,0.004,0.0084,0.0003,0.0397,0.055,0.0025,0.0011,0.0123,0.0001,0.0017,0.0022,0.0002,0.0001,0.0097,0.0014,0.0005,0.003,0.0,0.1016,0.0223,0.0001,0.0088,0.0,125.0,0.0,62.0,63.0,56.0,0.0,0.0,0.0,0.0,0.0,0.0,0.0,0.0,0.0,0.0,0.0,0.0,0.0,0.0,0.0,0.0,0.0,0.0,8.0,2.0,1.0
2303,19.320632399999994,0,8.3038,2.0275,1.9777,1.8672,0.1741,0.0034,0.0064,0.0002,0.0289,0.0414,0.0021,0.001,0.0098,0.0001,0.0021,0.002,0.0001,0.0001,0.0091,0.0016,0.0005,0.0026,0.0,0.0818,0.0185,0.0,0.0093,0.0,125.0,0.0,62.0,63.0,56.0,0.0,0.0,0.0,0.0,0.0,0.0,0.0,0.0,0.0,0.0,0.0,0.0,0.0,0.0,0.0,0.0,0.0,0.0,8.0,2.0,1.0
2304,19.328936199999994,0,8.286,1.88,2.0633,1.8306,0.1898,0.0031,0.005,0.0002,0.0399,0.0507,0.0025,0.001,0.0139,0.0001,0.0022,0.0015,0.0001,0.0001,0.0088,0.0013,0.001,0.0028,0.0001,0.0973,0.0222,0.0001,0.0087,0.0,125.0,0.0,62.0,63.0,56.0,0.0,0.0,0.0,0.0,0.0,0.0,0.0,0.0,0.0,0.0,0.0,0.0,0.0,0.0,0.0,0.0,0.0,0.0,8.0,2.0,1.0
2305,19.337222199999992,0,8.5933,2.1041,2.1822,1.8516,0.208,0.0035,0.0092,0.0003,0.0326,0.0491,0.0028,0.0016,0.0123,0.0001,0.0024,0.0024,0.0001,0.0001,0.0098,0.0013,0.0005,0.003,0.0001,0.1012,0.0251,0.0001,0.0087,0.0,125.0,0.0,62.0,63.0,54.0,0.0,0.0,0.0,0.0,0.0,0.0,0.0,0.0,0.0,0.0,0.0,0.0,0.0,0.0,0.0,0.0,0.0,0.0,8.0,2.0,1.0
2306,19.345815499999993,0,8.2482,2.1463,2.1933,1.9435,0.1975,0.0034,0.0055,0.0002,0.0412,0.0535,0.0022,0.0011,0.0111,0.0002,0.0025,0.0018,0.0001,0.0002,0.0091,0.0013,0.001,0.0026,0.0001,0.0993,0.0202,0.0002,0.0084,0.0,125.0,0.0,62.0,63.0,54.0,0.0,0.0,0.0,0.0,0.0,0.0,0.0,0.0,0.0,0.0,0.0,0.0,0.0,0.0,0.0,0.0,0.0,0.0,8.0,2.0,1.0
2307,19.354063699999994,0,8.3114,2.1265,2.2536,1.8813,0.2167,0.0035,0.0061,0.0003,0.0305,0.0431,0.0025,0.0013,0.0142,0.0001,0.0019,0.0022,0.0001,0.0002,0.0106,0.0021,0.0006,0.0032,0.0,0.0944,0.027,0.0001,0.0099,0.0,125.0,0.0,62.0,63.0,54.0,0.0,0.0,0.0,0.0,0.0,0.0,0.0,0.0,0.0,0.0,0.0,0.0,0.0,0.0,0.0,0.0,0.0,0.0,8.0,2.0,1.0
2308,19.362375099999994,0,8.4315,2.0961,2.1733,1.933,0.1893,0.004,0.0082,0.0002,0.0361,0.0519,0.0021,0.0011,0.0108,0.0001,0.0017,0.002,0.0001,0.0001,0.0095,0.0013,0.0005,0.0025,0.0,0.094,0.0201,0.0001,0.0083,0.0,125.0,0.0,62.0,63.0,54.0,0.0,0.0,0.0,0.0,0.0,0.0,0.0,0.0,0.0,0.0,0.0,0.0,0.0,0.0,0.0,0.0,0.0,0.0,8.0,2.0,1.0
2309,19.370806599999995,0,8.2072,2.2599,2.1532,1.8745,0.202,0.0031,0.006,0.0003,0.0318,0.0437,0.0033,0.0012,0.0175,0.0001,0.0025,0.002,0.0001,0.0002,0.012,0.0017,0.0007,0.0038,0.0001,0.1025,0.0215,0.0001,0.0086,0.0,125.0,0.0,62.0,63.0,54.0,0.0,0.0,0.0,0.0,0.0,0.0,0.0,0.0,0.0,0.0,0.0,0.0,0.0,0.0,0.0,0.0,0.0,0.0,8.0,2.0,1.0
2310,19.379013799999996,0,8.3982,1.9917,2.1165,1.8631,0.1915,0.0032,0.0052,0.0007,0.0417,0.0535,0.0026,0.0011,0.0113,0.0001,0.0016,0.0019,0.0001,0.0001,0.0088,0.0013,0.0005,0.0024,0.0001,0.0965,0.02,0.0001,0.0082,0.0,125.0,0.0,62.0,63.0,54.0,0.0,0.0,0.0,0.0,0.0,0.0,0.0,0.0,0.0,0.0,0.0,0.0,0.0,0.0,0.0,0.0,0.0,0.0,8.0,2.0,1.0
2311,19.387411999999994,0,8.0361,2.0144,2.0358,1.6536,0.1852,0.0046,0.0081,0.0002,0.0278,0.0438,0.0024,0.0009,0.0114,0.0002,0.0021,0.0015,0.0001,0.0001,0.0092,0.0017,0.0005,0.0028,0.0,0.0876,0.0184,0.0,0.0082,0.0,125.0,0.0,62.0,63.0,54.0,0.0,0.0,0.0,0.0,0.0,0.0,0.0,0.0,0.0,0.0,0.0,0.0,0.0,0.0,0.0,0.0,0.0,0.0,8.0,2.0,1.0
2312,19.395448099999996,0,8.4975,1.8694,1.9585,1.7838,0.1938,0.0031,0.0051,0.0003,0.0405,0.052,0.0024,0.0009,0.0113,0.0002,0.0017,0.0022,0.0001,0.0001,0.0098,0.0013,0.0005,0.0032,0.0,0.0987,0.0232,0.0002,0.0086,0.0,125.0,0.0,62.0,63.0,54.0,0.0,0.0,0.0,0.0,0.0,0.0,0.0,0.0,0.0,0.0,0.0,0.0,0.0,0.0,0.0,0.0,0.0,0.0,8.0,2.0,1.0
2313,19.403945599999997,0,8.4831,1.8825,2.0943,1.8733,0.1829,0.0035,0.0076,0.0002,0.0326,0.0464,0.0023,0.0009,0.0111,0.0001,0.0018,0.0021,0.0001,0.0002,0.0088,0.0013,0.0006,0.0028,0.0001,0.09,0.0193,0.0001,0.0087,0.0,125.0,0.0,62.0,63.0,54.0,0.0,0.0,0.0,0.0,0.0,0.0,0.0,0.0,0.0,0.0,0.0,0.0,0.0,0.0,0.0,0.0,0.0,0.0,8.0,2.0,1.0
2314,19.412428699999996,0,8.3022,1.9468,2.2651,1.8035,0.2009,0.0036,0.0058,0.0002,0.04,0.0535,0.0026,0.0008,0.0126,0.0001,0.0017,0.0022,0.0,0.0001,0.0095,0.0015,0.0005,0.0027,0.0001,0.1,0.0211,0.0001,0.0085,0.0,125.0,0.0,62.0,63.0,54.0,0.0,0.0,0.0,0.0,0.0,0.0,0.0,0.0,0.0,0.0,0.0,0.0,0.0,0.0,0.0,0.0,0.0,0.0,8.0,2.0,1.0
2315,19.420730899999995,0,8.3182,1.9692,2.0298,1.7494,0.1689,0.0029,0.007,0.0002,0.0265,0.0396,0.002,0.0006,0.0092,0.0001,0.0021,0.0016,0.0006,0.0001,0.0089,0.0014,0.0005,0.0024,0.0,0.0796,0.0196,0.0001,0.0092,0.0,125.0,0.0,62.0,63.0,54.0,0.0,0.0,0.0,0.0,0.0,0.0,0.0,0.0,0.0,0.0,0.0,0.0,0.0,0.0,0.0,0.0,0.0,0.0,8.0,2.0,1.0
2316,19.429049099999997,0,8.373,1.9094,2.3292,1.7907,0.2034,0.0037,0.0078,0.0003,0.0443,0.0586,0.0023,0.0007,0.011,0.0002,0.0018,0.0022,0.0001,0.0002,0.0092,0.0013,0.0005,0.003,0.0001,0.1035,0.02,0.0002,0.0093,0.0,125.0,0.0,62.0,63.0,54.0,0.0,0.0,0.0,0.0,0.0,0.0,0.0,0.0,0.0,0.0,0.0,0.0,0.0,0.0,0.0,0.0,0.0,0.0,8.0,2.0,1.0
2317,19.437422099999996,0,8.0986,1.9361,2.0556,1.8157,0.1776,0.0029,0.0055,0.0002,0.0317,0.0436,0.0023,0.001,0.0118,0.0002,0.0017,0.0019,0.0001,0.0001,0.0094,0.0014,0.0006,0.0028,0.0,0.0892,0.0195,0.0006,0.0086,0.0,125.0,0.0,62.0,63.0,54.0,0.0,0.0,0.0,0.0,0.0,0.0,0.0,0.0,0.0,0.0,0.0,0.0,0.0,0.0,0.0,0.0,0.0,0.0,8.0,2.0,1.0
2318,19.445520699999996,0,8.395,1.7631,2.0189,1.7496,0.1666,0.0028,0.005,0.0002,0.0393,0.0495,0.0019,0.0006,0.0098,0.0001,0.0018,0.0014,0.0,0.0001,0.0081,0.0011,0.0005,0.0023,0.0001,0.0872,0.0186,0.0001,0.0076,0.0,125.0,0.0,62.0,63.0,54.0,0.0,0.0,0.0,0.0,0.0,0.0,0.0,0.0,0.0,0.0,0.0,0.0,0.0,0.0,0.0,0.0,0.0,0.0,8.0,2.0,1.0
2319,19.453915699999996,0,8.457,1.8526,2.0227,1.7487,0.1757,0.0037,0.007,0.0002,0.03,0.0433,0.002,0.0013,0.0113,0.0001,0.0016,0.0018,0.0006,0.0001,0.0087,0.0012,0.0005,0.0024,0.0,0.0854,0.0193,0.0002,0.0095,0.0,125.0,0.0,62.0,63.0,54.0,0.0,0.0,0.0,0.0,0.0,0.0,0.0,0.0,0.0,0.0,0.0,0.0,0.0,0.0,0.0,0.0,0.0,0.0,8.0,2.0,1.0
2320,19.462372699999996,0,8.266,1.9054,2.1847,1.7801,0.1898,0.0027,0.0052,0.0002,0.0466,0.0568,0.0027,0.0009,0.0111,0.0002,0.0014,0.0021,0.0001,0.0001,0.0089,0.0013,0.0005,0.0025,0.0,0.0994,0.0209,0.0001,0.0093,0.0,125.0,0.0,62.0,63.0,54.0,0.0,0.0,0.0,0.0,0.0,0.0,0.0,0.0,0.0,0.0,0.0,0.0,0.0,0.0,0.0,0.0,0.0,0.0,8.0,2.0,1.0
2321,19.470638699999995,0,8.5245,1.7642,2.2177,1.7378,0.195,0.0034,0.0071,0.0003,0.0288,0.0429,0.0021,0.0009,0.0109,0.0001,0.0022,0.0017,0.0007,0.0002,0.0098,0.0015,0.0012,0.0027,0.0,0.0903,0.0258,0.0004,0.0092,0.0,125.0,0.0,62.0,63.0,54.0,0.0,0.0,0.0,0.0,0.0,0.0,0.0,0.0,0.0,0.0,0.0,0.0,0.0,0.0,0.0,0.0,0.0,0.0,8.0,2.0,1.0
2322,19.479163199999995,0,8.0576,1.9148,2.0661,1.7378,0.1868,0.0028,0.0051,0.0003,0.0421,0.0526,0.0024,0.0007,0.0118,0.0001,0.0015,0.0019,0.0001,0.0001,0.0111,0.0013,0.0009,0.0026,0.0001,0.0985,0.0214,0.0,0.0091,0.0,125.0,0.0,62.0,63.0,54.0,0.0,0.0,0.0,0.0,0.0,0.0,0.0,0.0,0.0,0.0,0.0,0.0,0.0,0.0,0.0,0.0,0.0,0.0,8.0,2.0,1.0
2323,19.487220799999996,0,8.5298,1.806,2.1139,1.7229,0.1754,0.0033,0.0079,0.0002,0.0203,0.0347,0.0023,0.0009,0.0113,0.0001,0.0015,0.0021,0.0001,0.0001,0.0097,0.0013,0.0005,0.0026,0.0,0.0792,0.0197,0.0,0.0082,0.0,125.0,0.0,62.0,63.0,54.0,0.0,0.0,0.0,0.0,0.0,0.0,0.0,0.0,0.0,0.0,0.0,0.0,0.0,0.0,0.0,0.0,0.0,0.0,8.0,2.0,1.0
2324,19.495750599999997,0,8.5776,2.2915,2.3493,2.016,0.215,0.0037,0.0056,0.0003,0.0461,0.0586,0.0026,0.0011,0.0128,0.0002,0.0025,0.0018,0.0002,0.0001,0.0093,0.002,0.0005,0.003,0.0001,0.1078,0.0236,0.0001,0.0089,0.0,125.0,0.0,62.0,63.0,54.0,0.0,0.0,0.0,0.0,0.0,0.0,0.0,0.0,0.0,0.0,0.0,0.0,0.0,0.0,0.0,0.0,0.0,0.0,8.0,2.0,1.0
2325,19.504328199999996,0,8.0239,2.1813,2.1659,1.8487,0.1876,0.003,0.0052,0.0003,0.0369,0.0479,0.0028,0.0016,0.0128,0.0002,0.0018,0.0023,0.0001,0.0001,0.0099,0.0013,0.0006,0.0028,0.0001,0.0958,0.0198,0.0,0.0089,0.0,125.0,0.0,62.0,63.0,54.0,0.0,0.0,0.0,0.0,0.0,0.0,0.0,0.0,0.0,0.0,0.0,0.0,0.0,0.0,0.0,0.0,0.0,0.0,8.0,2.0,1.0
2326,19.512352099999998,0,8.2825,1.9164,2.2576,1.8627,0.1897,0.0029,0.007,0.0002,0.0364,0.0495,0.0025,0.0011,0.0117,0.0001,0.0022,0.0018,0.0001,0.0005,0.01,0.0013,0.0005,0.0025,0.0,0.0938,0.0218,0.0,0.0094,0.0,125.0,0.0,62.0,63.0,54.0,0.0,0.0,0.0,0.0,0.0,0.0,0.0,0.0,0.0,0.0,0.0,0.0,0.0,0.0,0.0,0.0,0.0,0.0,8.0,2.0,1.0
2327,19.520634599999998,0,8.4656,2.0656,2.0994,2.0488,0.2123,0.0034,0.0064,0.0005,0.034,0.0481,0.0031,0.0012,0.0143,0.0001,0.003,0.002,0.0001,0.0001,0.0105,0.0015,0.0005,0.0032,0.0,0.1018,0.0234,0.0002,0.0087,0.0,125.0,0.0,62.0,63.0,54.0,0.0,0.0,0.0,0.0,0.0,0.0,0.0,0.0,0.0,0.0,0.0,0.0,0.0,0.0,0.0,0.0,0.0,0.0,8.0,2.0,1.0
2328,19.5291002,0,8.65,2.2941,2.4932,2.3804,0.2153,0.0027,0.0053,0.0003,0.0457,0.0573,0.0027,0.0014,0.0143,0.0001,0.0031,0.0026,0.0001,0.0001,0.0106,0.002,0.0006,0.0027,0.0,0.1082,0.022,0.0001,0.0092,0.0,125.0,0.0,62.0,63.0,56.0,0.0,0.0,0.0,0.0,0.0,0.0,0.0,0.0,0.0,0.0,0.0,0.0,0.0,0.0,0.0,0.0,0.0,0.0,8.0,2.0,1.0
2329,19.537750199999998,0,8.0925,2.2579,2.3512,1.7751,0.2009,0.0041,0.0053,0.0003,0.0333,0.0463,0.0032,0.001,0.014,0.0001,0.0025,0.0019,0.0006,0.0001,0.0095,0.0015,0.0005,0.003,0.0001,0.0968,0.0247,0.0001,0.0097,0.0,125.0,0.0,62.0,63.0,56.0,0.0,0.0,0.0,0.0,0.0,0.0,0.0,0.0,0.0,0.0,0.0,0.0,0.0,0.0,0.0,0.0,0.0,0.0,8.0,2.0,1.0
2330,19.545842699999998,0,8.3168,2.1685,2.2212,1.9058,0.1929,0.0032,0.0074,0.0003,0.037,0.0514,0.0024,0.0015,0.0117,0.0001,0.0017,0.0022,0.0001,0.0001,0.0096,0.0012,0.0005,0.0029,0.0001,0.0956,0.0203,0.0001,0.0096,0.0,125.0,0.0,62.0,63.0,56.0,0.0,0.0,0.0,0.0,0.0,0.0,0.0,0.0,0.0,0.0,0.0,0.0,0.0,0.0,0.0,0.0,0.0,0.0,8.0,2.0,1.0
2331,19.554159499999997,0,8.1911,2.0129,2.1575,1.8289,0.1859,0.0028,0.0051,0.0002,0.0386,0.0491,0.0023,0.0009,0.0125,0.0002,0.0021,0.0018,0.0001,0.0001,0.0091,0.0019,0.0005,0.0028,0.0,0.0959,0.0209,0.0001,0.0094,0.0,125.0,0.0,62.0,63.0,56.0,0.0,0.0,0.0,0.0,0.0,0.0,0.0,0.0,0.0,0.0,0.0,0.0,0.0,0.0,0.0,0.0,0.0,0.0,8.0,2.0,1.0
2332,19.5623506,0,8.3107,1.8767,2.1753,1.9022,0.2474,0.0038,0.0063,0.0003,0.0546,0.0679,0.0036,0.002,0.017,0.0002,0.0023,0.0022,0.0001,0.0001,0.0104,0.0017,0.0005,0.005,0.0,0.13,0.0323,0.0001,0.0097,0.0,125.0,0.0,62.0,63.0,56.0,0.0,0.0,0.0,0.0,0.0,0.0,0.0,0.0,0.0,0.0,0.0,0.0,0.0,0.0,0.0,0.0,0.0,0.0,8.0,2.0,1.0
2333,19.570661299999998,0,8.3731,1.988,2.0261,1.739,0.1959,0.0038,0.0077,0.0001,0.0289,0.0428,0.002,0.001,0.0107,0.0001,0.0018,0.0018,0.0001,0.0001,0.0086,0.0012,0.0005,0.0026,0.0,0.0837,0.0367,0.0001,0.0084,0.0,125.0,0.0,62.0,63.0,56.0,0.0,0.0,0.0,0.0,0.0,0.0,0.0,0.0,0.0,0.0,0.0,0.0,0.0,0.0,0.0,0.0,0.0,0.0,8.0,2.0,1.0
2334,19.579034399999998,0,8.1125,1.9227,2.08,1.9776,0.2071,0.003,0.0054,0.0002,0.0446,0.0562,0.0028,0.0011,0.0141,0.0003,0.0016,0.0012,0.0001,0.0001,0.0087,0.0011,0.0004,0.0043,0.0001,0.1054,0.0298,0.0001,0.0097,0.0,125.0,0.0,62.0,63.0,56.0,0.0,0.0,0.0,0.0,0.0,0.0,0.0,0.0,0.0,0.0,0.0,0.0,0.0,0.0,0.0,0.0,0.0,0.0,8.0,2.0,1.0
2335,19.587146899999997,0,8.6086,1.9808,2.0933,1.7538,0.2002,0.0048,0.0078,0.0002,0.0351,0.0507,0.0022,0.0012,0.0123,0.0001,0.0019,0.0023,0.0002,0.0002,0.01,0.0014,0.0005,0.0025,0.0001,0.0968,0.0216,0.0001,0.0105,0.0,125.0,0.0,62.0,63.0,56.0,0.0,0.0,0.0,0.0,0.0,0.0,0.0,0.0,0.0,0.0,0.0,0.0,0.0,0.0,0.0,0.0,0.0,0.0,8.0,2.0,1.0
2336,19.595755499999996,0,8.4842,2.1712,2.273,2.0591,0.2017,0.0039,0.0058,0.0002,0.0439,0.0567,0.0028,0.0008,0.0105,0.0001,0.0018,0.0019,0.0001,0.0002,0.009,0.0013,0.0004,0.0025,0.0,0.0982,0.0236,0.0001,0.0108,0.0,125.0,0.0,62.0,63.0,56.0,0.0,0.0,0.0,0.0,0.0,0.0,0.0,0.0,0.0,0.0,0.0,0.0,0.0,0.0,0.0,0.0,0.0,0.0,8.0,2.0,1.0
2337,19.604239699999997,0,8.2059,2.0999,2.2683,1.8326,0.2031,0.0037,0.0065,0.0004,0.0353,0.0484,0.0027,0.001,0.0137,0.0001,0.0024,0.0021,0.0001,0.0001,0.0094,0.0019,0.0005,0.003,0.0001,0.0987,0.0222,0.0,0.0088,0.0,125.0,0.0,62.0,63.0,56.0,0.0,0.0,0.0,0.0,0.0,0.0,0.0,0.0,0.0,0.0,0.0,0.0,0.0,0.0,0.0,0.0,0.0,0.0,8.0,2.0,1.0
2338,19.612445599999997,0,8.5504,2.024,2.4165,1.8035,0.2021,0.0038,0.0089,0.0004,0.0391,0.0559,0.0027,0.001,0.0114,0.0001,0.0025,0.0018,0.0001,0.0007,0.0093,0.0012,0.0008,0.0025,0.0,0.101,0.0209,0.0001,0.0087,0.0,125.0,0.0,62.0,63.0,56.0,0.0,0.0,0.0,0.0,0.0,0.0,0.0,0.0,0.0,0.0,0.0,0.0,0.0,0.0,0.0,0.0,0.0,0.0,8.0,2.0,1.0
2339,19.620995999999998,0,8.1118,2.099,2.2468,1.9413,0.2223,0.0045,0.0096,0.0003,0.0217,0.0395,0.0029,0.0012,0.0144,0.0002,0.0026,0.0025,0.0001,0.0002,0.0132,0.0016,0.0008,0.0035,0.0,0.0975,0.0245,0.0,0.0081,0.0,125.0,0.0,62.0,63.0,56.0,0.0,0.0,0.0,0.0,0.0,0.0,0.0,0.0,0.0,0.0,0.0,0.0,0.0,0.0,0.0,0.0,0.0,0.0,8.0,2.0,1.0
2340,19.629107799999996,0,8.3354,2.0597,2.2077,1.7575,0.2042,0.0038,0.0062,0.0002,0.0442,0.058,0.0023,0.0013,0.0121,0.0001,0.0017,0.0024,0.0002,0.0002,0.0103,0.0013,0.0004,0.003,0.0,0.1055,0.0217,0.0002,0.0088,0.0,125.0,0.0,62.0,63.0,56.0,0.0,0.0,0.0,0.0,0.0,0.0,0.0,0.0,0.0,0.0,0.0,0.0,0.0,0.0,0.0,0.0,0.0,0.0,8.0,2.0,1.0
2341,19.637443199999996,0,8.278,2.2386,2.2425,1.976,0.1801,0.0036,0.0066,0.0003,0.0278,0.0418,0.0026,0.0011,0.0114,0.0001,0.0024,0.0017,0.0006,0.0002,0.0094,0.0018,0.0005,0.0028,0.0,0.086,0.0201,0.0001,0.0076,0.0,125.0,0.0,62.0,63.0,56.0,0.0,0.0,0.0,0.0,0.0,0.0,0.0,0.0,0.0,0.0,0.0,0.0,0.0,0.0,0.0,0.0,0.0,0.0,8.0,2.0,1.0
2342,19.645721199999997,0,8.3062,1.9602,2.0438,1.7637,0.1947,0.0031,0.0055,0.0002,0.0439,0.0552,0.0027,0.0012,0.0118,0.0001,0.002,0.0017,0.0001,0.0002,0.0094,0.0012,0.0008,0.0028,0.0,0.1001,0.0222,0.0001,0.0079,0.0,125.0,0.0,62.0,63.0,56.0,0.0,0.0,0.0,0.0,0.0,0.0,0.0,0.0,0.0,0.0,0.0,0.0,0.0,0.0,0.0,0.0,0.0,0.0,8.0,2.0,1.0
2343,19.654027399999997,0,8.2523,1.9302,2.1594,1.7164,0.1856,0.0032,0.0065,0.0004,0.0331,0.0462,0.0028,0.001,0.0138,0.0003,0.002,0.0017,0.0,0.0001,0.0095,0.0014,0.0011,0.0029,0.0,0.0939,0.0218,0.0001,0.0084,0.0,125.0,0.0,62.0,63.0,56.0,0.0,0.0,0.0,0.0,0.0,0.0,0.0,0.0,0.0,0.0,0.0,0.0,0.0,0.0,0.0,0.0,0.0,0.0,8.0,2.0,1.0
2344,19.662279699999996,0,8.3788,1.7771,1.9653,1.6043,0.1865,0.0032,0.0074,0.0002,0.0345,0.0479,0.0025,0.001,0.0118,0.0001,0.0017,0.0023,0.0001,0.0001,0.0086,0.0018,0.0005,0.0028,0.0,0.0923,0.0192,0.0001,0.0104,0.0,125.0,0.0,62.0,63.0,56.0,0.0,0.0,0.0,0.0,0.0,0.0,0.0,0.0,0.0,0.0,0.0,0.0,0.0,0.0,0.0,0.0,0.0,0.0,8.0,2.0,1.0
2345,19.670658499999995,0,8.2436,1.7802,2.0683,1.7691,0.1612,0.0026,0.0049,0.0002,0.0319,0.0418,0.0024,0.0007,0.0096,0.0001,0.0016,0.0016,0.0,0.0001,0.0085,0.0011,0.0009,0.0024,0.0001,0.0808,0.0192,0.0,0.0082,0.0,125.0,0.0,62.0,63.0,56.0,0.0,0.0,0.0,0.0,0.0,0.0,0.0,0.0,0.0,0.0,0.0,0.0,0.0,0.0,0.0,0.0,0.0,0.0,8.0,2.0,1.0
2346,19.678902099999995,0,8.2072,1.8403,1.9961,1.6179,0.1738,0.0028,0.006,0.0001,0.0386,0.0502,0.0024,0.0007,0.0115,0.0002,0.0016,0.0013,0.0001,0.0002,0.0086,0.0012,0.001,0.0026,0.0001,0.0921,0.0193,0.0001,0.0084,0.0,125.0,0.0,62.0,63.0,56.0,0.0,0.0,0.0,0.0,0.0,0.0,0.0,0.0,0.0,0.0,0.0,0.0,0.0,0.0,0.0,0.0,0.0,0.0,8.0,2.0,1.0
2347,19.687109299999996,0,8.3281,1.9629,1.9473,1.6645,0.1667,0.0031,0.0055,0.0002,0.03,0.0413,0.0024,0.0008,0.0119,0.0002,0.0015,0.0012,0.0,0.0001,0.009,0.0012,0.0008,0.0028,0.0,0.0836,0.019,0.0001,0.009,0.0,125.0,0.0,62.0,63.0,56.0,0.0,0.0,0.0,0.0,0.0,0.0,0.0,0.0,0.0,0.0,0.0,0.0,0.0,0.0,0.0,0.0,0.0,0.0,8.0,2.0,1.0
2348,19.695437399999996,0,8.6203,1.9214,1.979,1.7027,0.2009,0.0036,0.0053,0.0002,0.0416,0.0536,0.0025,0.0011,0.0124,0.0001,0.0017,0.0022,0.0001,0.0001,0.0101,0.0013,0.0005,0.0027,0.0,0.1043,0.0221,0.0001,0.0084,0.0,125.0,0.0,62.0,63.0,56.0,0.0,0.0,0.0,0.0,0.0,0.0,0.0,0.0,0.0,0.0,0.0,0.0,0.0,0.0,0.0,0.0,0.0,0.0,8.0,2.0,1.0
2349,19.704057699999996,0,8.1645,1.8846,1.9946,1.7519,0.1644,0.003,0.0059,0.0001,0.026,0.0383,0.0019,0.0008,0.0106,0.0002,0.0021,0.0017,0.0001,0.0002,0.0091,0.0012,0.0005,0.0024,0.0,0.0781,0.0188,0.0,0.01,0.0,125.0,0.0,62.0,63.0,56.0,0.0,0.0,0.0,0.0,0.0,0.0,0.0,0.0,0.0,0.0,0.0,0.0,0.0,0.0,0.0,0.0,0.0,0.0,8.0,2.0,1.0
2350,19.712222199999996,0,8.0909,1.9482,1.9334,1.7405,0.1778,0.0028,0.0051,0.0003,0.0423,0.0529,0.0031,0.0007,0.0118,0.0001,0.0016,0.0014,0.0001,0.0001,0.0085,0.0012,0.0005,0.0028,0.0,0.0945,0.0209,0.0001,0.0082,0.0,125.0,0.0,62.0,63.0,56.0,0.0,0.0,0.0,0.0,0.0,0.0,0.0,0.0,0.0,0.0,0.0,0.0,0.0,0.0,0.0,0.0,0.0,0.0,8.0,2.0,1.0
2351,19.720313099999995,0,8.4541,1.9038,1.7641,1.6191,0.1627,0.0026,0.0046,0.0002,0.0309,0.0403,0.0024,0.0007,0.0114,0.0002,0.0014,0.0014,0.0,0.0001,0.0085,0.0013,0.0011,0.0024,0.0,0.0809,0.0195,0.0001,0.0087,0.0,125.0,0.0,62.0,63.0,56.0,0.0,0.0,0.0,0.0,0.0,0.0,0.0,0.0,0.0,0.0,0.0,0.0,0.0,0.0,0.0,0.0,0.0,0.0,8.0,2.0,1.0
2352,19.728767199999997,0,8.3559,1.7473,1.904,1.7806,0.1819,0.003,0.0053,0.0003,0.0419,0.0534,0.0027,0.0014,0.013,0.0001,0.0015,0.0016,0.0001,0.0001,0.0088,0.0017,0.0005,0.0031,0.0,0.0983,0.0189,0.0001,0.0086,0.0,125.0,0.0,62.0,63.0,56.0,0.0,0.0,0.0,0.0,0.0,0.0,0.0,0.0,0.0,0.0,0.0,0.0,0.0,0.0,0.0,0.0,0.0,0.0,8.0,2.0,1.0
2353,19.737123099999998,0,8.2699,1.8494,1.8043,1.82,0.1679,0.0028,0.0045,0.0002,0.033,0.0428,0.0023,0.0007,0.0101,0.0001,0.0014,0.0021,0.0,0.0001,0.0087,0.0017,0.0004,0.0027,0.0,0.0845,0.0202,0.0002,0.0091,0.0,125.0,0.0,62.0,63.0,56.0,0.0,0.0,0.0,0.0,0.0,0.0,0.0,0.0,0.0,0.0,0.0,0.0,0.0,0.0,0.0,0.0,0.0,0.0,8.0,2.0,1.0
2354,19.745392999999996,0,8.4641,2.0028,1.9313,1.8549,0.1726,0.0027,0.0058,0.0002,0.0393,0.0499,0.0029,0.0008,0.0117,0.0001,0.0016,0.0014,0.0001,0.0001,0.0085,0.0012,0.0005,0.0027,0.0001,0.0917,0.0192,0.0,0.0114,0.0,125.0,0.0,62.0,63.0,56.0,0.0,0.0,0.0,0.0,0.0,0.0,0.0,0.0,0.0,0.0,0.0,0.0,0.0,0.0,0.0,0.0,0.0,0.0,8.0,2.0,1.0
2355,19.753857099999998,0,8.4878,1.7503,2.0394,1.7234,0.171,0.0027,0.0047,0.0002,0.0314,0.0412,0.003,0.0008,0.0126,0.0002,0.0015,0.0021,0.0,0.0001,0.0087,0.0015,0.0005,0.0031,0.0001,0.0859,0.0206,0.0001,0.0094,0.0,125.0,0.0,62.0,63.0,56.0,0.0,0.0,0.0,0.0,0.0,0.0,0.0,0.0,0.0,0.0,0.0,0.0,0.0,0.0,0.0,0.0,0.0,0.0,8.0,2.0,1.0
2356,19.7623449,0,8.1796,1.887,1.9836,1.6022,0.1856,0.0028,0.0047,0.0002,0.0479,0.0581,0.0031,0.0007,0.0126,0.0002,0.0019,0.0017,0.0,0.0001,0.0087,0.0014,0.001,0.0028,0.0,0.102,0.0196,0.0,0.0087,0.0,125.0,0.0,62.0,63.0,56.0,0.0,0.0,0.0,0.0,0.0,0.0,0.0,0.0,0.0,0.0,0.0,0.0,0.0,0.0,0.0,0.0,0.0,0.0,8.0,2.0,1.0
2357,19.770524499999997,0,8.3848,1.8519,1.9524,1.7187,0.1588,0.0036,0.0066,0.0001,0.0271,0.0396,0.002,0.0009,0.0097,0.0001,0.0019,0.0015,0.0001,0.0001,0.0092,0.0012,0.0004,0.0028,0.0,0.0778,0.0172,0.0,0.0073,0.0,125.0,0.0,62.0,63.0,56.0,0.0,0.0,0.0,0.0,0.0,0.0,0.0,0.0,0.0,0.0,0.0,0.0,0.0,0.0,0.0,0.0,0.0,0.0,8.0,2.0,1.0
2358,19.7789093,0,8.4987,1.8849,2.0558,1.7035,0.1779,0.0032,0.0076,0.0002,0.0355,0.0497,0.0027,0.0009,0.0107,0.0001,0.0021,0.0016,0.0001,0.0001,0.0091,0.0013,0.0005,0.0027,0.0,0.0912,0.017,0.0001,0.0101,0.0,125.0,0.0,62.0,63.0,56.0,0.0,0.0,0.0,0.0,0.0,0.0,0.0,0.0,0.0,0.0,0.0,0.0,0.0,0.0,0.0,0.0,0.0,0.0,8.0,2.0,1.0
2359,19.787408,0,7.8844,1.7755,1.9133,1.788,0.1765,0.0036,0.0061,0.0002,0.0327,0.045,0.0028,0.0008,0.0111,0.0002,0.0014,0.002,0.0001,0.0001,0.0087,0.0013,0.0005,0.0026,0.0,0.0865,0.0193,0.0001,0.0091,0.0,125.0,0.0,62.0,63.0,56.0,0.0,0.0,0.0,0.0,0.0,0.0,0.0,0.0,0.0,0.0,0.0,0.0,0.0,0.0,0.0,0.0,0.0,0.0,8.0,2.0,1.0
2360,19.795292399999997,0,8.5572,1.9011,1.8549,1.7385,0.1717,0.0033,0.0051,0.0001,0.0388,0.0499,0.0022,0.0008,0.0108,0.0002,0.0018,0.0014,0.0,0.0001,0.0092,0.0011,0.0005,0.0027,0.0,0.0906,0.0183,0.0001,0.0109,0.0,125.0,0.0,62.0,63.0,56.0,0.0,0.0,0.0,0.0,0.0,0.0,0.0,0.0,0.0,0.0,0.0,0.0,0.0,0.0,0.0,0.0,0.0,0.0,8.0,2.0,1.0
2361,19.803849599999996,0,8.2192,1.8938,1.8132,1.706,0.1619,0.0027,0.0049,0.0003,0.0301,0.0401,0.0021,0.0006,0.0074,0.0002,0.0019,0.0014,0.0001,0.0002,0.0092,0.0012,0.0009,0.0028,0.0001,0.08,0.0182,0.0,0.0086,0.0,125.0,0.0,62.0,63.0,56.0,0.0,0.0,0.0,0.0,0.0,0.0,0.0,0.0,0.0,0.0,0.0,0.0,0.0,0.0,0.0,0.0,0.0,0.0,8.0,2.0,1.0
2362,19.812068799999995,0,8.3015,1.7507,1.7877,1.6195,0.1622,0.0026,0.0065,0.0002,0.0346,0.0473,0.002,0.0007,0.0095,0.0001,0.0019,0.0013,0.0,0.0001,0.0089,0.0016,0.0005,0.0025,0.0001,0.0856,0.0149,0.0,0.0084,0.0,125.0,0.0,62.0,63.0,56.0,0.0,0.0,0.0,0.0,0.0,0.0,0.0,0.0,0.0,0.0,0.0,0.0,0.0,0.0,0.0,0.0,0.0,0.0,8.0,2.0,1.0
2363,19.820370299999997,0,8.4254,1.7889,1.8434,1.8969,0.1653,0.0034,0.0076,0.0002,0.0236,0.0375,0.0024,0.0007,0.0086,0.0001,0.0017,0.0013,0.0006,0.0001,0.0085,0.0012,0.0007,0.0029,0.0,0.077,0.0188,0.0001,0.009,0.0,125.0,0.0,62.0,63.0,56.0,0.0,0.0,0.0,0.0,0.0,0.0,0.0,0.0,0.0,0.0,0.0,0.0,0.0,0.0,0.0,0.0,0.0,0.0,8.0,2.0,1.0
2364,19.828795699999997,0,8.3181,1.6973,1.8357,1.6942,0.1827,0.0026,0.0065,0.0002,0.04,0.0513,0.0026,0.0007,0.0121,0.0001,0.0015,0.002,0.0002,0.0002,0.0083,0.0019,0.0006,0.0027,0.0,0.0953,0.0196,0.0,0.0085,0.0,125.0,0.0,62.0,63.0,56.0,0.0,0.0,0.0,0.0,0.0,0.0,0.0,0.0,0.0,0.0,0.0,0.0,0.0,0.0,0.0,0.0,0.0,0.0,8.0,2.0,1.0
2365,19.837113799999997,0,8.365,1.931,1.9015,1.8152,0.1745,0.003,0.0045,0.0001,0.0316,0.042,0.0023,0.0007,0.0129,0.0002,0.0015,0.0022,0.0001,0.0001,0.0079,0.0017,0.0005,0.0029,0.0,0.086,0.0207,0.0,0.0093,0.0,125.0,0.0,62.0,63.0,56.0,0.0,0.0,0.0,0.0,0.0,0.0,0.0,0.0,0.0,0.0,0.0,0.0,0.0,0.0,0.0,0.0,0.0,0.0,8.0,2.0,1.0
2366,19.8454788,0,8.2598,1.8288,1.8332,1.7119,0.1736,0.0025,0.0045,0.0001,0.0417,0.051,0.0029,0.0006,0.0113,0.0002,0.0017,0.0014,0.0001,0.0001,0.0088,0.0012,0.0005,0.0027,0.0,0.0935,0.0194,0.0001,0.0078,0.0,125.0,0.0,62.0,63.0,56.0,0.0,0.0,0.0,0.0,0.0,0.0,0.0,0.0,0.0,0.0,0.0,0.0,0.0,0.0,0.0,0.0,0.0,0.0,8.0,2.0,1.0
2367,19.8537386,0,8.2673,1.894,1.7389,1.7284,0.1537,0.003,0.0057,0.0002,0.0267,0.0376,0.0019,0.0005,0.0087,0.0001,0.002,0.0014,0.0001,0.0007,0.0087,0.0012,0.0005,0.0024,0.0,0.0746,0.0176,0.0,0.009,0.0,125.0,0.0,62.0,63.0,56.0,0.0,0.0,0.0,0.0,0.0,0.0,0.0,0.0,0.0,0.0,0.0,0.0,0.0,0.0,0.0,0.0,0.0,0.0,8.0,2.0,1.0
2368,19.8620059,0,8.4133,1.7254,1.831,1.7932,0.176,0.0027,0.0049,0.0002,0.0404,0.0506,0.0025,0.0008,0.0111,0.0001,0.0016,0.0022,0.0001,0.0001,0.0082,0.0016,0.0005,0.0027,0.0,0.0926,0.019,0.0002,0.0088,0.0,125.0,0.0,62.0,63.0,56.0,0.0,0.0,0.0,0.0,0.0,0.0,0.0,0.0,0.0,0.0,0.0,0.0,0.0,0.0,0.0,0.0,0.0,0.0,8.0,2.0,1.0
2369,19.8704192,0,8.3904,1.7085,1.8386,1.7756,0.172,0.0027,0.0047,0.0002,0.0368,0.0467,0.0025,0.0011,0.0111,0.0002,0.0018,0.0015,0.0001,0.0001,0.008,0.0013,0.0005,0.0027,0.0,0.0881,0.0207,0.0001,0.0085,0.0,125.0,0.0,62.0,63.0,56.0,0.0,0.0,0.0,0.0,0.0,0.0,0.0,0.0,0.0,0.0,0.0,0.0,0.0,0.0,0.0,0.0,0.0,0.0,8.0,2.0,1.0
2370,19.8788096,0,8.3415,1.8203,1.9235,1.7283,0.1754,0.0031,0.0061,0.0002,0.0406,0.0523,0.002,0.0007,0.0103,0.0001,0.0019,0.0015,0.0001,0.0001,0.0086,0.0012,0.0004,0.0025,0.0001,0.0923,0.0189,0.0001,0.0081,0.0,125.0,0.0,62.0,63.0,56.0,0.0,0.0,0.0,0.0,0.0,0.0,0.0,0.0,0.0,0.0,0.0,0.0,0.0,0.0,0.0,0.0,0.0,0.0,8.0,2.0,1.0
2371,19.8871511,0,8.3013,1.7678,1.8478,1.7626,0.1587,0.0028,0.0059,0.0003,0.0273,0.0389,0.0018,0.0006,0.01,0.0001,0.002,0.0016,0.0001,0.0001,0.0087,0.0012,0.0005,0.0027,0.0,0.0779,0.0154,0.0001,0.0085,0.0,125.0,0.0,62.0,63.0,56.0,0.0,0.0,0.0,0.0,0.0,0.0,0.0,0.0,0.0,0.0,0.0,0.0,0.0,0.0,0.0,0.0,0.0,0.0,8.0,2.0,1.0
2372,19.8954524,0,8.5728,1.8333,1.9758,1.7813,0.2009,0.0051,0.008,0.0003,0.0417,0.0576,0.0027,0.0009,0.0115,0.0001,0.0021,0.0017,0.0001,0.0001,0.0089,0.0013,0.001,0.0029,0.0001,0.1016,0.0202,0.0001,0.0099,0.0,125.0,0.0,62.0,63.0,56.0,0.0,0.0,0.0,0.0,0.0,0.0,0.0,0.0,0.0,0.0,0.0,0.0,0.0,0.0,0.0,0.0,0.0,0.0,8.0,2.0,1.0
2373,19.9040252,0,8.1494,1.8922,2.0415,1.7607,0.1647,0.0027,0.0051,0.0002,0.0321,0.042,0.002,0.0007,0.0098,0.0001,0.0017,0.002,0.0001,0.0001,0.0086,0.0017,0.0004,0.0024,0.0001,0.0825,0.0192,0.0,0.0113,0.0,125.0,0.0,62.0,63.0,56.0,0.0,0.0,0.0,0.0,0.0,0.0,0.0,0.0,0.0,0.0,0.0,0.0,0.0,0.0,0.0,0.0,0.0,0.0,8.0,2.0,1.0
2374,19.9121746,0,8.3552,1.747,1.955,1.7248,0.1909,0.0031,0.0059,0.0002,0.0432,0.0551,0.0028,0.0009,0.0113,0.0002,0.0016,0.0021,0.0002,0.0001,0.0086,0.0019,0.0005,0.0029,0.0,0.0987,0.0204,0.0001,0.0095,0.0,125.0,0.0,62.0,63.0,56.0,0.0,0.0,0.0,0.0,0.0,0.0,0.0,0.0,0.0,0.0,0.0,0.0,0.0,0.0,0.0,0.0,0.0,0.0,8.0,2.0,1.0
2375,19.9205298,0,8.3091,1.7382,1.8191,1.8348,0.1615,0.0028,0.005,0.0003,0.028,0.038,0.0029,0.0007,0.012,0.0002,0.0014,0.0015,0.0001,0.0001,0.0081,0.0015,0.0005,0.0028,0.0,0.0804,0.0188,0.0001,0.0102,0.0,125.0,0.0,62.0,63.0,56.0,0.0,0.0,0.0,0.0,0.0,0.0,0.0,0.0,0.0,0.0,0.0,0.0,0.0,0.0,0.0,0.0,0.0,0.0,8.0,2.0,1.0
2376,19.928838900000002,0,8.3799,1.8555,1.9957,1.6689,0.1722,0.0028,0.0071,0.0002,0.0384,0.0513,0.0019,0.0012,0.0095,0.0001,0.0016,0.0015,0.0,0.0001,0.0087,0.0013,0.0005,0.0023,0.0,0.0924,0.018,0.0001,0.0097,0.0,125.0,0.0,62.0,63.0,56.0,0.0,0.0,0.0,0.0,0.0,0.0,0.0,0.0,0.0,0.0,0.0,0.0,0.0,0.0,0.0,0.0,0.0,0.0,8.0,2.0,1.0
2377,19.937218800000004,0,8.4238,1.7961,1.8492,1.6728,0.1587,0.0028,0.0059,0.0001,0.0273,0.0395,0.0022,0.0006,0.0101,0.0001,0.002,0.0015,0.0001,0.0001,0.008,0.0012,0.0004,0.0025,0.0001,0.0779,0.0177,0.0,0.0104,0.0,125.0,0.0,62.0,63.0,56.0,0.0,0.0,0.0,0.0,0.0,0.0,0.0,0.0,0.0,0.0,0.0,0.0,0.0,0.0,0.0,0.0,0.0,0.0,8.0,2.0,1.0
2378,19.945642600000003,0,8.1932,1.8297,2.1286,1.925,0.1682,0.0026,0.006,0.0002,0.0334,0.0454,0.002,0.0007,0.0092,0.0002,0.0014,0.0019,0.0001,0.0001,0.0083,0.0016,0.0004,0.0024,0.0001,0.0837,0.0193,0.0,0.0078,0.0,125.0,0.0,62.0,63.0,56.0,0.0,0.0,0.0,0.0,0.0,0.0,0.0,0.0,0.0,0.0,0.0,0.0,0.0,0.0,0.0,0.0,0.0,0.0,8.0,2.0,1.0
2379,19.953835800000004,0,8.2698,1.8952,1.8898,1.7461,0.1823,0.0031,0.0055,0.0007,0.0382,0.0503,0.0026,0.0008,0.0108,0.0002,0.0015,0.0019,0.0001,0.0002,0.0097,0.0013,0.0005,0.0028,0.0,0.0925,0.0198,0.0001,0.0074,0.0,125.0,0.0,62.0,63.0,56.0,0.0,0.0,0.0,0.0,0.0,0.0,0.0,0.0,0.0,0.0,0.0,0.0,0.0,0.0,0.0,0.0,0.0,0.0,8.0,2.0,1.0
2380,19.962105600000005,0,8.8672,1.8581,2.2599,1.6967,0.1897,0.0033,0.0069,0.0003,0.0414,0.0551,0.0023,0.0008,0.0098,0.0001,0.0023,0.0016,0.0001,0.0001,0.0089,0.0013,0.0009,0.0027,0.0001,0.0964,0.019,0.0,0.0091,0.0,125.0,0.0,62.0,63.0,56.0,0.0,0.0,0.0,0.0,0.0,0.0,0.0,0.0,0.0,0.0,0.0,0.0,0.0,0.0,0.0,0.0,0.0,0.0,8.0,2.0,1.0
2381,19.970972800000006,0,8.0713,2.0846,2.115,1.7734,0.1599,0.0034,0.0064,0.0007,0.0249,0.0384,0.0019,0.0005,0.0102,0.0001,0.002,0.0013,0.0001,0.0001,0.009,0.0011,0.0004,0.0025,0.0,0.0771,0.0169,0.0001,0.0104,0.0,125.0,0.0,62.0,63.0,56.0,0.0,0.0,0.0,0.0,0.0,0.0,0.0,0.0,0.0,0.0,0.0,0.0,0.0,0.0,0.0,0.0,0.0,0.0,8.0,2.0,1.0
2382,19.979044100000007,0,8.1642,1.8158,2.0633,1.8048,0.1687,0.0028,0.0075,0.0002,0.0371,0.0497,0.0022,0.0008,0.0101,0.0002,0.0015,0.0014,0.0001,0.0002,0.0084,0.0013,0.0004,0.0032,0.0001,0.0898,0.0165,0.0001,0.0092,0.0,125.0,0.0,62.0,63.0,56.0,0.0,0.0,0.0,0.0,0.0,0.0,0.0,0.0,0.0,0.0,0.0,0.0,0.0,0.0,0.0,0.0,0.0,0.0,8.0,2.0,1.0
2383,19.987208300000006,0,8.6621,1.8387,2.1791,1.7278,0.1633,0.0028,0.0052,0.0002,0.03,0.0405,0.0019,0.0007,0.0092,0.0002,0.0015,0.002,0.0001,0.0001,0.0081,0.0012,0.0004,0.0024,0.0,0.078,0.0198,0.0,0.0088,0.0,125.0,0.0,62.0,63.0,56.0,0.0,0.0,0.0,0.0,0.0,0.0,0.0,0.0,0.0,0.0,0.0,0.0,0.0,0.0,0.0,0.0,0.0,0.0,8.0,2.0,1.0
2384,19.995870400000005,0,7.9458,1.883,2.0066,1.7537,0.1692,0.0027,0.0047,0.0002,0.037,0.0469,0.0026,0.0007,0.0108,0.0001,0.0019,0.0013,0.0001,0.0001,0.0083,0.0013,0.0004,0.0022,0.0,0.0857,0.02,0.0,0.0082,0.0,125.0,0.0,62.0,63.0,56.0,0.0,0.0,0.0,0.0,0.0,0.0,0.0,0.0,0.0,0.0,0.0,0.0,0.0,0.0,0.0,0.0,0.0,0.0,8.0,2.0,1.0
2385,20.003816200000006,0,8.4521,2.011,1.9849,1.6757,0.1743,0.004,0.0069,0.0002,0.0281,0.0413,0.0023,0.0006,0.01,0.0001,0.0014,0.0019,0.0,0.0002,0.0088,0.0017,0.0005,0.0033,0.0,0.0829,0.0189,0.0002,0.0094,0.0,125.0,0.0,62.0,63.0,56.0,0.0,0.0,0.0,0.0,0.0,0.0,0.0,0.0,0.0,0.0,0.0,0.0,0.0,0.0,0.0,0.0,0.0,0.0,8.0,2.0,1.0
2386,20.012268300000006,0,8.2024,1.9826,1.8998,1.7497,0.1757,0.0037,0.0069,0.0002,0.0351,0.048,0.0023,0.0012,0.011,0.0001,0.0015,0.0015,0.0001,0.0001,0.0087,0.0012,0.0005,0.0029,0.0,0.09,0.0189,0.0001,0.0094,0.0,125.0,0.0,62.0,63.0,56.0,0.0,0.0,0.0,0.0,0.0,0.0,0.0,0.0,0.0,0.0,0.0,0.0,0.0,0.0,0.0,0.0,0.0,0.0,8.0,2.0,1.0
2387,20.020470700000004,0,8.4072,1.8892,1.8477,1.5641,0.1613,0.0034,0.0049,0.0002,0.0287,0.0394,0.0022,0.001,0.0118,0.0001,0.0014,0.0015,0.0001,0.0001,0.0087,0.0012,0.0008,0.0027,0.0,0.0815,0.0186,0.0001,0.0082,0.0,125.0,0.0,62.0,63.0,56.0,0.0,0.0,0.0,0.0,0.0,0.0,0.0,0.0,0.0,0.0,0.0,0.0,0.0,0.0,0.0,0.0,0.0,0.0,8.0,2.0,1.0
2388,20.028877900000005,0,8.3029,2.014,2.022,1.8774,0.1791,0.0029,0.005,0.0001,0.0408,0.0511,0.0022,0.0008,0.0102,0.0001,0.0018,0.0019,0.0001,0.0001,0.0089,0.0013,0.0006,0.0029,0.0,0.0934,0.0199,0.0001,0.0084,0.0,125.0,0.0,62.0,63.0,56.0,0.0,0.0,0.0,0.0,0.0,0.0,0.0,0.0,0.0,0.0,0.0,0.0,0.0,0.0,0.0,0.0,0.0,0.0,8.0,2.0,1.0
2389,20.037180800000005,0,8.4215,1.9852,2.0258,1.8154,0.1843,0.003,0.0057,0.0001,0.0335,0.0452,0.0029,0.0008,0.0131,0.0001,0.0017,0.0021,0.0001,0.0001,0.0086,0.0018,0.0005,0.003,0.0,0.0922,0.0214,0.0,0.0093,0.0,125.0,0.0,62.0,63.0,56.0,0.0,0.0,0.0,0.0,0.0,0.0,0.0,0.0,0.0,0.0,0.0,0.0,0.0,0.0,0.0,0.0,0.0,0.0,8.0,2.0,1.0
2390,20.045602300000006,0,8.2148,1.9019,1.9128,1.7364,0.1739,0.0025,0.0047,0.0002,0.0408,0.0505,0.0025,0.0009,0.0116,0.0001,0.0019,0.0015,0.0,0.0001,0.0089,0.0012,0.0004,0.0027,0.0,0.0921,0.0199,0.0,0.0083,0.0,125.0,0.0,62.0,63.0,56.0,0.0,0.0,0.0,0.0,0.0,0.0,0.0,0.0,0.0,0.0,0.0,0.0,0.0,0.0,0.0,0.0,0.0,0.0,8.0,2.0,1.0
2391,20.053817100000007,0,8.2608,2.0906,1.8456,1.7951,0.1641,0.0027,0.0059,0.0002,0.0258,0.0373,0.0027,0.0008,0.011,0.0002,0.0019,0.0016,0.0001,0.0001,0.0092,0.0014,0.001,0.0028,0.0,0.08,0.0205,0.0001,0.0086,0.0,125.0,0.0,62.0,63.0,56.0,0.0,0.0,0.0,0.0,0.0,0.0,0.0,0.0,0.0,0.0,0.0,0.0,0.0,0.0,0.0,0.0,0.0,0.0,8.0,2.0,1.0
2392,20.062077900000006,0,8.7862,1.886,2.0481,1.7466,0.2465,0.0038,0.006,0.0002,0.0499,0.0626,0.0035,0.0014,0.0167,0.0003,0.0031,0.0023,0.0001,0.0001,0.0113,0.0019,0.0006,0.0053,0.0,0.1258,0.0348,0.0002,0.0089,0.0,125.0,0.0,62.0,63.0,56.0,0.0,0.0,0.0,0.0,0.0,0.0,0.0,0.0,0.0,0.0,0.0,0.0,0.0,0.0,0.0,0.0,0.0,0.0,8.0,2.0,1.0
2393,20.070864100000005,0,7.9564,1.8875,2.1149,1.806,0.1796,0.003,0.0048,0.0003,0.039,0.0494,0.0026,0.0009,0.0104,0.0001,0.0019,0.0018,0.0002,0.0002,0.0101,0.0013,0.001,0.0024,0.0001,0.0923,0.0202,0.0001,0.0089,0.0,125.0,0.0,62.0,63.0,56.0,0.0,0.0,0.0,0.0,0.0,0.0,0.0,0.0,0.0,0.0,0.0,0.0,0.0,0.0,0.0,0.0,0.0,0.0,8.0,2.0,1.0
2394,20.078820500000006,0,8.3895,1.8848,1.868,1.7847,0.1876,0.0034,0.0049,0.0002,0.0492,0.0601,0.0025,0.0009,0.0107,0.0001,0.0021,0.0015,0.0001,0.0001,0.0095,0.0013,0.0005,0.0028,0.0,0.1031,0.0187,0.0001,0.0082,0.0,125.0,0.0,62.0,63.0,56.0,0.0,0.0,0.0,0.0,0.0,0.0,0.0,0.0,0.0,0.0,0.0,0.0,0.0,0.0,0.0,0.0,0.0,0.0,8.0,2.0,1.0
2395,20.087210000000006,0,8.2042,1.9277,1.9307,1.8268,0.1575,0.0032,0.0064,0.0002,0.0279,0.0397,0.002,0.0007,0.01,0.0002,0.0021,0.0015,0.0001,0.0006,0.0096,0.0012,0.0005,0.0024,0.0,0.0783,0.0153,0.0001,0.0089,0.0,125.0,0.0,62.0,63.0,56.0,0.0,0.0,0.0,0.0,0.0,0.0,0.0,0.0,0.0,0.0,0.0,0.0,0.0,0.0,0.0,0.0,0.0,0.0,8.0,2.0,1.0
2396,20.095414200000008,0,8.4115,1.9055,1.8827,1.7073,0.1836,0.0029,0.0053,0.0002,0.043,0.0541,0.003,0.001,0.0119,0.0002,0.0016,0.0016,0.0001,0.0001,0.0085,0.0013,0.0005,0.0026,0.0,0.0971,0.0194,0.0006,0.0082,0.0,125.0,0.0,62.0,63.0,56.0,0.0,0.0,0.0,0.0,0.0,0.0,0.0,0.0,0.0,0.0,0.0,0.0,0.0,0.0,0.0,0.0,0.0,0.0,8.0,2.0,1.0
2397,20.10382570000001,0,8.2551,1.8571,1.8792,1.7356,0.1758,0.003,0.0055,0.0002,0.0301,0.0409,0.0021,0.0012,0.012,0.0007,0.0016,0.0021,0.0001,0.0002,0.009,0.0013,0.0004,0.0028,0.0,0.0856,0.0203,0.0002,0.0092,0.0,125.0,0.0,62.0,63.0,56.0,0.0,0.0,0.0,0.0,0.0,0.0,0.0,0.0,0.0,0.0,0.0,0.0,0.0,0.0,0.0,0.0,0.0,0.0,8.0,2.0,1.0
2398,20.112080800000008,0,8.4393,1.9211,1.8135,1.803,0.1809,0.003,0.0056,0.0003,0.0393,0.0511,0.0022,0.0009,0.0108,0.0001,0.0015,0.002,0.0,0.0002,0.0084,0.0015,0.0004,0.0031,0.0,0.093,0.0182,0.0,0.0088,0.0,125.0,0.0,62.0,63.0,56.0,0.0,0.0,0.0,0.0,0.0,0.0,0.0,0.0,0.0,0.0,0.0,0.0,0.0,0.0,0.0,0.0,0.0,0.0,8.0,2.0,1.0
2399,20.120520100000007,0,8.2845,1.7851,2.0183,1.6855,0.1768,0.0027,0.0046,0.0002,0.0395,0.0495,0.0024,0.0013,0.0127,0.0002,0.0014,0.0021,0.0,0.0001,0.0082,0.0018,0.0005,0.0033,0.0,0.0935,0.0195,0.0001,0.01,0.0,125.0,0.0,62.0,63.0,56.0,0.0,0.0,0.0,0.0,0.0,0.0,0.0,0.0,0.0,0.0,0.0,0.0,0.0,0.0,0.0,0.0,0.0,0.0,8.0,2.0,1.0
2400,20.128804600000006,0,8.4788,1.7833,1.9078,1.7456,0.1872,0.003,0.0055,0.0002,0.0409,0.0523,0.0026,0.0008,0.0115,0.0001,0.002,0.0017,0.0001,0.0005,0.0086,0.0013,0.0005,0.0027,0.0,0.0955,0.0198,0.0001,0.009,0.0,125.0,0.0,62.0,63.0,56.0,0.0,0.0,0.0,0.0,0.0,0.0,0.0,0.0,0.0,0.0,0.0,0.0,0.0,0.0,0.0,0.0,0.0,0.0,8.0,2.0,1.0
2401,20.137283400000005,0,8.2105,1.9391,1.9325,1.6878,0.1629,0.003,0.0064,0.0002,0.0319,0.0433,0.0018,0.0005,0.0093,0.0002,0.0015,0.002,0.0001,0.0001,0.0077,0.0011,0.001,0.0023,0.0,0.0799,0.0174,0.0,0.0087,0.0,125.0,0.0,62.0,63.0,56.0,0.0,0.0,0.0,0.0,0.0,0.0,0.0,0.0,0.0,0.0,0.0,0.0,0.0,0.0,0.0,0.0,0.0,0.0,8.0,2.0,1.0
2402,20.145493900000005,0,8.3,2.044,1.9304,1.6827,0.1864,0.0027,0.0067,0.0002,0.0452,0.057,0.0025,0.0009,0.0117,0.0001,0.002,0.0015,0.0,0.0001,0.0087,0.0014,0.0004,0.0029,0.0,0.1,0.0197,0.0001,0.0084,0.0,125.0,0.0,62.0,63.0,56.0,0.0,0.0,0.0,0.0,0.0,0.0,0.0,0.0,0.0,0.0,0.0,0.0,0.0,0.0,0.0,0.0,0.0,0.0,8.0,2.0,1.0
2403,20.153793900000004,0,8.2726,1.8722,1.8319,1.8288,0.154,0.0027,0.0051,0.0002,0.0329,0.0434,0.0018,0.0011,0.0094,0.0002,0.0014,0.0014,0.0,0.0001,0.0086,0.0011,0.0005,0.0025,0.0001,0.0802,0.0158,0.0001,0.0081,0.0,125.0,0.0,62.0,63.0,56.0,0.0,0.0,0.0,0.0,0.0,0.0,0.0,0.0,0.0,0.0,0.0,0.0,0.0,0.0,0.0,0.0,0.0,0.0,8.0,2.0,1.0
2404,20.162066500000005,0,8.624,2.1105,1.8814,1.7898,0.1827,0.0027,0.005,0.0001,0.0421,0.0521,0.0023,0.0008,0.0128,0.0001,0.0015,0.0021,0.0001,0.0001,0.0087,0.0014,0.0004,0.0028,0.0001,0.0957,0.0206,0.0,0.0085,0.0,125.0,0.0,62.0,63.0,56.0,0.0,0.0,0.0,0.0,0.0,0.0,0.0,0.0,0.0,0.0,0.0,0.0,0.0,0.0,0.0,0.0,0.0,0.0,8.0,2.0,1.0
2405,20.170690500000006,0,8.2615,1.9544,2.159,1.7519,0.1715,0.0032,0.0051,0.0002,0.031,0.0424,0.0024,0.0008,0.0121,0.0001,0.0015,0.0018,0.0,0.0001,0.0087,0.0016,0.0005,0.0027,0.0,0.0861,0.0204,0.0,0.0088,0.0,125.0,0.0,62.0,63.0,56.0,0.0,0.0,0.0,0.0,0.0,0.0,0.0,0.0,0.0,0.0,0.0,0.0,0.0,0.0,0.0,0.0,0.0,0.0,8.0,2.0,1.0
2406,20.178952000000006,0,8.999,1.9271,2.2002,1.8427,0.2143,0.0039,0.0073,0.0003,0.047,0.0621,0.0024,0.0012,0.0118,0.0002,0.002,0.0024,0.0002,0.0002,0.0111,0.0015,0.0005,0.0031,0.0001,0.1106,0.0228,0.0001,0.0096,0.0,125.0,0.0,62.0,63.0,56.0,0.0,0.0,0.0,0.0,0.0,0.0,0.0,0.0,0.0,0.0,0.0,0.0,0.0,0.0,0.0,0.0,0.0,0.0,8.0,2.0,1.0
2407,20.187951000000005,0,7.553,1.9352,2.4447,1.803,0.1583,0.0029,0.006,0.0002,0.0265,0.0377,0.0021,0.0006,0.0102,0.0002,0.0016,0.0015,0.0,0.0001,0.0081,0.0012,0.0004,0.0023,0.0,0.0763,0.0176,0.0,0.0083,0.0,125.0,0.0,62.0,63.0,56.0,0.0,0.0,0.0,0.0,0.0,0.0,0.0,0.0,0.0,0.0,0.0,0.0,0.0,0.0,0.0,0.0,0.0,0.0,8.0,2.0,1.0
2408,20.195504000000007,0,8.2962,1.972,1.8512,1.7877,0.1633,0.0026,0.0062,0.0002,0.0357,0.0467,0.0023,0.0005,0.0091,0.0001,0.0017,0.0014,0.0001,0.0001,0.0086,0.0011,0.0004,0.0026,0.0,0.084,0.018,0.0,0.0087,0.0,125.0,0.0,62.0,63.0,56.0,0.0,0.0,0.0,0.0,0.0,0.0,0.0,0.0,0.0,0.0,0.0,0.0,0.0,0.0,0.0,0.0,0.0,0.0,8.0,2.0,1.0
2409,20.203800200000007,0,8.3887,2.0451,1.9551,1.7705,0.1609,0.003,0.0043,0.0002,0.0289,0.0391,0.002,0.0006,0.0078,0.0001,0.0015,0.002,0.0,0.0001,0.0087,0.0013,0.0004,0.0023,0.0001,0.0766,0.0183,0.0001,0.009,0.0,125.0,0.0,62.0,63.0,56.0,0.0,0.0,0.0,0.0,0.0,0.0,0.0,0.0,0.0,0.0,0.0,0.0,0.0,0.0,0.0,0.0,0.0,0.0,8.0,2.0,1.0
2410,20.212188900000008,0,8.5787,1.9901,2.0725,1.7442,0.1987,0.0041,0.0074,0.0007,0.0387,0.0546,0.0023,0.0016,0.0121,0.0001,0.0016,0.0022,0.0001,0.0001,0.0095,0.0014,0.0005,0.0031,0.0001,0.1009,0.0192,0.0002,0.0084,0.0,125.0,0.0,62.0,63.0,56.0,0.0,0.0,0.0,0.0,0.0,0.0,0.0,0.0,0.0,0.0,0.0,0.0,0.0,0.0,0.0,0.0,0.0,0.0,8.0,2.0,1.0
2411,20.22076760000001,0,8.0461,2.0601,1.9439,1.7759,0.1502,0.0026,0.0062,0.0002,0.0251,0.0362,0.0023,0.0006,0.0093,0.0002,0.0013,0.0018,0.0001,0.0001,0.0089,0.0015,0.0004,0.0024,0.0001,0.0742,0.0145,0.0,0.0081,0.0,125.0,0.0,62.0,63.0,56.0,0.0,0.0,0.0,0.0,0.0,0.0,0.0,0.0,0.0,0.0,0.0,0.0,0.0,0.0,0.0,0.0,0.0,0.0,8.0,2.0,1.0
2412,20.22881370000001,0,8.376,1.8481,1.9067,1.7297,0.1859,0.0032,0.0058,0.0003,0.0408,0.0531,0.0025,0.0008,0.0121,0.0002,0.0014,0.0023,0.0001,0.0001,0.0098,0.0012,0.0005,0.0026,0.0,0.0983,0.0224,0.0001,0.0096,0.0,125.0,0.0,62.0,63.0,56.0,0.0,0.0,0.0,0.0,0.0,0.0,0.0,0.0,0.0,0.0,0.0,0.0,0.0,0.0,0.0,0.0,0.0,0.0,8.0,2.0,1.0
2413,20.23718970000001,0,8.2695,2.3432,1.9054,1.8698,0.1822,0.0031,0.0059,0.0003,0.0297,0.0414,0.0026,0.001,0.0123,0.0001,0.0019,0.0017,0.0001,0.0001,0.0089,0.0013,0.0004,0.0028,0.0001,0.0864,0.021,0.0001,0.0092,0.0,125.0,0.0,62.0,63.0,56.0,0.0,0.0,0.0,0.0,0.0,0.0,0.0,0.0,0.0,0.0,0.0,0.0,0.0,0.0,0.0,0.0,0.0,0.0,8.0,2.0,1.0
2414,20.24545920000001,0,8.3828,1.9527,1.85,1.629,0.1772,0.0028,0.0054,0.0002,0.0382,0.0493,0.0022,0.0008,0.0106,0.0001,0.0014,0.002,0.0,0.0001,0.0079,0.0014,0.0005,0.0027,0.0,0.0907,0.0186,0.0001,0.009,0.0,125.0,0.0,62.0,63.0,56.0,0.0,0.0,0.0,0.0,0.0,0.0,0.0,0.0,0.0,0.0,0.0,0.0,0.0,0.0,0.0,0.0,0.0,0.0,8.0,2.0,1.0
2415,20.25384200000001,0,8.3495,1.9133,1.924,1.7992,0.1706,0.0032,0.0073,0.0003,0.0297,0.0431,0.0024,0.0008,0.0105,0.0002,0.0014,0.0021,0.0001,0.0002,0.0088,0.0012,0.0005,0.0028,0.0,0.0852,0.0185,0.0001,0.0109,0.0,125.0,0.0,62.0,63.0,56.0,0.0,0.0,0.0,0.0,0.0,0.0,0.0,0.0,0.0,0.0,0.0,0.0,0.0,0.0,0.0,0.0,0.0,0.0,8.0,2.0,1.0
2416,20.26219150000001,0,8.3452,1.843,2.0026,1.7308,0.1826,0.003,0.0048,0.0002,0.0414,0.0519,0.0023,0.0008,0.0105,0.0001,0.0018,0.0016,0.0001,0.0001,0.0089,0.0011,0.0004,0.0024,0.0,0.0968,0.0199,0.0001,0.0074,0.0,125.0,0.0,62.0,63.0,54.0,0.0,0.0,0.0,0.0,0.0,0.0,0.0,0.0,0.0,0.0,0.0,0.0,0.0,0.0,0.0,0.0,0.0,0.0,8.0,2.0,1.0
2417,20.27053670000001,0,8.2382,1.8898,1.8268,1.7902,0.161,0.0028,0.0045,0.0002,0.0291,0.0388,0.0027,0.0006,0.0115,0.0001,0.0019,0.0014,0.0001,0.0001,0.0079,0.0012,0.0005,0.0026,0.0001,0.0798,0.0183,0.0001,0.0087,0.0,125.0,0.0,62.0,63.0,54.0,0.0,0.0,0.0,0.0,0.0,0.0,0.0,0.0,0.0,0.0,0.0,0.0,0.0,0.0,0.0,0.0,0.0,0.0,8.0,2.0,1.0
2418,20.278774900000013,0,8.2804,1.9479,1.7976,1.7877,0.1825,0.003,0.0064,0.0003,0.0408,0.0528,0.0027,0.0008,0.0117,0.0002,0.0019,0.0015,0.0001,0.0001,0.0093,0.0013,0.0004,0.0027,0.0,0.0965,0.0196,0.0001,0.0078,0.0,125.0,0.0,62.0,63.0,54.0,0.0,0.0,0.0,0.0,0.0,0.0,0.0,0.0,0.0,0.0,0.0,0.0,0.0,0.0,0.0,0.0,0.0,0.0,8.0,2.0,1.0
2419,20.287055300000013,0,8.3189,2.0321,1.7707,1.7732,0.171,0.0035,0.0067,0.0002,0.0299,0.0432,0.0021,0.0008,0.01,0.0002,0.0017,0.0015,0.0001,0.0001,0.0089,0.0012,0.0009,0.0027,0.0,0.0844,0.0175,0.0001,0.0086,0.0,125.0,0.0,62.0,63.0,54.0,0.0,0.0,0.0,0.0,0.0,0.0,0.0,0.0,0.0,0.0,0.0,0.0,0.0,0.0,0.0,0.0,0.0,0.0,8.0,2.0,1.0
2420,20.295374200000012,0,8.3966,2.1457,1.8307,1.782,0.1889,0.0044,0.0081,0.0003,0.0347,0.0503,0.0029,0.0008,0.012,0.0001,0.0023,0.0016,0.0,0.0004,0.0086,0.0013,0.0004,0.0028,0.0001,0.0942,0.0185,0.0001,0.0086,0.0,125.0,0.0,62.0,63.0,54.0,0.0,0.0,0.0,0.0,0.0,0.0,0.0,0.0,0.0,0.0,0.0,0.0,0.0,0.0,0.0,0.0,0.0,0.0,8.0,2.0,1.0
2421,20.303770800000013,0,8.2711,1.9166,1.7395,1.8107,0.1633,0.0032,0.0056,0.0002,0.0323,0.0437,0.0021,0.0009,0.0105,0.0002,0.0017,0.0014,0.0,0.0001,0.0089,0.0013,0.0004,0.0026,0.0,0.084,0.0183,0.0,0.0078,0.0,125.0,0.0,62.0,63.0,54.0,0.0,0.0,0.0,0.0,0.0,0.0,0.0,0.0,0.0,0.0,0.0,0.0,0.0,0.0,0.0,0.0,0.0,0.0,8.0,2.0,1.0
2422,20.312041900000015,0,8.4126,1.8467,1.8531,1.7446,0.1683,0.0031,0.0068,0.0003,0.0352,0.0481,0.002,0.0008,0.009,0.0007,0.0014,0.0016,0.0006,0.0001,0.0082,0.0012,0.0004,0.0025,0.0,0.0857,0.0171,0.0001,0.0078,0.0,125.0,0.0,62.0,63.0,54.0,0.0,0.0,0.0,0.0,0.0,0.0,0.0,0.0,0.0,0.0,0.0,0.0,0.0,0.0,0.0,0.0,0.0,0.0,8.0,2.0,1.0
2423,20.320454500000015,0,8.2859,1.8489,1.7385,1.6241,0.1474,0.0029,0.0062,0.0002,0.0242,0.0356,0.0019,0.0005,0.0084,0.0002,0.0017,0.0013,0.0001,0.0001,0.0086,0.0012,0.0004,0.0023,0.0,0.0721,0.0166,0.0,0.0076,0.0,125.0,0.0,62.0,63.0,54.0,0.0,0.0,0.0,0.0,0.0,0.0,0.0,0.0,0.0,0.0,0.0,0.0,0.0,0.0,0.0,0.0,0.0,0.0,8.0,2.0,1.0
2424,20.328740400000015,0,8.4835,2.0267,2.0032,1.9237,0.182,0.003,0.0073,0.0002,0.0331,0.0469,0.0023,0.0007,0.011,0.0003,0.0016,0.0021,0.0001,0.0001,0.0086,0.0023,0.0005,0.0027,0.0,0.0899,0.019,0.0001,0.0071,0.0,125.0,0.0,62.0,63.0,54.0,0.0,0.0,0.0,0.0,0.0,0.0,0.0,0.0,0.0,0.0,0.0,0.0,0.0,0.0,0.0,0.0,0.0,0.0,8.0,2.0,1.0
2425,20.337223900000016,0,8.1444,2.0049,1.8464,1.8201,0.1552,0.0023,0.0047,0.0002,0.0298,0.0396,0.0019,0.0005,0.01,0.0001,0.0018,0.0013,0.0001,0.0001,0.0079,0.0011,0.0004,0.0023,0.0,0.0776,0.0195,0.0001,0.0075,0.0,125.0,0.0,62.0,63.0,54.0,0.0,0.0,0.0,0.0,0.0,0.0,0.0,0.0,0.0,0.0,0.0,0.0,0.0,0.0,0.0,0.0,0.0,0.0,8.0,2.0,1.0
2426,20.345368300000015,0,8.3696,2.1171,1.7506,1.7337,0.1743,0.003,0.0068,0.0002,0.0362,0.0488,0.0023,0.0007,0.0106,0.0001,0.0016,0.0015,0.0001,0.0001,0.0091,0.0014,0.0004,0.0028,0.0,0.0896,0.0162,0.0,0.0083,0.0,125.0,0.0,62.0,63.0,54.0,0.0,0.0,0.0,0.0,0.0,0.0,0.0,0.0,0.0,0.0,0.0,0.0,0.0,0.0,0.0,0.0,0.0,0.0,8.0,2.0,1.0
2427,20.353737900000016,0,8.3447,1.8826,1.8486,1.6468,0.1766,0.0036,0.0071,0.0003,0.0285,0.0415,0.0024,0.001,0.0116,0.0006,0.0017,0.0021,0.0001,0.0002,0.0083,0.0018,0.0005,0.0031,0.0,0.0859,0.0188,0.0001,0.0092,0.0,125.0,0.0,62.0,63.0,54.0,0.0,0.0,0.0,0.0,0.0,0.0,0.0,0.0,0.0,0.0,0.0,0.0,0.0,0.0,0.0,0.0,0.0,0.0,8.0,2.0,1.0
2428,20.362082600000015,0,8.424,1.8648,1.8679,1.9245,0.1843,0.0029,0.0071,0.0001,0.0373,0.0509,0.0023,0.0008,0.0103,0.0001,0.0016,0.0016,0.0004,0.0001,0.009,0.002,0.0005,0.0027,0.0,0.0939,0.0185,0.0,0.0085,0.0,125.0,0.0,62.0,63.0,54.0,0.0,0.0,0.0,0.0,0.0,0.0,0.0,0.0,0.0,0.0,0.0,0.0,0.0,0.0,0.0,0.0,0.0,0.0,8.0,2.0,1.0
2429,20.370506600000017,0,8.3273,1.9412,1.9023,1.8021,0.1668,0.0029,0.0055,0.0002,0.0287,0.0402,0.0025,0.0009,0.009,0.0002,0.0022,0.0017,0.0,0.0001,0.0088,0.0012,0.0009,0.0028,0.0,0.0826,0.0193,0.0,0.0086,0.0,125.0,0.0,62.0,63.0,54.0,0.0,0.0,0.0,0.0,0.0,0.0,0.0,0.0,0.0,0.0,0.0,0.0,0.0,0.0,0.0,0.0,0.0,0.0,8.0,2.0,1.0
2430,20.378833900000018,0,8.2068,2.0753,1.8206,1.6887,0.174,0.0026,0.0046,0.0003,0.0406,0.0507,0.0024,0.0008,0.0104,0.0001,0.002,0.0015,0.0001,0.0001,0.0091,0.0012,0.0005,0.0028,0.0001,0.0923,0.0181,0.0,0.0083,0.0,125.0,0.0,62.0,63.0,54.0,0.0,0.0,0.0,0.0,0.0,0.0,0.0,0.0,0.0,0.0,0.0,0.0,0.0,0.0,0.0,0.0,0.0,0.0,8.0,2.0,1.0
2431,20.387040700000018,0,8.3348,1.8364,1.7942,1.7689,0.1567,0.0027,0.0061,0.0003,0.0267,0.0379,0.0024,0.0006,0.0093,0.0002,0.0016,0.0021,0.0,0.0001,0.0082,0.0016,0.0004,0.0023,0.0001,0.0772,0.0162,0.0001,0.0091,0.0,125.0,0.0,62.0,63.0,54.0,0.0,0.0,0.0,0.0,0.0,0.0,0.0,0.0,0.0,0.0,0.0,0.0,0.0,0.0,0.0,0.0,0.0,0.0,8.0,2.0,1.0
2432,20.395375500000018,0,8.4024,1.9039,1.8106,1.9142,0.1719,0.0026,0.0052,0.0002,0.0422,0.053,0.0027,0.0007,0.0109,0.0002,0.0014,0.0017,0.0,0.0001,0.0096,0.0012,0.0004,0.0022,0.0,0.0928,0.0186,0.0001,0.0082,0.0,125.0,0.0,62.0,63.0,54.0,0.0,0.0,0.0,0.0,0.0,0.0,0.0,0.0,0.0,0.0,0.0,0.0,0.0,0.0,0.0,0.0,0.0,0.0,8.0,2.0,1.0
2433,20.40377790000002,0,8.419,2.1204,1.9394,1.7882,0.1851,0.0036,0.0055,0.0003,0.0345,0.0468,0.0025,0.0007,0.0118,0.0001,0.0015,0.0019,0.0001,0.0001,0.0084,0.0017,0.0005,0.0028,0.0001,0.0902,0.0197,0.0001,0.0081,0.0,125.0,0.0,62.0,63.0,54.0,0.0,0.0,0.0,0.0,0.0,0.0,0.0,0.0,0.0,0.0,0.0,0.0,0.0,0.0,0.0,0.0,0.0,0.0,8.0,2.0,1.0
2434,20.41219690000002,0,8.2092,1.8989,1.818,1.6972,0.1844,0.0029,0.0056,0.0003,0.0432,0.055,0.0029,0.0008,0.0119,0.0002,0.0015,0.0013,0.0001,0.0002,0.0084,0.0013,0.001,0.0027,0.0,0.098,0.0192,0.0001,0.0081,0.0,125.0,0.0,62.0,63.0,54.0,0.0,0.0,0.0,0.0,0.0,0.0,0.0,0.0,0.0,0.0,0.0,0.0,0.0,0.0,0.0,0.0,0.0,0.0,8.0,2.0,1.0
2435,20.42040610000002,0,8.3506,1.7533,1.7732,1.7441,0.1481,0.0033,0.0059,0.0001,0.0235,0.0347,0.0024,0.0006,0.0076,0.0001,0.0019,0.0015,0.0001,0.0001,0.0077,0.0013,0.0005,0.0023,0.0001,0.07,0.0166,0.0001,0.0083,0.0,125.0,0.0,62.0,63.0,54.0,0.0,0.0,0.0,0.0,0.0,0.0,0.0,0.0,0.0,0.0,0.0,0.0,0.0,0.0,0.0,0.0,0.0,0.0,8.0,2.0,1.0
2436,20.42875670000002,0,8.4019,1.9622,1.995,1.8059,0.1788,0.0029,0.0065,0.0004,0.0393,0.0517,0.0021,0.0009,0.0113,0.0001,0.002,0.0013,0.0001,0.0006,0.0085,0.0012,0.0005,0.0023,0.0,0.0925,0.0171,0.0,0.0094,0.0,125.0,0.0,62.0,63.0,54.0,0.0,0.0,0.0,0.0,0.0,0.0,0.0,0.0,0.0,0.0,0.0,0.0,0.0,0.0,0.0,0.0,0.0,0.0,8.0,2.0,1.0
2437,20.437158600000018,0,8.3344,1.9643,1.7942,1.8598,0.1542,0.0029,0.006,0.0003,0.0279,0.0393,0.0018,0.0007,0.0091,0.0002,0.0019,0.0015,0.0001,0.0001,0.0081,0.0011,0.0005,0.0023,0.0,0.0751,0.0162,0.0,0.0086,0.0,125.0,0.0,62.0,63.0,54.0,0.0,0.0,0.0,0.0,0.0,0.0,0.0,0.0,0.0,0.0,0.0,0.0,0.0,0.0,0.0,0.0,0.0,0.0,8.0,2.0,1.0
2438,20.445493000000017,0,8.2106,1.9221,1.8773,1.7763,0.1707,0.0027,0.0047,0.0002,0.0409,0.051,0.0021,0.0008,0.0103,0.0002,0.0017,0.0013,0.0001,0.0001,0.0086,0.0013,0.0005,0.0024,0.0001,0.0914,0.0193,0.0001,0.0073,0.0,125.0,0.0,62.0,63.0,54.0,0.0,0.0,0.0,0.0,0.0,0.0,0.0,0.0,0.0,0.0,0.0,0.0,0.0,0.0,0.0,0.0,0.0,0.0,8.0,2.0,1.0
2439,20.45370360000002,0,8.4385,1.8938,1.8086,1.7865,0.1821,0.0036,0.0054,0.0001,0.0352,0.0468,0.0025,0.0007,0.0125,0.0002,0.0017,0.002,0.0001,0.0002,0.0089,0.0012,0.0006,0.0027,0.0,0.0908,0.0203,0.0,0.009,0.0,125.0,0.0,62.0,63.0,56.0,0.0,0.0,0.0,0.0,0.0,0.0,0.0,0.0,0.0,0.0,0.0,0.0,0.0,0.0,0.0,0.0,0.0,0.0,8.0,2.0,1.0
2440,20.46214210000002,0,8.2398,1.8664,1.8439,1.6998,0.183,0.0029,0.0048,0.0002,0.0443,0.0544,0.0031,0.0009,0.012,0.0001,0.002,0.0015,0.0001,0.0002,0.0084,0.0012,0.0005,0.0031,0.0001,0.0986,0.0193,0.0,0.0087,0.0,125.0,0.0,62.0,63.0,56.0,0.0,0.0,0.0,0.0,0.0,0.0,0.0,0.0,0.0,0.0,0.0,0.0,0.0,0.0,0.0,0.0,0.0,0.0,8.0,2.0,1.0
2441,20.470381900000017,0,8.4349,1.9353,1.8696,1.708,0.1728,0.0047,0.0071,0.0002,0.0278,0.0421,0.0023,0.0008,0.0105,0.0001,0.0022,0.0016,0.0001,0.0001,0.0085,0.0013,0.0005,0.0027,0.0,0.0836,0.0189,0.0001,0.0076,0.0,125.0,0.0,62.0,63.0,56.0,0.0,0.0,0.0,0.0,0.0,0.0,0.0,0.0,0.0,0.0,0.0,0.0,0.0,0.0,0.0,0.0,0.0,0.0,8.0,2.0,1.0
2442,20.47881680000002,0,8.3823,1.804,1.8436,1.6751,0.1737,0.003,0.0076,0.0003,0.0316,0.045,0.0019,0.0008,0.011,0.0001,0.0019,0.0016,0.0001,0.0006,0.0084,0.0013,0.0004,0.0026,0.0001,0.0859,0.0181,0.0001,0.0088,0.0,125.0,0.0,62.0,63.0,56.0,0.0,0.0,0.0,0.0,0.0,0.0,0.0,0.0,0.0,0.0,0.0,0.0,0.0,0.0,0.0,0.0,0.0,0.0,8.0,2.0,1.0
2443,20.48719910000002,0,8.1948,1.7688,1.8828,1.7075,0.1677,0.0046,0.0058,0.0002,0.027,0.0397,0.0022,0.0008,0.0121,0.0005,0.0014,0.0014,0.0001,0.0002,0.0086,0.0018,0.0005,0.0028,0.0001,0.0831,0.0191,0.0,0.0077,0.0,125.0,0.0,62.0,63.0,56.0,0.0,0.0,0.0,0.0,0.0,0.0,0.0,0.0,0.0,0.0,0.0,0.0,0.0,0.0,0.0,0.0,0.0,0.0,8.0,2.0,1.0
2444,20.495393900000018,0,8.3884,1.8356,1.7878,1.7302,0.1781,0.003,0.0049,0.0002,0.0404,0.0506,0.003,0.0009,0.0128,0.0002,0.0015,0.0016,0.0002,0.0001,0.0085,0.0014,0.0005,0.003,0.0,0.0945,0.0187,0.0001,0.0084,0.0,125.0,0.0,62.0,63.0,56.0,0.0,0.0,0.0,0.0,0.0,0.0,0.0,0.0,0.0,0.0,0.0,0.0,0.0,0.0,0.0,0.0,0.0,0.0,8.0,2.0,1.0
2445,20.50378230000002,0,8.2785,1.8393,1.8088,1.6612,0.162,0.0028,0.0052,0.0002,0.0256,0.0356,0.0022,0.0006,0.0089,0.0002,0.0017,0.0021,0.0,0.0001,0.0089,0.0012,0.0005,0.0028,0.0001,0.0765,0.0181,0.0001,0.0096,0.0,125.0,0.0,62.0,63.0,56.0,0.0,0.0,0.0,0.0,0.0,0.0,0.0,0.0,0.0,0.0,0.0,0.0,0.0,0.0,0.0,0.0,0.0,0.0,8.0,2.0,1.0
2446,20.512060800000018,0,8.2652,1.9922,1.7661,1.7169,0.1624,0.0041,0.0072,0.0003,0.0267,0.0408,0.0021,0.0008,0.009,0.0001,0.0015,0.0016,0.0001,0.0006,0.0082,0.0012,0.0005,0.0027,0.0001,0.0783,0.0172,0.0,0.0088,0.0,125.0,0.0,62.0,63.0,56.0,0.0,0.0,0.0,0.0,0.0,0.0,0.0,0.0,0.0,0.0,0.0,0.0,0.0,0.0,0.0,0.0,0.0,0.0,8.0,2.0,1.0
2447,20.52032600000002,0,8.3505,1.8534,1.7084,1.7523,0.1705,0.0032,0.0069,0.0002,0.0267,0.0393,0.0022,0.0008,0.0099,0.0002,0.0015,0.0019,0.0001,0.0001,0.0086,0.0017,0.0005,0.0029,0.0001,0.081,0.0185,0.0,0.0093,0.0,125.0,0.0,62.0,63.0,56.0,0.0,0.0,0.0,0.0,0.0,0.0,0.0,0.0,0.0,0.0,0.0,0.0,0.0,0.0,0.0,0.0,0.0,0.0,8.0,2.0,1.0
2448,20.528676500000017,0,8.3794,1.7814,1.762,1.6874,0.1746,0.0032,0.0073,0.0008,0.0325,0.0458,0.0027,0.0007,0.0107,0.0001,0.0018,0.0015,0.0001,0.0001,0.0092,0.0012,0.0005,0.0032,0.0001,0.087,0.019,0.0001,0.0079,0.0,125.0,0.0,62.0,63.0,56.0,0.0,0.0,0.0,0.0,0.0,0.0,0.0,0.0,0.0,0.0,0.0,0.0,0.0,0.0,0.0,0.0,0.0,0.0,8.0,2.0,1.0
2449,20.537055900000016,0,8.2723,1.767,1.8132,1.6731,0.17,0.0031,0.0069,0.0002,0.0285,0.041,0.0022,0.0008,0.0108,0.0002,0.0016,0.0015,0.0005,0.0001,0.0085,0.0012,0.001,0.0027,0.0001,0.0812,0.0181,0.0,0.0087,0.0,125.0,0.0,62.0,63.0,56.0,0.0,0.0,0.0,0.0,0.0,0.0,0.0,0.0,0.0,0.0,0.0,0.0,0.0,0.0,0.0,0.0,0.0,0.0,8.0,2.0,1.0
2450,20.545328200000018,0,8.2923,1.8344,1.6782,1.751,0.1725,0.0027,0.0047,0.0002,0.039,0.0486,0.0024,0.0007,0.0115,0.0002,0.0014,0.002,0.0001,0.0001,0.0089,0.0014,0.0005,0.0028,0.0,0.0911,0.0185,0.0,0.0085,0.0,125.0,0.0,62.0,63.0,56.0,0.0,0.0,0.0,0.0,0.0,0.0,0.0,0.0,0.0,0.0,0.0,0.0,0.0,0.0,0.0,0.0,0.0,0.0,8.0,2.0,1.0
2451,20.55362050000002,0,8.5887,1.9574,1.8194,1.6867,0.1955,0.0035,0.0062,0.0002,0.0361,0.0486,0.0023,0.0008,0.013,0.0002,0.0022,0.0017,0.0001,0.0004,0.0083,0.0013,0.0006,0.0027,0.0,0.0951,0.0218,0.0001,0.0092,0.0,125.0,0.0,62.0,63.0,56.0,0.0,0.0,0.0,0.0,0.0,0.0,0.0,0.0,0.0,0.0,0.0,0.0,0.0,0.0,0.0,0.0,0.0,0.0,8.0,2.0,1.0
2452,20.56220920000002,0,8.562,1.9993,2.1391,1.9287,0.2102,0.0032,0.0052,0.0003,0.0459,0.0576,0.0028,0.0013,0.0131,0.0002,0.0024,0.0018,0.0001,0.0002,0.0097,0.0015,0.0005,0.0033,0.0,0.1061,0.0225,0.0001,0.0088,0.0,125.0,0.0,62.0,63.0,56.0,0.0,0.0,0.0,0.0,0.0,0.0,0.0,0.0,0.0,0.0,0.0,0.0,0.0,0.0,0.0,0.0,0.0,0.0,8.0,2.0,1.0
2453,20.57077120000002,0,8.203,2.0598,2.0944,1.9554,0.185,0.0028,0.0048,0.0003,0.0343,0.0447,0.0028,0.001,0.0128,0.0001,0.0016,0.0023,0.0001,0.0001,0.0092,0.0018,0.0009,0.0029,0.0,0.0928,0.0207,0.0001,0.0174,0.0,125.0,0.0,62.0,63.0,56.0,0.0,0.0,0.0,0.0,0.0,0.0,0.0,0.0,0.0,0.0,0.0,0.0,0.0,0.0,0.0,0.0,0.0,0.0,8.0,2.0,1.0
2454,20.578974200000022,0,7.9937,1.82,1.818,1.8072,0.1798,0.0025,0.0051,0.0002,0.0444,0.0546,0.0023,0.0007,0.0115,0.0002,0.0013,0.0019,0.0001,0.0001,0.0082,0.0017,0.0004,0.0027,0.0,0.0963,0.0206,0.0001,0.0078,0.0,125.0,0.0,62.0,63.0,56.0,0.0,0.0,0.0,0.0,0.0,0.0,0.0,0.0,0.0,0.0,0.0,0.0,0.0,0.0,0.0,0.0,0.0,0.0,8.0,2.0,1.0
2455,20.586967900000023,0,8.4532,1.7164,1.697,1.6341,0.1637,0.0037,0.0061,0.0002,0.0318,0.0439,0.002,0.0007,0.0102,0.0002,0.0015,0.0015,0.0,0.0002,0.0085,0.0014,0.0005,0.0023,0.0,0.0824,0.0179,0.0001,0.0083,0.0,125.0,0.0,62.0,63.0,56.0,0.0,0.0,0.0,0.0,0.0,0.0,0.0,0.0,0.0,0.0,0.0,0.0,0.0,0.0,0.0,0.0,0.0,0.0,8.0,2.0,1.0
2456,20.595421100000024,0,8.279,1.7429,1.7883,1.8452,0.1715,0.0025,0.0048,0.0001,0.0381,0.0479,0.0024,0.0006,0.0115,0.0001,0.0018,0.0013,0.0,0.0001,0.0086,0.0013,0.0004,0.0027,0.0,0.09,0.019,0.0,0.0076,0.0,125.0,0.0,62.0,63.0,56.0,0.0,0.0,0.0,0.0,0.0,0.0,0.0,0.0,0.0,0.0,0.0,0.0,0.0,0.0,0.0,0.0,0.0,0.0,8.0,2.0,1.0
2457,20.603700100000026,0,8.3874,1.8627,1.8164,1.7348,0.1685,0.0033,0.0078,0.0001,0.0268,0.0405,0.0023,0.0009,0.0097,0.0002,0.0015,0.0021,0.0001,0.0001,0.009,0.0012,0.0004,0.0028,0.0,0.082,0.0174,0.0001,0.0103,0.0,125.0,0.0,62.0,63.0,56.0,0.0,0.0,0.0,0.0,0.0,0.0,0.0,0.0,0.0,0.0,0.0,0.0,0.0,0.0,0.0,0.0,0.0,0.0,8.0,2.0,1.0
2458,20.612087500000026,0,8.2743,1.7854,1.7921,1.785,0.1742,0.0031,0.0068,0.0001,0.0351,0.0483,0.0022,0.0007,0.0101,0.0001,0.0015,0.0018,0.0001,0.0001,0.0085,0.0015,0.0004,0.0032,0.0001,0.0897,0.0178,0.0001,0.007,0.0,125.0,0.0,62.0,63.0,56.0,0.0,0.0,0.0,0.0,0.0,0.0,0.0,0.0,0.0,0.0,0.0,0.0,0.0,0.0,0.0,0.0,0.0,0.0,8.0,2.0,1.0
2459,20.620361800000026,0,8.4219,1.6858,1.816,1.6147,0.1794,0.0029,0.0071,0.0002,0.0279,0.0419,0.0027,0.0009,0.0115,0.0001,0.0018,0.0015,0.0001,0.0001,0.0092,0.0013,0.0004,0.0028,0.0001,0.089,0.0187,0.0001,0.008,0.0,125.0,0.0,62.0,63.0,56.0,0.0,0.0,0.0,0.0,0.0,0.0,0.0,0.0,0.0,0.0,0.0,0.0,0.0,0.0,0.0,0.0,0.0,0.0,8.0,2.0,1.0
2460,20.628783700000024,0,8.3055,1.8633,1.8484,1.7116,0.1935,0.0032,0.0056,0.0002,0.0429,0.0547,0.0022,0.0009,0.011,0.0002,0.0016,0.0021,0.0,0.0001,0.0089,0.0013,0.0005,0.0027,0.0,0.0982,0.022,0.0001,0.0092,0.0,125.0,0.0,62.0,63.0,56.0,0.0,0.0,0.0,0.0,0.0,0.0,0.0,0.0,0.0,0.0,0.0,0.0,0.0,0.0,0.0,0.0,0.0,0.0,8.0,2.0,1.0
2461,20.637089200000023,0,8.3617,1.7885,1.8123,1.8104,0.1687,0.0029,0.0062,0.0002,0.0276,0.0392,0.0021,0.0009,0.0108,0.0001,0.0018,0.0016,0.0001,0.0001,0.0092,0.001,0.0005,0.0027,0.0,0.0801,0.0181,0.0001,0.0081,0.0,125.0,0.0,62.0,63.0,56.0,0.0,0.0,0.0,0.0,0.0,0.0,0.0,0.0,0.0,0.0,0.0,0.0,0.0,0.0,0.0,0.0,0.0,0.0,8.0,2.0,1.0
2462,20.64545090000002,0,8.362,1.8145,1.9286,1.6895,0.1718,0.0027,0.0047,0.0002,0.0403,0.0502,0.0025,0.0007,0.01,0.0001,0.0015,0.0018,0.0,0.0001,0.0085,0.0011,0.0005,0.0023,0.0001,0.089,0.0168,0.0001,0.0082,0.0,125.0,0.0,62.0,63.0,56.0,0.0,0.0,0.0,0.0,0.0,0.0,0.0,0.0,0.0,0.0,0.0,0.0,0.0,0.0,0.0,0.0,0.0,0.0,8.0,2.0,1.0
2463,20.653812900000023,0,8.4699,1.9052,1.8467,1.7581,0.1967,0.0031,0.0074,0.0002,0.0302,0.0434,0.0036,0.0011,0.0142,0.0002,0.0015,0.0023,0.0,0.0003,0.011,0.002,0.0005,0.0033,0.0001,0.0948,0.0242,0.0001,0.0093,0.0,125.0,0.0,62.0,63.0,56.0,0.0,0.0,0.0,0.0,0.0,0.0,0.0,0.0,0.0,0.0,0.0,0.0,0.0,0.0,0.0,0.0,0.0,0.0,8.0,2.0,1.0
2464,20.662282800000025,0,8.4266,1.9848,2.268,1.8434,0.2704,0.004,0.0099,0.0004,0.0502,0.0677,0.0034,0.0015,0.0164,0.0002,0.0031,0.0019,0.0001,0.0001,0.0104,0.0015,0.0006,0.0052,0.0001,0.1286,0.0334,0.0001,0.0096,0.0,125.0,0.0,62.0,63.0,56.0,0.0,0.0,0.0,0.0,0.0,0.0,0.0,0.0,0.0,0.0,0.0,0.0,0.0,0.0,0.0,0.0,0.0,0.0,8.0,2.0,1.0
2465,20.670709400000025,0,8.0253,1.8427,1.7915,1.7007,0.177,0.0027,0.0051,0.0002,0.0311,0.0414,0.0025,0.0012,0.0098,0.0001,0.0018,0.0019,0.0002,0.0002,0.0091,0.0018,0.0005,0.0029,0.0,0.0854,0.0215,0.0001,0.0105,0.0,125.0,0.0,62.0,63.0,56.0,0.0,0.0,0.0,0.0,0.0,0.0,0.0,0.0,0.0,0.0,0.0,0.0,0.0,0.0,0.0,0.0,0.0,0.0,8.0,2.0,1.0
2466,20.678734700000025,0,8.3543,1.8207,1.8234,1.6076,0.1859,0.0033,0.005,0.0002,0.0431,0.0544,0.0031,0.0007,0.0108,0.0002,0.0015,0.0023,0.0,0.0001,0.0096,0.0013,0.0004,0.0031,0.0,0.0991,0.0199,0.0001,0.0081,0.0,125.0,0.0,62.0,63.0,56.0,0.0,0.0,0.0,0.0,0.0,0.0,0.0,0.0,0.0,0.0,0.0,0.0,0.0,0.0,0.0,0.0,0.0,0.0,8.0,2.0,1.0
2467,20.687089000000025,0,8.4144,1.7988,1.7707,1.7072,0.1832,0.0038,0.006,0.0003,0.0324,0.0452,0.0022,0.0008,0.0103,0.0002,0.0018,0.0022,0.0001,0.0002,0.0085,0.0016,0.0004,0.0027,0.0,0.0874,0.0192,0.0001,0.0082,0.0,125.0,0.0,62.0,63.0,56.0,0.0,0.0,0.0,0.0,0.0,0.0,0.0,0.0,0.0,0.0,0.0,0.0,0.0,0.0,0.0,0.0,0.0,0.0,8.0,2.0,1.0
2468,20.695503400000025,0,8.2909,2.0511,1.8828,1.7231,0.1903,0.0032,0.0051,0.0001,0.0446,0.0559,0.0029,0.001,0.0118,0.0001,0.0021,0.0018,0.0002,0.0001,0.0092,0.0016,0.0005,0.0027,0.0,0.1004,0.0204,0.0001,0.008,0.0,125.0,0.0,62.0,63.0,56.0,0.0,0.0,0.0,0.0,0.0,0.0,0.0,0.0,0.0,0.0,0.0,0.0,0.0,0.0,0.0,0.0,0.0,0.0,8.0,2.0,1.0
2469,20.703794300000023,0,8.442,1.9163,1.9166,1.8065,0.1927,0.0033,0.006,0.0004,0.0342,0.0475,0.0027,0.0011,0.0122,0.0002,0.0024,0.0017,0.0002,0.0001,0.0088,0.0018,0.0005,0.0029,0.0001,0.0938,0.0211,0.0001,0.0087,0.0,125.0,0.0,62.0,63.0,56.0,0.0,0.0,0.0,0.0,0.0,0.0,0.0,0.0,0.0,0.0,0.0,0.0,0.0,0.0,0.0,0.0,0.0,0.0,8.0,2.0,1.0
2470,20.712236300000022,0,8.3031,1.923,1.976,1.8073,0.1904,0.0031,0.0067,0.0002,0.0409,0.0534,0.0025,0.0008,0.0125,0.0001,0.0021,0.0018,0.0001,0.0001,0.0093,0.0019,0.0004,0.003,0.0001,0.0996,0.0216,0.0001,0.0092,0.0,125.0,0.0,62.0,63.0,56.0,0.0,0.0,0.0,0.0,0.0,0.0,0.0,0.0,0.0,0.0,0.0,0.0,0.0,0.0,0.0,0.0,0.0,0.0,8.0,2.0,1.0
2471,20.72053940000002,0,8.4137,1.8207,1.9797,1.8779,0.1827,0.0038,0.0057,0.0002,0.0353,0.0474,0.002,0.0006,0.0114,0.0001,0.0016,0.002,0.0,0.0001,0.0083,0.0012,0.0005,0.0025,0.0001,0.0891,0.021,0.0001,0.01,0.0,125.0,0.0,62.0,63.0,56.0,0.0,0.0,0.0,0.0,0.0,0.0,0.0,0.0,0.0,0.0,0.0,0.0,0.0,0.0,0.0,0.0,0.0,0.0,8.0,2.0,1.0
2472,20.72895310000002,0,8.2921,1.9987,2.015,1.8906,0.1821,0.0033,0.0069,0.0002,0.0354,0.0482,0.0019,0.0009,0.0102,0.0008,0.0016,0.0022,0.0,0.0001,0.0084,0.0013,0.0005,0.0026,0.0001,0.0894,0.0214,0.0001,0.0088,0.0,125.0,0.0,62.0,63.0,56.0,0.0,0.0,0.0,0.0,0.0,0.0,0.0,0.0,0.0,0.0,0.0,0.0,0.0,0.0,0.0,0.0,0.0,0.0,8.0,2.0,1.0
2473,20.737245200000018,0,8.3757,1.9202,1.9674,1.8284,0.1821,0.0031,0.0052,0.0002,0.0311,0.0425,0.0027,0.0011,0.0127,0.0002,0.0019,0.0018,0.0001,0.0001,0.0091,0.0014,0.0005,0.003,0.0001,0.0883,0.0217,0.0001,0.0078,0.0,125.0,0.0,62.0,63.0,56.0,0.0,0.0,0.0,0.0,0.0,0.0,0.0,0.0,0.0,0.0,0.0,0.0,0.0,0.0,0.0,0.0,0.0,0.0,8.0,2.0,1.0
2474,20.745620900000016,0,8.3809,1.9503,2.0806,1.8201,0.1931,0.0041,0.0052,0.0002,0.041,0.0533,0.0024,0.0008,0.0106,0.0002,0.0017,0.0019,0.0001,0.0001,0.0091,0.0013,0.0005,0.0024,0.0,0.0962,0.0212,0.0006,0.0087,0.0,125.0,0.0,62.0,63.0,56.0,0.0,0.0,0.0,0.0,0.0,0.0,0.0,0.0,0.0,0.0,0.0,0.0,0.0,0.0,0.0,0.0,0.0,0.0,8.0,2.0,1.0
2475,20.754001800000015,0,8.3333,1.8655,2.0478,1.8412,0.191,0.003,0.0058,0.0001,0.0363,0.0482,0.0028,0.0008,0.0133,0.0001,0.0022,0.0017,0.0,0.0002,0.0105,0.0014,0.0006,0.0034,0.0,0.0968,0.0221,0.0,0.0102,0.0,125.0,0.0,62.0,63.0,56.0,0.0,0.0,0.0,0.0,0.0,0.0,0.0,0.0,0.0,0.0,0.0,0.0,0.0,0.0,0.0,0.0,0.0,0.0,8.0,2.0,1.0
2476,20.762335100000016,0,8.1939,1.8737,2.0543,1.7462,0.1799,0.0028,0.0068,0.0002,0.0373,0.0502,0.0021,0.0008,0.0106,0.0001,0.0022,0.0016,0.0001,0.0002,0.0089,0.0013,0.0005,0.0027,0.0,0.091,0.0188,0.0001,0.0086,0.0,125.0,0.0,62.0,63.0,56.0,0.0,0.0,0.0,0.0,0.0,0.0,0.0,0.0,0.0,0.0,0.0,0.0,0.0,0.0,0.0,0.0,0.0,0.0,8.0,2.0,1.0
2477,20.770529000000014,0,8.4955,1.8462,1.9359,1.8255,0.2115,0.0039,0.0085,0.0003,0.0289,0.045,0.0028,0.001,0.0132,0.0001,0.0021,0.0019,0.0002,0.0001,0.0093,0.0018,0.0005,0.0029,0.0001,0.093,0.0208,0.0001,0.0095,0.0,125.0,0.0,62.0,63.0,56.0,0.0,0.0,0.0,0.0,0.0,0.0,0.0,0.0,0.0,0.0,0.0,0.0,0.0,0.0,0.0,0.0,0.0,0.0,8.0,2.0,1.0
2478,20.779024500000013,0,8.2745,1.9278,2.0634,1.8612,0.1769,0.003,0.0061,0.0003,0.0363,0.0484,0.0025,0.0008,0.0111,0.0002,0.0018,0.0016,0.0001,0.0002,0.0094,0.0018,0.0004,0.0024,0.0,0.0912,0.0171,0.0,0.0097,0.0,125.0,0.0,62.0,63.0,56.0,0.0,0.0,0.0,0.0,0.0,0.0,0.0,0.0,0.0,0.0,0.0,0.0,0.0,0.0,0.0,0.0,0.0,0.0,8.0,2.0,1.0
2479,20.78729900000001,0,8.1151,1.8185,1.889,1.7411,0.1669,0.0025,0.0057,0.0003,0.0288,0.0394,0.0019,0.001,0.0107,0.0002,0.0019,0.0015,0.0,0.0001,0.0092,0.0012,0.0004,0.0027,0.0,0.0798,0.0191,0.0001,0.0068,0.0,125.0,0.0,62.0,63.0,56.0,0.0,0.0,0.0,0.0,0.0,0.0,0.0,0.0,0.0,0.0,0.0,0.0,0.0,0.0,0.0,0.0,0.0,0.0,8.0,2.0,1.0
2480,20.795414100000013,0,8.5651,1.9316,1.985,1.8319,0.185,0.003,0.006,0.0002,0.0418,0.0531,0.0028,0.0009,0.0121,0.0002,0.0016,0.0016,0.0001,0.0001,0.0089,0.0019,0.0005,0.0026,0.0,0.0974,0.0202,0.0001,0.0113,0.0,125.0,0.0,62.0,63.0,56.0,0.0,0.0,0.0,0.0,0.0,0.0,0.0,0.0,0.0,0.0,0.0,0.0,0.0,0.0,0.0,0.0,0.0,0.0,8.0,2.0,1.0
2481,20.80397920000001,0,8.1592,1.8749,1.8863,1.7942,0.1785,0.003,0.0071,0.0002,0.0304,0.0431,0.0027,0.0009,0.012,0.0001,0.002,0.0017,0.0,0.0006,0.0092,0.0013,0.0008,0.0029,0.0,0.0877,0.0193,0.0001,0.008,0.0,125.0,0.0,62.0,63.0,56.0,0.0,0.0,0.0,0.0,0.0,0.0,0.0,0.0,0.0,0.0,0.0,0.0,0.0,0.0,0.0,0.0,0.0,0.0,8.0,2.0,1.0
2482,20.812138400000013,0,8.2525,1.7864,1.8139,1.6022,0.1788,0.0027,0.0055,0.0003,0.0421,0.0529,0.0021,0.0007,0.0116,0.0001,0.0015,0.0015,0.0001,0.0001,0.009,0.0013,0.0005,0.0027,0.0,0.096,0.0195,0.0001,0.0081,0.0,125.0,0.0,62.0,63.0,56.0,0.0,0.0,0.0,0.0,0.0,0.0,0.0,0.0,0.0,0.0,0.0,0.0,0.0,0.0,0.0,0.0,0.0,0.0,8.0,2.0,1.0
2483,20.820390900000014,0,8.366,1.8578,1.7999,1.7408,0.1719,0.0028,0.005,0.0002,0.0317,0.042,0.0024,0.0007,0.0118,0.0001,0.002,0.0017,0.0001,0.0001,0.0092,0.0012,0.0005,0.0026,0.0001,0.0873,0.02,0.0001,0.0088,0.0,125.0,0.0,62.0,63.0,56.0,0.0,0.0,0.0,0.0,0.0,0.0,0.0,0.0,0.0,0.0,0.0,0.0,0.0,0.0,0.0,0.0,0.0,0.0,8.0,2.0,1.0
2484,20.828756900000013,0,8.4112,2.0106,1.8851,1.6381,0.1802,0.0031,0.0071,0.0002,0.0389,0.0516,0.0022,0.0008,0.0106,0.0001,0.0021,0.0015,0.0,0.0001,0.009,0.0012,0.0005,0.0029,0.0,0.0928,0.0181,0.0,0.0092,0.0,125.0,0.0,62.0,63.0,56.0,0.0,0.0,0.0,0.0,0.0,0.0,0.0,0.0,0.0,0.0,0.0,0.0,0.0,0.0,0.0,0.0,0.0,0.0,8.0,2.0,1.0
2485,20.837168100000014,0,8.2027,1.8793,1.7998,1.7388,0.1696,0.0027,0.0046,0.0002,0.0359,0.0458,0.0023,0.0006,0.0106,0.0001,0.0014,0.0019,0.0,0.0001,0.0086,0.0015,0.0005,0.0032,0.0,0.088,0.02,0.0002,0.008,0.0,125.0,0.0,62.0,63.0,56.0,0.0,0.0,0.0,0.0,0.0,0.0,0.0,0.0,0.0,0.0,0.0,0.0,0.0,0.0,0.0,0.0,0.0,0.0,8.0,2.0,1.0
2486,20.845370800000012,0,8.3989,1.7032,1.7914,1.7096,0.1735,0.0036,0.0063,0.0009,0.0339,0.0474,0.0023,0.0008,0.0107,0.0001,0.0015,0.0018,0.0002,0.0001,0.008,0.0011,0.0004,0.0023,0.0,0.0869,0.019,0.0,0.0084,0.0,125.0,0.0,62.0,63.0,56.0,0.0,0.0,0.0,0.0,0.0,0.0,0.0,0.0,0.0,0.0,0.0,0.0,0.0,0.0,0.0,0.0,0.0,0.0,8.0,2.0,1.0
2487,20.85376970000001,0,8.3153,1.8666,1.8204,1.8103,0.173,0.0031,0.0058,0.0003,0.0316,0.0432,0.0027,0.0008,0.0102,0.0002,0.0016,0.0022,0.0001,0.0001,0.0088,0.0016,0.0005,0.0027,0.0,0.0858,0.0186,0.0,0.0106,0.0,125.0,0.0,62.0,63.0,56.0,0.0,0.0,0.0,0.0,0.0,0.0,0.0,0.0,0.0,0.0,0.0,0.0,0.0,0.0,0.0,0.0,0.0,0.0,8.0,2.0,1.0
2488,20.86208500000001,0,8.2122,1.7701,1.7368,1.5884,0.1765,0.0024,0.0052,0.0002,0.0434,0.0532,0.0022,0.0008,0.0102,0.0002,0.0018,0.0015,0.0001,0.0001,0.0091,0.0013,0.0006,0.0027,0.0001,0.0951,0.0198,0.0001,0.0093,0.0,125.0,0.0,62.0,63.0,56.0,0.0,0.0,0.0,0.0,0.0,0.0,0.0,0.0,0.0,0.0,0.0,0.0,0.0,0.0,0.0,0.0,0.0,0.0,8.0,2.0,1.0
2489,20.87029720000001,0,8.4758,1.8429,1.7602,1.7931,0.1712,0.0027,0.0049,0.0003,0.0307,0.0412,0.0022,0.001,0.0117,0.0007,0.0016,0.0023,0.0001,0.0001,0.0089,0.0017,0.0005,0.0029,0.0,0.0853,0.0206,0.0001,0.0085,0.0,125.0,0.0,62.0,63.0,56.0,0.0,0.0,0.0,0.0,0.0,0.0,0.0,0.0,0.0,0.0,0.0,0.0,0.0,0.0,0.0,0.0,0.0,0.0,8.0,2.0,1.0
2490,20.87877300000001,0,8.3267,1.8791,1.8343,1.8388,0.1831,0.0027,0.0055,0.0002,0.0423,0.0533,0.0023,0.0008,0.0113,0.0001,0.0019,0.0016,0.0001,0.0001,0.0088,0.0012,0.0009,0.0028,0.0,0.0965,0.0199,0.0001,0.0089,0.0,125.0,0.0,62.0,63.0,56.0,0.0,0.0,0.0,0.0,0.0,0.0,0.0,0.0,0.0,0.0,0.0,0.0,0.0,0.0,0.0,0.0,0.0,0.0,8.0,2.0,1.0
2491,20.88709970000001,0,8.3697,1.9872,1.8324,1.7136,0.1791,0.003,0.0071,0.0003,0.0313,0.0441,0.0024,0.0008,0.0109,0.0002,0.0017,0.0022,0.0,0.0001,0.0088,0.0016,0.0005,0.003,0.0001,0.0871,0.0194,0.0001,0.0088,0.0,125.0,0.0,62.0,63.0,56.0,0.0,0.0,0.0,0.0,0.0,0.0,0.0,0.0,0.0,0.0,0.0,0.0,0.0,0.0,0.0,0.0,0.0,0.0,8.0,2.0,1.0
2492,20.89546940000001,0,8.521,1.847,2.0053,1.8124,0.1889,0.0047,0.0084,0.0003,0.0278,0.0443,0.0022,0.001,0.0119,0.0001,0.0016,0.0023,0.0001,0.0001,0.0086,0.002,0.0006,0.0027,0.0,0.0899,0.0197,0.0001,0.0086,0.0,125.0,0.0,62.0,63.0,56.0,0.0,0.0,0.0,0.0,0.0,0.0,0.0,0.0,0.0,0.0,0.0,0.0,0.0,0.0,0.0,0.0,0.0,0.0,8.0,2.0,1.0
2493,20.903990400000012,0,8.1208,1.8892,1.8897,1.8113,0.17,0.0035,0.0075,0.0003,0.0227,0.0367,0.0027,0.0008,0.0104,0.0001,0.0014,0.0021,0.0001,0.0001,0.0085,0.0018,0.0005,0.0027,0.0001,0.0785,0.0194,0.0,0.0085,0.0,125.0,0.0,62.0,63.0,56.0,0.0,0.0,0.0,0.0,0.0,0.0,0.0,0.0,0.0,0.0,0.0,0.0,0.0,0.0,0.0,0.0,0.0,0.0,8.0,2.0,1.0
2494,20.912111200000012,0,8.2652,1.7416,1.788,1.8163,0.1667,0.0027,0.0058,0.0002,0.0356,0.0477,0.0019,0.0008,0.0091,0.0002,0.002,0.0015,0.0001,0.0007,0.0083,0.0011,0.0005,0.0026,0.0,0.086,0.0168,0.0,0.0085,0.0,125.0,0.0,62.0,63.0,56.0,0.0,0.0,0.0,0.0,0.0,0.0,0.0,0.0,0.0,0.0,0.0,0.0,0.0,0.0,0.0,0.0,0.0,0.0,8.0,2.0,1.0
2495,20.920376400000013,0,8.3434,1.7263,1.7911,1.6914,0.1685,0.0027,0.0052,0.0002,0.0302,0.0407,0.0026,0.0008,0.012,0.0001,0.0021,0.0015,0.0001,0.0006,0.0087,0.0012,0.0005,0.0025,0.0001,0.0841,0.0198,0.0001,0.0087,0.0,125.0,0.0,62.0,63.0,56.0,0.0,0.0,0.0,0.0,0.0,0.0,0.0,0.0,0.0,0.0,0.0,0.0,0.0,0.0,0.0,0.0,0.0,0.0,8.0,2.0,1.0
2496,20.928719800000014,0,8.3176,1.9055,1.7359,1.6397,0.1807,0.0026,0.0052,0.0003,0.0399,0.0503,0.0024,0.0009,0.0113,0.0002,0.0016,0.0021,0.0001,0.0001,0.0096,0.0013,0.0005,0.0034,0.0,0.0953,0.0193,0.0001,0.0092,0.0,125.0,0.0,62.0,63.0,56.0,0.0,0.0,0.0,0.0,0.0,0.0,0.0,0.0,0.0,0.0,0.0,0.0,0.0,0.0,0.0,0.0,0.0,0.0,8.0,2.0,1.0
2497,20.937037400000015,0,8.363,1.8306,1.7404,1.8103,0.1595,0.0029,0.0063,0.0002,0.0275,0.0387,0.0025,0.0008,0.0096,0.0001,0.0017,0.0019,0.0001,0.0001,0.0089,0.0015,0.0005,0.0023,0.0,0.0776,0.0166,0.0,0.0097,0.0,125.0,0.0,62.0,63.0,56.0,0.0,0.0,0.0,0.0,0.0,0.0,0.0,0.0,0.0,0.0,0.0,0.0,0.0,0.0,0.0,0.0,0.0,0.0,8.0,2.0,1.0
2498,20.945400400000015,0,8.2986,1.9446,1.779,1.7079,0.1604,0.0026,0.0063,0.0002,0.0335,0.0446,0.002,0.0008,0.0098,0.0002,0.0014,0.0018,0.0001,0.0002,0.0082,0.0011,0.0005,0.0023,0.0,0.0823,0.0164,0.0,0.0085,0.0,125.0,0.0,62.0,63.0,56.0,0.0,0.0,0.0,0.0,0.0,0.0,0.0,0.0,0.0,0.0,0.0,0.0,0.0,0.0,0.0,0.0,0.0,0.0,8.0,2.0,1.0
2499,20.953699000000015,0,8.4849,1.7448,1.8923,1.7299,0.1704,0.0035,0.0061,0.0001,0.0289,0.0413,0.0026,0.0009,0.0107,0.0002,0.0015,0.0017,0.0001,0.0001,0.0082,0.0012,0.0004,0.0029,0.0,0.0821,0.0211,0.0001,0.0098,0.0,125.0,0.0,62.0,63.0,56.0,0.0,0.0,0.0,0.0,0.0,0.0,0.0,0.0,0.0,0.0,0.0,0.0,0.0,0.0,0.0,0.0,0.0,0.0,8.0,2.0,1.0
2500,20.962183900000014,0,8.2706,2.174,1.7906,1.6617,0.1952,0.0028,0.0064,0.0001,0.0667,0.0787,0.0022,0.0008,0.0098,0.0001,0.0014,0.0016,0.0001,0.0001,0.008,0.0015,0.0005,0.0023,0.0,0.1167,0.0175,0.0,0.009,0.0,125.0,0.0,62.0,63.0,56.0,0.0,0.0,0.0,0.0,0.0,0.0,0.0,0.0,0.0,0.0,0.0,0.0,0.0,0.0,0.0,0.0,0.0,0.0,8.0,2.0,1.0
2501,20.970454500000013,0,8.2916,1.745,1.8122,1.7141,0.1516,0.003,0.0057,0.0001,0.0253,0.0366,0.002,0.0007,0.0098,0.0001,0.0013,0.0015,0.0001,0.0001,0.0083,0.0014,0.0004,0.0023,0.0001,0.074,0.0154,0.0,0.0086,0.0,125.0,0.0,62.0,63.0,56.0,0.0,0.0,0.0,0.0,0.0,0.0,0.0,0.0,0.0,0.0,0.0,0.0,0.0,0.0,0.0,0.0,0.0,0.0,8.0,2.0,1.0
2502,20.978746100000013,0,8.296,1.7826,1.7868,1.7914,0.1756,0.0031,0.0046,0.0001,0.0408,0.0513,0.0023,0.0008,0.0102,0.0002,0.0021,0.0013,0.0001,0.0006,0.0089,0.0011,0.0005,0.0027,0.0001,0.0934,0.0185,0.0,0.0104,0.0,125.0,0.0,62.0,63.0,56.0,0.0,0.0,0.0,0.0,0.0,0.0,0.0,0.0,0.0,0.0,0.0,0.0,0.0,0.0,0.0,0.0,0.0,0.0,8.0,2.0,1.0
2503,20.987042100000014,0,8.4922,1.7996,1.886,1.6232,0.1807,0.0032,0.0047,0.0001,0.0328,0.0432,0.0025,0.001,0.013,0.0001,0.0023,0.0019,0.0002,0.0001,0.0089,0.0012,0.0009,0.003,0.0,0.0903,0.0201,0.0001,0.0078,0.0,125.0,0.0,62.0,63.0,56.0,0.0,0.0,0.0,0.0,0.0,0.0,0.0,0.0,0.0,0.0,0.0,0.0,0.0,0.0,0.0,0.0,0.0,0.0,8.0,2.0,1.0
2504,20.995534300000013,0,8.5141,1.8726,2.112,1.7409,0.1904,0.003,0.0068,0.0002,0.0399,0.0532,0.0021,0.0008,0.0105,0.0002,0.0021,0.0017,0.0001,0.0005,0.0092,0.0012,0.001,0.0025,0.0,0.0959,0.0197,0.0001,0.011,0.0,125.0,0.0,62.0,63.0,56.0,0.0,0.0,0.0,0.0,0.0,0.0,0.0,0.0,0.0,0.0,0.0,0.0,0.0,0.0,0.0,0.0,0.0,0.0,8.0,2.0,1.0
2505,21.004048400000013,0,8.1006,1.9181,1.9006,1.8585,0.1628,0.0031,0.0059,0.0001,0.0277,0.0388,0.0019,0.0007,0.0099,0.0002,0.0017,0.0015,0.0001,0.0001,0.0082,0.0012,0.0004,0.0024,0.0,0.0782,0.0174,0.0003,0.0082,0.0,125.0,0.0,62.0,63.0,56.0,0.0,0.0,0.0,0.0,0.0,0.0,0.0,0.0,0.0,0.0,0.0,0.0,0.0,0.0,0.0,0.0,0.0,0.0,8.0,2.0,1.0
2506,21.01214900000001,0,8.2035,1.8141,1.7272,1.7436,0.1626,0.0027,0.006,0.0002,0.0357,0.0464,0.0019,0.0005,0.0098,0.0002,0.0013,0.0017,0.0,0.0001,0.0083,0.0011,0.001,0.0024,0.0,0.0839,0.0188,0.0,0.0079,0.0,125.0,0.0,62.0,63.0,56.0,0.0,0.0,0.0,0.0,0.0,0.0,0.0,0.0,0.0,0.0,0.0,0.0,0.0,0.0,0.0,0.0,0.0,0.0,8.0,2.0,1.0
2507,21.020352500000012,0,8.4146,1.7759,1.7702,1.7307,0.1605,0.0032,0.0064,0.0001,0.0283,0.0403,0.002,0.0007,0.0097,0.0001,0.0019,0.0014,0.0001,0.0006,0.0079,0.0011,0.0004,0.0024,0.0,0.0786,0.0156,0.0001,0.0089,0.0,125.0,0.0,62.0,63.0,56.0,0.0,0.0,0.0,0.0,0.0,0.0,0.0,0.0,0.0,0.0,0.0,0.0,0.0,0.0,0.0,0.0,0.0,0.0,8.0,2.0,1.0
2508,21.02876710000001,0,8.2671,1.7731,1.8306,1.8162,0.1878,0.0029,0.005,0.0001,0.0403,0.0512,0.0025,0.0009,0.0123,0.0002,0.0015,0.002,0.0001,0.0001,0.0082,0.0016,0.0005,0.0029,0.0,0.0948,0.0219,0.0001,0.008,0.0,125.0,0.0,62.0,63.0,56.0,0.0,0.0,0.0,0.0,0.0,0.0,0.0,0.0,0.0,0.0,0.0,0.0,0.0,0.0,0.0,0.0,0.0,0.0,8.0,2.0,1.0
2509,21.03703420000001,0,8.4134,1.9632,1.7871,1.921,0.1766,0.0028,0.0048,0.0001,0.0342,0.0446,0.0027,0.0008,0.0129,0.0001,0.002,0.0015,0.0001,0.0001,0.0089,0.0012,0.0004,0.0028,0.0,0.0887,0.0198,0.0001,0.0081,0.0,125.0,0.0,62.0,63.0,56.0,0.0,0.0,0.0,0.0,0.0,0.0,0.0,0.0,0.0,0.0,0.0,0.0,0.0,0.0,0.0,0.0,0.0,0.0,8.0,2.0,1.0
2510,21.04544760000001,0,8.3187,1.7635,1.7735,1.8647,0.1713,0.0029,0.0058,0.0001,0.0368,0.0481,0.0022,0.0008,0.0117,0.0002,0.0015,0.0016,0.0,0.0001,0.0084,0.0018,0.0005,0.0027,0.0001,0.0899,0.0186,0.0,0.0079,0.0,125.0,0.0,62.0,63.0,56.0,0.0,0.0,0.0,0.0,0.0,0.0,0.0,0.0,0.0,0.0,0.0,0.0,0.0,0.0,0.0,0.0,0.0,0.0,8.0,2.0,1.0
2511,21.05376630000001,0,8.3099,1.7225,1.854,1.7747,0.1783,0.0028,0.0059,0.0002,0.0324,0.0441,0.0024,0.001,0.0118,0.0002,0.0016,0.0016,0.0,0.0001,0.0105,0.0012,0.0008,0.0028,0.0,0.0896,0.0205,0.0001,0.0083,0.0,125.0,0.0,62.0,63.0,56.0,0.0,0.0,0.0,0.0,0.0,0.0,0.0,0.0,0.0,0.0,0.0,0.0,0.0,0.0,0.0,0.0,0.0,0.0,8.0,2.0,1.0
2512,21.06207620000001,0,8.2983,1.7821,1.7656,1.7279,0.1734,0.0027,0.0054,0.0002,0.0369,0.0474,0.0024,0.0007,0.0104,0.0002,0.0016,0.0021,0.0001,0.0002,0.009,0.0011,0.0005,0.0026,0.0,0.0892,0.0209,0.0001,0.0081,0.0,125.0,0.0,62.0,63.0,56.0,0.0,0.0,0.0,0.0,0.0,0.0,0.0,0.0,0.0,0.0,0.0,0.0,0.0,0.0,0.0,0.0,0.0,0.0,8.0,2.0,1.0
2513,21.07037450000001,0,8.6145,1.8667,1.9795,1.8029,0.1633,0.0033,0.0046,0.0002,0.0331,0.0437,0.002,0.0007,0.0103,0.0001,0.0013,0.0015,0.0001,0.0001,0.0087,0.0012,0.0005,0.0023,0.0,0.0815,0.0169,0.0,0.0107,0.0,125.0,0.0,62.0,63.0,56.0,0.0,0.0,0.0,0.0,0.0,0.0,0.0,0.0,0.0,0.0,0.0,0.0,0.0,0.0,0.0,0.0,0.0,0.0,8.0,2.0,1.0
2514,21.07898900000001,0,8.0706,1.7051,1.8082,1.649,0.1674,0.0027,0.0066,0.0009,0.035,0.0478,0.0019,0.0006,0.0093,0.0001,0.0016,0.0014,0.0001,0.0001,0.0083,0.0011,0.0004,0.0026,0.0,0.0853,0.0195,0.0001,0.0092,0.0,125.0,0.0,62.0,63.0,56.0,0.0,0.0,0.0,0.0,0.0,0.0,0.0,0.0,0.0,0.0,0.0,0.0,0.0,0.0,0.0,0.0,0.0,0.0,8.0,2.0,1.0
2515,21.08705960000001,0,8.2304,1.7825,1.7005,1.7415,0.1598,0.003,0.0048,0.0003,0.0337,0.0439,0.0024,0.0006,0.0089,0.0001,0.0016,0.0015,0.0,0.0001,0.0079,0.0011,0.0004,0.0025,0.0,0.0833,0.0153,0.0001,0.0092,0.0,125.0,0.0,62.0,63.0,56.0,0.0,0.0,0.0,0.0,0.0,0.0,0.0,0.0,0.0,0.0,0.0,0.0,0.0,0.0,0.0,0.0,0.0,0.0,8.0,2.0,1.0
2516,21.09529000000001,0,8.4502,1.8707,1.752,1.6859,0.1766,0.0031,0.0054,0.0003,0.0349,0.0463,0.0031,0.0007,0.0125,0.0001,0.0016,0.0014,0.0001,0.0001,0.0081,0.0011,0.0004,0.0023,0.0,0.0864,0.0212,0.0001,0.0083,0.0,125.0,0.0,62.0,63.0,56.0,0.0,0.0,0.0,0.0,0.0,0.0,0.0,0.0,0.0,0.0,0.0,0.0,0.0,0.0,0.0,0.0,0.0,0.0,8.0,2.0,1.0
2517,21.103740200000008,0,8.2106,1.9077,1.7073,1.8041,0.164,0.003,0.0054,0.0003,0.0295,0.0408,0.0027,0.0009,0.0126,0.0001,0.0016,0.0016,0.0001,0.0001,0.0086,0.0013,0.0009,0.0028,0.0,0.0838,0.0194,0.0,0.0081,0.0,125.0,0.0,62.0,63.0,56.0,0.0,0.0,0.0,0.0,0.0,0.0,0.0,0.0,0.0,0.0,0.0,0.0,0.0,0.0,0.0,0.0,0.0,0.0,8.0,2.0,1.0
2518,21.11195080000001,0,8.4223,1.8757,1.7462,1.6055,0.1822,0.0032,0.0054,0.0002,0.0444,0.055,0.0026,0.0008,0.011,0.0001,0.0014,0.0013,0.0,0.0002,0.0085,0.0012,0.0004,0.0028,0.0001,0.0961,0.0207,0.0001,0.0082,0.0,125.0,0.0,62.0,63.0,56.0,0.0,0.0,0.0,0.0,0.0,0.0,0.0,0.0,0.0,0.0,0.0,0.0,0.0,0.0,0.0,0.0,0.0,0.0,8.0,2.0,1.0
2519,21.12037310000001,0,8.2978,1.835,1.716,1.6042,0.1625,0.0031,0.008,0.0002,0.0259,0.0394,0.0021,0.0007,0.0101,0.0001,0.002,0.0013,0.0,0.0005,0.0083,0.0012,0.0005,0.0028,0.0001,0.0792,0.0175,0.0,0.0085,0.0,125.0,0.0,62.0,63.0,56.0,0.0,0.0,0.0,0.0,0.0,0.0,0.0,0.0,0.0,0.0,0.0,0.0,0.0,0.0,0.0,0.0,0.0,0.0,8.0,2.0,1.0
2520,21.12867090000001,0,8.4092,1.8686,1.7601,1.8178,0.1551,0.0029,0.0075,0.0002,0.0266,0.0393,0.0022,0.0007,0.009,0.0001,0.0013,0.002,0.0001,0.0001,0.0083,0.0011,0.0009,0.0024,0.0,0.0762,0.0163,0.0,0.0084,0.0,125.0,0.0,62.0,63.0,56.0,0.0,0.0,0.0,0.0,0.0,0.0,0.0,0.0,0.0,0.0,0.0,0.0,0.0,0.0,0.0,0.0,0.0,0.0,8.0,2.0,1.0
2521,21.13708010000001,0,8.2989,1.7268,1.7319,1.7398,0.162,0.0028,0.0046,0.0002,0.0268,0.0366,0.0023,0.0012,0.0118,0.0002,0.0014,0.002,0.0001,0.0001,0.0079,0.0011,0.0004,0.0027,0.0001,0.0783,0.0197,0.0001,0.0093,0.0,125.0,0.0,62.0,63.0,56.0,0.0,0.0,0.0,0.0,0.0,0.0,0.0,0.0,0.0,0.0,0.0,0.0,0.0,0.0,0.0,0.0,0.0,0.0,8.0,2.0,1.0
2522,21.14537900000001,0,8.3872,1.8486,1.8669,1.6944,0.1768,0.0029,0.0057,0.0002,0.0369,0.0481,0.0024,0.0006,0.0116,0.0002,0.0016,0.0017,0.0001,0.0001,0.0082,0.0012,0.0005,0.0027,0.0001,0.09,0.0194,0.0,0.0092,0.0,125.0,0.0,62.0,63.0,56.0,0.0,0.0,0.0,0.0,0.0,0.0,0.0,0.0,0.0,0.0,0.0,0.0,0.0,0.0,0.0,0.0,0.0,0.0,8.0,2.0,1.0
2523,21.15376620000001,0,8.3287,1.7616,1.7915,1.6528,0.2061,0.0024,0.0061,0.0003,0.0265,0.0377,0.0553,0.0007,0.0623,0.0002,0.0014,0.0018,0.0,0.0001,0.008,0.0015,0.0004,0.0023,0.0001,0.1282,0.016,0.0001,0.0075,0.0,125.0,0.0,62.0,63.0,56.0,0.0,0.0,0.0,0.0,0.0,0.0,0.0,0.0,0.0,0.0,0.0,0.0,0.0,0.0,0.0,0.0,0.0,0.0,8.0,2.0,1.0
2524,21.16209490000001,0,8.5128,1.7497,1.9498,1.6592,0.1823,0.003,0.0061,0.0003,0.0326,0.045,0.002,0.0006,0.0104,0.0002,0.0016,0.0017,0.0002,0.0002,0.0094,0.0013,0.001,0.0025,0.0,0.0873,0.0199,0.0001,0.0098,0.0,125.0,0.0,62.0,63.0,56.0,0.0,0.0,0.0,0.0,0.0,0.0,0.0,0.0,0.0,0.0,0.0,0.0,0.0,0.0,0.0,0.0,0.0,0.0,8.0,2.0,1.0
2525,21.17060770000001,0,8.2408,2.0657,1.9494,1.7604,0.1731,0.0029,0.0047,0.0003,0.0312,0.0415,0.0023,0.0008,0.0108,0.0001,0.0016,0.002,0.0,0.0002,0.0088,0.0015,0.0005,0.0029,0.0,0.0838,0.0207,0.0001,0.0096,0.0,125.0,0.0,62.0,63.0,56.0,0.0,0.0,0.0,0.0,0.0,0.0,0.0,0.0,0.0,0.0,0.0,0.0,0.0,0.0,0.0,0.0,0.0,0.0,8.0,2.0,1.0
2526,21.178848500000008,0,8.2664,1.7456,1.7473,1.719,0.151,0.0026,0.0059,0.0001,0.0351,0.0459,0.0022,0.0005,0.0085,0.0001,0.0015,0.0013,0.0001,0.0002,0.0084,0.0011,0.0005,0.0022,0.0,0.0811,0.0141,0.0,0.0077,0.0,125.0,0.0,62.0,63.0,56.0,0.0,0.0,0.0,0.0,0.0,0.0,0.0,0.0,0.0,0.0,0.0,0.0,0.0,0.0,0.0,0.0,0.0,0.0,8.0,2.0,1.0
2527,21.187114900000008,0,8.3473,1.7239,1.8705,1.6272,0.1649,0.0031,0.0065,0.0001,0.0311,0.0431,0.002,0.0008,0.01,0.0001,0.0022,0.0016,0.0001,0.0001,0.008,0.0012,0.0005,0.0024,0.0,0.0814,0.017,0.0,0.0076,0.0,125.0,0.0,62.0,63.0,56.0,0.0,0.0,0.0,0.0,0.0,0.0,0.0,0.0,0.0,0.0,0.0,0.0,0.0,0.0,0.0,0.0,0.0,0.0,8.0,2.0,1.0
2528,21.19546220000001,0,8.2788,1.754,1.8014,1.8154,0.1797,0.0026,0.0066,0.0009,0.0402,0.0536,0.0026,0.0008,0.0127,0.0001,0.0015,0.0018,0.0001,0.0001,0.0088,0.0015,0.0004,0.0027,0.0,0.0973,0.0188,0.0,0.009,0.0,125.0,0.0,62.0,63.0,56.0,0.0,0.0,0.0,0.0,0.0,0.0,0.0,0.0,0.0,0.0,0.0,0.0,0.0,0.0,0.0,0.0,0.0,0.0,8.0,2.0,1.0
2529,21.203741000000008,0,8.3702,1.8691,1.7655,1.7322,0.1579,0.0028,0.0067,0.0002,0.0265,0.0388,0.002,0.0008,0.0098,0.0001,0.0014,0.0019,0.0001,0.0001,0.0081,0.0014,0.0005,0.0028,0.0001,0.0773,0.0167,0.0,0.0097,0.0,125.0,0.0,62.0,63.0,56.0,0.0,0.0,0.0,0.0,0.0,0.0,0.0,0.0,0.0,0.0,0.0,0.0,0.0,0.0,0.0,0.0,0.0,0.0,8.0,2.0,1.0
2530,21.21211120000001,0,8.238,1.7477,1.7742,1.679,0.1763,0.0029,0.0047,0.0002,0.0375,0.0473,0.0028,0.0008,0.0118,0.0001,0.0018,0.0015,0.0001,0.0001,0.009,0.0011,0.0005,0.003,0.0,0.0953,0.0206,0.0,0.0084,0.0,125.0,0.0,62.0,63.0,54.0,0.0,0.0,0.0,0.0,0.0,0.0,0.0,0.0,0.0,0.0,0.0,0.0,0.0,0.0,0.0,0.0,0.0,0.0,8.0,2.0,1.0
2531,21.22034920000001,0,8.4291,1.8482,1.7444,1.68,0.1474,0.0028,0.0045,0.0002,0.03,0.0393,0.0023,0.0005,0.0072,0.0001,0.0018,0.0014,0.0,0.0001,0.0077,0.0013,0.0004,0.0024,0.0001,0.0738,0.016,0.0001,0.0098,0.0,125.0,0.0,62.0,63.0,54.0,0.0,0.0,0.0,0.0,0.0,0.0,0.0,0.0,0.0,0.0,0.0,0.0,0.0,0.0,0.0,0.0,0.0,0.0,8.0,2.0,1.0
2532,21.22877830000001,0,8.392,1.8064,1.7988,1.6152,0.1685,0.0028,0.0058,0.0002,0.0366,0.0483,0.003,0.0009,0.012,0.0002,0.0014,0.0016,0.0,0.0001,0.0089,0.0013,0.0004,0.0032,0.0,0.0898,0.0187,0.0001,0.0088,0.0,125.0,0.0,62.0,63.0,54.0,0.0,0.0,0.0,0.0,0.0,0.0,0.0,0.0,0.0,0.0,0.0,0.0,0.0,0.0,0.0,0.0,0.0,0.0,8.0,2.0,1.0
2533,21.23717030000001,0,8.2685,1.912,1.779,1.5896,0.1611,0.0025,0.005,0.0002,0.0318,0.0414,0.0031,0.0008,0.0114,0.0002,0.0015,0.0017,0.0001,0.0001,0.0083,0.0016,0.0005,0.0026,0.0001,0.0827,0.0167,0.0001,0.0079,0.0,125.0,0.0,62.0,63.0,54.0,0.0,0.0,0.0,0.0,0.0,0.0,0.0,0.0,0.0,0.0,0.0,0.0,0.0,0.0,0.0,0.0,0.0,0.0,8.0,2.0,1.0
2534,21.24543880000001,0,8.3583,1.7493,1.7145,1.5921,0.1936,0.0035,0.0083,0.0002,0.0393,0.0539,0.0033,0.0012,0.014,0.0001,0.0018,0.0016,0.0001,0.0002,0.0107,0.0015,0.0005,0.0027,0.0,0.1023,0.0218,0.0,0.008,0.0,125.0,0.0,62.0,63.0,54.0,0.0,0.0,0.0,0.0,0.0,0.0,0.0,0.0,0.0,0.0,0.0,0.0,0.0,0.0,0.0,0.0,0.0,0.0,8.0,2.0,1.0
2535,21.25379710000001,0,8.1846,1.812,1.7323,1.6971,0.1511,0.0027,0.0065,0.0002,0.0251,0.0371,0.0018,0.0007,0.0086,0.0001,0.0017,0.0013,0.0001,0.0001,0.008,0.0013,0.0004,0.0023,0.0001,0.0737,0.0163,0.0001,0.0086,0.0,125.0,0.0,62.0,63.0,54.0,0.0,0.0,0.0,0.0,0.0,0.0,0.0,0.0,0.0,0.0,0.0,0.0,0.0,0.0,0.0,0.0,0.0,0.0,8.0,2.0,1.0
2536,21.26198170000001,0,8.6146,1.8047,1.8988,1.5732,0.1606,0.0025,0.0056,0.0002,0.0398,0.0504,0.002,0.0007,0.0096,0.0001,0.0015,0.0013,0.0001,0.0001,0.0081,0.001,0.0004,0.0022,0.0,0.0861,0.0167,0.0,0.009,0.0,125.0,0.0,62.0,63.0,54.0,0.0,0.0,0.0,0.0,0.0,0.0,0.0,0.0,0.0,0.0,0.0,0.0,0.0,0.0,0.0,0.0,0.0,0.0,8.0,2.0,1.0
2537,21.270596300000012,0,8.1824,2.2135,1.7368,1.7655,0.1661,0.003,0.0047,0.0002,0.0314,0.0419,0.0027,0.0009,0.0116,0.0002,0.0018,0.0014,0.0002,0.0001,0.0089,0.0013,0.0005,0.0026,0.0001,0.0853,0.0187,0.0,0.0089,0.0,125.0,0.0,62.0,63.0,54.0,0.0,0.0,0.0,0.0,0.0,0.0,0.0,0.0,0.0,0.0,0.0,0.0,0.0,0.0,0.0,0.0,0.0,0.0,8.0,2.0,1.0
2538,21.27877870000001,0,8.3244,1.7857,1.7944,1.5819,0.1745,0.003,0.007,0.0002,0.0388,0.0511,0.0025,0.0007,0.0118,0.0001,0.0016,0.0014,0.0,0.0001,0.0081,0.0012,0.0005,0.003,0.0,0.0929,0.0166,0.0001,0.0073,0.0,125.0,0.0,62.0,63.0,54.0,0.0,0.0,0.0,0.0,0.0,0.0,0.0,0.0,0.0,0.0,0.0,0.0,0.0,0.0,0.0,0.0,0.0,0.0,8.0,2.0,1.0
2539,21.28710310000001,0,8.286,1.826,1.7287,1.7213,0.1534,0.0024,0.0049,0.0002,0.0314,0.0412,0.002,0.0007,0.01,0.0001,0.0016,0.0015,0.0001,0.0002,0.0082,0.0017,0.0004,0.0022,0.0,0.0786,0.0167,0.0,0.0076,0.0,125.0,0.0,62.0,63.0,54.0,0.0,0.0,0.0,0.0,0.0,0.0,0.0,0.0,0.0,0.0,0.0,0.0,0.0,0.0,0.0,0.0,0.0,0.0,8.0,2.0,1.0
2540,21.29538910000001,0,8.5058,1.7398,1.843,1.6615,0.189,0.003,0.0047,0.0002,0.0463,0.0571,0.0029,0.001,0.0126,0.0001,0.0017,0.0016,0.0007,0.0001,0.01,0.0013,0.0005,0.0027,0.0001,0.1023,0.0191,0.0,0.0087,0.0,125.0,0.0,62.0,63.0,54.0,0.0,0.0,0.0,0.0,0.0,0.0,0.0,0.0,0.0,0.0,0.0,0.0,0.0,0.0,0.0,0.0,0.0,0.0,8.0,2.0,1.0
2541,21.303894900000007,0,8.2252,1.9175,1.8074,1.7081,0.1549,0.003,0.0069,0.0002,0.0222,0.0344,0.002,0.0007,0.0077,0.0002,0.0019,0.0013,0.0001,0.0001,0.0086,0.0013,0.0004,0.0026,0.0,0.0715,0.0163,0.0001,0.0079,0.0,125.0,0.0,62.0,63.0,54.0,0.0,0.0,0.0,0.0,0.0,0.0,0.0,0.0,0.0,0.0,0.0,0.0,0.0,0.0,0.0,0.0,0.0,0.0,8.0,2.0,1.0
2542,21.312120100000005,0,8.3819,1.8847,1.8595,1.701,0.1829,0.0037,0.0068,0.0003,0.0346,0.0482,0.0028,0.0009,0.0109,0.0001,0.0015,0.0019,0.0001,0.0001,0.0089,0.0018,0.0005,0.0031,0.0,0.0902,0.0209,0.0001,0.0079,0.0,125.0,0.0,62.0,63.0,54.0,0.0,0.0,0.0,0.0,0.0,0.0,0.0,0.0,0.0,0.0,0.0,0.0,0.0,0.0,0.0,0.0,0.0,0.0,8.0,2.0,1.0
2543,21.320502000000005,0,8.2536,1.8947,1.7525,1.7348,0.1795,0.0041,0.0064,0.0002,0.0328,0.0457,0.0024,0.0008,0.0127,0.0002,0.0016,0.0018,0.0,0.0001,0.0087,0.0014,0.0005,0.0027,0.0,0.0901,0.0193,0.0,0.0088,0.0,125.0,0.0,62.0,63.0,54.0,0.0,0.0,0.0,0.0,0.0,0.0,0.0,0.0,0.0,0.0,0.0,0.0,0.0,0.0,0.0,0.0,0.0,0.0,8.0,2.0,1.0
2544,21.328755600000004,0,8.5897,1.8925,2.0175,1.7014,0.1895,0.0028,0.0055,0.0002,0.0419,0.0535,0.0022,0.0008,0.012,0.0002,0.0016,0.002,0.0001,0.0001,0.009,0.0016,0.0005,0.0026,0.0,0.0965,0.0216,0.0001,0.0097,0.0,125.0,0.0,62.0,63.0,54.0,0.0,0.0,0.0,0.0,0.0,0.0,0.0,0.0,0.0,0.0,0.0,0.0,0.0,0.0,0.0,0.0,0.0,0.0,8.0,2.0,1.0
2545,21.337345300000006,0,8.2456,1.9814,1.828,1.8685,0.1795,0.0046,0.0081,0.0004,0.0298,0.0448,0.003,0.0008,0.011,0.0002,0.0017,0.0023,0.0001,0.0002,0.0101,0.0012,0.0004,0.0027,0.0,0.0889,0.0208,0.0,0.0152,0.0,125.0,0.0,62.0,63.0,54.0,0.0,0.0,0.0,0.0,0.0,0.0,0.0,0.0,0.0,0.0,0.0,0.0,0.0,0.0,0.0,0.0,0.0,0.0,8.0,2.0,1.0
2546,21.345590900000005,0,8.2113,1.8082,1.8814,1.8071,0.1812,0.0032,0.0053,0.0002,0.0397,0.051,0.0022,0.0008,0.0122,0.0002,0.0023,0.0016,0.0001,0.0007,0.0085,0.0013,0.0005,0.0028,0.0001,0.0958,0.019,0.0,0.0072,0.0,125.0,0.0,62.0,63.0,54.0,0.0,0.0,0.0,0.0,0.0,0.0,0.0,0.0,0.0,0.0,0.0,0.0,0.0,0.0,0.0,0.0,0.0,0.0,8.0,2.0,1.0
2547,21.353802200000004,0,8.3659,1.9721,1.7108,1.8655,0.1709,0.0033,0.0051,0.0002,0.0328,0.0434,0.0022,0.0008,0.0109,0.0001,0.0013,0.0016,0.0001,0.0002,0.0085,0.0012,0.0008,0.0024,0.0,0.0847,0.019,0.0001,0.0078,0.0,125.0,0.0,62.0,63.0,54.0,0.0,0.0,0.0,0.0,0.0,0.0,0.0,0.0,0.0,0.0,0.0,0.0,0.0,0.0,0.0,0.0,0.0,0.0,8.0,2.0,1.0
2548,21.362168100000005,0,8.3463,1.9626,1.9055,1.8699,0.1808,0.0025,0.0046,0.0002,0.0416,0.0513,0.0023,0.0009,0.012,0.0001,0.0016,0.002,0.0001,0.0001,0.0089,0.0013,0.0005,0.0028,0.0,0.0948,0.02,0.0002,0.0069,0.0,125.0,0.0,62.0,63.0,54.0,0.0,0.0,0.0,0.0,0.0,0.0,0.0,0.0,0.0,0.0,0.0,0.0,0.0,0.0,0.0,0.0,0.0,0.0,8.0,2.0,1.0
2549,21.370514400000005,0,8.311,1.9632,1.8463,1.7211,0.1633,0.0029,0.0049,0.0002,0.0317,0.0419,0.0019,0.0007,0.0091,0.0001,0.0018,0.0014,0.0001,0.0001,0.009,0.0011,0.0004,0.0024,0.0,0.0807,0.0193,0.0001,0.0083,0.0,125.0,0.0,62.0,63.0,54.0,0.0,0.0,0.0,0.0,0.0,0.0,0.0,0.0,0.0,0.0,0.0,0.0,0.0,0.0,0.0,0.0,0.0,0.0,8.0,2.0,1.0
2550,21.378825400000004,0,8.3867,1.9181,1.8222,1.7327,0.1849,0.0031,0.0077,0.0002,0.0402,0.0537,0.0024,0.001,0.0108,0.0002,0.0017,0.002,0.0001,0.0001,0.009,0.0013,0.0005,0.0028,0.0,0.0966,0.0181,0.0,0.0076,0.0,125.0,0.0,62.0,63.0,54.0,0.0,0.0,0.0,0.0,0.0,0.0,0.0,0.0,0.0,0.0,0.0,0.0,0.0,0.0,0.0,0.0,0.0,0.0,8.0,2.0,1.0
2551,21.387212100000003,0,8.2112,1.9012,1.8128,1.6897,0.1726,0.0031,0.0057,0.0003,0.0305,0.0426,0.0022,0.0008,0.011,0.0002,0.0021,0.0014,0.0001,0.0001,0.0087,0.0018,0.0004,0.0028,0.0,0.0847,0.0179,0.0001,0.0091,0.0,125.0,0.0,62.0,63.0,54.0,0.0,0.0,0.0,0.0,0.0,0.0,0.0,0.0,0.0,0.0,0.0,0.0,0.0,0.0,0.0,0.0,0.0,0.0,8.0,2.0,1.0
2552,21.395423300000004,0,8.4087,1.8424,1.7862,1.6756,0.1807,0.0029,0.0072,0.0002,0.0375,0.0504,0.0022,0.001,0.0115,0.0001,0.0022,0.0015,0.0001,0.0001,0.0088,0.0014,0.0004,0.0027,0.0001,0.0933,0.0183,0.0001,0.0081,0.0,125.0,0.0,62.0,63.0,54.0,0.0,0.0,0.0,0.0,0.0,0.0,0.0,0.0,0.0,0.0,0.0,0.0,0.0,0.0,0.0,0.0,0.0,0.0,8.0,2.0,1.0
2553,21.403832000000005,0,8.3841,1.9009,1.8632,1.9183,0.1631,0.0028,0.0051,0.0002,0.0318,0.0423,0.002,0.0006,0.0101,0.0006,0.0015,0.0014,0.0001,0.0001,0.0089,0.0012,0.001,0.0023,0.0,0.082,0.0169,0.0,0.0091,0.0,125.0,0.0,62.0,63.0,56.0,0.0,0.0,0.0,0.0,0.0,0.0,0.0,0.0,0.0,0.0,0.0,0.0,0.0,0.0,0.0,0.0,0.0,0.0,8.0,2.0,1.0
2554,21.412216100000006,0,8.2852,1.8,1.8753,1.7422,0.1791,0.0026,0.0052,0.0002,0.0405,0.051,0.0022,0.0008,0.0098,0.0002,0.0021,0.0016,0.0001,0.0007,0.0086,0.0013,0.0005,0.0027,0.0001,0.0922,0.0204,0.0,0.0082,0.0,125.0,0.0,62.0,63.0,56.0,0.0,0.0,0.0,0.0,0.0,0.0,0.0,0.0,0.0,0.0,0.0,0.0,0.0,0.0,0.0,0.0,0.0,0.0,8.0,2.0,1.0
2555,21.420501300000005,0,8.2818,1.9446,1.7701,1.7269,0.1541,0.0024,0.005,0.0001,0.0319,0.0417,0.0022,0.0006,0.0103,0.0001,0.0013,0.0016,0.0,0.0001,0.0078,0.0016,0.0004,0.0024,0.0,0.0785,0.0168,0.0,0.0085,0.0,125.0,0.0,62.0,63.0,56.0,0.0,0.0,0.0,0.0,0.0,0.0,0.0,0.0,0.0,0.0,0.0,0.0,0.0,0.0,0.0,0.0,0.0,0.0,8.0,2.0,1.0
2556,21.428783100000004,0,8.3906,1.8686,1.8358,1.8023,0.1776,0.0025,0.0055,0.0002,0.0404,0.0516,0.0023,0.0009,0.0098,0.0001,0.0017,0.0016,0.0002,0.0001,0.0086,0.0013,0.0005,0.0027,0.0001,0.0926,0.0189,0.0,0.0087,0.0,125.0,0.0,62.0,63.0,56.0,0.0,0.0,0.0,0.0,0.0,0.0,0.0,0.0,0.0,0.0,0.0,0.0,0.0,0.0,0.0,0.0,0.0,0.0,8.0,2.0,1.0
2557,21.437173700000002,0,8.3804,1.9133,1.8526,1.7377,0.1565,0.0028,0.0063,0.0002,0.028,0.0394,0.0021,0.0007,0.0094,0.0001,0.0015,0.0015,0.0001,0.0001,0.0082,0.0012,0.0005,0.0029,0.0,0.0768,0.0182,0.0001,0.01,0.0,125.0,0.0,62.0,63.0,56.0,0.0,0.0,0.0,0.0,0.0,0.0,0.0,0.0,0.0,0.0,0.0,0.0,0.0,0.0,0.0,0.0,0.0,0.0,8.0,2.0,1.0
2558,21.445554100000003,0,8.3179,1.8803,1.9146,1.8684,0.1662,0.0029,0.0049,0.0002,0.0372,0.0473,0.0024,0.0007,0.0106,0.0002,0.0013,0.0015,0.0002,0.0001,0.0082,0.0016,0.0004,0.0023,0.0,0.0862,0.0188,0.0001,0.0077,0.0,125.0,0.0,62.0,63.0,56.0,0.0,0.0,0.0,0.0,0.0,0.0,0.0,0.0,0.0,0.0,0.0,0.0,0.0,0.0,0.0,0.0,0.0,0.0,8.0,2.0,1.0
2559,21.453872000000004,0,8.3069,1.9206,1.7792,1.8042,0.1726,0.0035,0.0058,0.0002,0.036,0.0479,0.0022,0.0009,0.0112,0.0001,0.0014,0.0019,0.0,0.0002,0.0086,0.0011,0.0004,0.0027,0.0,0.0886,0.0186,0.0,0.0086,0.0,125.0,0.0,62.0,63.0,56.0,0.0,0.0,0.0,0.0,0.0,0.0,0.0,0.0,0.0,0.0,0.0,0.0,0.0,0.0,0.0,0.0,0.0,0.0,8.0,2.0,1.0
2560,21.462178900000005,0,8.3898,1.9357,1.8936,1.85,0.1845,0.0032,0.0072,0.0002,0.0374,0.0504,0.0024,0.0008,0.0109,0.0002,0.0019,0.0017,0.0001,0.0002,0.0084,0.0017,0.0005,0.0026,0.0,0.0927,0.0229,0.0,0.009,0.0,125.0,0.0,62.0,63.0,56.0,0.0,0.0,0.0,0.0,0.0,0.0,0.0,0.0,0.0,0.0,0.0,0.0,0.0,0.0,0.0,0.0,0.0,0.0,8.0,2.0,1.0
2561,21.470568700000005,0,8.2623,1.9844,1.9219,1.8243,0.1724,0.004,0.0053,0.0003,0.0295,0.0416,0.0024,0.0008,0.0122,0.0001,0.0016,0.0022,0.0001,0.0001,0.0087,0.0016,0.0005,0.0028,0.0001,0.0857,0.02,0.0,0.0086,0.0,125.0,0.0,62.0,63.0,56.0,0.0,0.0,0.0,0.0,0.0,0.0,0.0,0.0,0.0,0.0,0.0,0.0,0.0,0.0,0.0,0.0,0.0,0.0,8.0,2.0,1.0
2562,21.478831000000003,0,8.4361,1.9175,1.7689,1.7665,0.1752,0.0032,0.0046,0.0002,0.0428,0.053,0.0028,0.0007,0.0108,0.0002,0.0015,0.0019,0.0001,0.0001,0.0093,0.0012,0.0005,0.0032,0.0,0.095,0.0179,0.0,0.0085,0.0,125.0,0.0,62.0,63.0,56.0,0.0,0.0,0.0,0.0,0.0,0.0,0.0,0.0,0.0,0.0,0.0,0.0,0.0,0.0,0.0,0.0,0.0,0.0,8.0,2.0,1.0
2563,21.487267100000004,0,8.2211,1.9493,1.9159,1.8646,0.1612,0.0032,0.0047,0.0001,0.0315,0.042,0.0024,0.0007,0.0093,0.0002,0.0016,0.0018,0.0001,0.0001,0.0084,0.0011,0.0008,0.0024,0.0,0.0804,0.0179,0.0,0.0097,0.0,125.0,0.0,62.0,63.0,56.0,0.0,0.0,0.0,0.0,0.0,0.0,0.0,0.0,0.0,0.0,0.0,0.0,0.0,0.0,0.0,0.0,0.0,0.0,8.0,2.0,1.0
2564,21.495488200000004,0,8.3629,1.8055,1.8127,1.9586,0.1659,0.0027,0.0063,0.0002,0.0353,0.0468,0.0019,0.0006,0.0099,0.0001,0.0012,0.0018,0.0,0.0001,0.0086,0.0014,0.0004,0.0024,0.0001,0.0851,0.0177,0.0001,0.0085,0.0,125.0,0.0,62.0,63.0,56.0,0.0,0.0,0.0,0.0,0.0,0.0,0.0,0.0,0.0,0.0,0.0,0.0,0.0,0.0,0.0,0.0,0.0,0.0,8.0,2.0,1.0
2565,21.503851100000006,0,8.2128,1.8954,1.7673,1.8067,0.1522,0.0032,0.006,0.0001,0.0268,0.0381,0.0023,0.0006,0.0102,0.0002,0.0013,0.0018,0.0001,0.0001,0.0079,0.0012,0.0008,0.0024,0.0,0.0765,0.0164,0.0,0.0088,0.0,125.0,0.0,62.0,63.0,56.0,0.0,0.0,0.0,0.0,0.0,0.0,0.0,0.0,0.0,0.0,0.0,0.0,0.0,0.0,0.0,0.0,0.0,0.0,8.0,2.0,1.0
2566,21.512063900000005,0,8.3365,1.9007,1.7737,1.6932,0.1717,0.003,0.0053,0.0001,0.0385,0.0492,0.0028,0.0006,0.0109,0.0002,0.0017,0.0017,0.0001,0.0001,0.0082,0.0017,0.0005,0.0027,0.0001,0.0902,0.0183,0.0,0.0075,0.0,125.0,0.0,62.0,63.0,56.0,0.0,0.0,0.0,0.0,0.0,0.0,0.0,0.0,0.0,0.0,0.0,0.0,0.0,0.0,0.0,0.0,0.0,0.0,8.0,2.0,1.0
2567,21.520400400000003,0,8.4939,1.9191,1.8282,1.8456,0.1632,0.0024,0.0045,0.0001,0.0312,0.0402,0.0023,0.0007,0.0119,0.0001,0.0016,0.0013,0.0,0.0002,0.0087,0.0013,0.0011,0.0027,0.0001,0.0831,0.02,0.0,0.0106,0.0,125.0,0.0,62.0,63.0,56.0,0.0,0.0,0.0,0.0,0.0,0.0,0.0,0.0,0.0,0.0,0.0,0.0,0.0,0.0,0.0,0.0,0.0,0.0,8.0,2.0,1.0
2568,21.528894300000005,0,8.2579,1.9981,1.8097,1.6732,0.1771,0.0031,0.0049,0.0001,0.0394,0.0498,0.0022,0.0008,0.0122,0.0001,0.0017,0.0017,0.0001,0.0001,0.0084,0.0013,0.001,0.0027,0.0,0.0931,0.019,0.0,0.0088,0.0,125.0,0.0,62.0,63.0,56.0,0.0,0.0,0.0,0.0,0.0,0.0,0.0,0.0,0.0,0.0,0.0,0.0,0.0,0.0,0.0,0.0,0.0,0.0,8.0,2.0,1.0
2569,21.537152200000005,0,8.2814,1.8361,1.7143,1.7093,0.1641,0.0026,0.0049,0.0002,0.0308,0.0416,0.0021,0.0008,0.0113,0.0001,0.0015,0.0015,0.0,0.0002,0.0084,0.0013,0.0005,0.003,0.0001,0.0828,0.0198,0.0001,0.0083,0.0,125.0,0.0,62.0,63.0,56.0,0.0,0.0,0.0,0.0,0.0,0.0,0.0,0.0,0.0,0.0,0.0,0.0,0.0,0.0,0.0,0.0,0.0,0.0,8.0,2.0,1.0
2570,21.545433600000006,0,8.5255,1.8651,1.9403,1.8817,0.1814,0.0031,0.0059,0.0003,0.0371,0.0487,0.0024,0.001,0.0113,0.0001,0.0015,0.0017,0.0,0.0001,0.0082,0.0012,0.0005,0.0028,0.0001,0.0902,0.0205,0.0,0.0081,0.0,125.0,0.0,62.0,63.0,56.0,0.0,0.0,0.0,0.0,0.0,0.0,0.0,0.0,0.0,0.0,0.0,0.0,0.0,0.0,0.0,0.0,0.0,0.0,8.0,2.0,1.0
2571,21.553959100000007,0,8.0623,1.9035,1.7424,1.7282,0.1592,0.003,0.0066,0.0003,0.0274,0.0396,0.0024,0.0006,0.0094,0.0003,0.0015,0.0021,0.0001,0.0002,0.0083,0.0016,0.0005,0.0027,0.0001,0.0788,0.0182,0.0,0.0101,0.0,125.0,0.0,62.0,63.0,56.0,0.0,0.0,0.0,0.0,0.0,0.0,0.0,0.0,0.0,0.0,0.0,0.0,0.0,0.0,0.0,0.0,0.0,0.0,8.0,2.0,1.0
2572,21.562021400000006,0,8.5844,1.904,1.8651,1.7691,0.1753,0.0035,0.0055,0.0003,0.0384,0.0503,0.0021,0.0007,0.0118,0.0001,0.0016,0.0015,0.0001,0.0001,0.0084,0.0012,0.0005,0.0024,0.0,0.0938,0.0166,0.0,0.0085,0.0,125.0,0.0,62.0,63.0,56.0,0.0,0.0,0.0,0.0,0.0,0.0,0.0,0.0,0.0,0.0,0.0,0.0,0.0,0.0,0.0,0.0,0.0,0.0,8.0,2.0,1.0
2573,21.570605800000006,0,8.2791,1.9089,1.9071,1.6916,0.166,0.0032,0.0049,0.0002,0.0295,0.0403,0.0022,0.0007,0.0082,0.0001,0.0016,0.0019,0.0001,0.0001,0.0091,0.002,0.0009,0.0027,0.0,0.0797,0.0202,0.0,0.0101,0.0,125.0,0.0,62.0,63.0,56.0,0.0,0.0,0.0,0.0,0.0,0.0,0.0,0.0,0.0,0.0,0.0,0.0,0.0,0.0,0.0,0.0,0.0,0.0,8.0,2.0,1.0
2574,21.578884900000006,0,8.2941,1.7921,1.828,1.6903,0.1732,0.0027,0.005,0.0002,0.0405,0.0506,0.0022,0.0008,0.0097,0.0002,0.0016,0.002,0.0001,0.0001,0.0084,0.0017,0.0005,0.0027,0.0,0.0917,0.0183,0.0001,0.0083,0.0,125.0,0.0,62.0,63.0,56.0,0.0,0.0,0.0,0.0,0.0,0.0,0.0,0.0,0.0,0.0,0.0,0.0,0.0,0.0,0.0,0.0,0.0,0.0,8.0,2.0,1.0
2575,21.587179000000006,0,8.2792,1.776,1.7622,1.8249,0.1615,0.003,0.005,0.0002,0.0266,0.0369,0.0025,0.0011,0.0122,0.0002,0.0015,0.0019,0.0001,0.0001,0.0081,0.0017,0.0004,0.0026,0.0,0.0797,0.0186,0.0,0.0095,0.0,125.0,0.0,62.0,63.0,56.0,0.0,0.0,0.0,0.0,0.0,0.0,0.0,0.0,0.0,0.0,0.0,0.0,0.0,0.0,0.0,0.0,0.0,0.0,8.0,2.0,1.0
2576,21.595458200000007,0,8.4551,1.8994,1.9181,1.9359,0.177,0.0028,0.005,0.0002,0.0399,0.0501,0.0022,0.0012,0.0106,0.0002,0.0021,0.0015,0.0001,0.0004,0.0088,0.0012,0.0004,0.0027,0.0,0.0918,0.0197,0.0001,0.0079,0.0,125.0,0.0,62.0,63.0,56.0,0.0,0.0,0.0,0.0,0.0,0.0,0.0,0.0,0.0,0.0,0.0,0.0,0.0,0.0,0.0,0.0,0.0,0.0,8.0,2.0,1.0
2577,21.603913300000006,0,8.1665,1.8364,1.7518,1.7079,0.1544,0.003,0.0047,0.0002,0.0291,0.0417,0.0019,0.0005,0.0084,0.0001,0.0019,0.0014,0.0001,0.0001,0.0076,0.0014,0.0004,0.0024,0.0001,0.0776,0.0179,0.0,0.0092,0.0,125.0,0.0,62.0,63.0,56.0,0.0,0.0,0.0,0.0,0.0,0.0,0.0,0.0,0.0,0.0,0.0,0.0,0.0,0.0,0.0,0.0,0.0,0.0,8.0,2.0,1.0
2578,21.612079800000007,0,8.3744,1.8318,1.7639,1.54,0.1728,0.0032,0.007,0.0002,0.0347,0.0481,0.0025,0.0008,0.0101,0.0001,0.0014,0.0018,0.0001,0.0001,0.008,0.0012,0.0005,0.0027,0.0,0.088,0.0177,0.0,0.0084,0.0,125.0,0.0,62.0,63.0,56.0,0.0,0.0,0.0,0.0,0.0,0.0,0.0,0.0,0.0,0.0,0.0,0.0,0.0,0.0,0.0,0.0,0.0,0.0,8.0,2.0,1.0
2579,21.620454200000008,0,8.3342,1.9249,1.7894,1.8212,0.158,0.0025,0.0046,0.0002,0.035,0.0448,0.0024,0.0006,0.0098,0.0002,0.0012,0.0014,0.0005,0.0001,0.0082,0.001,0.0004,0.0024,0.0001,0.0821,0.0177,0.0001,0.0088,0.0,125.0,0.0,62.0,63.0,56.0,0.0,0.0,0.0,0.0,0.0,0.0,0.0,0.0,0.0,0.0,0.0,0.0,0.0,0.0,0.0,0.0,0.0,0.0,8.0,2.0,1.0
2580,21.62878840000001,0,8.4664,1.974,1.8841,1.7774,0.1847,0.0031,0.0046,0.0002,0.0431,0.0537,0.0025,0.0009,0.0119,0.0001,0.0013,0.0021,0.0001,0.0001,0.0087,0.0017,0.0005,0.0028,0.0,0.0974,0.0205,0.0,0.0089,0.0,125.0,0.0,62.0,63.0,56.0,0.0,0.0,0.0,0.0,0.0,0.0,0.0,0.0,0.0,0.0,0.0,0.0,0.0,0.0,0.0,0.0,0.0,0.0,8.0,2.0,1.0
2581,21.637254800000008,0,8.3072,2.1851,1.8657,1.8561,0.1636,0.0028,0.0068,0.0003,0.0275,0.0393,0.002,0.0008,0.0095,0.0002,0.0014,0.0017,0.0,0.0001,0.0079,0.0011,0.0009,0.0024,0.0,0.0779,0.0175,0.0,0.0073,0.0,125.0,0.0,62.0,63.0,56.0,0.0,0.0,0.0,0.0,0.0,0.0,0.0,0.0,0.0,0.0,0.0,0.0,0.0,0.0,0.0,0.0,0.0,0.0,8.0,2.0,1.0
2582,21.64556200000001,0,8.219,1.9123,1.8257,1.7406,0.1693,0.0031,0.0044,0.0002,0.0395,0.0495,0.0024,0.0009,0.0118,0.0001,0.0015,0.0013,0.0002,0.0001,0.0086,0.0013,0.0004,0.0027,0.0,0.0919,0.0185,0.0,0.0088,0.0,125.0,0.0,62.0,63.0,56.0,0.0,0.0,0.0,0.0,0.0,0.0,0.0,0.0,0.0,0.0,0.0,0.0,0.0,0.0,0.0,0.0,0.0,0.0,8.0,2.0,1.0
2583,21.65378100000001,0,8.3731,1.8695,1.8166,1.6769,0.1794,0.0032,0.0057,0.0003,0.0341,0.0457,0.0029,0.0006,0.012,0.0001,0.002,0.0016,0.0002,0.0005,0.0084,0.0012,0.0005,0.0027,0.0,0.089,0.0196,0.0001,0.009,0.0,125.0,0.0,62.0,63.0,56.0,0.0,0.0,0.0,0.0,0.0,0.0,0.0,0.0,0.0,0.0,0.0,0.0,0.0,0.0,0.0,0.0,0.0,0.0,8.0,2.0,1.0
2584,21.66215410000001,0,8.3085,1.8125,1.8392,1.7601,0.1753,0.0031,0.0053,0.0002,0.0356,0.0464,0.0024,0.0007,0.0104,0.0002,0.0013,0.0021,0.0001,0.0002,0.0093,0.0012,0.0004,0.0027,0.0,0.0875,0.0184,0.0,0.0082,0.0,125.0,0.0,62.0,63.0,56.0,0.0,0.0,0.0,0.0,0.0,0.0,0.0,0.0,0.0,0.0,0.0,0.0,0.0,0.0,0.0,0.0,0.0,0.0,8.0,2.0,1.0
2585,21.670462600000008,0,8.4298,1.7988,1.7444,1.7507,0.1652,0.0031,0.0047,0.0002,0.0322,0.0426,0.0023,0.0007,0.0126,0.0002,0.0015,0.0019,0.0001,0.0001,0.0078,0.0012,0.0007,0.0028,0.0001,0.0848,0.0187,0.0001,0.0086,0.0,125.0,0.0,62.0,63.0,56.0,0.0,0.0,0.0,0.0,0.0,0.0,0.0,0.0,0.0,0.0,0.0,0.0,0.0,0.0,0.0,0.0,0.0,0.0,8.0,2.0,1.0
2586,21.678892400000006,0,8.1618,1.8729,1.7917,1.8502,0.1667,0.0026,0.006,0.0002,0.0392,0.0504,0.0023,0.0007,0.0114,0.0002,0.0015,0.0014,0.0001,0.0002,0.0082,0.0012,0.0004,0.0027,0.0,0.0919,0.0189,0.0001,0.0092,0.0,125.0,0.0,62.0,63.0,56.0,0.0,0.0,0.0,0.0,0.0,0.0,0.0,0.0,0.0,0.0,0.0,0.0,0.0,0.0,0.0,0.0,0.0,0.0,8.0,2.0,1.0
2587,21.687054200000006,0,8.3856,1.8319,1.7504,1.669,0.1706,0.0029,0.0068,0.0003,0.0295,0.0419,0.0027,0.0007,0.0102,0.0001,0.0016,0.0021,0.0001,0.0001,0.0089,0.0013,0.0005,0.0028,0.0,0.082,0.0194,0.0,0.0086,0.0,125.0,0.0,62.0,63.0,56.0,0.0,0.0,0.0,0.0,0.0,0.0,0.0,0.0,0.0,0.0,0.0,0.0,0.0,0.0,0.0,0.0,0.0,0.0,8.0,2.0,1.0
2588,21.695439800000006,0,8.4061,1.822,1.86,1.7738,0.188,0.0032,0.0048,0.0001,0.045,0.0555,0.0029,0.0009,0.0119,0.0002,0.0017,0.0016,0.0001,0.0001,0.0099,0.0016,0.0005,0.0028,0.0,0.1001,0.0221,0.0,0.0095,0.0,125.0,0.0,62.0,63.0,56.0,0.0,0.0,0.0,0.0,0.0,0.0,0.0,0.0,0.0,0.0,0.0,0.0,0.0,0.0,0.0,0.0,0.0,0.0,8.0,2.0,1.0
2589,21.703845900000005,0,8.3595,1.8826,1.734,1.7432,0.1577,0.0036,0.0064,0.0002,0.0261,0.0379,0.0022,0.0007,0.0093,0.0001,0.0015,0.002,0.0001,0.0001,0.0081,0.0015,0.0004,0.0023,0.0001,0.0766,0.0165,0.0001,0.0094,0.0,125.0,0.0,62.0,63.0,56.0,0.0,0.0,0.0,0.0,0.0,0.0,0.0,0.0,0.0,0.0,0.0,0.0,0.0,0.0,0.0,0.0,0.0,0.0,8.0,2.0,1.0
2590,21.712205400000006,0,8.2509,1.9299,1.9158,1.6554,0.1732,0.0025,0.0047,0.0001,0.0441,0.0536,0.0023,0.0008,0.0102,0.0001,0.0014,0.002,0.0001,0.0001,0.0083,0.0017,0.0006,0.0028,0.0,0.0944,0.0174,0.0001,0.0086,0.0,125.0,0.0,62.0,63.0,56.0,0.0,0.0,0.0,0.0,0.0,0.0,0.0,0.0,0.0,0.0,0.0,0.0,0.0,0.0,0.0,0.0,0.0,0.0,8.0,2.0,1.0
2591,21.720456300000006,0,8.4792,1.8716,1.7688,1.6159,0.1645,0.0031,0.0076,0.0002,0.0286,0.0414,0.0021,0.0007,0.0108,0.0002,0.0015,0.0017,0.0,0.0001,0.0081,0.0012,0.0004,0.003,0.0001,0.0819,0.0161,0.0,0.0103,0.0,125.0,0.0,62.0,63.0,56.0,0.0,0.0,0.0,0.0,0.0,0.0,0.0,0.0,0.0,0.0,0.0,0.0,0.0,0.0,0.0,0.0,0.0,0.0,8.0,2.0,1.0
2592,21.728935500000006,0,8.2584,1.7882,1.8785,1.7453,0.1736,0.0028,0.0048,0.0001,0.0417,0.0517,0.0024,0.0007,0.0106,0.0001,0.002,0.0014,0.0001,0.0001,0.008,0.0012,0.0004,0.0027,0.0001,0.0918,0.0194,0.0,0.0092,0.0,125.0,0.0,62.0,63.0,56.0,0.0,0.0,0.0,0.0,0.0,0.0,0.0,0.0,0.0,0.0,0.0,0.0,0.0,0.0,0.0,0.0,0.0,0.0,8.0,2.0,1.0
2593,21.737193900000005,0,8.3063,1.8901,1.8855,1.8461,0.1722,0.0035,0.0057,0.0001,0.0271,0.039,0.0024,0.001,0.0118,0.0002,0.0015,0.0021,0.0001,0.0002,0.0081,0.0016,0.0004,0.0027,0.0,0.082,0.0188,0.0001,0.0077,0.0,125.0,0.0,62.0,63.0,56.0,0.0,0.0,0.0,0.0,0.0,0.0,0.0,0.0,0.0,0.0,0.0,0.0,0.0,0.0,0.0,0.0,0.0,0.0,8.0,2.0,1.0
2594,21.745500200000006,0,8.4225,1.7341,1.8504,1.8082,0.1985,0.0027,0.0056,0.0002,0.0495,0.0608,0.0024,0.0007,0.0116,0.0006,0.0016,0.0018,0.0,0.0002,0.0092,0.0013,0.0005,0.0029,0.0,0.1053,0.0202,0.0001,0.0082,0.0,125.0,0.0,62.0,63.0,56.0,0.0,0.0,0.0,0.0,0.0,0.0,0.0,0.0,0.0,0.0,0.0,0.0,0.0,0.0,0.0,0.0,0.0,0.0,8.0,2.0,1.0
2595,21.753922700000004,0,8.2586,2.175,1.8792,1.9323,0.1745,0.0035,0.0069,0.0002,0.0276,0.0404,0.0022,0.0008,0.0101,0.0002,0.0016,0.0019,0.0001,0.0002,0.0092,0.0013,0.0004,0.0029,0.0001,0.0825,0.0195,0.0001,0.0085,0.0,125.0,0.0,62.0,63.0,56.0,0.0,0.0,0.0,0.0,0.0,0.0,0.0,0.0,0.0,0.0,0.0,0.0,0.0,0.0,0.0,0.0,0.0,0.0,8.0,2.0,1.0
2596,21.762181300000005,0,8.4578,1.8585,1.9366,2.0099,0.1902,0.0027,0.0048,0.0002,0.0478,0.058,0.0029,0.001,0.0119,0.0002,0.0022,0.0016,0.0001,0.0001,0.0086,0.0019,0.0008,0.0028,0.0,0.102,0.0204,0.0,0.0086,0.0,125.0,0.0,62.0,63.0,56.0,0.0,0.0,0.0,0.0,0.0,0.0,0.0,0.0,0.0,0.0,0.0,0.0,0.0,0.0,0.0,0.0,0.0,0.0,8.0,2.0,1.0
2597,21.770639100000004,0,8.2073,1.8143,1.8286,1.7147,0.1656,0.0025,0.0045,0.0002,0.032,0.0411,0.0023,0.0008,0.0107,0.0002,0.0019,0.0015,0.0001,0.0003,0.0088,0.0011,0.0005,0.0027,0.0001,0.0831,0.0198,0.0,0.01,0.0,125.0,0.0,62.0,63.0,56.0,0.0,0.0,0.0,0.0,0.0,0.0,0.0,0.0,0.0,0.0,0.0,0.0,0.0,0.0,0.0,0.0,0.0,0.0,8.0,2.0,1.0
2598,21.778846400000003,0,8.2992,1.7105,1.8494,1.6834,0.176,0.0032,0.0067,0.0003,0.0327,0.0452,0.0024,0.0013,0.0111,0.0006,0.0015,0.0015,0.0001,0.0001,0.0082,0.0013,0.0011,0.0027,0.0,0.0875,0.0202,0.0,0.0087,0.0,125.0,0.0,62.0,63.0,56.0,0.0,0.0,0.0,0.0,0.0,0.0,0.0,0.0,0.0,0.0,0.0,0.0,0.0,0.0,0.0,0.0,0.0,0.0,8.0,2.0,1.0
2599,21.787145600000002,0,8.3039,1.9422,1.8266,1.6313,0.1664,0.0024,0.0047,0.0002,0.0315,0.0417,0.0021,0.0009,0.012,0.0001,0.0015,0.0016,0.0002,0.0001,0.0086,0.0012,0.0008,0.0028,0.0,0.0841,0.0201,0.0001,0.0087,0.0,125.0,0.0,62.0,63.0,56.0,0.0,0.0,0.0,0.0,0.0,0.0,0.0,0.0,0.0,0.0,0.0,0.0,0.0,0.0,0.0,0.0,0.0,0.0,8.0,2.0,1.0
2600,21.795449500000004,0,8.571,1.8354,1.8437,1.6155,0.1996,0.003,0.0059,0.0002,0.0487,0.0603,0.0026,0.0007,0.0118,0.0001,0.0021,0.0015,0.0001,0.0006,0.0104,0.0016,0.0006,0.0028,0.0,0.1065,0.0212,0.0,0.0082,0.0,125.0,0.0,62.0,63.0,56.0,0.0,0.0,0.0,0.0,0.0,0.0,0.0,0.0,0.0,0.0,0.0,0.0,0.0,0.0,0.0,0.0,0.0,0.0,8.0,2.0,1.0
2601,21.804020500000004,0,8.3565,2.0414,2.0602,1.942,0.1951,0.0038,0.007,0.0003,0.0305,0.0448,0.0027,0.001,0.012,0.0002,0.0022,0.0018,0.0001,0.0002,0.0092,0.0016,0.0005,0.0033,0.0,0.0916,0.0211,0.0,0.0091,0.0,125.0,0.0,62.0,63.0,56.0,0.0,0.0,0.0,0.0,0.0,0.0,0.0,0.0,0.0,0.0,0.0,0.0,0.0,0.0,0.0,0.0,0.0,0.0,8.0,2.0,1.0
2602,21.812377000000005,0,8.3265,2.0508,1.9957,1.7993,0.1811,0.0037,0.008,0.0002,0.0288,0.0436,0.0019,0.0012,0.0111,0.0002,0.0019,0.0016,0.0001,0.0001,0.0087,0.0012,0.0009,0.0029,0.0001,0.0859,0.0192,0.0001,0.0088,0.0,125.0,0.0,62.0,63.0,56.0,0.0,0.0,0.0,0.0,0.0,0.0,0.0,0.0,0.0,0.0,0.0,0.0,0.0,0.0,0.0,0.0,0.0,0.0,8.0,2.0,1.0
2603,21.820703500000004,0,8.2117,1.805,1.9114,1.8635,0.1855,0.0036,0.0069,0.0002,0.0325,0.0456,0.0025,0.0009,0.0106,0.0002,0.0017,0.0023,0.0001,0.0002,0.0091,0.0012,0.0005,0.0031,0.0001,0.0896,0.0208,0.0001,0.0087,0.0,125.0,0.0,62.0,63.0,56.0,0.0,0.0,0.0,0.0,0.0,0.0,0.0,0.0,0.0,0.0,0.0,0.0,0.0,0.0,0.0,0.0,0.0,0.0,8.0,2.0,1.0
2604,21.828915200000004,0,8.4382,1.8561,1.9883,1.737,0.1845,0.0028,0.0067,0.0003,0.0388,0.0515,0.0021,0.0009,0.0092,0.0001,0.0017,0.0019,0.0001,0.0001,0.0084,0.0016,0.0005,0.0024,0.0,0.092,0.0201,0.0001,0.008,0.0,125.0,0.0,62.0,63.0,56.0,0.0,0.0,0.0,0.0,0.0,0.0,0.0,0.0,0.0,0.0,0.0,0.0,0.0,0.0,0.0,0.0,0.0,0.0,8.0,2.0,1.0
2605,21.837353400000005,0,8.1443,1.9506,1.8758,2.0962,0.1724,0.0043,0.0063,0.0003,0.0288,0.042,0.002,0.0007,0.0103,0.0001,0.0017,0.0017,0.0005,0.0001,0.0077,0.0012,0.0004,0.0024,0.0,0.0824,0.0198,0.0,0.009,0.0,125.0,0.0,62.0,63.0,56.0,0.0,0.0,0.0,0.0,0.0,0.0,0.0,0.0,0.0,0.0,0.0,0.0,0.0,0.0,0.0,0.0,0.0,0.0,8.0,2.0,1.0
2606,21.845497700000006,0,8.4286,1.8906,1.9095,1.5301,0.1951,0.0029,0.005,0.0002,0.0449,0.0556,0.0024,0.001,0.0119,0.0002,0.0016,0.0021,0.0001,0.0001,0.0087,0.0013,0.0004,0.0029,0.0,0.1018,0.0222,0.0,0.0092,0.0,125.0,0.0,62.0,63.0,56.0,0.0,0.0,0.0,0.0,0.0,0.0,0.0,0.0,0.0,0.0,0.0,0.0,0.0,0.0,0.0,0.0,0.0,0.0,8.0,2.0,1.0
2607,21.853926300000005,0,8.396,1.8794,1.9084,1.8385,0.1747,0.003,0.0051,0.0006,0.032,0.0433,0.0023,0.0009,0.012,0.0001,0.0019,0.0016,0.0007,0.0001,0.0089,0.0011,0.0005,0.0025,0.0,0.0865,0.0189,0.0001,0.009,0.0,125.0,0.0,62.0,63.0,56.0,0.0,0.0,0.0,0.0,0.0,0.0,0.0,0.0,0.0,0.0,0.0,0.0,0.0,0.0,0.0,0.0,0.0,0.0,8.0,2.0,1.0
2608,21.862322300000006,0,8.9541,1.8509,2.638,1.7416,0.1892,0.0046,0.0086,0.0003,0.0351,0.051,0.0023,0.0013,0.0114,0.0002,0.0014,0.0016,0.0,0.0002,0.009,0.0017,0.0005,0.0031,0.0001,0.0951,0.0198,0.0,0.0127,0.0,125.0,0.0,62.0,63.0,56.0,0.0,0.0,0.0,0.0,0.0,0.0,0.0,0.0,0.0,0.0,0.0,0.0,0.0,0.0,0.0,0.0,0.0,0.0,8.0,2.0,1.0
2609,21.871276400000006,0,7.75,1.9481,2.0569,1.797,0.17,0.0032,0.0068,0.0002,0.0297,0.042,0.002,0.0008,0.0101,0.0001,0.0014,0.0021,0.0001,0.0001,0.0089,0.0015,0.0004,0.0029,0.0,0.0827,0.018,0.0,0.0111,0.0,125.0,0.0,62.0,63.0,56.0,0.0,0.0,0.0,0.0,0.0,0.0,0.0,0.0,0.0,0.0,0.0,0.0,0.0,0.0,0.0,0.0,0.0,0.0,8.0,2.0,1.0
2610,21.879026400000008,0,8.3664,1.9423,1.9983,1.6865,0.238,0.0031,0.0057,0.0001,0.0482,0.0601,0.0043,0.0013,0.0183,0.0002,0.0024,0.0019,0.0002,0.0001,0.0097,0.002,0.0005,0.0051,0.0,0.1224,0.0345,0.0001,0.0093,0.0,125.0,0.0,62.0,63.0,56.0,0.0,0.0,0.0,0.0,0.0,0.0,0.0,0.0,0.0,0.0,0.0,0.0,0.0,0.0,0.0,0.0,0.0,0.0,8.0,2.0,1.0
2611,21.887392800000008,0,8.371,1.9256,2.0256,1.7005,0.1732,0.0037,0.0057,0.0003,0.0282,0.0403,0.0023,0.0011,0.0089,0.0002,0.002,0.0018,0.0002,0.0001,0.0093,0.0013,0.0005,0.0024,0.0,0.0817,0.019,0.0001,0.0104,0.0,125.0,0.0,62.0,63.0,56.0,0.0,0.0,0.0,0.0,0.0,0.0,0.0,0.0,0.0,0.0,0.0,0.0,0.0,0.0,0.0,0.0,0.0,0.0,8.0,2.0,1.0
2612,21.895763800000008,0,8.1507,2.032,2.0007,2.0418,0.1867,0.0031,0.0054,0.0006,0.0408,0.0525,0.0023,0.0011,0.0108,0.0002,0.0021,0.0017,0.0002,0.0001,0.0093,0.0013,0.0006,0.0024,0.0,0.0937,0.0227,0.0001,0.0075,0.0,125.0,0.0,62.0,63.0,56.0,0.0,0.0,0.0,0.0,0.0,0.0,0.0,0.0,0.0,0.0,0.0,0.0,0.0,0.0,0.0,0.0,0.0,0.0,8.0,2.0,1.0
2613,21.90391450000001,0,8.4416,2.0765,1.8929,1.8584,0.1896,0.0036,0.0081,0.0002,0.0301,0.0453,0.0029,0.0009,0.0126,0.0001,0.0022,0.0021,0.0001,0.0001,0.0095,0.0013,0.0005,0.0029,0.0,0.0924,0.0196,0.0001,0.0086,0.0,125.0,0.0,62.0,63.0,56.0,0.0,0.0,0.0,0.0,0.0,0.0,0.0,0.0,0.0,0.0,0.0,0.0,0.0,0.0,0.0,0.0,0.0,0.0,8.0,2.0,1.0
2614,21.91235610000001,0,8.3693,2.1552,2.115,1.7878,0.1953,0.0036,0.0073,0.0005,0.0351,0.0497,0.0024,0.001,0.0118,0.0001,0.0018,0.0017,0.0001,0.0001,0.0098,0.0019,0.0006,0.003,0.0,0.0962,0.0196,0.0001,0.0098,0.0,125.0,0.0,62.0,63.0,56.0,0.0,0.0,0.0,0.0,0.0,0.0,0.0,0.0,0.0,0.0,0.0,0.0,0.0,0.0,0.0,0.0,0.0,0.0,8.0,2.0,1.0
2615,21.92072540000001,0,8.8076,1.9875,2.503,1.8926,0.1827,0.0027,0.0065,0.0002,0.0349,0.047,0.0022,0.0008,0.0112,0.0001,0.0019,0.0017,0.0001,0.0002,0.0085,0.0012,0.0005,0.0024,0.0001,0.0895,0.0235,0.0,0.0131,0.0,125.0,0.0,62.0,63.0,56.0,0.0,0.0,0.0,0.0,0.0,0.0,0.0,0.0,0.0,0.0,0.0,0.0,0.0,0.0,0.0,0.0,0.0,0.0,8.0,2.0,1.0
2616,21.92953300000001,0,7.7655,1.9073,1.9949,1.7004,0.198,0.0031,0.0057,0.0002,0.0387,0.0512,0.0029,0.0008,0.0125,0.0001,0.0016,0.0016,0.0007,0.0001,0.0087,0.0018,0.0005,0.003,0.0001,0.0978,0.0217,0.0001,0.0088,0.0,125.0,0.0,62.0,63.0,56.0,0.0,0.0,0.0,0.0,0.0,0.0,0.0,0.0,0.0,0.0,0.0,0.0,0.0,0.0,0.0,0.0,0.0,0.0,8.0,2.0,1.0
2617,21.93729850000001,0,8.3094,1.8819,1.9177,2.0081,0.188,0.0033,0.005,0.0002,0.0404,0.0512,0.0027,0.001,0.0121,0.0002,0.002,0.0018,0.0001,0.0002,0.0089,0.0013,0.0005,0.0028,0.0,0.0967,0.0208,0.0001,0.0079,0.0,125.0,0.0,62.0,63.0,56.0,0.0,0.0,0.0,0.0,0.0,0.0,0.0,0.0,0.0,0.0,0.0,0.0,0.0,0.0,0.0,0.0,0.0,0.0,8.0,2.0,1.0
2618,21.945607900000013,0,8.4181,1.793,2.0068,1.9054,0.2002,0.0034,0.0049,0.0002,0.0418,0.0531,0.0027,0.0009,0.0145,0.0002,0.0016,0.0017,0.0001,0.0001,0.0088,0.0014,0.0007,0.0029,0.0,0.1001,0.0234,0.0001,0.0081,0.0,125.0,0.0,62.0,63.0,56.0,0.0,0.0,0.0,0.0,0.0,0.0,0.0,0.0,0.0,0.0,0.0,0.0,0.0,0.0,0.0,0.0,0.0,0.0,8.0,2.0,1.0
2619,21.954026000000013,0,8.1106,1.8105,1.8319,1.6441,0.164,0.0026,0.0066,0.0002,0.0298,0.0422,0.0022,0.0007,0.01,0.0001,0.002,0.0015,0.0001,0.0001,0.0086,0.0011,0.0005,0.0023,0.0001,0.0815,0.017,0.0,0.008,0.0,125.0,0.0,62.0,63.0,56.0,0.0,0.0,0.0,0.0,0.0,0.0,0.0,0.0,0.0,0.0,0.0,0.0,0.0,0.0,0.0,0.0,0.0,0.0,8.0,2.0,1.0
2620,21.96213660000001,0,8.2676,1.7487,1.7865,1.6811,0.1802,0.0027,0.0065,0.0008,0.0366,0.0499,0.0025,0.0009,0.0122,0.0001,0.0015,0.0019,0.0001,0.0001,0.0084,0.0019,0.0004,0.0028,0.0,0.0938,0.0198,0.0001,0.008,0.0,125.0,0.0,62.0,63.0,56.0,0.0,0.0,0.0,0.0,0.0,0.0,0.0,0.0,0.0,0.0,0.0,0.0,0.0,0.0,0.0,0.0,0.0,0.0,8.0,2.0,1.0
2621,21.97040420000001,0,8.317,1.9463,1.6535,1.6399,0.1487,0.0024,0.0059,0.0002,0.0251,0.0353,0.002,0.0006,0.0091,0.0002,0.0012,0.0016,0.0,0.0001,0.0077,0.0015,0.0004,0.0024,0.0001,0.0713,0.0175,0.0001,0.008,0.0,125.0,0.0,62.0,63.0,56.0,0.0,0.0,0.0,0.0,0.0,0.0,0.0,0.0,0.0,0.0,0.0,0.0,0.0,0.0,0.0,0.0,0.0,0.0,8.0,2.0,1.0
2622,21.978721200000013,0,8.3794,1.7335,1.7543,1.5967,0.1785,0.0031,0.007,0.0002,0.0356,0.0482,0.0026,0.0007,0.01,0.0001,0.0015,0.0019,0.0,0.0001,0.008,0.0016,0.0004,0.0027,0.0001,0.0889,0.0204,0.0001,0.0088,0.0,125.0,0.0,62.0,63.0,56.0,0.0,0.0,0.0,0.0,0.0,0.0,0.0,0.0,0.0,0.0,0.0,0.0,0.0,0.0,0.0,0.0,0.0,0.0,8.0,2.0,1.0
2623,21.987100600000012,0,8.2485,1.791,1.6821,1.7014,0.1393,0.0029,0.0073,0.0002,0.0227,0.0351,0.0018,0.0004,0.0064,0.0001,0.0012,0.0019,0.0,0.0002,0.0075,0.0015,0.0005,0.0023,0.0001,0.068,0.0139,0.0001,0.0079,0.0,125.0,0.0,62.0,63.0,56.0,0.0,0.0,0.0,0.0,0.0,0.0,0.0,0.0,0.0,0.0,0.0,0.0,0.0,0.0,0.0,0.0,0.0,0.0,8.0,2.0,1.0
2624,21.995349100000013,0,8.5957,1.7528,1.849,1.7705,0.1866,0.0031,0.0065,0.0002,0.04,0.0521,0.0032,0.0007,0.0108,0.0002,0.0017,0.0019,0.0001,0.0001,0.0083,0.0019,0.0005,0.0027,0.0,0.0942,0.0217,0.0,0.0085,0.0,125.0,0.0,62.0,63.0,56.0,0.0,0.0,0.0,0.0,0.0,0.0,0.0,0.0,0.0,0.0,0.0,0.0,0.0,0.0,0.0,0.0,0.0,0.0,8.0,2.0,1.0
2625,22.003944800000014,0,8.2732,1.8708,1.867,1.8422,0.1581,0.0029,0.006,0.0002,0.0259,0.0376,0.0019,0.0005,0.0093,0.0001,0.0022,0.0014,0.0001,0.0006,0.0079,0.0011,0.0004,0.0024,0.0001,0.075,0.0181,0.0001,0.009,0.0,125.0,0.0,62.0,63.0,56.0,0.0,0.0,0.0,0.0,0.0,0.0,0.0,0.0,0.0,0.0,0.0,0.0,0.0,0.0,0.0,0.0,0.0,0.0,8.0,2.0,1.0
2626,22.012218000000015,0,8.4085,1.8476,1.9482,1.6853,0.1846,0.003,0.0053,0.0002,0.0411,0.0523,0.0024,0.0006,0.0116,0.0001,0.0014,0.0017,0.0001,0.0001,0.0088,0.0016,0.0005,0.0027,0.0,0.0956,0.0203,0.0,0.0083,0.0,125.0,0.0,62.0,63.0,56.0,0.0,0.0,0.0,0.0,0.0,0.0,0.0,0.0,0.0,0.0,0.0,0.0,0.0,0.0,0.0,0.0,0.0,0.0,8.0,2.0,1.0
2627,22.020626500000017,0,8.1882,1.7971,1.8083,1.6369,0.1728,0.003,0.007,0.0002,0.0287,0.042,0.0025,0.0008,0.0104,0.0002,0.002,0.0015,0.0001,0.0001,0.0094,0.0012,0.0004,0.0029,0.0,0.0847,0.0225,0.0001,0.0085,0.0,125.0,0.0,62.0,63.0,54.0,0.0,0.0,0.0,0.0,0.0,0.0,0.0,0.0,0.0,0.0,0.0,0.0,0.0,0.0,0.0,0.0,0.0,0.0,8.0,2.0,1.0
2628,22.028814700000016,0,8.4357,1.879,1.8777,1.8065,0.1958,0.0033,0.0073,0.0003,0.0419,0.0557,0.0027,0.0007,0.0103,0.0001,0.0016,0.0021,0.0001,0.0001,0.0086,0.0013,0.0005,0.0027,0.0,0.0973,0.0236,0.0001,0.008,0.0,125.0,0.0,62.0,63.0,54.0,0.0,0.0,0.0,0.0,0.0,0.0,0.0,0.0,0.0,0.0,0.0,0.0,0.0,0.0,0.0,0.0,0.0,0.0,8.0,2.0,1.0
2629,22.037250400000016,0,8.2702,1.7985,1.8195,1.7175,0.1754,0.0035,0.0057,0.0002,0.0282,0.0405,0.0029,0.001,0.0118,0.0002,0.0021,0.0015,0.0001,0.0007,0.0088,0.0013,0.001,0.0028,0.0,0.0844,0.02,0.0001,0.009,0.0,125.0,0.0,62.0,63.0,54.0,0.0,0.0,0.0,0.0,0.0,0.0,0.0,0.0,0.0,0.0,0.0,0.0,0.0,0.0,0.0,0.0,0.0,0.0,8.0,2.0,1.0
2630,22.045520600000014,0,8.3003,1.7707,1.7917,1.837,0.1806,0.0041,0.0073,0.0002,0.038,0.0516,0.0022,0.0014,0.012,0.0006,0.0016,0.002,0.0001,0.0001,0.0082,0.0012,0.0008,0.0028,0.0,0.0945,0.0193,0.0,0.0089,0.0,125.0,0.0,62.0,63.0,54.0,0.0,0.0,0.0,0.0,0.0,0.0,0.0,0.0,0.0,0.0,0.0,0.0,0.0,0.0,0.0,0.0,0.0,0.0,8.0,2.0,1.0
2631,22.053820900000012,0,8.4801,1.8346,1.9161,1.8226,0.1887,0.0038,0.0069,0.0003,0.0293,0.0436,0.0022,0.0007,0.011,0.0002,0.0017,0.002,0.0001,0.0001,0.0095,0.0014,0.0005,0.0029,0.0,0.0895,0.0196,0.0006,0.0084,0.0,125.0,0.0,62.0,63.0,54.0,0.0,0.0,0.0,0.0,0.0,0.0,0.0,0.0,0.0,0.0,0.0,0.0,0.0,0.0,0.0,0.0,0.0,0.0,8.0,2.0,1.0
2632,22.062301000000012,0,8.4887,1.9575,2.0908,1.9455,0.1939,0.0037,0.0068,0.0002,0.0367,0.0506,0.002,0.001,0.011,0.0002,0.002,0.0023,0.0001,0.0001,0.0094,0.0015,0.0007,0.0026,0.0,0.0958,0.0205,0.0001,0.0085,0.0,125.0,0.0,62.0,63.0,54.0,0.0,0.0,0.0,0.0,0.0,0.0,0.0,0.0,0.0,0.0,0.0,0.0,0.0,0.0,0.0,0.0,0.0,0.0,8.0,2.0,1.0
2633,22.070789700000013,0,8.3118,2.0203,2.0917,1.9498,0.1845,0.0035,0.0071,0.0002,0.0341,0.0475,0.0021,0.0009,0.0109,0.0001,0.0017,0.0021,0.0002,0.0001,0.0084,0.0012,0.0005,0.0025,0.0,0.0893,0.0196,0.0001,0.0087,0.0,125.0,0.0,62.0,63.0,54.0,0.0,0.0,0.0,0.0,0.0,0.0,0.0,0.0,0.0,0.0,0.0,0.0,0.0,0.0,0.0,0.0,0.0,0.0,8.0,2.0,1.0
2634,22.079101500000014,0,8.3434,1.9082,2.0843,1.8462,0.2031,0.0035,0.0066,0.0002,0.041,0.0538,0.0028,0.001,0.0122,0.0002,0.0024,0.0018,0.0001,0.0001,0.0091,0.0018,0.0005,0.0029,0.0,0.1006,0.0221,0.0001,0.0079,0.0,125.0,0.0,62.0,63.0,54.0,0.0,0.0,0.0,0.0,0.0,0.0,0.0,0.0,0.0,0.0,0.0,0.0,0.0,0.0,0.0,0.0,0.0,0.0,8.0,2.0,1.0
2635,22.087444900000015,0,8.1363,1.8603,1.9541,1.9369,0.179,0.0027,0.0053,0.0002,0.0308,0.0418,0.002,0.0008,0.0092,0.0001,0.0016,0.0021,0.0001,0.0002,0.0086,0.0011,0.0004,0.0025,0.0,0.0814,0.0213,0.0001,0.0091,0.0,125.0,0.0,62.0,63.0,54.0,0.0,0.0,0.0,0.0,0.0,0.0,0.0,0.0,0.0,0.0,0.0,0.0,0.0,0.0,0.0,0.0,0.0,0.0,8.0,2.0,1.0
2636,22.095581200000016,0,8.6311,1.8872,2.1104,1.7861,0.2073,0.0035,0.008,0.0002,0.0397,0.0546,0.0028,0.0008,0.0114,0.0002,0.0029,0.0025,0.0002,0.0003,0.0113,0.002,0.0006,0.0037,0.0001,0.1069,0.0201,0.0001,0.0096,0.0,125.0,0.0,62.0,63.0,54.0,0.0,0.0,0.0,0.0,0.0,0.0,0.0,0.0,0.0,0.0,0.0,0.0,0.0,0.0,0.0,0.0,0.0,0.0,8.0,2.0,1.0
2637,22.104212300000015,0,8.0838,1.8651,2.0059,1.7524,0.1859,0.0029,0.0053,0.0002,0.035,0.0466,0.003,0.0009,0.0137,0.0001,0.0023,0.0017,0.0006,0.0001,0.0086,0.0016,0.0004,0.0032,0.0001,0.0935,0.0204,0.0001,0.009,0.0,125.0,0.0,62.0,63.0,54.0,0.0,0.0,0.0,0.0,0.0,0.0,0.0,0.0,0.0,0.0,0.0,0.0,0.0,0.0,0.0,0.0,0.0,0.0,8.0,2.0,1.0
2638,22.112296100000016,0,8.2525,1.8753,1.8921,1.8208,0.1885,0.005,0.0071,0.0002,0.0402,0.055,0.0025,0.0009,0.0107,0.0002,0.0018,0.0022,0.0002,0.0001,0.0089,0.0017,0.0005,0.0031,0.0,0.0979,0.0187,0.0001,0.0083,0.0,125.0,0.0,62.0,63.0,54.0,0.0,0.0,0.0,0.0,0.0,0.0,0.0,0.0,0.0,0.0,0.0,0.0,0.0,0.0,0.0,0.0,0.0,0.0,8.0,2.0,1.0
2639,22.120548600000017,0,8.3552,1.8415,1.8156,1.8126,0.1641,0.0025,0.0061,0.0001,0.0295,0.0408,0.0019,0.0008,0.01,0.0001,0.0021,0.0013,0.0001,0.0007,0.0082,0.0011,0.0005,0.0028,0.0,0.0797,0.019,0.0001,0.0083,0.0,125.0,0.0,62.0,63.0,54.0,0.0,0.0,0.0,0.0,0.0,0.0,0.0,0.0,0.0,0.0,0.0,0.0,0.0,0.0,0.0,0.0,0.0,0.0,8.0,2.0,1.0
2640,22.128903800000018,0,8.3118,1.855,1.934,1.8216,0.1995,0.0044,0.008,0.0002,0.0406,0.0562,0.0029,0.0009,0.0111,0.0002,0.0016,0.0018,0.0001,0.0001,0.0092,0.0013,0.0004,0.0028,0.0,0.1029,0.0201,0.0,0.0089,0.0,125.0,0.0,62.0,63.0,54.0,0.0,0.0,0.0,0.0,0.0,0.0,0.0,0.0,0.0,0.0,0.0,0.0,0.0,0.0,0.0,0.0,0.0,0.0,8.0,2.0,1.0
2641,22.13721560000002,0,8.1989,2.0091,1.7673,1.776,0.1748,0.0027,0.005,0.0002,0.0333,0.0432,0.0029,0.0008,0.0121,0.0001,0.002,0.0015,0.0,0.0001,0.0089,0.0012,0.0004,0.0027,0.0,0.087,0.0202,0.0,0.0085,0.0,125.0,0.0,62.0,63.0,54.0,0.0,0.0,0.0,0.0,0.0,0.0,0.0,0.0,0.0,0.0,0.0,0.0,0.0,0.0,0.0,0.0,0.0,0.0,8.0,2.0,1.0
2642,22.14541450000002,0,8.6124,1.7786,1.9096,1.7052,0.1819,0.0029,0.0054,0.0002,0.0416,0.0522,0.0024,0.0007,0.0115,0.0001,0.0015,0.0017,0.0001,0.0001,0.0087,0.0012,0.0005,0.0027,0.0,0.0935,0.0217,0.0001,0.0098,0.0,125.0,0.0,62.0,63.0,54.0,0.0,0.0,0.0,0.0,0.0,0.0,0.0,0.0,0.0,0.0,0.0,0.0,0.0,0.0,0.0,0.0,0.0,0.0,8.0,2.0,1.0
2643,22.15402690000002,0,8.4838,1.9035,2.1051,1.9794,0.1944,0.0042,0.009,0.0002,0.0285,0.0445,0.0022,0.0009,0.0107,0.0001,0.0017,0.0022,0.0001,0.0001,0.0099,0.0013,0.0005,0.0029,0.0001,0.09,0.0212,0.0001,0.0082,0.0,125.0,0.0,62.0,63.0,54.0,0.0,0.0,0.0,0.0,0.0,0.0,0.0,0.0,0.0,0.0,0.0,0.0,0.0,0.0,0.0,0.0,0.0,0.0,8.0,2.0,1.0
2644,22.16251070000002,0,8.4208,2.2155,2.2351,1.9241,0.2074,0.0033,0.0059,0.0003,0.0441,0.0566,0.0025,0.0011,0.0127,0.0001,0.0018,0.0024,0.0001,0.0004,0.0099,0.0017,0.0005,0.0033,0.0001,0.105,0.0231,0.0001,0.0095,0.0,125.0,0.0,62.0,63.0,54.0,0.0,0.0,0.0,0.0,0.0,0.0,0.0,0.0,0.0,0.0,0.0,0.0,0.0,0.0,0.0,0.0,0.0,0.0,8.0,2.0,1.0
2645,22.17093150000002,0,8.0755,2.114,2.0603,1.9122,0.1949,0.0033,0.0051,0.0003,0.043,0.0546,0.0029,0.0011,0.0118,0.0001,0.0021,0.0017,0.0001,0.0001,0.0094,0.0017,0.0006,0.0031,0.0001,0.1003,0.0204,0.0001,0.0088,0.0,125.0,0.0,62.0,63.0,54.0,0.0,0.0,0.0,0.0,0.0,0.0,0.0,0.0,0.0,0.0,0.0,0.0,0.0,0.0,0.0,0.0,0.0,0.0,8.0,2.0,1.0
2646,22.17900700000002,0,8.4778,1.9063,2.1034,1.8094,0.2467,0.0038,0.006,0.0002,0.0825,0.0965,0.0024,0.0009,0.0129,0.0001,0.0021,0.002,0.0002,0.0003,0.011,0.0013,0.0005,0.0029,0.0001,0.1452,0.0249,0.0001,0.0084,0.0,125.0,0.0,62.0,63.0,54.0,0.0,0.0,0.0,0.0,0.0,0.0,0.0,0.0,0.0,0.0,0.0,0.0,0.0,0.0,0.0,0.0,0.0,0.0,8.0,2.0,1.0
2647,22.18748480000002,0,8.1962,1.932,2.0645,1.8819,0.1804,0.0032,0.007,0.0003,0.0259,0.0389,0.0023,0.0008,0.0099,0.0001,0.0016,0.002,0.0001,0.0001,0.0095,0.0013,0.0005,0.0024,0.0001,0.0798,0.0236,0.0001,0.0092,0.0,125.0,0.0,62.0,63.0,54.0,0.0,0.0,0.0,0.0,0.0,0.0,0.0,0.0,0.0,0.0,0.0,0.0,0.0,0.0,0.0,0.0,0.0,0.0,8.0,2.0,1.0
2648,22.19568100000002,0,8.3401,1.8976,1.9391,1.7787,0.1936,0.0034,0.0049,0.0003,0.0407,0.0524,0.0031,0.0013,0.0123,0.0001,0.0016,0.002,0.0001,0.0001,0.0101,0.0013,0.0006,0.003,0.0001,0.0994,0.0206,0.0,0.0089,0.0,125.0,0.0,62.0,63.0,54.0,0.0,0.0,0.0,0.0,0.0,0.0,0.0,0.0,0.0,0.0,0.0,0.0,0.0,0.0,0.0,0.0,0.0,0.0,8.0,2.0,1.0
2649,22.204021100000023,0,8.3862,2.2156,2.0648,1.9139,0.1965,0.0038,0.0076,0.0002,0.0282,0.0424,0.0022,0.0017,0.0111,0.0001,0.0018,0.0023,0.0001,0.0001,0.0096,0.0013,0.0006,0.0029,0.0,0.0879,0.0234,0.0,0.0087,0.0,125.0,0.0,62.0,63.0,54.0,0.0,0.0,0.0,0.0,0.0,0.0,0.0,0.0,0.0,0.0,0.0,0.0,0.0,0.0,0.0,0.0,0.0,0.0,8.0,2.0,1.0
2650,22.212407300000024,0,8.3165,1.9921,2.0374,1.8915,0.186,0.0031,0.0062,0.0002,0.037,0.0491,0.002,0.001,0.0098,0.0001,0.0019,0.0017,0.0006,0.0002,0.009,0.0017,0.0004,0.0025,0.0,0.0902,0.0175,0.0001,0.0094,0.0,125.0,0.0,62.0,63.0,56.0,0.0,0.0,0.0,0.0,0.0,0.0,0.0,0.0,0.0,0.0,0.0,0.0,0.0,0.0,0.0,0.0,0.0,0.0,8.0,2.0,1.0
2651,22.220723800000023,0,8.4055,2.0883,2.0505,1.8163,0.2032,0.0031,0.0048,0.0003,0.0359,0.0466,0.0026,0.001,0.0122,0.0002,0.0023,0.0021,0.0001,0.0002,0.0119,0.0016,0.0005,0.0031,0.0,0.098,0.0242,0.0001,0.009,0.0,125.0,0.0,62.0,63.0,56.0,0.0,0.0,0.0,0.0,0.0,0.0,0.0,0.0,0.0,0.0,0.0,0.0,0.0,0.0,0.0,0.0,0.0,0.0,8.0,2.0,1.0
2652,22.22912930000002,0,8.3985,1.9114,2.1694,1.938,0.2168,0.0031,0.0049,0.0003,0.0467,0.058,0.0027,0.0009,0.0139,0.0002,0.0023,0.0017,0.0001,0.0001,0.0117,0.0013,0.0005,0.0029,0.0,0.1093,0.0309,0.0001,0.0088,0.0,125.0,0.0,62.0,63.0,56.0,0.0,0.0,0.0,0.0,0.0,0.0,0.0,0.0,0.0,0.0,0.0,0.0,0.0,0.0,0.0,0.0,0.0,0.0,8.0,2.0,1.0
2653,22.23752780000002,0,8.0806,1.9552,2.0169,1.8092,0.193,0.0044,0.0052,0.0002,0.0325,0.0448,0.0027,0.0007,0.0116,0.0001,0.0016,0.002,0.0001,0.0001,0.009,0.0013,0.0005,0.0028,0.0,0.0903,0.0216,0.0001,0.0086,0.0,125.0,0.0,62.0,63.0,56.0,0.0,0.0,0.0,0.0,0.0,0.0,0.0,0.0,0.0,0.0,0.0,0.0,0.0,0.0,0.0,0.0,0.0,0.0,8.0,2.0,1.0
2654,22.24560840000002,0,8.4086,1.8569,1.9463,1.7767,0.1931,0.0034,0.0056,0.0003,0.0399,0.0515,0.0024,0.0009,0.0115,0.0002,0.0018,0.0021,0.0002,0.0001,0.0099,0.0019,0.001,0.0027,0.0,0.0978,0.0223,0.0001,0.0072,0.0,125.0,0.0,62.0,63.0,56.0,0.0,0.0,0.0,0.0,0.0,0.0,0.0,0.0,0.0,0.0,0.0,0.0,0.0,0.0,0.0,0.0,0.0,0.0,8.0,2.0,1.0
2655,22.25401700000002,0,8.4104,1.8809,2.0822,1.9086,0.1833,0.0035,0.0067,0.0001,0.0332,0.0462,0.0024,0.0009,0.0113,0.0002,0.0019,0.0016,0.0001,0.0001,0.0092,0.0013,0.0005,0.0028,0.0001,0.0875,0.0173,0.0,0.0095,0.0,125.0,0.0,62.0,63.0,56.0,0.0,0.0,0.0,0.0,0.0,0.0,0.0,0.0,0.0,0.0,0.0,0.0,0.0,0.0,0.0,0.0,0.0,0.0,8.0,2.0,1.0
2656,22.262427400000018,0,8.2746,1.9257,1.9969,1.8279,0.1761,0.003,0.0064,0.0002,0.0345,0.0461,0.0019,0.0007,0.0093,0.0002,0.0019,0.002,0.0001,0.0001,0.0088,0.0015,0.0005,0.0024,0.0001,0.086,0.0177,0.0,0.0087,0.0,125.0,0.0,62.0,63.0,56.0,0.0,0.0,0.0,0.0,0.0,0.0,0.0,0.0,0.0,0.0,0.0,0.0,0.0,0.0,0.0,0.0,0.0,0.0,8.0,2.0,1.0
2657,22.270702000000018,0,8.245,2.0691,2.0524,1.8284,0.1984,0.0036,0.0053,0.0002,0.041,0.0531,0.0026,0.001,0.0131,0.0001,0.0018,0.0022,0.0001,0.0002,0.0098,0.0013,0.001,0.0029,0.0,0.1009,0.0206,0.0,0.0094,0.0,125.0,0.0,62.0,63.0,56.0,0.0,0.0,0.0,0.0,0.0,0.0,0.0,0.0,0.0,0.0,0.0,0.0,0.0,0.0,0.0,0.0,0.0,0.0,8.0,2.0,1.0
2658,22.278947000000016,0,8.5447,2.1066,2.0114,1.9689,0.2004,0.0036,0.0078,0.0004,0.042,0.0566,0.0024,0.0009,0.0113,0.0002,0.0018,0.0017,0.0001,0.0002,0.0087,0.0018,0.0004,0.0026,0.0001,0.0994,0.0209,0.0001,0.0093,0.0,125.0,0.0,62.0,63.0,56.0,0.0,0.0,0.0,0.0,0.0,0.0,0.0,0.0,0.0,0.0,0.0,0.0,0.0,0.0,0.0,0.0,0.0,0.0,8.0,2.0,1.0
2659,22.287491700000018,0,8.2075,2.1536,1.9414,1.8777,0.1711,0.0031,0.0067,0.0002,0.0269,0.04,0.0019,0.0009,0.0101,0.0002,0.0019,0.0018,0.0006,0.0001,0.0089,0.0018,0.0005,0.0025,0.0,0.0822,0.0175,0.0001,0.0082,0.0,125.0,0.0,62.0,63.0,56.0,0.0,0.0,0.0,0.0,0.0,0.0,0.0,0.0,0.0,0.0,0.0,0.0,0.0,0.0,0.0,0.0,0.0,0.0,8.0,2.0,1.0
2660,22.29569920000002,0,8.4877,2.0044,2.0528,1.9858,0.2412,0.0031,0.0053,0.0002,0.0545,0.0665,0.0032,0.0013,0.0168,0.0003,0.0026,0.0022,0.0001,0.0002,0.0103,0.0016,0.0005,0.0051,0.0001,0.1276,0.0321,0.0002,0.0099,0.0,125.0,0.0,62.0,63.0,56.0,0.0,0.0,0.0,0.0,0.0,0.0,0.0,0.0,0.0,0.0,0.0,0.0,0.0,0.0,0.0,0.0,0.0,0.0,8.0,2.0,1.0
2661,22.30418690000002,0,8.299,1.9984,2.1545,1.903,0.2212,0.0051,0.0084,0.0003,0.0396,0.0567,0.0026,0.0011,0.0123,0.0002,0.0021,0.0022,0.0001,0.0002,0.0106,0.0018,0.0006,0.003,0.0,0.1042,0.0364,0.0001,0.0082,0.0,125.0,0.0,62.0,63.0,56.0,0.0,0.0,0.0,0.0,0.0,0.0,0.0,0.0,0.0,0.0,0.0,0.0,0.0,0.0,0.0,0.0,0.0,0.0,8.0,2.0,1.0
2662,22.31248590000002,0,8.4248,2.152,2.0665,1.9133,0.2356,0.0042,0.0067,0.0003,0.0547,0.0687,0.0038,0.0011,0.0145,0.0002,0.0019,0.0019,0.0001,0.0,0.01,0.0016,0.0005,0.0036,0.0001,0.1214,0.0329,0.0001,0.0081,0.0,125.0,0.0,62.0,63.0,56.0,0.0,0.0,0.0,0.0,0.0,0.0,0.0,0.0,0.0,0.0,0.0,0.0,0.0,0.0,0.0,0.0,0.0,0.0,8.0,2.0,1.0
2663,22.32091070000002,0,8.2404,2.2605,2.0777,1.8643,0.1826,0.0033,0.0065,0.0002,0.0291,0.0417,0.0027,0.001,0.012,0.0001,0.0019,0.0016,0.0001,0.0001,0.0088,0.0011,0.001,0.0026,0.0001,0.0854,0.0205,0.0001,0.0097,0.0,125.0,0.0,62.0,63.0,56.0,0.0,0.0,0.0,0.0,0.0,0.0,0.0,0.0,0.0,0.0,0.0,0.0,0.0,0.0,0.0,0.0,0.0,0.0,8.0,2.0,1.0
2664,22.32915110000002,0,8.2388,1.9456,1.9674,1.8168,0.1985,0.0027,0.0049,0.0003,0.0468,0.0574,0.0025,0.0009,0.0115,0.0001,0.0019,0.0021,0.0001,0.0001,0.0094,0.0013,0.001,0.0029,0.0001,0.1033,0.0208,0.0,0.0093,0.0,125.0,0.0,62.0,63.0,56.0,0.0,0.0,0.0,0.0,0.0,0.0,0.0,0.0,0.0,0.0,0.0,0.0,0.0,0.0,0.0,0.0,0.0,0.0,8.0,2.0,1.0
2665,22.33738990000002,0,8.417,1.8985,2.015,1.748,0.1877,0.0033,0.0078,0.0003,0.0284,0.0424,0.0027,0.001,0.0119,0.0002,0.0019,0.0017,0.0002,0.0002,0.0095,0.0016,0.0005,0.0029,0.0,0.0873,0.02,0.0001,0.009,0.0,125.0,0.0,62.0,63.0,56.0,0.0,0.0,0.0,0.0,0.0,0.0,0.0,0.0,0.0,0.0,0.0,0.0,0.0,0.0,0.0,0.0,0.0,0.0,8.0,2.0,1.0
2666,22.34580690000002,0,8.808,2.0652,2.2133,2.011,0.2407,0.0039,0.0087,0.0003,0.0528,0.0689,0.0025,0.0014,0.0118,0.0002,0.0024,0.0018,0.0001,0.0001,0.0095,0.0013,0.0005,0.0029,0.0001,0.1155,0.0267,0.0001,0.0091,0.0,125.0,0.0,62.0,63.0,56.0,0.0,0.0,0.0,0.0,0.0,0.0,0.0,0.0,0.0,0.0,0.0,0.0,0.0,0.0,0.0,0.0,0.0,0.0,8.0,2.0,1.0
2667,22.35461490000002,0,8.2152,2.1011,2.589,1.958,0.2014,0.0031,0.0065,0.0002,0.0406,0.0532,0.0023,0.0012,0.012,0.0001,0.0024,0.0017,0.0001,0.0001,0.0091,0.0016,0.0005,0.0026,0.0,0.0976,0.0219,0.0001,0.0087,0.0,125.0,0.0,62.0,63.0,56.0,0.0,0.0,0.0,0.0,0.0,0.0,0.0,0.0,0.0,0.0,0.0,0.0,0.0,0.0,0.0,0.0,0.0,0.0,8.0,2.0,1.0
2668,22.362830100000018,0,8.0756,2.0036,2.2499,1.8998,0.2015,0.0033,0.0056,0.0003,0.0452,0.0577,0.0025,0.001,0.0127,0.0002,0.0018,0.0021,0.0001,0.0001,0.0103,0.0014,0.001,0.003,0.0,0.1055,0.0204,0.0,0.0087,0.0,125.0,0.0,62.0,63.0,56.0,0.0,0.0,0.0,0.0,0.0,0.0,0.0,0.0,0.0,0.0,0.0,0.0,0.0,0.0,0.0,0.0,0.0,0.0,8.0,2.0,1.0
2669,22.37090570000002,0,8.2705,2.0019,1.9718,1.897,0.1939,0.0029,0.0051,0.0002,0.0366,0.0473,0.0033,0.0009,0.012,0.0001,0.0018,0.0018,0.0002,0.0001,0.0093,0.0019,0.0005,0.0029,0.0001,0.0938,0.0227,0.0001,0.0089,0.0,125.0,0.0,62.0,63.0,56.0,0.0,0.0,0.0,0.0,0.0,0.0,0.0,0.0,0.0,0.0,0.0,0.0,0.0,0.0,0.0,0.0,0.0,0.0,8.0,2.0,1.0
2670,22.379176200000018,0,8.2986,1.9273,2.1092,1.9434,0.1975,0.003,0.0049,0.0003,0.0443,0.055,0.0028,0.0011,0.0121,0.0001,0.0017,0.0018,0.0001,0.0001,0.0092,0.0018,0.0005,0.0028,0.0,0.101,0.0217,0.0001,0.009,0.0,125.0,0.0,62.0,63.0,56.0,0.0,0.0,0.0,0.0,0.0,0.0,0.0,0.0,0.0,0.0,0.0,0.0,0.0,0.0,0.0,0.0,0.0,0.0,8.0,2.0,1.0
2671,22.387474800000017,0,8.4634,2.0182,2.0689,1.9394,0.1888,0.0039,0.0068,0.0003,0.0278,0.0422,0.0022,0.0014,0.01,0.0003,0.0022,0.0018,0.0001,0.0001,0.0097,0.0013,0.0016,0.0027,0.0,0.0883,0.0226,0.0001,0.01,0.0,125.0,0.0,62.0,63.0,56.0,0.0,0.0,0.0,0.0,0.0,0.0,0.0,0.0,0.0,0.0,0.0,0.0,0.0,0.0,0.0,0.0,0.0,0.0,8.0,2.0,1.0
2672,22.395938200000018,0,8.407,2.1725,2.1947,2.0078,0.2028,0.0034,0.0071,0.0004,0.0401,0.0536,0.0025,0.0009,0.013,0.0002,0.0018,0.0017,0.0001,0.0001,0.0089,0.0017,0.0005,0.0029,0.0,0.1035,0.0213,0.0001,0.0091,0.0,125.0,0.0,62.0,63.0,54.0,0.0,0.0,0.0,0.0,0.0,0.0,0.0,0.0,0.0,0.0,0.0,0.0,0.0,0.0,0.0,0.0,0.0,0.0,8.0,2.0,1.0
2673,22.404345200000016,0,8.4355,1.969,2.2902,1.7817,0.2159,0.0037,0.0082,0.0003,0.0398,0.0556,0.003,0.0008,0.0124,0.0002,0.002,0.0027,0.0001,0.0001,0.0103,0.0014,0.0007,0.0034,0.0001,0.1054,0.0225,0.0,0.0097,0.0,125.0,0.0,62.0,63.0,54.0,0.0,0.0,0.0,0.0,0.0,0.0,0.0,0.0,0.0,0.0,0.0,0.0,0.0,0.0,0.0,0.0,0.0,0.0,8.0,2.0,1.0
2674,22.412780700000017,0,7.9974,1.9685,2.2483,1.9333,0.1919,0.0036,0.0077,0.0003,0.0408,0.055,0.0025,0.0012,0.0112,0.0001,0.0023,0.0016,0.0001,0.0001,0.0091,0.0011,0.0005,0.0028,0.0,0.0973,0.0191,0.0001,0.0092,0.0,125.0,0.0,62.0,63.0,54.0,0.0,0.0,0.0,0.0,0.0,0.0,0.0,0.0,0.0,0.0,0.0,0.0,0.0,0.0,0.0,0.0,0.0,0.0,8.0,2.0,1.0
2675,22.420778100000017,0,8.662,2.1587,2.1033,1.9656,0.2019,0.0032,0.0066,0.0003,0.0258,0.0384,0.0021,0.0007,0.0095,0.0006,0.0016,0.0022,0.0001,0.0002,0.0089,0.0016,0.0006,0.0028,0.0001,0.107,0.0212,0.0001,0.0098,0.0,125.0,0.0,62.0,63.0,54.0,0.0,0.0,0.0,0.0,0.0,0.0,0.0,0.0,0.0,0.0,0.0,0.0,0.0,0.0,0.0,0.0,0.0,0.0,8.0,2.0,1.0
2676,22.42944010000002,0,8.5127,1.959,2.3655,1.9315,0.2177,0.0045,0.0064,0.0004,0.0508,0.0652,0.0029,0.0012,0.0127,0.0001,0.0018,0.0018,0.0002,0.0004,0.0097,0.0014,0.0005,0.0028,0.0,0.1131,0.0215,0.0001,0.0074,0.0,125.0,0.0,62.0,63.0,54.0,0.0,0.0,0.0,0.0,0.0,0.0,0.0,0.0,0.0,0.0,0.0,0.0,0.0,0.0,0.0,0.0,0.0,0.0,8.0,2.0,1.0
2677,22.43795280000002,0,8.0612,2.1936,2.436,1.9699,0.2038,0.0039,0.0065,0.0003,0.0327,0.0463,0.0026,0.0016,0.0136,0.0002,0.0019,0.0021,0.0001,0.0001,0.0098,0.0018,0.0005,0.0028,0.0001,0.0962,0.0223,0.0001,0.0086,0.0,125.0,0.0,62.0,63.0,54.0,0.0,0.0,0.0,0.0,0.0,0.0,0.0,0.0,0.0,0.0,0.0,0.0,0.0,0.0,0.0,0.0,0.0,0.0,8.0,2.0,1.0
2678,22.44601400000002,0,8.507,2.0789,2.2464,2.0271,0.2118,0.0036,0.0051,0.0002,0.0475,0.0596,0.0023,0.0009,0.0132,0.0001,0.0022,0.0019,0.0001,0.0002,0.0097,0.0018,0.0005,0.0029,0.0001,0.1083,0.024,0.0001,0.0079,0.0,125.0,0.0,62.0,63.0,54.0,0.0,0.0,0.0,0.0,0.0,0.0,0.0,0.0,0.0,0.0,0.0,0.0,0.0,0.0,0.0,0.0,0.0,0.0,8.0,2.0,1.0
2679,22.45452100000002,0,8.0407,2.2035,2.3498,1.9998,0.1937,0.0031,0.0052,0.0003,0.0328,0.0451,0.0026,0.001,0.0124,0.0002,0.0019,0.002,0.0002,0.0001,0.0097,0.0019,0.0005,0.0028,0.0001,0.0939,0.0215,0.0001,0.0086,0.0,125.0,0.0,62.0,63.0,54.0,0.0,0.0,0.0,0.0,0.0,0.0,0.0,0.0,0.0,0.0,0.0,0.0,0.0,0.0,0.0,0.0,0.0,0.0,8.0,2.0,1.0
2680,22.46256170000002,0,8.6219,2.1167,2.313,2.0042,0.1961,0.0036,0.0073,0.0003,0.0371,0.0514,0.0022,0.0008,0.0104,0.0006,0.0018,0.0022,0.0001,0.0002,0.01,0.0012,0.0005,0.0025,0.0,0.0958,0.021,0.0001,0.008,0.0,125.0,0.0,62.0,63.0,54.0,0.0,0.0,0.0,0.0,0.0,0.0,0.0,0.0,0.0,0.0,0.0,0.0,0.0,0.0,0.0,0.0,0.0,0.0,8.0,2.0,1.0
2681,22.47118360000002,0,8.0591,2.2254,2.1844,2.0013,0.1951,0.0031,0.0061,0.0003,0.0321,0.0444,0.0028,0.0013,0.0145,0.0003,0.0021,0.0025,0.0002,0.0001,0.0092,0.0016,0.0005,0.003,0.0001,0.095,0.0225,0.0001,0.0082,0.0,125.0,0.0,62.0,63.0,54.0,0.0,0.0,0.0,0.0,0.0,0.0,0.0,0.0,0.0,0.0,0.0,0.0,0.0,0.0,0.0,0.0,0.0,0.0,8.0,2.0,1.0
2682,22.47924270000002,0,8.3051,2.2166,2.1103,1.9875,0.1859,0.0036,0.0068,0.0003,0.0365,0.05,0.0022,0.0015,0.0109,0.0002,0.0021,0.0017,0.0006,0.0001,0.0091,0.0016,0.0004,0.0025,0.0001,0.0924,0.0182,0.0,0.0082,0.0,125.0,0.0,62.0,63.0,54.0,0.0,0.0,0.0,0.0,0.0,0.0,0.0,0.0,0.0,0.0,0.0,0.0,0.0,0.0,0.0,0.0,0.0,0.0,8.0,2.0,1.0
2683,22.487547800000023,0,8.1309,2.0828,1.9552,1.8043,0.174,0.0028,0.0066,0.0002,0.0299,0.0421,0.0022,0.0012,0.0113,0.0001,0.002,0.0016,0.0006,0.0001,0.0086,0.0013,0.0008,0.0024,0.0001,0.0841,0.0205,0.0,0.0084,0.0,125.0,0.0,62.0,63.0,54.0,0.0,0.0,0.0,0.0,0.0,0.0,0.0,0.0,0.0,0.0,0.0,0.0,0.0,0.0,0.0,0.0,0.0,0.0,8.0,2.0,1.0
2684,22.495678700000024,0,8.4324,1.9139,1.9609,1.9524,0.1945,0.0039,0.0073,0.0002,0.0379,0.052,0.0028,0.0009,0.0134,0.0001,0.0018,0.0023,0.0002,0.0001,0.0099,0.0014,0.0011,0.0029,0.0001,0.1006,0.0208,0.0001,0.008,0.0,125.0,0.0,62.0,63.0,54.0,0.0,0.0,0.0,0.0,0.0,0.0,0.0,0.0,0.0,0.0,0.0,0.0,0.0,0.0,0.0,0.0,0.0,0.0,8.0,2.0,1.0
2685,22.504111100000024,0,8.3143,1.91,1.9741,1.9763,0.1717,0.0031,0.0069,0.0003,0.0262,0.0392,0.002,0.0009,0.013,0.0001,0.0021,0.0016,0.0001,0.0001,0.0093,0.0011,0.0005,0.0027,0.0001,0.083,0.0182,0.0001,0.0097,0.0,125.0,0.0,62.0,63.0,54.0,0.0,0.0,0.0,0.0,0.0,0.0,0.0,0.0,0.0,0.0,0.0,0.0,0.0,0.0,0.0,0.0,0.0,0.0,8.0,2.0,1.0
2686,22.512425400000023,0,8.5,1.8807,2.0491,1.8157,0.1952,0.0047,0.0071,0.0003,0.0372,0.0528,0.0031,0.001,0.0127,0.0002,0.0024,0.0017,0.0001,0.0001,0.0091,0.0015,0.0006,0.0034,0.0,0.1008,0.0207,0.0001,0.0175,0.0,125.0,0.0,62.0,63.0,54.0,0.0,0.0,0.0,0.0,0.0,0.0,0.0,0.0,0.0,0.0,0.0,0.0,0.0,0.0,0.0,0.0,0.0,0.0,8.0,2.0,1.0
2687,22.520925400000024,0,8.2547,1.8832,2.0891,1.9486,0.1822,0.0032,0.0047,0.0002,0.0342,0.0447,0.0032,0.0009,0.0134,0.0001,0.0021,0.0019,0.0001,0.0006,0.009,0.0012,0.0005,0.0028,0.0,0.0923,0.0213,0.0001,0.0088,0.0,125.0,0.0,62.0,63.0,54.0,0.0,0.0,0.0,0.0,0.0,0.0,0.0,0.0,0.0,0.0,0.0,0.0,0.0,0.0,0.0,0.0,0.0,0.0,8.0,2.0,1.0
2688,22.529180100000023,0,8.3671,1.9594,2.1232,2.015,0.1926,0.003,0.0063,0.0003,0.0362,0.0487,0.0026,0.0009,0.013,0.0001,0.0022,0.0018,0.0002,0.0001,0.0093,0.0015,0.0005,0.003,0.0001,0.0959,0.0222,0.0002,0.0087,0.0,125.0,0.0,62.0,63.0,54.0,0.0,0.0,0.0,0.0,0.0,0.0,0.0,0.0,0.0,0.0,0.0,0.0,0.0,0.0,0.0,0.0,0.0,0.0,8.0,2.0,1.0
2689,22.537547200000024,0,8.2838,1.9654,2.0699,1.8201,0.1861,0.0041,0.0074,0.0008,0.0276,0.0426,0.0027,0.0009,0.0132,0.0001,0.0018,0.0023,0.0001,0.0002,0.0104,0.0013,0.0006,0.0028,0.0001,0.0905,0.0205,0.0001,0.0088,0.0,125.0,0.0,62.0,63.0,54.0,0.0,0.0,0.0,0.0,0.0,0.0,0.0,0.0,0.0,0.0,0.0,0.0,0.0,0.0,0.0,0.0,0.0,0.0,8.0,2.0,1.0
2690,22.545831000000025,0,8.4712,1.9349,2.1312,2.0029,0.1914,0.0032,0.0067,0.0005,0.0378,0.0515,0.0028,0.0009,0.0121,0.0002,0.0021,0.0017,0.0001,0.0004,0.0093,0.0012,0.0008,0.0028,0.0001,0.0969,0.0208,0.0001,0.0075,0.0,125.0,0.0,62.0,63.0,54.0,0.0,0.0,0.0,0.0,0.0,0.0,0.0,0.0,0.0,0.0,0.0,0.0,0.0,0.0,0.0,0.0,0.0,0.0,8.0,2.0,1.0
2691,22.554302200000024,0,8.1863,2.0068,2.0436,1.9635,0.1844,0.0027,0.0055,0.0003,0.0315,0.0433,0.0025,0.001,0.0118,0.0001,0.0023,0.0018,0.0001,0.0006,0.0093,0.0019,0.0005,0.0029,0.0,0.0889,0.022,0.0001,0.0082,0.0,125.0,0.0,62.0,63.0,54.0,0.0,0.0,0.0,0.0,0.0,0.0,0.0,0.0,0.0,0.0,0.0,0.0,0.0,0.0,0.0,0.0,0.0,0.0,8.0,2.0,1.0
2692,22.562488500000022,0,8.7367,2.0372,2.3513,1.9616,0.1937,0.0032,0.0075,0.0003,0.0363,0.0502,0.002,0.0009,0.0102,0.0002,0.0018,0.002,0.0001,0.0001,0.009,0.0017,0.0006,0.0028,0.0,0.0932,0.0209,0.0001,0.0087,0.0,125.0,0.0,62.0,63.0,54.0,0.0,0.0,0.0,0.0,0.0,0.0,0.0,0.0,0.0,0.0,0.0,0.0,0.0,0.0,0.0,0.0,0.0,0.0,8.0,2.0,1.0
2693,22.571225200000022,0,8.3923,2.3773,2.302,2.113,0.1918,0.0038,0.0067,0.0003,0.0279,0.0423,0.0028,0.001,0.0122,0.0002,0.0019,0.0028,0.0001,0.0002,0.0108,0.0014,0.0009,0.0033,0.0,0.0903,0.0204,0.0001,0.0087,0.0,125.0,0.0,62.0,63.0,54.0,0.0,0.0,0.0,0.0,0.0,0.0,0.0,0.0,0.0,0.0,0.0,0.0,0.0,0.0,0.0,0.0,0.0,0.0,8.0,2.0,1.0
2694,22.579617500000023,0,8.0869,2.2513,2.4517,2.1374,0.1892,0.003,0.0065,0.0003,0.0374,0.0502,0.003,0.0009,0.0128,0.0001,0.0024,0.0018,0.0002,0.0001,0.009,0.0019,0.0005,0.0032,0.0001,0.0975,0.0201,0.0001,0.0084,0.0,125.0,0.0,62.0,63.0,54.0,0.0,0.0,0.0,0.0,0.0,0.0,0.0,0.0,0.0,0.0,0.0,0.0,0.0,0.0,0.0,0.0,0.0,0.0,8.0,2.0,1.0
2695,22.58770440000002,0,8.0821,1.9729,1.9586,1.8066,0.1484,0.0027,0.006,0.0002,0.0255,0.0367,0.0023,0.0005,0.0092,0.0002,0.0015,0.0017,0.0,0.0001,0.0085,0.0012,0.001,0.0023,0.0,0.0741,0.0148,0.0001,0.0086,0.0,125.0,0.0,62.0,63.0,54.0,0.0,0.0,0.0,0.0,0.0,0.0,0.0,0.0,0.0,0.0,0.0,0.0,0.0,0.0,0.0,0.0,0.0,0.0,8.0,2.0,1.0
2696,22.59578650000002,0,8.2946,1.8657,2.041,1.692,0.1786,0.0028,0.0048,0.0001,0.0415,0.0519,0.0026,0.0006,0.0109,0.0001,0.0014,0.0021,0.0001,0.0001,0.0097,0.0013,0.0004,0.0026,0.0001,0.094,0.0204,0.0001,0.0089,0.0,125.0,0.0,62.0,63.0,54.0,0.0,0.0,0.0,0.0,0.0,0.0,0.0,0.0,0.0,0.0,0.0,0.0,0.0,0.0,0.0,0.0,0.0,0.0,8.0,2.0,1.0
2697,22.60408110000002,0,8.3962,1.969,2.0102,1.8653,0.1596,0.0041,0.0063,0.0002,0.0248,0.0375,0.0021,0.0007,0.0075,0.0001,0.0016,0.0019,0.0001,0.0001,0.0089,0.0012,0.0005,0.0024,0.0,0.0734,0.0193,0.0,0.0082,0.0,125.0,0.0,62.0,63.0,54.0,0.0,0.0,0.0,0.0,0.0,0.0,0.0,0.0,0.0,0.0,0.0,0.0,0.0,0.0,0.0,0.0,0.0,0.0,8.0,2.0,1.0
2698,22.61247730000002,0,9.0858,2.066,2.4471,1.8995,0.3103,0.0035,0.0077,0.0004,0.0788,0.094,0.0036,0.0014,0.021,0.0003,0.0029,0.003,0.0001,0.0002,0.0125,0.0017,0.0007,0.0034,0.0,0.1636,0.0485,0.0002,0.008,0.0,125.0,0.0,62.0,63.0,54.0,0.0,0.0,0.0,0.0,0.0,0.0,0.0,0.0,0.0,0.0,0.0,0.0,0.0,0.0,0.0,0.0,0.0,0.0,8.0,2.0,1.0
2699,22.62156310000002,0,7.7017,2.1207,2.4398,1.9803,0.1822,0.0042,0.007,0.0003,0.0293,0.0429,0.0019,0.001,0.0102,0.0001,0.0016,0.0022,0.0001,0.0002,0.0099,0.0012,0.0006,0.0025,0.0,0.085,0.0187,0.0001,0.0082,0.0,125.0,0.0,62.0,63.0,54.0,0.0,0.0,0.0,0.0,0.0,0.0,0.0,0.0,0.0,0.0,0.0,0.0,0.0,0.0,0.0,0.0,0.0,0.0,8.0,2.0,1.0
2700,22.62926480000002,0,8.4463,2.1879,2.225,1.8069,0.1858,0.003,0.0054,0.0002,0.0391,0.0504,0.0021,0.0015,0.0118,0.0001,0.0016,0.0022,0.0002,0.0001,0.0091,0.0012,0.0005,0.0023,0.0,0.0937,0.0192,0.0001,0.0091,0.0,125.0,0.0,62.0,63.0,54.0,0.0,0.0,0.0,0.0,0.0,0.0,0.0,0.0,0.0,0.0,0.0,0.0,0.0,0.0,0.0,0.0,0.0,0.0,8.0,2.0,1.0
2701,22.63771110000002,0,8.5109,2.2003,2.3256,1.8775,0.2138,0.0038,0.0064,0.0004,0.039,0.0531,0.0027,0.0012,0.013,0.0002,0.0024,0.002,0.0001,0.0006,0.0101,0.0019,0.0006,0.0028,0.0001,0.1029,0.024,0.0001,0.0082,0.0,125.0,0.0,62.0,63.0,54.0,0.0,0.0,0.0,0.0,0.0,0.0,0.0,0.0,0.0,0.0,0.0,0.0,0.0,0.0,0.0,0.0,0.0,0.0,8.0,2.0,1.0
2702,22.64622200000002,0,8.2849,2.2352,2.4739,1.9913,0.2435,0.0048,0.0081,0.0003,0.0469,0.0635,0.003,0.001,0.0133,0.0002,0.002,0.002,0.0001,0.0002,0.0111,0.0015,0.0005,0.0038,0.0,0.1176,0.0326,0.0001,0.0074,0.0,125.0,0.0,62.0,63.0,54.0,0.0,0.0,0.0,0.0,0.0,0.0,0.0,0.0,0.0,0.0,0.0,0.0,0.0,0.0,0.0,0.0,0.0,0.0,8.0,2.0,1.0
2703,22.65450690000002,0,8.369,2.3813,2.3117,1.9352,0.1925,0.0036,0.0076,0.0002,0.0272,0.0414,0.0023,0.0011,0.0115,0.0001,0.0019,0.002,0.0001,0.0002,0.0099,0.0024,0.0006,0.003,0.0,0.0897,0.0205,0.0002,0.0084,0.0,125.0,0.0,62.0,63.0,54.0,0.0,0.0,0.0,0.0,0.0,0.0,0.0,0.0,0.0,0.0,0.0,0.0,0.0,0.0,0.0,0.0,0.0,0.0,8.0,2.0,1.0
2704,22.662875900000017,0,8.2599,2.0831,2.3867,1.8406,0.2022,0.004,0.0054,0.0003,0.0459,0.0584,0.0027,0.001,0.0115,0.0002,0.002,0.0017,0.0001,0.0001,0.0095,0.0013,0.001,0.0025,0.0,0.1035,0.0195,0.0002,0.0074,0.0,125.0,0.0,62.0,63.0,54.0,0.0,0.0,0.0,0.0,0.0,0.0,0.0,0.0,0.0,0.0,0.0,0.0,0.0,0.0,0.0,0.0,0.0,0.0,8.0,2.0,1.0
2705,22.671135800000016,0,8.4678,2.202,2.3936,2.0143,0.2031,0.0036,0.0076,0.0003,0.0297,0.0442,0.003,0.0013,0.0122,0.0001,0.0025,0.0018,0.0006,0.0002,0.0107,0.0018,0.0007,0.0027,0.0,0.0924,0.0195,0.0001,0.0091,0.0,125.0,0.0,62.0,63.0,54.0,0.0,0.0,0.0,0.0,0.0,0.0,0.0,0.0,0.0,0.0,0.0,0.0,0.0,0.0,0.0,0.0,0.0,0.0,8.0,2.0,1.0
2706,22.679603600000014,0,7.8777,2.1998,2.3007,1.9391,0.1893,0.003,0.0053,0.0002,0.0463,0.0568,0.0024,0.0007,0.0114,0.0001,0.0016,0.0021,0.0001,0.0001,0.009,0.0015,0.0004,0.0027,0.0,0.1003,0.0192,0.0,0.0082,0.0,125.0,0.0,62.0,63.0,54.0,0.0,0.0,0.0,0.0,0.0,0.0,0.0,0.0,0.0,0.0,0.0,0.0,0.0,0.0,0.0,0.0,0.0,0.0,8.0,2.0,1.0
2707,22.687481300000016,0,8.0908,1.9479,1.7441,1.6597,0.1565,0.0028,0.0053,0.0001,0.0291,0.0396,0.0019,0.0006,0.0097,0.0002,0.0018,0.0013,0.0002,0.0001,0.0087,0.0011,0.0004,0.0022,0.0001,0.0786,0.0172,0.0005,0.0076,0.0,125.0,0.0,62.0,63.0,54.0,0.0,0.0,0.0,0.0,0.0,0.0,0.0,0.0,0.0,0.0,0.0,0.0,0.0,0.0,0.0,0.0,0.0,0.0,8.0,2.0,1.0
2708,22.695572100000017,0,8.6934,1.952,2.049,1.6415,0.1911,0.004,0.0074,0.0003,0.0363,0.0506,0.0028,0.0011,0.011,0.0002,0.0017,0.0017,0.0001,0.0002,0.0093,0.0013,0.0005,0.0028,0.0,0.0947,0.0202,0.0001,0.0089,0.0,125.0,0.0,62.0,63.0,54.0,0.0,0.0,0.0,0.0,0.0,0.0,0.0,0.0,0.0,0.0,0.0,0.0,0.0,0.0,0.0,0.0,0.0,0.0,8.0,2.0,1.0
2709,22.704265500000016,0,8.0301,1.9906,1.899,1.8771,0.1747,0.004,0.0072,0.0002,0.0272,0.0418,0.0028,0.0008,0.0115,0.0002,0.0021,0.0017,0.0002,0.0002,0.0087,0.0013,0.0004,0.0028,0.0,0.0851,0.0179,0.0001,0.008,0.0,125.0,0.0,62.0,63.0,54.0,0.0,0.0,0.0,0.0,0.0,0.0,0.0,0.0,0.0,0.0,0.0,0.0,0.0,0.0,0.0,0.0,0.0,0.0,8.0,2.0,1.0
2710,22.712295600000015,0,8.3294,1.9623,1.8327,1.8998,0.1724,0.0028,0.0067,0.0002,0.0342,0.0464,0.0025,0.0009,0.0125,0.0001,0.0015,0.002,0.0001,0.0001,0.0086,0.0018,0.0005,0.0026,0.0,0.0899,0.0202,0.0002,0.0076,0.0,125.0,0.0,62.0,63.0,54.0,0.0,0.0,0.0,0.0,0.0,0.0,0.0,0.0,0.0,0.0,0.0,0.0,0.0,0.0,0.0,0.0,0.0,0.0,8.0,2.0,1.0
2711,22.720625000000016,0,8.3381,1.8771,1.8176,1.6239,0.1642,0.0026,0.0046,0.0002,0.0314,0.0411,0.0022,0.0007,0.0114,0.0001,0.0016,0.0019,0.0001,0.0001,0.0091,0.0013,0.0004,0.0027,0.0,0.0838,0.0187,0.0001,0.0077,0.0,125.0,0.0,62.0,63.0,54.0,0.0,0.0,0.0,0.0,0.0,0.0,0.0,0.0,0.0,0.0,0.0,0.0,0.0,0.0,0.0,0.0,0.0,0.0,8.0,2.0,1.0
2712,22.728963100000016,0,8.4298,1.9051,1.9339,1.853,0.1878,0.0027,0.0049,0.0003,0.0487,0.0589,0.0029,0.0007,0.0117,0.0002,0.0021,0.0015,0.0001,0.0006,0.0095,0.0014,0.0005,0.0027,0.0,0.1033,0.0196,0.0,0.0094,0.0,125.0,0.0,62.0,63.0,54.0,0.0,0.0,0.0,0.0,0.0,0.0,0.0,0.0,0.0,0.0,0.0,0.0,0.0,0.0,0.0,0.0,0.0,0.0,8.0,2.0,1.0
2713,22.737392900000014,0,8.1891,1.7993,1.775,1.7106,0.1665,0.0024,0.0044,0.0002,0.0313,0.0406,0.0021,0.0011,0.0116,0.0001,0.0015,0.002,0.0001,0.0001,0.01,0.0013,0.0005,0.0027,0.0001,0.0856,0.0181,0.0001,0.0079,0.0,125.0,0.0,62.0,63.0,54.0,0.0,0.0,0.0,0.0,0.0,0.0,0.0,0.0,0.0,0.0,0.0,0.0,0.0,0.0,0.0,0.0,0.0,0.0,8.0,2.0,1.0
2714,22.745582000000013,0,8.3514,1.8677,1.7766,1.7585,0.1774,0.0025,0.005,0.0002,0.0454,0.0552,0.0028,0.0007,0.0108,0.0002,0.0014,0.002,0.0,0.0001,0.0092,0.0013,0.0005,0.0025,0.0001,0.0962,0.0195,0.0001,0.0088,0.0,125.0,0.0,62.0,63.0,54.0,0.0,0.0,0.0,0.0,0.0,0.0,0.0,0.0,0.0,0.0,0.0,0.0,0.0,0.0,0.0,0.0,0.0,0.0,8.0,2.0,1.0
2715,22.75393340000001,0,8.3185,1.8822,1.7976,1.9027,0.1636,0.0027,0.0053,0.0003,0.0297,0.0402,0.0022,0.0007,0.0113,0.0002,0.0017,0.0017,0.0001,0.0001,0.0081,0.0015,0.0005,0.0029,0.0,0.0817,0.0186,0.0,0.0096,0.0,125.0,0.0,62.0,63.0,54.0,0.0,0.0,0.0,0.0,0.0,0.0,0.0,0.0,0.0,0.0,0.0,0.0,0.0,0.0,0.0,0.0,0.0,0.0,8.0,2.0,1.0
2716,22.762251900000013,0,8.6253,1.9202,1.9384,1.7231,0.1808,0.0029,0.0059,0.0002,0.0353,0.0466,0.0025,0.0008,0.0128,0.0002,0.0023,0.0015,0.0001,0.0005,0.0094,0.0013,0.0006,0.0027,0.0,0.0925,0.0198,0.0001,0.008,0.0,125.0,0.0,62.0,63.0,54.0,0.0,0.0,0.0,0.0,0.0,0.0,0.0,0.0,0.0,0.0,0.0,0.0,0.0,0.0,0.0,0.0,0.0,0.0,8.0,2.0,1.0
2717,22.77087720000001,0,8.1203,1.9726,1.8501,1.873,0.1492,0.0027,0.0064,0.0006,0.026,0.0375,0.0018,0.0007,0.0094,0.0002,0.002,0.0014,0.0001,0.0001,0.0079,0.0015,0.0005,0.0022,0.0,0.0741,0.0165,0.0,0.008,0.0,125.0,0.0,62.0,63.0,54.0,0.0,0.0,0.0,0.0,0.0,0.0,0.0,0.0,0.0,0.0,0.0,0.0,0.0,0.0,0.0,0.0,0.0,0.0,8.0,2.0,1.0
2718,22.778997500000013,0,8.322,2.1151,1.983,1.7996,0.1569,0.0032,0.0062,0.0002,0.0334,0.045,0.0025,0.0006,0.0094,0.0001,0.0018,0.0014,0.0,0.0001,0.0076,0.0011,0.0004,0.0022,0.0001,0.0814,0.0158,0.0001,0.0099,0.0,125.0,0.0,62.0,63.0,54.0,0.0,0.0,0.0,0.0,0.0,0.0,0.0,0.0,0.0,0.0,0.0,0.0,0.0,0.0,0.0,0.0,0.0,0.0,8.0,2.0,1.0
2719,22.787319500000013,0,8.2453,1.9721,1.7515,1.6453,0.1512,0.0027,0.006,0.0002,0.0255,0.0363,0.0024,0.0008,0.0093,0.0001,0.0015,0.0018,0.0,0.0002,0.0083,0.0012,0.0009,0.0022,0.0,0.0743,0.016,0.0001,0.007,0.0,125.0,0.0,62.0,63.0,54.0,0.0,0.0,0.0,0.0,0.0,0.0,0.0,0.0,0.0,0.0,0.0,0.0,0.0,0.0,0.0,0.0,0.0,0.0,8.0,2.0,1.0
2720,22.79556480000001,0,8.4559,1.9099,1.8403,1.6944,0.1641,0.0025,0.0068,0.0002,0.0338,0.0454,0.002,0.0006,0.0092,0.0001,0.0016,0.0015,0.0001,0.0001,0.0078,0.0015,0.0005,0.0022,0.0001,0.081,0.0179,0.0,0.0085,0.0,125.0,0.0,62.0,63.0,54.0,0.0,0.0,0.0,0.0,0.0,0.0,0.0,0.0,0.0,0.0,0.0,0.0,0.0,0.0,0.0,0.0,0.0,0.0,8.0,2.0,1.0
2721,22.804020700000013,0,8.2811,1.8414,1.8745,1.6657,0.1622,0.0027,0.0049,0.0002,0.0299,0.0399,0.0022,0.0008,0.0086,0.0001,0.0015,0.0017,0.0,0.0002,0.0079,0.0011,0.0005,0.0027,0.0001,0.0793,0.0201,0.0,0.0088,0.0,125.0,0.0,62.0,63.0,54.0,0.0,0.0,0.0,0.0,0.0,0.0,0.0,0.0,0.0,0.0,0.0,0.0,0.0,0.0,0.0,0.0,0.0,0.0,8.0,2.0,1.0
2722,22.812301800000014,0,8.4772,1.9216,1.8137,1.7584,0.1753,0.0026,0.0057,0.0002,0.0379,0.0497,0.0025,0.0009,0.011,0.0002,0.002,0.0016,0.0001,0.0001,0.0089,0.0012,0.001,0.0028,0.0,0.0961,0.0189,0.0001,0.0089,0.0,125.0,0.0,62.0,63.0,54.0,0.0,0.0,0.0,0.0,0.0,0.0,0.0,0.0,0.0,0.0,0.0,0.0,0.0,0.0,0.0,0.0,0.0,0.0,8.0,2.0,1.0
2723,22.820779000000016,0,8.386,1.9857,2.111,1.6473,0.173,0.0036,0.007,0.0003,0.0241,0.038,0.0023,0.0007,0.0112,0.0001,0.0016,0.0016,0.0001,0.0001,0.0091,0.0013,0.0009,0.0028,0.0,0.0808,0.0192,0.0001,0.0081,0.0,125.0,0.0,62.0,63.0,54.0,0.0,0.0,0.0,0.0,0.0,0.0,0.0,0.0,0.0,0.0,0.0,0.0,0.0,0.0,0.0,0.0,0.0,0.0,8.0,2.0,1.0
2724,22.829165000000017,0,8.3428,2.0736,1.9063,1.8692,0.164,0.0033,0.0059,0.0002,0.0345,0.046,0.002,0.0008,0.0109,0.0001,0.0018,0.0015,0.0001,0.0001,0.0088,0.0012,0.0005,0.0023,0.0,0.0856,0.0162,0.0,0.0088,0.0,125.0,0.0,62.0,63.0,54.0,0.0,0.0,0.0,0.0,0.0,0.0,0.0,0.0,0.0,0.0,0.0,0.0,0.0,0.0,0.0,0.0,0.0,0.0,8.0,2.0,1.0
2725,22.83750780000002,0,8.2586,1.9084,2.1325,1.8545,0.1808,0.0033,0.0073,0.0002,0.0295,0.0427,0.0026,0.0009,0.0111,0.0003,0.0023,0.0016,0.0,0.0006,0.0087,0.0012,0.0006,0.0028,0.0,0.0863,0.0196,0.0,0.0071,0.0,125.0,0.0,62.0,63.0,54.0,0.0,0.0,0.0,0.0,0.0,0.0,0.0,0.0,0.0,0.0,0.0,0.0,0.0,0.0,0.0,0.0,0.0,0.0,8.0,2.0,1.0
2726,22.84576640000002,0,8.425,2.0501,2.0022,1.6095,0.1813,0.0027,0.006,0.0002,0.0459,0.057,0.0029,0.0008,0.0108,0.0002,0.0014,0.0016,0.0,0.0001,0.0082,0.0016,0.0004,0.0027,0.0001,0.0977,0.0188,0.0,0.0106,0.0,125.0,0.0,62.0,63.0,54.0,0.0,0.0,0.0,0.0,0.0,0.0,0.0,0.0,0.0,0.0,0.0,0.0,0.0,0.0,0.0,0.0,0.0,0.0,8.0,2.0,1.0
2727,22.85419140000002,0,8.289,1.7244,2.0008,1.6393,0.1724,0.0054,0.0072,0.0002,0.0264,0.0418,0.0023,0.0008,0.0104,0.0002,0.0017,0.0019,0.0001,0.0001,0.0087,0.0013,0.0005,0.0026,0.0001,0.0837,0.0193,0.0001,0.0083,0.0,125.0,0.0,62.0,63.0,54.0,0.0,0.0,0.0,0.0,0.0,0.0,0.0,0.0,0.0,0.0,0.0,0.0,0.0,0.0,0.0,0.0,0.0,0.0,8.0,2.0,1.0
2728,22.86248040000002,0,8.3729,1.9163,1.9881,1.7428,0.1688,0.003,0.0064,0.0002,0.0273,0.0395,0.0019,0.0009,0.0104,0.0002,0.0015,0.0017,0.0001,0.0001,0.0094,0.0012,0.0005,0.0022,0.0,0.0791,0.0189,0.0,0.0088,0.0,125.0,0.0,62.0,63.0,54.0,0.0,0.0,0.0,0.0,0.0,0.0,0.0,0.0,0.0,0.0,0.0,0.0,0.0,0.0,0.0,0.0,0.0,0.0,8.0,2.0,1.0
2729,22.87085330000002,0,8.3469,2.1152,1.9222,1.8909,0.1745,0.0036,0.0079,0.0003,0.0267,0.0414,0.0027,0.0007,0.0103,0.0001,0.0017,0.0023,0.0001,0.0001,0.0087,0.0018,0.0004,0.0028,0.0,0.0832,0.0186,0.0,0.0081,0.0,125.0,0.0,62.0,63.0,54.0,0.0,0.0,0.0,0.0,0.0,0.0,0.0,0.0,0.0,0.0,0.0,0.0,0.0,0.0,0.0,0.0,0.0,0.0,8.0,2.0,1.0
2730,22.87920020000002,0,8.2001,1.9038,2.0675,1.6981,0.2071,0.0033,0.0058,0.0002,0.054,0.0659,0.0034,0.0016,0.0178,0.0002,0.002,0.0022,0.0,0.0002,0.012,0.0014,0.0005,0.0027,0.0,0.1191,0.0211,0.0,0.0109,0.0,125.0,0.0,62.0,63.0,54.0,0.0,0.0,0.0,0.0,0.0,0.0,0.0,0.0,0.0,0.0,0.0,0.0,0.0,0.0,0.0,0.0,0.0,0.0,8.0,2.0,1.0
2731,22.88740030000002,0,8.1491,1.8665,1.6626,1.7507,0.1618,0.0027,0.0047,0.0002,0.034,0.0433,0.0024,0.0007,0.0126,0.0001,0.0015,0.0011,0.0001,0.0001,0.0083,0.0011,0.0004,0.0025,0.0,0.0847,0.019,0.0001,0.0087,0.0,125.0,0.0,62.0,63.0,54.0,0.0,0.0,0.0,0.0,0.0,0.0,0.0,0.0,0.0,0.0,0.0,0.0,0.0,0.0,0.0,0.0,0.0,0.0,8.0,2.0,1.0
2732,22.89554940000002,0,8.8173,1.8607,1.8989,1.7568,0.1882,0.0029,0.0079,0.0002,0.0342,0.0475,0.0021,0.0009,0.0106,0.0003,0.0017,0.002,0.0001,0.0001,0.0093,0.0017,0.0008,0.0026,0.0,0.0907,0.0204,0.0001,0.008,0.0,125.0,0.0,62.0,63.0,54.0,0.0,0.0,0.0,0.0,0.0,0.0,0.0,0.0,0.0,0.0,0.0,0.0,0.0,0.0,0.0,0.0,0.0,0.0,8.0,2.0,1.0
2733,22.904366700000022,0,8.1095,2.1513,2.1338,1.9403,0.1702,0.0029,0.0055,0.0002,0.0297,0.0409,0.002,0.0007,0.0096,0.0001,0.0014,0.002,0.0001,0.0001,0.0087,0.0016,0.0005,0.0029,0.0,0.0816,0.0185,0.0,0.0099,0.0,125.0,0.0,62.0,63.0,54.0,0.0,0.0,0.0,0.0,0.0,0.0,0.0,0.0,0.0,0.0,0.0,0.0,0.0,0.0,0.0,0.0,0.0,0.0,8.0,2.0,1.0
2734,22.91247620000002,0,8.2096,2.0139,1.825,1.7525,0.1839,0.0026,0.0048,0.0002,0.0454,0.0559,0.0031,0.0006,0.012,0.0001,0.0016,0.0013,0.0001,0.0001,0.0095,0.0017,0.001,0.0027,0.0,0.0995,0.0171,0.0,0.0072,0.0,125.0,0.0,62.0,63.0,54.0,0.0,0.0,0.0,0.0,0.0,0.0,0.0,0.0,0.0,0.0,0.0,0.0,0.0,0.0,0.0,0.0,0.0,0.0,8.0,2.0,1.0
2735,22.920685800000022,0,8.5255,1.749,1.9901,1.6176,0.1725,0.003,0.0056,0.0002,0.0292,0.0405,0.0023,0.0012,0.013,0.0001,0.0014,0.0019,0.0001,0.0001,0.0082,0.0016,0.0005,0.0027,0.0,0.084,0.0185,0.0001,0.0086,0.0,125.0,0.0,62.0,63.0,54.0,0.0,0.0,0.0,0.0,0.0,0.0,0.0,0.0,0.0,0.0,0.0,0.0,0.0,0.0,0.0,0.0,0.0,0.0,8.0,2.0,1.0
2736,22.929211300000023,0,8.1529,1.8036,1.8655,1.9117,0.1664,0.0024,0.0057,0.0002,0.0303,0.0414,0.0019,0.0007,0.0104,0.0001,0.0014,0.0017,0.0001,0.0,0.0088,0.0013,0.0005,0.0024,0.0001,0.0801,0.018,0.0001,0.0106,0.0,125.0,0.0,62.0,63.0,54.0,0.0,0.0,0.0,0.0,0.0,0.0,0.0,0.0,0.0,0.0,0.0,0.0,0.0,0.0,0.0,0.0,0.0,0.0,8.0,2.0,1.0
2737,22.937364200000022,0,8.4496,1.9322,1.9434,1.7684,0.1657,0.0029,0.0045,0.0002,0.0306,0.0405,0.0024,0.0008,0.0122,0.0002,0.0014,0.0019,0.0,0.0001,0.0082,0.0013,0.0006,0.0027,0.0,0.0838,0.0194,0.0,0.009,0.0,125.0,0.0,62.0,63.0,54.0,0.0,0.0,0.0,0.0,0.0,0.0,0.0,0.0,0.0,0.0,0.0,0.0,0.0,0.0,0.0,0.0,0.0,0.0,8.0,2.0,1.0
2738,22.94581380000002,0,8.4943,1.7706,1.985,1.6011,0.1836,0.0033,0.0048,0.0001,0.0363,0.0478,0.003,0.0008,0.0124,0.0001,0.0023,0.0017,0.0001,0.0001,0.0095,0.0013,0.0005,0.0028,0.0001,0.0929,0.0204,0.0001,0.0073,0.0,125.0,0.0,62.0,63.0,54.0,0.0,0.0,0.0,0.0,0.0,0.0,0.0,0.0,0.0,0.0,0.0,0.0,0.0,0.0,0.0,0.0,0.0,0.0,8.0,2.0,1.0
2739,22.95430810000002,0,8.3244,2.0735,2.1695,1.9137,0.1776,0.004,0.0054,0.0003,0.0314,0.0436,0.0021,0.001,0.0105,0.0003,0.0018,0.0019,0.0001,0.0001,0.0093,0.0011,0.0005,0.0024,0.0,0.0858,0.0194,0.0001,0.0088,0.0,125.0,0.0,62.0,63.0,54.0,0.0,0.0,0.0,0.0,0.0,0.0,0.0,0.0,0.0,0.0,0.0,0.0,0.0,0.0,0.0,0.0,0.0,0.0,8.0,2.0,1.0
2740,22.96263250000002,0,8.4044,2.0267,2.1894,1.7272,0.1993,0.0028,0.0053,0.0002,0.0505,0.0614,0.0026,0.0009,0.0119,0.0002,0.0022,0.0018,0.0001,0.0001,0.0089,0.0014,0.0005,0.0027,0.0001,0.1059,0.0216,0.0001,0.0091,0.0,125.0,0.0,62.0,63.0,54.0,0.0,0.0,0.0,0.0,0.0,0.0,0.0,0.0,0.0,0.0,0.0,0.0,0.0,0.0,0.0,0.0,0.0,0.0,8.0,2.0,1.0
2741,22.97103690000002,0,8.0514,2.0494,1.9887,1.9325,0.1673,0.0025,0.0047,0.0002,0.0329,0.0424,0.002,0.0011,0.0094,0.0001,0.0016,0.002,0.0,0.0001,0.0084,0.0017,0.0005,0.0023,0.0001,0.0808,0.0196,0.0,0.0074,0.0,125.0,0.0,62.0,63.0,54.0,0.0,0.0,0.0,0.0,0.0,0.0,0.0,0.0,0.0,0.0,0.0,0.0,0.0,0.0,0.0,0.0,0.0,0.0,8.0,2.0,1.0
2742,22.97908830000002,0,8.4448,1.9371,1.874,1.825,0.1782,0.0037,0.0059,0.0002,0.0373,0.0495,0.0021,0.0008,0.0096,0.0002,0.0016,0.0017,0.0,0.0001,0.0088,0.0016,0.0005,0.0024,0.0001,0.0891,0.0179,0.0001,0.0085,0.0,125.0,0.0,62.0,63.0,54.0,0.0,0.0,0.0,0.0,0.0,0.0,0.0,0.0,0.0,0.0,0.0,0.0,0.0,0.0,0.0,0.0,0.0,0.0,8.0,2.0,1.0
2743,22.987533100000018,0,8.5032,2.107,2.1532,1.9895,0.2006,0.0043,0.0053,0.0003,0.0393,0.0528,0.0028,0.0012,0.0126,0.0002,0.0019,0.0024,0.0001,0.0001,0.0099,0.0014,0.0011,0.0028,0.0001,0.1011,0.0225,0.0001,0.0082,0.0,125.0,0.0,62.0,63.0,54.0,0.0,0.0,0.0,0.0,0.0,0.0,0.0,0.0,0.0,0.0,0.0,0.0,0.0,0.0,0.0,0.0,0.0,0.0,8.0,2.0,1.0
2744,22.996036300000018,0,8.5046,1.9694,2.3376,1.9514,0.2002,0.0038,0.008,0.0002,0.037,0.0523,0.0027,0.001,0.0108,0.0001,0.0018,0.0021,0.0002,0.0001,0.0098,0.0012,0.0006,0.003,0.0,0.0981,0.0222,0.0001,0.0081,0.0,125.0,0.0,62.0,63.0,54.0,0.0,0.0,0.0,0.0,0.0,0.0,0.0,0.0,0.0,0.0,0.0,0.0,0.0,0.0,0.0,0.0,0.0,0.0,8.0,2.0,1.0
2745,23.004540900000016,0,8.0734,2.4715,2.1452,2.0392,0.1768,0.0034,0.0071,0.0002,0.0276,0.0407,0.0023,0.002,0.0116,0.0001,0.0016,0.0021,0.0001,0.0002,0.0095,0.0013,0.0006,0.0029,0.0001,0.0839,0.0198,0.0,0.0071,0.0,125.0,0.0,62.0,63.0,54.0,0.0,0.0,0.0,0.0,0.0,0.0,0.0,0.0,0.0,0.0,0.0,0.0,0.0,0.0,0.0,0.0,0.0,0.0,8.0,2.0,1.0
2746,23.012614300000017,0,8.4504,2.011,2.261,1.9225,0.2566,0.0036,0.0054,0.0003,0.067,0.0797,0.003,0.0013,0.0155,0.0002,0.0024,0.0018,0.0003,0.0001,0.0101,0.0014,0.0005,0.0048,0.0,0.1377,0.0322,0.0002,0.0103,0.0,125.0,0.0,62.0,63.0,54.0,0.0,0.0,0.0,0.0,0.0,0.0,0.0,0.0,0.0,0.0,0.0,0.0,0.0,0.0,0.0,0.0,0.0,0.0,8.0,2.0,1.0
2747,23.021064700000018,0,8.3964,2.2796,2.2538,1.8703,0.2142,0.0033,0.0075,0.0003,0.0309,0.045,0.0031,0.0012,0.0157,0.0001,0.002,0.0022,0.0002,0.0002,0.0135,0.0022,0.0006,0.0035,0.0001,0.103,0.0266,0.0002,0.0095,0.0,125.0,0.0,62.0,63.0,54.0,0.0,0.0,0.0,0.0,0.0,0.0,0.0,0.0,0.0,0.0,0.0,0.0,0.0,0.0,0.0,0.0,0.0,0.0,8.0,2.0,1.0
2748,23.029461100000017,0,8.5874,2.0781,2.433,1.7908,0.199,0.0037,0.0073,0.0003,0.0373,0.0511,0.0021,0.0015,0.0117,0.0002,0.002,0.0022,0.0002,0.0001,0.0098,0.0014,0.0005,0.003,0.0,0.0989,0.0232,0.0005,0.1038,0.0,125.0,0.0,62.0,63.0,54.0,0.0,0.0,0.0,0.0,0.0,0.0,0.0,0.0,0.0,0.0,0.0,0.0,0.0,0.0,0.0,0.0,0.0,0.0,8.0,2.0,1.0
2749,23.038048500000016,0,8.1483,2.5067,2.3115,2.1914,0.1956,0.0036,0.0085,0.0004,0.033,0.0492,0.0025,0.001,0.0118,0.0001,0.0022,0.0023,0.0001,0.0001,0.0093,0.0017,0.0006,0.0027,0.0001,0.0937,0.0199,0.0002,0.009,0.0,125.0,0.0,62.0,63.0,54.0,0.0,0.0,0.0,0.0,0.0,0.0,0.0,0.0,0.0,0.0,0.0,0.0,0.0,0.0,0.0,0.0,0.0,0.0,8.0,2.0,1.0
2750,23.046196800000015,0,8.5578,2.4131,2.5752,2.1394,0.2568,0.0044,0.0109,0.0003,0.0341,0.0526,0.0032,0.0013,0.0164,0.0005,0.0029,0.0028,0.0001,0.0002,0.0156,0.0029,0.001,0.0043,0.0,0.1227,0.0266,0.0001,0.0091,0.0,125.0,0.0,62.0,63.0,54.0,0.0,0.0,0.0,0.0,0.0,0.0,0.0,0.0,0.0,0.0,0.0,0.0,0.0,0.0,0.0,0.0,0.0,0.0,8.0,2.0,1.0
2751,23.054754600000013,0,7.9659,2.1258,2.2841,2.1953,0.1935,0.0033,0.0089,0.0003,0.036,0.0513,0.0025,0.0009,0.0111,0.0001,0.0021,0.0017,0.0001,0.0001,0.0093,0.0018,0.0005,0.0025,0.0001,0.0951,0.0191,0.0001,0.0094,0.0,125.0,0.0,62.0,63.0,54.0,0.0,0.0,0.0,0.0,0.0,0.0,0.0,0.0,0.0,0.0,0.0,0.0,0.0,0.0,0.0,0.0,0.0,0.0,8.0,2.0,1.0
2752,23.06272050000001,0,8.4675,2.2188,2.3136,2.0764,0.1859,0.0034,0.0069,0.0002,0.0353,0.0489,0.0026,0.0009,0.0106,0.0001,0.0015,0.002,0.0001,0.0001,0.009,0.0013,0.0005,0.0025,0.0,0.0896,0.0224,0.0001,0.0081,0.0,125.0,0.0,62.0,63.0,54.0,0.0,0.0,0.0,0.0,0.0,0.0,0.0,0.0,0.0,0.0,0.0,0.0,0.0,0.0,0.0,0.0,0.0,0.0,8.0,2.0,1.0
2753,23.07118800000001,0,8.1587,2.286,2.2365,1.9317,0.1869,0.0034,0.008,0.0003,0.0304,0.0452,0.0029,0.0013,0.0144,0.0002,0.002,0.0017,0.0006,0.0001,0.0089,0.0018,0.0005,0.0025,0.0001,0.0919,0.0203,0.0001,0.0095,0.0,125.0,0.0,62.0,63.0,54.0,0.0,0.0,0.0,0.0,0.0,0.0,0.0,0.0,0.0,0.0,0.0,0.0,0.0,0.0,0.0,0.0,0.0,0.0,8.0,2.0,1.0
2754,23.07934670000001,0,8.3303,2.4122,2.2695,1.9887,0.2201,0.0036,0.0078,0.0008,0.0405,0.056,0.0024,0.0011,0.0131,0.0002,0.002,0.0018,0.0001,0.0001,0.0104,0.0014,0.0012,0.0026,0.0001,0.1045,0.0228,0.0,0.0095,0.0,125.0,0.0,62.0,63.0,54.0,0.0,0.0,0.0,0.0,0.0,0.0,0.0,0.0,0.0,0.0,0.0,0.0,0.0,0.0,0.0,0.0,0.0,0.0,8.0,2.0,1.0
2755,23.08767700000001,0,8.5638,2.1788,2.1476,2.0449,0.1982,0.0042,0.0075,0.0003,0.0334,0.0493,0.0035,0.001,0.0139,0.0006,0.0018,0.0017,0.0006,0.0001,0.0097,0.0013,0.0006,0.0026,0.0,0.0966,0.0224,0.0,0.0095,0.0,125.0,0.0,62.0,63.0,54.0,0.0,0.0,0.0,0.0,0.0,0.0,0.0,0.0,0.0,0.0,0.0,0.0,0.0,0.0,0.0,0.0,0.0,0.0,8.0,2.0,1.0
2756,23.09624080000001,0,8.2339,2.1364,2.3482,1.8234,0.1919,0.0035,0.0071,0.0004,0.0383,0.0519,0.002,0.001,0.0107,0.0002,0.0018,0.0021,0.0002,0.0001,0.0088,0.0017,0.0005,0.0024,0.0,0.0943,0.0214,0.0,0.0081,0.0,125.0,0.0,62.0,63.0,54.0,0.0,0.0,0.0,0.0,0.0,0.0,0.0,0.0,0.0,0.0,0.0,0.0,0.0,0.0,0.0,0.0,0.0,0.0,8.0,2.0,1.0
2757,23.10447470000001,0,8.3647,2.0852,2.1605,1.8206,0.1722,0.003,0.0064,0.0002,0.0251,0.0377,0.0022,0.0012,0.011,0.0002,0.0017,0.0016,0.0001,0.0001,0.0089,0.0016,0.0004,0.0023,0.0,0.0798,0.0195,0.0001,0.0091,0.0,125.0,0.0,62.0,63.0,54.0,0.0,0.0,0.0,0.0,0.0,0.0,0.0,0.0,0.0,0.0,0.0,0.0,0.0,0.0,0.0,0.0,0.0,0.0,8.0,2.0,1.0
2758,23.112839400000013,0,8.0913,2.0582,2.2239,1.9202,0.2033,0.0031,0.0056,0.0003,0.0577,0.0695,0.0024,0.0008,0.0121,0.0002,0.0018,0.0016,0.0001,0.0001,0.0094,0.0025,0.0005,0.0027,0.0001,0.1155,0.0197,0.0001,0.0079,0.0,125.0,0.0,62.0,63.0,54.0,0.0,0.0,0.0,0.0,0.0,0.0,0.0,0.0,0.0,0.0,0.0,0.0,0.0,0.0,0.0,0.0,0.0,0.0,8.0,2.0,1.0
2759,23.120930700000013,0,8.3459,1.8412,2.0893,1.8232,0.1579,0.0028,0.0056,0.0003,0.0279,0.0393,0.002,0.0007,0.0099,0.0001,0.002,0.0013,0.0001,0.0001,0.0086,0.0012,0.0004,0.0024,0.0,0.0787,0.0159,0.0001,0.0081,0.0,125.0,0.0,62.0,63.0,54.0,0.0,0.0,0.0,0.0,0.0,0.0,0.0,0.0,0.0,0.0,0.0,0.0,0.0,0.0,0.0,0.0,0.0,0.0,8.0,2.0,1.0
2760,23.12927660000001,0,8.5152,1.8971,2.135,1.8006,0.1918,0.0029,0.007,0.0003,0.0426,0.0552,0.0026,0.0008,0.0115,0.0002,0.0025,0.0024,0.0002,0.0001,0.0099,0.0018,0.0011,0.003,0.0001,0.1029,0.0204,0.0001,0.0081,0.0,125.0,0.0,62.0,63.0,54.0,0.0,0.0,0.0,0.0,0.0,0.0,0.0,0.0,0.0,0.0,0.0,0.0,0.0,0.0,0.0,0.0,0.0,0.0,8.0,2.0,1.0
2761,23.137791800000013,0,8.3057,2.0485,2.2033,1.8908,0.177,0.0038,0.0074,0.0003,0.0316,0.0459,0.002,0.0009,0.0097,0.0001,0.0016,0.0021,0.0001,0.0001,0.0087,0.0018,0.0005,0.0024,0.0001,0.0869,0.017,0.0001,0.0076,0.0,125.0,0.0,62.0,63.0,54.0,0.0,0.0,0.0,0.0,0.0,0.0,0.0,0.0,0.0,0.0,0.0,0.0,0.0,0.0,0.0,0.0,0.0,0.0,8.0,2.0,1.0
2762,23.146097500000014,0,8.2065,1.8139,2.1608,1.8025,0.1794,0.0027,0.0066,0.0004,0.0355,0.0491,0.0025,0.0007,0.0102,0.0002,0.0021,0.0017,0.0001,0.0001,0.0105,0.0023,0.0007,0.0033,0.0,0.094,0.017,0.0001,0.0095,0.0,125.0,0.0,62.0,63.0,54.0,0.0,0.0,0.0,0.0,0.0,0.0,0.0,0.0,0.0,0.0,0.0,0.0,0.0,0.0,0.0,0.0,0.0,0.0,8.0,2.0,1.0
2763,23.154304000000014,0,8.4197,1.9425,2.0352,1.7438,0.1592,0.0028,0.0068,0.0003,0.0252,0.0386,0.002,0.0015,0.0105,0.0001,0.0021,0.0012,0.0,0.0001,0.0091,0.0012,0.0005,0.0025,0.0001,0.0768,0.0179,0.0001,0.0092,0.0,125.0,0.0,62.0,63.0,54.0,0.0,0.0,0.0,0.0,0.0,0.0,0.0,0.0,0.0,0.0,0.0,0.0,0.0,0.0,0.0,0.0,0.0,0.0,8.0,2.0,1.0
2764,23.162723700000015,0,8.3715,1.9809,2.2419,1.7614,0.193,0.0042,0.0067,0.0002,0.0371,0.0515,0.0026,0.001,0.013,0.0002,0.002,0.0016,0.0001,0.0001,0.0094,0.0014,0.0009,0.0029,0.0,0.0977,0.0205,0.0001,0.0095,0.0,125.0,0.0,62.0,63.0,54.0,0.0,0.0,0.0,0.0,0.0,0.0,0.0,0.0,0.0,0.0,0.0,0.0,0.0,0.0,0.0,0.0,0.0,0.0,8.0,2.0,1.0
2765,23.171095200000014,0,8.3317,1.9488,2.1927,1.749,0.1859,0.0028,0.0051,0.0002,0.0304,0.0413,0.0028,0.0008,0.0141,0.0002,0.002,0.002,0.0001,0.0002,0.0116,0.0017,0.0012,0.0036,0.0,0.0937,0.0209,0.0001,0.0087,0.0,125.0,0.0,62.0,63.0,54.0,0.0,0.0,0.0,0.0,0.0,0.0,0.0,0.0,0.0,0.0,0.0,0.0,0.0,0.0,0.0,0.0,0.0,0.0,8.0,2.0,1.0
2766,23.179426900000013,0,8.2506,1.9073,2.0869,1.7356,0.1854,0.003,0.0073,0.0003,0.0368,0.0496,0.0024,0.001,0.0113,0.0001,0.0022,0.002,0.0002,0.0001,0.0109,0.0013,0.0005,0.0029,0.0001,0.0952,0.0194,0.0001,0.009,0.0,125.0,0.0,62.0,63.0,54.0,0.0,0.0,0.0,0.0,0.0,0.0,0.0,0.0,0.0,0.0,0.0,0.0,0.0,0.0,0.0,0.0,0.0,0.0,8.0,2.0,1.0
2767,23.187677500000014,0,8.3746,1.8384,2.1591,1.7099,0.1901,0.0034,0.0055,0.0003,0.0355,0.0472,0.0031,0.0018,0.0176,0.0001,0.0027,0.0021,0.0001,0.0001,0.0096,0.0014,0.0005,0.0026,0.0,0.1001,0.0193,0.0,0.0087,0.0,125.0,0.0,62.0,63.0,54.0,0.0,0.0,0.0,0.0,0.0,0.0,0.0,0.0,0.0,0.0,0.0,0.0,0.0,0.0,0.0,0.0,0.0,0.0,8.0,2.0,1.0
2768,23.196052100000013,0,8.2173,1.8885,2.0787,1.8535,0.1916,0.0028,0.0062,0.0002,0.0406,0.0529,0.0026,0.0015,0.013,0.0002,0.0016,0.0021,0.0001,0.0001,0.0096,0.0013,0.0005,0.0028,0.0001,0.099,0.021,0.0001,0.0094,0.0,125.0,0.0,62.0,63.0,54.0,0.0,0.0,0.0,0.0,0.0,0.0,0.0,0.0,0.0,0.0,0.0,0.0,0.0,0.0,0.0,0.0,0.0,0.0,8.0,2.0,1.0
2769,23.204269400000012,0,8.1176,1.9396,1.9172,1.8268,0.1863,0.0033,0.0058,0.0002,0.0288,0.0409,0.0035,0.0009,0.013,0.0002,0.0015,0.0019,0.0,0.0001,0.0088,0.0017,0.0004,0.0027,0.0001,0.0858,0.0213,0.0001,0.0084,0.0,125.0,0.0,62.0,63.0,54.0,0.0,0.0,0.0,0.0,0.0,0.0,0.0,0.0,0.0,0.0,0.0,0.0,0.0,0.0,0.0,0.0,0.0,0.0,8.0,2.0,1.0
2770,23.21238700000001,0,8.727,1.9274,2.1082,1.8144,0.1866,0.0034,0.0064,0.0003,0.0354,0.0485,0.0021,0.0008,0.0116,0.0002,0.0018,0.0018,0.0001,0.0001,0.0084,0.0012,0.0005,0.0026,0.0001,0.0906,0.0237,0.0,0.0081,0.0,125.0,0.0,62.0,63.0,54.0,0.0,0.0,0.0,0.0,0.0,0.0,0.0,0.0,0.0,0.0,0.0,0.0,0.0,0.0,0.0,0.0,0.0,0.0,8.0,2.0,1.0
2771,23.22111400000001,0,8.2161,1.9346,2.1263,1.8275,0.1857,0.0029,0.0061,0.0003,0.0332,0.0457,0.0034,0.0011,0.0132,0.0002,0.0019,0.0023,0.0,0.0001,0.0095,0.0014,0.0005,0.0028,0.0,0.0931,0.021,0.0,0.0087,0.0,125.0,0.0,62.0,63.0,54.0,0.0,0.0,0.0,0.0,0.0,0.0,0.0,0.0,0.0,0.0,0.0,0.0,0.0,0.0,0.0,0.0,0.0,0.0,8.0,2.0,1.0
2772,23.22933010000001,0,8.3423,1.9491,2.086,2.0501,0.1906,0.0031,0.0049,0.0003,0.0403,0.0519,0.0025,0.001,0.0118,0.0002,0.0017,0.0022,0.0001,0.0001,0.0093,0.0014,0.0005,0.0028,0.0001,0.0973,0.0206,0.0,0.0072,0.0,125.0,0.0,62.0,63.0,54.0,0.0,0.0,0.0,0.0,0.0,0.0,0.0,0.0,0.0,0.0,0.0,0.0,0.0,0.0,0.0,0.0,0.0,0.0,8.0,2.0,1.0
2773,23.237672400000008,0,8.2118,1.9426,2.0051,1.8295,0.1771,0.003,0.0073,0.0003,0.0251,0.0393,0.0021,0.0009,0.0108,0.0002,0.0017,0.0017,0.0001,0.0001,0.009,0.0012,0.0009,0.0024,0.0,0.0815,0.0216,0.0,0.0097,0.0,125.0,0.0,62.0,63.0,54.0,0.0,0.0,0.0,0.0,0.0,0.0,0.0,0.0,0.0,0.0,0.0,0.0,0.0,0.0,0.0,0.0,0.0,0.0,8.0,2.0,1.0
2774,23.24588420000001,0,8.5495,1.8852,2.1562,1.9141,0.1971,0.0032,0.0083,0.0002,0.0369,0.052,0.0021,0.0009,0.0109,0.0002,0.0018,0.0019,0.0001,0.0002,0.0099,0.0013,0.0005,0.0025,0.0001,0.0971,0.0226,0.0,0.0101,0.0,125.0,0.0,62.0,63.0,54.0,0.0,0.0,0.0,0.0,0.0,0.0,0.0,0.0,0.0,0.0,0.0,0.0,0.0,0.0,0.0,0.0,0.0,0.0,8.0,2.0,1.0
2775,23.25443370000001,0,8.2791,2.0328,2.0872,1.7981,0.1939,0.0032,0.0061,0.0002,0.0349,0.047,0.0026,0.0009,0.0134,0.0002,0.0022,0.0017,0.0002,0.0002,0.0093,0.0019,0.0005,0.0029,0.0,0.0948,0.0214,0.0,0.0091,0.0,125.0,0.0,62.0,63.0,54.0,0.0,0.0,0.0,0.0,0.0,0.0,0.0,0.0,0.0,0.0,0.0,0.0,0.0,0.0,0.0,0.0,0.0,0.0,8.0,2.0,1.0
2776,23.26271280000001,0,8.2975,2.057,2.2212,1.8528,0.1988,0.0034,0.006,0.0003,0.0404,0.0527,0.0025,0.0009,0.0112,0.0001,0.0017,0.0019,0.0001,0.0001,0.0093,0.0012,0.0005,0.003,0.0,0.098,0.0213,0.0001,0.0094,0.0,125.0,0.0,62.0,63.0,54.0,0.0,0.0,0.0,0.0,0.0,0.0,0.0,0.0,0.0,0.0,0.0,0.0,0.0,0.0,0.0,0.0,0.0,0.0,8.0,2.0,1.0
2777,23.27101030000001,0,8.207,1.9348,1.9494,1.9241,0.181,0.003,0.0056,0.0003,0.0309,0.0423,0.0024,0.0008,0.0113,0.0001,0.0017,0.0021,0.0001,0.0001,0.0093,0.0014,0.0005,0.0026,0.0,0.0878,0.0214,0.0006,0.0085,0.0,125.0,0.0,62.0,63.0,54.0,0.0,0.0,0.0,0.0,0.0,0.0,0.0,0.0,0.0,0.0,0.0,0.0,0.0,0.0,0.0,0.0,0.0,0.0,8.0,2.0,1.0
2778,23.27921730000001,0,8.5626,2.037,2.1494,1.8151,0.2089,0.0049,0.0079,0.0003,0.0311,0.0477,0.0023,0.0011,0.011,0.0002,0.0022,0.0019,0.0002,0.0001,0.0108,0.0016,0.0008,0.0036,0.0001,0.1024,0.0228,0.0001,0.0094,0.0,125.0,0.0,62.0,63.0,52.0,0.0,0.0,0.0,0.0,0.0,0.0,0.0,0.0,0.0,0.0,0.0,0.0,0.0,0.0,0.0,0.0,0.0,0.0,8.0,2.0,1.0
2779,23.28777990000001,0,8.2753,2.0587,2.1772,1.9772,0.1864,0.0034,0.0079,0.0003,0.0307,0.0455,0.0028,0.0009,0.0101,0.0002,0.0022,0.0018,0.0001,0.0007,0.0088,0.0011,0.0004,0.0024,0.0,0.0888,0.0238,0.0,0.0079,0.0,125.0,0.0,62.0,63.0,52.0,0.0,0.0,0.0,0.0,0.0,0.0,0.0,0.0,0.0,0.0,0.0,0.0,0.0,0.0,0.0,0.0,0.0,0.0,8.0,2.0,1.0
2780,23.296055200000012,0,8.3425,2.0755,2.2235,1.8838,0.2014,0.0035,0.0054,0.0003,0.0476,0.0598,0.0028,0.0011,0.0123,0.0002,0.0021,0.0017,0.0002,0.0001,0.0091,0.0013,0.0005,0.0027,0.0001,0.1047,0.0226,0.0001,0.0081,0.0,125.0,0.0,62.0,63.0,52.0,0.0,0.0,0.0,0.0,0.0,0.0,0.0,0.0,0.0,0.0,0.0,0.0,0.0,0.0,0.0,0.0,0.0,0.0,8.0,2.0,1.0
2781,23.304397700000013,0,8.2318,2.0062,1.9852,2.0275,0.1925,0.0034,0.0059,0.0003,0.0346,0.0473,0.0028,0.0009,0.013,0.0001,0.0017,0.0023,0.0001,0.0001,0.0087,0.0019,0.0005,0.0028,0.0001,0.095,0.0209,0.0001,0.0082,0.0,125.0,0.0,62.0,63.0,52.0,0.0,0.0,0.0,0.0,0.0,0.0,0.0,0.0,0.0,0.0,0.0,0.0,0.0,0.0,0.0,0.0,0.0,0.0,8.0,2.0,1.0
2782,23.312629500000014,0,8.3925,2.0169,2.1128,2.0034,0.2046,0.0032,0.0054,0.0003,0.0479,0.0598,0.0028,0.0012,0.014,0.0001,0.0023,0.0017,0.0004,0.0001,0.009,0.0019,0.0005,0.0028,0.0001,0.1078,0.021,0.0001,0.0077,0.0,125.0,0.0,62.0,63.0,52.0,0.0,0.0,0.0,0.0,0.0,0.0,0.0,0.0,0.0,0.0,0.0,0.0,0.0,0.0,0.0,0.0,0.0,0.0,8.0,2.0,1.0
2783,23.321022000000013,0,8.3343,1.9981,2.1538,1.9355,0.1966,0.0045,0.008,0.0003,0.0303,0.0462,0.0022,0.0011,0.0123,0.0002,0.002,0.0025,0.0002,0.0002,0.0103,0.0014,0.0005,0.0024,0.0,0.0932,0.0213,0.0002,0.0083,0.0,125.0,0.0,62.0,63.0,52.0,0.0,0.0,0.0,0.0,0.0,0.0,0.0,0.0,0.0,0.0,0.0,0.0,0.0,0.0,0.0,0.0,0.0,0.0,8.0,2.0,1.0
2784,23.329356300000015,0,8.5725,1.9773,2.07,1.8759,0.1925,0.0032,0.0075,0.0002,0.0385,0.0521,0.0019,0.0008,0.0114,0.0002,0.0022,0.0016,0.0001,0.0001,0.0092,0.0021,0.0005,0.0027,0.0,0.0962,0.021,0.0001,0.0076,0.0,125.0,0.0,62.0,63.0,52.0,0.0,0.0,0.0,0.0,0.0,0.0,0.0,0.0,0.0,0.0,0.0,0.0,0.0,0.0,0.0,0.0,0.0,0.0,8.0,2.0,1.0
2785,23.337928800000014,0,8.2538,2.0633,2.4015,2.1815,0.1945,0.0035,0.0078,0.0004,0.031,0.0454,0.0025,0.0011,0.012,0.0001,0.0018,0.0022,0.0002,0.0001,0.0096,0.0014,0.0006,0.0029,0.0,0.0924,0.0212,0.0002,0.0083,0.0,125.0,0.0,62.0,63.0,52.0,0.0,0.0,0.0,0.0,0.0,0.0,0.0,0.0,0.0,0.0,0.0,0.0,0.0,0.0,0.0,0.0,0.0,0.0,8.0,2.0,1.0
2786,23.346182600000013,0,8.5156,2.124,2.3571,1.8287,0.2088,0.0041,0.0059,0.0003,0.0535,0.0665,0.0025,0.001,0.0116,0.0002,0.0022,0.0017,0.0001,0.0002,0.0103,0.0014,0.0005,0.0025,0.0,0.1113,0.0214,0.0,0.0092,0.0,125.0,0.0,62.0,63.0,52.0,0.0,0.0,0.0,0.0,0.0,0.0,0.0,0.0,0.0,0.0,0.0,0.0,0.0,0.0,0.0,0.0,0.0,0.0,8.0,2.0,1.0
2787,23.354698200000012,0,8.0137,2.1555,2.2673,1.9139,0.1746,0.0031,0.0071,0.0003,0.0266,0.0392,0.0026,0.0009,0.0101,0.0002,0.0017,0.0023,0.0001,0.0001,0.0098,0.0013,0.0005,0.0025,0.0,0.0817,0.0207,0.0001,0.0087,0.0,125.0,0.0,62.0,63.0,52.0,0.0,0.0,0.0,0.0,0.0,0.0,0.0,0.0,0.0,0.0,0.0,0.0,0.0,0.0,0.0,0.0,0.0,0.0,8.0,2.0,1.0
2788,23.36271190000001,0,8.4852,2.1848,2.3112,2.0475,0.2389,0.003,0.005,0.0003,0.0514,0.0629,0.0032,0.0015,0.0168,0.0001,0.0027,0.0017,0.0002,0.0001,0.0096,0.0018,0.0006,0.005,0.0001,0.1242,0.0341,0.0001,0.0079,0.0,125.0,0.0,62.0,63.0,52.0,0.0,0.0,0.0,0.0,0.0,0.0,0.0,0.0,0.0,0.0,0.0,0.0,0.0,0.0,0.0,0.0,0.0,0.0,8.0,2.0,1.0
2789,23.37119710000001,0,8.3082,2.1095,2.322,2.0311,0.1893,0.0032,0.0054,0.0003,0.034,0.0456,0.0031,0.0011,0.0135,0.0001,0.0022,0.0025,0.0001,0.0002,0.0101,0.002,0.0004,0.0027,0.0,0.0949,0.0217,0.0001,0.0084,0.0,125.0,0.0,62.0,63.0,52.0,0.0,0.0,0.0,0.0,0.0,0.0,0.0,0.0,0.0,0.0,0.0,0.0,0.0,0.0,0.0,0.0,0.0,0.0,8.0,2.0,1.0
2790,23.37950530000001,0,8.3407,1.9952,2.1011,2.0337,0.1938,0.0033,0.007,0.0002,0.0396,0.0538,0.002,0.0009,0.0116,0.0002,0.0019,0.0018,0.0007,0.0001,0.0089,0.0018,0.0005,0.0025,0.0,0.0971,0.0208,0.0002,0.0082,0.0,125.0,0.0,62.0,63.0,52.0,0.0,0.0,0.0,0.0,0.0,0.0,0.0,0.0,0.0,0.0,0.0,0.0,0.0,0.0,0.0,0.0,0.0,0.0,8.0,2.0,1.0
2791,23.38784600000001,0,8.2277,2.1754,2.1495,1.9344,0.1757,0.0032,0.0067,0.0002,0.0296,0.0429,0.002,0.0014,0.011,0.0002,0.0024,0.0022,0.0001,0.0001,0.009,0.0016,0.0005,0.0025,0.0,0.085,0.0197,0.0001,0.0081,0.0,125.0,0.0,62.0,63.0,52.0,0.0,0.0,0.0,0.0,0.0,0.0,0.0,0.0,0.0,0.0,0.0,0.0,0.0,0.0,0.0,0.0,0.0,0.0,8.0,2.0,1.0
2792,23.39607370000001,0,8.4578,1.8989,2.2154,1.8543,0.1914,0.0034,0.008,0.0003,0.0361,0.0505,0.0021,0.001,0.0103,0.0001,0.0016,0.0021,0.0001,0.0001,0.0094,0.0013,0.0005,0.0025,0.0,0.0925,0.0206,0.0001,0.0077,0.0,125.0,0.0,62.0,63.0,52.0,0.0,0.0,0.0,0.0,0.0,0.0,0.0,0.0,0.0,0.0,0.0,0.0,0.0,0.0,0.0,0.0,0.0,0.0,8.0,2.0,1.0
2793,23.404531500000008,0,8.1783,1.9849,2.149,1.9184,0.1746,0.0037,0.0065,0.0002,0.0257,0.0387,0.0022,0.0015,0.0114,0.0002,0.0021,0.0018,0.0001,0.0001,0.009,0.0012,0.0004,0.0026,0.0,0.082,0.0181,0.0001,0.0087,0.0,125.0,0.0,62.0,63.0,54.0,0.0,0.0,0.0,0.0,0.0,0.0,0.0,0.0,0.0,0.0,0.0,0.0,0.0,0.0,0.0,0.0,0.0,0.0,8.0,2.0,1.0
2794,23.41270980000001,0,8.2826,1.9786,2.1014,1.7746,0.1826,0.0035,0.0065,0.0003,0.0364,0.049,0.0026,0.0008,0.0105,0.0001,0.0016,0.002,0.0001,0.0001,0.009,0.0012,0.0004,0.0026,0.0,0.0905,0.0181,0.0001,0.008,0.0,125.0,0.0,62.0,63.0,54.0,0.0,0.0,0.0,0.0,0.0,0.0,0.0,0.0,0.0,0.0,0.0,0.0,0.0,0.0,0.0,0.0,0.0,0.0,8.0,2.0,1.0
2795,23.42099240000001,0,8.3955,1.9812,2.1596,2.008,0.1862,0.0035,0.0077,0.0003,0.0275,0.0421,0.0025,0.0008,0.0118,0.0001,0.0016,0.0017,0.0001,0.0001,0.0096,0.0017,0.0005,0.0029,0.0,0.0875,0.0201,0.0001,0.0082,0.0,125.0,0.0,62.0,63.0,54.0,0.0,0.0,0.0,0.0,0.0,0.0,0.0,0.0,0.0,0.0,0.0,0.0,0.0,0.0,0.0,0.0,0.0,0.0,8.0,2.0,1.0
2796,23.42938790000001,0,8.3084,1.8969,2.0731,1.7578,0.1916,0.0038,0.0054,0.0002,0.0405,0.053,0.003,0.0015,0.0127,0.0002,0.0018,0.0022,0.0001,0.0002,0.0094,0.0013,0.0005,0.003,0.0,0.0995,0.0201,0.0001,0.008,0.0,125.0,0.0,62.0,63.0,54.0,0.0,0.0,0.0,0.0,0.0,0.0,0.0,0.0,0.0,0.0,0.0,0.0,0.0,0.0,0.0,0.0,0.0,0.0,8.0,2.0,1.0
2797,23.43769630000001,0,8.4495,1.9216,2.1544,1.788,0.1724,0.0031,0.0068,0.0002,0.0263,0.0396,0.0025,0.0008,0.0109,0.0002,0.0015,0.0021,0.0001,0.0001,0.009,0.0012,0.0006,0.0029,0.0,0.0814,0.0202,0.0001,0.0096,0.0,125.0,0.0,62.0,63.0,54.0,0.0,0.0,0.0,0.0,0.0,0.0,0.0,0.0,0.0,0.0,0.0,0.0,0.0,0.0,0.0,0.0,0.0,0.0,8.0,2.0,1.0
2798,23.44614580000001,0,8.3348,1.999,2.2391,1.8193,0.1832,0.0045,0.0065,0.0007,0.034,0.0491,0.002,0.0007,0.0101,0.0002,0.0015,0.002,0.0001,0.0001,0.0088,0.0015,0.0005,0.0024,0.0,0.0902,0.0193,0.0,0.0098,0.0,125.0,0.0,62.0,63.0,54.0,0.0,0.0,0.0,0.0,0.0,0.0,0.0,0.0,0.0,0.0,0.0,0.0,0.0,0.0,0.0,0.0,0.0,0.0,8.0,2.0,1.0
2799,23.45448060000001,0,8.2495,1.911,2.1427,1.6564,0.1702,0.003,0.0067,0.0002,0.0284,0.0407,0.0021,0.0009,0.0102,0.0001,0.0016,0.0016,0.0006,0.0002,0.0092,0.0019,0.0005,0.0025,0.0,0.0824,0.0191,0.0001,0.0076,0.0,125.0,0.0,62.0,63.0,54.0,0.0,0.0,0.0,0.0,0.0,0.0,0.0,0.0,0.0,0.0,0.0,0.0,0.0,0.0,0.0,0.0,0.0,0.0,8.0,2.0,1.0
2800,23.462730100000012,0,8.3604,1.8692,2.0341,1.6843,0.1979,0.003,0.0052,0.0003,0.0463,0.058,0.0027,0.001,0.0118,0.0001,0.0021,0.0017,0.0002,0.0001,0.0088,0.0014,0.0009,0.0033,0.0001,0.1034,0.0213,0.0001,0.0073,0.0,125.0,0.0,62.0,63.0,54.0,0.0,0.0,0.0,0.0,0.0,0.0,0.0,0.0,0.0,0.0,0.0,0.0,0.0,0.0,0.0,0.0,0.0,0.0,8.0,2.0,1.0
2801,23.471090500000013,0,8.2558,1.9389,2.1596,1.8662,0.1827,0.0038,0.0054,0.0003,0.0305,0.0426,0.003,0.0007,0.0118,0.0002,0.0017,0.0017,0.0001,0.0002,0.0091,0.0012,0.0009,0.0026,0.0,0.0853,0.0212,0.0001,0.0082,0.0,125.0,0.0,62.0,63.0,56.0,0.0,0.0,0.0,0.0,0.0,0.0,0.0,0.0,0.0,0.0,0.0,0.0,0.0,0.0,0.0,0.0,0.0,0.0,8.0,2.0,1.0
2802,23.479346300000014,0,8.272,1.8904,1.9893,1.9033,0.1965,0.003,0.0051,0.0003,0.0454,0.057,0.0027,0.0011,0.0122,0.0001,0.0016,0.0021,0.0001,0.0002,0.0097,0.0014,0.0006,0.0028,0.0,0.1039,0.0204,0.0005,0.0088,0.0,125.0,0.0,62.0,63.0,56.0,0.0,0.0,0.0,0.0,0.0,0.0,0.0,0.0,0.0,0.0,0.0,0.0,0.0,0.0,0.0,0.0,0.0,0.0,8.0,2.0,1.0
2803,23.487618300000015,0,8.4849,1.9014,2.1035,1.7588,0.1868,0.0032,0.0077,0.0002,0.0265,0.0411,0.0025,0.0012,0.0118,0.0002,0.0019,0.0017,0.0001,0.0001,0.009,0.0013,0.001,0.0025,0.0,0.0854,0.0229,0.0001,0.0074,0.0,125.0,0.0,62.0,63.0,56.0,0.0,0.0,0.0,0.0,0.0,0.0,0.0,0.0,0.0,0.0,0.0,0.0,0.0,0.0,0.0,0.0,0.0,0.0,8.0,2.0,1.0
2804,23.496103200000015,0,8.4091,2.1546,2.2478,1.889,0.2107,0.0045,0.0068,0.0003,0.0478,0.0623,0.0036,0.0011,0.0128,0.0006,0.0017,0.0021,0.0001,0.0001,0.0101,0.0014,0.0005,0.0029,0.0001,0.1118,0.0227,0.0006,0.0083,0.0,125.0,0.0,62.0,63.0,56.0,0.0,0.0,0.0,0.0,0.0,0.0,0.0,0.0,0.0,0.0,0.0,0.0,0.0,0.0,0.0,0.0,0.0,0.0,8.0,2.0,1.0
2805,23.504512300000016,0,8.2086,1.8927,2.0646,1.7668,0.1977,0.0032,0.0074,0.0003,0.038,0.0528,0.0025,0.0012,0.0138,0.0001,0.0016,0.0022,0.0001,0.0002,0.0098,0.0019,0.0005,0.003,0.0,0.1027,0.0228,0.0001,0.0084,0.0,125.0,0.0,62.0,63.0,56.0,0.0,0.0,0.0,0.0,0.0,0.0,0.0,0.0,0.0,0.0,0.0,0.0,0.0,0.0,0.0,0.0,0.0,0.0,8.0,2.0,1.0
2806,23.512720900000016,0,8.5141,1.9475,2.243,1.8581,0.2164,0.0036,0.0069,0.0002,0.0484,0.0621,0.003,0.0012,0.0125,0.0002,0.0023,0.0022,0.0001,0.0001,0.01,0.0013,0.0005,0.0031,0.0001,0.1109,0.0226,0.0001,0.0083,0.0,125.0,0.0,62.0,63.0,56.0,0.0,0.0,0.0,0.0,0.0,0.0,0.0,0.0,0.0,0.0,0.0,0.0,0.0,0.0,0.0,0.0,0.0,0.0,8.0,2.0,1.0
2807,23.521235000000015,0,8.2004,1.9157,2.205,1.8374,0.1934,0.0033,0.0066,0.0004,0.0327,0.0461,0.0027,0.0009,0.0128,0.0002,0.0018,0.0019,0.0007,0.0001,0.0093,0.0014,0.0005,0.0026,0.0001,0.0909,0.0206,0.0001,0.0096,0.0,125.0,0.0,62.0,63.0,56.0,0.0,0.0,0.0,0.0,0.0,0.0,0.0,0.0,0.0,0.0,0.0,0.0,0.0,0.0,0.0,0.0,0.0,0.0,8.0,2.0,1.0
2808,23.529435400000015,0,8.3522,1.9222,2.1653,1.8073,0.1982,0.0051,0.0072,0.0003,0.0385,0.0542,0.003,0.001,0.0124,0.0001,0.0024,0.0022,0.0,0.0001,0.009,0.0018,0.0006,0.003,0.0,0.1019,0.0193,0.0001,0.0089,0.0,125.0,0.0,62.0,63.0,56.0,0.0,0.0,0.0,0.0,0.0,0.0,0.0,0.0,0.0,0.0,0.0,0.0,0.0,0.0,0.0,0.0,0.0,0.0,8.0,2.0,1.0
2809,23.537787600000016,0,7.9089,2.0359,1.8763,1.8121,0.1618,0.0029,0.0065,0.0003,0.0269,0.0389,0.0024,0.0013,0.0112,0.0002,0.0018,0.0015,0.0002,0.0006,0.0091,0.001,0.0005,0.0024,0.0,0.0793,0.0186,0.0001,0.0101,0.0,125.0,0.0,62.0,63.0,56.0,0.0,0.0,0.0,0.0,0.0,0.0,0.0,0.0,0.0,0.0,0.0,0.0,0.0,0.0,0.0,0.0,0.0,0.0,8.0,2.0,1.0
2810,23.545696500000016,0,8.4007,1.9164,1.728,1.6781,0.1745,0.0039,0.007,0.0003,0.0319,0.0458,0.0025,0.0007,0.012,0.0001,0.0015,0.0015,0.0,0.0001,0.0087,0.0011,0.001,0.0028,0.0001,0.089,0.0176,0.0001,0.008,0.0,125.0,0.0,62.0,63.0,56.0,0.0,0.0,0.0,0.0,0.0,0.0,0.0,0.0,0.0,0.0,0.0,0.0,0.0,0.0,0.0,0.0,0.0,0.0,8.0,2.0,1.0
2811,23.554097200000015,0,8.3712,1.9617,1.8113,1.7527,0.1704,0.0028,0.0046,0.0002,0.0282,0.0379,0.0031,0.0009,0.0124,0.0001,0.0021,0.0018,0.0,0.0001,0.0087,0.0012,0.001,0.0026,0.0001,0.0829,0.0207,0.0001,0.008,0.0,125.0,0.0,62.0,63.0,56.0,0.0,0.0,0.0,0.0,0.0,0.0,0.0,0.0,0.0,0.0,0.0,0.0,0.0,0.0,0.0,0.0,0.0,0.0,8.0,2.0,1.0
2812,23.562468400000014,0,8.5338,1.9726,1.9492,1.7663,0.1912,0.0033,0.008,0.0002,0.0303,0.0447,0.0029,0.0009,0.0117,0.0002,0.0017,0.0021,0.0001,0.0001,0.0103,0.0016,0.0006,0.0028,0.0,0.0927,0.0208,0.0,0.0087,0.0,125.0,0.0,62.0,63.0,56.0,0.0,0.0,0.0,0.0,0.0,0.0,0.0,0.0,0.0,0.0,0.0,0.0,0.0,0.0,0.0,0.0,0.0,0.0,8.0,2.0,1.0
2813,23.571002200000013,0,8.594,2.0776,2.2705,1.9462,0.1883,0.003,0.0079,0.0005,0.0292,0.044,0.0023,0.001,0.011,0.0002,0.0021,0.0022,0.0001,0.0002,0.0102,0.0013,0.0006,0.0027,0.0,0.0895,0.0198,0.0004,0.0094,0.0,125.0,0.0,62.0,63.0,56.0,0.0,0.0,0.0,0.0,0.0,0.0,0.0,0.0,0.0,0.0,0.0,0.0,0.0,0.0,0.0,0.0,0.0,0.0,8.0,2.0,1.0
2814,23.57959620000001,0,7.97,2.085,2.0224,2.0464,0.1894,0.0027,0.0052,0.0002,0.0495,0.0605,0.0031,0.0008,0.0123,0.0001,0.002,0.0015,0.0,0.0001,0.009,0.0012,0.0009,0.0028,0.0,0.1047,0.0199,0.0,0.0097,0.0,125.0,0.0,62.0,63.0,56.0,0.0,0.0,0.0,0.0,0.0,0.0,0.0,0.0,0.0,0.0,0.0,0.0,0.0,0.0,0.0,0.0,0.0,0.0,8.0,2.0,1.0
2815,23.587566200000012,0,8.4077,1.7902,2.0121,1.8286,0.1954,0.0032,0.006,0.0002,0.0351,0.0477,0.0028,0.0009,0.0119,0.0001,0.0023,0.0019,0.0001,0.0002,0.0096,0.0017,0.0005,0.0031,0.0001,0.0946,0.0208,0.0001,0.0095,0.0,125.0,0.0,62.0,63.0,56.0,0.0,0.0,0.0,0.0,0.0,0.0,0.0,0.0,0.0,0.0,0.0,0.0,0.0,0.0,0.0,0.0,0.0,0.0,8.0,2.0,1.0
2816,23.59597390000001,0,8.4515,1.924,2.1245,1.8228,0.2069,0.0036,0.0057,0.0002,0.0429,0.0553,0.0024,0.001,0.0121,0.0003,0.0016,0.0024,0.0001,0.0002,0.0095,0.0014,0.0005,0.0027,0.0001,0.1033,0.0222,0.0001,0.0092,0.0,125.0,0.0,62.0,63.0,56.0,0.0,0.0,0.0,0.0,0.0,0.0,0.0,0.0,0.0,0.0,0.0,0.0,0.0,0.0,0.0,0.0,0.0,0.0,8.0,2.0,1.0
2817,23.60442540000001,0,8.487,2.1078,2.0725,1.8381,0.1799,0.0033,0.0064,0.0005,0.0284,0.0415,0.0021,0.0012,0.0111,0.0002,0.0019,0.0017,0.0001,0.0001,0.0091,0.0012,0.0008,0.0025,0.0,0.0839,0.0192,0.0001,0.0087,0.0,125.0,0.0,62.0,63.0,56.0,0.0,0.0,0.0,0.0,0.0,0.0,0.0,0.0,0.0,0.0,0.0,0.0,0.0,0.0,0.0,0.0,0.0,0.0,8.0,2.0,1.0
2818,23.61291240000001,0,8.2759,1.9748,2.4119,1.8765,0.2087,0.0034,0.0063,0.0002,0.0455,0.0584,0.0029,0.0015,0.0129,0.0002,0.0018,0.0022,0.0002,0.0001,0.0095,0.0013,0.0005,0.0034,0.0,0.1068,0.0217,0.0001,0.0087,0.0,125.0,0.0,62.0,63.0,56.0,0.0,0.0,0.0,0.0,0.0,0.0,0.0,0.0,0.0,0.0,0.0,0.0,0.0,0.0,0.0,0.0,0.0,0.0,8.0,2.0,1.0
2819,23.62118830000001,0,8.6539,1.9337,2.2566,1.9426,0.2056,0.0031,0.0058,0.0003,0.0318,0.0444,0.0029,0.0013,0.0143,0.0001,0.0023,0.0019,0.0001,0.0002,0.0103,0.0021,0.0006,0.003,0.0,0.0975,0.0267,0.0006,0.0085,0.0,125.0,0.0,62.0,63.0,56.0,0.0,0.0,0.0,0.0,0.0,0.0,0.0,0.0,0.0,0.0,0.0,0.0,0.0,0.0,0.0,0.0,0.0,0.0,8.0,2.0,1.0
2820,23.62984220000001,0,7.9671,2.4103,2.4882,2.0843,0.189,0.0032,0.0075,0.0003,0.0364,0.0502,0.0026,0.0011,0.0108,0.0002,0.0021,0.0015,0.0001,0.0002,0.0089,0.002,0.0007,0.0027,0.0001,0.0931,0.0199,0.0001,0.0088,0.0,125.0,0.0,62.0,63.0,56.0,0.0,0.0,0.0,0.0,0.0,0.0,0.0,0.0,0.0,0.0,0.0,0.0,0.0,0.0,0.0,0.0,0.0,0.0,8.0,2.0,1.0
2821,23.637809300000008,0,8.3549,2.3202,2.29,2.088,0.199,0.0039,0.0057,0.0002,0.035,0.0479,0.0027,0.0008,0.0137,0.0001,0.0019,0.0018,0.0001,0.0002,0.0101,0.0019,0.0005,0.0029,0.0,0.0971,0.0228,0.0001,0.0086,0.0,125.0,0.0,62.0,63.0,56.0,0.0,0.0,0.0,0.0,0.0,0.0,0.0,0.0,0.0,0.0,0.0,0.0,0.0,0.0,0.0,0.0,0.0,0.0,8.0,2.0,1.0
2822,23.64616420000001,0,8.3955,1.8986,2.2288,1.792,0.1908,0.0034,0.0071,0.0002,0.0424,0.0557,0.002,0.0012,0.0115,0.0001,0.0017,0.0017,0.0001,0.0001,0.0091,0.0017,0.0006,0.0027,0.0,0.0994,0.0177,0.0001,0.0086,0.0,125.0,0.0,62.0,63.0,56.0,0.0,0.0,0.0,0.0,0.0,0.0,0.0,0.0,0.0,0.0,0.0,0.0,0.0,0.0,0.0,0.0,0.0,0.0,8.0,2.0,1.0
2823,23.654559700000007,0,8.1079,1.899,2.0758,1.8822,0.1788,0.003,0.0053,0.0002,0.0293,0.0404,0.0029,0.0011,0.0131,0.0001,0.0015,0.0023,0.0,0.0001,0.009,0.0013,0.0005,0.0029,0.0,0.0865,0.0204,0.0001,0.0096,0.0,125.0,0.0,62.0,63.0,56.0,0.0,0.0,0.0,0.0,0.0,0.0,0.0,0.0,0.0,0.0,0.0,0.0,0.0,0.0,0.0,0.0,0.0,0.0,8.0,2.0,1.0
2824,23.662667600000006,0,8.3497,1.924,2.0958,1.9007,0.2028,0.0037,0.0078,0.0002,0.0418,0.0569,0.0024,0.0009,0.0113,0.0001,0.0022,0.0017,0.0001,0.0001,0.0091,0.0014,0.0005,0.0028,0.0,0.1013,0.0208,0.0001,0.008,0.0,125.0,0.0,62.0,63.0,56.0,0.0,0.0,0.0,0.0,0.0,0.0,0.0,0.0,0.0,0.0,0.0,0.0,0.0,0.0,0.0,0.0,0.0,0.0,8.0,2.0,1.0
2825,23.671017300000006,0,8.4805,1.8799,2.0261,1.8175,0.1609,0.0029,0.0061,0.0001,0.0266,0.0387,0.0021,0.0007,0.009,0.0002,0.0018,0.0016,0.0001,0.0006,0.009,0.0012,0.0004,0.0023,0.0001,0.0775,0.0168,0.0001,0.0098,0.0,125.0,0.0,62.0,63.0,56.0,0.0,0.0,0.0,0.0,0.0,0.0,0.0,0.0,0.0,0.0,0.0,0.0,0.0,0.0,0.0,0.0,0.0,0.0,8.0,2.0,1.0
2826,23.679497800000007,0,8.1944,1.8063,2.1966,1.7098,0.1844,0.003,0.0074,0.0001,0.0378,0.0508,0.0026,0.0011,0.0126,0.0001,0.0022,0.0016,0.0,0.0002,0.0093,0.0013,0.0005,0.0031,0.0001,0.0964,0.0194,0.0001,0.009,0.0,125.0,0.0,62.0,63.0,56.0,0.0,0.0,0.0,0.0,0.0,0.0,0.0,0.0,0.0,0.0,0.0,0.0,0.0,0.0,0.0,0.0,0.0,0.0,8.0,2.0,1.0
2827,23.687692200000008,0,8.3894,1.8334,2.1056,1.7087,0.1839,0.003,0.007,0.0002,0.0301,0.0426,0.0028,0.0008,0.0113,0.0002,0.0023,0.0016,0.0,0.0006,0.0087,0.0012,0.0005,0.0028,0.0001,0.0864,0.0194,0.0001,0.0104,0.0,125.0,0.0,62.0,63.0,56.0,0.0,0.0,0.0,0.0,0.0,0.0,0.0,0.0,0.0,0.0,0.0,0.0,0.0,0.0,0.0,0.0,0.0,0.0,8.0,2.0,1.0
2828,23.696081600000007,0,8.466,1.8697,2.2244,1.8568,0.1884,0.0034,0.0073,0.0002,0.0347,0.0481,0.0021,0.0007,0.0113,0.0002,0.0021,0.0017,0.0002,0.0001,0.0084,0.0013,0.0004,0.0026,0.0,0.0954,0.0224,0.0001,0.0084,0.0,125.0,0.0,62.0,63.0,54.0,0.0,0.0,0.0,0.0,0.0,0.0,0.0,0.0,0.0,0.0,0.0,0.0,0.0,0.0,0.0,0.0,0.0,0.0,8.0,2.0,1.0
2829,23.704547600000005,0,8.2124,1.8727,2.0865,1.7562,0.1655,0.0031,0.0063,0.0007,0.027,0.04,0.0021,0.0012,0.0099,0.0001,0.0012,0.002,0.0001,0.0001,0.0078,0.0012,0.001,0.0024,0.0,0.0782,0.017,0.0001,0.0097,0.0,125.0,0.0,62.0,63.0,54.0,0.0,0.0,0.0,0.0,0.0,0.0,0.0,0.0,0.0,0.0,0.0,0.0,0.0,0.0,0.0,0.0,0.0,0.0,8.0,2.0,1.0
2830,23.712760000000006,0,8.2018,1.8966,2.1386,1.6967,0.1875,0.0027,0.005,0.0001,0.0486,0.0589,0.0026,0.0009,0.0122,0.0001,0.0014,0.0016,0.0,0.0001,0.0091,0.0014,0.0006,0.0027,0.0001,0.1023,0.02,0.0001,0.0073,0.0,125.0,0.0,62.0,63.0,54.0,0.0,0.0,0.0,0.0,0.0,0.0,0.0,0.0,0.0,0.0,0.0,0.0,0.0,0.0,0.0,0.0,0.0,0.0,8.0,2.0,1.0
2831,23.720961800000005,0,8.2477,1.8649,1.8836,1.822,0.1881,0.0035,0.0075,0.0002,0.0321,0.0459,0.0024,0.0007,0.0112,0.0002,0.0016,0.0021,0.0002,0.0001,0.0093,0.0014,0.0005,0.0029,0.0,0.0908,0.0205,0.0001,0.0098,0.0,125.0,0.0,62.0,63.0,54.0,0.0,0.0,0.0,0.0,0.0,0.0,0.0,0.0,0.0,0.0,0.0,0.0,0.0,0.0,0.0,0.0,0.0,0.0,8.0,2.0,1.0
2832,23.729209500000003,0,8.3221,1.7912,1.9059,1.8131,0.1826,0.003,0.007,0.0002,0.0348,0.0474,0.003,0.0008,0.0112,0.0001,0.0019,0.0016,0.0001,0.0001,0.0086,0.0013,0.0004,0.0031,0.0,0.0913,0.0179,0.0,0.0086,0.0,125.0,0.0,62.0,63.0,54.0,0.0,0.0,0.0,0.0,0.0,0.0,0.0,0.0,0.0,0.0,0.0,0.0,0.0,0.0,0.0,0.0,0.0,0.0,8.0,2.0,1.0
2833,23.737531600000004,0,8.3135,1.8822,1.868,1.7541,0.1734,0.003,0.0069,0.0002,0.0308,0.0432,0.0025,0.0008,0.0095,0.0002,0.0016,0.002,0.0001,0.0001,0.0088,0.0015,0.0005,0.0027,0.0001,0.0838,0.0178,0.0,0.0078,0.0,125.0,0.0,62.0,63.0,54.0,0.0,0.0,0.0,0.0,0.0,0.0,0.0,0.0,0.0,0.0,0.0,0.0,0.0,0.0,0.0,0.0,0.0,0.0,8.0,2.0,1.0
2834,23.745845100000004,0,8.2547,1.7695,1.8226,1.7163,0.1742,0.0033,0.0068,0.0002,0.0335,0.0461,0.0028,0.0007,0.0104,0.0001,0.0016,0.0021,0.0001,0.0001,0.0081,0.0017,0.0004,0.0028,0.0001,0.0869,0.0179,0.0,0.0076,0.0,125.0,0.0,62.0,63.0,54.0,0.0,0.0,0.0,0.0,0.0,0.0,0.0,0.0,0.0,0.0,0.0,0.0,0.0,0.0,0.0,0.0,0.0,0.0,8.0,2.0,1.0
2835,23.754099800000002,0,8.5854,1.7716,1.9547,1.7497,0.1783,0.0038,0.0072,0.0003,0.0289,0.0431,0.0022,0.0012,0.0103,0.0002,0.0016,0.0017,0.0001,0.0004,0.0092,0.0016,0.0005,0.003,0.0,0.0857,0.0181,0.0,0.0086,0.0,125.0,0.0,62.0,63.0,54.0,0.0,0.0,0.0,0.0,0.0,0.0,0.0,0.0,0.0,0.0,0.0,0.0,0.0,0.0,0.0,0.0,0.0,0.0,8.0,2.0,1.0
2836,23.762685200000004,0,8.337,2.1059,2.0811,1.9596,0.1944,0.0033,0.0084,0.0003,0.0355,0.05,0.0028,0.0009,0.0116,0.0002,0.0023,0.0016,0.0002,0.0001,0.0096,0.0013,0.0012,0.0029,0.0,0.0958,0.0197,0.0001,0.0081,0.0,125.0,0.0,62.0,63.0,54.0,0.0,0.0,0.0,0.0,0.0,0.0,0.0,0.0,0.0,0.0,0.0,0.0,0.0,0.0,0.0,0.0,0.0,0.0,8.0,2.0,1.0
2837,23.771022200000004,0,8.211,1.9173,1.9704,1.6591,0.1856,0.0033,0.0074,0.0003,0.0282,0.0418,0.0028,0.0009,0.0129,0.0002,0.0024,0.0019,0.0001,0.0002,0.0103,0.0014,0.0006,0.0027,0.0001,0.0892,0.0195,0.0001,0.0084,0.0,125.0,0.0,62.0,63.0,54.0,0.0,0.0,0.0,0.0,0.0,0.0,0.0,0.0,0.0,0.0,0.0,0.0,0.0,0.0,0.0,0.0,0.0,0.0,8.0,2.0,1.0
2838,23.779233200000004,0,8.4902,2.0692,2.0386,1.7895,0.2041,0.0032,0.005,0.0002,0.0524,0.0635,0.0033,0.0009,0.0128,0.0002,0.0019,0.0022,0.0001,0.0001,0.0088,0.0018,0.0006,0.0028,0.0,0.11,0.0216,0.0001,0.0086,0.0,125.0,0.0,62.0,63.0,54.0,0.0,0.0,0.0,0.0,0.0,0.0,0.0,0.0,0.0,0.0,0.0,0.0,0.0,0.0,0.0,0.0,0.0,0.0,8.0,2.0,1.0
2839,23.787723400000004,0,8.0356,1.8809,1.8593,1.8545,0.1565,0.0027,0.006,0.0002,0.0252,0.0367,0.0022,0.0006,0.0092,0.0001,0.0018,0.0016,0.0001,0.0001,0.0089,0.001,0.001,0.0023,0.0,0.0752,0.0167,0.0001,0.0089,0.0,125.0,0.0,62.0,63.0,54.0,0.0,0.0,0.0,0.0,0.0,0.0,0.0,0.0,0.0,0.0,0.0,0.0,0.0,0.0,0.0,0.0,0.0,0.0,8.0,2.0,1.0
2840,23.795759000000004,0,8.4849,1.8061,1.8462,1.6191,0.1638,0.003,0.0065,0.0002,0.0325,0.0446,0.0019,0.0008,0.0102,0.0001,0.0017,0.0016,0.0001,0.0001,0.0089,0.0011,0.0005,0.0023,0.0001,0.0829,0.0178,0.0,0.0088,0.0,125.0,0.0,62.0,63.0,54.0,0.0,0.0,0.0,0.0,0.0,0.0,0.0,0.0,0.0,0.0,0.0,0.0,0.0,0.0,0.0,0.0,0.0,0.0,8.0,2.0,1.0
2841,23.804243900000003,0,8.1829,1.8184,1.8766,1.7541,0.1719,0.0031,0.0067,0.0003,0.028,0.0403,0.0022,0.0007,0.0112,0.0002,0.0016,0.0015,0.0002,0.0001,0.0088,0.0012,0.0009,0.0028,0.0,0.0833,0.018,0.0001,0.0074,0.0,125.0,0.0,62.0,63.0,54.0,0.0,0.0,0.0,0.0,0.0,0.0,0.0,0.0,0.0,0.0,0.0,0.0,0.0,0.0,0.0,0.0,0.0,0.0,8.0,2.0,1.0
2842,23.812426800000004,0,8.4723,1.9256,1.9286,1.7499,0.169,0.003,0.0059,0.0002,0.0346,0.0466,0.0019,0.0012,0.0098,0.0001,0.002,0.0015,0.0001,0.0001,0.009,0.0012,0.0005,0.0026,0.0,0.0858,0.0155,0.0002,0.0081,0.0,125.0,0.0,62.0,63.0,54.0,0.0,0.0,0.0,0.0,0.0,0.0,0.0,0.0,0.0,0.0,0.0,0.0,0.0,0.0,0.0,0.0,0.0,0.0,8.0,2.0,1.0
2843,23.820899100000005,0,8.381,1.7237,1.9006,1.7273,0.1798,0.0044,0.0073,0.0002,0.0256,0.0404,0.0023,0.0008,0.0104,0.0002,0.0015,0.002,0.0002,0.0001,0.0093,0.0014,0.0005,0.0032,0.0,0.0842,0.0209,0.0001,0.0084,0.0,125.0,0.0,62.0,63.0,54.0,0.0,0.0,0.0,0.0,0.0,0.0,0.0,0.0,0.0,0.0,0.0,0.0,0.0,0.0,0.0,0.0,0.0,0.0,8.0,2.0,1.0
2844,23.829280100000005,0,8.204,1.7368,1.9388,1.7197,0.1868,0.0037,0.0065,0.0002,0.041,0.0542,0.0032,0.0016,0.0131,0.0002,0.0019,0.0022,0.0001,0.0002,0.0089,0.0014,0.0005,0.0027,0.0,0.0998,0.0194,0.0001,0.0084,0.0,125.0,0.0,62.0,63.0,54.0,0.0,0.0,0.0,0.0,0.0,0.0,0.0,0.0,0.0,0.0,0.0,0.0,0.0,0.0,0.0,0.0,0.0,0.0,8.0,2.0,1.0
2845,23.837484100000005,0,8.3481,1.7382,1.8256,1.6896,0.1661,0.0032,0.0065,0.0002,0.0297,0.042,0.0019,0.0009,0.0092,0.0006,0.0016,0.0019,0.0001,0.0001,0.0088,0.0014,0.0005,0.0025,0.0,0.0811,0.0179,0.0,0.0089,0.0,125.0,0.0,62.0,63.0,54.0,0.0,0.0,0.0,0.0,0.0,0.0,0.0,0.0,0.0,0.0,0.0,0.0,0.0,0.0,0.0,0.0,0.0,0.0,8.0,2.0,1.0
2846,23.845832200000004,0,8.4819,1.7689,1.8299,1.8103,0.1703,0.0026,0.0059,0.0002,0.0352,0.0471,0.0021,0.0006,0.0094,0.0002,0.0022,0.0015,0.0,0.0001,0.0083,0.0012,0.0005,0.0024,0.0001,0.0876,0.0191,0.0001,0.0086,0.0,125.0,0.0,62.0,63.0,54.0,0.0,0.0,0.0,0.0,0.0,0.0,0.0,0.0,0.0,0.0,0.0,0.0,0.0,0.0,0.0,0.0,0.0,0.0,8.0,2.0,1.0
2847,23.854314100000003,0,8.3233,1.8268,2.1051,1.6942,0.1679,0.0034,0.006,0.0008,0.0271,0.0401,0.002,0.0007,0.0098,0.0001,0.0016,0.0023,0.0002,0.0001,0.0082,0.0011,0.0005,0.0023,0.0,0.08,0.0183,0.0001,0.0086,0.0,125.0,0.0,62.0,63.0,54.0,0.0,0.0,0.0,0.0,0.0,0.0,0.0,0.0,0.0,0.0,0.0,0.0,0.0,0.0,0.0,0.0,0.0,0.0,8.0,2.0,1.0
2848,23.862637400000004,0,8.5699,1.7699,2.1395,1.8933,0.1797,0.003,0.0071,0.0002,0.0285,0.0416,0.0021,0.0008,0.0109,0.0001,0.0016,0.0022,0.0001,0.0001,0.0091,0.0013,0.0005,0.0027,0.0,0.0854,0.0202,0.0001,0.0087,0.0,125.0,0.0,62.0,63.0,54.0,0.0,0.0,0.0,0.0,0.0,0.0,0.0,0.0,0.0,0.0,0.0,0.0,0.0,0.0,0.0,0.0,0.0,0.0,8.0,2.0,1.0
2849,23.871207300000005,0,8.0918,2.0897,2.1324,1.8915,0.1634,0.0031,0.0059,0.0003,0.0247,0.0367,0.002,0.0013,0.0101,0.0002,0.0022,0.0016,0.0001,0.0002,0.0088,0.0012,0.0005,0.0027,0.0001,0.0766,0.0167,0.0001,0.009,0.0,125.0,0.0,62.0,63.0,54.0,0.0,0.0,0.0,0.0,0.0,0.0,0.0,0.0,0.0,0.0,0.0,0.0,0.0,0.0,0.0,0.0,0.0,0.0,8.0,2.0,1.0
2850,23.879299100000004,0,8.2362,1.9005,1.9362,1.6302,0.1668,0.0031,0.0066,0.0002,0.0357,0.0475,0.002,0.0008,0.0108,0.0001,0.0022,0.0015,0.0,0.0003,0.0085,0.0012,0.0004,0.0023,0.0,0.0876,0.0174,0.0001,0.0064,0.0,125.0,0.0,62.0,63.0,52.0,0.0,0.0,0.0,0.0,0.0,0.0,0.0,0.0,0.0,0.0,0.0,0.0,0.0,0.0,0.0,0.0,0.0,0.0,8.0,2.0,1.0
2851,23.887535300000003,0,8.4641,2.1059,2.0148,1.8762,0.1612,0.0029,0.0062,0.0002,0.0271,0.0396,0.002,0.0013,0.0105,0.0001,0.0015,0.0015,0.0005,0.0002,0.009,0.0011,0.0005,0.0023,0.0,0.0801,0.0192,0.0001,0.011,0.0,125.0,0.0,62.0,63.0,52.0,0.0,0.0,0.0,0.0,0.0,0.0,0.0,0.0,0.0,0.0,0.0,0.0,0.0,0.0,0.0,0.0,0.0,0.0,8.0,2.0,1.0
2852,23.895999400000004,0,8.6779,2.4042,2.2813,1.9338,0.2161,0.0037,0.0068,0.0003,0.0447,0.0594,0.0033,0.0015,0.0155,0.0001,0.0019,0.0023,0.0002,0.0005,0.0111,0.0017,0.0005,0.0026,0.0001,0.1113,0.0209,0.0001,0.0084,0.0,125.0,0.0,62.0,63.0,52.0,0.0,0.0,0.0,0.0,0.0,0.0,0.0,0.0,0.0,0.0,0.0,0.0,0.0,0.0,0.0,0.0,0.0,0.0,8.0,2.0,1.0
2853,23.904677300000003,0,7.9841,2.3227,2.0177,1.8308,0.1797,0.0029,0.005,0.0003,0.0311,0.0424,0.0026,0.0011,0.0132,0.0002,0.0016,0.0022,0.0001,0.0001,0.009,0.0015,0.0005,0.0031,0.0001,0.0882,0.0205,0.0001,0.0075,0.0,125.0,0.0,62.0,63.0,52.0,0.0,0.0,0.0,0.0,0.0,0.0,0.0,0.0,0.0,0.0,0.0,0.0,0.0,0.0,0.0,0.0,0.0,0.0,8.0,2.0,1.0
2854,23.912661400000005,0,8.2123,1.8569,2.0073,1.6411,0.1683,0.0028,0.0059,0.0003,0.0343,0.0466,0.002,0.0013,0.0095,0.0001,0.0015,0.002,0.0,0.0001,0.0085,0.0017,0.0005,0.0024,0.0001,0.0844,0.0179,0.0,0.0072,0.0,125.0,0.0,62.0,63.0,52.0,0.0,0.0,0.0,0.0,0.0,0.0,0.0,0.0,0.0,0.0,0.0,0.0,0.0,0.0,0.0,0.0,0.0,0.0,8.0,2.0,1.0
2855,23.920873700000005,0,8.2673,1.8423,1.8596,1.5883,0.176,0.0034,0.0076,0.0002,0.027,0.0413,0.0022,0.0008,0.0108,0.0001,0.0022,0.0016,0.0002,0.0005,0.0091,0.0013,0.0005,0.0027,0.0,0.0843,0.0186,0.0001,0.0082,0.0,125.0,0.0,62.0,63.0,52.0,0.0,0.0,0.0,0.0,0.0,0.0,0.0,0.0,0.0,0.0,0.0,0.0,0.0,0.0,0.0,0.0,0.0,0.0,8.0,2.0,1.0
2856,23.929141000000005,0,8.498,1.9698,1.9767,1.6311,0.1791,0.0034,0.0064,0.0002,0.0354,0.0488,0.0027,0.0009,0.0098,0.0002,0.0015,0.002,0.0001,0.0002,0.0096,0.0012,0.0004,0.0023,0.0,0.089,0.0177,0.0001,0.0082,0.0,125.0,0.0,62.0,63.0,52.0,0.0,0.0,0.0,0.0,0.0,0.0,0.0,0.0,0.0,0.0,0.0,0.0,0.0,0.0,0.0,0.0,0.0,0.0,8.0,2.0,1.0
2857,23.937639000000004,0,8.1935,2.1716,1.8951,1.7519,0.1757,0.0033,0.0052,0.0003,0.0318,0.0428,0.0024,0.0009,0.0126,0.0001,0.0016,0.002,0.0001,0.0001,0.0093,0.0013,0.0005,0.0028,0.0001,0.0881,0.0207,0.0001,0.0086,0.0,125.0,0.0,62.0,63.0,52.0,0.0,0.0,0.0,0.0,0.0,0.0,0.0,0.0,0.0,0.0,0.0,0.0,0.0,0.0,0.0,0.0,0.0,0.0,8.0,2.0,1.0
2858,23.945832500000005,0,8.4232,2.0525,1.9097,1.7042,0.1779,0.0028,0.0049,0.0003,0.0392,0.0492,0.0026,0.0008,0.0124,0.0001,0.0015,0.0016,0.0001,0.0001,0.0087,0.0013,0.0005,0.0027,0.0,0.0929,0.0204,0.0001,0.0095,0.0,125.0,0.0,62.0,63.0,52.0,0.0,0.0,0.0,0.0,0.0,0.0,0.0,0.0,0.0,0.0,0.0,0.0,0.0,0.0,0.0,0.0,0.0,0.0,8.0,2.0,1.0
2859,23.954255700000004,0,8.5384,1.9192,2.0606,1.6484,0.1704,0.0031,0.0048,0.0002,0.0346,0.0451,0.0022,0.0009,0.0108,0.0002,0.0019,0.0014,0.0001,0.0001,0.0088,0.0016,0.0004,0.0022,0.0,0.086,0.018,0.0001,0.0064,0.0,125.0,0.0,62.0,63.0,52.0,0.0,0.0,0.0,0.0,0.0,0.0,0.0,0.0,0.0,0.0,0.0,0.0,0.0,0.0,0.0,0.0,0.0,0.0,8.0,2.0,1.0
2860,23.962794100000004,0,8.2722,1.9365,2.1964,1.948,0.1821,0.003,0.0052,0.0002,0.0397,0.051,0.0022,0.0017,0.012,0.0006,0.0016,0.0019,0.0002,0.0001,0.0085,0.0016,0.0004,0.0024,0.0,0.0939,0.0199,0.0001,0.0076,0.0,125.0,0.0,62.0,63.0,52.0,0.0,0.0,0.0,0.0,0.0,0.0,0.0,0.0,0.0,0.0,0.0,0.0,0.0,0.0,0.0,0.0,0.0,0.0,8.0,2.0,1.0
2861,23.971066300000004,0,8.2161,1.9808,2.0017,1.7505,0.1532,0.0029,0.0058,0.0002,0.0244,0.0357,0.0022,0.0008,0.0094,0.0001,0.0015,0.002,0.0,0.0001,0.0084,0.0016,0.0004,0.0023,0.0,0.0734,0.0163,0.0001,0.0088,0.0,125.0,0.0,62.0,63.0,52.0,0.0,0.0,0.0,0.0,0.0,0.0,0.0,0.0,0.0,0.0,0.0,0.0,0.0,0.0,0.0,0.0,0.0,0.0,8.0,2.0,1.0
2862,23.979282400000002,0,8.4139,1.9324,1.9299,1.712,0.1791,0.0028,0.0052,0.0002,0.0415,0.0518,0.0024,0.0013,0.0114,0.0002,0.0019,0.0015,0.0001,0.0001,0.009,0.0013,0.0005,0.0027,0.0,0.0949,0.0193,0.0001,0.0087,0.0,125.0,0.0,62.0,63.0,52.0,0.0,0.0,0.0,0.0,0.0,0.0,0.0,0.0,0.0,0.0,0.0,0.0,0.0,0.0,0.0,0.0,0.0,0.0,8.0,2.0,1.0
2863,23.987696300000003,0,8.4562,1.8241,2.2805,1.7333,0.1822,0.0039,0.0074,0.0003,0.0232,0.0383,0.0024,0.0009,0.009,0.0002,0.0022,0.0019,0.0002,0.0001,0.0108,0.0014,0.0011,0.0027,0.0,0.0819,0.0206,0.0001,0.0099,0.0,125.0,0.0,62.0,63.0,52.0,0.0,0.0,0.0,0.0,0.0,0.0,0.0,0.0,0.0,0.0,0.0,0.0,0.0,0.0,0.0,0.0,0.0,0.0,8.0,2.0,1.0
2864,23.996152500000004,0,8.1941,2.0722,2.0931,1.7675,0.1674,0.0028,0.0068,0.0002,0.0308,0.0436,0.002,0.0007,0.0091,0.0001,0.0015,0.0016,0.0002,0.0001,0.0099,0.0016,0.0005,0.0024,0.0,0.0828,0.0172,0.0,0.0093,0.0,125.0,0.0,62.0,63.0,52.0,0.0,0.0,0.0,0.0,0.0,0.0,0.0,0.0,0.0,0.0,0.0,0.0,0.0,0.0,0.0,0.0,0.0,0.0,8.0,2.0,1.0
2865,24.004346600000005,0,8.1336,1.9495,1.8918,1.8462,0.1619,0.0035,0.0062,0.0002,0.0287,0.0405,0.0019,0.0007,0.0099,0.0002,0.002,0.0016,0.0,0.0001,0.0083,0.0012,0.0005,0.0023,0.0,0.0801,0.0158,0.0001,0.0081,0.0,125.0,0.0,62.0,63.0,52.0,0.0,0.0,0.0,0.0,0.0,0.0,0.0,0.0,0.0,0.0,0.0,0.0,0.0,0.0,0.0,0.0,0.0,0.0,8.0,2.0,1.0
2866,24.012480200000006,0,8.4923,2.1441,1.8791,1.6907,0.1903,0.0031,0.0052,0.0002,0.0418,0.0527,0.0027,0.0008,0.0131,0.0001,0.0022,0.0017,0.0,0.0001,0.0085,0.0014,0.0005,0.0032,0.0001,0.099,0.0211,0.0,0.0081,0.0,125.0,0.0,62.0,63.0,52.0,0.0,0.0,0.0,0.0,0.0,0.0,0.0,0.0,0.0,0.0,0.0,0.0,0.0,0.0,0.0,0.0,0.0,0.0,8.0,2.0,1.0
2867,24.020972500000006,0,8.2214,1.9016,1.9559,1.7104,0.1637,0.0029,0.0058,0.0002,0.0271,0.0388,0.002,0.0008,0.0095,0.0005,0.0015,0.0021,0.0001,0.0001,0.0092,0.0012,0.0005,0.0024,0.0,0.0797,0.0166,0.0001,0.0075,0.0,125.0,0.0,62.0,63.0,52.0,0.0,0.0,0.0,0.0,0.0,0.0,0.0,0.0,0.0,0.0,0.0,0.0,0.0,0.0,0.0,0.0,0.0,0.0,8.0,2.0,1.0
2868,24.029193900000006,0,8.3103,2.4338,1.9174,1.6058,0.1731,0.0028,0.0065,0.0002,0.0328,0.0444,0.0019,0.0008,0.0109,0.0001,0.002,0.0016,0.0005,0.0002,0.0085,0.0012,0.001,0.0023,0.0,0.085,0.0201,0.0001,0.0072,0.0,125.0,0.0,62.0,63.0,52.0,0.0,0.0,0.0,0.0,0.0,0.0,0.0,0.0,0.0,0.0,0.0,0.0,0.0,0.0,0.0,0.0,0.0,0.0,8.0,2.0,1.0
2869,24.037504200000008,0,8.7051,1.96,2.0533,1.7821,0.2032,0.0036,0.0065,0.0002,0.0386,0.0521,0.0031,0.0011,0.0148,0.0002,0.0016,0.0025,0.0002,0.0001,0.0101,0.0014,0.0005,0.0029,0.0,0.1042,0.0209,0.0001,0.0075,0.0,125.0,0.0,62.0,63.0,52.0,0.0,0.0,0.0,0.0,0.0,0.0,0.0,0.0,0.0,0.0,0.0,0.0,0.0,0.0,0.0,0.0,0.0,0.0,8.0,2.0,1.0
2870,24.046209300000008,0,7.9732,2.1512,2.0389,1.7776,0.1652,0.003,0.0062,0.0002,0.0339,0.0454,0.0025,0.0008,0.0127,0.0001,0.0016,0.0019,0.0001,0.0001,0.0081,0.0017,0.0005,0.0024,0.0001,0.0874,0.0156,0.0,0.0089,0.0,125.0,0.0,62.0,63.0,52.0,0.0,0.0,0.0,0.0,0.0,0.0,0.0,0.0,0.0,0.0,0.0,0.0,0.0,0.0,0.0,0.0,0.0,0.0,8.0,2.0,1.0
2871,24.054182500000007,0,8.2154,1.9859,1.8232,1.7252,0.1701,0.0033,0.006,0.0002,0.0351,0.0466,0.0022,0.0011,0.0103,0.0001,0.0019,0.0014,0.0001,0.0002,0.0084,0.0012,0.0005,0.0023,0.0,0.0849,0.019,0.0001,0.0088,0.0,125.0,0.0,62.0,63.0,52.0,0.0,0.0,0.0,0.0,0.0,0.0,0.0,0.0,0.0,0.0,0.0,0.0,0.0,0.0,0.0,0.0,0.0,0.0,8.0,2.0,1.0
2872,24.062397900000008,0,8.6309,1.8537,1.9346,1.6673,0.192,0.0034,0.0054,0.0002,0.0463,0.0577,0.003,0.0009,0.0119,0.0002,0.0016,0.0019,0.0001,0.0001,0.009,0.0014,0.0005,0.0028,0.0001,0.1022,0.0194,0.0001,0.0091,0.0,125.0,0.0,62.0,63.0,52.0,0.0,0.0,0.0,0.0,0.0,0.0,0.0,0.0,0.0,0.0,0.0,0.0,0.0,0.0,0.0,0.0,0.0,0.0,8.0,2.0,1.0
2873,24.071028800000008,0,8.2392,1.898,1.9492,1.7231,0.1635,0.003,0.0061,0.0002,0.0268,0.0387,0.0024,0.0009,0.0098,0.0002,0.0015,0.0021,0.0001,0.0001,0.0083,0.0016,0.0004,0.0024,0.0001,0.0788,0.0158,0.0001,0.0092,0.0,125.0,0.0,62.0,63.0,54.0,0.0,0.0,0.0,0.0,0.0,0.0,0.0,0.0,0.0,0.0,0.0,0.0,0.0,0.0,0.0,0.0,0.0,0.0,8.0,2.0,1.0
2874,24.079268000000006,0,8.2372,1.9555,1.942,1.6924,0.1695,0.0031,0.0063,0.0002,0.0356,0.0477,0.0024,0.0008,0.0097,0.0001,0.0018,0.0015,0.0001,0.0001,0.0084,0.0012,0.001,0.0023,0.0,0.0862,0.0177,0.0001,0.0082,0.0,125.0,0.0,62.0,63.0,54.0,0.0,0.0,0.0,0.0,0.0,0.0,0.0,0.0,0.0,0.0,0.0,0.0,0.0,0.0,0.0,0.0,0.0,0.0,8.0,2.0,1.0
2875,24.087505200000006,0,8.3551,2.1962,1.9348,1.7905,0.1802,0.0029,0.0062,0.0003,0.0304,0.0429,0.0023,0.0011,0.0131,0.0002,0.0016,0.0016,0.0001,0.0001,0.009,0.0013,0.0005,0.0027,0.0,0.0892,0.0205,0.0,0.0098,0.0,125.0,0.0,62.0,63.0,54.0,0.0,0.0,0.0,0.0,0.0,0.0,0.0,0.0,0.0,0.0,0.0,0.0,0.0,0.0,0.0,0.0,0.0,0.0,8.0,2.0,1.0
2876,24.095860300000005,0,8.4061,1.856,1.851,1.662,0.1735,0.0027,0.0053,0.0002,0.0429,0.0537,0.0023,0.0008,0.0107,0.0001,0.002,0.0015,0.0001,0.0001,0.008,0.0012,0.0005,0.0022,0.0,0.0928,0.018,0.0,0.007,0.0,125.0,0.0,62.0,63.0,54.0,0.0,0.0,0.0,0.0,0.0,0.0,0.0,0.0,0.0,0.0,0.0,0.0,0.0,0.0,0.0,0.0,0.0,0.0,8.0,2.0,1.0
2877,24.104266400000004,0,8.4929,2.0041,2.0788,1.7189,0.1772,0.0035,0.0065,0.0002,0.0274,0.0412,0.0024,0.0009,0.0115,0.0001,0.0018,0.0017,0.0001,0.0001,0.0084,0.0019,0.0008,0.0025,0.0,0.0843,0.0187,0.0001,0.0073,0.0,125.0,0.0,62.0,63.0,54.0,0.0,0.0,0.0,0.0,0.0,0.0,0.0,0.0,0.0,0.0,0.0,0.0,0.0,0.0,0.0,0.0,0.0,0.0,8.0,2.0,1.0
2878,24.112759300000004,0,8.2822,1.9698,2.1978,1.9141,0.1978,0.0031,0.0049,0.0001,0.0451,0.0568,0.003,0.0011,0.0123,0.0002,0.0022,0.0016,0.0001,0.0002,0.009,0.0013,0.0005,0.0029,0.0,0.1026,0.0235,0.0001,0.0081,0.0,125.0,0.0,62.0,63.0,54.0,0.0,0.0,0.0,0.0,0.0,0.0,0.0,0.0,0.0,0.0,0.0,0.0,0.0,0.0,0.0,0.0,0.0,0.0,8.0,2.0,1.0
2879,24.121041500000004,0,8.4605,2.3393,2.0007,1.7319,0.1791,0.0027,0.0052,0.0002,0.031,0.0424,0.0027,0.001,0.0122,0.0002,0.0021,0.0018,0.0001,0.0001,0.0089,0.0015,0.0005,0.0024,0.0,0.0854,0.0202,0.0,0.0082,0.0,125.0,0.0,62.0,63.0,54.0,0.0,0.0,0.0,0.0,0.0,0.0,0.0,0.0,0.0,0.0,0.0,0.0,0.0,0.0,0.0,0.0,0.0,0.0,8.0,2.0,1.0
2880,24.129502000000006,0,8.1507,1.9956,2.1719,2.0072,0.1888,0.0034,0.0063,0.0006,0.0448,0.0577,0.0026,0.0009,0.0119,0.0002,0.0015,0.0021,0.0002,0.0001,0.009,0.0012,0.0006,0.0028,0.0,0.1018,0.0201,0.0,0.0099,0.0,125.0,0.0,62.0,63.0,54.0,0.0,0.0,0.0,0.0,0.0,0.0,0.0,0.0,0.0,0.0,0.0,0.0,0.0,0.0,0.0,0.0,0.0,0.0,8.0,2.0,1.0
2881,24.137652700000007,0,8.5653,2.0147,2.038,1.7027,0.2049,0.0031,0.0062,0.0002,0.0309,0.0438,0.0033,0.0013,0.0152,0.0001,0.0023,0.0022,0.0006,0.0002,0.0118,0.0018,0.0007,0.0038,0.0,0.0998,0.026,0.0001,0.0079,0.0,125.0,0.0,62.0,63.0,54.0,0.0,0.0,0.0,0.0,0.0,0.0,0.0,0.0,0.0,0.0,0.0,0.0,0.0,0.0,0.0,0.0,0.0,0.0,8.0,2.0,1.0
2882,24.146218000000008,0,8.2008,2.4697,2.253,1.7294,0.1818,0.0032,0.0068,0.0002,0.0387,0.0513,0.0021,0.0014,0.0111,0.0001,0.002,0.0018,0.0001,0.0001,0.0089,0.0013,0.0005,0.0026,0.0,0.0944,0.0193,0.0,0.0084,0.0,125.0,0.0,62.0,63.0,54.0,0.0,0.0,0.0,0.0,0.0,0.0,0.0,0.0,0.0,0.0,0.0,0.0,0.0,0.0,0.0,0.0,0.0,0.0,8.0,2.0,1.0
2883,24.15441880000001,0,8.3071,1.9032,2.0828,1.8265,0.1764,0.003,0.0051,0.0002,0.0314,0.0422,0.0024,0.0012,0.011,0.0001,0.0015,0.0021,0.0001,0.0001,0.0083,0.0018,0.0004,0.0023,0.0,0.084,0.0206,0.0,0.0084,0.0,125.0,0.0,62.0,63.0,54.0,0.0,0.0,0.0,0.0,0.0,0.0,0.0,0.0,0.0,0.0,0.0,0.0,0.0,0.0,0.0,0.0,0.0,0.0,8.0,2.0,1.0
2884,24.16272590000001,0,8.6017,1.9731,2.3603,2.1466,0.1961,0.0038,0.0066,0.0003,0.039,0.052,0.002,0.001,0.0106,0.0002,0.0021,0.0017,0.0001,0.0001,0.0088,0.0016,0.0005,0.0024,0.0,0.0999,0.0217,0.0001,0.0078,0.0,125.0,0.0,62.0,63.0,52.0,0.0,0.0,0.0,0.0,0.0,0.0,0.0,0.0,0.0,0.0,0.0,0.0,0.0,0.0,0.0,0.0,0.0,0.0,8.0,2.0,1.0
2885,24.17132760000001,0,8.1213,2.0625,2.193,1.781,0.1936,0.0054,0.0087,0.0004,0.0311,0.0481,0.0029,0.0012,0.0123,0.0002,0.0023,0.0018,0.0001,0.0001,0.0094,0.0017,0.0005,0.0031,0.0,0.0949,0.0219,0.0001,0.0077,0.0,125.0,0.0,62.0,63.0,52.0,0.0,0.0,0.0,0.0,0.0,0.0,0.0,0.0,0.0,0.0,0.0,0.0,0.0,0.0,0.0,0.0,0.0,0.0,8.0,2.0,1.0
2886,24.179448900000008,0,8.2535,2.1661,2.0596,1.8023,0.1661,0.0033,0.007,0.0002,0.0267,0.0396,0.0018,0.0008,0.0099,0.0002,0.002,0.0016,0.0001,0.0001,0.0094,0.0011,0.0005,0.0027,0.0,0.0786,0.0178,0.0001,0.0091,0.0,125.0,0.0,62.0,63.0,52.0,0.0,0.0,0.0,0.0,0.0,0.0,0.0,0.0,0.0,0.0,0.0,0.0,0.0,0.0,0.0,0.0,0.0,0.0,8.0,2.0,1.0
2887,24.187702400000006,0,8.536,1.9812,2.2449,1.7936,0.1996,0.0049,0.008,0.0002,0.0268,0.0426,0.0023,0.0015,0.0125,0.0002,0.0021,0.0021,0.0001,0.0001,0.0093,0.0015,0.0006,0.0033,0.0001,0.0912,0.0279,0.0001,0.0067,0.0,125.0,0.0,62.0,63.0,52.0,0.0,0.0,0.0,0.0,0.0,0.0,0.0,0.0,0.0,0.0,0.0,0.0,0.0,0.0,0.0,0.0,0.0,0.0,8.0,2.0,1.0
2888,24.196238400000006,0,8.1485,2.0243,2.153,1.8738,0.2197,0.0041,0.0092,0.0003,0.0352,0.0518,0.0029,0.0012,0.0133,0.0002,0.0016,0.0023,0.0001,0.0002,0.0125,0.0021,0.0008,0.0033,0.0,0.1046,0.0234,0.0,0.0088,0.0,125.0,0.0,62.0,63.0,52.0,0.0,0.0,0.0,0.0,0.0,0.0,0.0,0.0,0.0,0.0,0.0,0.0,0.0,0.0,0.0,0.0,0.0,0.0,8.0,2.0,1.0
2889,24.204386900000006,0,8.4438,1.89,2.0693,1.8445,0.1684,0.0035,0.0055,0.0002,0.0299,0.0418,0.002,0.0009,0.0084,0.0002,0.002,0.0017,0.0,0.0006,0.0088,0.0013,0.0005,0.0024,0.0001,0.0817,0.0188,0.0,0.0077,0.0,125.0,0.0,62.0,63.0,52.0,0.0,0.0,0.0,0.0,0.0,0.0,0.0,0.0,0.0,0.0,0.0,0.0,0.0,0.0,0.0,0.0,0.0,0.0,8.0,2.0,1.0
2890,24.212830700000005,0,8.1641,2.0027,2.029,1.7881,0.1812,0.0039,0.007,0.0003,0.0349,0.0486,0.0024,0.0009,0.0108,0.0001,0.0017,0.0021,0.0001,0.0001,0.009,0.0015,0.0005,0.0027,0.0,0.0924,0.0197,0.0,0.0081,0.0,125.0,0.0,62.0,63.0,52.0,0.0,0.0,0.0,0.0,0.0,0.0,0.0,0.0,0.0,0.0,0.0,0.0,0.0,0.0,0.0,0.0,0.0,0.0,8.0,2.0,1.0
2891,24.220994800000003,0,8.4043,1.8624,2.0114,1.8053,0.1664,0.0032,0.007,0.0002,0.0262,0.0394,0.0024,0.0007,0.0102,0.0001,0.0014,0.0021,0.0002,0.0001,0.0085,0.0012,0.0005,0.0024,0.0,0.0794,0.0187,0.0002,0.0084,0.0,125.0,0.0,62.0,63.0,52.0,0.0,0.0,0.0,0.0,0.0,0.0,0.0,0.0,0.0,0.0,0.0,0.0,0.0,0.0,0.0,0.0,0.0,0.0,8.0,2.0,1.0
2892,24.229399100000002,0,8.5099,1.9854,2.2367,2.0244,0.1793,0.003,0.0062,0.0002,0.0327,0.0453,0.002,0.0008,0.0105,0.0001,0.0018,0.0016,0.0001,0.0001,0.0088,0.0012,0.0004,0.0027,0.0,0.086,0.0219,0.0,0.0081,0.0,125.0,0.0,62.0,63.0,52.0,0.0,0.0,0.0,0.0,0.0,0.0,0.0,0.0,0.0,0.0,0.0,0.0,0.0,0.0,0.0,0.0,0.0,0.0,8.0,2.0,1.0
2893,24.237909000000002,0,8.1526,1.9624,2.1533,1.7942,0.1856,0.0034,0.007,0.0003,0.0312,0.0444,0.0023,0.0015,0.0118,0.0006,0.0017,0.0021,0.0001,0.0001,0.0094,0.0014,0.0006,0.0028,0.0,0.0902,0.0182,0.0002,0.008,0.0,125.0,0.0,62.0,63.0,52.0,0.0,0.0,0.0,0.0,0.0,0.0,0.0,0.0,0.0,0.0,0.0,0.0,0.0,0.0,0.0,0.0,0.0,0.0,8.0,2.0,1.0
2894,24.2460616,0,8.2645,1.9067,2.0628,1.8324,0.1816,0.0033,0.0046,0.0003,0.044,0.0549,0.0024,0.0008,0.0118,0.0001,0.0015,0.0022,0.0,0.0001,0.0088,0.0016,0.0004,0.0028,0.0,0.0985,0.0197,0.0001,0.0078,0.0,125.0,0.0,62.0,63.0,52.0,0.0,0.0,0.0,0.0,0.0,0.0,0.0,0.0,0.0,0.0,0.0,0.0,0.0,0.0,0.0,0.0,0.0,0.0,8.0,2.0,1.0
2895,24.2543261,0,8.2167,1.8775,1.8652,1.7815,0.1607,0.003,0.0066,0.0002,0.0278,0.0398,0.002,0.0006,0.0102,0.0001,0.0017,0.0014,0.0001,0.0001,0.0082,0.0012,0.0005,0.0026,0.0001,0.0794,0.0162,0.0001,0.0082,0.0,125.0,0.0,62.0,63.0,52.0,0.0,0.0,0.0,0.0,0.0,0.0,0.0,0.0,0.0,0.0,0.0,0.0,0.0,0.0,0.0,0.0,0.0,0.0,8.0,2.0,1.0
2896,24.2625428,0,8.3484,1.9045,1.9006,1.6549,0.1772,0.0038,0.0063,0.0003,0.0355,0.0489,0.0023,0.0007,0.0108,0.0002,0.0014,0.002,0.0001,0.0001,0.0095,0.0013,0.0005,0.003,0.0001,0.0914,0.0204,0.0001,0.0082,0.0,125.0,0.0,62.0,63.0,52.0,0.0,0.0,0.0,0.0,0.0,0.0,0.0,0.0,0.0,0.0,0.0,0.0,0.0,0.0,0.0,0.0,0.0,0.0,8.0,2.0,1.0
2897,24.270891199999998,0,8.3362,1.9776,1.8269,1.9139,0.1613,0.0028,0.0051,0.0002,0.0298,0.0399,0.0023,0.0006,0.0098,0.0002,0.0016,0.002,0.0,0.0001,0.0088,0.0012,0.0005,0.0025,0.0,0.0798,0.0179,0.0001,0.0065,0.0,125.0,0.0,62.0,63.0,52.0,0.0,0.0,0.0,0.0,0.0,0.0,0.0,0.0,0.0,0.0,0.0,0.0,0.0,0.0,0.0,0.0,0.0,0.0,8.0,2.0,1.0
2898,24.279227399999996,0,8.2547,1.8297,1.8592,1.7009,0.1714,0.0039,0.0073,0.0002,0.033,0.0468,0.0028,0.0007,0.0098,0.0001,0.0017,0.002,0.0001,0.0001,0.0081,0.0015,0.0004,0.0027,0.0,0.0859,0.018,0.0,0.007,0.0,125.0,0.0,62.0,63.0,52.0,0.0,0.0,0.0,0.0,0.0,0.0,0.0,0.0,0.0,0.0,0.0,0.0,0.0,0.0,0.0,0.0,0.0,0.0,8.0,2.0,1.0
2899,24.287482099999995,0,8.2601,1.8254,1.803,1.6255,0.1718,0.0029,0.0055,0.0002,0.0305,0.0415,0.0025,0.0008,0.012,0.0001,0.0016,0.002,0.0002,0.0001,0.0087,0.0014,0.0004,0.0027,0.0,0.0857,0.0185,0.0,0.009,0.0,125.0,0.0,62.0,63.0,52.0,0.0,0.0,0.0,0.0,0.0,0.0,0.0,0.0,0.0,0.0,0.0,0.0,0.0,0.0,0.0,0.0,0.0,0.0,8.0,2.0,1.0
2900,24.295742199999996,0,8.4539,2.235,1.839,1.751,0.1583,0.0028,0.0064,0.0002,0.0268,0.0384,0.0022,0.0007,0.0087,0.0007,0.0014,0.0022,0.0002,0.0001,0.0086,0.0014,0.0004,0.0021,0.0,0.0763,0.0167,0.0,0.0082,0.0,125.0,0.0,62.0,63.0,52.0,0.0,0.0,0.0,0.0,0.0,0.0,0.0,0.0,0.0,0.0,0.0,0.0,0.0,0.0,0.0,0.0,0.0,0.0,8.0,2.0,1.0
2901,24.304196099999995,0,8.1942,1.9025,1.7786,1.6217,0.1647,0.003,0.0069,0.0002,0.0265,0.0392,0.0021,0.0009,0.0096,0.0002,0.0015,0.0014,0.0,0.0002,0.0087,0.0012,0.0008,0.0027,0.0,0.0799,0.0185,0.0001,0.0084,0.0,125.0,0.0,62.0,63.0,52.0,0.0,0.0,0.0,0.0,0.0,0.0,0.0,0.0,0.0,0.0,0.0,0.0,0.0,0.0,0.0,0.0,0.0,0.0,8.0,2.0,1.0
2902,24.312390299999993,0,8.9071,1.9074,1.975,1.7547,0.2035,0.0033,0.0068,0.0002,0.04,0.0524,0.0099,0.001,0.0232,0.0001,0.0017,0.0024,0.0001,0.0001,0.0105,0.0018,0.0006,0.0034,0.0,0.1115,0.0215,0.0001,0.0103,0.0,125.0,0.0,62.0,63.0,52.0,0.0,0.0,0.0,0.0,0.0,0.0,0.0,0.0,0.0,0.0,0.0,0.0,0.0,0.0,0.0,0.0,0.0,0.0,8.0,2.0,1.0
2903,24.32129739999999,0,7.8627,1.9367,2.076,1.9317,0.1808,0.0029,0.0057,0.0003,0.029,0.0413,0.0028,0.0012,0.0127,0.0001,0.0017,0.0021,0.0001,0.0002,0.0083,0.0018,0.0005,0.0026,0.0001,0.0864,0.0212,0.0,0.0084,0.0,125.0,0.0,62.0,63.0,52.0,0.0,0.0,0.0,0.0,0.0,0.0,0.0,0.0,0.0,0.0,0.0,0.0,0.0,0.0,0.0,0.0,0.0,0.0,8.0,2.0,1.0
2904,24.329160099999992,0,8.4811,1.805,1.9326,1.6867,0.1847,0.0032,0.0078,0.0002,0.0355,0.0494,0.0025,0.0009,0.0112,0.0002,0.0016,0.0022,0.0001,0.0001,0.009,0.0013,0.0005,0.0034,0.0,0.0937,0.0202,0.0001,0.0078,0.0,125.0,0.0,62.0,63.0,52.0,0.0,0.0,0.0,0.0,0.0,0.0,0.0,0.0,0.0,0.0,0.0,0.0,0.0,0.0,0.0,0.0,0.0,0.0,8.0,2.0,1.0
2905,24.337641199999993,0,8.1549,1.8599,1.8053,1.7607,0.1619,0.0028,0.0049,0.0003,0.0293,0.039,0.002,0.0007,0.0097,0.0006,0.0015,0.002,0.0,0.0001,0.0087,0.0015,0.0004,0.0023,0.0,0.0787,0.0196,0.0001,0.0082,0.0,125.0,0.0,62.0,63.0,52.0,0.0,0.0,0.0,0.0,0.0,0.0,0.0,0.0,0.0,0.0,0.0,0.0,0.0,0.0,0.0,0.0,0.0,0.0,8.0,2.0,1.0
2906,24.345796099999994,0,8.4036,1.9789,1.8908,1.6688,0.1738,0.0028,0.0049,0.0003,0.04,0.05,0.0021,0.0008,0.0098,0.0001,0.0016,0.0019,0.0001,0.0001,0.0085,0.0017,0.0005,0.0024,0.0,0.0901,0.0182,0.0001,0.008,0.0,125.0,0.0,62.0,63.0,52.0,0.0,0.0,0.0,0.0,0.0,0.0,0.0,0.0,0.0,0.0,0.0,0.0,0.0,0.0,0.0,0.0,0.0,0.0,8.0,2.0,1.0
2907,24.354199699999995,0,8.3375,1.78,1.8373,1.7215,0.1605,0.0026,0.0061,0.0002,0.0263,0.0382,0.0021,0.0007,0.01,0.0002,0.0021,0.0015,0.0,0.0001,0.008,0.0011,0.0004,0.0023,0.0001,0.0763,0.0192,0.0001,0.0083,0.0,125.0,0.0,62.0,63.0,54.0,0.0,0.0,0.0,0.0,0.0,0.0,0.0,0.0,0.0,0.0,0.0,0.0,0.0,0.0,0.0,0.0,0.0,0.0,8.0,2.0,1.0
2908,24.362537199999995,0,8.5995,1.8003,2.0134,1.6266,0.1926,0.0038,0.0069,0.0002,0.0366,0.0499,0.0024,0.0008,0.0116,0.0002,0.0017,0.0021,0.0001,0.0001,0.0101,0.0014,0.001,0.0029,0.0001,0.0969,0.0214,0.0001,0.0083,0.0,125.0,0.0,62.0,63.0,54.0,0.0,0.0,0.0,0.0,0.0,0.0,0.0,0.0,0.0,0.0,0.0,0.0,0.0,0.0,0.0,0.0,0.0,0.0,8.0,2.0,1.0
2909,24.371136699999994,0,8.1314,2.1003,2.064,1.8513,0.1769,0.0035,0.0053,0.0003,0.0323,0.0436,0.0023,0.0009,0.0117,0.0001,0.0016,0.0021,0.0001,0.0002,0.0089,0.0014,0.0005,0.0028,0.0,0.0879,0.0184,0.0,0.0085,0.0,125.0,0.0,62.0,63.0,54.0,0.0,0.0,0.0,0.0,0.0,0.0,0.0,0.0,0.0,0.0,0.0,0.0,0.0,0.0,0.0,0.0,0.0,0.0,8.0,2.0,1.0
2910,24.379268099999994,0,8.7053,1.7477,2.1601,1.7868,0.1816,0.0034,0.0071,0.0002,0.0359,0.0494,0.0022,0.0008,0.0112,0.0002,0.0022,0.0017,0.0,0.0001,0.0089,0.0012,0.0006,0.0023,0.0001,0.0917,0.0198,0.0,0.0078,0.0,125.0,0.0,62.0,63.0,54.0,0.0,0.0,0.0,0.0,0.0,0.0,0.0,0.0,0.0,0.0,0.0,0.0,0.0,0.0,0.0,0.0,0.0,0.0,8.0,2.0,1.0
2911,24.387973399999993,0,7.9485,1.927,2.0797,1.7467,0.1538,0.0032,0.0065,0.0002,0.0236,0.0361,0.0027,0.0006,0.0101,0.0002,0.0014,0.0014,0.0,0.0001,0.0082,0.0012,0.0009,0.0023,0.0,0.0743,0.0155,0.0001,0.0089,0.0,125.0,0.0,62.0,63.0,54.0,0.0,0.0,0.0,0.0,0.0,0.0,0.0,0.0,0.0,0.0,0.0,0.0,0.0,0.0,0.0,0.0,0.0,0.0,8.0,2.0,1.0
2912,24.395921899999994,0,8.3157,1.8468,1.9089,1.6617,0.177,0.0029,0.0049,0.0003,0.037,0.0475,0.0021,0.0013,0.0119,0.0001,0.0015,0.0019,0.0001,0.0001,0.0082,0.0012,0.0011,0.0023,0.0,0.0892,0.0215,0.0,0.0078,0.0,125.0,0.0,62.0,63.0,54.0,0.0,0.0,0.0,0.0,0.0,0.0,0.0,0.0,0.0,0.0,0.0,0.0,0.0,0.0,0.0,0.0,0.0,0.0,8.0,2.0,1.0
2913,24.404237599999995,0,8.3214,1.8526,1.8888,1.589,0.1569,0.0029,0.0062,0.0003,0.0263,0.0378,0.0023,0.0006,0.0094,0.0001,0.0015,0.002,0.0001,0.0002,0.0084,0.0016,0.0005,0.0024,0.0,0.0762,0.0176,0.0001,0.0076,0.0,125.0,0.0,62.0,63.0,54.0,0.0,0.0,0.0,0.0,0.0,0.0,0.0,0.0,0.0,0.0,0.0,0.0,0.0,0.0,0.0,0.0,0.0,0.0,8.0,2.0,1.0
2914,24.412558999999995,0,8.5457,1.9801,2.0478,1.8516,0.1901,0.0038,0.0064,0.0003,0.0387,0.0515,0.0021,0.0014,0.0107,0.0002,0.0025,0.0017,0.0001,0.0001,0.0087,0.0016,0.0005,0.0023,0.0,0.0935,0.0196,0.0001,0.0084,0.0,125.0,0.0,62.0,63.0,54.0,0.0,0.0,0.0,0.0,0.0,0.0,0.0,0.0,0.0,0.0,0.0,0.0,0.0,0.0,0.0,0.0,0.0,0.0,8.0,2.0,1.0
2915,24.421104699999994,0,8.1119,1.8509,1.9077,1.9117,0.1604,0.0028,0.0043,0.0003,0.0346,0.0441,0.0025,0.0006,0.0093,0.0001,0.0015,0.002,0.0001,0.0001,0.0086,0.0016,0.0005,0.0024,0.0,0.0825,0.0164,0.0,0.0085,0.0,125.0,0.0,62.0,63.0,54.0,0.0,0.0,0.0,0.0,0.0,0.0,0.0,0.0,0.0,0.0,0.0,0.0,0.0,0.0,0.0,0.0,0.0,0.0,8.0,2.0,1.0
2916,24.429216599999993,0,8.4343,2.1581,1.8902,1.7363,0.1834,0.0026,0.0046,0.0001,0.0445,0.0542,0.0024,0.0007,0.0108,0.0001,0.0017,0.0021,0.0001,0.0001,0.0094,0.0013,0.0005,0.0028,0.0,0.098,0.0202,0.0001,0.0095,0.0,125.0,0.0,62.0,63.0,54.0,0.0,0.0,0.0,0.0,0.0,0.0,0.0,0.0,0.0,0.0,0.0,0.0,0.0,0.0,0.0,0.0,0.0,0.0,8.0,2.0,1.0
2917,24.437650899999994,0,8.1864,1.7537,1.7944,1.6556,0.1597,0.0026,0.0053,0.0003,0.027,0.0378,0.0021,0.0007,0.0098,0.0002,0.0015,0.0021,0.0001,0.0001,0.0085,0.0016,0.0005,0.0027,0.0001,0.0777,0.0162,0.0001,0.0085,0.0,125.0,0.0,62.0,63.0,54.0,0.0,0.0,0.0,0.0,0.0,0.0,0.0,0.0,0.0,0.0,0.0,0.0,0.0,0.0,0.0,0.0,0.0,0.0,8.0,2.0,1.0
2918,24.445837299999994,0,8.3813,1.7976,1.7955,1.6819,0.1855,0.0031,0.0055,0.0003,0.0393,0.0506,0.0022,0.0009,0.0121,0.0001,0.0019,0.0015,0.0,0.0001,0.009,0.0013,0.0005,0.0029,0.0001,0.0948,0.0206,0.0001,0.0079,0.0,125.0,0.0,62.0,63.0,54.0,0.0,0.0,0.0,0.0,0.0,0.0,0.0,0.0,0.0,0.0,0.0,0.0,0.0,0.0,0.0,0.0,0.0,0.0,8.0,2.0,1.0
2919,24.454218599999994,0,8.3787,1.9024,1.7689,1.7427,0.1523,0.003,0.0065,0.0002,0.0259,0.0376,0.0023,0.0006,0.0091,0.0001,0.0016,0.0019,0.0,0.0001,0.0081,0.0012,0.0009,0.0023,0.0,0.0753,0.017,0.0,0.0073,0.0,125.0,0.0,62.0,63.0,54.0,0.0,0.0,0.0,0.0,0.0,0.0,0.0,0.0,0.0,0.0,0.0,0.0,0.0,0.0,0.0,0.0,0.0,0.0,8.0,2.0,1.0
2920,24.462597299999995,0,8.2924,1.813,1.9105,1.6579,0.1786,0.0047,0.0084,0.0002,0.0286,0.0443,0.0021,0.0008,0.0116,0.0001,0.0014,0.0019,0.0001,0.0001,0.0086,0.0019,0.0005,0.0025,0.0001,0.0872,0.0183,0.0001,0.0079,0.0,125.0,0.0,62.0,63.0,54.0,0.0,0.0,0.0,0.0,0.0,0.0,0.0,0.0,0.0,0.0,0.0,0.0,0.0,0.0,0.0,0.0,0.0,0.0,8.0,2.0,1.0
2921,24.470889699999994,0,8.2916,1.9047,1.7577,1.5947,0.1697,0.003,0.0058,0.0003,0.0288,0.0408,0.002,0.0008,0.011,0.0001,0.0015,0.0019,0.0001,0.0001,0.0084,0.0011,0.0008,0.0023,0.0,0.0817,0.017,0.0001,0.0088,0.0,125.0,0.0,62.0,63.0,54.0,0.0,0.0,0.0,0.0,0.0,0.0,0.0,0.0,0.0,0.0,0.0,0.0,0.0,0.0,0.0,0.0,0.0,0.0,8.0,2.0,1.0
2922,24.479181299999993,0,8.3283,1.733,1.7139,1.7306,0.1707,0.0027,0.0044,0.0001,0.0429,0.0523,0.0023,0.0009,0.0104,0.0001,0.0015,0.0014,0.0004,0.0001,0.0089,0.0017,0.0005,0.0027,0.0,0.0926,0.0187,0.0,0.0075,0.0,125.0,0.0,62.0,63.0,54.0,0.0,0.0,0.0,0.0,0.0,0.0,0.0,0.0,0.0,0.0,0.0,0.0,0.0,0.0,0.0,0.0,0.0,0.0,8.0,2.0,1.0
2923,24.487509599999992,0,8.3555,1.6479,1.8155,1.5964,0.16,0.0026,0.0047,0.0001,0.0312,0.041,0.0027,0.0007,0.011,0.0001,0.0016,0.0015,0.0001,0.0001,0.0081,0.0015,0.0005,0.0027,0.0,0.0824,0.0178,0.0001,0.0081,0.0,125.0,0.0,62.0,63.0,54.0,0.0,0.0,0.0,0.0,0.0,0.0,0.0,0.0,0.0,0.0,0.0,0.0,0.0,0.0,0.0,0.0,0.0,0.0,8.0,2.0,1.0
2924,24.495865099999993,0,8.3618,1.7155,1.7983,1.6705,0.1801,0.0026,0.0064,0.0002,0.0383,0.0497,0.0026,0.0008,0.0112,0.0002,0.0016,0.0019,0.0001,0.0001,0.0092,0.0012,0.0004,0.0029,0.0,0.0935,0.02,0.0001,0.0084,0.0,125.0,0.0,62.0,63.0,54.0,0.0,0.0,0.0,0.0,0.0,0.0,0.0,0.0,0.0,0.0,0.0,0.0,0.0,0.0,0.0,0.0,0.0,0.0,8.0,2.0,1.0
2925,24.504226899999992,0,8.2792,1.7811,1.7426,1.658,0.1667,0.0029,0.0055,0.0003,0.0295,0.0404,0.0022,0.0007,0.0103,0.0001,0.0018,0.0015,0.0001,0.0001,0.0081,0.0012,0.0005,0.0027,0.0001,0.0808,0.0183,0.0,0.0088,0.0,125.0,0.0,62.0,63.0,54.0,0.0,0.0,0.0,0.0,0.0,0.0,0.0,0.0,0.0,0.0,0.0,0.0,0.0,0.0,0.0,0.0,0.0,0.0,8.0,2.0,1.0
2926,24.512506099999992,0,8.4767,1.7684,1.9373,1.6658,0.1673,0.0029,0.0062,0.0003,0.0359,0.0482,0.0027,0.0009,0.0109,0.0001,0.0017,0.0013,0.0001,0.0002,0.0087,0.0012,0.0004,0.0028,0.0,0.0878,0.0189,0.0001,0.01,0.0,125.0,0.0,62.0,63.0,54.0,0.0,0.0,0.0,0.0,0.0,0.0,0.0,0.0,0.0,0.0,0.0,0.0,0.0,0.0,0.0,0.0,0.0,0.0,8.0,2.0,1.0
2927,24.52098279999999,0,8.1783,1.7949,1.7355,1.6068,0.1558,0.0026,0.0054,0.0001,0.0289,0.0398,0.0019,0.0013,0.0098,0.0001,0.0021,0.0015,0.0001,0.0001,0.0079,0.001,0.0004,0.0024,0.0,0.0777,0.0178,0.0001,0.0086,0.0,125.0,0.0,62.0,63.0,54.0,0.0,0.0,0.0,0.0,0.0,0.0,0.0,0.0,0.0,0.0,0.0,0.0,0.0,0.0,0.0,0.0,0.0,0.0,8.0,2.0,1.0
2928,24.529161099999993,0,8.3224,1.8282,1.7185,1.7003,0.1764,0.0028,0.0055,0.0002,0.0395,0.0506,0.0022,0.0008,0.0099,0.0001,0.0014,0.0021,0.0001,0.0001,0.0086,0.0013,0.0005,0.0026,0.0,0.0915,0.019,0.0001,0.0068,0.0,125.0,0.0,62.0,63.0,54.0,0.0,0.0,0.0,0.0,0.0,0.0,0.0,0.0,0.0,0.0,0.0,0.0,0.0,0.0,0.0,0.0,0.0,0.0,8.0,2.0,1.0
2929,24.537483499999993,0,8.326,1.8841,1.7156,1.6837,0.1681,0.0027,0.0044,0.0002,0.0314,0.041,0.0027,0.0008,0.0126,0.0002,0.0016,0.0017,0.0001,0.0001,0.0087,0.0015,0.0005,0.0027,0.0001,0.0847,0.0193,0.0,0.0086,0.0,125.0,0.0,62.0,63.0,54.0,0.0,0.0,0.0,0.0,0.0,0.0,0.0,0.0,0.0,0.0,0.0,0.0,0.0,0.0,0.0,0.0,0.0,0.0,8.0,2.0,1.0
2930,24.545809499999994,0,8.3297,1.692,1.7013,1.5864,0.1715,0.0027,0.0062,0.0002,0.039,0.0502,0.0025,0.0007,0.0101,0.0001,0.0014,0.0019,0.0001,0.0001,0.0083,0.0012,0.0008,0.0029,0.0,0.0913,0.0191,0.0001,0.0091,0.0,125.0,0.0,62.0,63.0,54.0,0.0,0.0,0.0,0.0,0.0,0.0,0.0,0.0,0.0,0.0,0.0,0.0,0.0,0.0,0.0,0.0,0.0,0.0,8.0,2.0,1.0
2931,24.554139199999995,0,8.2754,1.8945,1.6856,1.6391,0.1717,0.0024,0.0045,0.0002,0.0361,0.0462,0.0023,0.0008,0.0108,0.0001,0.0017,0.0016,0.0001,0.0001,0.0083,0.0012,0.0005,0.0033,0.0,0.0886,0.0204,0.0,0.0077,0.0,125.0,0.0,62.0,63.0,54.0,0.0,0.0,0.0,0.0,0.0,0.0,0.0,0.0,0.0,0.0,0.0,0.0,0.0,0.0,0.0,0.0,0.0,0.0,8.0,2.0,1.0
2932,24.562414599999993,0,8.4945,1.9405,1.8196,1.5842,0.1738,0.0027,0.0057,0.0002,0.0385,0.0494,0.0022,0.0009,0.0121,0.0001,0.0016,0.0018,0.0002,0.0001,0.0078,0.0012,0.0007,0.0027,0.0,0.0921,0.0192,0.0001,0.0084,0.0,125.0,0.0,62.0,63.0,54.0,0.0,0.0,0.0,0.0,0.0,0.0,0.0,0.0,0.0,0.0,0.0,0.0,0.0,0.0,0.0,0.0,0.0,0.0,8.0,2.0,1.0
2933,24.570909099999994,0,8.2358,1.8603,1.6755,1.6668,0.1469,0.0023,0.0051,0.0002,0.0254,0.0355,0.0019,0.0006,0.01,0.0001,0.0021,0.0014,0.0,0.0001,0.0083,0.0013,0.0004,0.0023,0.0,0.0724,0.016,0.0,0.0083,0.0,125.0,0.0,62.0,63.0,54.0,0.0,0.0,0.0,0.0,0.0,0.0,0.0,0.0,0.0,0.0,0.0,0.0,0.0,0.0,0.0,0.0,0.0,0.0,8.0,2.0,1.0
2934,24.579144899999996,0,8.3156,1.7288,1.7284,1.6873,0.1736,0.0028,0.0046,0.0003,0.0397,0.0498,0.0024,0.0008,0.012,0.0001,0.0014,0.0018,0.0,0.0001,0.0086,0.0012,0.0005,0.0027,0.0,0.0926,0.0195,0.0,0.0084,0.0,125.0,0.0,62.0,63.0,54.0,0.0,0.0,0.0,0.0,0.0,0.0,0.0,0.0,0.0,0.0,0.0,0.0,0.0,0.0,0.0,0.0,0.0,0.0,8.0,2.0,1.0
2935,24.587460499999995,0,8.2331,1.9454,1.629,1.612,0.1501,0.0026,0.0058,0.0002,0.0265,0.0379,0.0018,0.0006,0.009,0.0001,0.0013,0.0017,0.0001,0.0001,0.008,0.001,0.0004,0.0026,0.0001,0.0738,0.018,0.0,0.0086,0.0,125.0,0.0,62.0,63.0,54.0,0.0,0.0,0.0,0.0,0.0,0.0,0.0,0.0,0.0,0.0,0.0,0.0,0.0,0.0,0.0,0.0,0.0,0.0,8.0,2.0,1.0
2936,24.595693599999997,0,8.5047,1.7979,1.6936,1.642,0.1685,0.0026,0.0063,0.0002,0.0363,0.0474,0.003,0.0007,0.0118,0.0001,0.0019,0.0015,0.0,0.0001,0.0081,0.0013,0.0005,0.0027,0.0,0.0889,0.0195,0.0,0.008,0.0,125.0,0.0,62.0,63.0,54.0,0.0,0.0,0.0,0.0,0.0,0.0,0.0,0.0,0.0,0.0,0.0,0.0,0.0,0.0,0.0,0.0,0.0,0.0,8.0,2.0,1.0
2937,24.604198299999997,0,8.2923,1.8429,1.7247,1.6149,0.1756,0.0033,0.0053,0.0004,0.0344,0.046,0.0025,0.0009,0.0111,0.0007,0.0015,0.0018,0.0,0.0001,0.0083,0.0012,0.0004,0.0028,0.0001,0.0884,0.0194,0.0001,0.007,0.0,125.0,0.0,62.0,63.0,54.0,0.0,0.0,0.0,0.0,0.0,0.0,0.0,0.0,0.0,0.0,0.0,0.0,0.0,0.0,0.0,0.0,0.0,0.0,8.0,2.0,1.0
2938,24.612490599999997,0,8.3884,1.7289,1.7884,1.5523,0.1712,0.003,0.0064,0.0002,0.0377,0.0499,0.0027,0.0013,0.0117,0.0002,0.0019,0.0014,0.0001,0.0001,0.0075,0.0013,0.0005,0.0027,0.0,0.0899,0.0165,0.0,0.0082,0.0,125.0,0.0,62.0,63.0,54.0,0.0,0.0,0.0,0.0,0.0,0.0,0.0,0.0,0.0,0.0,0.0,0.0,0.0,0.0,0.0,0.0,0.0,0.0,8.0,2.0,1.0
2939,24.620879,0,8.3212,1.6753,1.7222,1.7378,0.1697,0.0024,0.0047,0.0002,0.0306,0.0397,0.0024,0.0012,0.0124,0.0002,0.0015,0.0021,0.0,0.0001,0.0089,0.0017,0.0005,0.0031,0.0,0.0887,0.0215,0.0,0.0087,0.0,125.0,0.0,62.0,63.0,52.0,0.0,0.0,0.0,0.0,0.0,0.0,0.0,0.0,0.0,0.0,0.0,0.0,0.0,0.0,0.0,0.0,0.0,0.0,8.0,2.0,1.0
2940,24.6292002,0,8.3501,1.7241,1.8784,1.5945,0.1669,0.0035,0.0076,0.0001,0.0253,0.0387,0.0021,0.001,0.0113,0.0001,0.0015,0.0016,0.0,0.0001,0.0082,0.0014,0.0005,0.0027,0.0,0.0794,0.0186,0.0001,0.0088,0.0,125.0,0.0,62.0,63.0,52.0,0.0,0.0,0.0,0.0,0.0,0.0,0.0,0.0,0.0,0.0,0.0,0.0,0.0,0.0,0.0,0.0,0.0,0.0,8.0,2.0,1.0
2941,24.6375503,0,8.2832,1.833,1.6633,1.6945,0.1509,0.0025,0.0045,0.0002,0.027,0.0361,0.0019,0.0005,0.0097,0.0002,0.0013,0.002,0.0,0.0002,0.0083,0.0013,0.0004,0.0027,0.0,0.0739,0.0172,0.0001,0.0065,0.0,125.0,0.0,62.0,63.0,52.0,0.0,0.0,0.0,0.0,0.0,0.0,0.0,0.0,0.0,0.0,0.0,0.0,0.0,0.0,0.0,0.0,0.0,0.0,8.0,2.0,1.0
2942,24.645833500000002,0,8.305,1.8007,1.7669,1.7594,0.1729,0.0028,0.0067,0.0002,0.0373,0.0494,0.0028,0.0008,0.0098,0.0003,0.0016,0.0019,0.0,0.0001,0.0082,0.0012,0.0009,0.0026,0.0,0.0893,0.0177,0.0,0.008,0.0,125.0,0.0,62.0,63.0,52.0,0.0,0.0,0.0,0.0,0.0,0.0,0.0,0.0,0.0,0.0,0.0,0.0,0.0,0.0,0.0,0.0,0.0,0.0,8.0,2.0,1.0
2943,24.654138500000002,0,8.3207,1.6996,1.6775,1.6796,0.1518,0.0029,0.006,0.0001,0.025,0.036,0.002,0.0006,0.0094,0.0002,0.0016,0.0015,0.0,0.0002,0.0088,0.001,0.0004,0.0023,0.0,0.0729,0.0168,0.0001,0.0098,0.0,125.0,0.0,62.0,63.0,52.0,0.0,0.0,0.0,0.0,0.0,0.0,0.0,0.0,0.0,0.0,0.0,0.0,0.0,0.0,0.0,0.0,0.0,0.0,8.0,2.0,1.0
2944,24.6624592,0,8.395,1.904,1.8258,1.5744,0.1829,0.0031,0.0057,0.0002,0.0403,0.0517,0.0021,0.0009,0.0108,0.0001,0.0015,0.0018,0.0001,0.0001,0.0085,0.0012,0.0004,0.0026,0.0,0.0928,0.0182,0.0,0.0082,0.0,125.0,0.0,62.0,63.0,52.0,0.0,0.0,0.0,0.0,0.0,0.0,0.0,0.0,0.0,0.0,0.0,0.0,0.0,0.0,0.0,0.0,0.0,0.0,8.0,2.0,1.0
2945,24.6708542,0,8.3154,1.749,1.6204,1.6517,0.1617,0.0025,0.0049,0.0002,0.0321,0.0423,0.0026,0.0008,0.0127,0.0002,0.0012,0.0023,0.0,0.0001,0.0082,0.0011,0.0004,0.0027,0.0001,0.0848,0.0175,0.0,0.0085,0.0,125.0,0.0,62.0,63.0,52.0,0.0,0.0,0.0,0.0,0.0,0.0,0.0,0.0,0.0,0.0,0.0,0.0,0.0,0.0,0.0,0.0,0.0,0.0,8.0,2.0,1.0
2946,24.6791696,0,8.3803,1.6984,1.7976,1.7798,0.1709,0.0038,0.0067,0.0002,0.0318,0.0453,0.0022,0.0007,0.0102,0.0001,0.0016,0.0017,0.0001,0.0001,0.0082,0.0012,0.0005,0.0033,0.0001,0.0858,0.0167,0.0001,0.0084,0.0,125.0,0.0,62.0,63.0,52.0,0.0,0.0,0.0,0.0,0.0,0.0,0.0,0.0,0.0,0.0,0.0,0.0,0.0,0.0,0.0,0.0,0.0,0.0,8.0,2.0,1.0
2947,24.6875499,0,8.1732,1.9683,1.696,1.6897,0.1489,0.0028,0.0063,0.0002,0.0242,0.0364,0.0018,0.0005,0.0063,0.0001,0.0014,0.002,0.0,0.0001,0.0081,0.0012,0.001,0.0023,0.0,0.0715,0.0165,0.0,0.0078,0.0,125.0,0.0,62.0,63.0,52.0,0.0,0.0,0.0,0.0,0.0,0.0,0.0,0.0,0.0,0.0,0.0,0.0,0.0,0.0,0.0,0.0,0.0,0.0,8.0,2.0,1.0
2948,24.695723100000002,0,8.5181,1.9539,1.7729,1.6936,0.1746,0.0032,0.0071,0.0003,0.034,0.0471,0.0027,0.0008,0.0111,0.0001,0.0016,0.002,0.0,0.0001,0.0082,0.0017,0.0004,0.0027,0.0,0.089,0.0171,0.0,0.0073,0.0,125.0,0.0,62.0,63.0,52.0,0.0,0.0,0.0,0.0,0.0,0.0,0.0,0.0,0.0,0.0,0.0,0.0,0.0,0.0,0.0,0.0,0.0,0.0,8.0,2.0,1.0
2949,24.704241200000002,0,8.1924,1.9597,1.7087,1.6403,0.1616,0.0039,0.0062,0.0003,0.0286,0.042,0.0019,0.0006,0.0097,0.0001,0.0012,0.002,0.0001,0.0001,0.0085,0.0015,0.0004,0.0022,0.0,0.0793,0.0203,0.0,0.0091,0.0,125.0,0.0,62.0,63.0,54.0,0.0,0.0,0.0,0.0,0.0,0.0,0.0,0.0,0.0,0.0,0.0,0.0,0.0,0.0,0.0,0.0,0.0,0.0,8.0,2.0,1.0
2950,24.7124336,0,8.3782,1.8789,1.7309,1.8289,0.1733,0.0028,0.0044,0.0002,0.0403,0.05,0.0023,0.0008,0.012,0.0001,0.0019,0.0014,0.0001,0.0001,0.009,0.0013,0.0004,0.0027,0.0,0.0942,0.0173,0.0001,0.0082,0.0,125.0,0.0,62.0,63.0,54.0,0.0,0.0,0.0,0.0,0.0,0.0,0.0,0.0,0.0,0.0,0.0,0.0,0.0,0.0,0.0,0.0,0.0,0.0,8.0,2.0,1.0
2951,24.7208118,0,8.3125,1.709,1.6111,1.6273,0.1661,0.0048,0.0062,0.0002,0.0276,0.0407,0.0027,0.0006,0.0102,0.0001,0.0014,0.0019,0.0,0.0001,0.0083,0.0017,0.0004,0.0026,0.0001,0.081,0.019,0.0001,0.0088,0.0,125.0,0.0,62.0,63.0,54.0,0.0,0.0,0.0,0.0,0.0,0.0,0.0,0.0,0.0,0.0,0.0,0.0,0.0,0.0,0.0,0.0,0.0,0.0,8.0,2.0,1.0
2952,24.7291243,0,8.4997,1.8469,1.8216,1.8039,0.1718,0.0028,0.0064,0.0002,0.0387,0.0504,0.0026,0.0008,0.0108,0.0002,0.0015,0.0014,0.0001,0.0001,0.0088,0.0013,0.0004,0.0027,0.0001,0.0915,0.0203,0.0001,0.0093,0.0,125.0,0.0,62.0,63.0,54.0,0.0,0.0,0.0,0.0,0.0,0.0,0.0,0.0,0.0,0.0,0.0,0.0,0.0,0.0,0.0,0.0,0.0,0.0,8.0,2.0,1.0
2953,24.737624,0,8.0913,1.964,1.7266,1.7449,0.1524,0.0024,0.005,0.0002,0.0291,0.0386,0.0019,0.0007,0.0087,0.0002,0.0021,0.0014,0.0,0.0001,0.0086,0.001,0.0004,0.0022,0.0,0.0746,0.0183,0.0,0.0072,0.0,125.0,0.0,62.0,63.0,54.0,0.0,0.0,0.0,0.0,0.0,0.0,0.0,0.0,0.0,0.0,0.0,0.0,0.0,0.0,0.0,0.0,0.0,0.0,8.0,2.0,1.0
2954,24.7457153,0,8.5373,1.8018,1.7965,1.7824,0.1821,0.0029,0.0066,0.0001,0.0377,0.0508,0.0024,0.0009,0.0119,0.0001,0.0014,0.0018,0.0001,0.0001,0.0091,0.0013,0.0005,0.0026,0.0,0.0935,0.0209,0.0001,0.0091,0.0,125.0,0.0,62.0,63.0,54.0,0.0,0.0,0.0,0.0,0.0,0.0,0.0,0.0,0.0,0.0,0.0,0.0,0.0,0.0,0.0,0.0,0.0,0.0,8.0,2.0,1.0
2955,24.7542526,0,8.1895,1.9093,1.685,1.6982,0.155,0.0027,0.0058,0.0002,0.0277,0.0391,0.0021,0.0007,0.0095,0.0001,0.002,0.0015,0.0001,0.0004,0.0089,0.0012,0.0004,0.0024,0.0,0.0775,0.0162,0.0001,0.0073,0.0,125.0,0.0,62.0,63.0,54.0,0.0,0.0,0.0,0.0,0.0,0.0,0.0,0.0,0.0,0.0,0.0,0.0,0.0,0.0,0.0,0.0,0.0,0.0,8.0,2.0,1.0
2956,24.7624421,0,8.4681,1.7055,1.6905,1.8201,0.1501,0.0031,0.006,0.0002,0.0268,0.0385,0.0017,0.0007,0.0069,0.0002,0.0013,0.0019,0.0002,0.0001,0.0081,0.0011,0.0009,0.0021,0.0001,0.0734,0.0154,0.0,0.0084,0.0,125.0,0.0,62.0,63.0,54.0,0.0,0.0,0.0,0.0,0.0,0.0,0.0,0.0,0.0,0.0,0.0,0.0,0.0,0.0,0.0,0.0,0.0,0.0,8.0,2.0,1.0
2957,24.770910200000003,0,8.2377,1.861,1.7194,1.744,0.1499,0.003,0.0062,0.0001,0.026,0.0373,0.0018,0.0006,0.0097,0.0001,0.0013,0.0018,0.0,0.0001,0.0081,0.0017,0.0004,0.0023,0.0001,0.0735,0.0167,0.0,0.007,0.0,125.0,0.0,62.0,63.0,54.0,0.0,0.0,0.0,0.0,0.0,0.0,0.0,0.0,0.0,0.0,0.0,0.0,0.0,0.0,0.0,0.0,0.0,0.0,8.0,2.0,1.0
2958,24.7791479,0,8.2814,1.8531,1.6905,1.5657,0.1397,0.0026,0.006,0.0002,0.0242,0.0349,0.0016,0.0007,0.0078,0.0001,0.0014,0.0017,0.0,0.0001,0.0076,0.0011,0.0008,0.0021,0.0,0.0689,0.0139,0.0,0.0074,0.0,125.0,0.0,62.0,63.0,54.0,0.0,0.0,0.0,0.0,0.0,0.0,0.0,0.0,0.0,0.0,0.0,0.0,0.0,0.0,0.0,0.0,0.0,0.0,8.0,2.0,1.0
2959,24.787429300000003,0,8.6047,1.9371,1.9235,1.6014,0.1593,0.0039,0.007,0.0001,0.028,0.0411,0.002,0.001,0.0099,0.0001,0.002,0.0013,0.0,0.0001,0.008,0.0013,0.0005,0.0023,0.0001,0.0791,0.0187,0.0,0.0096,0.0,125.0,0.0,62.0,63.0,54.0,0.0,0.0,0.0,0.0,0.0,0.0,0.0,0.0,0.0,0.0,0.0,0.0,0.0,0.0,0.0,0.0,0.0,0.0,8.0,2.0,1.0
2960,24.796034000000002,0,8.1914,2.0921,1.8103,1.6474,0.1781,0.0028,0.0082,0.0002,0.0338,0.0475,0.0023,0.0007,0.0112,0.0001,0.0015,0.0013,0.0001,0.0001,0.0091,0.0012,0.0009,0.0028,0.0,0.09,0.0178,0.0001,0.0095,0.0,125.0,0.0,62.0,63.0,54.0,0.0,0.0,0.0,0.0,0.0,0.0,0.0,0.0,0.0,0.0,0.0,0.0,0.0,0.0,0.0,0.0,0.0,0.0,8.0,2.0,1.0
2961,24.804225400000004,0,8.2155,1.7801,1.6849,1.6672,0.1765,0.0039,0.0054,0.0001,0.0299,0.0416,0.0025,0.0007,0.012,0.0001,0.0015,0.0024,0.0001,0.0001,0.0076,0.0016,0.0004,0.0032,0.0,0.0857,0.0202,0.0001,0.008,0.0,125.0,0.0,62.0,63.0,54.0,0.0,0.0,0.0,0.0,0.0,0.0,0.0,0.0,0.0,0.0,0.0,0.0,0.0,0.0,0.0,0.0,0.0,0.0,8.0,2.0,1.0
2962,24.812440900000002,0,8.3415,1.8446,1.6984,1.6046,0.1708,0.0026,0.0053,0.0001,0.0387,0.0489,0.0024,0.0006,0.0112,0.0001,0.0014,0.0013,0.0,0.0003,0.0081,0.0011,0.0004,0.0028,0.0001,0.0898,0.0174,0.0001,0.0088,0.0,125.0,0.0,62.0,63.0,56.0,0.0,0.0,0.0,0.0,0.0,0.0,0.0,0.0,0.0,0.0,0.0,0.0,0.0,0.0,0.0,0.0,0.0,0.0,8.0,2.0,1.0
2963,24.820782400000002,0,8.531,1.8462,1.8345,1.6667,0.1704,0.003,0.0051,0.0002,0.0316,0.0421,0.0025,0.001,0.012,0.0002,0.0014,0.0021,0.0001,0.0001,0.0084,0.0012,0.0004,0.0028,0.0001,0.0854,0.0212,0.0,0.0088,0.0,125.0,0.0,62.0,63.0,56.0,0.0,0.0,0.0,0.0,0.0,0.0,0.0,0.0,0.0,0.0,0.0,0.0,0.0,0.0,0.0,0.0,0.0,0.0,8.0,2.0,1.0
2964,24.829313400000004,0,8.226,2.0739,1.7591,1.5974,0.1815,0.0026,0.0049,0.0001,0.0454,0.0553,0.003,0.0008,0.0117,0.0002,0.0018,0.0014,0.0,0.0001,0.0079,0.0014,0.0005,0.003,0.0,0.0988,0.0205,0.0,0.0082,0.0,125.0,0.0,62.0,63.0,56.0,0.0,0.0,0.0,0.0,0.0,0.0,0.0,0.0,0.0,0.0,0.0,0.0,0.0,0.0,0.0,0.0,0.0,0.0,8.0,2.0,1.0
2965,24.837539400000004,0,8.2197,1.8296,1.7329,1.6326,0.1436,0.0025,0.0058,0.0001,0.0264,0.0373,0.0017,0.0006,0.0093,0.0001,0.0012,0.0012,0.0,0.0001,0.0074,0.0012,0.0009,0.0022,0.0,0.0721,0.0149,0.0001,0.0094,0.0,125.0,0.0,62.0,63.0,56.0,0.0,0.0,0.0,0.0,0.0,0.0,0.0,0.0,0.0,0.0,0.0,0.0,0.0,0.0,0.0,0.0,0.0,0.0,8.0,2.0,1.0
2966,24.845759100000006,0,8.3036,1.7456,1.6166,1.5848,0.1594,0.0025,0.0059,0.0001,0.0354,0.0465,0.0022,0.0007,0.0126,0.0001,0.0014,0.0019,0.0,0.0001,0.008,0.0018,0.0004,0.0027,0.0,0.0884,0.0165,0.0001,0.0077,0.0,125.0,0.0,62.0,63.0,56.0,0.0,0.0,0.0,0.0,0.0,0.0,0.0,0.0,0.0,0.0,0.0,0.0,0.0,0.0,0.0,0.0,0.0,0.0,8.0,2.0,1.0
2967,24.854062700000007,0,8.3894,1.8186,1.6419,1.6319,0.1552,0.0028,0.0045,0.0002,0.0322,0.0416,0.002,0.0006,0.0087,0.0002,0.0014,0.0015,0.0001,0.0001,0.0083,0.0011,0.0004,0.0024,0.0,0.0779,0.0195,0.0001,0.0084,0.0,125.0,0.0,62.0,63.0,56.0,0.0,0.0,0.0,0.0,0.0,0.0,0.0,0.0,0.0,0.0,0.0,0.0,0.0,0.0,0.0,0.0,0.0,0.0,8.0,2.0,1.0
2968,24.862452100000006,0,8.4508,1.7415,1.7884,1.6282,0.1708,0.0032,0.0068,0.0001,0.0362,0.0493,0.0025,0.0006,0.0099,0.0001,0.0015,0.0018,0.0,0.0001,0.0079,0.0011,0.001,0.0024,0.0001,0.087,0.0176,0.0001,0.0079,0.0,125.0,0.0,62.0,63.0,56.0,0.0,0.0,0.0,0.0,0.0,0.0,0.0,0.0,0.0,0.0,0.0,0.0,0.0,0.0,0.0,0.0,0.0,0.0,8.0,2.0,1.0
2969,24.870902900000004,0,8.2913,1.7468,1.7449,1.5761,0.161,0.0031,0.0081,0.0001,0.0206,0.0339,0.0021,0.0012,0.0098,0.0001,0.0021,0.0015,0.0001,0.0004,0.0083,0.0012,0.0005,0.0027,0.0,0.0736,0.0201,0.0,0.0074,0.0,125.0,0.0,62.0,63.0,56.0,0.0,0.0,0.0,0.0,0.0,0.0,0.0,0.0,0.0,0.0,0.0,0.0,0.0,0.0,0.0,0.0,0.0,0.0,8.0,2.0,1.0
2970,24.879194200000004,0,8.4731,1.8162,1.9457,1.5332,0.1832,0.0036,0.0049,0.0002,0.0466,0.0575,0.0024,0.0007,0.0102,0.0002,0.0015,0.0018,0.0001,0.0001,0.0082,0.0012,0.0008,0.0028,0.0,0.0979,0.0215,0.0,0.0095,0.0,125.0,0.0,62.0,63.0,56.0,0.0,0.0,0.0,0.0,0.0,0.0,0.0,0.0,0.0,0.0,0.0,0.0,0.0,0.0,0.0,0.0,0.0,0.0,8.0,2.0,1.0
2971,24.887667300000004,0,8.1139,1.7327,1.6886,1.8335,0.1701,0.0031,0.0057,0.0002,0.0351,0.0473,0.0022,0.0007,0.0103,0.0001,0.0016,0.0016,0.0001,0.0001,0.008,0.0013,0.0005,0.0028,0.0,0.0885,0.0187,0.0,0.0069,0.0,125.0,0.0,62.0,63.0,56.0,0.0,0.0,0.0,0.0,0.0,0.0,0.0,0.0,0.0,0.0,0.0,0.0,0.0,0.0,0.0,0.0,0.0,0.0,8.0,2.0,1.0
2972,24.895781200000005,0,8.5535,1.7741,1.8497,1.7384,0.1884,0.0029,0.0068,0.0002,0.0392,0.0515,0.0027,0.0008,0.0118,0.0001,0.0016,0.0022,0.0002,0.0002,0.0081,0.0016,0.0006,0.003,0.0,0.096,0.0193,0.0001,0.0088,0.0,125.0,0.0,62.0,63.0,56.0,0.0,0.0,0.0,0.0,0.0,0.0,0.0,0.0,0.0,0.0,0.0,0.0,0.0,0.0,0.0,0.0,0.0,0.0,8.0,2.0,1.0
2973,24.904334700000007,0,8.1492,1.8985,1.7228,1.7068,0.1536,0.0025,0.0058,0.0003,0.027,0.0377,0.002,0.0006,0.0098,0.0002,0.002,0.0016,0.0,0.0002,0.0081,0.0011,0.0005,0.0027,0.0,0.0759,0.0175,0.0001,0.0081,0.0,125.0,0.0,62.0,63.0,56.0,0.0,0.0,0.0,0.0,0.0,0.0,0.0,0.0,0.0,0.0,0.0,0.0,0.0,0.0,0.0,0.0,0.0,0.0,8.0,2.0,1.0
2974,24.912483900000005,0,8.278,1.851,1.7328,1.6161,0.179,0.0031,0.0054,0.0002,0.0449,0.0558,0.0025,0.0006,0.0098,0.0001,0.0014,0.0014,0.0,0.0001,0.0084,0.0013,0.0004,0.0027,0.0001,0.0966,0.0188,0.0001,0.01,0.0,125.0,0.0,62.0,63.0,56.0,0.0,0.0,0.0,0.0,0.0,0.0,0.0,0.0,0.0,0.0,0.0,0.0,0.0,0.0,0.0,0.0,0.0,0.0,8.0,2.0,1.0
2975,24.920761900000006,0,8.454,1.7583,1.6774,1.6342,0.1659,0.0043,0.0072,0.0003,0.0263,0.0404,0.0023,0.0008,0.0094,0.0002,0.0016,0.0018,0.0001,0.0001,0.0087,0.0017,0.0004,0.0033,0.0001,0.0808,0.0178,0.0001,0.0085,0.0,125.0,0.0,62.0,63.0,56.0,0.0,0.0,0.0,0.0,0.0,0.0,0.0,0.0,0.0,0.0,0.0,0.0,0.0,0.0,0.0,0.0,0.0,0.0,8.0,2.0,1.0
2976,24.929215900000006,0,8.3815,1.7385,1.8098,1.7385,0.1771,0.0028,0.0051,0.0004,0.0399,0.0504,0.0023,0.0007,0.0109,0.0001,0.0015,0.0014,0.0,0.0001,0.0082,0.0013,0.0005,0.0028,0.0001,0.0923,0.0206,0.0001,0.0079,0.0,125.0,0.0,62.0,63.0,56.0,0.0,0.0,0.0,0.0,0.0,0.0,0.0,0.0,0.0,0.0,0.0,0.0,0.0,0.0,0.0,0.0,0.0,0.0,8.0,2.0,1.0
2977,24.937597400000005,0,8.3618,1.6878,1.8795,1.7818,0.1869,0.003,0.0052,0.0002,0.0314,0.0425,0.003,0.0009,0.014,0.0001,0.0017,0.0021,0.0001,0.0001,0.0097,0.0014,0.0006,0.0029,0.0,0.0912,0.0205,0.0001,0.0087,0.0,125.0,0.0,62.0,63.0,56.0,0.0,0.0,0.0,0.0,0.0,0.0,0.0,0.0,0.0,0.0,0.0,0.0,0.0,0.0,0.0,0.0,0.0,0.0,8.0,2.0,1.0
2978,24.945959200000004,0,8.5903,1.8339,2.0459,1.7119,0.1954,0.0029,0.0064,0.0002,0.0383,0.0508,0.003,0.0009,0.0134,0.0002,0.0017,0.0021,0.0002,0.0001,0.0098,0.0014,0.0005,0.0031,0.0001,0.0997,0.0216,0.0001,0.0084,0.0,125.0,0.0,62.0,63.0,56.0,0.0,0.0,0.0,0.0,0.0,0.0,0.0,0.0,0.0,0.0,0.0,0.0,0.0,0.0,0.0,0.0,0.0,0.0,8.0,2.0,1.0
2979,24.954549500000006,0,8.3263,1.9593,2.0896,1.9975,0.1908,0.0032,0.0049,0.0002,0.0335,0.0444,0.0026,0.001,0.0136,0.0002,0.0023,0.0018,0.0001,0.0006,0.0094,0.0018,0.0006,0.0029,0.0,0.0925,0.0218,0.0001,0.0146,0.0,125.0,0.0,62.0,63.0,56.0,0.0,0.0,0.0,0.0,0.0,0.0,0.0,0.0,0.0,0.0,0.0,0.0,0.0,0.0,0.0,0.0,0.0,0.0,8.0,2.0,1.0
2980,24.962875800000006,0,8.3331,2.1472,2.1749,2.0808,0.2027,0.0043,0.0084,0.0002,0.0304,0.0462,0.0022,0.0011,0.0124,0.0001,0.0016,0.0021,0.0001,0.0001,0.0103,0.0015,0.0005,0.003,0.0,0.0937,0.0226,0.0001,0.0102,0.0,125.0,0.0,62.0,63.0,56.0,0.0,0.0,0.0,0.0,0.0,0.0,0.0,0.0,0.0,0.0,0.0,0.0,0.0,0.0,0.0,0.0,0.0,0.0,8.0,2.0,1.0
2981,24.971208900000008,0,7.9331,2.1067,1.818,1.8241,0.1653,0.0027,0.0054,0.0002,0.029,0.0402,0.0032,0.0008,0.0125,0.0002,0.0021,0.0016,0.0001,0.0001,0.0083,0.0012,0.0005,0.0031,0.0,0.0838,0.0187,0.0001,0.0087,0.0,125.0,0.0,62.0,63.0,56.0,0.0,0.0,0.0,0.0,0.0,0.0,0.0,0.0,0.0,0.0,0.0,0.0,0.0,0.0,0.0,0.0,0.0,0.0,8.0,2.0,1.0
2982,24.979142000000007,0,8.5092,1.9807,1.8053,1.6257,0.1568,0.0031,0.0059,0.0002,0.0342,0.0455,0.0025,0.0007,0.0092,0.0001,0.0018,0.0011,0.0,0.0001,0.0078,0.001,0.0004,0.0024,0.0001,0.0809,0.0162,0.0001,0.0104,0.0,125.0,0.0,62.0,63.0,56.0,0.0,0.0,0.0,0.0,0.0,0.0,0.0,0.0,0.0,0.0,0.0,0.0,0.0,0.0,0.0,0.0,0.0,0.0,8.0,2.0,1.0
2983,24.987651200000006,0,8.217,1.8378,1.8165,1.8842,0.1671,0.003,0.0052,0.0002,0.0282,0.0393,0.0022,0.0008,0.0113,0.0001,0.0016,0.0021,0.0002,0.0001,0.0084,0.0018,0.0005,0.0026,0.0,0.0819,0.0205,0.0001,0.0101,0.0,125.0,0.0,62.0,63.0,56.0,0.0,0.0,0.0,0.0,0.0,0.0,0.0,0.0,0.0,0.0,0.0,0.0,0.0,0.0,0.0,0.0,0.0,0.0,8.0,2.0,1.0
2984,24.995868200000004,0,8.3531,1.8776,1.73,1.6431,0.1763,0.003,0.0058,0.0002,0.0304,0.0419,0.002,0.0007,0.0103,0.0002,0.0017,0.0016,0.0001,0.0002,0.0082,0.0012,0.0004,0.0031,0.0,0.0879,0.0202,0.0001,0.0088,0.0,125.0,0.0,62.0,63.0,54.0,0.0,0.0,0.0,0.0,0.0,0.0,0.0,0.0,0.0,0.0,0.0,0.0,0.0,0.0,0.0,0.0,0.0,0.0,8.0,2.0,1.0
2985,25.004221300000005,0,8.3477,1.7806,1.7219,1.7608,0.1709,0.0029,0.0054,0.0002,0.0302,0.0409,0.0027,0.0006,0.0114,0.0002,0.0019,0.0016,0.0002,0.0001,0.0089,0.0012,0.0004,0.0027,0.0,0.0825,0.0196,0.0001,0.0078,0.0,125.0,0.0,62.0,63.0,54.0,0.0,0.0,0.0,0.0,0.0,0.0,0.0,0.0,0.0,0.0,0.0,0.0,0.0,0.0,0.0,0.0,0.0,0.0,8.0,2.0,1.0
2986,25.012569000000006,0,8.3111,1.8461,1.8535,1.7328,0.1757,0.0039,0.006,0.0002,0.0377,0.0504,0.0023,0.0009,0.0108,0.0001,0.0019,0.0016,0.0001,0.0001,0.0092,0.0017,0.0004,0.0028,0.0,0.0927,0.0191,0.0001,0.009,0.0,125.0,0.0,62.0,63.0,54.0,0.0,0.0,0.0,0.0,0.0,0.0,0.0,0.0,0.0,0.0,0.0,0.0,0.0,0.0,0.0,0.0,0.0,0.0,8.0,2.0,1.0
2987,25.020880100000007,0,8.2652,1.6704,1.7691,1.6701,0.1712,0.0037,0.0057,0.0002,0.028,0.0396,0.0029,0.001,0.0118,0.0001,0.0022,0.0016,0.0001,0.0001,0.0085,0.0012,0.0004,0.0026,0.0,0.0834,0.0193,0.0001,0.0077,0.0,125.0,0.0,62.0,63.0,54.0,0.0,0.0,0.0,0.0,0.0,0.0,0.0,0.0,0.0,0.0,0.0,0.0,0.0,0.0,0.0,0.0,0.0,0.0,8.0,2.0,1.0
2988,25.029145300000007,0,8.3935,1.7744,1.7287,1.7163,0.1747,0.0026,0.0069,0.0001,0.0358,0.0483,0.0028,0.0008,0.0124,0.0001,0.002,0.0016,0.0001,0.0001,0.0089,0.0012,0.0009,0.0027,0.0001,0.0927,0.0202,0.0001,0.0097,0.0,125.0,0.0,62.0,63.0,54.0,0.0,0.0,0.0,0.0,0.0,0.0,0.0,0.0,0.0,0.0,0.0,0.0,0.0,0.0,0.0,0.0,0.0,0.0,8.0,2.0,1.0
2989,25.037538800000007,0,8.3048,1.729,1.7763,1.7025,0.1622,0.003,0.0063,0.0004,0.0275,0.0395,0.0021,0.0007,0.0093,0.0001,0.0015,0.002,0.0001,0.0002,0.0084,0.0013,0.0005,0.0025,0.0,0.0792,0.0176,0.0001,0.009,0.0,125.0,0.0,62.0,63.0,54.0,0.0,0.0,0.0,0.0,0.0,0.0,0.0,0.0,0.0,0.0,0.0,0.0,0.0,0.0,0.0,0.0,0.0,0.0,8.0,2.0,1.0
2990,25.04584360000001,0,8.3334,2.0475,1.7215,1.6633,0.1743,0.0026,0.0061,0.0002,0.0381,0.0492,0.0024,0.0013,0.0129,0.0001,0.0015,0.0019,0.0,0.0001,0.0083,0.0014,0.0004,0.0028,0.0001,0.0925,0.0209,0.0,0.0169,0.0,125.0,0.0,62.0,63.0,54.0,0.0,0.0,0.0,0.0,0.0,0.0,0.0,0.0,0.0,0.0,0.0,0.0,0.0,0.0,0.0,0.0,0.0,0.0,8.0,2.0,1.0
2991,25.05417700000001,0,8.204,1.8453,1.638,1.576,0.1592,0.0036,0.0069,0.0002,0.0266,0.0392,0.0023,0.0008,0.0096,0.0002,0.0014,0.0016,0.0001,0.0001,0.0081,0.0017,0.0005,0.0026,0.0,0.078,0.0172,0.0001,0.0078,0.0,125.0,0.0,62.0,63.0,54.0,0.0,0.0,0.0,0.0,0.0,0.0,0.0,0.0,0.0,0.0,0.0,0.0,0.0,0.0,0.0,0.0,0.0,0.0,8.0,2.0,1.0
2992,25.06238100000001,0,8.4693,1.7711,1.7129,1.6845,0.179,0.0034,0.007,0.0004,0.0361,0.0493,0.0023,0.0008,0.0117,0.0001,0.0015,0.0021,0.0,0.0002,0.0085,0.0016,0.0005,0.0028,0.0,0.0914,0.0193,0.0001,0.0093,0.0,125.0,0.0,62.0,63.0,54.0,0.0,0.0,0.0,0.0,0.0,0.0,0.0,0.0,0.0,0.0,0.0,0.0,0.0,0.0,0.0,0.0,0.0,0.0,8.0,2.0,1.0
2993,25.07085030000001,0,8.3183,1.7559,1.7231,1.6427,0.1729,0.0031,0.0073,0.0004,0.029,0.042,0.0023,0.0007,0.0103,0.0001,0.0016,0.0019,0.0001,0.0001,0.0085,0.0016,0.0004,0.0032,0.0001,0.0832,0.0189,0.0,0.0079,0.0,125.0,0.0,62.0,63.0,54.0,0.0,0.0,0.0,0.0,0.0,0.0,0.0,0.0,0.0,0.0,0.0,0.0,0.0,0.0,0.0,0.0,0.0,0.0,8.0,2.0,1.0
2994,25.07916860000001,0,8.345,1.758,1.7606,1.6221,0.1607,0.0023,0.0048,0.0002,0.0375,0.0469,0.002,0.0006,0.0092,0.0002,0.0019,0.0013,0.0001,0.0001,0.008,0.0015,0.0004,0.0024,0.0001,0.0837,0.0186,0.0001,0.0089,0.0,125.0,0.0,62.0,63.0,54.0,0.0,0.0,0.0,0.0,0.0,0.0,0.0,0.0,0.0,0.0,0.0,0.0,0.0,0.0,0.0,0.0,0.0,0.0,8.0,2.0,1.0
2995,25.08751360000001,0,8.3552,1.687,1.6835,1.6498,0.167,0.0028,0.0046,0.0002,0.0302,0.0406,0.0028,0.0008,0.013,0.0005,0.0016,0.0021,0.0001,0.0001,0.0084,0.0017,0.0005,0.0028,0.0,0.0841,0.0197,0.0002,0.0078,0.0,125.0,0.0,62.0,63.0,54.0,0.0,0.0,0.0,0.0,0.0,0.0,0.0,0.0,0.0,0.0,0.0,0.0,0.0,0.0,0.0,0.0,0.0,0.0,8.0,2.0,1.0
2996,25.09586880000001,0,8.3279,1.8128,1.8317,1.7089,0.1754,0.0042,0.0063,0.0002,0.0344,0.0473,0.002,0.0008,0.0096,0.0002,0.0015,0.002,0.0,0.0001,0.0082,0.0013,0.0005,0.0026,0.0001,0.0877,0.0195,0.0002,0.0087,0.0,125.0,0.0,62.0,63.0,54.0,0.0,0.0,0.0,0.0,0.0,0.0,0.0,0.0,0.0,0.0,0.0,0.0,0.0,0.0,0.0,0.0,0.0,0.0,8.0,2.0,1.0
2997,25.10419670000001,0,8.3204,1.7611,1.7279,1.6101,0.169,0.003,0.006,0.0001,0.0277,0.0394,0.0019,0.0008,0.0105,0.0001,0.0015,0.0022,0.0001,0.0001,0.0082,0.0011,0.0005,0.0023,0.0,0.0798,0.0204,0.0001,0.0074,0.0,125.0,0.0,62.0,63.0,54.0,0.0,0.0,0.0,0.0,0.0,0.0,0.0,0.0,0.0,0.0,0.0,0.0,0.0,0.0,0.0,0.0,0.0,0.0,8.0,2.0,1.0
2998,25.11251710000001,0,8.3238,1.8394,1.743,1.6392,0.1644,0.0023,0.0052,0.0001,0.0382,0.0478,0.0023,0.0007,0.0115,0.0002,0.0013,0.0014,0.0001,0.0001,0.0084,0.0012,0.0004,0.0026,0.0001,0.0889,0.0173,0.0001,0.0088,0.0,125.0,0.0,62.0,63.0,54.0,0.0,0.0,0.0,0.0,0.0,0.0,0.0,0.0,0.0,0.0,0.0,0.0,0.0,0.0,0.0,0.0,0.0,0.0,8.0,2.0,1.0
2999,25.120840900000008,0,8.3548,1.7179,1.6439,1.6734,0.1507,0.0027,0.0046,0.0001,0.028,0.0373,0.0019,0.0006,0.0098,0.0001,0.0014,0.0014,0.0001,0.0001,0.0073,0.0015,0.0004,0.0023,0.0,0.0733,0.0165,0.0,0.0072,0.0,125.0,0.0,62.0,63.0,54.0,0.0,0.0,0.0,0.0,0.0,0.0,0.0,0.0,0.0,0.0,0.0,0.0,0.0,0.0,0.0,0.0,0.0,0.0,8.0,2.0,1.0
