capture_frame_index,elapsed_start_seconds,event_count,FrameTime_ms,RenderThreadTime_ms,GameThreadTime_ms,RHIThreadTime_ms,PhysicsVerbose/AllWorkers/StepSolver_ms,PhysicsVerbose/AllWorkers/StepSolver_Integrate_ms,PhysicsVerbose/AllWorkers/StepSolver_KinematicTargets_ms,PhysicsVerbose/AllWorkers/StepSolver_UpdateConstraintPositionBasedState_ms,PhysicsVerbose/AllWorkers/StepSolver_ComputeIntermediateSpatialAcceleration_ms,PhysicsVerbose/AllWorkers/StepSolver_IntegrateKinematicSpatial_ms,PhysicsVerbose/AllWorkers/DetectCollisions_BroadPhase_ms,PhysicsVerbose/AllWorkers/DetectCollisions_NarrowPhase_ms,PhysicsVerbose/AllWorkers/StepSolver_DetectCollisions_ms,PhysicsVerbose/AllWorkers/CCD_ms,PhysicsVerbose/AllWorkers/StepSolver_CreateConstraintGraph_ms,PhysicsVerbose/AllWorkers/StepSolver_CreateIslands_ms,PhysicsVerbose/AllWorkers/StepSolver_PruneCollisions_ms,PhysicsVerbose/AllWorkers/StepSolver_ReloadCacheTotalSerialized_ms,PhysicsVerbose/AllWorkers/StepSolver_BuildGroups_ms,PhysicsVerbose/AllWorkers/StepSolver_PerIslandSolve_ms,PhysicsVerbose/AllWorkers/StepSolver_CCDCorrection_ms,PhysicsVerbose/AllWorkers/StepSolver_SavePostSolve_ms,PhysicsVerbose/AllWorkers/StepSolver_DeactivateSleep_ms,PhysicsVerbose/AllWorkers/StepSolver_AdvanceOneTimeStepImpl_ms,PhysicsVerbose/AllWorkers/StepSolver_PullData_ms,PhysicsVerbose/AllWorkers/StepSolver_IslandEndTick_ms,PhysicsVerbose/GameThread/AcquireSceneWriteLock_ms,PhysicsCounters/NumDisabledBodies_native,PhysicsCounters/NumBodies_native,PhysicsCounters/NumDynamicBodies_native,PhysicsCounters/NumKinematicBodies_native,PhysicsCounters/NumStaticBodies_native,PhysicsCounters/NumMovingBodies_native,PhysicsCounters/NumGeometryCollectionBodies_native,PhysicsCounters/NumIslands_native,PhysicsCounters/NumIslandGroups_native,PhysicsCounters/NumContacts_native,PhysicsCounters/NumJoints_native,PhysicsCounters/NumCharacterGroundConstraints_native,PhysicsCounters/NumValidConstraints_native,PhysicsCounters/NumActiveConstraints_native,PhysicsCounters/NumRestoredConstraints_native,PhysicsCounters/NumManifoldPoints_native,PhysicsCounters/NumActiveManifoldPoints_native,PhysicsCounters/NumRestoredManifoldPoints_native,PhysicsCounters/NumUpdatedManifoldPoints_native,PhysicsCounters/NumStaticShapes_native,PhysicsCounters/NumKinematicShapes_native,PhysicsCounters/NumDynamicShapes_native,PhysicsCounters/NumBroadPhasePairs_native,PhysicsCounters/NumMidPhases_native,PhysicsCounters/NumPositionIterations_native,PhysicsCounters/NumVelocityIterations_native,PhysicsCounters/NumProjectionIterations_native
0,0.0,0,9.6928,333.1014,142.9513,20.1688,0.9196,0.0048,0.0048,0.0002,0.1702,0.1863,0.0073,0.0057,0.0509,0.0002,0.0081,0.0079,0.0023,0.0001,0.0126,0.005,0.0051,0.0001,0.0017,0.3211,0.0436,0.0,0.0009,0.0,65.0,0.0,2.0,63.0,0.0,0.0,0.0,0.0,0.0,0.0,0.0,0.0,0.0,0.0,0.0,0.0,0.0,0.0,0.0,0.0,0.0,0.0,0.0,8.0,2.0,1.0
1,0.0096928,0,4.6014,9.5674,4.1594,1.9481,0.2186,0.0051,0.0092,0.0003,0.085,0.1028,0.0065,0.0013,0.0177,0.0002,0.0019,0.0025,0.0003,0.0003,0.0148,0.0026,0.0009,0.0001,0.0028,0.1586,0.0182,0.0001,0.0016,0.0,65.0,0.0,2.0,63.0,1.0,0.0,0.0,0.0,0.0,0.0,0.0,0.0,0.0,0.0,0.0,0.0,0.0,0.0,0.0,0.0,0.0,0.0,0.0,8.0,2.0,1.0
2,0.0142942,0,7.9797,2.0984,1.6544,1.5611,0.1347,0.0048,0.0078,0.0004,0.0211,0.037,0.0026,0.001,0.0083,0.0002,0.0016,0.0022,0.0001,0.0001,0.0106,0.0013,0.0005,0.0,0.0012,0.0757,0.0208,0.0,0.0009,0.0,65.0,0.0,2.0,63.0,1.0,0.0,0.0,0.0,0.0,0.0,0.0,0.0,0.0,0.0,0.0,0.0,0.0,0.0,0.0,0.0,0.0,0.0,0.0,8.0,2.0,1.0
3,0.0222739,0,8.4514,2.3607,1.6033,1.6402,0.1261,0.0054,0.0044,0.0003,0.0247,0.0385,0.0026,0.0011,0.0099,0.0001,0.0024,0.0028,0.0002,0.0001,0.0088,0.0015,0.0005,0.0001,0.0009,0.0743,0.0153,0.0001,0.001,0.0,65.0,0.0,2.0,63.0,1.0,0.0,0.0,0.0,0.0,0.0,0.0,0.0,0.0,0.0,0.0,0.0,0.0,0.0,0.0,0.0,0.0,0.0,0.0,8.0,2.0,1.0
4,0.030725299999999997,0,8.1076,2.2667,1.595,1.5685,0.1225,0.0055,0.0043,0.0008,0.0186,0.0323,0.0017,0.001,0.0127,0.0002,0.0019,0.0019,0.0001,0.0002,0.0093,0.0013,0.001,0.0002,0.001,0.071,0.0153,0.0,0.0008,0.0,65.0,0.0,2.0,63.0,1.0,0.0,0.0,0.0,0.0,0.0,0.0,0.0,0.0,0.0,0.0,0.0,0.0,0.0,0.0,0.0,0.0,0.0,0.0,8.0,2.0,1.0
5,0.0388329,0,8.32,2.0606,1.3231,1.5192,0.1109,0.0047,0.004,0.0003,0.0217,0.0334,0.0021,0.001,0.0089,0.0001,0.0016,0.002,0.0001,0.0001,0.008,0.0014,0.0005,0.0001,0.0009,0.0648,0.0146,0.0,0.0008,0.0,65.0,0.0,2.0,63.0,1.0,0.0,0.0,0.0,0.0,0.0,0.0,0.0,0.0,0.0,0.0,0.0,0.0,0.0,0.0,0.0,0.0,0.0,0.0,8.0,2.0,1.0
6,0.0471529,0,8.5162,1.8011,1.7315,1.5006,0.2193,0.0063,0.0049,0.0007,0.041,0.0564,0.0051,0.0025,0.0282,0.0002,0.0035,0.0043,0.0005,0.0004,0.0201,0.003,0.0008,0.0004,0.0018,0.1324,0.0306,0.0001,0.0014,0.0,65.0,0.0,2.0,63.0,1.0,0.0,0.0,0.0,0.0,0.0,0.0,0.0,0.0,0.0,0.0,0.0,0.0,0.0,0.0,0.0,0.0,0.0,0.0,8.0,2.0,1.0
7,0.0556691,0,8.2839,1.9209,1.4544,1.421,0.1186,0.0028,0.0036,0.0003,0.0268,0.0359,0.0026,0.0009,0.0131,0.0003,0.0015,0.0024,0.0001,0.0001,0.0092,0.0013,0.0004,0.0001,0.0009,0.0744,0.0127,0.0,0.0007,0.0,65.0,0.0,2.0,63.0,1.0,0.0,0.0,0.0,0.0,0.0,0.0,0.0,0.0,0.0,0.0,0.0,0.0,0.0,0.0,0.0,0.0,0.0,0.0,8.0,2.0,1.0
8,0.063953,0,8.3094,1.9618,1.6029,1.304,0.1272,0.0034,0.0041,0.0002,0.0316,0.042,0.0029,0.001,0.0135,0.0002,0.0015,0.0023,0.0001,0.0002,0.0083,0.0017,0.0005,0.0001,0.0009,0.08,0.0137,0.0,0.0008,0.0,65.0,0.0,2.0,63.0,1.0,0.0,0.0,0.0,0.0,0.0,0.0,0.0,0.0,0.0,0.0,0.0,0.0,0.0,0.0,0.0,0.0,0.0,0.0,8.0,2.0,1.0
9,0.07226239999999999,0,8.2039,2.0458,1.4423,1.3647,0.1163,0.0031,0.004,0.0002,0.0128,0.0223,0.0022,0.0009,0.0086,0.0001,0.0019,0.0017,0.0001,0.0001,0.0088,0.0011,0.0005,0.0001,0.001,0.0532,0.0312,0.0001,0.001,0.0,65.0,0.0,2.0,63.0,1.0,0.0,0.0,0.0,0.0,0.0,0.0,0.0,0.0,0.0,0.0,0.0,0.0,0.0,0.0,0.0,0.0,0.0,0.0,8.0,2.0,1.0
10,0.08046629999999999,0,8.491,1.8343,1.6072,1.7558,0.1156,0.0038,0.0058,0.0002,0.019,0.0313,0.0021,0.0015,0.0097,0.0001,0.0014,0.0021,0.0002,0.0001,0.0094,0.0012,0.0005,0.0001,0.0009,0.0657,0.015,0.0,0.0013,0.0,65.0,0.0,2.0,63.0,1.0,0.0,0.0,0.0,0.0,0.0,0.0,0.0,0.0,0.0,0.0,0.0,0.0,0.0,0.0,0.0,0.0,0.0,0.0,8.0,2.0,1.0
11,0.08895729999999999,0,8.3274,1.9247,1.4179,1.2885,0.1029,0.0033,0.0047,0.0002,0.011,0.0213,0.0018,0.0007,0.0083,0.0002,0.0016,0.0023,0.0001,0.0001,0.0085,0.0019,0.0005,0.0002,0.0009,0.055,0.016,0.0,0.0013,0.0,65.0,0.0,2.0,63.0,1.0,0.0,0.0,0.0,0.0,0.0,0.0,0.0,0.0,0.0,0.0,0.0,0.0,0.0,0.0,0.0,0.0,0.0,0.0,8.0,2.0,1.0
12,0.09728469999999999,0,8.3501,2.2445,1.755,1.5243,0.1083,0.0033,0.0066,0.0003,0.0181,0.0305,0.0023,0.0008,0.0085,0.0002,0.002,0.0016,0.0001,0.0001,0.0084,0.0012,0.0005,0.0001,0.0014,0.0616,0.0131,0.0,0.001,0.0,65.0,0.0,2.0,63.0,1.0,0.0,0.0,0.0,0.0,0.0,0.0,0.0,0.0,0.0,0.0,0.0,0.0,0.0,0.0,0.0,0.0,0.0,0.0,8.0,2.0,1.0
13,0.10563479999999999,0,8.2021,1.9444,1.4134,1.6201,0.0983,0.004,0.0045,0.0001,0.014,0.0251,0.0019,0.001,0.0073,0.0001,0.0016,0.0019,0.0001,0.0001,0.0079,0.0011,0.0005,0.0001,0.0008,0.0552,0.0126,0.0,0.0009,0.0,65.0,0.0,2.0,63.0,1.0,0.0,0.0,0.0,0.0,0.0,0.0,0.0,0.0,0.0,0.0,0.0,0.0,0.0,0.0,0.0,0.0,0.0,0.0,8.0,2.0,1.0
14,0.11383689999999999,0,8.3573,2.0242,1.5631,1.6053,0.1123,0.0036,0.0067,0.0003,0.0173,0.0302,0.0022,0.001,0.0105,0.0002,0.0014,0.002,0.0001,0.0001,0.0096,0.0012,0.0005,0.0001,0.0015,0.0656,0.0123,0.0,0.0018,0.0,65.0,0.0,2.0,63.0,1.0,0.0,0.0,0.0,0.0,0.0,0.0,0.0,0.0,0.0,0.0,0.0,0.0,0.0,0.0,0.0,0.0,0.0,0.0,8.0,2.0,1.0
15,0.12219419999999999,0,8.3328,1.9871,1.3371,1.3233,0.1132,0.002,0.005,0.0002,0.0188,0.0285,0.0022,0.0009,0.0094,0.0003,0.0022,0.0018,0.0002,0.0002,0.01,0.0014,0.0009,0.0001,0.0008,0.0639,0.0152,0.0,0.001,0.0,65.0,0.0,2.0,63.0,1.0,0.0,0.0,0.0,0.0,0.0,0.0,0.0,0.0,0.0,0.0,0.0,0.0,0.0,0.0,0.0,0.0,0.0,0.0,8.0,2.0,1.0
16,0.130527,0,8.1041,1.9024,1.4794,1.2377,0.1111,0.002,0.0075,0.0002,0.0167,0.029,0.0017,0.0008,0.008,0.0001,0.0014,0.0022,0.0002,0.0001,0.0081,0.0017,0.0004,0.0,0.001,0.0597,0.0151,0.0001,0.0015,0.0,65.0,0.0,2.0,63.0,1.0,0.0,0.0,0.0,0.0,0.0,0.0,0.0,0.0,0.0,0.0,0.0,0.0,0.0,0.0,0.0,0.0,0.0,0.0,8.0,2.0,1.0
17,0.1386311,0,8.3074,1.8344,1.2193,1.6758,0.0962,0.0016,0.006,0.0002,0.0123,0.0226,0.0018,0.0007,0.0078,0.0007,0.0015,0.0022,0.0001,0.0001,0.008,0.0011,0.001,0.0001,0.0009,0.0533,0.0123,0.0,0.0011,0.0,65.0,0.0,2.0,63.0,1.0,0.0,0.0,0.0,0.0,0.0,0.0,0.0,0.0,0.0,0.0,0.0,0.0,0.0,0.0,0.0,0.0,0.0,0.0,8.0,2.0,1.0
18,0.1469385,0,8.1702,1.6715,1.1654,1.6081,0.0894,0.0012,0.006,0.0002,0.0156,0.0248,0.0022,0.0007,0.0075,0.0002,0.0015,0.0014,0.0,0.0,0.0076,0.0012,0.0004,0.0,0.0008,0.0525,0.0105,0.0001,0.0009,0.0,65.0,0.0,2.0,63.0,1.0,0.0,0.0,0.0,0.0,0.0,0.0,0.0,0.0,0.0,0.0,0.0,0.0,0.0,0.0,0.0,0.0,0.0,0.0,8.0,2.0,1.0
19,0.1551087,0,8.3169,1.5465,1.0326,1.0916,0.0846,0.0013,0.0046,0.0003,0.0093,0.018,0.0022,0.0008,0.0079,0.0001,0.0016,0.0016,0.0001,0.0001,0.008,0.0016,0.0004,0.0001,0.0007,0.0468,0.0105,0.0,0.0008,0.0,65.0,0.0,2.0,63.0,1.0,0.0,0.0,0.0,0.0,0.0,0.0,0.0,0.0,0.0,0.0,0.0,0.0,0.0,0.0,0.0,0.0,0.0,0.0,8.0,2.0,1.0
20,0.16342559999999998,0,8.385,1.6207,1.0444,1.2592,0.0894,0.0015,0.0067,0.0001,0.0146,0.0253,0.0016,0.0007,0.0069,0.0001,0.0012,0.0019,0.0001,0.0001,0.0076,0.0011,0.0005,0.0,0.0007,0.0522,0.011,0.0,0.001,0.0,65.0,0.0,2.0,63.0,1.0,0.0,0.0,0.0,0.0,0.0,0.0,0.0,0.0,0.0,0.0,0.0,0.0,0.0,0.0,0.0,0.0,0.0,0.0,8.0,2.0,1.0
21,0.17181059999999998,0,8.4323,1.6696,1.1489,1.1669,0.0934,0.0017,0.0051,0.0002,0.0092,0.0186,0.0017,0.001,0.0076,0.0001,0.0013,0.0018,0.0001,0.0001,0.0087,0.0018,0.0005,0.0,0.0011,0.0494,0.0121,0.0,0.0009,0.0,65.0,0.0,2.0,63.0,1.0,0.0,0.0,0.0,0.0,0.0,0.0,0.0,0.0,0.0,0.0,0.0,0.0,0.0,0.0,0.0,0.0,0.0,0.0,8.0,2.0,1.0
22,0.18024289999999998,0,8.3706,1.717,1.2064,1.6784,0.1044,0.0013,0.0081,0.0003,0.017,0.0297,0.0018,0.0009,0.0076,0.0001,0.002,0.0016,0.0001,0.0002,0.0084,0.0015,0.0005,0.0001,0.0008,0.0598,0.0137,0.0001,0.0008,0.0,65.0,0.0,2.0,63.0,1.0,0.0,0.0,0.0,0.0,0.0,0.0,0.0,0.0,0.0,0.0,0.0,0.0,0.0,0.0,0.0,0.0,0.0,0.0,8.0,2.0,1.0
23,0.1886135,0,8.3781,1.7689,1.2944,1.1495,0.1076,0.0022,0.0048,0.0002,0.0137,0.0232,0.0025,0.0011,0.0092,0.0002,0.0015,0.0019,0.0001,0.0001,0.0099,0.0018,0.0005,0.0001,0.0009,0.0583,0.0156,0.0,0.001,0.0,65.0,0.0,2.0,63.0,1.0,0.0,0.0,0.0,0.0,0.0,0.0,0.0,0.0,0.0,0.0,0.0,0.0,0.0,0.0,0.0,0.0,0.0,0.0,8.0,2.0,1.0
24,0.1969916,0,8.4029,1.742,1.3544,1.7291,0.1095,0.0021,0.0048,0.0003,0.0176,0.0273,0.0025,0.0012,0.0094,0.0002,0.0016,0.0023,0.0002,0.0001,0.0088,0.0012,0.0005,0.0001,0.001,0.0622,0.0137,0.0,0.0009,0.0,65.0,0.0,2.0,63.0,1.0,0.0,0.0,0.0,0.0,0.0,0.0,0.0,0.0,0.0,0.0,0.0,0.0,0.0,0.0,0.0,0.0,0.0,0.0,8.0,2.0,1.0
25,0.20539449999999998,0,8.3566,1.8854,1.3,1.4374,0.1059,0.0022,0.0066,0.0002,0.0118,0.0233,0.0025,0.001,0.0087,0.0002,0.0015,0.0024,0.0001,0.0001,0.0089,0.0017,0.0005,0.0001,0.0009,0.0569,0.015,0.0001,0.0009,0.0,65.0,0.0,2.0,63.0,1.0,0.0,0.0,0.0,0.0,0.0,0.0,0.0,0.0,0.0,0.0,0.0,0.0,0.0,0.0,0.0,0.0,0.0,0.0,8.0,2.0,1.0
26,0.21375109999999997,0,8.3149,1.8542,1.4093,1.365,0.1156,0.0018,0.0063,0.0003,0.0194,0.0308,0.0018,0.0012,0.0108,0.0002,0.0021,0.0017,0.0001,0.0001,0.0085,0.0012,0.0005,0.0001,0.001,0.0665,0.0135,0.0,0.0008,0.0,65.0,0.0,2.0,63.0,1.0,0.0,0.0,0.0,0.0,0.0,0.0,0.0,0.0,0.0,0.0,0.0,0.0,0.0,0.0,0.0,0.0,0.0,0.0,8.0,2.0,1.0
27,0.22206599999999999,0,8.3939,2.0779,1.3472,1.9947,0.1048,0.0023,0.0049,0.0003,0.0128,0.0235,0.0022,0.0011,0.0087,0.0001,0.0016,0.0022,0.0001,0.0002,0.0078,0.0012,0.001,0.0001,0.001,0.0556,0.0126,0.0,0.0009,0.0,65.0,0.0,2.0,63.0,1.0,0.0,0.0,0.0,0.0,0.0,0.0,0.0,0.0,0.0,0.0,0.0,0.0,0.0,0.0,0.0,0.0,0.0,0.0,8.0,2.0,1.0
28,0.2304599,0,8.4563,1.837,1.3814,1.4062,0.1319,0.0018,0.0054,0.0004,0.0208,0.0315,0.003,0.0013,0.0135,0.0003,0.0017,0.0025,0.0002,0.0002,0.0124,0.0022,0.0006,0.0002,0.0015,0.0764,0.017,0.0,0.0008,0.0,65.0,0.0,2.0,63.0,1.0,0.0,0.0,0.0,0.0,0.0,0.0,0.0,0.0,0.0,0.0,0.0,0.0,0.0,0.0,0.0,0.0,0.0,0.0,8.0,2.0,1.0
29,0.2389162,0,8.049,1.8114,1.5167,1.4743,0.103,0.0021,0.0052,0.0002,0.0125,0.0232,0.0026,0.0009,0.0089,0.0002,0.0014,0.0023,0.0001,0.0001,0.0084,0.0013,0.0006,0.0001,0.0009,0.0561,0.0131,0.0001,0.0009,0.0,65.0,0.0,2.0,63.0,1.0,0.0,0.0,0.0,0.0,0.0,0.0,0.0,0.0,0.0,0.0,0.0,0.0,0.0,0.0,0.0,0.0,0.0,0.0,8.0,2.0,1.0
30,0.2469652,0,8.4907,1.5941,1.1909,1.1329,0.1008,0.0013,0.007,0.0002,0.0165,0.0277,0.0018,0.0013,0.0099,0.0001,0.0017,0.0013,0.0001,0.0001,0.0079,0.0016,0.0005,0.0,0.0008,0.0586,0.0136,0.0001,0.0009,0.0,65.0,0.0,2.0,63.0,1.0,0.0,0.0,0.0,0.0,0.0,0.0,0.0,0.0,0.0,0.0,0.0,0.0,0.0,0.0,0.0,0.0,0.0,0.0,8.0,2.0,1.0
31,0.2554559,0,8.0889,1.82,1.3969,1.1312,0.0908,0.0015,0.0058,0.0002,0.0117,0.0221,0.0019,0.0007,0.0072,0.0001,0.0014,0.002,0.0001,0.0001,0.0082,0.0017,0.0004,0.0001,0.0007,0.0505,0.0127,0.0,0.001,0.0,65.0,0.0,2.0,63.0,1.0,0.0,0.0,0.0,0.0,0.0,0.0,0.0,0.0,0.0,0.0,0.0,0.0,0.0,0.0,0.0,0.0,0.0,0.0,8.0,2.0,1.0
32,0.2635448,0,8.3804,1.6934,1.2483,1.3666,0.1017,0.0014,0.0052,0.0003,0.0178,0.0268,0.0019,0.0013,0.0096,0.0002,0.0022,0.0018,0.0002,0.0001,0.0093,0.0012,0.0004,0.0,0.0008,0.0611,0.0115,0.0,0.0007,0.0,65.0,0.0,2.0,63.0,1.0,0.0,0.0,0.0,0.0,0.0,0.0,0.0,0.0,0.0,0.0,0.0,0.0,0.0,0.0,0.0,0.0,0.0,0.0,8.0,2.0,1.0
33,0.27192520000000003,0,8.4406,1.7493,1.252,1.1888,0.0906,0.0017,0.0042,0.0001,0.0114,0.0198,0.0019,0.0008,0.0081,0.0001,0.0015,0.0015,0.0,0.0001,0.0089,0.0012,0.001,0.0001,0.001,0.0512,0.0116,0.0,0.0009,0.0,65.0,0.0,2.0,63.0,1.0,0.0,0.0,0.0,0.0,0.0,0.0,0.0,0.0,0.0,0.0,0.0,0.0,0.0,0.0,0.0,0.0,0.0,0.0,8.0,2.0,1.0
34,0.28036580000000005,0,8.4142,1.6992,1.3863,1.2512,0.1086,0.0072,0.0059,0.0003,0.0219,0.0377,0.0018,0.0005,0.0094,0.0001,0.0013,0.0018,0.0001,0.0001,0.0075,0.0018,0.0004,0.0001,0.0009,0.0686,0.0118,0.0,0.001,0.0,65.0,0.0,2.0,63.0,1.0,0.0,0.0,0.0,0.0,0.0,0.0,0.0,0.0,0.0,0.0,0.0,0.0,0.0,0.0,0.0,0.0,0.0,0.0,8.0,2.0,1.0
35,0.28878000000000004,0,8.0822,1.6784,1.2026,1.2818,0.0921,0.0013,0.0046,0.0002,0.0123,0.0213,0.002,0.0007,0.0077,0.0002,0.0012,0.0019,0.0001,0.0002,0.0082,0.0017,0.0004,0.0001,0.0009,0.0501,0.0142,0.0,0.001,0.0,65.0,0.0,2.0,63.0,1.0,0.0,0.0,0.0,0.0,0.0,0.0,0.0,0.0,0.0,0.0,0.0,0.0,0.0,0.0,0.0,0.0,0.0,0.0,8.0,2.0,1.0
36,0.2968622,0,8.6563,1.6828,1.3608,1.4309,0.1017,0.0016,0.0047,0.0002,0.0163,0.0253,0.002,0.0008,0.0099,0.0001,0.002,0.0017,0.0001,0.0001,0.0081,0.0012,0.0004,0.0005,0.0009,0.0588,0.0131,0.0,0.001,0.0,65.0,0.0,2.0,63.0,1.0,0.0,0.0,0.0,0.0,0.0,0.0,0.0,0.0,0.0,0.0,0.0,0.0,0.0,0.0,0.0,0.0,0.0,0.0,8.0,2.0,1.0
37,0.3055185,0,8.159,1.8573,1.3611,1.3841,0.1117,0.0017,0.0049,0.0003,0.0136,0.0236,0.0027,0.0009,0.0094,0.0006,0.0015,0.0024,0.0001,0.0002,0.0093,0.0014,0.0005,0.0002,0.0016,0.061,0.0143,0.0001,0.0011,0.0,65.0,0.0,2.0,63.0,1.0,0.0,0.0,0.0,0.0,0.0,0.0,0.0,0.0,0.0,0.0,0.0,0.0,0.0,0.0,0.0,0.0,0.0,0.0,8.0,2.0,1.0
38,0.31367750000000005,0,8.4876,1.8286,1.4223,1.3607,0.1304,0.0037,0.0064,0.0003,0.0308,0.0448,0.0028,0.0009,0.0125,0.0001,0.0022,0.0016,0.0001,0.0001,0.0087,0.002,0.0005,0.0,0.001,0.0829,0.0131,0.0001,0.001,0.0,65.0,0.0,2.0,63.0,1.0,0.0,0.0,0.0,0.0,0.0,0.0,0.0,0.0,0.0,0.0,0.0,0.0,0.0,0.0,0.0,0.0,0.0,0.0,8.0,2.0,1.0
39,0.32216510000000004,0,8.3118,1.7874,1.2979,1.3501,0.0982,0.0017,0.0043,0.0003,0.0101,0.02,0.0018,0.001,0.0091,0.0001,0.0013,0.0023,0.0001,0.0002,0.0097,0.0013,0.0005,0.0001,0.001,0.0537,0.0127,0.0,0.0008,0.0,65.0,0.0,2.0,63.0,1.0,0.0,0.0,0.0,0.0,0.0,0.0,0.0,0.0,0.0,0.0,0.0,0.0,0.0,0.0,0.0,0.0,0.0,0.0,8.0,2.0,1.0
40,0.3304769,0,8.241,1.7984,1.4177,1.2744,0.0955,0.0014,0.0051,0.0003,0.0149,0.0237,0.0018,0.0008,0.0073,0.0001,0.0013,0.0022,0.0001,0.0001,0.0083,0.0017,0.0004,0.0001,0.0009,0.054,0.0115,0.0,0.0013,0.0,65.0,0.0,2.0,63.0,1.0,0.0,0.0,0.0,0.0,0.0,0.0,0.0,0.0,0.0,0.0,0.0,0.0,0.0,0.0,0.0,0.0,0.0,0.0,8.0,2.0,1.0
41,0.3387179,0,8.2671,1.7105,1.3299,1.2154,0.0972,0.0018,0.0057,0.0002,0.0098,0.0205,0.0018,0.0009,0.0076,0.0003,0.0015,0.0022,0.0001,0.0001,0.0082,0.0014,0.0005,0.0001,0.0009,0.0514,0.0131,0.0,0.0011,0.0,65.0,0.0,2.0,63.0,1.0,0.0,0.0,0.0,0.0,0.0,0.0,0.0,0.0,0.0,0.0,0.0,0.0,0.0,0.0,0.0,0.0,0.0,0.0,8.0,2.0,1.0
42,0.346985,0,8.18,1.8609,1.2131,1.2583,0.0944,0.0014,0.0061,0.0002,0.016,0.0256,0.0017,0.0005,0.0095,0.0001,0.0013,0.0019,0.0001,0.0001,0.0076,0.0015,0.0004,0.0,0.0008,0.0569,0.0115,0.0,0.0008,0.0,65.0,0.0,2.0,63.0,1.0,0.0,0.0,0.0,0.0,0.0,0.0,0.0,0.0,0.0,0.0,0.0,0.0,0.0,0.0,0.0,0.0,0.0,0.0,8.0,2.0,1.0
43,0.355165,0,8.3468,1.6738,1.0881,1.1349,0.0905,0.0022,0.0066,0.0002,0.0083,0.0196,0.0021,0.0007,0.0077,0.0001,0.0018,0.0016,0.0001,0.0001,0.0082,0.0013,0.0005,0.0001,0.0009,0.0496,0.0125,0.0,0.0009,0.0,65.0,0.0,2.0,63.0,1.0,0.0,0.0,0.0,0.0,0.0,0.0,0.0,0.0,0.0,0.0,0.0,0.0,0.0,0.0,0.0,0.0,0.0,0.0,8.0,2.0,1.0
44,0.3635118,0,8.1711,1.6314,1.0709,1.2777,0.0836,0.0018,0.0038,0.0001,0.0159,0.0232,0.0021,0.0006,0.0067,0.0002,0.0012,0.0017,0.0001,0.0001,0.0071,0.001,0.0004,0.0,0.0007,0.0489,0.0111,0.0,0.0009,0.0,65.0,0.0,2.0,63.0,1.0,0.0,0.0,0.0,0.0,0.0,0.0,0.0,0.0,0.0,0.0,0.0,0.0,0.0,0.0,0.0,0.0,0.0,0.0,8.0,2.0,1.0
45,0.3716829,0,8.3566,1.5878,0.935,1.094,0.0803,0.0011,0.0036,0.0002,0.0122,0.0192,0.0016,0.0006,0.0068,0.0002,0.0013,0.0013,0.0001,0.0005,0.0071,0.001,0.0003,0.0001,0.0007,0.046,0.0095,0.0001,0.0008,0.0,65.0,0.0,2.0,63.0,1.0,0.0,0.0,0.0,0.0,0.0,0.0,0.0,0.0,0.0,0.0,0.0,0.0,0.0,0.0,0.0,0.0,0.0,0.0,8.0,2.0,1.0
46,0.3800395,0,8.3774,1.5346,1.0328,1.0932,0.1056,0.0014,0.0075,0.0002,0.0182,0.0296,0.0027,0.0008,0.0084,0.0001,0.0014,0.0016,0.0001,0.0002,0.009,0.0014,0.0006,0.0,0.001,0.0621,0.0157,0.0,0.001,0.0,65.0,0.0,2.0,63.0,1.0,0.0,0.0,0.0,0.0,0.0,0.0,0.0,0.0,0.0,0.0,0.0,0.0,0.0,0.0,0.0,0.0,0.0,0.0,8.0,2.0,1.0
47,0.38841689999999995,0,8.2806,1.5168,0.9898,1.0691,0.077,0.0014,0.0041,0.0001,0.0095,0.0168,0.0017,0.0005,0.0067,0.0002,0.0012,0.0019,0.0,0.0001,0.0074,0.0011,0.0004,0.0001,0.0012,0.0435,0.0091,0.0,0.0008,0.0,65.0,0.0,2.0,63.0,1.0,0.0,0.0,0.0,0.0,0.0,0.0,0.0,0.0,0.0,0.0,0.0,0.0,0.0,0.0,0.0,0.0,0.0,0.0,8.0,2.0,1.0
48,0.3966974999999999,0,8.4177,1.6584,0.9671,1.2573,0.0842,0.0015,0.0037,0.0001,0.0154,0.0225,0.002,0.0007,0.0072,0.0001,0.0011,0.0016,0.0001,0.0001,0.0069,0.0011,0.0005,0.0,0.0012,0.0488,0.0092,0.0,0.0009,0.0,65.0,0.0,2.0,63.0,1.0,0.0,0.0,0.0,0.0,0.0,0.0,0.0,0.0,0.0,0.0,0.0,0.0,0.0,0.0,0.0,0.0,0.0,0.0,8.0,2.0,1.0
49,0.4051151999999999,0,8.2558,1.656,1.1546,1.1999,0.0883,0.0033,0.0042,0.0001,0.0139,0.0233,0.002,0.0007,0.0074,0.0002,0.0012,0.0014,0.0,0.0001,0.0075,0.0011,0.0004,0.0001,0.0008,0.0511,0.0121,0.0001,0.0007,0.0,65.0,0.0,2.0,63.0,1.0,0.0,0.0,0.0,0.0,0.0,0.0,0.0,0.0,0.0,0.0,0.0,0.0,0.0,0.0,0.0,0.0,0.0,0.0,8.0,2.0,1.0
50,0.4133709999999999,0,8.3396,1.6125,0.9729,1.0656,0.0863,0.0012,0.0045,0.0001,0.0146,0.0229,0.0018,0.0008,0.0065,0.0006,0.0012,0.0013,0.0001,0.0004,0.0065,0.0018,0.0005,0.0002,0.0008,0.05,0.0116,0.0,0.001,0.0,65.0,0.0,2.0,63.0,1.0,0.0,0.0,0.0,0.0,0.0,0.0,0.0,0.0,0.0,0.0,0.0,0.0,0.0,0.0,0.0,0.0,0.0,0.0,8.0,2.0,1.0
51,0.4217105999999999,0,8.4205,1.4882,1.0299,1.8552,0.1159,0.0013,0.006,0.0001,0.0149,0.0241,0.0021,0.0008,0.0076,0.0002,0.0016,0.0013,0.0001,0.0001,0.0064,0.001,0.0004,0.0001,0.0008,0.0509,0.0104,0.0001,0.0009,0.0,65.0,0.0,2.0,63.0,1.0,0.0,0.0,0.0,0.0,0.0,0.0,0.0,0.0,0.0,0.0,0.0,0.0,0.0,0.0,0.0,0.0,0.0,0.0,8.0,2.0,1.0
52,0.4301310999999999,0,8.3255,1.6342,1.0881,1.1684,0.0912,0.0016,0.0056,0.0002,0.0141,0.0233,0.0016,0.0007,0.007,0.0002,0.0018,0.0016,0.0001,0.0001,0.0076,0.0017,0.0004,0.0001,0.0009,0.0518,0.0119,0.0001,0.0009,0.0,65.0,0.0,2.0,63.0,1.0,0.0,0.0,0.0,0.0,0.0,0.0,0.0,0.0,0.0,0.0,0.0,0.0,0.0,0.0,0.0,0.0,0.0,0.0,8.0,2.0,1.0
53,0.43845659999999986,0,8.3373,1.6168,1.0097,1.0833,0.0814,0.0011,0.0055,0.0002,0.01,0.0187,0.0015,0.0006,0.0062,0.0001,0.002,0.0015,0.0001,0.0006,0.0069,0.0015,0.0004,0.0,0.0007,0.0453,0.0106,0.0,0.0009,0.0,65.0,0.0,2.0,63.0,1.0,0.0,0.0,0.0,0.0,0.0,0.0,0.0,0.0,0.0,0.0,0.0,0.0,0.0,0.0,0.0,0.0,0.0,0.0,8.0,2.0,1.0
54,0.44679389999999986,0,8.2465,1.6615,1.0448,1.1415,0.0873,0.0025,0.003,0.0002,0.0178,0.0256,0.0015,0.0007,0.0069,0.0002,0.0016,0.0012,0.0001,0.0001,0.0073,0.0015,0.0005,0.0,0.0006,0.0521,0.011,0.0001,0.0009,0.0,65.0,0.0,2.0,63.0,1.0,0.0,0.0,0.0,0.0,0.0,0.0,0.0,0.0,0.0,0.0,0.0,0.0,0.0,0.0,0.0,0.0,0.0,0.0,8.0,2.0,1.0
55,0.45504039999999985,0,8.3793,1.581,1.0289,1.0617,0.0858,0.0013,0.0048,0.0002,0.0102,0.0186,0.0019,0.0007,0.0069,0.0004,0.0014,0.0013,0.0001,0.0001,0.0069,0.0012,0.0004,0.0,0.0008,0.0458,0.0131,0.0,0.0009,0.0,65.0,0.0,2.0,63.0,1.0,0.0,0.0,0.0,0.0,0.0,0.0,0.0,0.0,0.0,0.0,0.0,0.0,0.0,0.0,0.0,0.0,0.0,0.0,8.0,2.0,1.0
56,0.4634196999999998,0,8.3254,1.5768,0.9982,1.1838,0.0825,0.0011,0.0052,0.0001,0.0125,0.0214,0.0016,0.0005,0.0063,0.0001,0.001,0.0013,0.0001,0.0001,0.0067,0.0012,0.0004,0.0,0.0007,0.0465,0.0113,0.0,0.0008,0.0,65.0,0.0,2.0,63.0,1.0,0.0,0.0,0.0,0.0,0.0,0.0,0.0,0.0,0.0,0.0,0.0,0.0,0.0,0.0,0.0,0.0,0.0,0.0,8.0,2.0,1.0
57,0.4717450999999998,0,8.2973,1.5252,0.9913,1.076,0.0798,0.0012,0.0062,0.0002,0.0099,0.0197,0.0015,0.0006,0.0069,0.0005,0.0009,0.0013,0.0,0.0006,0.007,0.0013,0.0004,0.0001,0.0008,0.0463,0.0111,0.0001,0.001,0.0,65.0,0.0,2.0,63.0,1.0,0.0,0.0,0.0,0.0,0.0,0.0,0.0,0.0,0.0,0.0,0.0,0.0,0.0,0.0,0.0,0.0,0.0,0.0,8.0,2.0,1.0
58,0.4800423999999998,0,8.5548,1.5482,1.1301,1.1714,0.0894,0.0016,0.0045,0.0002,0.0149,0.0232,0.0019,0.0009,0.008,0.0002,0.0012,0.0013,0.0001,0.0001,0.0071,0.0012,0.0004,0.0001,0.0008,0.0514,0.0119,0.0,0.001,0.0,65.0,0.0,2.0,63.0,1.0,0.0,0.0,0.0,0.0,0.0,0.0,0.0,0.0,0.0,0.0,0.0,0.0,0.0,0.0,0.0,0.0,0.0,0.0,8.0,2.0,1.0
59,0.4885971999999998,0,8.1137,1.5688,1.064,1.185,0.0772,0.0016,0.0043,0.0002,0.0093,0.0172,0.0017,0.0013,0.0072,0.0001,0.0011,0.0012,0.0,0.0001,0.0072,0.001,0.0004,0.0,0.0007,0.0438,0.0099,0.0,0.0008,0.0,65.0,0.0,2.0,63.0,1.0,0.0,0.0,0.0,0.0,0.0,0.0,0.0,0.0,0.0,0.0,0.0,0.0,0.0,0.0,0.0,0.0,0.0,0.0,8.0,2.0,1.0
60,0.4967108999999998,0,8.6539,1.6169,1.1806,1.0739,0.1021,0.0017,0.0047,0.0002,0.0222,0.0316,0.0019,0.0009,0.0071,0.0001,0.0014,0.0018,0.0001,0.0001,0.0076,0.0013,0.0004,0.0001,0.0008,0.0611,0.0128,0.0,0.001,0.0,65.0,0.0,2.0,63.0,1.0,0.0,0.0,0.0,0.0,0.0,0.0,0.0,0.0,0.0,0.0,0.0,0.0,0.0,0.0,0.0,0.0,0.0,0.0,8.0,2.0,1.0
61,0.5053647999999998,0,8.0457,1.497,1.0658,1.1538,0.0826,0.0013,0.0062,0.0001,0.0095,0.019,0.0018,0.0008,0.0067,0.0001,0.0012,0.0017,0.0,0.0001,0.0079,0.0011,0.001,0.0001,0.0006,0.0463,0.0119,0.0,0.0009,0.0,65.0,0.0,2.0,63.0,1.0,0.0,0.0,0.0,0.0,0.0,0.0,0.0,0.0,0.0,0.0,0.0,0.0,0.0,0.0,0.0,0.0,0.0,0.0,8.0,2.0,1.0
62,0.5134104999999999,0,8.4595,1.5108,1.0148,1.019,0.0885,0.0011,0.0062,0.0002,0.0134,0.0232,0.002,0.0006,0.0074,0.0002,0.0012,0.0012,0.0001,0.0002,0.0068,0.0012,0.0005,0.0001,0.0008,0.0506,0.0121,0.0001,0.001,0.0,65.0,0.0,2.0,63.0,1.0,0.0,0.0,0.0,0.0,0.0,0.0,0.0,0.0,0.0,0.0,0.0,0.0,0.0,0.0,0.0,0.0,0.0,0.0,8.0,2.0,1.0
63,0.5218699999999998,0,8.2437,1.5489,1.1246,1.0314,0.081,0.0011,0.0053,0.0002,0.0099,0.0185,0.0016,0.0006,0.0069,0.0001,0.0016,0.0013,0.0001,0.0001,0.0074,0.0015,0.0005,0.0,0.0006,0.0454,0.0107,0.0,0.0008,0.0,65.0,0.0,2.0,63.0,1.0,0.0,0.0,0.0,0.0,0.0,0.0,0.0,0.0,0.0,0.0,0.0,0.0,0.0,0.0,0.0,0.0,0.0,0.0,8.0,2.0,1.0
64,0.5301136999999998,0,8.3845,1.6208,1.1459,1.4136,0.0915,0.0014,0.0046,0.0001,0.0138,0.0223,0.0018,0.0008,0.0084,0.0002,0.0013,0.0021,0.0001,0.0001,0.0074,0.0011,0.0009,0.0,0.0008,0.0525,0.0113,0.0,0.0008,0.0,65.0,0.0,2.0,63.0,1.0,0.0,0.0,0.0,0.0,0.0,0.0,0.0,0.0,0.0,0.0,0.0,0.0,0.0,0.0,0.0,0.0,0.0,0.0,8.0,2.0,1.0
65,0.5384981999999998,0,8.2978,1.6275,1.0429,1.2252,0.0797,0.001,0.0033,0.0002,0.01,0.0171,0.0016,0.0006,0.0068,0.0001,0.0016,0.0012,0.0001,0.0001,0.0076,0.0015,0.0004,0.0,0.0007,0.0437,0.0123,0.0001,0.0009,0.0,65.0,0.0,2.0,63.0,1.0,0.0,0.0,0.0,0.0,0.0,0.0,0.0,0.0,0.0,0.0,0.0,0.0,0.0,0.0,0.0,0.0,0.0,0.0,8.0,2.0,1.0
66,0.5467959999999998,0,8.247,1.4991,1.0131,1.0711,0.0834,0.0014,0.0053,0.0002,0.0142,0.0228,0.002,0.0006,0.0071,0.0001,0.0011,0.0017,0.0001,0.0,0.0072,0.0011,0.0004,0.0001,0.0008,0.0489,0.0096,0.0,0.0007,0.0,65.0,0.0,2.0,63.0,1.0,0.0,0.0,0.0,0.0,0.0,0.0,0.0,0.0,0.0,0.0,0.0,0.0,0.0,0.0,0.0,0.0,0.0,0.0,8.0,2.0,1.0
67,0.5550429999999998,0,8.3204,1.5396,0.9717,1.0825,0.0823,0.0014,0.0059,0.0002,0.0069,0.0164,0.0015,0.0007,0.0068,0.0002,0.0011,0.0018,0.0,0.0002,0.008,0.0017,0.0005,0.0001,0.0008,0.0456,0.0128,0.0001,0.0007,0.0,65.0,0.0,2.0,63.0,1.0,0.0,0.0,0.0,0.0,0.0,0.0,0.0,0.0,0.0,0.0,0.0,0.0,0.0,0.0,0.0,0.0,0.0,0.0,8.0,2.0,1.0
68,0.5633633999999998,0,8.3851,1.6156,0.9869,1.1707,0.0869,0.001,0.0056,0.0001,0.016,0.0248,0.002,0.0006,0.0078,0.0002,0.0014,0.0015,0.0001,0.0001,0.0065,0.0011,0.0004,0.0001,0.0007,0.0512,0.0106,0.0001,0.0009,0.0,65.0,0.0,2.0,63.0,1.0,0.0,0.0,0.0,0.0,0.0,0.0,0.0,0.0,0.0,0.0,0.0,0.0,0.0,0.0,0.0,0.0,0.0,0.0,8.0,2.0,1.0
69,0.5717484999999999,0,8.3598,1.624,1.0532,1.12,0.0844,0.0015,0.0053,0.0001,0.01,0.019,0.0021,0.0008,0.0075,0.0002,0.0018,0.0012,0.0,0.0001,0.0076,0.0017,0.0005,0.0001,0.0009,0.0475,0.0115,0.0,0.0013,0.0,65.0,0.0,2.0,63.0,1.0,0.0,0.0,0.0,0.0,0.0,0.0,0.0,0.0,0.0,0.0,0.0,0.0,0.0,0.0,0.0,0.0,0.0,0.0,8.0,2.0,1.0
70,0.5801082999999999,0,8.422,1.5089,0.97,1.1005,0.0856,0.0012,0.0042,0.0002,0.0132,0.0208,0.0016,0.0007,0.0074,0.0002,0.0012,0.0014,0.0001,0.0001,0.007,0.0012,0.0004,0.0,0.0009,0.0482,0.0124,0.0001,0.0008,0.0,65.0,0.0,2.0,63.0,1.0,0.0,0.0,0.0,0.0,0.0,0.0,0.0,0.0,0.0,0.0,0.0,0.0,0.0,0.0,0.0,0.0,0.0,0.0,8.0,2.0,1.0
71,0.5885303,0,8.256,1.599,1.1849,1.1489,0.0773,0.0013,0.0039,0.0002,0.0086,0.016,0.0017,0.0007,0.0072,0.0001,0.001,0.0013,0.0,0.0001,0.0073,0.0011,0.0004,0.0001,0.0012,0.0431,0.01,0.0,0.0006,0.0,65.0,0.0,2.0,63.0,1.0,0.0,0.0,0.0,0.0,0.0,0.0,0.0,0.0,0.0,0.0,0.0,0.0,0.0,0.0,0.0,0.0,0.0,0.0,8.0,2.0,1.0
72,0.5967863,0,8.4235,1.7127,0.989,1.2166,0.082,0.0017,0.004,0.0001,0.016,0.0241,0.0017,0.0007,0.0068,0.0001,0.0012,0.0017,0.0001,0.0001,0.007,0.001,0.0004,0.0,0.0009,0.0493,0.01,0.0,0.0008,0.0,65.0,0.0,2.0,63.0,1.0,0.0,0.0,0.0,0.0,0.0,0.0,0.0,0.0,0.0,0.0,0.0,0.0,0.0,0.0,0.0,0.0,0.0,0.0,8.0,2.0,1.0
73,0.6052098,0,8.2482,1.5783,1.1849,1.1334,0.0866,0.002,0.0064,0.0003,0.0082,0.0196,0.002,0.0007,0.0078,0.0001,0.0018,0.0015,0.0,0.0002,0.0075,0.0014,0.0005,0.0001,0.0009,0.0486,0.012,0.0001,0.001,0.0,65.0,0.0,2.0,63.0,1.0,0.0,0.0,0.0,0.0,0.0,0.0,0.0,0.0,0.0,0.0,0.0,0.0,0.0,0.0,0.0,0.0,0.0,0.0,8.0,2.0,1.0
74,0.6134580000000001,0,8.349,1.5613,1.1138,1.1331,0.0831,0.0016,0.0039,0.0,0.016,0.0231,0.002,0.0006,0.0068,0.0001,0.0012,0.0018,0.0001,0.0001,0.0069,0.0011,0.0004,0.0,0.001,0.0486,0.0114,0.0,0.001,0.0,65.0,0.0,2.0,63.0,1.0,0.0,0.0,0.0,0.0,0.0,0.0,0.0,0.0,0.0,0.0,0.0,0.0,0.0,0.0,0.0,0.0,0.0,0.0,8.0,2.0,1.0
75,0.6218070000000001,0,8.3069,1.4793,1.0047,1.2397,0.0876,0.0015,0.0065,0.0002,0.0095,0.0201,0.0019,0.0013,0.0077,0.0002,0.0014,0.0018,0.0,0.0001,0.0074,0.0012,0.0005,0.0001,0.0007,0.0493,0.0117,0.0001,0.001,0.0,65.0,0.0,2.0,63.0,1.0,0.0,0.0,0.0,0.0,0.0,0.0,0.0,0.0,0.0,0.0,0.0,0.0,0.0,0.0,0.0,0.0,0.0,0.0,8.0,2.0,1.0
76,0.6301139000000001,0,8.3478,1.4969,1.0288,1.1073,0.0904,0.0016,0.0063,0.0002,0.013,0.0235,0.0023,0.0006,0.0076,0.0001,0.0015,0.0015,0.0,0.0001,0.0074,0.0016,0.0004,0.0001,0.0008,0.052,0.0119,0.0,0.0015,0.0,65.0,0.0,2.0,63.0,1.0,0.0,0.0,0.0,0.0,0.0,0.0,0.0,0.0,0.0,0.0,0.0,0.0,0.0,0.0,0.0,0.0,0.0,0.0,8.0,2.0,1.0
77,0.6384617000000001,0,8.2478,1.5343,1.0338,1.1065,0.0767,0.001,0.0054,0.0002,0.0083,0.0167,0.0017,0.0007,0.0068,0.0001,0.0011,0.0017,0.0001,0.0001,0.007,0.0011,0.0005,0.0001,0.0013,0.043,0.0089,0.0,0.001,0.0,65.0,0.0,2.0,63.0,1.0,0.0,0.0,0.0,0.0,0.0,0.0,0.0,0.0,0.0,0.0,0.0,0.0,0.0,0.0,0.0,0.0,0.0,0.0,8.0,2.0,1.0
78,0.6467095000000002,0,8.3371,1.4288,0.9792,1.1179,0.0981,0.003,0.005,0.0002,0.0201,0.0302,0.0019,0.0008,0.0069,0.0001,0.0013,0.0021,0.0,0.0001,0.0073,0.0012,0.0004,0.0,0.0012,0.0591,0.0129,0.0001,0.001,0.0,65.0,0.0,2.0,63.0,1.0,0.0,0.0,0.0,0.0,0.0,0.0,0.0,0.0,0.0,0.0,0.0,0.0,0.0,0.0,0.0,0.0,0.0,0.0,8.0,2.0,1.0
79,0.6550466000000001,0,8.3629,1.5526,0.9963,1.0517,0.087,0.0014,0.0048,0.0005,0.0093,0.018,0.0019,0.0012,0.0084,0.0001,0.0013,0.002,0.0001,0.0001,0.0077,0.0013,0.0009,0.0001,0.0008,0.0484,0.0113,0.0001,0.0011,0.0,65.0,0.0,2.0,63.0,1.0,0.0,0.0,0.0,0.0,0.0,0.0,0.0,0.0,0.0,0.0,0.0,0.0,0.0,0.0,0.0,0.0,0.0,0.0,8.0,2.0,1.0
80,0.6634095000000001,0,8.3432,1.5514,1.0114,1.1302,0.0923,0.0012,0.0057,0.0001,0.0174,0.027,0.0015,0.0006,0.0082,0.0001,0.0012,0.0015,0.0001,0.0001,0.0072,0.0011,0.001,0.0001,0.0008,0.055,0.0118,0.0001,0.0011,0.0,65.0,0.0,2.0,63.0,1.0,0.0,0.0,0.0,0.0,0.0,0.0,0.0,0.0,0.0,0.0,0.0,0.0,0.0,0.0,0.0,0.0,0.0,0.0,8.0,2.0,1.0
81,0.6717527000000001,0,8.291,1.5178,0.9903,1.1141,0.0748,0.0013,0.0038,0.0001,0.0073,0.0143,0.0016,0.0006,0.0061,0.0002,0.0011,0.0013,0.0,0.0001,0.0064,0.0016,0.0005,0.0001,0.0007,0.0399,0.0109,0.0,0.001,0.0,65.0,0.0,2.0,63.0,1.0,0.0,0.0,0.0,0.0,0.0,0.0,0.0,0.0,0.0,0.0,0.0,0.0,0.0,0.0,0.0,0.0,0.0,0.0,8.0,2.0,1.0
82,0.6800437000000001,0,8.4173,1.5611,0.997,1.0469,0.0911,0.0012,0.0057,0.0002,0.0161,0.0249,0.0024,0.0007,0.0093,0.0001,0.0012,0.0018,0.0,0.0001,0.0077,0.0011,0.0004,0.0001,0.0009,0.0558,0.0122,0.0,0.0008,0.0,65.0,0.0,2.0,63.0,1.0,0.0,0.0,0.0,0.0,0.0,0.0,0.0,0.0,0.0,0.0,0.0,0.0,0.0,0.0,0.0,0.0,0.0,0.0,8.0,2.0,1.0
83,0.6884610000000001,0,8.2699,1.5605,1.055,1.2264,0.0878,0.0013,0.0066,0.0002,0.0114,0.0216,0.002,0.0007,0.0079,0.0002,0.0013,0.0018,0.0,0.0001,0.0072,0.0012,0.0005,0.0,0.0009,0.0503,0.012,0.0001,0.0009,0.0,65.0,0.0,2.0,63.0,1.0,0.0,0.0,0.0,0.0,0.0,0.0,0.0,0.0,0.0,0.0,0.0,0.0,0.0,0.0,0.0,0.0,0.0,0.0,8.0,2.0,1.0
84,0.6967309000000002,0,8.4109,1.6763,1.052,1.2285,0.1035,0.003,0.0036,0.0003,0.0243,0.0332,0.0018,0.0013,0.0098,0.0001,0.0019,0.0015,0.0001,0.0001,0.0071,0.0018,0.0004,0.0,0.0009,0.0649,0.0112,0.0,0.0014,0.0,65.0,0.0,2.0,63.0,1.0,0.0,0.0,0.0,0.0,0.0,0.0,0.0,0.0,0.0,0.0,0.0,0.0,0.0,0.0,0.0,0.0,0.0,0.0,8.0,2.0,1.0
85,0.7051418000000002,0,8.2637,1.62,1.0545,1.2911,0.0805,0.0014,0.004,0.0002,0.0086,0.0161,0.0016,0.0007,0.0068,0.0002,0.0012,0.0013,0.0001,0.0003,0.0067,0.0017,0.0004,0.0001,0.0008,0.0436,0.0112,0.0001,0.001,0.0,65.0,0.0,2.0,63.0,1.0,0.0,0.0,0.0,0.0,0.0,0.0,0.0,0.0,0.0,0.0,0.0,0.0,0.0,0.0,0.0,0.0,0.0,0.0,8.0,2.0,1.0
86,0.7134055000000001,0,8.3799,1.5034,0.9871,1.1135,0.088,0.0012,0.0052,0.0001,0.0149,0.0231,0.0016,0.0006,0.0065,0.0002,0.0012,0.002,0.0001,0.0001,0.0063,0.0012,0.0004,0.0001,0.0008,0.0499,0.0139,0.0,0.0008,0.0,65.0,0.0,2.0,63.0,1.0,0.0,0.0,0.0,0.0,0.0,0.0,0.0,0.0,0.0,0.0,0.0,0.0,0.0,0.0,0.0,0.0,0.0,0.0,8.0,2.0,1.0
87,0.7217854000000001,0,8.3113,1.5289,1.0485,1.2825,0.0833,0.0013,0.0064,0.0001,0.0083,0.0183,0.0018,0.0006,0.0066,0.0001,0.0013,0.0021,0.0001,0.0001,0.0072,0.0013,0.0005,0.0001,0.0009,0.047,0.0105,0.0001,0.0011,0.0,65.0,0.0,2.0,63.0,1.0,0.0,0.0,0.0,0.0,0.0,0.0,0.0,0.0,0.0,0.0,0.0,0.0,0.0,0.0,0.0,0.0,0.0,0.0,8.0,2.0,1.0
88,0.7300967000000002,0,8.4303,1.599,1.1261,1.2213,0.0914,0.0014,0.0049,0.0001,0.0147,0.0232,0.0021,0.0006,0.0077,0.0002,0.0012,0.0021,0.0001,0.0001,0.0068,0.0013,0.001,0.0,0.0008,0.0522,0.0129,0.0,0.0009,0.0,65.0,0.0,2.0,63.0,1.0,0.0,0.0,0.0,0.0,0.0,0.0,0.0,0.0,0.0,0.0,0.0,0.0,0.0,0.0,0.0,0.0,0.0,0.0,8.0,2.0,1.0
89,0.7385270000000002,0,8.1396,1.6009,0.976,1.1766,0.0758,0.0012,0.0049,0.0001,0.0084,0.0174,0.0014,0.0007,0.0061,0.0001,0.0011,0.0013,0.0006,0.0001,0.0073,0.001,0.0004,0.0,0.0007,0.0427,0.0102,0.0,0.0003,0.0,65.0,0.0,2.0,63.0,1.0,0.0,0.0,0.0,0.0,0.0,0.0,0.0,0.0,0.0,0.0,0.0,0.0,0.0,0.0,0.0,0.0,0.0,0.0,8.0,2.0,1.0
90,0.7466666000000002,0,8.4014,1.5608,0.9415,1.102,0.0808,0.0012,0.0053,0.0,0.0132,0.0215,0.0015,0.0007,0.007,0.0001,0.0016,0.0013,0.0001,0.0001,0.0072,0.0015,0.0004,0.0,0.0007,0.0479,0.0092,0.0001,0.0007,0.0,65.0,0.0,2.0,63.0,1.0,0.0,0.0,0.0,0.0,0.0,0.0,0.0,0.0,0.0,0.0,0.0,0.0,0.0,0.0,0.0,0.0,0.0,0.0,8.0,2.0,1.0
91,0.7550680000000002,0,8.4725,1.6994,1.1333,1.207,0.0801,0.0014,0.006,0.0001,0.0096,0.0194,0.0016,0.0007,0.0065,0.0001,0.0016,0.0014,0.0001,0.0001,0.0081,0.0013,0.0005,0.0,0.0007,0.0467,0.0092,0.0,0.0009,0.0,65.0,0.0,2.0,63.0,1.0,0.0,0.0,0.0,0.0,0.0,0.0,0.0,0.0,0.0,0.0,0.0,0.0,0.0,0.0,0.0,0.0,0.0,0.0,8.0,2.0,1.0
92,0.7635405000000002,0,8.1769,1.5871,1.0068,1.092,0.0843,0.001,0.0051,0.0001,0.0156,0.024,0.0019,0.0005,0.0067,0.0001,0.0017,0.0014,0.0,0.0001,0.0073,0.001,0.0009,0.0,0.0008,0.0509,0.01,0.0001,0.0006,0.0,65.0,0.0,2.0,63.0,1.0,0.0,0.0,0.0,0.0,0.0,0.0,0.0,0.0,0.0,0.0,0.0,0.0,0.0,0.0,0.0,0.0,0.0,0.0,8.0,2.0,1.0
93,0.7717174000000002,0,8.54,1.6621,1.087,1.2204,0.0803,0.0012,0.0058,0.0002,0.0099,0.0192,0.0016,0.0007,0.0068,0.0002,0.0015,0.0014,0.0,0.0001,0.0073,0.0016,0.0004,0.0,0.0008,0.0458,0.0099,0.0001,0.0008,0.0,65.0,0.0,2.0,63.0,1.0,0.0,0.0,0.0,0.0,0.0,0.0,0.0,0.0,0.0,0.0,0.0,0.0,0.0,0.0,0.0,0.0,0.0,0.0,8.0,2.0,1.0
94,0.7802574000000002,0,8.2229,1.5323,1.095,1.1998,0.0898,0.001,0.0074,0.0001,0.0158,0.0262,0.0016,0.0007,0.0079,0.0006,0.0011,0.0013,0.0001,0.0006,0.0065,0.0016,0.0005,0.0,0.0008,0.0533,0.0135,0.0,0.0009,0.0,65.0,0.0,2.0,63.0,1.0,0.0,0.0,0.0,0.0,0.0,0.0,0.0,0.0,0.0,0.0,0.0,0.0,0.0,0.0,0.0,0.0,0.0,0.0,8.0,2.0,1.0
95,0.7884803000000002,0,8.3713,1.5466,1.0153,1.1113,0.0782,0.0009,0.0048,0.0002,0.0124,0.0211,0.0016,0.0006,0.0057,0.0002,0.001,0.0013,0.0,0.0001,0.0063,0.0016,0.0004,0.0001,0.0008,0.0452,0.0101,0.0,0.0009,0.0,65.0,0.0,2.0,63.0,1.0,0.0,0.0,0.0,0.0,0.0,0.0,0.0,0.0,0.0,0.0,0.0,0.0,0.0,0.0,0.0,0.0,0.0,0.0,8.0,2.0,1.0
96,0.7968516000000002,0,8.3386,1.6121,1.2781,1.3473,0.1011,0.0034,0.0042,0.0002,0.0187,0.0292,0.0017,0.0012,0.0081,0.0001,0.0012,0.0018,0.0001,0.0001,0.0075,0.0011,0.0004,0.0005,0.0008,0.0585,0.0133,0.0001,0.0008,0.0,65.0,0.0,2.0,63.0,1.0,0.0,0.0,0.0,0.0,0.0,0.0,0.0,0.0,0.0,0.0,0.0,0.0,0.0,0.0,0.0,0.0,0.0,0.0,8.0,2.0,1.0
97,0.8051902000000002,0,8.282,1.6064,1.1452,1.7629,0.0872,0.0018,0.0045,0.0002,0.0088,0.0171,0.0019,0.0007,0.0077,0.0002,0.0013,0.0017,0.0001,0.0001,0.0077,0.0012,0.0009,0.0,0.0008,0.0464,0.0131,0.0,0.001,0.0,65.0,0.0,2.0,63.0,1.0,0.0,0.0,0.0,0.0,0.0,0.0,0.0,0.0,0.0,0.0,0.0,0.0,0.0,0.0,0.0,0.0,0.0,0.0,8.0,2.0,1.0
98,0.8134722000000002,0,8.4002,1.5611,0.9912,1.1279,0.084,0.001,0.0055,0.0002,0.0159,0.0242,0.0016,0.0006,0.0066,0.0002,0.0012,0.0014,0.0001,0.0001,0.0068,0.001,0.0004,0.0,0.001,0.0493,0.0133,0.0,0.0009,0.0,65.0,0.0,2.0,63.0,1.0,0.0,0.0,0.0,0.0,0.0,0.0,0.0,0.0,0.0,0.0,0.0,0.0,0.0,0.0,0.0,0.0,0.0,0.0,8.0,2.0,1.0
99,0.8218724000000002,0,8.307,1.6209,1.2371,1.0422,0.0945,0.0012,0.0056,0.0002,0.0122,0.0213,0.0023,0.0009,0.0083,0.0002,0.0012,0.0015,0.0001,0.0006,0.0084,0.0012,0.0004,0.0,0.0008,0.0526,0.0149,0.0,0.0007,0.0,65.0,0.0,2.0,63.0,1.0,0.0,0.0,0.0,0.0,0.0,0.0,0.0,0.0,0.0,0.0,0.0,0.0,0.0,0.0,0.0,0.0,0.0,0.0,8.0,2.0,1.0
100,0.8301794000000001,0,8.3945,1.724,1.0539,1.2835,0.0958,0.0019,0.0046,0.0002,0.0167,0.0262,0.002,0.0007,0.0073,0.0002,0.0016,0.0015,0.0001,0.0001,0.0075,0.0018,0.0004,0.0001,0.0008,0.0551,0.0137,0.0001,0.001,0.0,65.0,0.0,2.0,63.0,1.0,0.0,0.0,0.0,0.0,0.0,0.0,0.0,0.0,0.0,0.0,0.0,0.0,0.0,0.0,0.0,0.0,0.0,0.0,8.0,2.0,1.0
101,0.8385739000000001,0,8.1772,1.4976,1.1555,1.0763,0.0829,0.001,0.0059,0.0002,0.0107,0.0202,0.0016,0.001,0.0071,0.0002,0.0013,0.0019,0.0001,0.0001,0.0077,0.001,0.0005,0.0001,0.0013,0.0481,0.0103,0.0,0.0008,0.0,65.0,0.0,2.0,63.0,1.0,0.0,0.0,0.0,0.0,0.0,0.0,0.0,0.0,0.0,0.0,0.0,0.0,0.0,0.0,0.0,0.0,0.0,0.0,8.0,2.0,1.0
102,0.8467511000000001,0,8.3807,1.5541,1.0118,1.0701,0.0881,0.0016,0.0045,0.0002,0.0144,0.0224,0.0021,0.0007,0.0075,0.0002,0.0013,0.0013,0.0001,0.0001,0.0069,0.0012,0.0005,0.0001,0.0008,0.0499,0.0117,0.0001,0.0007,0.0,65.0,0.0,2.0,63.0,1.0,0.0,0.0,0.0,0.0,0.0,0.0,0.0,0.0,0.0,0.0,0.0,0.0,0.0,0.0,0.0,0.0,0.0,0.0,8.0,2.0,1.0
103,0.8551318000000001,0,8.4208,1.575,1.1586,1.0742,0.0919,0.0014,0.0066,0.0003,0.0117,0.0216,0.002,0.0007,0.0078,0.0002,0.0013,0.0015,0.0,0.0001,0.0075,0.0012,0.0004,0.0001,0.0011,0.0519,0.0123,0.0,0.0009,0.0,65.0,0.0,2.0,63.0,1.0,0.0,0.0,0.0,0.0,0.0,0.0,0.0,0.0,0.0,0.0,0.0,0.0,0.0,0.0,0.0,0.0,0.0,0.0,8.0,2.0,1.0
104,0.8635526000000001,0,8.1937,1.5773,1.027,1.2498,0.085,0.0014,0.0051,0.0002,0.0145,0.023,0.002,0.0006,0.0067,0.0002,0.0011,0.0019,0.0001,0.0001,0.007,0.0011,0.0005,0.0,0.0007,0.0486,0.0106,0.0,0.0008,0.0,65.0,0.0,2.0,63.0,1.0,0.0,0.0,0.0,0.0,0.0,0.0,0.0,0.0,0.0,0.0,0.0,0.0,0.0,0.0,0.0,0.0,0.0,0.0,8.0,2.0,1.0
105,0.8717463000000001,0,8.3602,1.4784,0.9894,1.0053,0.077,0.0011,0.0059,0.0002,0.0101,0.0194,0.0017,0.0006,0.0067,0.0001,0.001,0.0015,0.0,0.0001,0.0065,0.0011,0.0005,0.0,0.0007,0.0445,0.0094,0.0,0.001,0.0,65.0,0.0,2.0,63.0,1.0,0.0,0.0,0.0,0.0,0.0,0.0,0.0,0.0,0.0,0.0,0.0,0.0,0.0,0.0,0.0,0.0,0.0,0.0,8.0,2.0,1.0
106,0.8801065000000001,0,8.3047,1.6002,1.065,1.18,0.0898,0.0012,0.0044,0.0002,0.0158,0.0236,0.0018,0.0008,0.0072,0.0001,0.0011,0.0017,0.0001,0.0001,0.0069,0.0012,0.0005,0.0001,0.001,0.0514,0.0126,0.0,0.001,0.0,65.0,0.0,2.0,63.0,1.0,0.0,0.0,0.0,0.0,0.0,0.0,0.0,0.0,0.0,0.0,0.0,0.0,0.0,0.0,0.0,0.0,0.0,0.0,8.0,2.0,1.0
107,0.8884112000000002,0,8.2888,1.5864,0.9814,1.5259,0.0776,0.0012,0.0054,0.0002,0.0073,0.0162,0.0016,0.0007,0.0063,0.0002,0.0013,0.0014,0.0,0.0002,0.0072,0.0012,0.0004,0.0001,0.0012,0.0425,0.0097,0.0,0.0007,0.0,65.0,0.0,2.0,63.0,1.0,0.0,0.0,0.0,0.0,0.0,0.0,0.0,0.0,0.0,0.0,0.0,0.0,0.0,0.0,0.0,0.0,0.0,0.0,8.0,2.0,1.0
108,0.8967000000000002,0,8.3832,1.7865,0.9728,1.1251,0.0974,0.0013,0.0046,0.0002,0.0195,0.028,0.0019,0.0009,0.009,0.0001,0.0017,0.0014,0.0001,0.0001,0.0074,0.0013,0.0004,0.0001,0.0009,0.0586,0.0121,0.0,0.0009,0.0,65.0,0.0,2.0,63.0,1.0,0.0,0.0,0.0,0.0,0.0,0.0,0.0,0.0,0.0,0.0,0.0,0.0,0.0,0.0,0.0,0.0,0.0,0.0,8.0,2.0,1.0
109,0.9050832000000002,0,8.3134,1.5856,1.0011,1.1982,0.0867,0.0014,0.0065,0.0002,0.0079,0.0179,0.0019,0.0012,0.0075,0.0002,0.0015,0.0018,0.0,0.0002,0.0072,0.0013,0.0004,0.0,0.0011,0.0474,0.0121,0.0,0.0011,0.0,65.0,0.0,2.0,63.0,1.0,0.0,0.0,0.0,0.0,0.0,0.0,0.0,0.0,0.0,0.0,0.0,0.0,0.0,0.0,0.0,0.0,0.0,0.0,8.0,2.0,1.0
110,0.9133966000000002,0,8.4222,1.5062,1.0242,1.7002,0.0928,0.0012,0.0065,0.0002,0.0166,0.0267,0.0018,0.0007,0.0076,0.0001,0.0014,0.0012,0.0,0.0004,0.0066,0.0016,0.0004,0.0,0.0008,0.0547,0.0113,0.0,0.0011,0.0,65.0,0.0,2.0,63.0,1.0,0.0,0.0,0.0,0.0,0.0,0.0,0.0,0.0,0.0,0.0,0.0,0.0,0.0,0.0,0.0,0.0,0.0,0.0,8.0,2.0,1.0
111,0.9218188000000003,0,8.4367,1.6241,1.1486,1.295,0.0915,0.0017,0.0061,0.0003,0.0118,0.0223,0.0019,0.0009,0.0085,0.0001,0.0017,0.0023,0.0,0.0001,0.0079,0.0016,0.0005,0.0002,0.0006,0.0543,0.0126,0.0,0.001,0.0,65.0,0.0,2.0,63.0,0.0,0.0,0.0,0.0,0.0,0.0,0.0,0.0,0.0,0.0,0.0,0.0,0.0,0.0,0.0,0.0,0.0,0.0,0.0,8.0,2.0,1.0
112,0.9302555000000002,0,8.2506,1.7282,1.1823,1.4207,0.0988,0.0039,0.0016,0.0003,0.0116,0.0206,0.0019,0.0008,0.0086,0.0002,0.0019,0.0019,0.0001,0.0001,0.0093,0.0014,0.0011,0.0001,0.0007,0.0528,0.0207,0.0,0.0009,0.0,65.0,0.0,2.0,63.0,0.0,0.0,0.0,0.0,0.0,0.0,0.0,0.0,0.0,0.0,0.0,0.0,0.0,0.0,0.0,0.0,0.0,0.0,0.0,8.0,2.0,1.0
113,0.9385061000000002,0,8.2907,1.731,1.0766,1.2987,0.0829,0.004,0.0017,0.0003,0.0072,0.016,0.0018,0.0007,0.0082,0.0002,0.0015,0.0022,0.0001,0.0002,0.0084,0.0019,0.0005,0.0001,0.0007,0.0476,0.0091,0.0001,0.0008,0.0,65.0,0.0,2.0,63.0,0.0,0.0,0.0,0.0,0.0,0.0,0.0,0.0,0.0,0.0,0.0,0.0,0.0,0.0,0.0,0.0,0.0,0.0,0.0,8.0,2.0,1.0
114,0.9467968000000002,0,8.4374,1.7843,1.1146,1.2722,0.0839,0.0036,0.0019,0.0003,0.0123,0.0205,0.0018,0.0009,0.008,0.0002,0.0017,0.0022,0.0001,0.0002,0.0077,0.0013,0.0005,0.0001,0.0005,0.0505,0.0091,0.0,0.0013,0.0,65.0,0.0,2.0,63.0,0.0,0.0,0.0,0.0,0.0,0.0,0.0,0.0,0.0,0.0,0.0,0.0,0.0,0.0,0.0,0.0,0.0,0.0,0.0,8.0,2.0,1.0
115,0.9552342000000003,0,8.0973,1.699,1.1449,1.2737,0.0696,0.0013,0.0023,0.0002,0.0066,0.0125,0.0021,0.0005,0.0075,0.0002,0.0019,0.0016,0.0,0.0002,0.008,0.0015,0.0004,0.0,0.0004,0.0408,0.0058,0.0,0.0005,0.0,65.0,0.0,2.0,63.0,0.0,0.0,0.0,0.0,0.0,0.0,0.0,0.0,0.0,0.0,0.0,0.0,0.0,0.0,0.0,0.0,0.0,0.0,0.0,8.0,2.0,1.0
116,0.9633315000000002,0,8.3261,1.771,0.9365,1.2221,0.0718,0.0038,0.0015,0.0003,0.011,0.0188,0.0016,0.0008,0.0061,0.0001,0.0014,0.0019,0.0,0.0001,0.0073,0.0012,0.0005,0.0001,0.0009,0.0435,0.0085,0.0,0.0008,0.0,65.0,0.0,2.0,63.0,0.0,0.0,0.0,0.0,0.0,0.0,0.0,0.0,0.0,0.0,0.0,0.0,0.0,0.0,0.0,0.0,0.0,0.0,0.0,8.0,2.0,1.0
117,0.9716576000000002,0,8.4064,1.6826,0.9339,1.1743,0.0647,0.0032,0.0013,0.0002,0.0035,0.0132,0.0015,0.0005,0.0066,0.0001,0.0017,0.0014,0.0001,0.0006,0.0066,0.0016,0.0005,0.0001,0.0005,0.0382,0.0066,0.0,0.0008,0.0,65.0,0.0,2.0,63.0,0.0,0.0,0.0,0.0,0.0,0.0,0.0,0.0,0.0,0.0,0.0,0.0,0.0,0.0,0.0,0.0,0.0,0.0,0.0,8.0,2.0,1.0
118,0.9800640000000003,0,8.3521,1.5783,1.0112,1.1993,0.077,0.0028,0.002,0.0002,0.0121,0.0199,0.0018,0.0008,0.0073,0.0001,0.0014,0.0017,0.0001,0.0001,0.0076,0.0013,0.0005,0.0001,0.0006,0.0474,0.0088,0.0,0.0008,0.0,65.0,0.0,2.0,63.0,0.0,0.0,0.0,0.0,0.0,0.0,0.0,0.0,0.0,0.0,0.0,0.0,0.0,0.0,0.0,0.0,0.0,0.0,0.0,8.0,2.0,1.0
119,0.9884161000000002,0,8.2503,1.6192,0.9606,1.1544,0.0602,0.0017,0.0013,0.0003,0.0059,0.0109,0.0013,0.0007,0.0057,0.0001,0.0012,0.0013,0.0001,0.0003,0.007,0.0013,0.0006,0.0001,0.0004,0.0349,0.0046,0.0001,0.0008,0.0,65.0,0.0,2.0,63.0,0.0,0.0,0.0,0.0,0.0,0.0,0.0,0.0,0.0,0.0,0.0,0.0,0.0,0.0,0.0,0.0,0.0,0.0,0.0,8.0,2.0,1.0
120,0.9966664000000003,0,8.7456,1.4856,1.102,1.1231,0.0736,0.0013,0.0045,0.0001,0.0109,0.0189,0.0019,0.0007,0.0072,0.0001,0.0014,0.002,0.0,0.0001,0.0075,0.0013,0.0009,0.0001,0.0006,0.0453,0.0074,0.0,0.0009,0.0,65.0,0.0,2.0,63.0,0.0,0.0,0.0,0.0,0.0,0.0,0.0,0.0,0.0,0.0,0.0,0.0,0.0,0.0,0.0,0.0,0.0,0.0,0.0,8.0,2.0,1.0
121,1.0054120000000002,0,7.9316,1.6075,1.1827,1.1976,0.066,0.003,0.0013,0.0002,0.005,0.012,0.0018,0.0007,0.0067,0.0001,0.0015,0.0021,0.0001,0.0001,0.0075,0.0013,0.0005,0.0,0.0005,0.0384,0.0081,0.0,0.0009,0.0,65.0,0.0,2.0,63.0,0.0,0.0,0.0,0.0,0.0,0.0,0.0,0.0,0.0,0.0,0.0,0.0,0.0,0.0,0.0,0.0,0.0,0.0,0.0,8.0,2.0,1.0
122,1.0133436000000002,0,8.5468,1.5365,1.0941,1.2292,0.0649,0.001,0.0013,0.0001,0.0102,0.015,0.0014,0.0006,0.006,0.0002,0.0013,0.002,0.0,0.0001,0.0067,0.0011,0.0004,0.0,0.0005,0.0379,0.0078,0.0,0.001,0.0,65.0,0.0,2.0,63.0,0.0,0.0,0.0,0.0,0.0,0.0,0.0,0.0,0.0,0.0,0.0,0.0,0.0,0.0,0.0,0.0,0.0,0.0,0.0,8.0,2.0,1.0
123,1.0218904000000002,0,8.1357,1.6529,0.9788,1.1639,0.0667,0.0039,0.0012,0.0003,0.0057,0.0136,0.0015,0.0006,0.0072,0.0002,0.0013,0.0014,0.0001,0.0006,0.0062,0.0018,0.0005,0.0,0.0005,0.0395,0.007,0.0,0.0009,0.0,65.0,0.0,2.0,63.0,0.0,0.0,0.0,0.0,0.0,0.0,0.0,0.0,0.0,0.0,0.0,0.0,0.0,0.0,0.0,0.0,0.0,0.0,0.0,8.0,2.0,1.0
124,1.0300261000000002,0,8.7488,1.6096,1.0721,1.2391,0.0884,0.0036,0.0018,0.0003,0.0135,0.0216,0.0018,0.0008,0.0078,0.0001,0.0016,0.0019,0.0002,0.0001,0.009,0.0014,0.0005,0.0,0.0007,0.0525,0.0093,0.0,0.0009,0.0,65.0,0.0,2.0,63.0,0.0,0.0,0.0,0.0,0.0,0.0,0.0,0.0,0.0,0.0,0.0,0.0,0.0,0.0,0.0,0.0,0.0,0.0,0.0,8.0,2.0,1.0
125,1.0387749000000002,0,7.9619,1.6492,1.2408,1.1626,0.0672,0.0032,0.0018,0.0002,0.0057,0.0127,0.0019,0.0005,0.0067,0.0002,0.001,0.0015,0.0,0.0001,0.008,0.0012,0.0005,0.0001,0.001,0.0386,0.0085,0.0,0.0007,0.0,65.0,0.0,2.0,63.0,0.0,0.0,0.0,0.0,0.0,0.0,0.0,0.0,0.0,0.0,0.0,0.0,0.0,0.0,0.0,0.0,0.0,0.0,0.0,8.0,2.0,1.0
126,1.0467368000000001,0,8.4777,1.6715,1.1271,1.178,0.0886,0.0017,0.0019,0.0003,0.0152,0.0219,0.0017,0.0016,0.0107,0.0008,0.0015,0.002,0.0,0.0001,0.008,0.0012,0.0005,0.0001,0.0005,0.0546,0.0087,0.0,0.0008,0.0,65.0,0.0,2.0,63.0,0.0,0.0,0.0,0.0,0.0,0.0,0.0,0.0,0.0,0.0,0.0,0.0,0.0,0.0,0.0,0.0,0.0,0.0,0.0,8.0,2.0,1.0
127,1.0552145000000002,0,8.2503,1.7002,1.1013,1.2154,0.0728,0.0015,0.0016,0.0002,0.0061,0.0128,0.0016,0.0006,0.0069,0.0001,0.0014,0.002,0.0001,0.0002,0.0084,0.0015,0.0005,0.0001,0.0006,0.0415,0.0091,0.0,0.0008,0.0,65.0,0.0,2.0,63.0,0.0,0.0,0.0,0.0,0.0,0.0,0.0,0.0,0.0,0.0,0.0,0.0,0.0,0.0,0.0,0.0,0.0,0.0,0.0,8.0,2.0,1.0
128,1.0634648000000002,0,8.2729,1.8599,1.0144,1.2968,0.075,0.0016,0.0045,0.0003,0.0112,0.0206,0.0015,0.0006,0.0062,0.0002,0.0014,0.0014,0.0001,0.0001,0.0081,0.0012,0.0005,0.0,0.0005,0.047,0.0073,0.0,0.0008,0.0,65.0,0.0,2.0,63.0,0.0,0.0,0.0,0.0,0.0,0.0,0.0,0.0,0.0,0.0,0.0,0.0,0.0,0.0,0.0,0.0,0.0,0.0,0.0,8.0,2.0,1.0
129,1.0717377000000001,0,8.3081,1.6488,0.9592,1.2434,0.0679,0.0017,0.0051,0.0002,0.0046,0.0134,0.0013,0.0006,0.0067,0.0001,0.0021,0.0014,0.0,0.0002,0.0081,0.0012,0.0004,0.0001,0.0006,0.0403,0.0072,0.0,0.0009,0.0,65.0,0.0,2.0,63.0,0.0,0.0,0.0,0.0,0.0,0.0,0.0,0.0,0.0,0.0,0.0,0.0,0.0,0.0,0.0,0.0,0.0,0.0,0.0,8.0,2.0,1.0
130,1.0800458000000002,0,8.2713,1.5794,1.0095,1.0695,0.0731,0.0012,0.0041,0.0002,0.0113,0.0185,0.0015,0.0007,0.0068,0.0002,0.0011,0.0014,0.0001,0.0002,0.0082,0.0012,0.0004,0.0001,0.0005,0.0447,0.0087,0.0001,0.0008,0.0,65.0,0.0,2.0,63.0,0.0,0.0,0.0,0.0,0.0,0.0,0.0,0.0,0.0,0.0,0.0,0.0,0.0,0.0,0.0,0.0,0.0,0.0,0.0,8.0,2.0,1.0
131,1.0883171000000003,0,8.4095,1.5939,0.9211,1.0559,0.063,0.0023,0.001,0.0001,0.0049,0.0111,0.0013,0.0007,0.0063,0.0001,0.0013,0.0013,0.0001,0.0001,0.0075,0.001,0.0005,0.0001,0.0005,0.0356,0.0077,0.0001,0.0007,0.0,65.0,0.0,2.0,63.0,0.0,0.0,0.0,0.0,0.0,0.0,0.0,0.0,0.0,0.0,0.0,0.0,0.0,0.0,0.0,0.0,0.0,0.0,0.0,8.0,2.0,1.0
132,1.0967266000000002,0,8.3466,1.6477,0.9694,1.2032,0.0765,0.0029,0.0012,0.0002,0.0147,0.0219,0.0018,0.0007,0.0073,0.0001,0.0014,0.0014,0.0,0.0001,0.0075,0.001,0.0007,0.0,0.0003,0.0474,0.0075,0.0,0.0007,0.0,65.0,0.0,2.0,63.0,0.0,0.0,0.0,0.0,0.0,0.0,0.0,0.0,0.0,0.0,0.0,0.0,0.0,0.0,0.0,0.0,0.0,0.0,0.0,8.0,2.0,1.0
133,1.1050732000000003,0,8.2772,1.5983,1.0001,1.0925,0.0663,0.0035,0.0014,0.0002,0.0059,0.0134,0.0016,0.0006,0.007,0.0002,0.0012,0.002,0.0001,0.0001,0.008,0.0018,0.0005,0.0,0.0004,0.0405,0.0048,0.0001,0.0009,0.0,65.0,0.0,2.0,63.0,0.0,0.0,0.0,0.0,0.0,0.0,0.0,0.0,0.0,0.0,0.0,0.0,0.0,0.0,0.0,0.0,0.0,0.0,0.0,8.0,2.0,1.0
134,1.1133504000000003,0,8.3625,1.6637,0.9803,1.1367,0.0744,0.0012,0.0022,0.0002,0.0108,0.0165,0.0014,0.0011,0.0106,0.0001,0.0013,0.002,0.0001,0.0001,0.0078,0.0009,0.0004,0.0001,0.0004,0.0473,0.0073,0.0001,0.0008,0.0,65.0,0.0,2.0,63.0,0.0,0.0,0.0,0.0,0.0,0.0,0.0,0.0,0.0,0.0,0.0,0.0,0.0,0.0,0.0,0.0,0.0,0.0,0.0,8.0,2.0,1.0
135,1.1217129000000003,0,8.3913,1.4798,0.9551,1.1345,0.0707,0.0018,0.0051,0.0003,0.005,0.0143,0.0015,0.0008,0.0067,0.0002,0.0013,0.002,0.0001,0.0001,0.0074,0.0012,0.0004,0.0,0.0005,0.0406,0.0089,0.0,0.0007,0.0,65.0,0.0,2.0,63.0,0.0,0.0,0.0,0.0,0.0,0.0,0.0,0.0,0.0,0.0,0.0,0.0,0.0,0.0,0.0,0.0,0.0,0.0,0.0,8.0,2.0,1.0
136,1.1301042000000003,0,8.2291,1.5262,1.0289,1.1156,0.0745,0.0029,0.0017,0.0003,0.0104,0.0175,0.0017,0.0007,0.0073,0.0002,0.0018,0.002,0.0001,0.0003,0.0074,0.0013,0.0004,0.0001,0.0004,0.045,0.0088,0.0,0.0009,0.0,65.0,0.0,2.0,63.0,0.0,0.0,0.0,0.0,0.0,0.0,0.0,0.0,0.0,0.0,0.0,0.0,0.0,0.0,0.0,0.0,0.0,0.0,0.0,8.0,2.0,1.0
137,1.1383333000000004,0,8.3725,1.5612,0.9134,1.0756,0.0676,0.0011,0.0046,0.0003,0.005,0.0133,0.0018,0.0005,0.0072,0.0001,0.0013,0.002,0.0001,0.0001,0.0071,0.0012,0.001,0.0,0.0004,0.0394,0.0072,0.0001,0.0011,0.0,65.0,0.0,2.0,63.0,0.0,0.0,0.0,0.0,0.0,0.0,0.0,0.0,0.0,0.0,0.0,0.0,0.0,0.0,0.0,0.0,0.0,0.0,0.0,8.0,2.0,1.0
138,1.1467058000000003,0,8.3967,1.6599,1.0319,1.0707,0.0808,0.0041,0.0022,0.0003,0.0113,0.0204,0.0014,0.0008,0.0074,0.0002,0.0016,0.0018,0.0001,0.0002,0.0077,0.0012,0.0005,0.0001,0.0011,0.0484,0.0082,0.0,0.0007,0.0,65.0,0.0,2.0,63.0,0.0,0.0,0.0,0.0,0.0,0.0,0.0,0.0,0.0,0.0,0.0,0.0,0.0,0.0,0.0,0.0,0.0,0.0,0.0,8.0,2.0,1.0
139,1.1551025000000004,0,8.2548,1.7449,0.9721,1.2693,0.0691,0.0015,0.0035,0.0002,0.0039,0.0113,0.0015,0.0009,0.0073,0.0001,0.0018,0.0016,0.0,0.0005,0.0073,0.0014,0.0003,0.0001,0.0004,0.0385,0.0081,0.0,0.0007,0.0,65.0,0.0,2.0,63.0,0.0,0.0,0.0,0.0,0.0,0.0,0.0,0.0,0.0,0.0,0.0,0.0,0.0,0.0,0.0,0.0,0.0,0.0,0.0,8.0,2.0,1.0
140,1.1633573000000004,0,8.3026,1.5594,0.9269,1.1057,0.0679,0.0023,0.0017,0.0002,0.0094,0.0154,0.0013,0.0007,0.0068,0.0001,0.0014,0.0014,0.0001,0.0001,0.0073,0.0014,0.0004,0.0,0.0005,0.0408,0.007,0.0,0.0012,0.0,65.0,0.0,2.0,63.0,0.0,0.0,0.0,0.0,0.0,0.0,0.0,0.0,0.0,0.0,0.0,0.0,0.0,0.0,0.0,0.0,0.0,0.0,0.0,8.0,2.0,1.0
141,1.1716599000000003,0,8.3027,1.6305,0.8989,1.156,0.0642,0.0028,0.0012,0.0001,0.0035,0.0104,0.0014,0.0008,0.0059,0.0001,0.0012,0.0021,0.0001,0.0001,0.0073,0.0015,0.0004,0.0,0.0009,0.0354,0.0081,0.0,0.0008,0.0,65.0,0.0,2.0,63.0,0.0,0.0,0.0,0.0,0.0,0.0,0.0,0.0,0.0,0.0,0.0,0.0,0.0,0.0,0.0,0.0,0.0,0.0,0.0,8.0,2.0,1.0
142,1.1799626000000003,0,8.3736,1.7024,0.9228,1.0707,0.0747,0.0027,0.0013,0.0002,0.0103,0.0168,0.0018,0.0007,0.0072,0.0002,0.0017,0.0015,0.0001,0.0001,0.0077,0.0017,0.0005,0.0001,0.0005,0.0447,0.0087,0.0,0.001,0.0,65.0,0.0,2.0,63.0,0.0,0.0,0.0,0.0,0.0,0.0,0.0,0.0,0.0,0.0,0.0,0.0,0.0,0.0,0.0,0.0,0.0,0.0,0.0,8.0,2.0,1.0
143,1.1883362000000004,0,8.2978,1.5295,0.9,1.0777,0.0623,0.0035,0.0011,0.0001,0.0057,0.0129,0.0013,0.0006,0.0056,0.0002,0.0013,0.0017,0.0001,0.0001,0.0077,0.0013,0.0005,0.0001,0.0004,0.038,0.0044,0.0,0.0009,0.0,65.0,0.0,2.0,63.0,0.0,0.0,0.0,0.0,0.0,0.0,0.0,0.0,0.0,0.0,0.0,0.0,0.0,0.0,0.0,0.0,0.0,0.0,0.0,8.0,2.0,1.0
144,1.1966340000000004,0,8.3823,1.6384,0.9115,1.0769,0.077,0.0042,0.0017,0.0003,0.0103,0.0186,0.0019,0.0011,0.0073,0.0002,0.0018,0.0015,0.0001,0.0006,0.0078,0.0013,0.0005,0.0001,0.0005,0.0466,0.0084,0.0001,0.0007,0.0,65.0,0.0,2.0,63.0,0.0,0.0,0.0,0.0,0.0,0.0,0.0,0.0,0.0,0.0,0.0,0.0,0.0,0.0,0.0,0.0,0.0,0.0,0.0,8.0,2.0,1.0
145,1.2050163000000005,0,8.214,1.5664,0.8938,1.1013,0.0638,0.0013,0.0019,0.0002,0.004,0.0096,0.0016,0.0006,0.0073,0.0001,0.0013,0.0016,0.0,0.0001,0.008,0.0013,0.0005,0.0001,0.0004,0.0369,0.0056,0.0,0.0005,0.0,65.0,0.0,2.0,63.0,0.0,0.0,0.0,0.0,0.0,0.0,0.0,0.0,0.0,0.0,0.0,0.0,0.0,0.0,0.0,0.0,0.0,0.0,0.0,8.0,2.0,1.0
146,1.2132303000000004,0,8.404,1.5225,0.8393,1.3487,0.0668,0.0028,0.0011,0.0003,0.0118,0.0182,0.0014,0.0008,0.0061,0.0002,0.0012,0.0014,0.0,0.0001,0.0062,0.0016,0.0004,0.0001,0.0005,0.0417,0.0068,0.0001,0.0008,0.0,65.0,0.0,2.0,63.0,0.0,0.0,0.0,0.0,0.0,0.0,0.0,0.0,0.0,0.0,0.0,0.0,0.0,0.0,0.0,0.0,0.0,0.0,0.0,8.0,2.0,1.0
147,1.2216343000000005,0,8.3102,1.5963,0.867,1.1749,0.0606,0.0017,0.0044,0.0001,0.0038,0.012,0.0014,0.0006,0.0065,0.0001,0.0019,0.0015,0.0001,0.0001,0.0068,0.0011,0.0009,0.0,0.0005,0.0363,0.0058,0.0,0.0004,0.0,65.0,0.0,2.0,63.0,0.0,0.0,0.0,0.0,0.0,0.0,0.0,0.0,0.0,0.0,0.0,0.0,0.0,0.0,0.0,0.0,0.0,0.0,0.0,8.0,2.0,1.0
148,1.2299445000000004,0,8.4137,1.8468,0.902,1.2194,0.075,0.0032,0.0015,0.0002,0.0111,0.018,0.0016,0.0007,0.0077,0.0002,0.0015,0.0016,0.0,0.0001,0.007,0.0011,0.0004,0.0001,0.0005,0.0444,0.0089,0.0001,0.0008,0.0,65.0,0.0,2.0,63.0,0.0,0.0,0.0,0.0,0.0,0.0,0.0,0.0,0.0,0.0,0.0,0.0,0.0,0.0,0.0,0.0,0.0,0.0,0.0,8.0,2.0,1.0
149,1.2383582000000004,0,8.3315,1.5992,0.9723,1.0956,0.0616,0.0013,0.0018,0.0003,0.0058,0.0114,0.0013,0.0006,0.0059,0.0001,0.0016,0.0015,0.0001,0.0006,0.0066,0.0015,0.0004,0.0,0.0004,0.0366,0.0043,0.0,0.0011,0.0,65.0,0.0,2.0,63.0,0.0,0.0,0.0,0.0,0.0,0.0,0.0,0.0,0.0,0.0,0.0,0.0,0.0,0.0,0.0,0.0,0.0,0.0,0.0,8.0,2.0,1.0
150,1.2466897000000003,0,8.2482,1.6003,0.8856,1.2316,0.0718,0.0011,0.0039,0.0002,0.0089,0.0161,0.0015,0.0008,0.0067,0.0002,0.0013,0.0019,0.0,0.0002,0.0083,0.0014,0.0008,0.0,0.0004,0.0437,0.008,0.0,0.0007,0.0,65.0,0.0,2.0,63.0,0.0,0.0,0.0,0.0,0.0,0.0,0.0,0.0,0.0,0.0,0.0,0.0,0.0,0.0,0.0,0.0,0.0,0.0,0.0,8.0,2.0,1.0
151,1.2549379000000003,0,8.2913,1.5876,0.8397,1.0797,0.0618,0.0029,0.0012,0.0002,0.0036,0.0109,0.002,0.0006,0.0071,0.0002,0.0017,0.0014,0.0001,0.0001,0.0071,0.0011,0.0009,0.0,0.0004,0.036,0.0076,0.0,0.0009,0.0,65.0,0.0,2.0,63.0,0.0,0.0,0.0,0.0,0.0,0.0,0.0,0.0,0.0,0.0,0.0,0.0,0.0,0.0,0.0,0.0,0.0,0.0,0.0,8.0,2.0,1.0
152,1.2632292000000003,0,8.4094,1.5916,0.8417,1.1088,0.0708,0.003,0.0015,0.0001,0.0097,0.0167,0.0015,0.0007,0.0071,0.0002,0.0016,0.0016,0.0001,0.0001,0.0063,0.0012,0.0008,0.0001,0.0004,0.0416,0.0079,0.0,0.0007,0.0,65.0,0.0,2.0,63.0,0.0,0.0,0.0,0.0,0.0,0.0,0.0,0.0,0.0,0.0,0.0,0.0,0.0,0.0,0.0,0.0,0.0,0.0,0.0,8.0,2.0,1.0
153,1.2716386000000002,0,8.3776,1.6458,0.8897,1.1641,0.0611,0.0028,0.0011,0.0002,0.0056,0.0124,0.0014,0.0011,0.0065,0.0002,0.0011,0.0015,0.0,0.0001,0.0066,0.0015,0.0005,0.0,0.0003,0.0371,0.0044,0.0,0.001,0.0,65.0,0.0,2.0,63.0,0.0,0.0,0.0,0.0,0.0,0.0,0.0,0.0,0.0,0.0,0.0,0.0,0.0,0.0,0.0,0.0,0.0,0.0,0.0,8.0,2.0,1.0
154,1.2800162000000002,0,8.3096,1.5949,0.961,1.1138,0.0692,0.003,0.0012,0.0003,0.0105,0.0166,0.0019,0.0006,0.0071,0.0002,0.0012,0.0015,0.0001,0.0001,0.0065,0.0013,0.0004,0.0001,0.0004,0.0418,0.0087,0.0001,0.0009,0.0,65.0,0.0,2.0,63.0,0.0,0.0,0.0,0.0,0.0,0.0,0.0,0.0,0.0,0.0,0.0,0.0,0.0,0.0,0.0,0.0,0.0,0.0,0.0,8.0,2.0,1.0
155,1.2883258000000002,0,8.3423,1.4753,0.8909,1.1916,0.0715,0.0042,0.0016,0.0002,0.0059,0.0142,0.0021,0.0008,0.0076,0.0001,0.0016,0.0015,0.0001,0.0001,0.0074,0.0017,0.0004,0.0001,0.0004,0.0415,0.0088,0.0,0.0008,0.0,65.0,0.0,2.0,63.0,0.0,0.0,0.0,0.0,0.0,0.0,0.0,0.0,0.0,0.0,0.0,0.0,0.0,0.0,0.0,0.0,0.0,0.0,0.0,8.0,2.0,1.0
156,1.2966681000000002,0,8.3314,1.6202,0.9063,1.2595,0.0747,0.002,0.0019,0.0003,0.0119,0.0189,0.0021,0.0007,0.0074,0.0001,0.0018,0.0014,0.0001,0.0001,0.0074,0.0018,0.0003,0.0001,0.0004,0.0453,0.0085,0.0,0.0008,0.0,65.0,0.0,2.0,63.0,0.0,0.0,0.0,0.0,0.0,0.0,0.0,0.0,0.0,0.0,0.0,0.0,0.0,0.0,0.0,0.0,0.0,0.0,0.0,8.0,2.0,1.0
157,1.3049995000000003,0,8.2906,1.5789,0.9205,1.0239,0.0627,0.0016,0.0014,0.0003,0.0038,0.009,0.0016,0.0006,0.0072,0.0002,0.0015,0.0016,0.0001,0.0001,0.0068,0.0015,0.0003,0.0001,0.0005,0.0347,0.0079,0.0001,0.0007,0.0,65.0,0.0,2.0,63.0,0.0,0.0,0.0,0.0,0.0,0.0,0.0,0.0,0.0,0.0,0.0,0.0,0.0,0.0,0.0,0.0,0.0,0.0,0.0,8.0,2.0,1.0
158,1.3132901000000003,0,8.3341,1.5032,0.8594,1.1031,0.0636,0.001,0.0014,0.0001,0.0114,0.0159,0.0014,0.0005,0.0062,0.0002,0.0017,0.0012,0.0,0.0001,0.0067,0.0011,0.0004,0.0001,0.0007,0.0388,0.007,0.0,0.0007,0.0,65.0,0.0,2.0,63.0,0.0,0.0,0.0,0.0,0.0,0.0,0.0,0.0,0.0,0.0,0.0,0.0,0.0,0.0,0.0,0.0,0.0,0.0,0.0,8.0,2.0,1.0
159,1.3216242000000002,0,8.528,1.5784,0.9894,1.0619,0.0732,0.0015,0.0016,0.0002,0.0061,0.0116,0.0015,0.001,0.0078,0.0002,0.0011,0.0023,0.0001,0.0001,0.008,0.0016,0.0005,0.0001,0.0004,0.0402,0.0089,0.0,0.0008,0.0,65.0,0.0,2.0,63.0,0.0,0.0,0.0,0.0,0.0,0.0,0.0,0.0,0.0,0.0,0.0,0.0,0.0,0.0,0.0,0.0,0.0,0.0,0.0,8.0,2.0,1.0
160,1.3301522000000003,0,8.1568,1.7549,1.009,1.3545,0.0814,0.0041,0.0014,0.0003,0.0135,0.0221,0.0021,0.0008,0.0072,0.0001,0.0012,0.0017,0.0,0.0001,0.0073,0.0017,0.0004,0.0,0.0005,0.0492,0.009,0.0001,0.0006,0.0,65.0,0.0,2.0,63.0,0.0,0.0,0.0,0.0,0.0,0.0,0.0,0.0,0.0,0.0,0.0,0.0,0.0,0.0,0.0,0.0,0.0,0.0,0.0,8.0,2.0,1.0
161,1.3383090000000004,0,8.471,1.5304,0.9305,1.1004,0.0698,0.0028,0.0015,0.0009,0.0061,0.0136,0.0017,0.0007,0.0066,0.0001,0.0014,0.0023,0.0001,0.0001,0.008,0.0011,0.0005,0.0001,0.0005,0.0414,0.0053,0.0001,0.0007,0.0,65.0,0.0,2.0,63.0,0.0,0.0,0.0,0.0,0.0,0.0,0.0,0.0,0.0,0.0,0.0,0.0,0.0,0.0,0.0,0.0,0.0,0.0,0.0,8.0,2.0,1.0
162,1.3467800000000003,0,8.286,1.7826,1.048,1.2622,0.0757,0.0012,0.0021,0.0002,0.0128,0.0182,0.0015,0.0013,0.0073,0.0002,0.0014,0.0021,0.0001,0.0001,0.0077,0.0012,0.0009,0.0,0.0003,0.046,0.0082,0.0,0.0008,0.0,65.0,0.0,2.0,63.0,0.0,0.0,0.0,0.0,0.0,0.0,0.0,0.0,0.0,0.0,0.0,0.0,0.0,0.0,0.0,0.0,0.0,0.0,0.0,8.0,2.0,1.0
163,1.3550660000000003,0,8.3232,1.6271,1.0118,1.387,0.0706,0.002,0.0036,0.0002,0.0059,0.0139,0.0016,0.0006,0.007,0.0001,0.0013,0.0015,0.0,0.0002,0.0082,0.0012,0.0004,0.0001,0.0005,0.0421,0.0072,0.0,0.0006,0.0,65.0,0.0,2.0,63.0,0.0,0.0,0.0,0.0,0.0,0.0,0.0,0.0,0.0,0.0,0.0,0.0,0.0,0.0,0.0,0.0,0.0,0.0,0.0,8.0,2.0,1.0
164,1.3633892000000003,0,8.3664,1.6747,0.9615,1.219,0.0715,0.0012,0.0031,0.0003,0.0112,0.0177,0.0014,0.0008,0.0072,0.0002,0.0015,0.0016,0.0001,0.0001,0.0079,0.0012,0.0004,0.0001,0.0005,0.0446,0.0072,0.0,0.0007,0.0,65.0,0.0,2.0,63.0,0.0,0.0,0.0,0.0,0.0,0.0,0.0,0.0,0.0,0.0,0.0,0.0,0.0,0.0,0.0,0.0,0.0,0.0,0.0,8.0,2.0,1.0
165,1.3717556000000004,0,8.3937,1.7194,1.0716,1.4128,0.0883,0.0018,0.0055,0.0003,0.0055,0.0161,0.0023,0.0009,0.0094,0.0002,0.0024,0.002,0.0006,0.0002,0.0093,0.0018,0.0006,0.0,0.0005,0.0503,0.0104,0.0,0.0006,0.0,65.0,0.0,2.0,63.0,0.0,0.0,0.0,0.0,0.0,0.0,0.0,0.0,0.0,0.0,0.0,0.0,0.0,0.0,0.0,0.0,0.0,0.0,0.0,8.0,2.0,1.0
166,1.3801493000000005,0,8.2837,1.7715,1.0102,1.2751,0.0732,0.0029,0.0011,0.0003,0.0139,0.0201,0.0016,0.0006,0.0079,0.0001,0.002,0.0016,0.0001,0.0001,0.0069,0.0011,0.0004,0.0001,0.0004,0.0472,0.0065,0.0,0.0008,0.0,65.0,0.0,2.0,63.0,0.0,0.0,0.0,0.0,0.0,0.0,0.0,0.0,0.0,0.0,0.0,0.0,0.0,0.0,0.0,0.0,0.0,0.0,0.0,8.0,2.0,1.0
167,1.3884330000000005,0,8.3459,1.5938,1.0347,1.2213,0.0677,0.0014,0.0016,0.0001,0.0062,0.0115,0.0016,0.001,0.0076,0.0001,0.0014,0.0023,0.0001,0.0001,0.0077,0.0018,0.0005,0.0,0.0004,0.0397,0.0077,0.0,0.0005,0.0,65.0,0.0,2.0,63.0,0.0,0.0,0.0,0.0,0.0,0.0,0.0,0.0,0.0,0.0,0.0,0.0,0.0,0.0,0.0,0.0,0.0,0.0,0.0,8.0,2.0,1.0
168,1.3967789000000004,0,8.3773,1.7089,1.0809,1.1626,0.0815,0.002,0.0017,0.0003,0.0128,0.019,0.0017,0.0009,0.0076,0.0001,0.0014,0.0019,0.0001,0.0001,0.008,0.0018,0.0005,0.0,0.0005,0.0489,0.0089,0.0,0.0009,0.0,65.0,0.0,2.0,63.0,0.0,0.0,0.0,0.0,0.0,0.0,0.0,0.0,0.0,0.0,0.0,0.0,0.0,0.0,0.0,0.0,0.0,0.0,0.0,8.0,2.0,1.0
169,1.4051562000000004,0,8.247,1.8932,1.0336,1.3852,0.0737,0.0016,0.0045,0.0003,0.006,0.0151,0.0016,0.0013,0.0079,0.0001,0.0014,0.0022,0.0002,0.0002,0.0077,0.0017,0.0004,0.0001,0.0004,0.0442,0.0081,0.0001,0.0011,0.0,65.0,0.0,2.0,63.0,0.0,0.0,0.0,0.0,0.0,0.0,0.0,0.0,0.0,0.0,0.0,0.0,0.0,0.0,0.0,0.0,0.0,0.0,0.0,8.0,2.0,1.0
170,1.4134032000000003,0,8.3493,1.6438,1.0002,1.2086,0.0777,0.0032,0.0015,0.0002,0.0125,0.0195,0.0014,0.0008,0.0082,0.0002,0.0014,0.0018,0.0001,0.0001,0.0079,0.0013,0.0005,0.0001,0.0011,0.0481,0.0073,0.0,0.0008,0.0,65.0,0.0,2.0,63.0,0.0,0.0,0.0,0.0,0.0,0.0,0.0,0.0,0.0,0.0,0.0,0.0,0.0,0.0,0.0,0.0,0.0,0.0,0.0,8.0,2.0,1.0
171,1.4217525000000002,0,8.3942,1.7088,1.0085,1.3782,0.0743,0.0042,0.0015,0.0002,0.0055,0.0149,0.0016,0.0008,0.0078,0.0002,0.0012,0.0018,0.0005,0.0001,0.0082,0.0014,0.0004,0.0,0.0005,0.0435,0.0079,0.0,0.0006,0.0,65.0,0.0,2.0,63.0,0.0,0.0,0.0,0.0,0.0,0.0,0.0,0.0,0.0,0.0,0.0,0.0,0.0,0.0,0.0,0.0,0.0,0.0,0.0,8.0,2.0,1.0
172,1.4301467,0,8.3026,1.6925,1.1072,1.1571,0.0842,0.0027,0.0022,0.0002,0.0108,0.0184,0.0022,0.0009,0.0085,0.0002,0.0017,0.0016,0.0001,0.0001,0.0087,0.0014,0.0004,0.0001,0.0011,0.0488,0.0104,0.0001,0.0008,0.0,65.0,0.0,2.0,63.0,0.0,0.0,0.0,0.0,0.0,0.0,0.0,0.0,0.0,0.0,0.0,0.0,0.0,0.0,0.0,0.0,0.0,0.0,0.0,8.0,2.0,1.0
173,1.4384493,0,8.3089,1.635,1.0383,1.114,0.078,0.003,0.0018,0.0002,0.007,0.0152,0.0017,0.0009,0.0078,0.0002,0.0014,0.0025,0.0001,0.0001,0.0082,0.0016,0.0006,0.0001,0.0005,0.0458,0.0083,0.0001,0.001,0.0,65.0,0.0,2.0,63.0,0.0,0.0,0.0,0.0,0.0,0.0,0.0,0.0,0.0,0.0,0.0,0.0,0.0,0.0,0.0,0.0,0.0,0.0,0.0,8.0,2.0,1.0
174,1.4467582,0,8.3696,1.6584,1.0071,1.2822,0.0808,0.0038,0.0015,0.0003,0.0124,0.0209,0.0019,0.0007,0.0073,0.0001,0.0014,0.0022,0.0001,0.0002,0.0079,0.0017,0.0005,0.0001,0.0005,0.0496,0.008,0.0,0.0008,0.0,65.0,0.0,2.0,63.0,0.0,0.0,0.0,0.0,0.0,0.0,0.0,0.0,0.0,0.0,0.0,0.0,0.0,0.0,0.0,0.0,0.0,0.0,0.0,8.0,2.0,1.0
175,1.4551278,0,8.2664,1.7007,1.0406,1.2366,0.0823,0.0034,0.002,0.0002,0.0065,0.0148,0.0021,0.0008,0.0083,0.0002,0.0015,0.0021,0.0001,0.0006,0.0088,0.0014,0.001,0.0001,0.0005,0.0468,0.0098,0.0,0.0006,0.0,65.0,0.0,2.0,63.0,0.0,0.0,0.0,0.0,0.0,0.0,0.0,0.0,0.0,0.0,0.0,0.0,0.0,0.0,0.0,0.0,0.0,0.0,0.0,8.0,2.0,1.0
176,1.4633942,0,8.4297,1.7407,1.0171,1.3266,0.08,0.0032,0.0015,0.0002,0.0122,0.0201,0.0017,0.0007,0.0073,0.0001,0.0019,0.0017,0.0001,0.0001,0.0075,0.0017,0.0004,0.0001,0.0006,0.0487,0.0082,0.0,0.0009,0.0,65.0,0.0,2.0,63.0,0.0,0.0,0.0,0.0,0.0,0.0,0.0,0.0,0.0,0.0,0.0,0.0,0.0,0.0,0.0,0.0,0.0,0.0,0.0,8.0,2.0,1.0
177,1.4718239,0,8.2493,1.6239,1.0393,1.1528,0.0671,0.0039,0.0014,0.0002,0.0059,0.0141,0.0017,0.0006,0.0065,0.0001,0.0013,0.002,0.0001,0.0002,0.0081,0.0017,0.0004,0.0001,0.0004,0.0404,0.0043,0.0,0.0009,0.0,65.0,0.0,2.0,63.0,0.0,0.0,0.0,0.0,0.0,0.0,0.0,0.0,0.0,0.0,0.0,0.0,0.0,0.0,0.0,0.0,0.0,0.0,0.0,8.0,2.0,1.0
178,1.4800731999999999,0,8.234,1.6203,0.9748,1.0405,0.0783,0.004,0.0014,0.0003,0.0112,0.0196,0.0016,0.0007,0.0071,0.0001,0.0015,0.0023,0.0,0.0001,0.0075,0.0013,0.0004,0.0001,0.0006,0.0478,0.009,0.0001,0.0007,0.0,65.0,0.0,2.0,63.0,0.0,0.0,0.0,0.0,0.0,0.0,0.0,0.0,0.0,0.0,0.0,0.0,0.0,0.0,0.0,0.0,0.0,0.0,0.0,8.0,2.0,1.0
179,1.4883072,0,8.3256,1.5923,0.8649,1.0733,0.0683,0.0036,0.0014,0.0002,0.0056,0.0132,0.0015,0.0007,0.006,0.0001,0.0013,0.0013,0.0,0.0001,0.0078,0.0012,0.0004,0.0,0.0004,0.0385,0.0075,0.0001,0.0006,0.0,65.0,0.0,2.0,63.0,0.0,0.0,0.0,0.0,0.0,0.0,0.0,0.0,0.0,0.0,0.0,0.0,0.0,0.0,0.0,0.0,0.0,0.0,0.0,8.0,2.0,1.0
180,1.4966328,0,8.4228,1.7007,0.8988,1.2579,0.0731,0.0016,0.0045,0.0003,0.0104,0.0185,0.0013,0.0006,0.0065,0.0001,0.0014,0.0018,0.0001,0.0001,0.0074,0.0015,0.0009,0.0001,0.0005,0.0444,0.0076,0.0,0.0007,0.0,65.0,0.0,2.0,63.0,0.0,0.0,0.0,0.0,0.0,0.0,0.0,0.0,0.0,0.0,0.0,0.0,0.0,0.0,0.0,0.0,0.0,0.0,0.0,8.0,2.0,1.0
181,1.5050556,0,8.2687,1.5352,0.9598,1.0287,0.0641,0.0033,0.0011,0.0001,0.0056,0.013,0.002,0.0006,0.0065,0.0001,0.0011,0.0018,0.0,0.0001,0.0073,0.0009,0.0004,0.0,0.0004,0.0381,0.0072,0.0,0.0009,0.0,65.0,0.0,2.0,63.0,0.0,0.0,0.0,0.0,0.0,0.0,0.0,0.0,0.0,0.0,0.0,0.0,0.0,0.0,0.0,0.0,0.0,0.0,0.0,8.0,2.0,1.0
182,1.5133242999999998,0,8.3358,1.4725,0.9217,1.1465,0.0716,0.0013,0.0051,0.0002,0.0087,0.0172,0.0018,0.0007,0.0068,0.0002,0.0016,0.0014,0.0001,0.0001,0.0071,0.0012,0.001,0.0,0.0004,0.0432,0.0079,0.0001,0.0009,0.0,65.0,0.0,2.0,63.0,0.0,0.0,0.0,0.0,0.0,0.0,0.0,0.0,0.0,0.0,0.0,0.0,0.0,0.0,0.0,0.0,0.0,0.0,0.0,8.0,2.0,1.0
183,1.5216600999999998,0,8.2535,1.5557,0.8747,1.2086,0.0595,0.001,0.0046,0.0001,0.005,0.0128,0.0014,0.0009,0.0062,0.0001,0.001,0.0013,0.0001,0.0001,0.0065,0.0016,0.0004,0.0,0.0004,0.0366,0.0048,0.0,0.0005,0.0,65.0,0.0,2.0,63.0,0.0,0.0,0.0,0.0,0.0,0.0,0.0,0.0,0.0,0.0,0.0,0.0,0.0,0.0,0.0,0.0,0.0,0.0,0.0,8.0,2.0,1.0
184,1.5299135999999998,0,8.4872,1.5845,0.8892,1.0758,0.0752,0.0014,0.002,0.0001,0.0115,0.0172,0.0019,0.0008,0.0074,0.0002,0.0015,0.0015,0.0001,0.0001,0.0072,0.0017,0.0005,0.0001,0.0007,0.0448,0.0093,0.0,0.0009,0.0,65.0,0.0,2.0,63.0,0.0,0.0,0.0,0.0,0.0,0.0,0.0,0.0,0.0,0.0,0.0,0.0,0.0,0.0,0.0,0.0,0.0,0.0,0.0,8.0,2.0,1.0
185,1.5384007999999998,0,8.1907,1.5118,0.9276,1.0746,0.0591,0.0011,0.0046,0.0001,0.0034,0.0116,0.0013,0.0007,0.0061,0.0002,0.0016,0.0014,0.0,0.0001,0.0071,0.0015,0.0004,0.0001,0.0004,0.0366,0.0043,0.0,0.0006,0.0,65.0,0.0,2.0,63.0,0.0,0.0,0.0,0.0,0.0,0.0,0.0,0.0,0.0,0.0,0.0,0.0,0.0,0.0,0.0,0.0,0.0,0.0,0.0,8.0,2.0,1.0
186,1.5465915,0,8.3235,1.5483,0.8594,1.0684,0.0738,0.0038,0.0019,0.0002,0.0106,0.0187,0.0017,0.0007,0.0074,0.0002,0.0015,0.0018,0.0001,0.0002,0.0073,0.0011,0.0003,0.0001,0.0004,0.0451,0.0082,0.0001,0.0009,0.0,65.0,0.0,2.0,63.0,0.0,0.0,0.0,0.0,0.0,0.0,0.0,0.0,0.0,0.0,0.0,0.0,0.0,0.0,0.0,0.0,0.0,0.0,0.0,8.0,2.0,1.0
187,1.5549149999999998,0,8.3715,1.5934,0.8564,1.1409,0.0699,0.0031,0.0016,0.0003,0.006,0.0129,0.0017,0.0012,0.0079,0.0002,0.0013,0.002,0.0001,0.0001,0.0074,0.0013,0.0009,0.0,0.0004,0.0408,0.0083,0.0001,0.0006,0.0,65.0,0.0,2.0,63.0,0.0,0.0,0.0,0.0,0.0,0.0,0.0,0.0,0.0,0.0,0.0,0.0,0.0,0.0,0.0,0.0,0.0,0.0,0.0,8.0,2.0,1.0
188,1.5632864999999998,0,8.3822,1.5634,0.8838,1.2698,0.0725,0.0013,0.0037,0.0002,0.0099,0.0172,0.002,0.0007,0.0073,0.0002,0.0011,0.002,0.0001,0.0001,0.007,0.0011,0.0004,0.0,0.0004,0.0428,0.0085,0.0,0.0008,0.0,65.0,0.0,2.0,63.0,0.0,0.0,0.0,0.0,0.0,0.0,0.0,0.0,0.0,0.0,0.0,0.0,0.0,0.0,0.0,0.0,0.0,0.0,0.0,8.0,2.0,1.0
189,1.5716686999999998,0,8.2507,1.6402,0.8874,1.0679,0.0686,0.0033,0.0021,0.0001,0.006,0.0136,0.0016,0.0007,0.0069,0.0002,0.0012,0.0016,0.0,0.0001,0.0062,0.0017,0.0005,0.0,0.0005,0.039,0.0087,0.0,0.0005,0.0,65.0,0.0,2.0,63.0,0.0,0.0,0.0,0.0,0.0,0.0,0.0,0.0,0.0,0.0,0.0,0.0,0.0,0.0,0.0,0.0,0.0,0.0,0.0,8.0,2.0,1.0
190,1.5799193999999999,0,8.3826,1.5922,0.8669,1.1258,0.0664,0.0013,0.0017,0.0002,0.0093,0.0144,0.0015,0.0007,0.0072,0.0001,0.0015,0.0016,0.0,0.0002,0.0067,0.0013,0.0004,0.0001,0.0004,0.04,0.0082,0.0,0.0008,0.0,65.0,0.0,2.0,63.0,0.0,0.0,0.0,0.0,0.0,0.0,0.0,0.0,0.0,0.0,0.0,0.0,0.0,0.0,0.0,0.0,0.0,0.0,0.0,8.0,2.0,1.0
191,1.5883019999999999,0,8.315,1.5836,0.8627,1.1038,0.0598,0.0013,0.0044,0.0002,0.0052,0.0127,0.0018,0.0006,0.0065,0.0002,0.001,0.0019,0.0001,0.0001,0.0071,0.0011,0.0004,0.0,0.0005,0.0375,0.0045,0.0001,0.0005,0.0,65.0,0.0,2.0,63.0,0.0,0.0,0.0,0.0,0.0,0.0,0.0,0.0,0.0,0.0,0.0,0.0,0.0,0.0,0.0,0.0,0.0,0.0,0.0,8.0,2.0,1.0
192,1.596617,0,8.3461,1.647,0.8724,1.1611,0.0677,0.0025,0.0013,0.0003,0.0136,0.0194,0.0015,0.0006,0.006,0.0002,0.0012,0.0013,0.0,0.0001,0.0061,0.0013,0.0004,0.0001,0.0003,0.0412,0.0075,0.0,0.0007,0.0,65.0,0.0,2.0,63.0,0.0,0.0,0.0,0.0,0.0,0.0,0.0,0.0,0.0,0.0,0.0,0.0,0.0,0.0,0.0,0.0,0.0,0.0,0.0,8.0,2.0,1.0
193,1.6049631,0,8.3162,1.5507,0.882,1.0647,0.063,0.0012,0.0018,0.0002,0.0055,0.0103,0.0016,0.0005,0.0067,0.0007,0.0013,0.0014,0.0001,0.0003,0.0065,0.0017,0.0004,0.0,0.0005,0.0354,0.0075,0.0,0.0008,0.0,65.0,0.0,2.0,63.0,0.0,0.0,0.0,0.0,0.0,0.0,0.0,0.0,0.0,0.0,0.0,0.0,0.0,0.0,0.0,0.0,0.0,0.0,0.0,8.0,2.0,1.0
194,1.6132793,0,8.3435,1.5349,0.8708,1.0719,0.0674,0.0015,0.0018,0.0005,0.009,0.0144,0.0022,0.0008,0.0073,0.0002,0.0012,0.0016,0.0001,0.0001,0.0068,0.0011,0.0005,0.0,0.0004,0.0389,0.0086,0.0001,0.0008,0.0,65.0,0.0,2.0,63.0,0.0,0.0,0.0,0.0,0.0,0.0,0.0,0.0,0.0,0.0,0.0,0.0,0.0,0.0,0.0,0.0,0.0,0.0,0.0,8.0,2.0,1.0
195,1.6216228000000001,0,8.3724,1.5701,0.8543,1.2855,0.0603,0.0011,0.0018,0.0002,0.0068,0.0123,0.0015,0.0012,0.0064,0.0001,0.001,0.0016,0.0,0.0001,0.0066,0.0015,0.0005,0.0001,0.0005,0.0372,0.006,0.0,0.0006,0.0,65.0,0.0,2.0,63.0,0.0,0.0,0.0,0.0,0.0,0.0,0.0,0.0,0.0,0.0,0.0,0.0,0.0,0.0,0.0,0.0,0.0,0.0,0.0,8.0,2.0,1.0
196,1.6299952000000002,0,8.3478,1.645,0.9682,1.2446,0.0741,0.0027,0.0017,0.0002,0.0125,0.019,0.0016,0.0009,0.007,0.0001,0.0012,0.0019,0.0,0.0001,0.0073,0.0011,0.0004,0.0,0.0004,0.0445,0.0088,0.0001,0.0008,0.0,65.0,0.0,2.0,63.0,0.0,0.0,0.0,0.0,0.0,0.0,0.0,0.0,0.0,0.0,0.0,0.0,0.0,0.0,0.0,0.0,0.0,0.0,0.0,8.0,2.0,1.0
197,1.638343,0,8.4689,1.6531,1.0382,1.3323,0.08,0.003,0.0014,0.0002,0.006,0.0167,0.0016,0.0008,0.0083,0.0001,0.0015,0.0021,0.0001,0.0001,0.0081,0.0011,0.0004,0.0001,0.0006,0.0463,0.009,0.0,0.0007,0.0,65.0,0.0,2.0,63.0,0.0,0.0,0.0,0.0,0.0,0.0,0.0,0.0,0.0,0.0,0.0,0.0,0.0,0.0,0.0,0.0,0.0,0.0,0.0,8.0,2.0,1.0
198,1.6468119,0,8.2031,1.8019,0.9649,1.2704,0.0719,0.0025,0.0017,0.0002,0.0124,0.019,0.002,0.0005,0.0072,0.0001,0.0011,0.0015,0.0001,0.0002,0.0082,0.0014,0.0004,0.0001,0.0004,0.0453,0.0066,0.0,0.0007,0.0,65.0,0.0,2.0,63.0,0.0,0.0,0.0,0.0,0.0,0.0,0.0,0.0,0.0,0.0,0.0,0.0,0.0,0.0,0.0,0.0,0.0,0.0,0.0,8.0,2.0,1.0
199,1.6550150000000001,0,8.3659,1.644,0.9689,1.2503,0.0724,0.0035,0.0014,0.0004,0.0058,0.0132,0.0015,0.0007,0.0071,0.0001,0.0014,0.0022,0.0001,0.0001,0.008,0.0013,0.0009,0.0001,0.0004,0.0417,0.0083,0.0001,0.0009,0.0,65.0,0.0,2.0,63.0,0.0,0.0,0.0,0.0,0.0,0.0,0.0,0.0,0.0,0.0,0.0,0.0,0.0,0.0,0.0,0.0,0.0,0.0,0.0,8.0,2.0,1.0
200,1.6633809000000002,0,8.2783,1.5938,0.9623,1.1512,0.0735,0.0037,0.0012,0.0002,0.0121,0.0197,0.0015,0.0007,0.0069,0.0001,0.0013,0.0019,0.0001,0.0001,0.008,0.0011,0.0004,0.0,0.0007,0.0458,0.008,0.0001,0.0006,0.0,65.0,0.0,2.0,63.0,0.0,0.0,0.0,0.0,0.0,0.0,0.0,0.0,0.0,0.0,0.0,0.0,0.0,0.0,0.0,0.0,0.0,0.0,0.0,8.0,2.0,1.0
201,1.6716592000000001,0,8.2945,1.5468,0.8488,1.0496,0.06,0.0024,0.0012,0.0001,0.0052,0.0107,0.0013,0.0006,0.0061,0.0001,0.0012,0.0013,0.0001,0.0001,0.0068,0.0011,0.0004,0.0001,0.0004,0.0348,0.0072,0.0001,0.0009,0.0,65.0,0.0,2.0,63.0,0.0,0.0,0.0,0.0,0.0,0.0,0.0,0.0,0.0,0.0,0.0,0.0,0.0,0.0,0.0,0.0,0.0,0.0,0.0,8.0,2.0,1.0
202,1.6799537000000002,0,8.3881,1.554,0.9195,1.0183,0.0726,0.0014,0.0037,0.0003,0.01,0.0178,0.0016,0.0008,0.007,0.0002,0.0015,0.0013,0.0001,0.0002,0.0067,0.0012,0.0004,0.0001,0.0004,0.0434,0.0084,0.0,0.0007,0.0,65.0,0.0,2.0,63.0,0.0,0.0,0.0,0.0,0.0,0.0,0.0,0.0,0.0,0.0,0.0,0.0,0.0,0.0,0.0,0.0,0.0,0.0,0.0,8.0,2.0,1.0
203,1.6883418000000001,0,8.3062,1.5616,0.8955,1.129,0.064,0.0018,0.0045,0.0002,0.0036,0.0122,0.0015,0.0007,0.007,0.0001,0.0015,0.0014,0.0001,0.0001,0.0061,0.0012,0.0004,0.0,0.0004,0.0368,0.0079,0.0,0.0006,0.0,65.0,0.0,2.0,63.0,0.0,0.0,0.0,0.0,0.0,0.0,0.0,0.0,0.0,0.0,0.0,0.0,0.0,0.0,0.0,0.0,0.0,0.0,0.0,8.0,2.0,1.0
204,1.6966480000000002,0,8.3298,1.6232,0.9084,1.1353,0.0748,0.0039,0.0015,0.0001,0.0117,0.0203,0.0014,0.0008,0.0063,0.0002,0.0014,0.0014,0.0004,0.0001,0.0073,0.001,0.0004,0.0001,0.0005,0.045,0.0077,0.0001,0.0004,0.0,65.0,0.0,2.0,63.0,0.0,0.0,0.0,0.0,0.0,0.0,0.0,0.0,0.0,0.0,0.0,0.0,0.0,0.0,0.0,0.0,0.0,0.0,0.0,8.0,2.0,1.0
205,1.7049778000000002,0,8.307,1.5802,0.8639,1.1428,0.0649,0.0028,0.0012,0.0003,0.0048,0.0114,0.0016,0.0007,0.0062,0.0001,0.0013,0.0018,0.0,0.0001,0.0076,0.0012,0.0004,0.0001,0.0005,0.0369,0.0088,0.0,0.001,0.0,65.0,0.0,2.0,63.0,0.0,0.0,0.0,0.0,0.0,0.0,0.0,0.0,0.0,0.0,0.0,0.0,0.0,0.0,0.0,0.0,0.0,0.0,0.0,8.0,2.0,1.0
206,1.7132848000000003,0,8.3214,1.5613,0.8745,1.0843,0.0651,0.0011,0.0032,0.0001,0.0094,0.0157,0.0013,0.0006,0.0062,0.0002,0.0011,0.0013,0.0001,0.0001,0.0069,0.001,0.0004,0.0,0.0004,0.0403,0.007,0.0,0.0012,0.0,65.0,0.0,2.0,63.0,0.0,0.0,0.0,0.0,0.0,0.0,0.0,0.0,0.0,0.0,0.0,0.0,0.0,0.0,0.0,0.0,0.0,0.0,0.0,8.0,2.0,1.0
207,1.7216062000000003,0,8.4108,1.6263,0.8242,1.0542,0.0642,0.0038,0.0014,0.0003,0.0053,0.013,0.0019,0.0005,0.0066,0.0001,0.001,0.0019,0.0001,0.0002,0.0069,0.001,0.0005,0.0001,0.001,0.0377,0.0073,0.0,0.0009,0.0,65.0,0.0,2.0,63.0,0.0,0.0,0.0,0.0,0.0,0.0,0.0,0.0,0.0,0.0,0.0,0.0,0.0,0.0,0.0,0.0,0.0,0.0,0.0,8.0,2.0,1.0
208,1.7300170000000004,0,8.3239,1.5964,0.9702,1.0589,0.075,0.0013,0.0022,0.0002,0.0122,0.018,0.0016,0.0008,0.009,0.0002,0.0012,0.0016,0.0002,0.0001,0.0078,0.0012,0.0008,0.0001,0.0004,0.0467,0.0073,0.0,0.0007,0.0,65.0,0.0,2.0,63.0,0.0,0.0,0.0,0.0,0.0,0.0,0.0,0.0,0.0,0.0,0.0,0.0,0.0,0.0,0.0,0.0,0.0,0.0,0.0,8.0,2.0,1.0
209,1.7383409000000003,0,8.31,1.5344,0.8759,1.2,0.0603,0.0032,0.001,0.0002,0.0066,0.0128,0.0018,0.0005,0.0065,0.0002,0.0009,0.0016,0.0001,0.0001,0.0073,0.001,0.0004,0.0001,0.0005,0.0372,0.0038,0.0,0.0007,0.0,65.0,0.0,2.0,63.0,0.0,0.0,0.0,0.0,0.0,0.0,0.0,0.0,0.0,0.0,0.0,0.0,0.0,0.0,0.0,0.0,0.0,0.0,0.0,8.0,2.0,1.0
210,1.7466509000000003,0,8.3858,1.4661,0.9552,1.0243,0.0753,0.0016,0.0043,0.0002,0.011,0.0195,0.0014,0.0007,0.0066,0.0001,0.0011,0.0021,0.0001,0.0001,0.0074,0.0012,0.0005,0.0006,0.0006,0.046,0.0087,0.0,0.0006,0.0,65.0,0.0,2.0,63.0,0.0,0.0,0.0,0.0,0.0,0.0,0.0,0.0,0.0,0.0,0.0,0.0,0.0,0.0,0.0,0.0,0.0,0.0,0.0,8.0,2.0,1.0
211,1.7550367000000004,0,8.2718,1.6656,0.8972,1.1475,0.0666,0.0014,0.0045,0.0002,0.0057,0.0137,0.0014,0.001,0.0066,0.0002,0.0012,0.0014,0.0001,0.0001,0.0075,0.0012,0.0005,0.0001,0.0003,0.0387,0.0074,0.0,0.0008,0.0,65.0,0.0,2.0,63.0,0.0,0.0,0.0,0.0,0.0,0.0,0.0,0.0,0.0,0.0,0.0,0.0,0.0,0.0,0.0,0.0,0.0,0.0,0.0,8.0,2.0,1.0
212,1.7633085000000004,0,8.3472,1.4967,0.8864,1.1449,0.0734,0.0032,0.0018,0.0002,0.0092,0.0165,0.0014,0.0007,0.0073,0.0006,0.0015,0.0014,0.0001,0.0002,0.007,0.0013,0.0004,0.0,0.0004,0.0429,0.0083,0.0001,0.0008,0.0,65.0,0.0,2.0,63.0,0.0,0.0,0.0,0.0,0.0,0.0,0.0,0.0,0.0,0.0,0.0,0.0,0.0,0.0,0.0,0.0,0.0,0.0,0.0,8.0,2.0,1.0
213,1.7716557000000004,0,8.3534,1.6802,0.9113,1.1479,0.0599,0.0018,0.0017,0.0007,0.0056,0.0117,0.0016,0.0005,0.0061,0.0001,0.0011,0.0021,0.0001,0.0001,0.0071,0.001,0.0004,0.0,0.0007,0.0356,0.0044,0.0001,0.0008,0.0,65.0,0.0,2.0,63.0,0.0,0.0,0.0,0.0,0.0,0.0,0.0,0.0,0.0,0.0,0.0,0.0,0.0,0.0,0.0,0.0,0.0,0.0,0.0,8.0,2.0,1.0
214,1.7800091000000005,0,8.3304,1.525,0.93,1.1356,0.0698,0.0011,0.004,0.0002,0.009,0.0166,0.0017,0.0008,0.0073,0.0002,0.0015,0.0016,0.0001,0.0001,0.0068,0.0012,0.001,0.0001,0.0004,0.0427,0.0078,0.0,0.0008,0.0,65.0,0.0,2.0,63.0,0.0,0.0,0.0,0.0,0.0,0.0,0.0,0.0,0.0,0.0,0.0,0.0,0.0,0.0,0.0,0.0,0.0,0.0,0.0,8.0,2.0,1.0
215,1.7883395000000004,0,8.27,1.568,0.8985,1.111,0.069,0.0034,0.0013,0.0003,0.0055,0.0134,0.0016,0.0008,0.0071,0.0001,0.0013,0.0024,0.0001,0.0001,0.0075,0.0016,0.0003,0.0,0.0004,0.0398,0.0081,0.0001,0.0005,0.0,65.0,0.0,2.0,63.0,0.0,0.0,0.0,0.0,0.0,0.0,0.0,0.0,0.0,0.0,0.0,0.0,0.0,0.0,0.0,0.0,0.0,0.0,0.0,8.0,2.0,1.0
216,1.7966095000000004,0,8.3645,1.578,0.8543,1.1695,0.0655,0.0013,0.0016,0.0002,0.0089,0.014,0.0014,0.0008,0.0069,0.0001,0.0017,0.0012,0.0,0.0001,0.0074,0.001,0.0004,0.0001,0.0004,0.0387,0.0081,0.0001,0.0007,0.0,65.0,0.0,2.0,63.0,0.0,0.0,0.0,0.0,0.0,0.0,0.0,0.0,0.0,0.0,0.0,0.0,0.0,0.0,0.0,0.0,0.0,0.0,0.0,8.0,2.0,1.0
217,1.8049740000000005,0,8.2466,1.5864,0.8608,1.1401,0.0635,0.0029,0.0015,0.0003,0.0054,0.0123,0.0024,0.0007,0.0076,0.0001,0.0014,0.0012,0.0001,0.0001,0.0075,0.0013,0.0005,0.0,0.0004,0.0388,0.0049,0.0,0.0005,0.0,65.0,0.0,2.0,63.0,0.0,0.0,0.0,0.0,0.0,0.0,0.0,0.0,0.0,0.0,0.0,0.0,0.0,0.0,0.0,0.0,0.0,0.0,0.0,8.0,2.0,1.0
218,1.8132206000000006,0,8.418,1.5195,0.8334,1.1375,0.0745,0.0042,0.0016,0.0002,0.0115,0.0198,0.0018,0.0008,0.0072,0.0001,0.0012,0.0015,0.0001,0.0001,0.0068,0.0012,0.0004,0.0,0.0004,0.0449,0.008,0.0001,0.0011,0.0,65.0,0.0,2.0,63.0,0.0,0.0,0.0,0.0,0.0,0.0,0.0,0.0,0.0,0.0,0.0,0.0,0.0,0.0,0.0,0.0,0.0,0.0,0.0,8.0,2.0,1.0
219,1.8216386000000007,0,8.4019,1.5752,0.8975,1.1536,0.0658,0.0048,0.0017,0.0002,0.0056,0.0143,0.0018,0.0007,0.0071,0.0002,0.0012,0.0019,0.0001,0.0001,0.0073,0.0011,0.0004,0.0001,0.0004,0.0398,0.0056,0.0,0.0008,0.0,65.0,0.0,2.0,63.0,0.0,0.0,0.0,0.0,0.0,0.0,0.0,0.0,0.0,0.0,0.0,0.0,0.0,0.0,0.0,0.0,0.0,0.0,0.0,8.0,2.0,1.0
220,1.8300405000000006,0,8.3043,1.6328,0.9539,1.0964,0.0759,0.0028,0.0018,0.0002,0.0122,0.0197,0.0022,0.0006,0.0074,0.0001,0.0017,0.0015,0.0,0.0001,0.0075,0.0017,0.0005,0.0001,0.0005,0.0468,0.0079,0.0,0.0009,0.0,65.0,0.0,2.0,63.0,0.0,0.0,0.0,0.0,0.0,0.0,0.0,0.0,0.0,0.0,0.0,0.0,0.0,0.0,0.0,0.0,0.0,0.0,0.0,8.0,2.0,1.0
221,1.8383448000000007,0,8.2696,1.5217,0.8988,1.1626,0.066,0.0037,0.0017,0.0002,0.0059,0.0134,0.0013,0.0006,0.0069,0.0001,0.0015,0.0014,0.0,0.0001,0.0066,0.0016,0.0004,0.0001,0.0005,0.0388,0.0075,0.0,0.0006,0.0,65.0,0.0,2.0,63.0,0.0,0.0,0.0,0.0,0.0,0.0,0.0,0.0,0.0,0.0,0.0,0.0,0.0,0.0,0.0,0.0,0.0,0.0,0.0,8.0,2.0,1.0
222,1.8466144000000007,0,8.3032,1.6003,0.8367,1.1067,0.069,0.0027,0.0013,0.0001,0.0106,0.0169,0.0015,0.0006,0.0071,0.0001,0.0011,0.0014,0.0,0.0001,0.007,0.0011,0.0004,0.0,0.0004,0.0423,0.0071,0.0,0.0003,0.0,65.0,0.0,2.0,63.0,0.0,0.0,0.0,0.0,0.0,0.0,0.0,0.0,0.0,0.0,0.0,0.0,0.0,0.0,0.0,0.0,0.0,0.0,0.0,8.0,2.0,1.0
223,1.8549176000000007,0,8.3756,1.6027,0.8319,1.0436,0.0626,0.0011,0.0017,0.0001,0.0041,0.0092,0.0021,0.0008,0.0077,0.0001,0.0016,0.0014,0.0,0.0001,0.0073,0.0016,0.0004,0.0001,0.0006,0.0364,0.0056,0.0001,0.0005,0.0,65.0,0.0,2.0,63.0,0.0,0.0,0.0,0.0,0.0,0.0,0.0,0.0,0.0,0.0,0.0,0.0,0.0,0.0,0.0,0.0,0.0,0.0,0.0,8.0,2.0,1.0
224,1.8632932000000006,0,8.3088,1.5774,0.8611,1.1075,0.0683,0.0037,0.0013,0.0002,0.0109,0.0182,0.0014,0.001,0.0065,0.0001,0.0012,0.0011,0.0,0.0001,0.0072,0.0017,0.0004,0.0001,0.0005,0.0427,0.0068,0.0001,0.0005,0.0,65.0,0.0,2.0,63.0,0.0,0.0,0.0,0.0,0.0,0.0,0.0,0.0,0.0,0.0,0.0,0.0,0.0,0.0,0.0,0.0,0.0,0.0,0.0,8.0,2.0,1.0
225,1.8716020000000007,0,8.3312,1.6194,0.8353,1.2532,0.0666,0.0029,0.0019,0.0001,0.005,0.0119,0.0016,0.0006,0.0066,0.0001,0.0011,0.0017,0.0001,0.0002,0.0076,0.0013,0.0004,0.0001,0.0004,0.0379,0.0083,0.0001,0.0008,0.0,65.0,0.0,2.0,63.0,0.0,0.0,0.0,0.0,0.0,0.0,0.0,0.0,0.0,0.0,0.0,0.0,0.0,0.0,0.0,0.0,0.0,0.0,0.0,8.0,2.0,1.0
226,1.8799332000000006,0,8.367,1.5843,0.8543,1.1031,0.0685,0.0016,0.0016,0.0002,0.0097,0.0149,0.002,0.0005,0.0072,0.0001,0.0011,0.0017,0.0001,0.0001,0.0074,0.0012,0.0004,0.0001,0.0004,0.0397,0.0092,0.0,0.0009,0.0,65.0,0.0,2.0,63.0,0.0,0.0,0.0,0.0,0.0,0.0,0.0,0.0,0.0,0.0,0.0,0.0,0.0,0.0,0.0,0.0,0.0,0.0,0.0,8.0,2.0,1.0
227,1.8883002000000007,0,8.4258,1.5034,0.9315,1.1571,0.074,0.0036,0.0016,0.0003,0.0062,0.015,0.0015,0.0005,0.0072,0.0006,0.0011,0.0017,0.0001,0.0001,0.0077,0.0013,0.0005,0.0,0.0005,0.0423,0.0086,0.0,0.0005,0.0,65.0,0.0,2.0,63.0,0.0,0.0,0.0,0.0,0.0,0.0,0.0,0.0,0.0,0.0,0.0,0.0,0.0,0.0,0.0,0.0,0.0,0.0,0.0,8.0,2.0,1.0
228,1.8967260000000006,0,8.6751,1.799,1.1671,1.4405,0.102,0.0025,0.005,0.0004,0.0151,0.0262,0.002,0.0012,0.0104,0.0002,0.0019,0.0024,0.0001,0.0001,0.0097,0.0016,0.001,0.0001,0.0006,0.0628,0.0106,0.0,0.0009,0.0,65.0,0.0,2.0,63.0,0.0,0.0,0.0,0.0,0.0,0.0,0.0,0.0,0.0,0.0,0.0,0.0,0.0,0.0,0.0,0.0,0.0,0.0,0.0,8.0,2.0,1.0
229,1.9054011000000006,0,8.1509,1.7906,1.2268,1.195,0.0891,0.0034,0.0021,0.0003,0.0114,0.0199,0.0022,0.0008,0.01,0.0001,0.0015,0.0023,0.0001,0.0001,0.0097,0.0014,0.0006,0.0001,0.001,0.0545,0.0087,0.0,0.0005,0.0,65.0,0.0,2.0,63.0,0.0,0.0,0.0,0.0,0.0,0.0,0.0,0.0,0.0,0.0,0.0,0.0,0.0,0.0,0.0,0.0,0.0,0.0,0.0,8.0,2.0,1.0
230,1.9135520000000006,0,8.1792,1.7259,1.0249,1.2569,0.0823,0.0013,0.0056,0.0002,0.012,0.0215,0.002,0.0007,0.0078,0.0002,0.0014,0.0015,0.0001,0.0001,0.0089,0.0014,0.0004,0.0001,0.0009,0.0508,0.0082,0.0,0.0005,0.0,65.0,0.0,2.0,63.0,0.0,0.0,0.0,0.0,0.0,0.0,0.0,0.0,0.0,0.0,0.0,0.0,0.0,0.0,0.0,0.0,0.0,0.0,0.0,8.0,2.0,1.0
231,1.9217312000000006,0,8.2812,1.6272,0.9654,1.083,0.0702,0.0013,0.0038,0.0004,0.0054,0.013,0.0021,0.0007,0.0076,0.0002,0.0017,0.0014,0.0001,0.0001,0.0078,0.0013,0.0004,0.0001,0.0004,0.0396,0.0083,0.0,0.0006,0.0,65.0,0.0,2.0,63.0,0.0,0.0,0.0,0.0,0.0,0.0,0.0,0.0,0.0,0.0,0.0,0.0,0.0,0.0,0.0,0.0,0.0,0.0,0.0,8.0,2.0,1.0
232,1.9300124000000007,0,8.3563,1.5742,0.9272,1.1551,0.0768,0.003,0.0014,0.0002,0.0118,0.0192,0.0015,0.0007,0.0076,0.0002,0.0014,0.0019,0.0,0.0001,0.0081,0.0013,0.0004,0.0,0.0005,0.0477,0.0076,0.0,0.0006,0.0,65.0,0.0,2.0,63.0,0.0,0.0,0.0,0.0,0.0,0.0,0.0,0.0,0.0,0.0,0.0,0.0,0.0,0.0,0.0,0.0,0.0,0.0,0.0,8.0,2.0,1.0
233,1.9383687000000007,0,8.1961,1.5696,0.8769,1.1249,0.0603,0.0037,0.0013,0.0003,0.0058,0.013,0.0013,0.0006,0.0062,0.0001,0.0011,0.0011,0.0001,0.0001,0.0075,0.0011,0.0009,0.0,0.0004,0.0365,0.0047,0.0,0.0005,0.0,65.0,0.0,2.0,63.0,0.0,0.0,0.0,0.0,0.0,0.0,0.0,0.0,0.0,0.0,0.0,0.0,0.0,0.0,0.0,0.0,0.0,0.0,0.0,8.0,2.0,1.0
234,1.9465648000000007,0,8.6677,1.5761,0.9784,1.1057,0.0783,0.0027,0.0017,0.0002,0.0116,0.019,0.0015,0.0007,0.0077,0.0002,0.0014,0.0018,0.0001,0.0001,0.0079,0.0011,0.0004,0.0006,0.0005,0.0475,0.0077,0.0,0.0009,0.0,65.0,0.0,2.0,63.0,0.0,0.0,0.0,0.0,0.0,0.0,0.0,0.0,0.0,0.0,0.0,0.0,0.0,0.0,0.0,0.0,0.0,0.0,0.0,8.0,2.0,1.0
235,1.9552325000000006,0,8.2167,1.8251,1.1031,1.5018,0.0795,0.0039,0.0016,0.0002,0.0063,0.015,0.0017,0.0008,0.0081,0.0002,0.0014,0.0021,0.0,0.0001,0.0083,0.0013,0.0005,0.0002,0.0006,0.0458,0.0089,0.0001,0.0017,0.0,65.0,0.0,2.0,63.0,0.0,0.0,0.0,0.0,0.0,0.0,0.0,0.0,0.0,0.0,0.0,0.0,0.0,0.0,0.0,0.0,0.0,0.0,0.0,8.0,2.0,1.0
236,1.9634492000000006,0,8.3296,1.6493,1.0219,1.3515,0.0786,0.0038,0.0015,0.0002,0.0122,0.0204,0.0018,0.0005,0.0065,0.0002,0.001,0.002,0.0,0.0001,0.0089,0.0017,0.0004,0.0,0.0003,0.0483,0.0078,0.0,0.0007,0.0,65.0,0.0,2.0,63.0,0.0,0.0,0.0,0.0,0.0,0.0,0.0,0.0,0.0,0.0,0.0,0.0,0.0,0.0,0.0,0.0,0.0,0.0,0.0,8.0,2.0,1.0
237,1.9717788000000005,0,8.2385,1.7039,0.9944,1.2111,0.0731,0.0029,0.0016,0.0002,0.0048,0.0117,0.0021,0.0008,0.0081,0.0001,0.0013,0.0019,0.0001,0.0001,0.008,0.0012,0.0005,0.0,0.0006,0.0402,0.009,0.0,0.001,0.0,65.0,0.0,2.0,63.0,0.0,0.0,0.0,0.0,0.0,0.0,0.0,0.0,0.0,0.0,0.0,0.0,0.0,0.0,0.0,0.0,0.0,0.0,0.0,8.0,2.0,1.0
238,1.9800173000000005,0,8.3357,1.6796,0.9213,1.0949,0.0784,0.0029,0.0014,0.0001,0.0145,0.0208,0.0024,0.0007,0.0094,0.0002,0.0011,0.0018,0.0001,0.0002,0.0079,0.0013,0.0004,0.0,0.0005,0.0501,0.0088,0.0,0.001,0.0,65.0,0.0,2.0,63.0,0.0,0.0,0.0,0.0,0.0,0.0,0.0,0.0,0.0,0.0,0.0,0.0,0.0,0.0,0.0,0.0,0.0,0.0,0.0,8.0,2.0,1.0
239,1.9883530000000005,0,8.3751,1.5379,0.9231,1.0664,0.0645,0.0032,0.0016,0.0001,0.0057,0.0127,0.0015,0.0005,0.0065,0.0001,0.0016,0.0014,0.0001,0.0001,0.0078,0.0014,0.0004,0.0001,0.0005,0.0376,0.0078,0.0,0.0009,0.0,65.0,0.0,2.0,63.0,0.0,0.0,0.0,0.0,0.0,0.0,0.0,0.0,0.0,0.0,0.0,0.0,0.0,0.0,0.0,0.0,0.0,0.0,0.0,8.0,2.0,1.0
240,1.9967281000000006,0,8.3454,1.5774,0.9611,1.0928,0.0756,0.0031,0.0014,0.0002,0.0106,0.0175,0.0015,0.0012,0.0071,0.0001,0.0011,0.002,0.0001,0.0001,0.0081,0.0013,0.001,0.0,0.0005,0.0453,0.008,0.0,0.0008,0.0,65.0,0.0,2.0,63.0,0.0,0.0,0.0,0.0,0.0,0.0,0.0,0.0,0.0,0.0,0.0,0.0,0.0,0.0,0.0,0.0,0.0,0.0,0.0,8.0,2.0,1.0
241,2.0050735000000004,0,8.1846,1.5993,0.9338,1.0438,0.0603,0.0023,0.002,0.0003,0.0046,0.0113,0.0013,0.0008,0.0068,0.0001,0.0012,0.0014,0.0001,0.0001,0.0073,0.0014,0.0005,0.0001,0.0005,0.037,0.0045,0.0,0.0005,0.0,65.0,0.0,2.0,63.0,0.0,0.0,0.0,0.0,0.0,0.0,0.0,0.0,0.0,0.0,0.0,0.0,0.0,0.0,0.0,0.0,0.0,0.0,0.0,8.0,2.0,1.0
242,2.0132581000000003,0,8.3127,1.5522,0.8305,1.0573,0.0679,0.0011,0.0048,0.0002,0.0099,0.0178,0.0014,0.0006,0.0055,0.0002,0.0015,0.0012,0.0,0.0001,0.0067,0.0011,0.0004,0.0,0.0007,0.0408,0.0074,0.0,0.0007,0.0,65.0,0.0,2.0,63.0,0.0,0.0,0.0,0.0,0.0,0.0,0.0,0.0,0.0,0.0,0.0,0.0,0.0,0.0,0.0,0.0,0.0,0.0,0.0,8.0,2.0,1.0
243,2.0215708,0,8.6006,1.544,0.9387,1.1805,0.0714,0.0051,0.002,0.0002,0.0046,0.0145,0.0015,0.001,0.008,0.0001,0.0014,0.0016,0.0001,0.0002,0.0076,0.0011,0.0004,0.0001,0.0004,0.0415,0.0088,0.0,0.0008,0.0,65.0,0.0,2.0,63.0,0.0,0.0,0.0,0.0,0.0,0.0,0.0,0.0,0.0,0.0,0.0,0.0,0.0,0.0,0.0,0.0,0.0,0.0,0.0,8.0,2.0,1.0
244,2.0301714,0,8.2445,1.7229,1.0871,1.2136,0.0898,0.004,0.002,0.0003,0.0127,0.0225,0.0027,0.0013,0.0124,0.0002,0.002,0.0017,0.0001,0.0002,0.008,0.0013,0.0005,0.0,0.0006,0.0571,0.0081,0.0,0.0009,0.0,65.0,0.0,2.0,63.0,0.0,0.0,0.0,0.0,0.0,0.0,0.0,0.0,0.0,0.0,0.0,0.0,0.0,0.0,0.0,0.0,0.0,0.0,0.0,8.0,2.0,1.0
245,2.0384159,0,8.3418,1.6538,0.969,1.1457,0.0683,0.0035,0.0018,0.0002,0.005,0.0128,0.0014,0.0006,0.007,0.0001,0.0012,0.0014,0.0001,0.0001,0.0078,0.0011,0.0005,0.0,0.0006,0.0387,0.0084,0.0,0.0009,0.0,65.0,0.0,2.0,63.0,0.0,0.0,0.0,0.0,0.0,0.0,0.0,0.0,0.0,0.0,0.0,0.0,0.0,0.0,0.0,0.0,0.0,0.0,0.0,8.0,2.0,1.0
246,2.0467577,0,8.5134,1.5397,1.1498,1.1959,0.088,0.0016,0.0045,0.0003,0.0123,0.0218,0.0014,0.0009,0.0079,0.0001,0.0022,0.0017,0.0001,0.0001,0.0084,0.0015,0.0009,0.0002,0.0006,0.0531,0.0091,0.0,0.001,0.0,65.0,0.0,2.0,63.0,0.0,0.0,0.0,0.0,0.0,0.0,0.0,0.0,0.0,0.0,0.0,0.0,0.0,0.0,0.0,0.0,0.0,0.0,0.0,8.0,2.0,1.0
247,2.0552711,0,8.2124,1.7618,1.1462,1.2697,0.0773,0.0016,0.0018,0.0003,0.0066,0.0125,0.002,0.0007,0.0079,0.0001,0.0017,0.0018,0.0002,0.0001,0.0096,0.0013,0.001,0.0001,0.0007,0.0441,0.0101,0.0,0.0006,0.0,65.0,0.0,2.0,63.0,0.0,0.0,0.0,0.0,0.0,0.0,0.0,0.0,0.0,0.0,0.0,0.0,0.0,0.0,0.0,0.0,0.0,0.0,0.0,8.0,2.0,1.0
248,2.0634835000000002,0,8.3185,1.7451,1.0316,1.1727,0.0829,0.002,0.0049,0.0004,0.0128,0.0225,0.0014,0.0008,0.0073,0.0001,0.0015,0.0019,0.0001,0.0001,0.0087,0.0017,0.0005,0.0001,0.0005,0.0518,0.0085,0.0,0.0008,0.0,65.0,0.0,2.0,63.0,0.0,0.0,0.0,0.0,0.0,0.0,0.0,0.0,0.0,0.0,0.0,0.0,0.0,0.0,0.0,0.0,0.0,0.0,0.0,8.0,2.0,1.0
249,2.0718020000000004,0,8.5809,1.7674,1.1814,1.2523,0.0879,0.0031,0.0017,0.0003,0.0086,0.017,0.0021,0.001,0.0092,0.0002,0.002,0.0027,0.0002,0.0001,0.009,0.0017,0.0006,0.0001,0.0006,0.051,0.0095,0.0,0.0011,0.0,65.0,0.0,2.0,63.0,0.0,0.0,0.0,0.0,0.0,0.0,0.0,0.0,0.0,0.0,0.0,0.0,0.0,0.0,0.0,0.0,0.0,0.0,0.0,8.0,2.0,1.0
250,2.0803829000000005,0,8.48,1.8497,1.3311,1.3745,0.1019,0.0034,0.0019,0.0004,0.0154,0.0248,0.002,0.0018,0.0095,0.0001,0.0016,0.0027,0.0001,0.0001,0.011,0.0015,0.0005,0.0002,0.0008,0.0623,0.0092,0.0,0.0011,0.0,65.0,0.0,2.0,63.0,0.0,0.0,0.0,0.0,0.0,0.0,0.0,0.0,0.0,0.0,0.0,0.0,0.0,0.0,0.0,0.0,0.0,0.0,0.0,8.0,2.0,1.0
251,2.0888629000000005,0,8.2689,2.1975,1.4709,1.5293,0.0945,0.0037,0.0021,0.0003,0.0075,0.0173,0.0025,0.001,0.0097,0.0003,0.0022,0.0025,0.0002,0.0001,0.0113,0.0019,0.0007,0.0001,0.0008,0.0549,0.01,0.0,0.0007,0.0,65.0,0.0,2.0,63.0,0.0,0.0,0.0,0.0,0.0,0.0,0.0,0.0,0.0,0.0,0.0,0.0,0.0,0.0,0.0,0.0,0.0,0.0,0.0,8.0,2.0,1.0
252,2.0971318000000005,0,8.0569,2.1411,1.2756,1.4343,0.0893,0.0026,0.0021,0.0003,0.0158,0.0238,0.0016,0.0009,0.0073,0.0002,0.0016,0.0022,0.0001,0.0001,0.0079,0.0012,0.0005,0.0001,0.0006,0.0532,0.0097,0.0,0.0008,0.0,65.0,0.0,2.0,63.0,0.0,0.0,0.0,0.0,0.0,0.0,0.0,0.0,0.0,0.0,0.0,0.0,0.0,0.0,0.0,0.0,0.0,0.0,0.0,8.0,2.0,1.0
253,2.1051887000000007,0,8.2004,1.8376,1.0437,1.2676,0.0776,0.0015,0.0018,0.0004,0.0074,0.0133,0.0018,0.0008,0.0079,0.0002,0.0018,0.0017,0.0,0.0002,0.0092,0.0017,0.0005,0.0001,0.0005,0.0447,0.0095,0.0,0.0005,0.0,65.0,0.0,2.0,63.0,0.0,0.0,0.0,0.0,0.0,0.0,0.0,0.0,0.0,0.0,0.0,0.0,0.0,0.0,0.0,0.0,0.0,0.0,0.0,8.0,2.0,1.0
254,2.113389100000001,0,8.3867,1.6608,0.9829,1.1392,0.0846,0.0043,0.002,0.0002,0.013,0.0219,0.0018,0.0008,0.0074,0.0002,0.0015,0.0023,0.0001,0.0001,0.0086,0.0015,0.0005,0.0001,0.0005,0.0517,0.0087,0.0001,0.0007,0.0,65.0,0.0,2.0,63.0,0.0,0.0,0.0,0.0,0.0,0.0,0.0,0.0,0.0,0.0,0.0,0.0,0.0,0.0,0.0,0.0,0.0,0.0,0.0,8.0,2.0,1.0
255,2.121775800000001,0,8.323,1.7155,0.982,1.1525,0.0776,0.0032,0.0014,0.0003,0.0071,0.0147,0.0018,0.0007,0.0077,0.0001,0.0015,0.0024,0.0001,0.0001,0.0092,0.0012,0.0005,0.0001,0.0009,0.045,0.009,0.0,0.0008,0.0,65.0,0.0,2.0,63.0,0.0,0.0,0.0,0.0,0.0,0.0,0.0,0.0,0.0,0.0,0.0,0.0,0.0,0.0,0.0,0.0,0.0,0.0,0.0,8.0,2.0,1.0
256,2.1300988000000007,0,8.4237,1.8009,1.078,1.104,0.0797,0.0018,0.0036,0.0004,0.0112,0.019,0.0021,0.0008,0.0079,0.0001,0.0015,0.0018,0.0,0.0001,0.0087,0.0013,0.0004,0.0001,0.0011,0.0479,0.008,0.0,0.0009,0.0,65.0,0.0,2.0,63.0,0.0,0.0,0.0,0.0,0.0,0.0,0.0,0.0,0.0,0.0,0.0,0.0,0.0,0.0,0.0,0.0,0.0,0.0,0.0,8.0,2.0,1.0
257,2.1385225000000005,0,8.298,1.6854,1.0953,1.1682,0.0806,0.0018,0.0019,0.0002,0.0087,0.0156,0.0016,0.0009,0.0077,0.0001,0.0014,0.0023,0.0002,0.0002,0.0092,0.0013,0.0005,0.0001,0.0007,0.0465,0.0103,0.0,0.0009,0.0,65.0,0.0,2.0,63.0,0.0,0.0,0.0,0.0,0.0,0.0,0.0,0.0,0.0,0.0,0.0,0.0,0.0,0.0,0.0,0.0,0.0,0.0,0.0,8.0,2.0,1.0
258,2.1468205000000005,0,8.4307,1.7921,1.1072,1.3649,0.0842,0.0042,0.0019,0.0003,0.0134,0.0227,0.0018,0.0008,0.0078,0.0001,0.0017,0.0016,0.0001,0.0002,0.0079,0.0012,0.0004,0.0001,0.0006,0.0509,0.008,0.0,0.0009,0.0,65.0,0.0,2.0,63.0,0.0,0.0,0.0,0.0,0.0,0.0,0.0,0.0,0.0,0.0,0.0,0.0,0.0,0.0,0.0,0.0,0.0,0.0,0.0,8.0,2.0,1.0
259,2.1552512000000004,0,8.182,1.7396,1.1178,1.2082,0.0781,0.0033,0.0015,0.0003,0.0068,0.0141,0.0018,0.0007,0.0074,0.0001,0.0014,0.0023,0.0,0.0002,0.0087,0.0016,0.0005,0.0001,0.0005,0.0432,0.009,0.0,0.0007,0.0,65.0,0.0,2.0,63.0,0.0,0.0,0.0,0.0,0.0,0.0,0.0,0.0,0.0,0.0,0.0,0.0,0.0,0.0,0.0,0.0,0.0,0.0,0.0,8.0,2.0,1.0
260,2.1634332000000005,0,8.4368,1.6939,1.105,1.2323,0.084,0.0022,0.0019,0.0003,0.0126,0.0198,0.0015,0.0006,0.0074,0.0002,0.0017,0.0026,0.0001,0.0001,0.0086,0.0019,0.0005,0.0001,0.0006,0.0509,0.0082,0.0,0.0006,0.0,65.0,0.0,2.0,63.0,0.0,0.0,0.0,0.0,0.0,0.0,0.0,0.0,0.0,0.0,0.0,0.0,0.0,0.0,0.0,0.0,0.0,0.0,0.0,8.0,2.0,1.0
261,2.1718700000000006,0,8.2621,1.8621,1.0425,1.2723,0.0804,0.0034,0.0016,0.0002,0.0061,0.014,0.0018,0.0009,0.0089,0.0003,0.0021,0.0019,0.0001,0.0001,0.0095,0.0014,0.0005,0.0002,0.0005,0.0459,0.0092,0.0,0.0009,0.0,65.0,0.0,2.0,63.0,0.0,0.0,0.0,0.0,0.0,0.0,0.0,0.0,0.0,0.0,0.0,0.0,0.0,0.0,0.0,0.0,0.0,0.0,0.0,8.0,2.0,1.0
262,2.1801321000000007,0,8.3229,1.6782,1.0564,1.1485,0.0842,0.0045,0.002,0.0003,0.0126,0.0217,0.0016,0.0009,0.0082,0.0002,0.0014,0.0022,0.0001,0.0001,0.0086,0.0013,0.0005,0.0,0.0006,0.0519,0.0084,0.0001,0.0006,0.0,65.0,0.0,2.0,63.0,0.0,0.0,0.0,0.0,0.0,0.0,0.0,0.0,0.0,0.0,0.0,0.0,0.0,0.0,0.0,0.0,0.0,0.0,0.0,8.0,2.0,1.0
263,2.1884550000000007,0,8.3201,1.7248,1.0137,1.2144,0.0781,0.0041,0.0018,0.0003,0.0064,0.015,0.0017,0.0009,0.0079,0.0001,0.0014,0.0022,0.0001,0.0002,0.0083,0.0016,0.0005,0.0001,0.0006,0.0454,0.0082,0.0001,0.0007,0.0,65.0,0.0,2.0,63.0,0.0,0.0,0.0,0.0,0.0,0.0,0.0,0.0,0.0,0.0,0.0,0.0,0.0,0.0,0.0,0.0,0.0,0.0,0.0,8.0,2.0,1.0
264,2.196775100000001,0,8.3545,1.594,1.0112,1.1124,0.0787,0.0016,0.0016,0.0008,0.0118,0.0181,0.0016,0.0008,0.0072,0.0002,0.0013,0.002,0.0001,0.0001,0.0085,0.0018,0.0005,0.0,0.0006,0.0473,0.0092,0.0001,0.0009,0.0,65.0,0.0,2.0,63.0,0.0,0.0,0.0,0.0,0.0,0.0,0.0,0.0,0.0,0.0,0.0,0.0,0.0,0.0,0.0,0.0,0.0,0.0,0.0,8.0,2.0,1.0
265,2.2051296000000007,0,8.2815,1.6212,1.0469,1.1334,0.0827,0.0043,0.0018,0.0003,0.0072,0.0172,0.0017,0.0008,0.0078,0.0002,0.0015,0.0024,0.0002,0.0002,0.0081,0.0013,0.0005,0.0001,0.0006,0.047,0.0095,0.0001,0.0006,0.0,65.0,0.0,2.0,63.0,0.0,0.0,0.0,0.0,0.0,0.0,0.0,0.0,0.0,0.0,0.0,0.0,0.0,0.0,0.0,0.0,0.0,0.0,0.0,8.0,2.0,1.0
266,2.2134111000000005,0,8.2715,1.7124,0.9239,1.11,0.0755,0.0013,0.0051,0.0003,0.0138,0.0223,0.0015,0.0006,0.0068,0.0001,0.0015,0.0013,0.0,0.0001,0.0078,0.0011,0.0003,0.0001,0.0004,0.0484,0.0074,0.0,0.0008,0.0,65.0,0.0,2.0,63.0,0.0,0.0,0.0,0.0,0.0,0.0,0.0,0.0,0.0,0.0,0.0,0.0,0.0,0.0,0.0,0.0,0.0,0.0,0.0,8.0,2.0,1.0
267,2.2216826000000007,0,8.3041,1.6416,0.9137,1.1288,0.0707,0.0031,0.0018,0.0002,0.0042,0.0112,0.0016,0.0006,0.0072,0.0002,0.0019,0.0016,0.0001,0.0002,0.0077,0.0017,0.0004,0.0,0.0004,0.0386,0.0082,0.0,0.0007,0.0,65.0,0.0,2.0,63.0,0.0,0.0,0.0,0.0,0.0,0.0,0.0,0.0,0.0,0.0,0.0,0.0,0.0,0.0,0.0,0.0,0.0,0.0,0.0,8.0,2.0,1.0
268,2.229986700000001,0,8.4486,1.6784,0.9685,1.1445,0.0859,0.0045,0.0016,0.0003,0.0118,0.0205,0.0022,0.0008,0.0086,0.0006,0.0014,0.0016,0.0001,0.0001,0.0081,0.0013,0.0004,0.0001,0.0006,0.0511,0.0094,0.0,0.0004,0.0,65.0,0.0,2.0,63.0,0.0,0.0,0.0,0.0,0.0,0.0,0.0,0.0,0.0,0.0,0.0,0.0,0.0,0.0,0.0,0.0,0.0,0.0,0.0,8.0,2.0,1.0
269,2.238435300000001,0,8.262,1.5585,0.9273,1.2113,0.0633,0.0014,0.0014,0.0002,0.0067,0.0121,0.0014,0.0005,0.0065,0.0001,0.0017,0.0012,0.0001,0.0001,0.0078,0.0014,0.0004,0.0,0.0004,0.0378,0.0046,0.0,0.0013,0.0,65.0,0.0,2.0,63.0,0.0,0.0,0.0,0.0,0.0,0.0,0.0,0.0,0.0,0.0,0.0,0.0,0.0,0.0,0.0,0.0,0.0,0.0,0.0,8.0,2.0,1.0
270,2.246697300000001,0,8.378,1.5315,0.9478,1.1457,0.0724,0.0036,0.0013,0.0002,0.0099,0.0173,0.0016,0.0007,0.0069,0.0001,0.0019,0.0015,0.0001,0.0005,0.007,0.0014,0.0004,0.0001,0.0006,0.0436,0.0077,0.0001,0.0014,0.0,65.0,0.0,2.0,63.0,0.0,0.0,0.0,0.0,0.0,0.0,0.0,0.0,0.0,0.0,0.0,0.0,0.0,0.0,0.0,0.0,0.0,0.0,0.0,8.0,2.0,1.0
271,2.255075300000001,0,8.5006,1.7623,1.1265,1.2058,0.0829,0.0022,0.0042,0.0003,0.0063,0.0152,0.0017,0.0009,0.0079,0.0001,0.0023,0.0018,0.0001,0.0007,0.0086,0.0012,0.0005,0.0,0.0006,0.046,0.0097,0.0,0.0008,0.0,65.0,0.0,2.0,63.0,0.0,0.0,0.0,0.0,0.0,0.0,0.0,0.0,0.0,0.0,0.0,0.0,0.0,0.0,0.0,0.0,0.0,0.0,0.0,8.0,2.0,1.0
272,2.263575900000001,0,8.3749,1.8718,1.1718,1.2319,0.0939,0.0037,0.0021,0.0003,0.0169,0.0253,0.0016,0.0014,0.0099,0.0002,0.002,0.0018,0.0001,0.0001,0.0083,0.0013,0.0009,0.0001,0.0005,0.0579,0.0089,0.0,0.0007,0.0,65.0,0.0,2.0,63.0,0.0,0.0,0.0,0.0,0.0,0.0,0.0,0.0,0.0,0.0,0.0,0.0,0.0,0.0,0.0,0.0,0.0,0.0,0.0,8.0,2.0,1.0
273,2.2719508000000013,0,8.1978,1.8388,1.1162,1.3299,0.0774,0.0031,0.0016,0.0002,0.0061,0.0141,0.0018,0.0012,0.0083,0.0002,0.0014,0.0023,0.0001,0.0001,0.0083,0.0016,0.0005,0.0002,0.0006,0.045,0.008,0.0001,0.0007,0.0,65.0,0.0,2.0,63.0,0.0,0.0,0.0,0.0,0.0,0.0,0.0,0.0,0.0,0.0,0.0,0.0,0.0,0.0,0.0,0.0,0.0,0.0,0.0,8.0,2.0,1.0
274,2.2801486000000013,0,8.2032,1.6165,0.9845,1.2028,0.0741,0.0041,0.0015,0.0003,0.0108,0.019,0.0014,0.0012,0.0068,0.0001,0.0012,0.0018,0.0001,0.0001,0.0076,0.0011,0.0004,0.0001,0.0009,0.0454,0.0077,0.0,0.0005,0.0,65.0,0.0,2.0,63.0,0.0,0.0,0.0,0.0,0.0,0.0,0.0,0.0,0.0,0.0,0.0,0.0,0.0,0.0,0.0,0.0,0.0,0.0,0.0,8.0,2.0,1.0
275,2.2883518000000014,0,8.3057,1.5824,0.9225,1.1218,0.0665,0.0017,0.0032,0.0002,0.0053,0.0128,0.0018,0.0008,0.007,0.0001,0.0017,0.0014,0.0,0.0002,0.0077,0.0016,0.0004,0.0,0.0004,0.0385,0.0077,0.0001,0.0007,0.0,65.0,0.0,2.0,63.0,0.0,0.0,0.0,0.0,0.0,0.0,0.0,0.0,0.0,0.0,0.0,0.0,0.0,0.0,0.0,0.0,0.0,0.0,0.0,8.0,2.0,1.0
276,2.2966575000000016,0,8.4355,1.6606,0.9298,1.1433,0.0758,0.0034,0.0014,0.0003,0.0127,0.0205,0.0021,0.0008,0.0073,0.0002,0.0018,0.0014,0.0001,0.0001,0.0071,0.0016,0.0004,0.0,0.0005,0.0478,0.0073,0.0,0.0009,0.0,65.0,0.0,2.0,63.0,0.0,0.0,0.0,0.0,0.0,0.0,0.0,0.0,0.0,0.0,0.0,0.0,0.0,0.0,0.0,0.0,0.0,0.0,0.0,8.0,2.0,1.0
277,2.3050930000000016,0,8.2701,1.6369,0.968,1.0968,0.0679,0.0014,0.0015,0.0002,0.0042,0.0093,0.0017,0.0008,0.0079,0.0002,0.0013,0.0015,0.0005,0.0001,0.0077,0.0014,0.0005,0.0001,0.0004,0.0375,0.0086,0.0,0.0008,0.0,65.0,0.0,2.0,63.0,0.0,0.0,0.0,0.0,0.0,0.0,0.0,0.0,0.0,0.0,0.0,0.0,0.0,0.0,0.0,0.0,0.0,0.0,0.0,8.0,2.0,1.0
278,2.3133631000000014,0,8.3445,1.561,0.9387,1.0995,0.0729,0.0014,0.0047,0.0002,0.0101,0.0188,0.0013,0.0007,0.0067,0.0001,0.0016,0.0014,0.0,0.0001,0.0062,0.0017,0.0005,0.0,0.0005,0.0432,0.0081,0.0,0.0007,0.0,65.0,0.0,2.0,63.0,0.0,0.0,0.0,0.0,0.0,0.0,0.0,0.0,0.0,0.0,0.0,0.0,0.0,0.0,0.0,0.0,0.0,0.0,0.0,8.0,2.0,1.0
279,2.3217076000000016,0,8.3585,1.6195,0.9294,1.1085,0.0717,0.0032,0.0015,0.0002,0.0057,0.013,0.0021,0.0007,0.0078,0.0002,0.0014,0.0016,0.0,0.0001,0.0073,0.0015,0.0005,0.0001,0.0004,0.0408,0.0094,0.0,0.0007,0.0,65.0,0.0,2.0,63.0,0.0,0.0,0.0,0.0,0.0,0.0,0.0,0.0,0.0,0.0,0.0,0.0,0.0,0.0,0.0,0.0,0.0,0.0,0.0,8.0,2.0,1.0
280,2.3300661000000016,0,8.3214,1.6498,0.977,1.0928,0.0758,0.0039,0.0018,0.0002,0.0116,0.0199,0.0019,0.0005,0.0073,0.0002,0.0016,0.0014,0.0001,0.0002,0.0072,0.0012,0.0008,0.0001,0.0003,0.0461,0.0078,0.0,0.0007,0.0,65.0,0.0,2.0,63.0,0.0,0.0,0.0,0.0,0.0,0.0,0.0,0.0,0.0,0.0,0.0,0.0,0.0,0.0,0.0,0.0,0.0,0.0,0.0,8.0,2.0,1.0
281,2.3383875000000014,0,8.2364,1.6096,0.9254,1.1642,0.0632,0.0026,0.0015,0.0002,0.0033,0.0105,0.0016,0.0006,0.007,0.0001,0.0013,0.0021,0.0,0.0001,0.0065,0.0012,0.0005,0.0001,0.0004,0.0362,0.0069,0.0,0.0009,0.0,65.0,0.0,2.0,63.0,0.0,0.0,0.0,0.0,0.0,0.0,0.0,0.0,0.0,0.0,0.0,0.0,0.0,0.0,0.0,0.0,0.0,0.0,0.0,8.0,2.0,1.0
282,2.3466239000000013,0,8.4412,1.6222,0.8792,1.0826,0.0666,0.0012,0.0014,0.0002,0.0083,0.0131,0.0014,0.0008,0.0071,0.0001,0.0018,0.0016,0.0,0.0002,0.0068,0.0017,0.0005,0.0001,0.0005,0.0395,0.0076,0.0,0.0007,0.0,65.0,0.0,2.0,63.0,0.0,0.0,0.0,0.0,0.0,0.0,0.0,0.0,0.0,0.0,0.0,0.0,0.0,0.0,0.0,0.0,0.0,0.0,0.0,8.0,2.0,1.0
283,2.3550651000000014,0,8.2503,1.6357,0.9807,1.2876,0.07,0.0031,0.0016,0.0003,0.0054,0.0126,0.0019,0.0008,0.0078,0.0001,0.0017,0.0014,0.0001,0.0001,0.0073,0.0014,0.0005,0.0001,0.0005,0.0401,0.0087,0.0,0.0007,0.0,65.0,0.0,2.0,63.0,0.0,0.0,0.0,0.0,0.0,0.0,0.0,0.0,0.0,0.0,0.0,0.0,0.0,0.0,0.0,0.0,0.0,0.0,0.0,8.0,2.0,1.0
284,2.363315400000001,0,8.3496,1.6306,0.9007,1.096,0.073,0.0012,0.0035,0.0002,0.0112,0.0187,0.0014,0.0007,0.007,0.0002,0.0017,0.0014,0.0001,0.0001,0.0073,0.0016,0.0005,0.0,0.0004,0.0445,0.0074,0.0,0.0006,0.0,65.0,0.0,2.0,63.0,0.0,0.0,0.0,0.0,0.0,0.0,0.0,0.0,0.0,0.0,0.0,0.0,0.0,0.0,0.0,0.0,0.0,0.0,0.0,8.0,2.0,1.0
285,2.371665000000001,0,8.3514,1.6719,0.865,1.0826,0.0609,0.0029,0.0013,0.0002,0.0046,0.0109,0.0018,0.0004,0.0062,0.0001,0.0013,0.002,0.0001,0.0001,0.007,0.0011,0.0005,0.0001,0.0007,0.035,0.0072,0.0,0.0007,0.0,65.0,0.0,2.0,63.0,0.0,0.0,0.0,0.0,0.0,0.0,0.0,0.0,0.0,0.0,0.0,0.0,0.0,0.0,0.0,0.0,0.0,0.0,0.0,8.0,2.0,1.0
286,2.380016400000001,0,8.3631,1.6074,0.9624,1.1481,0.0799,0.0011,0.0021,0.0003,0.0093,0.0148,0.0016,0.0006,0.007,0.0001,0.0013,0.0023,0.0002,0.0002,0.0103,0.0016,0.0006,0.0001,0.0006,0.0464,0.011,0.0001,0.0008,0.0,65.0,0.0,2.0,63.0,0.0,0.0,0.0,0.0,0.0,0.0,0.0,0.0,0.0,0.0,0.0,0.0,0.0,0.0,0.0,0.0,0.0,0.0,0.0,8.0,2.0,1.0
287,2.388379500000001,0,8.244,1.5919,0.9073,1.158,0.0641,0.0036,0.0013,0.0002,0.0051,0.0126,0.0016,0.0006,0.0065,0.0001,0.0012,0.0014,0.0001,0.0001,0.0066,0.0012,0.0004,0.0001,0.0004,0.0377,0.0075,0.0,0.0005,0.0,65.0,0.0,2.0,63.0,0.0,0.0,0.0,0.0,0.0,0.0,0.0,0.0,0.0,0.0,0.0,0.0,0.0,0.0,0.0,0.0,0.0,0.0,0.0,8.0,2.0,1.0
288,2.396623500000001,0,8.4284,1.5698,0.8982,1.1647,0.0812,0.0031,0.002,0.0003,0.0118,0.0197,0.0017,0.001,0.0078,0.0003,0.0018,0.002,0.0002,0.0002,0.0075,0.0013,0.0004,0.0002,0.0005,0.0484,0.0087,0.0,0.0006,0.0,65.0,0.0,2.0,63.0,0.0,0.0,0.0,0.0,0.0,0.0,0.0,0.0,0.0,0.0,0.0,0.0,0.0,0.0,0.0,0.0,0.0,0.0,0.0,8.0,2.0,1.0
289,2.405051900000001,0,8.2761,1.6697,0.9215,1.1106,0.0698,0.003,0.0013,0.0003,0.0035,0.0145,0.0017,0.0008,0.0077,0.0002,0.0012,0.0013,0.0001,0.0002,0.0076,0.0012,0.0005,0.0001,0.0004,0.0422,0.0086,0.0001,0.0008,0.0,65.0,0.0,2.0,63.0,0.0,0.0,0.0,0.0,0.0,0.0,0.0,0.0,0.0,0.0,0.0,0.0,0.0,0.0,0.0,0.0,0.0,0.0,0.0,8.0,2.0,1.0
290,2.413328000000001,0,8.3057,1.5253,0.8685,1.1185,0.0709,0.001,0.0037,0.0003,0.0092,0.0161,0.0015,0.0007,0.0063,0.0001,0.0014,0.0018,0.0001,0.0001,0.0069,0.0012,0.0004,0.0,0.0004,0.0418,0.0095,0.0,0.0007,0.0,65.0,0.0,2.0,63.0,0.0,0.0,0.0,0.0,0.0,0.0,0.0,0.0,0.0,0.0,0.0,0.0,0.0,0.0,0.0,0.0,0.0,0.0,0.0,8.0,2.0,1.0
291,2.421633700000001,0,8.4259,1.5969,0.8903,1.0705,0.0723,0.0013,0.0012,0.0002,0.0065,0.0155,0.0014,0.0007,0.0091,0.0001,0.0012,0.002,0.0001,0.0001,0.0074,0.0012,0.0005,0.0001,0.0004,0.0435,0.0084,0.0,0.0008,0.0,65.0,0.0,2.0,63.0,0.0,0.0,0.0,0.0,0.0,0.0,0.0,0.0,0.0,0.0,0.0,0.0,0.0,0.0,0.0,0.0,0.0,0.0,0.0,8.0,2.0,1.0
292,2.430059600000001,0,8.3126,1.6747,0.957,1.1747,0.0714,0.0012,0.0022,0.0002,0.0115,0.0168,0.0015,0.0007,0.0073,0.0001,0.0013,0.0015,0.0001,0.0001,0.0066,0.0013,0.0004,0.0,0.0004,0.0422,0.0089,0.0,0.0008,0.0,65.0,0.0,2.0,63.0,0.0,0.0,0.0,0.0,0.0,0.0,0.0,0.0,0.0,0.0,0.0,0.0,0.0,0.0,0.0,0.0,0.0,0.0,0.0,8.0,2.0,1.0
293,2.438372200000001,0,8.4312,1.5565,1.0178,1.0767,0.0802,0.0019,0.0041,0.0003,0.0099,0.0182,0.0016,0.0007,0.0094,0.0002,0.0015,0.0015,0.0001,0.0001,0.0073,0.0013,0.0005,0.0001,0.0005,0.0472,0.009,0.0001,0.0013,0.0,65.0,0.0,2.0,63.0,0.0,0.0,0.0,0.0,0.0,0.0,0.0,0.0,0.0,0.0,0.0,0.0,0.0,0.0,0.0,0.0,0.0,0.0,0.0,8.0,2.0,1.0
294,2.446803400000001,0,8.2592,1.6198,0.9886,1.1159,0.0765,0.0035,0.0017,0.0002,0.0116,0.0193,0.0022,0.0007,0.0073,0.0002,0.0011,0.0017,0.0,0.0001,0.0079,0.0011,0.0009,0.0,0.0005,0.0468,0.0085,0.0,0.0009,0.0,65.0,0.0,2.0,63.0,0.0,0.0,0.0,0.0,0.0,0.0,0.0,0.0,0.0,0.0,0.0,0.0,0.0,0.0,0.0,0.0,0.0,0.0,0.0,8.0,2.0,1.0
295,2.455062600000001,0,8.3027,1.5964,0.9193,1.129,0.0725,0.002,0.0053,0.0003,0.0058,0.0155,0.0021,0.0007,0.0075,0.0001,0.0012,0.0014,0.0001,0.0001,0.0074,0.0012,0.0005,0.0001,0.0005,0.0429,0.0083,0.0001,0.0007,0.0,65.0,0.0,2.0,63.0,0.0,0.0,0.0,0.0,0.0,0.0,0.0,0.0,0.0,0.0,0.0,0.0,0.0,0.0,0.0,0.0,0.0,0.0,0.0,8.0,2.0,1.0
296,2.4633653000000013,0,8.359,1.6144,0.966,1.1251,0.0756,0.0011,0.0046,0.0003,0.0115,0.0199,0.0021,0.0007,0.0073,0.0002,0.0011,0.0021,0.0001,0.0002,0.0074,0.0012,0.001,0.0001,0.0004,0.0466,0.0074,0.0,0.0007,0.0,65.0,0.0,2.0,63.0,0.0,0.0,0.0,0.0,0.0,0.0,0.0,0.0,0.0,0.0,0.0,0.0,0.0,0.0,0.0,0.0,0.0,0.0,0.0,8.0,2.0,1.0
297,2.4717243000000013,0,8.2811,1.7485,0.9216,1.0882,0.063,0.0037,0.0015,0.0002,0.0056,0.0137,0.0018,0.0006,0.0065,0.0002,0.0012,0.0019,0.0001,0.0001,0.0073,0.0011,0.0008,0.0001,0.0005,0.0388,0.0044,0.0,0.001,0.0,65.0,0.0,2.0,63.0,0.0,0.0,0.0,0.0,0.0,0.0,0.0,0.0,0.0,0.0,0.0,0.0,0.0,0.0,0.0,0.0,0.0,0.0,0.0,8.0,2.0,1.0
298,2.4800054000000014,0,8.3656,1.6151,0.9308,1.1972,0.0787,0.0033,0.0015,0.0002,0.0127,0.0209,0.002,0.0008,0.0075,0.0002,0.0018,0.0015,0.0001,0.0001,0.0074,0.0017,0.0004,0.0001,0.0005,0.0486,0.0086,0.0,0.0008,0.0,65.0,0.0,2.0,63.0,0.0,0.0,0.0,0.0,0.0,0.0,0.0,0.0,0.0,0.0,0.0,0.0,0.0,0.0,0.0,0.0,0.0,0.0,0.0,8.0,2.0,1.0
299,2.488371000000001,0,8.3969,1.6563,0.9618,1.1642,0.0704,0.002,0.002,0.0002,0.008,0.0149,0.0018,0.0008,0.0078,0.0002,0.0015,0.0015,0.0001,0.0001,0.0073,0.0018,0.0005,0.0001,0.0004,0.0429,0.0052,0.0001,0.0005,0.0,65.0,0.0,2.0,63.0,0.0,0.0,0.0,0.0,0.0,0.0,0.0,0.0,0.0,0.0,0.0,0.0,0.0,0.0,0.0,0.0,0.0,0.0,0.0,8.0,2.0,1.0
300,2.4967679000000014,0,8.423,1.8037,1.1006,1.3141,0.1057,0.0048,0.0025,0.0003,0.0147,0.0259,0.0025,0.001,0.011,0.0002,0.0021,0.0022,0.0001,0.0002,0.0122,0.0017,0.001,0.0001,0.0008,0.0658,0.0116,0.0001,0.0007,0.0,65.0,0.0,2.0,63.0,0.0,0.0,0.0,0.0,0.0,0.0,0.0,0.0,0.0,0.0,0.0,0.0,0.0,0.0,0.0,0.0,0.0,0.0,0.0,8.0,2.0,1.0
301,2.5051909000000014,0,8.3926,1.6893,1.0948,1.324,0.0872,0.0034,0.0019,0.0003,0.0113,0.0197,0.0017,0.0017,0.0099,0.0002,0.0015,0.002,0.0001,0.0001,0.0096,0.0012,0.0005,0.0001,0.0005,0.0526,0.009,0.0001,0.0009,0.0,65.0,0.0,2.0,63.0,0.0,0.0,0.0,0.0,0.0,0.0,0.0,0.0,0.0,0.0,0.0,0.0,0.0,0.0,0.0,0.0,0.0,0.0,0.0,8.0,2.0,1.0
302,2.5135835000000015,0,8.2187,1.7529,1.0888,1.4157,0.0748,0.0014,0.0019,0.0002,0.0109,0.0166,0.0015,0.0006,0.0072,0.0001,0.0015,0.0017,0.0001,0.0001,0.0078,0.0014,0.0005,0.0,0.0004,0.0442,0.0081,0.0,0.0008,0.0,65.0,0.0,2.0,63.0,0.0,0.0,0.0,0.0,0.0,0.0,0.0,0.0,0.0,0.0,0.0,0.0,0.0,0.0,0.0,0.0,0.0,0.0,0.0,8.0,2.0,1.0
303,2.5218022000000015,0,8.5256,1.688,1.1198,1.2193,0.0891,0.0033,0.0022,0.0003,0.0069,0.0153,0.0023,0.0009,0.0091,0.0004,0.0016,0.002,0.0001,0.0001,0.009,0.0019,0.0006,0.0001,0.0008,0.0497,0.0111,0.0,0.0012,0.0,65.0,0.0,2.0,63.0,0.0,0.0,0.0,0.0,0.0,0.0,0.0,0.0,0.0,0.0,0.0,0.0,0.0,0.0,0.0,0.0,0.0,0.0,0.0,8.0,2.0,1.0
304,2.5303278000000016,0,8.1612,1.8355,1.171,1.4396,0.0829,0.0046,0.0018,0.0004,0.0114,0.0208,0.0015,0.0008,0.0075,0.0008,0.0012,0.0021,0.0001,0.0001,0.0074,0.0012,0.0005,0.0001,0.0006,0.05,0.0082,0.0,0.001,0.0,65.0,0.0,2.0,63.0,0.0,0.0,0.0,0.0,0.0,0.0,0.0,0.0,0.0,0.0,0.0,0.0,0.0,0.0,0.0,0.0,0.0,0.0,0.0,8.0,2.0,1.0
305,2.5384890000000015,0,8.2283,2.0368,1.0143,1.3471,0.0766,0.0038,0.002,0.0003,0.0064,0.0151,0.0016,0.0008,0.0073,0.0002,0.0015,0.0021,0.0001,0.0002,0.0086,0.0012,0.0004,0.0001,0.0006,0.0443,0.0083,0.0001,0.0005,0.0,65.0,0.0,2.0,63.0,0.0,0.0,0.0,0.0,0.0,0.0,0.0,0.0,0.0,0.0,0.0,0.0,0.0,0.0,0.0,0.0,0.0,0.0,0.0,8.0,2.0,1.0
306,2.5467173000000014,0,8.4129,1.9717,0.9882,1.333,0.0822,0.0015,0.002,0.0003,0.0102,0.0174,0.0017,0.0009,0.0083,0.0005,0.0013,0.0023,0.0,0.0001,0.0083,0.0012,0.0005,0.0001,0.0004,0.0474,0.0088,0.0,0.0008,0.0,65.0,0.0,2.0,63.0,0.0,0.0,0.0,0.0,0.0,0.0,0.0,0.0,0.0,0.0,0.0,0.0,0.0,0.0,0.0,0.0,0.0,0.0,0.0,8.0,2.0,1.0
307,2.5551302000000016,0,8.2798,1.6967,1.0287,1.1629,0.0862,0.0044,0.0018,0.0003,0.0102,0.0201,0.0019,0.0009,0.0088,0.0002,0.0013,0.0023,0.0001,0.0002,0.0092,0.0013,0.0005,0.0,0.0005,0.0524,0.0099,0.0001,0.0008,0.0,65.0,0.0,2.0,63.0,0.0,0.0,0.0,0.0,0.0,0.0,0.0,0.0,0.0,0.0,0.0,0.0,0.0,0.0,0.0,0.0,0.0,0.0,0.0,8.0,2.0,1.0
308,2.5634100000000015,0,8.3982,1.7552,0.9987,1.297,0.0856,0.003,0.0016,0.0003,0.0134,0.0205,0.0018,0.0009,0.008,0.0002,0.0018,0.0018,0.0001,0.0001,0.0085,0.0013,0.001,0.0001,0.0006,0.0511,0.0094,0.0,0.0008,0.0,65.0,0.0,2.0,63.0,0.0,0.0,0.0,0.0,0.0,0.0,0.0,0.0,0.0,0.0,0.0,0.0,0.0,0.0,0.0,0.0,0.0,0.0,0.0,8.0,2.0,1.0
309,2.5718082000000013,0,8.3801,1.7646,1.0849,1.2698,0.0668,0.0017,0.0019,0.0002,0.0058,0.0118,0.0019,0.0007,0.0074,0.0001,0.0018,0.0017,0.0001,0.0002,0.0081,0.0013,0.0005,0.0001,0.0006,0.0395,0.005,0.0,0.0011,0.0,65.0,0.0,2.0,63.0,0.0,0.0,0.0,0.0,0.0,0.0,0.0,0.0,0.0,0.0,0.0,0.0,0.0,0.0,0.0,0.0,0.0,0.0,0.0,8.0,2.0,1.0
310,2.5801883000000014,0,8.2441,1.9735,1.043,1.3128,0.0763,0.0032,0.0014,0.0002,0.0124,0.0198,0.0016,0.0008,0.0069,0.0001,0.0014,0.0021,0.0001,0.0001,0.0076,0.001,0.0004,0.0001,0.0006,0.0469,0.0074,0.0,0.0007,0.0,65.0,0.0,2.0,63.0,0.0,0.0,0.0,0.0,0.0,0.0,0.0,0.0,0.0,0.0,0.0,0.0,0.0,0.0,0.0,0.0,0.0,0.0,0.0,8.0,2.0,1.0
311,2.5884324000000016,0,8.3203,1.6448,0.9721,1.2652,0.0718,0.0031,0.0014,0.0003,0.006,0.0131,0.0021,0.0007,0.0074,0.0002,0.0019,0.0017,0.0,0.0001,0.0078,0.0015,0.0005,0.0001,0.0004,0.0408,0.0086,0.0,0.0008,0.0,65.0,0.0,2.0,63.0,0.0,0.0,0.0,0.0,0.0,0.0,0.0,0.0,0.0,0.0,0.0,0.0,0.0,0.0,0.0,0.0,0.0,0.0,0.0,8.0,2.0,1.0
312,2.5967527000000015,0,8.4374,1.5608,1.0431,1.2215,0.0927,0.0042,0.0024,0.0003,0.0136,0.0233,0.0018,0.0008,0.0099,0.0001,0.0017,0.0019,0.0,0.0001,0.0086,0.0018,0.0005,0.0,0.0005,0.0572,0.0113,0.0,0.0019,0.0,65.0,0.0,2.0,63.0,0.0,0.0,0.0,0.0,0.0,0.0,0.0,0.0,0.0,0.0,0.0,0.0,0.0,0.0,0.0,0.0,0.0,0.0,0.0,8.0,2.0,1.0
313,2.6051901000000015,0,8.3466,1.7032,1.0771,1.2234,0.076,0.0029,0.0016,0.0003,0.0064,0.0139,0.0016,0.0006,0.008,0.0006,0.0015,0.0023,0.0001,0.0001,0.0081,0.0013,0.0004,0.0,0.0005,0.0437,0.0078,0.0,0.001,0.0,65.0,0.0,2.0,63.0,0.0,0.0,0.0,0.0,0.0,0.0,0.0,0.0,0.0,0.0,0.0,0.0,0.0,0.0,0.0,0.0,0.0,0.0,0.0,8.0,2.0,1.0
314,2.6135367000000014,0,8.2715,1.8846,1.1196,1.2496,0.0861,0.0042,0.0018,0.0003,0.0135,0.0225,0.0018,0.0008,0.0077,0.0001,0.002,0.0018,0.0001,0.0001,0.0088,0.0013,0.0005,0.0001,0.0008,0.0526,0.0089,0.0,0.0007,0.0,65.0,0.0,2.0,63.0,0.0,0.0,0.0,0.0,0.0,0.0,0.0,0.0,0.0,0.0,0.0,0.0,0.0,0.0,0.0,0.0,0.0,0.0,0.0,8.0,2.0,1.0
315,2.6218082000000016,0,8.3957,1.8524,1.1,1.2259,0.0809,0.0017,0.004,0.0003,0.0047,0.0138,0.0022,0.0007,0.0079,0.0002,0.0017,0.0018,0.0001,0.0006,0.0084,0.0013,0.0005,0.0001,0.0008,0.0432,0.0129,0.0,0.0008,0.0,65.0,0.0,2.0,63.0,0.0,0.0,0.0,0.0,0.0,0.0,0.0,0.0,0.0,0.0,0.0,0.0,0.0,0.0,0.0,0.0,0.0,0.0,0.0,8.0,2.0,1.0
316,2.6302039000000015,0,8.2811,1.8956,1.0537,1.2819,0.0811,0.0036,0.0017,0.0003,0.0122,0.0201,0.0015,0.0009,0.0078,0.0002,0.002,0.0017,0.0,0.0001,0.0084,0.0012,0.0005,0.0001,0.0005,0.0503,0.0076,0.0001,0.0008,0.0,65.0,0.0,2.0,63.0,0.0,0.0,0.0,0.0,0.0,0.0,0.0,0.0,0.0,0.0,0.0,0.0,0.0,0.0,0.0,0.0,0.0,0.0,0.0,8.0,2.0,1.0
317,2.6384850000000015,0,8.2629,1.6447,1.0246,1.1879,0.0865,0.0017,0.002,0.0003,0.0049,0.0118,0.007,0.0014,0.0153,0.0003,0.0021,0.0017,0.0,0.0001,0.0087,0.0013,0.0011,0.0,0.0005,0.0507,0.01,0.0001,0.0008,0.0,65.0,0.0,2.0,63.0,0.0,0.0,0.0,0.0,0.0,0.0,0.0,0.0,0.0,0.0,0.0,0.0,0.0,0.0,0.0,0.0,0.0,0.0,0.0,8.0,2.0,1.0
318,2.6467479000000016,0,8.315,1.5452,0.977,1.1044,0.0786,0.0034,0.0015,0.0003,0.012,0.0194,0.0017,0.0009,0.0075,0.0002,0.0019,0.0016,0.0001,0.0005,0.0081,0.0012,0.0004,0.0001,0.0005,0.0479,0.0084,0.0,0.0008,0.0,65.0,0.0,2.0,63.0,0.0,0.0,0.0,0.0,0.0,0.0,0.0,0.0,0.0,0.0,0.0,0.0,0.0,0.0,0.0,0.0,0.0,0.0,0.0,8.0,2.0,1.0
319,2.6550629000000017,0,8.3082,1.6434,0.956,1.1851,0.0709,0.0025,0.0018,0.0002,0.0059,0.0131,0.0015,0.0006,0.0066,0.0001,0.0014,0.0021,0.0001,0.0001,0.0079,0.0012,0.0009,0.0001,0.0006,0.0412,0.0079,0.0,0.0007,0.0,65.0,0.0,2.0,63.0,0.0,0.0,0.0,0.0,0.0,0.0,0.0,0.0,0.0,0.0,0.0,0.0,0.0,0.0,0.0,0.0,0.0,0.0,0.0,8.0,2.0,1.0
320,2.6633711000000018,0,8.2726,1.5886,0.9077,1.1031,0.0715,0.0039,0.0013,0.0002,0.0102,0.0179,0.0014,0.0007,0.007,0.0001,0.0016,0.0015,0.0,0.0001,0.0071,0.0016,0.0004,0.0001,0.0004,0.0443,0.0071,0.0,0.0006,0.0,65.0,0.0,2.0,63.0,0.0,0.0,0.0,0.0,0.0,0.0,0.0,0.0,0.0,0.0,0.0,0.0,0.0,0.0,0.0,0.0,0.0,0.0,0.0,8.0,2.0,1.0
321,2.671643700000002,0,8.3374,1.6358,0.8699,1.1015,0.0662,0.0026,0.0013,0.0002,0.0058,0.0119,0.0013,0.0006,0.0067,0.0002,0.0016,0.0015,0.0001,0.0001,0.007,0.0016,0.0004,0.0,0.0004,0.037,0.0077,0.0001,0.0007,0.0,65.0,0.0,2.0,63.0,0.0,0.0,0.0,0.0,0.0,0.0,0.0,0.0,0.0,0.0,0.0,0.0,0.0,0.0,0.0,0.0,0.0,0.0,0.0,8.0,2.0,1.0
322,2.679981100000002,0,8.2974,1.5932,0.8791,1.1267,0.0735,0.0032,0.0015,0.0002,0.0105,0.0174,0.0015,0.0007,0.0073,0.0001,0.0012,0.0019,0.0001,0.0001,0.0071,0.0012,0.0004,0.0001,0.0004,0.0442,0.0084,0.0,0.0006,0.0,65.0,0.0,2.0,63.0,0.0,0.0,0.0,0.0,0.0,0.0,0.0,0.0,0.0,0.0,0.0,0.0,0.0,0.0,0.0,0.0,0.0,0.0,0.0,8.0,2.0,1.0
323,2.688278500000002,0,8.3555,1.5275,0.8206,1.0817,0.0599,0.0014,0.0046,0.0002,0.0044,0.0136,0.0013,0.0009,0.007,0.0001,0.0011,0.0013,0.0001,0.0001,0.0061,0.0017,0.0004,0.0001,0.0004,0.0372,0.0044,0.0001,0.0006,0.0,65.0,0.0,2.0,63.0,0.0,0.0,0.0,0.0,0.0,0.0,0.0,0.0,0.0,0.0,0.0,0.0,0.0,0.0,0.0,0.0,0.0,0.0,0.0,8.0,2.0,1.0
324,2.6966340000000018,0,8.3619,1.6526,0.9054,1.2268,0.0802,0.0045,0.0017,0.0002,0.0122,0.0214,0.0017,0.0012,0.0071,0.0002,0.0016,0.0021,0.0001,0.0001,0.0071,0.0013,0.0004,0.0001,0.0005,0.0489,0.0081,0.0,0.0007,0.0,65.0,0.0,2.0,63.0,0.0,0.0,0.0,0.0,0.0,0.0,0.0,0.0,0.0,0.0,0.0,0.0,0.0,0.0,0.0,0.0,0.0,0.0,0.0,8.0,2.0,1.0
325,2.704995900000002,0,8.2769,1.6065,0.8626,1.0987,0.0622,0.0029,0.0016,0.0002,0.0039,0.0109,0.0015,0.0007,0.0065,0.0002,0.0011,0.0021,0.0001,0.0001,0.0071,0.0012,0.0004,0.0,0.0004,0.0366,0.0048,0.0,0.0007,0.0,65.0,0.0,2.0,63.0,0.0,0.0,0.0,0.0,0.0,0.0,0.0,0.0,0.0,0.0,0.0,0.0,0.0,0.0,0.0,0.0,0.0,0.0,0.0,8.0,2.0,1.0
326,2.7132728000000017,0,8.3574,1.5223,0.8161,1.0802,0.0665,0.0012,0.0047,0.0003,0.0103,0.0184,0.0012,0.0007,0.0054,0.0002,0.0014,0.0013,0.0,0.0001,0.0063,0.001,0.0003,0.0,0.0003,0.0405,0.0077,0.0001,0.0007,0.0,65.0,0.0,2.0,63.0,0.0,0.0,0.0,0.0,0.0,0.0,0.0,0.0,0.0,0.0,0.0,0.0,0.0,0.0,0.0,0.0,0.0,0.0,0.0,8.0,2.0,1.0
327,2.7216302000000017,0,8.337,1.6104,0.8712,0.9926,0.0637,0.0027,0.0014,0.0003,0.0056,0.0121,0.0017,0.0006,0.0069,0.0001,0.0012,0.0018,0.0001,0.0001,0.0074,0.0012,0.001,0.0001,0.0004,0.0389,0.0045,0.0,0.0006,0.0,65.0,0.0,2.0,63.0,0.0,0.0,0.0,0.0,0.0,0.0,0.0,0.0,0.0,0.0,0.0,0.0,0.0,0.0,0.0,0.0,0.0,0.0,0.0,8.0,2.0,1.0
328,2.7299672000000017,0,8.4313,1.6431,0.8997,1.0739,0.0786,0.0021,0.0044,0.0002,0.0115,0.0202,0.0018,0.0008,0.0089,0.0002,0.0012,0.0019,0.0,0.0001,0.0073,0.0013,0.0004,0.0001,0.0005,0.0494,0.0078,0.0,0.0009,0.0,65.0,0.0,2.0,63.0,0.0,0.0,0.0,0.0,0.0,0.0,0.0,0.0,0.0,0.0,0.0,0.0,0.0,0.0,0.0,0.0,0.0,0.0,0.0,8.0,2.0,1.0
329,2.7383985000000015,0,8.2905,1.5015,0.932,1.1059,0.0675,0.0037,0.0013,0.0003,0.0052,0.0131,0.002,0.0007,0.0072,0.0002,0.0016,0.0016,0.0001,0.0001,0.0075,0.0014,0.0005,0.0,0.0003,0.04,0.0072,0.0001,0.0008,0.0,65.0,0.0,2.0,63.0,0.0,0.0,0.0,0.0,0.0,0.0,0.0,0.0,0.0,0.0,0.0,0.0,0.0,0.0,0.0,0.0,0.0,0.0,0.0,8.0,2.0,1.0
330,2.7466890000000017,0,8.4746,1.7045,0.9187,1.0968,0.073,0.0015,0.002,0.0002,0.0097,0.0157,0.0019,0.0009,0.0077,0.0002,0.0011,0.0014,0.0001,0.0002,0.0074,0.0012,0.0005,0.0001,0.0004,0.043,0.0086,0.0001,0.0008,0.0,65.0,0.0,2.0,63.0,0.0,0.0,0.0,0.0,0.0,0.0,0.0,0.0,0.0,0.0,0.0,0.0,0.0,0.0,0.0,0.0,0.0,0.0,0.0,8.0,2.0,1.0
331,2.7551636000000017,0,8.2009,1.7117,1.0635,1.1686,0.0648,0.0017,0.0016,0.0003,0.0066,0.0123,0.0015,0.0007,0.0071,0.0001,0.0011,0.0022,0.0001,0.0001,0.0072,0.0015,0.0004,0.0001,0.0004,0.0386,0.0048,0.0,0.0007,0.0,65.0,0.0,2.0,63.0,0.0,0.0,0.0,0.0,0.0,0.0,0.0,0.0,0.0,0.0,0.0,0.0,0.0,0.0,0.0,0.0,0.0,0.0,0.0,8.0,2.0,1.0
332,2.7633645000000016,0,8.289,1.6279,0.9049,1.2156,0.0677,0.0011,0.0028,0.0002,0.0099,0.0164,0.0014,0.0005,0.0066,0.0001,0.0011,0.0015,0.0001,0.0001,0.007,0.0011,0.0004,0.0001,0.0005,0.0404,0.0078,0.0,0.0006,0.0,65.0,0.0,2.0,63.0,0.0,0.0,0.0,0.0,0.0,0.0,0.0,0.0,0.0,0.0,0.0,0.0,0.0,0.0,0.0,0.0,0.0,0.0,0.0,8.0,2.0,1.0
333,2.7716535000000015,0,8.3852,1.6568,0.8796,1.1204,0.0683,0.0029,0.0014,0.0002,0.0058,0.0122,0.002,0.0006,0.0076,0.0002,0.0012,0.0019,0.0,0.0001,0.0074,0.0016,0.0004,0.0001,0.0004,0.0396,0.0078,0.0,0.0009,0.0,65.0,0.0,2.0,63.0,0.0,0.0,0.0,0.0,0.0,0.0,0.0,0.0,0.0,0.0,0.0,0.0,0.0,0.0,0.0,0.0,0.0,0.0,0.0,8.0,2.0,1.0
334,2.7800387000000018,0,8.3021,1.5751,0.9331,1.1795,0.0704,0.0012,0.0014,0.0002,0.0114,0.0165,0.0016,0.0008,0.0072,0.0002,0.0014,0.0017,0.0001,0.0001,0.0073,0.0012,0.0004,0.0001,0.0007,0.0423,0.009,0.0001,0.0008,0.0,65.0,0.0,2.0,63.0,0.0,0.0,0.0,0.0,0.0,0.0,0.0,0.0,0.0,0.0,0.0,0.0,0.0,0.0,0.0,0.0,0.0,0.0,0.0,8.0,2.0,1.0
335,2.7883408000000016,0,8.3158,1.6096,0.89,1.0665,0.0587,0.0012,0.0014,0.0003,0.007,0.0118,0.0012,0.0007,0.0056,0.0001,0.0011,0.0012,0.0,0.0006,0.0067,0.0016,0.0003,0.0,0.0003,0.0357,0.0046,0.0,0.0008,0.0,65.0,0.0,2.0,63.0,0.0,0.0,0.0,0.0,0.0,0.0,0.0,0.0,0.0,0.0,0.0,0.0,0.0,0.0,0.0,0.0,0.0,0.0,0.0,8.0,2.0,1.0
336,2.7966566000000017,0,8.319,1.6146,0.8973,1.1146,0.0755,0.0035,0.0016,0.0003,0.0109,0.0187,0.0016,0.0006,0.0071,0.0002,0.0017,0.0017,0.0001,0.0005,0.0068,0.0016,0.0005,0.0001,0.0004,0.0461,0.0084,0.0001,0.0006,0.0,65.0,0.0,2.0,63.0,0.0,0.0,0.0,0.0,0.0,0.0,0.0,0.0,0.0,0.0,0.0,0.0,0.0,0.0,0.0,0.0,0.0,0.0,0.0,8.0,2.0,1.0
337,2.804975600000002,0,8.3278,1.5625,0.8664,1.1425,0.0628,0.0011,0.0016,0.0002,0.0058,0.0106,0.0016,0.0006,0.007,0.0001,0.0011,0.0016,0.0,0.0001,0.0069,0.0012,0.0004,0.0001,0.0003,0.0359,0.0078,0.0,0.0007,0.0,65.0,0.0,2.0,63.0,0.0,0.0,0.0,0.0,0.0,0.0,0.0,0.0,0.0,0.0,0.0,0.0,0.0,0.0,0.0,0.0,0.0,0.0,0.0,8.0,2.0,1.0
338,2.813303400000002,0,8.3006,1.476,0.8596,1.0571,0.0704,0.0012,0.0014,0.0001,0.0114,0.0165,0.0013,0.0011,0.0117,0.0002,0.001,0.0018,0.0,0.0001,0.0067,0.001,0.0004,0.0001,0.0004,0.0456,0.0073,0.0,0.0006,0.0,65.0,0.0,2.0,63.0,0.0,0.0,0.0,0.0,0.0,0.0,0.0,0.0,0.0,0.0,0.0,0.0,0.0,0.0,0.0,0.0,0.0,0.0,0.0,8.0,2.0,1.0
339,2.821604000000002,0,8.4302,1.5767,0.8617,1.2131,0.0984,0.0011,0.0016,0.0003,0.0041,0.0094,0.0021,0.0006,0.0409,0.0001,0.0014,0.0019,0.0,0.0001,0.0071,0.0012,0.0004,0.0001,0.0004,0.0694,0.0097,0.0,0.0007,0.0,65.0,0.0,2.0,63.0,0.0,0.0,0.0,0.0,0.0,0.0,0.0,0.0,0.0,0.0,0.0,0.0,0.0,0.0,0.0,0.0,0.0,0.0,0.0,8.0,2.0,1.0
340,2.830034200000002,0,8.41,1.6828,0.9615,1.1548,0.0754,0.001,0.0035,0.0003,0.0116,0.0181,0.0018,0.0006,0.0073,0.0001,0.0012,0.0016,0.0001,0.0002,0.0071,0.0017,0.0004,0.0001,0.0005,0.0456,0.0093,0.0001,0.0008,0.0,65.0,0.0,2.0,63.0,0.0,0.0,0.0,0.0,0.0,0.0,0.0,0.0,0.0,0.0,0.0,0.0,0.0,0.0,0.0,0.0,0.0,0.0,0.0,8.0,2.0,1.0
341,2.838444200000002,0,8.1542,1.7118,0.9431,1.2346,0.0608,0.0029,0.001,0.0003,0.0035,0.0133,0.0014,0.0004,0.0057,0.0001,0.001,0.0015,0.0001,0.0001,0.0062,0.0014,0.0004,0.0,0.0004,0.0351,0.0071,0.0001,0.0006,0.0,65.0,0.0,2.0,63.0,0.0,0.0,0.0,0.0,0.0,0.0,0.0,0.0,0.0,0.0,0.0,0.0,0.0,0.0,0.0,0.0,0.0,0.0,0.0,8.0,2.0,1.0
342,2.8465984000000017,0,8.4422,1.5862,0.8597,1.0732,0.0736,0.0012,0.0019,0.0003,0.0096,0.0158,0.0016,0.0007,0.0065,0.0005,0.0012,0.0014,0.0,0.0003,0.0066,0.0015,0.0004,0.0,0.0004,0.0416,0.0097,0.0001,0.0009,0.0,65.0,0.0,2.0,63.0,0.0,0.0,0.0,0.0,0.0,0.0,0.0,0.0,0.0,0.0,0.0,0.0,0.0,0.0,0.0,0.0,0.0,0.0,0.0,8.0,2.0,1.0
343,2.855040600000002,0,8.2554,1.6113,0.9085,1.0857,0.058,0.0023,0.0011,0.0002,0.0035,0.0125,0.0014,0.0005,0.0062,0.0001,0.0012,0.0011,0.0,0.0001,0.0065,0.0011,0.0004,0.0,0.0003,0.0342,0.007,0.0,0.0009,0.0,65.0,0.0,2.0,63.0,0.0,0.0,0.0,0.0,0.0,0.0,0.0,0.0,0.0,0.0,0.0,0.0,0.0,0.0,0.0,0.0,0.0,0.0,0.0,8.0,2.0,1.0
344,2.863296000000002,0,8.3368,1.551,0.8542,1.1178,0.063,0.0022,0.0017,0.0001,0.0086,0.0149,0.0012,0.0006,0.0068,0.0001,0.0014,0.0012,0.0001,0.0001,0.007,0.0011,0.0004,0.0001,0.0007,0.0385,0.0065,0.0,0.0007,0.0,65.0,0.0,2.0,63.0,0.0,0.0,0.0,0.0,0.0,0.0,0.0,0.0,0.0,0.0,0.0,0.0,0.0,0.0,0.0,0.0,0.0,0.0,0.0,8.0,2.0,1.0
345,2.8716328000000018,0,8.3089,1.5716,0.8501,1.1124,0.0646,0.0012,0.0032,0.0003,0.0043,0.0108,0.0016,0.0006,0.0067,0.0001,0.0016,0.0015,0.0001,0.0001,0.0075,0.0012,0.0005,0.0,0.0005,0.0368,0.008,0.0001,0.0013,0.0,65.0,0.0,2.0,63.0,0.0,0.0,0.0,0.0,0.0,0.0,0.0,0.0,0.0,0.0,0.0,0.0,0.0,0.0,0.0,0.0,0.0,0.0,0.0,8.0,2.0,1.0
346,2.8799417000000016,0,8.3449,1.5411,0.8292,1.103,0.0624,0.0025,0.0011,0.0002,0.009,0.0146,0.0014,0.0006,0.0059,0.0001,0.0009,0.0011,0.0,0.0001,0.0069,0.0016,0.0003,0.0,0.0003,0.0381,0.0065,0.0001,0.0008,0.0,65.0,0.0,2.0,63.0,0.0,0.0,0.0,0.0,0.0,0.0,0.0,0.0,0.0,0.0,0.0,0.0,0.0,0.0,0.0,0.0,0.0,0.0,0.0,8.0,2.0,1.0
347,2.8882866000000016,0,8.3005,1.5807,0.8331,1.038,0.0571,0.0017,0.0044,0.0002,0.0036,0.0117,0.0018,0.0006,0.0066,0.0002,0.001,0.0017,0.0,0.0002,0.0062,0.001,0.0004,0.0,0.0004,0.0351,0.004,0.0,0.0005,0.0,65.0,0.0,2.0,63.0,0.0,0.0,0.0,0.0,0.0,0.0,0.0,0.0,0.0,0.0,0.0,0.0,0.0,0.0,0.0,0.0,0.0,0.0,0.0,8.0,2.0,1.0
348,2.8965871000000014,0,8.4248,1.6199,0.858,1.1521,0.0697,0.0011,0.0016,0.0002,0.0083,0.0144,0.0018,0.0007,0.0069,0.0001,0.0011,0.0015,0.0001,0.0001,0.0072,0.0013,0.0005,0.0,0.0005,0.0395,0.0099,0.0,0.0013,0.0,65.0,0.0,2.0,63.0,0.0,0.0,0.0,0.0,0.0,0.0,0.0,0.0,0.0,0.0,0.0,0.0,0.0,0.0,0.0,0.0,0.0,0.0,0.0,8.0,2.0,1.0
349,2.905011900000001,0,8.3256,1.565,0.8774,1.0868,0.0692,0.0039,0.0017,0.0002,0.009,0.0168,0.0015,0.0006,0.0067,0.0002,0.0013,0.0015,0.0001,0.0002,0.0068,0.001,0.0005,0.0001,0.0004,0.0408,0.0078,0.0,0.0008,0.0,65.0,0.0,2.0,63.0,0.0,0.0,0.0,0.0,0.0,0.0,0.0,0.0,0.0,0.0,0.0,0.0,0.0,0.0,0.0,0.0,0.0,0.0,0.0,8.0,2.0,1.0
350,2.9133375000000012,0,8.316,1.6309,0.8757,1.1409,0.0664,0.001,0.0048,0.0002,0.0103,0.0186,0.0014,0.0005,0.0059,0.0002,0.0007,0.0017,0.0,0.0001,0.0071,0.0009,0.0004,0.0,0.0008,0.0415,0.0071,0.0,0.0007,0.0,65.0,0.0,2.0,63.0,0.0,0.0,0.0,0.0,0.0,0.0,0.0,0.0,0.0,0.0,0.0,0.0,0.0,0.0,0.0,0.0,0.0,0.0,0.0,8.0,2.0,1.0
351,2.9216535000000015,0,8.354,1.5578,0.8923,1.0331,0.0676,0.0034,0.0014,0.0004,0.0042,0.0117,0.0015,0.0007,0.0077,0.0001,0.0014,0.0013,0.0001,0.0001,0.0074,0.0016,0.0004,0.0001,0.0004,0.0383,0.0086,0.0,0.0008,0.0,65.0,0.0,2.0,63.0,0.0,0.0,0.0,0.0,0.0,0.0,0.0,0.0,0.0,0.0,0.0,0.0,0.0,0.0,0.0,0.0,0.0,0.0,0.0,8.0,2.0,1.0
352,2.9300075000000017,0,8.2559,1.5889,0.8841,1.1133,0.0659,0.0017,0.0013,0.0002,0.0108,0.0159,0.0018,0.0005,0.0062,0.0002,0.0012,0.0012,0.0,0.0002,0.0062,0.0017,0.0004,0.0,0.0004,0.0385,0.0072,0.0,0.0005,0.0,65.0,0.0,2.0,63.0,0.0,0.0,0.0,0.0,0.0,0.0,0.0,0.0,0.0,0.0,0.0,0.0,0.0,0.0,0.0,0.0,0.0,0.0,0.0,8.0,2.0,1.0
353,2.9382634000000016,0,8.3783,1.5016,0.8196,1.088,0.0604,0.0015,0.0019,0.0003,0.0069,0.0124,0.0017,0.0006,0.0063,0.0001,0.001,0.0017,0.0,0.0001,0.0067,0.0012,0.0004,0.0,0.0003,0.0358,0.0044,0.0001,0.0009,0.0,65.0,0.0,2.0,63.0,0.0,0.0,0.0,0.0,0.0,0.0,0.0,0.0,0.0,0.0,0.0,0.0,0.0,0.0,0.0,0.0,0.0,0.0,0.0,8.0,2.0,1.0
354,2.9466417000000016,0,8.3429,1.5032,0.897,1.0905,0.0696,0.0013,0.0035,0.0003,0.0102,0.0171,0.0015,0.0007,0.0069,0.0001,0.0015,0.0011,0.0001,0.0001,0.0068,0.0011,0.0004,0.0001,0.0006,0.0412,0.0091,0.0,0.0007,0.0,65.0,0.0,2.0,63.0,0.0,0.0,0.0,0.0,0.0,0.0,0.0,0.0,0.0,0.0,0.0,0.0,0.0,0.0,0.0,0.0,0.0,0.0,0.0,8.0,2.0,1.0
355,2.9549846000000017,0,8.2865,1.4344,0.8381,1.0817,0.0625,0.0017,0.0021,0.0001,0.01,0.0157,0.0016,0.0008,0.0068,0.0001,0.001,0.0018,0.0,0.0001,0.0069,0.0012,0.0003,0.0001,0.0008,0.0399,0.0042,0.0,0.0009,0.0,65.0,0.0,2.0,63.0,0.0,0.0,0.0,0.0,0.0,0.0,0.0,0.0,0.0,0.0,0.0,0.0,0.0,0.0,0.0,0.0,0.0,0.0,0.0,8.0,2.0,1.0
356,2.963271100000002,0,8.419,1.5707,0.857,1.0994,0.0713,0.0027,0.0019,0.0004,0.0108,0.0183,0.0019,0.0006,0.0068,0.0002,0.0013,0.0019,0.0001,0.0001,0.0072,0.0011,0.0007,0.0,0.0004,0.0435,0.0086,0.0,0.0007,0.0,65.0,0.0,2.0,63.0,0.0,0.0,0.0,0.0,0.0,0.0,0.0,0.0,0.0,0.0,0.0,0.0,0.0,0.0,0.0,0.0,0.0,0.0,0.0,8.0,2.0,1.0
357,2.9716901000000018,0,8.312,1.6733,0.9073,1.1723,0.0673,0.0013,0.0023,0.0003,0.006,0.012,0.0016,0.0007,0.0067,0.0001,0.0012,0.0018,0.0001,0.0001,0.0076,0.0013,0.0008,0.0,0.0004,0.0381,0.0081,0.0,0.0007,0.0,65.0,0.0,2.0,63.0,0.0,0.0,0.0,0.0,0.0,0.0,0.0,0.0,0.0,0.0,0.0,0.0,0.0,0.0,0.0,0.0,0.0,0.0,0.0,8.0,2.0,1.0
358,2.980002100000002,0,8.3349,1.5394,0.9073,1.0634,0.0667,0.0013,0.0034,0.0002,0.0103,0.0172,0.0017,0.0006,0.0061,0.0001,0.0011,0.0019,0.0,0.0001,0.0071,0.001,0.0003,0.0,0.0003,0.0408,0.0075,0.0,0.0011,0.0,65.0,0.0,2.0,63.0,0.0,0.0,0.0,0.0,0.0,0.0,0.0,0.0,0.0,0.0,0.0,0.0,0.0,0.0,0.0,0.0,0.0,0.0,0.0,8.0,2.0,1.0
359,2.988337000000002,0,8.239,1.4344,0.8565,1.0432,0.0616,0.0031,0.0012,0.0002,0.0035,0.0132,0.0015,0.0007,0.006,0.0006,0.001,0.0011,0.0001,0.0001,0.0069,0.0009,0.0005,0.0001,0.0004,0.0363,0.0076,0.0001,0.0008,0.0,65.0,0.0,2.0,63.0,0.0,0.0,0.0,0.0,0.0,0.0,0.0,0.0,0.0,0.0,0.0,0.0,0.0,0.0,0.0,0.0,0.0,0.0,0.0,8.0,2.0,1.0
360,2.996576000000002,0,8.409,1.5622,0.8238,1.0912,0.0689,0.0015,0.0015,0.0003,0.0114,0.0166,0.0018,0.0005,0.0064,0.0001,0.0009,0.0016,0.0,0.0001,0.0062,0.0009,0.0004,0.0001,0.0005,0.0406,0.0081,0.0,0.0006,0.0,65.0,0.0,2.0,63.0,0.0,0.0,0.0,0.0,0.0,0.0,0.0,0.0,0.0,0.0,0.0,0.0,0.0,0.0,0.0,0.0,0.0,0.0,0.0,8.0,2.0,1.0
361,3.004985000000002,0,8.2426,1.6399,0.8511,1.1346,0.0655,0.0044,0.0015,0.0003,0.0057,0.0137,0.0015,0.0007,0.0067,0.0001,0.0011,0.0016,0.0001,0.0001,0.0069,0.0011,0.0004,0.0001,0.0004,0.0375,0.0077,0.0,0.0007,0.0,65.0,0.0,2.0,63.0,0.0,0.0,0.0,0.0,0.0,0.0,0.0,0.0,0.0,0.0,0.0,0.0,0.0,0.0,0.0,0.0,0.0,0.0,0.0,8.0,2.0,1.0
362,3.013227600000002,0,8.3822,1.4986,0.7929,1.1403,0.0661,0.0031,0.0012,0.0003,0.0103,0.0169,0.0014,0.0006,0.0063,0.0001,0.0014,0.0013,0.0001,0.0001,0.0067,0.0009,0.0009,0.0,0.0003,0.0404,0.0069,0.0,0.0007,0.0,65.0,0.0,2.0,63.0,0.0,0.0,0.0,0.0,0.0,0.0,0.0,0.0,0.0,0.0,0.0,0.0,0.0,0.0,0.0,0.0,0.0,0.0,0.0,8.0,2.0,1.0
363,3.0216098000000016,0,8.4125,1.4703,0.8689,1.1761,0.0617,0.0025,0.0014,0.0002,0.0056,0.0118,0.0021,0.0008,0.0073,0.0002,0.0012,0.0019,0.0001,0.0001,0.0072,0.0013,0.0004,0.0001,0.0004,0.037,0.0051,0.0,0.0008,0.0,65.0,0.0,2.0,63.0,0.0,0.0,0.0,0.0,0.0,0.0,0.0,0.0,0.0,0.0,0.0,0.0,0.0,0.0,0.0,0.0,0.0,0.0,0.0,8.0,2.0,1.0
364,3.0300223000000015,0,8.3373,1.6012,0.9067,1.1238,0.0692,0.0028,0.0015,0.0003,0.0113,0.0179,0.0013,0.0008,0.0065,0.0001,0.0013,0.0015,0.0001,0.0001,0.0064,0.0012,0.0004,0.0,0.0004,0.0421,0.0072,0.0,0.0007,0.0,65.0,0.0,2.0,63.0,0.0,0.0,0.0,0.0,0.0,0.0,0.0,0.0,0.0,0.0,0.0,0.0,0.0,0.0,0.0,0.0,0.0,0.0,0.0,8.0,2.0,1.0
365,3.0383596000000015,0,8.2336,1.5805,0.8666,1.0717,0.0599,0.0023,0.001,0.0003,0.0086,0.0136,0.0018,0.0006,0.0065,0.0002,0.0009,0.0018,0.0,0.0001,0.0068,0.001,0.0004,0.0,0.0004,0.0376,0.0046,0.0,0.0008,0.0,65.0,0.0,2.0,63.0,0.0,0.0,0.0,0.0,0.0,0.0,0.0,0.0,0.0,0.0,0.0,0.0,0.0,0.0,0.0,0.0,0.0,0.0,0.0,8.0,2.0,1.0
366,3.0465932000000016,0,8.4395,1.4649,0.8315,1.2131,0.0685,0.0028,0.0014,0.0001,0.0116,0.0176,0.0014,0.0007,0.0068,0.0002,0.0016,0.0014,0.0,0.0002,0.0073,0.0016,0.0004,0.0,0.0005,0.0431,0.0074,0.0,0.0008,0.0,65.0,0.0,2.0,63.0,0.0,0.0,0.0,0.0,0.0,0.0,0.0,0.0,0.0,0.0,0.0,0.0,0.0,0.0,0.0,0.0,0.0,0.0,0.0,8.0,2.0,1.0
367,3.0550327000000017,0,8.2063,1.5874,0.8974,1.14,0.0579,0.0011,0.0016,0.0001,0.0037,0.0085,0.0019,0.0007,0.0071,0.0001,0.001,0.002,0.0001,0.0002,0.0073,0.0013,0.0004,0.0001,0.0005,0.0341,0.0046,0.0,0.0005,0.0,65.0,0.0,2.0,63.0,0.0,0.0,0.0,0.0,0.0,0.0,0.0,0.0,0.0,0.0,0.0,0.0,0.0,0.0,0.0,0.0,0.0,0.0,0.0,8.0,2.0,1.0
368,3.0632390000000016,0,8.3609,1.5527,0.8111,1.1457,0.0681,0.0036,0.0013,0.0003,0.0117,0.019,0.0014,0.0006,0.0067,0.0001,0.001,0.0012,0.0001,0.0001,0.0067,0.0009,0.0004,0.0,0.0004,0.042,0.0078,0.0,0.0006,0.0,65.0,0.0,2.0,63.0,0.0,0.0,0.0,0.0,0.0,0.0,0.0,0.0,0.0,0.0,0.0,0.0,0.0,0.0,0.0,0.0,0.0,0.0,0.0,8.0,2.0,1.0
369,3.0715999000000016,0,8.3777,1.6097,0.8473,1.0751,0.0655,0.0031,0.0012,0.0003,0.006,0.0134,0.0017,0.0006,0.0066,0.0001,0.0009,0.0019,0.0,0.0001,0.0074,0.001,0.0004,0.0001,0.0005,0.0389,0.0077,0.0,0.0005,0.0,65.0,0.0,2.0,63.0,0.0,0.0,0.0,0.0,0.0,0.0,0.0,0.0,0.0,0.0,0.0,0.0,0.0,0.0,0.0,0.0,0.0,0.0,0.0,8.0,2.0,1.0
370,3.0799776000000016,0,8.3593,1.6724,0.8575,1.2288,0.0695,0.0033,0.0016,0.0002,0.0104,0.0174,0.0018,0.0007,0.0071,0.0002,0.0015,0.0014,0.0001,0.0001,0.0066,0.0012,0.0006,0.0001,0.0005,0.042,0.0078,0.0,0.0008,0.0,65.0,0.0,2.0,63.0,0.0,0.0,0.0,0.0,0.0,0.0,0.0,0.0,0.0,0.0,0.0,0.0,0.0,0.0,0.0,0.0,0.0,0.0,0.0,8.0,2.0,1.0
371,3.0883369000000016,0,8.3721,1.5293,0.8904,1.1231,0.066,0.0017,0.0044,0.0002,0.0044,0.0127,0.0015,0.0011,0.0069,0.0001,0.0009,0.0013,0.0,0.0001,0.0064,0.0015,0.0004,0.0,0.0004,0.0381,0.0078,0.0,0.0007,0.0,65.0,0.0,2.0,63.0,0.0,0.0,0.0,0.0,0.0,0.0,0.0,0.0,0.0,0.0,0.0,0.0,0.0,0.0,0.0,0.0,0.0,0.0,0.0,8.0,2.0,1.0
372,3.0967090000000015,0,8.3093,1.7182,0.9392,1.1964,0.0684,0.0018,0.0015,0.0003,0.0114,0.0169,0.0013,0.0007,0.0062,0.0002,0.0015,0.0012,0.0001,0.0001,0.0065,0.0011,0.0004,0.0,0.0003,0.0404,0.008,0.0001,0.0009,0.0,65.0,0.0,2.0,63.0,0.0,0.0,0.0,0.0,0.0,0.0,0.0,0.0,0.0,0.0,0.0,0.0,0.0,0.0,0.0,0.0,0.0,0.0,0.0,8.0,2.0,1.0
373,3.1050183000000016,0,8.3625,1.6084,0.9367,1.1499,0.0678,0.0026,0.0014,0.0002,0.0054,0.0119,0.0019,0.0006,0.0073,0.0001,0.0018,0.0017,0.0,0.0001,0.0071,0.0017,0.0004,0.0,0.0004,0.0382,0.008,0.0001,0.0006,0.0,65.0,0.0,2.0,63.0,0.0,0.0,0.0,0.0,0.0,0.0,0.0,0.0,0.0,0.0,0.0,0.0,0.0,0.0,0.0,0.0,0.0,0.0,0.0,8.0,2.0,1.0
374,3.1133808000000016,0,8.2709,1.6103,0.8759,1.2596,0.0732,0.0011,0.005,0.0003,0.0144,0.023,0.0013,0.0006,0.0065,0.0002,0.0018,0.0012,0.0,0.0001,0.007,0.001,0.0007,0.0,0.0004,0.047,0.008,0.0,0.0007,0.0,65.0,0.0,2.0,63.0,0.0,0.0,0.0,0.0,0.0,0.0,0.0,0.0,0.0,0.0,0.0,0.0,0.0,0.0,0.0,0.0,0.0,0.0,0.0,8.0,2.0,1.0
375,3.1216517000000015,0,8.3263,1.5616,0.9051,1.126,0.0669,0.0028,0.0014,0.0003,0.0055,0.0119,0.0015,0.0006,0.0062,0.0001,0.0013,0.002,0.0,0.0001,0.0076,0.0013,0.0003,0.0001,0.0004,0.038,0.0077,0.0001,0.001,0.0,65.0,0.0,2.0,63.0,0.0,0.0,0.0,0.0,0.0,0.0,0.0,0.0,0.0,0.0,0.0,0.0,0.0,0.0,0.0,0.0,0.0,0.0,0.0,8.0,2.0,1.0
376,3.1299780000000013,0,8.3776,1.6038,0.8615,1.0214,0.0736,0.0012,0.0038,0.0003,0.0106,0.0179,0.0016,0.0013,0.0068,0.0001,0.0011,0.0014,0.0001,0.0001,0.0078,0.0012,0.0004,0.0,0.0009,0.0447,0.0085,0.0001,0.0008,0.0,65.0,0.0,2.0,63.0,0.0,0.0,0.0,0.0,0.0,0.0,0.0,0.0,0.0,0.0,0.0,0.0,0.0,0.0,0.0,0.0,0.0,0.0,0.0,8.0,2.0,1.0
377,3.1383556000000015,0,8.2911,1.5225,0.8851,1.0735,0.0605,0.0036,0.0011,0.0002,0.0055,0.0119,0.0013,0.0006,0.0058,0.0002,0.0009,0.0011,0.0,0.0002,0.0072,0.0015,0.0005,0.0001,0.0004,0.0352,0.007,0.0001,0.0008,0.0,65.0,0.0,2.0,63.0,0.0,0.0,0.0,0.0,0.0,0.0,0.0,0.0,0.0,0.0,0.0,0.0,0.0,0.0,0.0,0.0,0.0,0.0,0.0,8.0,2.0,1.0
378,3.1466467000000016,0,8.3192,1.4262,0.9112,1.0081,0.0738,0.0013,0.004,0.0002,0.0113,0.0191,0.0015,0.0006,0.0092,0.0002,0.0011,0.0017,0.0,0.0001,0.0073,0.0013,0.0004,0.0,0.0005,0.0467,0.0083,0.0,0.0008,0.0,65.0,0.0,2.0,63.0,0.0,0.0,0.0,0.0,0.0,0.0,0.0,0.0,0.0,0.0,0.0,0.0,0.0,0.0,0.0,0.0,0.0,0.0,0.0,8.0,2.0,1.0
379,3.1549659000000014,0,8.3072,1.5416,0.8117,1.0946,0.0685,0.0034,0.0015,0.0001,0.0059,0.0128,0.0015,0.0007,0.0069,0.0006,0.0012,0.0014,0.0,0.0001,0.0081,0.0011,0.0004,0.0,0.0008,0.0396,0.0084,0.0001,0.0005,0.0,65.0,0.0,2.0,63.0,0.0,0.0,0.0,0.0,0.0,0.0,0.0,0.0,0.0,0.0,0.0,0.0,0.0,0.0,0.0,0.0,0.0,0.0,0.0,8.0,2.0,1.0
380,3.1632731000000014,0,8.3882,1.6173,0.8146,1.0987,0.0648,0.0013,0.0017,0.0001,0.0113,0.0161,0.0013,0.0005,0.0056,0.0001,0.001,0.0012,0.0,0.0001,0.0066,0.0014,0.0004,0.0,0.0004,0.0392,0.0072,0.0,0.0008,0.0,65.0,0.0,2.0,63.0,0.0,0.0,0.0,0.0,0.0,0.0,0.0,0.0,0.0,0.0,0.0,0.0,0.0,0.0,0.0,0.0,0.0,0.0,0.0,8.0,2.0,1.0
381,3.1716613000000016,0,8.4414,1.5646,0.9523,1.1566,0.0702,0.0034,0.0014,0.0002,0.0055,0.0132,0.0014,0.0008,0.0073,0.0002,0.0014,0.0021,0.0001,0.0001,0.0074,0.0012,0.0009,0.0,0.0004,0.0401,0.0075,0.0,0.0008,0.0,65.0,0.0,2.0,63.0,0.0,0.0,0.0,0.0,0.0,0.0,0.0,0.0,0.0,0.0,0.0,0.0,0.0,0.0,0.0,0.0,0.0,0.0,0.0,8.0,2.0,1.0
382,3.1801027000000017,0,8.2766,1.7743,0.9707,1.1078,0.0796,0.0014,0.0054,0.0003,0.0122,0.0217,0.0017,0.0008,0.0071,0.0002,0.0013,0.0018,0.0,0.0001,0.0074,0.0014,0.0005,0.0,0.0004,0.0488,0.0095,0.0001,0.0006,0.0,65.0,0.0,2.0,63.0,0.0,0.0,0.0,0.0,0.0,0.0,0.0,0.0,0.0,0.0,0.0,0.0,0.0,0.0,0.0,0.0,0.0,0.0,0.0,8.0,2.0,1.0
383,3.1883793000000016,0,8.3709,1.6493,0.9436,1.1565,0.0657,0.0017,0.0013,0.0003,0.0062,0.0117,0.0019,0.0007,0.0072,0.0002,0.0013,0.0021,0.0001,0.0001,0.0077,0.0014,0.0004,0.0001,0.0005,0.0386,0.0049,0.0,0.0008,0.0,65.0,0.0,2.0,63.0,0.0,0.0,0.0,0.0,0.0,0.0,0.0,0.0,0.0,0.0,0.0,0.0,0.0,0.0,0.0,0.0,0.0,0.0,0.0,8.0,2.0,1.0
384,3.1967502000000017,0,8.3076,1.6013,0.9651,1.2275,0.0804,0.0047,0.0019,0.0003,0.0142,0.0232,0.0014,0.0005,0.0066,0.0001,0.0016,0.0015,0.0001,0.0001,0.0076,0.0009,0.0004,0.0,0.0003,0.0487,0.0078,0.0,0.0013,0.0,65.0,0.0,2.0,63.0,0.0,0.0,0.0,0.0,0.0,0.0,0.0,0.0,0.0,0.0,0.0,0.0,0.0,0.0,0.0,0.0,0.0,0.0,0.0,8.0,2.0,1.0
385,3.205057800000002,0,8.3061,1.6323,0.9285,1.1138,0.0677,0.0018,0.0035,0.0002,0.0042,0.0117,0.0016,0.0007,0.0072,0.0001,0.0017,0.0014,0.0001,0.0001,0.0078,0.0018,0.0004,0.0001,0.0004,0.0387,0.0083,0.0,0.0008,0.0,65.0,0.0,2.0,63.0,0.0,0.0,0.0,0.0,0.0,0.0,0.0,0.0,0.0,0.0,0.0,0.0,0.0,0.0,0.0,0.0,0.0,0.0,0.0,8.0,2.0,1.0
386,3.213363900000002,0,8.255,1.5987,0.9042,1.1325,0.0653,0.0011,0.0013,0.0002,0.0104,0.0146,0.0014,0.0006,0.006,0.0001,0.0016,0.0014,0.0,0.0001,0.0071,0.0015,0.0004,0.0,0.0003,0.0395,0.0078,0.0001,0.0008,0.0,65.0,0.0,2.0,63.0,0.0,0.0,0.0,0.0,0.0,0.0,0.0,0.0,0.0,0.0,0.0,0.0,0.0,0.0,0.0,0.0,0.0,0.0,0.0,8.0,2.0,1.0
387,3.221618900000002,0,8.4125,1.5757,0.8629,1.1046,0.0652,0.0014,0.0014,0.0003,0.0053,0.011,0.0014,0.0007,0.0069,0.0002,0.0013,0.0015,0.0,0.0001,0.0073,0.0013,0.0004,0.0,0.0004,0.0368,0.0082,0.0,0.0006,0.0,65.0,0.0,2.0,63.0,0.0,0.0,0.0,0.0,0.0,0.0,0.0,0.0,0.0,0.0,0.0,0.0,0.0,0.0,0.0,0.0,0.0,0.0,0.0,8.0,2.0,1.0
388,3.230031400000002,0,8.3286,1.655,0.8953,1.1992,0.0716,0.0012,0.0048,0.0002,0.0108,0.019,0.0017,0.0005,0.0062,0.0002,0.0012,0.0018,0.0001,0.0001,0.0071,0.0012,0.0004,0.0001,0.0005,0.0435,0.0072,0.0001,0.0007,0.0,65.0,0.0,2.0,63.0,0.0,0.0,0.0,0.0,0.0,0.0,0.0,0.0,0.0,0.0,0.0,0.0,0.0,0.0,0.0,0.0,0.0,0.0,0.0,8.0,2.0,1.0
389,3.238360000000002,0,8.2941,1.5871,0.8848,1.1238,0.0632,0.0011,0.0051,0.0002,0.0038,0.012,0.0013,0.0006,0.0058,0.0001,0.0013,0.002,0.0001,0.0001,0.007,0.0011,0.0005,0.0,0.0004,0.0354,0.0076,0.0,0.0007,0.0,65.0,0.0,2.0,63.0,0.0,0.0,0.0,0.0,0.0,0.0,0.0,0.0,0.0,0.0,0.0,0.0,0.0,0.0,0.0,0.0,0.0,0.0,0.0,8.0,2.0,1.0
390,3.246654100000002,0,8.2963,1.6223,0.8431,1.1664,0.0601,0.0012,0.0013,0.0002,0.0106,0.0159,0.0013,0.0005,0.0059,0.0001,0.0015,0.0011,0.0,0.0001,0.0068,0.0011,0.0009,0.0,0.0005,0.0394,0.0038,0.0,0.0004,0.0,65.0,0.0,2.0,63.0,0.0,0.0,0.0,0.0,0.0,0.0,0.0,0.0,0.0,0.0,0.0,0.0,0.0,0.0,0.0,0.0,0.0,0.0,0.0,8.0,2.0,1.0
391,3.254950400000002,0,8.3718,1.5401,0.8402,1.1003,0.0622,0.0012,0.0044,0.0002,0.0037,0.0122,0.0014,0.0006,0.006,0.0002,0.0013,0.0012,0.0,0.0002,0.0065,0.0013,0.0009,0.0001,0.0004,0.0353,0.0081,0.0,0.0007,0.0,65.0,0.0,2.0,63.0,0.0,0.0,0.0,0.0,0.0,0.0,0.0,0.0,0.0,0.0,0.0,0.0,0.0,0.0,0.0,0.0,0.0,0.0,0.0,8.0,2.0,1.0
392,3.263322200000002,0,8.3567,1.5186,0.9012,1.0725,0.0683,0.0042,0.0015,0.0003,0.0113,0.019,0.0018,0.0005,0.0068,0.0002,0.001,0.0016,0.0001,0.0001,0.0066,0.0012,0.0003,0.0,0.0003,0.0426,0.0073,0.0,0.0006,0.0,65.0,0.0,2.0,63.0,0.0,0.0,0.0,0.0,0.0,0.0,0.0,0.0,0.0,0.0,0.0,0.0,0.0,0.0,0.0,0.0,0.0,0.0,0.0,8.0,2.0,1.0
393,3.271678900000002,0,8.2613,1.51,0.8531,1.081,0.0587,0.0014,0.0012,0.0002,0.0066,0.0111,0.0013,0.0006,0.0056,0.0001,0.0012,0.0014,0.0,0.0004,0.0064,0.0015,0.0004,0.0,0.0004,0.0341,0.0051,0.0001,0.0005,0.0,65.0,0.0,2.0,63.0,0.0,0.0,0.0,0.0,0.0,0.0,0.0,0.0,0.0,0.0,0.0,0.0,0.0,0.0,0.0,0.0,0.0,0.0,0.0,8.0,2.0,1.0
394,3.279940200000002,0,8.4019,1.5067,0.8458,1.074,0.0674,0.0014,0.0013,0.0002,0.0127,0.0175,0.0014,0.0007,0.0058,0.0002,0.0012,0.0014,0.0,0.0001,0.0067,0.0013,0.0004,0.0,0.0004,0.0402,0.0078,0.0,0.0007,0.0,65.0,0.0,2.0,63.0,0.0,0.0,0.0,0.0,0.0,0.0,0.0,0.0,0.0,0.0,0.0,0.0,0.0,0.0,0.0,0.0,0.0,0.0,0.0,8.0,2.0,1.0
395,3.288342100000002,0,8.2648,1.5891,0.8678,1.114,0.0598,0.0016,0.0014,0.0002,0.0067,0.0118,0.0014,0.0006,0.0068,0.0002,0.0016,0.0013,0.0,0.0001,0.0066,0.0017,0.0009,0.0001,0.0005,0.0367,0.0043,0.0,0.0009,0.0,65.0,0.0,2.0,63.0,0.0,0.0,0.0,0.0,0.0,0.0,0.0,0.0,0.0,0.0,0.0,0.0,0.0,0.0,0.0,0.0,0.0,0.0,0.0,8.0,2.0,1.0
396,3.2966069000000022,0,8.4942,1.6486,0.8633,1.0778,0.0739,0.0026,0.0014,0.0002,0.0114,0.0183,0.0017,0.0006,0.0068,0.0002,0.002,0.0016,0.0002,0.0005,0.0065,0.0018,0.0005,0.0001,0.0005,0.0448,0.0081,0.0,0.0008,0.0,65.0,0.0,2.0,63.0,0.0,0.0,0.0,0.0,0.0,0.0,0.0,0.0,0.0,0.0,0.0,0.0,0.0,0.0,0.0,0.0,0.0,0.0,0.0,8.0,2.0,1.0
397,3.305101100000002,0,8.2207,1.5763,0.9652,1.122,0.0652,0.0016,0.0018,0.0002,0.0057,0.0113,0.0016,0.0007,0.0069,0.0001,0.0012,0.0017,0.0001,0.0001,0.0072,0.0011,0.0003,0.0001,0.0008,0.0366,0.0083,0.0,0.0008,0.0,65.0,0.0,2.0,63.0,0.0,0.0,0.0,0.0,0.0,0.0,0.0,0.0,0.0,0.0,0.0,0.0,0.0,0.0,0.0,0.0,0.0,0.0,0.0,8.0,2.0,1.0
398,3.313321800000002,0,8.2661,1.5151,0.8387,1.2073,0.0646,0.0036,0.0013,0.0003,0.0089,0.0164,0.0013,0.0006,0.006,0.0002,0.001,0.0012,0.0,0.0001,0.0062,0.0011,0.0003,0.0,0.0007,0.0381,0.0075,0.0,0.0004,0.0,65.0,0.0,2.0,63.0,0.0,0.0,0.0,0.0,0.0,0.0,0.0,0.0,0.0,0.0,0.0,0.0,0.0,0.0,0.0,0.0,0.0,0.0,0.0,8.0,2.0,1.0
399,3.321587900000002,0,8.3855,1.5671,0.8235,1.0779,0.0631,0.0013,0.0045,0.0003,0.004,0.0123,0.0015,0.0006,0.0061,0.0001,0.0013,0.0011,0.0001,0.0001,0.0069,0.0011,0.0005,0.0001,0.0005,0.0361,0.0079,0.0,0.0009,0.0,65.0,0.0,2.0,63.0,0.0,0.0,0.0,0.0,0.0,0.0,0.0,0.0,0.0,0.0,0.0,0.0,0.0,0.0,0.0,0.0,0.0,0.0,0.0,8.0,2.0,1.0
400,3.3299734000000023,0,8.3431,1.5899,0.8721,1.1056,0.0675,0.001,0.0018,0.0003,0.0094,0.0146,0.0019,0.0007,0.0069,0.0001,0.001,0.0018,0.0001,0.0001,0.0071,0.0011,0.0004,0.0,0.0004,0.0393,0.0083,0.0,0.0009,0.0,65.0,0.0,2.0,63.0,0.0,0.0,0.0,0.0,0.0,0.0,0.0,0.0,0.0,0.0,0.0,0.0,0.0,0.0,0.0,0.0,0.0,0.0,0.0,8.0,2.0,1.0
401,3.338316500000002,0,8.3158,1.4825,0.8511,1.0758,0.0612,0.0039,0.0014,0.0003,0.0054,0.0131,0.0015,0.0011,0.0063,0.0002,0.001,0.0013,0.0001,0.0,0.0068,0.001,0.0004,0.0,0.0004,0.037,0.0048,0.0,0.0007,0.0,65.0,0.0,2.0,63.0,0.0,0.0,0.0,0.0,0.0,0.0,0.0,0.0,0.0,0.0,0.0,0.0,0.0,0.0,0.0,0.0,0.0,0.0,0.0,8.0,2.0,1.0
402,3.3466323000000022,0,8.4174,1.5738,0.8778,1.1099,0.0712,0.0012,0.0055,0.0002,0.0102,0.0197,0.0015,0.0006,0.0067,0.0001,0.0012,0.0014,0.0001,0.0001,0.0073,0.0012,0.0003,0.0,0.0004,0.0438,0.0084,0.0001,0.0007,0.0,65.0,0.0,2.0,63.0,0.0,0.0,0.0,0.0,0.0,0.0,0.0,0.0,0.0,0.0,0.0,0.0,0.0,0.0,0.0,0.0,0.0,0.0,0.0,8.0,2.0,1.0
403,3.355049700000002,0,8.2853,1.6219,0.9157,1.0931,0.0647,0.0012,0.0056,0.0003,0.004,0.013,0.0014,0.0006,0.0069,0.0002,0.0015,0.0012,0.0001,0.0001,0.0067,0.0011,0.0004,0.0,0.0004,0.0371,0.0082,0.0,0.0008,0.0,65.0,0.0,2.0,63.0,0.0,0.0,0.0,0.0,0.0,0.0,0.0,0.0,0.0,0.0,0.0,0.0,0.0,0.0,0.0,0.0,0.0,0.0,0.0,8.0,2.0,1.0
404,3.363335000000002,0,8.2942,1.608,0.8883,1.2394,0.0685,0.0028,0.0015,0.0002,0.0117,0.0181,0.0013,0.0006,0.0063,0.0001,0.0011,0.0013,0.0001,0.0001,0.007,0.0012,0.0003,0.0,0.0003,0.0418,0.0072,0.0,0.0007,0.0,65.0,0.0,2.0,63.0,0.0,0.0,0.0,0.0,0.0,0.0,0.0,0.0,0.0,0.0,0.0,0.0,0.0,0.0,0.0,0.0,0.0,0.0,0.0,8.0,2.0,1.0
405,3.371629200000002,0,8.3956,1.6174,0.8605,1.1354,0.0668,0.0011,0.0017,0.0002,0.0057,0.0109,0.0015,0.0005,0.0072,0.0002,0.0016,0.0016,0.0001,0.0006,0.0067,0.0016,0.0004,0.0001,0.0005,0.0376,0.0087,0.0001,0.0011,0.0,65.0,0.0,2.0,63.0,0.0,0.0,0.0,0.0,0.0,0.0,0.0,0.0,0.0,0.0,0.0,0.0,0.0,0.0,0.0,0.0,0.0,0.0,0.0,8.0,2.0,1.0
406,3.380024800000002,0,8.2196,1.5652,0.8738,1.0869,0.0626,0.0022,0.0015,0.0002,0.0098,0.0157,0.0013,0.0005,0.0064,0.0002,0.0011,0.0016,0.0001,0.0001,0.007,0.0009,0.0004,0.0,0.0003,0.0388,0.0069,0.0,0.0008,0.0,65.0,0.0,2.0,63.0,0.0,0.0,0.0,0.0,0.0,0.0,0.0,0.0,0.0,0.0,0.0,0.0,0.0,0.0,0.0,0.0,0.0,0.0,0.0,8.0,2.0,1.0
407,3.388244400000002,0,8.4124,1.4838,0.8097,1.0777,0.0615,0.0013,0.0011,0.0003,0.0099,0.0143,0.0016,0.0007,0.0064,0.0001,0.0017,0.0013,0.0001,0.0001,0.0071,0.0014,0.0004,0.0,0.0004,0.0382,0.0045,0.0,0.0009,0.0,65.0,0.0,2.0,63.0,0.0,0.0,0.0,0.0,0.0,0.0,0.0,0.0,0.0,0.0,0.0,0.0,0.0,0.0,0.0,0.0,0.0,0.0,0.0,8.0,2.0,1.0
408,3.396656800000002,0,8.3475,1.645,0.8685,1.0509,0.0697,0.0012,0.0038,0.0002,0.0085,0.0161,0.0015,0.0007,0.0063,0.0001,0.0014,0.0014,0.0001,0.0001,0.0077,0.0012,0.0004,0.0001,0.0005,0.0416,0.0084,0.0,0.0008,0.0,65.0,0.0,2.0,63.0,0.0,0.0,0.0,0.0,0.0,0.0,0.0,0.0,0.0,0.0,0.0,0.0,0.0,0.0,0.0,0.0,0.0,0.0,0.0,8.0,2.0,1.0
409,3.405004300000002,0,8.2449,1.5358,0.8603,1.0802,0.0614,0.0022,0.0027,0.0002,0.0042,0.0113,0.0015,0.0007,0.0065,0.0001,0.0011,0.0019,0.0,0.0001,0.0073,0.0011,0.0005,0.0001,0.0007,0.0362,0.0054,0.0,0.0006,0.0,65.0,0.0,2.0,63.0,0.0,0.0,0.0,0.0,0.0,0.0,0.0,0.0,0.0,0.0,0.0,0.0,0.0,0.0,0.0,0.0,0.0,0.0,0.0,8.0,2.0,1.0
410,3.413249200000002,0,8.4074,1.5464,0.813,1.1257,0.0643,0.0012,0.0048,0.0002,0.0089,0.0177,0.0018,0.0007,0.0061,0.0001,0.0011,0.0012,0.0,0.0003,0.0064,0.0014,0.0004,0.0,0.0003,0.0402,0.0071,0.0,0.0007,0.0,65.0,0.0,2.0,63.0,0.0,0.0,0.0,0.0,0.0,0.0,0.0,0.0,0.0,0.0,0.0,0.0,0.0,0.0,0.0,0.0,0.0,0.0,0.0,8.0,2.0,1.0
411,3.4216566000000017,0,8.3067,1.6172,0.8746,1.1319,0.0665,0.0015,0.0043,0.0003,0.0043,0.0128,0.002,0.0007,0.0074,0.0001,0.0012,0.0016,0.0,0.0001,0.0071,0.0011,0.0004,0.0,0.0005,0.0381,0.0088,0.0001,0.0004,0.0,65.0,0.0,2.0,63.0,0.0,0.0,0.0,0.0,0.0,0.0,0.0,0.0,0.0,0.0,0.0,0.0,0.0,0.0,0.0,0.0,0.0,0.0,0.0,8.0,2.0,1.0
412,3.4299633000000016,0,8.4803,1.5935,0.8658,1.1272,0.0656,0.0013,0.0036,0.0002,0.0097,0.0171,0.0013,0.0007,0.0062,0.0002,0.0013,0.0013,0.0,0.0001,0.0064,0.0015,0.0004,0.0001,0.0004,0.0411,0.0075,0.0,0.0008,0.0,65.0,0.0,2.0,63.0,0.0,0.0,0.0,0.0,0.0,0.0,0.0,0.0,0.0,0.0,0.0,0.0,0.0,0.0,0.0,0.0,0.0,0.0,0.0,8.0,2.0,1.0
413,3.4384436000000016,0,8.2653,1.7563,1.0299,1.2223,0.0721,0.0039,0.0014,0.0003,0.006,0.014,0.0014,0.0007,0.0072,0.0001,0.0014,0.002,0.0001,0.0001,0.0078,0.0012,0.0005,0.0,0.0004,0.0415,0.008,0.0001,0.0007,0.0,65.0,0.0,2.0,63.0,0.0,0.0,0.0,0.0,0.0,0.0,0.0,0.0,0.0,0.0,0.0,0.0,0.0,0.0,0.0,0.0,0.0,0.0,0.0,8.0,2.0,1.0
414,3.4467089000000017,0,8.2824,1.6649,0.887,1.1843,0.0759,0.0043,0.0017,0.0002,0.0114,0.0198,0.0019,0.0007,0.0072,0.0002,0.0014,0.0013,0.0001,0.0001,0.0084,0.0016,0.0004,0.0,0.0004,0.0471,0.0081,0.0001,0.0006,0.0,65.0,0.0,2.0,63.0,0.0,0.0,0.0,0.0,0.0,0.0,0.0,0.0,0.0,0.0,0.0,0.0,0.0,0.0,0.0,0.0,0.0,0.0,0.0,8.0,2.0,1.0
415,3.454991300000002,0,8.3603,1.5964,0.8741,1.0711,0.0668,0.0029,0.0013,0.0002,0.0051,0.0123,0.0019,0.0006,0.0074,0.0001,0.0017,0.0015,0.0,0.0001,0.0072,0.0017,0.0005,0.0001,0.0004,0.0384,0.008,0.0001,0.0008,0.0,65.0,0.0,2.0,63.0,0.0,0.0,0.0,0.0,0.0,0.0,0.0,0.0,0.0,0.0,0.0,0.0,0.0,0.0,0.0,0.0,0.0,0.0,0.0,8.0,2.0,1.0
416,3.463351600000002,0,8.2777,1.6135,0.8803,1.1636,0.0686,0.0037,0.0018,0.0002,0.0107,0.018,0.0014,0.0007,0.0062,0.0002,0.0012,0.0012,0.0,0.0002,0.0067,0.0015,0.0004,0.0,0.0004,0.0419,0.0072,0.0,0.0007,0.0,65.0,0.0,2.0,63.0,0.0,0.0,0.0,0.0,0.0,0.0,0.0,0.0,0.0,0.0,0.0,0.0,0.0,0.0,0.0,0.0,0.0,0.0,0.0,8.0,2.0,1.0
417,3.471629300000002,0,8.4381,1.6136,0.8704,1.0641,0.0622,0.0028,0.0015,0.0002,0.0059,0.012,0.0015,0.0006,0.0063,0.0001,0.0011,0.0014,0.0001,0.0001,0.0079,0.0011,0.0004,0.0,0.001,0.0378,0.0049,0.0001,0.0009,0.0,65.0,0.0,2.0,63.0,0.0,0.0,0.0,0.0,0.0,0.0,0.0,0.0,0.0,0.0,0.0,0.0,0.0,0.0,0.0,0.0,0.0,0.0,0.0,8.0,2.0,1.0
418,3.4800674000000016,0,8.2106,1.5721,0.9003,1.1205,0.0694,0.0032,0.0013,0.0001,0.0099,0.0166,0.0015,0.0006,0.0063,0.0001,0.0013,0.0013,0.0001,0.0001,0.0074,0.0012,0.0005,0.0001,0.0005,0.042,0.0083,0.0,0.0007,0.0,65.0,0.0,2.0,63.0,0.0,0.0,0.0,0.0,0.0,0.0,0.0,0.0,0.0,0.0,0.0,0.0,0.0,0.0,0.0,0.0,0.0,0.0,0.0,8.0,2.0,1.0
419,3.4882780000000015,0,8.3608,1.5453,0.7904,1.1359,0.0585,0.0016,0.0046,0.0001,0.0052,0.0132,0.0013,0.0012,0.0066,0.0001,0.0013,0.0011,0.0,0.0001,0.0071,0.0016,0.0004,0.0,0.0003,0.0367,0.0045,0.0,0.0005,0.0,65.0,0.0,2.0,63.0,0.0,0.0,0.0,0.0,0.0,0.0,0.0,0.0,0.0,0.0,0.0,0.0,0.0,0.0,0.0,0.0,0.0,0.0,0.0,8.0,2.0,1.0
420,3.4966388000000017,0,8.402,1.6242,0.8921,1.1835,0.0678,0.0026,0.0013,0.0007,0.0095,0.016,0.0014,0.0006,0.0064,0.0003,0.0011,0.0019,0.0001,0.0001,0.0069,0.0016,0.001,0.0001,0.0005,0.0408,0.0072,0.0001,0.0007,0.0,65.0,0.0,2.0,63.0,0.0,0.0,0.0,0.0,0.0,0.0,0.0,0.0,0.0,0.0,0.0,0.0,0.0,0.0,0.0,0.0,0.0,0.0,0.0,8.0,2.0,1.0
421,3.5050408000000015,0,8.2717,1.5483,0.8877,1.067,0.0635,0.0031,0.0019,0.0002,0.0041,0.0115,0.0014,0.0006,0.0068,0.0002,0.0012,0.0014,0.0001,0.0001,0.0069,0.0012,0.0003,0.0,0.0005,0.0351,0.0081,0.0001,0.0009,0.0,65.0,0.0,2.0,63.0,0.0,0.0,0.0,0.0,0.0,0.0,0.0,0.0,0.0,0.0,0.0,0.0,0.0,0.0,0.0,0.0,0.0,0.0,0.0,8.0,2.0,1.0
422,3.5133125000000014,0,8.3424,1.4895,0.8515,1.225,0.0642,0.0013,0.0015,0.0001,0.0119,0.0173,0.0012,0.0005,0.0057,0.0002,0.0015,0.0014,0.0,0.0001,0.006,0.0012,0.0003,0.0,0.0008,0.0394,0.0067,0.0,0.0008,0.0,65.0,0.0,2.0,63.0,0.0,0.0,0.0,0.0,0.0,0.0,0.0,0.0,0.0,0.0,0.0,0.0,0.0,0.0,0.0,0.0,0.0,0.0,0.0,8.0,2.0,1.0
423,3.5216549000000015,0,8.3678,1.6012,0.8826,1.0707,0.0677,0.0029,0.0018,0.0001,0.0087,0.0153,0.0016,0.0005,0.0071,0.0001,0.0011,0.0013,0.0001,0.0001,0.0067,0.0012,0.0008,0.0,0.0004,0.04,0.0085,0.0,0.0007,0.0,65.0,0.0,2.0,63.0,0.0,0.0,0.0,0.0,0.0,0.0,0.0,0.0,0.0,0.0,0.0,0.0,0.0,0.0,0.0,0.0,0.0,0.0,0.0,8.0,2.0,1.0
424,3.5300227000000013,0,8.2506,1.5499,0.886,1.1564,0.0692,0.0038,0.0012,0.0001,0.0112,0.0185,0.0014,0.0006,0.0066,0.0002,0.0012,0.0013,0.0001,0.0001,0.0064,0.0015,0.0004,0.0,0.0004,0.0429,0.0079,0.0001,0.0006,0.0,65.0,0.0,2.0,63.0,0.0,0.0,0.0,0.0,0.0,0.0,0.0,0.0,0.0,0.0,0.0,0.0,0.0,0.0,0.0,0.0,0.0,0.0,0.0,8.0,2.0,1.0
425,3.5382733000000015,0,8.2974,1.5358,0.79,1.087,0.0533,0.0011,0.0013,0.0001,0.0047,0.009,0.0014,0.0005,0.006,0.0001,0.0012,0.0014,0.0,0.0001,0.0069,0.001,0.0004,0.0,0.0003,0.0312,0.0046,0.0,0.0004,0.0,65.0,0.0,2.0,63.0,0.0,0.0,0.0,0.0,0.0,0.0,0.0,0.0,0.0,0.0,0.0,0.0,0.0,0.0,0.0,0.0,0.0,0.0,0.0,8.0,2.0,1.0
426,3.5465707000000015,0,8.3759,1.5743,0.8256,1.1023,0.0667,0.0028,0.0013,0.0002,0.0097,0.0167,0.0015,0.0008,0.006,0.0002,0.0013,0.0014,0.0001,0.0001,0.0067,0.0012,0.0004,0.0,0.0004,0.0411,0.0081,0.0,0.0006,0.0,65.0,0.0,2.0,63.0,0.0,0.0,0.0,0.0,0.0,0.0,0.0,0.0,0.0,0.0,0.0,0.0,0.0,0.0,0.0,0.0,0.0,0.0,0.0,8.0,2.0,1.0
427,3.5549466000000014,0,8.4802,1.7704,0.9074,1.2107,0.0727,0.0015,0.0016,0.0003,0.006,0.0125,0.0016,0.0013,0.0076,0.0001,0.0015,0.0017,0.0004,0.0001,0.008,0.0012,0.0009,0.0001,0.0006,0.0408,0.0084,0.0001,0.0007,0.0,65.0,0.0,2.0,63.0,0.0,0.0,0.0,0.0,0.0,0.0,0.0,0.0,0.0,0.0,0.0,0.0,0.0,0.0,0.0,0.0,0.0,0.0,0.0,8.0,2.0,1.0
428,3.5634268000000016,0,8.2177,1.781,0.9029,1.1525,0.068,0.0038,0.0012,0.0002,0.0104,0.0181,0.0014,0.0004,0.0056,0.0001,0.0011,0.0015,0.0006,0.0001,0.0075,0.001,0.0003,0.0,0.0004,0.042,0.0072,0.0001,0.0006,0.0,65.0,0.0,2.0,63.0,0.0,0.0,0.0,0.0,0.0,0.0,0.0,0.0,0.0,0.0,0.0,0.0,0.0,0.0,0.0,0.0,0.0,0.0,0.0,8.0,2.0,1.0
429,3.5716445000000014,0,8.3031,1.551,0.8453,1.131,0.0559,0.0012,0.0014,0.0002,0.0036,0.0079,0.0017,0.0005,0.0063,0.0002,0.001,0.0012,0.0005,0.0001,0.0072,0.001,0.0004,0.0,0.0004,0.0319,0.0051,0.0,0.0006,0.0,65.0,0.0,2.0,63.0,0.0,0.0,0.0,0.0,0.0,0.0,0.0,0.0,0.0,0.0,0.0,0.0,0.0,0.0,0.0,0.0,0.0,0.0,0.0,8.0,2.0,1.0
430,3.5799476000000015,0,8.2983,1.5706,0.8077,1.0826,0.0621,0.0012,0.0035,0.0002,0.0085,0.015,0.0017,0.0006,0.0058,0.0001,0.0011,0.0012,0.0,0.0002,0.0063,0.0014,0.0004,0.0001,0.0003,0.0377,0.0078,0.0,0.0008,0.0,65.0,0.0,2.0,63.0,0.0,0.0,0.0,0.0,0.0,0.0,0.0,0.0,0.0,0.0,0.0,0.0,0.0,0.0,0.0,0.0,0.0,0.0,0.0,8.0,2.0,1.0
431,3.5882459000000013,0,8.4023,1.4638,0.7918,1.0836,0.0599,0.0016,0.0042,0.0002,0.0036,0.0114,0.0015,0.0008,0.0061,0.0001,0.0011,0.0018,0.0001,0.0001,0.0068,0.0012,0.0004,0.0,0.0004,0.0348,0.0072,0.0,0.0007,0.0,65.0,0.0,2.0,63.0,0.0,0.0,0.0,0.0,0.0,0.0,0.0,0.0,0.0,0.0,0.0,0.0,0.0,0.0,0.0,0.0,0.0,0.0,0.0,8.0,2.0,1.0
432,3.5966482000000015,0,8.3061,1.5697,0.8818,1.1702,0.0715,0.0018,0.0015,0.0002,0.0108,0.0166,0.0015,0.0007,0.0067,0.0002,0.0011,0.0013,0.0001,0.0001,0.0071,0.0012,0.0004,0.0001,0.0004,0.0419,0.0081,0.0,0.0006,0.0,65.0,0.0,2.0,63.0,0.0,0.0,0.0,0.0,0.0,0.0,0.0,0.0,0.0,0.0,0.0,0.0,0.0,0.0,0.0,0.0,0.0,0.0,0.0,8.0,2.0,1.0
433,3.6049543000000015,0,8.3434,1.5058,0.8075,1.0472,0.0532,0.0014,0.0012,0.0002,0.0052,0.0098,0.0014,0.0005,0.0056,0.0001,0.001,0.0013,0.0,0.0001,0.0069,0.0011,0.0004,0.0001,0.0004,0.0316,0.0038,0.0,0.0008,0.0,65.0,0.0,2.0,63.0,0.0,0.0,0.0,0.0,0.0,0.0,0.0,0.0,0.0,0.0,0.0,0.0,0.0,0.0,0.0,0.0,0.0,0.0,0.0,8.0,2.0,1.0
434,3.6132977000000013,0,8.3262,1.4253,0.8391,1.0756,0.0637,0.0024,0.0012,0.0002,0.0109,0.0164,0.0013,0.0005,0.0058,0.0001,0.0012,0.0014,0.0,0.0001,0.007,0.001,0.0004,0.0,0.0003,0.0394,0.0067,0.0,0.0007,0.0,65.0,0.0,2.0,63.0,0.0,0.0,0.0,0.0,0.0,0.0,0.0,0.0,0.0,0.0,0.0,0.0,0.0,0.0,0.0,0.0,0.0,0.0,0.0,8.0,2.0,1.0
435,3.6216239000000012,0,8.2965,1.5475,0.8266,1.1307,0.0652,0.0012,0.0014,0.0002,0.0063,0.0146,0.0015,0.0008,0.0094,0.0001,0.0013,0.0017,0.0001,0.0001,0.0068,0.0011,0.0003,0.0,0.0004,0.0416,0.005,0.0,0.0004,0.0,65.0,0.0,2.0,63.0,0.0,0.0,0.0,0.0,0.0,0.0,0.0,0.0,0.0,0.0,0.0,0.0,0.0,0.0,0.0,0.0,0.0,0.0,0.0,8.0,2.0,1.0
436,3.6299204000000014,0,8.4871,1.5382,0.8436,1.1393,0.0741,0.0017,0.0047,0.0002,0.0111,0.0197,0.002,0.0007,0.0069,0.0002,0.0013,0.0018,0.0002,0.0001,0.007,0.0013,0.0005,0.0001,0.0005,0.0446,0.008,0.0,0.0008,0.0,65.0,0.0,2.0,63.0,0.0,0.0,0.0,0.0,0.0,0.0,0.0,0.0,0.0,0.0,0.0,0.0,0.0,0.0,0.0,0.0,0.0,0.0,0.0,8.0,2.0,1.0
437,3.6384075000000013,0,8.3604,1.4137,0.9989,1.1526,0.0818,0.0041,0.0023,0.0002,0.0069,0.0159,0.0022,0.0008,0.008,0.0002,0.0015,0.0018,0.0001,0.0001,0.0086,0.0014,0.0005,0.0001,0.0004,0.0467,0.0097,0.0,0.0007,0.0,65.0,0.0,2.0,63.0,0.0,0.0,0.0,0.0,0.0,0.0,0.0,0.0,0.0,0.0,0.0,0.0,0.0,0.0,0.0,0.0,0.0,0.0,0.0,8.0,2.0,1.0
438,3.6467679000000013,0,8.3564,1.7358,1.0311,1.2948,0.0723,0.0017,0.0015,0.0002,0.0108,0.0163,0.0013,0.0007,0.007,0.0001,0.0013,0.0015,0.0001,0.0001,0.0076,0.0018,0.0004,0.0001,0.0004,0.0429,0.0078,0.0,0.0007,0.0,65.0,0.0,2.0,63.0,0.0,0.0,0.0,0.0,0.0,0.0,0.0,0.0,0.0,0.0,0.0,0.0,0.0,0.0,0.0,0.0,0.0,0.0,0.0,8.0,2.0,1.0
439,3.655124300000001,0,8.3138,1.6588,0.9378,1.4556,0.0722,0.0036,0.0015,0.0002,0.007,0.0151,0.0015,0.0007,0.0074,0.0001,0.0019,0.0016,0.0001,0.0001,0.0082,0.0011,0.0004,0.0,0.001,0.0433,0.0079,0.0001,0.0005,0.0,65.0,0.0,2.0,63.0,0.0,0.0,0.0,0.0,0.0,0.0,0.0,0.0,0.0,0.0,0.0,0.0,0.0,0.0,0.0,0.0,0.0,0.0,0.0,8.0,2.0,1.0
440,3.663438100000001,0,8.2363,1.7255,0.9423,1.2687,0.0703,0.0035,0.0014,0.0001,0.0105,0.0181,0.0013,0.0006,0.0068,0.0002,0.0011,0.0015,0.0,0.0001,0.0069,0.0011,0.0004,0.0001,0.0004,0.0426,0.0069,0.0001,0.0006,0.0,65.0,0.0,2.0,63.0,0.0,0.0,0.0,0.0,0.0,0.0,0.0,0.0,0.0,0.0,0.0,0.0,0.0,0.0,0.0,0.0,0.0,0.0,0.0,8.0,2.0,1.0
441,3.671674400000001,0,8.4692,1.6824,0.9423,1.2002,0.0748,0.003,0.0013,0.0003,0.007,0.014,0.0016,0.0007,0.0073,0.0002,0.0014,0.0017,0.0001,0.0002,0.0081,0.0012,0.0004,0.0,0.0004,0.0423,0.0084,0.0001,0.0007,0.0,65.0,0.0,2.0,63.0,0.0,0.0,0.0,0.0,0.0,0.0,0.0,0.0,0.0,0.0,0.0,0.0,0.0,0.0,0.0,0.0,0.0,0.0,0.0,8.0,2.0,1.0
442,3.680143600000001,0,8.3922,1.7227,1.0555,1.1025,0.0756,0.0028,0.0015,0.0003,0.0103,0.0178,0.0014,0.0013,0.0073,0.0001,0.0011,0.0017,0.0001,0.0001,0.0074,0.0013,0.0005,0.0001,0.0008,0.0446,0.0089,0.0,0.0009,0.0,65.0,0.0,2.0,63.0,0.0,0.0,0.0,0.0,0.0,0.0,0.0,0.0,0.0,0.0,0.0,0.0,0.0,0.0,0.0,0.0,0.0,0.0,0.0,8.0,2.0,1.0
443,3.688535800000001,0,8.2746,1.7296,1.0916,1.2033,0.0652,0.0014,0.002,0.0002,0.006,0.0121,0.0014,0.0006,0.0069,0.0001,0.0017,0.0016,0.0001,0.0003,0.0073,0.0013,0.0005,0.0001,0.0004,0.0384,0.0056,0.0001,0.001,0.0,65.0,0.0,2.0,63.0,0.0,0.0,0.0,0.0,0.0,0.0,0.0,0.0,0.0,0.0,0.0,0.0,0.0,0.0,0.0,0.0,0.0,0.0,0.0,8.0,2.0,1.0
444,3.696810400000001,0,8.4467,2.2799,1.0637,1.215,0.0831,0.0039,0.0017,0.0003,0.0118,0.0198,0.0015,0.0007,0.0075,0.0001,0.0016,0.0022,0.0001,0.0001,0.0075,0.0012,0.0011,0.0001,0.0005,0.049,0.0085,0.0,0.0009,0.0,65.0,0.0,2.0,63.0,0.0,0.0,0.0,0.0,0.0,0.0,0.0,0.0,0.0,0.0,0.0,0.0,0.0,0.0,0.0,0.0,0.0,0.0,0.0,8.0,2.0,1.0
445,3.7052571000000007,0,8.1637,1.6603,1.0915,1.2137,0.079,0.004,0.0041,0.0003,0.0046,0.0157,0.0017,0.0011,0.0073,0.0002,0.0014,0.0022,0.0001,0.0001,0.0084,0.0017,0.0005,0.0,0.0004,0.0453,0.0091,0.0001,0.0007,0.0,65.0,0.0,2.0,63.0,0.0,0.0,0.0,0.0,0.0,0.0,0.0,0.0,0.0,0.0,0.0,0.0,0.0,0.0,0.0,0.0,0.0,0.0,0.0,8.0,2.0,1.0
446,3.7134208000000006,0,8.3542,1.8836,0.9502,1.1577,0.0781,0.0032,0.0016,0.0003,0.0124,0.0198,0.0018,0.0006,0.0078,0.0001,0.0015,0.002,0.0,0.0002,0.0079,0.0013,0.0009,0.0,0.0004,0.0487,0.008,0.0,0.0008,0.0,65.0,0.0,2.0,63.0,0.0,0.0,0.0,0.0,0.0,0.0,0.0,0.0,0.0,0.0,0.0,0.0,0.0,0.0,0.0,0.0,0.0,0.0,0.0,8.0,2.0,1.0
447,3.7217750000000005,0,8.3885,1.7417,1.0053,1.8721,0.0742,0.0042,0.002,0.0002,0.0061,0.0149,0.0013,0.0007,0.0067,0.0001,0.0016,0.0023,0.0,0.0001,0.0082,0.0018,0.0005,0.0001,0.0004,0.0429,0.0083,0.0001,0.0004,0.0,65.0,0.0,2.0,63.0,0.0,0.0,0.0,0.0,0.0,0.0,0.0,0.0,0.0,0.0,0.0,0.0,0.0,0.0,0.0,0.0,0.0,0.0,0.0,8.0,2.0,1.0
448,3.7301635000000006,0,8.2579,1.7286,1.0282,1.131,0.0838,0.0018,0.0051,0.0003,0.0117,0.0213,0.0016,0.0007,0.0072,0.0001,0.0015,0.0021,0.0001,0.0001,0.0076,0.0012,0.001,0.0001,0.0005,0.0502,0.0099,0.0,0.0008,0.0,65.0,0.0,2.0,63.0,0.0,0.0,0.0,0.0,0.0,0.0,0.0,0.0,0.0,0.0,0.0,0.0,0.0,0.0,0.0,0.0,0.0,0.0,0.0,8.0,2.0,1.0
449,3.7384214000000004,0,8.3081,1.6249,0.92,1.1562,0.0656,0.0011,0.0014,0.0003,0.007,0.0126,0.0016,0.0008,0.0065,0.0002,0.001,0.0019,0.0,0.0001,0.0082,0.0012,0.0004,0.0,0.0008,0.0393,0.0047,0.0,0.0008,0.0,65.0,0.0,2.0,63.0,0.0,0.0,0.0,0.0,0.0,0.0,0.0,0.0,0.0,0.0,0.0,0.0,0.0,0.0,0.0,0.0,0.0,0.0,0.0,8.0,2.0,1.0
450,3.7467295000000003,0,8.4279,1.6831,1.0068,1.2053,0.0771,0.0025,0.0018,0.0003,0.013,0.0203,0.0014,0.0007,0.0074,0.0002,0.0013,0.0022,0.0,0.0001,0.0073,0.0012,0.0005,0.0003,0.0005,0.0473,0.0075,0.0,0.0007,0.0,65.0,0.0,2.0,63.0,0.0,0.0,0.0,0.0,0.0,0.0,0.0,0.0,0.0,0.0,0.0,0.0,0.0,0.0,0.0,0.0,0.0,0.0,0.0,8.0,2.0,1.0
451,3.7551574000000003,0,8.3244,1.7273,1.0288,1.1664,0.0771,0.003,0.0016,0.0004,0.0068,0.0143,0.0015,0.0014,0.0077,0.0002,0.0015,0.0024,0.0002,0.0002,0.0081,0.0017,0.0004,0.0001,0.0005,0.0446,0.009,0.0,0.0006,0.0,65.0,0.0,2.0,63.0,0.0,0.0,0.0,0.0,0.0,0.0,0.0,0.0,0.0,0.0,0.0,0.0,0.0,0.0,0.0,0.0,0.0,0.0,0.0,8.0,2.0,1.0
452,3.7634818,0,8.4038,2.2487,1.0663,1.3517,0.0823,0.0035,0.0022,0.0003,0.0131,0.0216,0.0014,0.0008,0.0069,0.0001,0.0014,0.0022,0.0001,0.0002,0.0074,0.0012,0.0005,0.0001,0.0006,0.0487,0.0089,0.0001,0.0008,0.0,65.0,0.0,2.0,63.0,0.0,0.0,0.0,0.0,0.0,0.0,0.0,0.0,0.0,0.0,0.0,0.0,0.0,0.0,0.0,0.0,0.0,0.0,0.0,8.0,2.0,1.0
453,3.7718856,0,8.2275,1.8318,1.0736,1.231,0.0749,0.0016,0.005,0.0004,0.0058,0.015,0.0015,0.001,0.0075,0.0002,0.0021,0.0017,0.0001,0.0001,0.008,0.0013,0.0004,0.0001,0.0006,0.0434,0.0085,0.0,0.0009,0.0,65.0,0.0,2.0,63.0,0.0,0.0,0.0,0.0,0.0,0.0,0.0,0.0,0.0,0.0,0.0,0.0,0.0,0.0,0.0,0.0,0.0,0.0,0.0,8.0,2.0,1.0
454,3.7801131,0,8.3103,1.7055,0.9659,1.177,0.0747,0.0015,0.0048,0.0002,0.0112,0.0198,0.0014,0.0007,0.0072,0.0002,0.0016,0.0015,0.0001,0.0005,0.0073,0.0013,0.0004,0.0001,0.0005,0.0461,0.0079,0.0001,0.0007,0.0,65.0,0.0,2.0,63.0,0.0,0.0,0.0,0.0,0.0,0.0,0.0,0.0,0.0,0.0,0.0,0.0,0.0,0.0,0.0,0.0,0.0,0.0,0.0,8.0,2.0,1.0
455,3.7884234,0,8.3456,1.5392,0.9499,1.1783,0.0762,0.0044,0.0017,0.0003,0.0063,0.015,0.0019,0.0009,0.0075,0.0001,0.0016,0.0017,0.0001,0.0002,0.0091,0.0012,0.0005,0.0,0.0005,0.0443,0.0081,0.0,0.0008,0.0,65.0,0.0,2.0,63.0,0.0,0.0,0.0,0.0,0.0,0.0,0.0,0.0,0.0,0.0,0.0,0.0,0.0,0.0,0.0,0.0,0.0,0.0,0.0,8.0,2.0,1.0
456,3.7967690000000003,0,8.2417,1.6377,0.9757,1.1527,0.0718,0.0014,0.0017,0.0002,0.0119,0.0174,0.0017,0.0008,0.0074,0.0001,0.0012,0.0016,0.0,0.0001,0.0073,0.0011,0.0004,0.0001,0.0005,0.0431,0.0079,0.0,0.0008,0.0,65.0,0.0,2.0,63.0,0.0,0.0,0.0,0.0,0.0,0.0,0.0,0.0,0.0,0.0,0.0,0.0,0.0,0.0,0.0,0.0,0.0,0.0,0.0,8.0,2.0,1.0
457,3.8050107000000004,0,8.3056,1.5684,0.8635,1.0593,0.0654,0.0041,0.0017,0.0002,0.0058,0.0137,0.0014,0.0013,0.0067,0.0001,0.0012,0.0016,0.0,0.0002,0.0072,0.0011,0.0004,0.0,0.0004,0.0383,0.0074,0.0,0.0009,0.0,65.0,0.0,2.0,63.0,0.0,0.0,0.0,0.0,0.0,0.0,0.0,0.0,0.0,0.0,0.0,0.0,0.0,0.0,0.0,0.0,0.0,0.0,0.0,8.0,2.0,1.0
458,3.8133163000000003,0,8.3345,1.5388,0.8493,1.1571,0.0694,0.003,0.0015,0.0003,0.0095,0.0162,0.0015,0.0006,0.0068,0.0002,0.0012,0.0015,0.0001,0.0001,0.0066,0.0013,0.0004,0.0001,0.0004,0.042,0.0078,0.0,0.0008,0.0,65.0,0.0,2.0,63.0,0.0,0.0,0.0,0.0,0.0,0.0,0.0,0.0,0.0,0.0,0.0,0.0,0.0,0.0,0.0,0.0,0.0,0.0,0.0,8.0,2.0,1.0
459,3.8216508000000005,0,8.3441,1.5971,0.8648,1.2303,0.0625,0.0029,0.0012,0.0002,0.0041,0.0105,0.0016,0.0007,0.0068,0.0001,0.0015,0.0015,0.0001,0.0001,0.0061,0.0011,0.0004,0.0,0.0004,0.0347,0.0079,0.0001,0.0009,0.0,65.0,0.0,2.0,63.0,0.0,0.0,0.0,0.0,0.0,0.0,0.0,0.0,0.0,0.0,0.0,0.0,0.0,0.0,0.0,0.0,0.0,0.0,0.0,8.0,2.0,1.0
460,3.8299949000000004,0,8.2826,1.5719,0.8402,1.0802,0.0667,0.0013,0.0013,0.0003,0.0119,0.0174,0.0019,0.0006,0.006,0.0001,0.0013,0.0013,0.0003,0.0001,0.0061,0.0015,0.0004,0.0001,0.0004,0.0408,0.0071,0.0,0.0006,0.0,65.0,0.0,2.0,63.0,0.0,0.0,0.0,0.0,0.0,0.0,0.0,0.0,0.0,0.0,0.0,0.0,0.0,0.0,0.0,0.0,0.0,0.0,0.0,8.0,2.0,1.0
461,3.8382775000000002,0,8.4059,1.4985,0.8334,0.9913,0.0601,0.0027,0.0014,0.0002,0.0053,0.0116,0.0014,0.0007,0.0057,0.0002,0.0015,0.0022,0.0001,0.0002,0.0069,0.0011,0.0004,0.0,0.0004,0.0354,0.0044,0.0,0.0006,0.0,65.0,0.0,2.0,63.0,0.0,0.0,0.0,0.0,0.0,0.0,0.0,0.0,0.0,0.0,0.0,0.0,0.0,0.0,0.0,0.0,0.0,0.0,0.0,8.0,2.0,1.0
462,3.8466834000000003,0,8.378,1.6475,0.8894,1.042,0.0712,0.0013,0.0018,0.0002,0.0089,0.0148,0.0017,0.0007,0.007,0.0002,0.0019,0.0014,0.0,0.0001,0.0068,0.0018,0.0004,0.0,0.0004,0.0404,0.0089,0.0,0.0008,0.0,65.0,0.0,2.0,63.0,0.0,0.0,0.0,0.0,0.0,0.0,0.0,0.0,0.0,0.0,0.0,0.0,0.0,0.0,0.0,0.0,0.0,0.0,0.0,8.0,2.0,1.0
463,3.8550614000000003,0,8.2169,1.541,0.9124,1.0633,0.0592,0.0026,0.0013,0.0003,0.0031,0.0105,0.0014,0.0011,0.0063,0.0002,0.0014,0.0016,0.0001,0.0001,0.0062,0.0011,0.0004,0.0001,0.0005,0.0346,0.007,0.0001,0.0006,0.0,65.0,0.0,2.0,63.0,0.0,0.0,0.0,0.0,0.0,0.0,0.0,0.0,0.0,0.0,0.0,0.0,0.0,0.0,0.0,0.0,0.0,0.0,0.0,8.0,2.0,1.0
464,3.8632783,0,8.3776,1.4204,0.8125,1.0497,0.0673,0.0012,0.0047,0.0001,0.0097,0.0182,0.0021,0.0007,0.0062,0.0002,0.0012,0.0018,0.0,0.0001,0.0072,0.0012,0.0004,0.0001,0.0003,0.0419,0.0071,0.0,0.0007,0.0,65.0,0.0,2.0,63.0,0.0,0.0,0.0,0.0,0.0,0.0,0.0,0.0,0.0,0.0,0.0,0.0,0.0,0.0,0.0,0.0,0.0,0.0,0.0,8.0,2.0,1.0
465,3.8716559000000004,0,8.3672,1.5648,0.8811,1.154,0.0644,0.0012,0.0019,0.0003,0.004,0.0098,0.0016,0.0007,0.0061,0.0002,0.0014,0.0022,0.0001,0.0001,0.0071,0.0013,0.0004,0.0001,0.0004,0.0349,0.0087,0.0,0.0007,0.0,65.0,0.0,2.0,63.0,0.0,0.0,0.0,0.0,0.0,0.0,0.0,0.0,0.0,0.0,0.0,0.0,0.0,0.0,0.0,0.0,0.0,0.0,0.0,8.0,2.0,1.0
466,3.8800231000000003,0,8.3142,1.5445,0.8735,1.1811,0.065,0.0037,0.0011,0.0003,0.0107,0.0177,0.0013,0.0007,0.006,0.0001,0.0011,0.0015,0.0,0.0001,0.0064,0.0011,0.0003,0.0,0.0004,0.0404,0.0065,0.0001,0.0008,0.0,65.0,0.0,2.0,63.0,0.0,0.0,0.0,0.0,0.0,0.0,0.0,0.0,0.0,0.0,0.0,0.0,0.0,0.0,0.0,0.0,0.0,0.0,0.0,8.0,2.0,1.0
467,3.8883373000000003,0,8.3845,1.4348,0.9052,1.0721,0.0697,0.0014,0.0047,0.0002,0.0045,0.0134,0.0016,0.0007,0.0069,0.0002,0.0015,0.0016,0.0002,0.0001,0.007,0.0014,0.0009,0.0001,0.0005,0.0392,0.0089,0.0,0.0008,0.0,65.0,0.0,2.0,63.0,0.0,0.0,0.0,0.0,0.0,0.0,0.0,0.0,0.0,0.0,0.0,0.0,0.0,0.0,0.0,0.0,0.0,0.0,0.0,8.0,2.0,1.0
468,3.8967218000000003,0,8.3207,1.6982,0.9573,1.204,0.0679,0.0012,0.0035,0.0002,0.0111,0.0177,0.0014,0.0006,0.0064,0.0001,0.0018,0.0014,0.0001,0.0001,0.007,0.0022,0.0005,0.0001,0.0005,0.0426,0.007,0.0,0.0007,0.0,65.0,0.0,2.0,63.0,0.0,0.0,0.0,0.0,0.0,0.0,0.0,0.0,0.0,0.0,0.0,0.0,0.0,0.0,0.0,0.0,0.0,0.0,0.0,8.0,2.0,1.0
469,3.9050425000000004,0,8.1955,1.652,0.8544,1.0613,0.0595,0.0025,0.0012,0.0001,0.0031,0.0121,0.0014,0.0006,0.0056,0.0002,0.0012,0.0011,0.0,0.0001,0.0066,0.0014,0.0003,0.0,0.0004,0.0349,0.0073,0.0,0.0005,0.0,65.0,0.0,2.0,63.0,0.0,0.0,0.0,0.0,0.0,0.0,0.0,0.0,0.0,0.0,0.0,0.0,0.0,0.0,0.0,0.0,0.0,0.0,0.0,8.0,2.0,1.0
470,3.913238,0,8.4612,1.4253,0.8193,1.1577,0.0636,0.001,0.0014,0.0002,0.0084,0.0134,0.0013,0.0007,0.0062,0.0001,0.0013,0.0017,0.0001,0.0001,0.0071,0.0011,0.0003,0.0,0.0008,0.0379,0.0084,0.0,0.0007,0.0,65.0,0.0,2.0,63.0,0.0,0.0,0.0,0.0,0.0,0.0,0.0,0.0,0.0,0.0,0.0,0.0,0.0,0.0,0.0,0.0,0.0,0.0,0.0,8.0,2.0,1.0
471,3.9216992000000004,0,8.3262,1.5254,0.8897,1.1493,0.0659,0.0028,0.0013,0.0002,0.0055,0.0121,0.0015,0.0008,0.0065,0.0002,0.0017,0.0015,0.0001,0.0006,0.0068,0.0017,0.0004,0.0,0.0004,0.038,0.0088,0.0001,0.0009,0.0,65.0,0.0,2.0,63.0,0.0,0.0,0.0,0.0,0.0,0.0,0.0,0.0,0.0,0.0,0.0,0.0,0.0,0.0,0.0,0.0,0.0,0.0,0.0,8.0,2.0,1.0
472,3.9300254000000003,0,8.2452,1.6227,0.8868,1.104,0.0637,0.0012,0.0011,0.0002,0.0116,0.0158,0.0013,0.0006,0.0058,0.0001,0.0016,0.0012,0.0,0.0001,0.0065,0.0011,0.0004,0.0,0.0008,0.0381,0.0077,0.0,0.0007,0.0,65.0,0.0,2.0,63.0,0.0,0.0,0.0,0.0,0.0,0.0,0.0,0.0,0.0,0.0,0.0,0.0,0.0,0.0,0.0,0.0,0.0,0.0,0.0,8.0,2.0,1.0
473,3.9382706000000005,0,8.338,1.4986,0.8027,1.0678,0.0605,0.0033,0.0014,0.0003,0.0052,0.0118,0.0013,0.0006,0.006,0.0001,0.0011,0.0011,0.0,0.0001,0.0066,0.0011,0.0009,0.0,0.0004,0.0351,0.0071,0.0001,0.0007,0.0,65.0,0.0,2.0,63.0,0.0,0.0,0.0,0.0,0.0,0.0,0.0,0.0,0.0,0.0,0.0,0.0,0.0,0.0,0.0,0.0,0.0,0.0,0.0,8.0,2.0,1.0
474,3.9466086000000007,0,8.4068,1.5637,0.8435,1.1578,0.0722,0.002,0.0026,0.0002,0.009,0.0158,0.0016,0.0007,0.0072,0.0001,0.0016,0.0013,0.0001,0.0001,0.0068,0.0015,0.0004,0.0001,0.0005,0.0422,0.0088,0.0,0.0009,0.0,65.0,0.0,2.0,63.0,0.0,0.0,0.0,0.0,0.0,0.0,0.0,0.0,0.0,0.0,0.0,0.0,0.0,0.0,0.0,0.0,0.0,0.0,0.0,8.0,2.0,1.0
475,3.9550154000000006,0,8.2717,1.6152,0.8624,1.1929,0.0604,0.0022,0.0037,0.0002,0.0058,0.0136,0.0014,0.0005,0.0063,0.0003,0.0011,0.0013,0.0001,0.0005,0.0065,0.0017,0.0004,0.0,0.0003,0.0372,0.0043,0.0,0.0005,0.0,65.0,0.0,2.0,63.0,0.0,0.0,0.0,0.0,0.0,0.0,0.0,0.0,0.0,0.0,0.0,0.0,0.0,0.0,0.0,0.0,0.0,0.0,0.0,8.0,2.0,1.0
476,3.9632871000000005,0,8.34,1.5256,0.8323,1.1636,0.0695,0.0036,0.0016,0.0002,0.0112,0.0184,0.0013,0.0005,0.0065,0.0002,0.0011,0.0013,0.0001,0.0001,0.0063,0.0015,0.0005,0.0001,0.0004,0.0426,0.0073,0.0001,0.0004,0.0,65.0,0.0,2.0,63.0,0.0,0.0,0.0,0.0,0.0,0.0,0.0,0.0,0.0,0.0,0.0,0.0,0.0,0.0,0.0,0.0,0.0,0.0,0.0,8.0,2.0,1.0
477,3.9716271000000005,0,8.6731,1.549,0.8237,1.0405,0.0615,0.0029,0.0012,0.0002,0.0036,0.0104,0.0015,0.0006,0.007,0.0001,0.0013,0.0015,0.0,0.0001,0.0065,0.0012,0.0009,0.0001,0.0004,0.0352,0.0074,0.0001,0.0007,0.0,65.0,0.0,2.0,63.0,0.0,0.0,0.0,0.0,0.0,0.0,0.0,0.0,0.0,0.0,0.0,0.0,0.0,0.0,0.0,0.0,0.0,0.0,0.0,8.0,2.0,1.0
478,3.9803002000000007,0,23.0315,1.5452,15.9017,1.04,0.8228,0.0043,0.0023,0.0002,0.0688,0.0785,0.002,0.0011,0.0101,0.0001,0.0015,0.0022,0.0001,0.0001,0.0088,0.0019,0.0005,0.0002,0.0006,0.1209,0.0323,0.0001,0.0181,0.0,155.0,0.0,92.0,63.0,0.0,0.0,0.0,0.0,0.0,0.0,0.0,0.0,0.0,0.0,0.0,0.0,0.0,0.0,0.0,0.0,0.0,0.0,0.0,8.0,2.0,1.0
479,4.0033317,0,6.0555,6.7241,2.0256,1.04,0.1526,0.0027,0.0044,0.0001,0.0294,0.0385,0.0019,0.0006,0.0085,0.0,0.001,0.001,0.0,0.0006,0.0078,0.0008,0.0003,0.0,0.0023,0.0727,0.016,0.0,0.0076,0.0,155.0,0.0,92.0,63.0,55.0,0.0,0.0,0.0,0.0,0.0,0.0,0.0,0.0,0.0,0.0,0.0,0.0,0.0,0.0,0.0,0.0,0.0,0.0,8.0,2.0,1.0
480,4.009387200000001,0,20.9578,2.7716,2.1903,2.8725,0.2005,0.0031,0.0048,0.0001,0.0426,0.0534,0.0027,0.0006,0.0109,0.0002,0.0013,0.002,0.0001,0.0001,0.0094,0.0014,0.0005,0.0001,0.0031,0.0971,0.0216,0.0,0.0075,0.0,155.0,0.0,92.0,63.0,56.0,0.0,0.0,0.0,0.0,0.0,0.0,0.0,0.0,0.0,0.0,0.0,0.0,0.0,0.0,0.0,0.0,0.0,0.0,8.0,2.0,1.0
481,4.0303450000000005,0,5.9174,22.8354,2.476,2.9212,0.254,0.0037,0.0064,0.0002,0.0384,0.0515,0.0027,0.001,0.0123,0.0002,0.0016,0.0025,0.0001,0.0001,0.0095,0.0014,0.0005,0.0,0.0024,0.0997,0.043,0.0,0.007,0.0,155.0,0.0,92.0,63.0,57.0,0.0,0.0,0.0,0.0,0.0,0.0,0.0,0.0,0.0,0.0,0.0,0.0,0.0,0.0,0.0,0.0,0.0,0.0,8.0,2.0,1.0
482,4.036262400000001,0,5.8409,5.8476,2.5519,2.1554,0.2753,0.0048,0.0101,0.0003,0.0549,0.0753,0.003,0.0022,0.012,0.0001,0.0023,0.0019,0.0005,0.0001,0.011,0.0015,0.0006,0.0002,0.0033,0.1273,0.0291,0.0,0.0072,0.0,155.0,0.0,92.0,63.0,56.0,0.0,0.0,0.0,0.0,0.0,0.0,0.0,0.0,0.0,0.0,0.0,0.0,0.0,0.0,0.0,0.0,0.0,0.0,8.0,2.0,1.0
483,4.042103300000001,0,7.3678,3.4351,2.5661,2.6461,0.2136,0.0036,0.0058,0.0003,0.0352,0.0488,0.0033,0.0013,0.0116,0.0001,0.002,0.0018,0.0001,0.0002,0.0098,0.0015,0.001,0.0,0.0027,0.0958,0.0245,0.0001,0.0082,0.0,155.0,0.0,92.0,63.0,58.0,0.0,0.0,0.0,0.0,0.0,0.0,0.0,0.0,0.0,0.0,0.0,0.0,0.0,0.0,0.0,0.0,0.0,0.0,8.0,2.0,1.0
484,4.049471100000001,0,8.0883,1.7861,2.1549,2.0716,0.1998,0.0027,0.0049,0.0002,0.0425,0.0526,0.0023,0.0013,0.0116,0.0001,0.0014,0.0021,0.0,0.0001,0.008,0.0014,0.0009,0.0001,0.0031,0.0965,0.0207,0.0001,0.0075,0.0,155.0,0.0,92.0,63.0,60.0,0.0,0.0,0.0,0.0,0.0,0.0,0.0,0.0,0.0,0.0,0.0,0.0,0.0,0.0,0.0,0.0,0.0,0.0,8.0,2.0,1.0
485,4.057559400000001,0,8.1987,1.6694,2.1263,1.785,0.1866,0.0034,0.0067,0.0003,0.0289,0.0414,0.0028,0.0008,0.0109,0.0002,0.0015,0.0023,0.0001,0.0001,0.0084,0.0014,0.0005,0.0001,0.0031,0.0848,0.0198,0.0,0.0078,0.0,155.0,0.0,92.0,63.0,60.0,0.0,0.0,0.0,0.0,0.0,0.0,0.0,0.0,0.0,0.0,0.0,0.0,0.0,0.0,0.0,0.0,0.0,0.0,8.0,2.0,1.0
486,4.065758100000001,0,8.239,1.7574,2.0218,1.9435,0.1897,0.0029,0.0048,0.0002,0.041,0.0512,0.0026,0.0009,0.0122,0.0002,0.0018,0.0015,0.0001,0.0001,0.0087,0.0013,0.0009,0.0,0.0031,0.0963,0.0208,0.0,0.0072,0.0,155.0,0.0,92.0,63.0,60.0,0.0,0.0,0.0,0.0,0.0,0.0,0.0,0.0,0.0,0.0,0.0,0.0,0.0,0.0,0.0,0.0,0.0,0.0,8.0,2.0,1.0
487,4.073997100000001,0,8.347,1.8128,1.9267,1.7089,0.1816,0.0024,0.0048,0.0001,0.0322,0.0424,0.0022,0.0006,0.0124,0.0002,0.0014,0.0021,0.0001,0.0002,0.0076,0.0013,0.0005,0.0,0.003,0.086,0.0204,0.0,0.0075,0.0,155.0,0.0,92.0,63.0,60.0,0.0,0.0,0.0,0.0,0.0,0.0,0.0,0.0,0.0,0.0,0.0,0.0,0.0,0.0,0.0,0.0,0.0,0.0,8.0,2.0,1.0
488,4.0823441,0,8.435,1.8153,2.0137,1.8163,0.2018,0.003,0.0074,0.0002,0.0391,0.0521,0.002,0.0008,0.0105,0.0002,0.0019,0.0016,0.0001,0.0004,0.0085,0.0014,0.0005,0.0001,0.0031,0.095,0.0217,0.0,0.0076,0.0,155.0,0.0,92.0,63.0,60.0,0.0,0.0,0.0,0.0,0.0,0.0,0.0,0.0,0.0,0.0,0.0,0.0,0.0,0.0,0.0,0.0,0.0,0.0,8.0,2.0,1.0
489,4.090779100000001,0,8.3346,1.6892,2.1227,2.0743,0.1902,0.0027,0.0047,0.0002,0.0338,0.0449,0.0034,0.0014,0.0131,0.0001,0.0014,0.0022,0.0001,0.0001,0.0085,0.0016,0.0005,0.0001,0.0029,0.0908,0.0204,0.0,0.0082,0.0,155.0,0.0,92.0,63.0,60.0,0.0,0.0,0.0,0.0,0.0,0.0,0.0,0.0,0.0,0.0,0.0,0.0,0.0,0.0,0.0,0.0,0.0,0.0,8.0,2.0,1.0
490,4.099113700000001,0,8.3635,1.7427,2.0545,1.7959,0.1875,0.0025,0.0057,0.0002,0.0396,0.0507,0.0023,0.0008,0.0115,0.0001,0.0017,0.0017,0.0,0.0001,0.0079,0.0013,0.0005,0.0001,0.0033,0.0943,0.0191,0.0001,0.0094,0.0,155.0,0.0,92.0,63.0,66.0,0.0,0.0,0.0,0.0,0.0,0.0,0.0,0.0,0.0,0.0,0.0,0.0,0.0,0.0,0.0,0.0,0.0,0.0,8.0,2.0,1.0
491,4.107477200000001,0,8.7427,1.7431,2.5524,1.8261,0.1953,0.0031,0.0054,0.0002,0.0357,0.047,0.0023,0.0007,0.0119,0.0002,0.0015,0.0023,0.0001,0.0001,0.008,0.0017,0.0006,0.0,0.0027,0.0896,0.02,0.0001,0.008,0.0,155.0,0.0,92.0,63.0,68.0,0.0,0.0,0.0,0.0,0.0,0.0,0.0,0.0,0.0,0.0,0.0,0.0,0.0,0.0,0.0,0.0,0.0,0.0,8.0,2.0,1.0
492,4.116219900000001,0,7.9585,2.0428,2.146,1.7467,0.1901,0.0026,0.0043,0.0002,0.0447,0.0543,0.0021,0.0009,0.0104,0.0002,0.0015,0.0016,0.0001,0.0002,0.0086,0.0014,0.0005,0.0004,0.0031,0.096,0.019,0.0001,0.0108,0.0,155.0,0.0,92.0,63.0,70.0,0.0,0.0,0.0,0.0,0.0,0.0,0.0,0.0,0.0,0.0,0.0,0.0,0.0,0.0,0.0,0.0,0.0,0.0,8.0,2.0,1.0
493,4.124178400000001,0,8.339,1.7683,2.083,1.781,0.1889,0.0028,0.0046,0.0002,0.0368,0.0467,0.0027,0.0007,0.0116,0.0001,0.0021,0.0018,0.0001,0.0001,0.0082,0.0012,0.0005,0.0001,0.0033,0.0901,0.0217,0.0001,0.0099,0.0,155.0,0.0,92.0,63.0,70.0,0.0,0.0,0.0,0.0,0.0,0.0,0.0,0.0,0.0,0.0,0.0,0.0,0.0,0.0,0.0,0.0,0.0,0.0,8.0,2.0,1.0
494,4.132517400000001,0,8.4073,1.7103,2.263,1.6339,0.191,0.0032,0.0046,0.0001,0.0401,0.0505,0.0022,0.0006,0.0106,0.0002,0.0017,0.0016,0.0001,0.0002,0.0081,0.0013,0.0005,0.0,0.0029,0.0913,0.0205,0.0,0.0104,0.0,155.0,0.0,92.0,63.0,72.0,0.0,0.0,0.0,0.0,0.0,0.0,0.0,0.0,0.0,0.0,0.0,0.0,0.0,0.0,0.0,0.0,0.0,0.0,8.0,2.0,1.0
495,4.140924700000001,0,8.1435,1.8392,2.0786,1.8461,0.1895,0.0027,0.0047,0.0002,0.0333,0.0428,0.003,0.0008,0.0124,0.0002,0.0015,0.0018,0.0,0.0001,0.0079,0.0011,0.0005,0.0001,0.004,0.0874,0.0215,0.0,0.0106,0.0,155.0,0.0,92.0,63.0,78.0,0.0,0.0,0.0,0.0,0.0,0.0,0.0,0.0,0.0,0.0,0.0,0.0,0.0,0.0,0.0,0.0,0.0,0.0,8.0,2.0,1.0
496,4.149068200000001,0,8.7603,1.7611,2.3652,1.8332,0.2111,0.003,0.0057,0.0002,0.0453,0.0566,0.0026,0.0008,0.0118,0.0001,0.0022,0.0017,0.0002,0.0007,0.0087,0.0014,0.0005,0.0001,0.0034,0.1027,0.0239,0.0,0.0115,0.0,155.0,0.0,92.0,63.0,78.0,0.0,0.0,0.0,0.0,0.0,0.0,0.0,0.0,0.0,0.0,0.0,0.0,0.0,0.0,0.0,0.0,0.0,0.0,8.0,2.0,1.0
497,4.157828500000001,0,8.1232,1.9734,2.3028,1.7338,0.2127,0.0033,0.0068,0.0002,0.0344,0.0473,0.003,0.0009,0.0154,0.0002,0.0017,0.0028,0.0002,0.0003,0.0091,0.0013,0.0008,0.0,0.0047,0.1016,0.0259,0.0001,0.0128,0.0,155.0,0.0,92.0,63.0,80.0,0.0,0.0,0.0,0.0,0.0,0.0,0.0,0.0,0.0,0.0,0.0,0.0,0.0,0.0,0.0,0.0,0.0,0.0,8.0,2.0,1.0
498,4.165951700000001,0,8.3579,1.8426,2.2244,1.7854,0.195,0.0027,0.0081,0.0003,0.0366,0.0505,0.002,0.0008,0.0105,0.0001,0.0016,0.0018,0.0001,0.0001,0.009,0.0011,0.0004,0.0,0.0034,0.0926,0.0221,0.0,0.0125,0.0,155.0,0.0,92.0,63.0,82.0,0.0,0.0,0.0,0.0,0.0,0.0,0.0,0.0,0.0,0.0,0.0,0.0,0.0,0.0,0.0,0.0,0.0,0.0,8.0,2.0,1.0
499,4.174309600000001,0,8.208,2.0669,2.1613,1.8367,0.1784,0.003,0.0076,0.0002,0.028,0.0404,0.0018,0.0006,0.0097,0.0001,0.0019,0.0017,0.0,0.0005,0.0079,0.0013,0.0004,0.0,0.0031,0.0809,0.0201,0.0001,0.0123,0.0,155.0,0.0,92.0,63.0,82.0,0.0,0.0,0.0,0.0,0.0,0.0,0.0,0.0,0.0,0.0,0.0,0.0,0.0,0.0,0.0,0.0,0.0,0.0,8.0,2.0,1.0
500,4.182517600000001,0,8.4213,1.7921,2.1862,1.7611,0.2106,0.0029,0.009,0.0002,0.0358,0.0501,0.0021,0.0009,0.0105,0.0001,0.0015,0.0022,0.0001,0.0001,0.0084,0.0013,0.0005,0.0001,0.0036,0.0952,0.0257,0.0001,0.0122,0.0,155.0,0.0,92.0,63.0,84.0,0.0,0.0,0.0,0.0,0.0,0.0,0.0,0.0,0.0,0.0,0.0,0.0,0.0,0.0,0.0,0.0,0.0,0.0,8.0,2.0,1.0
501,4.190938900000001,0,8.2823,1.8228,2.2587,1.9987,0.1801,0.0027,0.0078,0.0002,0.0302,0.0431,0.002,0.0007,0.0098,0.0001,0.0019,0.0017,0.0001,0.0001,0.0079,0.0012,0.0004,0.0,0.0031,0.0812,0.0195,0.0,0.0121,0.0,155.0,0.0,92.0,63.0,84.0,0.0,0.0,0.0,0.0,0.0,0.0,0.0,0.0,0.0,0.0,0.0,0.0,0.0,0.0,0.0,0.0,0.0,0.0,8.0,2.0,1.0
502,4.199221200000001,0,8.3238,1.8302,2.1163,1.7419,0.2143,0.0029,0.0087,0.0003,0.0428,0.0571,0.0028,0.0008,0.0119,0.0002,0.0016,0.0016,0.0001,0.0001,0.0081,0.0014,0.0009,0.0,0.0036,0.1022,0.0252,0.0,0.012,0.0,155.0,0.0,92.0,63.0,84.0,0.0,0.0,0.0,0.0,0.0,0.0,0.0,0.0,0.0,0.0,0.0,0.0,0.0,0.0,0.0,0.0,0.0,0.0,8.0,2.0,1.0
503,4.207545000000001,0,8.2839,1.7395,2.1259,1.8445,0.1804,0.0026,0.008,0.0002,0.026,0.0394,0.0022,0.0008,0.0097,0.0002,0.0015,0.0015,0.0002,0.0001,0.0078,0.0012,0.0004,0.0,0.0031,0.0788,0.0216,0.0,0.0127,0.0,155.0,0.0,92.0,63.0,84.0,0.0,0.0,0.0,0.0,0.0,0.0,0.0,0.0,0.0,0.0,0.0,0.0,0.0,0.0,0.0,0.0,0.0,0.0,8.0,2.0,1.0
504,4.215828900000002,0,8.531,1.735,2.2596,1.6594,0.1954,0.0033,0.0075,0.0002,0.0371,0.0503,0.002,0.0007,0.0092,0.0002,0.0014,0.0021,0.0001,0.0001,0.0081,0.0018,0.0005,0.0002,0.0031,0.0903,0.0243,0.0,0.0137,0.0,155.0,0.0,92.0,63.0,84.0,0.0,0.0,0.0,0.0,0.0,0.0,0.0,0.0,0.0,0.0,0.0,0.0,0.0,0.0,0.0,0.0,0.0,0.0,8.0,2.0,1.0
505,4.224359900000001,0,8.315,1.8634,2.2116,1.8701,0.1795,0.0025,0.0075,0.0002,0.0288,0.041,0.0019,0.0006,0.0096,0.0001,0.0018,0.0017,0.0001,0.0002,0.0083,0.0012,0.0009,0.0,0.003,0.0814,0.0203,0.0,0.0128,0.0,155.0,0.0,92.0,63.0,84.0,0.0,0.0,0.0,0.0,0.0,0.0,0.0,0.0,0.0,0.0,0.0,0.0,0.0,0.0,0.0,0.0,0.0,0.0,8.0,2.0,1.0
506,4.232674900000001,0,8.6261,1.9626,2.6598,1.7733,0.2019,0.0027,0.009,0.0002,0.0419,0.0565,0.0021,0.0006,0.0096,0.0001,0.0013,0.002,0.0001,0.0001,0.0081,0.0012,0.001,0.0,0.0033,0.0972,0.0223,0.0,0.0123,0.0,155.0,0.0,92.0,63.0,84.0,0.0,0.0,0.0,0.0,0.0,0.0,0.0,0.0,0.0,0.0,0.0,0.0,0.0,0.0,0.0,0.0,0.0,0.0,8.0,2.0,1.0
507,4.241301000000001,0,8.0056,1.8561,2.2965,1.8486,0.1834,0.003,0.008,0.0003,0.0274,0.0416,0.0021,0.0006,0.0108,0.0001,0.0013,0.0019,0.0,0.0001,0.0073,0.0016,0.0004,0.0001,0.0031,0.081,0.0219,0.0,0.0129,0.0,155.0,0.0,92.0,63.0,84.0,0.0,0.0,0.0,0.0,0.0,0.0,0.0,0.0,0.0,0.0,0.0,0.0,0.0,0.0,0.0,0.0,0.0,0.0,8.0,2.0,1.0
508,4.249306600000001,0,8.2731,1.7166,2.2288,1.7055,0.1986,0.0031,0.0079,0.0001,0.0449,0.0586,0.002,0.0005,0.0095,0.0001,0.0019,0.0015,0.0,0.0001,0.0083,0.0012,0.0004,0.0001,0.0034,0.0997,0.0213,0.0001,0.0127,0.0,155.0,0.0,92.0,63.0,84.0,0.0,0.0,0.0,0.0,0.0,0.0,0.0,0.0,0.0,0.0,0.0,0.0,0.0,0.0,0.0,0.0,0.0,0.0,8.0,2.0,1.0
509,4.257579700000001,0,8.4981,1.8621,2.3512,1.6771,0.1893,0.0028,0.008,0.0002,0.0345,0.0479,0.0023,0.0007,0.0095,0.0001,0.0014,0.0021,0.0001,0.0001,0.0079,0.0013,0.0004,0.0001,0.0034,0.0878,0.0203,0.0001,0.0145,0.0,155.0,0.0,92.0,63.0,84.0,0.0,0.0,0.0,0.0,0.0,0.0,0.0,0.0,0.0,0.0,0.0,0.0,0.0,0.0,0.0,0.0,0.0,0.0,8.0,2.0,1.0
510,4.266077800000001,0,8.105,1.7443,2.1323,1.7756,0.2019,0.0031,0.0083,0.0002,0.0382,0.0526,0.0021,0.0007,0.0101,0.0001,0.0014,0.0017,0.0001,0.0001,0.0081,0.0014,0.0009,0.0001,0.0044,0.0958,0.0213,0.0001,0.012,0.0,155.0,0.0,92.0,63.0,86.0,0.0,0.0,0.0,0.0,0.0,0.0,0.0,0.0,0.0,0.0,0.0,0.0,0.0,0.0,0.0,0.0,0.0,0.0,8.0,2.0,1.0
511,4.2741828,0,8.3061,1.7,2.0995,1.7983,0.1841,0.0029,0.0073,0.0001,0.0308,0.0435,0.002,0.0008,0.0071,0.0001,0.0014,0.002,0.0001,0.0001,0.0079,0.0018,0.0005,0.0001,0.0032,0.0808,0.0224,0.0,0.0128,0.0,155.0,0.0,92.0,63.0,86.0,0.0,0.0,0.0,0.0,0.0,0.0,0.0,0.0,0.0,0.0,0.0,0.0,0.0,0.0,0.0,0.0,0.0,0.0,8.0,2.0,1.0
512,4.282488900000001,0,8.6914,1.7031,2.3855,1.6824,0.2323,0.0044,0.0091,0.0002,0.047,0.0637,0.0028,0.0009,0.0117,0.0002,0.0019,0.0017,0.0001,0.0002,0.0085,0.0013,0.001,0.0001,0.0039,0.1116,0.0255,0.0001,0.0147,0.0,155.0,0.0,92.0,63.0,86.0,0.0,0.0,0.0,0.0,0.0,0.0,0.0,0.0,0.0,0.0,0.0,0.0,0.0,0.0,0.0,0.0,0.0,0.0,8.0,2.0,1.0
513,4.291180300000001,0,8.1219,1.8022,2.3046,1.8536,0.2114,0.0036,0.0087,0.0001,0.0312,0.0466,0.0026,0.0008,0.0114,0.0001,0.002,0.0017,0.0,0.0006,0.0087,0.0013,0.0005,0.0,0.0038,0.0933,0.0244,0.0,0.0116,0.0,155.0,0.0,92.0,63.0,86.0,0.0,0.0,0.0,0.0,0.0,0.0,0.0,0.0,0.0,0.0,0.0,0.0,0.0,0.0,0.0,0.0,0.0,0.0,8.0,2.0,1.0
514,4.2993022000000005,0,8.3048,1.7867,2.2866,1.7365,0.2099,0.0031,0.0085,0.0008,0.0377,0.0525,0.0021,0.0008,0.0104,0.0002,0.0017,0.0022,0.0001,0.0001,0.0085,0.0014,0.0008,0.0,0.004,0.1002,0.0221,0.0,0.0123,0.0,155.0,0.0,92.0,63.0,88.0,0.0,0.0,0.0,0.0,0.0,0.0,0.0,0.0,0.0,0.0,0.0,0.0,0.0,0.0,0.0,0.0,0.0,0.0,8.0,2.0,1.0
515,4.307607000000001,0,8.3008,2.0629,2.1181,1.7036,0.205,0.0043,0.0088,0.0002,0.0367,0.0527,0.0026,0.0006,0.0113,0.0001,0.0017,0.0013,0.0001,0.0001,0.0083,0.0014,0.0004,0.0,0.0038,0.0964,0.0218,0.0001,0.0146,0.0,155.0,0.0,92.0,63.0,90.0,0.0,0.0,0.0,0.0,0.0,0.0,0.0,0.0,0.0,0.0,0.0,0.0,0.0,0.0,0.0,0.0,0.0,0.0,8.0,2.0,1.0
516,4.315907800000001,0,8.3949,1.7523,2.2025,1.7928,0.2714,0.003,0.0097,0.0002,0.0349,0.0498,0.0021,0.0008,0.0111,0.0002,0.0021,0.0016,0.0001,0.0003,0.0082,0.0012,0.0005,0.0001,0.004,0.0966,0.0909,0.0,0.0136,0.0,155.0,0.0,92.0,63.0,90.0,0.0,0.0,0.0,0.0,0.0,0.0,0.0,0.0,0.0,0.0,0.0,0.0,0.0,0.0,0.0,0.0,0.0,0.0,8.0,2.0,1.0
517,4.3243027000000005,0,8.2986,1.784,2.2506,1.8484,0.2031,0.0029,0.0069,0.0001,0.0384,0.0506,0.0021,0.0007,0.0113,0.0002,0.0015,0.0016,0.0006,0.0001,0.0084,0.002,0.0005,0.0001,0.0039,0.0975,0.0224,0.0001,0.0151,0.0,155.0,0.0,92.0,63.0,90.0,0.0,0.0,0.0,0.0,0.0,0.0,0.0,0.0,0.0,0.0,0.0,0.0,0.0,0.0,0.0,0.0,0.0,0.0,8.0,2.0,1.0
518,4.3326013,0,8.5466,1.97,2.4532,1.7284,0.2112,0.0027,0.0064,0.0001,0.0471,0.0593,0.0025,0.0013,0.0119,0.0002,0.0016,0.0023,0.0001,0.0001,0.0079,0.0013,0.0007,0.0001,0.0043,0.1056,0.0235,0.0,0.0166,0.0,155.0,0.0,92.0,63.0,90.0,0.0,0.0,0.0,0.0,0.0,0.0,0.0,0.0,0.0,0.0,0.0,0.0,0.0,0.0,0.0,0.0,0.0,0.0,8.0,2.0,1.0
519,4.3411479,0,8.0012,1.9152,2.0665,1.7385,0.1923,0.0031,0.0093,0.0002,0.0269,0.0418,0.0023,0.0011,0.0112,0.0001,0.0017,0.0016,0.0002,0.0001,0.0089,0.0012,0.0004,0.0001,0.0038,0.086,0.0205,0.0,0.0135,0.0,155.0,0.0,92.0,63.0,90.0,0.0,0.0,0.0,0.0,0.0,0.0,0.0,0.0,0.0,0.0,0.0,0.0,0.0,0.0,0.0,0.0,0.0,0.0,8.0,2.0,1.0
520,4.3491491,0,8.452,1.802,2.2229,1.7427,0.2178,0.0032,0.0094,0.0002,0.0393,0.0548,0.0024,0.0008,0.0119,0.0002,0.0018,0.0016,0.0001,0.0001,0.0085,0.0013,0.0005,0.0001,0.0038,0.1,0.0249,0.0001,0.014,0.0,155.0,0.0,92.0,63.0,90.0,0.0,0.0,0.0,0.0,0.0,0.0,0.0,0.0,0.0,0.0,0.0,0.0,0.0,0.0,0.0,0.0,0.0,0.0,8.0,2.0,1.0
521,4.3576011,0,8.3409,1.8492,2.1744,1.8665,0.1984,0.0031,0.0079,0.0002,0.0334,0.0475,0.0019,0.0008,0.0108,0.0001,0.0017,0.0014,0.0,0.0001,0.0082,0.0013,0.0004,0.0001,0.0035,0.0896,0.0225,0.0,0.0154,0.0,155.0,0.0,92.0,63.0,90.0,0.0,0.0,0.0,0.0,0.0,0.0,0.0,0.0,0.0,0.0,0.0,0.0,0.0,0.0,0.0,0.0,0.0,0.0,8.0,2.0,1.0
522,4.365942,0,8.3949,1.8227,2.2796,1.7038,0.2027,0.0035,0.0075,0.0002,0.0364,0.0499,0.0024,0.0007,0.0106,0.0002,0.0014,0.002,0.0,0.0001,0.0082,0.0017,0.0004,0.0,0.0032,0.0921,0.0244,0.0,0.0162,0.0,155.0,0.0,92.0,63.0,90.0,0.0,0.0,0.0,0.0,0.0,0.0,0.0,0.0,0.0,0.0,0.0,0.0,0.0,0.0,0.0,0.0,0.0,0.0,8.0,2.0,1.0
523,4.3743369,0,8.3397,1.8786,2.3176,1.8122,0.1933,0.0031,0.0078,0.0001,0.032,0.045,0.0021,0.0012,0.0108,0.0002,0.0019,0.0017,0.0,0.0001,0.0081,0.0016,0.0005,0.0001,0.0033,0.0877,0.0235,0.0,0.0145,0.0,155.0,0.0,92.0,63.0,90.0,0.0,0.0,0.0,0.0,0.0,0.0,0.0,0.0,0.0,0.0,0.0,0.0,0.0,0.0,0.0,0.0,0.0,0.0,8.0,2.0,1.0
524,4.3826766,0,8.2328,1.8197,2.1646,1.7316,0.2066,0.0026,0.0062,0.0001,0.0491,0.0601,0.0022,0.0007,0.0108,0.0001,0.0017,0.0015,0.0001,0.0002,0.0084,0.0012,0.0008,0.0001,0.0039,0.1058,0.0226,0.0001,0.0133,0.0,155.0,0.0,92.0,63.0,90.0,0.0,0.0,0.0,0.0,0.0,0.0,0.0,0.0,0.0,0.0,0.0,0.0,0.0,0.0,0.0,0.0,0.0,0.0,8.0,2.0,1.0
525,4.3909094,0,8.3301,1.8815,2.1401,1.7615,0.2026,0.0044,0.0087,0.0002,0.0345,0.0504,0.0018,0.0007,0.0095,0.0001,0.0018,0.0016,0.0,0.0001,0.0089,0.0012,0.0004,0.0001,0.0033,0.0912,0.0223,0.0,0.0134,0.0,155.0,0.0,92.0,63.0,90.0,0.0,0.0,0.0,0.0,0.0,0.0,0.0,0.0,0.0,0.0,0.0,0.0,0.0,0.0,0.0,0.0,0.0,0.0,8.0,2.0,1.0
526,4.3992395,0,8.3546,1.9005,2.2419,1.6993,0.201,0.0029,0.0089,0.0002,0.0337,0.048,0.0021,0.001,0.0113,0.0002,0.0012,0.0016,0.0001,0.0001,0.0084,0.0013,0.0004,0.0001,0.004,0.0922,0.0216,0.0,0.0141,0.0,155.0,0.0,92.0,63.0,90.0,0.0,0.0,0.0,0.0,0.0,0.0,0.0,0.0,0.0,0.0,0.0,0.0,0.0,0.0,0.0,0.0,0.0,0.0,8.0,2.0,1.0
527,4.4075941,0,8.3492,1.7731,2.1819,1.8145,0.193,0.003,0.0086,0.0001,0.0282,0.042,0.0021,0.0008,0.0104,0.0002,0.0012,0.0021,0.0,0.0001,0.0081,0.0013,0.0007,0.0001,0.0039,0.0859,0.021,0.0,0.0141,0.0,155.0,0.0,92.0,63.0,90.0,0.0,0.0,0.0,0.0,0.0,0.0,0.0,0.0,0.0,0.0,0.0,0.0,0.0,0.0,0.0,0.0,0.0,0.0,8.0,2.0,1.0
528,4.4159432999999995,0,8.3298,1.7446,2.1033,1.8433,0.2075,0.0031,0.0067,0.0001,0.0525,0.0644,0.0027,0.0007,0.0112,0.0001,0.0013,0.0019,0.0002,0.0001,0.0083,0.0013,0.0004,0.0001,0.004,0.1088,0.0221,0.0,0.0134,0.0,155.0,0.0,92.0,63.0,90.0,0.0,0.0,0.0,0.0,0.0,0.0,0.0,0.0,0.0,0.0,0.0,0.0,0.0,0.0,0.0,0.0,0.0,0.0,8.0,2.0,1.0
529,4.4242731,0,8.4004,1.7778,2.307,2.3323,0.2072,0.0038,0.0088,0.0002,0.0281,0.0437,0.0023,0.0009,0.0107,0.0001,0.0015,0.0023,0.0,0.0002,0.009,0.0015,0.0004,0.0,0.004,0.0897,0.0238,0.0,0.0172,0.0,155.0,0.0,92.0,63.0,90.0,0.0,0.0,0.0,0.0,0.0,0.0,0.0,0.0,0.0,0.0,0.0,0.0,0.0,0.0,0.0,0.0,0.0,0.0,8.0,2.0,1.0
530,4.4326735,0,8.1897,1.8579,2.2013,1.7145,0.2146,0.0035,0.0088,0.0002,0.04,0.0552,0.0022,0.0011,0.011,0.0002,0.0018,0.0015,0.0001,0.0003,0.0083,0.0013,0.0005,0.0,0.0039,0.0992,0.0245,0.0,0.0137,0.0,155.0,0.0,92.0,63.0,90.0,0.0,0.0,0.0,0.0,0.0,0.0,0.0,0.0,0.0,0.0,0.0,0.0,0.0,0.0,0.0,0.0,0.0,0.0,8.0,2.0,1.0
531,4.4408632,0,8.3736,1.8212,2.0654,1.6729,0.1787,0.003,0.007,0.0001,0.0301,0.0426,0.0019,0.0011,0.0094,0.0001,0.002,0.0013,0.0001,0.0001,0.0079,0.0015,0.0004,0.0,0.0033,0.0807,0.0193,0.0,0.0151,0.0,155.0,0.0,92.0,63.0,90.0,0.0,0.0,0.0,0.0,0.0,0.0,0.0,0.0,0.0,0.0,0.0,0.0,0.0,0.0,0.0,0.0,0.0,0.0,8.0,2.0,1.0
532,4.4492367999999995,0,8.4782,1.7875,2.3145,1.7369,0.2055,0.0028,0.0089,0.0002,0.0382,0.0522,0.0021,0.0007,0.0112,0.0001,0.0018,0.0016,0.0,0.0005,0.0082,0.0013,0.0004,0.0,0.0039,0.0966,0.0209,0.0001,0.0135,0.0,155.0,0.0,92.0,63.0,90.0,0.0,0.0,0.0,0.0,0.0,0.0,0.0,0.0,0.0,0.0,0.0,0.0,0.0,0.0,0.0,0.0,0.0,0.0,8.0,2.0,1.0
533,4.457714999999999,0,8.145,1.7086,2.1692,1.8,0.2047,0.0028,0.0093,0.0002,0.0318,0.0469,0.0022,0.0008,0.0109,0.0005,0.0015,0.0022,0.0,0.0002,0.0079,0.0013,0.0009,0.0001,0.0042,0.0939,0.0211,0.0001,0.0141,0.0,155.0,0.0,92.0,63.0,90.0,0.0,0.0,0.0,0.0,0.0,0.0,0.0,0.0,0.0,0.0,0.0,0.0,0.0,0.0,0.0,0.0,0.0,0.0,8.0,2.0,1.0
534,4.465859999999999,0,8.3554,1.8963,2.1279,1.7858,0.1924,0.0025,0.0076,0.0001,0.0344,0.0468,0.0022,0.0006,0.0091,0.0001,0.0013,0.0015,0.0,0.0001,0.0077,0.0011,0.0004,0.0002,0.0032,0.0859,0.0223,0.0,0.0142,0.0,155.0,0.0,92.0,63.0,90.0,0.0,0.0,0.0,0.0,0.0,0.0,0.0,0.0,0.0,0.0,0.0,0.0,0.0,0.0,0.0,0.0,0.0,0.0,8.0,2.0,1.0
535,4.474215399999999,0,8.4299,1.7373,2.2277,1.6892,0.1968,0.003,0.0085,0.0002,0.0295,0.0432,0.0021,0.0007,0.01,0.0001,0.0014,0.0021,0.0,0.0002,0.0076,0.0013,0.0005,0.0,0.0044,0.0875,0.021,0.0,0.0128,0.0,155.0,0.0,92.0,63.0,90.0,0.0,0.0,0.0,0.0,0.0,0.0,0.0,0.0,0.0,0.0,0.0,0.0,0.0,0.0,0.0,0.0,0.0,0.0,8.0,2.0,1.0
536,4.4826453,0,8.2403,1.7236,2.1775,1.6681,0.2009,0.0026,0.0078,0.0002,0.0415,0.054,0.0019,0.0008,0.009,0.0001,0.0018,0.0016,0.0001,0.0006,0.0081,0.0012,0.0004,0.0,0.0036,0.0943,0.0277,0.0,0.0151,0.0,155.0,0.0,92.0,63.0,90.0,0.0,0.0,0.0,0.0,0.0,0.0,0.0,0.0,0.0,0.0,0.0,0.0,0.0,0.0,0.0,0.0,0.0,0.0,8.0,2.0,1.0
537,4.4908855999999995,0,8.2648,1.7995,2.0528,1.9097,0.1886,0.0027,0.0062,0.0002,0.0319,0.043,0.0023,0.0014,0.0124,0.0006,0.0015,0.0021,0.0,0.0001,0.0078,0.0013,0.001,0.0001,0.0039,0.0891,0.0209,0.0001,0.0158,0.0,155.0,0.0,92.0,63.0,90.0,0.0,0.0,0.0,0.0,0.0,0.0,0.0,0.0,0.0,0.0,0.0,0.0,0.0,0.0,0.0,0.0,0.0,0.0,8.0,2.0,1.0
538,4.4991503999999996,0,8.3942,1.801,2.1136,1.6336,0.2115,0.0029,0.0086,0.0002,0.0461,0.06,0.0024,0.0008,0.0115,0.0001,0.0015,0.0015,0.0001,0.0007,0.0081,0.0013,0.0005,0.0001,0.004,0.1037,0.0225,0.0001,0.0145,0.0,155.0,0.0,92.0,63.0,90.0,0.0,0.0,0.0,0.0,0.0,0.0,0.0,0.0,0.0,0.0,0.0,0.0,0.0,0.0,0.0,0.0,0.0,0.0,8.0,2.0,1.0
539,4.507544599999999,0,8.4151,1.8102,2.2,1.6773,0.2178,0.0031,0.0089,0.0001,0.0372,0.0523,0.0023,0.0009,0.0108,0.0002,0.0016,0.0023,0.0001,0.0001,0.0084,0.0019,0.0005,0.0001,0.0039,0.1017,0.024,0.0,0.0146,0.0,155.0,0.0,92.0,63.0,90.0,0.0,0.0,0.0,0.0,0.0,0.0,0.0,0.0,0.0,0.0,0.0,0.0,0.0,0.0,0.0,0.0,0.0,0.0,8.0,2.0,1.0
540,4.515959699999999,0,8.4651,1.8675,2.3392,1.8923,0.2124,0.0031,0.0088,0.0002,0.0411,0.0557,0.0021,0.0009,0.0104,0.0001,0.0014,0.0019,0.0001,0.0002,0.008,0.0014,0.0004,0.0,0.0042,0.0989,0.0216,0.0001,0.0149,0.0,155.0,0.0,92.0,63.0,90.0,0.0,0.0,0.0,0.0,0.0,0.0,0.0,0.0,0.0,0.0,0.0,0.0,0.0,0.0,0.0,0.0,0.0,0.0,8.0,2.0,1.0
541,4.5244247999999985,0,8.1067,1.8102,2.1701,1.7704,0.1947,0.0027,0.0078,0.0002,0.0332,0.0472,0.0018,0.0008,0.0099,0.0001,0.0018,0.0016,0.0001,0.0002,0.0084,0.0012,0.0005,0.0,0.0038,0.0885,0.0213,0.0,0.0124,0.0,155.0,0.0,92.0,63.0,90.0,0.0,0.0,0.0,0.0,0.0,0.0,0.0,0.0,0.0,0.0,0.0,0.0,0.0,0.0,0.0,0.0,0.0,0.0,8.0,2.0,1.0
542,4.532531499999998,0,8.5664,1.8385,2.2785,1.7239,0.1963,0.003,0.0089,0.0002,0.0332,0.0473,0.0021,0.0008,0.0095,0.0001,0.0012,0.0022,0.0,0.0001,0.0082,0.0017,0.0004,0.0,0.0038,0.0911,0.0195,0.0,0.0147,0.0,155.0,0.0,92.0,63.0,90.0,0.0,0.0,0.0,0.0,0.0,0.0,0.0,0.0,0.0,0.0,0.0,0.0,0.0,0.0,0.0,0.0,0.0,0.0,8.0,2.0,1.0
543,4.541097899999999,0,8.1799,1.7242,2.2745,1.7217,0.1897,0.0032,0.0081,0.0002,0.0311,0.0452,0.002,0.0008,0.0107,0.0001,0.0019,0.0016,0.0001,0.0002,0.0079,0.0016,0.0005,0.0001,0.0034,0.089,0.0211,0.0,0.0127,0.0,155.0,0.0,92.0,63.0,90.0,0.0,0.0,0.0,0.0,0.0,0.0,0.0,0.0,0.0,0.0,0.0,0.0,0.0,0.0,0.0,0.0,0.0,0.0,8.0,2.0,1.0
544,4.549277799999999,0,8.2584,1.7822,2.1787,1.7,0.2809,0.003,0.0084,0.0003,0.0533,0.0677,0.0032,0.0015,0.0166,0.0002,0.0026,0.0018,0.0004,0.0002,0.0104,0.0016,0.0005,0.0001,0.0076,0.1331,0.0527,0.0,0.0137,0.0,155.0,0.0,92.0,63.0,90.0,0.0,0.0,0.0,0.0,0.0,0.0,0.0,0.0,0.0,0.0,0.0,0.0,0.0,0.0,0.0,0.0,0.0,0.0,8.0,2.0,1.0
545,4.557536199999999,0,8.4549,1.8212,2.1974,2.4304,0.2117,0.0032,0.0091,0.0002,0.0282,0.0437,0.0024,0.0008,0.0107,0.0002,0.0018,0.0018,0.0001,0.0001,0.009,0.0019,0.0005,0.0002,0.0041,0.0903,0.0277,0.0,0.0136,0.0,155.0,0.0,92.0,63.0,90.0,0.0,0.0,0.0,0.0,0.0,0.0,0.0,0.0,0.0,0.0,0.0,0.0,0.0,0.0,0.0,0.0,0.0,0.0,8.0,2.0,1.0
546,4.565991099999999,0,8.32,1.8901,2.239,1.7699,0.247,0.0027,0.0059,0.0002,0.0499,0.0607,0.0021,0.0007,0.0108,0.0002,0.0015,0.0024,0.0,0.0001,0.0076,0.0013,0.0009,0.0001,0.0039,0.1044,0.0214,0.0,0.0146,0.0,155.0,0.0,92.0,63.0,90.0,0.0,0.0,0.0,0.0,0.0,0.0,0.0,0.0,0.0,0.0,0.0,0.0,0.0,0.0,0.0,0.0,0.0,0.0,8.0,2.0,1.0
547,4.574311099999999,0,8.2527,1.8691,2.1701,1.6492,0.1996,0.003,0.0093,0.0002,0.0298,0.0443,0.0025,0.0008,0.0115,0.0001,0.0015,0.0017,0.0,0.0001,0.0083,0.0014,0.0005,0.0001,0.0039,0.0905,0.0212,0.0,0.015,0.0,155.0,0.0,92.0,63.0,90.0,0.0,0.0,0.0,0.0,0.0,0.0,0.0,0.0,0.0,0.0,0.0,0.0,0.0,0.0,0.0,0.0,0.0,0.0,8.0,2.0,1.0
548,4.582563799999999,0,8.2749,1.818,2.1181,1.6242,0.2021,0.0028,0.008,0.0003,0.0437,0.0566,0.002,0.0007,0.0102,0.0001,0.0015,0.0015,0.0,0.0001,0.0087,0.0014,0.0005,0.0002,0.0038,0.0987,0.0225,0.0001,0.015,0.0,155.0,0.0,92.0,63.0,90.0,0.0,0.0,0.0,0.0,0.0,0.0,0.0,0.0,0.0,0.0,0.0,0.0,0.0,0.0,0.0,0.0,0.0,0.0,8.0,2.0,1.0
549,4.590838699999999,0,8.433,1.8032,2.1594,1.877,0.1841,0.0031,0.0068,0.0002,0.0327,0.0447,0.0019,0.0005,0.0093,0.0002,0.0013,0.0016,0.0001,0.0001,0.0081,0.0012,0.0004,0.0,0.0033,0.0844,0.0217,0.0,0.0147,0.0,155.0,0.0,92.0,63.0,90.0,0.0,0.0,0.0,0.0,0.0,0.0,0.0,0.0,0.0,0.0,0.0,0.0,0.0,0.0,0.0,0.0,0.0,0.0,8.0,2.0,1.0
550,4.599271699999999,0,8.6061,1.7544,2.3155,1.6873,0.2372,0.0027,0.0077,0.0001,0.0544,0.0673,0.0028,0.0006,0.0115,0.0002,0.0013,0.001,0.0001,0.0,0.008,0.0012,0.0002,0.0001,0.0058,0.114,0.0347,0.0001,0.0139,0.0,155.0,0.0,92.0,63.0,90.0,0.0,0.0,0.0,0.0,0.0,0.0,0.0,0.0,0.0,0.0,0.0,0.0,0.0,0.0,0.0,0.0,0.0,0.0,8.0,2.0,1.0
551,4.607877799999999,0,7.9434,1.7359,2.2442,1.6546,0.2036,0.0028,0.0093,0.0002,0.0304,0.0457,0.0027,0.0013,0.0114,0.0001,0.0019,0.0017,0.0002,0.0001,0.0086,0.0013,0.0009,0.0002,0.0043,0.0927,0.0207,0.0001,0.0139,0.0,155.0,0.0,92.0,63.0,90.0,0.0,0.0,0.0,0.0,0.0,0.0,0.0,0.0,0.0,0.0,0.0,0.0,0.0,0.0,0.0,0.0,0.0,0.0,8.0,2.0,1.0
552,4.615821199999999,0,8.7292,1.811,2.4886,1.7918,0.1903,0.0031,0.0086,0.0001,0.0357,0.0502,0.0019,0.0006,0.0104,0.0002,0.002,0.0015,0.0001,0.0004,0.008,0.0011,0.0004,0.0001,0.0037,0.0917,0.021,0.0,0.0141,0.0,155.0,0.0,92.0,63.0,90.0,0.0,0.0,0.0,0.0,0.0,0.0,0.0,0.0,0.0,0.0,0.0,0.0,0.0,0.0,0.0,0.0,0.0,0.0,8.0,2.0,1.0
553,4.6245503999999995,0,8.0578,1.8214,2.1858,1.6853,0.184,0.0026,0.0079,0.0001,0.0273,0.0406,0.0019,0.0007,0.0093,0.0001,0.0019,0.0016,0.0001,0.0001,0.0076,0.0012,0.0004,0.0001,0.0032,0.0805,0.0222,0.0,0.0134,0.0,155.0,0.0,92.0,63.0,90.0,0.0,0.0,0.0,0.0,0.0,0.0,0.0,0.0,0.0,0.0,0.0,0.0,0.0,0.0,0.0,0.0,0.0,0.0,8.0,2.0,1.0
554,4.632608199999999,0,8.3616,1.8022,2.1635,1.6255,0.2021,0.0026,0.0065,0.0001,0.0425,0.0542,0.0024,0.0008,0.0119,0.0001,0.0012,0.0019,0.0001,0.0002,0.0078,0.0013,0.0005,0.0001,0.0042,0.0987,0.024,0.0,0.0134,0.0,155.0,0.0,92.0,63.0,90.0,0.0,0.0,0.0,0.0,0.0,0.0,0.0,0.0,0.0,0.0,0.0,0.0,0.0,0.0,0.0,0.0,0.0,0.0,8.0,2.0,1.0
555,4.640969799999999,0,8.1542,1.8574,2.0833,1.7472,0.1734,0.0027,0.0092,0.0001,0.0189,0.0336,0.0024,0.0006,0.0076,0.0001,0.0018,0.0016,0.0,0.0001,0.0075,0.0015,0.0005,0.0,0.0031,0.0692,0.021,0.0,0.0131,0.0,155.0,0.0,92.0,63.0,90.0,0.0,0.0,0.0,0.0,0.0,0.0,0.0,0.0,0.0,0.0,0.0,0.0,0.0,0.0,0.0,0.0,0.0,0.0,8.0,2.0,1.0
556,4.649123999999999,0,8.5156,1.6875,2.2376,1.7808,0.2193,0.0032,0.0093,0.0002,0.0405,0.0557,0.0026,0.0007,0.0121,0.0001,0.0015,0.0022,0.0002,0.0001,0.0085,0.0018,0.0005,0.0,0.0039,0.1032,0.0219,0.0001,0.0126,0.0,155.0,0.0,92.0,63.0,90.0,0.0,0.0,0.0,0.0,0.0,0.0,0.0,0.0,0.0,0.0,0.0,0.0,0.0,0.0,0.0,0.0,0.0,0.0,8.0,2.0,1.0
557,4.657639599999999,0,8.3366,1.8207,2.1572,1.691,0.178,0.0026,0.0081,0.0001,0.0277,0.0401,0.0019,0.0012,0.0099,0.0001,0.0018,0.0015,0.0001,0.0001,0.008,0.0013,0.0004,0.0,0.0033,0.0821,0.0189,0.0,0.0142,0.0,155.0,0.0,92.0,63.0,90.0,0.0,0.0,0.0,0.0,0.0,0.0,0.0,0.0,0.0,0.0,0.0,0.0,0.0,0.0,0.0,0.0,0.0,0.0,8.0,2.0,1.0
558,4.6659761999999985,0,8.2661,1.7363,2.1965,1.7067,0.1942,0.0026,0.0077,0.0002,0.0377,0.0502,0.0026,0.0007,0.0094,0.0002,0.0011,0.0017,0.0,0.0001,0.0073,0.0012,0.0005,0.0,0.0033,0.0893,0.0269,0.0,0.0155,0.0,155.0,0.0,92.0,63.0,90.0,0.0,0.0,0.0,0.0,0.0,0.0,0.0,0.0,0.0,0.0,0.0,0.0,0.0,0.0,0.0,0.0,0.0,0.0,8.0,2.0,1.0
559,4.674242299999999,0,8.2478,1.6864,2.179,1.6169,0.1902,0.003,0.0086,0.0002,0.0265,0.0405,0.0024,0.0007,0.0114,0.0001,0.0014,0.0016,0.0001,0.0001,0.008,0.0013,0.0004,0.0001,0.0039,0.0843,0.0192,0.0,0.0147,0.0,155.0,0.0,92.0,63.0,90.0,0.0,0.0,0.0,0.0,0.0,0.0,0.0,0.0,0.0,0.0,0.0,0.0,0.0,0.0,0.0,0.0,0.0,0.0,8.0,2.0,1.0
560,4.682490099999999,0,8.3965,1.7608,2.1869,1.7793,0.1969,0.003,0.0098,0.0003,0.0295,0.045,0.0018,0.0008,0.0095,0.0002,0.0015,0.0017,0.0002,0.0001,0.0079,0.0013,0.001,0.0001,0.0036,0.086,0.0213,0.0,0.0133,0.0,155.0,0.0,92.0,63.0,90.0,0.0,0.0,0.0,0.0,0.0,0.0,0.0,0.0,0.0,0.0,0.0,0.0,0.0,0.0,0.0,0.0,0.0,0.0,8.0,2.0,1.0
561,4.690886599999999,0,8.4507,1.7395,2.0827,1.7585,0.2321,0.0033,0.008,0.0002,0.0458,0.0599,0.0022,0.0007,0.0099,0.0001,0.0013,0.0018,0.0,0.0001,0.008,0.0013,0.0004,0.0001,0.0031,0.1035,0.0371,0.0001,0.0144,0.0,155.0,0.0,92.0,63.0,90.0,0.0,0.0,0.0,0.0,0.0,0.0,0.0,0.0,0.0,0.0,0.0,0.0,0.0,0.0,0.0,0.0,0.0,0.0,8.0,2.0,1.0
562,4.699337299999999,0,8.2913,1.8878,2.4177,1.8011,0.2125,0.0029,0.0087,0.0002,0.0388,0.0528,0.0023,0.0007,0.0104,0.0001,0.0013,0.0021,0.0,0.0001,0.0078,0.0012,0.0008,0.0001,0.0039,0.096,0.0258,0.0,0.0136,0.0,155.0,0.0,92.0,63.0,90.0,0.0,0.0,0.0,0.0,0.0,0.0,0.0,0.0,0.0,0.0,0.0,0.0,0.0,0.0,0.0,0.0,0.0,0.0,8.0,2.0,1.0
563,4.707628599999999,0,8.1719,1.8174,1.9758,1.703,0.1779,0.0022,0.0059,0.0001,0.028,0.0383,0.0021,0.0008,0.0083,0.0002,0.0013,0.0018,0.0001,0.0001,0.0078,0.0013,0.001,0.0001,0.0037,0.0816,0.0222,0.0,0.0135,0.0,155.0,0.0,92.0,63.0,90.0,0.0,0.0,0.0,0.0,0.0,0.0,0.0,0.0,0.0,0.0,0.0,0.0,0.0,0.0,0.0,0.0,0.0,0.0,8.0,2.0,1.0
564,4.7158004999999985,0,8.4275,1.9704,2.1586,1.6637,0.2012,0.0029,0.0063,0.0001,0.0459,0.0581,0.0027,0.0007,0.0122,0.0001,0.0017,0.0015,0.0001,0.0001,0.008,0.0013,0.0005,0.0002,0.0037,0.102,0.0211,0.0001,0.0122,0.0,155.0,0.0,92.0,63.0,90.0,0.0,0.0,0.0,0.0,0.0,0.0,0.0,0.0,0.0,0.0,0.0,0.0,0.0,0.0,0.0,0.0,0.0,0.0,8.0,2.0,1.0
565,4.724227999999998,0,8.2985,1.7388,2.1514,1.6871,0.1822,0.0028,0.0077,0.0001,0.0328,0.0453,0.0018,0.0011,0.0103,0.0001,0.0017,0.0015,0.0001,0.0001,0.0079,0.0014,0.0005,0.0001,0.0033,0.0845,0.0212,0.0,0.0143,0.0,155.0,0.0,92.0,63.0,90.0,0.0,0.0,0.0,0.0,0.0,0.0,0.0,0.0,0.0,0.0,0.0,0.0,0.0,0.0,0.0,0.0,0.0,0.0,8.0,2.0,1.0
566,4.732526499999999,0,8.2813,1.9339,2.0574,1.727,0.196,0.003,0.0087,0.0002,0.0382,0.0521,0.0025,0.0007,0.0101,0.0002,0.0013,0.0021,0.0,0.0002,0.0078,0.0011,0.0005,0.0,0.0038,0.0934,0.0213,0.0,0.0133,0.0,155.0,0.0,92.0,63.0,90.0,0.0,0.0,0.0,0.0,0.0,0.0,0.0,0.0,0.0,0.0,0.0,0.0,0.0,0.0,0.0,0.0,0.0,0.0,8.0,2.0,1.0
567,4.740807799999999,0,8.3231,1.8283,2.0958,1.599,0.1766,0.0028,0.0072,0.0002,0.0297,0.0419,0.0018,0.0008,0.0096,0.0001,0.0012,0.0019,0.0001,0.0001,0.0076,0.0014,0.0004,0.0001,0.0034,0.0799,0.0219,0.0,0.0134,0.0,155.0,0.0,92.0,63.0,90.0,0.0,0.0,0.0,0.0,0.0,0.0,0.0,0.0,0.0,0.0,0.0,0.0,0.0,0.0,0.0,0.0,0.0,0.0,8.0,2.0,1.0
568,4.749130899999999,0,8.4893,1.9347,2.0977,1.8338,0.2126,0.0029,0.0084,0.0001,0.0412,0.0556,0.0023,0.0008,0.0116,0.0001,0.0015,0.0018,0.0001,0.0001,0.0078,0.0013,0.0004,0.0001,0.0044,0.0992,0.0266,0.0001,0.0126,0.0,155.0,0.0,92.0,63.0,90.0,0.0,0.0,0.0,0.0,0.0,0.0,0.0,0.0,0.0,0.0,0.0,0.0,0.0,0.0,0.0,0.0,0.0,0.0,8.0,2.0,1.0
569,4.757620199999999,0,8.4536,1.7755,2.3735,1.8176,0.1855,0.003,0.0088,0.0002,0.0222,0.0361,0.0021,0.0009,0.0084,0.0001,0.0013,0.0017,0.0001,0.0002,0.0086,0.0012,0.0009,0.0,0.0031,0.0753,0.0211,0.0,0.0134,0.0,155.0,0.0,92.0,63.0,90.0,0.0,0.0,0.0,0.0,0.0,0.0,0.0,0.0,0.0,0.0,0.0,0.0,0.0,0.0,0.0,0.0,0.0,0.0,8.0,2.0,1.0
570,4.766073799999999,0,8.1636,1.7933,2.1791,1.7304,0.2061,0.0029,0.0072,0.0002,0.0364,0.0493,0.0024,0.0007,0.0089,0.0002,0.0013,0.002,0.0001,0.0001,0.0079,0.0018,0.0005,0.0001,0.004,0.0933,0.0277,0.0,0.0137,0.0,155.0,0.0,92.0,63.0,90.0,0.0,0.0,0.0,0.0,0.0,0.0,0.0,0.0,0.0,0.0,0.0,0.0,0.0,0.0,0.0,0.0,0.0,0.0,8.0,2.0,1.0
571,4.774237399999999,0,8.3011,1.7484,2.1525,1.6948,0.1967,0.0029,0.0083,0.0002,0.0327,0.0469,0.0019,0.0008,0.0098,0.0002,0.002,0.0017,0.0002,0.0001,0.0084,0.0012,0.0005,0.0001,0.0034,0.0877,0.0234,0.0,0.0138,0.0,155.0,0.0,92.0,63.0,90.0,0.0,0.0,0.0,0.0,0.0,0.0,0.0,0.0,0.0,0.0,0.0,0.0,0.0,0.0,0.0,0.0,0.0,0.0,8.0,2.0,1.0
572,4.7825384999999985,0,8.3732,1.7637,2.0502,1.9659,0.2011,0.0029,0.0065,0.0001,0.0471,0.0586,0.0022,0.001,0.0111,0.0001,0.0018,0.0016,0.0,0.0002,0.0083,0.0012,0.0004,0.0001,0.0038,0.1032,0.0206,0.0,0.0147,0.0,155.0,0.0,92.0,63.0,90.0,0.0,0.0,0.0,0.0,0.0,0.0,0.0,0.0,0.0,0.0,0.0,0.0,0.0,0.0,0.0,0.0,0.0,0.0,8.0,2.0,1.0
573,4.790911699999999,0,8.499,1.8555,2.265,1.7234,0.2029,0.0033,0.0077,0.0002,0.0388,0.053,0.0024,0.0007,0.0101,0.0001,0.0014,0.002,0.0001,0.0001,0.0083,0.0017,0.0004,0.0001,0.0033,0.094,0.0223,0.0001,0.0139,0.0,155.0,0.0,92.0,63.0,90.0,0.0,0.0,0.0,0.0,0.0,0.0,0.0,0.0,0.0,0.0,0.0,0.0,0.0,0.0,0.0,0.0,0.0,0.0,8.0,2.0,1.0
574,4.799410699999998,0,8.2913,1.9372,2.3889,1.8349,0.2048,0.0028,0.0084,0.0002,0.0368,0.0505,0.0028,0.0006,0.0106,0.0001,0.0021,0.0016,0.0001,0.0001,0.009,0.0011,0.0005,0.0,0.0038,0.0944,0.0239,0.0001,0.0146,0.0,155.0,0.0,92.0,63.0,90.0,0.0,0.0,0.0,0.0,0.0,0.0,0.0,0.0,0.0,0.0,0.0,0.0,0.0,0.0,0.0,0.0,0.0,0.0,8.0,2.0,1.0
575,4.807701999999998,0,8.5072,1.9047,2.376,1.7989,0.1927,0.0035,0.0088,0.0001,0.0273,0.0424,0.0021,0.0008,0.0109,0.0001,0.0019,0.0016,0.0001,0.0001,0.0083,0.0012,0.0004,0.0,0.0034,0.0847,0.0214,0.0,0.0138,0.0,155.0,0.0,92.0,63.0,90.0,0.0,0.0,0.0,0.0,0.0,0.0,0.0,0.0,0.0,0.0,0.0,0.0,0.0,0.0,0.0,0.0,0.0,0.0,8.0,2.0,1.0
576,4.8162091999999985,0,8.1134,1.8744,2.3298,1.8114,0.2124,0.0028,0.0081,0.0002,0.0506,0.0637,0.0022,0.0006,0.0103,0.0001,0.0019,0.0016,0.0,0.0006,0.0087,0.0014,0.0005,0.0001,0.0034,0.1067,0.0229,0.0,0.0137,0.0,155.0,0.0,92.0,63.0,90.0,0.0,0.0,0.0,0.0,0.0,0.0,0.0,0.0,0.0,0.0,0.0,0.0,0.0,0.0,0.0,0.0,0.0,0.0,8.0,2.0,1.0
577,4.824322599999999,0,8.4546,1.7826,2.3524,1.7631,0.2152,0.0028,0.0089,0.0002,0.0333,0.0491,0.0029,0.0008,0.0119,0.0001,0.002,0.0018,0.0001,0.0001,0.0081,0.0012,0.001,0.0001,0.0034,0.0939,0.0257,0.0,0.0121,0.0,155.0,0.0,92.0,63.0,90.0,0.0,0.0,0.0,0.0,0.0,0.0,0.0,0.0,0.0,0.0,0.0,0.0,0.0,0.0,0.0,0.0,0.0,0.0,8.0,2.0,1.0
578,4.832777199999999,0,8.2598,1.9365,2.3437,1.819,0.2673,0.0031,0.0077,0.0003,0.0555,0.0699,0.0032,0.0011,0.0156,0.0002,0.0027,0.0017,0.0001,0.0002,0.0101,0.0014,0.0005,0.0001,0.0058,0.1314,0.0387,0.0,0.0146,0.0,155.0,0.0,92.0,63.0,90.0,0.0,0.0,0.0,0.0,0.0,0.0,0.0,0.0,0.0,0.0,0.0,0.0,0.0,0.0,0.0,0.0,0.0,0.0,8.0,2.0,1.0
579,4.841036999999999,0,8.4288,1.8334,2.4338,1.7701,0.2271,0.0041,0.0095,0.0002,0.0332,0.0496,0.0033,0.0011,0.0119,0.0001,0.002,0.0017,0.0002,0.0001,0.0083,0.0014,0.0005,0.0001,0.0041,0.0964,0.0278,0.0001,0.0141,0.0,155.0,0.0,92.0,63.0,90.0,0.0,0.0,0.0,0.0,0.0,0.0,0.0,0.0,0.0,0.0,0.0,0.0,0.0,0.0,0.0,0.0,0.0,0.0,8.0,2.0,1.0
580,4.849465799999999,0,8.3494,1.9383,2.3854,1.7291,0.2121,0.0028,0.0074,0.0002,0.0436,0.0574,0.0019,0.0007,0.011,0.0001,0.0016,0.0016,0.0001,0.0001,0.0088,0.0013,0.0004,0.0001,0.0032,0.0999,0.0229,0.0001,0.0142,0.0,155.0,0.0,92.0,63.0,90.0,0.0,0.0,0.0,0.0,0.0,0.0,0.0,0.0,0.0,0.0,0.0,0.0,0.0,0.0,0.0,0.0,0.0,0.0,8.0,2.0,1.0
581,4.857815199999999,0,8.2662,1.9687,2.1828,1.7874,0.2052,0.0033,0.009,0.0003,0.0347,0.0497,0.0022,0.001,0.0108,0.0001,0.0015,0.002,0.0002,0.0001,0.0085,0.0018,0.0004,0.0002,0.0035,0.0928,0.0254,0.0,0.014,0.0,155.0,0.0,92.0,63.0,90.0,0.0,0.0,0.0,0.0,0.0,0.0,0.0,0.0,0.0,0.0,0.0,0.0,0.0,0.0,0.0,0.0,0.0,0.0,8.0,2.0,1.0
582,4.866081399999999,0,8.3908,1.9685,2.3996,2.4151,0.2239,0.0035,0.0071,0.0003,0.0423,0.0558,0.0032,0.001,0.0134,0.0002,0.0016,0.0022,0.0001,0.0002,0.0098,0.0015,0.0009,0.0001,0.0041,0.1084,0.0243,0.0001,0.0138,0.0,155.0,0.0,92.0,63.0,90.0,0.0,0.0,0.0,0.0,0.0,0.0,0.0,0.0,0.0,0.0,0.0,0.0,0.0,0.0,0.0,0.0,0.0,0.0,8.0,2.0,1.0
583,4.874472199999999,0,8.2154,2.0232,2.3425,1.8842,0.2051,0.0032,0.0088,0.0002,0.0317,0.0471,0.0021,0.0009,0.0103,0.0001,0.002,0.0017,0.0,0.0002,0.0086,0.0019,0.0004,0.0001,0.0035,0.0924,0.0231,0.0,0.0127,0.0,155.0,0.0,92.0,63.0,90.0,0.0,0.0,0.0,0.0,0.0,0.0,0.0,0.0,0.0,0.0,0.0,0.0,0.0,0.0,0.0,0.0,0.0,0.0,8.0,2.0,1.0
584,4.882687599999999,0,8.4085,1.8914,2.3504,1.7843,0.2573,0.0031,0.0087,0.0002,0.0517,0.0664,0.0026,0.0011,0.0133,0.0002,0.0017,0.0013,0.0001,0.0002,0.0089,0.0014,0.0009,0.0,0.0052,0.1201,0.0404,0.0001,0.0137,0.0,155.0,0.0,92.0,63.0,90.0,0.0,0.0,0.0,0.0,0.0,0.0,0.0,0.0,0.0,0.0,0.0,0.0,0.0,0.0,0.0,0.0,0.0,0.0,8.0,2.0,1.0
585,4.891096099999999,0,8.3804,2.0255,2.3727,1.8963,0.2126,0.003,0.0091,0.0002,0.0316,0.0469,0.002,0.0011,0.0114,0.0002,0.0019,0.0017,0.0004,0.0001,0.0084,0.0018,0.0004,0.0001,0.0036,0.0946,0.0209,0.0,0.0144,0.0,155.0,0.0,92.0,63.0,90.0,0.0,0.0,0.0,0.0,0.0,0.0,0.0,0.0,0.0,0.0,0.0,0.0,0.0,0.0,0.0,0.0,0.0,0.0,8.0,2.0,1.0
586,4.899476499999999,0,8.3565,1.8438,2.438,1.78,0.2108,0.0034,0.0087,0.0002,0.0412,0.0567,0.002,0.0009,0.0106,0.0001,0.002,0.0015,0.0001,0.0001,0.0086,0.0012,0.0005,0.0001,0.0037,0.1001,0.0218,0.0,0.0139,0.0,155.0,0.0,92.0,63.0,90.0,0.0,0.0,0.0,0.0,0.0,0.0,0.0,0.0,0.0,0.0,0.0,0.0,0.0,0.0,0.0,0.0,0.0,0.0,8.0,2.0,1.0
587,4.907832999999998,0,8.3176,1.9448,2.3892,1.7545,0.231,0.0033,0.0093,0.0003,0.0364,0.0524,0.0031,0.0008,0.0135,0.0001,0.0017,0.0024,0.0002,0.0001,0.0097,0.0013,0.0006,0.0001,0.0041,0.1035,0.0226,0.0,0.0136,0.0,155.0,0.0,92.0,63.0,90.0,0.0,0.0,0.0,0.0,0.0,0.0,0.0,0.0,0.0,0.0,0.0,0.0,0.0,0.0,0.0,0.0,0.0,0.0,8.0,2.0,1.0
588,4.916150599999998,0,8.4522,1.9023,2.5241,1.7557,0.2085,0.0035,0.0093,0.0002,0.037,0.0523,0.0021,0.0006,0.0106,0.0002,0.0014,0.0022,0.0002,0.0002,0.0084,0.0018,0.0005,0.0001,0.0034,0.0956,0.0231,0.0,0.0138,0.0,155.0,0.0,92.0,63.0,90.0,0.0,0.0,0.0,0.0,0.0,0.0,0.0,0.0,0.0,0.0,0.0,0.0,0.0,0.0,0.0,0.0,0.0,0.0,8.0,2.0,1.0
589,4.924602799999998,0,8.139,1.9609,2.3984,1.759,0.2096,0.0028,0.0087,0.0007,0.0328,0.048,0.0021,0.0006,0.0108,0.0007,0.0014,0.0022,0.0,0.0001,0.0084,0.0013,0.0005,0.0001,0.0034,0.0922,0.0225,0.0001,0.0157,0.0,155.0,0.0,92.0,63.0,90.0,0.0,0.0,0.0,0.0,0.0,0.0,0.0,0.0,0.0,0.0,0.0,0.0,0.0,0.0,0.0,0.0,0.0,0.0,8.0,2.0,1.0
590,4.932741799999998,0,8.4024,2.0493,2.3916,2.0214,0.2152,0.0028,0.0067,0.0003,0.0426,0.0553,0.0029,0.0009,0.0121,0.0001,0.0019,0.0016,0.0001,0.0001,0.009,0.0013,0.0005,0.0001,0.0039,0.1034,0.0219,0.0,0.014,0.0,155.0,0.0,92.0,63.0,90.0,0.0,0.0,0.0,0.0,0.0,0.0,0.0,0.0,0.0,0.0,0.0,0.0,0.0,0.0,0.0,0.0,0.0,0.0,8.0,2.0,1.0
591,4.941144199999997,0,8.0634,1.8365,2.1592,1.8048,0.1976,0.0027,0.0076,0.0002,0.0362,0.0488,0.0021,0.0006,0.011,0.0001,0.0016,0.0017,0.0001,0.0001,0.0081,0.0012,0.001,0.0,0.0035,0.0909,0.0229,0.0001,0.0126,0.0,155.0,0.0,92.0,63.0,90.0,0.0,0.0,0.0,0.0,0.0,0.0,0.0,0.0,0.0,0.0,0.0,0.0,0.0,0.0,0.0,0.0,0.0,0.0,8.0,2.0,1.0
592,4.949207599999998,0,8.4329,1.7999,2.2447,1.6781,0.2135,0.004,0.009,0.0002,0.0478,0.0639,0.0023,0.0011,0.01,0.0006,0.0013,0.0021,0.0,0.0002,0.0081,0.0013,0.0005,0.0001,0.0043,0.1078,0.0215,0.0,0.014,0.0,155.0,0.0,92.0,63.0,90.0,0.0,0.0,0.0,0.0,0.0,0.0,0.0,0.0,0.0,0.0,0.0,0.0,0.0,0.0,0.0,0.0,0.0,0.0,8.0,2.0,1.0
593,4.9576404999999975,0,8.2794,1.8305,2.167,1.7463,0.2259,0.0037,0.0098,0.0002,0.0306,0.0469,0.0023,0.001,0.0116,0.0002,0.0017,0.0021,0.0001,0.0001,0.009,0.0013,0.0006,0.0,0.004,0.0953,0.0295,0.0,0.0142,0.0,155.0,0.0,92.0,63.0,90.0,0.0,0.0,0.0,0.0,0.0,0.0,0.0,0.0,0.0,0.0,0.0,0.0,0.0,0.0,0.0,0.0,0.0,0.0,8.0,2.0,1.0
594,4.965919899999998,0,8.3081,1.8398,2.1372,1.8126,0.1952,0.0028,0.009,0.0002,0.0336,0.0475,0.0022,0.0008,0.0109,0.0002,0.0013,0.0021,0.0001,0.0001,0.0084,0.0015,0.0005,0.0001,0.0033,0.0886,0.022,0.0,0.0146,0.0,155.0,0.0,92.0,63.0,90.0,0.0,0.0,0.0,0.0,0.0,0.0,0.0,0.0,0.0,0.0,0.0,0.0,0.0,0.0,0.0,0.0,0.0,0.0,8.0,2.0,1.0
595,4.974227999999997,0,8.404,1.8002,2.2269,1.6839,0.1875,0.0028,0.0081,0.0001,0.0279,0.041,0.0023,0.0008,0.0107,0.0001,0.0018,0.0014,0.0001,0.0001,0.0088,0.0012,0.0004,0.0001,0.0032,0.0829,0.021,0.0,0.012,0.0,155.0,0.0,92.0,63.0,90.0,0.0,0.0,0.0,0.0,0.0,0.0,0.0,0.0,0.0,0.0,0.0,0.0,0.0,0.0,0.0,0.0,0.0,0.0,8.0,2.0,1.0
596,4.982631999999997,0,8.4329,1.7582,2.3309,1.6674,0.1984,0.0029,0.0085,0.0002,0.0434,0.0568,0.002,0.0006,0.0096,0.0002,0.0012,0.002,0.0001,0.0001,0.0081,0.0016,0.0004,0.0001,0.0032,0.0991,0.0216,0.0,0.0159,0.0,155.0,0.0,92.0,63.0,90.0,0.0,0.0,0.0,0.0,0.0,0.0,0.0,0.0,0.0,0.0,0.0,0.0,0.0,0.0,0.0,0.0,0.0,0.0,8.0,2.0,1.0
597,4.991064899999997,0,8.4028,1.7216,2.3126,1.6902,0.191,0.0031,0.0084,0.0001,0.0278,0.0416,0.002,0.001,0.0103,0.0002,0.002,0.0016,0.0001,0.0006,0.0084,0.0012,0.0009,0.0001,0.0033,0.084,0.0218,0.0,0.0134,0.0,155.0,0.0,92.0,63.0,90.0,0.0,0.0,0.0,0.0,0.0,0.0,0.0,0.0,0.0,0.0,0.0,0.0,0.0,0.0,0.0,0.0,0.0,0.0,8.0,2.0,1.0
598,4.999467699999997,0,8.0767,1.7487,2.2444,1.6894,0.2031,0.0025,0.0061,0.0001,0.0417,0.0529,0.0028,0.0008,0.0126,0.0001,0.002,0.0015,0.0001,0.0005,0.0086,0.0012,0.0007,0.0,0.0045,0.1011,0.023,0.0001,0.0146,0.0,155.0,0.0,92.0,63.0,90.0,0.0,0.0,0.0,0.0,0.0,0.0,0.0,0.0,0.0,0.0,0.0,0.0,0.0,0.0,0.0,0.0,0.0,0.0,8.0,2.0,1.0
599,5.007544399999997,0,8.3477,1.719,2.039,1.7925,0.1958,0.0029,0.0085,0.0002,0.0308,0.0443,0.0026,0.0009,0.0107,0.0002,0.0013,0.0018,0.0,0.0001,0.0078,0.0019,0.0005,0.0001,0.0037,0.0874,0.0225,0.0,0.0153,0.0,155.0,0.0,92.0,63.0,90.0,0.0,0.0,0.0,0.0,0.0,0.0,0.0,0.0,0.0,0.0,0.0,0.0,0.0,0.0,0.0,0.0,0.0,0.0,8.0,2.0,1.0
600,5.015892099999997,0,8.2859,1.8417,2.2154,1.7397,0.2107,0.0031,0.0081,0.0002,0.0424,0.056,0.0025,0.0008,0.0097,0.0001,0.0014,0.0022,0.0001,0.0001,0.0074,0.0013,0.0009,0.0001,0.0033,0.096,0.0225,0.0,0.0128,0.0,155.0,0.0,92.0,63.0,90.0,0.0,0.0,0.0,0.0,0.0,0.0,0.0,0.0,0.0,0.0,0.0,0.0,0.0,0.0,0.0,0.0,0.0,0.0,8.0,2.0,1.0
601,5.0241779999999965,0,8.4086,1.696,2.1588,1.6912,0.2177,0.0032,0.0086,0.0001,0.037,0.0513,0.0028,0.001,0.0116,0.0002,0.0019,0.0019,0.0001,0.0002,0.0091,0.0014,0.0009,0.0,0.004,0.0976,0.0226,0.0001,0.014,0.0,155.0,0.0,92.0,63.0,90.0,0.0,0.0,0.0,0.0,0.0,0.0,0.0,0.0,0.0,0.0,0.0,0.0,0.0,0.0,0.0,0.0,0.0,0.0,8.0,2.0,1.0
602,5.032586599999997,0,8.2172,1.7182,2.025,1.7413,0.1981,0.0034,0.0089,0.0001,0.0358,0.05,0.0021,0.0007,0.0106,0.0002,0.0015,0.0012,0.0001,0.0001,0.0079,0.0015,0.0004,0.0001,0.0042,0.0926,0.0219,0.0,0.0153,0.0,155.0,0.0,92.0,63.0,90.0,0.0,0.0,0.0,0.0,0.0,0.0,0.0,0.0,0.0,0.0,0.0,0.0,0.0,0.0,0.0,0.0,0.0,0.0,8.0,2.0,1.0
603,5.040803799999996,0,8.3508,1.7019,1.9674,1.7266,0.1922,0.0033,0.0086,0.0002,0.0331,0.0473,0.0025,0.0008,0.0093,0.0001,0.0017,0.0013,0.0001,0.0002,0.0078,0.0011,0.0005,0.0001,0.0031,0.088,0.0207,0.0,0.0123,0.0,155.0,0.0,92.0,63.0,90.0,0.0,0.0,0.0,0.0,0.0,0.0,0.0,0.0,0.0,0.0,0.0,0.0,0.0,0.0,0.0,0.0,0.0,0.0,8.0,2.0,1.0
604,5.049154599999996,0,8.3075,1.8255,2.1213,1.6483,0.1932,0.0027,0.0089,0.0002,0.0355,0.0504,0.0023,0.0007,0.0096,0.0001,0.0013,0.0017,0.0001,0.0002,0.0084,0.0016,0.0004,0.0001,0.0038,0.0909,0.0231,0.0001,0.0177,0.0,155.0,0.0,92.0,63.0,90.0,0.0,0.0,0.0,0.0,0.0,0.0,0.0,0.0,0.0,0.0,0.0,0.0,0.0,0.0,0.0,0.0,0.0,0.0,8.0,2.0,1.0
605,5.057462099999996,0,8.5218,1.9386,2.1899,1.7099,0.1966,0.0028,0.0083,0.0001,0.0284,0.0423,0.0023,0.0007,0.0111,0.0001,0.0013,0.0016,0.0001,0.0002,0.0091,0.0013,0.0005,0.0003,0.004,0.0859,0.0235,0.0,0.0147,0.0,155.0,0.0,92.0,63.0,90.0,0.0,0.0,0.0,0.0,0.0,0.0,0.0,0.0,0.0,0.0,0.0,0.0,0.0,0.0,0.0,0.0,0.0,0.0,8.0,2.0,1.0
606,5.0659838999999955,0,8.3384,1.769,2.1835,1.8559,0.1932,0.0026,0.0071,0.0002,0.0421,0.0543,0.0019,0.0007,0.0091,0.0006,0.0012,0.0014,0.0001,0.0001,0.0081,0.0011,0.0004,0.0,0.0031,0.0947,0.021,0.0,0.0144,0.0,155.0,0.0,92.0,63.0,90.0,0.0,0.0,0.0,0.0,0.0,0.0,0.0,0.0,0.0,0.0,0.0,0.0,0.0,0.0,0.0,0.0,0.0,0.0,8.0,2.0,1.0
607,5.074322299999996,0,8.3423,1.8307,2.3318,1.7431,0.1962,0.0027,0.0072,0.0001,0.0353,0.0483,0.002,0.0006,0.0113,0.0001,0.0013,0.0016,0.0001,0.0001,0.0086,0.0012,0.0004,0.0001,0.0032,0.0902,0.025,0.0,0.0153,0.0,155.0,0.0,92.0,63.0,90.0,0.0,0.0,0.0,0.0,0.0,0.0,0.0,0.0,0.0,0.0,0.0,0.0,0.0,0.0,0.0,0.0,0.0,0.0,8.0,2.0,1.0
608,5.082664599999996,0,8.2791,1.8081,2.1486,1.6868,0.1875,0.0028,0.0074,0.0001,0.0342,0.0469,0.002,0.0007,0.0096,0.0001,0.0012,0.0015,0.0,0.0006,0.0084,0.0017,0.001,0.0001,0.0035,0.088,0.0214,0.0,0.0129,0.0,155.0,0.0,92.0,63.0,90.0,0.0,0.0,0.0,0.0,0.0,0.0,0.0,0.0,0.0,0.0,0.0,0.0,0.0,0.0,0.0,0.0,0.0,0.0,8.0,2.0,1.0
609,5.090943699999996,0,8.3018,1.7636,2.2275,1.7123,0.2495,0.0031,0.0082,0.0002,0.0342,0.0481,0.0035,0.0012,0.0164,0.0002,0.0021,0.0019,0.0001,0.0001,0.0096,0.0016,0.0008,0.0001,0.0072,0.1117,0.0375,0.0,0.013,0.0,155.0,0.0,92.0,63.0,90.0,0.0,0.0,0.0,0.0,0.0,0.0,0.0,0.0,0.0,0.0,0.0,0.0,0.0,0.0,0.0,0.0,0.0,0.0,8.0,2.0,1.0
610,5.099245499999996,0,8.8122,1.7712,2.6056,1.7337,0.2228,0.0031,0.0093,0.0001,0.0424,0.0573,0.0028,0.0008,0.0116,0.0001,0.0022,0.0018,0.0002,0.0001,0.0091,0.0014,0.001,0.0001,0.0045,0.1048,0.0227,0.0,0.0165,0.0,155.0,0.0,92.0,63.0,90.0,0.0,0.0,0.0,0.0,0.0,0.0,0.0,0.0,0.0,0.0,0.0,0.0,0.0,0.0,0.0,0.0,0.0,0.0,8.0,2.0,1.0
611,5.108057699999996,0,7.7577,2.0545,2.0694,1.7818,0.1772,0.0029,0.0076,0.0002,0.0303,0.0434,0.0018,0.0007,0.0092,0.0001,0.0016,0.0016,0.0001,0.0006,0.0081,0.0011,0.0004,0.0,0.0034,0.083,0.0187,0.0,0.016,0.0,155.0,0.0,92.0,63.0,90.0,0.0,0.0,0.0,0.0,0.0,0.0,0.0,0.0,0.0,0.0,0.0,0.0,0.0,0.0,0.0,0.0,0.0,0.0,8.0,2.0,1.0
612,5.115815399999996,0,8.57,1.6703,2.3108,1.6454,0.2088,0.003,0.0092,0.0002,0.0392,0.0545,0.0026,0.0006,0.0114,0.0002,0.0018,0.0017,0.0002,0.0007,0.0083,0.0013,0.0005,0.0,0.004,0.0993,0.0223,0.0,0.013,0.0,155.0,0.0,92.0,63.0,90.0,0.0,0.0,0.0,0.0,0.0,0.0,0.0,0.0,0.0,0.0,0.0,0.0,0.0,0.0,0.0,0.0,0.0,0.0,8.0,2.0,1.0
613,5.124385399999996,0,8.2029,1.8153,2.1903,1.7736,0.1876,0.0031,0.0079,0.0007,0.0325,0.0464,0.0022,0.0007,0.0093,0.0002,0.0014,0.0016,0.0001,0.0002,0.0078,0.0011,0.0004,0.0001,0.0033,0.084,0.022,0.0001,0.0149,0.0,155.0,0.0,92.0,63.0,90.0,0.0,0.0,0.0,0.0,0.0,0.0,0.0,0.0,0.0,0.0,0.0,0.0,0.0,0.0,0.0,0.0,0.0,0.0,8.0,2.0,1.0
614,5.132588299999996,0,8.2787,1.7329,2.0584,1.7613,0.1966,0.0029,0.0087,0.0001,0.035,0.0487,0.002,0.0006,0.01,0.0002,0.0014,0.002,0.0,0.0001,0.0073,0.0017,0.0004,0.0001,0.0037,0.0904,0.021,0.0,0.0197,0.0,155.0,0.0,92.0,63.0,90.0,0.0,0.0,0.0,0.0,0.0,0.0,0.0,0.0,0.0,0.0,0.0,0.0,0.0,0.0,0.0,0.0,0.0,0.0,8.0,2.0,1.0
615,5.140866999999996,0,8.4148,1.8768,2.209,1.7789,0.1844,0.0026,0.0074,0.0002,0.0335,0.0464,0.0019,0.0007,0.01,0.0001,0.0013,0.0018,0.0,0.0001,0.0079,0.0014,0.0004,0.0001,0.0035,0.0865,0.0194,0.0,0.0126,0.0,155.0,0.0,92.0,63.0,90.0,0.0,0.0,0.0,0.0,0.0,0.0,0.0,0.0,0.0,0.0,0.0,0.0,0.0,0.0,0.0,0.0,0.0,0.0,8.0,2.0,1.0
616,5.149281799999995,0,8.2836,1.8611,2.1965,1.6933,0.2333,0.0036,0.0094,0.0002,0.0582,0.0739,0.0027,0.0009,0.012,0.0001,0.0016,0.0015,0.0001,0.0001,0.0082,0.0013,0.0005,0.0001,0.004,0.1194,0.0234,0.0001,0.0132,0.0,155.0,0.0,92.0,63.0,90.0,0.0,0.0,0.0,0.0,0.0,0.0,0.0,0.0,0.0,0.0,0.0,0.0,0.0,0.0,0.0,0.0,0.0,0.0,8.0,2.0,1.0
617,5.157565399999996,0,8.2923,1.7383,2.0047,1.7131,0.1912,0.0026,0.0078,0.0002,0.0363,0.0487,0.002,0.0013,0.0106,0.0001,0.002,0.0016,0.0001,0.0007,0.0081,0.0011,0.0004,0.0,0.0032,0.0893,0.0215,0.0001,0.0134,0.0,155.0,0.0,92.0,63.0,90.0,0.0,0.0,0.0,0.0,0.0,0.0,0.0,0.0,0.0,0.0,0.0,0.0,0.0,0.0,0.0,0.0,0.0,0.0,8.0,2.0,1.0
618,5.165857699999996,0,8.3468,1.6934,2.1205,1.7004,0.1992,0.0029,0.0094,0.0002,0.035,0.0503,0.0022,0.0007,0.0099,0.0001,0.0012,0.0018,0.0,0.0002,0.008,0.0012,0.0009,0.0,0.0034,0.0905,0.0238,0.0,0.0125,0.0,155.0,0.0,92.0,63.0,90.0,0.0,0.0,0.0,0.0,0.0,0.0,0.0,0.0,0.0,0.0,0.0,0.0,0.0,0.0,0.0,0.0,0.0,0.0,8.0,2.0,1.0
619,5.174204499999996,0,8.2046,1.7938,2.0344,1.7236,0.1881,0.0031,0.0081,0.0002,0.0285,0.0418,0.0021,0.0008,0.0103,0.0001,0.0016,0.0014,0.0001,0.0002,0.0081,0.0012,0.0005,0.0,0.0039,0.0855,0.019,0.0,0.0151,0.0,155.0,0.0,92.0,63.0,90.0,0.0,0.0,0.0,0.0,0.0,0.0,0.0,0.0,0.0,0.0,0.0,0.0,0.0,0.0,0.0,0.0,0.0,0.0,8.0,2.0,1.0
620,5.182409099999996,0,8.3748,1.8385,2.075,1.7886,0.2016,0.0029,0.0083,0.0002,0.0383,0.0516,0.0024,0.0008,0.0097,0.0002,0.0014,0.0021,0.0001,0.0001,0.0081,0.0017,0.0005,0.0,0.0038,0.0961,0.0218,0.0,0.0152,0.0,155.0,0.0,92.0,63.0,90.0,0.0,0.0,0.0,0.0,0.0,0.0,0.0,0.0,0.0,0.0,0.0,0.0,0.0,0.0,0.0,0.0,0.0,0.0,8.0,2.0,1.0
621,5.190783899999996,0,8.3082,1.7194,1.9822,1.7944,0.1827,0.0031,0.0078,0.0001,0.0319,0.0454,0.0022,0.0005,0.0096,0.0001,0.0011,0.0018,0.0001,0.0001,0.0076,0.001,0.0004,0.0001,0.0034,0.0847,0.0201,0.0,0.0141,0.0,155.0,0.0,92.0,63.0,90.0,0.0,0.0,0.0,0.0,0.0,0.0,0.0,0.0,0.0,0.0,0.0,0.0,0.0,0.0,0.0,0.0,0.0,0.0,8.0,2.0,1.0
622,5.199092099999996,0,8.5308,1.7797,2.059,1.6445,0.2012,0.0031,0.0097,0.0001,0.0373,0.0522,0.0023,0.0008,0.0119,0.0001,0.0013,0.0015,0.0,0.0002,0.008,0.0013,0.0004,0.0,0.0041,0.0954,0.0203,0.0001,0.0153,0.0,155.0,0.0,92.0,63.0,90.0,0.0,0.0,0.0,0.0,0.0,0.0,0.0,0.0,0.0,0.0,0.0,0.0,0.0,0.0,0.0,0.0,0.0,0.0,8.0,2.0,1.0
623,5.207622899999996,0,8.308,1.7374,2.2116,1.7336,0.1972,0.0033,0.0081,0.0002,0.0291,0.0427,0.0022,0.0009,0.0102,0.0002,0.0013,0.0016,0.0001,0.0002,0.0081,0.0012,0.001,0.0001,0.004,0.0869,0.0202,0.0,0.0143,0.0,155.0,0.0,92.0,63.0,90.0,0.0,0.0,0.0,0.0,0.0,0.0,0.0,0.0,0.0,0.0,0.0,0.0,0.0,0.0,0.0,0.0,0.0,0.0,8.0,2.0,1.0
624,5.2159308999999965,0,8.2757,1.7106,2.0924,1.8009,0.1914,0.0029,0.0081,0.0003,0.0359,0.0497,0.0023,0.0007,0.0099,0.0002,0.0015,0.0014,0.0,0.0001,0.0078,0.0011,0.0004,0.0,0.0032,0.0879,0.0184,0.0,0.0147,0.0,155.0,0.0,92.0,63.0,90.0,0.0,0.0,0.0,0.0,0.0,0.0,0.0,0.0,0.0,0.0,0.0,0.0,0.0,0.0,0.0,0.0,0.0,0.0,8.0,2.0,1.0
625,5.224206599999997,0,8.522,1.6676,2.3493,1.7622,0.2257,0.003,0.008,0.0001,0.0372,0.0512,0.0028,0.0012,0.0138,0.0002,0.0018,0.0025,0.0,0.0002,0.0121,0.0017,0.0007,0.0002,0.0053,0.108,0.0267,0.0,0.0151,0.0,155.0,0.0,92.0,63.0,90.0,0.0,0.0,0.0,0.0,0.0,0.0,0.0,0.0,0.0,0.0,0.0,0.0,0.0,0.0,0.0,0.0,0.0,0.0,8.0,2.0,1.0
626,5.232728599999997,0,8.21,1.7405,2.0325,1.823,0.2062,0.0026,0.0079,0.0001,0.0495,0.0627,0.0027,0.0007,0.0103,0.0001,0.0013,0.0016,0.0,0.0001,0.0081,0.0014,0.0005,0.0001,0.0037,0.1048,0.0221,0.0,0.0133,0.0,155.0,0.0,92.0,63.0,90.0,0.0,0.0,0.0,0.0,0.0,0.0,0.0,0.0,0.0,0.0,0.0,0.0,0.0,0.0,0.0,0.0,0.0,0.0,8.0,2.0,1.0
627,5.240938599999997,0,8.2871,1.7793,2.0881,1.7188,0.1871,0.0028,0.0076,0.0001,0.0298,0.0422,0.0017,0.0006,0.0094,0.0001,0.0016,0.0015,0.0001,0.0001,0.0079,0.0011,0.0005,0.0001,0.0034,0.081,0.0213,0.0,0.0143,0.0,155.0,0.0,92.0,63.0,90.0,0.0,0.0,0.0,0.0,0.0,0.0,0.0,0.0,0.0,0.0,0.0,0.0,0.0,0.0,0.0,0.0,0.0,0.0,8.0,2.0,1.0
628,5.2492256999999976,0,8.3317,1.7196,2.1744,1.6765,0.1894,0.0026,0.0076,0.0002,0.0371,0.0503,0.002,0.0007,0.01,0.0001,0.0013,0.0018,0.0,0.0002,0.008,0.0016,0.0004,0.0001,0.0031,0.0892,0.0219,0.0,0.0138,0.0,155.0,0.0,92.0,63.0,90.0,0.0,0.0,0.0,0.0,0.0,0.0,0.0,0.0,0.0,0.0,0.0,0.0,0.0,0.0,0.0,0.0,0.0,0.0,8.0,2.0,1.0
629,5.257557399999998,0,8.2744,1.8175,2.0525,1.7057,0.1905,0.0032,0.009,0.0002,0.0201,0.0355,0.0018,0.0007,0.0073,0.0001,0.002,0.0017,0.0001,0.0001,0.008,0.0013,0.0005,0.0001,0.0037,0.0752,0.023,0.0,0.013,0.0,155.0,0.0,92.0,63.0,90.0,0.0,0.0,0.0,0.0,0.0,0.0,0.0,0.0,0.0,0.0,0.0,0.0,0.0,0.0,0.0,0.0,0.0,0.0,8.0,2.0,1.0
630,5.265831799999998,0,8.5905,1.7476,2.1507,1.7306,0.1903,0.0031,0.0081,0.0001,0.0374,0.0509,0.0023,0.0009,0.0103,0.0001,0.0015,0.0021,0.0,0.0001,0.0081,0.0012,0.0007,0.0,0.0037,0.0932,0.0218,0.0,0.0146,0.0,155.0,0.0,92.0,63.0,90.0,0.0,0.0,0.0,0.0,0.0,0.0,0.0,0.0,0.0,0.0,0.0,0.0,0.0,0.0,0.0,0.0,0.0,0.0,8.0,2.0,1.0
631,5.274422299999999,0,8.2594,1.6769,2.2571,1.8621,0.1989,0.0034,0.0091,0.0002,0.0312,0.0462,0.0025,0.0007,0.0108,0.0001,0.0021,0.0016,0.0,0.0001,0.0078,0.0013,0.0006,0.0,0.0038,0.089,0.0217,0.0001,0.0153,0.0,155.0,0.0,92.0,63.0,90.0,0.0,0.0,0.0,0.0,0.0,0.0,0.0,0.0,0.0,0.0,0.0,0.0,0.0,0.0,0.0,0.0,0.0,0.0,8.0,2.0,1.0
632,5.282681699999999,0,8.2277,1.7355,2.127,1.6831,0.2043,0.0039,0.0092,0.0002,0.038,0.0542,0.0026,0.0013,0.012,0.0007,0.0014,0.0013,0.0,0.0001,0.0076,0.0016,0.0004,0.0,0.0037,0.097,0.0197,0.0,0.014,0.0,155.0,0.0,92.0,63.0,90.0,0.0,0.0,0.0,0.0,0.0,0.0,0.0,0.0,0.0,0.0,0.0,0.0,0.0,0.0,0.0,0.0,0.0,0.0,8.0,2.0,1.0
633,5.2909093999999985,0,8.723,1.8208,2.2975,1.7691,0.2527,0.0028,0.0068,0.0002,0.0496,0.0623,0.0035,0.0009,0.0141,0.0002,0.0021,0.002,0.0,0.0001,0.0091,0.0015,0.0005,0.0,0.0068,0.1207,0.0403,0.0,0.0131,0.0,155.0,0.0,92.0,63.0,90.0,0.0,0.0,0.0,0.0,0.0,0.0,0.0,0.0,0.0,0.0,0.0,0.0,0.0,0.0,0.0,0.0,0.0,0.0,8.0,2.0,1.0
634,5.299632399999998,0,8.0393,2.0357,2.4173,1.737,0.2111,0.0026,0.0077,0.0002,0.0425,0.0551,0.0025,0.0009,0.0127,0.0001,0.0017,0.0024,0.0001,0.0002,0.0094,0.0013,0.0005,0.0002,0.0041,0.104,0.023,0.0001,0.0132,0.0,155.0,0.0,92.0,63.0,90.0,0.0,0.0,0.0,0.0,0.0,0.0,0.0,0.0,0.0,0.0,0.0,0.0,0.0,0.0,0.0,0.0,0.0,0.0,8.0,2.0,1.0
635,5.307671699999998,0,8.2389,1.8533,2.1149,1.8554,0.205,0.0027,0.006,0.0002,0.0397,0.0512,0.0024,0.0009,0.0115,0.0001,0.002,0.0019,0.0001,0.0002,0.0087,0.0013,0.001,0.0002,0.0044,0.0969,0.0226,0.0,0.0137,0.0,155.0,0.0,92.0,63.0,90.0,0.0,0.0,0.0,0.0,0.0,0.0,0.0,0.0,0.0,0.0,0.0,0.0,0.0,0.0,0.0,0.0,0.0,0.0,8.0,2.0,1.0
636,5.315910599999999,0,8.4346,1.8259,2.2098,1.6896,0.2212,0.003,0.0084,0.0002,0.0452,0.0588,0.0023,0.0005,0.0105,0.0002,0.0011,0.0019,0.0001,0.0001,0.0074,0.0012,0.0004,0.0001,0.0039,0.1004,0.0342,0.0001,0.0135,0.0,155.0,0.0,92.0,63.0,90.0,0.0,0.0,0.0,0.0,0.0,0.0,0.0,0.0,0.0,0.0,0.0,0.0,0.0,0.0,0.0,0.0,0.0,0.0,8.0,2.0,1.0
637,5.324345199999999,0,8.1326,1.8176,2.0167,1.781,0.1905,0.0033,0.0097,0.0002,0.0242,0.0395,0.002,0.0013,0.0103,0.0001,0.002,0.0016,0.0001,0.0005,0.0081,0.0013,0.0004,0.0001,0.0039,0.0816,0.0224,0.0001,0.0142,0.0,155.0,0.0,92.0,63.0,90.0,0.0,0.0,0.0,0.0,0.0,0.0,0.0,0.0,0.0,0.0,0.0,0.0,0.0,0.0,0.0,0.0,0.0,0.0,8.0,2.0,1.0
638,5.332477799999999,0,8.3885,1.9218,2.0343,1.6839,0.1816,0.0027,0.0078,0.0002,0.0347,0.0474,0.0018,0.001,0.0089,0.0001,0.0013,0.0015,0.0,0.0001,0.0069,0.0012,0.0004,0.0,0.0032,0.0844,0.0218,0.0,0.0147,0.0,155.0,0.0,92.0,63.0,90.0,0.0,0.0,0.0,0.0,0.0,0.0,0.0,0.0,0.0,0.0,0.0,0.0,0.0,0.0,0.0,0.0,0.0,0.0,8.0,2.0,1.0
639,5.340866299999998,0,8.4035,1.8491,2.1807,1.715,0.1929,0.0029,0.0084,0.0001,0.0308,0.0444,0.003,0.0007,0.0112,0.0002,0.0018,0.0016,0.0001,0.0001,0.0081,0.0014,0.0005,0.0001,0.004,0.088,0.0217,0.0,0.0148,0.0,155.0,0.0,92.0,63.0,90.0,0.0,0.0,0.0,0.0,0.0,0.0,0.0,0.0,0.0,0.0,0.0,0.0,0.0,0.0,0.0,0.0,0.0,0.0,8.0,2.0,1.0
640,5.349269799999998,0,8.4457,1.7714,2.1841,1.7515,0.2152,0.0029,0.0086,0.0002,0.0452,0.0596,0.0027,0.0009,0.0103,0.0001,0.0013,0.0022,0.0,0.0001,0.0083,0.0018,0.0005,0.0001,0.0037,0.1041,0.0247,0.0,0.0139,0.0,155.0,0.0,92.0,63.0,90.0,0.0,0.0,0.0,0.0,0.0,0.0,0.0,0.0,0.0,0.0,0.0,0.0,0.0,0.0,0.0,0.0,0.0,0.0,8.0,2.0,1.0
641,5.3577154999999985,0,8.4973,1.9956,2.4424,1.7431,0.1908,0.0032,0.0078,0.0002,0.0303,0.0438,0.0018,0.0008,0.0089,0.0001,0.0018,0.0015,0.0001,0.0001,0.0084,0.0011,0.0004,0.0001,0.0032,0.0827,0.0243,0.0,0.0451,0.0,155.0,0.0,92.0,63.0,90.0,0.0,0.0,0.0,0.0,0.0,0.0,0.0,0.0,0.0,0.0,0.0,0.0,0.0,0.0,0.0,0.0,0.0,0.0,8.0,2.0,1.0
642,5.366212799999999,0,8.0488,1.7906,2.1633,1.7103,0.2848,0.0025,0.0512,0.0002,0.0534,0.1098,0.0029,0.0009,0.0126,0.0001,0.0013,0.0012,0.0,0.0001,0.0086,0.0017,0.0004,0.0001,0.0067,0.1636,0.0345,0.0,0.0145,0.0,155.0,0.0,92.0,63.0,90.0,0.0,0.0,0.0,0.0,0.0,0.0,0.0,0.0,0.0,0.0,0.0,0.0,0.0,0.0,0.0,0.0,0.0,0.0,8.0,2.0,1.0
643,5.374261599999999,0,8.2189,1.8939,1.9747,1.7068,0.2051,0.003,0.0082,0.0002,0.0371,0.0503,0.0024,0.0009,0.0111,0.0001,0.0021,0.0017,0.0001,0.0001,0.009,0.0013,0.0005,0.0001,0.0041,0.0955,0.0223,0.0001,0.0142,0.0,155.0,0.0,92.0,63.0,90.0,0.0,0.0,0.0,0.0,0.0,0.0,0.0,0.0,0.0,0.0,0.0,0.0,0.0,0.0,0.0,0.0,0.0,0.0,8.0,2.0,1.0
644,5.382480499999999,0,8.6097,1.8218,2.2727,1.6122,0.2068,0.0029,0.0087,0.0002,0.0367,0.0505,0.0022,0.0007,0.0097,0.0005,0.0013,0.0021,0.0001,0.0001,0.0092,0.0015,0.0006,0.0,0.0037,0.0951,0.0239,0.0001,0.0135,0.0,155.0,0.0,92.0,63.0,90.0,0.0,0.0,0.0,0.0,0.0,0.0,0.0,0.0,0.0,0.0,0.0,0.0,0.0,0.0,0.0,0.0,0.0,0.0,8.0,2.0,1.0
645,5.391090199999999,0,8.2971,1.8344,2.2397,2.4361,0.1992,0.0027,0.0063,0.0003,0.032,0.0436,0.0022,0.0012,0.0128,0.0001,0.0014,0.0022,0.0,0.0001,0.0075,0.0013,0.001,0.0001,0.0042,0.0891,0.0238,0.0,0.0139,0.0,155.0,0.0,92.0,63.0,90.0,0.0,0.0,0.0,0.0,0.0,0.0,0.0,0.0,0.0,0.0,0.0,0.0,0.0,0.0,0.0,0.0,0.0,0.0,8.0,2.0,1.0
646,5.399387299999999,0,8.3615,1.8395,2.2774,1.8402,0.2168,0.0029,0.0089,0.0002,0.0446,0.0594,0.0022,0.0008,0.011,0.0002,0.0017,0.0017,0.0,0.0001,0.0082,0.0013,0.0005,0.0001,0.0039,0.1042,0.024,0.0,0.0133,0.0,155.0,0.0,92.0,63.0,90.0,0.0,0.0,0.0,0.0,0.0,0.0,0.0,0.0,0.0,0.0,0.0,0.0,0.0,0.0,0.0,0.0,0.0,0.0,8.0,2.0,1.0
647,5.407748799999999,0,8.19,1.8073,2.0997,1.801,0.1946,0.003,0.0085,0.0003,0.0303,0.0441,0.0022,0.0008,0.011,0.0002,0.002,0.0016,0.0002,0.0001,0.0078,0.0015,0.0005,0.0001,0.0038,0.0877,0.0195,0.0001,0.0157,0.0,155.0,0.0,92.0,63.0,90.0,0.0,0.0,0.0,0.0,0.0,0.0,0.0,0.0,0.0,0.0,0.0,0.0,0.0,0.0,0.0,0.0,0.0,0.0,8.0,2.0,1.0
648,5.415938799999999,0,8.8257,1.8229,2.6225,1.6826,0.2036,0.0029,0.0062,0.0003,0.0447,0.0568,0.0021,0.0008,0.0107,0.0006,0.0014,0.0016,0.0001,0.0001,0.008,0.0012,0.0005,0.0001,0.0035,0.0986,0.0202,0.0001,0.0142,0.0,155.0,0.0,92.0,63.0,90.0,0.0,0.0,0.0,0.0,0.0,0.0,0.0,0.0,0.0,0.0,0.0,0.0,0.0,0.0,0.0,0.0,0.0,0.0,8.0,2.0,1.0
649,5.424764499999999,0,7.8136,1.6683,2.147,1.8088,0.1919,0.003,0.0087,0.0002,0.0339,0.0476,0.0018,0.0006,0.0095,0.0001,0.0018,0.0017,0.0,0.0001,0.0089,0.0011,0.0004,0.0,0.0037,0.0884,0.0211,0.0001,0.0126,0.0,155.0,0.0,92.0,63.0,90.0,0.0,0.0,0.0,0.0,0.0,0.0,0.0,0.0,0.0,0.0,0.0,0.0,0.0,0.0,0.0,0.0,0.0,0.0,8.0,2.0,1.0
650,5.4325781,0,8.3787,1.703,2.1572,1.8406,0.2069,0.0028,0.0074,0.0006,0.0438,0.0568,0.0025,0.0008,0.0113,0.0001,0.0016,0.0015,0.0,0.0001,0.0083,0.0013,0.001,0.0001,0.004,0.1016,0.0226,0.0001,0.0138,0.0,155.0,0.0,92.0,63.0,90.0,0.0,0.0,0.0,0.0,0.0,0.0,0.0,0.0,0.0,0.0,0.0,0.0,0.0,0.0,0.0,0.0,0.0,0.0,8.0,2.0,1.0
651,5.4409567999999995,0,8.2641,1.7277,2.0457,1.7075,0.1792,0.0028,0.007,0.0002,0.0267,0.0395,0.0023,0.0006,0.0095,0.0001,0.0017,0.0015,0.0001,0.0001,0.0079,0.0011,0.0005,0.0,0.0034,0.0793,0.0214,0.0,0.0132,0.0,155.0,0.0,92.0,63.0,90.0,0.0,0.0,0.0,0.0,0.0,0.0,0.0,0.0,0.0,0.0,0.0,0.0,0.0,0.0,0.0,0.0,0.0,0.0,8.0,2.0,1.0
652,5.449220899999999,0,8.4007,1.7251,2.2138,1.7121,0.2077,0.0032,0.0088,0.0002,0.0373,0.052,0.0031,0.0008,0.0114,0.0001,0.0018,0.0016,0.0001,0.0001,0.0088,0.0014,0.0005,0.0,0.0039,0.0966,0.0234,0.0001,0.0137,0.0,155.0,0.0,92.0,63.0,90.0,0.0,0.0,0.0,0.0,0.0,0.0,0.0,0.0,0.0,0.0,0.0,0.0,0.0,0.0,0.0,0.0,0.0,0.0,8.0,2.0,1.0
653,5.4576215999999995,0,8.3261,1.7195,2.0077,1.7979,0.186,0.0032,0.0078,0.0002,0.0323,0.0452,0.0024,0.0007,0.0093,0.0001,0.0018,0.0014,0.0001,0.0001,0.0079,0.0011,0.0004,0.0001,0.0034,0.0843,0.0215,0.0,0.0124,0.0,155.0,0.0,92.0,63.0,90.0,0.0,0.0,0.0,0.0,0.0,0.0,0.0,0.0,0.0,0.0,0.0,0.0,0.0,0.0,0.0,0.0,0.0,0.0,8.0,2.0,1.0
654,5.465947699999999,0,8.28,1.7341,2.2122,1.805,0.2487,0.0031,0.0074,0.0002,0.0583,0.0715,0.003,0.0007,0.0122,0.0001,0.0015,0.0015,0.0001,0.0001,0.0086,0.0014,0.0003,0.0001,0.007,0.1236,0.0384,0.0,0.0141,0.0,155.0,0.0,92.0,63.0,90.0,0.0,0.0,0.0,0.0,0.0,0.0,0.0,0.0,0.0,0.0,0.0,0.0,0.0,0.0,0.0,0.0,0.0,0.0,8.0,2.0,1.0
655,5.474227699999999,0,8.4999,1.7423,2.1544,1.7124,0.2011,0.0032,0.0085,0.0002,0.0319,0.0461,0.0022,0.0009,0.0107,0.0001,0.0014,0.002,0.0001,0.0001,0.0089,0.0015,0.0005,0.0001,0.004,0.0907,0.0225,0.0,0.0135,0.0,155.0,0.0,92.0,63.0,90.0,0.0,0.0,0.0,0.0,0.0,0.0,0.0,0.0,0.0,0.0,0.0,0.0,0.0,0.0,0.0,0.0,0.0,0.0,8.0,2.0,1.0
656,5.4827276,0,8.1562,1.6897,2.1391,1.6543,0.1886,0.0027,0.0079,0.0002,0.0344,0.0473,0.003,0.0008,0.0092,0.0002,0.0015,0.0018,0.0001,0.0002,0.0079,0.0011,0.0009,0.0002,0.0039,0.0907,0.0208,0.0001,0.0118,0.0,155.0,0.0,92.0,63.0,90.0,0.0,0.0,0.0,0.0,0.0,0.0,0.0,0.0,0.0,0.0,0.0,0.0,0.0,0.0,0.0,0.0,0.0,0.0,8.0,2.0,1.0
657,5.4908838,0,8.3183,1.8171,2.083,1.8283,0.232,0.0033,0.0092,0.0002,0.0444,0.0593,0.0027,0.0008,0.0129,0.0002,0.0015,0.0022,0.0001,0.0002,0.01,0.0022,0.0008,0.0002,0.0048,0.1119,0.0263,0.0001,0.0134,0.0,155.0,0.0,92.0,63.0,90.0,0.0,0.0,0.0,0.0,0.0,0.0,0.0,0.0,0.0,0.0,0.0,0.0,0.0,0.0,0.0,0.0,0.0,0.0,8.0,2.0,1.0
658,5.4992021,0,8.5445,1.8868,2.1639,1.7782,0.2161,0.0031,0.0083,0.0003,0.0453,0.0593,0.0025,0.0008,0.0111,0.0002,0.0013,0.0021,0.0,0.0001,0.0084,0.0016,0.0006,0.0001,0.0038,0.1041,0.0224,0.0,0.014,0.0,155.0,0.0,92.0,63.0,90.0,0.0,0.0,0.0,0.0,0.0,0.0,0.0,0.0,0.0,0.0,0.0,0.0,0.0,0.0,0.0,0.0,0.0,0.0,8.0,2.0,1.0
659,5.5077466,0,8.1397,1.7291,2.0508,1.956,0.1909,0.0025,0.0055,0.0002,0.0345,0.0457,0.0026,0.0007,0.0123,0.0001,0.0017,0.0016,0.0,0.0005,0.0083,0.0011,0.0004,0.0001,0.0038,0.0899,0.0205,0.0,0.0145,0.0,155.0,0.0,92.0,63.0,90.0,0.0,0.0,0.0,0.0,0.0,0.0,0.0,0.0,0.0,0.0,0.0,0.0,0.0,0.0,0.0,0.0,0.0,0.0,8.0,2.0,1.0
660,5.5158863,0,8.5257,1.7745,2.3102,1.6743,0.2104,0.0029,0.0089,0.0002,0.041,0.0552,0.0022,0.0008,0.0113,0.0001,0.0015,0.0016,0.0001,0.0001,0.0085,0.0012,0.0005,0.0006,0.0037,0.0994,0.0247,0.0001,0.0135,0.0,155.0,0.0,92.0,63.0,90.0,0.0,0.0,0.0,0.0,0.0,0.0,0.0,0.0,0.0,0.0,0.0,0.0,0.0,0.0,0.0,0.0,0.0,0.0,8.0,2.0,1.0
661,5.524412,0,8.156,1.6793,2.1014,1.8232,0.2065,0.0035,0.0088,0.0003,0.0342,0.049,0.0026,0.0006,0.0105,0.0001,0.0013,0.0022,0.0001,0.0001,0.0085,0.0016,0.0005,0.0001,0.0038,0.0918,0.0229,0.0001,0.0133,0.0,155.0,0.0,92.0,63.0,90.0,0.0,0.0,0.0,0.0,0.0,0.0,0.0,0.0,0.0,0.0,0.0,0.0,0.0,0.0,0.0,0.0,0.0,0.0,8.0,2.0,1.0
662,5.5325679999999995,0,8.5374,1.7967,2.2959,1.6992,0.221,0.003,0.0079,0.0002,0.0355,0.0484,0.0017,0.0006,0.0095,0.0002,0.0019,0.0017,0.0,0.0005,0.0087,0.0011,0.0006,0.0002,0.0033,0.0898,0.045,0.0,0.0159,0.0,155.0,0.0,92.0,63.0,90.0,0.0,0.0,0.0,0.0,0.0,0.0,0.0,0.0,0.0,0.0,0.0,0.0,0.0,0.0,0.0,0.0,0.0,0.0,8.0,2.0,1.0
663,5.541105399999999,0,7.9634,1.8613,2.0876,1.7091,0.1768,0.0026,0.0076,0.0002,0.0286,0.0409,0.0018,0.0007,0.0098,0.0002,0.0013,0.0019,0.0001,0.0001,0.0077,0.0015,0.0004,0.0001,0.0032,0.0798,0.0174,0.0,0.0143,0.0,155.0,0.0,92.0,63.0,90.0,0.0,0.0,0.0,0.0,0.0,0.0,0.0,0.0,0.0,0.0,0.0,0.0,0.0,0.0,0.0,0.0,0.0,0.0,8.0,2.0,1.0
664,5.5490688,0,8.5684,2.0061,2.1157,1.7193,0.2191,0.0033,0.0086,0.0002,0.0472,0.0617,0.0023,0.0011,0.011,0.0001,0.0014,0.0018,0.0001,0.0001,0.0079,0.0014,0.0005,0.0001,0.0044,0.1063,0.0242,0.0,0.054,0.0,155.0,0.0,92.0,63.0,90.0,0.0,0.0,0.0,0.0,0.0,0.0,0.0,0.0,0.0,0.0,0.0,0.0,0.0,0.0,0.0,0.0,0.0,0.0,8.0,2.0,1.0
665,5.557637199999999,0,8.2404,1.8414,2.0904,1.7485,0.1933,0.0043,0.0087,0.0003,0.0259,0.0417,0.0021,0.0014,0.0106,0.0002,0.0014,0.0021,0.0001,0.0001,0.0088,0.0017,0.0004,0.0001,0.0038,0.0864,0.0197,0.0,0.0131,0.0,155.0,0.0,92.0,63.0,90.0,0.0,0.0,0.0,0.0,0.0,0.0,0.0,0.0,0.0,0.0,0.0,0.0,0.0,0.0,0.0,0.0,0.0,0.0,8.0,2.0,1.0
666,5.565877599999999,0,8.4786,1.7531,2.1257,1.7747,0.1859,0.0026,0.0079,0.0003,0.0349,0.0474,0.0023,0.0007,0.0099,0.0001,0.0012,0.002,0.0,0.0001,0.008,0.0011,0.0006,0.0001,0.0033,0.0872,0.0203,0.0,0.0134,0.0,155.0,0.0,92.0,63.0,90.0,0.0,0.0,0.0,0.0,0.0,0.0,0.0,0.0,0.0,0.0,0.0,0.0,0.0,0.0,0.0,0.0,0.0,0.0,8.0,2.0,1.0
667,5.5743561999999995,0,8.1027,1.8844,2.0649,1.671,0.1922,0.0034,0.0084,0.0003,0.0302,0.0446,0.0023,0.0008,0.0101,0.0001,0.0013,0.0015,0.0001,0.0001,0.0079,0.0012,0.0004,0.0,0.0038,0.0856,0.0233,0.0,0.0117,0.0,155.0,0.0,92.0,63.0,90.0,0.0,0.0,0.0,0.0,0.0,0.0,0.0,0.0,0.0,0.0,0.0,0.0,0.0,0.0,0.0,0.0,0.0,0.0,8.0,2.0,1.0
668,5.5824589,0,8.3906,1.8887,2.0863,1.8055,0.1823,0.0032,0.0087,0.0002,0.0333,0.0477,0.0018,0.0006,0.0092,0.0002,0.0012,0.0015,0.0,0.0004,0.0078,0.0012,0.0005,0.0001,0.0031,0.0858,0.02,0.0,0.0128,0.0,155.0,0.0,92.0,63.0,90.0,0.0,0.0,0.0,0.0,0.0,0.0,0.0,0.0,0.0,0.0,0.0,0.0,0.0,0.0,0.0,0.0,0.0,0.0,8.0,2.0,1.0
669,5.5908495,0,8.4526,1.7453,2.0367,1.8344,0.1801,0.0033,0.0073,0.0002,0.0298,0.0423,0.0023,0.0006,0.0093,0.0001,0.001,0.0014,0.0,0.0001,0.0081,0.0012,0.0003,0.0001,0.0036,0.084,0.0187,0.0001,0.0151,0.0,155.0,0.0,92.0,63.0,90.0,0.0,0.0,0.0,0.0,0.0,0.0,0.0,0.0,0.0,0.0,0.0,0.0,0.0,0.0,0.0,0.0,0.0,0.0,8.0,2.0,1.0
670,5.5993021,0,8.3399,1.889,2.2248,1.6196,0.2027,0.0028,0.0081,0.0001,0.0432,0.057,0.0025,0.0007,0.0117,0.0002,0.0013,0.0015,0.0,0.0001,0.0079,0.0013,0.0005,0.0,0.0037,0.0999,0.0189,0.0,0.0142,0.0,155.0,0.0,92.0,63.0,90.0,0.0,0.0,0.0,0.0,0.0,0.0,0.0,0.0,0.0,0.0,0.0,0.0,0.0,0.0,0.0,0.0,0.0,0.0,8.0,2.0,1.0
671,5.607642,0,8.3904,1.8849,2.1924,1.8169,0.1809,0.0027,0.0072,0.0001,0.032,0.0452,0.0019,0.0007,0.0088,0.0002,0.0012,0.0015,0.0,0.0001,0.0078,0.0011,0.0004,0.0,0.0036,0.0841,0.0208,0.0,0.0157,0.0,155.0,0.0,92.0,63.0,90.0,0.0,0.0,0.0,0.0,0.0,0.0,0.0,0.0,0.0,0.0,0.0,0.0,0.0,0.0,0.0,0.0,0.0,0.0,8.0,2.0,1.0
672,5.6160324,0,8.2233,1.7094,2.1421,1.6751,0.1895,0.0028,0.0073,0.0001,0.0381,0.0503,0.0018,0.0007,0.0099,0.0001,0.0018,0.0013,0.0,0.0001,0.0078,0.0015,0.0004,0.0001,0.0034,0.0888,0.0219,0.0,0.0163,0.0,155.0,0.0,92.0,63.0,90.0,0.0,0.0,0.0,0.0,0.0,0.0,0.0,0.0,0.0,0.0,0.0,0.0,0.0,0.0,0.0,0.0,0.0,0.0,8.0,2.0,1.0
673,5.6242557,0,8.3394,1.6924,2.1045,1.8151,0.2094,0.0032,0.0097,0.0001,0.0321,0.048,0.0022,0.0008,0.0108,0.0002,0.0015,0.0015,0.0001,0.0002,0.0088,0.0013,0.0005,0.0001,0.0044,0.0923,0.0267,0.0,0.015,0.0,155.0,0.0,92.0,63.0,90.0,0.0,0.0,0.0,0.0,0.0,0.0,0.0,0.0,0.0,0.0,0.0,0.0,0.0,0.0,0.0,0.0,0.0,0.0,8.0,2.0,1.0
674,5.6325951,0,8.4124,1.7975,2.2255,1.8062,0.2072,0.0031,0.01,0.0001,0.0388,0.0549,0.0023,0.0008,0.0108,0.0001,0.0014,0.0021,0.0001,0.0001,0.008,0.0013,0.0011,0.0001,0.0039,0.0988,0.0219,0.0001,0.0143,0.0,155.0,0.0,92.0,63.0,90.0,0.0,0.0,0.0,0.0,0.0,0.0,0.0,0.0,0.0,0.0,0.0,0.0,0.0,0.0,0.0,0.0,0.0,0.0,8.0,2.0,1.0
675,5.6410075,0,8.1924,1.834,2.0189,1.8033,0.1789,0.0027,0.0075,0.0002,0.032,0.0443,0.0021,0.0006,0.0089,0.0002,0.0012,0.0014,0.0001,0.0001,0.0082,0.0012,0.0005,0.0,0.0033,0.0837,0.0201,0.0,0.0147,0.0,155.0,0.0,92.0,63.0,90.0,0.0,0.0,0.0,0.0,0.0,0.0,0.0,0.0,0.0,0.0,0.0,0.0,0.0,0.0,0.0,0.0,0.0,0.0,8.0,2.0,1.0
676,5.6491999,0,8.3563,1.7859,2.1654,1.6816,0.2035,0.0029,0.0081,0.0002,0.0372,0.0506,0.0029,0.0012,0.0121,0.0002,0.0013,0.002,0.0,0.0001,0.0079,0.0013,0.0005,0.0001,0.004,0.0946,0.0232,0.0,0.0139,0.0,155.0,0.0,92.0,63.0,90.0,0.0,0.0,0.0,0.0,0.0,0.0,0.0,0.0,0.0,0.0,0.0,0.0,0.0,0.0,0.0,0.0,0.0,0.0,8.0,2.0,1.0
677,5.6575562,0,8.3921,1.7099,2.0595,1.7556,0.1805,0.003,0.0079,0.0002,0.0307,0.0437,0.0019,0.0006,0.0101,0.0002,0.0013,0.0015,0.0,0.0002,0.0075,0.0013,0.0005,0.0001,0.0033,0.0819,0.0197,0.0,0.0136,0.0,155.0,0.0,92.0,63.0,90.0,0.0,0.0,0.0,0.0,0.0,0.0,0.0,0.0,0.0,0.0,0.0,0.0,0.0,0.0,0.0,0.0,0.0,0.0,8.0,2.0,1.0
678,5.6659483,0,8.2585,1.8505,2.0683,1.7597,0.1983,0.0029,0.007,0.0002,0.0455,0.0577,0.0023,0.0007,0.01,0.0002,0.0014,0.0015,0.0,0.0001,0.0086,0.0012,0.0006,0.0,0.0045,0.0999,0.0238,0.0,0.0137,0.0,155.0,0.0,92.0,63.0,90.0,0.0,0.0,0.0,0.0,0.0,0.0,0.0,0.0,0.0,0.0,0.0,0.0,0.0,0.0,0.0,0.0,0.0,0.0,8.0,2.0,1.0
679,5.6742068,0,8.2787,2.0384,2.0559,1.7128,0.1752,0.0025,0.0074,0.0002,0.0301,0.0431,0.0019,0.0009,0.0094,0.0002,0.0012,0.0015,0.0001,0.0002,0.0073,0.001,0.0009,0.0001,0.0031,0.079,0.0205,0.0,0.0126,0.0,155.0,0.0,92.0,63.0,90.0,0.0,0.0,0.0,0.0,0.0,0.0,0.0,0.0,0.0,0.0,0.0,0.0,0.0,0.0,0.0,0.0,0.0,0.0,8.0,2.0,1.0
680,5.6824855,0,8.542,1.9738,2.1153,1.6291,0.2032,0.0029,0.009,0.0002,0.0385,0.0526,0.0022,0.001,0.0103,0.0001,0.0014,0.0015,0.0001,0.0001,0.0078,0.0013,0.0005,0.0001,0.0031,0.0917,0.0219,0.0,0.0151,0.0,155.0,0.0,92.0,63.0,90.0,0.0,0.0,0.0,0.0,0.0,0.0,0.0,0.0,0.0,0.0,0.0,0.0,0.0,0.0,0.0,0.0,0.0,0.0,8.0,2.0,1.0
681,5.691027500000001,0,8.3541,1.8482,2.2475,1.7479,0.1953,0.0027,0.0073,0.0002,0.0355,0.0478,0.0024,0.0008,0.0096,0.0002,0.0013,0.0021,0.0001,0.0001,0.0078,0.0011,0.0006,0.0001,0.0032,0.09,0.023,0.0001,0.0134,0.0,155.0,0.0,92.0,63.0,90.0,0.0,0.0,0.0,0.0,0.0,0.0,0.0,0.0,0.0,0.0,0.0,0.0,0.0,0.0,0.0,0.0,0.0,0.0,8.0,2.0,1.0
682,5.699381600000001,0,8.177,1.7449,2.2001,1.7434,0.2092,0.0027,0.0089,0.0002,0.0416,0.0557,0.0022,0.0013,0.0107,0.0002,0.0017,0.0016,0.0,0.0001,0.0084,0.0013,0.0005,0.0002,0.0037,0.0991,0.0234,0.0001,0.0136,0.0,155.0,0.0,92.0,63.0,90.0,0.0,0.0,0.0,0.0,0.0,0.0,0.0,0.0,0.0,0.0,0.0,0.0,0.0,0.0,0.0,0.0,0.0,0.0,8.0,2.0,1.0
683,5.7075586000000005,0,8.2685,1.8508,1.9605,1.748,0.1949,0.0031,0.0064,0.0002,0.0385,0.0505,0.0024,0.0012,0.0122,0.0002,0.0014,0.0019,0.0001,0.0001,0.0078,0.0013,0.0005,0.0001,0.0038,0.0943,0.0216,0.0,0.0139,0.0,155.0,0.0,92.0,63.0,90.0,0.0,0.0,0.0,0.0,0.0,0.0,0.0,0.0,0.0,0.0,0.0,0.0,0.0,0.0,0.0,0.0,0.0,0.0,8.0,2.0,1.0
684,5.7158271,0,8.344,2.0882,2.04,1.7201,0.1774,0.0031,0.0076,0.0002,0.0351,0.0477,0.0022,0.0006,0.0088,0.0001,0.0015,0.0014,0.0001,0.0002,0.0077,0.0013,0.0005,0.0001,0.0032,0.0851,0.0203,0.0,0.0132,0.0,155.0,0.0,92.0,63.0,90.0,0.0,0.0,0.0,0.0,0.0,0.0,0.0,0.0,0.0,0.0,0.0,0.0,0.0,0.0,0.0,0.0,0.0,0.0,8.0,2.0,1.0
685,5.7241711,0,8.4103,1.8039,2.0633,1.7529,0.202,0.0028,0.0083,0.0003,0.0303,0.0444,0.0025,0.0007,0.0107,0.0001,0.0013,0.0019,0.0001,0.0001,0.0076,0.0018,0.0006,0.0001,0.0039,0.0882,0.0221,0.0,0.0138,0.0,155.0,0.0,92.0,63.0,90.0,0.0,0.0,0.0,0.0,0.0,0.0,0.0,0.0,0.0,0.0,0.0,0.0,0.0,0.0,0.0,0.0,0.0,0.0,8.0,2.0,1.0
686,5.732581400000001,0,8.3595,1.8284,2.117,1.7852,0.2021,0.0029,0.0082,0.0001,0.0374,0.0507,0.003,0.0007,0.0124,0.0001,0.0013,0.0015,0.0001,0.0001,0.0086,0.0012,0.0005,0.0001,0.004,0.0957,0.0214,0.0001,0.0128,0.0,155.0,0.0,92.0,63.0,90.0,0.0,0.0,0.0,0.0,0.0,0.0,0.0,0.0,0.0,0.0,0.0,0.0,0.0,0.0,0.0,0.0,0.0,0.0,8.0,2.0,1.0
687,5.740940900000001,0,8.4473,1.7823,2.2479,1.7901,0.2052,0.0036,0.0087,0.0002,0.0345,0.049,0.0023,0.0008,0.0102,0.0001,0.0012,0.0021,0.0001,0.0001,0.0079,0.0014,0.0006,0.0001,0.0042,0.0923,0.0235,0.0001,0.0133,0.0,155.0,0.0,92.0,63.0,90.0,0.0,0.0,0.0,0.0,0.0,0.0,0.0,0.0,0.0,0.0,0.0,0.0,0.0,0.0,0.0,0.0,0.0,0.0,8.0,2.0,1.0
688,5.749388200000001,0,8.1866,1.8794,2.0994,1.7271,0.2029,0.0033,0.0089,0.0002,0.039,0.0535,0.0024,0.0007,0.0109,0.0001,0.0011,0.0021,0.0,0.0001,0.0085,0.0018,0.0004,0.0001,0.0037,0.0971,0.0196,0.0,0.0151,0.0,155.0,0.0,92.0,63.0,90.0,0.0,0.0,0.0,0.0,0.0,0.0,0.0,0.0,0.0,0.0,0.0,0.0,0.0,0.0,0.0,0.0,0.0,0.0,8.0,2.0,1.0
689,5.757574800000001,0,8.4048,1.7018,2.1532,1.6668,0.2528,0.0032,0.009,0.0002,0.051,0.0663,0.0033,0.0013,0.0148,0.0001,0.0016,0.0025,0.0001,0.0002,0.0111,0.0021,0.0009,0.0003,0.0061,0.1251,0.0307,0.0,0.0144,0.0,155.0,0.0,92.0,63.0,90.0,0.0,0.0,0.0,0.0,0.0,0.0,0.0,0.0,0.0,0.0,0.0,0.0,0.0,0.0,0.0,0.0,0.0,0.0,8.0,2.0,1.0
690,5.765979600000001,0,8.3651,1.7615,2.1733,1.683,0.2555,0.003,0.0085,0.0002,0.0419,0.0555,0.002,0.0006,0.0096,0.0001,0.0012,0.0021,0.0001,0.0002,0.0072,0.0011,0.0004,0.0,0.0033,0.0947,0.0231,0.0,0.0132,0.0,155.0,0.0,92.0,63.0,90.0,0.0,0.0,0.0,0.0,0.0,0.0,0.0,0.0,0.0,0.0,0.0,0.0,0.0,0.0,0.0,0.0,0.0,0.0,8.0,2.0,1.0
691,5.774344700000001,0,8.2038,1.7264,2.1126,1.8062,0.1989,0.0037,0.0094,0.0003,0.0284,0.0443,0.002,0.0006,0.0102,0.0002,0.0017,0.0015,0.0,0.0001,0.008,0.0012,0.0005,0.0004,0.004,0.0874,0.0203,0.0,0.0132,0.0,155.0,0.0,92.0,63.0,90.0,0.0,0.0,0.0,0.0,0.0,0.0,0.0,0.0,0.0,0.0,0.0,0.0,0.0,0.0,0.0,0.0,0.0,0.0,8.0,2.0,1.0
692,5.782548500000002,0,8.2974,1.982,2.0287,1.6491,0.2022,0.0029,0.008,0.0001,0.042,0.0547,0.0021,0.0007,0.01,0.0002,0.0013,0.0018,0.0,0.0001,0.0077,0.0013,0.0009,0.0,0.0039,0.0975,0.0211,0.0,0.0149,0.0,155.0,0.0,92.0,63.0,90.0,0.0,0.0,0.0,0.0,0.0,0.0,0.0,0.0,0.0,0.0,0.0,0.0,0.0,0.0,0.0,0.0,0.0,0.0,8.0,2.0,1.0
693,5.790845900000002,0,8.5107,1.9138,2.2171,1.8169,0.2113,0.0033,0.0099,0.0002,0.0303,0.047,0.0025,0.0009,0.0114,0.0002,0.0015,0.0022,0.0001,0.0001,0.0076,0.0014,0.0009,0.0001,0.0043,0.0922,0.0211,0.0001,0.014,0.0,155.0,0.0,92.0,63.0,90.0,0.0,0.0,0.0,0.0,0.0,0.0,0.0,0.0,0.0,0.0,0.0,0.0,0.0,0.0,0.0,0.0,0.0,0.0,8.0,2.0,1.0
694,5.799356600000002,0,8.2928,1.7718,2.0631,1.7672,0.2034,0.0031,0.0086,0.0002,0.0382,0.0522,0.0021,0.0012,0.012,0.0002,0.0013,0.0014,0.0001,0.0001,0.0081,0.0014,0.0004,0.0001,0.0038,0.0964,0.022,0.0,0.0138,0.0,155.0,0.0,92.0,63.0,90.0,0.0,0.0,0.0,0.0,0.0,0.0,0.0,0.0,0.0,0.0,0.0,0.0,0.0,0.0,0.0,0.0,0.0,0.0,8.0,2.0,1.0
695,5.8076494000000025,0,8.2071,1.7767,2.1253,1.7814,0.2033,0.0031,0.0083,0.0005,0.0326,0.0474,0.0022,0.0007,0.0102,0.0001,0.0015,0.0022,0.0001,0.0001,0.0082,0.0012,0.0007,0.0001,0.0038,0.0909,0.023,0.0,0.012,0.0,155.0,0.0,92.0,63.0,90.0,0.0,0.0,0.0,0.0,0.0,0.0,0.0,0.0,0.0,0.0,0.0,0.0,0.0,0.0,0.0,0.0,0.0,0.0,8.0,2.0,1.0
696,5.815856500000002,0,8.7605,1.7862,2.4356,1.7009,0.2048,0.0028,0.0087,0.0001,0.0485,0.0623,0.0021,0.0007,0.0097,0.0001,0.0015,0.0016,0.0,0.0001,0.008,0.0012,0.0004,0.0,0.0032,0.1015,0.0226,0.0,0.0142,0.0,155.0,0.0,92.0,63.0,90.0,0.0,0.0,0.0,0.0,0.0,0.0,0.0,0.0,0.0,0.0,0.0,0.0,0.0,0.0,0.0,0.0,0.0,0.0,8.0,2.0,1.0
697,5.824617000000003,0,8.0083,1.7079,2.1306,1.6924,0.208,0.0033,0.0087,0.0001,0.0351,0.0495,0.0021,0.0008,0.0112,0.0001,0.0018,0.0016,0.0001,0.0001,0.0082,0.0013,0.001,0.0001,0.0041,0.0958,0.0218,0.0001,0.0144,0.0,155.0,0.0,92.0,63.0,90.0,0.0,0.0,0.0,0.0,0.0,0.0,0.0,0.0,0.0,0.0,0.0,0.0,0.0,0.0,0.0,0.0,0.0,0.0,8.0,2.0,1.0
698,5.832625300000003,0,8.2919,1.7085,2.1182,1.841,0.1888,0.0026,0.0073,0.0001,0.0373,0.0503,0.002,0.0006,0.0091,0.0001,0.0015,0.0015,0.0,0.0001,0.0072,0.0012,0.0005,0.0001,0.0032,0.0885,0.021,0.0001,0.0133,0.0,155.0,0.0,92.0,63.0,90.0,0.0,0.0,0.0,0.0,0.0,0.0,0.0,0.0,0.0,0.0,0.0,0.0,0.0,0.0,0.0,0.0,0.0,0.0,8.0,2.0,1.0
699,5.8409172000000025,0,8.2599,1.7238,2.0539,1.6842,0.1851,0.0028,0.0078,0.0002,0.0304,0.0436,0.0024,0.0005,0.0089,0.0001,0.0014,0.0015,0.0,0.0001,0.0083,0.0012,0.0005,0.0001,0.0035,0.0854,0.022,0.0001,0.0256,0.0,155.0,0.0,92.0,63.0,90.0,0.0,0.0,0.0,0.0,0.0,0.0,0.0,0.0,0.0,0.0,0.0,0.0,0.0,0.0,0.0,0.0,0.0,0.0,8.0,2.0,1.0
700,5.849177100000002,0,8.41,1.8145,2.0957,1.7691,0.1978,0.0029,0.0081,0.0002,0.0389,0.0524,0.0026,0.0008,0.0117,0.0001,0.0013,0.0021,0.0001,0.0001,0.0082,0.0017,0.0006,0.0,0.0039,0.0981,0.0228,0.0001,0.0137,0.0,155.0,0.0,92.0,63.0,90.0,0.0,0.0,0.0,0.0,0.0,0.0,0.0,0.0,0.0,0.0,0.0,0.0,0.0,0.0,0.0,0.0,0.0,0.0,8.0,2.0,1.0
701,5.857587100000002,0,8.2825,1.7784,2.0723,1.7443,0.2062,0.0034,0.0089,0.0002,0.0346,0.0491,0.0021,0.0008,0.0102,0.0002,0.0016,0.0014,0.0002,0.0001,0.0082,0.0013,0.0011,0.0001,0.0038,0.0959,0.0213,0.0001,0.0136,0.0,155.0,0.0,92.0,63.0,90.0,0.0,0.0,0.0,0.0,0.0,0.0,0.0,0.0,0.0,0.0,0.0,0.0,0.0,0.0,0.0,0.0,0.0,0.0,8.0,2.0,1.0
702,5.865869600000002,0,8.593,1.7272,2.2685,1.6745,0.2082,0.0033,0.0086,0.0004,0.0399,0.0542,0.0026,0.0008,0.0109,0.0002,0.0018,0.0016,0.0002,0.0001,0.0078,0.0016,0.0004,0.0,0.0037,0.0976,0.0224,0.0001,0.0147,0.0,155.0,0.0,92.0,63.0,90.0,0.0,0.0,0.0,0.0,0.0,0.0,0.0,0.0,0.0,0.0,0.0,0.0,0.0,0.0,0.0,0.0,0.0,0.0,8.0,2.0,1.0
703,5.874462600000002,0,8.0285,1.9946,2.0816,1.7999,0.2096,0.0041,0.0095,0.0003,0.0334,0.0492,0.0022,0.0007,0.0104,0.0007,0.0017,0.002,0.0001,0.0001,0.0078,0.0013,0.0009,0.0001,0.0043,0.0982,0.0221,0.0001,0.0131,0.0,155.0,0.0,92.0,63.0,90.0,0.0,0.0,0.0,0.0,0.0,0.0,0.0,0.0,0.0,0.0,0.0,0.0,0.0,0.0,0.0,0.0,0.0,0.0,8.0,2.0,1.0
704,5.882491100000002,0,8.4108,1.9265,2.0504,1.7209,0.186,0.0027,0.0079,0.0002,0.0387,0.0515,0.0019,0.0006,0.0092,0.0001,0.0012,0.0021,0.0001,0.0001,0.0073,0.0012,0.0004,0.0001,0.0034,0.0909,0.021,0.0,0.0134,0.0,155.0,0.0,92.0,63.0,90.0,0.0,0.0,0.0,0.0,0.0,0.0,0.0,0.0,0.0,0.0,0.0,0.0,0.0,0.0,0.0,0.0,0.0,0.0,8.0,2.0,1.0
705,5.890901900000002,0,8.4975,1.8052,2.23,1.718,0.2366,0.0035,0.0085,0.0003,0.0385,0.0716,0.0033,0.0009,0.0123,0.0001,0.0015,0.0027,0.0001,0.0001,0.0084,0.0013,0.0004,0.0,0.0031,0.1177,0.0251,0.0,0.0142,0.0,155.0,0.0,92.0,63.0,90.0,0.0,0.0,0.0,0.0,0.0,0.0,0.0,0.0,0.0,0.0,0.0,0.0,0.0,0.0,0.0,0.0,0.0,0.0,8.0,2.0,1.0
706,5.899399400000002,0,8.2312,1.9056,2.1636,1.8097,0.2095,0.003,0.0087,0.0002,0.0407,0.0554,0.0023,0.0008,0.0112,0.0002,0.0018,0.0016,0.0001,0.0005,0.0081,0.0013,0.0004,0.0,0.0038,0.0998,0.0205,0.0001,0.0147,0.0,155.0,0.0,92.0,63.0,90.0,0.0,0.0,0.0,0.0,0.0,0.0,0.0,0.0,0.0,0.0,0.0,0.0,0.0,0.0,0.0,0.0,0.0,0.0,8.0,2.0,1.0
707,5.907630600000002,0,8.464,1.6932,2.2455,1.7846,0.2311,0.0033,0.0079,0.0001,0.0603,0.0742,0.0025,0.0008,0.0128,0.0001,0.0018,0.0023,0.0,0.0002,0.0106,0.0019,0.0006,0.0,0.0039,0.1243,0.0266,0.0,0.0154,0.0,155.0,0.0,92.0,63.0,90.0,0.0,0.0,0.0,0.0,0.0,0.0,0.0,0.0,0.0,0.0,0.0,0.0,0.0,0.0,0.0,0.0,0.0,0.0,8.0,2.0,1.0
708,5.916094600000002,0,8.209,1.7209,2.1912,1.8672,0.205,0.003,0.0075,0.0002,0.0427,0.0565,0.0022,0.0007,0.0088,0.0001,0.0015,0.0014,0.0,0.0002,0.008,0.001,0.0005,0.0,0.0032,0.0949,0.0202,0.0001,0.0135,0.0,155.0,0.0,92.0,63.0,90.0,0.0,0.0,0.0,0.0,0.0,0.0,0.0,0.0,0.0,0.0,0.0,0.0,0.0,0.0,0.0,0.0,0.0,0.0,8.0,2.0,1.0
709,5.924303600000002,0,8.6349,1.8021,2.529,1.7162,0.2064,0.0031,0.0096,0.0001,0.0329,0.0478,0.0028,0.0008,0.0116,0.0002,0.0015,0.0015,0.0001,0.0001,0.0085,0.0014,0.0004,0.0001,0.004,0.0921,0.024,0.0,0.0157,0.0,155.0,0.0,92.0,63.0,90.0,0.0,0.0,0.0,0.0,0.0,0.0,0.0,0.0,0.0,0.0,0.0,0.0,0.0,0.0,0.0,0.0,0.0,0.0,8.0,2.0,1.0
710,5.9329385000000014,0,8.1789,1.8017,2.195,1.711,0.2455,0.0029,0.0076,0.0001,0.0531,0.067,0.0029,0.0011,0.0143,0.0003,0.0022,0.002,0.0002,0.0001,0.0095,0.0021,0.0005,0.0001,0.0051,0.124,0.0359,0.0001,0.0143,0.0,155.0,0.0,92.0,63.0,90.0,0.0,0.0,0.0,0.0,0.0,0.0,0.0,0.0,0.0,0.0,0.0,0.0,0.0,0.0,0.0,0.0,0.0,0.0,8.0,2.0,1.0
711,5.941117400000001,0,8.5626,1.9162,2.6162,1.7322,0.2318,0.0032,0.0088,0.0002,0.0399,0.0547,0.0034,0.0006,0.0128,0.0002,0.0012,0.0012,0.0001,0.0,0.006,0.0013,0.0008,0.0,0.005,0.101,0.0356,0.0001,0.0174,0.0,155.0,0.0,92.0,63.0,90.0,0.0,0.0,0.0,0.0,0.0,0.0,0.0,0.0,0.0,0.0,0.0,0.0,0.0,0.0,0.0,0.0,0.0,0.0,8.0,2.0,1.0
712,5.949680000000002,0,8.2897,1.8912,2.3303,1.84,0.2217,0.003,0.0066,0.0002,0.0483,0.0614,0.0025,0.0009,0.0104,0.0001,0.0021,0.0016,0.0001,0.0001,0.008,0.0011,0.0006,0.0001,0.0033,0.1043,0.0224,0.0001,0.0152,0.0,155.0,0.0,92.0,63.0,90.0,0.0,0.0,0.0,0.0,0.0,0.0,0.0,0.0,0.0,0.0,0.0,0.0,0.0,0.0,0.0,0.0,0.0,0.0,8.0,2.0,1.0
713,5.957969700000001,0,8.2139,1.9104,2.3379,1.8903,0.1976,0.0035,0.0076,0.0003,0.0315,0.0451,0.002,0.0008,0.011,0.0001,0.002,0.0017,0.0001,0.0006,0.0084,0.0012,0.0005,0.0,0.0034,0.089,0.0223,0.0001,0.0156,0.0,155.0,0.0,92.0,63.0,90.0,0.0,0.0,0.0,0.0,0.0,0.0,0.0,0.0,0.0,0.0,0.0,0.0,0.0,0.0,0.0,0.0,0.0,0.0,8.0,2.0,1.0
714,5.966183600000002,0,8.3521,2.0169,2.4824,1.9052,0.2263,0.0038,0.0066,0.0003,0.049,0.0622,0.0024,0.0013,0.0121,0.0002,0.0016,0.0024,0.0001,0.0001,0.0085,0.0014,0.0005,0.0001,0.004,0.1105,0.0234,0.0,0.0146,0.0,155.0,0.0,92.0,63.0,90.0,0.0,0.0,0.0,0.0,0.0,0.0,0.0,0.0,0.0,0.0,0.0,0.0,0.0,0.0,0.0,0.0,0.0,0.0,8.0,2.0,1.0
715,5.9745357000000014,0,8.1769,2.0429,2.1552,1.7563,0.2022,0.0035,0.009,0.0002,0.0314,0.0466,0.0021,0.0008,0.0102,0.0002,0.0014,0.0015,0.0001,0.0002,0.0085,0.0013,0.0011,0.0001,0.0041,0.0915,0.0193,0.0,0.013,0.0,155.0,0.0,92.0,63.0,90.0,0.0,0.0,0.0,0.0,0.0,0.0,0.0,0.0,0.0,0.0,0.0,0.0,0.0,0.0,0.0,0.0,0.0,0.0,8.0,2.0,1.0
716,5.982712600000001,0,8.4407,1.9396,2.485,2.0315,0.2167,0.0032,0.0103,0.0004,0.0394,0.0556,0.002,0.001,0.0111,0.0001,0.0017,0.0016,0.0001,0.0001,0.0084,0.0013,0.0005,0.0001,0.0034,0.0995,0.022,0.0001,0.0148,0.0,155.0,0.0,92.0,63.0,90.0,0.0,0.0,0.0,0.0,0.0,0.0,0.0,0.0,0.0,0.0,0.0,0.0,0.0,0.0,0.0,0.0,0.0,0.0,8.0,2.0,1.0
717,5.9911533000000015,0,8.4517,2.0693,2.3365,2.1697,0.2115,0.0032,0.0069,0.0006,0.0426,0.0553,0.0024,0.0008,0.012,0.0001,0.0015,0.0023,0.0001,0.0001,0.0084,0.0019,0.0006,0.0002,0.004,0.1028,0.0239,0.0,0.0136,0.0,155.0,0.0,92.0,63.0,90.0,0.0,0.0,0.0,0.0,0.0,0.0,0.0,0.0,0.0,0.0,0.0,0.0,0.0,0.0,0.0,0.0,0.0,0.0,8.0,2.0,1.0
718,5.999605000000002,0,8.2461,2.0244,2.3843,1.9028,0.2608,0.0042,0.0108,0.0003,0.0325,0.0509,0.0028,0.001,0.0137,0.0001,0.0019,0.0021,0.0006,0.0003,0.0125,0.002,0.0006,0.0002,0.005,0.108,0.0259,0.0,0.0141,0.0,155.0,0.0,92.0,63.0,90.0,0.0,0.0,0.0,0.0,0.0,0.0,0.0,0.0,0.0,0.0,0.0,0.0,0.0,0.0,0.0,0.0,0.0,0.0,8.0,2.0,1.0
719,6.007851100000002,0,8.2315,2.4938,2.3712,1.9448,0.2119,0.0033,0.008,0.0003,0.0377,0.0516,0.002,0.0006,0.0108,0.0001,0.0023,0.0017,0.0001,0.0003,0.0081,0.0012,0.0005,0.0001,0.0036,0.0953,0.0213,0.0,0.0141,0.0,155.0,0.0,92.0,63.0,90.0,0.0,0.0,0.0,0.0,0.0,0.0,0.0,0.0,0.0,0.0,0.0,0.0,0.0,0.0,0.0,0.0,0.0,0.0,8.0,2.0,1.0
720,6.016082600000002,0,8.3215,1.8838,2.2454,1.8175,0.2153,0.0029,0.0085,0.0003,0.0499,0.0638,0.002,0.0006,0.0115,0.0001,0.0013,0.0017,0.0001,0.0002,0.0084,0.0012,0.0005,0.0001,0.0034,0.1071,0.0218,0.0,0.0143,0.0,155.0,0.0,92.0,63.0,90.0,0.0,0.0,0.0,0.0,0.0,0.0,0.0,0.0,0.0,0.0,0.0,0.0,0.0,0.0,0.0,0.0,0.0,0.0,8.0,2.0,1.0
721,6.024404100000002,0,8.5772,2.3716,2.3142,1.8883,0.2076,0.0038,0.0104,0.0002,0.0219,0.039,0.0019,0.0016,0.0115,0.0001,0.0019,0.0017,0.0002,0.0002,0.009,0.0011,0.001,0.0001,0.0033,0.0834,0.0234,0.0,0.014,0.0,155.0,0.0,92.0,63.0,90.0,0.0,0.0,0.0,0.0,0.0,0.0,0.0,0.0,0.0,0.0,0.0,0.0,0.0,0.0,0.0,0.0,0.0,0.0,8.0,2.0,1.0
722,6.032981300000002,0,8.4521,1.977,2.78,1.8306,0.2896,0.0039,0.0105,0.0004,0.0642,0.0834,0.0032,0.001,0.0151,0.0002,0.0021,0.0028,0.0002,0.0001,0.0125,0.0015,0.001,0.0001,0.0043,0.1428,0.0285,0.0,0.0164,0.0,155.0,0.0,92.0,63.0,90.0,0.0,0.0,0.0,0.0,0.0,0.0,0.0,0.0,0.0,0.0,0.0,0.0,0.0,0.0,0.0,0.0,0.0,0.0,8.0,2.0,1.0
723,6.0414334000000025,0,8.1952,2.0498,2.3331,1.891,0.2425,0.0032,0.0089,0.0001,0.0504,0.0649,0.0022,0.0007,0.0104,0.0001,0.002,0.0016,0.0007,0.0001,0.0082,0.0023,0.0005,0.0001,0.0035,0.1088,0.0381,0.0001,0.0159,0.0,155.0,0.0,92.0,63.0,90.0,0.0,0.0,0.0,0.0,0.0,0.0,0.0,0.0,0.0,0.0,0.0,0.0,0.0,0.0,0.0,0.0,0.0,0.0,8.0,2.0,1.0
724,6.049628600000003,0,8.41,1.8854,2.5861,1.7177,0.2441,0.0036,0.0082,0.0003,0.0557,0.0702,0.0032,0.0009,0.0121,0.0001,0.0018,0.0017,0.0001,0.0001,0.0088,0.0016,0.0006,0.0001,0.0034,0.1155,0.0249,0.0,0.0143,0.0,155.0,0.0,92.0,63.0,90.0,0.0,0.0,0.0,0.0,0.0,0.0,0.0,0.0,0.0,0.0,0.0,0.0,0.0,0.0,0.0,0.0,0.0,0.0,8.0,2.0,1.0
725,6.058038600000002,0,8.168,1.8967,2.3958,1.8306,0.1943,0.003,0.0075,0.0001,0.0272,0.0404,0.0025,0.0009,0.0109,0.0001,0.0022,0.0017,0.0001,0.0006,0.0089,0.0015,0.001,0.0001,0.0035,0.0851,0.0232,0.0001,0.0143,0.0,155.0,0.0,92.0,63.0,90.0,0.0,0.0,0.0,0.0,0.0,0.0,0.0,0.0,0.0,0.0,0.0,0.0,0.0,0.0,0.0,0.0,0.0,0.0,8.0,2.0,1.0
726,6.066206600000003,0,8.4085,1.8632,2.4705,1.8096,0.2108,0.0028,0.0082,0.0002,0.039,0.053,0.002,0.0007,0.0104,0.0006,0.0017,0.0021,0.0001,0.0001,0.0082,0.0017,0.0005,0.0001,0.0033,0.0961,0.0207,0.0001,0.0154,0.0,155.0,0.0,92.0,63.0,90.0,0.0,0.0,0.0,0.0,0.0,0.0,0.0,0.0,0.0,0.0,0.0,0.0,0.0,0.0,0.0,0.0,0.0,0.0,8.0,2.0,1.0
727,6.074615100000003,0,8.2412,2.1256,2.4293,1.8497,0.2725,0.0044,0.0093,0.0001,0.0442,0.0615,0.0036,0.0011,0.0163,0.0002,0.0028,0.0017,0.0002,0.0002,0.0095,0.0015,0.0005,0.0001,0.0069,0.1247,0.0411,0.0,0.0126,0.0,155.0,0.0,92.0,63.0,90.0,0.0,0.0,0.0,0.0,0.0,0.0,0.0,0.0,0.0,0.0,0.0,0.0,0.0,0.0,0.0,0.0,0.0,0.0,8.0,2.0,1.0
728,6.082856300000002,0,8.4961,1.867,2.5109,1.8219,0.2372,0.003,0.0105,0.0004,0.0402,0.0571,0.003,0.0015,0.0152,0.0002,0.0021,0.0021,0.0001,0.0002,0.0091,0.002,0.0007,0.0002,0.0051,0.1128,0.0235,0.0,0.0143,0.0,155.0,0.0,92.0,63.0,90.0,0.0,0.0,0.0,0.0,0.0,0.0,0.0,0.0,0.0,0.0,0.0,0.0,0.0,0.0,0.0,0.0,0.0,0.0,8.0,2.0,1.0
729,6.0913524000000026,0,8.154,1.9605,2.3759,1.988,0.2039,0.0035,0.0084,0.0003,0.0344,0.0494,0.0024,0.0008,0.0098,0.0001,0.0016,0.0023,0.0001,0.0001,0.0081,0.0017,0.0004,0.0001,0.0034,0.0919,0.0225,0.0,0.0166,0.0,155.0,0.0,92.0,63.0,90.0,0.0,0.0,0.0,0.0,0.0,0.0,0.0,0.0,0.0,0.0,0.0,0.0,0.0,0.0,0.0,0.0,0.0,0.0,8.0,2.0,1.0
730,6.099506400000003,0,8.143,1.9732,2.271,1.8841,0.2195,0.0032,0.0087,0.0002,0.0455,0.0605,0.0023,0.0008,0.0112,0.0001,0.0014,0.0015,0.0001,0.0001,0.0084,0.0013,0.0005,0.0,0.0038,0.105,0.0224,0.0001,0.0133,0.0,155.0,0.0,92.0,63.0,90.0,0.0,0.0,0.0,0.0,0.0,0.0,0.0,0.0,0.0,0.0,0.0,0.0,0.0,0.0,0.0,0.0,0.0,0.0,8.0,2.0,1.0
731,6.107649400000002,0,8.3065,1.9388,2.1129,1.8312,0.1962,0.0031,0.0089,0.0002,0.0276,0.0424,0.0022,0.0006,0.0104,0.0001,0.0013,0.0023,0.0001,0.0001,0.0076,0.0012,0.001,0.0,0.0039,0.0865,0.0192,0.0,0.0165,0.0,155.0,0.0,92.0,63.0,90.0,0.0,0.0,0.0,0.0,0.0,0.0,0.0,0.0,0.0,0.0,0.0,0.0,0.0,0.0,0.0,0.0,0.0,0.0,8.0,2.0,1.0
732,6.115955900000002,0,8.409,1.8516,2.2801,1.7597,0.1999,0.0028,0.0071,0.0001,0.0438,0.0565,0.0024,0.001,0.011,0.0002,0.0017,0.0014,0.0,0.0005,0.0086,0.0013,0.0005,0.0001,0.0038,0.1011,0.0218,0.0001,0.0137,0.0,155.0,0.0,92.0,63.0,90.0,0.0,0.0,0.0,0.0,0.0,0.0,0.0,0.0,0.0,0.0,0.0,0.0,0.0,0.0,0.0,0.0,0.0,0.0,8.0,2.0,1.0
733,6.124364900000002,0,8.2001,1.9386,2.0546,1.8763,0.1997,0.0031,0.0087,0.0003,0.0305,0.045,0.0021,0.0009,0.01,0.0001,0.0017,0.0017,0.0002,0.0001,0.0081,0.0014,0.0005,0.0001,0.0041,0.0884,0.0198,0.0,0.014,0.0,155.0,0.0,92.0,63.0,90.0,0.0,0.0,0.0,0.0,0.0,0.0,0.0,0.0,0.0,0.0,0.0,0.0,0.0,0.0,0.0,0.0,0.0,0.0,8.0,2.0,1.0
734,6.132565000000002,0,8.5334,1.8034,2.226,1.6733,0.2098,0.0031,0.0091,0.0002,0.0408,0.0563,0.0021,0.0007,0.0101,0.0001,0.0015,0.0022,0.0001,0.0002,0.0088,0.0013,0.0004,0.0001,0.0038,0.1,0.0217,0.0001,0.0128,0.0,155.0,0.0,92.0,63.0,90.0,0.0,0.0,0.0,0.0,0.0,0.0,0.0,0.0,0.0,0.0,0.0,0.0,0.0,0.0,0.0,0.0,0.0,0.0,8.0,2.0,1.0
735,6.141098400000002,0,8.1568,1.8122,2.128,1.7799,0.1823,0.003,0.0088,0.0002,0.0311,0.0451,0.0019,0.0007,0.0099,0.0001,0.0013,0.0017,0.0001,0.0001,0.0081,0.0015,0.0004,0.0001,0.0036,0.0859,0.0176,0.0,0.0134,0.0,155.0,0.0,92.0,63.0,90.0,0.0,0.0,0.0,0.0,0.0,0.0,0.0,0.0,0.0,0.0,0.0,0.0,0.0,0.0,0.0,0.0,0.0,0.0,8.0,2.0,1.0
736,6.1492552000000025,0,8.2873,1.926,2.1336,1.77,0.2088,0.0029,0.0089,0.0002,0.0412,0.056,0.0022,0.0007,0.0101,0.0002,0.0014,0.0019,0.0001,0.0001,0.0074,0.0014,0.0006,0.0,0.0045,0.099,0.0246,0.0,0.0131,0.0,155.0,0.0,92.0,63.0,90.0,0.0,0.0,0.0,0.0,0.0,0.0,0.0,0.0,0.0,0.0,0.0,0.0,0.0,0.0,0.0,0.0,0.0,0.0,8.0,2.0,1.0
737,6.157542500000003,0,8.4531,1.8698,2.1079,1.7258,0.2578,0.0031,0.0106,0.0002,0.0504,0.068,0.0033,0.0011,0.0134,0.0003,0.0018,0.0012,0.0001,0.0001,0.0098,0.0017,0.0003,0.0,0.0047,0.1202,0.0373,0.0001,0.0137,0.0,155.0,0.0,92.0,63.0,90.0,0.0,0.0,0.0,0.0,0.0,0.0,0.0,0.0,0.0,0.0,0.0,0.0,0.0,0.0,0.0,0.0,0.0,0.0,8.0,2.0,1.0
738,6.165995600000002,0,8.4063,1.8778,2.1974,1.7438,0.2205,0.0045,0.0097,0.0003,0.0377,0.0551,0.0025,0.0009,0.0114,0.0002,0.0016,0.0021,0.0002,0.0001,0.0091,0.0013,0.0006,0.0001,0.004,0.1021,0.0231,0.0,0.0124,0.0,155.0,0.0,92.0,63.0,90.0,0.0,0.0,0.0,0.0,0.0,0.0,0.0,0.0,0.0,0.0,0.0,0.0,0.0,0.0,0.0,0.0,0.0,0.0,8.0,2.0,1.0
739,6.174401900000002,0,8.2185,1.7493,2.2239,1.8043,0.2057,0.0031,0.0088,0.0002,0.0353,0.0497,0.0026,0.0008,0.011,0.0001,0.0015,0.002,0.0001,0.0001,0.0081,0.0017,0.0005,0.0,0.0033,0.092,0.0235,0.0001,0.0138,0.0,155.0,0.0,92.0,63.0,90.0,0.0,0.0,0.0,0.0,0.0,0.0,0.0,0.0,0.0,0.0,0.0,0.0,0.0,0.0,0.0,0.0,0.0,0.0,8.0,2.0,1.0
740,6.182620400000002,0,8.3635,1.8151,2.1736,1.6784,0.2144,0.0031,0.0086,0.0002,0.0455,0.0594,0.0029,0.0007,0.0117,0.0002,0.0015,0.0014,0.0001,0.0001,0.0089,0.0013,0.0005,0.0001,0.0044,0.1046,0.0218,0.0,0.0133,0.0,155.0,0.0,92.0,63.0,90.0,0.0,0.0,0.0,0.0,0.0,0.0,0.0,0.0,0.0,0.0,0.0,0.0,0.0,0.0,0.0,0.0,0.0,0.0,8.0,2.0,1.0
741,6.190983900000002,0,8.3268,1.7642,2.1131,1.8276,0.1772,0.0027,0.0085,0.0001,0.0221,0.036,0.0018,0.0008,0.0087,0.0002,0.0015,0.0016,0.0001,0.0001,0.0085,0.0011,0.0005,0.0,0.0032,0.0748,0.021,0.0,0.0135,0.0,155.0,0.0,92.0,63.0,90.0,0.0,0.0,0.0,0.0,0.0,0.0,0.0,0.0,0.0,0.0,0.0,0.0,0.0,0.0,0.0,0.0,0.0,0.0,8.0,2.0,1.0
742,6.199310700000002,0,8.4068,1.7865,2.3096,1.8466,0.2055,0.0032,0.0082,0.0002,0.0402,0.0542,0.0023,0.0007,0.01,0.0001,0.0012,0.0021,0.0002,0.0001,0.008,0.0019,0.0005,0.0001,0.0039,0.097,0.0215,0.0001,0.0134,0.0,155.0,0.0,92.0,63.0,90.0,0.0,0.0,0.0,0.0,0.0,0.0,0.0,0.0,0.0,0.0,0.0,0.0,0.0,0.0,0.0,0.0,0.0,0.0,8.0,2.0,1.0
743,6.207717500000002,0,8.1524,1.8033,2.0485,1.7433,0.1867,0.0035,0.009,0.0001,0.0238,0.0387,0.0019,0.0007,0.0095,0.0001,0.0013,0.0019,0.0001,0.0002,0.008,0.0017,0.0005,0.0,0.0037,0.0803,0.0189,0.0,0.013,0.0,155.0,0.0,92.0,63.0,90.0,0.0,0.0,0.0,0.0,0.0,0.0,0.0,0.0,0.0,0.0,0.0,0.0,0.0,0.0,0.0,0.0,0.0,0.0,8.0,2.0,1.0
744,6.215869900000002,0,8.3675,1.8792,2.09,1.8258,0.2081,0.0028,0.0093,0.0001,0.0435,0.0578,0.0023,0.0008,0.0098,0.0005,0.0014,0.002,0.0001,0.0001,0.0085,0.0015,0.0004,0.0001,0.0043,0.1007,0.0245,0.0,0.0126,0.0,155.0,0.0,92.0,63.0,90.0,0.0,0.0,0.0,0.0,0.0,0.0,0.0,0.0,0.0,0.0,0.0,0.0,0.0,0.0,0.0,0.0,0.0,0.0,8.0,2.0,1.0
745,6.2242374000000025,0,8.4174,1.7544,2.1288,1.8705,0.2122,0.0034,0.0087,0.0002,0.0372,0.0524,0.0022,0.0008,0.0102,0.0002,0.0014,0.0015,0.0007,0.0002,0.0082,0.0013,0.0009,0.0001,0.0039,0.0969,0.0213,0.0,0.0144,0.0,155.0,0.0,92.0,63.0,90.0,0.0,0.0,0.0,0.0,0.0,0.0,0.0,0.0,0.0,0.0,0.0,0.0,0.0,0.0,0.0,0.0,0.0,0.0,8.0,2.0,1.0
746,6.232654800000002,0,8.2074,1.8898,2.0894,1.7358,0.1907,0.0027,0.0086,0.0002,0.0318,0.0451,0.002,0.0012,0.0094,0.0002,0.0013,0.0018,0.0,0.0001,0.008,0.0019,0.0005,0.0001,0.0037,0.0908,0.0184,0.0,0.0123,0.0,155.0,0.0,92.0,63.0,90.0,0.0,0.0,0.0,0.0,0.0,0.0,0.0,0.0,0.0,0.0,0.0,0.0,0.0,0.0,0.0,0.0,0.0,0.0,8.0,2.0,1.0
747,6.240862200000002,0,8.2809,1.8503,2.0157,1.8478,0.2021,0.0025,0.0057,0.0002,0.0404,0.051,0.0023,0.0008,0.0117,0.0001,0.002,0.0015,0.0004,0.0001,0.0075,0.0014,0.0005,0.0001,0.0037,0.0955,0.0212,0.0,0.0132,0.0,155.0,0.0,92.0,63.0,90.0,0.0,0.0,0.0,0.0,0.0,0.0,0.0,0.0,0.0,0.0,0.0,0.0,0.0,0.0,0.0,0.0,0.0,0.0,8.0,2.0,1.0
748,6.249143100000002,0,8.3718,1.7853,2.0402,1.6879,0.2061,0.0031,0.0099,0.0003,0.0402,0.0553,0.0022,0.0008,0.0104,0.0001,0.0014,0.0015,0.0001,0.0001,0.008,0.0013,0.0004,0.0001,0.004,0.0974,0.0239,0.0001,0.0131,0.0,155.0,0.0,92.0,63.0,90.0,0.0,0.0,0.0,0.0,0.0,0.0,0.0,0.0,0.0,0.0,0.0,0.0,0.0,0.0,0.0,0.0,0.0,0.0,8.0,2.0,1.0
749,6.257514900000002,0,8.5392,1.7532,2.0731,1.7792,0.205,0.0034,0.0101,0.0004,0.0318,0.0482,0.0027,0.0007,0.0111,0.0001,0.0019,0.0017,0.0001,0.0003,0.0081,0.0013,0.0005,0.0001,0.0038,0.0928,0.0206,0.0001,0.0135,0.0,155.0,0.0,92.0,63.0,90.0,0.0,0.0,0.0,0.0,0.0,0.0,0.0,0.0,0.0,0.0,0.0,0.0,0.0,0.0,0.0,0.0,0.0,0.0,8.0,2.0,1.0
750,6.2660541000000025,0,8.3279,1.855,2.3304,1.6687,0.2042,0.0032,0.0087,0.0005,0.0422,0.0561,0.0021,0.0008,0.0094,0.0001,0.0015,0.0016,0.0,0.0002,0.0084,0.0014,0.0005,0.0001,0.0042,0.097,0.0239,0.0,0.0139,0.0,155.0,0.0,92.0,63.0,90.0,0.0,0.0,0.0,0.0,0.0,0.0,0.0,0.0,0.0,0.0,0.0,0.0,0.0,0.0,0.0,0.0,0.0,0.0,8.0,2.0,1.0
751,6.274382000000003,0,8.2083,2.027,2.1562,1.6993,0.1769,0.0026,0.0079,0.0001,0.0308,0.044,0.0017,0.0007,0.009,0.0001,0.0016,0.0014,0.0001,0.0001,0.0076,0.0017,0.0005,0.0001,0.0032,0.0818,0.0186,0.0,0.014,0.0,155.0,0.0,92.0,63.0,90.0,0.0,0.0,0.0,0.0,0.0,0.0,0.0,0.0,0.0,0.0,0.0,0.0,0.0,0.0,0.0,0.0,0.0,0.0,8.0,2.0,1.0
752,6.2825903000000025,0,8.3921,1.7892,2.0496,1.7964,0.1991,0.0029,0.0083,0.0001,0.0377,0.0512,0.0021,0.0008,0.0101,0.0001,0.0013,0.0018,0.0,0.0002,0.008,0.0013,0.0009,0.0001,0.0039,0.0932,0.0209,0.0001,0.0131,0.0,155.0,0.0,92.0,63.0,90.0,0.0,0.0,0.0,0.0,0.0,0.0,0.0,0.0,0.0,0.0,0.0,0.0,0.0,0.0,0.0,0.0,0.0,0.0,8.0,2.0,1.0
753,6.2909824000000025,0,8.2694,1.8738,2.1512,1.6901,0.2039,0.0026,0.008,0.0001,0.0473,0.06,0.0021,0.0008,0.0096,0.0001,0.0013,0.0017,0.0002,0.0001,0.0082,0.0011,0.0005,0.0001,0.0032,0.0996,0.0214,0.0,0.014,0.0,155.0,0.0,92.0,63.0,90.0,0.0,0.0,0.0,0.0,0.0,0.0,0.0,0.0,0.0,0.0,0.0,0.0,0.0,0.0,0.0,0.0,0.0,0.0,8.0,2.0,1.0
754,6.299251800000002,0,8.2953,1.8942,2.1196,1.7655,0.2134,0.0025,0.0063,0.0002,0.048,0.0596,0.0027,0.0008,0.0124,0.0002,0.0018,0.0017,0.0001,0.0001,0.0087,0.0013,0.0003,0.0001,0.0042,0.1049,0.023,0.0001,0.0145,0.0,155.0,0.0,92.0,63.0,90.0,0.0,0.0,0.0,0.0,0.0,0.0,0.0,0.0,0.0,0.0,0.0,0.0,0.0,0.0,0.0,0.0,0.0,0.0,8.0,2.0,1.0
755,6.3075471000000025,0,8.5929,1.776,2.1466,1.6802,0.1833,0.0032,0.009,0.0002,0.0266,0.0415,0.0024,0.0008,0.0089,0.0001,0.0013,0.0022,0.0001,0.0001,0.0084,0.0016,0.0003,0.0001,0.0032,0.084,0.0205,0.0,0.0156,0.0,155.0,0.0,92.0,63.0,90.0,0.0,0.0,0.0,0.0,0.0,0.0,0.0,0.0,0.0,0.0,0.0,0.0,0.0,0.0,0.0,0.0,0.0,0.0,8.0,2.0,1.0
756,6.3161400000000025,0,8.2383,1.761,2.3089,1.8271,0.2066,0.0025,0.0064,0.0003,0.0536,0.065,0.002,0.0006,0.0089,0.0001,0.0014,0.0014,0.0,0.0001,0.008,0.0012,0.0005,0.0,0.0034,0.104,0.0222,0.0001,0.0132,0.0,155.0,0.0,92.0,63.0,90.0,0.0,0.0,0.0,0.0,0.0,0.0,0.0,0.0,0.0,0.0,0.0,0.0,0.0,0.0,0.0,0.0,0.0,0.0,8.0,2.0,1.0
757,6.324378300000003,0,8.2948,1.7677,2.2656,1.7894,0.2174,0.0038,0.0106,0.0001,0.0349,0.0517,0.0023,0.0011,0.0113,0.0001,0.0016,0.0017,0.0,0.0002,0.0084,0.0014,0.0009,0.0001,0.0039,0.097,0.0239,0.0,0.0152,0.0,155.0,0.0,92.0,63.0,90.0,0.0,0.0,0.0,0.0,0.0,0.0,0.0,0.0,0.0,0.0,0.0,0.0,0.0,0.0,0.0,0.0,0.0,0.0,8.0,2.0,1.0
758,6.332673100000003,0,8.3807,1.942,2.0781,1.8948,0.1928,0.0032,0.0076,0.0001,0.0374,0.051,0.0018,0.0007,0.0098,0.0001,0.0016,0.0013,0.0,0.0002,0.008,0.0012,0.0004,0.0001,0.0034,0.0912,0.0224,0.0001,0.014,0.0,155.0,0.0,92.0,63.0,90.0,0.0,0.0,0.0,0.0,0.0,0.0,0.0,0.0,0.0,0.0,0.0,0.0,0.0,0.0,0.0,0.0,0.0,0.0,8.0,2.0,1.0
759,6.341053800000003,0,8.2735,1.7741,2.2534,1.7631,0.1953,0.0033,0.0083,0.0002,0.0273,0.0412,0.0025,0.0007,0.0102,0.0001,0.0014,0.0016,0.0002,0.0001,0.0085,0.0013,0.0006,0.0,0.0038,0.0879,0.0201,0.0,0.0136,0.0,155.0,0.0,92.0,63.0,90.0,0.0,0.0,0.0,0.0,0.0,0.0,0.0,0.0,0.0,0.0,0.0,0.0,0.0,0.0,0.0,0.0,0.0,0.0,8.0,2.0,1.0
760,6.349327300000002,0,8.4067,1.6985,2.22,1.7218,0.2226,0.0038,0.0097,0.0003,0.0463,0.0624,0.0022,0.0009,0.0113,0.0001,0.0016,0.0017,0.0002,0.0001,0.0091,0.0013,0.0009,0.0,0.004,0.109,0.0223,0.0001,0.0135,0.0,155.0,0.0,92.0,63.0,90.0,0.0,0.0,0.0,0.0,0.0,0.0,0.0,0.0,0.0,0.0,0.0,0.0,0.0,0.0,0.0,0.0,0.0,0.0,8.0,2.0,1.0
761,6.357734000000002,0,8.2154,1.8259,2.2056,1.934,0.2017,0.0034,0.0085,0.0003,0.0327,0.0476,0.0019,0.001,0.0096,0.0002,0.0019,0.0018,0.0001,0.0001,0.0087,0.0012,0.0004,0.0001,0.0033,0.0878,0.0244,0.0001,0.0146,0.0,155.0,0.0,92.0,63.0,90.0,0.0,0.0,0.0,0.0,0.0,0.0,0.0,0.0,0.0,0.0,0.0,0.0,0.0,0.0,0.0,0.0,0.0,0.0,8.0,2.0,1.0
762,6.3659494000000025,0,8.457,1.7101,2.1222,1.7074,0.2082,0.003,0.0087,0.0003,0.045,0.0592,0.0028,0.0007,0.0105,0.0002,0.0012,0.0019,0.0001,0.0001,0.0079,0.0015,0.0005,0.0001,0.0039,0.103,0.0205,0.0,0.0148,0.0,155.0,0.0,92.0,63.0,90.0,0.0,0.0,0.0,0.0,0.0,0.0,0.0,0.0,0.0,0.0,0.0,0.0,0.0,0.0,0.0,0.0,0.0,0.0,8.0,2.0,1.0
763,6.3744064000000025,0,8.1592,1.9935,2.1427,1.7275,0.1936,0.0027,0.0083,0.0002,0.0263,0.0404,0.0019,0.0006,0.0088,0.0002,0.0018,0.0016,0.0001,0.0001,0.0077,0.0014,0.0005,0.0001,0.0034,0.0805,0.0245,0.0001,0.0133,0.0,155.0,0.0,92.0,63.0,90.0,0.0,0.0,0.0,0.0,0.0,0.0,0.0,0.0,0.0,0.0,0.0,0.0,0.0,0.0,0.0,0.0,0.0,0.0,8.0,2.0,1.0
764,6.382565600000002,0,8.3829,1.8772,2.1675,1.7365,0.2116,0.0031,0.0088,0.0001,0.0438,0.0581,0.0022,0.0007,0.0098,0.0002,0.0014,0.0016,0.0001,0.0001,0.0083,0.0014,0.001,0.0001,0.0045,0.1022,0.0226,0.0,0.0133,0.0,155.0,0.0,92.0,63.0,90.0,0.0,0.0,0.0,0.0,0.0,0.0,0.0,0.0,0.0,0.0,0.0,0.0,0.0,0.0,0.0,0.0,0.0,0.0,8.0,2.0,1.0
765,6.390948500000002,0,8.3596,1.8974,2.0755,1.8407,0.1833,0.0025,0.0079,0.0002,0.0322,0.0449,0.002,0.0005,0.0099,0.0001,0.0011,0.0018,0.0001,0.0001,0.0068,0.0012,0.0005,0.0001,0.0033,0.0835,0.0215,0.0,0.0139,0.0,155.0,0.0,92.0,63.0,90.0,0.0,0.0,0.0,0.0,0.0,0.0,0.0,0.0,0.0,0.0,0.0,0.0,0.0,0.0,0.0,0.0,0.0,0.0,8.0,2.0,1.0
766,6.3993081000000025,0,8.3522,1.7766,2.2298,1.877,0.2108,0.0032,0.0089,0.0002,0.0436,0.0582,0.0023,0.0008,0.0098,0.0002,0.0012,0.0015,0.0001,0.0002,0.0081,0.0013,0.0005,0.0001,0.0038,0.101,0.0194,0.0,0.0139,0.0,155.0,0.0,92.0,63.0,90.0,0.0,0.0,0.0,0.0,0.0,0.0,0.0,0.0,0.0,0.0,0.0,0.0,0.0,0.0,0.0,0.0,0.0,0.0,8.0,2.0,1.0
767,6.4076603000000025,0,8.2312,1.8287,2.0584,1.7907,0.1884,0.0027,0.0078,0.0002,0.0313,0.0446,0.0019,0.0006,0.0085,0.0002,0.0016,0.0015,0.0,0.0001,0.0077,0.0015,0.0004,0.0001,0.0032,0.0811,0.0294,0.0001,0.0141,0.0,155.0,0.0,92.0,63.0,90.0,0.0,0.0,0.0,0.0,0.0,0.0,0.0,0.0,0.0,0.0,0.0,0.0,0.0,0.0,0.0,0.0,0.0,0.0,8.0,2.0,1.0
768,6.4158915000000025,0,8.4469,1.8428,2.1511,1.7469,0.2138,0.0031,0.0082,0.0003,0.0472,0.0611,0.0023,0.0008,0.01,0.0002,0.0017,0.0015,0.0001,0.0004,0.008,0.0013,0.0005,0.0001,0.0037,0.1033,0.0217,0.0,0.0146,0.0,155.0,0.0,92.0,63.0,90.0,0.0,0.0,0.0,0.0,0.0,0.0,0.0,0.0,0.0,0.0,0.0,0.0,0.0,0.0,0.0,0.0,0.0,0.0,8.0,2.0,1.0
769,6.424338400000003,0,8.3101,1.8564,2.1374,1.7686,0.2122,0.003,0.0093,0.0001,0.0462,0.0614,0.0021,0.0011,0.011,0.0001,0.0019,0.0015,0.0,0.0001,0.0076,0.0012,0.0004,0.0001,0.0034,0.1066,0.0221,0.0,0.0147,0.0,155.0,0.0,92.0,63.0,90.0,0.0,0.0,0.0,0.0,0.0,0.0,0.0,0.0,0.0,0.0,0.0,0.0,0.0,0.0,0.0,0.0,0.0,0.0,8.0,2.0,1.0
770,6.432648500000003,0,8.3742,1.9037,2.2439,1.8114,0.1857,0.0027,0.0081,0.0001,0.0314,0.0448,0.0023,0.0005,0.009,0.0001,0.001,0.0014,0.0001,0.0001,0.008,0.0012,0.0005,0.0,0.003,0.0836,0.0217,0.0,0.0155,0.0,155.0,0.0,92.0,63.0,90.0,0.0,0.0,0.0,0.0,0.0,0.0,0.0,0.0,0.0,0.0,0.0,0.0,0.0,0.0,0.0,0.0,0.0,0.0,8.0,2.0,1.0
771,6.441022700000003,0,8.3392,1.9665,2.1614,1.9139,0.192,0.003,0.0065,0.0001,0.0342,0.046,0.0022,0.0007,0.0101,0.0001,0.0013,0.0022,0.0001,0.0001,0.0082,0.0016,0.0005,0.0002,0.0033,0.0876,0.021,0.0001,0.0159,0.0,155.0,0.0,92.0,63.0,90.0,0.0,0.0,0.0,0.0,0.0,0.0,0.0,0.0,0.0,0.0,0.0,0.0,0.0,0.0,0.0,0.0,0.0,0.0,8.0,2.0,1.0
772,6.449361900000003,0,8.5246,1.9346,2.3851,1.7765,0.2183,0.0031,0.0087,0.0002,0.0495,0.0645,0.002,0.0007,0.0089,0.0002,0.0019,0.0017,0.0001,0.0001,0.0082,0.0014,0.0005,0.0001,0.0033,0.1055,0.0237,0.0001,0.0142,0.0,155.0,0.0,92.0,63.0,90.0,0.0,0.0,0.0,0.0,0.0,0.0,0.0,0.0,0.0,0.0,0.0,0.0,0.0,0.0,0.0,0.0,0.0,0.0,8.0,2.0,1.0
773,6.457886500000003,0,8.1656,1.9959,2.2982,1.7362,0.2009,0.0035,0.0083,0.0002,0.0322,0.0473,0.002,0.0005,0.0103,0.0001,0.0021,0.0016,0.0,0.0006,0.0081,0.0011,0.0005,0.0002,0.0038,0.0899,0.0213,0.0,0.0147,0.0,155.0,0.0,92.0,63.0,90.0,0.0,0.0,0.0,0.0,0.0,0.0,0.0,0.0,0.0,0.0,0.0,0.0,0.0,0.0,0.0,0.0,0.0,0.0,8.0,2.0,1.0
774,6.466052100000003,0,8.2247,1.8957,2.1189,1.9449,0.2074,0.0028,0.008,0.0001,0.0437,0.0578,0.0023,0.0012,0.0114,0.0001,0.0014,0.0016,0.0005,0.0001,0.0082,0.0013,0.001,0.0001,0.0039,0.1033,0.0232,0.0,0.0135,0.0,155.0,0.0,92.0,63.0,90.0,0.0,0.0,0.0,0.0,0.0,0.0,0.0,0.0,0.0,0.0,0.0,0.0,0.0,0.0,0.0,0.0,0.0,0.0,8.0,2.0,1.0
775,6.474276800000004,0,8.343,1.7799,2.1266,1.7206,0.201,0.0031,0.0089,0.0005,0.0337,0.0485,0.0024,0.0005,0.0103,0.0002,0.0018,0.0017,0.0001,0.0001,0.0093,0.0013,0.0005,0.0004,0.0038,0.0925,0.0206,0.0001,0.0141,0.0,155.0,0.0,92.0,63.0,90.0,0.0,0.0,0.0,0.0,0.0,0.0,0.0,0.0,0.0,0.0,0.0,0.0,0.0,0.0,0.0,0.0,0.0,0.0,8.0,2.0,1.0
776,6.482619800000004,0,8.3762,1.9527,2.1468,1.7717,0.2228,0.0029,0.0096,0.0002,0.0481,0.063,0.0025,0.0007,0.0108,0.0002,0.0016,0.0017,0.0,0.0001,0.0083,0.0014,0.001,0.0001,0.0039,0.1085,0.0231,0.0,0.0147,0.0,155.0,0.0,92.0,63.0,90.0,0.0,0.0,0.0,0.0,0.0,0.0,0.0,0.0,0.0,0.0,0.0,0.0,0.0,0.0,0.0,0.0,0.0,0.0,8.0,2.0,1.0
777,6.4909960000000035,0,8.4443,1.8182,2.2688,1.9984,0.2038,0.0034,0.0089,0.0002,0.0317,0.0466,0.0022,0.0009,0.0112,0.0001,0.0015,0.0016,0.0001,0.0001,0.0081,0.0013,0.0004,0.0,0.004,0.0909,0.0212,0.0001,0.015,0.0,155.0,0.0,92.0,63.0,90.0,0.0,0.0,0.0,0.0,0.0,0.0,0.0,0.0,0.0,0.0,0.0,0.0,0.0,0.0,0.0,0.0,0.0,0.0,8.0,2.0,1.0
778,6.499440300000003,0,8.1517,1.7174,2.1465,1.7814,0.2035,0.003,0.0075,0.0003,0.0458,0.0589,0.0023,0.0007,0.0129,0.0002,0.0014,0.0017,0.0001,0.0001,0.0071,0.0013,0.0004,0.0001,0.0038,0.103,0.0203,0.0,0.0143,0.0,155.0,0.0,92.0,63.0,90.0,0.0,0.0,0.0,0.0,0.0,0.0,0.0,0.0,0.0,0.0,0.0,0.0,0.0,0.0,0.0,0.0,0.0,0.0,8.0,2.0,1.0
779,6.507592000000003,0,8.4742,1.8308,2.2715,1.7312,0.1998,0.0028,0.0065,0.0002,0.0374,0.0494,0.0025,0.0008,0.0121,0.0001,0.0016,0.0021,0.0001,0.0001,0.0084,0.0016,0.0005,0.0,0.0038,0.0963,0.0232,0.0,0.0168,0.0,155.0,0.0,92.0,63.0,90.0,0.0,0.0,0.0,0.0,0.0,0.0,0.0,0.0,0.0,0.0,0.0,0.0,0.0,0.0,0.0,0.0,0.0,0.0,8.0,2.0,1.0
780,6.516066200000004,0,8.0552,1.8501,1.9897,1.7456,0.199,0.003,0.0074,0.0002,0.0463,0.0594,0.0029,0.0008,0.011,0.0001,0.0013,0.0017,0.0,0.0001,0.0071,0.0012,0.0006,0.0001,0.0038,0.1004,0.023,0.0001,0.0122,0.0,155.0,0.0,92.0,63.0,90.0,0.0,0.0,0.0,0.0,0.0,0.0,0.0,0.0,0.0,0.0,0.0,0.0,0.0,0.0,0.0,0.0,0.0,0.0,8.0,2.0,1.0
781,6.524121400000004,0,8.4579,1.7459,2.0497,1.7137,0.2059,0.003,0.0088,0.0002,0.0345,0.049,0.0021,0.0007,0.011,0.0001,0.0018,0.0016,0.0001,0.0002,0.0086,0.0013,0.0005,0.0001,0.004,0.0926,0.0261,0.0,0.0133,0.0,155.0,0.0,92.0,63.0,90.0,0.0,0.0,0.0,0.0,0.0,0.0,0.0,0.0,0.0,0.0,0.0,0.0,0.0,0.0,0.0,0.0,0.0,0.0,8.0,2.0,1.0
782,6.532579300000004,0,8.3511,1.876,2.047,1.7004,0.1857,0.0026,0.0076,0.0001,0.0401,0.0527,0.0018,0.0006,0.0087,0.0001,0.0018,0.0014,0.0001,0.0004,0.0071,0.0015,0.0004,0.0,0.0033,0.0894,0.022,0.0001,0.015,0.0,155.0,0.0,92.0,63.0,90.0,0.0,0.0,0.0,0.0,0.0,0.0,0.0,0.0,0.0,0.0,0.0,0.0,0.0,0.0,0.0,0.0,0.0,0.0,8.0,2.0,1.0
783,6.540930400000003,0,8.3984,1.9189,2.188,1.822,0.2183,0.0028,0.0085,0.0002,0.0455,0.0597,0.002,0.0007,0.0096,0.0002,0.0014,0.0022,0.0001,0.0001,0.008,0.0013,0.0009,0.0001,0.0044,0.1039,0.023,0.0,0.013,0.0,155.0,0.0,92.0,63.0,90.0,0.0,0.0,0.0,0.0,0.0,0.0,0.0,0.0,0.0,0.0,0.0,0.0,0.0,0.0,0.0,0.0,0.0,0.0,8.0,2.0,1.0
784,6.549328800000003,0,8.1864,1.7283,2.0955,1.6831,0.206,0.0032,0.0091,0.0003,0.0418,0.0563,0.0021,0.0006,0.0102,0.0001,0.0016,0.0016,0.0,0.0006,0.0081,0.0012,0.0004,0.0,0.0037,0.0988,0.0236,0.0001,0.0138,0.0,155.0,0.0,92.0,63.0,90.0,0.0,0.0,0.0,0.0,0.0,0.0,0.0,0.0,0.0,0.0,0.0,0.0,0.0,0.0,0.0,0.0,0.0,0.0,8.0,2.0,1.0
785,6.557515200000003,0,8.6981,1.7833,2.2791,1.8477,0.2332,0.003,0.0065,0.0002,0.0689,0.0808,0.0024,0.0008,0.0092,0.0001,0.0014,0.0023,0.0002,0.0001,0.0079,0.0018,0.0004,0.0001,0.0033,0.1214,0.0231,0.0,0.0575,0.0,155.0,0.0,92.0,63.0,90.0,0.0,0.0,0.0,0.0,0.0,0.0,0.0,0.0,0.0,0.0,0.0,0.0,0.0,0.0,0.0,0.0,0.0,0.0,8.0,2.0,1.0
786,6.566213300000003,0,8.1659,1.8584,2.2542,1.7169,0.2448,0.004,0.008,0.0001,0.049,0.0631,0.0023,0.0009,0.0111,0.0001,0.0021,0.0015,0.0001,0.0001,0.0083,0.0015,0.0005,0.0001,0.004,0.1082,0.0197,0.0001,0.0142,0.0,155.0,0.0,92.0,63.0,90.0,0.0,0.0,0.0,0.0,0.0,0.0,0.0,0.0,0.0,0.0,0.0,0.0,0.0,0.0,0.0,0.0,0.0,0.0,8.0,2.0,1.0
787,6.574379200000003,0,8.0918,1.7954,2.0273,1.88,0.1922,0.0027,0.0062,0.0002,0.0374,0.0484,0.0021,0.0008,0.0116,0.0002,0.0013,0.0015,0.0001,0.0002,0.008,0.0013,0.0004,0.0001,0.0037,0.0945,0.0209,0.0,0.0133,0.0,155.0,0.0,92.0,63.0,90.0,0.0,0.0,0.0,0.0,0.0,0.0,0.0,0.0,0.0,0.0,0.0,0.0,0.0,0.0,0.0,0.0,0.0,0.0,8.0,2.0,1.0
788,6.582471000000003,0,8.4753,1.7735,2.0077,1.7416,0.2021,0.0026,0.0084,0.0002,0.0506,0.0637,0.0024,0.0006,0.0113,0.0002,0.0016,0.0012,0.0001,0.0002,0.0074,0.0014,0.0004,0.0,0.0038,0.1059,0.0199,0.0001,0.0152,0.0,155.0,0.0,92.0,63.0,90.0,0.0,0.0,0.0,0.0,0.0,0.0,0.0,0.0,0.0,0.0,0.0,0.0,0.0,0.0,0.0,0.0,0.0,0.0,8.0,2.0,1.0
789,6.590946300000002,0,8.4603,1.7815,2.2788,1.8187,0.1948,0.0028,0.0063,0.0002,0.0354,0.0471,0.002,0.0009,0.0117,0.0002,0.0019,0.0015,0.0001,0.0001,0.0077,0.0013,0.0004,0.0,0.0041,0.0917,0.0205,0.0001,0.0144,0.0,155.0,0.0,92.0,63.0,90.0,0.0,0.0,0.0,0.0,0.0,0.0,0.0,0.0,0.0,0.0,0.0,0.0,0.0,0.0,0.0,0.0,0.0,0.0,8.0,2.0,1.0
790,6.599406600000003,0,8.149,1.769,2.1615,1.6582,0.2129,0.0034,0.0088,0.0003,0.0416,0.0567,0.0028,0.0009,0.0101,0.0001,0.0014,0.0021,0.0001,0.0002,0.0076,0.0013,0.0009,0.0001,0.0042,0.0995,0.0241,0.0001,0.0124,0.0,155.0,0.0,92.0,63.0,90.0,0.0,0.0,0.0,0.0,0.0,0.0,0.0,0.0,0.0,0.0,0.0,0.0,0.0,0.0,0.0,0.0,0.0,0.0,8.0,2.0,1.0
791,6.607555600000003,0,8.4211,1.7961,2.0003,1.7163,0.1914,0.0033,0.0074,0.0001,0.0347,0.0476,0.0018,0.0011,0.0122,0.0001,0.0013,0.0019,0.0,0.0001,0.0076,0.0012,0.0005,0.0001,0.0032,0.0895,0.0225,0.0,0.0153,0.0,155.0,0.0,92.0,63.0,90.0,0.0,0.0,0.0,0.0,0.0,0.0,0.0,0.0,0.0,0.0,0.0,0.0,0.0,0.0,0.0,0.0,0.0,0.0,8.0,2.0,1.0
792,6.615976700000003,0,8.2828,1.8161,2.1991,1.6894,0.2163,0.003,0.0089,0.0002,0.0472,0.0615,0.0022,0.0008,0.0093,0.0002,0.002,0.0016,0.0,0.0001,0.0079,0.0013,0.0005,0.0001,0.0037,0.1026,0.0252,0.0,0.0139,0.0,155.0,0.0,92.0,63.0,90.0,0.0,0.0,0.0,0.0,0.0,0.0,0.0,0.0,0.0,0.0,0.0,0.0,0.0,0.0,0.0,0.0,0.0,0.0,8.0,2.0,1.0
793,6.624259500000003,0,8.5637,1.8652,2.2233,1.874,0.2051,0.0036,0.0095,0.0002,0.0363,0.0519,0.0022,0.0006,0.0106,0.0001,0.0014,0.0016,0.0006,0.0001,0.0082,0.0013,0.0005,0.0001,0.0039,0.0952,0.0202,0.0,0.0166,0.0,155.0,0.0,92.0,63.0,90.0,0.0,0.0,0.0,0.0,0.0,0.0,0.0,0.0,0.0,0.0,0.0,0.0,0.0,0.0,0.0,0.0,0.0,0.0,8.0,2.0,1.0
794,6.6328232000000025,0,8.1852,1.7702,2.2157,1.801,0.2048,0.0026,0.0058,0.0002,0.051,0.0617,0.0024,0.0008,0.0102,0.0001,0.0013,0.0021,0.0001,0.0001,0.0081,0.0016,0.0004,0.0,0.0038,0.1045,0.0221,0.0,0.0152,0.0,155.0,0.0,92.0,63.0,90.0,0.0,0.0,0.0,0.0,0.0,0.0,0.0,0.0,0.0,0.0,0.0,0.0,0.0,0.0,0.0,0.0,0.0,0.0,8.0,2.0,1.0
795,6.641008400000002,0,8.2271,1.8925,2.1006,1.7665,0.1992,0.0028,0.0084,0.0002,0.0346,0.0482,0.0022,0.0007,0.0109,0.0001,0.0017,0.0015,0.0001,0.0001,0.0082,0.0013,0.0009,0.0,0.004,0.0922,0.0207,0.0,0.0138,0.0,155.0,0.0,92.0,63.0,90.0,0.0,0.0,0.0,0.0,0.0,0.0,0.0,0.0,0.0,0.0,0.0,0.0,0.0,0.0,0.0,0.0,0.0,0.0,8.0,2.0,1.0
796,6.649235500000002,0,8.3975,1.9016,2.1452,1.7154,0.2125,0.0029,0.0082,0.0003,0.0446,0.0583,0.0027,0.0007,0.0111,0.0001,0.0013,0.0016,0.0002,0.0002,0.0081,0.0018,0.0005,0.0,0.0038,0.101,0.0195,0.0,0.0125,0.0,155.0,0.0,92.0,63.0,90.0,0.0,0.0,0.0,0.0,0.0,0.0,0.0,0.0,0.0,0.0,0.0,0.0,0.0,0.0,0.0,0.0,0.0,0.0,8.0,2.0,1.0
797,6.657633000000002,0,8.3682,1.7698,2.1619,1.7241,0.1958,0.0031,0.0088,0.0002,0.0329,0.0473,0.002,0.0007,0.0094,0.0005,0.0016,0.0022,0.0001,0.0001,0.0074,0.0011,0.0004,0.0,0.0034,0.0899,0.0202,0.0,0.0151,0.0,155.0,0.0,92.0,63.0,90.0,0.0,0.0,0.0,0.0,0.0,0.0,0.0,0.0,0.0,0.0,0.0,0.0,0.0,0.0,0.0,0.0,0.0,0.0,8.0,2.0,1.0
798,6.666001200000002,0,8.3968,1.7938,2.2595,1.772,0.2107,0.0029,0.0089,0.0001,0.0433,0.0573,0.0021,0.0008,0.01,0.0007,0.0015,0.002,0.0001,0.0001,0.0082,0.0012,0.0008,0.0001,0.0038,0.1003,0.0209,0.0001,0.0141,0.0,155.0,0.0,92.0,63.0,90.0,0.0,0.0,0.0,0.0,0.0,0.0,0.0,0.0,0.0,0.0,0.0,0.0,0.0,0.0,0.0,0.0,0.0,0.0,8.0,2.0,1.0
799,6.674398000000002,0,8.2857,1.7539,2.0728,1.8434,0.1863,0.0032,0.0082,0.0002,0.034,0.048,0.0017,0.001,0.0094,0.0001,0.0019,0.0014,0.0001,0.0001,0.0078,0.0014,0.0004,0.0001,0.0034,0.0869,0.0193,0.0,0.0151,0.0,155.0,0.0,92.0,63.0,90.0,0.0,0.0,0.0,0.0,0.0,0.0,0.0,0.0,0.0,0.0,0.0,0.0,0.0,0.0,0.0,0.0,0.0,0.0,8.0,2.0,1.0
800,6.682683700000002,0,8.2725,1.7218,2.2177,1.6757,0.2128,0.0042,0.0097,0.0002,0.0406,0.0576,0.0022,0.0009,0.0105,0.0001,0.0019,0.0015,0.0001,0.0004,0.008,0.0013,0.0005,0.0001,0.004,0.101,0.0211,0.0001,0.0139,0.0,155.0,0.0,92.0,63.0,90.0,0.0,0.0,0.0,0.0,0.0,0.0,0.0,0.0,0.0,0.0,0.0,0.0,0.0,0.0,0.0,0.0,0.0,0.0,8.0,2.0,1.0
801,6.690956200000002,0,8.3833,1.7944,2.2058,1.8583,0.2605,0.0029,0.0079,0.0002,0.0502,0.0636,0.0031,0.0012,0.0151,0.0002,0.0024,0.0025,0.0,0.0001,0.0098,0.0019,0.0005,0.0001,0.0069,0.1251,0.042,0.0,0.0138,0.0,155.0,0.0,92.0,63.0,90.0,0.0,0.0,0.0,0.0,0.0,0.0,0.0,0.0,0.0,0.0,0.0,0.0,0.0,0.0,0.0,0.0,0.0,0.0,8.0,2.0,1.0
802,6.6993395000000024,0,8.1461,1.9504,2.0409,1.8026,0.1907,0.0027,0.0082,0.0005,0.0373,0.0511,0.0018,0.0008,0.0091,0.0001,0.0017,0.0016,0.0001,0.0001,0.0087,0.0012,0.0005,0.0001,0.0033,0.0907,0.0235,0.0,0.0128,0.0,155.0,0.0,92.0,63.0,90.0,0.0,0.0,0.0,0.0,0.0,0.0,0.0,0.0,0.0,0.0,0.0,0.0,0.0,0.0,0.0,0.0,0.0,0.0,8.0,2.0,1.0
803,6.707485600000003,0,8.4655,1.9094,2.0091,1.7107,0.199,0.0026,0.006,0.0001,0.0384,0.0493,0.0024,0.0008,0.0107,0.0001,0.0014,0.002,0.0002,0.0001,0.0075,0.0013,0.0009,0.0001,0.0037,0.0922,0.0228,0.0,0.0142,0.0,155.0,0.0,92.0,63.0,90.0,0.0,0.0,0.0,0.0,0.0,0.0,0.0,0.0,0.0,0.0,0.0,0.0,0.0,0.0,0.0,0.0,0.0,0.0,8.0,2.0,1.0
804,6.7159511000000025,0,8.2807,1.9283,2.1323,1.716,0.1999,0.0029,0.0074,0.0002,0.0491,0.0614,0.0024,0.0006,0.0109,0.0001,0.0017,0.0015,0.0,0.0001,0.0089,0.0013,0.0005,0.0,0.004,0.105,0.0194,0.0,0.0166,0.0,155.0,0.0,92.0,63.0,90.0,0.0,0.0,0.0,0.0,0.0,0.0,0.0,0.0,0.0,0.0,0.0,0.0,0.0,0.0,0.0,0.0,0.0,0.0,8.0,2.0,1.0
805,6.724231800000003,0,8.3573,1.9498,2.0665,1.7091,0.1936,0.0031,0.0082,0.0002,0.0285,0.0422,0.0021,0.0007,0.0098,0.0001,0.0012,0.002,0.0,0.0001,0.0078,0.0012,0.001,0.0001,0.0043,0.0848,0.02,0.0001,0.0165,0.0,155.0,0.0,92.0,63.0,90.0,0.0,0.0,0.0,0.0,0.0,0.0,0.0,0.0,0.0,0.0,0.0,0.0,0.0,0.0,0.0,0.0,0.0,0.0,8.0,2.0,1.0
806,6.732589100000003,0,8.3923,1.856,2.1242,1.7619,0.2054,0.0026,0.0078,0.0002,0.0473,0.0602,0.0024,0.0007,0.0103,0.0001,0.0013,0.002,0.0001,0.0001,0.0073,0.0013,0.001,0.0,0.0038,0.1028,0.0213,0.0,0.0137,0.0,155.0,0.0,92.0,63.0,90.0,0.0,0.0,0.0,0.0,0.0,0.0,0.0,0.0,0.0,0.0,0.0,0.0,0.0,0.0,0.0,0.0,0.0,0.0,8.0,2.0,1.0
807,6.740981400000003,0,8.244,1.8012,2.1281,1.7947,0.1996,0.0032,0.0082,0.0005,0.0314,0.0461,0.0022,0.0011,0.0111,0.0001,0.0019,0.0015,0.0001,0.0001,0.0083,0.0013,0.0005,0.0,0.0039,0.0896,0.0207,0.0,0.0137,0.0,155.0,0.0,92.0,63.0,90.0,0.0,0.0,0.0,0.0,0.0,0.0,0.0,0.0,0.0,0.0,0.0,0.0,0.0,0.0,0.0,0.0,0.0,0.0,8.0,2.0,1.0
808,6.749225400000003,0,8.5794,1.7606,2.151,1.6754,0.2558,0.0029,0.0065,0.0001,0.0657,0.0776,0.0025,0.0007,0.0121,0.0003,0.0018,0.0015,0.0,0.0001,0.0096,0.0012,0.0003,0.0001,0.005,0.1291,0.0401,0.0001,0.0148,0.0,155.0,0.0,92.0,63.0,90.0,0.0,0.0,0.0,0.0,0.0,0.0,0.0,0.0,0.0,0.0,0.0,0.0,0.0,0.0,0.0,0.0,0.0,0.0,8.0,2.0,1.0
809,6.757804800000003,0,8.306,1.8752,2.2589,1.7377,0.199,0.0031,0.008,0.0002,0.0333,0.0471,0.002,0.0009,0.01,0.0001,0.0013,0.002,0.0001,0.0001,0.008,0.0012,0.0005,0.0001,0.0033,0.0885,0.021,0.0,0.0137,0.0,155.0,0.0,92.0,63.0,90.0,0.0,0.0,0.0,0.0,0.0,0.0,0.0,0.0,0.0,0.0,0.0,0.0,0.0,0.0,0.0,0.0,0.0,0.0,8.0,2.0,1.0
810,6.766110800000003,0,8.2661,1.8339,2.3574,1.8419,0.2401,0.0036,0.0107,0.0003,0.0508,0.0681,0.0027,0.0009,0.0113,0.0002,0.0014,0.0021,0.0001,0.0001,0.0082,0.0016,0.0006,0.0001,0.004,0.1164,0.0256,0.0,0.0127,0.0,155.0,0.0,92.0,63.0,90.0,0.0,0.0,0.0,0.0,0.0,0.0,0.0,0.0,0.0,0.0,0.0,0.0,0.0,0.0,0.0,0.0,0.0,0.0,8.0,2.0,1.0
811,6.774376900000004,0,8.1695,1.8602,2.0529,1.7651,0.195,0.0044,0.0091,0.0002,0.0258,0.0417,0.0022,0.0009,0.0104,0.0001,0.0019,0.0015,0.0001,0.0005,0.0081,0.0013,0.0004,0.0001,0.0038,0.0842,0.0199,0.0001,0.0154,0.0,155.0,0.0,92.0,63.0,90.0,0.0,0.0,0.0,0.0,0.0,0.0,0.0,0.0,0.0,0.0,0.0,0.0,0.0,0.0,0.0,0.0,0.0,0.0,8.0,2.0,1.0
812,6.782546400000004,0,8.5452,1.6901,2.0584,1.7148,0.1913,0.0029,0.0078,0.0002,0.0415,0.0545,0.0019,0.0006,0.0086,0.0001,0.0018,0.0013,0.0001,0.0001,0.0079,0.0012,0.0004,0.0001,0.0031,0.0922,0.0182,0.0001,0.0156,0.0,155.0,0.0,92.0,63.0,90.0,0.0,0.0,0.0,0.0,0.0,0.0,0.0,0.0,0.0,0.0,0.0,0.0,0.0,0.0,0.0,0.0,0.0,0.0,8.0,2.0,1.0
813,6.791091600000004,0,8.2503,1.7554,2.2633,1.754,0.2085,0.0029,0.009,0.0003,0.036,0.0506,0.0023,0.0007,0.0113,0.0002,0.0015,0.002,0.0001,0.0001,0.0079,0.0013,0.0011,0.0001,0.004,0.0963,0.0208,0.0,0.0146,0.0,155.0,0.0,92.0,63.0,90.0,0.0,0.0,0.0,0.0,0.0,0.0,0.0,0.0,0.0,0.0,0.0,0.0,0.0,0.0,0.0,0.0,0.0,0.0,8.0,2.0,1.0
814,6.799341900000004,0,8.6087,1.8067,2.3339,1.7651,0.2193,0.0031,0.0091,0.0002,0.0399,0.0552,0.0021,0.0009,0.0101,0.0001,0.0016,0.0021,0.0001,0.0001,0.0088,0.0013,0.0006,0.0005,0.0033,0.0993,0.025,0.0,0.0134,0.0,155.0,0.0,92.0,63.0,90.0,0.0,0.0,0.0,0.0,0.0,0.0,0.0,0.0,0.0,0.0,0.0,0.0,0.0,0.0,0.0,0.0,0.0,0.0,8.0,2.0,1.0
815,6.807950600000004,0,8.2975,1.9711,2.6231,2.0905,0.2018,0.0031,0.008,0.0003,0.0339,0.0477,0.002,0.001,0.0108,0.0001,0.0017,0.0016,0.0001,0.0001,0.0086,0.0012,0.0005,0.0001,0.0037,0.0903,0.0219,0.0,0.0136,0.0,155.0,0.0,92.0,63.0,90.0,0.0,0.0,0.0,0.0,0.0,0.0,0.0,0.0,0.0,0.0,0.0,0.0,0.0,0.0,0.0,0.0,0.0,0.0,8.0,2.0,1.0
816,6.816248100000005,0,8.1245,1.8161,2.2675,1.7625,0.2137,0.0026,0.0063,0.0002,0.0525,0.0641,0.0025,0.0008,0.0112,0.0002,0.0013,0.0018,0.0001,0.0001,0.0079,0.0013,0.0005,0.0,0.0044,0.1088,0.0223,0.0,0.0129,0.0,155.0,0.0,92.0,63.0,90.0,0.0,0.0,0.0,0.0,0.0,0.0,0.0,0.0,0.0,0.0,0.0,0.0,0.0,0.0,0.0,0.0,0.0,0.0,8.0,2.0,1.0
817,6.824372600000005,0,8.3605,1.8251,2.2769,1.8189,0.2226,0.003,0.0096,0.0002,0.0355,0.0511,0.0022,0.0009,0.0117,0.0002,0.0019,0.0024,0.0001,0.0001,0.008,0.0013,0.0008,0.0,0.0041,0.0975,0.0261,0.0001,0.0154,0.0,155.0,0.0,92.0,63.0,90.0,0.0,0.0,0.0,0.0,0.0,0.0,0.0,0.0,0.0,0.0,0.0,0.0,0.0,0.0,0.0,0.0,0.0,0.0,8.0,2.0,1.0
818,6.832733100000005,0,8.2239,1.902,2.1246,1.7993,0.1899,0.0028,0.0076,0.0001,0.0398,0.0519,0.0017,0.0006,0.0095,0.0001,0.0015,0.0014,0.0001,0.0001,0.0078,0.0016,0.0004,0.0,0.0033,0.0911,0.0206,0.0001,0.0148,0.0,155.0,0.0,92.0,63.0,90.0,0.0,0.0,0.0,0.0,0.0,0.0,0.0,0.0,0.0,0.0,0.0,0.0,0.0,0.0,0.0,0.0,0.0,0.0,8.0,2.0,1.0
819,6.840957000000005,0,8.3786,1.8409,2.1346,1.8077,0.199,0.0029,0.0085,0.0002,0.0309,0.0459,0.0021,0.0006,0.0108,0.0001,0.0019,0.0017,0.0001,0.0006,0.0084,0.0011,0.0005,0.0001,0.0039,0.0894,0.0199,0.0,0.0142,0.0,155.0,0.0,92.0,63.0,90.0,0.0,0.0,0.0,0.0,0.0,0.0,0.0,0.0,0.0,0.0,0.0,0.0,0.0,0.0,0.0,0.0,0.0,0.0,8.0,2.0,1.0
820,6.849335600000005,0,8.3377,1.8073,2.2276,1.8962,0.2103,0.003,0.0076,0.0002,0.047,0.0601,0.0027,0.0009,0.0121,0.0006,0.0014,0.0015,0.0005,0.0001,0.0079,0.0018,0.0006,0.0001,0.0042,0.1065,0.0213,0.0001,0.0123,0.0,155.0,0.0,92.0,63.0,90.0,0.0,0.0,0.0,0.0,0.0,0.0,0.0,0.0,0.0,0.0,0.0,0.0,0.0,0.0,0.0,0.0,0.0,0.0,8.0,2.0,1.0
821,6.857673300000005,0,8.2851,1.8136,2.1374,1.776,0.1931,0.0027,0.0088,0.0003,0.0342,0.0481,0.0022,0.0006,0.0103,0.0001,0.0016,0.0016,0.0001,0.0001,0.0077,0.0014,0.0005,0.0001,0.0033,0.0875,0.0216,0.0001,0.0143,0.0,155.0,0.0,92.0,63.0,90.0,0.0,0.0,0.0,0.0,0.0,0.0,0.0,0.0,0.0,0.0,0.0,0.0,0.0,0.0,0.0,0.0,0.0,0.0,8.0,2.0,1.0
822,6.865958400000006,0,8.4333,1.8209,2.2488,1.8059,0.2164,0.0029,0.0086,0.0001,0.0487,0.0627,0.003,0.0008,0.012,0.0002,0.0016,0.0017,0.0001,0.0001,0.0085,0.0019,0.0009,0.0,0.0039,0.1103,0.0232,0.0001,0.0135,0.0,155.0,0.0,92.0,63.0,90.0,0.0,0.0,0.0,0.0,0.0,0.0,0.0,0.0,0.0,0.0,0.0,0.0,0.0,0.0,0.0,0.0,0.0,0.0,8.0,2.0,1.0
823,6.874391700000006,0,8.3045,1.7356,2.1212,1.6952,0.2031,0.0031,0.0085,0.0001,0.0369,0.0507,0.0022,0.0009,0.0104,0.0002,0.0016,0.002,0.0001,0.0001,0.0073,0.0013,0.001,0.0,0.0037,0.0938,0.0202,0.0,0.0149,0.0,155.0,0.0,92.0,63.0,90.0,0.0,0.0,0.0,0.0,0.0,0.0,0.0,0.0,0.0,0.0,0.0,0.0,0.0,0.0,0.0,0.0,0.0,0.0,8.0,2.0,1.0
824,6.882696200000006,0,8.2993,1.7644,2.2555,1.8641,0.2297,0.0033,0.0101,0.0002,0.0465,0.0628,0.0023,0.0007,0.0117,0.0002,0.0015,0.0014,0.0001,0.0001,0.0085,0.0013,0.001,0.0001,0.0043,0.1086,0.0283,0.0,0.0144,0.0,155.0,0.0,92.0,63.0,90.0,0.0,0.0,0.0,0.0,0.0,0.0,0.0,0.0,0.0,0.0,0.0,0.0,0.0,0.0,0.0,0.0,0.0,0.0,8.0,2.0,1.0
825,6.890995500000006,0,8.4078,1.7649,2.0718,1.7996,0.1875,0.0033,0.008,0.0001,0.033,0.0461,0.0017,0.0005,0.0097,0.0001,0.0018,0.0015,0.0001,0.0006,0.0078,0.0011,0.0004,0.0001,0.0032,0.0859,0.0188,0.0,0.0152,0.0,155.0,0.0,92.0,63.0,90.0,0.0,0.0,0.0,0.0,0.0,0.0,0.0,0.0,0.0,0.0,0.0,0.0,0.0,0.0,0.0,0.0,0.0,0.0,8.0,2.0,1.0
826,6.899403300000006,0,8.2203,1.8246,2.2237,1.776,0.2106,0.003,0.0088,0.0002,0.0434,0.0572,0.0025,0.0007,0.0106,0.0001,0.0013,0.0019,0.0,0.0001,0.0083,0.0016,0.0005,0.0,0.0039,0.1015,0.0222,0.0,0.0135,0.0,155.0,0.0,92.0,63.0,90.0,0.0,0.0,0.0,0.0,0.0,0.0,0.0,0.0,0.0,0.0,0.0,0.0,0.0,0.0,0.0,0.0,0.0,0.0,8.0,2.0,1.0
827,6.907623600000005,0,8.4055,1.7307,2.2855,1.8063,0.1938,0.0026,0.008,0.0002,0.0357,0.0491,0.0022,0.0007,0.0095,0.0001,0.0015,0.002,0.0001,0.0001,0.0077,0.0012,0.001,0.0,0.0032,0.0891,0.0213,0.0001,0.0165,0.0,155.0,0.0,92.0,63.0,90.0,0.0,0.0,0.0,0.0,0.0,0.0,0.0,0.0,0.0,0.0,0.0,0.0,0.0,0.0,0.0,0.0,0.0,0.0,8.0,2.0,1.0
828,6.916029100000006,0,8.1992,1.8176,2.0423,1.821,0.2036,0.003,0.0082,0.0002,0.043,0.0561,0.0022,0.0007,0.0101,0.0001,0.0013,0.0015,0.0001,0.0001,0.0076,0.0013,0.0006,0.0,0.0037,0.0961,0.024,0.0,0.014,0.0,155.0,0.0,92.0,63.0,90.0,0.0,0.0,0.0,0.0,0.0,0.0,0.0,0.0,0.0,0.0,0.0,0.0,0.0,0.0,0.0,0.0,0.0,0.0,8.0,2.0,1.0
829,6.9242283000000056,0,8.2785,1.7378,2.0008,1.6459,0.191,0.0031,0.0079,0.0002,0.0344,0.048,0.0018,0.0007,0.0093,0.0001,0.0017,0.0012,0.0,0.0001,0.0079,0.0015,0.0004,0.0001,0.0033,0.0869,0.0219,0.0,0.0127,0.0,155.0,0.0,92.0,63.0,90.0,0.0,0.0,0.0,0.0,0.0,0.0,0.0,0.0,0.0,0.0,0.0,0.0,0.0,0.0,0.0,0.0,0.0,0.0,8.0,2.0,1.0
830,6.932506800000006,0,8.5606,1.8176,2.0431,2.0413,0.2079,0.003,0.0098,0.0001,0.0431,0.0581,0.0022,0.0006,0.0111,0.0002,0.0018,0.0015,0.0001,0.0002,0.0075,0.0014,0.0004,0.0,0.0037,0.1011,0.0207,0.0,0.0134,0.0,155.0,0.0,92.0,63.0,90.0,0.0,0.0,0.0,0.0,0.0,0.0,0.0,0.0,0.0,0.0,0.0,0.0,0.0,0.0,0.0,0.0,0.0,0.0,8.0,2.0,1.0
831,6.941067400000006,0,8.194,1.862,2.1884,1.7681,0.2059,0.0031,0.0084,0.0001,0.0363,0.0503,0.0024,0.0007,0.0107,0.0001,0.0012,0.0021,0.0,0.0002,0.0082,0.0017,0.0004,0.0001,0.0039,0.0939,0.0242,0.0,0.0165,0.0,155.0,0.0,92.0,63.0,90.0,0.0,0.0,0.0,0.0,0.0,0.0,0.0,0.0,0.0,0.0,0.0,0.0,0.0,0.0,0.0,0.0,0.0,0.0,8.0,2.0,1.0
832,6.9492614000000055,0,8.3706,1.9125,2.1459,1.778,0.2,0.0039,0.0088,0.0001,0.0312,0.0471,0.0024,0.0007,0.0096,0.0002,0.0012,0.0014,0.0001,0.0001,0.008,0.0013,0.0005,0.0,0.0035,0.0889,0.0231,0.0001,0.0122,0.0,155.0,0.0,92.0,63.0,90.0,0.0,0.0,0.0,0.0,0.0,0.0,0.0,0.0,0.0,0.0,0.0,0.0,0.0,0.0,0.0,0.0,0.0,0.0,8.0,2.0,1.0
833,6.957632000000006,0,8.4226,1.8238,2.1998,1.7493,0.2661,0.0033,0.0101,0.0001,0.052,0.069,0.0029,0.0007,0.0136,0.0003,0.0022,0.0017,0.0001,0.0001,0.0093,0.0017,0.0006,0.0,0.007,0.1257,0.038,0.0,0.012,0.0,155.0,0.0,92.0,63.0,90.0,0.0,0.0,0.0,0.0,0.0,0.0,0.0,0.0,0.0,0.0,0.0,0.0,0.0,0.0,0.0,0.0,0.0,0.0,8.0,2.0,1.0
834,6.966054600000006,0,8.2158,1.8321,2.1979,1.7807,0.2029,0.0037,0.0086,0.0002,0.0428,0.0574,0.0021,0.0008,0.0103,0.0001,0.0015,0.0017,0.0001,0.0001,0.0081,0.0016,0.0005,0.0002,0.0034,0.0983,0.0235,0.0,0.0134,0.0,155.0,0.0,92.0,63.0,90.0,0.0,0.0,0.0,0.0,0.0,0.0,0.0,0.0,0.0,0.0,0.0,0.0,0.0,0.0,0.0,0.0,0.0,0.0,8.0,2.0,1.0
835,6.974270400000006,0,8.4968,1.76,2.0768,1.9919,0.2154,0.0032,0.009,0.0002,0.037,0.0516,0.0023,0.0008,0.0119,0.0002,0.0022,0.0017,0.0001,0.0001,0.0083,0.0013,0.001,0.0001,0.004,0.098,0.0241,0.0,0.0123,0.0,155.0,0.0,92.0,63.0,90.0,0.0,0.0,0.0,0.0,0.0,0.0,0.0,0.0,0.0,0.0,0.0,0.0,0.0,0.0,0.0,0.0,0.0,0.0,8.0,2.0,1.0
836,6.982767200000006,0,8.2305,1.7796,2.2144,1.7381,0.196,0.0027,0.0081,0.0002,0.0383,0.0516,0.002,0.0005,0.0106,0.0001,0.0017,0.0016,0.0001,0.0001,0.0079,0.0017,0.0005,0.0,0.0033,0.0928,0.022,0.0,0.0133,0.0,155.0,0.0,92.0,63.0,90.0,0.0,0.0,0.0,0.0,0.0,0.0,0.0,0.0,0.0,0.0,0.0,0.0,0.0,0.0,0.0,0.0,0.0,0.0,8.0,2.0,1.0
837,6.990997700000006,0,8.33,1.7436,2.189,1.8314,0.2092,0.003,0.0088,0.0002,0.033,0.0482,0.0023,0.0008,0.0102,0.0001,0.0016,0.0022,0.0001,0.0002,0.0083,0.0014,0.0005,0.0001,0.0038,0.0932,0.0232,0.0,0.0128,0.0,155.0,0.0,92.0,63.0,90.0,0.0,0.0,0.0,0.0,0.0,0.0,0.0,0.0,0.0,0.0,0.0,0.0,0.0,0.0,0.0,0.0,0.0,0.0,8.0,2.0,1.0
838,6.999327700000006,0,8.1862,1.8964,2.1001,1.8815,0.2053,0.0031,0.0083,0.0001,0.0448,0.0586,0.0025,0.0009,0.0102,0.0002,0.0013,0.0021,0.0001,0.0001,0.0079,0.0011,0.001,0.0001,0.0038,0.1012,0.0208,0.0,0.0142,0.0,155.0,0.0,92.0,63.0,90.0,0.0,0.0,0.0,0.0,0.0,0.0,0.0,0.0,0.0,0.0,0.0,0.0,0.0,0.0,0.0,0.0,0.0,0.0,8.0,2.0,1.0
839,7.0075139000000055,0,8.513,1.7879,2.0206,1.7383,0.2043,0.0036,0.0089,0.0002,0.0336,0.0484,0.0027,0.0009,0.0118,0.0001,0.0017,0.0017,0.0001,0.0001,0.0089,0.0013,0.0004,0.0,0.0039,0.093,0.0253,0.0,0.0152,0.0,155.0,0.0,92.0,63.0,90.0,0.0,0.0,0.0,0.0,0.0,0.0,0.0,0.0,0.0,0.0,0.0,0.0,0.0,0.0,0.0,0.0,0.0,0.0,8.0,2.0,1.0
840,7.016026900000005,0,8.7142,1.8356,2.5662,1.7374,0.2423,0.0043,0.0107,0.0004,0.058,0.0759,0.0023,0.0009,0.0114,0.0001,0.0021,0.0017,0.0001,0.0006,0.0096,0.0013,0.0005,0.0,0.0033,0.1212,0.0252,0.0,0.0155,0.0,155.0,0.0,92.0,63.0,90.0,0.0,0.0,0.0,0.0,0.0,0.0,0.0,0.0,0.0,0.0,0.0,0.0,0.0,0.0,0.0,0.0,0.0,0.0,8.0,2.0,1.0
841,7.024741100000005,0,8.0083,1.9474,2.3446,1.8133,0.2076,0.0029,0.0063,0.0002,0.0345,0.0472,0.0023,0.0008,0.0119,0.0001,0.002,0.0017,0.0001,0.0001,0.0088,0.0012,0.001,0.0,0.0037,0.0934,0.0214,0.0,0.0136,0.0,155.0,0.0,92.0,63.0,90.0,0.0,0.0,0.0,0.0,0.0,0.0,0.0,0.0,0.0,0.0,0.0,0.0,0.0,0.0,0.0,0.0,0.0,0.0,8.0,2.0,1.0
842,7.0327494000000055,0,8.3542,1.7775,2.2552,1.7251,0.1908,0.0027,0.0087,0.0002,0.0354,0.0491,0.0019,0.0008,0.0104,0.0002,0.0019,0.0014,0.0001,0.0001,0.0088,0.0011,0.0005,0.0,0.0035,0.0913,0.0205,0.0,0.0173,0.0,155.0,0.0,92.0,63.0,90.0,0.0,0.0,0.0,0.0,0.0,0.0,0.0,0.0,0.0,0.0,0.0,0.0,0.0,0.0,0.0,0.0,0.0,0.0,8.0,2.0,1.0
843,7.041103600000006,0,8.1581,1.8356,2.1315,1.7688,0.2098,0.0028,0.009,0.0002,0.0379,0.0528,0.0023,0.0007,0.0101,0.0002,0.0017,0.0015,0.0001,0.0002,0.0085,0.0012,0.0004,0.0,0.0037,0.0987,0.0215,0.0,0.0135,0.0,155.0,0.0,92.0,63.0,90.0,0.0,0.0,0.0,0.0,0.0,0.0,0.0,0.0,0.0,0.0,0.0,0.0,0.0,0.0,0.0,0.0,0.0,0.0,8.0,2.0,1.0
844,7.049261700000006,0,8.3378,1.8059,2.1409,1.6914,0.2081,0.0042,0.0102,0.0002,0.0348,0.0517,0.0026,0.0008,0.0104,0.0002,0.0014,0.0018,0.0001,0.0002,0.0088,0.0019,0.0005,0.0,0.0036,0.0951,0.023,0.0,0.0133,0.0,155.0,0.0,92.0,63.0,90.0,0.0,0.0,0.0,0.0,0.0,0.0,0.0,0.0,0.0,0.0,0.0,0.0,0.0,0.0,0.0,0.0,0.0,0.0,8.0,2.0,1.0
845,7.057599500000006,0,8.2218,1.9308,2.0306,1.7538,0.2047,0.0033,0.0102,0.0002,0.032,0.048,0.0022,0.0013,0.0113,0.0002,0.0014,0.0016,0.0,0.0002,0.0083,0.0012,0.0004,0.0,0.004,0.0924,0.0209,0.0,0.0131,0.0,155.0,0.0,92.0,63.0,90.0,0.0,0.0,0.0,0.0,0.0,0.0,0.0,0.0,0.0,0.0,0.0,0.0,0.0,0.0,0.0,0.0,0.0,0.0,8.0,2.0,1.0
846,7.065821300000006,0,8.5959,1.852,2.0705,1.7149,0.1941,0.0028,0.0077,0.0003,0.0425,0.0555,0.0022,0.0007,0.0095,0.0002,0.0013,0.0021,0.0001,0.0001,0.0081,0.0011,0.0008,0.0001,0.0033,0.0954,0.0221,0.0,0.0144,0.0,155.0,0.0,92.0,63.0,90.0,0.0,0.0,0.0,0.0,0.0,0.0,0.0,0.0,0.0,0.0,0.0,0.0,0.0,0.0,0.0,0.0,0.0,0.0,8.0,2.0,1.0
847,7.074417200000006,0,8.0883,1.8395,2.1865,1.7928,0.171,0.0031,0.0078,0.0003,0.0231,0.0371,0.0022,0.0005,0.0072,0.0002,0.0019,0.0012,0.0001,0.0001,0.0079,0.0014,0.0004,0.0001,0.003,0.0729,0.0197,0.0,0.0143,0.0,155.0,0.0,92.0,63.0,90.0,0.0,0.0,0.0,0.0,0.0,0.0,0.0,0.0,0.0,0.0,0.0,0.0,0.0,0.0,0.0,0.0,0.0,0.0,8.0,2.0,1.0
848,7.082505500000006,0,8.4662,1.8232,2.0394,1.6907,0.185,0.0026,0.0084,0.0001,0.0398,0.0534,0.0017,0.0006,0.0086,0.0001,0.0013,0.0013,0.0,0.0001,0.0076,0.0012,0.0003,0.0001,0.0033,0.0894,0.0212,0.0,0.0132,0.0,155.0,0.0,92.0,63.0,90.0,0.0,0.0,0.0,0.0,0.0,0.0,0.0,0.0,0.0,0.0,0.0,0.0,0.0,0.0,0.0,0.0,0.0,0.0,8.0,2.0,1.0
849,7.090971700000006,0,8.3707,1.8243,2.1612,1.7268,0.2137,0.0028,0.0093,0.0002,0.039,0.054,0.0035,0.0009,0.0128,0.0002,0.0013,0.0025,0.0001,0.0002,0.0086,0.002,0.0005,0.0001,0.0038,0.1014,0.0225,0.0,0.0139,0.0,155.0,0.0,92.0,63.0,90.0,0.0,0.0,0.0,0.0,0.0,0.0,0.0,0.0,0.0,0.0,0.0,0.0,0.0,0.0,0.0,0.0,0.0,0.0,8.0,2.0,1.0
850,7.0993424000000065,0,8.7385,1.9613,2.5367,1.8838,0.236,0.0038,0.0092,0.0003,0.04,0.0562,0.0023,0.001,0.0129,0.0001,0.002,0.0017,0.0001,0.0001,0.0095,0.0015,0.0005,0.0,0.0041,0.1058,0.0257,0.0,0.0122,0.0,155.0,0.0,92.0,63.0,90.0,0.0,0.0,0.0,0.0,0.0,0.0,0.0,0.0,0.0,0.0,0.0,0.0,0.0,0.0,0.0,0.0,0.0,0.0,8.0,2.0,1.0
851,7.108080900000006,0,7.9377,1.9296,2.297,1.9732,0.2112,0.0029,0.0093,0.0003,0.0335,0.0486,0.0023,0.0009,0.0117,0.0001,0.0015,0.0022,0.0001,0.0001,0.0092,0.0015,0.0005,0.0001,0.0038,0.0956,0.0219,0.0,0.0139,0.0,155.0,0.0,92.0,63.0,90.0,0.0,0.0,0.0,0.0,0.0,0.0,0.0,0.0,0.0,0.0,0.0,0.0,0.0,0.0,0.0,0.0,0.0,0.0,8.0,2.0,1.0
852,7.1160186000000065,0,8.7005,1.8721,2.3871,1.8956,0.2176,0.0032,0.0096,0.0002,0.0468,0.0621,0.002,0.001,0.0105,0.0002,0.0022,0.0017,0.0006,0.0001,0.0083,0.0012,0.001,0.0,0.0033,0.1083,0.0223,0.0,0.0141,0.0,155.0,0.0,92.0,63.0,90.0,0.0,0.0,0.0,0.0,0.0,0.0,0.0,0.0,0.0,0.0,0.0,0.0,0.0,0.0,0.0,0.0,0.0,0.0,8.0,2.0,1.0
853,7.124719100000006,0,8.3345,2.0067,2.4386,1.9484,0.2155,0.0035,0.0086,0.0001,0.0346,0.0494,0.0021,0.0011,0.0103,0.0001,0.0015,0.0022,0.0001,0.0003,0.0088,0.0017,0.0005,0.0001,0.0031,0.0932,0.0256,0.0,0.0149,0.0,155.0,0.0,92.0,63.0,90.0,0.0,0.0,0.0,0.0,0.0,0.0,0.0,0.0,0.0,0.0,0.0,0.0,0.0,0.0,0.0,0.0,0.0,0.0,8.0,2.0,1.0
854,7.133053600000006,0,8.0878,2.2552,2.4821,1.8996,0.2071,0.0032,0.0084,0.0002,0.0387,0.0529,0.0019,0.0008,0.0105,0.0001,0.0021,0.0016,0.0001,0.0001,0.0088,0.0013,0.0004,0.0001,0.0036,0.0966,0.0232,0.0,0.0134,0.0,155.0,0.0,92.0,63.0,90.0,0.0,0.0,0.0,0.0,0.0,0.0,0.0,0.0,0.0,0.0,0.0,0.0,0.0,0.0,0.0,0.0,0.0,0.0,8.0,2.0,1.0
855,7.141141400000007,0,8.1309,1.8744,2.21,1.8082,0.1919,0.0029,0.0061,0.0002,0.0375,0.0491,0.0019,0.0007,0.0097,0.0001,0.0013,0.0014,0.0001,0.0001,0.009,0.0012,0.0005,0.0002,0.0033,0.0898,0.0217,0.0001,0.0153,0.0,155.0,0.0,92.0,63.0,90.0,0.0,0.0,0.0,0.0,0.0,0.0,0.0,0.0,0.0,0.0,0.0,0.0,0.0,0.0,0.0,0.0,0.0,0.0,8.0,2.0,1.0
856,7.149272300000007,0,8.6486,1.8842,2.2899,1.7457,0.2393,0.0035,0.0106,0.0002,0.0445,0.0614,0.0023,0.0009,0.0116,0.0002,0.0016,0.002,0.0002,0.0001,0.0094,0.0013,0.0005,0.0005,0.0039,0.1103,0.0261,0.0,0.0151,0.0,155.0,0.0,92.0,63.0,90.0,0.0,0.0,0.0,0.0,0.0,0.0,0.0,0.0,0.0,0.0,0.0,0.0,0.0,0.0,0.0,0.0,0.0,0.0,8.0,2.0,1.0
857,7.157920900000007,0,8.3462,1.8715,2.5329,1.8789,0.2077,0.0035,0.0093,0.0002,0.0365,0.0517,0.0021,0.0007,0.0102,0.0002,0.0018,0.0019,0.0001,0.0002,0.0081,0.0013,0.0004,0.0001,0.0034,0.0938,0.0223,0.0,0.015,0.0,155.0,0.0,92.0,63.0,90.0,0.0,0.0,0.0,0.0,0.0,0.0,0.0,0.0,0.0,0.0,0.0,0.0,0.0,0.0,0.0,0.0,0.0,0.0,8.0,2.0,1.0
858,7.166267100000007,0,8.32,1.8897,2.275,1.8413,0.2747,0.0032,0.0087,0.0002,0.0652,0.0805,0.0035,0.0011,0.0158,0.0002,0.0027,0.0017,0.0001,0.0001,0.0093,0.0015,0.0006,0.0001,0.0049,0.1407,0.036,0.0001,0.0129,0.0,155.0,0.0,92.0,63.0,90.0,0.0,0.0,0.0,0.0,0.0,0.0,0.0,0.0,0.0,0.0,0.0,0.0,0.0,0.0,0.0,0.0,0.0,0.0,8.0,2.0,1.0
859,7.174587100000007,0,8.2235,2.2863,2.3509,1.8768,0.2135,0.0031,0.0092,0.0002,0.0381,0.0535,0.0022,0.001,0.0099,0.0001,0.0015,0.002,0.0001,0.0001,0.0083,0.0014,0.0005,0.0001,0.0035,0.0961,0.0242,0.0,0.0143,0.0,155.0,0.0,92.0,63.0,90.0,0.0,0.0,0.0,0.0,0.0,0.0,0.0,0.0,0.0,0.0,0.0,0.0,0.0,0.0,0.0,0.0,0.0,0.0,8.0,2.0,1.0
860,7.182810600000007,0,8.4837,1.9787,2.5437,2.0067,0.2385,0.0033,0.0074,0.0001,0.0619,0.0753,0.0025,0.0009,0.0123,0.0002,0.0016,0.0024,0.0,0.0001,0.0088,0.0014,0.0005,0.0001,0.004,0.1238,0.0242,0.0,0.0153,0.0,155.0,0.0,92.0,63.0,90.0,0.0,0.0,0.0,0.0,0.0,0.0,0.0,0.0,0.0,0.0,0.0,0.0,0.0,0.0,0.0,0.0,0.0,0.0,8.0,2.0,1.0
861,7.191294300000007,0,8.4979,1.9587,2.3818,1.9573,0.2185,0.003,0.0093,0.0002,0.0406,0.0554,0.0021,0.0007,0.0118,0.0002,0.0018,0.0016,0.0006,0.0001,0.009,0.0017,0.0004,0.0001,0.0034,0.1013,0.0273,0.0,0.0155,0.0,155.0,0.0,92.0,63.0,90.0,0.0,0.0,0.0,0.0,0.0,0.0,0.0,0.0,0.0,0.0,0.0,0.0,0.0,0.0,0.0,0.0,0.0,0.0,8.0,2.0,1.0
862,7.199792200000007,0,8.1702,1.9172,2.6163,1.821,0.2132,0.0036,0.0106,0.0002,0.039,0.0557,0.0019,0.0011,0.0108,0.0006,0.0016,0.0022,0.0001,0.0001,0.0081,0.0012,0.001,0.0001,0.0035,0.0985,0.0226,0.0,0.0145,0.0,155.0,0.0,92.0,63.0,90.0,0.0,0.0,0.0,0.0,0.0,0.0,0.0,0.0,0.0,0.0,0.0,0.0,0.0,0.0,0.0,0.0,0.0,0.0,8.0,2.0,1.0
863,7.2079624000000075,0,8.2032,1.8925,2.4447,1.8501,0.2086,0.0028,0.0085,0.0001,0.0449,0.0591,0.0023,0.0007,0.0098,0.0001,0.0015,0.0022,0.0001,0.0001,0.0085,0.0016,0.0005,0.0001,0.0033,0.1011,0.0235,0.0001,0.0156,0.0,155.0,0.0,92.0,63.0,90.0,0.0,0.0,0.0,0.0,0.0,0.0,0.0,0.0,0.0,0.0,0.0,0.0,0.0,0.0,0.0,0.0,0.0,0.0,8.0,2.0,1.0
864,7.216165600000007,0,8.4763,2.0305,2.2702,1.9363,0.2382,0.0037,0.0097,0.0001,0.0441,0.061,0.0019,0.0008,0.0101,0.0001,0.002,0.0018,0.0002,0.0002,0.0083,0.0014,0.0005,0.0001,0.0033,0.1034,0.023,0.0,0.0154,0.0,155.0,0.0,92.0,63.0,90.0,0.0,0.0,0.0,0.0,0.0,0.0,0.0,0.0,0.0,0.0,0.0,0.0,0.0,0.0,0.0,0.0,0.0,0.0,8.0,2.0,1.0
865,7.224641900000007,0,9.0104,2.2334,3.1642,2.3252,0.2267,0.0033,0.0101,0.0003,0.0477,0.064,0.0023,0.0009,0.0113,0.0002,0.0018,0.0018,0.0004,0.0001,0.0085,0.0017,0.0005,0.0001,0.0033,0.1075,0.0238,0.0,0.0135,0.0,155.0,0.0,92.0,63.0,90.0,0.0,0.0,0.0,0.0,0.0,0.0,0.0,0.0,0.0,0.0,0.0,0.0,0.0,0.0,0.0,0.0,0.0,0.0,8.0,2.0,1.0
866,7.233652300000007,0,7.6234,1.9646,2.5297,1.9056,0.2311,0.0027,0.0071,0.0002,0.0499,0.0624,0.0021,0.001,0.0124,0.0001,0.0016,0.002,0.0001,0.0001,0.0087,0.0017,0.0006,0.0001,0.004,0.1103,0.0235,0.0,0.0135,0.0,155.0,0.0,92.0,63.0,90.0,0.0,0.0,0.0,0.0,0.0,0.0,0.0,0.0,0.0,0.0,0.0,0.0,0.0,0.0,0.0,0.0,0.0,0.0,8.0,2.0,1.0
867,7.241275700000007,0,8.1933,2.0902,2.2942,1.938,0.1982,0.003,0.0081,0.0002,0.037,0.0503,0.002,0.0006,0.0095,0.0001,0.0014,0.0021,0.0001,0.0002,0.0079,0.0012,0.0005,0.0001,0.0033,0.0905,0.0211,0.0001,0.0136,0.0,155.0,0.0,92.0,63.0,90.0,0.0,0.0,0.0,0.0,0.0,0.0,0.0,0.0,0.0,0.0,0.0,0.0,0.0,0.0,0.0,0.0,0.0,0.0,8.0,2.0,1.0
868,7.2494690000000075,0,8.1624,1.9237,2.19,1.8518,0.2124,0.0025,0.006,0.0002,0.056,0.0673,0.0022,0.0008,0.0104,0.0001,0.0014,0.0015,0.0001,0.0001,0.0087,0.0012,0.001,0.0,0.0037,0.1104,0.0217,0.0001,0.0138,0.0,155.0,0.0,92.0,63.0,90.0,0.0,0.0,0.0,0.0,0.0,0.0,0.0,0.0,0.0,0.0,0.0,0.0,0.0,0.0,0.0,0.0,0.0,0.0,8.0,2.0,1.0
869,7.257631400000007,0,8.347,1.7844,2.1378,1.8923,0.1985,0.0031,0.0097,0.0002,0.0318,0.0477,0.0021,0.0008,0.0108,0.0001,0.0018,0.0015,0.0001,0.0001,0.0084,0.0011,0.0009,0.0,0.0032,0.0894,0.0213,0.0,0.0132,0.0,155.0,0.0,92.0,63.0,90.0,0.0,0.0,0.0,0.0,0.0,0.0,0.0,0.0,0.0,0.0,0.0,0.0,0.0,0.0,0.0,0.0,0.0,0.0,8.0,2.0,1.0
870,7.265978400000007,0,8.3845,1.8414,2.1694,1.6999,0.2071,0.0027,0.0086,0.0001,0.0412,0.0547,0.0025,0.0007,0.01,0.0002,0.0012,0.002,0.0001,0.0001,0.0081,0.0013,0.0009,0.0001,0.0039,0.0974,0.0237,0.0001,0.0142,0.0,155.0,0.0,92.0,63.0,90.0,0.0,0.0,0.0,0.0,0.0,0.0,0.0,0.0,0.0,0.0,0.0,0.0,0.0,0.0,0.0,0.0,0.0,0.0,8.0,2.0,1.0
871,7.274362900000007,0,8.2566,1.8385,2.0707,1.8865,0.1884,0.0031,0.0079,0.0002,0.0267,0.0401,0.002,0.0008,0.0095,0.0001,0.0013,0.0021,0.0002,0.0001,0.0083,0.0016,0.0005,0.0,0.0037,0.0826,0.0198,0.0001,0.015,0.0,155.0,0.0,92.0,63.0,90.0,0.0,0.0,0.0,0.0,0.0,0.0,0.0,0.0,0.0,0.0,0.0,0.0,0.0,0.0,0.0,0.0,0.0,0.0,8.0,2.0,1.0
872,7.282619500000007,0,8.5683,1.7712,2.2547,1.7703,0.2344,0.003,0.0095,0.0002,0.062,0.0769,0.0029,0.0006,0.0117,0.0002,0.0021,0.0014,0.0001,0.0001,0.0089,0.0012,0.0005,0.0001,0.0037,0.1211,0.023,0.0,0.0154,0.0,155.0,0.0,92.0,63.0,90.0,0.0,0.0,0.0,0.0,0.0,0.0,0.0,0.0,0.0,0.0,0.0,0.0,0.0,0.0,0.0,0.0,0.0,0.0,8.0,2.0,1.0
873,7.291187800000007,0,8.1262,1.8804,2.2615,1.9188,0.2021,0.0044,0.0096,0.0002,0.0263,0.0431,0.002,0.0008,0.0101,0.0001,0.0013,0.002,0.0,0.0002,0.0082,0.0016,0.0005,0.0,0.0035,0.0855,0.0205,0.0,0.0142,0.0,155.0,0.0,92.0,63.0,90.0,0.0,0.0,0.0,0.0,0.0,0.0,0.0,0.0,0.0,0.0,0.0,0.0,0.0,0.0,0.0,0.0,0.0,0.0,8.0,2.0,1.0
874,7.299314000000008,0,8.4317,1.9196,2.2649,1.8995,0.19,0.0022,0.008,0.0001,0.0399,0.0522,0.0017,0.0008,0.0093,0.0001,0.0015,0.0015,0.0001,0.0001,0.0076,0.0018,0.0004,0.0001,0.0032,0.0906,0.0208,0.0001,0.0132,0.0,155.0,0.0,92.0,63.0,90.0,0.0,0.0,0.0,0.0,0.0,0.0,0.0,0.0,0.0,0.0,0.0,0.0,0.0,0.0,0.0,0.0,0.0,0.0,8.0,2.0,1.0
875,7.307745700000008,0,8.1566,1.8452,2.0778,1.8643,0.1972,0.0037,0.0096,0.0002,0.0299,0.0456,0.0021,0.0008,0.0102,0.0001,0.0017,0.0013,0.0001,0.0001,0.009,0.0013,0.001,0.0002,0.0038,0.0883,0.023,0.0001,0.0135,0.0,155.0,0.0,92.0,63.0,90.0,0.0,0.0,0.0,0.0,0.0,0.0,0.0,0.0,0.0,0.0,0.0,0.0,0.0,0.0,0.0,0.0,0.0,0.0,8.0,2.0,1.0
876,7.315902300000008,0,8.453,1.8132,2.1525,1.7347,0.2133,0.0033,0.0085,0.0002,0.0443,0.0588,0.0021,0.0006,0.0109,0.0001,0.0018,0.0013,0.0001,0.0002,0.0083,0.0013,0.0005,0.0001,0.0042,0.1019,0.0236,0.0,0.0155,0.0,155.0,0.0,92.0,63.0,90.0,0.0,0.0,0.0,0.0,0.0,0.0,0.0,0.0,0.0,0.0,0.0,0.0,0.0,0.0,0.0,0.0,0.0,0.0,8.0,2.0,1.0
877,7.324355300000009,0,8.2792,1.882,2.1397,1.7072,0.2015,0.0029,0.0099,0.0001,0.0347,0.0503,0.0019,0.0007,0.011,0.0001,0.0017,0.0016,0.0001,0.0001,0.0084,0.0013,0.0005,0.0,0.0042,0.0937,0.0203,0.0001,0.0132,0.0,155.0,0.0,92.0,63.0,90.0,0.0,0.0,0.0,0.0,0.0,0.0,0.0,0.0,0.0,0.0,0.0,0.0,0.0,0.0,0.0,0.0,0.0,0.0,8.0,2.0,1.0
878,7.332634500000008,0,8.3348,1.9368,2.136,1.7993,0.2079,0.0031,0.0066,0.0002,0.0487,0.0609,0.0024,0.0009,0.0114,0.0001,0.0018,0.0014,0.0001,0.0001,0.0091,0.0015,0.0005,0.0001,0.0039,0.1056,0.0218,0.0,0.0134,0.0,155.0,0.0,92.0,63.0,90.0,0.0,0.0,0.0,0.0,0.0,0.0,0.0,0.0,0.0,0.0,0.0,0.0,0.0,0.0,0.0,0.0,0.0,0.0,8.0,2.0,1.0
879,7.340969300000008,0,8.4747,1.7352,2.0881,1.6538,0.2358,0.0047,0.0117,0.0002,0.0455,0.0654,0.0027,0.0009,0.0131,0.0001,0.0017,0.0025,0.0,0.0001,0.0094,0.0015,0.0009,0.0001,0.0041,0.1143,0.0266,0.0001,0.0147,0.0,155.0,0.0,92.0,63.0,90.0,0.0,0.0,0.0,0.0,0.0,0.0,0.0,0.0,0.0,0.0,0.0,0.0,0.0,0.0,0.0,0.0,0.0,0.0,8.0,2.0,1.0
880,7.349444000000008,0,8.3263,1.8312,2.3608,1.9013,0.2208,0.0026,0.0076,0.0001,0.0478,0.0604,0.003,0.0007,0.0111,0.0002,0.0016,0.0018,0.0,0.0001,0.0087,0.0017,0.0005,0.0002,0.0039,0.1056,0.0232,0.0,0.0135,0.0,155.0,0.0,92.0,63.0,90.0,0.0,0.0,0.0,0.0,0.0,0.0,0.0,0.0,0.0,0.0,0.0,0.0,0.0,0.0,0.0,0.0,0.0,0.0,8.0,2.0,1.0
881,7.357770300000008,0,8.2736,1.9473,2.2405,1.7668,0.2112,0.0031,0.0089,0.0003,0.0393,0.0551,0.002,0.0007,0.0112,0.0002,0.0016,0.002,0.0001,0.0002,0.0084,0.0012,0.0005,0.0,0.0039,0.0994,0.0253,0.0,0.0148,0.0,155.0,0.0,92.0,63.0,90.0,0.0,0.0,0.0,0.0,0.0,0.0,0.0,0.0,0.0,0.0,0.0,0.0,0.0,0.0,0.0,0.0,0.0,0.0,8.0,2.0,1.0
882,7.366043900000008,0,8.5472,1.8075,2.2877,1.935,0.1987,0.0032,0.0087,0.0001,0.0413,0.0553,0.0019,0.0007,0.009,0.0,0.0013,0.0015,0.0,0.0001,0.0076,0.0012,0.0004,0.0001,0.0036,0.0955,0.0231,0.0001,0.0153,0.0,155.0,0.0,92.0,63.0,90.0,0.0,0.0,0.0,0.0,0.0,0.0,0.0,0.0,0.0,0.0,0.0,0.0,0.0,0.0,0.0,0.0,0.0,0.0,8.0,2.0,1.0
883,7.374591100000008,0,7.937,1.7637,2.1676,1.7923,0.1861,0.0025,0.0084,0.0002,0.0332,0.0466,0.0018,0.001,0.0102,0.0001,0.0016,0.0016,0.0,0.0006,0.0082,0.0013,0.0004,0.0,0.0036,0.0873,0.0201,0.0001,0.0135,0.0,155.0,0.0,92.0,63.0,90.0,0.0,0.0,0.0,0.0,0.0,0.0,0.0,0.0,0.0,0.0,0.0,0.0,0.0,0.0,0.0,0.0,0.0,0.0,8.0,2.0,1.0
884,7.382528100000008,0,8.4462,1.7971,2.0174,1.7405,0.2095,0.0028,0.0081,0.0001,0.0518,0.0652,0.0022,0.0009,0.0107,0.0001,0.0017,0.0016,0.0,0.0001,0.0081,0.0013,0.0004,0.0001,0.0036,0.1083,0.0227,0.0,0.0142,0.0,155.0,0.0,92.0,63.0,90.0,0.0,0.0,0.0,0.0,0.0,0.0,0.0,0.0,0.0,0.0,0.0,0.0,0.0,0.0,0.0,0.0,0.0,0.0,8.0,2.0,1.0
885,7.390974300000008,0,8.4644,1.7754,2.2127,1.7589,0.1942,0.0027,0.0089,0.0001,0.0317,0.046,0.0024,0.0007,0.0107,0.0002,0.0017,0.0015,0.0001,0.0001,0.0079,0.0016,0.0005,0.0001,0.0034,0.0866,0.0241,0.0001,0.0126,0.0,155.0,0.0,92.0,63.0,90.0,0.0,0.0,0.0,0.0,0.0,0.0,0.0,0.0,0.0,0.0,0.0,0.0,0.0,0.0,0.0,0.0,0.0,0.0,8.0,2.0,1.0
886,7.399438700000008,0,8.1893,1.9317,2.1932,1.8967,0.198,0.0042,0.0099,0.0002,0.0344,0.051,0.0021,0.0007,0.009,0.0001,0.0012,0.0016,0.0,0.0001,0.0079,0.0013,0.0004,0.0,0.0039,0.0915,0.0201,0.0001,0.0133,0.0,155.0,0.0,92.0,63.0,90.0,0.0,0.0,0.0,0.0,0.0,0.0,0.0,0.0,0.0,0.0,0.0,0.0,0.0,0.0,0.0,0.0,0.0,0.0,8.0,2.0,1.0
887,7.407628000000008,0,8.2052,1.9165,2.0554,1.7364,0.1805,0.0024,0.0082,0.0002,0.031,0.0439,0.0021,0.0007,0.0088,0.0002,0.0014,0.0019,0.0001,0.0001,0.0075,0.0011,0.0005,0.0006,0.0033,0.083,0.0218,0.0001,0.0138,0.0,155.0,0.0,92.0,63.0,90.0,0.0,0.0,0.0,0.0,0.0,0.0,0.0,0.0,0.0,0.0,0.0,0.0,0.0,0.0,0.0,0.0,0.0,0.0,8.0,2.0,1.0
888,7.415833200000008,0,8.4618,1.8486,2.1148,1.6921,0.2817,0.0031,0.0097,0.0003,0.0578,0.0731,0.003,0.0011,0.0194,0.0003,0.0032,0.0024,0.0001,0.0001,0.0103,0.002,0.0005,0.0002,0.0071,0.1415,0.0509,0.0001,0.0137,0.0,155.0,0.0,92.0,63.0,90.0,0.0,0.0,0.0,0.0,0.0,0.0,0.0,0.0,0.0,0.0,0.0,0.0,0.0,0.0,0.0,0.0,0.0,0.0,8.0,2.0,1.0
889,7.424295000000008,0,8.6372,1.8588,2.3314,1.7713,0.214,0.0028,0.0062,0.0002,0.0413,0.0535,0.0025,0.001,0.0127,0.0002,0.0017,0.0019,0.0002,0.0001,0.0085,0.0019,0.0005,0.0002,0.0042,0.1017,0.023,0.0,0.0154,0.0,155.0,0.0,92.0,63.0,90.0,0.0,0.0,0.0,0.0,0.0,0.0,0.0,0.0,0.0,0.0,0.0,0.0,0.0,0.0,0.0,0.0,0.0,0.0,8.0,2.0,1.0
890,7.432932200000008,0,8.1078,1.9112,2.2978,1.8339,0.2095,0.003,0.0065,0.0002,0.0476,0.0593,0.0023,0.0009,0.0111,0.0001,0.0012,0.0017,0.0,0.0001,0.0079,0.0013,0.0009,0.0001,0.0037,0.1027,0.0234,0.0001,0.0142,0.0,155.0,0.0,92.0,63.0,90.0,0.0,0.0,0.0,0.0,0.0,0.0,0.0,0.0,0.0,0.0,0.0,0.0,0.0,0.0,0.0,0.0,0.0,0.0,8.0,2.0,1.0
891,7.441040000000008,0,8.3108,1.8117,2.0251,1.7832,0.1981,0.0032,0.0088,0.0002,0.0312,0.0454,0.0024,0.0006,0.0115,0.0002,0.0015,0.0016,0.0,0.0001,0.0083,0.0024,0.0005,0.0001,0.0038,0.0901,0.0203,0.0001,0.013,0.0,155.0,0.0,92.0,63.0,90.0,0.0,0.0,0.0,0.0,0.0,0.0,0.0,0.0,0.0,0.0,0.0,0.0,0.0,0.0,0.0,0.0,0.0,0.0,8.0,2.0,1.0
892,7.449350800000008,0,8.2122,1.8967,2.1759,1.821,0.1982,0.003,0.0091,0.0002,0.0369,0.0518,0.0025,0.0007,0.01,0.0002,0.0014,0.0014,0.0,0.0001,0.0082,0.0012,0.0004,0.0,0.0037,0.0931,0.0218,0.0001,0.0148,0.0,155.0,0.0,92.0,63.0,90.0,0.0,0.0,0.0,0.0,0.0,0.0,0.0,0.0,0.0,0.0,0.0,0.0,0.0,0.0,0.0,0.0,0.0,0.0,8.0,2.0,1.0
893,7.457563000000008,0,8.4116,1.8721,2.0655,1.7725,0.1883,0.0028,0.0083,0.0003,0.0315,0.0459,0.002,0.0007,0.0103,0.0001,0.0012,0.002,0.0,0.0001,0.0073,0.0011,0.0008,0.0,0.0032,0.0851,0.0218,0.0,0.0144,0.0,155.0,0.0,92.0,63.0,90.0,0.0,0.0,0.0,0.0,0.0,0.0,0.0,0.0,0.0,0.0,0.0,0.0,0.0,0.0,0.0,0.0,0.0,0.0,8.0,2.0,1.0
894,7.465974600000008,0,8.5002,1.9401,2.3066,1.8054,0.2254,0.0032,0.0086,0.0001,0.048,0.0623,0.0027,0.0008,0.0126,0.0001,0.0014,0.0021,0.0001,0.0002,0.0087,0.0017,0.0004,0.0,0.0038,0.1095,0.0235,0.0001,0.0145,0.0,155.0,0.0,92.0,63.0,90.0,0.0,0.0,0.0,0.0,0.0,0.0,0.0,0.0,0.0,0.0,0.0,0.0,0.0,0.0,0.0,0.0,0.0,0.0,8.0,2.0,1.0
895,7.474474800000008,0,8.043,1.8754,2.0601,1.8199,0.1791,0.0025,0.0072,0.0001,0.0311,0.0428,0.0022,0.0008,0.009,0.0002,0.0012,0.0022,0.0,0.0001,0.0075,0.0011,0.0005,0.0,0.0032,0.0814,0.0198,0.0,0.0131,0.0,155.0,0.0,92.0,63.0,90.0,0.0,0.0,0.0,0.0,0.0,0.0,0.0,0.0,0.0,0.0,0.0,0.0,0.0,0.0,0.0,0.0,0.0,0.0,8.0,2.0,1.0
896,7.482517800000008,0,8.4305,1.8975,2.0755,1.7521,0.2023,0.0029,0.0081,0.0002,0.0415,0.0547,0.0022,0.0007,0.0098,0.0001,0.0015,0.0018,0.0001,0.0001,0.0076,0.0012,0.0009,0.0001,0.0038,0.1004,0.0176,0.0,0.0127,0.0,155.0,0.0,92.0,63.0,90.0,0.0,0.0,0.0,0.0,0.0,0.0,0.0,0.0,0.0,0.0,0.0,0.0,0.0,0.0,0.0,0.0,0.0,0.0,8.0,2.0,1.0
897,7.490948300000008,0,8.5575,1.8238,2.2745,1.7242,0.211,0.0039,0.0095,0.0002,0.0351,0.0513,0.0024,0.0009,0.0109,0.0002,0.002,0.0016,0.0001,0.0001,0.0088,0.0013,0.0006,0.0001,0.0039,0.095,0.024,0.0001,0.0149,0.0,155.0,0.0,92.0,63.0,90.0,0.0,0.0,0.0,0.0,0.0,0.0,0.0,0.0,0.0,0.0,0.0,0.0,0.0,0.0,0.0,0.0,0.0,0.0,8.0,2.0,1.0
898,7.4995058000000085,0,8.2879,1.8991,2.184,1.8052,0.2091,0.0034,0.0083,0.0002,0.0424,0.0566,0.0022,0.0007,0.0102,0.0002,0.0013,0.0017,0.0001,0.0001,0.0085,0.0013,0.0005,0.0,0.004,0.0997,0.0208,0.0001,0.013,0.0,155.0,0.0,92.0,63.0,90.0,0.0,0.0,0.0,0.0,0.0,0.0,0.0,0.0,0.0,0.0,0.0,0.0,0.0,0.0,0.0,0.0,0.0,0.0,8.0,2.0,1.0
899,7.507793700000009,0,8.2155,1.7361,2.1531,1.6899,0.1977,0.0025,0.0062,0.0002,0.0392,0.0506,0.0024,0.0007,0.011,0.0002,0.0019,0.0016,0.0001,0.0006,0.0085,0.0014,0.0004,0.0001,0.0037,0.095,0.0217,0.0001,0.0131,0.0,155.0,0.0,92.0,63.0,90.0,0.0,0.0,0.0,0.0,0.0,0.0,0.0,0.0,0.0,0.0,0.0,0.0,0.0,0.0,0.0,0.0,0.0,0.0,8.0,2.0,1.0
900,7.516009200000009,0,8.3396,1.7705,2.1973,1.7414,0.2285,0.0032,0.0087,0.0002,0.0543,0.069,0.0029,0.001,0.0117,0.0002,0.0015,0.0016,0.0001,0.0001,0.0078,0.0012,0.0005,0.0,0.0041,0.1138,0.024,0.0001,0.0137,0.0,155.0,0.0,92.0,63.0,90.0,0.0,0.0,0.0,0.0,0.0,0.0,0.0,0.0,0.0,0.0,0.0,0.0,0.0,0.0,0.0,0.0,0.0,0.0,8.0,2.0,1.0
901,7.524348800000009,0,8.2354,1.7685,2.0396,1.7235,0.1912,0.0026,0.0064,0.0002,0.039,0.0502,0.0022,0.0008,0.0095,0.0001,0.0012,0.0018,0.0,0.0002,0.0077,0.0012,0.0004,0.0001,0.0033,0.0898,0.0204,0.0001,0.0142,0.0,155.0,0.0,92.0,63.0,90.0,0.0,0.0,0.0,0.0,0.0,0.0,0.0,0.0,0.0,0.0,0.0,0.0,0.0,0.0,0.0,0.0,0.0,0.0,8.0,2.0,1.0
902,7.532584200000009,0,8.4348,1.7303,2.077,1.8217,0.2129,0.0031,0.0087,0.0002,0.0471,0.0613,0.002,0.0005,0.0092,0.0001,0.0013,0.002,0.0001,0.0002,0.0081,0.0017,0.0004,0.0,0.0033,0.1012,0.023,0.0001,0.0147,0.0,155.0,0.0,92.0,63.0,90.0,0.0,0.0,0.0,0.0,0.0,0.0,0.0,0.0,0.0,0.0,0.0,0.0,0.0,0.0,0.0,0.0,0.0,0.0,8.0,2.0,1.0
903,7.541019000000009,0,8.3747,1.7719,2.0323,1.6978,0.1993,0.003,0.0087,0.0002,0.0337,0.0477,0.0021,0.0011,0.0114,0.0001,0.0018,0.0015,0.0001,0.0005,0.0083,0.0012,0.0004,0.0001,0.0037,0.0916,0.0225,0.0,0.0145,0.0,155.0,0.0,92.0,63.0,90.0,0.0,0.0,0.0,0.0,0.0,0.0,0.0,0.0,0.0,0.0,0.0,0.0,0.0,0.0,0.0,0.0,0.0,0.0,8.0,2.0,1.0
904,7.549393700000009,0,8.3559,1.9485,2.2649,1.7598,0.2179,0.0049,0.0108,0.0003,0.0468,0.0655,0.0032,0.0011,0.0122,0.0002,0.0015,0.0022,0.0001,0.0002,0.011,0.0016,0.0006,0.0001,0.0051,0.1166,0.0218,0.0,0.0147,0.0,155.0,0.0,92.0,63.0,90.0,0.0,0.0,0.0,0.0,0.0,0.0,0.0,0.0,0.0,0.0,0.0,0.0,0.0,0.0,0.0,0.0,0.0,0.0,8.0,2.0,1.0
905,7.557749600000009,0,8.2435,1.8741,2.1634,1.758,0.188,0.0028,0.0081,0.0002,0.0308,0.0441,0.0018,0.0006,0.0091,0.0001,0.0012,0.0014,0.0,0.0001,0.0081,0.0011,0.0004,0.0001,0.0032,0.0835,0.0231,0.0,0.0148,0.0,155.0,0.0,92.0,63.0,90.0,0.0,0.0,0.0,0.0,0.0,0.0,0.0,0.0,0.0,0.0,0.0,0.0,0.0,0.0,0.0,0.0,0.0,0.0,8.0,2.0,1.0
906,7.565993100000009,0,8.4173,1.8781,2.173,1.8525,0.2188,0.003,0.0089,0.0002,0.0476,0.0623,0.0024,0.0008,0.0103,0.0001,0.0014,0.0021,0.0,0.0001,0.0084,0.0018,0.0005,0.0001,0.0039,0.1057,0.0228,0.0001,0.0137,0.0,155.0,0.0,92.0,63.0,90.0,0.0,0.0,0.0,0.0,0.0,0.0,0.0,0.0,0.0,0.0,0.0,0.0,0.0,0.0,0.0,0.0,0.0,0.0,8.0,2.0,1.0
907,7.5744104000000085,0,8.1405,1.8849,2.0513,1.7114,0.1785,0.0025,0.0075,0.0001,0.0336,0.0456,0.0021,0.0006,0.009,0.0001,0.0015,0.0013,0.0001,0.0001,0.0072,0.001,0.0005,0.0,0.0033,0.0828,0.022,0.0,0.0176,0.0,155.0,0.0,92.0,63.0,90.0,0.0,0.0,0.0,0.0,0.0,0.0,0.0,0.0,0.0,0.0,0.0,0.0,0.0,0.0,0.0,0.0,0.0,0.0,8.0,2.0,1.0
908,7.582550900000008,0,8.5452,1.8619,2.1397,1.8151,0.2046,0.0026,0.0078,0.0002,0.0494,0.0623,0.0022,0.0008,0.0101,0.0002,0.0014,0.002,0.0001,0.0001,0.0076,0.0013,0.0004,0.0001,0.0043,0.1052,0.022,0.0,0.0138,0.0,155.0,0.0,92.0,63.0,90.0,0.0,0.0,0.0,0.0,0.0,0.0,0.0,0.0,0.0,0.0,0.0,0.0,0.0,0.0,0.0,0.0,0.0,0.0,8.0,2.0,1.0
909,7.591096100000009,0,8.5008,1.7752,2.407,1.8576,0.2078,0.0027,0.0061,0.0003,0.0401,0.0514,0.0022,0.0012,0.0117,0.0002,0.0018,0.0015,0.0001,0.0001,0.0083,0.0013,0.0005,0.0001,0.0038,0.0958,0.0248,0.0001,0.0154,0.0,155.0,0.0,92.0,63.0,90.0,0.0,0.0,0.0,0.0,0.0,0.0,0.0,0.0,0.0,0.0,0.0,0.0,0.0,0.0,0.0,0.0,0.0,0.0,8.0,2.0,1.0
910,7.599596900000009,0,8.1798,1.9338,2.2769,1.7999,0.2058,0.003,0.0065,0.0002,0.0407,0.0525,0.0021,0.0009,0.0112,0.0004,0.0013,0.0015,0.0001,0.0002,0.008,0.0013,0.0005,0.0001,0.0037,0.0963,0.0225,0.0001,0.0147,0.0,155.0,0.0,92.0,63.0,90.0,0.0,0.0,0.0,0.0,0.0,0.0,0.0,0.0,0.0,0.0,0.0,0.0,0.0,0.0,0.0,0.0,0.0,0.0,8.0,2.0,1.0
911,7.6077767000000085,0,8.1159,1.7976,2.0966,1.7666,0.1991,0.0024,0.0062,0.0001,0.0378,0.049,0.0021,0.0007,0.0104,0.0002,0.0014,0.0022,0.0,0.0001,0.0077,0.0013,0.0006,0.0001,0.0036,0.093,0.0231,0.0,0.0138,0.0,155.0,0.0,92.0,63.0,90.0,0.0,0.0,0.0,0.0,0.0,0.0,0.0,0.0,0.0,0.0,0.0,0.0,0.0,0.0,0.0,0.0,0.0,0.0,8.0,2.0,1.0
912,7.6158926000000084,0,8.4197,1.7339,2.0491,1.8091,0.2123,0.0036,0.0091,0.0002,0.0453,0.061,0.0021,0.0008,0.0093,0.0001,0.0013,0.0019,0.0,0.0001,0.0084,0.0017,0.0004,0.0,0.0039,0.1036,0.0216,0.0001,0.014,0.0,155.0,0.0,92.0,63.0,90.0,0.0,0.0,0.0,0.0,0.0,0.0,0.0,0.0,0.0,0.0,0.0,0.0,0.0,0.0,0.0,0.0,0.0,0.0,8.0,2.0,1.0
913,7.624312300000009,0,8.52,1.8002,2.0638,1.7247,0.2015,0.0029,0.0094,0.0002,0.0341,0.0485,0.0017,0.0009,0.011,0.0002,0.0018,0.0017,0.0,0.0002,0.0086,0.0013,0.001,0.0,0.0033,0.0921,0.0255,0.0,0.0139,0.0,155.0,0.0,92.0,63.0,90.0,0.0,0.0,0.0,0.0,0.0,0.0,0.0,0.0,0.0,0.0,0.0,0.0,0.0,0.0,0.0,0.0,0.0,0.0,8.0,2.0,1.0
914,7.6328323000000085,0,8.379,1.8468,2.45,1.7639,0.2177,0.0028,0.0083,0.0003,0.0453,0.0592,0.0027,0.0008,0.01,0.0001,0.0015,0.0021,0.0,0.0001,0.0082,0.0017,0.0005,0.0,0.004,0.103,0.0228,0.0001,0.0154,0.0,155.0,0.0,92.0,63.0,90.0,0.0,0.0,0.0,0.0,0.0,0.0,0.0,0.0,0.0,0.0,0.0,0.0,0.0,0.0,0.0,0.0,0.0,0.0,8.0,2.0,1.0
915,7.641211300000008,0,8.1398,1.9066,2.1468,1.8058,0.2025,0.0028,0.009,0.0002,0.0342,0.0483,0.0021,0.0013,0.0108,0.0001,0.0015,0.0017,0.0001,0.0002,0.0077,0.0013,0.0005,0.0001,0.0039,0.0908,0.0203,0.0001,0.0137,0.0,155.0,0.0,92.0,63.0,90.0,0.0,0.0,0.0,0.0,0.0,0.0,0.0,0.0,0.0,0.0,0.0,0.0,0.0,0.0,0.0,0.0,0.0,0.0,8.0,2.0,1.0
916,7.6493511000000085,0,8.2919,1.909,2.1293,1.8867,0.2115,0.0031,0.0084,0.0001,0.0466,0.0603,0.0022,0.0014,0.0107,0.0002,0.0019,0.0016,0.0,0.0005,0.0081,0.0013,0.0005,0.0,0.0039,0.1036,0.022,0.0001,0.0118,0.0,155.0,0.0,92.0,63.0,90.0,0.0,0.0,0.0,0.0,0.0,0.0,0.0,0.0,0.0,0.0,0.0,0.0,0.0,0.0,0.0,0.0,0.0,0.0,8.0,2.0,1.0
917,7.657643000000008,0,8.3726,1.9278,2.1107,1.7167,0.1958,0.0028,0.0079,0.0001,0.0364,0.0495,0.0023,0.0007,0.0096,0.0002,0.0014,0.0021,0.0001,0.0001,0.0077,0.0012,0.0005,0.0,0.0035,0.0896,0.0229,0.0001,0.0136,0.0,155.0,0.0,92.0,63.0,90.0,0.0,0.0,0.0,0.0,0.0,0.0,0.0,0.0,0.0,0.0,0.0,0.0,0.0,0.0,0.0,0.0,0.0,0.0,8.0,2.0,1.0
918,7.666015600000009,0,8.4511,1.9086,2.1941,1.8193,0.2092,0.003,0.0082,0.0002,0.0404,0.0542,0.0024,0.0008,0.0107,0.0001,0.0015,0.0017,0.0,0.0001,0.0082,0.0018,0.0004,0.0,0.0038,0.0981,0.0207,0.0001,0.0133,0.0,155.0,0.0,92.0,63.0,90.0,0.0,0.0,0.0,0.0,0.0,0.0,0.0,0.0,0.0,0.0,0.0,0.0,0.0,0.0,0.0,0.0,0.0,0.0,8.0,2.0,1.0
919,7.674466700000009,0,8.3418,1.8564,2.3227,1.6877,0.1838,0.0028,0.0088,0.0002,0.0276,0.0427,0.0018,0.0008,0.0077,0.0005,0.0012,0.0019,0.0,0.0001,0.0081,0.0012,0.0004,0.0,0.0032,0.08,0.0213,0.0,0.0153,0.0,155.0,0.0,92.0,63.0,90.0,0.0,0.0,0.0,0.0,0.0,0.0,0.0,0.0,0.0,0.0,0.0,0.0,0.0,0.0,0.0,0.0,0.0,0.0,8.0,2.0,1.0
920,7.682808500000009,0,8.2122,1.8313,2.1507,1.758,0.2172,0.003,0.0095,0.0002,0.0441,0.0589,0.0023,0.0006,0.0109,0.0001,0.0014,0.0022,0.0,0.0001,0.0089,0.0014,0.0005,0.0,0.0039,0.1032,0.0255,0.0,0.0134,0.0,155.0,0.0,92.0,63.0,90.0,0.0,0.0,0.0,0.0,0.0,0.0,0.0,0.0,0.0,0.0,0.0,0.0,0.0,0.0,0.0,0.0,0.0,0.0,8.0,2.0,1.0
921,7.691020700000009,0,8.3932,1.9143,2.2065,1.817,0.2134,0.0031,0.0093,0.0002,0.0366,0.0516,0.0022,0.0009,0.0111,0.0001,0.0014,0.002,0.0002,0.0001,0.0077,0.0013,0.0005,0.0001,0.0042,0.0971,0.0239,0.0,0.0146,0.0,155.0,0.0,92.0,63.0,90.0,0.0,0.0,0.0,0.0,0.0,0.0,0.0,0.0,0.0,0.0,0.0,0.0,0.0,0.0,0.0,0.0,0.0,0.0,8.0,2.0,1.0
922,7.6994139000000095,0,8.5892,1.8142,2.3989,1.7644,0.2019,0.0034,0.0089,0.0002,0.0403,0.0555,0.002,0.0007,0.0102,0.0001,0.0013,0.002,0.0001,0.0001,0.0078,0.0016,0.0005,0.0001,0.0034,0.0981,0.0254,0.0001,0.0146,0.0,155.0,0.0,92.0,63.0,86.0,0.0,0.0,0.0,0.0,0.0,0.0,0.0,0.0,0.0,0.0,0.0,0.0,0.0,0.0,0.0,0.0,0.0,0.0,8.0,2.0,1.0
923,7.70800310000001,0,7.9509,1.816,2.1529,1.8688,0.1823,0.0026,0.008,0.0002,0.034,0.0466,0.0018,0.0006,0.0085,0.0001,0.0013,0.0013,0.0,0.0001,0.0078,0.0012,0.0004,0.0,0.0032,0.0844,0.0217,0.0001,0.0131,0.0,155.0,0.0,92.0,63.0,86.0,0.0,0.0,0.0,0.0,0.0,0.0,0.0,0.0,0.0,0.0,0.0,0.0,0.0,0.0,0.0,0.0,0.0,0.0,8.0,2.0,1.0
924,7.71595400000001,0,8.3906,1.8346,2.1181,1.8267,0.2052,0.003,0.0091,0.0003,0.0369,0.0515,0.0022,0.0007,0.0112,0.0001,0.002,0.0015,0.0001,0.0001,0.0077,0.0012,0.0005,0.0001,0.0038,0.0949,0.0224,0.0,0.015,0.0,155.0,0.0,92.0,63.0,86.0,0.0,0.0,0.0,0.0,0.0,0.0,0.0,0.0,0.0,0.0,0.0,0.0,0.0,0.0,0.0,0.0,0.0,0.0,8.0,2.0,1.0
925,7.72434460000001,0,8.407,1.7209,2.1083,1.6909,0.2048,0.0031,0.0105,0.0002,0.0342,0.0504,0.0021,0.0008,0.0101,0.0001,0.0015,0.002,0.0001,0.0001,0.0076,0.0019,0.0005,0.0001,0.0039,0.0942,0.0229,0.0001,0.0124,0.0,155.0,0.0,92.0,63.0,86.0,0.0,0.0,0.0,0.0,0.0,0.0,0.0,0.0,0.0,0.0,0.0,0.0,0.0,0.0,0.0,0.0,0.0,0.0,8.0,2.0,1.0
926,7.73275160000001,0,8.3332,1.9047,2.3067,1.745,0.2066,0.0029,0.0076,0.0002,0.0485,0.061,0.0028,0.0009,0.0111,0.0001,0.0014,0.0019,0.0,0.0001,0.0078,0.0013,0.001,0.0001,0.0039,0.1051,0.0238,0.0,0.0137,0.0,155.0,0.0,92.0,63.0,86.0,0.0,0.0,0.0,0.0,0.0,0.0,0.0,0.0,0.0,0.0,0.0,0.0,0.0,0.0,0.0,0.0,0.0,0.0,8.0,2.0,1.0
927,7.74108480000001,0,8.2597,1.7662,2.0656,1.8736,0.1944,0.0027,0.0084,0.0002,0.0348,0.0491,0.0024,0.0006,0.0092,0.0002,0.0014,0.0019,0.0,0.0001,0.0077,0.0012,0.0004,0.0001,0.003,0.0892,0.025,0.0001,0.0119,0.0,155.0,0.0,92.0,63.0,84.0,0.0,0.0,0.0,0.0,0.0,0.0,0.0,0.0,0.0,0.0,0.0,0.0,0.0,0.0,0.0,0.0,0.0,0.0,8.0,2.0,1.0
928,7.74934450000001,0,8.4529,1.8752,2.2458,1.6999,0.253,0.0031,0.0078,0.0002,0.0593,0.0734,0.0035,0.001,0.0153,0.0002,0.0029,0.0018,0.0002,0.0002,0.0099,0.0014,0.0005,0.0001,0.0068,0.135,0.0366,0.0,0.0126,0.0,155.0,0.0,92.0,63.0,84.0,0.0,0.0,0.0,0.0,0.0,0.0,0.0,0.0,0.0,0.0,0.0,0.0,0.0,0.0,0.0,0.0,0.0,0.0,8.0,2.0,1.0
929,7.75779740000001,0,8.3069,1.8112,2.3066,1.6698,0.1992,0.0034,0.0088,0.0016,0.0362,0.0524,0.0019,0.0008,0.0105,0.0002,0.0018,0.0015,0.0001,0.0001,0.0084,0.0013,0.0005,0.0,0.0031,0.0963,0.0261,0.0001,0.0129,0.0,155.0,0.0,92.0,63.0,81.0,0.0,0.0,0.0,0.0,0.0,0.0,0.0,0.0,0.0,0.0,0.0,0.0,0.0,0.0,0.0,0.0,0.0,0.0,8.0,2.0,1.0
930,7.76610430000001,0,8.4878,1.9056,2.2109,1.7894,0.254,0.0032,0.0112,0.0002,0.0696,0.0867,0.0027,0.001,0.0125,0.0001,0.0015,0.0024,0.0001,0.0001,0.0084,0.0017,0.0005,0.0001,0.0036,0.1338,0.0284,0.0,0.012,0.0,155.0,0.0,92.0,63.0,81.0,0.0,0.0,0.0,0.0,0.0,0.0,0.0,0.0,0.0,0.0,0.0,0.0,0.0,0.0,0.0,0.0,0.0,0.0,8.0,2.0,1.0
931,7.77459210000001,0,8.0201,1.8543,2.1482,1.7444,0.1833,0.0023,0.0059,0.0002,0.0346,0.0453,0.0019,0.0007,0.0096,0.0001,0.0018,0.0015,0.0001,0.0002,0.0077,0.0014,0.0004,0.0,0.0031,0.0836,0.0222,0.0,0.0122,0.0,155.0,0.0,92.0,63.0,81.0,0.0,0.0,0.0,0.0,0.0,0.0,0.0,0.0,0.0,0.0,0.0,0.0,0.0,0.0,0.0,0.0,0.0,0.0,8.0,2.0,1.0
932,7.782612200000011,0,8.6077,1.8723,2.3233,1.726,0.1936,0.0029,0.0089,0.0002,0.0355,0.0495,0.0019,0.0008,0.01,0.0002,0.0014,0.0016,0.0,0.0001,0.0081,0.0013,0.0004,0.0,0.0033,0.0903,0.0226,0.0001,0.013,0.0,155.0,0.0,92.0,63.0,81.0,0.0,0.0,0.0,0.0,0.0,0.0,0.0,0.0,0.0,0.0,0.0,0.0,0.0,0.0,0.0,0.0,0.0,0.0,8.0,2.0,1.0
933,7.79121990000001,0,8.1582,1.8683,2.1379,1.8505,0.1904,0.0044,0.0099,0.0002,0.0293,0.0468,0.002,0.0007,0.01,0.0002,0.0014,0.0015,0.0001,0.0002,0.0082,0.0016,0.0004,0.0,0.0029,0.0876,0.022,0.0,0.0115,0.0,155.0,0.0,92.0,63.0,81.0,0.0,0.0,0.0,0.0,0.0,0.0,0.0,0.0,0.0,0.0,0.0,0.0,0.0,0.0,0.0,0.0,0.0,0.0,8.0,2.0,1.0
934,7.79937810000001,0,8.3762,1.796,2.2923,1.863,0.192,0.0027,0.0063,0.0002,0.0435,0.0548,0.0019,0.0007,0.0104,0.0001,0.0012,0.0019,0.0,0.0001,0.0078,0.0015,0.0005,0.0,0.0036,0.0945,0.0208,0.0,0.0116,0.0,155.0,0.0,92.0,63.0,81.0,0.0,0.0,0.0,0.0,0.0,0.0,0.0,0.0,0.0,0.0,0.0,0.0,0.0,0.0,0.0,0.0,0.0,0.0,8.0,2.0,1.0
935,7.80775430000001,0,8.2626,1.6986,2.0936,1.7039,0.2069,0.003,0.0088,0.0002,0.038,0.0525,0.0019,0.001,0.0094,0.0002,0.0013,0.0014,0.0005,0.0001,0.0084,0.0011,0.0009,0.0001,0.0031,0.0928,0.0289,0.0001,0.0124,0.0,155.0,0.0,92.0,63.0,81.0,0.0,0.0,0.0,0.0,0.0,0.0,0.0,0.0,0.0,0.0,0.0,0.0,0.0,0.0,0.0,0.0,0.0,0.0,8.0,2.0,1.0
936,7.81601690000001,0,8.5085,1.854,2.1569,1.9581,0.2684,0.0033,0.0103,0.0002,0.0965,0.1134,0.0023,0.0008,0.0103,0.0001,0.0017,0.0015,0.0001,0.0001,0.0082,0.0014,0.0005,0.0,0.0038,0.1565,0.0242,0.0,0.0127,0.0,155.0,0.0,92.0,63.0,81.0,0.0,0.0,0.0,0.0,0.0,0.0,0.0,0.0,0.0,0.0,0.0,0.0,0.0,0.0,0.0,0.0,0.0,0.0,8.0,2.0,1.0
937,7.8245254000000095,0,8.072,1.9464,2.2206,1.6976,0.1844,0.0029,0.0085,0.0002,0.0334,0.0474,0.0017,0.0007,0.0096,0.0001,0.0012,0.0022,0.0,0.0001,0.0078,0.0016,0.0004,0.0,0.003,0.0864,0.0209,0.0,0.0124,0.0,155.0,0.0,92.0,63.0,84.0,0.0,0.0,0.0,0.0,0.0,0.0,0.0,0.0,0.0,0.0,0.0,0.0,0.0,0.0,0.0,0.0,0.0,0.0,8.0,2.0,1.0
938,7.83259740000001,0,8.4623,1.9615,2.0602,1.7698,0.1939,0.0027,0.0058,0.0001,0.048,0.0588,0.0024,0.0006,0.0118,0.0002,0.0012,0.0012,0.0004,0.0001,0.0079,0.0014,0.0009,0.0,0.0034,0.1009,0.0206,0.0,0.0131,0.0,155.0,0.0,92.0,63.0,84.0,0.0,0.0,0.0,0.0,0.0,0.0,0.0,0.0,0.0,0.0,0.0,0.0,0.0,0.0,0.0,0.0,0.0,0.0,8.0,2.0,1.0
939,7.8410597000000095,0,8.2276,1.7681,2.1604,1.7412,0.1987,0.0035,0.0091,0.0002,0.033,0.0485,0.0025,0.0008,0.0098,0.0002,0.0013,0.0019,0.0,0.0001,0.0081,0.0012,0.0008,0.0,0.0036,0.0904,0.0234,0.0001,0.0129,0.0,155.0,0.0,92.0,63.0,84.0,0.0,0.0,0.0,0.0,0.0,0.0,0.0,0.0,0.0,0.0,0.0,0.0,0.0,0.0,0.0,0.0,0.0,0.0,8.0,2.0,1.0
940,7.849287300000009,0,8.4607,1.8246,2.0122,1.7384,0.2042,0.0031,0.0091,0.0001,0.0427,0.058,0.0023,0.0009,0.0112,0.0001,0.0014,0.0014,0.0001,0.0001,0.0076,0.0016,0.0004,0.0001,0.0038,0.0988,0.0234,0.0,0.0127,0.0,155.0,0.0,92.0,63.0,84.0,0.0,0.0,0.0,0.0,0.0,0.0,0.0,0.0,0.0,0.0,0.0,0.0,0.0,0.0,0.0,0.0,0.0,0.0,8.0,2.0,1.0
941,7.857748000000009,0,8.3416,1.8351,2.2852,1.8275,0.194,0.0032,0.0093,0.0003,0.0311,0.0462,0.0017,0.0007,0.0089,0.0001,0.002,0.0014,0.0,0.0001,0.0081,0.0014,0.0004,0.0001,0.0029,0.0841,0.0224,0.0001,0.012,0.0,155.0,0.0,92.0,63.0,84.0,0.0,0.0,0.0,0.0,0.0,0.0,0.0,0.0,0.0,0.0,0.0,0.0,0.0,0.0,0.0,0.0,0.0,0.0,8.0,2.0,1.0
942,7.8660896000000085,0,8.3241,1.8452,2.2129,2.0002,0.2143,0.0031,0.0085,0.0003,0.0446,0.0593,0.0022,0.0007,0.0098,0.0002,0.0016,0.0015,0.0001,0.0001,0.0082,0.0012,0.0004,0.0001,0.0036,0.1033,0.0229,0.0001,0.0119,0.0,155.0,0.0,92.0,63.0,84.0,0.0,0.0,0.0,0.0,0.0,0.0,0.0,0.0,0.0,0.0,0.0,0.0,0.0,0.0,0.0,0.0,0.0,0.0,8.0,2.0,1.0
943,7.874413700000009,0,8.185,1.9239,2.1241,1.8558,0.1815,0.0027,0.0077,0.0002,0.0349,0.0477,0.0019,0.0006,0.0088,0.0001,0.0015,0.0013,0.0001,0.0001,0.0077,0.0011,0.0004,0.0001,0.003,0.0855,0.0195,0.0,0.0136,0.0,155.0,0.0,92.0,63.0,84.0,0.0,0.0,0.0,0.0,0.0,0.0,0.0,0.0,0.0,0.0,0.0,0.0,0.0,0.0,0.0,0.0,0.0,0.0,8.0,2.0,1.0
944,7.882598700000009,0,8.5939,1.7345,2.1288,1.7297,0.2402,0.0034,0.0095,0.0002,0.0378,0.0536,0.0022,0.0007,0.0108,0.0001,0.0018,0.0014,0.0001,0.0002,0.0077,0.0012,0.0003,0.0,0.0035,0.0985,0.0469,0.0001,0.0132,0.0,155.0,0.0,92.0,63.0,82.0,0.0,0.0,0.0,0.0,0.0,0.0,0.0,0.0,0.0,0.0,0.0,0.0,0.0,0.0,0.0,0.0,0.0,0.0,8.0,2.0,1.0
945,7.891192600000009,0,8.1708,1.8864,2.2642,1.8183,0.2148,0.005,0.0105,0.0002,0.0252,0.0443,0.0019,0.001,0.0111,0.0002,0.0016,0.0021,0.0001,0.0001,0.0085,0.0019,0.0005,0.0001,0.0035,0.0898,0.0268,0.0,0.0122,0.0,155.0,0.0,92.0,63.0,82.0,0.0,0.0,0.0,0.0,0.0,0.0,0.0,0.0,0.0,0.0,0.0,0.0,0.0,0.0,0.0,0.0,0.0,0.0,8.0,2.0,1.0
946,7.899363400000009,0,8.2961,2.0965,2.127,1.845,0.1936,0.0025,0.0094,0.0002,0.0422,0.0561,0.0018,0.0006,0.0091,0.0001,0.0013,0.0013,0.0005,0.0002,0.0079,0.0012,0.0004,0.0,0.0033,0.0955,0.0219,0.0001,0.0111,0.0,155.0,0.0,92.0,63.0,84.0,0.0,0.0,0.0,0.0,0.0,0.0,0.0,0.0,0.0,0.0,0.0,0.0,0.0,0.0,0.0,0.0,0.0,0.0,8.0,2.0,1.0
947,7.907659500000009,0,8.3247,1.7562,1.9754,1.7147,0.1962,0.003,0.0092,0.0002,0.0285,0.043,0.0018,0.0007,0.0089,0.0001,0.0019,0.0016,0.0,0.0006,0.0072,0.0013,0.0004,0.0,0.0033,0.0842,0.0294,0.0,0.013,0.0,155.0,0.0,92.0,63.0,81.0,0.0,0.0,0.0,0.0,0.0,0.0,0.0,0.0,0.0,0.0,0.0,0.0,0.0,0.0,0.0,0.0,0.0,0.0,8.0,2.0,1.0
948,7.915984200000009,0,8.3958,1.8683,2.1828,1.7665,0.2011,0.003,0.0101,0.0002,0.039,0.0547,0.0021,0.0006,0.0107,0.0002,0.0017,0.0016,0.0002,0.0001,0.0077,0.0013,0.0004,0.0001,0.0037,0.0974,0.0214,0.0001,0.0132,0.0,155.0,0.0,92.0,63.0,81.0,0.0,0.0,0.0,0.0,0.0,0.0,0.0,0.0,0.0,0.0,0.0,0.0,0.0,0.0,0.0,0.0,0.0,0.0,8.0,2.0,1.0
949,7.924380000000009,0,8.253,1.8681,2.1056,1.7393,0.173,0.0027,0.0085,0.0002,0.027,0.0406,0.0017,0.0008,0.0086,0.0001,0.0018,0.0013,0.0,0.0001,0.0077,0.0017,0.0004,0.0,0.0031,0.0789,0.0203,0.0001,0.0133,0.0,155.0,0.0,92.0,63.0,81.0,0.0,0.0,0.0,0.0,0.0,0.0,0.0,0.0,0.0,0.0,0.0,0.0,0.0,0.0,0.0,0.0,0.0,0.0,8.0,2.0,1.0
950,7.932633000000009,0,8.5564,1.7804,2.2514,1.6683,0.2226,0.0032,0.0087,0.0002,0.0539,0.0691,0.0026,0.0009,0.0118,0.0001,0.0018,0.0015,0.0002,0.0002,0.008,0.0014,0.0009,0.0001,0.0037,0.115,0.0228,0.0,0.0127,0.0,155.0,0.0,92.0,63.0,81.0,0.0,0.0,0.0,0.0,0.0,0.0,0.0,0.0,0.0,0.0,0.0,0.0,0.0,0.0,0.0,0.0,0.0,0.0,8.0,2.0,1.0
951,7.941189400000009,0,8.2366,1.8715,2.1816,1.8753,0.1994,0.0029,0.0093,0.0003,0.035,0.0499,0.0024,0.0009,0.0107,0.0002,0.0015,0.0019,0.0,0.0001,0.0081,0.0015,0.0006,0.0,0.0036,0.0921,0.0198,0.0,0.0128,0.0,155.0,0.0,92.0,63.0,81.0,0.0,0.0,0.0,0.0,0.0,0.0,0.0,0.0,0.0,0.0,0.0,0.0,0.0,0.0,0.0,0.0,0.0,0.0,8.0,2.0,1.0
952,7.949426000000009,0,8.3311,1.7683,2.2607,1.8531,0.2209,0.0034,0.0102,0.0002,0.0446,0.0612,0.0028,0.0008,0.012,0.0001,0.0016,0.0022,0.0,0.0002,0.0085,0.0017,0.0004,0.0,0.0035,0.1065,0.0225,0.0,0.0132,0.0,155.0,0.0,92.0,63.0,81.0,0.0,0.0,0.0,0.0,0.0,0.0,0.0,0.0,0.0,0.0,0.0,0.0,0.0,0.0,0.0,0.0,0.0,0.0,8.0,2.0,1.0
953,7.957757100000009,0,8.2839,1.7381,2.1704,1.7419,0.1863,0.0026,0.0086,0.0003,0.0351,0.0492,0.0023,0.0007,0.0101,0.0002,0.0015,0.0019,0.0,0.0001,0.0077,0.0016,0.0005,0.0,0.0032,0.0891,0.0194,0.0001,0.013,0.0,155.0,0.0,92.0,63.0,81.0,0.0,0.0,0.0,0.0,0.0,0.0,0.0,0.0,0.0,0.0,0.0,0.0,0.0,0.0,0.0,0.0,0.0,0.0,8.0,2.0,1.0
954,7.9660410000000095,0,8.3824,1.937,2.125,1.8221,0.201,0.0028,0.0086,0.0002,0.0442,0.0579,0.002,0.0008,0.0099,0.0001,0.0019,0.0015,0.0,0.0001,0.008,0.0011,0.0005,0.0,0.0035,0.0994,0.0215,0.0,0.0126,0.0,155.0,0.0,92.0,63.0,81.0,0.0,0.0,0.0,0.0,0.0,0.0,0.0,0.0,0.0,0.0,0.0,0.0,0.0,0.0,0.0,0.0,0.0,0.0,8.0,2.0,1.0
955,7.97442340000001,0,8.2158,1.7898,2.171,1.7886,0.195,0.003,0.0088,0.0002,0.0288,0.0435,0.0023,0.0009,0.0113,0.0002,0.0016,0.0016,0.0001,0.0001,0.008,0.0013,0.0005,0.0001,0.0038,0.0868,0.0216,0.0001,0.0118,0.0,155.0,0.0,92.0,63.0,84.0,0.0,0.0,0.0,0.0,0.0,0.0,0.0,0.0,0.0,0.0,0.0,0.0,0.0,0.0,0.0,0.0,0.0,0.0,8.0,2.0,1.0
956,7.98263920000001,0,8.4211,1.9482,2.0956,1.837,0.185,0.003,0.0078,0.0002,0.0398,0.0527,0.0017,0.0005,0.009,0.0001,0.0011,0.0018,0.0001,0.0001,0.0076,0.0012,0.0004,0.0,0.0029,0.0913,0.019,0.0,0.0137,0.0,155.0,0.0,92.0,63.0,84.0,0.0,0.0,0.0,0.0,0.0,0.0,0.0,0.0,0.0,0.0,0.0,0.0,0.0,0.0,0.0,0.0,0.0,0.0,8.0,2.0,1.0
957,7.99106030000001,0,8.3592,1.8356,2.2472,1.7287,0.1969,0.0031,0.0086,0.0001,0.0305,0.0446,0.002,0.0012,0.0112,0.0001,0.0018,0.0016,0.0001,0.0005,0.008,0.0012,0.0004,0.0001,0.0036,0.0881,0.0239,0.0,0.0134,0.0,155.0,0.0,92.0,63.0,85.0,0.0,0.0,0.0,0.0,0.0,0.0,0.0,0.0,0.0,0.0,0.0,0.0,0.0,0.0,0.0,0.0,0.0,0.0,8.0,2.0,1.0
958,7.99941950000001,0,8.3856,1.9016,2.2256,1.7902,0.2159,0.0032,0.0096,0.0002,0.0485,0.0638,0.0023,0.0008,0.0101,0.0001,0.0014,0.002,0.0,0.0001,0.0079,0.0012,0.001,0.0,0.0044,0.1078,0.0206,0.0001,0.0137,0.0,155.0,0.0,92.0,63.0,85.0,0.0,0.0,0.0,0.0,0.0,0.0,0.0,0.0,0.0,0.0,0.0,0.0,0.0,0.0,0.0,0.0,0.0,0.0,8.0,2.0,1.0
959,8.00780510000001,0,8.1312,1.8267,2.1117,1.9098,0.1961,0.0028,0.009,0.0002,0.0372,0.0514,0.0022,0.0006,0.0096,0.0002,0.0014,0.0019,0.0,0.0001,0.0086,0.0018,0.0005,0.0001,0.0037,0.0942,0.021,0.0001,0.0127,0.0,155.0,0.0,92.0,63.0,85.0,0.0,0.0,0.0,0.0,0.0,0.0,0.0,0.0,0.0,0.0,0.0,0.0,0.0,0.0,0.0,0.0,0.0,0.0,8.0,2.0,1.0
960,8.015936300000009,0,8.5521,1.8136,2.1932,1.7766,0.2098,0.0029,0.0092,0.0002,0.0408,0.0561,0.002,0.0008,0.0094,0.0002,0.0014,0.0016,0.0001,0.0001,0.0084,0.0013,0.0006,0.0001,0.0036,0.098,0.0245,0.0,0.0132,0.0,155.0,0.0,92.0,63.0,85.0,0.0,0.0,0.0,0.0,0.0,0.0,0.0,0.0,0.0,0.0,0.0,0.0,0.0,0.0,0.0,0.0,0.0,0.0,8.0,2.0,1.0
961,8.024488400000008,0,8.485,1.8745,2.4405,1.9009,0.244,0.0043,0.0122,0.0004,0.0441,0.0648,0.0022,0.0008,0.0111,0.0002,0.0022,0.0018,0.0001,0.0002,0.0088,0.0019,0.0005,0.0,0.0038,0.1115,0.0256,0.0,0.0138,0.0,155.0,0.0,92.0,63.0,85.0,0.0,0.0,0.0,0.0,0.0,0.0,0.0,0.0,0.0,0.0,0.0,0.0,0.0,0.0,0.0,0.0,0.0,0.0,8.0,2.0,1.0
962,8.032973400000008,0,8.1359,1.9219,2.2515,1.8305,0.1941,0.0032,0.0077,0.0001,0.0419,0.0552,0.0018,0.0006,0.0099,0.0001,0.002,0.0015,0.0002,0.0001,0.0078,0.0015,0.0005,0.0001,0.0031,0.094,0.0195,0.0,0.0136,0.0,155.0,0.0,92.0,63.0,85.0,0.0,0.0,0.0,0.0,0.0,0.0,0.0,0.0,0.0,0.0,0.0,0.0,0.0,0.0,0.0,0.0,0.0,0.0,8.0,2.0,1.0
963,8.041109300000008,0,8.3734,1.7038,2.1611,1.7371,0.2006,0.0031,0.009,0.0002,0.0327,0.0475,0.0022,0.0008,0.012,0.0001,0.0017,0.0015,0.0001,0.0001,0.008,0.0013,0.0005,0.0001,0.0036,0.0922,0.0216,0.0,0.014,0.0,155.0,0.0,92.0,63.0,85.0,0.0,0.0,0.0,0.0,0.0,0.0,0.0,0.0,0.0,0.0,0.0,0.0,0.0,0.0,0.0,0.0,0.0,0.0,8.0,2.0,1.0
964,8.049482700000008,0,8.1107,1.947,2.1792,1.7874,0.1903,0.0032,0.0089,0.0001,0.0338,0.0479,0.0025,0.0007,0.0088,0.0007,0.0011,0.0014,0.0,0.0002,0.0082,0.0012,0.0005,0.0,0.004,0.0875,0.0196,0.0001,0.0114,0.0,155.0,0.0,92.0,63.0,85.0,0.0,0.0,0.0,0.0,0.0,0.0,0.0,0.0,0.0,0.0,0.0,0.0,0.0,0.0,0.0,0.0,0.0,0.0,8.0,2.0,1.0
965,8.057593400000007,0,8.5571,1.7314,2.0796,1.769,0.1895,0.003,0.0091,0.0001,0.0368,0.0515,0.0023,0.0006,0.0095,0.0001,0.0018,0.0015,0.0001,0.0001,0.0082,0.0012,0.0004,0.0001,0.0031,0.0915,0.02,0.0,0.0113,0.0,155.0,0.0,92.0,63.0,85.0,0.0,0.0,0.0,0.0,0.0,0.0,0.0,0.0,0.0,0.0,0.0,0.0,0.0,0.0,0.0,0.0,0.0,0.0,8.0,2.0,1.0
966,8.066150500000008,0,8.2949,1.7822,2.2921,1.7232,0.208,0.0031,0.0091,0.0001,0.0424,0.0573,0.0021,0.0008,0.0099,0.0001,0.0014,0.0017,0.0001,0.0001,0.008,0.0018,0.0005,0.0001,0.0035,0.0996,0.0209,0.0,0.014,0.0,155.0,0.0,92.0,63.0,85.0,0.0,0.0,0.0,0.0,0.0,0.0,0.0,0.0,0.0,0.0,0.0,0.0,0.0,0.0,0.0,0.0,0.0,0.0,8.0,2.0,1.0
967,8.074445400000007,0,8.569,1.7846,2.3713,1.8096,0.206,0.0031,0.0083,0.0001,0.0321,0.0459,0.0018,0.001,0.0099,0.0002,0.0018,0.0019,0.0002,0.0002,0.0088,0.0015,0.0005,0.0001,0.0034,0.0901,0.0211,0.0,0.0145,0.0,155.0,0.0,92.0,63.0,87.0,0.0,0.0,0.0,0.0,0.0,0.0,0.0,0.0,0.0,0.0,0.0,0.0,0.0,0.0,0.0,0.0,0.0,0.0,8.0,2.0,1.0
968,8.083014400000007,0,8.4433,1.9114,2.5994,1.836,0.248,0.0034,0.0091,0.0003,0.0556,0.0712,0.0025,0.0012,0.0121,0.0002,0.0016,0.0021,0.0001,0.0001,0.0088,0.0013,0.0006,0.0001,0.0038,0.1185,0.0243,0.0001,0.013,0.0,155.0,0.0,92.0,63.0,87.0,0.0,0.0,0.0,0.0,0.0,0.0,0.0,0.0,0.0,0.0,0.0,0.0,0.0,0.0,0.0,0.0,0.0,0.0,8.0,2.0,1.0
969,8.091457700000007,0,8.4024,1.9709,2.6247,1.8926,0.2258,0.0032,0.0087,0.0003,0.0344,0.0493,0.002,0.001,0.0104,0.0002,0.0016,0.0024,0.0001,0.0002,0.0096,0.0014,0.0005,0.0001,0.0038,0.095,0.0236,0.0,0.0146,0.0,155.0,0.0,92.0,63.0,87.0,0.0,0.0,0.0,0.0,0.0,0.0,0.0,0.0,0.0,0.0,0.0,0.0,0.0,0.0,0.0,0.0,0.0,0.0,8.0,2.0,1.0
970,8.099860100000006,0,8.1704,1.9699,2.4994,1.888,0.2249,0.0028,0.0083,0.0003,0.0523,0.066,0.0026,0.0007,0.0122,0.0002,0.0019,0.0018,0.0,0.0001,0.0086,0.0012,0.0007,0.0001,0.0039,0.1132,0.0213,0.0,0.0139,0.0,155.0,0.0,92.0,63.0,87.0,0.0,0.0,0.0,0.0,0.0,0.0,0.0,0.0,0.0,0.0,0.0,0.0,0.0,0.0,0.0,0.0,0.0,0.0,8.0,2.0,1.0
971,8.108030500000005,0,8.1987,1.8576,2.3854,1.8725,0.1957,0.0028,0.0089,0.0002,0.0306,0.0449,0.002,0.001,0.0104,0.0001,0.0019,0.0017,0.0006,0.0001,0.0088,0.0017,0.0005,0.0,0.0033,0.0879,0.0206,0.0001,0.0142,0.0,155.0,0.0,92.0,63.0,87.0,0.0,0.0,0.0,0.0,0.0,0.0,0.0,0.0,0.0,0.0,0.0,0.0,0.0,0.0,0.0,0.0,0.0,0.0,8.0,2.0,1.0
972,8.116229200000005,0,8.1795,1.8958,2.2564,1.7654,0.1911,0.003,0.0082,0.0003,0.0414,0.0553,0.0018,0.0011,0.0097,0.0002,0.0017,0.0014,0.0,0.0001,0.0081,0.0014,0.0004,0.0001,0.003,0.094,0.021,0.0,0.0133,0.0,155.0,0.0,92.0,63.0,87.0,0.0,0.0,0.0,0.0,0.0,0.0,0.0,0.0,0.0,0.0,0.0,0.0,0.0,0.0,0.0,0.0,0.0,0.0,8.0,2.0,1.0
973,8.124408700000005,0,8.3278,1.8082,2.1336,1.6335,0.2133,0.003,0.0099,0.0002,0.0356,0.0514,0.0023,0.0007,0.0108,0.0001,0.0014,0.002,0.0001,0.0002,0.0083,0.0023,0.0005,0.0001,0.0042,0.0968,0.0211,0.0,0.0146,0.0,155.0,0.0,92.0,63.0,87.0,0.0,0.0,0.0,0.0,0.0,0.0,0.0,0.0,0.0,0.0,0.0,0.0,0.0,0.0,0.0,0.0,0.0,0.0,8.0,2.0,1.0
974,8.132736500000005,0,8.674,1.9301,2.316,1.7858,0.2232,0.0032,0.0101,0.0002,0.0509,0.0671,0.002,0.0012,0.011,0.0001,0.0015,0.0017,0.0006,0.0002,0.009,0.0015,0.0005,0.0001,0.0036,0.1117,0.0228,0.0,0.0133,0.0,155.0,0.0,92.0,63.0,87.0,0.0,0.0,0.0,0.0,0.0,0.0,0.0,0.0,0.0,0.0,0.0,0.0,0.0,0.0,0.0,0.0,0.0,0.0,8.0,2.0,1.0
975,8.141410500000005,0,7.9679,1.935,2.4073,1.8737,0.1967,0.0029,0.0088,0.0003,0.0331,0.0474,0.0018,0.0007,0.0105,0.0001,0.0013,0.0015,0.0001,0.0001,0.008,0.0014,0.0004,0.0001,0.0038,0.0879,0.0231,0.0,0.0122,0.0,155.0,0.0,92.0,63.0,87.0,0.0,0.0,0.0,0.0,0.0,0.0,0.0,0.0,0.0,0.0,0.0,0.0,0.0,0.0,0.0,0.0,0.0,0.0,8.0,2.0,1.0
976,8.149378400000005,0,8.4477,1.8998,2.2262,1.6478,0.225,0.003,0.0096,0.0002,0.0515,0.0667,0.0024,0.0007,0.0109,0.0001,0.0017,0.0021,0.0002,0.0001,0.0081,0.0013,0.0005,0.0001,0.0039,0.1116,0.0223,0.0001,0.0127,0.0,155.0,0.0,92.0,63.0,87.0,0.0,0.0,0.0,0.0,0.0,0.0,0.0,0.0,0.0,0.0,0.0,0.0,0.0,0.0,0.0,0.0,0.0,0.0,8.0,2.0,1.0
977,8.157826100000005,0,8.2152,1.9778,2.1795,1.7838,0.2059,0.0033,0.008,0.0002,0.0345,0.049,0.003,0.0009,0.0144,0.0002,0.0015,0.0026,0.0,0.0002,0.0096,0.0015,0.0009,0.0001,0.0047,0.0999,0.0213,0.0,0.0131,0.0,155.0,0.0,92.0,63.0,87.0,0.0,0.0,0.0,0.0,0.0,0.0,0.0,0.0,0.0,0.0,0.0,0.0,0.0,0.0,0.0,0.0,0.0,0.0,8.0,2.0,1.0
978,8.166041300000005,0,8.3456,1.9107,2.1711,1.7711,0.1903,0.0031,0.0072,0.0002,0.0409,0.0534,0.0023,0.0007,0.0087,0.0001,0.0018,0.0015,0.0001,0.0001,0.0083,0.0011,0.0005,0.0004,0.0035,0.0927,0.0223,0.0,0.0137,0.0,155.0,0.0,92.0,63.0,87.0,0.0,0.0,0.0,0.0,0.0,0.0,0.0,0.0,0.0,0.0,0.0,0.0,0.0,0.0,0.0,0.0,0.0,0.0,8.0,2.0,1.0
979,8.174386900000005,0,10.0946,1.9276,3.9389,1.727,0.2187,0.003,0.0087,0.0002,0.0307,0.0449,0.0031,0.0011,0.012,0.0002,0.0013,0.0022,0.0,0.0001,0.0081,0.0018,0.0005,0.0001,0.0042,0.0934,0.0291,0.0,0.0152,0.0,155.0,0.0,92.0,63.0,87.0,0.0,0.0,0.0,0.0,0.0,0.0,0.0,0.0,0.0,0.0,0.0,0.0,0.0,0.0,0.0,0.0,0.0,0.0,8.0,2.0,1.0
980,8.184481500000006,1,6.9499,2.4108,2.3969,2.0483,0.2043,0.003,0.0083,0.0003,0.0487,0.0622,0.0025,0.0009,0.0099,0.0002,0.0013,0.0021,0.0001,0.0001,0.0081,0.0012,0.0003,0.0001,0.0032,0.1025,0.0196,0.0001,0.0155,0.0,155.0,0.0,92.0,63.0,87.0,0.0,0.0,0.0,0.0,0.0,0.0,0.0,0.0,0.0,0.0,0.0,0.0,0.0,0.0,0.0,0.0,0.0,0.0,8.0,2.0,1.0
981,8.191431400000006,0,8.0799,2.5069,2.3974,2.0269,0.1946,0.0027,0.0081,0.0002,0.0349,0.0488,0.0019,0.0008,0.0094,0.0002,0.0015,0.0019,0.0001,0.0001,0.0077,0.0013,0.0004,0.0,0.0033,0.0886,0.0209,0.0,0.0169,0.0,155.0,0.0,92.0,63.0,87.0,0.0,0.0,0.0,0.0,0.0,0.0,0.0,0.0,0.0,0.0,0.0,0.0,0.0,0.0,0.0,0.0,0.0,0.0,8.0,2.0,1.0
982,8.199511300000006,0,8.2633,2.0016,2.2799,1.8019,0.1942,0.0027,0.0076,0.0002,0.043,0.0554,0.0024,0.0007,0.0093,0.0001,0.0013,0.0019,0.0,0.0001,0.0077,0.0011,0.0005,0.0001,0.0031,0.0943,0.0206,0.0001,0.0135,0.0,155.0,0.0,92.0,63.0,87.0,0.0,0.0,0.0,0.0,0.0,0.0,0.0,0.0,0.0,0.0,0.0,0.0,0.0,0.0,0.0,0.0,0.0,0.0,8.0,2.0,1.0
983,8.207774600000006,0,8.2674,1.8923,2.1554,1.8997,0.1943,0.0029,0.0088,0.0002,0.0285,0.0424,0.002,0.0008,0.0098,0.0002,0.0019,0.0015,0.0001,0.0001,0.0082,0.0012,0.0005,0.0001,0.0033,0.0839,0.0215,0.0,0.0131,0.0,155.0,0.0,92.0,63.0,87.0,0.0,0.0,0.0,0.0,0.0,0.0,0.0,0.0,0.0,0.0,0.0,0.0,0.0,0.0,0.0,0.0,0.0,0.0,8.0,2.0,1.0
984,8.216042000000005,0,8.4695,1.8551,2.2248,1.8109,0.2968,0.0034,0.0093,0.0002,0.0751,0.0904,0.0034,0.0012,0.0153,0.0002,0.003,0.0018,0.0001,0.0001,0.0096,0.0015,0.0005,0.0002,0.0071,0.1519,0.053,0.0001,0.0135,0.0,155.0,0.0,92.0,63.0,87.0,0.0,0.0,0.0,0.0,0.0,0.0,0.0,0.0,0.0,0.0,0.0,0.0,0.0,0.0,0.0,0.0,0.0,0.0,8.0,2.0,1.0
985,8.224511500000006,0,8.1579,2.0694,2.1387,1.9788,0.1837,0.0026,0.0071,0.0002,0.0321,0.0444,0.002,0.0007,0.0098,0.0001,0.0014,0.0023,0.0002,0.0001,0.008,0.0017,0.0005,0.0001,0.0032,0.0851,0.0204,0.0,0.014,0.0,155.0,0.0,92.0,63.0,87.0,0.0,0.0,0.0,0.0,0.0,0.0,0.0,0.0,0.0,0.0,0.0,0.0,0.0,0.0,0.0,0.0,0.0,0.0,8.0,2.0,1.0
986,8.232669400000006,0,8.4434,2.057,2.1882,1.8253,0.1939,0.0035,0.0073,0.0002,0.0426,0.0557,0.0021,0.0008,0.0094,0.0002,0.0011,0.0016,0.0007,0.0001,0.0081,0.0013,0.0006,0.0,0.0032,0.0958,0.0222,0.0,0.0144,0.0,155.0,0.0,92.0,63.0,87.0,0.0,0.0,0.0,0.0,0.0,0.0,0.0,0.0,0.0,0.0,0.0,0.0,0.0,0.0,0.0,0.0,0.0,0.0,8.0,2.0,1.0
987,8.241112800000007,0,8.2815,1.9162,2.1754,1.7306,0.1914,0.003,0.009,0.0002,0.0305,0.0447,0.0023,0.0012,0.0119,0.0002,0.0012,0.0015,0.0001,0.0001,0.0081,0.0012,0.0005,0.0001,0.0037,0.0879,0.0208,0.0,0.0147,0.0,155.0,0.0,92.0,63.0,87.0,0.0,0.0,0.0,0.0,0.0,0.0,0.0,0.0,0.0,0.0,0.0,0.0,0.0,0.0,0.0,0.0,0.0,0.0,8.0,2.0,1.0
988,8.249394300000008,0,8.2992,1.9623,2.1797,1.9177,0.2159,0.0042,0.0097,0.0003,0.0422,0.0587,0.0024,0.0009,0.0111,0.0001,0.0013,0.002,0.0001,0.0001,0.0082,0.0018,0.0005,0.0001,0.0037,0.1032,0.0223,0.0,0.0114,0.0,155.0,0.0,92.0,63.0,87.0,0.0,0.0,0.0,0.0,0.0,0.0,0.0,0.0,0.0,0.0,0.0,0.0,0.0,0.0,0.0,0.0,0.0,0.0,8.0,2.0,1.0
989,8.257693500000007,0,8.5535,1.9643,2.2687,1.8656,0.2008,0.0029,0.009,0.0004,0.0326,0.0471,0.002,0.0008,0.0106,0.0001,0.0015,0.0017,0.0002,0.0002,0.0084,0.0012,0.0004,0.0004,0.0033,0.0893,0.0214,0.0001,0.0145,0.0,155.0,0.0,92.0,63.0,87.0,0.0,0.0,0.0,0.0,0.0,0.0,0.0,0.0,0.0,0.0,0.0,0.0,0.0,0.0,0.0,0.0,0.0,0.0,8.0,2.0,1.0
990,8.266247000000007,0,8.4121,2.0873,2.4444,1.9491,0.2163,0.0031,0.0088,0.0002,0.0462,0.061,0.0024,0.0008,0.01,0.0001,0.0015,0.0021,0.0001,0.0002,0.0087,0.0018,0.0005,0.0001,0.0033,0.1032,0.0225,0.0,0.0131,0.0,155.0,0.0,92.0,63.0,87.0,0.0,0.0,0.0,0.0,0.0,0.0,0.0,0.0,0.0,0.0,0.0,0.0,0.0,0.0,0.0,0.0,0.0,0.0,8.0,2.0,1.0
991,8.274659100000006,0,8.2684,2.0144,2.3826,1.9276,0.2071,0.0036,0.0092,0.0003,0.0339,0.0495,0.002,0.0008,0.0101,0.0001,0.002,0.0016,0.0001,0.0001,0.0088,0.0018,0.0005,0.0,0.0033,0.0931,0.0236,0.0001,0.0128,0.0,155.0,0.0,92.0,63.0,87.0,0.0,0.0,0.0,0.0,0.0,0.0,0.0,0.0,0.0,0.0,0.0,0.0,0.0,0.0,0.0,0.0,0.0,0.0,8.0,2.0,1.0
992,8.282927500000007,0,8.3741,2.0453,2.406,1.8518,0.2732,0.0029,0.0098,0.0002,0.057,0.0733,0.0031,0.0008,0.0143,0.0003,0.0021,0.0017,0.0001,0.0001,0.012,0.0018,0.0005,0.0001,0.007,0.1359,0.0398,0.0,0.0133,0.0,155.0,0.0,92.0,63.0,87.0,0.0,0.0,0.0,0.0,0.0,0.0,0.0,0.0,0.0,0.0,0.0,0.0,0.0,0.0,0.0,0.0,0.0,0.0,8.0,2.0,1.0
993,8.291301600000006,0,8.5359,2.0607,2.6149,1.9858,0.2729,0.0047,0.011,0.0008,0.0378,0.0573,0.0026,0.001,0.0115,0.0001,0.0021,0.0022,0.0001,0.0002,0.0116,0.0017,0.0012,0.0002,0.005,0.1114,0.027,0.0001,0.0135,0.0,155.0,0.0,92.0,63.0,87.0,0.0,0.0,0.0,0.0,0.0,0.0,0.0,0.0,0.0,0.0,0.0,0.0,0.0,0.0,0.0,0.0,0.0,0.0,8.0,2.0,1.0
994,8.299837500000006,0,8.292,2.1193,2.6258,1.9837,0.2333,0.0028,0.0071,0.0003,0.0526,0.0653,0.0029,0.0014,0.0127,0.0002,0.0014,0.0021,0.0002,0.0001,0.0078,0.0015,0.0005,0.0,0.0044,0.1128,0.029,0.0,0.0157,0.0,155.0,0.0,92.0,63.0,87.0,0.0,0.0,0.0,0.0,0.0,0.0,0.0,0.0,0.0,0.0,0.0,0.0,0.0,0.0,0.0,0.0,0.0,0.0,8.0,2.0,1.0
995,8.308129500000007,0,8.1399,1.967,2.2926,1.9523,0.1997,0.0028,0.0083,0.0002,0.0358,0.0493,0.002,0.0007,0.0098,0.0001,0.0022,0.0014,0.0001,0.0001,0.0081,0.0011,0.0004,0.0001,0.0036,0.0897,0.0222,0.0,0.014,0.0,155.0,0.0,92.0,63.0,87.0,0.0,0.0,0.0,0.0,0.0,0.0,0.0,0.0,0.0,0.0,0.0,0.0,0.0,0.0,0.0,0.0,0.0,0.0,8.0,2.0,1.0
996,8.316269400000007,0,8.4085,2.2942,2.5176,1.8943,0.2479,0.0034,0.0096,0.0002,0.0517,0.0678,0.0033,0.0014,0.0119,0.0002,0.0019,0.0017,0.0007,0.0001,0.0113,0.0013,0.0004,0.0003,0.004,0.1165,0.0276,0.0001,0.0128,0.0,155.0,0.0,92.0,63.0,87.0,0.0,0.0,0.0,0.0,0.0,0.0,0.0,0.0,0.0,0.0,0.0,0.0,0.0,0.0,0.0,0.0,0.0,0.0,8.0,2.0,1.0
997,8.324677900000006,0,8.2596,2.0227,2.4628,2.0708,0.2162,0.0036,0.0093,0.0002,0.0338,0.0492,0.0021,0.0013,0.0108,0.0001,0.0015,0.0019,0.0,0.0001,0.0082,0.0016,0.0005,0.0001,0.0034,0.092,0.0291,0.0001,0.014,0.0,155.0,0.0,92.0,63.0,87.0,0.0,0.0,0.0,0.0,0.0,0.0,0.0,0.0,0.0,0.0,0.0,0.0,0.0,0.0,0.0,0.0,0.0,0.0,8.0,2.0,1.0
998,8.332937500000007,0,8.4417,2.0376,2.4016,1.8793,0.2166,0.0031,0.0084,0.0003,0.0449,0.0598,0.002,0.0008,0.0114,0.0001,0.0016,0.0016,0.0006,0.0001,0.0084,0.0012,0.001,0.0001,0.0034,0.1038,0.0223,0.0,0.0149,0.0,155.0,0.0,92.0,63.0,87.0,0.0,0.0,0.0,0.0,0.0,0.0,0.0,0.0,0.0,0.0,0.0,0.0,0.0,0.0,0.0,0.0,0.0,0.0,8.0,2.0,1.0
999,8.341379200000008,0,8.1304,2.1304,2.3266,2.8984,0.2101,0.0034,0.0093,0.0002,0.037,0.0524,0.002,0.0009,0.0106,0.0007,0.0015,0.0023,0.0,0.0001,0.0079,0.0014,0.001,0.0,0.0034,0.095,0.0241,0.0,0.0137,0.0,155.0,0.0,92.0,63.0,87.0,0.0,0.0,0.0,0.0,0.0,0.0,0.0,0.0,0.0,0.0,0.0,0.0,0.0,0.0,0.0,0.0,0.0,0.0,8.0,2.0,1.0
1000,8.349509600000008,0,8.6425,2.1491,2.5048,1.9379,0.2867,0.0034,0.0105,0.0003,0.0635,0.0813,0.0032,0.0011,0.0152,0.0002,0.0022,0.0024,0.0001,0.0001,0.0094,0.0015,0.0005,0.0001,0.0062,0.1405,0.039,0.0001,0.012,0.0,155.0,0.0,92.0,63.0,87.0,0.0,0.0,0.0,0.0,0.0,0.0,0.0,0.0,0.0,0.0,0.0,0.0,0.0,0.0,0.0,0.0,0.0,0.0,8.0,2.0,1.0
1001,8.358152100000009,0,8.3288,2.1829,2.6382,2.0641,0.209,0.0031,0.0092,0.0002,0.0324,0.0473,0.0023,0.001,0.0118,0.0001,0.0015,0.0017,0.0001,0.0001,0.0083,0.0012,0.0005,0.0001,0.0034,0.0914,0.0237,0.0001,0.0134,0.0,155.0,0.0,92.0,63.0,87.0,0.0,0.0,0.0,0.0,0.0,0.0,0.0,0.0,0.0,0.0,0.0,0.0,0.0,0.0,0.0,0.0,0.0,0.0,8.0,2.0,1.0
1002,8.366480900000008,0,8.3033,2.0986,2.5774,1.8546,0.2228,0.0031,0.0087,0.0002,0.0467,0.0613,0.002,0.0009,0.0102,0.0001,0.002,0.002,0.0001,0.0001,0.0086,0.002,0.0006,0.0001,0.0034,0.1066,0.0234,0.0001,0.0167,0.0,155.0,0.0,92.0,63.0,87.0,0.0,0.0,0.0,0.0,0.0,0.0,0.0,0.0,0.0,0.0,0.0,0.0,0.0,0.0,0.0,0.0,0.0,0.0,8.0,2.0,1.0
1003,8.374784200000008,0,8.114,2.0019,2.3424,2.0353,0.2005,0.0032,0.009,0.0003,0.0301,0.0454,0.0025,0.0014,0.0113,0.0002,0.0021,0.0016,0.0001,0.0001,0.008,0.0011,0.0005,0.0001,0.0034,0.0884,0.0204,0.0,0.013,0.0,155.0,0.0,92.0,63.0,87.0,0.0,0.0,0.0,0.0,0.0,0.0,0.0,0.0,0.0,0.0,0.0,0.0,0.0,0.0,0.0,0.0,0.0,0.0,8.0,2.0,1.0
1004,8.382898200000009,0,8.4739,1.9916,2.4738,1.8882,0.267,0.003,0.0095,0.0003,0.0596,0.0754,0.0026,0.0008,0.0123,0.0003,0.002,0.0014,0.0,0.0,0.0096,0.0012,0.0006,0.0,0.0046,0.1294,0.0399,0.0,0.0123,0.0,155.0,0.0,92.0,63.0,87.0,0.0,0.0,0.0,0.0,0.0,0.0,0.0,0.0,0.0,0.0,0.0,0.0,0.0,0.0,0.0,0.0,0.0,0.0,8.0,2.0,1.0
1005,8.391372100000009,0,8.0786,2.0216,2.3293,1.9423,0.205,0.0029,0.0089,0.0002,0.0341,0.0489,0.002,0.001,0.0108,0.0002,0.0022,0.0017,0.0001,0.0001,0.0082,0.0013,0.0011,0.0001,0.0034,0.0921,0.0205,0.0,0.0138,0.0,155.0,0.0,92.0,63.0,87.0,0.0,0.0,0.0,0.0,0.0,0.0,0.0,0.0,0.0,0.0,0.0,0.0,0.0,0.0,0.0,0.0,0.0,0.0,8.0,2.0,1.0
1006,8.399450700000008,0,8.5669,1.9296,2.2982,1.8016,0.2162,0.0035,0.0089,0.0002,0.0461,0.0612,0.0022,0.0007,0.0099,0.0002,0.0014,0.0022,0.0001,0.0001,0.0086,0.0018,0.0004,0.0001,0.0032,0.1036,0.0243,0.0001,0.014,0.0,155.0,0.0,92.0,63.0,87.0,0.0,0.0,0.0,0.0,0.0,0.0,0.0,0.0,0.0,0.0,0.0,0.0,0.0,0.0,0.0,0.0,0.0,0.0,8.0,2.0,1.0
1007,8.408017600000008,0,8.0836,1.9451,2.3144,1.9766,0.1871,0.0026,0.008,0.0002,0.034,0.047,0.0025,0.0005,0.0094,0.0001,0.0014,0.0016,0.0,0.0002,0.0082,0.0012,0.001,0.0001,0.0031,0.0872,0.0211,0.0001,0.0144,0.0,155.0,0.0,92.0,63.0,87.0,0.0,0.0,0.0,0.0,0.0,0.0,0.0,0.0,0.0,0.0,0.0,0.0,0.0,0.0,0.0,0.0,0.0,0.0,8.0,2.0,1.0
1008,8.416101200000009,0,8.3382,1.9192,2.1957,1.9602,0.1972,0.0029,0.0079,0.0002,0.0424,0.0554,0.0019,0.0006,0.0107,0.0001,0.0018,0.0015,0.0002,0.0001,0.0079,0.0015,0.0004,0.0,0.0033,0.0966,0.0208,0.0,0.0131,0.0,155.0,0.0,92.0,63.0,87.0,0.0,0.0,0.0,0.0,0.0,0.0,0.0,0.0,0.0,0.0,0.0,0.0,0.0,0.0,0.0,0.0,0.0,0.0,8.0,2.0,1.0
1009,8.42443940000001,0,8.2873,2.0105,2.2167,1.9805,0.2351,0.0039,0.0069,0.0003,0.0441,0.0575,0.0029,0.0008,0.0117,0.0001,0.0018,0.0016,0.0001,0.0001,0.0087,0.0013,0.0005,0.0003,0.0038,0.1063,0.0324,0.0,0.013,0.0,155.0,0.0,92.0,63.0,85.0,0.0,0.0,0.0,0.0,0.0,0.0,0.0,0.0,0.0,0.0,0.0,0.0,0.0,0.0,0.0,0.0,0.0,0.0,8.0,2.0,1.0
1010,8.432726700000009,0,8.6629,1.9526,2.4345,1.858,0.2707,0.0038,0.0098,0.0003,0.051,0.0679,0.0027,0.0008,0.0121,0.0003,0.002,0.0016,0.0001,0.0,0.0096,0.0012,0.0007,0.0001,0.0057,0.1303,0.042,0.0001,0.013,0.0,155.0,0.0,92.0,63.0,82.0,0.0,0.0,0.0,0.0,0.0,0.0,0.0,0.0,0.0,0.0,0.0,0.0,0.0,0.0,0.0,0.0,0.0,0.0,8.0,2.0,1.0
1011,8.441389600000008,0,8.3299,2.1273,2.5936,1.997,0.2507,0.0033,0.0092,0.0003,0.0431,0.0586,0.0026,0.0013,0.0162,0.0002,0.0028,0.0037,0.0001,0.0001,0.0107,0.0021,0.0045,0.0001,0.0039,0.1237,0.0279,0.0,0.0125,0.0,155.0,0.0,92.0,63.0,82.0,0.0,0.0,0.0,0.0,0.0,0.0,0.0,0.0,0.0,0.0,0.0,0.0,0.0,0.0,0.0,0.0,0.0,0.0,8.0,2.0,1.0
1012,8.449719500000008,0,8.4455,2.1046,2.4704,2.0314,0.2173,0.0031,0.0081,0.0002,0.0431,0.0567,0.002,0.0011,0.0137,0.0002,0.0017,0.0016,0.0001,0.0001,0.0082,0.0015,0.0005,0.0001,0.0033,0.1031,0.0232,0.0,0.0135,0.0,155.0,0.0,92.0,63.0,82.0,0.0,0.0,0.0,0.0,0.0,0.0,0.0,0.0,0.0,0.0,0.0,0.0,0.0,0.0,0.0,0.0,0.0,0.0,8.0,2.0,1.0
1013,8.458165000000008,0,8.1406,1.9374,2.4653,1.7911,0.2012,0.003,0.0081,0.0005,0.0356,0.0503,0.0019,0.0007,0.0103,0.0001,0.002,0.0016,0.0002,0.0001,0.0085,0.0013,0.0005,0.0001,0.0037,0.0934,0.0224,0.0001,0.0127,0.0,155.0,0.0,92.0,63.0,82.0,0.0,0.0,0.0,0.0,0.0,0.0,0.0,0.0,0.0,0.0,0.0,0.0,0.0,0.0,0.0,0.0,0.0,0.0,8.0,2.0,1.0
1014,8.466305600000009,0,8.0674,2.0258,2.184,1.8336,0.1905,0.0029,0.0079,0.0001,0.044,0.0571,0.0019,0.0006,0.0094,0.0002,0.0018,0.0014,0.0,0.0001,0.0077,0.0014,0.0005,0.0001,0.0032,0.0964,0.0185,0.0,0.0128,0.0,155.0,0.0,92.0,63.0,82.0,0.0,0.0,0.0,0.0,0.0,0.0,0.0,0.0,0.0,0.0,0.0,0.0,0.0,0.0,0.0,0.0,0.0,0.0,8.0,2.0,1.0
1015,8.474373000000009,0,8.3355,1.9575,2.2119,1.8085,0.1952,0.0029,0.0079,0.0002,0.0338,0.0471,0.0023,0.0007,0.0102,0.0001,0.0013,0.002,0.0001,0.0002,0.0083,0.0011,0.0005,0.0001,0.003,0.0924,0.0207,0.0,0.0115,0.0,155.0,0.0,92.0,63.0,82.0,0.0,0.0,0.0,0.0,0.0,0.0,0.0,0.0,0.0,0.0,0.0,0.0,0.0,0.0,0.0,0.0,0.0,0.0,8.0,2.0,1.0
1016,8.482708500000008,0,8.4475,1.9589,2.1188,2.2508,0.2222,0.0031,0.0094,0.0003,0.0477,0.0635,0.0024,0.0008,0.0114,0.0002,0.0015,0.0018,0.0,0.0001,0.0088,0.0013,0.0007,0.0,0.0038,0.1093,0.0237,0.0001,0.0142,0.0,155.0,0.0,92.0,63.0,82.0,0.0,0.0,0.0,0.0,0.0,0.0,0.0,0.0,0.0,0.0,0.0,0.0,0.0,0.0,0.0,0.0,0.0,0.0,8.0,2.0,1.0
1017,8.491156000000009,0,8.2801,1.8426,2.2827,1.805,0.2178,0.0048,0.0089,0.0003,0.0356,0.0527,0.0021,0.0013,0.0119,0.0003,0.0015,0.0019,0.0001,0.0001,0.008,0.0013,0.0008,0.0,0.0042,0.099,0.021,0.0,0.0123,0.0,155.0,0.0,92.0,63.0,82.0,0.0,0.0,0.0,0.0,0.0,0.0,0.0,0.0,0.0,0.0,0.0,0.0,0.0,0.0,0.0,0.0,0.0,0.0,8.0,2.0,1.0
1018,8.49943610000001,0,8.2681,1.978,2.2218,1.8656,0.1857,0.0032,0.0076,0.0002,0.0359,0.0493,0.0025,0.0009,0.0096,0.0001,0.0013,0.0019,0.0,0.0001,0.0084,0.0012,0.0008,0.0,0.0032,0.089,0.0177,0.0001,0.0122,0.0,155.0,0.0,92.0,63.0,85.0,0.0,0.0,0.0,0.0,0.0,0.0,0.0,0.0,0.0,0.0,0.0,0.0,0.0,0.0,0.0,0.0,0.0,0.0,8.0,2.0,1.0
1019,8.50770420000001,0,8.2209,1.8025,2.012,1.8007,0.1834,0.003,0.0074,0.0003,0.0319,0.0446,0.0025,0.0006,0.0101,0.0001,0.0012,0.0013,0.0,0.0001,0.0078,0.0012,0.0004,0.0001,0.0031,0.0832,0.0223,0.0001,0.0123,0.0,155.0,0.0,92.0,63.0,85.0,0.0,0.0,0.0,0.0,0.0,0.0,0.0,0.0,0.0,0.0,0.0,0.0,0.0,0.0,0.0,0.0,0.0,0.0,8.0,2.0,1.0
1020,8.51592510000001,0,8.5381,1.9519,2.0705,1.8633,0.1973,0.0026,0.0091,0.0002,0.0488,0.0631,0.002,0.0007,0.0092,0.0001,0.0012,0.0014,0.0001,0.0001,0.0069,0.0017,0.0004,0.0,0.0032,0.1001,0.0211,0.0001,0.0136,0.0,155.0,0.0,92.0,63.0,85.0,0.0,0.0,0.0,0.0,0.0,0.0,0.0,0.0,0.0,0.0,0.0,0.0,0.0,0.0,0.0,0.0,0.0,0.0,8.0,2.0,1.0
1021,8.52446320000001,0,8.3301,2.0221,2.2706,1.8167,0.1955,0.0026,0.0078,0.0003,0.0347,0.0478,0.0023,0.0007,0.0094,0.0001,0.0013,0.002,0.0001,0.0001,0.0074,0.0013,0.0005,0.0001,0.0033,0.0872,0.0224,0.0,0.0147,0.0,155.0,0.0,92.0,63.0,85.0,0.0,0.0,0.0,0.0,0.0,0.0,0.0,0.0,0.0,0.0,0.0,0.0,0.0,0.0,0.0,0.0,0.0,0.0,8.0,2.0,1.0
1022,8.53279330000001,0,8.2888,1.834,2.2094,1.9262,0.1974,0.0027,0.0073,0.0002,0.0444,0.0562,0.0018,0.0006,0.0097,0.0001,0.0013,0.0016,0.0001,0.0001,0.0074,0.0017,0.0004,0.0,0.003,0.0973,0.0194,0.0,0.0129,0.0,155.0,0.0,92.0,63.0,85.0,0.0,0.0,0.0,0.0,0.0,0.0,0.0,0.0,0.0,0.0,0.0,0.0,0.0,0.0,0.0,0.0,0.0,0.0,8.0,2.0,1.0
1023,8.541082100000011,0,8.206,2.0592,2.1264,1.8449,0.2076,0.0028,0.009,0.0002,0.0358,0.0503,0.0021,0.0008,0.0104,0.0002,0.0015,0.0018,0.0001,0.0002,0.0085,0.0018,0.0005,0.0,0.0038,0.0939,0.0222,0.0001,0.012,0.0,155.0,0.0,92.0,63.0,85.0,0.0,0.0,0.0,0.0,0.0,0.0,0.0,0.0,0.0,0.0,0.0,0.0,0.0,0.0,0.0,0.0,0.0,0.0,8.0,2.0,1.0
1024,8.54928810000001,0,8.454,1.9069,2.1295,1.7516,0.1932,0.0031,0.0086,0.0002,0.0308,0.0451,0.0021,0.0008,0.0097,0.0001,0.0014,0.0018,0.0,0.0001,0.0083,0.0017,0.0005,0.0001,0.0034,0.0866,0.0208,0.0,0.0146,0.0,155.0,0.0,92.0,63.0,85.0,0.0,0.0,0.0,0.0,0.0,0.0,0.0,0.0,0.0,0.0,0.0,0.0,0.0,0.0,0.0,0.0,0.0,0.0,8.0,2.0,1.0
1025,8.557742100000011,0,8.2523,1.9142,2.1692,1.8078,0.2109,0.0028,0.0085,0.0003,0.0455,0.0596,0.0022,0.0014,0.0112,0.0006,0.0015,0.0017,0.0,0.0002,0.0085,0.0019,0.001,0.0001,0.0036,0.1034,0.0223,0.0,0.013,0.0,155.0,0.0,92.0,63.0,85.0,0.0,0.0,0.0,0.0,0.0,0.0,0.0,0.0,0.0,0.0,0.0,0.0,0.0,0.0,0.0,0.0,0.0,0.0,8.0,2.0,1.0
1026,8.565994400000012,0,8.5453,1.8496,2.1547,1.7982,0.2013,0.0027,0.0079,0.0002,0.0464,0.059,0.0021,0.0006,0.0089,0.0001,0.0013,0.0019,0.0001,0.0001,0.0076,0.0012,0.0004,0.0001,0.0032,0.0976,0.0213,0.0,0.0122,0.0,155.0,0.0,92.0,63.0,85.0,0.0,0.0,0.0,0.0,0.0,0.0,0.0,0.0,0.0,0.0,0.0,0.0,0.0,0.0,0.0,0.0,0.0,0.0,8.0,2.0,1.0
1027,8.574539700000011,0,8.1119,1.7956,2.2015,1.8435,0.1979,0.0035,0.0088,0.0002,0.0259,0.0411,0.0021,0.0009,0.0104,0.0002,0.0016,0.002,0.0001,0.0002,0.0074,0.0013,0.0009,0.0,0.0036,0.0835,0.0251,0.0,0.0122,0.0,155.0,0.0,92.0,63.0,84.0,0.0,0.0,0.0,0.0,0.0,0.0,0.0,0.0,0.0,0.0,0.0,0.0,0.0,0.0,0.0,0.0,0.0,0.0,8.0,2.0,1.0
1028,8.58265160000001,0,8.368,1.9749,2.1613,1.78,0.2522,0.0043,0.0081,0.0002,0.0477,0.0632,0.0032,0.001,0.013,0.0002,0.0023,0.0015,0.0001,0.0001,0.0083,0.0014,0.0004,0.0001,0.0062,0.1157,0.0372,0.0,0.012,0.0,155.0,0.0,92.0,63.0,84.0,0.0,0.0,0.0,0.0,0.0,0.0,0.0,0.0,0.0,0.0,0.0,0.0,0.0,0.0,0.0,0.0,0.0,0.0,8.0,2.0,1.0
1029,8.591019600000012,0,8.4183,1.9622,2.0465,1.9205,0.1867,0.0027,0.0077,0.0003,0.0344,0.0469,0.0019,0.0007,0.0101,0.0001,0.0018,0.0016,0.0001,0.0002,0.0081,0.0012,0.0005,0.0001,0.0032,0.0881,0.0186,0.0,0.0165,0.0,155.0,0.0,92.0,63.0,84.0,0.0,0.0,0.0,0.0,0.0,0.0,0.0,0.0,0.0,0.0,0.0,0.0,0.0,0.0,0.0,0.0,0.0,0.0,8.0,2.0,1.0
1030,8.599437900000012,0,8.1844,1.9308,2.1878,1.8051,0.2172,0.0034,0.0088,0.0002,0.0408,0.0556,0.0022,0.0008,0.0119,0.0002,0.0014,0.0021,0.0001,0.0001,0.0077,0.0018,0.0005,0.0002,0.0041,0.1044,0.0214,0.0,0.0139,0.0,155.0,0.0,92.0,63.0,84.0,0.0,0.0,0.0,0.0,0.0,0.0,0.0,0.0,0.0,0.0,0.0,0.0,0.0,0.0,0.0,0.0,0.0,0.0,8.0,2.0,1.0
1031,8.607622300000012,0,8.3789,1.962,1.9614,1.7364,0.1936,0.0031,0.007,0.0001,0.0411,0.0545,0.0021,0.0007,0.01,0.0001,0.0016,0.0014,0.0001,0.0001,0.0068,0.0013,0.0004,0.0001,0.0034,0.0929,0.0212,0.0,0.0134,0.0,155.0,0.0,92.0,63.0,84.0,0.0,0.0,0.0,0.0,0.0,0.0,0.0,0.0,0.0,0.0,0.0,0.0,0.0,0.0,0.0,0.0,0.0,0.0,8.0,2.0,1.0
1032,8.616001200000012,0,8.6067,1.8826,2.3848,1.8397,0.2461,0.0036,0.0095,0.0003,0.0489,0.065,0.0025,0.0015,0.0123,0.0007,0.0015,0.0024,0.0001,0.0001,0.009,0.0015,0.0006,0.0001,0.0044,0.1139,0.0304,0.0001,0.0141,0.0,155.0,0.0,92.0,63.0,86.0,0.0,0.0,0.0,0.0,0.0,0.0,0.0,0.0,0.0,0.0,0.0,0.0,0.0,0.0,0.0,0.0,0.0,0.0,8.0,2.0,1.0
1033,8.624607900000012,0,8.1616,2.0338,2.2986,1.9781,0.1781,0.0028,0.0099,0.0002,0.029,0.0442,0.0019,0.0006,0.0091,0.0001,0.0017,0.0012,0.0001,0.0002,0.0076,0.0016,0.0005,0.0001,0.0031,0.0815,0.0191,0.0,0.0137,0.0,155.0,0.0,92.0,63.0,86.0,0.0,0.0,0.0,0.0,0.0,0.0,0.0,0.0,0.0,0.0,0.0,0.0,0.0,0.0,0.0,0.0,0.0,0.0,8.0,2.0,1.0
1034,8.63276950000001,0,8.3872,1.9894,2.2101,1.7667,0.2072,0.0028,0.0073,0.0002,0.0476,0.06,0.0028,0.0008,0.012,0.0001,0.0014,0.002,0.0001,0.0001,0.0085,0.0015,0.0005,0.0001,0.0036,0.1051,0.0216,0.0001,0.0131,0.0,155.0,0.0,92.0,63.0,86.0,0.0,0.0,0.0,0.0,0.0,0.0,0.0,0.0,0.0,0.0,0.0,0.0,0.0,0.0,0.0,0.0,0.0,0.0,8.0,2.0,1.0
1035,8.64115670000001,0,8.3845,1.951,2.2901,1.7244,0.2096,0.0036,0.0091,0.0002,0.033,0.0484,0.0026,0.0009,0.0112,0.0001,0.0019,0.0016,0.0001,0.0001,0.0085,0.0014,0.0005,0.0001,0.0038,0.0963,0.021,0.0,0.0121,0.0,155.0,0.0,92.0,63.0,86.0,0.0,0.0,0.0,0.0,0.0,0.0,0.0,0.0,0.0,0.0,0.0,0.0,0.0,0.0,0.0,0.0,0.0,0.0,8.0,2.0,1.0
1036,8.64954120000001,0,8.2226,1.9057,2.2581,1.7755,0.2142,0.0035,0.0088,0.0002,0.0435,0.058,0.0022,0.0007,0.0114,0.0002,0.002,0.0015,0.0001,0.0004,0.0083,0.0013,0.0005,0.0001,0.0036,0.1022,0.0225,0.0,0.0128,0.0,155.0,0.0,92.0,63.0,86.0,0.0,0.0,0.0,0.0,0.0,0.0,0.0,0.0,0.0,0.0,0.0,0.0,0.0,0.0,0.0,0.0,0.0,0.0,8.0,2.0,1.0
1037,8.65776380000001,0,8.3257,2.028,2.1696,1.8471,0.1803,0.003,0.0076,0.0003,0.0304,0.0433,0.0024,0.0007,0.0092,0.0002,0.0014,0.002,0.0001,0.0001,0.008,0.001,0.0005,0.0001,0.0031,0.0831,0.0187,0.0,0.0136,0.0,155.0,0.0,92.0,63.0,86.0,0.0,0.0,0.0,0.0,0.0,0.0,0.0,0.0,0.0,0.0,0.0,0.0,0.0,0.0,0.0,0.0,0.0,0.0,8.0,2.0,1.0
1038,8.66608950000001,0,8.3216,1.9481,2.2477,1.8582,0.1962,0.0027,0.0077,0.0001,0.0434,0.0562,0.0019,0.0007,0.0101,0.0001,0.0013,0.002,0.0001,0.0001,0.0073,0.0012,0.0009,0.0,0.0032,0.0951,0.0218,0.0,0.0155,0.0,155.0,0.0,92.0,63.0,86.0,0.0,0.0,0.0,0.0,0.0,0.0,0.0,0.0,0.0,0.0,0.0,0.0,0.0,0.0,0.0,0.0,0.0,0.0,8.0,2.0,1.0
1039,8.674411100000011,0,8.2845,1.9662,2.0698,1.9794,0.1968,0.003,0.0091,0.0003,0.0292,0.0436,0.0027,0.0008,0.0109,0.0001,0.0019,0.0015,0.0002,0.0001,0.008,0.0016,0.0005,0.0001,0.0035,0.0863,0.0216,0.0001,0.0125,0.0,155.0,0.0,92.0,63.0,86.0,0.0,0.0,0.0,0.0,0.0,0.0,0.0,0.0,0.0,0.0,0.0,0.0,0.0,0.0,0.0,0.0,0.0,0.0,8.0,2.0,1.0
1040,8.682695600000011,0,8.3771,1.9199,2.164,1.8539,0.1902,0.003,0.0078,0.0001,0.043,0.0565,0.0018,0.0007,0.009,0.0001,0.0012,0.0013,0.0,0.0006,0.0071,0.0011,0.0005,0.0,0.0028,0.0952,0.0209,0.0,0.0136,0.0,155.0,0.0,92.0,63.0,79.0,0.0,0.0,0.0,0.0,0.0,0.0,0.0,0.0,0.0,0.0,0.0,0.0,0.0,0.0,0.0,0.0,0.0,0.0,8.0,2.0,1.0
1041,8.691072700000012,0,8.3907,1.8032,2.1919,1.7722,0.2304,0.003,0.0073,0.0002,0.0435,0.0567,0.0032,0.0011,0.015,0.0001,0.0021,0.0029,0.0001,0.0003,0.0114,0.0015,0.0011,0.0001,0.0051,0.1152,0.0245,0.0,0.0118,0.0,155.0,0.0,92.0,63.0,79.0,0.0,0.0,0.0,0.0,0.0,0.0,0.0,0.0,0.0,0.0,0.0,0.0,0.0,0.0,0.0,0.0,0.0,0.0,8.0,2.0,1.0
1042,8.699463400000012,0,8.3063,2.0604,2.2949,2.0082,0.2099,0.003,0.0067,0.0001,0.0467,0.0588,0.0024,0.0007,0.0133,0.0002,0.0013,0.0021,0.0002,0.0002,0.0082,0.0017,0.0005,0.0001,0.0033,0.104,0.0205,0.0001,0.0127,0.0,155.0,0.0,92.0,63.0,79.0,0.0,0.0,0.0,0.0,0.0,0.0,0.0,0.0,0.0,0.0,0.0,0.0,0.0,0.0,0.0,0.0,0.0,0.0,8.0,2.0,1.0
1043,8.70776970000001,0,8.1918,1.9652,2.0907,1.8124,0.1895,0.0029,0.0077,0.0003,0.0326,0.0455,0.002,0.0006,0.0101,0.0001,0.0022,0.0016,0.0,0.0001,0.008,0.0012,0.0004,0.0,0.0032,0.0856,0.0229,0.0,0.0147,0.0,155.0,0.0,92.0,63.0,84.0,0.0,0.0,0.0,0.0,0.0,0.0,0.0,0.0,0.0,0.0,0.0,0.0,0.0,0.0,0.0,0.0,0.0,0.0,8.0,2.0,1.0
1044,8.715961500000011,0,8.4575,1.9164,2.0882,1.7682,0.2021,0.0027,0.0084,0.0002,0.0451,0.059,0.0022,0.0008,0.0101,0.0001,0.0015,0.0014,0.0001,0.0002,0.0083,0.0011,0.0004,0.0,0.0038,0.1007,0.0237,0.0,0.0135,0.0,155.0,0.0,92.0,63.0,84.0,0.0,0.0,0.0,0.0,0.0,0.0,0.0,0.0,0.0,0.0,0.0,0.0,0.0,0.0,0.0,0.0,0.0,0.0,8.0,2.0,1.0
1045,8.724419000000012,0,8.2151,1.9676,2.0886,1.7559,0.2141,0.003,0.0088,0.0002,0.041,0.0564,0.0027,0.0009,0.0112,0.0001,0.0014,0.0018,0.0,0.0002,0.0081,0.0016,0.0005,0.0001,0.0034,0.1015,0.025,0.0,0.0136,0.0,155.0,0.0,92.0,63.0,81.0,0.0,0.0,0.0,0.0,0.0,0.0,0.0,0.0,0.0,0.0,0.0,0.0,0.0,0.0,0.0,0.0,0.0,0.0,8.0,2.0,1.0
1046,8.732634100000011,0,8.4528,1.814,2.2429,1.8184,0.2161,0.0032,0.0093,0.0002,0.0385,0.0533,0.0028,0.0009,0.0133,0.0003,0.0025,0.0023,0.0,0.0004,0.0093,0.0019,0.0005,0.0001,0.0036,0.1028,0.0251,0.0001,0.0125,0.0,155.0,0.0,92.0,63.0,81.0,0.0,0.0,0.0,0.0,0.0,0.0,0.0,0.0,0.0,0.0,0.0,0.0,0.0,0.0,0.0,0.0,0.0,0.0,8.0,2.0,1.0
1047,8.741086900000012,0,8.4127,1.8245,2.106,1.7654,0.1959,0.0029,0.0085,0.0001,0.0329,0.0468,0.0021,0.0009,0.0105,0.0002,0.0014,0.0022,0.0002,0.0001,0.0086,0.0016,0.0004,0.0,0.0035,0.0905,0.0198,0.0,0.0133,0.0,155.0,0.0,92.0,63.0,81.0,0.0,0.0,0.0,0.0,0.0,0.0,0.0,0.0,0.0,0.0,0.0,0.0,0.0,0.0,0.0,0.0,0.0,0.0,8.0,2.0,1.0
1048,8.74949960000001,0,8.1725,1.9072,2.1992,1.787,0.2042,0.0033,0.01,0.0002,0.0382,0.0545,0.0024,0.0008,0.0117,0.0001,0.0016,0.0017,0.0,0.0001,0.0083,0.0017,0.0005,0.0,0.0037,0.0987,0.02,0.0001,0.0131,0.0,155.0,0.0,92.0,63.0,83.0,0.0,0.0,0.0,0.0,0.0,0.0,0.0,0.0,0.0,0.0,0.0,0.0,0.0,0.0,0.0,0.0,0.0,0.0,8.0,2.0,1.0
1049,8.757672100000011,0,8.3476,1.877,2.1154,1.7884,0.1938,0.0037,0.0078,0.0001,0.0378,0.0519,0.0018,0.0006,0.0089,0.0001,0.0017,0.0013,0.0,0.0001,0.0077,0.0015,0.0005,0.0001,0.0035,0.0906,0.0209,0.0001,0.0126,0.0,155.0,0.0,92.0,63.0,83.0,0.0,0.0,0.0,0.0,0.0,0.0,0.0,0.0,0.0,0.0,0.0,0.0,0.0,0.0,0.0,0.0,0.0,0.0,8.0,2.0,1.0
1050,8.766019700000012,0,8.6413,1.8481,2.3169,1.8278,0.2427,0.0035,0.0095,0.0003,0.0533,0.0702,0.0031,0.0014,0.0126,0.0007,0.0015,0.0022,0.0002,0.0001,0.0088,0.0014,0.0009,0.0,0.0037,0.1188,0.0264,0.0,0.0127,0.0,155.0,0.0,92.0,63.0,83.0,0.0,0.0,0.0,0.0,0.0,0.0,0.0,0.0,0.0,0.0,0.0,0.0,0.0,0.0,0.0,0.0,0.0,0.0,8.0,2.0,1.0
1051,8.774661000000012,0,7.9361,1.9413,2.2008,1.8278,0.1767,0.0029,0.0079,0.0002,0.0285,0.0416,0.0019,0.0007,0.0092,0.0001,0.0017,0.0017,0.0001,0.0001,0.008,0.0017,0.0004,0.0001,0.0031,0.0802,0.0209,0.0,0.013,0.0,155.0,0.0,92.0,63.0,83.0,0.0,0.0,0.0,0.0,0.0,0.0,0.0,0.0,0.0,0.0,0.0,0.0,0.0,0.0,0.0,0.0,0.0,0.0,8.0,2.0,1.0
1052,8.782597100000013,0,8.5671,1.7467,2.1521,1.734,0.2211,0.0047,0.0098,0.0002,0.0448,0.0624,0.0023,0.0006,0.0116,0.0001,0.0013,0.002,0.0,0.0001,0.0078,0.0017,0.0004,0.0001,0.0044,0.1078,0.022,0.0001,0.0152,0.0,155.0,0.0,92.0,63.0,86.0,0.0,0.0,0.0,0.0,0.0,0.0,0.0,0.0,0.0,0.0,0.0,0.0,0.0,0.0,0.0,0.0,0.0,0.0,8.0,2.0,1.0
1053,8.791164200000013,0,8.414,1.7937,2.3502,1.8845,0.2124,0.0032,0.0088,0.0002,0.0371,0.0529,0.0021,0.0008,0.0095,0.0001,0.0016,0.0022,0.0002,0.0001,0.0082,0.0012,0.0008,0.0,0.0039,0.0958,0.0223,0.0001,0.0153,0.0,155.0,0.0,92.0,63.0,86.0,0.0,0.0,0.0,0.0,0.0,0.0,0.0,0.0,0.0,0.0,0.0,0.0,0.0,0.0,0.0,0.0,0.0,0.0,8.0,2.0,1.0
1054,8.799578200000013,0,8.0964,1.9195,2.2343,1.894,0.205,0.0031,0.0091,0.0001,0.0424,0.057,0.0025,0.0008,0.011,0.0002,0.0015,0.0014,0.0001,0.0002,0.0081,0.0012,0.0005,0.0001,0.0039,0.0997,0.0246,0.0001,0.013,0.0,155.0,0.0,92.0,63.0,86.0,0.0,0.0,0.0,0.0,0.0,0.0,0.0,0.0,0.0,0.0,0.0,0.0,0.0,0.0,0.0,0.0,0.0,0.0,8.0,2.0,1.0
1055,8.807674600000013,0,8.3815,1.8033,2.0464,1.7389,0.1788,0.003,0.0077,0.0001,0.0312,0.044,0.0024,0.0007,0.0094,0.0002,0.0011,0.0022,0.0001,0.0001,0.008,0.0013,0.0004,0.0001,0.003,0.0855,0.0188,0.0001,0.014,0.0,155.0,0.0,92.0,63.0,86.0,0.0,0.0,0.0,0.0,0.0,0.0,0.0,0.0,0.0,0.0,0.0,0.0,0.0,0.0,0.0,0.0,0.0,0.0,8.0,2.0,1.0
1056,8.816056100000013,0,8.428,1.9217,2.2626,1.8819,0.2221,0.0031,0.0086,0.0004,0.0471,0.0616,0.0022,0.0009,0.0099,0.0001,0.0013,0.0021,0.0,0.0001,0.0078,0.0014,0.0007,0.0002,0.0037,0.1037,0.0237,0.0001,0.0128,0.0,155.0,0.0,92.0,63.0,86.0,0.0,0.0,0.0,0.0,0.0,0.0,0.0,0.0,0.0,0.0,0.0,0.0,0.0,0.0,0.0,0.0,0.0,0.0,8.0,2.0,1.0
1057,8.824484100000014,0,8.2398,2.004,2.1517,1.8292,0.2152,0.0034,0.0085,0.0002,0.0306,0.0456,0.0028,0.0008,0.0119,0.0002,0.0016,0.0014,0.0001,0.0002,0.008,0.0014,0.0005,0.0002,0.004,0.0907,0.0271,0.0,0.0134,0.0,155.0,0.0,92.0,63.0,86.0,0.0,0.0,0.0,0.0,0.0,0.0,0.0,0.0,0.0,0.0,0.0,0.0,0.0,0.0,0.0,0.0,0.0,0.0,8.0,2.0,1.0
1058,8.832723900000014,0,8.445,1.9342,2.2624,1.948,0.198,0.0027,0.0079,0.0002,0.0393,0.0525,0.0018,0.0007,0.0105,0.0001,0.0015,0.0016,0.0001,0.0001,0.0081,0.0013,0.0005,0.0001,0.0033,0.0942,0.0214,0.0,0.0139,0.0,155.0,0.0,92.0,63.0,86.0,0.0,0.0,0.0,0.0,0.0,0.0,0.0,0.0,0.0,0.0,0.0,0.0,0.0,0.0,0.0,0.0,0.0,0.0,8.0,2.0,1.0
1059,8.841168900000014,0,8.353,1.8068,2.2693,1.77,0.1918,0.0041,0.0097,0.0002,0.0363,0.0524,0.0022,0.0007,0.0103,0.0006,0.0013,0.0016,0.0001,0.0001,0.0081,0.0012,0.0009,0.0001,0.0031,0.0934,0.0194,0.0001,0.0133,0.0,155.0,0.0,92.0,63.0,86.0,0.0,0.0,0.0,0.0,0.0,0.0,0.0,0.0,0.0,0.0,0.0,0.0,0.0,0.0,0.0,0.0,0.0,0.0,8.0,2.0,1.0
1060,8.849521900000013,0,8.2243,1.9218,2.2351,1.8811,0.2061,0.0028,0.0091,0.0002,0.041,0.0555,0.0021,0.0007,0.01,0.0001,0.0017,0.0015,0.0001,0.0001,0.0084,0.0013,0.0004,0.0,0.0038,0.0981,0.0212,0.0,0.0128,0.0,155.0,0.0,92.0,63.0,86.0,0.0,0.0,0.0,0.0,0.0,0.0,0.0,0.0,0.0,0.0,0.0,0.0,0.0,0.0,0.0,0.0,0.0,0.0,8.0,2.0,1.0
1061,8.857746200000014,0,8.7385,1.8001,2.4927,1.7298,0.1943,0.0029,0.0082,0.0002,0.0334,0.0467,0.0023,0.0006,0.0094,0.0001,0.0015,0.0014,0.0006,0.0001,0.0078,0.0013,0.0005,0.0005,0.0034,0.0878,0.0223,0.0,0.0126,0.0,155.0,0.0,92.0,63.0,86.0,0.0,0.0,0.0,0.0,0.0,0.0,0.0,0.0,0.0,0.0,0.0,0.0,0.0,0.0,0.0,0.0,0.0,0.0,8.0,2.0,1.0
1062,8.866484700000013,0,8.1089,1.912,2.3193,1.9075,0.1915,0.0025,0.0082,0.0002,0.0391,0.0526,0.0018,0.0007,0.0087,0.0002,0.0011,0.0014,0.0,0.0005,0.0069,0.0012,0.0005,0.0,0.0032,0.0922,0.0204,0.0,0.0144,0.0,155.0,0.0,92.0,63.0,86.0,0.0,0.0,0.0,0.0,0.0,0.0,0.0,0.0,0.0,0.0,0.0,0.0,0.0,0.0,0.0,0.0,0.0,0.0,8.0,2.0,1.0
1063,8.874593600000013,0,8.1287,1.8452,2.2789,1.7549,0.1919,0.0032,0.0082,0.0001,0.0325,0.0468,0.0018,0.0012,0.0094,0.0001,0.0019,0.0016,0.0002,0.0001,0.0079,0.0017,0.0005,0.0001,0.0034,0.0864,0.021,0.0,0.015,0.0,155.0,0.0,92.0,63.0,90.0,0.0,0.0,0.0,0.0,0.0,0.0,0.0,0.0,0.0,0.0,0.0,0.0,0.0,0.0,0.0,0.0,0.0,0.0,8.0,2.0,1.0
1064,8.882722300000014,0,8.3984,1.9145,2.2445,1.8781,0.2678,0.0033,0.0083,0.0002,0.0608,0.0748,0.003,0.001,0.0147,0.0002,0.0024,0.0018,0.0001,0.0002,0.009,0.0017,0.0005,0.0002,0.0078,0.1361,0.0389,0.0001,0.0124,0.0,155.0,0.0,92.0,63.0,90.0,0.0,0.0,0.0,0.0,0.0,0.0,0.0,0.0,0.0,0.0,0.0,0.0,0.0,0.0,0.0,0.0,0.0,0.0,8.0,2.0,1.0
1065,8.891120700000014,0,8.6498,1.9984,2.4247,1.8683,0.2055,0.003,0.0094,0.0002,0.0292,0.0447,0.002,0.001,0.0096,0.0002,0.0016,0.0017,0.0002,0.0001,0.0082,0.0012,0.0005,0.0001,0.0034,0.0861,0.0228,0.0001,0.0132,0.0,155.0,0.0,92.0,63.0,90.0,0.0,0.0,0.0,0.0,0.0,0.0,0.0,0.0,0.0,0.0,0.0,0.0,0.0,0.0,0.0,0.0,0.0,0.0,8.0,2.0,1.0
1066,8.899770500000015,0,8.1077,1.9521,2.3525,1.9076,0.2017,0.0034,0.008,0.0003,0.0414,0.0558,0.0018,0.0007,0.009,0.0001,0.0018,0.0016,0.0001,0.0001,0.0081,0.0012,0.0004,0.0001,0.0032,0.0966,0.0208,0.0001,0.0145,0.0,155.0,0.0,92.0,63.0,90.0,0.0,0.0,0.0,0.0,0.0,0.0,0.0,0.0,0.0,0.0,0.0,0.0,0.0,0.0,0.0,0.0,0.0,0.0,8.0,2.0,1.0
1067,8.907878200000015,0,8.2144,1.8168,2.2098,1.7879,0.1954,0.0031,0.0081,0.0003,0.0372,0.0516,0.0019,0.0007,0.0091,0.0002,0.0018,0.0016,0.0,0.0006,0.0084,0.0012,0.0005,0.0,0.0034,0.0919,0.0195,0.0,0.0128,0.0,155.0,0.0,92.0,63.0,90.0,0.0,0.0,0.0,0.0,0.0,0.0,0.0,0.0,0.0,0.0,0.0,0.0,0.0,0.0,0.0,0.0,0.0,0.0,8.0,2.0,1.0
1068,8.916092600000015,0,8.3704,2.0116,2.2384,1.7023,0.2611,0.0033,0.0089,0.0002,0.0574,0.0725,0.0033,0.0009,0.0133,0.0001,0.0016,0.0013,0.0001,0.0,0.0088,0.0018,0.0004,0.0001,0.0062,0.1307,0.0389,0.0,0.0155,0.0,155.0,0.0,92.0,63.0,90.0,0.0,0.0,0.0,0.0,0.0,0.0,0.0,0.0,0.0,0.0,0.0,0.0,0.0,0.0,0.0,0.0,0.0,0.0,8.0,2.0,1.0
1069,8.924463000000015,0,8.2877,1.9317,2.2241,1.9293,0.1848,0.0026,0.0078,0.0002,0.0299,0.0426,0.0019,0.0008,0.009,0.0001,0.0016,0.0016,0.0001,0.0001,0.0083,0.0012,0.0004,0.0001,0.0034,0.0833,0.0197,0.0001,0.0144,0.0,155.0,0.0,92.0,63.0,90.0,0.0,0.0,0.0,0.0,0.0,0.0,0.0,0.0,0.0,0.0,0.0,0.0,0.0,0.0,0.0,0.0,0.0,0.0,8.0,2.0,1.0
1070,8.932750700000016,0,8.3694,1.8454,2.1777,1.8031,0.1941,0.0028,0.0083,0.0002,0.0386,0.0522,0.002,0.0008,0.0108,0.0001,0.0015,0.0017,0.0001,0.0002,0.0077,0.0015,0.0005,0.0001,0.0033,0.0933,0.0184,0.0,0.013,0.0,155.0,0.0,92.0,63.0,90.0,0.0,0.0,0.0,0.0,0.0,0.0,0.0,0.0,0.0,0.0,0.0,0.0,0.0,0.0,0.0,0.0,0.0,0.0,8.0,2.0,1.0
1071,8.941120100000015,0,8.3049,1.9448,2.1704,1.853,0.1934,0.0025,0.0073,0.0005,0.0332,0.0457,0.0024,0.0007,0.0097,0.0001,0.0015,0.0015,0.0001,0.0001,0.0082,0.0011,0.0004,0.0003,0.0034,0.0881,0.0202,0.0,0.0147,0.0,155.0,0.0,92.0,63.0,90.0,0.0,0.0,0.0,0.0,0.0,0.0,0.0,0.0,0.0,0.0,0.0,0.0,0.0,0.0,0.0,0.0,0.0,0.0,8.0,2.0,1.0
1072,8.949425000000016,0,8.3927,1.7993,2.1687,1.8044,0.2002,0.0027,0.0075,0.0002,0.0445,0.0577,0.0021,0.001,0.0106,0.0001,0.0013,0.0013,0.0001,0.0001,0.0075,0.0014,0.0004,0.0001,0.0036,0.0974,0.0237,0.0,0.0136,0.0,155.0,0.0,92.0,63.0,90.0,0.0,0.0,0.0,0.0,0.0,0.0,0.0,0.0,0.0,0.0,0.0,0.0,0.0,0.0,0.0,0.0,0.0,0.0,8.0,2.0,1.0
1073,8.957817700000016,0,8.4258,1.7875,2.2945,1.7612,0.2647,0.0037,0.0096,0.0002,0.0352,0.0524,0.0028,0.0009,0.0142,0.0001,0.0022,0.0011,0.0001,0.0001,0.0092,0.0013,0.0003,0.0,0.0061,0.1066,0.037,0.0,0.0137,0.0,155.0,0.0,92.0,63.0,90.0,0.0,0.0,0.0,0.0,0.0,0.0,0.0,0.0,0.0,0.0,0.0,0.0,0.0,0.0,0.0,0.0,0.0,0.0,8.0,2.0,1.0
1074,8.966243500000015,0,8.2616,1.883,2.3895,1.7924,0.272,0.0044,0.0125,0.0004,0.0859,0.1058,0.0025,0.0009,0.0107,0.0001,0.0018,0.0021,0.0001,0.0001,0.0093,0.0013,0.0006,0.0001,0.0037,0.154,0.0236,0.0001,0.0142,0.0,155.0,0.0,92.0,63.0,90.0,0.0,0.0,0.0,0.0,0.0,0.0,0.0,0.0,0.0,0.0,0.0,0.0,0.0,0.0,0.0,0.0,0.0,0.0,8.0,2.0,1.0
1075,8.974505100000016,0,8.2591,1.9695,2.1936,1.8034,0.198,0.0029,0.0074,0.0002,0.0421,0.0547,0.0025,0.0006,0.0106,0.0002,0.0011,0.002,0.0,0.0001,0.0074,0.0011,0.0009,0.0001,0.0033,0.0943,0.0183,0.0001,0.014,0.0,155.0,0.0,92.0,63.0,90.0,0.0,0.0,0.0,0.0,0.0,0.0,0.0,0.0,0.0,0.0,0.0,0.0,0.0,0.0,0.0,0.0,0.0,0.0,8.0,2.0,1.0
1076,8.982764200000016,0,8.5028,1.9013,2.3259,1.8517,0.2099,0.0031,0.0097,0.0002,0.0386,0.0537,0.0021,0.0007,0.0107,0.0001,0.0016,0.002,0.0001,0.0002,0.0074,0.0013,0.0011,0.0001,0.0045,0.0989,0.0231,0.0,0.0152,0.0,155.0,0.0,92.0,63.0,90.0,0.0,0.0,0.0,0.0,0.0,0.0,0.0,0.0,0.0,0.0,0.0,0.0,0.0,0.0,0.0,0.0,0.0,0.0,8.0,2.0,1.0
1077,8.991267000000017,0,8.1153,1.9517,2.2162,1.7814,0.1944,0.0031,0.0094,0.0002,0.0304,0.0452,0.0022,0.0007,0.0102,0.0002,0.0019,0.0016,0.0001,0.0003,0.0081,0.0012,0.0005,0.0,0.0039,0.0869,0.0205,0.0001,0.0131,0.0,155.0,0.0,92.0,63.0,90.0,0.0,0.0,0.0,0.0,0.0,0.0,0.0,0.0,0.0,0.0,0.0,0.0,0.0,0.0,0.0,0.0,0.0,0.0,8.0,2.0,1.0
1078,8.999382300000017,0,8.4915,2.0188,2.2947,1.7287,0.2016,0.0027,0.0079,0.0001,0.0412,0.055,0.002,0.0005,0.0095,0.0001,0.002,0.0015,0.0001,0.0001,0.0073,0.0016,0.0005,0.0,0.0033,0.0992,0.0241,0.0,0.0134,0.0,155.0,0.0,92.0,63.0,88.0,0.0,0.0,0.0,0.0,0.0,0.0,0.0,0.0,0.0,0.0,0.0,0.0,0.0,0.0,0.0,0.0,0.0,0.0,8.0,2.0,1.0
1079,9.007873800000016,0,8.4616,1.9665,2.1995,1.7182,0.1758,0.0028,0.0081,0.0002,0.0284,0.0414,0.0019,0.0006,0.0096,0.0002,0.0014,0.0013,0.0002,0.0001,0.0071,0.0014,0.0005,0.0,0.0033,0.0787,0.0212,0.0001,0.0154,0.0,155.0,0.0,92.0,63.0,88.0,0.0,0.0,0.0,0.0,0.0,0.0,0.0,0.0,0.0,0.0,0.0,0.0,0.0,0.0,0.0,0.0,0.0,0.0,8.0,2.0,1.0
1080,9.016335400000017,0,8.1716,1.8441,2.4507,1.8273,0.2122,0.0033,0.0085,0.0002,0.0396,0.054,0.0023,0.0006,0.0103,0.0003,0.0015,0.002,0.0001,0.0002,0.0076,0.0013,0.0011,0.0,0.004,0.0979,0.0239,0.0001,0.0144,0.0,155.0,0.0,92.0,63.0,88.0,0.0,0.0,0.0,0.0,0.0,0.0,0.0,0.0,0.0,0.0,0.0,0.0,0.0,0.0,0.0,0.0,0.0,0.0,8.0,2.0,1.0
1081,9.024507000000018,0,8.3529,1.9088,2.1887,1.7415,0.2209,0.0032,0.0084,0.0002,0.0476,0.0618,0.003,0.0008,0.0113,0.0001,0.0015,0.002,0.0001,0.0001,0.0079,0.0017,0.0006,0.0001,0.0037,0.1057,0.024,0.0001,0.0136,0.0,155.0,0.0,92.0,63.0,88.0,0.0,0.0,0.0,0.0,0.0,0.0,0.0,0.0,0.0,0.0,0.0,0.0,0.0,0.0,0.0,0.0,0.0,0.0,8.0,2.0,1.0
1082,9.032859900000018,0,8.3478,1.9016,2.4086,1.8112,0.2122,0.0032,0.0078,0.0002,0.048,0.0615,0.0028,0.001,0.0108,0.0001,0.0016,0.0021,0.0001,0.0001,0.0083,0.0018,0.0005,0.0001,0.0039,0.1103,0.0213,0.0,0.0141,0.0,155.0,0.0,92.0,63.0,88.0,0.0,0.0,0.0,0.0,0.0,0.0,0.0,0.0,0.0,0.0,0.0,0.0,0.0,0.0,0.0,0.0,0.0,0.0,8.0,2.0,1.0
1083,9.041207700000017,0,8.2584,1.8869,2.3105,1.7845,0.2069,0.0034,0.0087,0.0002,0.0304,0.0453,0.0025,0.0009,0.0102,0.0002,0.0016,0.0021,0.0,0.0001,0.0082,0.002,0.0004,0.0001,0.0037,0.0921,0.0275,0.0001,0.0166,0.0,155.0,0.0,92.0,63.0,87.0,0.0,0.0,0.0,0.0,0.0,0.0,0.0,0.0,0.0,0.0,0.0,0.0,0.0,0.0,0.0,0.0,0.0,0.0,8.0,2.0,1.0
1084,9.049466100000018,0,8.4017,1.9711,2.2195,1.7464,0.1785,0.0025,0.0072,0.0002,0.0363,0.0479,0.0021,0.0005,0.0083,0.0001,0.0014,0.0011,0.0,0.0001,0.0065,0.0011,0.0003,0.0001,0.0032,0.0831,0.022,0.0001,0.0128,0.0,155.0,0.0,92.0,63.0,87.0,0.0,0.0,0.0,0.0,0.0,0.0,0.0,0.0,0.0,0.0,0.0,0.0,0.0,0.0,0.0,0.0,0.0,0.0,8.0,2.0,1.0
1085,9.057867800000018,0,8.1769,1.8601,2.1634,1.6913,0.1829,0.0027,0.0075,0.0002,0.0323,0.0447,0.0019,0.0006,0.0104,0.0001,0.0014,0.0013,0.0001,0.0001,0.0075,0.0015,0.0005,0.0,0.0032,0.0833,0.0205,0.0001,0.0141,0.0,155.0,0.0,92.0,63.0,87.0,0.0,0.0,0.0,0.0,0.0,0.0,0.0,0.0,0.0,0.0,0.0,0.0,0.0,0.0,0.0,0.0,0.0,0.0,8.0,2.0,1.0
1086,9.066044700000019,0,8.4561,1.9784,2.3015,1.9445,0.2161,0.003,0.0086,0.0001,0.0471,0.0615,0.0022,0.0009,0.0099,0.0001,0.0018,0.0014,0.0,0.0006,0.0084,0.0013,0.0005,0.0001,0.0037,0.1046,0.0235,0.0,0.0141,0.0,155.0,0.0,92.0,63.0,87.0,0.0,0.0,0.0,0.0,0.0,0.0,0.0,0.0,0.0,0.0,0.0,0.0,0.0,0.0,0.0,0.0,0.0,0.0,8.0,2.0,1.0
1087,9.074500800000019,0,8.4942,1.8697,2.3865,1.7703,0.1912,0.003,0.0075,0.0002,0.0336,0.0473,0.0018,0.0007,0.01,0.0002,0.002,0.0014,0.0001,0.0001,0.0075,0.0014,0.0004,0.0001,0.0032,0.086,0.0224,0.0,0.0135,0.0,155.0,0.0,92.0,63.0,87.0,0.0,0.0,0.0,0.0,0.0,0.0,0.0,0.0,0.0,0.0,0.0,0.0,0.0,0.0,0.0,0.0,0.0,0.0,8.0,2.0,1.0
1088,9.082995000000018,0,8.1674,1.9088,2.3038,1.7523,0.2033,0.0029,0.0089,0.0002,0.0383,0.0531,0.0022,0.0007,0.0106,0.0002,0.0014,0.0021,0.0001,0.0001,0.0082,0.0014,0.0007,0.0001,0.0038,0.0963,0.0208,0.0,0.0131,0.0,155.0,0.0,92.0,63.0,87.0,0.0,0.0,0.0,0.0,0.0,0.0,0.0,0.0,0.0,0.0,0.0,0.0,0.0,0.0,0.0,0.0,0.0,0.0,8.0,2.0,1.0
1089,9.091162400000018,0,8.5439,1.8342,2.3112,1.709,0.2201,0.0032,0.0092,0.0008,0.0358,0.0512,0.0023,0.0009,0.01,0.0001,0.0015,0.002,0.0001,0.0001,0.0081,0.0012,0.0005,0.0001,0.0037,0.1007,0.0271,0.0,0.013,0.0,155.0,0.0,92.0,63.0,85.0,0.0,0.0,0.0,0.0,0.0,0.0,0.0,0.0,0.0,0.0,0.0,0.0,0.0,0.0,0.0,0.0,0.0,0.0,8.0,2.0,1.0
1090,9.099706300000017,0,8.2344,1.8298,2.4204,1.7325,0.1917,0.0027,0.007,0.0002,0.0361,0.0484,0.0019,0.0007,0.0108,0.0001,0.0019,0.0014,0.0,0.0001,0.008,0.0012,0.0005,0.0001,0.0032,0.0902,0.0206,0.0,0.0123,0.0,155.0,0.0,92.0,63.0,85.0,0.0,0.0,0.0,0.0,0.0,0.0,0.0,0.0,0.0,0.0,0.0,0.0,0.0,0.0,0.0,0.0,0.0,0.0,8.0,2.0,1.0
1091,9.107940700000016,0,8.6739,1.8289,2.5409,1.9214,0.2155,0.0035,0.0095,0.0002,0.0305,0.0467,0.002,0.001,0.0113,0.0002,0.0021,0.0018,0.0001,0.0001,0.0083,0.0016,0.0006,0.0,0.0036,0.0923,0.0226,0.0001,0.0146,0.0,155.0,0.0,92.0,63.0,85.0,0.0,0.0,0.0,0.0,0.0,0.0,0.0,0.0,0.0,0.0,0.0,0.0,0.0,0.0,0.0,0.0,0.0,0.0,8.0,2.0,1.0
1092,9.116614600000016,0,8.4663,2.1307,2.9364,2.0107,0.2602,0.0045,0.0115,0.0002,0.0579,0.0771,0.0025,0.001,0.0119,0.0001,0.0022,0.0017,0.0006,0.0001,0.0087,0.0014,0.0005,0.0001,0.0041,0.1255,0.0252,0.0001,0.0129,0.0,155.0,0.0,92.0,63.0,85.0,0.0,0.0,0.0,0.0,0.0,0.0,0.0,0.0,0.0,0.0,0.0,0.0,0.0,0.0,0.0,0.0,0.0,0.0,8.0,2.0,1.0
1093,9.125080900000016,0,7.9242,2.0989,2.5697,2.0555,0.2145,0.0031,0.0088,0.0003,0.0354,0.0502,0.0026,0.0007,0.011,0.0002,0.0015,0.0021,0.0001,0.0001,0.0083,0.0013,0.0004,0.0001,0.0033,0.0934,0.0235,0.0,0.0128,0.0,155.0,0.0,92.0,63.0,85.0,0.0,0.0,0.0,0.0,0.0,0.0,0.0,0.0,0.0,0.0,0.0,0.0,0.0,0.0,0.0,0.0,0.0,0.0,8.0,2.0,1.0
1094,9.133005100000016,0,8.2601,1.9752,2.3806,1.8021,0.2117,0.0028,0.0081,0.0002,0.0409,0.0543,0.0028,0.0008,0.0124,0.0002,0.0019,0.0017,0.0001,0.0001,0.0083,0.0013,0.001,0.0002,0.0038,0.1008,0.0228,0.0001,0.012,0.0,155.0,0.0,92.0,63.0,85.0,0.0,0.0,0.0,0.0,0.0,0.0,0.0,0.0,0.0,0.0,0.0,0.0,0.0,0.0,0.0,0.0,0.0,0.0,8.0,2.0,1.0
1095,9.141265200000015,0,8.2587,2.128,2.2425,1.8151,0.1924,0.0032,0.0079,0.0001,0.0339,0.0476,0.0017,0.0007,0.0098,0.0001,0.002,0.0015,0.0001,0.0002,0.0076,0.0011,0.0004,0.0001,0.0035,0.0887,0.0234,0.0,0.0125,0.0,155.0,0.0,92.0,63.0,83.0,0.0,0.0,0.0,0.0,0.0,0.0,0.0,0.0,0.0,0.0,0.0,0.0,0.0,0.0,0.0,0.0,0.0,0.0,8.0,2.0,1.0
1096,9.149523900000016,0,8.4102,1.8623,2.3355,1.7859,0.2201,0.0031,0.009,0.0002,0.0629,0.0771,0.0023,0.0007,0.0099,0.0001,0.0014,0.002,0.0001,0.0001,0.0076,0.0011,0.0009,0.0001,0.003,0.117,0.0224,0.0,0.0129,0.0,155.0,0.0,92.0,63.0,83.0,0.0,0.0,0.0,0.0,0.0,0.0,0.0,0.0,0.0,0.0,0.0,0.0,0.0,0.0,0.0,0.0,0.0,0.0,8.0,2.0,1.0
1097,9.157934100000016,0,8.2733,1.8623,2.3392,1.7601,0.2006,0.003,0.0076,0.0002,0.0351,0.0479,0.0018,0.0007,0.01,0.0001,0.0015,0.0015,0.0,0.0001,0.0081,0.0016,0.0005,0.0001,0.003,0.0885,0.0232,0.0001,0.0132,0.0,155.0,0.0,92.0,63.0,83.0,0.0,0.0,0.0,0.0,0.0,0.0,0.0,0.0,0.0,0.0,0.0,0.0,0.0,0.0,0.0,0.0,0.0,0.0,8.0,2.0,1.0
1098,9.166207400000017,0,8.4052,2.0346,2.3424,1.8746,0.2031,0.0024,0.0076,0.0002,0.0466,0.0595,0.0018,0.0007,0.0095,0.0002,0.0016,0.0014,0.0001,0.0002,0.0085,0.0012,0.0006,0.0001,0.0035,0.0999,0.0212,0.0,0.0136,0.0,155.0,0.0,92.0,63.0,83.0,0.0,0.0,0.0,0.0,0.0,0.0,0.0,0.0,0.0,0.0,0.0,0.0,0.0,0.0,0.0,0.0,0.0,0.0,8.0,2.0,1.0
1099,9.174612600000017,0,8.1756,1.9473,2.2706,1.7861,0.193,0.0028,0.0087,0.0002,0.0303,0.0444,0.0025,0.0008,0.0103,0.0002,0.0019,0.0016,0.0001,0.0001,0.0079,0.0015,0.0006,0.0001,0.0034,0.0857,0.0203,0.0001,0.0123,0.0,155.0,0.0,92.0,63.0,83.0,0.0,0.0,0.0,0.0,0.0,0.0,0.0,0.0,0.0,0.0,0.0,0.0,0.0,0.0,0.0,0.0,0.0,0.0,8.0,2.0,1.0
1100,9.182788200000017,0,8.314,2.1175,2.186,1.7829,0.195,0.0029,0.0078,0.0001,0.04,0.0527,0.0018,0.0009,0.01,0.0001,0.0015,0.0016,0.0001,0.0001,0.008,0.0011,0.0004,0.0,0.0037,0.0938,0.0212,0.0001,0.0136,0.0,155.0,0.0,92.0,63.0,83.0,0.0,0.0,0.0,0.0,0.0,0.0,0.0,0.0,0.0,0.0,0.0,0.0,0.0,0.0,0.0,0.0,0.0,0.0,8.0,2.0,1.0
1101,9.191102200000017,0,8.4467,1.8604,2.2854,1.7063,0.2701,0.0032,0.0088,0.0002,0.0404,0.0553,0.0039,0.0013,0.0179,0.0001,0.003,0.0024,0.0001,0.0001,0.0107,0.002,0.0006,0.0001,0.0073,0.123,0.0397,0.0,0.0111,0.0,155.0,0.0,92.0,63.0,83.0,0.0,0.0,0.0,0.0,0.0,0.0,0.0,0.0,0.0,0.0,0.0,0.0,0.0,0.0,0.0,0.0,0.0,0.0,8.0,2.0,1.0
1102,9.199548900000018,0,8.3376,2.0017,2.2673,1.8513,0.2226,0.003,0.0088,0.0001,0.0439,0.0587,0.0024,0.0009,0.0126,0.0002,0.0017,0.0021,0.0001,0.0002,0.0094,0.0014,0.0006,0.0001,0.0035,0.1094,0.026,0.0,0.0101,0.0,155.0,0.0,92.0,63.0,78.0,0.0,0.0,0.0,0.0,0.0,0.0,0.0,0.0,0.0,0.0,0.0,0.0,0.0,0.0,0.0,0.0,0.0,0.0,8.0,2.0,1.0
1103,9.207886500000019,0,8.2134,1.8257,2.2228,1.8454,0.2,0.0033,0.0062,0.0001,0.0407,0.0525,0.002,0.0008,0.0101,0.0001,0.0014,0.0018,0.0006,0.0001,0.0079,0.0012,0.0005,0.0001,0.0031,0.0941,0.0206,0.0001,0.0116,0.0,155.0,0.0,92.0,63.0,78.0,0.0,0.0,0.0,0.0,0.0,0.0,0.0,0.0,0.0,0.0,0.0,0.0,0.0,0.0,0.0,0.0,0.0,0.0,8.0,2.0,1.0
1104,9.21609990000002,0,8.4095,1.8636,2.2914,1.7798,0.2141,0.0031,0.0068,0.0002,0.0471,0.0598,0.0023,0.0007,0.0105,0.0002,0.0015,0.0021,0.0001,0.0001,0.009,0.0014,0.0006,0.0002,0.0037,0.1039,0.0217,0.0001,0.0105,0.0,155.0,0.0,92.0,63.0,78.0,0.0,0.0,0.0,0.0,0.0,0.0,0.0,0.0,0.0,0.0,0.0,0.0,0.0,0.0,0.0,0.0,0.0,0.0,8.0,2.0,1.0
1105,9.22450940000002,0,8.4091,1.8959,2.2204,1.7117,0.2209,0.0034,0.0076,0.0002,0.0383,0.052,0.0024,0.001,0.0125,0.0002,0.0014,0.0027,0.0001,0.0002,0.0094,0.0014,0.0006,0.0001,0.0036,0.1009,0.0219,0.0001,0.0107,0.0,155.0,0.0,92.0,63.0,78.0,0.0,0.0,0.0,0.0,0.0,0.0,0.0,0.0,0.0,0.0,0.0,0.0,0.0,0.0,0.0,0.0,0.0,0.0,8.0,2.0,1.0
1106,9.23291850000002,0,8.3465,1.8547,2.4374,1.9245,0.2234,0.0032,0.0087,0.0002,0.0445,0.059,0.0026,0.0009,0.0118,0.0002,0.0021,0.0016,0.0002,0.0001,0.0089,0.0019,0.0005,0.0001,0.0037,0.1054,0.0228,0.0,0.012,0.0,155.0,0.0,92.0,63.0,81.0,0.0,0.0,0.0,0.0,0.0,0.0,0.0,0.0,0.0,0.0,0.0,0.0,0.0,0.0,0.0,0.0,0.0,0.0,8.0,2.0,1.0
1107,9.24126500000002,0,8.1685,1.7926,2.2401,1.7356,0.2065,0.0034,0.0092,0.0003,0.0311,0.0463,0.0023,0.0014,0.0122,0.0001,0.0014,0.0021,0.0001,0.0001,0.008,0.0014,0.0005,0.0001,0.0042,0.0922,0.0241,0.0001,0.0114,0.0,155.0,0.0,92.0,63.0,81.0,0.0,0.0,0.0,0.0,0.0,0.0,0.0,0.0,0.0,0.0,0.0,0.0,0.0,0.0,0.0,0.0,0.0,0.0,8.0,2.0,1.0
1108,9.24943350000002,0,8.5154,1.9722,2.186,1.8672,0.1988,0.0029,0.0071,0.0002,0.0447,0.057,0.0018,0.0006,0.009,0.0001,0.002,0.0012,0.0,0.0001,0.0083,0.0013,0.0005,0.0001,0.003,0.0956,0.0204,0.0,0.0114,0.0,155.0,0.0,92.0,63.0,81.0,0.0,0.0,0.0,0.0,0.0,0.0,0.0,0.0,0.0,0.0,0.0,0.0,0.0,0.0,0.0,0.0,0.0,0.0,8.0,2.0,1.0
1109,9.25794890000002,0,8.3803,1.9173,2.4934,1.7922,0.2115,0.0037,0.0094,0.0003,0.0327,0.0487,0.0026,0.001,0.011,0.0001,0.0016,0.0017,0.0001,0.0001,0.009,0.0014,0.0005,0.0001,0.0039,0.094,0.023,0.0001,0.0121,0.0,155.0,0.0,92.0,63.0,81.0,0.0,0.0,0.0,0.0,0.0,0.0,0.0,0.0,0.0,0.0,0.0,0.0,0.0,0.0,0.0,0.0,0.0,0.0,8.0,2.0,1.0
1110,9.26632920000002,0,8.3473,1.8993,2.3613,1.9002,0.2229,0.0033,0.0089,0.0003,0.0452,0.0606,0.0021,0.0008,0.0108,0.0001,0.0016,0.0016,0.0001,0.0001,0.0086,0.0013,0.0005,0.0001,0.0037,0.1051,0.0212,0.0,0.0124,0.0,155.0,0.0,92.0,63.0,81.0,0.0,0.0,0.0,0.0,0.0,0.0,0.0,0.0,0.0,0.0,0.0,0.0,0.0,0.0,0.0,0.0,0.0,0.0,8.0,2.0,1.0
1111,9.274676500000021,0,8.1306,1.9971,2.3811,1.7855,0.2257,0.0041,0.0096,0.0004,0.0389,0.0561,0.0024,0.0007,0.0113,0.0001,0.0024,0.002,0.0002,0.0001,0.0106,0.0021,0.0008,0.0001,0.0038,0.1067,0.0221,0.0,0.012,0.0,155.0,0.0,92.0,63.0,81.0,0.0,0.0,0.0,0.0,0.0,0.0,0.0,0.0,0.0,0.0,0.0,0.0,0.0,0.0,0.0,0.0,0.0,0.0,8.0,2.0,1.0
1112,9.28280710000002,0,8.5544,1.9936,2.4115,1.6991,0.2231,0.0034,0.0092,0.0003,0.0443,0.0598,0.0026,0.0008,0.0125,0.0001,0.0016,0.0021,0.0001,0.0001,0.0077,0.0013,0.0005,0.0002,0.0031,0.1029,0.0235,0.0,0.0125,0.0,155.0,0.0,92.0,63.0,81.0,0.0,0.0,0.0,0.0,0.0,0.0,0.0,0.0,0.0,0.0,0.0,0.0,0.0,0.0,0.0,0.0,0.0,0.0,8.0,2.0,1.0
1113,9.29136150000002,0,8.528,1.9543,2.5956,1.7869,0.1889,0.0029,0.0087,0.0002,0.0298,0.0437,0.0021,0.0014,0.0109,0.0001,0.0019,0.0018,0.0002,0.0005,0.0081,0.0013,0.0005,0.0001,0.0031,0.0862,0.0184,0.0,0.0134,0.0,155.0,0.0,92.0,63.0,81.0,0.0,0.0,0.0,0.0,0.0,0.0,0.0,0.0,0.0,0.0,0.0,0.0,0.0,0.0,0.0,0.0,0.0,0.0,8.0,2.0,1.0
1114,9.29988950000002,0,8.2752,1.946,2.5615,1.9094,0.2218,0.0037,0.0096,0.0003,0.0423,0.0587,0.0021,0.0011,0.0112,0.0002,0.0019,0.0017,0.0001,0.0001,0.0094,0.0014,0.0008,0.0001,0.0034,0.1035,0.0228,0.0,0.0144,0.0,155.0,0.0,92.0,63.0,81.0,0.0,0.0,0.0,0.0,0.0,0.0,0.0,0.0,0.0,0.0,0.0,0.0,0.0,0.0,0.0,0.0,0.0,0.0,8.0,2.0,1.0
1115,9.30816470000002,0,8.1726,1.9785,2.4827,1.9195,0.2015,0.0035,0.0077,0.0001,0.0359,0.0502,0.0022,0.0007,0.0106,0.0002,0.002,0.0015,0.0001,0.0001,0.0084,0.0013,0.0004,0.0001,0.0033,0.0922,0.0224,0.0,0.0119,0.0,155.0,0.0,92.0,63.0,81.0,0.0,0.0,0.0,0.0,0.0,0.0,0.0,0.0,0.0,0.0,0.0,0.0,0.0,0.0,0.0,0.0,0.0,0.0,8.0,2.0,1.0
1116,9.31633730000002,0,8.1619,1.9086,2.2766,1.7538,0.2094,0.0032,0.0088,0.0002,0.0395,0.054,0.0027,0.0008,0.0107,0.0002,0.0015,0.0023,0.0001,0.0001,0.009,0.0013,0.0004,0.0001,0.0036,0.098,0.0239,0.0,0.0096,0.0,155.0,0.0,92.0,63.0,81.0,0.0,0.0,0.0,0.0,0.0,0.0,0.0,0.0,0.0,0.0,0.0,0.0,0.0,0.0,0.0,0.0,0.0,0.0,8.0,2.0,1.0
1117,9.32449920000002,0,8.2058,1.8297,2.2047,1.759,0.1938,0.0029,0.0075,0.0003,0.0344,0.0476,0.0024,0.0007,0.0096,0.0001,0.0013,0.0019,0.0,0.0001,0.0078,0.0011,0.0005,0.0001,0.0032,0.0877,0.0223,0.0,0.0117,0.0,155.0,0.0,92.0,63.0,81.0,0.0,0.0,0.0,0.0,0.0,0.0,0.0,0.0,0.0,0.0,0.0,0.0,0.0,0.0,0.0,0.0,0.0,0.0,8.0,2.0,1.0
1118,9.33270500000002,0,8.5055,1.8516,2.1654,1.7419,0.1954,0.0033,0.0076,0.0001,0.0435,0.0562,0.0017,0.0007,0.0096,0.0001,0.0014,0.002,0.0001,0.0001,0.0073,0.0012,0.0005,0.0001,0.003,0.0956,0.0203,0.0,0.0132,0.0,155.0,0.0,92.0,63.0,83.0,0.0,0.0,0.0,0.0,0.0,0.0,0.0,0.0,0.0,0.0,0.0,0.0,0.0,0.0,0.0,0.0,0.0,0.0,8.0,2.0,1.0
1119,9.34121050000002,0,8.4399,1.8596,2.4392,1.7396,0.1988,0.0029,0.0085,0.0002,0.0342,0.0481,0.002,0.0008,0.0109,0.0002,0.0019,0.0017,0.0001,0.0001,0.0076,0.0019,0.0005,0.0001,0.0032,0.0917,0.0211,0.0,0.0139,0.0,155.0,0.0,92.0,63.0,83.0,0.0,0.0,0.0,0.0,0.0,0.0,0.0,0.0,0.0,0.0,0.0,0.0,0.0,0.0,0.0,0.0,0.0,0.0,8.0,2.0,1.0
1120,9.349650400000021,0,8.2095,1.907,2.3136,1.7923,0.2059,0.0032,0.0079,0.0002,0.0472,0.061,0.0018,0.0007,0.0104,0.0002,0.0019,0.0018,0.0001,0.0001,0.008,0.0014,0.0005,0.0,0.0032,0.1017,0.0207,0.0,0.0119,0.0,155.0,0.0,92.0,63.0,83.0,0.0,0.0,0.0,0.0,0.0,0.0,0.0,0.0,0.0,0.0,0.0,0.0,0.0,0.0,0.0,0.0,0.0,0.0,8.0,2.0,1.0
1121,9.35785990000002,0,8.3609,1.8273,2.308,1.7865,0.2177,0.0032,0.0083,0.0001,0.0393,0.0538,0.0019,0.0009,0.0104,0.0004,0.0016,0.0022,0.0001,0.0001,0.0086,0.0019,0.0004,0.0002,0.0036,0.0993,0.0244,0.0,0.0145,0.0,155.0,0.0,92.0,63.0,83.0,0.0,0.0,0.0,0.0,0.0,0.0,0.0,0.0,0.0,0.0,0.0,0.0,0.0,0.0,0.0,0.0,0.0,0.0,8.0,2.0,1.0
1122,9.36622080000002,0,8.3117,2.0398,2.3359,1.9318,0.1963,0.0026,0.0076,0.0001,0.0394,0.0523,0.0022,0.0012,0.0114,0.0002,0.0013,0.0016,0.0001,0.0001,0.0082,0.0013,0.0004,0.0001,0.0032,0.0953,0.0189,0.0,0.0135,0.0,155.0,0.0,92.0,63.0,83.0,0.0,0.0,0.0,0.0,0.0,0.0,0.0,0.0,0.0,0.0,0.0,0.0,0.0,0.0,0.0,0.0,0.0,0.0,8.0,2.0,1.0
1123,9.37453250000002,0,8.1963,1.924,2.1753,1.777,0.191,0.0031,0.0087,0.0002,0.0307,0.0446,0.0019,0.0009,0.01,0.0001,0.0019,0.0014,0.0,0.0001,0.0085,0.0011,0.0005,0.0001,0.0031,0.0852,0.0226,0.0,0.0128,0.0,155.0,0.0,92.0,63.0,83.0,0.0,0.0,0.0,0.0,0.0,0.0,0.0,0.0,0.0,0.0,0.0,0.0,0.0,0.0,0.0,0.0,0.0,0.0,8.0,2.0,1.0
1124,9.38272880000002,0,8.2801,1.8697,2.1339,1.6851,0.2001,0.003,0.009,0.0002,0.0421,0.0565,0.002,0.0007,0.011,0.0001,0.0017,0.0014,0.0001,0.0001,0.0079,0.0013,0.0004,0.0002,0.0037,0.0989,0.0209,0.0,0.0126,0.0,155.0,0.0,92.0,63.0,83.0,0.0,0.0,0.0,0.0,0.0,0.0,0.0,0.0,0.0,0.0,0.0,0.0,0.0,0.0,0.0,0.0,0.0,0.0,8.0,2.0,1.0
1125,9.39100890000002,0,8.3352,1.7998,2.1212,1.7153,0.2091,0.0032,0.0094,0.0002,0.0348,0.05,0.0022,0.0015,0.0111,0.0001,0.0013,0.0016,0.0006,0.0001,0.0079,0.0011,0.0005,0.0002,0.0035,0.0996,0.0254,0.0,0.0116,0.0,155.0,0.0,92.0,63.0,75.0,0.0,0.0,0.0,0.0,0.0,0.0,0.0,0.0,0.0,0.0,0.0,0.0,0.0,0.0,0.0,0.0,0.0,0.0,8.0,2.0,1.0
1126,9.39934410000002,0,8.463,1.8381,2.093,1.6965,0.2074,0.003,0.007,0.0002,0.0533,0.0669,0.0022,0.0007,0.0104,0.0001,0.0013,0.0014,0.0001,0.0002,0.0078,0.0012,0.0004,0.0005,0.0033,0.1085,0.0195,0.0,0.0117,0.0,155.0,0.0,92.0,63.0,75.0,0.0,0.0,0.0,0.0,0.0,0.0,0.0,0.0,0.0,0.0,0.0,0.0,0.0,0.0,0.0,0.0,0.0,0.0,8.0,2.0,1.0
1127,9.40780710000002,0,8.2564,1.9655,2.2307,1.7589,0.1859,0.0027,0.0064,0.0003,0.0322,0.0439,0.002,0.0006,0.0092,0.0002,0.0018,0.0015,0.0001,0.0002,0.0076,0.0012,0.0005,0.0001,0.0032,0.0827,0.0204,0.0,0.0125,0.0,155.0,0.0,92.0,63.0,78.0,0.0,0.0,0.0,0.0,0.0,0.0,0.0,0.0,0.0,0.0,0.0,0.0,0.0,0.0,0.0,0.0,0.0,0.0,8.0,2.0,1.0
1128,9.416063500000021,0,8.4946,1.7684,2.3671,1.7742,0.346,0.0048,0.0105,0.0002,0.0674,0.087,0.0031,0.0012,0.0133,0.0002,0.0028,0.0023,0.0,0.0002,0.0104,0.0017,0.0006,0.0001,0.0042,0.1444,0.0489,0.0001,0.0152,0.0,155.0,0.0,92.0,63.0,78.0,0.0,0.0,0.0,0.0,0.0,0.0,0.0,0.0,0.0,0.0,0.0,0.0,0.0,0.0,0.0,0.0,0.0,0.0,8.0,2.0,1.0
1129,9.424558100000022,0,8.5667,2.097,2.4142,1.8398,0.2178,0.0032,0.0052,0.0003,0.0365,0.0485,0.0024,0.0011,0.0116,0.0002,0.0022,0.0021,0.0001,0.0001,0.0083,0.0013,0.0006,0.0001,0.0032,0.0971,0.0229,0.0,0.0112,0.0,155.0,0.0,92.0,63.0,78.0,0.0,0.0,0.0,0.0,0.0,0.0,0.0,0.0,0.0,0.0,0.0,0.0,0.0,0.0,0.0,0.0,0.0,0.0,8.0,2.0,1.0
1130,9.433124800000021,0,8.0196,2.0075,2.3038,1.9007,0.2364,0.0031,0.0069,0.0003,0.0506,0.0641,0.0026,0.0007,0.0132,0.0002,0.0014,0.0011,0.0001,0.0001,0.0088,0.0012,0.0003,0.0,0.0046,0.1125,0.0383,0.0001,0.0124,0.0,155.0,0.0,92.0,63.0,78.0,0.0,0.0,0.0,0.0,0.0,0.0,0.0,0.0,0.0,0.0,0.0,0.0,0.0,0.0,0.0,0.0,0.0,0.0,8.0,2.0,1.0
1131,9.441144400000022,0,8.4618,1.9304,2.3247,1.8059,0.1997,0.0029,0.0079,0.0001,0.0333,0.0467,0.0025,0.0011,0.0112,0.0001,0.0021,0.0017,0.0001,0.0001,0.0092,0.0012,0.0011,0.0001,0.0033,0.0908,0.0221,0.0,0.0123,0.0,155.0,0.0,92.0,63.0,81.0,0.0,0.0,0.0,0.0,0.0,0.0,0.0,0.0,0.0,0.0,0.0,0.0,0.0,0.0,0.0,0.0,0.0,0.0,8.0,2.0,1.0
1132,9.449606200000021,0,8.411,1.9599,2.4095,1.8515,0.2217,0.0037,0.0076,0.0002,0.046,0.0601,0.0024,0.0007,0.0107,0.0001,0.0015,0.0019,0.0001,0.0001,0.0091,0.0014,0.0005,0.0,0.0034,0.1051,0.0232,0.0,0.013,0.0,155.0,0.0,92.0,63.0,81.0,0.0,0.0,0.0,0.0,0.0,0.0,0.0,0.0,0.0,0.0,0.0,0.0,0.0,0.0,0.0,0.0,0.0,0.0,8.0,2.0,1.0
1133,9.458017200000022,0,8.2537,1.998,2.3781,1.9534,0.2192,0.0036,0.0096,0.0003,0.0352,0.0514,0.0032,0.001,0.0122,0.0002,0.0015,0.0023,0.0002,0.0001,0.009,0.0014,0.0004,0.0001,0.0038,0.0993,0.0222,0.0,0.0119,0.0,155.0,0.0,92.0,63.0,81.0,0.0,0.0,0.0,0.0,0.0,0.0,0.0,0.0,0.0,0.0,0.0,0.0,0.0,0.0,0.0,0.0,0.0,0.0,8.0,2.0,1.0
1134,9.466270900000021,0,8.2084,1.9979,2.3131,1.8068,0.1977,0.0029,0.0088,0.0002,0.044,0.0581,0.0019,0.0009,0.0092,0.0001,0.0012,0.0015,0.0001,0.0001,0.0083,0.0011,0.0005,0.0001,0.0031,0.0981,0.0191,0.0,0.0136,0.0,155.0,0.0,92.0,63.0,81.0,0.0,0.0,0.0,0.0,0.0,0.0,0.0,0.0,0.0,0.0,0.0,0.0,0.0,0.0,0.0,0.0,0.0,0.0,8.0,2.0,1.0
1135,9.47447930000002,0,8.681,1.9636,2.4699,2.0149,0.2811,0.0049,0.0107,0.0002,0.0338,0.053,0.0026,0.0009,0.0154,0.0,0.0022,0.0014,0.0,0.0001,0.0086,0.0014,0.0005,0.0,0.0059,0.1138,0.0406,0.0001,0.0133,0.0,155.0,0.0,92.0,63.0,81.0,0.0,0.0,0.0,0.0,0.0,0.0,0.0,0.0,0.0,0.0,0.0,0.0,0.0,0.0,0.0,0.0,0.0,0.0,8.0,2.0,1.0
1136,9.48316030000002,0,7.9972,2.1686,2.3319,1.9478,0.2073,0.0029,0.0086,0.0002,0.0426,0.0573,0.002,0.001,0.0114,0.0001,0.0015,0.0017,0.0001,0.0002,0.0085,0.0011,0.0005,0.0001,0.0037,0.1009,0.0218,0.0,0.0127,0.0,155.0,0.0,92.0,63.0,81.0,0.0,0.0,0.0,0.0,0.0,0.0,0.0,0.0,0.0,0.0,0.0,0.0,0.0,0.0,0.0,0.0,0.0,0.0,8.0,2.0,1.0
1137,9.49115750000002,0,8.6223,2.0161,2.3977,1.9065,0.2628,0.0043,0.0099,0.0003,0.0415,0.0603,0.0035,0.0015,0.0184,0.0002,0.002,0.0034,0.0002,0.0002,0.0131,0.0019,0.0008,0.0004,0.0047,0.1255,0.0269,0.0001,0.0119,0.0,155.0,0.0,92.0,63.0,81.0,0.0,0.0,0.0,0.0,0.0,0.0,0.0,0.0,0.0,0.0,0.0,0.0,0.0,0.0,0.0,0.0,0.0,0.0,8.0,2.0,1.0
1138,9.49977980000002,0,8.1514,2.067,2.4356,2.0242,0.2505,0.0036,0.0091,0.0003,0.0583,0.0742,0.0029,0.0011,0.0131,0.0001,0.0015,0.0016,0.0001,0.0001,0.0079,0.0015,0.0005,0.0001,0.005,0.1245,0.0372,0.0001,0.0139,0.0,155.0,0.0,92.0,63.0,81.0,0.0,0.0,0.0,0.0,0.0,0.0,0.0,0.0,0.0,0.0,0.0,0.0,0.0,0.0,0.0,0.0,0.0,0.0,8.0,2.0,1.0
1139,9.50793120000002,0,8.4229,1.9192,2.4007,1.913,0.2088,0.0033,0.0093,0.0003,0.0357,0.0511,0.0028,0.001,0.0119,0.0002,0.0022,0.0017,0.0001,0.0002,0.0088,0.0015,0.0008,0.0001,0.0036,0.098,0.0201,0.0,0.0115,0.0,155.0,0.0,92.0,63.0,81.0,0.0,0.0,0.0,0.0,0.0,0.0,0.0,0.0,0.0,0.0,0.0,0.0,0.0,0.0,0.0,0.0,0.0,0.0,8.0,2.0,1.0
1140,9.516354100000019,0,8.7451,2.1129,2.742,1.8746,0.2466,0.0039,0.0104,0.0005,0.0503,0.0683,0.0025,0.0012,0.0125,0.0001,0.0025,0.0019,0.0002,0.0007,0.0092,0.0013,0.0005,0.0002,0.0037,0.1178,0.0251,0.0,0.0123,0.0,155.0,0.0,92.0,63.0,81.0,0.0,0.0,0.0,0.0,0.0,0.0,0.0,0.0,0.0,0.0,0.0,0.0,0.0,0.0,0.0,0.0,0.0,0.0,8.0,2.0,1.0
1141,9.52509920000002,0,8.0378,2.1629,2.6582,2.0072,0.2087,0.0031,0.0095,0.0003,0.0312,0.0476,0.0019,0.0009,0.0102,0.0006,0.0016,0.0021,0.0001,0.0001,0.008,0.0012,0.0005,0.0002,0.0032,0.0896,0.0226,0.0001,0.0132,0.0,155.0,0.0,92.0,63.0,81.0,0.0,0.0,0.0,0.0,0.0,0.0,0.0,0.0,0.0,0.0,0.0,0.0,0.0,0.0,0.0,0.0,0.0,0.0,8.0,2.0,1.0
1142,9.53313700000002,0,8.184,2.1946,2.4518,2.1097,0.2195,0.0029,0.0078,0.0002,0.0465,0.0597,0.002,0.0012,0.01,0.0002,0.0016,0.0016,0.0001,0.0002,0.0094,0.0013,0.0005,0.0001,0.0033,0.1018,0.0322,0.0,0.0114,0.0,155.0,0.0,92.0,63.0,81.0,0.0,0.0,0.0,0.0,0.0,0.0,0.0,0.0,0.0,0.0,0.0,0.0,0.0,0.0,0.0,0.0,0.0,0.0,8.0,2.0,1.0
1143,9.54132100000002,0,8.5338,2.1265,2.4625,1.94,0.2102,0.0036,0.0079,0.0009,0.0392,0.0543,0.0019,0.0008,0.0108,0.0001,0.002,0.0018,0.0002,0.0001,0.0086,0.0013,0.0005,0.0001,0.0035,0.0978,0.0213,0.0,0.0129,0.0,155.0,0.0,92.0,63.0,81.0,0.0,0.0,0.0,0.0,0.0,0.0,0.0,0.0,0.0,0.0,0.0,0.0,0.0,0.0,0.0,0.0,0.0,0.0,8.0,2.0,1.0
1144,9.54985480000002,0,8.207,2.1776,2.7251,1.9088,0.2274,0.0051,0.0098,0.0002,0.035,0.0536,0.0021,0.0009,0.0117,0.0001,0.0023,0.0016,0.0004,0.0001,0.0084,0.0013,0.0007,0.0001,0.0033,0.1026,0.0249,0.0,0.0136,0.0,155.0,0.0,92.0,63.0,81.0,0.0,0.0,0.0,0.0,0.0,0.0,0.0,0.0,0.0,0.0,0.0,0.0,0.0,0.0,0.0,0.0,0.0,0.0,8.0,2.0,1.0
1145,9.55806180000002,0,8.2712,2.1179,2.297,1.9332,0.2209,0.0034,0.009,0.0003,0.0385,0.0539,0.0031,0.001,0.0132,0.0001,0.0016,0.002,0.0002,0.0001,0.0082,0.0015,0.0012,0.0001,0.0032,0.1002,0.0254,0.0001,0.0128,0.0,155.0,0.0,92.0,63.0,81.0,0.0,0.0,0.0,0.0,0.0,0.0,0.0,0.0,0.0,0.0,0.0,0.0,0.0,0.0,0.0,0.0,0.0,0.0,8.0,2.0,1.0
1146,9.56633300000002,0,8.4651,2.1347,2.4866,1.8765,0.2539,0.0031,0.0087,0.0002,0.0516,0.0667,0.0034,0.0012,0.0139,0.0002,0.0018,0.0019,0.0001,0.0001,0.0096,0.0015,0.0006,0.0,0.0058,0.1236,0.0361,0.0,0.011,0.0,155.0,0.0,92.0,63.0,81.0,0.0,0.0,0.0,0.0,0.0,0.0,0.0,0.0,0.0,0.0,0.0,0.0,0.0,0.0,0.0,0.0,0.0,0.0,8.0,2.0,1.0
1147,9.57479810000002,0,8.0076,1.9391,2.3721,1.9277,0.1937,0.0029,0.0093,0.0003,0.0336,0.0482,0.0021,0.001,0.0097,0.0002,0.0016,0.0022,0.0002,0.0001,0.0086,0.0016,0.0006,0.0001,0.0031,0.0899,0.0209,0.0,0.0131,0.0,155.0,0.0,92.0,63.0,81.0,0.0,0.0,0.0,0.0,0.0,0.0,0.0,0.0,0.0,0.0,0.0,0.0,0.0,0.0,0.0,0.0,0.0,0.0,8.0,2.0,1.0
1148,9.58280570000002,0,8.3228,2.0406,2.2477,1.8126,0.202,0.0037,0.0085,0.0002,0.0396,0.0543,0.0023,0.0007,0.0101,0.0001,0.0014,0.0022,0.0002,0.0001,0.0086,0.0016,0.0006,0.0002,0.0036,0.0978,0.022,0.0,0.0134,0.0,155.0,0.0,92.0,63.0,85.0,0.0,0.0,0.0,0.0,0.0,0.0,0.0,0.0,0.0,0.0,0.0,0.0,0.0,0.0,0.0,0.0,0.0,0.0,8.0,2.0,1.0
1149,9.59112850000002,0,8.2858,1.9749,2.1897,1.7611,0.1932,0.0032,0.0083,0.0001,0.0299,0.0439,0.0025,0.0008,0.0108,0.0001,0.002,0.0017,0.0001,0.0006,0.0079,0.0012,0.0004,0.0001,0.0038,0.0863,0.0191,0.0,0.0133,0.0,155.0,0.0,92.0,63.0,85.0,0.0,0.0,0.0,0.0,0.0,0.0,0.0,0.0,0.0,0.0,0.0,0.0,0.0,0.0,0.0,0.0,0.0,0.0,8.0,2.0,1.0
1150,9.599414300000019,0,8.4859,1.9629,2.2218,1.8247,0.2153,0.0031,0.0085,0.0002,0.0442,0.0581,0.0023,0.0009,0.0108,0.0001,0.0015,0.0022,0.0001,0.0001,0.0083,0.0014,0.0005,0.0001,0.0039,0.1022,0.023,0.0,0.0133,0.0,155.0,0.0,92.0,63.0,85.0,0.0,0.0,0.0,0.0,0.0,0.0,0.0,0.0,0.0,0.0,0.0,0.0,0.0,0.0,0.0,0.0,0.0,0.0,8.0,2.0,1.0
1151,9.607900200000019,0,8.2652,1.9062,2.2748,1.8238,0.1927,0.0033,0.0074,0.0002,0.0337,0.0474,0.0021,0.0008,0.0094,0.0001,0.002,0.0014,0.0001,0.0001,0.008,0.0012,0.0004,0.0001,0.0034,0.0878,0.0194,0.0001,0.0125,0.0,155.0,0.0,92.0,63.0,85.0,0.0,0.0,0.0,0.0,0.0,0.0,0.0,0.0,0.0,0.0,0.0,0.0,0.0,0.0,0.0,0.0,0.0,0.0,8.0,2.0,1.0
1152,9.61616540000002,0,8.4517,1.9101,2.4344,1.7905,0.3194,0.0055,0.0104,0.0002,0.0654,0.0853,0.0035,0.0006,0.0137,0.0001,0.0023,0.0014,0.0001,0.0,0.0114,0.0014,0.0006,0.0001,0.0062,0.1425,0.0404,0.0,0.0123,0.0,155.0,0.0,92.0,63.0,85.0,0.0,0.0,0.0,0.0,0.0,0.0,0.0,0.0,0.0,0.0,0.0,0.0,0.0,0.0,0.0,0.0,0.0,0.0,8.0,2.0,1.0
1153,9.62461710000002,0,8.2628,2.2726,2.322,1.9191,0.2219,0.0028,0.0097,0.0003,0.0377,0.0542,0.0022,0.001,0.0117,0.0002,0.0018,0.0021,0.0001,0.0002,0.0083,0.0011,0.0006,0.0001,0.0032,0.1002,0.0235,0.0,0.0129,0.0,155.0,0.0,92.0,63.0,85.0,0.0,0.0,0.0,0.0,0.0,0.0,0.0,0.0,0.0,0.0,0.0,0.0,0.0,0.0,0.0,0.0,0.0,0.0,8.0,2.0,1.0
1154,9.63287990000002,0,8.4892,2.0865,2.3119,1.9433,0.2142,0.0034,0.008,0.0002,0.0488,0.0628,0.0021,0.0006,0.0096,0.0002,0.0018,0.0016,0.0001,0.0001,0.0084,0.0012,0.0004,0.0001,0.0032,0.1038,0.0243,0.0,0.0139,0.0,155.0,0.0,92.0,63.0,85.0,0.0,0.0,0.0,0.0,0.0,0.0,0.0,0.0,0.0,0.0,0.0,0.0,0.0,0.0,0.0,0.0,0.0,0.0,8.0,2.0,1.0
1155,9.64136910000002,0,8.0782,2.0404,2.2515,1.813,0.1878,0.003,0.0092,0.0003,0.0204,0.0355,0.002,0.0007,0.0085,0.0006,0.0014,0.0023,0.0,0.0002,0.0079,0.0018,0.0005,0.0001,0.0039,0.0805,0.0199,0.0,0.0123,0.0,155.0,0.0,92.0,63.0,85.0,0.0,0.0,0.0,0.0,0.0,0.0,0.0,0.0,0.0,0.0,0.0,0.0,0.0,0.0,0.0,0.0,0.0,0.0,8.0,2.0,1.0
1156,9.64944730000002,0,8.3562,1.8652,2.2559,1.9229,0.2118,0.0027,0.0082,0.0002,0.0468,0.0606,0.0029,0.0008,0.0116,0.0001,0.0016,0.0018,0.0001,0.0002,0.008,0.0014,0.0005,0.0001,0.0037,0.1053,0.0227,0.0001,0.012,0.0,155.0,0.0,92.0,63.0,85.0,0.0,0.0,0.0,0.0,0.0,0.0,0.0,0.0,0.0,0.0,0.0,0.0,0.0,0.0,0.0,0.0,0.0,0.0,8.0,2.0,1.0
1157,9.65780350000002,0,8.2146,1.926,2.11,1.769,0.1912,0.0035,0.0076,0.0002,0.0327,0.0462,0.0021,0.0007,0.0103,0.0001,0.0017,0.0014,0.0001,0.0001,0.0079,0.0015,0.0004,0.0,0.0031,0.0847,0.02,0.0001,0.0122,0.0,155.0,0.0,92.0,63.0,85.0,0.0,0.0,0.0,0.0,0.0,0.0,0.0,0.0,0.0,0.0,0.0,0.0,0.0,0.0,0.0,0.0,0.0,0.0,8.0,2.0,1.0
1158,9.66601810000002,0,8.4666,1.8581,2.1325,1.8847,0.2016,0.003,0.0087,0.0002,0.0359,0.0505,0.0021,0.0006,0.0105,0.0002,0.0017,0.0015,0.0001,0.0001,0.0084,0.0014,0.0005,0.0,0.0036,0.0936,0.0201,0.0,0.0127,0.0,155.0,0.0,92.0,63.0,85.0,0.0,0.0,0.0,0.0,0.0,0.0,0.0,0.0,0.0,0.0,0.0,0.0,0.0,0.0,0.0,0.0,0.0,0.0,8.0,2.0,1.0
1159,9.67448470000002,0,8.2364,2.0417,2.1866,1.7654,0.1802,0.0028,0.0085,0.0002,0.0283,0.0416,0.0017,0.0007,0.0097,0.0002,0.0018,0.0016,0.0,0.0007,0.0079,0.0012,0.0005,0.0,0.0035,0.0833,0.0194,0.0,0.0131,0.0,155.0,0.0,92.0,63.0,85.0,0.0,0.0,0.0,0.0,0.0,0.0,0.0,0.0,0.0,0.0,0.0,0.0,0.0,0.0,0.0,0.0,0.0,0.0,8.0,2.0,1.0
1160,9.68272110000002,0,8.4736,1.8286,2.2381,1.8153,0.2172,0.003,0.0081,0.0002,0.0485,0.0619,0.0031,0.0007,0.0124,0.0002,0.0022,0.0015,0.0,0.0001,0.0084,0.0013,0.001,0.0001,0.0044,0.1093,0.0238,0.0,0.0143,0.0,155.0,0.0,92.0,63.0,85.0,0.0,0.0,0.0,0.0,0.0,0.0,0.0,0.0,0.0,0.0,0.0,0.0,0.0,0.0,0.0,0.0,0.0,0.0,8.0,2.0,1.0
1161,9.69119470000002,0,8.2088,1.8462,2.1868,1.9351,0.1955,0.0028,0.008,0.0002,0.0329,0.0469,0.0022,0.0007,0.0103,0.0001,0.0018,0.0015,0.0002,0.0006,0.0079,0.0012,0.0005,0.0001,0.0031,0.0872,0.0199,0.0,0.0132,0.0,155.0,0.0,92.0,63.0,85.0,0.0,0.0,0.0,0.0,0.0,0.0,0.0,0.0,0.0,0.0,0.0,0.0,0.0,0.0,0.0,0.0,0.0,0.0,8.0,2.0,1.0
1162,9.69940350000002,0,8.4395,1.8599,2.2494,1.8715,0.2145,0.0034,0.009,0.0002,0.0385,0.0539,0.0028,0.0009,0.0116,0.0002,0.0017,0.0017,0.0001,0.0001,0.0084,0.0013,0.0005,0.0001,0.0038,0.0987,0.0225,0.0,0.0119,0.0,155.0,0.0,92.0,63.0,85.0,0.0,0.0,0.0,0.0,0.0,0.0,0.0,0.0,0.0,0.0,0.0,0.0,0.0,0.0,0.0,0.0,0.0,0.0,8.0,2.0,1.0
1163,9.70784300000002,0,8.1422,2.0707,2.1313,1.8086,0.1829,0.0027,0.0075,0.0002,0.0314,0.0451,0.0024,0.0007,0.0097,0.0001,0.0015,0.002,0.0001,0.0001,0.008,0.0012,0.001,0.0,0.003,0.084,0.0209,0.0001,0.0142,0.0,155.0,0.0,92.0,63.0,85.0,0.0,0.0,0.0,0.0,0.0,0.0,0.0,0.0,0.0,0.0,0.0,0.0,0.0,0.0,0.0,0.0,0.0,0.0,8.0,2.0,1.0
1164,9.71598520000002,0,8.3985,1.9052,2.16,1.8789,0.2126,0.0035,0.009,0.0002,0.042,0.057,0.0028,0.0008,0.011,0.0002,0.0014,0.0022,0.0001,0.0001,0.0069,0.0014,0.0005,0.0,0.0043,0.0996,0.0223,0.0,0.0125,0.0,155.0,0.0,92.0,63.0,85.0,0.0,0.0,0.0,0.0,0.0,0.0,0.0,0.0,0.0,0.0,0.0,0.0,0.0,0.0,0.0,0.0,0.0,0.0,8.0,2.0,1.0
1165,9.72438370000002,0,8.4673,1.8956,2.0615,1.8512,0.2171,0.0044,0.0085,0.0002,0.0385,0.0539,0.0022,0.0008,0.0118,0.0001,0.0015,0.0017,0.0001,0.0001,0.0085,0.0013,0.0005,0.0,0.0038,0.0994,0.0217,0.0001,0.0126,0.0,155.0,0.0,92.0,63.0,85.0,0.0,0.0,0.0,0.0,0.0,0.0,0.0,0.0,0.0,0.0,0.0,0.0,0.0,0.0,0.0,0.0,0.0,0.0,8.0,2.0,1.0
1166,9.73285100000002,0,8.2761,1.9394,2.267,1.8431,0.1976,0.0027,0.0076,0.0002,0.0392,0.0527,0.0024,0.0007,0.0103,0.0001,0.0013,0.0019,0.0001,0.0002,0.0079,0.0017,0.0005,0.0,0.0033,0.0935,0.0203,0.0001,0.0115,0.0,155.0,0.0,92.0,63.0,85.0,0.0,0.0,0.0,0.0,0.0,0.0,0.0,0.0,0.0,0.0,0.0,0.0,0.0,0.0,0.0,0.0,0.0,0.0,8.0,2.0,1.0
1167,9.74112710000002,0,8.3489,1.884,2.1995,1.8008,0.2135,0.0027,0.009,0.0003,0.041,0.0561,0.0021,0.0007,0.0083,0.0001,0.0014,0.0022,0.0002,0.0001,0.0089,0.0012,0.0005,0.0,0.0033,0.0962,0.0241,0.0,0.0125,0.0,155.0,0.0,92.0,63.0,85.0,0.0,0.0,0.0,0.0,0.0,0.0,0.0,0.0,0.0,0.0,0.0,0.0,0.0,0.0,0.0,0.0,0.0,0.0,8.0,2.0,1.0
1168,9.74947600000002,0,8.3725,2.0615,2.3422,1.8212,0.2185,0.0028,0.0083,0.0002,0.0477,0.0624,0.0026,0.001,0.0118,0.0001,0.0017,0.0021,0.0002,0.0002,0.0088,0.0013,0.0005,0.0002,0.0039,0.1091,0.0219,0.0001,0.0131,0.0,155.0,0.0,92.0,63.0,85.0,0.0,0.0,0.0,0.0,0.0,0.0,0.0,0.0,0.0,0.0,0.0,0.0,0.0,0.0,0.0,0.0,0.0,0.0,8.0,2.0,1.0
1169,9.75784850000002,0,8.3863,1.9222,2.1823,1.7802,0.2269,0.0029,0.0084,0.0004,0.0369,0.0509,0.0022,0.0008,0.0095,0.0002,0.0015,0.0022,0.0001,0.0001,0.0087,0.0015,0.0006,0.0,0.003,0.0927,0.0239,0.0,0.0125,0.0,155.0,0.0,92.0,63.0,85.0,0.0,0.0,0.0,0.0,0.0,0.0,0.0,0.0,0.0,0.0,0.0,0.0,0.0,0.0,0.0,0.0,0.0,0.0,8.0,2.0,1.0
1170,9.766234800000019,0,8.3387,2.1888,2.3697,1.8684,0.221,0.0038,0.0095,0.0003,0.0418,0.0581,0.0025,0.0009,0.0111,0.0001,0.0016,0.0021,0.0001,0.0001,0.0094,0.002,0.0005,0.0001,0.0036,0.105,0.022,0.0001,0.012,0.0,155.0,0.0,92.0,63.0,85.0,0.0,0.0,0.0,0.0,0.0,0.0,0.0,0.0,0.0,0.0,0.0,0.0,0.0,0.0,0.0,0.0,0.0,0.0,8.0,2.0,1.0
1171,9.774573500000018,0,8.2828,2.0854,2.3422,1.8578,0.1944,0.0031,0.0082,0.0003,0.0309,0.0448,0.002,0.001,0.0105,0.0001,0.0017,0.0016,0.0001,0.0001,0.0082,0.0012,0.0004,0.0001,0.0035,0.0873,0.0216,0.0,0.0129,0.0,155.0,0.0,92.0,63.0,85.0,0.0,0.0,0.0,0.0,0.0,0.0,0.0,0.0,0.0,0.0,0.0,0.0,0.0,0.0,0.0,0.0,0.0,0.0,8.0,2.0,1.0
1172,9.782856300000018,0,8.309,2.0455,2.2064,2.0022,0.214,0.0032,0.0089,0.0003,0.0443,0.059,0.0027,0.0008,0.0104,0.0001,0.0015,0.002,0.0001,0.0001,0.0075,0.0019,0.0005,0.0001,0.0041,0.1019,0.0239,0.0,0.0125,0.0,155.0,0.0,92.0,63.0,85.0,0.0,0.0,0.0,0.0,0.0,0.0,0.0,0.0,0.0,0.0,0.0,0.0,0.0,0.0,0.0,0.0,0.0,0.0,8.0,2.0,1.0
1173,9.791165300000019,0,8.4626,1.9515,2.3396,1.782,0.1948,0.0033,0.008,0.0002,0.0326,0.0467,0.0019,0.0008,0.0106,0.0002,0.0017,0.0015,0.0001,0.0001,0.008,0.0012,0.0005,0.0001,0.0033,0.088,0.0212,0.0001,0.0185,0.0,155.0,0.0,92.0,63.0,85.0,0.0,0.0,0.0,0.0,0.0,0.0,0.0,0.0,0.0,0.0,0.0,0.0,0.0,0.0,0.0,0.0,0.0,0.0,8.0,2.0,1.0
1174,9.799627900000019,0,8.1253,1.9845,2.27,1.7998,0.2127,0.0026,0.008,0.0003,0.0526,0.066,0.0029,0.0009,0.0114,0.0006,0.0014,0.0016,0.0,0.0001,0.0083,0.0014,0.0009,0.0001,0.0038,0.1105,0.0222,0.0,0.015,0.0,155.0,0.0,92.0,63.0,85.0,0.0,0.0,0.0,0.0,0.0,0.0,0.0,0.0,0.0,0.0,0.0,0.0,0.0,0.0,0.0,0.0,0.0,0.0,8.0,2.0,1.0
1175,9.807753200000018,0,8.2996,1.9727,2.135,1.9016,0.1935,0.0028,0.0077,0.0002,0.0314,0.0454,0.002,0.0008,0.0106,0.0002,0.0015,0.0018,0.0001,0.0002,0.0078,0.0016,0.0005,0.0001,0.0031,0.0865,0.0212,0.0001,0.0126,0.0,155.0,0.0,92.0,63.0,85.0,0.0,0.0,0.0,0.0,0.0,0.0,0.0,0.0,0.0,0.0,0.0,0.0,0.0,0.0,0.0,0.0,0.0,0.0,8.0,2.0,1.0
1176,9.81605280000002,0,8.597,1.9157,2.2339,1.7977,0.2375,0.0041,0.0095,0.0002,0.0515,0.068,0.0032,0.0009,0.0126,0.0002,0.0017,0.0018,0.0006,0.0001,0.0088,0.002,0.0005,0.0,0.0039,0.1165,0.0264,0.0,0.0129,0.0,155.0,0.0,92.0,63.0,85.0,0.0,0.0,0.0,0.0,0.0,0.0,0.0,0.0,0.0,0.0,0.0,0.0,0.0,0.0,0.0,0.0,0.0,0.0,8.0,2.0,1.0
1177,9.824649800000019,0,8.2502,1.9302,2.481,1.9025,0.2157,0.0029,0.008,0.0004,0.0321,0.0456,0.002,0.0009,0.0104,0.0001,0.0017,0.0024,0.0002,0.0001,0.0089,0.0013,0.0005,0.0001,0.0033,0.0912,0.0251,0.0,0.0151,0.0,155.0,0.0,92.0,63.0,83.0,0.0,0.0,0.0,0.0,0.0,0.0,0.0,0.0,0.0,0.0,0.0,0.0,0.0,0.0,0.0,0.0,0.0,0.0,8.0,2.0,1.0
1178,9.83290000000002,0,8.4768,2.1414,2.2495,1.992,0.2302,0.0034,0.0108,0.0003,0.0493,0.0662,0.0024,0.0008,0.011,0.0002,0.0013,0.002,0.0001,0.0001,0.0085,0.0017,0.0004,0.0001,0.0037,0.1111,0.0227,0.0,0.0142,0.0,155.0,0.0,92.0,63.0,83.0,0.0,0.0,0.0,0.0,0.0,0.0,0.0,0.0,0.0,0.0,0.0,0.0,0.0,0.0,0.0,0.0,0.0,0.0,8.0,2.0,1.0
1179,9.84137680000002,0,8.0649,1.9446,2.3467,1.8816,0.1876,0.0031,0.0085,0.0002,0.0276,0.0416,0.0024,0.0007,0.0099,0.0001,0.0013,0.0022,0.0001,0.0001,0.0086,0.0017,0.0005,0.0,0.0031,0.0832,0.021,0.0,0.0121,0.0,155.0,0.0,92.0,63.0,83.0,0.0,0.0,0.0,0.0,0.0,0.0,0.0,0.0,0.0,0.0,0.0,0.0,0.0,0.0,0.0,0.0,0.0,0.0,8.0,2.0,1.0
1180,9.849441700000021,0,8.4225,1.9277,2.1456,1.7936,0.1957,0.0026,0.0081,0.0001,0.0409,0.0539,0.0023,0.0007,0.0097,0.0001,0.0012,0.0016,0.0001,0.0001,0.0079,0.0012,0.0004,0.0001,0.0032,0.0935,0.0196,0.0001,0.0119,0.0,155.0,0.0,92.0,63.0,83.0,0.0,0.0,0.0,0.0,0.0,0.0,0.0,0.0,0.0,0.0,0.0,0.0,0.0,0.0,0.0,0.0,0.0,0.0,8.0,2.0,1.0
1181,9.857864200000021,0,8.29,1.902,2.2656,1.8645,0.2175,0.0031,0.0097,0.0003,0.0333,0.0494,0.0023,0.0007,0.012,0.0002,0.0015,0.0016,0.0001,0.0002,0.0088,0.0024,0.0005,0.0001,0.0036,0.0966,0.0213,0.0,0.0135,0.0,155.0,0.0,92.0,63.0,83.0,0.0,0.0,0.0,0.0,0.0,0.0,0.0,0.0,0.0,0.0,0.0,0.0,0.0,0.0,0.0,0.0,0.0,0.0,8.0,2.0,1.0
1182,9.866154200000022,0,8.4088,1.9227,2.3499,1.7797,0.2763,0.0469,0.0095,0.0004,0.0564,0.1163,0.0028,0.0007,0.011,0.0002,0.0012,0.002,0.0001,0.0001,0.0081,0.0016,0.0004,0.0001,0.0033,0.1587,0.0231,0.0,0.0135,0.0,155.0,0.0,92.0,63.0,83.0,0.0,0.0,0.0,0.0,0.0,0.0,0.0,0.0,0.0,0.0,0.0,0.0,0.0,0.0,0.0,0.0,0.0,0.0,8.0,2.0,1.0
1183,9.874563000000022,0,8.2335,1.9716,2.1761,1.8437,0.2007,0.003,0.0078,0.0002,0.0355,0.0489,0.0023,0.0008,0.0107,0.0002,0.0013,0.0019,0.0,0.0001,0.0078,0.0015,0.0004,0.0001,0.0034,0.0896,0.021,0.0,0.0123,0.0,155.0,0.0,92.0,63.0,83.0,0.0,0.0,0.0,0.0,0.0,0.0,0.0,0.0,0.0,0.0,0.0,0.0,0.0,0.0,0.0,0.0,0.0,0.0,8.0,2.0,1.0
1184,9.88279650000002,0,8.3051,2.0308,2.2611,1.9439,0.2012,0.0031,0.0078,0.0001,0.039,0.0522,0.0019,0.0008,0.0106,0.0001,0.0019,0.0016,0.0002,0.0006,0.0082,0.0013,0.0005,0.0,0.0031,0.0942,0.0203,0.0,0.0125,0.0,155.0,0.0,92.0,63.0,83.0,0.0,0.0,0.0,0.0,0.0,0.0,0.0,0.0,0.0,0.0,0.0,0.0,0.0,0.0,0.0,0.0,0.0,0.0,8.0,2.0,1.0
1185,9.89110160000002,0,8.5493,1.9202,2.1979,1.7959,0.2188,0.0032,0.0096,0.0002,0.0343,0.0501,0.0029,0.0009,0.0112,0.0001,0.002,0.0018,0.0002,0.0001,0.0088,0.0012,0.0005,0.0,0.0031,0.0946,0.0241,0.0,0.0128,0.0,155.0,0.0,92.0,63.0,83.0,0.0,0.0,0.0,0.0,0.0,0.0,0.0,0.0,0.0,0.0,0.0,0.0,0.0,0.0,0.0,0.0,0.0,0.0,8.0,2.0,1.0
1186,9.89965090000002,0,8.1953,1.9037,2.3601,1.8554,0.2042,0.0028,0.0081,0.0003,0.0405,0.0539,0.002,0.0007,0.01,0.0003,0.0014,0.0021,0.0001,0.0001,0.0082,0.0022,0.0005,0.0,0.0033,0.0965,0.0199,0.0,0.013,0.0,155.0,0.0,92.0,63.0,83.0,0.0,0.0,0.0,0.0,0.0,0.0,0.0,0.0,0.0,0.0,0.0,0.0,0.0,0.0,0.0,0.0,0.0,0.0,8.0,2.0,1.0
1187,9.907846200000021,0,8.1907,1.8716,2.1636,1.7648,0.1865,0.0031,0.0084,0.0002,0.0295,0.0435,0.0019,0.0008,0.0102,0.0001,0.0016,0.0015,0.0001,0.0001,0.0078,0.0012,0.0004,0.0001,0.0033,0.0848,0.02,0.0,0.0118,0.0,155.0,0.0,92.0,63.0,83.0,0.0,0.0,0.0,0.0,0.0,0.0,0.0,0.0,0.0,0.0,0.0,0.0,0.0,0.0,0.0,0.0,0.0,0.0,8.0,2.0,1.0
1188,9.916036900000021,0,8.4149,1.8538,2.2089,1.8058,0.2162,0.003,0.0093,0.0001,0.044,0.059,0.0021,0.0007,0.0113,0.0001,0.002,0.0017,0.0001,0.0002,0.0081,0.0013,0.0009,0.0001,0.0037,0.1039,0.0213,0.0,0.0126,0.0,155.0,0.0,92.0,63.0,83.0,0.0,0.0,0.0,0.0,0.0,0.0,0.0,0.0,0.0,0.0,0.0,0.0,0.0,0.0,0.0,0.0,0.0,0.0,8.0,2.0,1.0
1189,9.924451800000021,0,8.3052,1.8942,2.2004,1.8817,0.2129,0.003,0.0088,0.0002,0.0369,0.0518,0.0023,0.0008,0.0107,0.0002,0.0014,0.002,0.0001,0.0001,0.008,0.0019,0.0005,0.0001,0.0036,0.0983,0.0213,0.0001,0.0123,0.0,155.0,0.0,92.0,63.0,83.0,0.0,0.0,0.0,0.0,0.0,0.0,0.0,0.0,0.0,0.0,0.0,0.0,0.0,0.0,0.0,0.0,0.0,0.0,8.0,2.0,1.0
1190,9.932757000000022,0,8.3989,2.0087,2.1521,1.8479,0.2128,0.003,0.0076,0.0002,0.0512,0.0642,0.0025,0.0008,0.0112,0.0002,0.0015,0.0019,0.0001,0.0001,0.0086,0.0017,0.0005,0.0001,0.0037,0.1101,0.0211,0.0,0.0126,0.0,155.0,0.0,92.0,63.0,83.0,0.0,0.0,0.0,0.0,0.0,0.0,0.0,0.0,0.0,0.0,0.0,0.0,0.0,0.0,0.0,0.0,0.0,0.0,8.0,2.0,1.0
1191,9.941155900000021,0,8.1742,1.9485,2.1582,1.7576,0.179,0.0027,0.0073,0.0002,0.0275,0.04,0.0019,0.0008,0.0101,0.0001,0.0013,0.002,0.0001,0.0002,0.0082,0.0018,0.0005,0.0,0.0031,0.0804,0.0195,0.0001,0.0134,0.0,155.0,0.0,92.0,63.0,83.0,0.0,0.0,0.0,0.0,0.0,0.0,0.0,0.0,0.0,0.0,0.0,0.0,0.0,0.0,0.0,0.0,0.0,0.0,8.0,2.0,1.0
1192,9.94933010000002,0,8.6781,2.0973,2.3426,1.8716,0.2896,0.0035,0.0085,0.0002,0.0642,0.0798,0.0032,0.0012,0.0165,0.0004,0.0025,0.0019,0.0001,0.0002,0.0101,0.0016,0.0006,0.0001,0.0066,0.1449,0.0384,0.0,0.0135,0.0,155.0,0.0,92.0,63.0,83.0,0.0,0.0,0.0,0.0,0.0,0.0,0.0,0.0,0.0,0.0,0.0,0.0,0.0,0.0,0.0,0.0,0.0,0.0,8.0,2.0,1.0
1193,9.95800820000002,0,8.1841,1.9891,2.3046,1.9623,0.2157,0.003,0.0098,0.0002,0.0362,0.0519,0.0027,0.0009,0.0114,0.0002,0.0016,0.0017,0.0002,0.0001,0.0083,0.0013,0.0005,0.0001,0.0037,0.1008,0.0213,0.0,0.0129,0.0,155.0,0.0,92.0,63.0,83.0,0.0,0.0,0.0,0.0,0.0,0.0,0.0,0.0,0.0,0.0,0.0,0.0,0.0,0.0,0.0,0.0,0.0,0.0,8.0,2.0,1.0
1194,9.966192300000019,0,8.5164,1.9589,2.4587,2.0822,0.2253,0.0031,0.0085,0.0002,0.0494,0.0638,0.0023,0.0011,0.0121,0.0002,0.0016,0.0018,0.0002,0.0001,0.009,0.0019,0.0005,0.0001,0.0038,0.1112,0.0221,0.0001,0.0116,0.0,155.0,0.0,92.0,63.0,83.0,0.0,0.0,0.0,0.0,0.0,0.0,0.0,0.0,0.0,0.0,0.0,0.0,0.0,0.0,0.0,0.0,0.0,0.0,8.0,2.0,1.0
1195,9.974708700000019,0,8.0146,2.0612,2.151,1.8941,0.1915,0.0032,0.0085,0.0001,0.0295,0.0434,0.0023,0.0008,0.0099,0.0001,0.0012,0.0022,0.0,0.0001,0.0083,0.0018,0.0005,0.0001,0.0038,0.086,0.0191,0.0,0.0122,0.0,155.0,0.0,92.0,63.0,83.0,0.0,0.0,0.0,0.0,0.0,0.0,0.0,0.0,0.0,0.0,0.0,0.0,0.0,0.0,0.0,0.0,0.0,0.0,8.0,2.0,1.0
1196,9.982723300000018,0,8.5757,2.0034,2.3297,1.8863,0.2165,0.003,0.0084,0.0002,0.0454,0.0591,0.0029,0.0009,0.0126,0.0002,0.002,0.0017,0.0002,0.0001,0.0091,0.002,0.0006,0.0,0.0038,0.1074,0.0223,0.0,0.0121,0.0,155.0,0.0,92.0,63.0,83.0,0.0,0.0,0.0,0.0,0.0,0.0,0.0,0.0,0.0,0.0,0.0,0.0,0.0,0.0,0.0,0.0,0.0,0.0,8.0,2.0,1.0
1197,9.991299000000017,0,8.4863,2.0593,2.5369,1.915,0.1939,0.0031,0.0089,0.0003,0.0309,0.0457,0.0026,0.0008,0.0098,0.0001,0.0013,0.0021,0.0001,0.0001,0.0083,0.0017,0.0005,0.0,0.0032,0.0867,0.0203,0.0,0.0143,0.0,155.0,0.0,92.0,63.0,83.0,0.0,0.0,0.0,0.0,0.0,0.0,0.0,0.0,0.0,0.0,0.0,0.0,0.0,0.0,0.0,0.0,0.0,0.0,8.0,2.0,1.0
1198,9.999785300000017,0,8.012,1.9906,2.2524,1.8351,0.1834,0.0031,0.0086,0.0002,0.0359,0.05,0.0023,0.0006,0.0105,0.0001,0.0015,0.0014,0.0,0.0001,0.0073,0.0012,0.0005,0.0,0.0031,0.0886,0.0186,0.0,0.0124,0.0,155.0,0.0,92.0,63.0,83.0,0.0,0.0,0.0,0.0,0.0,0.0,0.0,0.0,0.0,0.0,0.0,0.0,0.0,0.0,0.0,0.0,0.0,0.0,8.0,2.0,1.0
1199,10.007797300000018,0,8.2924,1.7817,2.1319,1.6813,0.1863,0.0025,0.0074,0.0002,0.0317,0.0444,0.0023,0.0006,0.0093,0.0002,0.0014,0.0015,0.0001,0.0001,0.0082,0.0012,0.0004,0.0005,0.0031,0.0844,0.0194,0.0,0.0134,0.0,155.0,0.0,92.0,63.0,85.0,0.0,0.0,0.0,0.0,0.0,0.0,0.0,0.0,0.0,0.0,0.0,0.0,0.0,0.0,0.0,0.0,0.0,0.0,8.0,2.0,1.0
1200,10.016089700000018,0,8.3777,1.8372,2.2108,1.7255,0.201,0.0032,0.0077,0.0002,0.0458,0.0592,0.0019,0.0007,0.0102,0.0001,0.0019,0.0016,0.0001,0.0001,0.008,0.0014,0.0005,0.0,0.0033,0.1002,0.0196,0.0,0.0142,0.0,155.0,0.0,92.0,63.0,85.0,0.0,0.0,0.0,0.0,0.0,0.0,0.0,0.0,0.0,0.0,0.0,0.0,0.0,0.0,0.0,0.0,0.0,0.0,8.0,2.0,1.0
1201,10.024467400000018,0,8.2924,1.9925,2.2072,1.8197,0.2261,0.0032,0.011,0.0002,0.0371,0.0541,0.0026,0.001,0.012,0.0002,0.0022,0.0023,0.0003,0.0003,0.0102,0.0014,0.0005,0.0002,0.0044,0.1077,0.0208,0.0,0.0132,0.0,155.0,0.0,92.0,63.0,87.0,0.0,0.0,0.0,0.0,0.0,0.0,0.0,0.0,0.0,0.0,0.0,0.0,0.0,0.0,0.0,0.0,0.0,0.0,8.0,2.0,1.0
1202,10.032759800000019,0,8.3855,2.0433,2.2162,1.7735,0.2029,0.0025,0.0077,0.0002,0.04,0.0529,0.0023,0.0009,0.0128,0.0002,0.0015,0.0016,0.0005,0.0001,0.0088,0.0019,0.0005,0.0001,0.0038,0.1002,0.0207,0.0001,0.0147,0.0,155.0,0.0,92.0,63.0,87.0,0.0,0.0,0.0,0.0,0.0,0.0,0.0,0.0,0.0,0.0,0.0,0.0,0.0,0.0,0.0,0.0,0.0,0.0,8.0,2.0,1.0
1203,10.041145300000018,0,8.3846,1.838,2.2145,1.6655,0.2188,0.003,0.0092,0.0001,0.0347,0.0499,0.0031,0.0012,0.0116,0.0001,0.0019,0.0018,0.0005,0.0001,0.0081,0.0014,0.001,0.0002,0.0046,0.0969,0.0253,0.0001,0.0131,0.0,155.0,0.0,92.0,63.0,87.0,0.0,0.0,0.0,0.0,0.0,0.0,0.0,0.0,0.0,0.0,0.0,0.0,0.0,0.0,0.0,0.0,0.0,0.0,8.0,2.0,1.0
1204,10.049529900000017,0,8.2863,1.8396,2.2625,1.7306,0.221,0.0054,0.0093,0.0002,0.0428,0.0601,0.0023,0.0008,0.0099,0.0001,0.0015,0.0016,0.0001,0.0001,0.0085,0.0013,0.0009,0.0001,0.0039,0.1049,0.0217,0.0,0.0145,0.0,155.0,0.0,92.0,63.0,89.0,0.0,0.0,0.0,0.0,0.0,0.0,0.0,0.0,0.0,0.0,0.0,0.0,0.0,0.0,0.0,0.0,0.0,0.0,8.0,2.0,1.0
1205,10.057816200000017,0,8.2862,1.8925,2.2311,1.8237,0.2013,0.003,0.009,0.0002,0.0295,0.0439,0.0024,0.0009,0.0111,0.0002,0.0015,0.0017,0.0,0.0001,0.0082,0.0013,0.0004,0.0,0.004,0.0883,0.0206,0.0,0.013,0.0,155.0,0.0,92.0,63.0,89.0,0.0,0.0,0.0,0.0,0.0,0.0,0.0,0.0,0.0,0.0,0.0,0.0,0.0,0.0,0.0,0.0,0.0,0.0,8.0,2.0,1.0
1206,10.066102400000018,0,8.391,1.9148,2.1771,1.8388,0.21,0.003,0.0078,0.0002,0.0467,0.0598,0.002,0.0008,0.0107,0.0002,0.0014,0.002,0.0001,0.0001,0.0082,0.0019,0.0004,0.0,0.0039,0.1045,0.0239,0.0001,0.0129,0.0,155.0,0.0,92.0,63.0,89.0,0.0,0.0,0.0,0.0,0.0,0.0,0.0,0.0,0.0,0.0,0.0,0.0,0.0,0.0,0.0,0.0,0.0,0.0,8.0,2.0,1.0
1207,10.074493400000017,0,8.2738,1.8407,2.2686,1.7837,0.195,0.003,0.0083,0.0002,0.0343,0.0487,0.0024,0.0007,0.0097,0.0001,0.0013,0.002,0.0001,0.0002,0.0077,0.0012,0.0004,0.0001,0.0034,0.0897,0.02,0.0001,0.0155,0.0,155.0,0.0,92.0,63.0,89.0,0.0,0.0,0.0,0.0,0.0,0.0,0.0,0.0,0.0,0.0,0.0,0.0,0.0,0.0,0.0,0.0,0.0,0.0,8.0,2.0,1.0
1208,10.082767200000017,0,8.397,1.8402,2.1092,1.8318,0.2121,0.0031,0.009,0.0002,0.055,0.0705,0.0023,0.0007,0.0097,0.0001,0.0018,0.0016,0.0,0.0001,0.0086,0.0012,0.0004,0.0,0.0032,0.109,0.0229,0.0,0.0144,0.0,155.0,0.0,92.0,63.0,89.0,0.0,0.0,0.0,0.0,0.0,0.0,0.0,0.0,0.0,0.0,0.0,0.0,0.0,0.0,0.0,0.0,0.0,0.0,8.0,2.0,1.0
1209,10.091164200000017,0,8.3359,1.8638,2.299,1.8662,0.2164,0.0029,0.0089,0.0002,0.0379,0.0522,0.0022,0.0009,0.0113,0.0001,0.0015,0.0021,0.0,0.0002,0.0085,0.0018,0.0004,0.0001,0.0042,0.0978,0.0206,0.0001,0.0132,0.0,155.0,0.0,92.0,63.0,89.0,0.0,0.0,0.0,0.0,0.0,0.0,0.0,0.0,0.0,0.0,0.0,0.0,0.0,0.0,0.0,0.0,0.0,0.0,8.0,2.0,1.0
1210,10.099500100000018,0,8.3297,1.8495,2.3019,1.7404,0.2306,0.0034,0.0079,0.0002,0.0449,0.0585,0.0023,0.0009,0.011,0.0001,0.0014,0.0016,0.0,0.0001,0.0084,0.0014,0.0004,0.0,0.0042,0.1025,0.046,0.0,0.0147,0.0,155.0,0.0,92.0,63.0,91.0,0.0,0.0,0.0,0.0,0.0,0.0,0.0,0.0,0.0,0.0,0.0,0.0,0.0,0.0,0.0,0.0,0.0,0.0,8.0,2.0,1.0
1211,10.107829800000019,0,8.2139,1.8831,2.0731,1.8218,0.1786,0.0026,0.0083,0.0002,0.0308,0.0437,0.0019,0.0006,0.0087,0.0002,0.0012,0.0015,0.0,0.0001,0.0076,0.0011,0.0004,0.0,0.0033,0.0803,0.0206,0.0,0.0133,0.0,155.0,0.0,92.0,63.0,91.0,0.0,0.0,0.0,0.0,0.0,0.0,0.0,0.0,0.0,0.0,0.0,0.0,0.0,0.0,0.0,0.0,0.0,0.0,8.0,2.0,1.0
1212,10.116043700000018,0,8.45,1.8795,2.2496,1.7131,0.2174,0.0033,0.0091,0.0002,0.0401,0.0548,0.002,0.0007,0.0105,0.0002,0.0014,0.002,0.0001,0.0001,0.0084,0.0017,0.0005,0.0,0.004,0.101,0.022,0.0001,0.0147,0.0,155.0,0.0,92.0,63.0,91.0,0.0,0.0,0.0,0.0,0.0,0.0,0.0,0.0,0.0,0.0,0.0,0.0,0.0,0.0,0.0,0.0,0.0,0.0,8.0,2.0,1.0
1213,10.124493700000018,0,8.1234,2.0275,2.0901,1.7452,0.224,0.0033,0.0087,0.0003,0.045,0.0601,0.0022,0.0006,0.0109,0.0002,0.0014,0.0017,0.0,0.0001,0.0078,0.0011,0.0003,0.0,0.0032,0.1008,0.0338,0.0,0.0141,0.0,155.0,0.0,92.0,63.0,91.0,0.0,0.0,0.0,0.0,0.0,0.0,0.0,0.0,0.0,0.0,0.0,0.0,0.0,0.0,0.0,0.0,0.0,0.0,8.0,2.0,1.0
1214,10.132617100000019,0,8.6227,1.9562,2.213,1.827,0.2078,0.0031,0.0088,0.0002,0.0402,0.0546,0.0019,0.0008,0.0094,0.0002,0.0016,0.0016,0.0,0.0001,0.0081,0.0012,0.0005,0.0005,0.0034,0.0956,0.0192,0.0001,0.0143,0.0,155.0,0.0,92.0,63.0,91.0,0.0,0.0,0.0,0.0,0.0,0.0,0.0,0.0,0.0,0.0,0.0,0.0,0.0,0.0,0.0,0.0,0.0,0.0,8.0,2.0,1.0
1215,10.141239800000019,0,8.1199,1.9233,2.1827,1.8473,0.1807,0.0025,0.0076,0.0001,0.0318,0.0441,0.0017,0.0005,0.0089,0.0002,0.0018,0.0013,0.0,0.0001,0.0079,0.0015,0.0004,0.0001,0.0031,0.0837,0.0214,0.0,0.0142,0.0,155.0,0.0,92.0,63.0,89.0,0.0,0.0,0.0,0.0,0.0,0.0,0.0,0.0,0.0,0.0,0.0,0.0,0.0,0.0,0.0,0.0,0.0,0.0,8.0,2.0,1.0
1216,10.14935970000002,0,8.6329,1.8704,2.2882,1.7115,0.3294,0.007,0.0222,0.0001,0.0618,0.096,0.002,0.0008,0.0098,0.0001,0.002,0.0017,0.0,0.0001,0.0079,0.0013,0.0005,0.0,0.0032,0.1379,0.0235,0.0001,0.0139,0.0,155.0,0.0,92.0,63.0,89.0,0.0,0.0,0.0,0.0,0.0,0.0,0.0,0.0,0.0,0.0,0.0,0.0,0.0,0.0,0.0,0.0,0.0,0.0,8.0,2.0,1.0
1217,10.15799260000002,0,8.1117,1.7911,2.2258,1.709,0.2269,0.0041,0.0092,0.0002,0.0401,0.057,0.0025,0.0008,0.0111,0.0003,0.0013,0.0022,0.0001,0.0001,0.0098,0.0013,0.001,0.0,0.0034,0.1029,0.0239,0.0001,0.013,0.0,155.0,0.0,92.0,63.0,89.0,0.0,0.0,0.0,0.0,0.0,0.0,0.0,0.0,0.0,0.0,0.0,0.0,0.0,0.0,0.0,0.0,0.0,0.0,8.0,2.0,1.0
1218,10.16610430000002,0,8.4649,1.9426,2.1995,1.8383,0.2012,0.003,0.0081,0.0003,0.041,0.0546,0.0019,0.0007,0.0092,0.0007,0.0013,0.0016,0.0002,0.0001,0.0081,0.0012,0.0004,0.0,0.0035,0.0948,0.022,0.0001,0.0127,0.0,155.0,0.0,92.0,63.0,89.0,0.0,0.0,0.0,0.0,0.0,0.0,0.0,0.0,0.0,0.0,0.0,0.0,0.0,0.0,0.0,0.0,0.0,0.0,8.0,2.0,1.0
1219,10.17456920000002,0,8.2418,1.8901,2.3032,1.9002,0.2015,0.0028,0.0102,0.0003,0.0358,0.0514,0.003,0.0015,0.0126,0.0001,0.0015,0.0021,0.0,0.0001,0.008,0.0011,0.0005,0.0,0.0034,0.0948,0.0253,0.0,0.0138,0.0,155.0,0.0,92.0,63.0,89.0,0.0,0.0,0.0,0.0,0.0,0.0,0.0,0.0,0.0,0.0,0.0,0.0,0.0,0.0,0.0,0.0,0.0,0.0,8.0,2.0,1.0
1220,10.18281100000002,0,8.1802,1.9147,2.1264,1.9718,0.2078,0.0028,0.0085,0.0002,0.0474,0.0608,0.0024,0.0009,0.0124,0.0001,0.0013,0.0016,0.0,0.0001,0.0078,0.0016,0.0005,0.0,0.0038,0.1051,0.0217,0.0001,0.0137,0.0,155.0,0.0,92.0,63.0,89.0,0.0,0.0,0.0,0.0,0.0,0.0,0.0,0.0,0.0,0.0,0.0,0.0,0.0,0.0,0.0,0.0,0.0,0.0,8.0,2.0,1.0
1221,10.19099120000002,0,8.4185,1.8487,2.0477,1.8647,0.2169,0.0037,0.0093,0.0005,0.037,0.0533,0.003,0.0008,0.0123,0.0001,0.0014,0.0025,0.0001,0.0006,0.0086,0.0013,0.0005,0.0001,0.0038,0.1013,0.0226,0.0001,0.0134,0.0,155.0,0.0,92.0,63.0,89.0,0.0,0.0,0.0,0.0,0.0,0.0,0.0,0.0,0.0,0.0,0.0,0.0,0.0,0.0,0.0,0.0,0.0,0.0,8.0,2.0,1.0
1222,10.19940970000002,0,8.3837,1.9349,2.2219,1.8418,0.1987,0.0027,0.0081,0.0002,0.0424,0.0553,0.0029,0.0017,0.0121,0.0002,0.0017,0.0016,0.0,0.0001,0.007,0.0013,0.0005,0.0001,0.0039,0.0992,0.0221,0.0,0.0157,0.0,155.0,0.0,92.0,63.0,89.0,0.0,0.0,0.0,0.0,0.0,0.0,0.0,0.0,0.0,0.0,0.0,0.0,0.0,0.0,0.0,0.0,0.0,0.0,8.0,2.0,1.0
1223,10.20779340000002,0,8.2574,1.8471,2.1725,1.7856,0.177,0.0025,0.0076,0.0001,0.0317,0.0439,0.0018,0.0006,0.0088,0.0001,0.0017,0.0013,0.0,0.0001,0.008,0.0017,0.0004,0.0001,0.0034,0.0818,0.0193,0.0,0.0136,0.0,155.0,0.0,92.0,63.0,89.0,0.0,0.0,0.0,0.0,0.0,0.0,0.0,0.0,0.0,0.0,0.0,0.0,0.0,0.0,0.0,0.0,0.0,0.0,8.0,2.0,1.0
1224,10.21605080000002,0,8.4541,1.7466,2.2165,1.7859,0.2214,0.0032,0.007,0.0003,0.0519,0.0646,0.0023,0.0009,0.0101,0.0001,0.0012,0.002,0.0,0.0001,0.0075,0.0012,0.0004,0.0,0.0034,0.1061,0.0232,0.0,0.0127,0.0,155.0,0.0,92.0,63.0,89.0,0.0,0.0,0.0,0.0,0.0,0.0,0.0,0.0,0.0,0.0,0.0,0.0,0.0,0.0,0.0,0.0,0.0,0.0,8.0,2.0,1.0
1225,10.224504900000019,0,8.1479,1.8969,2.1041,1.7954,0.2248,0.0033,0.0093,0.0002,0.0439,0.0592,0.0027,0.0011,0.0119,0.0001,0.0014,0.0023,0.0001,0.0002,0.0085,0.0013,0.0005,0.0001,0.0041,0.1064,0.0243,0.0001,0.0117,0.0,155.0,0.0,92.0,63.0,89.0,0.0,0.0,0.0,0.0,0.0,0.0,0.0,0.0,0.0,0.0,0.0,0.0,0.0,0.0,0.0,0.0,0.0,0.0,8.0,2.0,1.0
1226,10.23265280000002,0,8.4955,1.9596,2.1031,1.7649,0.2141,0.0042,0.0097,0.0003,0.0433,0.0595,0.0021,0.0009,0.0109,0.0001,0.0014,0.0015,0.0002,0.0001,0.0084,0.0013,0.0005,0.0001,0.004,0.1033,0.0232,0.0,0.014,0.0,155.0,0.0,92.0,63.0,89.0,0.0,0.0,0.0,0.0,0.0,0.0,0.0,0.0,0.0,0.0,0.0,0.0,0.0,0.0,0.0,0.0,0.0,0.0,8.0,2.0,1.0
1227,10.24114830000002,0,8.2766,1.9398,2.1942,1.7248,0.2045,0.0032,0.0086,0.0002,0.0338,0.0483,0.0019,0.0007,0.0104,0.0001,0.0014,0.0015,0.0,0.0001,0.0085,0.0013,0.0005,0.0,0.0042,0.0943,0.0217,0.0,0.0141,0.0,155.0,0.0,92.0,63.0,89.0,0.0,0.0,0.0,0.0,0.0,0.0,0.0,0.0,0.0,0.0,0.0,0.0,0.0,0.0,0.0,0.0,0.0,0.0,8.0,2.0,1.0
1228,10.24942490000002,0,8.3372,2.1709,2.2497,1.755,0.2149,0.0029,0.0078,0.0002,0.0499,0.063,0.0024,0.0013,0.0112,0.0002,0.0015,0.0015,0.0001,0.0001,0.0079,0.0014,0.0009,0.0001,0.0037,0.1079,0.0225,0.0,0.0136,0.0,155.0,0.0,92.0,63.0,89.0,0.0,0.0,0.0,0.0,0.0,0.0,0.0,0.0,0.0,0.0,0.0,0.0,0.0,0.0,0.0,0.0,0.0,0.0,8.0,2.0,1.0
1229,10.25776210000002,0,8.2954,1.9453,2.0873,1.7594,0.2165,0.0031,0.0089,0.0002,0.0365,0.0521,0.0029,0.0009,0.011,0.0002,0.0016,0.0019,0.0001,0.0001,0.0096,0.0014,0.0006,0.0,0.004,0.0975,0.0237,0.0001,0.0123,0.0,155.0,0.0,92.0,63.0,89.0,0.0,0.0,0.0,0.0,0.0,0.0,0.0,0.0,0.0,0.0,0.0,0.0,0.0,0.0,0.0,0.0,0.0,0.0,8.0,2.0,1.0
1230,10.26605750000002,0,8.3709,1.8439,2.1741,1.7648,0.2183,0.0031,0.0094,0.0003,0.0454,0.0612,0.0028,0.0008,0.0112,0.0002,0.0018,0.0016,0.0001,0.0002,0.0084,0.0012,0.0004,0.0,0.0043,0.1053,0.0219,0.0001,0.0126,0.0,155.0,0.0,92.0,63.0,89.0,0.0,0.0,0.0,0.0,0.0,0.0,0.0,0.0,0.0,0.0,0.0,0.0,0.0,0.0,0.0,0.0,0.0,0.0,8.0,2.0,1.0
1231,10.27442840000002,0,8.2156,1.9136,2.0627,1.7129,0.1808,0.0029,0.0078,0.0001,0.0293,0.0431,0.0018,0.0008,0.0096,0.0002,0.0014,0.0015,0.0001,0.0001,0.0086,0.0012,0.0004,0.0001,0.0032,0.0827,0.0187,0.0,0.0135,0.0,155.0,0.0,92.0,63.0,89.0,0.0,0.0,0.0,0.0,0.0,0.0,0.0,0.0,0.0,0.0,0.0,0.0,0.0,0.0,0.0,0.0,0.0,0.0,8.0,2.0,1.0
1232,10.282644000000019,0,8.4146,1.9478,2.1315,1.7578,0.2153,0.0031,0.0093,0.0001,0.0416,0.0565,0.0024,0.0006,0.0111,0.0002,0.0014,0.0015,0.0001,0.0002,0.0083,0.0012,0.0005,0.0004,0.0041,0.102,0.0229,0.0,0.0113,0.0,155.0,0.0,92.0,63.0,89.0,0.0,0.0,0.0,0.0,0.0,0.0,0.0,0.0,0.0,0.0,0.0,0.0,0.0,0.0,0.0,0.0,0.0,0.0,8.0,2.0,1.0
1233,10.291058600000019,0,8.4408,1.9962,2.0848,1.7367,0.2194,0.003,0.0096,0.0002,0.0382,0.0531,0.0033,0.0009,0.0126,0.0001,0.0015,0.0024,0.0,0.0002,0.0088,0.0024,0.0004,0.0001,0.0032,0.0998,0.0273,0.0,0.0141,0.0,155.0,0.0,92.0,63.0,89.0,0.0,0.0,0.0,0.0,0.0,0.0,0.0,0.0,0.0,0.0,0.0,0.0,0.0,0.0,0.0,0.0,0.0,0.0,8.0,2.0,1.0
1234,10.29949940000002,0,8.272,1.8685,2.294,1.8498,0.2281,0.0033,0.009,0.0001,0.0467,0.0617,0.0026,0.0009,0.0111,0.0001,0.002,0.0017,0.0001,0.0006,0.0083,0.0013,0.0004,0.0001,0.0037,0.1113,0.0237,0.0,0.013,0.0,155.0,0.0,92.0,63.0,87.0,0.0,0.0,0.0,0.0,0.0,0.0,0.0,0.0,0.0,0.0,0.0,0.0,0.0,0.0,0.0,0.0,0.0,0.0,8.0,2.0,1.0
1235,10.30777140000002,0,8.2271,1.788,2.108,1.712,0.1906,0.0029,0.0076,0.0001,0.0356,0.0482,0.0019,0.0007,0.0098,0.0001,0.0014,0.0018,0.0,0.0001,0.0073,0.0011,0.0004,0.0001,0.0032,0.0882,0.0198,0.0,0.0131,0.0,155.0,0.0,92.0,63.0,87.0,0.0,0.0,0.0,0.0,0.0,0.0,0.0,0.0,0.0,0.0,0.0,0.0,0.0,0.0,0.0,0.0,0.0,0.0,8.0,2.0,1.0
1236,10.315998500000019,0,8.4948,1.7747,2.0879,1.6973,0.1906,0.0028,0.0069,0.0002,0.0407,0.0533,0.0021,0.0007,0.0098,0.0001,0.0018,0.0012,0.0001,0.0002,0.0067,0.0012,0.0009,0.0001,0.0032,0.0915,0.0205,0.0001,0.0137,0.0,155.0,0.0,92.0,63.0,87.0,0.0,0.0,0.0,0.0,0.0,0.0,0.0,0.0,0.0,0.0,0.0,0.0,0.0,0.0,0.0,0.0,0.0,0.0,8.0,2.0,1.0
1237,10.324493300000018,0,8.2951,1.9701,2.2812,1.8596,0.2676,0.0036,0.0101,0.0002,0.0423,0.0591,0.003,0.0012,0.0161,0.0002,0.003,0.0023,0.0002,0.0001,0.0099,0.0014,0.0011,0.0001,0.0071,0.1236,0.0376,0.0,0.0134,0.0,155.0,0.0,92.0,63.0,87.0,0.0,0.0,0.0,0.0,0.0,0.0,0.0,0.0,0.0,0.0,0.0,0.0,0.0,0.0,0.0,0.0,0.0,0.0,8.0,2.0,1.0
1238,10.332788400000018,0,8.4902,1.9282,2.2621,1.793,0.2195,0.0033,0.0091,0.0002,0.042,0.057,0.0028,0.001,0.012,0.0002,0.0017,0.0017,0.0001,0.0001,0.0088,0.0014,0.0005,0.0,0.0041,0.104,0.0232,0.0,0.0147,0.0,155.0,0.0,92.0,63.0,89.0,0.0,0.0,0.0,0.0,0.0,0.0,0.0,0.0,0.0,0.0,0.0,0.0,0.0,0.0,0.0,0.0,0.0,0.0,8.0,2.0,1.0
1239,10.341278600000019,0,8.1189,1.86,2.1626,1.7739,0.2128,0.0035,0.0069,0.0002,0.0337,0.0471,0.0023,0.0007,0.012,0.0002,0.0016,0.0021,0.0,0.0001,0.0075,0.0014,0.0007,0.0001,0.0039,0.0934,0.0258,0.0,0.0127,0.0,155.0,0.0,92.0,63.0,87.0,0.0,0.0,0.0,0.0,0.0,0.0,0.0,0.0,0.0,0.0,0.0,0.0,0.0,0.0,0.0,0.0,0.0,0.0,8.0,2.0,1.0
1240,10.349397500000018,0,8.4164,1.7318,2.2536,1.858,0.232,0.003,0.0095,0.0001,0.0596,0.0748,0.0023,0.0008,0.0097,0.0001,0.0014,0.0021,0.0002,0.0001,0.0091,0.0017,0.0004,0.0,0.0029,0.1163,0.0258,0.0001,0.0135,0.0,155.0,0.0,92.0,63.0,87.0,0.0,0.0,0.0,0.0,0.0,0.0,0.0,0.0,0.0,0.0,0.0,0.0,0.0,0.0,0.0,0.0,0.0,0.0,8.0,2.0,1.0
1241,10.357813900000018,0,8.5439,2.2106,2.3276,1.7607,0.1905,0.0028,0.0074,0.0002,0.0298,0.043,0.0019,0.0011,0.0102,0.0001,0.0019,0.0014,0.0001,0.0001,0.0085,0.0011,0.0004,0.0,0.0031,0.0824,0.0207,0.0001,0.0151,0.0,155.0,0.0,92.0,63.0,87.0,0.0,0.0,0.0,0.0,0.0,0.0,0.0,0.0,0.0,0.0,0.0,0.0,0.0,0.0,0.0,0.0,0.0,0.0,8.0,2.0,1.0
1242,10.366357800000017,0,8.029,1.9868,2.2381,1.8741,0.2194,0.0031,0.009,0.0001,0.048,0.0624,0.0028,0.0008,0.0097,0.0001,0.0013,0.0023,0.0001,0.0001,0.0082,0.0013,0.0005,0.0,0.0039,0.1056,0.0243,0.0,0.0132,0.0,155.0,0.0,92.0,63.0,87.0,0.0,0.0,0.0,0.0,0.0,0.0,0.0,0.0,0.0,0.0,0.0,0.0,0.0,0.0,0.0,0.0,0.0,0.0,8.0,2.0,1.0
1243,10.374386800000018,0,8.3232,1.8401,2.02,1.7596,0.199,0.0033,0.0095,0.0002,0.0322,0.0473,0.0022,0.0008,0.0106,0.0001,0.0014,0.0015,0.0001,0.0001,0.0081,0.0013,0.0003,0.0,0.0037,0.0901,0.0231,0.0,0.0119,0.0,155.0,0.0,92.0,63.0,87.0,0.0,0.0,0.0,0.0,0.0,0.0,0.0,0.0,0.0,0.0,0.0,0.0,0.0,0.0,0.0,0.0,0.0,0.0,8.0,2.0,1.0
1244,10.382710000000017,0,8.3164,1.8931,2.1506,1.7315,0.2007,0.0028,0.0084,0.0002,0.0405,0.0539,0.0021,0.0008,0.0087,0.0002,0.0018,0.0014,0.0001,0.0007,0.008,0.0012,0.0004,0.0001,0.004,0.0946,0.0219,0.0001,0.0127,0.0,155.0,0.0,92.0,63.0,87.0,0.0,0.0,0.0,0.0,0.0,0.0,0.0,0.0,0.0,0.0,0.0,0.0,0.0,0.0,0.0,0.0,0.0,0.0,8.0,2.0,1.0
1245,10.391026400000017,0,8.3561,1.8583,2.1475,1.8027,0.2201,0.003,0.01,0.0002,0.034,0.0499,0.0022,0.001,0.0108,0.0002,0.0026,0.0016,0.0,0.0002,0.0093,0.0013,0.001,0.0,0.0044,0.1018,0.0249,0.0,0.0131,0.0,155.0,0.0,92.0,63.0,85.0,0.0,0.0,0.0,0.0,0.0,0.0,0.0,0.0,0.0,0.0,0.0,0.0,0.0,0.0,0.0,0.0,0.0,0.0,8.0,2.0,1.0
1246,10.399382500000018,0,8.5024,1.8093,2.1569,1.7873,0.217,0.0034,0.0098,0.0002,0.0439,0.0603,0.0027,0.0007,0.0104,0.0002,0.0014,0.0019,0.0001,0.0001,0.0084,0.0017,0.0005,0.0,0.004,0.1035,0.0234,0.0,0.0134,0.0,155.0,0.0,92.0,63.0,85.0,0.0,0.0,0.0,0.0,0.0,0.0,0.0,0.0,0.0,0.0,0.0,0.0,0.0,0.0,0.0,0.0,0.0,0.0,8.0,2.0,1.0
1247,10.407884900000017,0,8.1867,1.8932,2.2041,1.7249,0.2184,0.0034,0.0086,0.0002,0.0337,0.0487,0.0028,0.0009,0.0113,0.0002,0.0016,0.0018,0.0,0.0001,0.0088,0.0013,0.0005,0.0,0.0037,0.098,0.0253,0.0,0.0113,0.0,155.0,0.0,92.0,63.0,85.0,0.0,0.0,0.0,0.0,0.0,0.0,0.0,0.0,0.0,0.0,0.0,0.0,0.0,0.0,0.0,0.0,0.0,0.0,8.0,2.0,1.0
1248,10.416071600000016,0,8.3845,1.8681,2.2019,1.7575,0.1913,0.0036,0.009,0.0001,0.0292,0.0443,0.0018,0.0013,0.0093,0.0002,0.0018,0.0016,0.0002,0.0001,0.0079,0.0015,0.0005,0.0,0.0036,0.0854,0.0193,0.0001,0.0136,0.0,155.0,0.0,92.0,63.0,85.0,0.0,0.0,0.0,0.0,0.0,0.0,0.0,0.0,0.0,0.0,0.0,0.0,0.0,0.0,0.0,0.0,0.0,0.0,8.0,2.0,1.0
1249,10.424456100000016,0,8.228,1.8719,2.0695,1.7293,0.1973,0.0024,0.008,0.0003,0.036,0.0493,0.0021,0.0007,0.0097,0.0001,0.0013,0.0015,0.0001,0.0002,0.0085,0.0013,0.0005,0.0001,0.0032,0.0889,0.0267,0.0,0.0121,0.0,155.0,0.0,92.0,63.0,85.0,0.0,0.0,0.0,0.0,0.0,0.0,0.0,0.0,0.0,0.0,0.0,0.0,0.0,0.0,0.0,0.0,0.0,0.0,8.0,2.0,1.0
1250,10.432684100000017,0,8.4226,1.9069,2.1907,1.8303,0.2302,0.0032,0.009,0.0003,0.0506,0.0663,0.0021,0.0007,0.0106,0.0001,0.0014,0.0016,0.0001,0.0002,0.0085,0.0013,0.0004,0.0,0.0038,0.113,0.0223,0.0,0.0126,0.0,155.0,0.0,92.0,63.0,85.0,0.0,0.0,0.0,0.0,0.0,0.0,0.0,0.0,0.0,0.0,0.0,0.0,0.0,0.0,0.0,0.0,0.0,0.0,8.0,2.0,1.0
1251,10.441106700000017,0,8.285,1.9588,2.1298,1.7646,0.2053,0.003,0.0084,0.0002,0.0363,0.0502,0.0023,0.0007,0.0099,0.0002,0.0014,0.002,0.0001,0.0001,0.0079,0.0025,0.0005,0.0,0.0039,0.0935,0.0257,0.0,0.0138,0.0,155.0,0.0,92.0,63.0,85.0,0.0,0.0,0.0,0.0,0.0,0.0,0.0,0.0,0.0,0.0,0.0,0.0,0.0,0.0,0.0,0.0,0.0,0.0,8.0,2.0,1.0
1252,10.449391700000017,0,8.2633,1.9728,2.0847,1.8427,0.2063,0.0025,0.0076,0.0004,0.0441,0.0568,0.0019,0.0009,0.0091,0.0001,0.0012,0.002,0.0001,0.0001,0.0078,0.0016,0.0005,0.0001,0.0031,0.0948,0.0226,0.0001,0.0122,0.0,155.0,0.0,92.0,63.0,85.0,0.0,0.0,0.0,0.0,0.0,0.0,0.0,0.0,0.0,0.0,0.0,0.0,0.0,0.0,0.0,0.0,0.0,0.0,8.0,2.0,1.0
1253,10.457655000000017,0,8.3782,1.834,2.0221,1.7873,0.2045,0.0025,0.01,0.0001,0.0369,0.0518,0.0022,0.0006,0.0108,0.0002,0.0013,0.0027,0.0,0.0001,0.0096,0.0013,0.0005,0.0001,0.0036,0.0967,0.0243,0.0001,0.014,0.0,155.0,0.0,92.0,63.0,85.0,0.0,0.0,0.0,0.0,0.0,0.0,0.0,0.0,0.0,0.0,0.0,0.0,0.0,0.0,0.0,0.0,0.0,0.0,8.0,2.0,1.0
1254,10.466033200000016,0,8.4201,1.9649,2.2099,1.8751,0.2529,0.003,0.0087,0.0001,0.0414,0.0558,0.0022,0.0009,0.0113,0.0001,0.002,0.0015,0.0001,0.0001,0.0087,0.0013,0.0009,0.0001,0.0037,0.1015,0.0238,0.0,0.0137,0.0,155.0,0.0,92.0,63.0,85.0,0.0,0.0,0.0,0.0,0.0,0.0,0.0,0.0,0.0,0.0,0.0,0.0,0.0,0.0,0.0,0.0,0.0,0.0,8.0,2.0,1.0
1255,10.474453300000016,0,8.144,1.9386,2.0516,1.7637,0.1971,0.0028,0.0079,0.0001,0.0482,0.0611,0.0026,0.0007,0.011,0.0001,0.0018,0.0015,0.0001,0.0001,0.0078,0.0015,0.0005,0.0,0.0031,0.1008,0.0189,0.0001,0.0122,0.0,155.0,0.0,92.0,63.0,85.0,0.0,0.0,0.0,0.0,0.0,0.0,0.0,0.0,0.0,0.0,0.0,0.0,0.0,0.0,0.0,0.0,0.0,0.0,8.0,2.0,1.0
1256,10.482597300000016,0,8.5353,1.9062,2.0685,1.7612,0.2045,0.0032,0.0098,0.0003,0.0366,0.0518,0.0022,0.0009,0.0105,0.0001,0.0015,0.0014,0.0001,0.0002,0.0083,0.0013,0.0012,0.0001,0.0037,0.0943,0.0222,0.0,0.0129,0.0,155.0,0.0,92.0,63.0,85.0,0.0,0.0,0.0,0.0,0.0,0.0,0.0,0.0,0.0,0.0,0.0,0.0,0.0,0.0,0.0,0.0,0.0,0.0,8.0,2.0,1.0
1257,10.491132600000016,0,8.3707,2.0246,2.2905,1.7749,0.2236,0.0039,0.0087,0.0002,0.0344,0.0503,0.002,0.0009,0.012,0.0001,0.0017,0.0018,0.0005,0.0001,0.0092,0.0014,0.0005,0.0,0.0037,0.1009,0.0236,0.0,0.0138,0.0,155.0,0.0,92.0,63.0,85.0,0.0,0.0,0.0,0.0,0.0,0.0,0.0,0.0,0.0,0.0,0.0,0.0,0.0,0.0,0.0,0.0,0.0,0.0,8.0,2.0,1.0
1258,10.499503300000017,0,8.3099,1.8759,2.2429,1.7868,0.1983,0.0028,0.0078,0.0002,0.0418,0.0548,0.002,0.0008,0.009,0.0001,0.0014,0.002,0.0001,0.0002,0.0081,0.0011,0.001,0.0001,0.0031,0.0943,0.0215,0.0001,0.0133,0.0,155.0,0.0,92.0,63.0,85.0,0.0,0.0,0.0,0.0,0.0,0.0,0.0,0.0,0.0,0.0,0.0,0.0,0.0,0.0,0.0,0.0,0.0,0.0,8.0,2.0,1.0
1259,10.507813200000017,0,8.2348,1.8828,2.1161,1.7332,0.2005,0.003,0.0079,0.0003,0.0362,0.0497,0.002,0.0006,0.0098,0.0001,0.0018,0.0016,0.0001,0.0002,0.0079,0.0013,0.0005,0.0001,0.0039,0.0919,0.0217,0.0,0.0102,0.0,155.0,0.0,92.0,63.0,85.0,0.0,0.0,0.0,0.0,0.0,0.0,0.0,0.0,0.0,0.0,0.0,0.0,0.0,0.0,0.0,0.0,0.0,0.0,8.0,2.0,1.0
1260,10.516048000000017,0,8.3665,1.9389,2.1565,1.7642,0.2594,0.0029,0.0077,0.0002,0.0623,0.0756,0.0029,0.0007,0.0136,0.0002,0.0023,0.0017,0.0002,0.0001,0.0088,0.0016,0.0005,0.0,0.0071,0.1323,0.0349,0.0,0.0125,0.0,155.0,0.0,92.0,63.0,85.0,0.0,0.0,0.0,0.0,0.0,0.0,0.0,0.0,0.0,0.0,0.0,0.0,0.0,0.0,0.0,0.0,0.0,0.0,8.0,2.0,1.0
1261,10.524414500000017,0,8.2643,1.8323,2.0521,1.742,0.2212,0.0024,0.0079,0.0002,0.0489,0.0622,0.0032,0.0012,0.0133,0.0002,0.0019,0.002,0.0001,0.0001,0.0097,0.0021,0.0004,0.0002,0.004,0.1127,0.0239,0.0,0.011,0.0,155.0,0.0,92.0,63.0,85.0,0.0,0.0,0.0,0.0,0.0,0.0,0.0,0.0,0.0,0.0,0.0,0.0,0.0,0.0,0.0,0.0,0.0,0.0,8.0,2.0,1.0
1262,10.532678800000017,0,8.403,1.9277,2.1464,1.8205,0.2173,0.0046,0.01,0.0001,0.0447,0.0617,0.0025,0.0007,0.01,0.0002,0.0015,0.0015,0.0001,0.0001,0.0078,0.0013,0.0005,0.0001,0.0037,0.1036,0.024,0.0,0.0145,0.0,155.0,0.0,92.0,63.0,85.0,0.0,0.0,0.0,0.0,0.0,0.0,0.0,0.0,0.0,0.0,0.0,0.0,0.0,0.0,0.0,0.0,0.0,0.0,8.0,2.0,1.0
1263,10.541081800000017,0,8.1568,1.9588,2.0461,1.8297,0.186,0.0028,0.0072,0.0001,0.0353,0.0476,0.002,0.0009,0.0106,0.0001,0.0017,0.0012,0.0001,0.0001,0.0078,0.0013,0.0004,0.0,0.0033,0.0859,0.0231,0.0,0.0127,0.0,155.0,0.0,92.0,63.0,85.0,0.0,0.0,0.0,0.0,0.0,0.0,0.0,0.0,0.0,0.0,0.0,0.0,0.0,0.0,0.0,0.0,0.0,0.0,8.0,2.0,1.0
1264,10.549238600000017,0,8.4023,2.0277,2.009,1.6761,0.2121,0.0035,0.0082,0.0002,0.0467,0.0607,0.0024,0.0006,0.0113,0.0001,0.0013,0.0014,0.0,0.0002,0.0079,0.0011,0.0004,0.0,0.0029,0.1003,0.0196,0.0,0.0108,0.0,155.0,0.0,92.0,63.0,85.0,0.0,0.0,0.0,0.0,0.0,0.0,0.0,0.0,0.0,0.0,0.0,0.0,0.0,0.0,0.0,0.0,0.0,0.0,8.0,2.0,1.0
1265,10.557640900000017,0,8.4612,1.9315,2.1023,1.7771,0.2226,0.003,0.0093,0.0001,0.0358,0.0504,0.0024,0.0006,0.0115,0.0002,0.0018,0.0022,0.0001,0.0005,0.0091,0.0013,0.0013,0.0001,0.0035,0.0986,0.0247,0.0,0.0126,0.0,155.0,0.0,92.0,63.0,85.0,0.0,0.0,0.0,0.0,0.0,0.0,0.0,0.0,0.0,0.0,0.0,0.0,0.0,0.0,0.0,0.0,0.0,0.0,8.0,2.0,1.0
1266,10.566102100000016,0,8.4957,1.9593,2.308,1.818,0.2508,0.0033,0.0092,0.0003,0.0428,0.0586,0.0029,0.0011,0.0112,0.0001,0.0016,0.0023,0.0002,0.0001,0.0089,0.0017,0.0006,0.0001,0.0038,0.1061,0.0269,0.0,0.0121,0.0,155.0,0.0,92.0,63.0,85.0,0.0,0.0,0.0,0.0,0.0,0.0,0.0,0.0,0.0,0.0,0.0,0.0,0.0,0.0,0.0,0.0,0.0,0.0,8.0,2.0,1.0
1267,10.574597800000015,0,8.5196,1.9437,2.4531,1.8792,0.216,0.0029,0.0087,0.0002,0.0366,0.0511,0.0019,0.0009,0.0102,0.0002,0.0016,0.002,0.0001,0.0001,0.0081,0.0013,0.0005,0.0001,0.0034,0.0943,0.0235,0.0,0.0145,0.0,155.0,0.0,92.0,63.0,85.0,0.0,0.0,0.0,0.0,0.0,0.0,0.0,0.0,0.0,0.0,0.0,0.0,0.0,0.0,0.0,0.0,0.0,0.0,8.0,2.0,1.0
1268,10.583117400000015,0,8.0782,2.0341,2.3932,1.8619,0.222,0.0031,0.0104,0.0003,0.0422,0.0589,0.0022,0.0009,0.0107,0.0002,0.0016,0.002,0.0001,0.0001,0.0086,0.0017,0.0005,0.0001,0.0036,0.1042,0.022,0.0,0.0131,0.0,155.0,0.0,92.0,63.0,85.0,0.0,0.0,0.0,0.0,0.0,0.0,0.0,0.0,0.0,0.0,0.0,0.0,0.0,0.0,0.0,0.0,0.0,0.0,8.0,2.0,1.0
1269,10.591195600000015,0,8.3837,2.0349,2.3221,1.8809,0.2618,0.0031,0.0095,0.0002,0.0482,0.0641,0.0032,0.0006,0.0135,0.0002,0.0024,0.0015,0.0001,0.0,0.0087,0.0015,0.0005,0.0001,0.0063,0.1197,0.0361,0.0001,0.0126,0.0,155.0,0.0,92.0,63.0,85.0,0.0,0.0,0.0,0.0,0.0,0.0,0.0,0.0,0.0,0.0,0.0,0.0,0.0,0.0,0.0,0.0,0.0,0.0,8.0,2.0,1.0
1270,10.599579300000014,0,8.3216,2.0244,2.2115,1.8967,0.2075,0.0032,0.0081,0.0002,0.0432,0.0573,0.0024,0.001,0.0111,0.0001,0.0018,0.0016,0.0001,0.0001,0.009,0.0013,0.0005,0.0002,0.0034,0.1008,0.0201,0.0,0.0132,0.0,155.0,0.0,92.0,63.0,85.0,0.0,0.0,0.0,0.0,0.0,0.0,0.0,0.0,0.0,0.0,0.0,0.0,0.0,0.0,0.0,0.0,0.0,0.0,8.0,2.0,1.0
1271,10.607900900000015,0,8.5237,1.9262,2.4932,1.8591,0.2362,0.0034,0.0094,0.0002,0.0446,0.0608,0.0025,0.0009,0.0114,0.0002,0.0018,0.0022,0.0001,0.0001,0.0096,0.0013,0.0005,0.0001,0.0041,0.1089,0.0271,0.0,0.016,0.0,155.0,0.0,92.0,63.0,85.0,0.0,0.0,0.0,0.0,0.0,0.0,0.0,0.0,0.0,0.0,0.0,0.0,0.0,0.0,0.0,0.0,0.0,0.0,8.0,2.0,1.0
1272,10.616424600000014,0,8.8539,2.1023,3.1104,1.8102,0.2342,0.003,0.0095,0.0002,0.0463,0.062,0.0023,0.0014,0.0125,0.0002,0.0017,0.0019,0.0003,0.0001,0.0096,0.0016,0.0005,0.0001,0.0042,0.1099,0.023,0.0001,0.0175,0.0,155.0,0.0,92.0,63.0,85.0,0.0,0.0,0.0,0.0,0.0,0.0,0.0,0.0,0.0,0.0,0.0,0.0,0.0,0.0,0.0,0.0,0.0,0.0,8.0,2.0,1.0
1273,10.625278500000015,0,7.759,1.884,2.3348,2.0432,0.2504,0.0026,0.0086,0.0002,0.0557,0.0701,0.0032,0.0012,0.0162,0.0003,0.0016,0.0022,0.0001,0.0002,0.011,0.0016,0.0006,0.0002,0.0052,0.1294,0.0277,0.0,0.0151,0.0,155.0,0.0,92.0,63.0,85.0,0.0,0.0,0.0,0.0,0.0,0.0,0.0,0.0,0.0,0.0,0.0,0.0,0.0,0.0,0.0,0.0,0.0,0.0,8.0,2.0,1.0
1274,10.633037500000015,0,8.243,1.9719,2.381,1.94,0.2345,0.0037,0.0104,0.0003,0.0451,0.0632,0.0022,0.0009,0.0113,0.0002,0.0016,0.0022,0.0001,0.0001,0.0082,0.0015,0.0004,0.0001,0.0039,0.1096,0.0242,0.0,0.0133,0.0,155.0,0.0,92.0,63.0,85.0,0.0,0.0,0.0,0.0,0.0,0.0,0.0,0.0,0.0,0.0,0.0,0.0,0.0,0.0,0.0,0.0,0.0,0.0,8.0,2.0,1.0
1275,10.641280500000015,0,8.3325,2.0884,2.3505,1.8214,0.1956,0.003,0.0085,0.0003,0.0329,0.047,0.0019,0.0009,0.0094,0.0001,0.0015,0.002,0.0,0.0001,0.0076,0.0012,0.0005,0.0001,0.0031,0.0869,0.0234,0.0001,0.0156,0.0,155.0,0.0,92.0,63.0,85.0,0.0,0.0,0.0,0.0,0.0,0.0,0.0,0.0,0.0,0.0,0.0,0.0,0.0,0.0,0.0,0.0,0.0,0.0,8.0,2.0,1.0
1276,10.649613000000015,0,8.326,2.0072,2.4088,2.0002,0.2262,0.0032,0.0087,0.0002,0.0518,0.067,0.002,0.0008,0.0111,0.0001,0.0016,0.0016,0.0001,0.0002,0.0089,0.0013,0.0011,0.0001,0.0033,0.117,0.0234,0.0,0.0118,0.0,155.0,0.0,92.0,63.0,83.0,0.0,0.0,0.0,0.0,0.0,0.0,0.0,0.0,0.0,0.0,0.0,0.0,0.0,0.0,0.0,0.0,0.0,0.0,8.0,2.0,1.0
1277,10.657939000000015,0,8.4626,1.9544,2.3703,1.8095,0.236,0.004,0.0089,0.0002,0.0344,0.0499,0.002,0.0009,0.0115,0.0001,0.0016,0.0017,0.0001,0.0001,0.0087,0.0011,0.001,0.0001,0.0033,0.0949,0.0223,0.0,0.0135,0.0,155.0,0.0,92.0,63.0,83.0,0.0,0.0,0.0,0.0,0.0,0.0,0.0,0.0,0.0,0.0,0.0,0.0,0.0,0.0,0.0,0.0,0.0,0.0,8.0,2.0,1.0
1278,10.666401600000015,0,8.3356,1.9573,2.4181,1.8754,0.2135,0.0028,0.0086,0.0003,0.0427,0.0569,0.0022,0.0008,0.0104,0.0002,0.0017,0.0017,0.0001,0.0002,0.0087,0.0012,0.0009,0.0001,0.0032,0.0994,0.025,0.0,0.0124,0.0,155.0,0.0,92.0,63.0,83.0,0.0,0.0,0.0,0.0,0.0,0.0,0.0,0.0,0.0,0.0,0.0,0.0,0.0,0.0,0.0,0.0,0.0,0.0,8.0,2.0,1.0
1279,10.674737200000015,0,8.2655,1.9614,2.4672,1.8401,0.2043,0.0029,0.0082,0.0003,0.0338,0.0477,0.0019,0.0007,0.0097,0.0002,0.0013,0.0022,0.0002,0.0001,0.0087,0.0015,0.0005,0.0001,0.0033,0.0905,0.0225,0.0,0.0127,0.0,155.0,0.0,92.0,63.0,83.0,0.0,0.0,0.0,0.0,0.0,0.0,0.0,0.0,0.0,0.0,0.0,0.0,0.0,0.0,0.0,0.0,0.0,0.0,8.0,2.0,1.0
1280,10.683002700000015,0,8.1846,2.0071,2.3365,1.809,0.221,0.0035,0.0098,0.0002,0.0405,0.0572,0.0029,0.0008,0.0118,0.0001,0.0016,0.0018,0.0001,0.0002,0.009,0.0013,0.001,0.0001,0.0038,0.1034,0.0221,0.0,0.0122,0.0,155.0,0.0,92.0,63.0,83.0,0.0,0.0,0.0,0.0,0.0,0.0,0.0,0.0,0.0,0.0,0.0,0.0,0.0,0.0,0.0,0.0,0.0,0.0,8.0,2.0,1.0
1281,10.691187300000015,0,8.6343,1.8529,2.3854,1.8227,0.2614,0.0041,0.0104,0.0003,0.0384,0.0569,0.0028,0.0013,0.0133,0.0001,0.0024,0.002,0.0002,0.0005,0.0095,0.0014,0.0007,0.0002,0.0042,0.1137,0.0294,0.0001,0.0131,0.0,155.0,0.0,92.0,63.0,83.0,0.0,0.0,0.0,0.0,0.0,0.0,0.0,0.0,0.0,0.0,0.0,0.0,0.0,0.0,0.0,0.0,0.0,0.0,8.0,2.0,1.0
1282,10.699821600000016,0,8.0877,2.0006,2.4096,2.0149,0.2179,0.0036,0.0104,0.0002,0.0408,0.0575,0.0021,0.0009,0.0104,0.0002,0.0017,0.002,0.0001,0.0001,0.0084,0.0016,0.0005,0.0001,0.0032,0.0996,0.0248,0.0,0.0119,0.0,155.0,0.0,92.0,63.0,83.0,0.0,0.0,0.0,0.0,0.0,0.0,0.0,0.0,0.0,0.0,0.0,0.0,0.0,0.0,0.0,0.0,0.0,0.0,8.0,2.0,1.0
1283,10.707909300000017,0,8.4823,1.9209,2.3426,1.8778,0.2102,0.0038,0.0085,0.0003,0.0333,0.0486,0.0022,0.0008,0.0103,0.0002,0.0017,0.0025,0.0001,0.0002,0.0091,0.0012,0.0005,0.0001,0.0033,0.0934,0.0201,0.0,0.0139,0.0,155.0,0.0,92.0,63.0,83.0,0.0,0.0,0.0,0.0,0.0,0.0,0.0,0.0,0.0,0.0,0.0,0.0,0.0,0.0,0.0,0.0,0.0,0.0,8.0,2.0,1.0
1284,10.716391600000017,0,8.2874,1.9894,2.572,1.9484,0.2227,0.0036,0.0084,0.0003,0.0444,0.0597,0.0021,0.0009,0.0106,0.0001,0.0015,0.0017,0.0006,0.0001,0.0085,0.0014,0.0005,0.0,0.0033,0.1035,0.0229,0.0001,0.0129,0.0,155.0,0.0,92.0,63.0,83.0,0.0,0.0,0.0,0.0,0.0,0.0,0.0,0.0,0.0,0.0,0.0,0.0,0.0,0.0,0.0,0.0,0.0,0.0,8.0,2.0,1.0
1285,10.724679000000018,0,8.4246,2.0766,2.3479,1.9912,0.2256,0.0034,0.0093,0.0003,0.032,0.0487,0.0023,0.0014,0.0117,0.0002,0.0019,0.0017,0.0002,0.0001,0.0093,0.0021,0.0005,0.0001,0.0043,0.0982,0.0233,0.0,0.0132,0.0,155.0,0.0,92.0,63.0,83.0,0.0,0.0,0.0,0.0,0.0,0.0,0.0,0.0,0.0,0.0,0.0,0.0,0.0,0.0,0.0,0.0,0.0,0.0,8.0,2.0,1.0
1286,10.733103600000018,0,8.3525,2.074,2.5369,2.089,0.2134,0.0033,0.0091,0.0003,0.0404,0.0563,0.0027,0.0009,0.011,0.0001,0.0016,0.0021,0.0002,0.0001,0.009,0.0013,0.0004,0.0001,0.0035,0.1003,0.0221,0.0001,0.0132,0.0,155.0,0.0,92.0,63.0,83.0,0.0,0.0,0.0,0.0,0.0,0.0,0.0,0.0,0.0,0.0,0.0,0.0,0.0,0.0,0.0,0.0,0.0,0.0,8.0,2.0,1.0
1287,10.741456100000018,0,8.2601,2.1326,2.4314,1.9014,0.2249,0.0036,0.0091,0.0002,0.0347,0.05,0.0021,0.0009,0.0113,0.0006,0.0014,0.0023,0.0001,0.0001,0.0081,0.0017,0.0005,0.0001,0.004,0.0986,0.0244,0.0,0.0139,0.0,155.0,0.0,92.0,63.0,83.0,0.0,0.0,0.0,0.0,0.0,0.0,0.0,0.0,0.0,0.0,0.0,0.0,0.0,0.0,0.0,0.0,0.0,0.0,8.0,2.0,1.0
1288,10.749716200000018,0,8.3611,1.9883,2.5278,1.8546,0.2757,0.0029,0.0065,0.0003,0.0634,0.0764,0.0032,0.0015,0.0168,0.0003,0.0027,0.0025,0.0002,0.0002,0.0102,0.0019,0.0005,0.0002,0.005,0.1397,0.0386,0.0,0.0144,0.0,155.0,0.0,92.0,63.0,83.0,0.0,0.0,0.0,0.0,0.0,0.0,0.0,0.0,0.0,0.0,0.0,0.0,0.0,0.0,0.0,0.0,0.0,0.0,8.0,2.0,1.0
1289,10.758077300000018,0,8.1983,2.0264,2.347,2.0612,0.2749,0.0038,0.0119,0.0003,0.079,0.0979,0.0026,0.001,0.0119,0.0001,0.0022,0.002,0.0002,0.0001,0.0087,0.0018,0.0005,0.0001,0.0033,0.1442,0.0268,0.0,0.0117,0.0,155.0,0.0,92.0,63.0,83.0,0.0,0.0,0.0,0.0,0.0,0.0,0.0,0.0,0.0,0.0,0.0,0.0,0.0,0.0,0.0,0.0,0.0,0.0,8.0,2.0,1.0
1290,10.766275600000018,0,8.5961,1.863,2.5254,1.9266,0.223,0.0037,0.0081,0.0002,0.0452,0.0602,0.0021,0.0009,0.0105,0.0006,0.0015,0.0016,0.0001,0.0001,0.0093,0.0012,0.0005,0.0001,0.0033,0.1047,0.0257,0.0,0.0133,0.0,155.0,0.0,92.0,63.0,83.0,0.0,0.0,0.0,0.0,0.0,0.0,0.0,0.0,0.0,0.0,0.0,0.0,0.0,0.0,0.0,0.0,0.0,0.0,8.0,2.0,1.0
1291,10.774871700000018,0,8.1266,2.0179,2.5154,1.9301,0.2034,0.004,0.0115,0.0003,0.0319,0.0504,0.0021,0.0008,0.008,0.0001,0.0013,0.0019,0.0,0.0002,0.0081,0.0018,0.0009,0.0001,0.0032,0.089,0.0223,0.0,0.0138,0.0,155.0,0.0,92.0,63.0,83.0,0.0,0.0,0.0,0.0,0.0,0.0,0.0,0.0,0.0,0.0,0.0,0.0,0.0,0.0,0.0,0.0,0.0,0.0,8.0,2.0,1.0
1292,10.782998300000019,0,8.3987,2.0865,2.4889,2.0273,0.222,0.0028,0.0084,0.0002,0.0424,0.0559,0.002,0.0007,0.0103,0.0001,0.0014,0.0016,0.0001,0.0001,0.0102,0.0012,0.0009,0.0001,0.0033,0.0999,0.0363,0.0,0.014,0.0,155.0,0.0,92.0,63.0,83.0,0.0,0.0,0.0,0.0,0.0,0.0,0.0,0.0,0.0,0.0,0.0,0.0,0.0,0.0,0.0,0.0,0.0,0.0,8.0,2.0,1.0
1293,10.79139700000002,0,8.3326,2.0947,2.4144,1.8766,0.2049,0.003,0.0088,0.0002,0.0357,0.0506,0.0019,0.0008,0.0102,0.0002,0.0019,0.0015,0.0,0.0001,0.0078,0.0015,0.0005,0.0,0.003,0.0909,0.0239,0.0,0.0141,0.0,155.0,0.0,92.0,63.0,83.0,0.0,0.0,0.0,0.0,0.0,0.0,0.0,0.0,0.0,0.0,0.0,0.0,0.0,0.0,0.0,0.0,0.0,0.0,8.0,2.0,1.0
1294,10.799729600000019,0,8.4494,2.1059,2.5356,2.0058,0.237,0.0037,0.0094,0.0004,0.0446,0.0605,0.0028,0.0009,0.0129,0.0002,0.0017,0.0023,0.0001,0.0001,0.0098,0.0018,0.0007,0.0002,0.0038,0.1145,0.0234,0.0001,0.0141,0.0,155.0,0.0,92.0,63.0,83.0,0.0,0.0,0.0,0.0,0.0,0.0,0.0,0.0,0.0,0.0,0.0,0.0,0.0,0.0,0.0,0.0,0.0,0.0,8.0,2.0,1.0
1295,10.808179000000019,0,8.0262,2.0473,2.3658,1.9358,0.1885,0.0035,0.009,0.0003,0.0286,0.0439,0.0019,0.0008,0.0092,0.0001,0.0018,0.0015,0.0,0.0001,0.0076,0.0011,0.0005,0.0001,0.0029,0.0824,0.0216,0.0,0.0128,0.0,155.0,0.0,92.0,63.0,83.0,0.0,0.0,0.0,0.0,0.0,0.0,0.0,0.0,0.0,0.0,0.0,0.0,0.0,0.0,0.0,0.0,0.0,0.0,8.0,2.0,1.0
1296,10.816205200000018,0,8.4689,2.0995,2.4057,1.8202,0.2558,0.0027,0.0082,0.0003,0.0498,0.0636,0.0034,0.0009,0.0145,0.0001,0.002,0.0013,0.0001,0.0001,0.01,0.0016,0.0003,0.0001,0.0053,0.1257,0.0392,0.0,0.013,0.0,155.0,0.0,92.0,63.0,81.0,0.0,0.0,0.0,0.0,0.0,0.0,0.0,0.0,0.0,0.0,0.0,0.0,0.0,0.0,0.0,0.0,0.0,0.0,8.0,2.0,1.0
1297,10.824674100000019,0,8.2493,2.1654,2.282,1.9947,0.2486,0.0031,0.0077,0.0003,0.0509,0.0646,0.003,0.0013,0.014,0.0002,0.0021,0.0021,0.0006,0.0001,0.0102,0.0016,0.0007,0.0006,0.004,0.1199,0.0354,0.0,0.0125,0.0,155.0,0.0,92.0,63.0,81.0,0.0,0.0,0.0,0.0,0.0,0.0,0.0,0.0,0.0,0.0,0.0,0.0,0.0,0.0,0.0,0.0,0.0,0.0,8.0,2.0,1.0
1298,10.832923400000018,0,8.8725,2.0474,2.7588,2.3265,0.2403,0.0039,0.0097,0.0003,0.0515,0.0681,0.0025,0.0012,0.0135,0.0003,0.0024,0.0026,0.0002,0.0001,0.0094,0.0013,0.0005,0.0001,0.0033,0.119,0.0225,0.0,0.0131,0.0,155.0,0.0,92.0,63.0,81.0,0.0,0.0,0.0,0.0,0.0,0.0,0.0,0.0,0.0,0.0,0.0,0.0,0.0,0.0,0.0,0.0,0.0,0.0,8.0,2.0,1.0
1299,10.841795900000019,0,8.1128,2.3673,2.7182,2.1733,0.213,0.003,0.0084,0.0003,0.031,0.0451,0.0021,0.0015,0.0115,0.0001,0.0015,0.0023,0.0001,0.0001,0.0082,0.0012,0.0005,0.0001,0.0033,0.0886,0.0227,0.0001,0.0149,0.0,155.0,0.0,92.0,63.0,83.0,0.0,0.0,0.0,0.0,0.0,0.0,0.0,0.0,0.0,0.0,0.0,0.0,0.0,0.0,0.0,0.0,0.0,0.0,8.0,2.0,1.0
1300,10.849908700000018,0,8.1343,2.202,2.5294,1.9927,0.2721,0.0029,0.0092,0.0013,0.0571,0.0734,0.0029,0.0007,0.0143,0.0002,0.002,0.0019,0.0001,0.0001,0.0101,0.0016,0.0005,0.0001,0.0054,0.1316,0.0366,0.0,0.0123,0.0,155.0,0.0,92.0,63.0,83.0,0.0,0.0,0.0,0.0,0.0,0.0,0.0,0.0,0.0,0.0,0.0,0.0,0.0,0.0,0.0,0.0,0.0,0.0,8.0,2.0,1.0
1301,10.858043000000018,0,8.4609,2.0825,2.4261,1.8503,0.213,0.0029,0.008,0.0002,0.0333,0.0469,0.0025,0.0011,0.0117,0.0001,0.0022,0.0016,0.0006,0.0001,0.008,0.0013,0.0008,0.0001,0.0033,0.0909,0.021,0.0,0.0141,0.0,155.0,0.0,92.0,63.0,83.0,0.0,0.0,0.0,0.0,0.0,0.0,0.0,0.0,0.0,0.0,0.0,0.0,0.0,0.0,0.0,0.0,0.0,0.0,8.0,2.0,1.0
1302,10.866503900000017,0,8.3308,2.2805,2.6449,2.0992,0.2301,0.003,0.0095,0.0002,0.0477,0.0632,0.0031,0.001,0.013,0.0002,0.0025,0.0023,0.0002,0.0001,0.0085,0.0013,0.0011,0.0,0.0031,0.1116,0.0234,0.0,0.0133,0.0,155.0,0.0,92.0,63.0,83.0,0.0,0.0,0.0,0.0,0.0,0.0,0.0,0.0,0.0,0.0,0.0,0.0,0.0,0.0,0.0,0.0,0.0,0.0,8.0,2.0,1.0
1303,10.874834700000017,0,8.1961,2.0415,2.4767,1.9616,0.2029,0.0036,0.009,0.0003,0.0345,0.0497,0.0023,0.001,0.0108,0.0001,0.0015,0.0022,0.0001,0.0001,0.008,0.0018,0.0005,0.0,0.0033,0.0918,0.0226,0.0,0.0142,0.0,155.0,0.0,92.0,63.0,83.0,0.0,0.0,0.0,0.0,0.0,0.0,0.0,0.0,0.0,0.0,0.0,0.0,0.0,0.0,0.0,0.0,0.0,0.0,8.0,2.0,1.0
1304,10.883030800000016,0,8.4759,2.1306,2.5301,1.8584,0.2522,0.0033,0.0098,0.0003,0.0511,0.0681,0.0023,0.001,0.012,0.0002,0.002,0.0023,0.0001,0.0001,0.0104,0.0023,0.0008,0.0,0.0042,0.1192,0.0309,0.0,0.014,0.0,155.0,0.0,92.0,63.0,83.0,0.0,0.0,0.0,0.0,0.0,0.0,0.0,0.0,0.0,0.0,0.0,0.0,0.0,0.0,0.0,0.0,0.0,0.0,8.0,2.0,1.0
1305,10.891506700000017,0,8.3738,2.0919,2.5609,2.0642,0.2265,0.0033,0.0099,0.0002,0.036,0.0525,0.0027,0.0011,0.012,0.0001,0.0021,0.0016,0.0005,0.0001,0.0085,0.0012,0.0006,0.0001,0.0038,0.099,0.031,0.0001,0.0129,0.0,155.0,0.0,92.0,63.0,83.0,0.0,0.0,0.0,0.0,0.0,0.0,0.0,0.0,0.0,0.0,0.0,0.0,0.0,0.0,0.0,0.0,0.0,0.0,8.0,2.0,1.0
1306,10.899880500000016,0,8.1689,2.2114,2.6241,2.0407,0.2341,0.0035,0.0106,0.0003,0.0526,0.0707,0.0024,0.0008,0.0106,0.0002,0.0017,0.0019,0.0001,0.0001,0.0081,0.0013,0.0008,0.0001,0.0031,0.1135,0.0245,0.0,0.0138,0.0,155.0,0.0,92.0,63.0,83.0,0.0,0.0,0.0,0.0,0.0,0.0,0.0,0.0,0.0,0.0,0.0,0.0,0.0,0.0,0.0,0.0,0.0,0.0,8.0,2.0,1.0
1307,10.908049400000015,0,8.2485,2.185,2.2536,2.025,0.2134,0.003,0.0087,0.0003,0.036,0.05,0.0025,0.0011,0.0109,0.0001,0.0017,0.0022,0.0001,0.0001,0.0084,0.0017,0.0004,0.0,0.0031,0.0931,0.0267,0.0001,0.0136,0.0,155.0,0.0,92.0,63.0,83.0,0.0,0.0,0.0,0.0,0.0,0.0,0.0,0.0,0.0,0.0,0.0,0.0,0.0,0.0,0.0,0.0,0.0,0.0,8.0,2.0,1.0
1308,10.916297900000016,0,8.3188,1.9806,2.4792,1.8537,0.1991,0.0028,0.0083,0.0001,0.0395,0.0536,0.0019,0.0007,0.0103,0.0001,0.0013,0.0018,0.0,0.0001,0.0085,0.0015,0.0004,0.0001,0.0031,0.0937,0.0217,0.0,0.0145,0.0,155.0,0.0,92.0,63.0,83.0,0.0,0.0,0.0,0.0,0.0,0.0,0.0,0.0,0.0,0.0,0.0,0.0,0.0,0.0,0.0,0.0,0.0,0.0,8.0,2.0,1.0
1309,10.924616700000016,0,8.4792,1.9774,2.3434,1.9215,0.2191,0.0031,0.0084,0.0002,0.04,0.0541,0.0023,0.0011,0.0104,0.0001,0.0014,0.0022,0.0001,0.0001,0.0085,0.0017,0.0005,0.0001,0.0032,0.0975,0.0223,0.0,0.0128,0.0,155.0,0.0,92.0,63.0,83.0,0.0,0.0,0.0,0.0,0.0,0.0,0.0,0.0,0.0,0.0,0.0,0.0,0.0,0.0,0.0,0.0,0.0,0.0,8.0,2.0,1.0
1310,10.933095900000016,0,8.1775,1.9984,2.3999,1.9566,0.2117,0.0029,0.0084,0.0002,0.0421,0.0561,0.002,0.0007,0.0109,0.0001,0.0014,0.0014,0.0001,0.0001,0.0091,0.0011,0.0005,0.0002,0.0034,0.0982,0.0241,0.0,0.0118,0.0,155.0,0.0,92.0,63.0,83.0,0.0,0.0,0.0,0.0,0.0,0.0,0.0,0.0,0.0,0.0,0.0,0.0,0.0,0.0,0.0,0.0,0.0,0.0,8.0,2.0,1.0
1311,10.941273400000016,0,8.298,2.0546,2.338,1.9024,0.2001,0.003,0.0089,0.0003,0.0357,0.0511,0.0019,0.0008,0.01,0.0002,0.0015,0.0022,0.0001,0.0001,0.008,0.0013,0.001,0.0001,0.003,0.0917,0.0202,0.0,0.0109,0.0,155.0,0.0,92.0,63.0,83.0,0.0,0.0,0.0,0.0,0.0,0.0,0.0,0.0,0.0,0.0,0.0,0.0,0.0,0.0,0.0,0.0,0.0,0.0,8.0,2.0,1.0
1312,10.949571400000016,0,8.8952,2.023,2.7611,1.8801,0.3415,0.0034,0.0123,0.0004,0.0615,0.0814,0.0037,0.001,0.0167,0.0005,0.0028,0.0021,0.0002,0.0002,0.0129,0.0024,0.0006,0.0001,0.0051,0.148,0.0405,0.0001,0.0132,0.0,155.0,0.0,92.0,63.0,83.0,0.0,0.0,0.0,0.0,0.0,0.0,0.0,0.0,0.0,0.0,0.0,0.0,0.0,0.0,0.0,0.0,0.0,0.0,8.0,2.0,1.0
1313,10.958466600000015,0,7.9622,2.1539,2.5994,2.0567,0.2682,0.0041,0.0126,0.0005,0.0371,0.0574,0.0025,0.0011,0.0126,0.0002,0.0019,0.0021,0.0001,0.0001,0.0092,0.0014,0.0005,0.0002,0.0037,0.1081,0.0408,0.0,0.0136,0.0,155.0,0.0,92.0,63.0,83.0,0.0,0.0,0.0,0.0,0.0,0.0,0.0,0.0,0.0,0.0,0.0,0.0,0.0,0.0,0.0,0.0,0.0,0.0,8.0,2.0,1.0
1314,10.966428800000015,0,8.3709,2.1302,2.5728,1.9829,0.2229,0.0034,0.011,0.0003,0.0439,0.0613,0.002,0.0014,0.0108,0.0001,0.0021,0.0016,0.0001,0.0004,0.0086,0.0013,0.0011,0.0001,0.0033,0.1045,0.0233,0.0,0.0122,0.0,155.0,0.0,92.0,63.0,83.0,0.0,0.0,0.0,0.0,0.0,0.0,0.0,0.0,0.0,0.0,0.0,0.0,0.0,0.0,0.0,0.0,0.0,0.0,8.0,2.0,1.0
1315,10.974799700000014,0,8.2759,2.0105,2.3164,1.883,0.219,0.0031,0.0087,0.0003,0.0459,0.061,0.0023,0.0006,0.0117,0.0007,0.0014,0.0016,0.0004,0.0001,0.0082,0.0011,0.0009,0.0002,0.0034,0.1087,0.0233,0.0,0.0138,0.0,155.0,0.0,92.0,63.0,83.0,0.0,0.0,0.0,0.0,0.0,0.0,0.0,0.0,0.0,0.0,0.0,0.0,0.0,0.0,0.0,0.0,0.0,0.0,8.0,2.0,1.0
1316,10.983075600000014,0,8.4589,2.0708,2.6087,1.8345,0.2721,0.0034,0.0089,0.0001,0.0595,0.0751,0.0034,0.0012,0.015,0.0002,0.0018,0.0017,0.0001,0.0002,0.0095,0.0014,0.0006,0.0001,0.0058,0.1326,0.0384,0.0,0.0121,0.0,155.0,0.0,92.0,63.0,83.0,0.0,0.0,0.0,0.0,0.0,0.0,0.0,0.0,0.0,0.0,0.0,0.0,0.0,0.0,0.0,0.0,0.0,0.0,8.0,2.0,1.0
1317,10.991534500000014,0,8.2392,2.0361,2.6478,1.9058,0.2379,0.0038,0.0106,0.0003,0.0472,0.0647,0.0026,0.0014,0.0121,0.0002,0.0021,0.0017,0.0001,0.0001,0.0087,0.002,0.0006,0.0001,0.0035,0.1112,0.0239,0.0001,0.0128,0.0,155.0,0.0,92.0,63.0,83.0,0.0,0.0,0.0,0.0,0.0,0.0,0.0,0.0,0.0,0.0,0.0,0.0,0.0,0.0,0.0,0.0,0.0,0.0,8.0,2.0,1.0
1318,10.999773700000015,0,8.3329,2.2879,2.5219,2.3131,0.2343,0.0031,0.0104,0.0002,0.0464,0.0628,0.0029,0.0008,0.012,0.0002,0.002,0.0021,0.0006,0.0001,0.0086,0.0019,0.0005,0.0001,0.0034,0.1098,0.0247,0.0,0.0127,0.0,155.0,0.0,92.0,63.0,83.0,0.0,0.0,0.0,0.0,0.0,0.0,0.0,0.0,0.0,0.0,0.0,0.0,0.0,0.0,0.0,0.0,0.0,0.0,8.0,2.0,1.0
1319,11.008106600000014,0,8.3974,2.1816,2.392,2.0752,0.2068,0.0035,0.0099,0.0002,0.0366,0.0525,0.0019,0.0008,0.0094,0.0002,0.0016,0.0015,0.0002,0.0002,0.0083,0.0012,0.0004,0.0001,0.0033,0.0933,0.0226,0.0,0.0125,0.0,155.0,0.0,92.0,63.0,85.0,0.0,0.0,0.0,0.0,0.0,0.0,0.0,0.0,0.0,0.0,0.0,0.0,0.0,0.0,0.0,0.0,0.0,0.0,8.0,2.0,1.0
1320,11.016504000000014,0,8.3261,2.231,2.6992,2.1768,0.2442,0.0032,0.0096,0.0003,0.0521,0.0689,0.0026,0.001,0.0132,0.0006,0.0014,0.0021,0.0002,0.0001,0.0082,0.0014,0.0006,0.0002,0.0044,0.1186,0.0288,0.0001,0.0154,0.0,155.0,0.0,92.0,63.0,85.0,0.0,0.0,0.0,0.0,0.0,0.0,0.0,0.0,0.0,0.0,0.0,0.0,0.0,0.0,0.0,0.0,0.0,0.0,8.0,2.0,1.0
1321,11.024830100000013,0,8.3785,2.0258,2.4291,1.9136,0.2159,0.0029,0.009,0.0003,0.0307,0.0458,0.0028,0.001,0.0131,0.0002,0.0016,0.002,0.0001,0.0002,0.0081,0.0017,0.0005,0.0001,0.0032,0.0916,0.0233,0.0001,0.0141,0.0,155.0,0.0,92.0,63.0,85.0,0.0,0.0,0.0,0.0,0.0,0.0,0.0,0.0,0.0,0.0,0.0,0.0,0.0,0.0,0.0,0.0,0.0,0.0,8.0,2.0,1.0
1322,11.033208600000012,0,8.4023,2.4017,2.6948,2.4155,0.244,0.0036,0.0094,0.0002,0.0639,0.0798,0.0022,0.0008,0.0101,0.0002,0.0016,0.0022,0.0001,0.0001,0.008,0.0014,0.0006,0.0001,0.0034,0.1218,0.0238,0.0,0.013,0.0,155.0,0.0,92.0,63.0,85.0,0.0,0.0,0.0,0.0,0.0,0.0,0.0,0.0,0.0,0.0,0.0,0.0,0.0,0.0,0.0,0.0,0.0,0.0,8.0,2.0,1.0
1323,11.041610900000013,0,8.0585,2.1861,2.4851,2.0873,0.2103,0.003,0.0097,0.0001,0.0316,0.0475,0.0022,0.001,0.0107,0.0001,0.002,0.0016,0.0001,0.0002,0.0093,0.0012,0.0005,0.0001,0.0034,0.0911,0.0225,0.0,0.0124,0.0,155.0,0.0,92.0,63.0,85.0,0.0,0.0,0.0,0.0,0.0,0.0,0.0,0.0,0.0,0.0,0.0,0.0,0.0,0.0,0.0,0.0,0.0,0.0,8.0,2.0,1.0
1324,11.049669400000013,0,8.5861,2.1905,2.5777,2.0285,0.2761,0.0032,0.0091,0.0003,0.0545,0.0698,0.0032,0.0011,0.0166,0.0003,0.0024,0.0019,0.0001,0.0001,0.0099,0.0019,0.0006,0.0002,0.007,0.134,0.0384,0.0,0.0135,0.0,155.0,0.0,92.0,63.0,85.0,0.0,0.0,0.0,0.0,0.0,0.0,0.0,0.0,0.0,0.0,0.0,0.0,0.0,0.0,0.0,0.0,0.0,0.0,8.0,2.0,1.0
1325,11.058255500000014,0,8.3123,2.1087,2.6193,1.9994,0.232,0.0035,0.0102,0.0002,0.0386,0.0551,0.0027,0.0009,0.0117,0.0002,0.0023,0.0017,0.0005,0.0001,0.0095,0.0015,0.0006,0.0002,0.0034,0.103,0.0222,0.0,0.0136,0.0,155.0,0.0,92.0,63.0,85.0,0.0,0.0,0.0,0.0,0.0,0.0,0.0,0.0,0.0,0.0,0.0,0.0,0.0,0.0,0.0,0.0,0.0,0.0,8.0,2.0,1.0
1326,11.066567800000014,0,8.2301,2.1403,2.5682,2.0335,0.2584,0.0036,0.0093,0.0002,0.0541,0.0702,0.0027,0.0008,0.0127,0.0001,0.0014,0.0016,0.0001,0.0,0.0084,0.0013,0.0003,0.0,0.0063,0.1218,0.0382,0.0,0.0124,0.0,155.0,0.0,92.0,63.0,85.0,0.0,0.0,0.0,0.0,0.0,0.0,0.0,0.0,0.0,0.0,0.0,0.0,0.0,0.0,0.0,0.0,0.0,0.0,8.0,2.0,1.0
1327,11.074797900000014,0,8.4756,2.0711,2.6279,1.9909,0.2489,0.0038,0.0108,0.0004,0.0532,0.0711,0.003,0.0012,0.0123,0.0002,0.002,0.0017,0.0001,0.0002,0.0089,0.0014,0.0009,0.0001,0.0035,0.1178,0.025,0.0,0.0138,0.0,155.0,0.0,92.0,63.0,85.0,0.0,0.0,0.0,0.0,0.0,0.0,0.0,0.0,0.0,0.0,0.0,0.0,0.0,0.0,0.0,0.0,0.0,0.0,8.0,2.0,1.0
1328,11.083273500000015,0,8.632,2.3642,2.8039,2.0683,0.2651,0.0036,0.0079,0.0004,0.0608,0.0759,0.0026,0.0008,0.0122,0.0001,0.0015,0.0014,0.0001,0.0001,0.0084,0.0013,0.0002,0.0001,0.0046,0.1245,0.0372,0.0,0.0127,0.0,155.0,0.0,92.0,63.0,85.0,0.0,0.0,0.0,0.0,0.0,0.0,0.0,0.0,0.0,0.0,0.0,0.0,0.0,0.0,0.0,0.0,0.0,0.0,8.0,2.0,1.0
1329,11.091905500000015,0,8.1105,2.1222,2.844,2.0168,0.2522,0.0039,0.0108,0.0002,0.0413,0.0593,0.0031,0.0011,0.0128,0.0004,0.002,0.0022,0.0001,0.0001,0.0098,0.0013,0.0005,0.0001,0.004,0.11,0.0294,0.0,0.0148,0.0,155.0,0.0,92.0,63.0,85.0,0.0,0.0,0.0,0.0,0.0,0.0,0.0,0.0,0.0,0.0,0.0,0.0,0.0,0.0,0.0,0.0,0.0,0.0,8.0,2.0,1.0
1330,11.100016000000016,0,8.4172,2.1843,2.7469,1.9737,0.2264,0.0033,0.009,0.0003,0.0384,0.0542,0.0021,0.0016,0.0119,0.0002,0.0017,0.0028,0.0,0.0001,0.0098,0.0012,0.001,0.0,0.0033,0.1023,0.0233,0.0001,0.0136,0.0,155.0,0.0,92.0,63.0,85.0,0.0,0.0,0.0,0.0,0.0,0.0,0.0,0.0,0.0,0.0,0.0,0.0,0.0,0.0,0.0,0.0,0.0,0.0,8.0,2.0,1.0
1331,11.108433200000016,0,8.0891,2.3127,2.8877,2.095,0.2287,0.0033,0.0102,0.0002,0.0412,0.0579,0.0024,0.0012,0.0115,0.0003,0.002,0.0017,0.0001,0.0001,0.0084,0.0013,0.0005,0.0001,0.0034,0.1021,0.0252,0.0,0.0143,0.0,155.0,0.0,92.0,63.0,85.0,0.0,0.0,0.0,0.0,0.0,0.0,0.0,0.0,0.0,0.0,0.0,0.0,0.0,0.0,0.0,0.0,0.0,0.0,8.0,2.0,1.0
1332,11.116522300000016,0,8.5156,2.1901,2.5941,2.2068,0.242,0.0035,0.0096,0.0003,0.0562,0.0726,0.0027,0.0008,0.0108,0.0002,0.0021,0.0017,0.0002,0.0001,0.0094,0.0012,0.0005,0.0003,0.0033,0.1168,0.0264,0.0001,0.0147,0.0,155.0,0.0,92.0,63.0,85.0,0.0,0.0,0.0,0.0,0.0,0.0,0.0,0.0,0.0,0.0,0.0,0.0,0.0,0.0,0.0,0.0,0.0,0.0,8.0,2.0,1.0
1333,11.125037900000017,0,8.3006,2.1412,2.6919,1.953,0.2664,0.004,0.011,0.0002,0.0537,0.0726,0.0026,0.0011,0.0123,0.0001,0.0017,0.0021,0.0001,0.0001,0.0099,0.0015,0.001,0.0001,0.0039,0.1243,0.027,0.0,0.013,0.0,155.0,0.0,92.0,63.0,85.0,0.0,0.0,0.0,0.0,0.0,0.0,0.0,0.0,0.0,0.0,0.0,0.0,0.0,0.0,0.0,0.0,0.0,0.0,8.0,2.0,1.0
1334,11.133338500000017,0,8.5017,2.2309,2.8618,2.021,0.2504,0.0039,0.0097,0.0003,0.0511,0.0677,0.0021,0.0008,0.0102,0.0002,0.0017,0.0021,0.0001,0.0001,0.0083,0.0015,0.0005,0.0001,0.0033,0.1121,0.0365,0.0001,0.012,0.0,155.0,0.0,92.0,63.0,83.0,0.0,0.0,0.0,0.0,0.0,0.0,0.0,0.0,0.0,0.0,0.0,0.0,0.0,0.0,0.0,0.0,0.0,0.0,8.0,2.0,1.0
1335,11.141840200000017,0,7.9253,2.1529,2.6647,2.0289,0.2172,0.0029,0.009,0.0002,0.0372,0.052,0.0028,0.0008,0.0121,0.0001,0.0019,0.0023,0.0001,0.0001,0.0088,0.0017,0.0005,0.0001,0.0031,0.0976,0.0256,0.0,0.0139,0.0,155.0,0.0,92.0,63.0,83.0,0.0,0.0,0.0,0.0,0.0,0.0,0.0,0.0,0.0,0.0,0.0,0.0,0.0,0.0,0.0,0.0,0.0,0.0,8.0,2.0,1.0
1336,11.149765500000017,0,8.5855,1.9698,2.7904,1.892,0.3278,0.0036,0.0124,0.0002,0.0707,0.091,0.0032,0.0012,0.0162,0.0003,0.0032,0.0022,0.0001,0.0001,0.0093,0.0019,0.0005,0.0001,0.0044,0.153,0.0391,0.0,0.0139,0.0,155.0,0.0,92.0,63.0,83.0,0.0,0.0,0.0,0.0,0.0,0.0,0.0,0.0,0.0,0.0,0.0,0.0,0.0,0.0,0.0,0.0,0.0,0.0,8.0,2.0,1.0
1337,11.158351000000017,0,8.2108,2.2221,2.4453,2.1699,0.2442,0.0039,0.0108,0.0004,0.0341,0.0519,0.0026,0.0012,0.0128,0.0001,0.0017,0.0022,0.0002,0.0002,0.0092,0.0014,0.0006,0.0001,0.0037,0.1009,0.0251,0.0001,0.0121,0.0,155.0,0.0,92.0,63.0,83.0,0.0,0.0,0.0,0.0,0.0,0.0,0.0,0.0,0.0,0.0,0.0,0.0,0.0,0.0,0.0,0.0,0.0,0.0,8.0,2.0,1.0
1338,11.166561800000018,0,8.2658,2.1631,2.7204,2.1268,0.2412,0.0034,0.0112,0.0003,0.0522,0.0702,0.0025,0.0011,0.0119,0.0001,0.0021,0.0017,0.0001,0.0001,0.0095,0.0015,0.0005,0.0001,0.0033,0.1169,0.0253,0.0001,0.0151,0.0,155.0,0.0,92.0,63.0,83.0,0.0,0.0,0.0,0.0,0.0,0.0,0.0,0.0,0.0,0.0,0.0,0.0,0.0,0.0,0.0,0.0,0.0,0.0,8.0,2.0,1.0
1339,11.174827600000018,0,8.1937,2.3044,2.4326,2.2319,0.2052,0.0032,0.0097,0.0002,0.0295,0.0451,0.0022,0.0007,0.011,0.0001,0.0019,0.0017,0.0001,0.0001,0.0089,0.0012,0.0004,0.0001,0.0031,0.0889,0.0216,0.0001,0.0143,0.0,155.0,0.0,92.0,63.0,83.0,0.0,0.0,0.0,0.0,0.0,0.0,0.0,0.0,0.0,0.0,0.0,0.0,0.0,0.0,0.0,0.0,0.0,0.0,8.0,2.0,1.0
1340,11.183021300000018,0,8.6094,2.0818,2.5004,1.9326,0.2446,0.0035,0.0097,0.0004,0.0461,0.0622,0.002,0.0009,0.012,0.0002,0.0016,0.0017,0.0004,0.0001,0.0092,0.0015,0.0009,0.0001,0.0032,0.1102,0.0422,0.0,0.0122,0.0,155.0,0.0,92.0,63.0,80.0,0.0,0.0,0.0,0.0,0.0,0.0,0.0,0.0,0.0,0.0,0.0,0.0,0.0,0.0,0.0,0.0,0.0,0.0,8.0,2.0,1.0
1341,11.191630700000017,0,8.3204,2.1376,2.6639,2.1771,0.2355,0.0042,0.0066,0.0006,0.0401,0.055,0.0021,0.0009,0.0118,0.0002,0.0018,0.0024,0.0001,0.0001,0.0085,0.0012,0.0005,0.0001,0.0032,0.1011,0.0249,0.0,0.0128,0.0,155.0,0.0,92.0,63.0,80.0,0.0,0.0,0.0,0.0,0.0,0.0,0.0,0.0,0.0,0.0,0.0,0.0,0.0,0.0,0.0,0.0,0.0,0.0,8.0,2.0,1.0
1342,11.199951100000018,0,8.2214,2.1353,2.6352,1.9671,0.2383,0.004,0.0081,0.0007,0.0538,0.0692,0.0025,0.001,0.0125,0.0001,0.0016,0.0022,0.0001,0.0001,0.0097,0.0014,0.0006,0.0001,0.0037,0.1185,0.0238,0.0,0.0123,0.0,155.0,0.0,92.0,63.0,80.0,0.0,0.0,0.0,0.0,0.0,0.0,0.0,0.0,0.0,0.0,0.0,0.0,0.0,0.0,0.0,0.0,0.0,0.0,8.0,2.0,1.0
1343,11.208172500000018,0,8.31,2.292,2.5735,1.9693,0.2137,0.0049,0.0087,0.0002,0.0313,0.0477,0.0026,0.001,0.012,0.0001,0.0017,0.0017,0.0004,0.0002,0.0089,0.0019,0.0005,0.0001,0.0036,0.0951,0.0233,0.0,0.0139,0.0,155.0,0.0,92.0,63.0,80.0,0.0,0.0,0.0,0.0,0.0,0.0,0.0,0.0,0.0,0.0,0.0,0.0,0.0,0.0,0.0,0.0,0.0,0.0,8.0,2.0,1.0
1344,11.216482500000017,0,8.5042,2.1247,2.6222,1.9168,0.2394,0.0037,0.0062,0.0006,0.0484,0.0623,0.0026,0.0013,0.0149,0.0007,0.0022,0.0025,0.0001,0.0003,0.0094,0.0014,0.0006,0.0001,0.0038,0.1148,0.0246,0.0,0.0132,0.0,155.0,0.0,92.0,63.0,80.0,0.0,0.0,0.0,0.0,0.0,0.0,0.0,0.0,0.0,0.0,0.0,0.0,0.0,0.0,0.0,0.0,0.0,0.0,8.0,2.0,1.0
1345,11.224986700000018,0,8.2271,2.3306,2.7885,1.9973,0.2646,0.0054,0.0091,0.0003,0.0378,0.0562,0.003,0.0012,0.0139,0.0003,0.0021,0.0021,0.0001,0.0002,0.0103,0.0015,0.0005,0.0001,0.0039,0.1092,0.0251,0.0,0.0128,0.0,155.0,0.0,92.0,63.0,80.0,0.0,0.0,0.0,0.0,0.0,0.0,0.0,0.0,0.0,0.0,0.0,0.0,0.0,0.0,0.0,0.0,0.0,0.0,8.0,2.0,1.0
1346,11.233213800000017,0,8.6208,2.3452,2.7984,2.1029,0.2122,0.0032,0.0078,0.0003,0.043,0.0568,0.0021,0.0009,0.0109,0.0001,0.0018,0.0016,0.0005,0.0001,0.0084,0.0012,0.0009,0.0001,0.0031,0.1,0.0197,0.0,0.0132,0.0,155.0,0.0,92.0,63.0,80.0,0.0,0.0,0.0,0.0,0.0,0.0,0.0,0.0,0.0,0.0,0.0,0.0,0.0,0.0,0.0,0.0,0.0,0.0,8.0,2.0,1.0
1347,11.241834600000017,0,7.7138,2.0143,2.3354,2.0729,0.1945,0.0033,0.0082,0.0002,0.0321,0.046,0.0021,0.0006,0.0105,0.0007,0.0014,0.0015,0.0,0.0002,0.0084,0.0013,0.0005,0.0001,0.0036,0.0878,0.0223,0.0001,0.0126,0.0,155.0,0.0,92.0,63.0,80.0,0.0,0.0,0.0,0.0,0.0,0.0,0.0,0.0,0.0,0.0,0.0,0.0,0.0,0.0,0.0,0.0,0.0,0.0,8.0,2.0,1.0
1348,11.249548400000016,0,8.2982,1.9981,2.3057,1.7636,0.213,0.0026,0.0088,0.0002,0.0535,0.0678,0.002,0.0008,0.0102,0.0003,0.0012,0.0022,0.0002,0.0002,0.0081,0.0012,0.001,0.0,0.0032,0.1083,0.0212,0.0001,0.0127,0.0,155.0,0.0,92.0,63.0,83.0,0.0,0.0,0.0,0.0,0.0,0.0,0.0,0.0,0.0,0.0,0.0,0.0,0.0,0.0,0.0,0.0,0.0,0.0,8.0,2.0,1.0
1349,11.257846600000017,0,8.6372,1.8814,2.3644,1.8287,0.2137,0.0037,0.0094,0.0002,0.0339,0.0496,0.0029,0.0008,0.0122,0.0001,0.0016,0.0015,0.0001,0.0001,0.0084,0.0012,0.0004,0.0,0.0036,0.0942,0.0208,0.0001,0.0138,0.0,155.0,0.0,92.0,63.0,83.0,0.0,0.0,0.0,0.0,0.0,0.0,0.0,0.0,0.0,0.0,0.0,0.0,0.0,0.0,0.0,0.0,0.0,0.0,8.0,2.0,1.0
1350,11.266483800000017,0,8.1132,2.0263,2.4253,1.8748,0.2652,0.0032,0.0092,0.0002,0.0515,0.0666,0.0032,0.0011,0.0168,0.0002,0.0026,0.0019,0.0001,0.0001,0.0105,0.0022,0.0006,0.0001,0.0066,0.1319,0.0377,0.0,0.0123,0.0,155.0,0.0,92.0,63.0,83.0,0.0,0.0,0.0,0.0,0.0,0.0,0.0,0.0,0.0,0.0,0.0,0.0,0.0,0.0,0.0,0.0,0.0,0.0,8.0,2.0,1.0
1351,11.274597000000018,0,8.6265,1.9998,2.6615,1.861,0.224,0.0031,0.0086,0.0003,0.0423,0.0571,0.0021,0.0009,0.0104,0.0001,0.0025,0.0019,0.0001,0.0001,0.0093,0.0014,0.0007,0.0001,0.0032,0.1027,0.0259,0.0,0.0135,0.0,155.0,0.0,92.0,63.0,83.0,0.0,0.0,0.0,0.0,0.0,0.0,0.0,0.0,0.0,0.0,0.0,0.0,0.0,0.0,0.0,0.0,0.0,0.0,8.0,2.0,1.0
1352,11.283223500000018,0,8.4174,2.1875,2.4874,1.9732,0.2329,0.0032,0.0089,0.0002,0.0461,0.0614,0.0021,0.0007,0.0111,0.0002,0.0016,0.0016,0.0001,0.0002,0.0097,0.0019,0.0006,0.0002,0.0034,0.1066,0.0263,0.0001,0.0136,0.0,155.0,0.0,92.0,63.0,83.0,0.0,0.0,0.0,0.0,0.0,0.0,0.0,0.0,0.0,0.0,0.0,0.0,0.0,0.0,0.0,0.0,0.0,0.0,8.0,2.0,1.0
1353,11.291640900000019,0,8.4031,2.071,2.6478,1.9464,0.2376,0.0033,0.0102,0.0003,0.0472,0.0642,0.0028,0.0008,0.012,0.0002,0.0022,0.002,0.0002,0.0002,0.0099,0.0017,0.0005,0.0,0.0036,0.1126,0.0233,0.0,0.015,0.0,155.0,0.0,92.0,63.0,83.0,0.0,0.0,0.0,0.0,0.0,0.0,0.0,0.0,0.0,0.0,0.0,0.0,0.0,0.0,0.0,0.0,0.0,0.0,8.0,2.0,1.0
1354,11.30004400000002,0,8.5198,2.0483,3.0712,1.9885,0.275,0.0033,0.0099,0.0003,0.0536,0.0708,0.0032,0.0008,0.0138,0.0002,0.0023,0.0018,0.0,0.0001,0.0095,0.0017,0.0005,0.0001,0.0056,0.1261,0.0382,0.0,0.0136,0.0,155.0,0.0,92.0,63.0,83.0,0.0,0.0,0.0,0.0,0.0,0.0,0.0,0.0,0.0,0.0,0.0,0.0,0.0,0.0,0.0,0.0,0.0,0.0,8.0,2.0,1.0
1355,11.30856380000002,0,8.0601,2.1826,2.7924,2.1438,0.2161,0.0031,0.0083,0.0001,0.038,0.0518,0.0019,0.0009,0.011,0.0002,0.002,0.0017,0.0006,0.0001,0.008,0.0014,0.0005,0.0001,0.0034,0.0955,0.0242,0.0001,0.0149,0.0,155.0,0.0,92.0,63.0,85.0,0.0,0.0,0.0,0.0,0.0,0.0,0.0,0.0,0.0,0.0,0.0,0.0,0.0,0.0,0.0,0.0,0.0,0.0,8.0,2.0,1.0
1356,11.31662390000002,0,8.4404,2.0602,2.6075,1.9525,0.2539,0.0035,0.0087,0.0002,0.0529,0.0688,0.0028,0.0007,0.0131,0.0002,0.0014,0.0012,0.0001,0.0,0.0083,0.0013,0.0005,0.0001,0.006,0.1201,0.0379,0.0001,0.0138,0.0,155.0,0.0,92.0,63.0,85.0,0.0,0.0,0.0,0.0,0.0,0.0,0.0,0.0,0.0,0.0,0.0,0.0,0.0,0.0,0.0,0.0,0.0,0.0,8.0,2.0,1.0
1357,11.325064300000019,0,8.4772,2.2587,3.1673,1.9133,0.2541,0.0026,0.012,0.0003,0.032,0.0505,0.0028,0.0014,0.0147,0.0001,0.0027,0.0028,0.0001,0.0002,0.0105,0.0016,0.0012,0.0001,0.0041,0.1058,0.027,0.0,0.0134,0.0,155.0,0.0,92.0,63.0,85.0,0.0,0.0,0.0,0.0,0.0,0.0,0.0,0.0,0.0,0.0,0.0,0.0,0.0,0.0,0.0,0.0,0.0,0.0,8.0,2.0,1.0
1358,11.333541500000019,0,8.249,2.3744,2.6484,2.2473,0.2066,0.0028,0.0071,0.0002,0.0444,0.0579,0.0019,0.0007,0.0096,0.0002,0.0014,0.0018,0.0,0.0001,0.0082,0.0016,0.0004,0.0001,0.0033,0.1008,0.0217,0.0001,0.0157,0.0,155.0,0.0,92.0,63.0,87.0,0.0,0.0,0.0,0.0,0.0,0.0,0.0,0.0,0.0,0.0,0.0,0.0,0.0,0.0,0.0,0.0,0.0,0.0,8.0,2.0,1.0
1359,11.341790500000018,0,7.8144,1.9741,2.5369,1.9315,0.2081,0.003,0.0098,0.0002,0.0319,0.048,0.0023,0.001,0.0113,0.0001,0.0021,0.0016,0.0,0.0006,0.0087,0.0012,0.0005,0.0001,0.0037,0.0933,0.0221,0.0,0.0126,0.0,155.0,0.0,92.0,63.0,87.0,0.0,0.0,0.0,0.0,0.0,0.0,0.0,0.0,0.0,0.0,0.0,0.0,0.0,0.0,0.0,0.0,0.0,0.0,8.0,2.0,1.0
1360,11.349604900000019,0,8.3225,1.9639,2.2819,1.7593,0.2062,0.0035,0.008,0.0003,0.0399,0.0544,0.0026,0.0008,0.0113,0.0002,0.0013,0.0019,0.0,0.0001,0.0077,0.0012,0.001,0.0001,0.0043,0.0985,0.0205,0.0,0.0128,0.0,155.0,0.0,92.0,63.0,89.0,0.0,0.0,0.0,0.0,0.0,0.0,0.0,0.0,0.0,0.0,0.0,0.0,0.0,0.0,0.0,0.0,0.0,0.0,8.0,2.0,1.0
1361,11.357927400000019,0,8.3091,1.9877,2.347,1.664,0.2264,0.0033,0.0097,0.0002,0.0316,0.0476,0.0025,0.001,0.0118,0.0001,0.0015,0.0033,0.0001,0.0002,0.0103,0.0015,0.0005,0.0006,0.004,0.0976,0.0296,0.0,0.0153,0.0,155.0,0.0,92.0,63.0,89.0,0.0,0.0,0.0,0.0,0.0,0.0,0.0,0.0,0.0,0.0,0.0,0.0,0.0,0.0,0.0,0.0,0.0,0.0,8.0,2.0,1.0
1362,11.366236500000019,0,8.3958,2.0439,2.2028,1.7378,0.226,0.0035,0.0075,0.0002,0.0535,0.0672,0.0018,0.0007,0.0091,0.0001,0.0013,0.0014,0.0,0.0001,0.0071,0.0017,0.0004,0.0001,0.0032,0.1064,0.0204,0.0,0.0146,0.0,155.0,0.0,92.0,63.0,89.0,0.0,0.0,0.0,0.0,0.0,0.0,0.0,0.0,0.0,0.0,0.0,0.0,0.0,0.0,0.0,0.0,0.0,0.0,8.0,2.0,1.0
1363,11.37463230000002,0,8.1394,1.8898,2.2438,1.7674,0.2114,0.003,0.008,0.0002,0.0351,0.0486,0.002,0.0008,0.0101,0.0001,0.0022,0.0019,0.0,0.0001,0.009,0.0013,0.0006,0.0001,0.0036,0.0899,0.0357,0.0,0.0136,0.0,155.0,0.0,92.0,63.0,89.0,0.0,0.0,0.0,0.0,0.0,0.0,0.0,0.0,0.0,0.0,0.0,0.0,0.0,0.0,0.0,0.0,0.0,0.0,8.0,2.0,1.0
1364,11.382771700000019,0,8.342,1.9402,2.1672,1.7746,0.2148,0.0032,0.0088,0.0003,0.0436,0.0581,0.0021,0.0008,0.0106,0.0007,0.0014,0.0015,0.0,0.0003,0.0092,0.0015,0.0004,0.0001,0.0043,0.1026,0.0273,0.0,0.0133,0.0,155.0,0.0,92.0,63.0,89.0,0.0,0.0,0.0,0.0,0.0,0.0,0.0,0.0,0.0,0.0,0.0,0.0,0.0,0.0,0.0,0.0,0.0,0.0,8.0,2.0,1.0
1365,11.39111370000002,0,8.4513,1.8907,2.2684,1.9468,0.2371,0.0028,0.0077,0.0001,0.048,0.0617,0.0023,0.001,0.0129,0.0002,0.0026,0.0018,0.0001,0.0001,0.0088,0.0013,0.0009,0.0001,0.0039,0.1116,0.0244,0.0001,0.0136,0.0,155.0,0.0,92.0,63.0,89.0,0.0,0.0,0.0,0.0,0.0,0.0,0.0,0.0,0.0,0.0,0.0,0.0,0.0,0.0,0.0,0.0,0.0,0.0,8.0,2.0,1.0
1366,11.39956500000002,0,8.244,1.9833,2.2454,1.7959,0.2277,0.0029,0.0092,0.0002,0.0558,0.0705,0.0024,0.0008,0.0111,0.0001,0.0013,0.0016,0.0001,0.0001,0.0076,0.0011,0.0004,0.0001,0.0032,0.1102,0.0234,0.0,0.0138,0.0,155.0,0.0,92.0,63.0,91.0,0.0,0.0,0.0,0.0,0.0,0.0,0.0,0.0,0.0,0.0,0.0,0.0,0.0,0.0,0.0,0.0,0.0,0.0,8.0,2.0,1.0
1367,11.40780900000002,0,8.3552,1.98,2.1944,1.6965,0.2116,0.0029,0.0094,0.0004,0.033,0.0483,0.0029,0.0007,0.0111,0.0001,0.0018,0.0017,0.0001,0.0001,0.0081,0.0011,0.0005,0.0001,0.0034,0.0903,0.0237,0.0001,0.0147,0.0,155.0,0.0,92.0,63.0,91.0,0.0,0.0,0.0,0.0,0.0,0.0,0.0,0.0,0.0,0.0,0.0,0.0,0.0,0.0,0.0,0.0,0.0,0.0,8.0,2.0,1.0
1368,11.41616420000002,0,8.2852,1.9138,2.1368,1.8447,0.2127,0.0028,0.0087,0.0002,0.0479,0.0615,0.0021,0.0006,0.0104,0.0002,0.002,0.0016,0.0,0.0001,0.0088,0.0012,0.0006,0.0001,0.004,0.1056,0.0251,0.0001,0.015,0.0,155.0,0.0,92.0,63.0,91.0,0.0,0.0,0.0,0.0,0.0,0.0,0.0,0.0,0.0,0.0,0.0,0.0,0.0,0.0,0.0,0.0,0.0,0.0,8.0,2.0,1.0
1369,11.42444940000002,0,8.3189,1.9805,2.2121,1.8,0.245,0.0027,0.0078,0.0003,0.0356,0.0489,0.0032,0.0008,0.0152,0.0003,0.0026,0.0018,0.0001,0.0001,0.011,0.0014,0.0006,0.0001,0.0053,0.1104,0.0417,0.0,0.0135,0.0,155.0,0.0,92.0,63.0,91.0,0.0,0.0,0.0,0.0,0.0,0.0,0.0,0.0,0.0,0.0,0.0,0.0,0.0,0.0,0.0,0.0,0.0,0.0,8.0,2.0,1.0
1370,11.43276830000002,0,8.3951,1.9441,2.2187,1.9239,0.2269,0.0031,0.0084,0.0007,0.0455,0.0599,0.0033,0.001,0.0134,0.0001,0.0018,0.0022,0.0001,0.0001,0.0083,0.0014,0.0005,0.0002,0.0044,0.1097,0.0242,0.0001,0.0138,0.0,155.0,0.0,92.0,63.0,91.0,0.0,0.0,0.0,0.0,0.0,0.0,0.0,0.0,0.0,0.0,0.0,0.0,0.0,0.0,0.0,0.0,0.0,0.0,8.0,2.0,1.0
1371,11.44116340000002,0,8.2468,1.8465,2.1161,1.7325,0.2157,0.0035,0.0087,0.0001,0.0424,0.0569,0.0024,0.0013,0.0135,0.0001,0.0015,0.002,0.0001,0.0001,0.0082,0.0016,0.0004,0.0001,0.0039,0.1037,0.0228,0.0001,0.0139,0.0,155.0,0.0,92.0,63.0,91.0,0.0,0.0,0.0,0.0,0.0,0.0,0.0,0.0,0.0,0.0,0.0,0.0,0.0,0.0,0.0,0.0,0.0,0.0,8.0,2.0,1.0
1372,11.44941020000002,0,8.4996,1.808,2.1574,1.7369,0.239,0.0029,0.0085,0.0003,0.0536,0.0674,0.0026,0.0007,0.0117,0.0001,0.0013,0.001,0.0001,0.0001,0.008,0.0012,0.0003,0.0,0.0048,0.1137,0.039,0.0,0.0132,0.0,155.0,0.0,92.0,63.0,91.0,0.0,0.0,0.0,0.0,0.0,0.0,0.0,0.0,0.0,0.0,0.0,0.0,0.0,0.0,0.0,0.0,0.0,0.0,8.0,2.0,1.0
1373,11.45790980000002,0,8.3054,1.7976,2.2551,1.8448,0.2258,0.0033,0.0089,0.0003,0.0399,0.0551,0.0022,0.001,0.0128,0.0002,0.0023,0.0024,0.0001,0.0002,0.0099,0.0013,0.0006,0.0002,0.0032,0.1025,0.0252,0.0,0.0148,0.0,155.0,0.0,92.0,63.0,91.0,0.0,0.0,0.0,0.0,0.0,0.0,0.0,0.0,0.0,0.0,0.0,0.0,0.0,0.0,0.0,0.0,0.0,0.0,8.0,2.0,1.0
1374,11.46621520000002,0,8.2655,1.9718,2.2543,1.764,0.2297,0.0033,0.0097,0.0002,0.0502,0.0664,0.0027,0.0007,0.0127,0.0002,0.0015,0.0022,0.0001,0.0001,0.0088,0.0019,0.0006,0.0002,0.0042,0.1143,0.025,0.0,0.0143,0.0,155.0,0.0,92.0,63.0,91.0,0.0,0.0,0.0,0.0,0.0,0.0,0.0,0.0,0.0,0.0,0.0,0.0,0.0,0.0,0.0,0.0,0.0,0.0,8.0,2.0,1.0
1375,11.47448070000002,0,8.2794,2.0206,2.1863,1.779,0.1982,0.0025,0.008,0.0002,0.0371,0.0505,0.0018,0.0006,0.0092,0.0001,0.0014,0.0018,0.0,0.0001,0.0089,0.0011,0.0004,0.0001,0.0033,0.09,0.0239,0.0001,0.0147,0.0,155.0,0.0,92.0,63.0,91.0,0.0,0.0,0.0,0.0,0.0,0.0,0.0,0.0,0.0,0.0,0.0,0.0,0.0,0.0,0.0,0.0,0.0,0.0,8.0,2.0,1.0
1376,11.48276010000002,0,8.5844,1.8664,2.225,1.9071,0.2257,0.0035,0.0098,0.0002,0.0419,0.058,0.0023,0.0009,0.0106,0.0001,0.0016,0.002,0.0001,0.0002,0.0086,0.0013,0.0005,0.0,0.004,0.1037,0.0247,0.0,0.0115,0.0,155.0,0.0,92.0,63.0,91.0,0.0,0.0,0.0,0.0,0.0,0.0,0.0,0.0,0.0,0.0,0.0,0.0,0.0,0.0,0.0,0.0,0.0,0.0,8.0,2.0,1.0
1377,11.49134450000002,0,8.1152,1.9202,2.3157,1.8342,0.2078,0.0031,0.0087,0.0002,0.0406,0.0553,0.0024,0.0006,0.0104,0.0001,0.0023,0.0017,0.0,0.0001,0.0092,0.0017,0.0006,0.0001,0.0038,0.0997,0.0262,0.0,0.0142,0.0,155.0,0.0,92.0,63.0,91.0,0.0,0.0,0.0,0.0,0.0,0.0,0.0,0.0,0.0,0.0,0.0,0.0,0.0,0.0,0.0,0.0,0.0,0.0,8.0,2.0,1.0
1378,11.49945970000002,0,8.7666,2.0621,2.4381,1.9091,0.2484,0.003,0.0078,0.0002,0.0588,0.0727,0.0028,0.0008,0.0115,0.0,0.0013,0.0013,0.0001,0.0,0.0075,0.0012,0.0004,0.0001,0.0048,0.1187,0.0371,0.0001,0.0129,0.0,155.0,0.0,92.0,63.0,91.0,0.0,0.0,0.0,0.0,0.0,0.0,0.0,0.0,0.0,0.0,0.0,0.0,0.0,0.0,0.0,0.0,0.0,0.0,8.0,2.0,1.0
1379,11.50822630000002,0,7.9324,1.9454,2.2898,1.8985,0.2227,0.0046,0.0083,0.0002,0.0343,0.0496,0.0025,0.0011,0.0111,0.0001,0.0023,0.0018,0.0002,0.0002,0.0085,0.0013,0.0009,0.0001,0.0034,0.0942,0.0237,0.0001,0.0147,0.0,155.0,0.0,92.0,63.0,91.0,0.0,0.0,0.0,0.0,0.0,0.0,0.0,0.0,0.0,0.0,0.0,0.0,0.0,0.0,0.0,0.0,0.0,0.0,8.0,2.0,1.0
1380,11.51615870000002,0,8.5186,1.9175,2.3534,1.739,0.2155,0.003,0.009,0.0002,0.0437,0.0584,0.0026,0.001,0.0121,0.0001,0.0013,0.0021,0.0,0.0001,0.0086,0.0016,0.0006,0.0001,0.0039,0.1039,0.0221,0.0,0.0143,0.0,155.0,0.0,92.0,63.0,91.0,0.0,0.0,0.0,0.0,0.0,0.0,0.0,0.0,0.0,0.0,0.0,0.0,0.0,0.0,0.0,0.0,0.0,0.0,8.0,2.0,1.0
1381,11.52467730000002,0,8.2476,1.9262,2.2654,1.7097,0.2457,0.0039,0.0104,0.0002,0.0457,0.0627,0.0025,0.0008,0.0112,0.0001,0.0017,0.0019,0.0001,0.0002,0.0094,0.0012,0.0006,0.0,0.0036,0.1084,0.0301,0.0,0.0137,0.0,155.0,0.0,92.0,63.0,91.0,0.0,0.0,0.0,0.0,0.0,0.0,0.0,0.0,0.0,0.0,0.0,0.0,0.0,0.0,0.0,0.0,0.0,0.0,8.0,2.0,1.0
1382,11.53292490000002,0,8.4233,1.9832,2.3538,1.8767,0.2582,0.0029,0.0101,0.0002,0.0496,0.066,0.0025,0.0009,0.0115,0.0001,0.0014,0.0018,0.0001,0.0,0.0078,0.0012,0.0003,0.0001,0.0048,0.1187,0.0395,0.0,0.0141,0.0,155.0,0.0,92.0,63.0,91.0,0.0,0.0,0.0,0.0,0.0,0.0,0.0,0.0,0.0,0.0,0.0,0.0,0.0,0.0,0.0,0.0,0.0,0.0,8.0,2.0,1.0
1383,11.541348200000021,0,8.25,1.9544,2.3372,1.7683,0.2269,0.0047,0.014,0.0002,0.0323,0.0538,0.0031,0.0016,0.0137,0.0002,0.0016,0.0023,0.0001,0.0002,0.0093,0.0013,0.0005,0.0004,0.004,0.1034,0.0264,0.0,0.0148,0.0,155.0,0.0,92.0,63.0,91.0,0.0,0.0,0.0,0.0,0.0,0.0,0.0,0.0,0.0,0.0,0.0,0.0,0.0,0.0,0.0,0.0,0.0,0.0,8.0,2.0,1.0
1384,11.549598200000021,0,8.5926,2.0267,2.5439,1.8325,0.2389,0.0032,0.0089,0.0003,0.0361,0.0521,0.0024,0.0013,0.0121,0.0006,0.0017,0.0022,0.0001,0.0002,0.009,0.0014,0.0005,0.0,0.0038,0.1013,0.0269,0.0001,0.0139,0.0,155.0,0.0,92.0,63.0,91.0,0.0,0.0,0.0,0.0,0.0,0.0,0.0,0.0,0.0,0.0,0.0,0.0,0.0,0.0,0.0,0.0,0.0,0.0,8.0,2.0,1.0
1385,11.558190800000022,0,8.2614,1.9783,2.5368,1.8613,0.2232,0.004,0.0095,0.0003,0.0333,0.0504,0.0022,0.0009,0.0118,0.0002,0.0018,0.0021,0.0002,0.0001,0.0098,0.0013,0.0005,0.0001,0.0041,0.0985,0.0216,0.0,0.0141,0.0,155.0,0.0,92.0,63.0,91.0,0.0,0.0,0.0,0.0,0.0,0.0,0.0,0.0,0.0,0.0,0.0,0.0,0.0,0.0,0.0,0.0,0.0,0.0,8.0,2.0,1.0
1386,11.566452200000022,0,8.1185,1.8447,2.3633,1.7705,0.2325,0.0034,0.0071,0.0005,0.0471,0.0611,0.0027,0.0008,0.0127,0.0004,0.0014,0.002,0.0002,0.0001,0.0089,0.0016,0.0005,0.0002,0.0038,0.1083,0.0214,0.0,0.0138,0.0,155.0,0.0,92.0,63.0,91.0,0.0,0.0,0.0,0.0,0.0,0.0,0.0,0.0,0.0,0.0,0.0,0.0,0.0,0.0,0.0,0.0,0.0,0.0,8.0,2.0,1.0
1387,11.574570700000022,0,8.3199,1.977,2.2246,1.7765,0.2028,0.0027,0.0074,0.0001,0.0369,0.0504,0.0019,0.0008,0.0106,0.0002,0.002,0.0019,0.0001,0.0001,0.0085,0.0012,0.0005,0.0001,0.0032,0.093,0.0206,0.0,0.013,0.0,155.0,0.0,92.0,63.0,91.0,0.0,0.0,0.0,0.0,0.0,0.0,0.0,0.0,0.0,0.0,0.0,0.0,0.0,0.0,0.0,0.0,0.0,0.0,8.0,2.0,1.0
1388,11.582890600000022,0,8.3331,1.9516,2.3215,1.8373,0.2547,0.003,0.0108,0.0007,0.046,0.0631,0.0033,0.0008,0.0148,0.0002,0.0017,0.0011,0.0001,0.0,0.0075,0.0012,0.0003,0.0,0.0054,0.114,0.0402,0.0,0.0132,0.0,155.0,0.0,92.0,63.0,91.0,0.0,0.0,0.0,0.0,0.0,0.0,0.0,0.0,0.0,0.0,0.0,0.0,0.0,0.0,0.0,0.0,0.0,0.0,8.0,2.0,1.0
1389,11.591223700000022,0,8.3512,1.8324,2.2954,1.9003,0.2352,0.0039,0.0097,0.0002,0.0345,0.0512,0.0032,0.0011,0.0151,0.0002,0.0022,0.0026,0.0002,0.0002,0.0111,0.0021,0.0005,0.0001,0.0048,0.1074,0.0257,0.0,0.0139,0.0,155.0,0.0,92.0,63.0,91.0,0.0,0.0,0.0,0.0,0.0,0.0,0.0,0.0,0.0,0.0,0.0,0.0,0.0,0.0,0.0,0.0,0.0,0.0,8.0,2.0,1.0
1390,11.599574900000022,0,8.3513,1.8427,2.2428,1.7233,0.2319,0.003,0.0096,0.0001,0.0467,0.0616,0.0025,0.0007,0.0104,0.0002,0.0011,0.0021,0.0001,0.0001,0.0083,0.0018,0.0005,0.0001,0.0032,0.1053,0.0221,0.0001,0.0154,0.0,155.0,0.0,92.0,63.0,89.0,0.0,0.0,0.0,0.0,0.0,0.0,0.0,0.0,0.0,0.0,0.0,0.0,0.0,0.0,0.0,0.0,0.0,0.0,8.0,2.0,1.0
1391,11.607926200000021,0,8.4388,1.868,2.3581,1.8242,0.2068,0.0031,0.0087,0.0002,0.0312,0.0464,0.0021,0.0008,0.0108,0.0002,0.0018,0.0016,0.0001,0.0001,0.008,0.0013,0.0005,0.0,0.004,0.0902,0.0225,0.0,0.0144,0.0,155.0,0.0,92.0,63.0,89.0,0.0,0.0,0.0,0.0,0.0,0.0,0.0,0.0,0.0,0.0,0.0,0.0,0.0,0.0,0.0,0.0,0.0,0.0,8.0,2.0,1.0
1392,11.616365000000021,0,8.1505,1.881,2.3519,1.7182,0.2112,0.003,0.0086,0.0002,0.041,0.0547,0.002,0.0007,0.0102,0.0001,0.0013,0.002,0.0001,0.0001,0.0078,0.0018,0.0004,0.0,0.0033,0.096,0.0222,0.0001,0.0124,0.0,155.0,0.0,92.0,63.0,89.0,0.0,0.0,0.0,0.0,0.0,0.0,0.0,0.0,0.0,0.0,0.0,0.0,0.0,0.0,0.0,0.0,0.0,0.0,8.0,2.0,1.0
1393,11.62451550000002,0,8.5963,1.9209,2.2886,1.7969,0.2397,0.0036,0.0099,0.0002,0.0449,0.0621,0.0035,0.0012,0.0141,0.0004,0.0016,0.0025,0.0001,0.0001,0.0083,0.0017,0.0006,0.0001,0.0039,0.1128,0.0286,0.0001,0.0126,0.0,155.0,0.0,92.0,63.0,89.0,0.0,0.0,0.0,0.0,0.0,0.0,0.0,0.0,0.0,0.0,0.0,0.0,0.0,0.0,0.0,0.0,0.0,0.0,8.0,2.0,1.0
1394,11.633111800000021,0,8.3325,2.006,2.4631,1.8663,0.2166,0.0029,0.0088,0.0002,0.0402,0.0548,0.0032,0.0007,0.0121,0.0002,0.0013,0.0021,0.0001,0.0001,0.008,0.0012,0.0005,0.0001,0.0037,0.0993,0.02,0.0,0.0157,0.0,155.0,0.0,92.0,63.0,89.0,0.0,0.0,0.0,0.0,0.0,0.0,0.0,0.0,0.0,0.0,0.0,0.0,0.0,0.0,0.0,0.0,0.0,0.0,8.0,2.0,1.0
1395,11.641444300000021,0,8.0361,1.9029,2.3268,1.8179,0.208,0.0027,0.0087,0.0,0.0372,0.0509,0.0028,0.001,0.0132,0.0001,0.002,0.0022,0.0001,0.0002,0.0083,0.0018,0.0005,0.0001,0.0036,0.1023,0.0246,0.0,0.0126,0.0,155.0,0.0,92.0,63.0,87.0,0.0,0.0,0.0,0.0,0.0,0.0,0.0,0.0,0.0,0.0,0.0,0.0,0.0,0.0,0.0,0.0,0.0,0.0,8.0,2.0,1.0
1396,11.649480400000021,0,8.2541,1.9751,2.1487,1.7251,0.1878,0.0028,0.0083,0.0001,0.0377,0.0506,0.0021,0.0007,0.0093,0.0001,0.0012,0.0014,0.0001,0.0001,0.0078,0.0011,0.0005,0.0,0.0031,0.0881,0.024,0.0,0.0121,0.0,155.0,0.0,92.0,63.0,87.0,0.0,0.0,0.0,0.0,0.0,0.0,0.0,0.0,0.0,0.0,0.0,0.0,0.0,0.0,0.0,0.0,0.0,0.0,8.0,2.0,1.0
1397,11.657734500000021,0,8.4644,1.8228,2.2198,1.8441,0.2202,0.0033,0.0096,0.0001,0.0457,0.0609,0.0026,0.0008,0.0112,0.0001,0.0016,0.0019,0.0002,0.0001,0.0091,0.0014,0.0007,0.0001,0.004,0.1086,0.0229,0.0,0.0107,0.0,155.0,0.0,92.0,63.0,87.0,0.0,0.0,0.0,0.0,0.0,0.0,0.0,0.0,0.0,0.0,0.0,0.0,0.0,0.0,0.0,0.0,0.0,0.0,8.0,2.0,1.0
1398,11.66619890000002,0,8.4585,1.8532,2.3509,1.7847,0.2205,0.0032,0.0093,0.0002,0.0463,0.0615,0.002,0.0009,0.0106,0.0002,0.0016,0.0021,0.0001,0.0001,0.0078,0.0011,0.0005,0.0001,0.0032,0.1036,0.0217,0.0,0.0139,0.0,155.0,0.0,92.0,63.0,87.0,0.0,0.0,0.0,0.0,0.0,0.0,0.0,0.0,0.0,0.0,0.0,0.0,0.0,0.0,0.0,0.0,0.0,0.0,8.0,2.0,1.0
1399,11.67465740000002,0,8.1005,1.935,2.2149,1.7985,0.1949,0.0026,0.0061,0.0002,0.0359,0.0474,0.003,0.0009,0.0126,0.0002,0.0024,0.0021,0.0001,0.0002,0.0082,0.0013,0.0005,0.0001,0.004,0.0938,0.0227,0.0001,0.0127,0.0,155.0,0.0,92.0,63.0,87.0,0.0,0.0,0.0,0.0,0.0,0.0,0.0,0.0,0.0,0.0,0.0,0.0,0.0,0.0,0.0,0.0,0.0,0.0,8.0,2.0,1.0
1400,11.68275790000002,0,8.672,1.9863,2.2871,1.6767,0.2344,0.0037,0.0096,0.0003,0.0591,0.075,0.0023,0.0007,0.011,0.0002,0.0021,0.0025,0.0001,0.0003,0.0098,0.0018,0.0006,0.0,0.0031,0.1203,0.0257,0.0,0.0152,0.0,155.0,0.0,92.0,63.0,87.0,0.0,0.0,0.0,0.0,0.0,0.0,0.0,0.0,0.0,0.0,0.0,0.0,0.0,0.0,0.0,0.0,0.0,0.0,8.0,2.0,1.0
1401,11.69142990000002,0,8.0953,1.8815,2.4066,1.7356,0.2378,0.0034,0.009,0.0001,0.0424,0.0572,0.0022,0.0006,0.0115,0.0002,0.0016,0.0021,0.0001,0.0001,0.0096,0.0015,0.0005,0.0001,0.0031,0.1084,0.025,0.0,0.0146,0.0,155.0,0.0,92.0,63.0,85.0,0.0,0.0,0.0,0.0,0.0,0.0,0.0,0.0,0.0,0.0,0.0,0.0,0.0,0.0,0.0,0.0,0.0,0.0,8.0,2.0,1.0
1402,11.699525200000021,0,8.3763,1.8656,2.1402,1.7572,0.2103,0.0028,0.0077,0.0001,0.0482,0.0608,0.0024,0.0008,0.013,0.0007,0.0014,0.0015,0.0001,0.0001,0.008,0.0014,0.0005,0.0002,0.0037,0.1077,0.021,0.0,0.0126,0.0,155.0,0.0,92.0,63.0,85.0,0.0,0.0,0.0,0.0,0.0,0.0,0.0,0.0,0.0,0.0,0.0,0.0,0.0,0.0,0.0,0.0,0.0,0.0,8.0,2.0,1.0
1403,11.707901500000021,0,8.1051,1.8839,2.1559,1.7724,0.1904,0.0031,0.0081,0.0001,0.0302,0.0436,0.0027,0.0007,0.01,0.0001,0.0013,0.0021,0.0001,0.0001,0.0079,0.0018,0.0005,0.0,0.0037,0.086,0.0261,0.0001,0.0151,0.0,155.0,0.0,92.0,63.0,85.0,0.0,0.0,0.0,0.0,0.0,0.0,0.0,0.0,0.0,0.0,0.0,0.0,0.0,0.0,0.0,0.0,0.0,0.0,8.0,2.0,1.0
1404,11.716006600000021,0,8.8058,1.7994,2.3323,1.8164,0.2318,0.0035,0.0097,0.0002,0.0446,0.0611,0.0024,0.0009,0.0113,0.0001,0.0016,0.0023,0.0001,0.0001,0.0087,0.0016,0.0004,0.0001,0.0037,0.1065,0.0247,0.0001,0.0141,0.0,155.0,0.0,92.0,63.0,85.0,0.0,0.0,0.0,0.0,0.0,0.0,0.0,0.0,0.0,0.0,0.0,0.0,0.0,0.0,0.0,0.0,0.0,0.0,8.0,2.0,1.0
1405,11.72481240000002,0,8.1208,1.9963,2.2938,1.9501,0.2188,0.0035,0.0089,0.0001,0.0386,0.0535,0.002,0.0008,0.0114,0.0002,0.0023,0.002,0.0001,0.0001,0.0103,0.0014,0.0005,0.0001,0.0032,0.1,0.0338,0.0,0.0133,0.0,155.0,0.0,92.0,63.0,85.0,0.0,0.0,0.0,0.0,0.0,0.0,0.0,0.0,0.0,0.0,0.0,0.0,0.0,0.0,0.0,0.0,0.0,0.0,8.0,2.0,1.0
1406,11.732933200000021,0,8.6714,2.0792,2.7475,2.0221,0.2392,0.0031,0.0087,0.0002,0.0498,0.0652,0.0022,0.0009,0.0121,0.0002,0.0022,0.0022,0.0001,0.0002,0.0096,0.0013,0.0005,0.0001,0.0035,0.1121,0.0264,0.0,0.0155,0.0,155.0,0.0,92.0,63.0,85.0,0.0,0.0,0.0,0.0,0.0,0.0,0.0,0.0,0.0,0.0,0.0,0.0,0.0,0.0,0.0,0.0,0.0,0.0,8.0,2.0,1.0
1407,11.741604600000022,0,8.2407,2.1471,2.4425,2.0874,0.2266,0.0036,0.0101,0.0003,0.033,0.0502,0.003,0.0011,0.014,0.0003,0.0016,0.0024,0.0002,0.0001,0.0086,0.0015,0.0005,0.0,0.0038,0.1,0.0259,0.0,0.0148,0.0,155.0,0.0,92.0,63.0,84.0,0.0,0.0,0.0,0.0,0.0,0.0,0.0,0.0,0.0,0.0,0.0,0.0,0.0,0.0,0.0,0.0,0.0,0.0,8.0,2.0,1.0
1408,11.749845300000022,0,8.2852,1.9528,2.49,1.8587,0.2303,0.0042,0.0098,0.0003,0.0455,0.063,0.0024,0.0008,0.0109,0.0002,0.0017,0.0022,0.0001,0.0001,0.0086,0.0018,0.0005,0.0001,0.0041,0.1097,0.0222,0.0,0.0137,0.0,155.0,0.0,92.0,63.0,84.0,0.0,0.0,0.0,0.0,0.0,0.0,0.0,0.0,0.0,0.0,0.0,0.0,0.0,0.0,0.0,0.0,0.0,0.0,8.0,2.0,1.0
1409,11.758130500000021,0,8.5314,1.9704,2.7463,1.8768,0.2613,0.0035,0.0084,0.0002,0.0435,0.0592,0.0036,0.0016,0.0164,0.0002,0.0028,0.0023,0.0001,0.0001,0.0104,0.0016,0.0005,0.0002,0.0063,0.1228,0.0378,0.0,0.0133,0.0,155.0,0.0,92.0,63.0,84.0,0.0,0.0,0.0,0.0,0.0,0.0,0.0,0.0,0.0,0.0,0.0,0.0,0.0,0.0,0.0,0.0,0.0,0.0,8.0,2.0,1.0
1410,11.766661900000022,0,8.0602,2.0061,2.4241,1.9746,0.2403,0.0033,0.01,0.0003,0.0518,0.0681,0.0028,0.0011,0.0122,0.0002,0.002,0.0018,0.0001,0.0001,0.0095,0.0021,0.0008,0.0001,0.0039,0.1172,0.0234,0.0001,0.0116,0.0,155.0,0.0,92.0,63.0,84.0,0.0,0.0,0.0,0.0,0.0,0.0,0.0,0.0,0.0,0.0,0.0,0.0,0.0,0.0,0.0,0.0,0.0,0.0,8.0,2.0,1.0
1411,11.774722100000021,0,8.4539,2.0819,2.4626,1.8519,0.2229,0.0041,0.0111,0.0002,0.0388,0.0567,0.0028,0.001,0.0112,0.0001,0.0014,0.0015,0.0001,0.0001,0.009,0.0014,0.0005,0.0006,0.0038,0.1018,0.0226,0.0001,0.0133,0.0,155.0,0.0,92.0,63.0,84.0,0.0,0.0,0.0,0.0,0.0,0.0,0.0,0.0,0.0,0.0,0.0,0.0,0.0,0.0,0.0,0.0,0.0,0.0,8.0,2.0,1.0
1412,11.78317600000002,0,8.3044,1.9786,2.5804,1.8739,0.232,0.0038,0.0094,0.0003,0.0463,0.0627,0.0029,0.0008,0.0122,0.0001,0.0021,0.0017,0.0002,0.0001,0.0089,0.0014,0.0005,0.0002,0.0036,0.1095,0.0234,0.0,0.0121,0.0,155.0,0.0,92.0,63.0,84.0,0.0,0.0,0.0,0.0,0.0,0.0,0.0,0.0,0.0,0.0,0.0,0.0,0.0,0.0,0.0,0.0,0.0,0.0,8.0,2.0,1.0
1413,11.79148040000002,0,8.3968,2.3915,2.4345,2.3221,0.2648,0.0037,0.0085,0.0002,0.0483,0.0642,0.0032,0.0009,0.0131,0.0001,0.0015,0.0014,0.0001,0.0001,0.0082,0.0014,0.0004,0.0,0.0057,0.1153,0.0379,0.0,0.013,0.0,155.0,0.0,92.0,63.0,84.0,0.0,0.0,0.0,0.0,0.0,0.0,0.0,0.0,0.0,0.0,0.0,0.0,0.0,0.0,0.0,0.0,0.0,0.0,8.0,2.0,1.0
1414,11.79987720000002,0,8.2445,2.006,2.6869,1.924,0.2226,0.0033,0.0085,0.0002,0.0475,0.0624,0.002,0.001,0.0111,0.0001,0.0022,0.0017,0.0001,0.0001,0.0087,0.0013,0.0006,0.0,0.0034,0.1066,0.0236,0.0,0.0125,0.0,155.0,0.0,92.0,63.0,84.0,0.0,0.0,0.0,0.0,0.0,0.0,0.0,0.0,0.0,0.0,0.0,0.0,0.0,0.0,0.0,0.0,0.0,0.0,8.0,2.0,1.0
1415,11.80812170000002,0,8.3104,1.9526,2.4934,1.8305,0.2184,0.0037,0.009,0.0002,0.0341,0.0503,0.0023,0.0009,0.0114,0.0002,0.0015,0.0024,0.0001,0.0002,0.0087,0.0019,0.0006,0.0001,0.0042,0.0982,0.0238,0.0,0.0123,0.0,155.0,0.0,92.0,63.0,84.0,0.0,0.0,0.0,0.0,0.0,0.0,0.0,0.0,0.0,0.0,0.0,0.0,0.0,0.0,0.0,0.0,0.0,0.0,8.0,2.0,1.0
1416,11.81643210000002,0,8.4571,1.9961,2.5566,1.8453,0.254,0.004,0.013,0.0002,0.0636,0.0835,0.0023,0.0005,0.011,0.0002,0.0017,0.0022,0.0001,0.0001,0.0081,0.0017,0.0005,0.0001,0.0037,0.1272,0.0299,0.0001,0.0126,0.0,155.0,0.0,92.0,63.0,84.0,0.0,0.0,0.0,0.0,0.0,0.0,0.0,0.0,0.0,0.0,0.0,0.0,0.0,0.0,0.0,0.0,0.0,0.0,8.0,2.0,1.0
1417,11.824889200000019,0,8.309,2.2369,2.5646,1.9788,0.2581,0.0035,0.0104,0.0001,0.0428,0.0601,0.002,0.0008,0.0122,0.0001,0.0015,0.0023,0.0001,0.0002,0.0086,0.0019,0.0006,0.0001,0.003,0.1112,0.0377,0.0,0.0133,0.0,155.0,0.0,92.0,63.0,84.0,0.0,0.0,0.0,0.0,0.0,0.0,0.0,0.0,0.0,0.0,0.0,0.0,0.0,0.0,0.0,0.0,0.0,0.0,8.0,2.0,1.0
1418,11.83319820000002,0,8.1338,2.026,2.4641,1.9065,0.2336,0.0035,0.0095,0.0002,0.0426,0.0586,0.0027,0.0009,0.0111,0.0001,0.0019,0.0017,0.0001,0.0001,0.009,0.0012,0.0005,0.0001,0.0033,0.1019,0.0238,0.0001,0.0108,0.0,155.0,0.0,92.0,63.0,84.0,0.0,0.0,0.0,0.0,0.0,0.0,0.0,0.0,0.0,0.0,0.0,0.0,0.0,0.0,0.0,0.0,0.0,0.0,8.0,2.0,1.0
1419,11.841332000000019,0,8.6269,2.1102,2.531,1.975,0.2023,0.0038,0.0092,0.0003,0.0304,0.0459,0.0021,0.001,0.01,0.0002,0.0016,0.0021,0.0002,0.0001,0.0085,0.0018,0.0005,0.0001,0.0032,0.0883,0.0216,0.0,0.0129,0.0,155.0,0.0,92.0,63.0,84.0,0.0,0.0,0.0,0.0,0.0,0.0,0.0,0.0,0.0,0.0,0.0,0.0,0.0,0.0,0.0,0.0,0.0,0.0,8.0,2.0,1.0
1420,11.849958900000019,0,8.3139,2.027,2.7434,1.8453,0.3064,0.0045,0.0131,0.0003,0.055,0.076,0.003,0.0012,0.0141,0.0002,0.0026,0.002,0.0001,0.0001,0.0091,0.0018,0.0005,0.0001,0.0036,0.1289,0.0303,0.0,0.0133,0.0,155.0,0.0,92.0,63.0,84.0,0.0,0.0,0.0,0.0,0.0,0.0,0.0,0.0,0.0,0.0,0.0,0.0,0.0,0.0,0.0,0.0,0.0,0.0,8.0,2.0,1.0
1421,11.858272800000018,0,8.2463,1.9779,2.5288,1.8319,0.2338,0.0034,0.0098,0.0002,0.0361,0.0524,0.0035,0.0014,0.0129,0.0001,0.0024,0.0026,0.0002,0.0002,0.0096,0.0013,0.0006,0.0002,0.0033,0.1008,0.0251,0.0,0.0118,0.0,155.0,0.0,92.0,63.0,84.0,0.0,0.0,0.0,0.0,0.0,0.0,0.0,0.0,0.0,0.0,0.0,0.0,0.0,0.0,0.0,0.0,0.0,0.0,8.0,2.0,1.0
1422,11.866519100000017,0,8.3222,1.9286,2.5167,1.8506,0.2244,0.0037,0.0095,0.0003,0.0487,0.0649,0.0022,0.0009,0.0104,0.0002,0.0017,0.0022,0.0001,0.0002,0.0095,0.0014,0.0004,0.0001,0.0037,0.11,0.0214,0.0,0.0116,0.0,155.0,0.0,92.0,63.0,84.0,0.0,0.0,0.0,0.0,0.0,0.0,0.0,0.0,0.0,0.0,0.0,0.0,0.0,0.0,0.0,0.0,0.0,0.0,8.0,2.0,1.0
1423,11.874841300000018,0,8.1825,1.9038,2.4097,1.8922,0.2051,0.0035,0.0083,0.0002,0.0337,0.0486,0.0021,0.001,0.0101,0.0004,0.0016,0.0021,0.0001,0.0002,0.0078,0.0017,0.0005,0.0001,0.0032,0.0907,0.0215,0.0001,0.0127,0.0,155.0,0.0,92.0,63.0,84.0,0.0,0.0,0.0,0.0,0.0,0.0,0.0,0.0,0.0,0.0,0.0,0.0,0.0,0.0,0.0,0.0,0.0,0.0,8.0,2.0,1.0
1424,11.883023800000018,0,8.2035,2.0177,2.3447,1.8188,0.2078,0.0027,0.0078,0.0002,0.039,0.0521,0.0021,0.001,0.0114,0.0001,0.0014,0.0017,0.0001,0.0002,0.0088,0.0013,0.0005,0.0005,0.0033,0.0967,0.0262,0.0001,0.0131,0.0,155.0,0.0,92.0,63.0,84.0,0.0,0.0,0.0,0.0,0.0,0.0,0.0,0.0,0.0,0.0,0.0,0.0,0.0,0.0,0.0,0.0,0.0,0.0,8.0,2.0,1.0
1425,11.891227300000018,0,8.371,1.859,2.2667,1.6933,0.217,0.003,0.0084,0.0002,0.0335,0.048,0.0026,0.0008,0.0117,0.0002,0.0024,0.0019,0.0001,0.0002,0.0096,0.0013,0.0006,0.0001,0.0038,0.0977,0.0274,0.0,0.013,0.0,155.0,0.0,92.0,63.0,84.0,0.0,0.0,0.0,0.0,0.0,0.0,0.0,0.0,0.0,0.0,0.0,0.0,0.0,0.0,0.0,0.0,0.0,0.0,8.0,2.0,1.0
1426,11.899598300000019,0,8.3054,1.9428,2.3829,1.8818,0.267,0.0028,0.0072,0.0002,0.0531,0.0657,0.0037,0.001,0.0161,0.0005,0.0023,0.0022,0.0001,0.0001,0.0102,0.002,0.0006,0.0001,0.007,0.1336,0.0394,0.0001,0.0128,0.0,155.0,0.0,92.0,63.0,84.0,0.0,0.0,0.0,0.0,0.0,0.0,0.0,0.0,0.0,0.0,0.0,0.0,0.0,0.0,0.0,0.0,0.0,0.0,8.0,2.0,1.0
1427,11.907903700000018,0,8.3008,1.7956,2.1659,1.7781,0.1967,0.003,0.009,0.0002,0.0284,0.0429,0.0028,0.0011,0.0119,0.0002,0.0015,0.0021,0.0001,0.0001,0.0093,0.0014,0.0005,0.0001,0.0037,0.0884,0.0235,0.0,0.0136,0.0,155.0,0.0,92.0,63.0,84.0,0.0,0.0,0.0,0.0,0.0,0.0,0.0,0.0,0.0,0.0,0.0,0.0,0.0,0.0,0.0,0.0,0.0,0.0,8.0,2.0,1.0
1428,11.916204500000019,0,8.3227,1.8259,2.2043,1.7325,0.2028,0.0029,0.0093,0.0002,0.0397,0.0545,0.0027,0.0008,0.0104,0.0002,0.0013,0.0019,0.0,0.0001,0.0085,0.0016,0.0004,0.0001,0.0035,0.0962,0.0243,0.0,0.0134,0.0,155.0,0.0,92.0,63.0,84.0,0.0,0.0,0.0,0.0,0.0,0.0,0.0,0.0,0.0,0.0,0.0,0.0,0.0,0.0,0.0,0.0,0.0,0.0,8.0,2.0,1.0
1429,11.92452720000002,0,8.2504,1.9445,2.2022,1.743,0.1887,0.0026,0.0072,0.0002,0.0304,0.0423,0.0022,0.0008,0.0098,0.0001,0.0014,0.0017,0.0001,0.0001,0.0086,0.0016,0.0004,0.0001,0.0031,0.0849,0.0228,0.0,0.0118,0.0,155.0,0.0,92.0,63.0,84.0,0.0,0.0,0.0,0.0,0.0,0.0,0.0,0.0,0.0,0.0,0.0,0.0,0.0,0.0,0.0,0.0,0.0,0.0,8.0,2.0,1.0
1430,11.93277760000002,0,8.461,1.9185,2.3063,1.7561,0.3392,0.0029,0.0085,0.0001,0.1705,0.185,0.0036,0.0012,0.0153,0.0002,0.0017,0.0016,0.0001,0.0001,0.0092,0.0014,0.0004,0.0005,0.0035,0.2337,0.0239,0.0001,0.0143,0.0,155.0,0.0,92.0,63.0,84.0,0.0,0.0,0.0,0.0,0.0,0.0,0.0,0.0,0.0,0.0,0.0,0.0,0.0,0.0,0.0,0.0,0.0,0.0,8.0,2.0,1.0
1431,11.94123860000002,0,8.1744,1.8722,2.1505,1.719,0.1992,0.0037,0.0096,0.0007,0.0269,0.0438,0.0027,0.0008,0.0122,0.0001,0.0015,0.0015,0.0,0.0002,0.0073,0.0013,0.001,0.0,0.0035,0.0853,0.0221,0.0,0.0137,0.0,155.0,0.0,92.0,63.0,84.0,0.0,0.0,0.0,0.0,0.0,0.0,0.0,0.0,0.0,0.0,0.0,0.0,0.0,0.0,0.0,0.0,0.0,0.0,8.0,2.0,1.0
1432,11.94941300000002,0,8.2921,1.9212,2.0178,1.766,0.178,0.0023,0.0078,0.0001,0.0373,0.0496,0.0023,0.0006,0.0087,0.0002,0.0012,0.0012,0.0002,0.0001,0.0069,0.0011,0.0009,0.0001,0.0031,0.0849,0.0218,0.0001,0.0119,0.0,155.0,0.0,92.0,63.0,84.0,0.0,0.0,0.0,0.0,0.0,0.0,0.0,0.0,0.0,0.0,0.0,0.0,0.0,0.0,0.0,0.0,0.0,0.0,8.0,2.0,1.0
1433,11.95770510000002,0,8.519,1.9701,2.2779,1.7589,0.2189,0.0038,0.0101,0.0002,0.0322,0.0488,0.0024,0.0007,0.0117,0.0001,0.0024,0.0016,0.0001,0.0001,0.0107,0.0014,0.0006,0.0001,0.0036,0.0989,0.0269,0.0,0.0127,0.0,155.0,0.0,92.0,63.0,84.0,0.0,0.0,0.0,0.0,0.0,0.0,0.0,0.0,0.0,0.0,0.0,0.0,0.0,0.0,0.0,0.0,0.0,0.0,8.0,2.0,1.0
1434,11.96622410000002,0,8.4424,1.968,2.2475,1.8908,0.2191,0.0025,0.0085,0.0002,0.0493,0.0624,0.0033,0.0009,0.0129,0.0002,0.0019,0.0019,0.0002,0.0002,0.0113,0.0018,0.0004,0.0001,0.0047,0.1171,0.0203,0.0001,0.0116,0.0,155.0,0.0,92.0,63.0,84.0,0.0,0.0,0.0,0.0,0.0,0.0,0.0,0.0,0.0,0.0,0.0,0.0,0.0,0.0,0.0,0.0,0.0,0.0,8.0,2.0,1.0
1435,11.97466650000002,0,8.2069,1.8819,2.2714,1.7991,0.2036,0.0032,0.0075,0.0001,0.0336,0.0463,0.0024,0.0007,0.0121,0.0001,0.0016,0.0017,0.0001,0.0002,0.0101,0.0017,0.0005,0.0,0.0048,0.095,0.0292,0.0,0.0141,0.0,155.0,0.0,92.0,63.0,84.0,0.0,0.0,0.0,0.0,0.0,0.0,0.0,0.0,0.0,0.0,0.0,0.0,0.0,0.0,0.0,0.0,0.0,0.0,8.0,2.0,1.0
1436,11.982873400000019,0,8.3649,1.8687,2.3067,1.8302,0.2095,0.0029,0.009,0.0001,0.0455,0.0597,0.0019,0.001,0.0098,0.0002,0.0019,0.0021,0.0001,0.0001,0.0078,0.0017,0.0005,0.0,0.0032,0.101,0.024,0.0001,0.0132,0.0,155.0,0.0,92.0,63.0,84.0,0.0,0.0,0.0,0.0,0.0,0.0,0.0,0.0,0.0,0.0,0.0,0.0,0.0,0.0,0.0,0.0,0.0,0.0,8.0,2.0,1.0
1437,11.991238300000019,0,8.1988,2.0144,2.1739,1.7462,0.1891,0.0029,0.0078,0.0002,0.0317,0.0448,0.0023,0.0008,0.0098,0.0002,0.0017,0.0016,0.0001,0.0001,0.0085,0.0011,0.0004,0.0001,0.0033,0.085,0.0233,0.0001,0.0134,0.0,155.0,0.0,92.0,63.0,84.0,0.0,0.0,0.0,0.0,0.0,0.0,0.0,0.0,0.0,0.0,0.0,0.0,0.0,0.0,0.0,0.0,0.0,0.0,8.0,2.0,1.0
1438,11.99943710000002,0,8.6335,1.9132,2.3405,1.7787,0.2128,0.0029,0.0083,0.0002,0.0427,0.0567,0.002,0.0007,0.0103,0.0001,0.0014,0.0019,0.0001,0.0001,0.0082,0.0013,0.0005,0.0001,0.0031,0.0975,0.0223,0.0,0.0128,0.0,155.0,0.0,92.0,63.0,84.0,0.0,0.0,0.0,0.0,0.0,0.0,0.0,0.0,0.0,0.0,0.0,0.0,0.0,0.0,0.0,0.0,0.0,0.0,8.0,2.0,1.0
1439,12.00807060000002,0,8.1259,1.9547,2.3982,1.9174,0.2081,0.0027,0.0059,0.0002,0.0396,0.0505,0.0029,0.0007,0.0115,0.0001,0.0023,0.0016,0.0001,0.0001,0.0084,0.0012,0.0005,0.0001,0.0031,0.0989,0.0205,0.0,0.0137,0.0,155.0,0.0,92.0,63.0,84.0,0.0,0.0,0.0,0.0,0.0,0.0,0.0,0.0,0.0,0.0,0.0,0.0,0.0,0.0,0.0,0.0,0.0,0.0,8.0,2.0,1.0
1440,12.016196500000019,0,8.414,1.8876,2.0971,1.7596,0.211,0.0028,0.0088,0.0001,0.0396,0.0533,0.0024,0.0008,0.0102,0.0002,0.0014,0.0018,0.0001,0.0002,0.0077,0.0012,0.0004,0.0,0.0037,0.0962,0.0289,0.0001,0.0114,0.0,155.0,0.0,92.0,63.0,84.0,0.0,0.0,0.0,0.0,0.0,0.0,0.0,0.0,0.0,0.0,0.0,0.0,0.0,0.0,0.0,0.0,0.0,0.0,8.0,2.0,1.0
1441,12.02461050000002,0,8.4372,1.8826,2.3872,1.7103,0.2173,0.0037,0.0101,0.0001,0.0353,0.0516,0.0022,0.0008,0.012,0.0001,0.0013,0.0018,0.0001,0.0002,0.0091,0.0017,0.0007,0.0001,0.004,0.0978,0.0265,0.0,0.0138,0.0,155.0,0.0,92.0,63.0,84.0,0.0,0.0,0.0,0.0,0.0,0.0,0.0,0.0,0.0,0.0,0.0,0.0,0.0,0.0,0.0,0.0,0.0,0.0,8.0,2.0,1.0
1442,12.033047700000019,0,8.3184,1.9796,2.3577,1.8163,0.219,0.0036,0.0086,0.0002,0.046,0.061,0.0021,0.0008,0.0098,0.0001,0.0015,0.0023,0.0,0.0001,0.0088,0.0015,0.0005,0.0001,0.004,0.1057,0.0227,0.0001,0.0128,0.0,155.0,0.0,92.0,63.0,84.0,0.0,0.0,0.0,0.0,0.0,0.0,0.0,0.0,0.0,0.0,0.0,0.0,0.0,0.0,0.0,0.0,0.0,0.0,8.0,2.0,1.0
1443,12.041366100000019,0,8.0663,2.3276,2.3432,1.7099,0.1993,0.0038,0.009,0.0002,0.0261,0.0412,0.003,0.001,0.0123,0.0001,0.0016,0.0023,0.0001,0.0002,0.011,0.002,0.0005,0.0,0.0049,0.093,0.0269,0.0001,0.0111,0.0,155.0,0.0,92.0,63.0,84.0,0.0,0.0,0.0,0.0,0.0,0.0,0.0,0.0,0.0,0.0,0.0,0.0,0.0,0.0,0.0,0.0,0.0,0.0,8.0,2.0,1.0
1444,12.049432400000018,0,8.369,1.8121,2.2211,1.7452,0.2096,0.0034,0.0085,0.0007,0.041,0.0556,0.0023,0.0007,0.0105,0.0002,0.0018,0.0016,0.0,0.0003,0.0083,0.0014,0.0005,0.0001,0.0038,0.0981,0.0245,0.0001,0.0135,0.0,155.0,0.0,92.0,63.0,84.0,0.0,0.0,0.0,0.0,0.0,0.0,0.0,0.0,0.0,0.0,0.0,0.0,0.0,0.0,0.0,0.0,0.0,0.0,8.0,2.0,1.0
1445,12.057801400000018,0,8.5675,1.7916,2.2378,1.8888,0.2227,0.0031,0.0097,0.0003,0.0485,0.0643,0.0028,0.0006,0.0124,0.0002,0.0016,0.0021,0.0001,0.0002,0.0086,0.0016,0.0005,0.0001,0.0033,0.1083,0.0222,0.0001,0.0134,0.0,155.0,0.0,92.0,63.0,84.0,0.0,0.0,0.0,0.0,0.0,0.0,0.0,0.0,0.0,0.0,0.0,0.0,0.0,0.0,0.0,0.0,0.0,0.0,8.0,2.0,1.0
1446,12.066368900000018,0,8.3782,1.9785,2.4114,1.7456,0.2691,0.0025,0.0079,0.0002,0.06,0.0736,0.0034,0.0017,0.0162,0.0002,0.0027,0.002,0.0003,0.0001,0.0095,0.0019,0.0005,0.0001,0.0067,0.1368,0.0391,0.0001,0.0134,0.0,155.0,0.0,92.0,63.0,84.0,0.0,0.0,0.0,0.0,0.0,0.0,0.0,0.0,0.0,0.0,0.0,0.0,0.0,0.0,0.0,0.0,0.0,0.0,8.0,2.0,1.0
1447,12.074747100000017,0,8.433,2.16,2.5812,2.122,0.1958,0.0031,0.008,0.0002,0.0306,0.0442,0.002,0.0009,0.0097,0.0002,0.0019,0.0018,0.0004,0.0002,0.0082,0.0012,0.0005,0.0001,0.0032,0.0859,0.0218,0.0001,0.0124,0.0,155.0,0.0,92.0,63.0,84.0,0.0,0.0,0.0,0.0,0.0,0.0,0.0,0.0,0.0,0.0,0.0,0.0,0.0,0.0,0.0,0.0,0.0,0.0,8.0,2.0,1.0
1448,12.083180100000018,0,8.1164,2.2414,2.4011,1.9618,0.2585,0.0032,0.0097,0.0002,0.0521,0.0676,0.0034,0.001,0.0138,0.0001,0.0019,0.0015,0.0001,0.0001,0.0091,0.0014,0.0006,0.0001,0.0062,0.1221,0.0426,0.0,0.0126,0.0,155.0,0.0,92.0,63.0,84.0,0.0,0.0,0.0,0.0,0.0,0.0,0.0,0.0,0.0,0.0,0.0,0.0,0.0,0.0,0.0,0.0,0.0,0.0,8.0,2.0,1.0
1449,12.091296500000018,0,8.371,2.0371,2.317,1.9815,0.2368,0.0033,0.0085,0.0003,0.0568,0.0716,0.0028,0.0012,0.0149,0.0002,0.0021,0.0023,0.0002,0.0001,0.0102,0.0017,0.0009,0.0001,0.0046,0.1254,0.0246,0.0,0.0129,0.0,155.0,0.0,92.0,63.0,84.0,0.0,0.0,0.0,0.0,0.0,0.0,0.0,0.0,0.0,0.0,0.0,0.0,0.0,0.0,0.0,0.0,0.0,0.0,8.0,2.0,1.0
1450,12.099667500000018,0,8.2759,1.8788,2.4052,1.7952,0.339,0.0026,0.0079,0.0003,0.1682,0.1819,0.0027,0.0011,0.0123,0.0001,0.0018,0.0021,0.0001,0.0001,0.0087,0.0017,0.0005,0.0002,0.0037,0.2285,0.0242,0.0,0.012,0.0,155.0,0.0,92.0,63.0,84.0,0.0,0.0,0.0,0.0,0.0,0.0,0.0,0.0,0.0,0.0,0.0,0.0,0.0,0.0,0.0,0.0,0.0,0.0,8.0,2.0,1.0
1451,12.107943400000018,0,8.2662,1.9705,2.2113,1.8147,0.1887,0.0025,0.0072,0.0006,0.0315,0.0436,0.0022,0.0008,0.0101,0.0001,0.0022,0.0015,0.0,0.0001,0.0095,0.0012,0.001,0.0001,0.003,0.0855,0.0229,0.0001,0.0149,0.0,155.0,0.0,92.0,63.0,84.0,0.0,0.0,0.0,0.0,0.0,0.0,0.0,0.0,0.0,0.0,0.0,0.0,0.0,0.0,0.0,0.0,0.0,0.0,8.0,2.0,1.0
1452,12.116209600000017,0,8.1841,1.8961,2.1587,1.7363,0.1843,0.0028,0.008,0.0002,0.0377,0.0504,0.0019,0.0008,0.0091,0.0005,0.0014,0.0016,0.0001,0.0001,0.0085,0.0012,0.0005,0.0001,0.003,0.0901,0.0181,0.0,0.0111,0.0,155.0,0.0,92.0,63.0,84.0,0.0,0.0,0.0,0.0,0.0,0.0,0.0,0.0,0.0,0.0,0.0,0.0,0.0,0.0,0.0,0.0,0.0,0.0,8.0,2.0,1.0
1453,12.124393700000017,0,8.3863,1.8251,2.1123,1.7363,0.2041,0.0035,0.0092,0.0002,0.0301,0.0458,0.0027,0.0007,0.011,0.0002,0.0018,0.0017,0.0001,0.0001,0.0092,0.0013,0.0005,0.0001,0.0037,0.0925,0.0228,0.0001,0.0146,0.0,155.0,0.0,92.0,63.0,84.0,0.0,0.0,0.0,0.0,0.0,0.0,0.0,0.0,0.0,0.0,0.0,0.0,0.0,0.0,0.0,0.0,0.0,0.0,8.0,2.0,1.0
1454,12.132780000000016,0,8.3939,1.8966,2.1598,1.987,0.2049,0.003,0.0086,0.0002,0.0397,0.0535,0.0022,0.0007,0.0102,0.0002,0.0014,0.002,0.0001,0.0001,0.0084,0.0019,0.0005,0.0,0.0035,0.0966,0.0232,0.0,0.0125,0.0,155.0,0.0,92.0,63.0,84.0,0.0,0.0,0.0,0.0,0.0,0.0,0.0,0.0,0.0,0.0,0.0,0.0,0.0,0.0,0.0,0.0,0.0,0.0,8.0,2.0,1.0
1455,12.141173900000016,0,8.3043,1.9794,2.2395,1.9558,0.1906,0.0028,0.0077,0.0002,0.0269,0.0403,0.003,0.001,0.0121,0.0001,0.0022,0.0018,0.0,0.0006,0.0098,0.0018,0.0006,0.0001,0.0046,0.0894,0.0207,0.0001,0.0135,0.0,155.0,0.0,92.0,63.0,84.0,0.0,0.0,0.0,0.0,0.0,0.0,0.0,0.0,0.0,0.0,0.0,0.0,0.0,0.0,0.0,0.0,0.0,0.0,8.0,2.0,1.0
1456,12.149478200000017,0,8.3917,1.8555,2.2022,1.8824,0.1922,0.0027,0.0079,0.0002,0.0422,0.0548,0.0019,0.0008,0.0095,0.0001,0.0013,0.0019,0.0,0.0001,0.0072,0.0011,0.0004,0.0001,0.003,0.0927,0.0219,0.0,0.013,0.0,155.0,0.0,92.0,63.0,84.0,0.0,0.0,0.0,0.0,0.0,0.0,0.0,0.0,0.0,0.0,0.0,0.0,0.0,0.0,0.0,0.0,0.0,0.0,8.0,2.0,1.0
1457,12.157869900000017,0,8.2572,1.9508,2.2304,1.7613,0.2045,0.0026,0.0077,0.0002,0.0307,0.0437,0.0023,0.0009,0.0124,0.0007,0.0014,0.0017,0.0001,0.0002,0.0094,0.0016,0.0006,0.0,0.0048,0.0934,0.0301,0.0001,0.012,0.0,155.0,0.0,92.0,63.0,84.0,0.0,0.0,0.0,0.0,0.0,0.0,0.0,0.0,0.0,0.0,0.0,0.0,0.0,0.0,0.0,0.0,0.0,0.0,8.0,2.0,1.0
1458,12.166127100000017,0,8.6318,2.0733,2.2765,1.8338,0.2801,0.004,0.0096,0.0003,0.0496,0.0665,0.0035,0.001,0.0155,0.0002,0.0021,0.0016,0.0001,0.0001,0.0096,0.0017,0.0011,0.0001,0.0073,0.1335,0.043,0.0001,0.0123,0.0,155.0,0.0,92.0,63.0,82.0,0.0,0.0,0.0,0.0,0.0,0.0,0.0,0.0,0.0,0.0,0.0,0.0,0.0,0.0,0.0,0.0,0.0,0.0,8.0,2.0,1.0
1459,12.174758900000016,0,8.0022,1.9877,2.2562,1.8697,0.1867,0.0032,0.0072,0.0002,0.0295,0.0422,0.0024,0.0011,0.0104,0.0001,0.0016,0.0019,0.0002,0.0001,0.0084,0.0012,0.0005,0.0001,0.0031,0.0852,0.0231,0.0,0.0128,0.0,155.0,0.0,92.0,63.0,82.0,0.0,0.0,0.0,0.0,0.0,0.0,0.0,0.0,0.0,0.0,0.0,0.0,0.0,0.0,0.0,0.0,0.0,0.0,8.0,2.0,1.0
1460,12.182761100000016,0,8.4353,1.8699,2.1958,1.7799,0.2094,0.003,0.0083,0.0002,0.0372,0.0517,0.0023,0.0009,0.0105,0.0001,0.0016,0.0021,0.0001,0.0001,0.0087,0.0014,0.0005,0.0001,0.0036,0.0965,0.0233,0.0,0.0132,0.0,155.0,0.0,92.0,63.0,82.0,0.0,0.0,0.0,0.0,0.0,0.0,0.0,0.0,0.0,0.0,0.0,0.0,0.0,0.0,0.0,0.0,0.0,0.0,8.0,2.0,1.0
1461,12.191196400000017,0,8.2973,1.8945,2.2681,1.7901,0.2482,0.0036,0.0089,0.0002,0.0314,0.0467,0.0021,0.0011,0.0123,0.0001,0.0017,0.0018,0.0001,0.0001,0.0095,0.0013,0.0005,0.0006,0.0037,0.0943,0.0258,0.0001,0.0131,0.0,155.0,0.0,92.0,63.0,82.0,0.0,0.0,0.0,0.0,0.0,0.0,0.0,0.0,0.0,0.0,0.0,0.0,0.0,0.0,0.0,0.0,0.0,0.0,8.0,2.0,1.0
1462,12.199493700000017,0,8.2974,2.12,2.1919,1.8869,0.1986,0.0028,0.0079,0.0002,0.0391,0.0517,0.0024,0.0007,0.0117,0.0002,0.0015,0.0016,0.0001,0.0001,0.0081,0.002,0.0005,0.0001,0.0038,0.0968,0.022,0.0001,0.0131,0.0,155.0,0.0,92.0,63.0,82.0,0.0,0.0,0.0,0.0,0.0,0.0,0.0,0.0,0.0,0.0,0.0,0.0,0.0,0.0,0.0,0.0,0.0,0.0,8.0,2.0,1.0
1463,12.207791100000017,0,8.446,1.9699,2.1621,1.7725,0.2077,0.0029,0.0091,0.0002,0.0385,0.0529,0.0025,0.0007,0.0111,0.0002,0.0017,0.0022,0.0,0.0001,0.0082,0.0015,0.0004,0.0001,0.004,0.0972,0.0254,0.0,0.0138,0.0,155.0,0.0,92.0,63.0,82.0,0.0,0.0,0.0,0.0,0.0,0.0,0.0,0.0,0.0,0.0,0.0,0.0,0.0,0.0,0.0,0.0,0.0,0.0,8.0,2.0,1.0
1464,12.216237100000017,0,8.2023,1.9062,2.2646,1.752,0.2082,0.0036,0.0088,0.0003,0.0429,0.0579,0.0022,0.0007,0.0102,0.0001,0.0014,0.0019,0.0,0.0002,0.0079,0.0016,0.0006,0.0,0.0035,0.0996,0.0255,0.0,0.0131,0.0,155.0,0.0,92.0,63.0,82.0,0.0,0.0,0.0,0.0,0.0,0.0,0.0,0.0,0.0,0.0,0.0,0.0,0.0,0.0,0.0,0.0,0.0,0.0,8.0,2.0,1.0
1465,12.224439400000017,0,8.2273,2.1127,2.0338,1.8394,0.1875,0.0028,0.008,0.0002,0.031,0.0441,0.0018,0.0006,0.0097,0.0001,0.0012,0.0015,0.0001,0.0003,0.008,0.0012,0.0004,0.0001,0.0034,0.0844,0.0237,0.0,0.0138,0.0,155.0,0.0,92.0,63.0,80.0,0.0,0.0,0.0,0.0,0.0,0.0,0.0,0.0,0.0,0.0,0.0,0.0,0.0,0.0,0.0,0.0,0.0,0.0,8.0,2.0,1.0
1466,12.232666700000017,0,8.4112,1.8187,2.0653,1.7487,0.2051,0.0036,0.007,0.0001,0.0406,0.0544,0.002,0.0008,0.0108,0.0001,0.0017,0.0016,0.0,0.0001,0.0085,0.0013,0.0005,0.0001,0.0035,0.0964,0.0245,0.0001,0.0122,0.0,155.0,0.0,92.0,63.0,80.0,0.0,0.0,0.0,0.0,0.0,0.0,0.0,0.0,0.0,0.0,0.0,0.0,0.0,0.0,0.0,0.0,0.0,0.0,8.0,2.0,1.0
1467,12.241077900000016,0,8.3792,1.8914,1.9962,1.8166,0.1896,0.003,0.0071,0.0002,0.0297,0.0425,0.0022,0.0006,0.011,0.0002,0.0017,0.0015,0.0001,0.0004,0.0083,0.0019,0.0008,0.0001,0.0034,0.086,0.0194,0.0001,0.0123,0.0,155.0,0.0,92.0,63.0,80.0,0.0,0.0,0.0,0.0,0.0,0.0,0.0,0.0,0.0,0.0,0.0,0.0,0.0,0.0,0.0,0.0,0.0,0.0,8.0,2.0,1.0
1468,12.249457100000017,0,8.176,2.1116,2.1579,1.7876,0.1889,0.0024,0.0048,0.0001,0.0463,0.0558,0.0023,0.0007,0.0109,0.0001,0.0013,0.0013,0.0004,0.0001,0.0079,0.0013,0.001,0.0001,0.0033,0.098,0.0183,0.0001,0.0122,0.0,155.0,0.0,92.0,63.0,80.0,0.0,0.0,0.0,0.0,0.0,0.0,0.0,0.0,0.0,0.0,0.0,0.0,0.0,0.0,0.0,0.0,0.0,0.0,8.0,2.0,1.0
1469,12.257633100000017,0,8.4864,1.9041,1.9966,1.9004,0.2001,0.0033,0.0069,0.0002,0.0314,0.044,0.0022,0.0007,0.0108,0.0002,0.002,0.0017,0.0001,0.0005,0.0084,0.0013,0.0004,0.0001,0.0034,0.0886,0.023,0.0001,0.0122,0.0,155.0,0.0,92.0,63.0,80.0,0.0,0.0,0.0,0.0,0.0,0.0,0.0,0.0,0.0,0.0,0.0,0.0,0.0,0.0,0.0,0.0,0.0,0.0,8.0,2.0,1.0
1470,12.266119500000018,0,8.4084,2.0432,2.2869,1.7455,0.2185,0.0028,0.007,0.0002,0.0447,0.0578,0.0023,0.0008,0.0131,0.0002,0.0015,0.0021,0.0001,0.0001,0.0082,0.0016,0.0005,0.0,0.0036,0.1048,0.0243,0.0001,0.0123,0.0,155.0,0.0,92.0,63.0,80.0,0.0,0.0,0.0,0.0,0.0,0.0,0.0,0.0,0.0,0.0,0.0,0.0,0.0,0.0,0.0,0.0,0.0,0.0,8.0,2.0,1.0
1471,12.274527900000018,0,8.2919,2.0199,2.2106,1.9011,0.2079,0.0039,0.0073,0.0002,0.0302,0.0445,0.0031,0.0008,0.0128,0.0001,0.0021,0.002,0.0002,0.0002,0.0124,0.0014,0.0009,0.0,0.003,0.094,0.0225,0.0001,0.012,0.0,155.0,0.0,92.0,63.0,80.0,0.0,0.0,0.0,0.0,0.0,0.0,0.0,0.0,0.0,0.0,0.0,0.0,0.0,0.0,0.0,0.0,0.0,0.0,8.0,2.0,1.0
1472,12.282819800000018,0,8.3344,1.8916,2.1439,1.7565,0.2091,0.003,0.0056,0.0002,0.0459,0.0573,0.0024,0.0008,0.0104,0.0001,0.0014,0.0022,0.0,0.0001,0.0075,0.0012,0.0004,0.0001,0.0035,0.0995,0.0239,0.0001,0.012,0.0,155.0,0.0,92.0,63.0,80.0,0.0,0.0,0.0,0.0,0.0,0.0,0.0,0.0,0.0,0.0,0.0,0.0,0.0,0.0,0.0,0.0,0.0,0.0,8.0,2.0,1.0
1473,12.291154200000019,0,8.3988,1.9207,2.1546,1.8566,0.2011,0.0031,0.0069,0.0002,0.0358,0.0484,0.0023,0.0006,0.011,0.0001,0.0017,0.0016,0.0001,0.0002,0.0079,0.0012,0.0004,0.0,0.0037,0.0916,0.0202,0.0,0.0106,0.0,155.0,0.0,92.0,63.0,80.0,0.0,0.0,0.0,0.0,0.0,0.0,0.0,0.0,0.0,0.0,0.0,0.0,0.0,0.0,0.0,0.0,0.0,0.0,8.0,2.0,1.0
1474,12.299553000000019,0,8.2327,1.9312,2.3627,1.8265,0.2195,0.0028,0.0064,0.0002,0.0488,0.0605,0.0032,0.0009,0.0127,0.0001,0.0019,0.0018,0.0007,0.0002,0.0094,0.0019,0.0005,0.0,0.0044,0.1092,0.027,0.0001,0.0109,0.0,155.0,0.0,92.0,63.0,80.0,0.0,0.0,0.0,0.0,0.0,0.0,0.0,0.0,0.0,0.0,0.0,0.0,0.0,0.0,0.0,0.0,0.0,0.0,8.0,2.0,1.0
1475,12.30778570000002,0,8.4071,1.87,2.0427,1.7492,0.192,0.0032,0.0069,0.0002,0.0304,0.0428,0.0022,0.001,0.0113,0.0001,0.0016,0.0016,0.0002,0.0002,0.0081,0.0013,0.0005,0.0001,0.0036,0.0864,0.0191,0.0001,0.0127,0.0,155.0,0.0,92.0,63.0,80.0,0.0,0.0,0.0,0.0,0.0,0.0,0.0,0.0,0.0,0.0,0.0,0.0,0.0,0.0,0.0,0.0,0.0,0.0,8.0,2.0,1.0
1476,12.31619280000002,0,8.198,1.8294,2.2308,1.8939,0.1947,0.0028,0.0058,0.0002,0.0424,0.0537,0.0021,0.0006,0.0118,0.0002,0.0015,0.0015,0.0001,0.0001,0.008,0.0013,0.0005,0.0001,0.0035,0.0973,0.0207,0.0,0.0113,0.0,155.0,0.0,92.0,63.0,80.0,0.0,0.0,0.0,0.0,0.0,0.0,0.0,0.0,0.0,0.0,0.0,0.0,0.0,0.0,0.0,0.0,0.0,0.0,8.0,2.0,1.0
1477,12.32439080000002,0,8.4948,1.8869,2.1186,1.8505,0.2214,0.0031,0.0067,0.0001,0.0416,0.0538,0.002,0.0006,0.0099,0.0005,0.0013,0.0018,0.0001,0.0001,0.0078,0.001,0.0004,0.0001,0.0031,0.0981,0.035,0.0001,0.0125,0.0,155.0,0.0,92.0,63.0,80.0,0.0,0.0,0.0,0.0,0.0,0.0,0.0,0.0,0.0,0.0,0.0,0.0,0.0,0.0,0.0,0.0,0.0,0.0,8.0,2.0,1.0
1478,12.332885600000019,0,8.3533,1.9075,2.22,1.8343,0.214,0.0033,0.0074,0.0002,0.0483,0.0615,0.0032,0.0012,0.0118,0.0002,0.0016,0.0014,0.0001,0.0006,0.0084,0.0012,0.0004,0.0001,0.0037,0.1052,0.023,0.0001,0.0115,0.0,155.0,0.0,92.0,63.0,80.0,0.0,0.0,0.0,0.0,0.0,0.0,0.0,0.0,0.0,0.0,0.0,0.0,0.0,0.0,0.0,0.0,0.0,0.0,8.0,2.0,1.0
1479,12.341238900000018,0,8.2215,1.8512,2.2132,1.78,0.1957,0.003,0.0071,0.0002,0.0304,0.0428,0.0022,0.0007,0.0098,0.0001,0.0013,0.002,0.0,0.0002,0.0087,0.0019,0.0005,0.0,0.0035,0.0881,0.0216,0.0,0.0117,0.0,155.0,0.0,92.0,63.0,80.0,0.0,0.0,0.0,0.0,0.0,0.0,0.0,0.0,0.0,0.0,0.0,0.0,0.0,0.0,0.0,0.0,0.0,0.0,8.0,2.0,1.0
1480,12.349460400000018,0,8.4195,1.8231,2.2245,1.7619,0.1906,0.0027,0.0055,0.0002,0.0427,0.053,0.0021,0.0006,0.0095,0.0001,0.0016,0.0015,0.0,0.0001,0.0083,0.0015,0.0004,0.0001,0.003,0.0924,0.0209,0.0,0.0138,0.0,155.0,0.0,92.0,63.0,80.0,0.0,0.0,0.0,0.0,0.0,0.0,0.0,0.0,0.0,0.0,0.0,0.0,0.0,0.0,0.0,0.0,0.0,0.0,8.0,2.0,1.0
1481,12.357879900000018,0,8.3929,1.9402,2.3526,1.7708,0.2692,0.0033,0.0096,0.0002,0.0743,0.0895,0.0031,0.0009,0.0147,0.0001,0.0015,0.0027,0.0001,0.0001,0.0085,0.0019,0.0005,0.0001,0.0039,0.1397,0.0365,0.0,0.0137,0.0,155.0,0.0,92.0,63.0,82.0,0.0,0.0,0.0,0.0,0.0,0.0,0.0,0.0,0.0,0.0,0.0,0.0,0.0,0.0,0.0,0.0,0.0,0.0,8.0,2.0,1.0
1482,12.366272800000019,0,8.2092,1.8317,2.2012,1.7997,0.1901,0.0028,0.0081,0.0001,0.04,0.0532,0.002,0.0009,0.0091,0.0002,0.0019,0.0015,0.0,0.0001,0.0077,0.0014,0.0004,0.0,0.0032,0.0919,0.0186,0.0001,0.0137,0.0,155.0,0.0,92.0,63.0,82.0,0.0,0.0,0.0,0.0,0.0,0.0,0.0,0.0,0.0,0.0,0.0,0.0,0.0,0.0,0.0,0.0,0.0,0.0,8.0,2.0,1.0
1483,12.374482000000018,0,8.2295,2.0429,2.1603,1.8795,0.1711,0.0027,0.0077,0.0002,0.0305,0.0428,0.0017,0.0005,0.0087,0.0002,0.002,0.0013,0.0002,0.0006,0.008,0.0011,0.0004,0.0001,0.003,0.0803,0.0175,0.0,0.0129,0.0,155.0,0.0,92.0,63.0,82.0,0.0,0.0,0.0,0.0,0.0,0.0,0.0,0.0,0.0,0.0,0.0,0.0,0.0,0.0,0.0,0.0,0.0,0.0,8.0,2.0,1.0
1484,12.382711500000019,0,8.4477,1.926,2.0564,1.821,0.2109,0.0032,0.0088,0.0002,0.0404,0.0547,0.0021,0.0008,0.01,0.0001,0.0015,0.0018,0.0001,0.0002,0.0075,0.0012,0.0011,0.0001,0.0037,0.0971,0.0252,0.0,0.0125,0.0,155.0,0.0,92.0,63.0,82.0,0.0,0.0,0.0,0.0,0.0,0.0,0.0,0.0,0.0,0.0,0.0,0.0,0.0,0.0,0.0,0.0,0.0,0.0,8.0,2.0,1.0
1485,12.391159200000018,0,8.299,1.8443,2.2015,1.7359,0.2039,0.003,0.0089,0.0002,0.035,0.0497,0.0021,0.0008,0.011,0.0001,0.002,0.0015,0.0001,0.0001,0.0086,0.0014,0.0009,0.0001,0.0036,0.094,0.0199,0.0,0.0138,0.0,155.0,0.0,92.0,63.0,82.0,0.0,0.0,0.0,0.0,0.0,0.0,0.0,0.0,0.0,0.0,0.0,0.0,0.0,0.0,0.0,0.0,0.0,0.0,8.0,2.0,1.0
1486,12.399458200000018,0,8.4525,2.0186,2.2992,1.712,0.2131,0.0039,0.0092,0.0002,0.0337,0.0495,0.0029,0.0007,0.0154,0.0002,0.002,0.0018,0.0001,0.0003,0.0105,0.0018,0.0005,0.0001,0.003,0.1,0.0244,0.0001,0.0141,0.0,155.0,0.0,92.0,63.0,82.0,0.0,0.0,0.0,0.0,0.0,0.0,0.0,0.0,0.0,0.0,0.0,0.0,0.0,0.0,0.0,0.0,0.0,0.0,8.0,2.0,1.0
1487,12.407910700000018,0,8.1356,1.9907,2.097,1.7259,0.1745,0.0027,0.008,0.0002,0.0274,0.0404,0.0018,0.001,0.009,0.0001,0.0017,0.0016,0.0,0.0006,0.007,0.0014,0.0004,0.0,0.0032,0.0782,0.0221,0.0,0.0125,0.0,155.0,0.0,92.0,63.0,82.0,0.0,0.0,0.0,0.0,0.0,0.0,0.0,0.0,0.0,0.0,0.0,0.0,0.0,0.0,0.0,0.0,0.0,0.0,8.0,2.0,1.0
1488,12.416046300000017,0,8.4625,1.8345,2.2946,1.7665,0.221,0.003,0.0097,0.0002,0.0416,0.0577,0.0027,0.0009,0.0113,0.0002,0.0016,0.003,0.0001,0.0005,0.009,0.0014,0.0012,0.0,0.0039,0.105,0.0248,0.0001,0.0124,0.0,155.0,0.0,92.0,63.0,84.0,0.0,0.0,0.0,0.0,0.0,0.0,0.0,0.0,0.0,0.0,0.0,0.0,0.0,0.0,0.0,0.0,0.0,0.0,8.0,2.0,1.0
1489,12.424508800000018,0,8.2339,1.9367,2.0559,1.7335,0.1845,0.0027,0.0079,0.0002,0.0362,0.0486,0.002,0.0007,0.0097,0.0001,0.0019,0.0015,0.0001,0.0001,0.0077,0.0015,0.0005,0.0001,0.0035,0.0878,0.0204,0.0001,0.0132,0.0,155.0,0.0,92.0,63.0,84.0,0.0,0.0,0.0,0.0,0.0,0.0,0.0,0.0,0.0,0.0,0.0,0.0,0.0,0.0,0.0,0.0,0.0,0.0,8.0,2.0,1.0
1490,12.432742700000018,0,8.5364,1.8657,2.1437,1.7856,0.2241,0.0029,0.009,0.0002,0.0414,0.0554,0.0032,0.0009,0.0127,0.0001,0.0016,0.0022,0.0001,0.0002,0.0106,0.0015,0.001,0.0001,0.0053,0.1089,0.0271,0.0001,0.0129,0.0,155.0,0.0,92.0,63.0,84.0,0.0,0.0,0.0,0.0,0.0,0.0,0.0,0.0,0.0,0.0,0.0,0.0,0.0,0.0,0.0,0.0,0.0,0.0,8.0,2.0,1.0
1491,12.441279100000019,0,8.0708,1.8933,2.1611,1.7562,0.1789,0.0031,0.0075,0.0001,0.0273,0.0399,0.0024,0.0007,0.0095,0.0001,0.0012,0.002,0.0,0.0001,0.0075,0.0011,0.0005,0.0001,0.003,0.0792,0.0228,0.0001,0.0125,0.0,155.0,0.0,92.0,63.0,84.0,0.0,0.0,0.0,0.0,0.0,0.0,0.0,0.0,0.0,0.0,0.0,0.0,0.0,0.0,0.0,0.0,0.0,0.0,8.0,2.0,1.0
1492,12.44934990000002,0,8.3961,2.0827,2.1309,1.7327,0.1907,0.0025,0.0074,0.0002,0.0443,0.0565,0.0019,0.0007,0.0088,0.0002,0.0015,0.0013,0.0,0.0001,0.0077,0.0015,0.0004,0.0001,0.0035,0.094,0.0227,0.0,0.0122,0.0,155.0,0.0,92.0,63.0,84.0,0.0,0.0,0.0,0.0,0.0,0.0,0.0,0.0,0.0,0.0,0.0,0.0,0.0,0.0,0.0,0.0,0.0,0.0,8.0,2.0,1.0
1493,12.45774600000002,0,8.295,1.896,2.0565,1.847,0.1908,0.0029,0.0087,0.0002,0.0308,0.0446,0.0022,0.0008,0.0094,0.0001,0.0018,0.0014,0.0,0.0001,0.0078,0.0014,0.0005,0.0001,0.0037,0.0851,0.0196,0.0001,0.0121,0.0,155.0,0.0,92.0,63.0,84.0,0.0,0.0,0.0,0.0,0.0,0.0,0.0,0.0,0.0,0.0,0.0,0.0,0.0,0.0,0.0,0.0,0.0,0.0,8.0,2.0,1.0
1494,12.46604100000002,0,8.4819,2.0044,2.1685,1.7698,0.2086,0.0032,0.0092,0.0002,0.0402,0.0553,0.0021,0.001,0.0105,0.0001,0.0016,0.0015,0.0001,0.0001,0.0076,0.0013,0.0004,0.0001,0.0036,0.0974,0.0234,0.0,0.0126,0.0,155.0,0.0,92.0,63.0,84.0,0.0,0.0,0.0,0.0,0.0,0.0,0.0,0.0,0.0,0.0,0.0,0.0,0.0,0.0,0.0,0.0,0.0,0.0,8.0,2.0,1.0
1495,12.47452290000002,0,8.2003,1.8654,2.1554,1.8213,0.1831,0.0031,0.0071,0.0002,0.0299,0.0423,0.0019,0.0007,0.0093,0.0002,0.0012,0.0019,0.0002,0.0001,0.0074,0.0012,0.0005,0.0001,0.0033,0.081,0.0238,0.0,0.0137,0.0,155.0,0.0,92.0,63.0,84.0,0.0,0.0,0.0,0.0,0.0,0.0,0.0,0.0,0.0,0.0,0.0,0.0,0.0,0.0,0.0,0.0,0.0,0.0,8.0,2.0,1.0
1496,12.48272320000002,0,8.3669,2.0278,2.0873,1.7779,0.1996,0.0031,0.0089,0.0001,0.042,0.0564,0.0022,0.0007,0.0102,0.0001,0.0015,0.0018,0.0,0.0001,0.0079,0.0012,0.0006,0.0,0.0037,0.0976,0.0204,0.0,0.0132,0.0,155.0,0.0,92.0,63.0,84.0,0.0,0.0,0.0,0.0,0.0,0.0,0.0,0.0,0.0,0.0,0.0,0.0,0.0,0.0,0.0,0.0,0.0,0.0,8.0,2.0,1.0
1497,12.49109010000002,0,8.476,1.9652,2.2256,1.8192,0.209,0.0029,0.0088,0.0002,0.034,0.0479,0.0022,0.0012,0.0113,0.0002,0.0018,0.0015,0.0,0.0001,0.0081,0.0014,0.0004,0.0,0.0037,0.0926,0.0258,0.0001,0.0135,0.0,155.0,0.0,92.0,63.0,84.0,0.0,0.0,0.0,0.0,0.0,0.0,0.0,0.0,0.0,0.0,0.0,0.0,0.0,0.0,0.0,0.0,0.0,0.0,8.0,2.0,1.0
1498,12.49956610000002,0,8.1849,2.0658,2.2206,1.8081,0.1959,0.0028,0.0082,0.0002,0.0407,0.055,0.0021,0.0007,0.0095,0.0001,0.0018,0.0014,0.0001,0.0001,0.0078,0.0011,0.0005,0.0,0.0032,0.0941,0.024,0.0,0.0136,0.0,155.0,0.0,92.0,63.0,84.0,0.0,0.0,0.0,0.0,0.0,0.0,0.0,0.0,0.0,0.0,0.0,0.0,0.0,0.0,0.0,0.0,0.0,0.0,8.0,2.0,1.0
1499,12.50775100000002,0,8.4052,1.9775,2.0916,1.7458,0.1837,0.0026,0.0084,0.0002,0.0343,0.0476,0.0024,0.0008,0.0101,0.0001,0.0013,0.0019,0.0,0.0001,0.0078,0.0011,0.0007,0.0,0.003,0.0857,0.0218,0.0,0.0127,0.0,155.0,0.0,92.0,63.0,84.0,0.0,0.0,0.0,0.0,0.0,0.0,0.0,0.0,0.0,0.0,0.0,0.0,0.0,0.0,0.0,0.0,0.0,0.0,8.0,2.0,1.0
1500,12.51615620000002,0,8.5727,1.9363,2.4048,1.8019,0.2839,0.0033,0.0092,0.0002,0.0618,0.0775,0.0034,0.0014,0.0172,0.0003,0.0029,0.0018,0.0001,0.0002,0.0105,0.0015,0.0009,0.0001,0.0066,0.1435,0.0398,0.0001,0.011,0.0,155.0,0.0,92.0,63.0,84.0,0.0,0.0,0.0,0.0,0.0,0.0,0.0,0.0,0.0,0.0,0.0,0.0,0.0,0.0,0.0,0.0,0.0,0.0,8.0,2.0,1.0
1501,12.52472890000002,0,8.2064,1.9619,2.3387,1.7952,0.2098,0.0028,0.0095,0.0002,0.0282,0.043,0.0025,0.0012,0.0127,0.0001,0.0019,0.002,0.0001,0.0005,0.0103,0.002,0.0006,0.0002,0.0047,0.0947,0.0268,0.0,0.0155,0.0,155.0,0.0,92.0,63.0,84.0,0.0,0.0,0.0,0.0,0.0,0.0,0.0,0.0,0.0,0.0,0.0,0.0,0.0,0.0,0.0,0.0,0.0,0.0,8.0,2.0,1.0
1502,12.532935300000021,0,8.2665,1.8833,2.2021,1.7796,0.1942,0.0048,0.0098,0.0002,0.0268,0.0437,0.0019,0.0007,0.0107,0.0002,0.0015,0.0016,0.0001,0.0001,0.0089,0.0013,0.0004,0.0001,0.0036,0.0865,0.0231,0.0,0.0133,0.0,155.0,0.0,92.0,63.0,84.0,0.0,0.0,0.0,0.0,0.0,0.0,0.0,0.0,0.0,0.0,0.0,0.0,0.0,0.0,0.0,0.0,0.0,0.0,8.0,2.0,1.0
1503,12.541201800000021,0,8.1591,1.843,2.1479,1.8825,0.1762,0.0026,0.0072,0.0002,0.0284,0.0402,0.002,0.0006,0.0092,0.0001,0.0013,0.0018,0.0001,0.0002,0.0081,0.0011,0.0005,0.0,0.0031,0.0785,0.0211,0.0,0.0129,0.0,155.0,0.0,92.0,63.0,84.0,0.0,0.0,0.0,0.0,0.0,0.0,0.0,0.0,0.0,0.0,0.0,0.0,0.0,0.0,0.0,0.0,0.0,0.0,8.0,2.0,1.0
1504,12.549360900000021,0,8.4337,1.8538,2.0438,1.8024,0.1834,0.0026,0.008,0.0003,0.0403,0.0532,0.0019,0.0005,0.0087,0.0001,0.0011,0.0013,0.0,0.0001,0.0077,0.0011,0.0004,0.0001,0.0031,0.0904,0.021,0.0,0.0121,0.0,155.0,0.0,92.0,63.0,84.0,0.0,0.0,0.0,0.0,0.0,0.0,0.0,0.0,0.0,0.0,0.0,0.0,0.0,0.0,0.0,0.0,0.0,0.0,8.0,2.0,1.0
1505,12.55779460000002,0,8.3527,1.8582,2.2679,1.8024,0.2056,0.0038,0.0097,0.0002,0.0322,0.0481,0.0024,0.0008,0.01,0.0002,0.0014,0.0017,0.0001,0.0001,0.0084,0.0013,0.001,0.0001,0.0036,0.0916,0.0258,0.0001,0.013,0.0,155.0,0.0,92.0,63.0,84.0,0.0,0.0,0.0,0.0,0.0,0.0,0.0,0.0,0.0,0.0,0.0,0.0,0.0,0.0,0.0,0.0,0.0,0.0,8.0,2.0,1.0
1506,12.56614730000002,0,8.6085,2.0837,2.2064,1.7862,0.2095,0.0029,0.0089,0.0003,0.0418,0.0566,0.0022,0.0008,0.0102,0.0001,0.0016,0.0014,0.0002,0.0001,0.009,0.0013,0.0008,0.0001,0.0038,0.0995,0.0229,0.0,0.0109,0.0,155.0,0.0,92.0,63.0,84.0,0.0,0.0,0.0,0.0,0.0,0.0,0.0,0.0,0.0,0.0,0.0,0.0,0.0,0.0,0.0,0.0,0.0,0.0,8.0,2.0,1.0
1507,12.57475580000002,0,8.0762,1.8832,2.3844,1.8273,0.1861,0.0042,0.0078,0.0002,0.029,0.0429,0.0025,0.0008,0.0098,0.0002,0.0014,0.0021,0.0001,0.0001,0.0078,0.0011,0.0004,0.0001,0.003,0.0827,0.0233,0.0,0.0127,0.0,155.0,0.0,92.0,63.0,84.0,0.0,0.0,0.0,0.0,0.0,0.0,0.0,0.0,0.0,0.0,0.0,0.0,0.0,0.0,0.0,0.0,0.0,0.0,8.0,2.0,1.0
1508,12.58283200000002,0,8.3479,1.8193,2.2322,1.918,0.2116,0.0032,0.0091,0.0002,0.0411,0.0564,0.0022,0.0007,0.01,0.0001,0.0016,0.0017,0.0,0.0006,0.0085,0.0012,0.0005,0.0,0.0036,0.0991,0.0247,0.0,0.0129,0.0,155.0,0.0,92.0,63.0,84.0,0.0,0.0,0.0,0.0,0.0,0.0,0.0,0.0,0.0,0.0,0.0,0.0,0.0,0.0,0.0,0.0,0.0,0.0,8.0,2.0,1.0
1509,12.59117990000002,0,8.2526,2.032,2.2121,1.7265,0.2043,0.0029,0.0086,0.0002,0.0336,0.0482,0.0022,0.0008,0.0104,0.0001,0.0017,0.0016,0.0,0.0005,0.0083,0.0012,0.0004,0.0,0.0036,0.091,0.0222,0.0,0.0128,0.0,155.0,0.0,92.0,63.0,84.0,0.0,0.0,0.0,0.0,0.0,0.0,0.0,0.0,0.0,0.0,0.0,0.0,0.0,0.0,0.0,0.0,0.0,0.0,8.0,2.0,1.0
1510,12.59943250000002,0,8.4134,1.8272,2.2076,1.801,0.211,0.0032,0.0087,0.0002,0.0401,0.0548,0.0023,0.0012,0.0113,0.0001,0.0017,0.0015,0.0,0.0005,0.0092,0.0013,0.0009,0.0001,0.0038,0.1003,0.0234,0.0001,0.0137,0.0,155.0,0.0,92.0,63.0,84.0,0.0,0.0,0.0,0.0,0.0,0.0,0.0,0.0,0.0,0.0,0.0,0.0,0.0,0.0,0.0,0.0,0.0,0.0,8.0,2.0,1.0
1511,12.60784590000002,0,8.3378,1.8366,2.0046,1.7648,0.1963,0.003,0.0086,0.0002,0.0306,0.0444,0.0023,0.0007,0.0106,0.0002,0.0017,0.0015,0.0001,0.0001,0.0082,0.0013,0.0005,0.0001,0.0036,0.0872,0.0221,0.0,0.0128,0.0,155.0,0.0,92.0,63.0,86.0,0.0,0.0,0.0,0.0,0.0,0.0,0.0,0.0,0.0,0.0,0.0,0.0,0.0,0.0,0.0,0.0,0.0,0.0,8.0,2.0,1.0
1512,12.61618370000002,0,8.302,1.7814,2.1943,1.7836,0.193,0.0029,0.0102,0.0002,0.0316,0.0472,0.0019,0.0008,0.0096,0.0002,0.0013,0.0015,0.0001,0.0001,0.0073,0.0013,0.0005,0.0001,0.0036,0.0865,0.0217,0.0,0.014,0.0,155.0,0.0,92.0,63.0,86.0,0.0,0.0,0.0,0.0,0.0,0.0,0.0,0.0,0.0,0.0,0.0,0.0,0.0,0.0,0.0,0.0,0.0,0.0,8.0,2.0,1.0
1513,12.62448570000002,0,8.2476,1.9275,2.1563,1.8713,0.181,0.003,0.0081,0.0002,0.0276,0.0413,0.0019,0.0007,0.0098,0.0004,0.0013,0.002,0.0001,0.0001,0.0077,0.0012,0.0005,0.0001,0.0032,0.082,0.0222,0.0,0.0131,0.0,155.0,0.0,92.0,63.0,84.0,0.0,0.0,0.0,0.0,0.0,0.0,0.0,0.0,0.0,0.0,0.0,0.0,0.0,0.0,0.0,0.0,0.0,0.0,8.0,2.0,1.0
1514,12.632733300000021,0,8.3669,2.0074,2.1291,1.8454,0.213,0.0028,0.0088,0.0002,0.0432,0.0575,0.0024,0.0007,0.0107,0.0002,0.0012,0.0021,0.0001,0.0001,0.0086,0.0019,0.0004,0.0001,0.0036,0.1024,0.0232,0.0,0.0139,0.0,155.0,0.0,92.0,63.0,84.0,0.0,0.0,0.0,0.0,0.0,0.0,0.0,0.0,0.0,0.0,0.0,0.0,0.0,0.0,0.0,0.0,0.0,0.0,8.0,2.0,1.0
1515,12.641100200000022,0,8.6451,1.9432,2.4118,1.8786,0.2036,0.003,0.0072,0.0002,0.0346,0.0473,0.0023,0.0007,0.0097,0.0001,0.0013,0.0022,0.0001,0.0002,0.0085,0.0018,0.0005,0.0001,0.0033,0.0889,0.0225,0.0001,0.0119,0.0,155.0,0.0,92.0,63.0,84.0,0.0,0.0,0.0,0.0,0.0,0.0,0.0,0.0,0.0,0.0,0.0,0.0,0.0,0.0,0.0,0.0,0.0,0.0,8.0,2.0,1.0
1516,12.649745300000022,0,8.0832,2.0154,2.2245,1.843,0.1892,0.0026,0.009,0.0002,0.0442,0.0581,0.0018,0.0007,0.0086,0.0001,0.0017,0.0014,0.0,0.0001,0.0077,0.0012,0.0005,0.0001,0.0031,0.0941,0.0185,0.0,0.013,0.0,155.0,0.0,92.0,63.0,86.0,0.0,0.0,0.0,0.0,0.0,0.0,0.0,0.0,0.0,0.0,0.0,0.0,0.0,0.0,0.0,0.0,0.0,0.0,8.0,2.0,1.0
1517,12.657828500000022,0,8.3305,1.7691,2.1901,1.7173,0.2043,0.0033,0.0092,0.0002,0.03,0.0451,0.0022,0.0009,0.01,0.0001,0.0019,0.0015,0.0001,0.0002,0.0085,0.0013,0.0011,0.0,0.0037,0.0901,0.0265,0.0,0.0127,0.0,155.0,0.0,92.0,63.0,86.0,0.0,0.0,0.0,0.0,0.0,0.0,0.0,0.0,0.0,0.0,0.0,0.0,0.0,0.0,0.0,0.0,0.0,0.0,8.0,2.0,1.0
1518,12.666159000000022,0,8.3661,1.8025,2.2078,1.7886,0.2144,0.0032,0.0089,0.0003,0.0382,0.0529,0.0022,0.0013,0.0115,0.0002,0.0015,0.0016,0.0,0.0002,0.0087,0.0014,0.0011,0.0001,0.0037,0.0983,0.0262,0.0,0.0131,0.0,155.0,0.0,92.0,63.0,86.0,0.0,0.0,0.0,0.0,0.0,0.0,0.0,0.0,0.0,0.0,0.0,0.0,0.0,0.0,0.0,0.0,0.0,0.0,8.0,2.0,1.0
1519,12.674525100000022,0,8.146,1.8462,2.062,1.8159,0.1735,0.0026,0.0074,0.0001,0.0296,0.042,0.0024,0.0005,0.0086,0.0001,0.0012,0.0015,0.0,0.0001,0.0077,0.0011,0.0004,0.0,0.0032,0.0783,0.0193,0.0,0.0133,0.0,155.0,0.0,92.0,63.0,86.0,0.0,0.0,0.0,0.0,0.0,0.0,0.0,0.0,0.0,0.0,0.0,0.0,0.0,0.0,0.0,0.0,0.0,0.0,8.0,2.0,1.0
1520,12.682671100000022,0,8.5053,1.8516,2.1875,1.8344,0.211,0.0029,0.0088,0.0002,0.0406,0.0545,0.0026,0.0008,0.0111,0.0002,0.0019,0.0015,0.0001,0.0002,0.0078,0.0016,0.0004,0.0001,0.0037,0.1004,0.0238,0.0,0.0137,0.0,155.0,0.0,92.0,63.0,86.0,0.0,0.0,0.0,0.0,0.0,0.0,0.0,0.0,0.0,0.0,0.0,0.0,0.0,0.0,0.0,0.0,0.0,0.0,8.0,2.0,1.0
1521,12.691176400000021,0,8.4078,1.8216,2.2987,1.8354,0.2061,0.0033,0.0095,0.0002,0.0301,0.0456,0.0031,0.0008,0.0124,0.0001,0.002,0.0018,0.0001,0.0005,0.0096,0.0015,0.0004,0.0001,0.0051,0.1007,0.0257,0.0,0.0145,0.0,155.0,0.0,92.0,63.0,86.0,0.0,0.0,0.0,0.0,0.0,0.0,0.0,0.0,0.0,0.0,0.0,0.0,0.0,0.0,0.0,0.0,0.0,0.0,8.0,2.0,1.0
1522,12.699584200000022,0,8.2941,1.9251,2.1949,1.7976,0.2021,0.0024,0.0078,0.0002,0.0398,0.0521,0.0027,0.0008,0.0119,0.0001,0.0014,0.0018,0.0001,0.0001,0.008,0.0017,0.0005,0.0,0.0038,0.0966,0.0248,0.0,0.0135,0.0,155.0,0.0,92.0,63.0,88.0,0.0,0.0,0.0,0.0,0.0,0.0,0.0,0.0,0.0,0.0,0.0,0.0,0.0,0.0,0.0,0.0,0.0,0.0,8.0,2.0,1.0
1523,12.707878300000022,0,8.1565,1.883,2.1111,1.71,0.1944,0.0032,0.0085,0.0001,0.0288,0.0431,0.0021,0.0011,0.0103,0.0006,0.0015,0.0021,0.0001,0.0001,0.0079,0.0014,0.0005,0.0001,0.0038,0.0882,0.0217,0.0,0.013,0.0,155.0,0.0,92.0,63.0,88.0,0.0,0.0,0.0,0.0,0.0,0.0,0.0,0.0,0.0,0.0,0.0,0.0,0.0,0.0,0.0,0.0,0.0,0.0,8.0,2.0,1.0
1524,12.716034800000022,0,8.4767,1.7639,2.1993,1.7474,0.1966,0.0027,0.0087,0.0001,0.0383,0.052,0.0019,0.0006,0.0092,0.0001,0.0012,0.0019,0.0001,0.0001,0.0084,0.0018,0.0005,0.0001,0.005,0.0965,0.0221,0.0001,0.0116,0.0,155.0,0.0,92.0,63.0,88.0,0.0,0.0,0.0,0.0,0.0,0.0,0.0,0.0,0.0,0.0,0.0,0.0,0.0,0.0,0.0,0.0,0.0,0.0,8.0,2.0,1.0
1525,12.724511500000022,0,8.2256,1.8867,2.0822,1.7231,0.1763,0.0031,0.0085,0.0002,0.0347,0.0484,0.002,0.0006,0.0084,0.0001,0.0016,0.0014,0.0001,0.0001,0.0076,0.0012,0.0005,0.0,0.0033,0.0858,0.0186,0.0,0.0123,0.0,155.0,0.0,92.0,63.0,88.0,0.0,0.0,0.0,0.0,0.0,0.0,0.0,0.0,0.0,0.0,0.0,0.0,0.0,0.0,0.0,0.0,0.0,0.0,8.0,2.0,1.0
1526,12.732737100000021,0,8.4119,1.8957,2.1987,1.7575,0.2108,0.0039,0.0093,0.0003,0.0378,0.0539,0.0022,0.0013,0.0111,0.0002,0.0017,0.0015,0.0,0.0001,0.0082,0.0012,0.0005,0.0001,0.0037,0.0978,0.0261,0.0,0.0126,0.0,155.0,0.0,92.0,63.0,88.0,0.0,0.0,0.0,0.0,0.0,0.0,0.0,0.0,0.0,0.0,0.0,0.0,0.0,0.0,0.0,0.0,0.0,0.0,8.0,2.0,1.0
1527,12.741149000000021,0,8.2382,1.9772,2.0627,1.6754,0.196,0.0049,0.0101,0.0003,0.0366,0.0545,0.0036,0.0006,0.0125,0.0002,0.0018,0.0026,0.0002,0.0001,0.0097,0.0013,0.0006,0.0001,0.0031,0.1006,0.0239,0.0,0.0121,0.0,155.0,0.0,92.0,63.0,88.0,0.0,0.0,0.0,0.0,0.0,0.0,0.0,0.0,0.0,0.0,0.0,0.0,0.0,0.0,0.0,0.0,0.0,0.0,8.0,2.0,1.0
1528,12.74938720000002,0,8.3666,1.9083,2.1253,1.7719,0.1876,0.0029,0.0076,0.0002,0.037,0.0499,0.002,0.0007,0.0093,0.0002,0.0017,0.0013,0.0001,0.0006,0.0068,0.0015,0.0005,0.0001,0.0031,0.0875,0.0205,0.0001,0.0147,0.0,155.0,0.0,92.0,63.0,88.0,0.0,0.0,0.0,0.0,0.0,0.0,0.0,0.0,0.0,0.0,0.0,0.0,0.0,0.0,0.0,0.0,0.0,0.0,8.0,2.0,1.0
1529,12.757753800000021,0,8.3239,1.951,2.1155,1.8569,0.1844,0.0029,0.0082,0.0002,0.0334,0.0476,0.0023,0.0007,0.0093,0.0001,0.0016,0.0015,0.0001,0.0001,0.0076,0.0012,0.0004,0.0,0.0031,0.0863,0.0192,0.0,0.0129,0.0,155.0,0.0,92.0,63.0,88.0,0.0,0.0,0.0,0.0,0.0,0.0,0.0,0.0,0.0,0.0,0.0,0.0,0.0,0.0,0.0,0.0,0.0,0.0,8.0,2.0,1.0
1530,12.766077700000022,0,8.343,1.8947,2.1187,1.7678,0.2012,0.0031,0.0088,0.0002,0.0397,0.0544,0.0023,0.0012,0.011,0.0001,0.0017,0.0015,0.0,0.0005,0.0072,0.0012,0.0005,0.0001,0.0037,0.0964,0.0197,0.0001,0.0131,0.0,155.0,0.0,92.0,63.0,88.0,0.0,0.0,0.0,0.0,0.0,0.0,0.0,0.0,0.0,0.0,0.0,0.0,0.0,0.0,0.0,0.0,0.0,0.0,8.0,2.0,1.0
1531,12.774420700000022,0,8.3413,2.1794,2.1288,1.8091,0.1856,0.0032,0.0079,0.0002,0.0287,0.0421,0.002,0.0008,0.0092,0.0001,0.0014,0.0021,0.0002,0.0001,0.0076,0.0012,0.0005,0.0,0.0033,0.0821,0.0223,0.0,0.0117,0.0,155.0,0.0,92.0,63.0,88.0,0.0,0.0,0.0,0.0,0.0,0.0,0.0,0.0,0.0,0.0,0.0,0.0,0.0,0.0,0.0,0.0,0.0,0.0,8.0,2.0,1.0
1532,12.782762000000021,0,8.3736,2.1925,2.1351,1.791,0.2071,0.003,0.0097,0.0002,0.0441,0.0595,0.0023,0.0007,0.0097,0.0001,0.0017,0.0016,0.0001,0.0001,0.008,0.0012,0.0004,0.0001,0.0041,0.1009,0.0224,0.0,0.0133,0.0,155.0,0.0,92.0,63.0,88.0,0.0,0.0,0.0,0.0,0.0,0.0,0.0,0.0,0.0,0.0,0.0,0.0,0.0,0.0,0.0,0.0,0.0,0.0,8.0,2.0,1.0
1533,12.791135600000022,0,8.3098,1.8153,2.1483,1.7666,0.203,0.0032,0.009,0.0003,0.0363,0.0511,0.0022,0.0007,0.01,0.0001,0.0015,0.0017,0.0001,0.0001,0.0081,0.0018,0.0008,0.0,0.0039,0.0941,0.0202,0.0001,0.0119,0.0,155.0,0.0,92.0,63.0,88.0,0.0,0.0,0.0,0.0,0.0,0.0,0.0,0.0,0.0,0.0,0.0,0.0,0.0,0.0,0.0,0.0,0.0,0.0,8.0,2.0,1.0
1534,12.799445400000021,0,8.3113,1.9629,2.1594,1.7496,0.1901,0.0027,0.0083,0.0002,0.0387,0.0519,0.0024,0.0007,0.0099,0.0001,0.0013,0.0018,0.0,0.0001,0.0071,0.0011,0.0005,0.0,0.0033,0.0899,0.0242,0.0001,0.0151,0.0,155.0,0.0,92.0,63.0,88.0,0.0,0.0,0.0,0.0,0.0,0.0,0.0,0.0,0.0,0.0,0.0,0.0,0.0,0.0,0.0,0.0,0.0,0.0,8.0,2.0,1.0
1535,12.807756700000022,0,8.298,1.83,2.0416,1.7511,0.2065,0.0041,0.0099,0.0001,0.0366,0.0535,0.0022,0.0008,0.0109,0.0001,0.0019,0.0015,0.0001,0.0006,0.0079,0.0013,0.0005,0.0,0.0038,0.0975,0.0232,0.0,0.0142,0.0,155.0,0.0,92.0,63.0,88.0,0.0,0.0,0.0,0.0,0.0,0.0,0.0,0.0,0.0,0.0,0.0,0.0,0.0,0.0,0.0,0.0,0.0,0.0,8.0,2.0,1.0
1536,12.816054700000022,0,8.6484,1.8816,2.4088,1.7664,0.2672,0.0032,0.0087,0.0003,0.058,0.0732,0.0033,0.0013,0.0169,0.0002,0.0023,0.0017,0.0001,0.0002,0.0098,0.002,0.0005,0.0001,0.0053,0.1347,0.0393,0.0,0.0156,0.0,155.0,0.0,92.0,63.0,90.0,0.0,0.0,0.0,0.0,0.0,0.0,0.0,0.0,0.0,0.0,0.0,0.0,0.0,0.0,0.0,0.0,0.0,0.0,8.0,2.0,1.0
1537,12.824703100000022,0,8.0643,1.8815,2.0681,1.6777,0.1918,0.0028,0.0077,0.0002,0.0322,0.045,0.0021,0.0012,0.0102,0.0001,0.0019,0.0017,0.0001,0.0001,0.0084,0.0012,0.0005,0.0002,0.0033,0.0859,0.0204,0.0,0.0119,0.0,155.0,0.0,92.0,63.0,90.0,0.0,0.0,0.0,0.0,0.0,0.0,0.0,0.0,0.0,0.0,0.0,0.0,0.0,0.0,0.0,0.0,0.0,0.0,8.0,2.0,1.0
1538,12.832767400000021,0,8.382,2.4046,2.1862,1.8914,0.2106,0.0028,0.0095,0.0003,0.0392,0.054,0.0023,0.0008,0.01,0.0007,0.0016,0.0021,0.0002,0.0001,0.008,0.0013,0.0008,0.0001,0.0044,0.0988,0.0225,0.0,0.0118,0.0,155.0,0.0,92.0,63.0,90.0,0.0,0.0,0.0,0.0,0.0,0.0,0.0,0.0,0.0,0.0,0.0,0.0,0.0,0.0,0.0,0.0,0.0,0.0,8.0,2.0,1.0
1539,12.84114940000002,0,8.2765,1.8477,2.1231,1.8357,0.1994,0.0031,0.009,0.0003,0.0303,0.0449,0.0022,0.0012,0.0107,0.0002,0.0017,0.0018,0.0001,0.0001,0.0083,0.0013,0.0009,0.0001,0.0044,0.0904,0.0196,0.0,0.0142,0.0,155.0,0.0,92.0,63.0,90.0,0.0,0.0,0.0,0.0,0.0,0.0,0.0,0.0,0.0,0.0,0.0,0.0,0.0,0.0,0.0,0.0,0.0,0.0,8.0,2.0,1.0
1540,12.84942590000002,0,8.3585,1.8683,2.2151,1.8521,0.1985,0.0033,0.0088,0.0002,0.0384,0.0535,0.002,0.0008,0.0097,0.0001,0.0013,0.0015,0.0001,0.0001,0.0088,0.0017,0.0004,0.0,0.0034,0.095,0.0216,0.0001,0.016,0.0,155.0,0.0,92.0,63.0,90.0,0.0,0.0,0.0,0.0,0.0,0.0,0.0,0.0,0.0,0.0,0.0,0.0,0.0,0.0,0.0,0.0,0.0,0.0,8.0,2.0,1.0
1541,12.85778440000002,0,8.5341,1.8886,2.2114,1.9206,0.2191,0.004,0.0105,0.0002,0.0285,0.0458,0.0031,0.001,0.0137,0.0001,0.0021,0.0018,0.0001,0.0002,0.0124,0.0019,0.0012,0.0001,0.0048,0.1049,0.0251,0.0,0.0145,0.0,155.0,0.0,92.0,63.0,90.0,0.0,0.0,0.0,0.0,0.0,0.0,0.0,0.0,0.0,0.0,0.0,0.0,0.0,0.0,0.0,0.0,0.0,0.0,8.0,2.0,1.0
1542,12.86631850000002,0,8.3049,2.0747,2.3469,1.8158,0.2555,0.0029,0.0082,0.0004,0.0554,0.0693,0.003,0.0008,0.0142,0.0003,0.0017,0.0018,0.0001,0.0001,0.0078,0.0013,0.0004,0.0,0.0054,0.1216,0.0397,0.0001,0.0134,0.0,155.0,0.0,92.0,63.0,90.0,0.0,0.0,0.0,0.0,0.0,0.0,0.0,0.0,0.0,0.0,0.0,0.0,0.0,0.0,0.0,0.0,0.0,0.0,8.0,2.0,1.0
1543,12.87462340000002,0,8.0573,1.9413,2.0538,1.7627,0.1787,0.0026,0.0071,0.0002,0.0303,0.0421,0.0019,0.0008,0.0091,0.0001,0.0019,0.0016,0.0006,0.0001,0.0081,0.0013,0.001,0.0001,0.0035,0.0828,0.0203,0.0,0.0142,0.0,155.0,0.0,92.0,63.0,90.0,0.0,0.0,0.0,0.0,0.0,0.0,0.0,0.0,0.0,0.0,0.0,0.0,0.0,0.0,0.0,0.0,0.0,0.0,8.0,2.0,1.0
1544,12.882680700000021,0,8.574,1.9007,2.3079,1.7274,0.2214,0.0031,0.0086,0.0002,0.0406,0.0549,0.0031,0.0008,0.0135,0.0001,0.0021,0.0018,0.0001,0.0002,0.0101,0.0016,0.0006,0.0001,0.0048,0.1072,0.0244,0.0001,0.0137,0.0,155.0,0.0,92.0,63.0,90.0,0.0,0.0,0.0,0.0,0.0,0.0,0.0,0.0,0.0,0.0,0.0,0.0,0.0,0.0,0.0,0.0,0.0,0.0,8.0,2.0,1.0
1545,12.89125470000002,0,8.3898,2.0873,2.3498,1.9069,0.2496,0.003,0.0076,0.0003,0.0397,0.0529,0.003,0.0007,0.0151,0.0002,0.002,0.0016,0.0001,0.0,0.0115,0.0014,0.0005,0.0001,0.0067,0.1126,0.0397,0.0,0.0143,0.0,155.0,0.0,92.0,63.0,90.0,0.0,0.0,0.0,0.0,0.0,0.0,0.0,0.0,0.0,0.0,0.0,0.0,0.0,0.0,0.0,0.0,0.0,0.0,8.0,2.0,1.0
1546,12.89964450000002,0,8.2281,1.9432,2.0938,1.9079,0.2075,0.0026,0.0076,0.0002,0.038,0.0506,0.0024,0.0009,0.0108,0.0001,0.0015,0.0019,0.0001,0.0001,0.0081,0.0018,0.0005,0.0001,0.0032,0.0968,0.0309,0.0001,0.0114,0.0,155.0,0.0,92.0,63.0,88.0,0.0,0.0,0.0,0.0,0.0,0.0,0.0,0.0,0.0,0.0,0.0,0.0,0.0,0.0,0.0,0.0,0.0,0.0,8.0,2.0,1.0
1547,12.90787260000002,0,8.4096,2.0116,2.3031,1.8951,0.2183,0.0029,0.008,0.0003,0.037,0.0505,0.0023,0.0008,0.0106,0.0001,0.0016,0.0023,0.0001,0.0001,0.0084,0.0017,0.0005,0.0001,0.0033,0.0924,0.0361,0.0,0.0117,0.0,155.0,0.0,92.0,63.0,88.0,0.0,0.0,0.0,0.0,0.0,0.0,0.0,0.0,0.0,0.0,0.0,0.0,0.0,0.0,0.0,0.0,0.0,0.0,8.0,2.0,1.0
1548,12.91628220000002,0,8.3175,2.0576,2.3977,1.8637,0.2077,0.0031,0.0079,0.0002,0.0441,0.0578,0.0024,0.0007,0.0104,0.0002,0.0016,0.0019,0.0001,0.0001,0.008,0.0017,0.0005,0.0002,0.0031,0.0996,0.025,0.0,0.0131,0.0,155.0,0.0,92.0,63.0,88.0,0.0,0.0,0.0,0.0,0.0,0.0,0.0,0.0,0.0,0.0,0.0,0.0,0.0,0.0,0.0,0.0,0.0,0.0,8.0,2.0,1.0
1549,12.924599700000021,0,8.25,1.9824,2.2634,1.7927,0.2158,0.0033,0.009,0.0002,0.035,0.0499,0.0024,0.0008,0.0121,0.0001,0.0016,0.0021,0.0001,0.0002,0.0092,0.0014,0.0005,0.0,0.0039,0.0966,0.0305,0.0,0.0144,0.0,155.0,0.0,92.0,63.0,88.0,0.0,0.0,0.0,0.0,0.0,0.0,0.0,0.0,0.0,0.0,0.0,0.0,0.0,0.0,0.0,0.0,0.0,0.0,8.0,2.0,1.0
1550,12.932849700000022,0,8.4769,1.9582,2.1524,1.8011,0.2212,0.0029,0.0095,0.0002,0.0456,0.0602,0.0022,0.0008,0.0122,0.0002,0.0015,0.0023,0.0001,0.0001,0.0093,0.0016,0.001,0.0001,0.0044,0.1083,0.0243,0.0001,0.0145,0.0,155.0,0.0,92.0,63.0,88.0,0.0,0.0,0.0,0.0,0.0,0.0,0.0,0.0,0.0,0.0,0.0,0.0,0.0,0.0,0.0,0.0,0.0,0.0,8.0,2.0,1.0
1551,12.941326600000021,0,8.242,2.049,2.402,1.9544,0.267,0.0042,0.0104,0.0002,0.0429,0.0604,0.0028,0.001,0.0133,0.0001,0.0023,0.0019,0.0,0.0002,0.0085,0.0014,0.0005,0.0001,0.0041,0.1136,0.0535,0.0,0.0138,0.0,155.0,0.0,92.0,63.0,86.0,0.0,0.0,0.0,0.0,0.0,0.0,0.0,0.0,0.0,0.0,0.0,0.0,0.0,0.0,0.0,0.0,0.0,0.0,8.0,2.0,1.0
1552,12.94956860000002,0,8.3807,1.9534,2.1515,1.845,0.2,0.0032,0.0074,0.0002,0.0437,0.0573,0.002,0.0013,0.0109,0.0002,0.0017,0.0017,0.0002,0.0005,0.008,0.0014,0.0004,0.0,0.0037,0.0997,0.0205,0.0,0.0129,0.0,155.0,0.0,92.0,63.0,86.0,0.0,0.0,0.0,0.0,0.0,0.0,0.0,0.0,0.0,0.0,0.0,0.0,0.0,0.0,0.0,0.0,0.0,0.0,8.0,2.0,1.0
1553,12.95794930000002,0,8.44,1.9343,2.4301,1.7513,0.2132,0.0032,0.0069,0.0001,0.0339,0.0468,0.0026,0.001,0.0117,0.0002,0.0019,0.0033,0.0002,0.0002,0.0095,0.0014,0.0005,0.0001,0.0037,0.0962,0.025,0.0001,0.0139,0.0,155.0,0.0,92.0,63.0,86.0,0.0,0.0,0.0,0.0,0.0,0.0,0.0,0.0,0.0,0.0,0.0,0.0,0.0,0.0,0.0,0.0,0.0,0.0,8.0,2.0,1.0
1554,12.96638930000002,0,8.145,2.0459,2.3201,1.8353,0.2185,0.0033,0.0085,0.0002,0.0469,0.062,0.003,0.0008,0.0124,0.0001,0.002,0.0019,0.0001,0.0001,0.0082,0.0019,0.0004,0.0001,0.004,0.1089,0.0234,0.0,0.0123,0.0,155.0,0.0,92.0,63.0,86.0,0.0,0.0,0.0,0.0,0.0,0.0,0.0,0.0,0.0,0.0,0.0,0.0,0.0,0.0,0.0,0.0,0.0,0.0,8.0,2.0,1.0
1555,12.974534300000022,0,8.5807,1.9321,2.3017,1.8391,0.2205,0.0038,0.0069,0.0002,0.0423,0.0557,0.0024,0.0009,0.012,0.0002,0.0024,0.0025,0.0001,0.0001,0.0094,0.0014,0.0008,0.0001,0.0035,0.1039,0.025,0.0,0.0128,0.0,155.0,0.0,92.0,63.0,86.0,0.0,0.0,0.0,0.0,0.0,0.0,0.0,0.0,0.0,0.0,0.0,0.0,0.0,0.0,0.0,0.0,0.0,0.0,8.0,2.0,1.0
1556,12.983115000000021,0,8.2143,1.9598,2.5334,1.7948,0.2601,0.0041,0.0111,0.0002,0.0322,0.0502,0.003,0.0009,0.0139,0.0006,0.0016,0.003,0.0002,0.0002,0.0144,0.002,0.0007,0.0001,0.0049,0.1113,0.0268,0.0001,0.0131,0.0,155.0,0.0,92.0,63.0,86.0,0.0,0.0,0.0,0.0,0.0,0.0,0.0,0.0,0.0,0.0,0.0,0.0,0.0,0.0,0.0,0.0,0.0,0.0,8.0,2.0,1.0
1557,12.991329300000022,0,8.0816,2.0712,2.1103,1.8083,0.1954,0.0029,0.0083,0.0003,0.0309,0.0443,0.0018,0.0006,0.0097,0.0001,0.0014,0.002,0.0001,0.0002,0.0078,0.0012,0.0004,0.0001,0.0033,0.0848,0.0256,0.0,0.0138,0.0,155.0,0.0,92.0,63.0,84.0,0.0,0.0,0.0,0.0,0.0,0.0,0.0,0.0,0.0,0.0,0.0,0.0,0.0,0.0,0.0,0.0,0.0,0.0,8.0,2.0,1.0
1558,12.999410900000022,0,8.7163,2.0538,2.2459,1.8927,0.2427,0.0031,0.0088,0.0002,0.0488,0.0634,0.0029,0.0008,0.0138,0.0001,0.0022,0.002,0.0001,0.0002,0.0119,0.0015,0.001,0.0,0.0047,0.1203,0.033,0.0,0.0118,0.0,155.0,0.0,92.0,63.0,84.0,0.0,0.0,0.0,0.0,0.0,0.0,0.0,0.0,0.0,0.0,0.0,0.0,0.0,0.0,0.0,0.0,0.0,0.0,8.0,2.0,1.0
1559,13.008127200000022,0,8.3879,2.0051,2.5868,1.8354,0.3711,0.004,0.0104,0.0006,0.0336,0.0518,0.0026,0.001,0.0126,0.0002,0.002,0.0017,0.0002,0.0002,0.0089,0.0013,0.0009,0.0001,0.0041,0.1013,0.025,0.0,0.0117,0.0,155.0,0.0,92.0,63.0,84.0,0.0,0.0,0.0,0.0,0.0,0.0,0.0,0.0,0.0,0.0,0.0,0.0,0.0,0.0,0.0,0.0,0.0,0.0,8.0,2.0,1.0
1560,13.016515100000023,0,8.0512,2.0648,2.3832,1.809,0.2045,0.0033,0.008,0.0003,0.0411,0.0553,0.0019,0.0008,0.0094,0.0007,0.0014,0.0016,0.0005,0.0001,0.0084,0.0013,0.001,0.0001,0.0033,0.0972,0.0221,0.0,0.0132,0.0,155.0,0.0,92.0,63.0,84.0,0.0,0.0,0.0,0.0,0.0,0.0,0.0,0.0,0.0,0.0,0.0,0.0,0.0,0.0,0.0,0.0,0.0,0.0,8.0,2.0,1.0
1561,13.024566300000023,0,8.3871,1.9288,2.1549,1.8655,0.2008,0.0035,0.0092,0.0002,0.0314,0.0467,0.0021,0.0009,0.0105,0.0001,0.0021,0.0016,0.0001,0.0005,0.0086,0.0012,0.0005,0.0001,0.0033,0.0896,0.0244,0.0,0.0129,0.0,155.0,0.0,92.0,63.0,84.0,0.0,0.0,0.0,0.0,0.0,0.0,0.0,0.0,0.0,0.0,0.0,0.0,0.0,0.0,0.0,0.0,0.0,0.0,8.0,2.0,1.0
1562,13.032953400000023,0,8.2438,1.9634,2.2821,1.8567,0.2153,0.003,0.0089,0.0003,0.0408,0.0563,0.0023,0.0008,0.0102,0.0002,0.0016,0.0018,0.0003,0.0001,0.0085,0.0019,0.0006,0.0001,0.0038,0.1009,0.0235,0.0,0.0123,0.0,155.0,0.0,92.0,63.0,84.0,0.0,0.0,0.0,0.0,0.0,0.0,0.0,0.0,0.0,0.0,0.0,0.0,0.0,0.0,0.0,0.0,0.0,0.0,8.0,2.0,1.0
1563,13.041197200000024,0,8.2439,2.0307,2.1736,1.7862,0.1947,0.0028,0.0086,0.0003,0.0309,0.0449,0.0021,0.0006,0.0106,0.0001,0.0022,0.0019,0.0001,0.0001,0.0091,0.0013,0.0005,0.0001,0.0038,0.0897,0.0226,0.0001,0.0141,0.0,155.0,0.0,92.0,63.0,84.0,0.0,0.0,0.0,0.0,0.0,0.0,0.0,0.0,0.0,0.0,0.0,0.0,0.0,0.0,0.0,0.0,0.0,0.0,8.0,2.0,1.0
1564,13.049441100000024,0,8.9379,1.9639,2.5446,1.9123,0.2936,0.004,0.0097,0.0002,0.0596,0.0768,0.004,0.0016,0.0168,0.0003,0.0028,0.0024,0.0002,0.0002,0.0099,0.0021,0.0006,0.0001,0.0069,0.1421,0.038,0.0,0.0118,0.0,155.0,0.0,92.0,63.0,84.0,0.0,0.0,0.0,0.0,0.0,0.0,0.0,0.0,0.0,0.0,0.0,0.0,0.0,0.0,0.0,0.0,0.0,0.0,8.0,2.0,1.0
1565,13.058379000000023,0,7.9442,2.156,2.4858,1.9194,0.2369,0.0036,0.009,0.0003,0.0331,0.0491,0.0026,0.0011,0.0116,0.0001,0.0018,0.0018,0.0001,0.0002,0.0092,0.0013,0.0006,0.0001,0.0037,0.0959,0.0459,0.0,0.0125,0.0,155.0,0.0,92.0,63.0,84.0,0.0,0.0,0.0,0.0,0.0,0.0,0.0,0.0,0.0,0.0,0.0,0.0,0.0,0.0,0.0,0.0,0.0,0.0,8.0,2.0,1.0
1566,13.066323200000024,0,8.3995,2.0576,2.3795,1.6731,0.2546,0.0033,0.0097,0.0003,0.0453,0.062,0.0035,0.0011,0.0146,0.0002,0.0017,0.0025,0.0001,0.0002,0.0103,0.0014,0.0008,0.0001,0.0045,0.1166,0.0315,0.0001,0.0126,0.0,155.0,0.0,92.0,63.0,84.0,0.0,0.0,0.0,0.0,0.0,0.0,0.0,0.0,0.0,0.0,0.0,0.0,0.0,0.0,0.0,0.0,0.0,0.0,8.0,2.0,1.0
1567,13.074722700000024,0,8.0433,1.9675,2.1873,1.8009,0.1779,0.0029,0.0079,0.0002,0.0276,0.0408,0.0018,0.0007,0.0086,0.0006,0.0011,0.0013,0.0,0.0001,0.0076,0.0011,0.0005,0.0001,0.003,0.0791,0.0218,0.0,0.0135,0.0,155.0,0.0,92.0,63.0,84.0,0.0,0.0,0.0,0.0,0.0,0.0,0.0,0.0,0.0,0.0,0.0,0.0,0.0,0.0,0.0,0.0,0.0,0.0,8.0,2.0,1.0
1568,13.082766000000024,0,8.473,1.9816,2.2539,1.8212,0.2217,0.0035,0.0091,0.0003,0.0412,0.0566,0.0029,0.0008,0.0121,0.0002,0.002,0.0016,0.0001,0.0002,0.0085,0.0014,0.001,0.0001,0.0037,0.1026,0.0242,0.0,0.0111,0.0,155.0,0.0,92.0,63.0,84.0,0.0,0.0,0.0,0.0,0.0,0.0,0.0,0.0,0.0,0.0,0.0,0.0,0.0,0.0,0.0,0.0,0.0,0.0,8.0,2.0,1.0
1569,13.091239000000025,0,8.1761,1.9656,2.0806,1.715,0.178,0.0025,0.0075,0.0002,0.0282,0.0412,0.0023,0.0008,0.0093,0.0001,0.0014,0.0021,0.0001,0.0001,0.0081,0.0017,0.0005,0.0001,0.0031,0.0814,0.0203,0.0,0.0127,0.0,155.0,0.0,92.0,63.0,84.0,0.0,0.0,0.0,0.0,0.0,0.0,0.0,0.0,0.0,0.0,0.0,0.0,0.0,0.0,0.0,0.0,0.0,0.0,8.0,2.0,1.0
1570,13.099415100000025,0,8.5771,1.9736,2.3625,1.8991,0.3154,0.0035,0.0083,0.0003,0.0391,0.0539,0.002,0.0015,0.0109,0.0002,0.0017,0.0016,0.0002,0.0005,0.0083,0.0011,0.0006,0.0001,0.0034,0.0963,0.1335,0.0,0.0134,0.0,155.0,0.0,92.0,63.0,84.0,0.0,0.0,0.0,0.0,0.0,0.0,0.0,0.0,0.0,0.0,0.0,0.0,0.0,0.0,0.0,0.0,0.0,0.0,8.0,2.0,1.0
1571,13.107992200000025,0,8.1428,1.8362,2.1842,1.678,0.201,0.0033,0.0102,0.0003,0.0275,0.0434,0.0023,0.0009,0.0115,0.0002,0.0015,0.0021,0.0,0.0001,0.0092,0.0013,0.0006,0.0002,0.0037,0.0898,0.0215,0.0001,0.0136,0.0,155.0,0.0,92.0,63.0,84.0,0.0,0.0,0.0,0.0,0.0,0.0,0.0,0.0,0.0,0.0,0.0,0.0,0.0,0.0,0.0,0.0,0.0,0.0,8.0,2.0,1.0
1572,13.116135000000025,0,8.3036,1.9111,2.1176,1.689,0.2049,0.0031,0.0087,0.0001,0.041,0.055,0.0028,0.0008,0.011,0.0002,0.0017,0.0016,0.0001,0.0001,0.009,0.0012,0.0005,0.0001,0.0039,0.0985,0.0211,0.0,0.0126,0.0,155.0,0.0,92.0,63.0,84.0,0.0,0.0,0.0,0.0,0.0,0.0,0.0,0.0,0.0,0.0,0.0,0.0,0.0,0.0,0.0,0.0,0.0,0.0,8.0,2.0,1.0
1573,13.124438600000024,0,8.293,1.9345,2.0717,1.8061,0.1773,0.0026,0.0077,0.0001,0.0278,0.0402,0.0018,0.0008,0.01,0.0002,0.0017,0.0015,0.0,0.0001,0.0081,0.0017,0.0004,0.0,0.003,0.0799,0.0191,0.0001,0.0131,0.0,155.0,0.0,92.0,63.0,84.0,0.0,0.0,0.0,0.0,0.0,0.0,0.0,0.0,0.0,0.0,0.0,0.0,0.0,0.0,0.0,0.0,0.0,0.0,8.0,2.0,1.0
1574,13.132731600000024,0,8.5382,1.8733,2.2859,1.7944,0.2189,0.003,0.0096,0.0003,0.037,0.0526,0.0026,0.0014,0.0106,0.0002,0.0014,0.0021,0.0001,0.0001,0.008,0.0014,0.0004,0.0001,0.004,0.0967,0.0251,0.0001,0.0137,0.0,155.0,0.0,92.0,63.0,84.0,0.0,0.0,0.0,0.0,0.0,0.0,0.0,0.0,0.0,0.0,0.0,0.0,0.0,0.0,0.0,0.0,0.0,0.0,8.0,2.0,1.0
1575,13.141269800000025,0,8.1974,1.8251,2.1674,1.7599,0.2054,0.0035,0.009,0.0002,0.0291,0.0443,0.0022,0.0008,0.0077,0.0002,0.0015,0.002,0.0,0.0001,0.0072,0.0012,0.001,0.0,0.0042,0.0905,0.0238,0.0001,0.0136,0.0,155.0,0.0,92.0,63.0,82.0,0.0,0.0,0.0,0.0,0.0,0.0,0.0,0.0,0.0,0.0,0.0,0.0,0.0,0.0,0.0,0.0,0.0,0.0,8.0,2.0,1.0
1576,13.149467200000025,0,8.3263,1.8045,2.1341,1.9095,0.183,0.0028,0.007,0.0002,0.0375,0.0496,0.002,0.0007,0.0086,0.0002,0.0012,0.0015,0.0005,0.0001,0.0077,0.001,0.0004,0.0,0.0031,0.0859,0.0208,0.0,0.0126,0.0,155.0,0.0,92.0,63.0,82.0,0.0,0.0,0.0,0.0,0.0,0.0,0.0,0.0,0.0,0.0,0.0,0.0,0.0,0.0,0.0,0.0,0.0,0.0,8.0,2.0,1.0
1577,13.157793500000025,0,8.2323,1.8648,2.1142,1.8056,0.2033,0.0025,0.0078,0.0002,0.0315,0.0442,0.0019,0.0007,0.0093,0.0002,0.0013,0.0021,0.0001,0.0001,0.0077,0.0014,0.0004,0.0001,0.0034,0.0833,0.0201,0.0,0.0115,0.0,155.0,0.0,92.0,63.0,82.0,0.0,0.0,0.0,0.0,0.0,0.0,0.0,0.0,0.0,0.0,0.0,0.0,0.0,0.0,0.0,0.0,0.0,0.0,8.0,2.0,1.0
1578,13.166025800000025,0,8.7542,1.8522,2.3188,1.765,0.2266,0.0035,0.0091,0.0002,0.0428,0.0581,0.0026,0.001,0.0122,0.0002,0.0018,0.0023,0.0001,0.0002,0.0099,0.0016,0.0013,0.0001,0.0037,0.1075,0.0266,0.0,0.013,0.0,155.0,0.0,92.0,63.0,82.0,0.0,0.0,0.0,0.0,0.0,0.0,0.0,0.0,0.0,0.0,0.0,0.0,0.0,0.0,0.0,0.0,0.0,0.0,8.0,2.0,1.0
1579,13.174780000000025,0,7.9704,1.9774,2.1962,1.7937,0.1877,0.0031,0.0077,0.0002,0.0283,0.0412,0.0019,0.0006,0.0097,0.0001,0.0014,0.0019,0.0002,0.0001,0.0074,0.0015,0.0005,0.0001,0.0032,0.0848,0.0195,0.0,0.0135,0.0,155.0,0.0,92.0,63.0,82.0,0.0,0.0,0.0,0.0,0.0,0.0,0.0,0.0,0.0,0.0,0.0,0.0,0.0,0.0,0.0,0.0,0.0,0.0,8.0,2.0,1.0
1580,13.182750400000025,0,8.3644,2.002,2.1578,1.7946,0.2024,0.0031,0.0089,0.0002,0.0452,0.06,0.0022,0.0007,0.0096,0.0001,0.0014,0.002,0.0,0.0001,0.0078,0.0013,0.0005,0.0001,0.0037,0.1012,0.0184,0.0,0.0131,0.0,155.0,0.0,92.0,63.0,82.0,0.0,0.0,0.0,0.0,0.0,0.0,0.0,0.0,0.0,0.0,0.0,0.0,0.0,0.0,0.0,0.0,0.0,0.0,8.0,2.0,1.0
1581,13.191114800000024,0,8.1999,1.9466,2.0213,1.7459,0.1811,0.0028,0.0082,0.0002,0.0291,0.0423,0.0029,0.0007,0.0099,0.0001,0.0014,0.0019,0.0001,0.0001,0.0077,0.0011,0.0004,0.0002,0.0031,0.0824,0.0211,0.0,0.0132,0.0,155.0,0.0,92.0,63.0,82.0,0.0,0.0,0.0,0.0,0.0,0.0,0.0,0.0,0.0,0.0,0.0,0.0,0.0,0.0,0.0,0.0,0.0,0.0,8.0,2.0,1.0
1582,13.199314700000023,0,8.5066,1.8447,2.043,1.7987,0.1905,0.0029,0.0074,0.0002,0.0418,0.0541,0.0025,0.0007,0.0095,0.0001,0.0013,0.0019,0.0001,0.0002,0.0076,0.001,0.0004,0.0,0.003,0.0934,0.0208,0.0,0.0139,0.0,155.0,0.0,92.0,63.0,82.0,0.0,0.0,0.0,0.0,0.0,0.0,0.0,0.0,0.0,0.0,0.0,0.0,0.0,0.0,0.0,0.0,0.0,0.0,8.0,2.0,1.0
1583,13.207821300000024,0,8.3596,1.7601,2.207,1.9727,0.2071,0.0032,0.0098,0.0002,0.0319,0.0478,0.0023,0.0009,0.0107,0.0002,0.0016,0.002,0.0001,0.0001,0.0083,0.0015,0.0005,0.0001,0.0037,0.0919,0.0227,0.0,0.0127,0.0,155.0,0.0,92.0,63.0,82.0,0.0,0.0,0.0,0.0,0.0,0.0,0.0,0.0,0.0,0.0,0.0,0.0,0.0,0.0,0.0,0.0,0.0,0.0,8.0,2.0,1.0
1584,13.216180900000024,0,8.2187,1.8049,2.1431,1.7649,0.2027,0.0028,0.0087,0.0002,0.0396,0.0534,0.0021,0.0008,0.0108,0.0001,0.0016,0.0015,0.0,0.0001,0.0087,0.0013,0.001,0.0,0.0036,0.0969,0.0218,0.0,0.0121,0.0,155.0,0.0,92.0,63.0,82.0,0.0,0.0,0.0,0.0,0.0,0.0,0.0,0.0,0.0,0.0,0.0,0.0,0.0,0.0,0.0,0.0,0.0,0.0,8.0,2.0,1.0
1585,13.224399600000025,0,8.3464,1.7953,2.0607,1.796,0.1798,0.0027,0.0077,0.0002,0.0313,0.0436,0.002,0.0013,0.0097,0.0001,0.0019,0.0015,0.0001,0.0001,0.0078,0.0017,0.0005,0.0001,0.0031,0.0824,0.0188,0.0,0.0119,0.0,155.0,0.0,92.0,63.0,82.0,0.0,0.0,0.0,0.0,0.0,0.0,0.0,0.0,0.0,0.0,0.0,0.0,0.0,0.0,0.0,0.0,0.0,0.0,8.0,2.0,1.0
1586,13.232746000000025,0,8.3087,2.3261,2.1791,1.74,0.2086,0.003,0.0096,0.0002,0.0396,0.0547,0.0022,0.0007,0.0099,0.0001,0.0015,0.002,0.0,0.0001,0.0075,0.0014,0.0009,0.0001,0.0038,0.0979,0.0227,0.0,0.0126,0.0,155.0,0.0,92.0,63.0,82.0,0.0,0.0,0.0,0.0,0.0,0.0,0.0,0.0,0.0,0.0,0.0,0.0,0.0,0.0,0.0,0.0,0.0,0.0,8.0,2.0,1.0
1587,13.241054700000026,0,8.314,1.8207,2.0527,1.6316,0.2011,0.0031,0.0088,0.0002,0.0358,0.0502,0.0021,0.0009,0.0102,0.0001,0.0015,0.0022,0.0002,0.0001,0.008,0.0016,0.0005,0.0001,0.0041,0.0923,0.0205,0.0001,0.0117,0.0,155.0,0.0,92.0,63.0,82.0,0.0,0.0,0.0,0.0,0.0,0.0,0.0,0.0,0.0,0.0,0.0,0.0,0.0,0.0,0.0,0.0,0.0,0.0,8.0,2.0,1.0
1588,13.249368700000026,0,8.4192,1.7418,1.9516,1.7218,0.184,0.0032,0.0087,0.0001,0.0296,0.0435,0.0022,0.0007,0.0094,0.0001,0.0013,0.0015,0.0004,0.0001,0.0082,0.0012,0.0008,0.0001,0.0034,0.0882,0.0174,0.0001,0.0105,0.0,155.0,0.0,92.0,63.0,82.0,0.0,0.0,0.0,0.0,0.0,0.0,0.0,0.0,0.0,0.0,0.0,0.0,0.0,0.0,0.0,0.0,0.0,0.0,8.0,2.0,1.0
1589,13.257787900000027,0,8.4113,1.8002,2.2157,1.7385,0.2084,0.0034,0.009,0.0002,0.0386,0.0539,0.0022,0.0007,0.0114,0.0001,0.0015,0.0022,0.0001,0.0001,0.0075,0.0013,0.0009,0.0001,0.0042,0.0986,0.0196,0.0,0.0132,0.0,155.0,0.0,92.0,63.0,82.0,0.0,0.0,0.0,0.0,0.0,0.0,0.0,0.0,0.0,0.0,0.0,0.0,0.0,0.0,0.0,0.0,0.0,0.0,8.0,2.0,1.0
1590,13.266199200000028,0,8.1507,1.8546,2.1778,1.7578,0.1908,0.0029,0.0082,0.0002,0.0379,0.0511,0.0018,0.0007,0.0109,0.0001,0.0018,0.0014,0.0,0.0001,0.0078,0.0017,0.0005,0.0001,0.0033,0.0919,0.0213,0.0001,0.0129,0.0,155.0,0.0,92.0,63.0,82.0,0.0,0.0,0.0,0.0,0.0,0.0,0.0,0.0,0.0,0.0,0.0,0.0,0.0,0.0,0.0,0.0,0.0,0.0,8.0,2.0,1.0
1591,13.274349900000027,0,8.378,1.8322,1.9528,1.7419,0.173,0.0029,0.0074,0.0002,0.0285,0.041,0.002,0.0007,0.0092,0.0002,0.0019,0.0015,0.0001,0.0001,0.0075,0.0017,0.0005,0.0,0.0033,0.0794,0.0187,0.0,0.0138,0.0,155.0,0.0,92.0,63.0,82.0,0.0,0.0,0.0,0.0,0.0,0.0,0.0,0.0,0.0,0.0,0.0,0.0,0.0,0.0,0.0,0.0,0.0,0.0,8.0,2.0,1.0
1592,13.282727900000028,0,8.3446,1.8735,2.1197,1.7871,0.1996,0.0034,0.0081,0.0002,0.0419,0.0558,0.002,0.0008,0.0093,0.0003,0.0014,0.0014,0.0001,0.0001,0.0081,0.0014,0.0005,0.0001,0.0035,0.0963,0.0214,0.0001,0.0128,0.0,155.0,0.0,92.0,63.0,82.0,0.0,0.0,0.0,0.0,0.0,0.0,0.0,0.0,0.0,0.0,0.0,0.0,0.0,0.0,0.0,0.0,0.0,0.0,8.0,2.0,1.0
1593,13.291072500000027,0,8.4925,2.3093,2.2161,1.8929,0.1968,0.0029,0.0085,0.0002,0.0352,0.0494,0.0019,0.0008,0.0106,0.0002,0.0019,0.0016,0.0001,0.0002,0.0075,0.0023,0.0005,0.0001,0.0032,0.0908,0.0208,0.0,0.0137,0.0,155.0,0.0,92.0,63.0,82.0,0.0,0.0,0.0,0.0,0.0,0.0,0.0,0.0,0.0,0.0,0.0,0.0,0.0,0.0,0.0,0.0,0.0,0.0,8.0,2.0,1.0
1594,13.299565000000026,0,8.2114,1.8248,2.1854,1.7991,0.192,0.0029,0.0089,0.0001,0.0377,0.0524,0.0019,0.0009,0.0096,0.0006,0.0015,0.0021,0.0001,0.0001,0.0078,0.0011,0.0005,0.0,0.0031,0.0927,0.0195,0.0,0.0108,0.0,155.0,0.0,92.0,63.0,82.0,0.0,0.0,0.0,0.0,0.0,0.0,0.0,0.0,0.0,0.0,0.0,0.0,0.0,0.0,0.0,0.0,0.0,0.0,8.0,2.0,1.0
1595,13.307776400000026,0,8.3437,1.9515,2.1087,1.8748,0.2013,0.0037,0.0091,0.0002,0.0344,0.0498,0.0023,0.0007,0.0106,0.0002,0.0016,0.0016,0.0,0.0001,0.0091,0.0014,0.0006,0.0001,0.0036,0.0932,0.0199,0.0,0.0129,0.0,155.0,0.0,92.0,63.0,82.0,0.0,0.0,0.0,0.0,0.0,0.0,0.0,0.0,0.0,0.0,0.0,0.0,0.0,0.0,0.0,0.0,0.0,0.0,8.0,2.0,1.0
1596,13.316120100000026,0,8.2942,1.7942,2.1235,1.7388,0.1872,0.0034,0.0091,0.0002,0.038,0.0526,0.0023,0.0007,0.0093,0.0002,0.0018,0.0014,0.0,0.0001,0.0076,0.0012,0.0004,0.0,0.0032,0.092,0.0195,0.0,0.0122,0.0,155.0,0.0,92.0,63.0,82.0,0.0,0.0,0.0,0.0,0.0,0.0,0.0,0.0,0.0,0.0,0.0,0.0,0.0,0.0,0.0,0.0,0.0,0.0,8.0,2.0,1.0
1597,13.324414300000026,0,8.331,1.8817,2.0712,1.8011,0.1926,0.003,0.0089,0.0002,0.0298,0.0441,0.0021,0.0009,0.0107,0.0001,0.0017,0.0016,0.0,0.0001,0.0083,0.0012,0.0005,0.0001,0.0035,0.087,0.0219,0.0001,0.0121,0.0,155.0,0.0,92.0,63.0,82.0,0.0,0.0,0.0,0.0,0.0,0.0,0.0,0.0,0.0,0.0,0.0,0.0,0.0,0.0,0.0,0.0,0.0,0.0,8.0,2.0,1.0
1598,13.332745300000026,0,8.3596,1.9282,2.1375,1.9053,0.2058,0.0034,0.0096,0.0002,0.0403,0.0556,0.0023,0.0008,0.0103,0.0002,0.0013,0.0016,0.0001,0.0002,0.0087,0.0013,0.001,0.0,0.0037,0.0987,0.0204,0.0,0.0139,0.0,155.0,0.0,92.0,63.0,84.0,0.0,0.0,0.0,0.0,0.0,0.0,0.0,0.0,0.0,0.0,0.0,0.0,0.0,0.0,0.0,0.0,0.0,0.0,8.0,2.0,1.0
1599,13.341104900000026,0,8.2961,1.8184,2.0402,1.8244,0.206,0.0032,0.0087,0.0002,0.0361,0.051,0.0021,0.0008,0.0101,0.0001,0.0018,0.0016,0.0,0.0001,0.0081,0.0013,0.0005,0.0001,0.0042,0.0963,0.0227,0.0,0.0123,0.0,155.0,0.0,92.0,63.0,84.0,0.0,0.0,0.0,0.0,0.0,0.0,0.0,0.0,0.0,0.0,0.0,0.0,0.0,0.0,0.0,0.0,0.0,0.0,8.0,2.0,1.0
1600,13.349401000000027,0,8.3936,1.8297,2.1796,1.7565,0.1984,0.0032,0.0083,0.0002,0.0376,0.052,0.0024,0.0009,0.0125,0.0001,0.0012,0.0019,0.0,0.0002,0.0078,0.0016,0.0005,0.0002,0.0038,0.0969,0.0223,0.0,0.0135,0.0,155.0,0.0,92.0,63.0,84.0,0.0,0.0,0.0,0.0,0.0,0.0,0.0,0.0,0.0,0.0,0.0,0.0,0.0,0.0,0.0,0.0,0.0,0.0,8.0,2.0,1.0
1601,13.357794600000027,0,8.2242,1.9554,2.0048,1.7812,0.1746,0.0028,0.0067,0.0002,0.033,0.0444,0.0023,0.0007,0.0093,0.0001,0.0017,0.0015,0.0,0.0001,0.0071,0.001,0.0004,0.0001,0.0031,0.0805,0.021,0.0001,0.0134,0.0,155.0,0.0,92.0,63.0,84.0,0.0,0.0,0.0,0.0,0.0,0.0,0.0,0.0,0.0,0.0,0.0,0.0,0.0,0.0,0.0,0.0,0.0,0.0,8.0,2.0,1.0
1602,13.366018800000028,0,8.4366,2.0274,2.1879,1.8716,0.2089,0.0031,0.0085,0.0009,0.0402,0.055,0.0022,0.001,0.0113,0.0001,0.0019,0.0017,0.0001,0.0001,0.0081,0.0013,0.0004,0.0,0.0039,0.0998,0.0195,0.0,0.0146,0.0,155.0,0.0,92.0,63.0,84.0,0.0,0.0,0.0,0.0,0.0,0.0,0.0,0.0,0.0,0.0,0.0,0.0,0.0,0.0,0.0,0.0,0.0,0.0,8.0,2.0,1.0
1603,13.374455400000027,0,8.4528,1.8828,2.2105,1.7383,0.1786,0.0034,0.0082,0.0001,0.0302,0.0443,0.0019,0.0006,0.0088,0.0001,0.0017,0.0013,0.0,0.0005,0.0081,0.0011,0.0005,0.0001,0.0036,0.0837,0.0194,0.0001,0.0119,0.0,155.0,0.0,92.0,63.0,84.0,0.0,0.0,0.0,0.0,0.0,0.0,0.0,0.0,0.0,0.0,0.0,0.0,0.0,0.0,0.0,0.0,0.0,0.0,8.0,2.0,1.0
1604,13.382908200000028,0,8.308,2.0591,2.2172,1.8766,0.2087,0.0031,0.0085,0.0002,0.0434,0.0574,0.0025,0.0007,0.01,0.0002,0.0013,0.0022,0.0,0.0001,0.0084,0.0015,0.0006,0.0001,0.0037,0.1005,0.0208,0.0,0.0126,0.0,155.0,0.0,92.0,63.0,84.0,0.0,0.0,0.0,0.0,0.0,0.0,0.0,0.0,0.0,0.0,0.0,0.0,0.0,0.0,0.0,0.0,0.0,0.0,8.0,2.0,1.0
1605,13.391216200000027,0,8.1587,1.853,2.0729,1.8401,0.1879,0.0028,0.0078,0.0003,0.0338,0.0464,0.0021,0.0012,0.0104,0.0002,0.0017,0.0016,0.0,0.0002,0.011,0.0012,0.0009,0.0001,0.0031,0.0895,0.021,0.0,0.0127,0.0,155.0,0.0,92.0,63.0,84.0,0.0,0.0,0.0,0.0,0.0,0.0,0.0,0.0,0.0,0.0,0.0,0.0,0.0,0.0,0.0,0.0,0.0,0.0,8.0,2.0,1.0
1606,13.399374900000026,0,8.3839,1.8744,2.151,1.8095,0.198,0.0029,0.0092,0.0002,0.0415,0.0564,0.0018,0.0012,0.0095,0.0002,0.0012,0.0014,0.0,0.0002,0.0077,0.0015,0.0004,0.0,0.003,0.0947,0.0182,0.0,0.0119,0.0,155.0,0.0,92.0,63.0,84.0,0.0,0.0,0.0,0.0,0.0,0.0,0.0,0.0,0.0,0.0,0.0,0.0,0.0,0.0,0.0,0.0,0.0,0.0,8.0,2.0,1.0
1607,13.407758800000027,0,8.4255,1.8846,2.0062,1.7715,0.2202,0.003,0.0086,0.0002,0.0295,0.0433,0.0027,0.0007,0.011,0.0002,0.0012,0.0019,0.0,0.0001,0.0077,0.0016,0.0004,0.0,0.0037,0.0851,0.0475,0.0,0.0124,0.0,155.0,0.0,92.0,63.0,84.0,0.0,0.0,0.0,0.0,0.0,0.0,0.0,0.0,0.0,0.0,0.0,0.0,0.0,0.0,0.0,0.0,0.0,0.0,8.0,2.0,1.0
1608,13.416184300000026,0,8.2515,1.876,2.2498,1.7437,0.2157,0.0047,0.009,0.0003,0.0452,0.0614,0.0028,0.0007,0.0112,0.0002,0.002,0.0015,0.0002,0.0001,0.008,0.0013,0.0005,0.0001,0.0038,0.105,0.0234,0.0001,0.0125,0.0,155.0,0.0,92.0,63.0,84.0,0.0,0.0,0.0,0.0,0.0,0.0,0.0,0.0,0.0,0.0,0.0,0.0,0.0,0.0,0.0,0.0,0.0,0.0,8.0,2.0,1.0
1609,13.424435800000026,0,8.3044,1.9685,2.1039,1.9373,0.1964,0.0032,0.0087,0.0002,0.0281,0.0422,0.002,0.0007,0.0088,0.0001,0.002,0.0015,0.0,0.0006,0.0082,0.0013,0.0005,0.0001,0.0034,0.0848,0.0187,0.0001,0.0132,0.0,155.0,0.0,92.0,63.0,84.0,0.0,0.0,0.0,0.0,0.0,0.0,0.0,0.0,0.0,0.0,0.0,0.0,0.0,0.0,0.0,0.0,0.0,0.0,8.0,2.0,1.0
1610,13.432740200000026,0,8.5222,1.977,2.0502,1.9119,0.2031,0.0031,0.009,0.0001,0.0411,0.0552,0.0025,0.0008,0.0099,0.0002,0.0012,0.0019,0.0001,0.0001,0.008,0.0013,0.0008,0.0,0.0038,0.1007,0.0236,0.0,0.0116,0.0,155.0,0.0,92.0,63.0,84.0,0.0,0.0,0.0,0.0,0.0,0.0,0.0,0.0,0.0,0.0,0.0,0.0,0.0,0.0,0.0,0.0,0.0,0.0,8.0,2.0,1.0
1611,13.441262400000026,0,8.0847,1.841,2.1751,1.7954,0.1813,0.0034,0.0078,0.0002,0.028,0.0413,0.0019,0.0007,0.0093,0.0001,0.0013,0.0015,0.0,0.0001,0.0082,0.0012,0.0005,0.0001,0.0032,0.0813,0.0197,0.0,0.0113,0.0,155.0,0.0,92.0,63.0,84.0,0.0,0.0,0.0,0.0,0.0,0.0,0.0,0.0,0.0,0.0,0.0,0.0,0.0,0.0,0.0,0.0,0.0,0.0,8.0,2.0,1.0
1612,13.449347100000026,0,8.4267,2.0386,2.0825,1.8315,0.1936,0.0031,0.0082,0.0002,0.0314,0.0447,0.0019,0.0008,0.0099,0.0001,0.0013,0.002,0.0,0.0001,0.008,0.0016,0.0005,0.0001,0.0035,0.0865,0.0201,0.0001,0.0127,0.0,155.0,0.0,92.0,63.0,84.0,0.0,0.0,0.0,0.0,0.0,0.0,0.0,0.0,0.0,0.0,0.0,0.0,0.0,0.0,0.0,0.0,0.0,0.0,8.0,2.0,1.0
1613,13.457773800000025,0,8.4627,1.8873,2.1229,1.8204,0.1989,0.0033,0.0089,0.0002,0.0295,0.0447,0.0025,0.0009,0.0103,0.0002,0.0015,0.0022,0.0001,0.0001,0.0084,0.0017,0.0005,0.0,0.0038,0.0887,0.0212,0.0,0.0119,0.0,155.0,0.0,92.0,63.0,84.0,0.0,0.0,0.0,0.0,0.0,0.0,0.0,0.0,0.0,0.0,0.0,0.0,0.0,0.0,0.0,0.0,0.0,0.0,8.0,2.0,1.0
1614,13.466236500000026,0,8.2338,1.8699,2.2577,1.8407,0.1927,0.0031,0.0089,0.0002,0.0291,0.0442,0.0019,0.0007,0.0102,0.0001,0.0013,0.0016,0.0001,0.0001,0.0081,0.0012,0.0004,0.0,0.0034,0.0863,0.0198,0.0,0.0118,0.0,155.0,0.0,92.0,63.0,84.0,0.0,0.0,0.0,0.0,0.0,0.0,0.0,0.0,0.0,0.0,0.0,0.0,0.0,0.0,0.0,0.0,0.0,0.0,8.0,2.0,1.0
1615,13.474470300000025,0,8.3306,1.9056,2.1331,1.8355,0.1895,0.0031,0.0092,0.0002,0.0285,0.043,0.0024,0.0009,0.0097,0.0002,0.0015,0.0018,0.0001,0.0001,0.0079,0.0016,0.0005,0.0,0.0031,0.0827,0.0208,0.0,0.013,0.0,155.0,0.0,92.0,63.0,84.0,0.0,0.0,0.0,0.0,0.0,0.0,0.0,0.0,0.0,0.0,0.0,0.0,0.0,0.0,0.0,0.0,0.0,0.0,8.0,2.0,1.0
1616,13.482800900000026,0,8.4043,1.9626,2.1959,1.9552,0.1997,0.0029,0.0091,0.0001,0.0378,0.0532,0.0026,0.0009,0.0103,0.0001,0.0014,0.002,0.0001,0.0001,0.0082,0.0013,0.0004,0.0001,0.0039,0.0965,0.0194,0.0,0.0126,0.0,155.0,0.0,92.0,63.0,84.0,0.0,0.0,0.0,0.0,0.0,0.0,0.0,0.0,0.0,0.0,0.0,0.0,0.0,0.0,0.0,0.0,0.0,0.0,8.0,2.0,1.0
1617,13.491205200000026,0,8.2695,1.8689,2.126,1.8992,0.1926,0.0031,0.0089,0.0002,0.0278,0.0429,0.002,0.001,0.0103,0.0001,0.0017,0.0016,0.0,0.0001,0.0083,0.0013,0.0004,0.0004,0.0037,0.0851,0.02,0.0001,0.0132,0.0,155.0,0.0,92.0,63.0,84.0,0.0,0.0,0.0,0.0,0.0,0.0,0.0,0.0,0.0,0.0,0.0,0.0,0.0,0.0,0.0,0.0,0.0,0.0,8.0,2.0,1.0
1618,13.499474700000027,0,8.4379,1.8988,2.3125,1.8426,0.2075,0.003,0.0083,0.0002,0.0441,0.0575,0.0024,0.0008,0.0128,0.0002,0.0014,0.0018,0.0001,0.0001,0.0081,0.0012,0.0005,0.0001,0.0038,0.104,0.0216,0.0001,0.0118,0.0,155.0,0.0,92.0,63.0,84.0,0.0,0.0,0.0,0.0,0.0,0.0,0.0,0.0,0.0,0.0,0.0,0.0,0.0,0.0,0.0,0.0,0.0,0.0,8.0,2.0,1.0
1619,13.507912600000028,0,8.2489,1.916,2.1631,1.8481,0.2023,0.0032,0.0086,0.0002,0.031,0.046,0.0022,0.0007,0.0107,0.0001,0.0019,0.0019,0.0001,0.0007,0.0082,0.0014,0.0005,0.0,0.0037,0.089,0.021,0.0001,0.0124,0.0,155.0,0.0,92.0,63.0,84.0,0.0,0.0,0.0,0.0,0.0,0.0,0.0,0.0,0.0,0.0,0.0,0.0,0.0,0.0,0.0,0.0,0.0,0.0,8.0,2.0,1.0
1620,13.516161500000027,0,8.2518,1.8773,2.1561,1.7913,0.2116,0.0033,0.0087,0.0002,0.0428,0.0571,0.0024,0.0008,0.0105,0.0002,0.0014,0.0021,0.0001,0.0001,0.0085,0.0012,0.0005,0.0,0.0039,0.101,0.0222,0.0,0.0122,0.0,155.0,0.0,92.0,63.0,84.0,0.0,0.0,0.0,0.0,0.0,0.0,0.0,0.0,0.0,0.0,0.0,0.0,0.0,0.0,0.0,0.0,0.0,0.0,8.0,2.0,1.0
1621,13.524413300000028,0,8.4525,1.8378,2.0435,1.831,0.1911,0.0028,0.0091,0.0002,0.0279,0.0422,0.0023,0.0008,0.0104,0.0006,0.0013,0.0015,0.0,0.0002,0.0079,0.0011,0.0004,0.0001,0.0034,0.0837,0.0197,0.0001,0.0121,0.0,155.0,0.0,92.0,63.0,84.0,0.0,0.0,0.0,0.0,0.0,0.0,0.0,0.0,0.0,0.0,0.0,0.0,0.0,0.0,0.0,0.0,0.0,0.0,8.0,2.0,1.0
1622,13.532865800000028,0,8.3255,1.8721,2.3846,1.9279,0.2085,0.0032,0.0087,0.0002,0.0407,0.055,0.0027,0.0007,0.0118,0.0002,0.0016,0.0016,0.0001,0.0001,0.0086,0.0014,0.0004,0.0001,0.0038,0.1007,0.0198,0.0,0.0127,0.0,155.0,0.0,92.0,63.0,84.0,0.0,0.0,0.0,0.0,0.0,0.0,0.0,0.0,0.0,0.0,0.0,0.0,0.0,0.0,0.0,0.0,0.0,0.0,8.0,2.0,1.0
1623,13.541191300000028,0,8.2017,1.9134,2.0705,1.72,0.1709,0.0025,0.0078,0.0002,0.0284,0.0412,0.0024,0.0005,0.0089,0.0002,0.0013,0.0015,0.0,0.0001,0.0081,0.001,0.0004,0.0001,0.0032,0.0782,0.0192,0.0,0.0139,0.0,155.0,0.0,92.0,63.0,84.0,0.0,0.0,0.0,0.0,0.0,0.0,0.0,0.0,0.0,0.0,0.0,0.0,0.0,0.0,0.0,0.0,0.0,0.0,8.0,2.0,1.0
1624,13.549393000000029,0,8.5519,1.84,2.0822,1.8281,0.197,0.0032,0.0091,0.0002,0.0424,0.057,0.0019,0.0007,0.0094,0.0002,0.0011,0.0018,0.0,0.0001,0.0073,0.001,0.0005,0.0,0.0036,0.0954,0.0204,0.0,0.0124,0.0,155.0,0.0,92.0,63.0,84.0,0.0,0.0,0.0,0.0,0.0,0.0,0.0,0.0,0.0,0.0,0.0,0.0,0.0,0.0,0.0,0.0,0.0,0.0,8.0,2.0,1.0
1625,13.55794490000003,0,8.2846,1.9233,2.3289,1.7718,0.2246,0.0045,0.0095,0.0002,0.0533,0.0707,0.0023,0.0007,0.0097,0.0002,0.0015,0.0016,0.0,0.0001,0.0081,0.0011,0.0005,0.0001,0.0032,0.1114,0.0228,0.0,0.0136,0.0,155.0,0.0,92.0,63.0,84.0,0.0,0.0,0.0,0.0,0.0,0.0,0.0,0.0,0.0,0.0,0.0,0.0,0.0,0.0,0.0,0.0,0.0,0.0,8.0,2.0,1.0
1626,13.566229500000029,0,8.3186,1.9784,2.211,1.779,0.1901,0.0029,0.0073,0.0002,0.0382,0.0505,0.0021,0.0007,0.0091,0.0001,0.0013,0.0018,0.0001,0.0001,0.0075,0.0012,0.0004,0.0001,0.0032,0.0895,0.0245,0.0,0.0124,0.0,155.0,0.0,92.0,63.0,84.0,0.0,0.0,0.0,0.0,0.0,0.0,0.0,0.0,0.0,0.0,0.0,0.0,0.0,0.0,0.0,0.0,0.0,0.0,8.0,2.0,1.0
1627,13.57454810000003,0,8.2065,1.9322,2.178,2.0053,0.1965,0.0015,0.009,0.0006,0.0286,0.0422,0.0021,0.0009,0.0112,0.0001,0.0014,0.0015,0.0001,0.0002,0.0079,0.0013,0.0005,0.0001,0.0038,0.0851,0.0215,0.0,0.0126,0.0,155.0,0.0,92.0,63.0,84.0,0.0,0.0,0.0,0.0,0.0,0.0,0.0,0.0,0.0,0.0,0.0,0.0,0.0,0.0,0.0,0.0,0.0,0.0,8.0,2.0,1.0
1628,13.58275460000003,0,8.4015,1.8771,2.1242,1.8721,0.2048,0.0031,0.0086,0.0002,0.0417,0.0557,0.0025,0.0007,0.0108,0.0001,0.0013,0.0019,0.0,0.0001,0.0073,0.0013,0.0005,0.0001,0.0038,0.0971,0.0208,0.0001,0.0132,0.0,155.0,0.0,92.0,63.0,84.0,0.0,0.0,0.0,0.0,0.0,0.0,0.0,0.0,0.0,0.0,0.0,0.0,0.0,0.0,0.0,0.0,0.0,0.0,8.0,2.0,1.0
1629,13.59115610000003,0,8.2245,1.8917,2.1176,1.8007,0.1972,0.0029,0.0086,0.0002,0.0305,0.0451,0.0023,0.0008,0.0101,0.0001,0.0015,0.002,0.0001,0.0001,0.0083,0.0019,0.0005,0.0,0.0037,0.0885,0.0209,0.0001,0.0128,0.0,155.0,0.0,92.0,63.0,84.0,0.0,0.0,0.0,0.0,0.0,0.0,0.0,0.0,0.0,0.0,0.0,0.0,0.0,0.0,0.0,0.0,0.0,0.0,8.0,2.0,1.0
1630,13.59938060000003,0,8.478,1.8345,2.0702,1.8631,0.1881,0.0027,0.008,0.0002,0.0376,0.0509,0.0021,0.0006,0.0091,0.0001,0.0014,0.0014,0.0001,0.0001,0.0078,0.0016,0.0004,0.0006,0.0031,0.0908,0.0194,0.0,0.0133,0.0,155.0,0.0,92.0,63.0,84.0,0.0,0.0,0.0,0.0,0.0,0.0,0.0,0.0,0.0,0.0,0.0,0.0,0.0,0.0,0.0,0.0,0.0,0.0,8.0,2.0,1.0
1631,13.60785860000003,0,8.2023,1.9351,2.196,1.8593,0.1845,0.0034,0.0089,0.0002,0.0231,0.0384,0.002,0.0006,0.0097,0.0001,0.0012,0.0017,0.0001,0.0001,0.0085,0.0013,0.0005,0.0001,0.0036,0.0801,0.0202,0.0001,0.0122,0.0,155.0,0.0,92.0,63.0,84.0,0.0,0.0,0.0,0.0,0.0,0.0,0.0,0.0,0.0,0.0,0.0,0.0,0.0,0.0,0.0,0.0,0.0,0.0,8.0,2.0,1.0
1632,13.616060900000031,0,8.5538,1.8342,2.0971,1.8612,0.1912,0.0026,0.0083,0.0002,0.0418,0.0549,0.0021,0.0007,0.0094,0.0002,0.0013,0.0019,0.0001,0.0001,0.0076,0.0013,0.0009,0.0002,0.003,0.0944,0.0194,0.0001,0.0112,0.0,155.0,0.0,92.0,63.0,82.0,0.0,0.0,0.0,0.0,0.0,0.0,0.0,0.0,0.0,0.0,0.0,0.0,0.0,0.0,0.0,0.0,0.0,0.0,8.0,2.0,1.0
1633,13.62461470000003,0,8.3444,1.8427,2.2499,1.7784,0.1798,0.003,0.0078,0.0002,0.0292,0.042,0.0026,0.0006,0.0094,0.0002,0.0019,0.0015,0.0001,0.0004,0.008,0.0011,0.0004,0.0001,0.0031,0.082,0.0194,0.0,0.0121,0.0,155.0,0.0,92.0,63.0,82.0,0.0,0.0,0.0,0.0,0.0,0.0,0.0,0.0,0.0,0.0,0.0,0.0,0.0,0.0,0.0,0.0,0.0,0.0,8.0,2.0,1.0
1634,13.632959100000031,0,8.3069,1.9497,2.5111,1.8541,0.216,0.003,0.0087,0.0003,0.0444,0.0588,0.0024,0.0008,0.0105,0.0001,0.0014,0.0019,0.0001,0.0001,0.0081,0.0018,0.0004,0.0,0.0037,0.1026,0.0216,0.0,0.013,0.0,155.0,0.0,92.0,63.0,82.0,0.0,0.0,0.0,0.0,0.0,0.0,0.0,0.0,0.0,0.0,0.0,0.0,0.0,0.0,0.0,0.0,0.0,0.0,8.0,2.0,1.0
1635,13.64126600000003,0,8.0747,1.8419,2.083,1.937,0.1804,0.003,0.0083,0.0002,0.0305,0.0442,0.0023,0.0006,0.0092,0.0002,0.0018,0.0015,0.0001,0.0001,0.0079,0.0012,0.0005,0.0005,0.0031,0.083,0.0202,0.0,0.0117,0.0,155.0,0.0,92.0,63.0,82.0,0.0,0.0,0.0,0.0,0.0,0.0,0.0,0.0,0.0,0.0,0.0,0.0,0.0,0.0,0.0,0.0,0.0,0.0,8.0,2.0,1.0
1636,13.64934070000003,0,8.5346,1.8742,2.1167,1.8797,0.1965,0.0026,0.0075,0.0001,0.0483,0.0604,0.002,0.0007,0.0104,0.0001,0.0016,0.0013,0.0001,0.0001,0.0077,0.0015,0.0005,0.0001,0.0031,0.0995,0.0201,0.0,0.0135,0.0,155.0,0.0,92.0,63.0,82.0,0.0,0.0,0.0,0.0,0.0,0.0,0.0,0.0,0.0,0.0,0.0,0.0,0.0,0.0,0.0,0.0,0.0,0.0,8.0,2.0,1.0
1637,13.65787530000003,0,8.3229,1.8361,2.1427,1.8391,0.1984,0.0045,0.009,0.0002,0.0301,0.0462,0.0021,0.0008,0.0108,0.0002,0.002,0.0015,0.0002,0.0001,0.0085,0.0013,0.0005,0.0,0.0039,0.0894,0.0219,0.0001,0.0113,0.0,155.0,0.0,92.0,63.0,82.0,0.0,0.0,0.0,0.0,0.0,0.0,0.0,0.0,0.0,0.0,0.0,0.0,0.0,0.0,0.0,0.0,0.0,0.0,8.0,2.0,1.0
1638,13.66619820000003,0,8.3169,1.8993,2.2511,1.7622,0.2037,0.0033,0.0098,0.0003,0.036,0.052,0.002,0.0008,0.011,0.0002,0.0019,0.0014,0.0001,0.0001,0.0089,0.0012,0.0005,0.0001,0.004,0.0982,0.0198,0.0,0.0123,0.0,155.0,0.0,92.0,63.0,82.0,0.0,0.0,0.0,0.0,0.0,0.0,0.0,0.0,0.0,0.0,0.0,0.0,0.0,0.0,0.0,0.0,0.0,0.0,8.0,2.0,1.0
1639,13.674515100000031,0,8.2557,2.2478,2.1136,1.7945,0.1832,0.0026,0.0087,0.0002,0.0321,0.0456,0.0017,0.0006,0.0094,0.0001,0.0018,0.0015,0.0001,0.0001,0.0074,0.0017,0.0005,0.0001,0.0032,0.0849,0.019,0.0,0.0123,0.0,155.0,0.0,92.0,63.0,82.0,0.0,0.0,0.0,0.0,0.0,0.0,0.0,0.0,0.0,0.0,0.0,0.0,0.0,0.0,0.0,0.0,0.0,0.0,8.0,2.0,1.0
1640,13.68277080000003,0,8.3153,1.8671,2.1338,2.1285,0.2006,0.0031,0.0091,0.0003,0.0368,0.0521,0.002,0.0007,0.011,0.0001,0.0019,0.0014,0.0001,0.0001,0.0084,0.0012,0.0005,0.0001,0.0036,0.0951,0.0198,0.0001,0.0124,0.0,155.0,0.0,92.0,63.0,82.0,0.0,0.0,0.0,0.0,0.0,0.0,0.0,0.0,0.0,0.0,0.0,0.0,0.0,0.0,0.0,0.0,0.0,0.0,8.0,2.0,1.0
1641,13.69108610000003,0,8.4582,1.9921,2.188,1.82,0.2077,0.0032,0.009,0.0002,0.0359,0.0506,0.0026,0.0008,0.0107,0.0001,0.0015,0.0022,0.0,0.0001,0.0081,0.0017,0.0005,0.0002,0.0038,0.0947,0.0241,0.0001,0.0121,0.0,155.0,0.0,92.0,63.0,82.0,0.0,0.0,0.0,0.0,0.0,0.0,0.0,0.0,0.0,0.0,0.0,0.0,0.0,0.0,0.0,0.0,0.0,0.0,8.0,2.0,1.0
1642,13.69954430000003,0,8.2457,1.9745,2.161,1.7355,0.1831,0.0025,0.0082,0.0003,0.0371,0.0498,0.0019,0.0005,0.0084,0.0001,0.0018,0.0013,0.0,0.0001,0.0081,0.0014,0.0004,0.0,0.0032,0.0873,0.0192,0.0,0.0131,0.0,155.0,0.0,92.0,63.0,82.0,0.0,0.0,0.0,0.0,0.0,0.0,0.0,0.0,0.0,0.0,0.0,0.0,0.0,0.0,0.0,0.0,0.0,0.0,8.0,2.0,1.0
1643,13.70779000000003,0,8.4018,1.9035,2.1391,1.8376,0.1984,0.0033,0.0087,0.0003,0.0301,0.045,0.0023,0.0007,0.0109,0.0001,0.0013,0.0014,0.0,0.0002,0.008,0.0015,0.0004,0.0,0.0036,0.0895,0.0203,0.0001,0.0141,0.0,155.0,0.0,92.0,63.0,82.0,0.0,0.0,0.0,0.0,0.0,0.0,0.0,0.0,0.0,0.0,0.0,0.0,0.0,0.0,0.0,0.0,0.0,0.0,8.0,2.0,1.0
1644,13.71619180000003,0,8.2466,1.9631,2.1712,1.7724,0.2035,0.0032,0.0087,0.0002,0.0396,0.0539,0.0023,0.0007,0.0109,0.0006,0.0013,0.0015,0.0,0.0001,0.0082,0.0012,0.0004,0.0,0.0038,0.0966,0.0207,0.0,0.0117,0.0,155.0,0.0,92.0,63.0,82.0,0.0,0.0,0.0,0.0,0.0,0.0,0.0,0.0,0.0,0.0,0.0,0.0,0.0,0.0,0.0,0.0,0.0,0.0,8.0,2.0,1.0
1645,13.724438400000029,0,8.4185,1.8176,2.0463,1.7688,0.1835,0.0035,0.0074,0.0002,0.0337,0.0467,0.0018,0.0007,0.0104,0.0001,0.0013,0.0015,0.0001,0.0002,0.0077,0.0016,0.0005,0.0001,0.003,0.0854,0.0204,0.0,0.0124,0.0,155.0,0.0,92.0,63.0,82.0,0.0,0.0,0.0,0.0,0.0,0.0,0.0,0.0,0.0,0.0,0.0,0.0,0.0,0.0,0.0,0.0,0.0,0.0,8.0,2.0,1.0
1646,13.732856900000028,0,8.3008,1.9118,2.2677,1.8133,0.2032,0.0033,0.009,0.0003,0.039,0.0537,0.0023,0.0007,0.0103,0.0001,0.0012,0.0015,0.0,0.0003,0.0082,0.0013,0.0005,0.0001,0.0038,0.0962,0.0204,0.0,0.0127,0.0,155.0,0.0,92.0,63.0,82.0,0.0,0.0,0.0,0.0,0.0,0.0,0.0,0.0,0.0,0.0,0.0,0.0,0.0,0.0,0.0,0.0,0.0,0.0,8.0,2.0,1.0
1647,13.741157700000029,0,8.2571,1.9664,2.1367,1.8006,0.1786,0.0028,0.0075,0.0003,0.0314,0.044,0.0019,0.0006,0.009,0.0001,0.0017,0.0015,0.0001,0.0005,0.007,0.0013,0.0005,0.0001,0.003,0.081,0.0186,0.0001,0.013,0.0,155.0,0.0,92.0,63.0,82.0,0.0,0.0,0.0,0.0,0.0,0.0,0.0,0.0,0.0,0.0,0.0,0.0,0.0,0.0,0.0,0.0,0.0,0.0,8.0,2.0,1.0
1648,13.749414800000029,0,8.4534,1.9029,2.0577,1.7297,0.1812,0.0031,0.0086,0.0002,0.0364,0.0498,0.0017,0.0006,0.0087,0.0001,0.0012,0.0018,0.0002,0.0001,0.0072,0.0011,0.0009,0.0,0.003,0.0873,0.0209,0.0001,0.0119,0.0,155.0,0.0,92.0,63.0,82.0,0.0,0.0,0.0,0.0,0.0,0.0,0.0,0.0,0.0,0.0,0.0,0.0,0.0,0.0,0.0,0.0,0.0,0.0,8.0,2.0,1.0
1649,13.75786820000003,0,8.3297,1.8834,2.2438,1.8747,0.2004,0.0035,0.0085,0.0003,0.0353,0.0504,0.0021,0.0008,0.0109,0.0001,0.0013,0.0015,0.0,0.0001,0.0083,0.0013,0.0004,0.0,0.0035,0.0928,0.02,0.0001,0.0122,0.0,155.0,0.0,92.0,63.0,82.0,0.0,0.0,0.0,0.0,0.0,0.0,0.0,0.0,0.0,0.0,0.0,0.0,0.0,0.0,0.0,0.0,0.0,0.0,8.0,2.0,1.0
1650,13.76619790000003,0,8.2936,1.999,2.2171,1.8075,0.1929,0.0028,0.0083,0.0002,0.038,0.0512,0.0022,0.0007,0.009,0.0001,0.0015,0.0018,0.0002,0.0001,0.0075,0.0011,0.0005,0.0001,0.0031,0.0902,0.023,0.0,0.0132,0.0,155.0,0.0,92.0,63.0,80.0,0.0,0.0,0.0,0.0,0.0,0.0,0.0,0.0,0.0,0.0,0.0,0.0,0.0,0.0,0.0,0.0,0.0,0.0,8.0,2.0,1.0
1651,13.77449150000003,0,8.2468,2.0345,2.153,1.789,0.1939,0.0034,0.0048,0.0004,0.0355,0.0465,0.0023,0.0008,0.0109,0.0002,0.0017,0.0015,0.0001,0.0001,0.0082,0.0013,0.0009,0.0001,0.0033,0.0897,0.0218,0.0,0.0125,0.0,155.0,0.0,92.0,63.0,80.0,0.0,0.0,0.0,0.0,0.0,0.0,0.0,0.0,0.0,0.0,0.0,0.0,0.0,0.0,0.0,0.0,0.0,0.0,8.0,2.0,1.0
1652,13.78273830000003,0,8.5985,1.8874,2.166,1.7825,0.293,0.0033,0.0069,0.0002,0.0715,0.0844,0.0034,0.0011,0.0164,0.0006,0.0026,0.0019,0.0001,0.0001,0.0105,0.0014,0.0005,0.0002,0.0068,0.1554,0.0385,0.0001,0.0119,0.0,155.0,0.0,92.0,63.0,80.0,0.0,0.0,0.0,0.0,0.0,0.0,0.0,0.0,0.0,0.0,0.0,0.0,0.0,0.0,0.0,0.0,0.0,0.0,8.0,2.0,1.0
1653,13.79133680000003,0,8.0707,1.9008,2.2348,1.7964,0.202,0.003,0.0055,0.0003,0.0365,0.0475,0.0025,0.001,0.0114,0.0002,0.0017,0.0017,0.0001,0.0001,0.0084,0.0013,0.0005,0.0001,0.0036,0.0921,0.0218,0.0,0.0124,0.0,155.0,0.0,92.0,63.0,80.0,0.0,0.0,0.0,0.0,0.0,0.0,0.0,0.0,0.0,0.0,0.0,0.0,0.0,0.0,0.0,0.0,0.0,0.0,8.0,2.0,1.0
1654,13.79940750000003,0,8.2579,1.824,2.0362,1.8355,0.1923,0.0033,0.0058,0.0002,0.0473,0.0584,0.002,0.0013,0.011,0.0002,0.0017,0.0014,0.0001,0.0001,0.0076,0.0016,0.0004,0.0001,0.0031,0.0977,0.0193,0.0,0.0128,0.0,155.0,0.0,92.0,63.0,80.0,0.0,0.0,0.0,0.0,0.0,0.0,0.0,0.0,0.0,0.0,0.0,0.0,0.0,0.0,0.0,0.0,0.0,0.0,8.0,2.0,1.0
1655,13.80766540000003,0,8.3764,1.785,2.0129,1.7694,0.1958,0.0033,0.0084,0.0003,0.0316,0.0452,0.0021,0.0012,0.0108,0.0001,0.0017,0.0015,0.0,0.0007,0.008,0.0013,0.0004,0.0001,0.004,0.0875,0.023,0.0001,0.0131,0.0,155.0,0.0,92.0,63.0,82.0,0.0,0.0,0.0,0.0,0.0,0.0,0.0,0.0,0.0,0.0,0.0,0.0,0.0,0.0,0.0,0.0,0.0,0.0,8.0,2.0,1.0
1656,13.81604180000003,0,8.4715,2.0014,2.0063,2.0594,0.2046,0.0012,0.0079,0.0001,0.0463,0.0574,0.0022,0.0006,0.0107,0.0001,0.0018,0.0015,0.0,0.0001,0.008,0.0015,0.0005,0.0,0.0035,0.0996,0.0206,0.0001,0.0119,0.0,155.0,0.0,92.0,63.0,82.0,0.0,0.0,0.0,0.0,0.0,0.0,0.0,0.0,0.0,0.0,0.0,0.0,0.0,0.0,0.0,0.0,0.0,0.0,8.0,2.0,1.0
1657,13.82451330000003,0,8.2434,2.0397,2.19,1.9053,0.1795,0.0027,0.0075,0.0001,0.0282,0.0408,0.0024,0.0005,0.0092,0.0001,0.0018,0.0014,0.0001,0.0001,0.0081,0.0012,0.0004,0.0,0.0035,0.0801,0.0218,0.0001,0.0119,0.0,155.0,0.0,92.0,63.0,82.0,0.0,0.0,0.0,0.0,0.0,0.0,0.0,0.0,0.0,0.0,0.0,0.0,0.0,0.0,0.0,0.0,0.0,0.0,8.0,2.0,1.0
1658,13.83275670000003,0,8.3605,2.1068,2.1338,1.8345,0.1977,0.0029,0.009,0.0002,0.0369,0.0523,0.0024,0.0006,0.0099,0.0002,0.0015,0.0019,0.0001,0.0001,0.0086,0.0016,0.0004,0.0001,0.0039,0.0953,0.0197,0.0,0.0121,0.0,155.0,0.0,92.0,63.0,82.0,0.0,0.0,0.0,0.0,0.0,0.0,0.0,0.0,0.0,0.0,0.0,0.0,0.0,0.0,0.0,0.0,0.0,0.0,8.0,2.0,1.0
1659,13.84111720000003,0,8.3308,1.8348,2.1072,1.7633,0.1786,0.0029,0.0077,0.0002,0.0327,0.0452,0.0025,0.0007,0.0095,0.0001,0.0016,0.0012,0.0,0.0002,0.0077,0.0011,0.0004,0.0001,0.003,0.0815,0.0194,0.0001,0.0117,0.0,155.0,0.0,92.0,63.0,82.0,0.0,0.0,0.0,0.0,0.0,0.0,0.0,0.0,0.0,0.0,0.0,0.0,0.0,0.0,0.0,0.0,0.0,0.0,8.0,2.0,1.0
1660,13.849448000000029,0,8.2754,1.9372,2.1117,1.8024,0.1748,0.0025,0.0079,0.0001,0.0355,0.0476,0.0019,0.0006,0.0083,0.0001,0.0017,0.0013,0.0,0.0001,0.0079,0.0016,0.0005,0.0,0.0032,0.0847,0.0191,0.0,0.0117,0.0,155.0,0.0,92.0,63.0,82.0,0.0,0.0,0.0,0.0,0.0,0.0,0.0,0.0,0.0,0.0,0.0,0.0,0.0,0.0,0.0,0.0,0.0,0.0,8.0,2.0,1.0
1661,13.85772340000003,0,8.2934,1.8833,2.0122,1.8418,0.1849,0.003,0.0092,0.0002,0.025,0.0398,0.0021,0.0007,0.0107,0.0001,0.0013,0.0015,0.0001,0.0002,0.0082,0.0012,0.0004,0.0001,0.0035,0.0814,0.0199,0.0,0.0133,0.0,155.0,0.0,92.0,63.0,82.0,0.0,0.0,0.0,0.0,0.0,0.0,0.0,0.0,0.0,0.0,0.0,0.0,0.0,0.0,0.0,0.0,0.0,0.0,8.0,2.0,1.0
1662,13.866016800000029,0,8.4488,1.9405,2.175,1.7918,0.2138,0.0037,0.0094,0.0002,0.0401,0.0558,0.0024,0.0009,0.0109,0.0001,0.0016,0.0016,0.0001,0.0001,0.0084,0.0014,0.0011,0.0002,0.0038,0.1001,0.0208,0.0001,0.0117,0.0,155.0,0.0,92.0,63.0,82.0,0.0,0.0,0.0,0.0,0.0,0.0,0.0,0.0,0.0,0.0,0.0,0.0,0.0,0.0,0.0,0.0,0.0,0.0,8.0,2.0,1.0
1663,13.874465600000029,0,8.3329,1.9764,1.9977,1.8053,0.1866,0.003,0.0084,0.0002,0.0314,0.0451,0.0021,0.0006,0.0105,0.0001,0.0015,0.0013,0.0001,0.0001,0.0076,0.0014,0.0004,0.0001,0.0032,0.0839,0.0192,0.0,0.0121,0.0,155.0,0.0,92.0,63.0,82.0,0.0,0.0,0.0,0.0,0.0,0.0,0.0,0.0,0.0,0.0,0.0,0.0,0.0,0.0,0.0,0.0,0.0,0.0,8.0,2.0,1.0
1664,13.882798500000028,0,8.3545,2.0937,2.2,1.909,0.2013,0.0028,0.0091,0.0003,0.0395,0.0533,0.0021,0.0007,0.0099,0.0002,0.0014,0.0015,0.0,0.0001,0.0083,0.0012,0.0005,0.0001,0.0041,0.0956,0.0203,0.0,0.0136,0.0,155.0,0.0,92.0,63.0,82.0,0.0,0.0,0.0,0.0,0.0,0.0,0.0,0.0,0.0,0.0,0.0,0.0,0.0,0.0,0.0,0.0,0.0,0.0,8.0,2.0,1.0
1665,13.891153000000028,0,8.2994,1.8972,2.118,1.6928,0.2023,0.0035,0.0097,0.0001,0.035,0.0506,0.0022,0.0007,0.0106,0.0001,0.0017,0.0016,0.0,0.0002,0.0082,0.0012,0.0005,0.0001,0.0035,0.0937,0.0207,0.0,0.0112,0.0,155.0,0.0,92.0,63.0,82.0,0.0,0.0,0.0,0.0,0.0,0.0,0.0,0.0,0.0,0.0,0.0,0.0,0.0,0.0,0.0,0.0,0.0,0.0,8.0,2.0,1.0
1666,13.899452400000028,0,8.3948,2.0635,2.2461,1.8561,0.1856,0.0026,0.0073,0.0001,0.0362,0.0485,0.002,0.0007,0.0104,0.0001,0.0012,0.0018,0.0001,0.0001,0.0072,0.0012,0.0004,0.0001,0.0032,0.0873,0.0195,0.0001,0.012,0.0,155.0,0.0,92.0,63.0,82.0,0.0,0.0,0.0,0.0,0.0,0.0,0.0,0.0,0.0,0.0,0.0,0.0,0.0,0.0,0.0,0.0,0.0,0.0,8.0,2.0,1.0
1667,13.907847200000027,0,8.2582,1.9175,2.1166,1.9198,0.18,0.0026,0.0079,0.0001,0.0304,0.0428,0.0023,0.0006,0.0087,0.0001,0.0013,0.0014,0.0001,0.0001,0.0078,0.0015,0.0004,0.0001,0.0034,0.0805,0.0214,0.0,0.0123,0.0,155.0,0.0,92.0,63.0,84.0,0.0,0.0,0.0,0.0,0.0,0.0,0.0,0.0,0.0,0.0,0.0,0.0,0.0,0.0,0.0,0.0,0.0,0.0,8.0,2.0,1.0
1668,13.916105400000028,0,8.4025,1.8358,2.19,1.78,0.2094,0.0032,0.0088,0.0002,0.044,0.0591,0.0022,0.0008,0.0112,0.0001,0.0013,0.0016,0.0001,0.0001,0.0088,0.0012,0.0005,0.0001,0.0037,0.102,0.0207,0.0,0.0138,0.0,155.0,0.0,92.0,63.0,84.0,0.0,0.0,0.0,0.0,0.0,0.0,0.0,0.0,0.0,0.0,0.0,0.0,0.0,0.0,0.0,0.0,0.0,0.0,8.0,2.0,1.0
1669,13.924507900000028,0,8.447,1.7661,2.2979,1.7763,0.2027,0.003,0.0112,0.0002,0.0284,0.0453,0.0022,0.0007,0.0102,0.0002,0.0018,0.0016,0.0,0.0001,0.0086,0.0013,0.0007,0.0001,0.0036,0.0896,0.023,0.0,0.0152,0.0,155.0,0.0,92.0,63.0,84.0,0.0,0.0,0.0,0.0,0.0,0.0,0.0,0.0,0.0,0.0,0.0,0.0,0.0,0.0,0.0,0.0,0.0,0.0,8.0,2.0,1.0
1670,13.932954900000029,0,8.1475,1.8953,2.1141,1.7318,0.2048,0.0028,0.008,0.0002,0.0433,0.0564,0.0023,0.0007,0.0111,0.0002,0.0019,0.0016,0.0,0.0001,0.0086,0.0012,0.0004,0.0,0.004,0.0999,0.019,0.0001,0.0137,0.0,155.0,0.0,92.0,63.0,84.0,0.0,0.0,0.0,0.0,0.0,0.0,0.0,0.0,0.0,0.0,0.0,0.0,0.0,0.0,0.0,0.0,0.0,0.0,8.0,2.0,1.0
1671,13.941102400000029,0,8.3734,1.7849,2.0849,1.7216,0.1965,0.0032,0.0083,0.0002,0.0302,0.0446,0.0025,0.0007,0.0099,0.0001,0.0018,0.0019,0.0001,0.0001,0.0082,0.0012,0.0008,0.0001,0.0038,0.0901,0.0211,0.0001,0.013,0.0,155.0,0.0,92.0,63.0,84.0,0.0,0.0,0.0,0.0,0.0,0.0,0.0,0.0,0.0,0.0,0.0,0.0,0.0,0.0,0.0,0.0,0.0,0.0,8.0,2.0,1.0
1672,13.949475800000029,0,8.2599,1.967,2.178,1.8355,0.1838,0.0031,0.0079,0.0002,0.0374,0.0503,0.0018,0.0007,0.0095,0.0001,0.0016,0.0015,0.0001,0.0001,0.0074,0.0022,0.0005,0.0001,0.0032,0.0887,0.0216,0.0,0.0129,0.0,155.0,0.0,92.0,63.0,86.0,0.0,0.0,0.0,0.0,0.0,0.0,0.0,0.0,0.0,0.0,0.0,0.0,0.0,0.0,0.0,0.0,0.0,0.0,8.0,2.0,1.0
1673,13.957735700000029,0,8.4856,1.8848,2.0311,1.7713,0.202,0.0031,0.0088,0.0002,0.031,0.0449,0.0021,0.0006,0.011,0.0002,0.0015,0.0015,0.0001,0.0001,0.0082,0.0012,0.0004,0.0001,0.0038,0.0883,0.0237,0.0,0.0133,0.0,155.0,0.0,92.0,63.0,88.0,0.0,0.0,0.0,0.0,0.0,0.0,0.0,0.0,0.0,0.0,0.0,0.0,0.0,0.0,0.0,0.0,0.0,0.0,8.0,2.0,1.0
1674,13.96622130000003,0,8.2433,1.8266,2.263,1.7365,0.1893,0.0027,0.0083,0.0002,0.0405,0.0533,0.0024,0.0007,0.0092,0.0001,0.0013,0.0014,0.0,0.0001,0.0074,0.0014,0.0005,0.0001,0.0036,0.0906,0.0205,0.0,0.0134,0.0,155.0,0.0,92.0,63.0,88.0,0.0,0.0,0.0,0.0,0.0,0.0,0.0,0.0,0.0,0.0,0.0,0.0,0.0,0.0,0.0,0.0,0.0,0.0,8.0,2.0,1.0
1675,13.97446460000003,0,8.3635,1.901,2.0927,1.7219,0.1779,0.0028,0.0077,0.0002,0.0307,0.0433,0.0018,0.0011,0.0099,0.0001,0.0014,0.0014,0.0001,0.0001,0.0072,0.0021,0.0004,0.0001,0.0035,0.0813,0.0202,0.0,0.0138,0.0,155.0,0.0,92.0,63.0,88.0,0.0,0.0,0.0,0.0,0.0,0.0,0.0,0.0,0.0,0.0,0.0,0.0,0.0,0.0,0.0,0.0,0.0,0.0,8.0,2.0,1.0
1676,13.98282810000003,0,8.317,1.8301,2.2156,1.8148,0.2043,0.0032,0.0088,0.0002,0.0401,0.0543,0.0022,0.0008,0.0091,0.0002,0.002,0.0013,0.0001,0.0001,0.0078,0.0014,0.0004,0.0,0.0039,0.0954,0.021,0.0,0.0143,0.0,155.0,0.0,92.0,63.0,88.0,0.0,0.0,0.0,0.0,0.0,0.0,0.0,0.0,0.0,0.0,0.0,0.0,0.0,0.0,0.0,0.0,0.0,0.0,8.0,2.0,1.0
1677,13.991145100000029,0,8.3187,1.8707,2.126,1.714,0.1993,0.0028,0.0082,0.0002,0.0312,0.0445,0.0022,0.0009,0.011,0.0001,0.0013,0.0014,0.0001,0.0001,0.0082,0.0013,0.001,0.0001,0.0044,0.0891,0.022,0.0,0.0142,0.0,155.0,0.0,92.0,63.0,88.0,0.0,0.0,0.0,0.0,0.0,0.0,0.0,0.0,0.0,0.0,0.0,0.0,0.0,0.0,0.0,0.0,0.0,0.0,8.0,2.0,1.0
1678,13.99946380000003,0,8.3466,1.9742,2.1944,1.8446,0.1872,0.0025,0.0076,0.0002,0.041,0.0537,0.0018,0.0008,0.0091,0.0002,0.0013,0.0018,0.0001,0.0001,0.0077,0.0011,0.0009,0.0001,0.0032,0.092,0.0203,0.0,0.0138,0.0,155.0,0.0,92.0,63.0,90.0,0.0,0.0,0.0,0.0,0.0,0.0,0.0,0.0,0.0,0.0,0.0,0.0,0.0,0.0,0.0,0.0,0.0,0.0,8.0,2.0,1.0
1679,14.007810400000029,0,8.2997,1.826,2.1053,1.8073,0.2034,0.003,0.009,0.0001,0.0365,0.0504,0.0027,0.0008,0.0108,0.0001,0.0012,0.0018,0.0001,0.0001,0.0081,0.0012,0.0005,0.0,0.0043,0.0976,0.0212,0.0,0.0133,0.0,155.0,0.0,92.0,63.0,90.0,0.0,0.0,0.0,0.0,0.0,0.0,0.0,0.0,0.0,0.0,0.0,0.0,0.0,0.0,0.0,0.0,0.0,0.0,8.0,2.0,1.0
1680,14.016110100000029,0,8.4149,1.819,2.1017,1.7208,0.2004,0.003,0.0087,0.0002,0.0403,0.0541,0.0021,0.0008,0.0095,0.0001,0.0014,0.002,0.0001,0.0002,0.0082,0.0012,0.001,0.0001,0.0038,0.0958,0.0224,0.0,0.0142,0.0,155.0,0.0,92.0,63.0,90.0,0.0,0.0,0.0,0.0,0.0,0.0,0.0,0.0,0.0,0.0,0.0,0.0,0.0,0.0,0.0,0.0,0.0,0.0,8.0,2.0,1.0
1681,14.024525000000029,0,8.3943,1.9134,2.2289,1.8248,0.2045,0.0034,0.0088,0.0002,0.0318,0.0468,0.0024,0.001,0.0109,0.0001,0.0019,0.0017,0.0001,0.0005,0.0082,0.0013,0.0005,0.0,0.0039,0.092,0.0235,0.0001,0.0138,0.0,155.0,0.0,92.0,63.0,90.0,0.0,0.0,0.0,0.0,0.0,0.0,0.0,0.0,0.0,0.0,0.0,0.0,0.0,0.0,0.0,0.0,0.0,0.0,8.0,2.0,1.0
1682,14.03291930000003,0,8.3566,2.1247,2.3856,1.9104,0.2194,0.0031,0.0091,0.0002,0.0479,0.0627,0.0025,0.0008,0.0096,0.0002,0.0018,0.0023,0.0001,0.0001,0.0086,0.0016,0.0005,0.0001,0.0038,0.1065,0.0227,0.0,0.0145,0.0,155.0,0.0,92.0,63.0,90.0,0.0,0.0,0.0,0.0,0.0,0.0,0.0,0.0,0.0,0.0,0.0,0.0,0.0,0.0,0.0,0.0,0.0,0.0,8.0,2.0,1.0
1683,14.04127590000003,0,8.3141,1.902,2.2029,1.849,0.1975,0.0029,0.0083,0.0001,0.0324,0.046,0.0018,0.0007,0.0094,0.0002,0.0019,0.0016,0.0002,0.0002,0.0083,0.0013,0.0006,0.0,0.0032,0.0872,0.0228,0.0,0.015,0.0,155.0,0.0,92.0,63.0,90.0,0.0,0.0,0.0,0.0,0.0,0.0,0.0,0.0,0.0,0.0,0.0,0.0,0.0,0.0,0.0,0.0,0.0,0.0,8.0,2.0,1.0
1684,14.04959000000003,0,8.3979,1.9632,2.3757,1.8944,0.2366,0.0029,0.0091,0.0002,0.0502,0.0656,0.003,0.0011,0.0138,0.0001,0.0018,0.002,0.0001,0.0002,0.0105,0.0018,0.0006,0.0001,0.0048,0.1185,0.026,0.0001,0.0138,0.0,155.0,0.0,92.0,63.0,90.0,0.0,0.0,0.0,0.0,0.0,0.0,0.0,0.0,0.0,0.0,0.0,0.0,0.0,0.0,0.0,0.0,0.0,0.0,8.0,2.0,1.0
1685,14.05798790000003,0,8.2971,2.0122,2.2632,1.8483,0.1943,0.003,0.0076,0.0002,0.032,0.0448,0.0019,0.0013,0.0105,0.0002,0.0021,0.0016,0.0001,0.0007,0.008,0.0012,0.0006,0.0001,0.0036,0.0883,0.0204,0.0,0.0132,0.0,155.0,0.0,92.0,63.0,90.0,0.0,0.0,0.0,0.0,0.0,0.0,0.0,0.0,0.0,0.0,0.0,0.0,0.0,0.0,0.0,0.0,0.0,0.0,8.0,2.0,1.0
1686,14.06628500000003,0,8.7271,2.0221,2.5944,1.7832,0.3014,0.0034,0.0083,0.0001,0.0583,0.0738,0.0042,0.0011,0.0212,0.0002,0.0026,0.0023,0.0001,0.0006,0.0112,0.0015,0.0005,0.0001,0.0072,0.1487,0.0411,0.0001,0.0141,0.0,155.0,0.0,92.0,63.0,90.0,0.0,0.0,0.0,0.0,0.0,0.0,0.0,0.0,0.0,0.0,0.0,0.0,0.0,0.0,0.0,0.0,0.0,0.0,8.0,2.0,1.0
1687,14.07501210000003,0,8.1721,2.0917,2.6217,1.9964,0.2313,0.0031,0.0082,0.0003,0.0354,0.0495,0.0021,0.0017,0.0123,0.0001,0.0016,0.0023,0.0002,0.0001,0.0092,0.0012,0.0006,0.0001,0.0034,0.0973,0.0352,0.0,0.0137,0.0,155.0,0.0,92.0,63.0,90.0,0.0,0.0,0.0,0.0,0.0,0.0,0.0,0.0,0.0,0.0,0.0,0.0,0.0,0.0,0.0,0.0,0.0,0.0,8.0,2.0,1.0
1688,14.08318420000003,0,8.9883,2.0765,2.9657,2.084,0.3777,0.0058,0.0158,0.0004,0.0755,0.1007,0.0029,0.0008,0.0138,0.0001,0.0014,0.0025,0.0002,0.0,0.0118,0.0017,0.0005,0.0,0.004,0.1542,0.0568,0.0001,0.0152,0.0,155.0,0.0,92.0,63.0,90.0,0.0,0.0,0.0,0.0,0.0,0.0,0.0,0.0,0.0,0.0,0.0,0.0,0.0,0.0,0.0,0.0,0.0,0.0,8.0,2.0,1.0
1689,14.09217250000003,0,7.8869,2.4047,2.8522,2.3368,0.318,0.0033,0.0114,0.0003,0.0576,0.0761,0.0034,0.0013,0.0157,0.0002,0.0022,0.0021,0.0001,0.0,0.0108,0.0019,0.0005,0.0,0.0048,0.1347,0.0538,0.0,0.0142,0.0,155.0,0.0,92.0,63.0,90.0,0.0,0.0,0.0,0.0,0.0,0.0,0.0,0.0,0.0,0.0,0.0,0.0,0.0,0.0,0.0,0.0,0.0,0.0,8.0,2.0,1.0
1690,14.100059400000031,0,8.3662,2.1989,2.7991,2.0721,0.2783,0.0041,0.01,0.0003,0.0769,0.0959,0.0028,0.0018,0.013,0.0003,0.0021,0.0022,0.0002,0.0002,0.0094,0.0014,0.0005,0.0002,0.0035,0.1459,0.0276,0.0001,0.0151,0.0,155.0,0.0,92.0,63.0,90.0,0.0,0.0,0.0,0.0,0.0,0.0,0.0,0.0,0.0,0.0,0.0,0.0,0.0,0.0,0.0,0.0,0.0,0.0,8.0,2.0,1.0
1691,14.10842560000003,0,8.5125,2.173,2.8419,2.0384,0.2753,0.0045,0.0156,0.0004,0.0402,0.0642,0.0028,0.001,0.0133,0.0002,0.0019,0.0022,0.0001,0.0007,0.0116,0.0016,0.0012,0.0001,0.0042,0.1223,0.0308,0.0,0.0163,0.0,155.0,0.0,92.0,63.0,90.0,0.0,0.0,0.0,0.0,0.0,0.0,0.0,0.0,0.0,0.0,0.0,0.0,0.0,0.0,0.0,0.0,0.0,0.0,8.0,2.0,1.0
1692,14.11693810000003,0,7.8358,2.4249,2.6904,2.0671,0.2313,0.0034,0.0093,0.0002,0.0385,0.0543,0.0021,0.001,0.0106,0.0001,0.0019,0.0022,0.0001,0.0001,0.0087,0.0019,0.0006,0.0001,0.0035,0.0988,0.0264,0.0001,0.0152,0.0,155.0,0.0,92.0,63.0,90.0,0.0,0.0,0.0,0.0,0.0,0.0,0.0,0.0,0.0,0.0,0.0,0.0,0.0,0.0,0.0,0.0,0.0,0.0,8.0,2.0,1.0
1693,14.124773900000031,0,8.4408,2.0054,2.3893,1.7548,0.2755,0.0039,0.0105,0.0003,0.0384,0.0572,0.0034,0.0012,0.0171,0.0003,0.0025,0.0027,0.0002,0.0002,0.0095,0.0015,0.0007,0.0001,0.006,0.121,0.0465,0.0001,0.0146,0.0,155.0,0.0,92.0,63.0,90.0,0.0,0.0,0.0,0.0,0.0,0.0,0.0,0.0,0.0,0.0,0.0,0.0,0.0,0.0,0.0,0.0,0.0,0.0,8.0,2.0,1.0
1694,14.133214700000032,0,8.4427,2.1314,2.6433,1.9477,0.2574,0.0037,0.0111,0.0002,0.0451,0.0635,0.0033,0.0016,0.0145,0.0002,0.0025,0.002,0.0002,0.0002,0.011,0.0019,0.0007,0.0001,0.0051,0.1212,0.0319,0.0,0.0147,0.0,155.0,0.0,92.0,63.0,90.0,0.0,0.0,0.0,0.0,0.0,0.0,0.0,0.0,0.0,0.0,0.0,0.0,0.0,0.0,0.0,0.0,0.0,0.0,8.0,2.0,1.0
1695,14.141657400000032,0,8.0734,2.1426,2.4826,1.9408,0.2004,0.0034,0.009,0.0002,0.0309,0.0459,0.0018,0.0012,0.0105,0.0002,0.002,0.0016,0.0001,0.0006,0.0084,0.0012,0.0005,0.0001,0.0035,0.089,0.0208,0.0,0.0144,0.0,155.0,0.0,92.0,63.0,90.0,0.0,0.0,0.0,0.0,0.0,0.0,0.0,0.0,0.0,0.0,0.0,0.0,0.0,0.0,0.0,0.0,0.0,0.0,8.0,2.0,1.0
1696,14.149730800000032,0,8.5995,1.9973,2.6023,1.9061,0.2434,0.005,0.0097,0.0003,0.0474,0.0652,0.0027,0.0009,0.0118,0.0001,0.0017,0.0017,0.0002,0.0001,0.0087,0.0013,0.001,0.0001,0.004,0.1127,0.027,0.0,0.0148,0.0,155.0,0.0,92.0,63.0,90.0,0.0,0.0,0.0,0.0,0.0,0.0,0.0,0.0,0.0,0.0,0.0,0.0,0.0,0.0,0.0,0.0,0.0,0.0,8.0,2.0,1.0
1697,14.158330300000033,0,8.3159,2.0154,2.6733,1.8435,0.2735,0.0033,0.008,0.0002,0.0421,0.0565,0.0039,0.0013,0.0192,0.0001,0.0026,0.0025,0.0002,0.0002,0.0129,0.002,0.0006,0.0,0.0086,0.1289,0.04,0.0,0.0176,0.0,155.0,0.0,92.0,63.0,90.0,0.0,0.0,0.0,0.0,0.0,0.0,0.0,0.0,0.0,0.0,0.0,0.0,0.0,0.0,0.0,0.0,0.0,0.0,8.0,2.0,1.0
1698,14.166646200000033,0,8.3862,2.5287,2.6556,1.9224,0.2381,0.0034,0.0096,0.0004,0.0409,0.0574,0.0023,0.0012,0.012,0.0002,0.0019,0.0025,0.0002,0.0002,0.0092,0.0015,0.0005,0.0001,0.0034,0.1059,0.0305,0.0,0.0152,0.0,155.0,0.0,92.0,63.0,90.0,0.0,0.0,0.0,0.0,0.0,0.0,0.0,0.0,0.0,0.0,0.0,0.0,0.0,0.0,0.0,0.0,0.0,0.0,8.0,2.0,1.0
1699,14.175032400000033,0,8.1075,2.0625,2.6331,1.9,0.2129,0.0035,0.0083,0.0006,0.029,0.0439,0.002,0.001,0.0109,0.0001,0.0019,0.0017,0.0001,0.0001,0.0089,0.0018,0.0006,0.0001,0.0036,0.088,0.0354,0.0,0.0165,0.0,155.0,0.0,92.0,63.0,90.0,0.0,0.0,0.0,0.0,0.0,0.0,0.0,0.0,0.0,0.0,0.0,0.0,0.0,0.0,0.0,0.0,0.0,0.0,8.0,2.0,1.0
1700,14.183139900000032,0,8.2931,2.1911,2.3331,1.958,0.2128,0.0027,0.0079,0.0001,0.0413,0.0556,0.0025,0.0008,0.0125,0.0001,0.0017,0.0016,0.0001,0.0001,0.0091,0.0013,0.0005,0.0001,0.0039,0.1038,0.0227,0.0001,0.015,0.0,155.0,0.0,92.0,63.0,90.0,0.0,0.0,0.0,0.0,0.0,0.0,0.0,0.0,0.0,0.0,0.0,0.0,0.0,0.0,0.0,0.0,0.0,0.0,8.0,2.0,1.0
1701,14.191433000000032,0,8.5862,1.9874,2.762,1.9449,0.282,0.0033,0.0083,0.0003,0.05,0.0649,0.0026,0.0006,0.0126,0.0002,0.0015,0.0015,0.0,0.0,0.0097,0.0014,0.0003,0.0001,0.0056,0.1165,0.0421,0.0,0.0162,0.0,155.0,0.0,92.0,63.0,90.0,0.0,0.0,0.0,0.0,0.0,0.0,0.0,0.0,0.0,0.0,0.0,0.0,0.0,0.0,0.0,0.0,0.0,0.0,8.0,2.0,1.0
1702,14.200019200000032,0,7.8555,1.9223,2.2712,1.8493,0.2239,0.0031,0.0081,0.0002,0.048,0.0623,0.0027,0.0012,0.0123,0.0002,0.0016,0.002,0.0001,0.0001,0.0083,0.0013,0.0005,0.0001,0.0038,0.1145,0.0236,0.0,0.0141,0.0,155.0,0.0,92.0,63.0,88.0,0.0,0.0,0.0,0.0,0.0,0.0,0.0,0.0,0.0,0.0,0.0,0.0,0.0,0.0,0.0,0.0,0.0,0.0,8.0,2.0,1.0
1703,14.207874700000032,0,8.4638,1.8508,2.2599,1.8439,0.2164,0.0034,0.0084,0.0004,0.0384,0.0529,0.0024,0.0013,0.0106,0.0001,0.0016,0.0025,0.0001,0.0001,0.0088,0.0015,0.0005,0.0001,0.0032,0.097,0.0229,0.0,0.0149,0.0,155.0,0.0,92.0,63.0,88.0,0.0,0.0,0.0,0.0,0.0,0.0,0.0,0.0,0.0,0.0,0.0,0.0,0.0,0.0,0.0,0.0,0.0,0.0,8.0,2.0,1.0
1704,14.216338500000031,0,8.5296,2.036,2.5035,1.9656,0.2176,0.0031,0.0082,0.0001,0.042,0.0558,0.0021,0.0009,0.011,0.0002,0.0016,0.0016,0.0001,0.0002,0.0084,0.0012,0.0005,0.0001,0.0035,0.1001,0.0256,0.0001,0.0138,0.0,155.0,0.0,92.0,63.0,88.0,0.0,0.0,0.0,0.0,0.0,0.0,0.0,0.0,0.0,0.0,0.0,0.0,0.0,0.0,0.0,0.0,0.0,0.0,8.0,2.0,1.0
1705,14.22486810000003,0,8.1775,2.077,2.4553,1.9924,0.2252,0.0044,0.0088,0.0002,0.0364,0.0525,0.0029,0.001,0.0132,0.0002,0.0021,0.0019,0.0001,0.0001,0.0085,0.0013,0.0011,0.0001,0.0045,0.1072,0.028,0.0,0.0136,0.0,155.0,0.0,92.0,63.0,86.0,0.0,0.0,0.0,0.0,0.0,0.0,0.0,0.0,0.0,0.0,0.0,0.0,0.0,0.0,0.0,0.0,0.0,0.0,8.0,2.0,1.0
1706,14.23304560000003,0,8.0539,2.1454,2.1886,1.8881,0.1831,0.0026,0.0075,0.0002,0.0374,0.0495,0.0025,0.0007,0.0099,0.0001,0.0011,0.0019,0.0,0.0001,0.0083,0.0017,0.0004,0.0,0.0033,0.0891,0.0205,0.0,0.0144,0.0,155.0,0.0,92.0,63.0,86.0,0.0,0.0,0.0,0.0,0.0,0.0,0.0,0.0,0.0,0.0,0.0,0.0,0.0,0.0,0.0,0.0,0.0,0.0,8.0,2.0,1.0
1707,14.24109950000003,0,8.4723,1.9759,2.1195,1.8141,0.1743,0.0026,0.0082,0.0001,0.0285,0.041,0.0019,0.0012,0.0098,0.0001,0.0017,0.0014,0.0001,0.0001,0.0073,0.0016,0.0004,0.0001,0.0031,0.079,0.0235,0.0,0.0132,0.0,155.0,0.0,92.0,63.0,84.0,0.0,0.0,0.0,0.0,0.0,0.0,0.0,0.0,0.0,0.0,0.0,0.0,0.0,0.0,0.0,0.0,0.0,0.0,8.0,2.0,1.0
1708,14.24957180000003,0,8.1366,1.9218,2.1612,1.7568,0.1689,0.0024,0.0067,0.0001,0.037,0.0476,0.0019,0.0006,0.008,0.0001,0.0012,0.0014,0.0,0.0001,0.0067,0.0011,0.0003,0.0001,0.003,0.081,0.0191,0.0,0.0122,0.0,155.0,0.0,92.0,63.0,84.0,0.0,0.0,0.0,0.0,0.0,0.0,0.0,0.0,0.0,0.0,0.0,0.0,0.0,0.0,0.0,0.0,0.0,0.0,8.0,2.0,1.0
1709,14.25770840000003,0,8.3598,1.888,2.0597,1.8447,0.1897,0.0039,0.0091,0.0002,0.0293,0.0444,0.0022,0.0008,0.01,0.0001,0.0018,0.0015,0.0001,0.0001,0.0081,0.0012,0.0005,0.0001,0.0038,0.0861,0.0195,0.0,0.0115,0.0,155.0,0.0,92.0,63.0,84.0,0.0,0.0,0.0,0.0,0.0,0.0,0.0,0.0,0.0,0.0,0.0,0.0,0.0,0.0,0.0,0.0,0.0,0.0,8.0,2.0,1.0
1710,14.26606820000003,0,8.5936,1.9031,2.243,1.804,0.2017,0.0034,0.0078,0.0003,0.0379,0.0519,0.0024,0.0009,0.0093,0.0001,0.0014,0.0021,0.0001,0.0001,0.0079,0.0012,0.0004,0.0001,0.0032,0.0925,0.0204,0.0,0.012,0.0,155.0,0.0,92.0,63.0,84.0,0.0,0.0,0.0,0.0,0.0,0.0,0.0,0.0,0.0,0.0,0.0,0.0,0.0,0.0,0.0,0.0,0.0,0.0,8.0,2.0,1.0
1711,14.274661800000029,0,8.1057,2.4009,2.219,1.8399,0.1757,0.0033,0.0078,0.0002,0.0289,0.0427,0.0022,0.0008,0.0085,0.0001,0.0012,0.0014,0.0001,0.0001,0.0081,0.0011,0.0004,0.0001,0.003,0.0811,0.0194,0.0,0.0126,0.0,155.0,0.0,92.0,63.0,84.0,0.0,0.0,0.0,0.0,0.0,0.0,0.0,0.0,0.0,0.0,0.0,0.0,0.0,0.0,0.0,0.0,0.0,0.0,8.0,2.0,1.0
1712,14.282767500000029,0,8.4533,1.8876,2.1692,2.0184,0.1888,0.0033,0.009,0.0002,0.03,0.045,0.0021,0.0007,0.0092,0.0001,0.0013,0.0021,0.0,0.0001,0.0082,0.0013,0.0004,0.0001,0.0034,0.0855,0.019,0.0,0.013,0.0,155.0,0.0,92.0,63.0,84.0,0.0,0.0,0.0,0.0,0.0,0.0,0.0,0.0,0.0,0.0,0.0,0.0,0.0,0.0,0.0,0.0,0.0,0.0,8.0,2.0,1.0
1713,14.291220800000028,0,8.2242,1.8373,2.101,1.7886,0.2038,0.003,0.0085,0.0002,0.0293,0.0437,0.0021,0.0008,0.0109,0.0001,0.0018,0.0014,0.0001,0.0001,0.0082,0.0012,0.0005,0.0001,0.0036,0.0924,0.0234,0.0,0.0125,0.0,155.0,0.0,92.0,63.0,82.0,0.0,0.0,0.0,0.0,0.0,0.0,0.0,0.0,0.0,0.0,0.0,0.0,0.0,0.0,0.0,0.0,0.0,0.0,8.0,2.0,1.0
1714,14.299445000000029,0,8.5344,1.9294,2.2828,1.7786,0.2145,0.0037,0.0094,0.0003,0.0402,0.0563,0.0021,0.0009,0.0102,0.0002,0.0014,0.002,0.0001,0.0001,0.009,0.0014,0.0005,0.0001,0.0036,0.1006,0.0235,0.0,0.012,0.0,155.0,0.0,92.0,63.0,82.0,0.0,0.0,0.0,0.0,0.0,0.0,0.0,0.0,0.0,0.0,0.0,0.0,0.0,0.0,0.0,0.0,0.0,0.0,8.0,2.0,1.0
1715,14.307979400000029,0,8.0042,1.8902,2.0701,1.8008,0.1734,0.0025,0.0073,0.0002,0.0294,0.042,0.0018,0.0005,0.0093,0.0001,0.0014,0.0015,0.0001,0.0001,0.0079,0.0011,0.0004,0.0,0.0032,0.08,0.0184,0.0,0.0121,0.0,155.0,0.0,92.0,63.0,82.0,0.0,0.0,0.0,0.0,0.0,0.0,0.0,0.0,0.0,0.0,0.0,0.0,0.0,0.0,0.0,0.0,0.0,0.0,8.0,2.0,1.0
1716,14.31598360000003,0,8.6141,1.826,2.1433,1.7823,0.2031,0.003,0.0081,0.0005,0.0417,0.0563,0.0021,0.0008,0.0093,0.0001,0.0013,0.0017,0.0006,0.0001,0.0081,0.0013,0.0004,0.0,0.0029,0.0971,0.0222,0.0,0.0114,0.0,155.0,0.0,92.0,63.0,80.0,0.0,0.0,0.0,0.0,0.0,0.0,0.0,0.0,0.0,0.0,0.0,0.0,0.0,0.0,0.0,0.0,0.0,0.0,8.0,2.0,1.0
1717,14.32459770000003,0,8.1715,1.9367,2.1342,1.8388,0.1868,0.0026,0.005,0.0001,0.0339,0.0436,0.0022,0.0007,0.0119,0.0001,0.0016,0.0014,0.0001,0.0005,0.0082,0.0014,0.0004,0.0,0.0035,0.0895,0.0219,0.0001,0.0117,0.0,155.0,0.0,92.0,63.0,80.0,0.0,0.0,0.0,0.0,0.0,0.0,0.0,0.0,0.0,0.0,0.0,0.0,0.0,0.0,0.0,0.0,0.0,0.0,8.0,2.0,1.0
1718,14.33276920000003,0,8.4959,1.9363,2.2625,1.9016,0.2154,0.003,0.0075,0.0002,0.0428,0.0559,0.0024,0.0009,0.0106,0.0002,0.0014,0.0017,0.0001,0.0001,0.0087,0.0014,0.0005,0.0001,0.0042,0.1013,0.0257,0.0001,0.011,0.0,155.0,0.0,92.0,63.0,80.0,0.0,0.0,0.0,0.0,0.0,0.0,0.0,0.0,0.0,0.0,0.0,0.0,0.0,0.0,0.0,0.0,0.0,0.0,8.0,2.0,1.0
1719,14.34126510000003,0,8.2096,1.9087,2.1742,1.8664,0.1815,0.0027,0.0076,0.0002,0.0316,0.044,0.0018,0.0006,0.0098,0.0001,0.0019,0.0015,0.0001,0.0001,0.0078,0.0016,0.0005,0.0,0.0031,0.0835,0.0213,0.0001,0.0114,0.0,155.0,0.0,92.0,63.0,80.0,0.0,0.0,0.0,0.0,0.0,0.0,0.0,0.0,0.0,0.0,0.0,0.0,0.0,0.0,0.0,0.0,0.0,0.0,8.0,2.0,1.0
1720,14.34947470000003,0,8.4364,2.1253,2.2657,1.9239,0.2178,0.003,0.0052,0.0004,0.0494,0.06,0.0022,0.001,0.0123,0.0001,0.0015,0.0021,0.0001,0.0001,0.0085,0.0018,0.0005,0.0001,0.0037,0.108,0.0234,0.0,0.0135,0.0,155.0,0.0,92.0,63.0,80.0,0.0,0.0,0.0,0.0,0.0,0.0,0.0,0.0,0.0,0.0,0.0,0.0,0.0,0.0,0.0,0.0,0.0,0.0,8.0,2.0,1.0
1721,14.357911100000031,0,8.3602,2.0262,2.2973,1.8427,0.1954,0.0031,0.0072,0.0002,0.033,0.0461,0.0022,0.0008,0.011,0.0002,0.0018,0.0015,0.0001,0.0001,0.0085,0.0012,0.0005,0.0001,0.0031,0.0878,0.0224,0.0001,0.0125,0.0,155.0,0.0,92.0,63.0,80.0,0.0,0.0,0.0,0.0,0.0,0.0,0.0,0.0,0.0,0.0,0.0,0.0,0.0,0.0,0.0,0.0,0.0,0.0,8.0,2.0,1.0
1722,14.366271300000031,0,8.4331,2.0341,2.1963,1.9033,0.2044,0.0026,0.0049,0.0002,0.0533,0.063,0.0023,0.0007,0.0111,0.0002,0.0018,0.0013,0.0001,0.0001,0.0079,0.0016,0.0004,0.0001,0.0034,0.106,0.0222,0.0001,0.0106,0.0,155.0,0.0,92.0,63.0,80.0,0.0,0.0,0.0,0.0,0.0,0.0,0.0,0.0,0.0,0.0,0.0,0.0,0.0,0.0,0.0,0.0,0.0,0.0,8.0,2.0,1.0
1723,14.37470440000003,0,8.1286,1.7891,2.3819,1.81,0.1812,0.0033,0.0062,0.0002,0.0338,0.0456,0.002,0.0007,0.0105,0.0001,0.0019,0.0015,0.0,0.0001,0.0088,0.0012,0.0004,0.0,0.0031,0.0856,0.0207,0.0,0.0117,0.0,155.0,0.0,92.0,63.0,80.0,0.0,0.0,0.0,0.0,0.0,0.0,0.0,0.0,0.0,0.0,0.0,0.0,0.0,0.0,0.0,0.0,0.0,0.0,8.0,2.0,1.0
1724,14.38283300000003,0,8.3161,1.8326,2.0023,1.8428,0.2064,0.0029,0.0069,0.0002,0.0451,0.0573,0.0024,0.001,0.0124,0.0002,0.0014,0.0014,0.0,0.0001,0.0086,0.0018,0.0004,0.0,0.0034,0.1014,0.0228,0.0,0.012,0.0,155.0,0.0,92.0,63.0,80.0,0.0,0.0,0.0,0.0,0.0,0.0,0.0,0.0,0.0,0.0,0.0,0.0,0.0,0.0,0.0,0.0,0.0,0.0,8.0,2.0,1.0
1725,14.39114910000003,0,8.2015,1.806,2.1182,1.7555,0.1972,0.0037,0.007,0.0002,0.0317,0.0456,0.0026,0.0007,0.0112,0.0002,0.0015,0.0016,0.0001,0.0001,0.0084,0.0014,0.0005,0.0001,0.0036,0.0891,0.0202,0.0,0.0103,0.0,155.0,0.0,92.0,63.0,80.0,0.0,0.0,0.0,0.0,0.0,0.0,0.0,0.0,0.0,0.0,0.0,0.0,0.0,0.0,0.0,0.0,0.0,0.0,8.0,2.0,1.0
1726,14.39935060000003,0,8.3804,1.9273,1.9915,1.8204,0.2036,0.0028,0.0055,0.0003,0.0532,0.0641,0.0025,0.0013,0.0116,0.0002,0.0019,0.0013,0.0,0.0001,0.0086,0.0014,0.0004,0.0001,0.0036,0.1074,0.0207,0.0,0.0111,0.0,155.0,0.0,92.0,63.0,80.0,0.0,0.0,0.0,0.0,0.0,0.0,0.0,0.0,0.0,0.0,0.0,0.0,0.0,0.0,0.0,0.0,0.0,0.0,8.0,2.0,1.0
1727,14.40773100000003,0,8.2567,1.8877,2.0466,1.7544,0.1889,0.0035,0.0075,0.0002,0.0324,0.0456,0.0026,0.0008,0.0109,0.0002,0.0014,0.002,0.0001,0.0001,0.0083,0.0013,0.0005,0.0001,0.0036,0.0888,0.02,0.0,0.0112,0.0,155.0,0.0,92.0,63.0,80.0,0.0,0.0,0.0,0.0,0.0,0.0,0.0,0.0,0.0,0.0,0.0,0.0,0.0,0.0,0.0,0.0,0.0,0.0,8.0,2.0,1.0
1728,14.41598770000003,0,8.4901,1.8851,1.9913,1.7531,0.1953,0.003,0.0088,0.0002,0.0389,0.0533,0.0021,0.0007,0.0098,0.0001,0.0015,0.0021,0.0001,0.0001,0.008,0.0012,0.0008,0.0001,0.0041,0.0955,0.0183,0.0,0.0131,0.0,155.0,0.0,92.0,63.0,82.0,0.0,0.0,0.0,0.0,0.0,0.0,0.0,0.0,0.0,0.0,0.0,0.0,0.0,0.0,0.0,0.0,0.0,0.0,8.0,2.0,1.0
1729,14.42447780000003,0,8.4406,1.8993,2.2363,1.8173,0.1905,0.0027,0.0088,0.0003,0.0304,0.0445,0.0021,0.0007,0.0103,0.0002,0.0018,0.0017,0.0,0.0002,0.0087,0.0013,0.0005,0.0001,0.0037,0.0877,0.0196,0.0001,0.0125,0.0,155.0,0.0,92.0,63.0,82.0,0.0,0.0,0.0,0.0,0.0,0.0,0.0,0.0,0.0,0.0,0.0,0.0,0.0,0.0,0.0,0.0,0.0,0.0,8.0,2.0,1.0
1730,14.43291840000003,0,8.2967,1.9992,2.1964,1.9811,0.1982,0.0031,0.0087,0.0002,0.0374,0.0514,0.0022,0.0007,0.0101,0.0001,0.0014,0.0018,0.0001,0.0001,0.0089,0.0018,0.0004,0.0001,0.0033,0.0938,0.0197,0.0,0.0125,0.0,155.0,0.0,92.0,63.0,82.0,0.0,0.0,0.0,0.0,0.0,0.0,0.0,0.0,0.0,0.0,0.0,0.0,0.0,0.0,0.0,0.0,0.0,0.0,8.0,2.0,1.0
1731,14.441215100000031,0,8.2004,1.8474,2.184,1.8548,0.1956,0.0043,0.0088,0.0002,0.0297,0.0451,0.0022,0.0011,0.011,0.0001,0.002,0.0014,0.0,0.0005,0.0082,0.0013,0.0005,0.0002,0.0037,0.0891,0.0211,0.0,0.0126,0.0,155.0,0.0,92.0,63.0,82.0,0.0,0.0,0.0,0.0,0.0,0.0,0.0,0.0,0.0,0.0,0.0,0.0,0.0,0.0,0.0,0.0,0.0,0.0,8.0,2.0,1.0
1732,14.44941550000003,0,8.3935,1.7521,2.1396,1.8095,0.1898,0.0034,0.0084,0.0002,0.0382,0.0524,0.0019,0.0006,0.0086,0.0002,0.0013,0.0013,0.0001,0.0002,0.0082,0.0012,0.0005,0.0,0.0031,0.0889,0.0201,0.0,0.0125,0.0,155.0,0.0,92.0,63.0,82.0,0.0,0.0,0.0,0.0,0.0,0.0,0.0,0.0,0.0,0.0,0.0,0.0,0.0,0.0,0.0,0.0,0.0,0.0,8.0,2.0,1.0
1733,14.457809000000031,0,8.327,1.7649,2.1312,1.91,0.1904,0.0029,0.0086,0.0002,0.0299,0.0439,0.0021,0.0007,0.0104,0.0001,0.0018,0.0014,0.0001,0.0001,0.0079,0.0019,0.0005,0.0001,0.0037,0.0859,0.02,0.0,0.0119,0.0,155.0,0.0,92.0,63.0,82.0,0.0,0.0,0.0,0.0,0.0,0.0,0.0,0.0,0.0,0.0,0.0,0.0,0.0,0.0,0.0,0.0,0.0,0.0,8.0,2.0,1.0
1734,14.46613600000003,0,8.2844,2.3162,2.0917,1.8517,0.1919,0.0028,0.0082,0.0002,0.0376,0.0506,0.0025,0.0008,0.0099,0.0002,0.0014,0.0015,0.0001,0.0001,0.0078,0.0013,0.0004,0.0001,0.0043,0.0915,0.0197,0.0001,0.013,0.0,155.0,0.0,92.0,63.0,82.0,0.0,0.0,0.0,0.0,0.0,0.0,0.0,0.0,0.0,0.0,0.0,0.0,0.0,0.0,0.0,0.0,0.0,0.0,8.0,2.0,1.0
1735,14.474420400000032,0,8.3498,1.8536,2.0755,1.8126,0.1757,0.0029,0.0077,0.0001,0.0272,0.0403,0.0021,0.0007,0.0094,0.0001,0.0014,0.0015,0.0001,0.0001,0.0074,0.0011,0.0005,0.0001,0.0031,0.0816,0.0182,0.0001,0.0117,0.0,155.0,0.0,92.0,63.0,82.0,0.0,0.0,0.0,0.0,0.0,0.0,0.0,0.0,0.0,0.0,0.0,0.0,0.0,0.0,0.0,0.0,0.0,0.0,8.0,2.0,1.0
1736,14.482770200000031,0,8.3989,1.8613,2.1494,1.7335,0.208,0.0036,0.0092,0.0002,0.0419,0.0576,0.0021,0.0015,0.0115,0.0001,0.0014,0.0014,0.0001,0.0001,0.0081,0.0012,0.0004,0.0001,0.0039,0.1006,0.0204,0.0,0.0122,0.0,155.0,0.0,92.0,63.0,82.0,0.0,0.0,0.0,0.0,0.0,0.0,0.0,0.0,0.0,0.0,0.0,0.0,0.0,0.0,0.0,0.0,0.0,0.0,8.0,2.0,1.0
1737,14.49116910000003,0,8.4019,1.8269,2.1999,1.8472,0.2053,0.0032,0.0085,0.0002,0.035,0.0492,0.0022,0.0008,0.0104,0.0001,0.0021,0.0021,0.0001,0.0001,0.0085,0.0017,0.0004,0.0001,0.0038,0.0935,0.0225,0.0001,0.0123,0.0,155.0,0.0,92.0,63.0,82.0,0.0,0.0,0.0,0.0,0.0,0.0,0.0,0.0,0.0,0.0,0.0,0.0,0.0,0.0,0.0,0.0,0.0,0.0,8.0,2.0,1.0
1738,14.499571000000032,0,8.0976,1.8378,2.1049,1.8016,0.1904,0.0027,0.0085,0.0001,0.0386,0.052,0.0022,0.0008,0.0105,0.0001,0.0018,0.0015,0.0,0.0001,0.0079,0.0016,0.0005,0.0001,0.0039,0.0946,0.0191,0.0,0.0125,0.0,155.0,0.0,92.0,63.0,82.0,0.0,0.0,0.0,0.0,0.0,0.0,0.0,0.0,0.0,0.0,0.0,0.0,0.0,0.0,0.0,0.0,0.0,0.0,8.0,2.0,1.0
1739,14.50766860000003,0,8.4533,1.8261,2.0639,1.7317,0.1959,0.003,0.0086,0.0001,0.0329,0.0468,0.0019,0.0008,0.0098,0.0001,0.0013,0.0015,0.0001,0.0002,0.008,0.0013,0.0005,0.0001,0.0037,0.0918,0.0194,0.0,0.0126,0.0,155.0,0.0,92.0,63.0,84.0,0.0,0.0,0.0,0.0,0.0,0.0,0.0,0.0,0.0,0.0,0.0,0.0,0.0,0.0,0.0,0.0,0.0,0.0,8.0,2.0,1.0
1740,14.51612190000003,0,8.3578,1.8155,2.1062,1.7354,0.2135,0.0031,0.0095,0.0003,0.0458,0.0612,0.0021,0.0013,0.0107,0.0001,0.0019,0.0016,0.0001,0.0002,0.0079,0.0013,0.0005,0.0,0.0039,0.1047,0.0207,0.0001,0.0114,0.0,155.0,0.0,92.0,63.0,84.0,0.0,0.0,0.0,0.0,0.0,0.0,0.0,0.0,0.0,0.0,0.0,0.0,0.0,0.0,0.0,0.0,0.0,0.0,8.0,2.0,1.0
1741,14.52447970000003,0,8.2118,1.8849,2.0446,1.7758,0.1746,0.0029,0.0076,0.0002,0.0304,0.0435,0.0018,0.0006,0.0091,0.0001,0.0014,0.0017,0.0,0.0001,0.0074,0.0012,0.0003,0.0,0.003,0.0804,0.0187,0.0,0.0138,0.0,155.0,0.0,92.0,63.0,84.0,0.0,0.0,0.0,0.0,0.0,0.0,0.0,0.0,0.0,0.0,0.0,0.0,0.0,0.0,0.0,0.0,0.0,0.0,8.0,2.0,1.0
1742,14.53269150000003,0,8.6496,1.9586,2.2744,1.8028,0.2052,0.0031,0.0089,0.0002,0.0407,0.0551,0.0026,0.0007,0.011,0.0001,0.0015,0.002,0.0001,0.0002,0.0082,0.0018,0.0005,0.0,0.0037,0.0994,0.0187,0.0,0.0163,0.0,155.0,0.0,92.0,63.0,84.0,0.0,0.0,0.0,0.0,0.0,0.0,0.0,0.0,0.0,0.0,0.0,0.0,0.0,0.0,0.0,0.0,0.0,0.0,8.0,2.0,1.0
1743,14.54134110000003,0,8.4656,1.8611,2.3866,1.8075,0.2271,0.004,0.0094,0.0003,0.0384,0.0551,0.0023,0.0016,0.0115,0.0002,0.0014,0.002,0.0002,0.0001,0.0075,0.0013,0.0009,0.0001,0.0046,0.102,0.0224,0.0001,0.0129,0.0,155.0,0.0,92.0,63.0,84.0,0.0,0.0,0.0,0.0,0.0,0.0,0.0,0.0,0.0,0.0,0.0,0.0,0.0,0.0,0.0,0.0,0.0,0.0,8.0,2.0,1.0
1744,14.54980670000003,0,8.1165,1.9979,2.2933,1.8046,0.1968,0.0027,0.0082,0.0003,0.0394,0.0537,0.0021,0.0006,0.0101,0.0002,0.0013,0.0019,0.0001,0.0001,0.0081,0.0016,0.0005,0.0001,0.0031,0.0932,0.023,0.0,0.014,0.0,155.0,0.0,92.0,63.0,84.0,0.0,0.0,0.0,0.0,0.0,0.0,0.0,0.0,0.0,0.0,0.0,0.0,0.0,0.0,0.0,0.0,0.0,0.0,8.0,2.0,1.0
1745,14.55792320000003,0,8.3537,1.8612,2.2335,1.7431,0.2019,0.0036,0.0093,0.0002,0.0303,0.0458,0.0022,0.0012,0.0113,0.0001,0.0013,0.0015,0.0005,0.0001,0.0081,0.0013,0.0005,0.0001,0.0039,0.0899,0.0232,0.0001,0.0132,0.0,155.0,0.0,92.0,63.0,84.0,0.0,0.0,0.0,0.0,0.0,0.0,0.0,0.0,0.0,0.0,0.0,0.0,0.0,0.0,0.0,0.0,0.0,0.0,8.0,2.0,1.0
1746,14.56627690000003,0,8.261,1.96,2.2608,1.9247,0.2019,0.0026,0.0083,0.0002,0.0413,0.0547,0.0025,0.0008,0.012,0.0001,0.0019,0.0015,0.0001,0.0001,0.0081,0.0013,0.0004,0.0001,0.0038,0.1003,0.022,0.0,0.0123,0.0,155.0,0.0,92.0,63.0,84.0,0.0,0.0,0.0,0.0,0.0,0.0,0.0,0.0,0.0,0.0,0.0,0.0,0.0,0.0,0.0,0.0,0.0,0.0,8.0,2.0,1.0
1747,14.57453790000003,0,8.1682,1.8726,2.0934,1.7756,0.1737,0.0027,0.0071,0.0001,0.0341,0.0458,0.0024,0.0007,0.0087,0.0005,0.0014,0.0015,0.0001,0.0001,0.0076,0.0011,0.0004,0.0001,0.0031,0.0831,0.0175,0.0,0.0125,0.0,155.0,0.0,92.0,63.0,84.0,0.0,0.0,0.0,0.0,0.0,0.0,0.0,0.0,0.0,0.0,0.0,0.0,0.0,0.0,0.0,0.0,0.0,0.0,8.0,2.0,1.0
1748,14.58270610000003,0,8.5504,1.8481,2.2035,1.7801,0.2059,0.0033,0.0092,0.0002,0.0392,0.0542,0.002,0.0006,0.0106,0.0002,0.0019,0.0014,0.0001,0.0001,0.0079,0.0014,0.0004,0.0001,0.0034,0.0962,0.0229,0.0001,0.0126,0.0,155.0,0.0,92.0,63.0,84.0,0.0,0.0,0.0,0.0,0.0,0.0,0.0,0.0,0.0,0.0,0.0,0.0,0.0,0.0,0.0,0.0,0.0,0.0,8.0,2.0,1.0
1749,14.59125650000003,0,8.3876,1.8476,2.2928,1.7481,0.2046,0.0035,0.0096,0.0003,0.0357,0.0517,0.0025,0.0009,0.0108,0.0001,0.0015,0.0017,0.0001,0.0001,0.0081,0.0013,0.0005,0.0001,0.0039,0.0958,0.0215,0.0001,0.0141,0.0,155.0,0.0,92.0,63.0,84.0,0.0,0.0,0.0,0.0,0.0,0.0,0.0,0.0,0.0,0.0,0.0,0.0,0.0,0.0,0.0,0.0,0.0,0.0,8.0,2.0,1.0
1750,14.599644100000031,0,8.1692,1.8884,2.175,1.7911,0.1916,0.0027,0.0077,0.0002,0.0385,0.052,0.0019,0.0006,0.0087,0.0001,0.0018,0.0014,0.0,0.0006,0.0069,0.0016,0.0004,0.0,0.0033,0.0899,0.0206,0.0,0.0128,0.0,155.0,0.0,92.0,63.0,84.0,0.0,0.0,0.0,0.0,0.0,0.0,0.0,0.0,0.0,0.0,0.0,0.0,0.0,0.0,0.0,0.0,0.0,0.0,8.0,2.0,1.0
1751,14.60781330000003,0,8.2848,1.8824,2.1021,1.7649,0.1956,0.0031,0.0095,0.0002,0.0303,0.0457,0.0028,0.0008,0.0108,0.0001,0.0018,0.0015,0.0001,0.0001,0.0078,0.0017,0.0004,0.0001,0.0036,0.0879,0.0198,0.0,0.0141,0.0,155.0,0.0,92.0,63.0,84.0,0.0,0.0,0.0,0.0,0.0,0.0,0.0,0.0,0.0,0.0,0.0,0.0,0.0,0.0,0.0,0.0,0.0,0.0,8.0,2.0,1.0
1752,14.61609810000003,0,8.2499,2.0265,2.0243,1.7124,0.1957,0.0031,0.0087,0.0001,0.039,0.0533,0.0021,0.0008,0.0104,0.0001,0.0016,0.0014,0.0001,0.0001,0.0087,0.0012,0.0004,0.0001,0.0038,0.0954,0.0186,0.0001,0.0118,0.0,155.0,0.0,92.0,63.0,84.0,0.0,0.0,0.0,0.0,0.0,0.0,0.0,0.0,0.0,0.0,0.0,0.0,0.0,0.0,0.0,0.0,0.0,0.0,8.0,2.0,1.0
1753,14.62434800000003,0,8.4678,2.0166,2.1179,1.898,0.1828,0.0032,0.008,0.0002,0.0302,0.0433,0.0018,0.0012,0.0097,0.0002,0.0018,0.0017,0.0001,0.0001,0.0078,0.0017,0.0004,0.0,0.0033,0.0832,0.0194,0.0001,0.0149,0.0,155.0,0.0,92.0,63.0,84.0,0.0,0.0,0.0,0.0,0.0,0.0,0.0,0.0,0.0,0.0,0.0,0.0,0.0,0.0,0.0,0.0,0.0,0.0,8.0,2.0,1.0
1754,14.63281580000003,0,8.3414,1.8924,2.1255,1.8695,0.204,0.0032,0.0091,0.0002,0.0399,0.0552,0.0021,0.0007,0.0103,0.0002,0.002,0.0017,0.0001,0.0001,0.0088,0.0012,0.0004,0.0001,0.0037,0.0983,0.021,0.0001,0.0116,0.0,155.0,0.0,92.0,63.0,84.0,0.0,0.0,0.0,0.0,0.0,0.0,0.0,0.0,0.0,0.0,0.0,0.0,0.0,0.0,0.0,0.0,0.0,0.0,8.0,2.0,1.0
1755,14.64115720000003,0,8.2352,1.9262,2.0668,1.8041,0.1932,0.0029,0.009,0.0001,0.0302,0.0443,0.002,0.001,0.0108,0.0002,0.0018,0.0014,0.0001,0.0001,0.0084,0.0012,0.0005,0.0001,0.0039,0.0885,0.0198,0.0,0.0114,0.0,155.0,0.0,92.0,63.0,84.0,0.0,0.0,0.0,0.0,0.0,0.0,0.0,0.0,0.0,0.0,0.0,0.0,0.0,0.0,0.0,0.0,0.0,0.0,8.0,2.0,1.0
1756,14.64939240000003,0,8.398,1.8727,2.0961,1.8251,0.1896,0.0034,0.0087,0.0003,0.0355,0.0502,0.0025,0.0006,0.0096,0.0002,0.0012,0.002,0.0001,0.0001,0.0072,0.0011,0.0004,0.0001,0.003,0.0884,0.0178,0.0,0.0127,0.0,155.0,0.0,92.0,63.0,84.0,0.0,0.0,0.0,0.0,0.0,0.0,0.0,0.0,0.0,0.0,0.0,0.0,0.0,0.0,0.0,0.0,0.0,0.0,8.0,2.0,1.0
1757,14.65779040000003,0,8.3669,1.8251,2.1323,1.82,0.2059,0.0041,0.0095,0.0002,0.0347,0.0508,0.0024,0.0006,0.0107,0.0001,0.0013,0.0018,0.0001,0.0001,0.0082,0.0012,0.0005,0.0,0.0038,0.0952,0.0216,0.0001,0.0136,0.0,155.0,0.0,92.0,63.0,84.0,0.0,0.0,0.0,0.0,0.0,0.0,0.0,0.0,0.0,0.0,0.0,0.0,0.0,0.0,0.0,0.0,0.0,0.0,8.0,2.0,1.0
1758,14.66615730000003,0,8.3592,1.8107,2.1531,1.926,0.1836,0.0025,0.0076,0.0001,0.0422,0.0546,0.0019,0.0011,0.0099,0.0001,0.0018,0.0014,0.0001,0.0001,0.007,0.0011,0.0007,0.0001,0.0029,0.092,0.0163,0.0001,0.0129,0.0,155.0,0.0,92.0,63.0,84.0,0.0,0.0,0.0,0.0,0.0,0.0,0.0,0.0,0.0,0.0,0.0,0.0,0.0,0.0,0.0,0.0,0.0,0.0,8.0,2.0,1.0
1759,14.67451650000003,0,8.4864,1.8892,2.3234,1.7574,0.2022,0.0037,0.0085,0.0003,0.0306,0.0455,0.0022,0.0013,0.0117,0.0002,0.0014,0.0016,0.0004,0.0002,0.0084,0.0012,0.0009,0.0001,0.0038,0.0902,0.0232,0.0001,0.0129,0.0,155.0,0.0,92.0,63.0,84.0,0.0,0.0,0.0,0.0,0.0,0.0,0.0,0.0,0.0,0.0,0.0,0.0,0.0,0.0,0.0,0.0,0.0,0.0,8.0,2.0,1.0
1760,14.68300290000003,0,8.1622,2.0921,2.2177,1.9721,0.1831,0.0026,0.0077,0.0002,0.0386,0.051,0.002,0.0006,0.0097,0.0001,0.0012,0.0018,0.0001,0.0001,0.0072,0.0011,0.0004,0.0,0.0031,0.0895,0.0193,0.0,0.0134,0.0,155.0,0.0,92.0,63.0,84.0,0.0,0.0,0.0,0.0,0.0,0.0,0.0,0.0,0.0,0.0,0.0,0.0,0.0,0.0,0.0,0.0,0.0,0.0,8.0,2.0,1.0
1761,14.69116510000003,0,8.3003,2.0158,2.0753,1.8645,0.1764,0.0031,0.0074,0.0003,0.0293,0.042,0.0024,0.0007,0.0092,0.0001,0.0013,0.002,0.0001,0.0002,0.0077,0.0011,0.0004,0.0001,0.003,0.0814,0.0197,0.0001,0.0134,0.0,155.0,0.0,92.0,63.0,84.0,0.0,0.0,0.0,0.0,0.0,0.0,0.0,0.0,0.0,0.0,0.0,0.0,0.0,0.0,0.0,0.0,0.0,0.0,8.0,2.0,1.0
1762,14.69946540000003,0,8.3557,2.0984,2.2034,1.8667,0.2039,0.0027,0.008,0.0003,0.0418,0.0549,0.0022,0.0008,0.0096,0.0002,0.0014,0.002,0.0001,0.0001,0.0079,0.002,0.0004,0.0,0.0038,0.0977,0.0234,0.0,0.0139,0.0,155.0,0.0,92.0,63.0,84.0,0.0,0.0,0.0,0.0,0.0,0.0,0.0,0.0,0.0,0.0,0.0,0.0,0.0,0.0,0.0,0.0,0.0,0.0,8.0,2.0,1.0
1763,14.707821100000029,0,8.2357,1.9694,2.0855,1.8327,0.1849,0.003,0.0092,0.0002,0.0209,0.036,0.0019,0.0007,0.0101,0.0002,0.0013,0.002,0.0,0.0001,0.0083,0.0011,0.0004,0.0001,0.0035,0.0777,0.0209,0.0001,0.011,0.0,155.0,0.0,92.0,63.0,84.0,0.0,0.0,0.0,0.0,0.0,0.0,0.0,0.0,0.0,0.0,0.0,0.0,0.0,0.0,0.0,0.0,0.0,0.0,8.0,2.0,1.0
1764,14.716056800000029,0,8.4361,1.9556,2.0735,1.8591,0.1905,0.0032,0.0076,0.0002,0.043,0.0559,0.002,0.0008,0.0097,0.0002,0.0018,0.0014,0.0,0.0005,0.0078,0.0011,0.0005,0.0001,0.0031,0.0949,0.0199,0.0,0.0134,0.0,155.0,0.0,92.0,63.0,84.0,0.0,0.0,0.0,0.0,0.0,0.0,0.0,0.0,0.0,0.0,0.0,0.0,0.0,0.0,0.0,0.0,0.0,0.0,8.0,2.0,1.0
1765,14.72449290000003,0,8.2532,1.9555,2.1033,1.7452,0.1759,0.0027,0.0074,0.0002,0.0292,0.0416,0.0018,0.001,0.0097,0.0002,0.0017,0.0016,0.0001,0.0002,0.0075,0.0016,0.0005,0.0001,0.0034,0.0807,0.0202,0.0,0.0118,0.0,155.0,0.0,92.0,63.0,84.0,0.0,0.0,0.0,0.0,0.0,0.0,0.0,0.0,0.0,0.0,0.0,0.0,0.0,0.0,0.0,0.0,0.0,0.0,8.0,2.0,1.0
1766,14.73274610000003,0,8.4444,2.0653,2.1561,1.8635,0.2103,0.0037,0.0089,0.0002,0.0456,0.0612,0.0023,0.0007,0.0101,0.0001,0.0014,0.0016,0.0001,0.0002,0.0077,0.0016,0.0005,0.0,0.0033,0.1008,0.0233,0.0,0.0139,0.0,155.0,0.0,92.0,63.0,84.0,0.0,0.0,0.0,0.0,0.0,0.0,0.0,0.0,0.0,0.0,0.0,0.0,0.0,0.0,0.0,0.0,0.0,0.0,8.0,2.0,1.0
1767,14.74119050000003,0,8.2455,1.9509,2.1207,2.0062,0.1727,0.0027,0.0071,0.0001,0.0299,0.0425,0.0019,0.0007,0.0091,0.0001,0.0017,0.0013,0.0002,0.0001,0.0071,0.0012,0.0009,0.0,0.003,0.0792,0.0199,0.0,0.0135,0.0,155.0,0.0,92.0,63.0,84.0,0.0,0.0,0.0,0.0,0.0,0.0,0.0,0.0,0.0,0.0,0.0,0.0,0.0,0.0,0.0,0.0,0.0,0.0,8.0,2.0,1.0
1768,14.74943600000003,0,8.5229,1.9142,2.256,1.7863,0.2089,0.0031,0.0096,0.0002,0.0441,0.059,0.0023,0.0008,0.0115,0.0001,0.0015,0.0017,0.0002,0.0001,0.0073,0.0012,0.0005,0.0,0.0036,0.1022,0.0213,0.0001,0.0147,0.0,155.0,0.0,92.0,63.0,84.0,0.0,0.0,0.0,0.0,0.0,0.0,0.0,0.0,0.0,0.0,0.0,0.0,0.0,0.0,0.0,0.0,0.0,0.0,8.0,2.0,1.0
1769,14.75795890000003,0,8.2381,2.2139,2.2366,1.8029,0.1799,0.0028,0.0071,0.0002,0.028,0.0403,0.0019,0.0012,0.0104,0.0002,0.0019,0.0016,0.0001,0.0007,0.0072,0.0013,0.0004,0.0,0.0032,0.08,0.0211,0.0,0.0125,0.0,155.0,0.0,92.0,63.0,84.0,0.0,0.0,0.0,0.0,0.0,0.0,0.0,0.0,0.0,0.0,0.0,0.0,0.0,0.0,0.0,0.0,0.0,0.0,8.0,2.0,1.0
1770,14.76619700000003,0,8.306,2.0351,2.1321,1.8737,0.194,0.0029,0.008,0.0002,0.0348,0.0479,0.0021,0.0007,0.0096,0.0001,0.0013,0.0015,0.0001,0.0001,0.0076,0.0018,0.0004,0.0001,0.0042,0.09,0.0188,0.0,0.0137,0.0,155.0,0.0,92.0,63.0,84.0,0.0,0.0,0.0,0.0,0.0,0.0,0.0,0.0,0.0,0.0,0.0,0.0,0.0,0.0,0.0,0.0,0.0,0.0,8.0,2.0,1.0
1771,14.77450300000003,0,8.2005,2.0029,2.0912,1.8761,0.1758,0.0027,0.0073,0.0001,0.03,0.0423,0.0019,0.0007,0.0095,0.0001,0.0013,0.0019,0.0,0.0001,0.0082,0.0016,0.0004,0.0001,0.0031,0.0846,0.018,0.0,0.014,0.0,155.0,0.0,92.0,63.0,84.0,0.0,0.0,0.0,0.0,0.0,0.0,0.0,0.0,0.0,0.0,0.0,0.0,0.0,0.0,0.0,0.0,0.0,0.0,8.0,2.0,1.0
1772,14.782703500000029,0,8.4868,1.9326,2.1754,1.808,0.2036,0.0037,0.0087,0.0002,0.0414,0.0562,0.0023,0.0008,0.0101,0.0002,0.0017,0.0015,0.0007,0.0001,0.0083,0.0012,0.0011,0.0,0.0038,0.0995,0.0183,0.0001,0.0133,0.0,155.0,0.0,92.0,63.0,84.0,0.0,0.0,0.0,0.0,0.0,0.0,0.0,0.0,0.0,0.0,0.0,0.0,0.0,0.0,0.0,0.0,0.0,0.0,8.0,2.0,1.0
1773,14.791190300000029,0,8.2797,1.9922,2.0911,1.7616,0.1756,0.0027,0.0084,0.0002,0.0296,0.0429,0.0018,0.0007,0.0092,0.0001,0.0012,0.0015,0.0,0.0006,0.0072,0.0011,0.0004,0.0001,0.0031,0.0797,0.018,0.0,0.0128,0.0,155.0,0.0,92.0,63.0,84.0,0.0,0.0,0.0,0.0,0.0,0.0,0.0,0.0,0.0,0.0,0.0,0.0,0.0,0.0,0.0,0.0,0.0,0.0,8.0,2.0,1.0
1774,14.799470000000028,0,8.5389,1.905,2.2903,1.829,0.2136,0.0034,0.01,0.0003,0.0371,0.0533,0.0022,0.0008,0.0106,0.0002,0.0015,0.0022,0.0001,0.0001,0.0083,0.0018,0.0005,0.0001,0.0037,0.0992,0.0215,0.0,0.0134,0.0,155.0,0.0,92.0,63.0,84.0,0.0,0.0,0.0,0.0,0.0,0.0,0.0,0.0,0.0,0.0,0.0,0.0,0.0,0.0,0.0,0.0,0.0,0.0,8.0,2.0,1.0
1775,14.808008900000027,0,8.1522,2.0324,2.2004,1.7954,0.1965,0.003,0.0083,0.0002,0.0336,0.0475,0.0025,0.0008,0.0115,0.0001,0.0017,0.0016,0.0,0.0001,0.0084,0.0013,0.0005,0.0001,0.0038,0.0915,0.0193,0.0,0.0128,0.0,155.0,0.0,92.0,63.0,84.0,0.0,0.0,0.0,0.0,0.0,0.0,0.0,0.0,0.0,0.0,0.0,0.0,0.0,0.0,0.0,0.0,0.0,0.0,8.0,2.0,1.0
1776,14.816161100000027,0,8.3729,1.9647,2.2102,1.8712,0.189,0.0031,0.0073,0.0002,0.0422,0.0549,0.0018,0.0007,0.0091,0.0005,0.0012,0.0015,0.0001,0.0001,0.0081,0.0012,0.0005,0.0,0.0032,0.0942,0.0185,0.0001,0.0132,0.0,155.0,0.0,92.0,63.0,84.0,0.0,0.0,0.0,0.0,0.0,0.0,0.0,0.0,0.0,0.0,0.0,0.0,0.0,0.0,0.0,0.0,0.0,0.0,8.0,2.0,1.0
1777,14.824534000000027,0,8.2265,1.9875,2.0806,1.744,0.1731,0.0028,0.0078,0.0002,0.028,0.0413,0.0023,0.0006,0.0088,0.0001,0.0015,0.0015,0.0001,0.0002,0.0081,0.0011,0.0004,0.0001,0.0036,0.08,0.0196,0.0001,0.0129,0.0,155.0,0.0,92.0,63.0,84.0,0.0,0.0,0.0,0.0,0.0,0.0,0.0,0.0,0.0,0.0,0.0,0.0,0.0,0.0,0.0,0.0,0.0,0.0,8.0,2.0,1.0
1778,14.832760500000026,0,8.5904,2.2406,2.32,1.9252,0.2287,0.0034,0.009,0.0003,0.0506,0.0662,0.0024,0.0008,0.011,0.0002,0.002,0.0018,0.0001,0.0001,0.0084,0.0014,0.0009,0.0,0.0037,0.1109,0.0237,0.0,0.013,0.0,155.0,0.0,92.0,63.0,84.0,0.0,0.0,0.0,0.0,0.0,0.0,0.0,0.0,0.0,0.0,0.0,0.0,0.0,0.0,0.0,0.0,0.0,0.0,8.0,2.0,1.0
1779,14.841350900000025,0,8.0746,2.0697,2.174,1.8737,0.1824,0.0027,0.0076,0.0002,0.0348,0.0477,0.0017,0.0005,0.0097,0.0001,0.0018,0.0014,0.0001,0.0002,0.008,0.0012,0.0004,0.0001,0.0033,0.0874,0.0198,0.0001,0.0127,0.0,155.0,0.0,92.0,63.0,84.0,0.0,0.0,0.0,0.0,0.0,0.0,0.0,0.0,0.0,0.0,0.0,0.0,0.0,0.0,0.0,0.0,0.0,0.0,8.0,2.0,1.0
1780,14.849425500000025,0,8.3468,1.9798,2.064,1.8579,0.1924,0.0026,0.0076,0.0002,0.0407,0.0529,0.0023,0.0007,0.0114,0.0002,0.0013,0.0019,0.0,0.0002,0.0083,0.0016,0.0004,0.0001,0.0036,0.096,0.0209,0.0,0.0128,0.0,155.0,0.0,92.0,63.0,84.0,0.0,0.0,0.0,0.0,0.0,0.0,0.0,0.0,0.0,0.0,0.0,0.0,0.0,0.0,0.0,0.0,0.0,0.0,8.0,2.0,1.0
1781,14.857772300000025,0,8.4882,1.9877,2.1621,1.8084,0.2056,0.0033,0.0091,0.0002,0.0342,0.0493,0.0024,0.0009,0.0105,0.0001,0.0014,0.0022,0.0001,0.0002,0.0077,0.0018,0.0005,0.0002,0.0042,0.0931,0.0208,0.0,0.012,0.0,155.0,0.0,92.0,63.0,84.0,0.0,0.0,0.0,0.0,0.0,0.0,0.0,0.0,0.0,0.0,0.0,0.0,0.0,0.0,0.0,0.0,0.0,0.0,8.0,2.0,1.0
1782,14.866260500000026,0,8.1825,1.9949,2.1776,1.8869,0.184,0.0026,0.0081,0.0002,0.0369,0.0496,0.002,0.0007,0.0091,0.0002,0.0015,0.0014,0.0001,0.0001,0.0076,0.0016,0.0004,0.0,0.0032,0.0871,0.0184,0.0,0.0134,0.0,155.0,0.0,92.0,63.0,84.0,0.0,0.0,0.0,0.0,0.0,0.0,0.0,0.0,0.0,0.0,0.0,0.0,0.0,0.0,0.0,0.0,0.0,0.0,8.0,2.0,1.0
1783,14.874443000000026,0,8.7071,1.9957,2.2647,1.9403,0.2281,0.0033,0.0094,0.0003,0.0466,0.0621,0.0019,0.0007,0.0108,0.0001,0.002,0.0019,0.0006,0.0001,0.0082,0.0013,0.0011,0.0001,0.0033,0.1054,0.0345,0.0,0.014,0.0,155.0,0.0,92.0,63.0,84.0,0.0,0.0,0.0,0.0,0.0,0.0,0.0,0.0,0.0,0.0,0.0,0.0,0.0,0.0,0.0,0.0,0.0,0.0,8.0,2.0,1.0
1784,14.883150100000027,0,8.1695,1.9792,2.4705,1.9355,0.1872,0.0026,0.0075,0.0001,0.0388,0.0513,0.0019,0.0005,0.0095,0.0001,0.0018,0.0014,0.0002,0.0001,0.0077,0.0016,0.0004,0.0,0.0031,0.0888,0.0188,0.0,0.0131,0.0,155.0,0.0,92.0,63.0,84.0,0.0,0.0,0.0,0.0,0.0,0.0,0.0,0.0,0.0,0.0,0.0,0.0,0.0,0.0,0.0,0.0,0.0,0.0,8.0,2.0,1.0
1785,14.891319600000026,0,8.2352,2.3238,2.2753,1.887,0.1748,0.0026,0.0075,0.0001,0.0283,0.0407,0.0025,0.0007,0.0093,0.0002,0.0014,0.0013,0.0001,0.0002,0.0077,0.0011,0.0004,0.0001,0.003,0.0779,0.0207,0.0,0.0133,0.0,155.0,0.0,92.0,63.0,84.0,0.0,0.0,0.0,0.0,0.0,0.0,0.0,0.0,0.0,0.0,0.0,0.0,0.0,0.0,0.0,0.0,0.0,0.0,8.0,2.0,1.0
1786,14.899554800000026,0,8.4065,1.8604,2.1717,1.8265,0.2089,0.0035,0.0084,0.0002,0.0398,0.0545,0.0024,0.0009,0.0125,0.0001,0.0014,0.0017,0.0,0.0001,0.0082,0.0016,0.0004,0.0001,0.0037,0.1001,0.0241,0.0001,0.0116,0.0,155.0,0.0,92.0,63.0,84.0,0.0,0.0,0.0,0.0,0.0,0.0,0.0,0.0,0.0,0.0,0.0,0.0,0.0,0.0,0.0,0.0,0.0,0.0,8.0,2.0,1.0
1787,14.907961300000025,0,8.2053,1.9317,2.254,1.9126,0.1839,0.0027,0.0081,0.0001,0.0283,0.0414,0.0019,0.0005,0.0104,0.0001,0.0019,0.0016,0.0002,0.0002,0.0081,0.0016,0.0004,0.0001,0.0033,0.0819,0.0225,0.0,0.0135,0.0,155.0,0.0,92.0,63.0,84.0,0.0,0.0,0.0,0.0,0.0,0.0,0.0,0.0,0.0,0.0,0.0,0.0,0.0,0.0,0.0,0.0,0.0,0.0,8.0,2.0,1.0
1788,14.916166600000025,0,8.2724,2.0994,2.1164,1.7799,0.1973,0.0036,0.0084,0.0001,0.0407,0.0549,0.0027,0.0007,0.0116,0.0002,0.0019,0.0015,0.0,0.0001,0.0087,0.0013,0.0005,0.0001,0.0037,0.0982,0.0223,0.0001,0.0129,0.0,155.0,0.0,92.0,63.0,84.0,0.0,0.0,0.0,0.0,0.0,0.0,0.0,0.0,0.0,0.0,0.0,0.0,0.0,0.0,0.0,0.0,0.0,0.0,8.0,2.0,1.0
1789,14.924439000000024,0,8.3097,1.9471,2.1122,2.0008,0.1854,0.003,0.0077,0.0003,0.0327,0.0457,0.0017,0.0007,0.01,0.0001,0.0014,0.0015,0.0001,0.0001,0.0078,0.0015,0.0004,0.0,0.0031,0.0843,0.0178,0.0,0.0121,0.0,155.0,0.0,92.0,63.0,84.0,0.0,0.0,0.0,0.0,0.0,0.0,0.0,0.0,0.0,0.0,0.0,0.0,0.0,0.0,0.0,0.0,0.0,0.0,8.0,2.0,1.0
1790,14.932748700000024,0,8.3845,2.0177,2.1112,1.7684,0.2075,0.0033,0.009,0.0002,0.0416,0.0562,0.0023,0.0007,0.0093,0.0002,0.0015,0.002,0.0,0.0001,0.0079,0.0018,0.0006,0.0,0.004,0.0984,0.0225,0.0001,0.0121,0.0,155.0,0.0,92.0,63.0,84.0,0.0,0.0,0.0,0.0,0.0,0.0,0.0,0.0,0.0,0.0,0.0,0.0,0.0,0.0,0.0,0.0,0.0,0.0,8.0,2.0,1.0
1791,14.941133200000024,0,8.3894,1.9444,2.0109,1.8724,0.1735,0.0028,0.0073,0.0002,0.0285,0.0405,0.0017,0.0007,0.0099,0.0002,0.0012,0.0018,0.0001,0.0001,0.0078,0.0015,0.0004,0.0001,0.0036,0.0792,0.0182,0.0,0.0126,0.0,155.0,0.0,92.0,63.0,84.0,0.0,0.0,0.0,0.0,0.0,0.0,0.0,0.0,0.0,0.0,0.0,0.0,0.0,0.0,0.0,0.0,0.0,0.0,8.0,2.0,1.0
1792,14.949522600000025,0,8.2201,1.9566,2.2172,1.9929,0.1853,0.0028,0.0075,0.0001,0.0382,0.0505,0.0018,0.0007,0.0091,0.0001,0.0012,0.0018,0.0,0.0001,0.0079,0.0011,0.0005,0.0,0.0032,0.0891,0.0219,0.0,0.0123,0.0,155.0,0.0,92.0,63.0,84.0,0.0,0.0,0.0,0.0,0.0,0.0,0.0,0.0,0.0,0.0,0.0,0.0,0.0,0.0,0.0,0.0,0.0,0.0,8.0,2.0,1.0
1793,14.957742700000026,0,8.5012,2.1204,2.1418,1.9298,0.2083,0.003,0.0089,0.0002,0.0329,0.0473,0.0027,0.0008,0.0122,0.0001,0.0014,0.0017,0.0001,0.0001,0.0083,0.0013,0.0009,0.0001,0.0037,0.0936,0.0219,0.0,0.014,0.0,155.0,0.0,92.0,63.0,84.0,0.0,0.0,0.0,0.0,0.0,0.0,0.0,0.0,0.0,0.0,0.0,0.0,0.0,0.0,0.0,0.0,0.0,0.0,8.0,2.0,1.0
1794,14.966243900000025,0,8.3274,2.1657,2.3108,1.8542,0.1968,0.0034,0.0079,0.0001,0.0399,0.0533,0.0017,0.0006,0.0098,0.0001,0.0014,0.0019,0.0,0.0001,0.008,0.0016,0.0005,0.0,0.0036,0.0939,0.02,0.0001,0.0134,0.0,155.0,0.0,92.0,63.0,84.0,0.0,0.0,0.0,0.0,0.0,0.0,0.0,0.0,0.0,0.0,0.0,0.0,0.0,0.0,0.0,0.0,0.0,0.0,8.0,2.0,1.0
1795,14.974571300000026,0,8.1812,1.9225,2.0876,1.8473,0.1766,0.0025,0.0071,0.0002,0.0322,0.0448,0.0018,0.0006,0.0097,0.0002,0.0012,0.0019,0.0,0.0001,0.0077,0.0011,0.0004,0.0,0.0032,0.083,0.0178,0.0,0.0145,0.0,155.0,0.0,92.0,63.0,84.0,0.0,0.0,0.0,0.0,0.0,0.0,0.0,0.0,0.0,0.0,0.0,0.0,0.0,0.0,0.0,0.0,0.0,0.0,8.0,2.0,1.0
1796,14.982752500000025,0,142.3466,15.204,2.0606,1.8281,0.178,0.0035,0.0076,0.0001,0.0342,0.0481,0.0019,0.0005,0.0089,0.0001,0.0018,0.0015,0.0,0.0001,0.0077,0.0017,0.0003,0.0001,0.0031,0.0855,0.022,0.0,0.0127,0.0,155.0,0.0,92.0,63.0,84.0,0.0,0.0,0.0,0.0,0.0,0.0,0.0,0.0,0.0,0.0,0.0,0.0,0.0,0.0,0.0,0.0,0.0,0.0,8.0,2.0,1.0
1797,15.125099100000025,0,3.1355,0.7522,121.6421,0.4854,0.2196,0.0031,0.0092,0.0004,0.0399,0.0556,0.0027,0.0016,0.0112,0.0002,0.0021,0.0017,0.0001,0.0002,0.0087,0.0013,0.0005,0.0001,0.003,0.1012,0.0231,0.0001,0.0141,0.0,155.0,0.0,92.0,63.0,85.0,0.0,0.0,0.0,0.0,0.0,0.0,0.0,0.0,0.0,0.0,0.0,0.0,0.0,0.0,0.0,0.0,0.0,0.0,8.0,2.0,1.0
1798,15.128234600000026,0,7.7175,2.1498,2.4224,1.845,0.217,0.0033,0.008,0.0006,0.0438,0.0583,0.002,0.0009,0.011,0.0002,0.0018,0.0017,0.0001,0.0001,0.0085,0.0012,0.0004,0.0005,0.0033,0.1048,0.0215,0.0001,0.0136,0.0,155.0,0.0,92.0,63.0,82.0,0.0,0.0,0.0,0.0,0.0,0.0,0.0,0.0,0.0,0.0,0.0,0.0,0.0,0.0,0.0,0.0,0.0,0.0,8.0,2.0,1.0
1799,15.135952100000026,0,8.2197,1.9882,2.404,1.7768,0.1896,0.0028,0.008,0.0003,0.0307,0.0438,0.0025,0.0008,0.0104,0.0002,0.0015,0.0022,0.0002,0.0002,0.0084,0.0016,0.0005,0.0001,0.0033,0.0857,0.0225,0.0,0.0117,0.0,155.0,0.0,92.0,63.0,82.0,0.0,0.0,0.0,0.0,0.0,0.0,0.0,0.0,0.0,0.0,0.0,0.0,0.0,0.0,0.0,0.0,0.0,0.0,8.0,2.0,1.0
1800,15.144171800000025,0,8.2409,2.0674,2.3132,1.818,0.1972,0.0026,0.0073,0.0002,0.0391,0.0516,0.0019,0.0007,0.0101,0.0002,0.0012,0.0021,0.0001,0.0001,0.0081,0.0016,0.0005,0.0,0.0031,0.092,0.021,0.0001,0.0119,0.0,155.0,0.0,92.0,63.0,82.0,0.0,0.0,0.0,0.0,0.0,0.0,0.0,0.0,0.0,0.0,0.0,0.0,0.0,0.0,0.0,0.0,0.0,0.0,8.0,2.0,1.0
1801,15.152412700000026,0,8.0962,1.9267,2.2234,1.8369,0.1822,0.0034,0.0074,0.0002,0.0301,0.0431,0.0019,0.0011,0.0101,0.0001,0.0013,0.002,0.0001,0.0001,0.0071,0.0017,0.0004,0.0001,0.0032,0.082,0.0191,0.0,0.0103,0.0,155.0,0.0,92.0,63.0,82.0,0.0,0.0,0.0,0.0,0.0,0.0,0.0,0.0,0.0,0.0,0.0,0.0,0.0,0.0,0.0,0.0,0.0,0.0,8.0,2.0,1.0
1802,15.160508900000027,0,8.5188,1.8793,2.0679,1.7499,0.1926,0.0028,0.0084,0.0002,0.0406,0.0544,0.002,0.0007,0.0097,0.0001,0.0016,0.0014,0.0001,0.0001,0.0078,0.0014,0.0004,0.0,0.0031,0.0934,0.0201,0.0,0.014,0.0,155.0,0.0,92.0,63.0,82.0,0.0,0.0,0.0,0.0,0.0,0.0,0.0,0.0,0.0,0.0,0.0,0.0,0.0,0.0,0.0,0.0,0.0,0.0,8.0,2.0,1.0
1803,15.169027700000026,0,8.4445,2.1879,2.3915,1.7844,0.2714,0.0052,0.0132,0.0003,0.0384,0.0604,0.0026,0.0007,0.0117,0.0001,0.0025,0.0017,0.0001,0.0001,0.0082,0.0013,0.0004,0.0,0.0032,0.1061,0.0285,0.0,0.014,0.0,155.0,0.0,92.0,63.0,82.0,0.0,0.0,0.0,0.0,0.0,0.0,0.0,0.0,0.0,0.0,0.0,0.0,0.0,0.0,0.0,0.0,0.0,0.0,8.0,2.0,1.0
1804,15.177472200000025,0,8.2349,2.0677,2.2471,1.7761,0.1995,0.0031,0.0077,0.0002,0.0385,0.0519,0.002,0.0006,0.0099,0.0002,0.0017,0.0013,0.0001,0.0001,0.0078,0.0014,0.0005,0.0001,0.0032,0.0936,0.0214,0.0,0.0136,0.0,155.0,0.0,92.0,63.0,82.0,0.0,0.0,0.0,0.0,0.0,0.0,0.0,0.0,0.0,0.0,0.0,0.0,0.0,0.0,0.0,0.0,0.0,0.0,8.0,2.0,1.0
1805,15.185707100000025,0,8.2457,1.9643,2.1044,1.7314,0.1811,0.0028,0.0074,0.0002,0.0297,0.0428,0.0022,0.0008,0.0094,0.0001,0.0017,0.0018,0.0001,0.0002,0.008,0.0012,0.0004,0.0001,0.003,0.0822,0.0193,0.0,0.0141,0.0,155.0,0.0,92.0,63.0,82.0,0.0,0.0,0.0,0.0,0.0,0.0,0.0,0.0,0.0,0.0,0.0,0.0,0.0,0.0,0.0,0.0,0.0,0.0,8.0,2.0,1.0
1806,15.193952800000025,0,8.651,2.0015,2.4479,1.9649,0.2374,0.0036,0.0086,0.0002,0.0532,0.0685,0.0026,0.0016,0.0128,0.0002,0.0017,0.002,0.0001,0.0001,0.0097,0.0014,0.0005,0.0,0.0038,0.1173,0.0235,0.0001,0.0124,0.0,155.0,0.0,92.0,63.0,82.0,0.0,0.0,0.0,0.0,0.0,0.0,0.0,0.0,0.0,0.0,0.0,0.0,0.0,0.0,0.0,0.0,0.0,0.0,8.0,2.0,1.0
1807,15.202603800000025,0,8.4653,2.1082,2.6805,1.9218,0.2215,0.0037,0.0099,0.0006,0.043,0.0603,0.003,0.001,0.0128,0.0001,0.0013,0.0024,0.0001,0.0001,0.0076,0.0012,0.0005,0.0001,0.0031,0.1041,0.0228,0.0001,0.0135,0.0,155.0,0.0,92.0,63.0,82.0,0.0,0.0,0.0,0.0,0.0,0.0,0.0,0.0,0.0,0.0,0.0,0.0,0.0,0.0,0.0,0.0,0.0,0.0,8.0,2.0,1.0
1808,15.211069100000024,0,8.079,1.8973,2.3424,1.9504,0.2196,0.0034,0.0082,0.0001,0.0468,0.0613,0.0027,0.0012,0.0129,0.0001,0.0014,0.0021,0.0,0.0002,0.0083,0.0018,0.0005,0.0002,0.0038,0.1084,0.021,0.0001,0.0139,0.0,155.0,0.0,92.0,63.0,84.0,0.0,0.0,0.0,0.0,0.0,0.0,0.0,0.0,0.0,0.0,0.0,0.0,0.0,0.0,0.0,0.0,0.0,0.0,8.0,2.0,1.0
1809,15.219148100000025,0,8.2702,2.0493,2.2568,1.9626,0.196,0.0031,0.0082,0.0002,0.0343,0.0487,0.0023,0.0007,0.0099,0.0001,0.0012,0.0021,0.0001,0.0001,0.0077,0.0012,0.0005,0.0001,0.0032,0.0882,0.0214,0.0,0.0121,0.0,155.0,0.0,92.0,63.0,84.0,0.0,0.0,0.0,0.0,0.0,0.0,0.0,0.0,0.0,0.0,0.0,0.0,0.0,0.0,0.0,0.0,0.0,0.0,8.0,2.0,1.0
1810,15.227418300000025,0,8.6442,1.9938,2.6426,1.945,0.2308,0.0039,0.0095,0.0002,0.0425,0.0591,0.0025,0.0009,0.011,0.0001,0.0016,0.0022,0.0001,0.0001,0.0087,0.0016,0.0005,0.0001,0.0039,0.1083,0.023,0.0001,0.013,0.0,155.0,0.0,92.0,63.0,84.0,0.0,0.0,0.0,0.0,0.0,0.0,0.0,0.0,0.0,0.0,0.0,0.0,0.0,0.0,0.0,0.0,0.0,0.0,8.0,2.0,1.0
1811,15.236062500000026,0,7.9796,2.1207,2.2001,1.9765,0.1815,0.0031,0.0085,0.0002,0.0314,0.0454,0.0024,0.0007,0.0094,0.0001,0.0013,0.0019,0.0001,0.0001,0.0082,0.0012,0.0008,0.0001,0.0032,0.0844,0.0193,0.0001,0.0149,0.0,155.0,0.0,92.0,63.0,84.0,0.0,0.0,0.0,0.0,0.0,0.0,0.0,0.0,0.0,0.0,0.0,0.0,0.0,0.0,0.0,0.0,0.0,0.0,8.0,2.0,1.0
1812,15.244042100000026,0,8.2637,1.9748,2.3067,1.8105,0.209,0.0027,0.0077,0.0001,0.0418,0.0547,0.0028,0.0008,0.0125,0.0001,0.0015,0.0016,0.0002,0.0002,0.0082,0.0014,0.0004,0.0,0.0034,0.1002,0.0258,0.0001,0.0124,0.0,155.0,0.0,92.0,63.0,84.0,0.0,0.0,0.0,0.0,0.0,0.0,0.0,0.0,0.0,0.0,0.0,0.0,0.0,0.0,0.0,0.0,0.0,0.0,8.0,2.0,1.0
1813,15.252305800000027,0,8.4587,2.2603,2.1725,1.9284,0.1983,0.0036,0.0083,0.0001,0.0305,0.0449,0.002,0.0007,0.0099,0.0002,0.0014,0.0015,0.0001,0.0002,0.0081,0.0012,0.0005,0.0003,0.0035,0.0858,0.023,0.0001,0.0131,0.0,155.0,0.0,92.0,63.0,86.0,0.0,0.0,0.0,0.0,0.0,0.0,0.0,0.0,0.0,0.0,0.0,0.0,0.0,0.0,0.0,0.0,0.0,0.0,8.0,2.0,1.0
1814,15.260764500000027,0,8.5882,2.0545,2.5812,1.9143,0.203,0.0028,0.0082,0.0002,0.0394,0.0527,0.0021,0.0008,0.0096,0.0001,0.0018,0.0016,0.0001,0.0006,0.0081,0.0011,0.0005,0.0,0.0037,0.0941,0.0218,0.0,0.0145,0.0,155.0,0.0,92.0,63.0,86.0,0.0,0.0,0.0,0.0,0.0,0.0,0.0,0.0,0.0,0.0,0.0,0.0,0.0,0.0,0.0,0.0,0.0,0.0,8.0,2.0,1.0
1815,15.269352700000027,0,8.1485,1.9629,2.4169,1.855,0.2285,0.0034,0.0086,0.0002,0.0456,0.0597,0.0024,0.0008,0.011,0.0001,0.0015,0.0022,0.0001,0.0001,0.0092,0.0012,0.0006,0.0001,0.0036,0.104,0.0365,0.0,0.0143,0.0,155.0,0.0,92.0,63.0,86.0,0.0,0.0,0.0,0.0,0.0,0.0,0.0,0.0,0.0,0.0,0.0,0.0,0.0,0.0,0.0,0.0,0.0,0.0,8.0,2.0,1.0
1816,15.277501200000028,0,8.2802,1.9837,2.2825,1.8914,0.2077,0.0031,0.0077,0.0002,0.0417,0.0549,0.002,0.0008,0.0105,0.0001,0.0018,0.0016,0.0001,0.0001,0.009,0.0011,0.0005,0.0001,0.0038,0.0979,0.0211,0.0,0.0135,0.0,155.0,0.0,92.0,63.0,86.0,0.0,0.0,0.0,0.0,0.0,0.0,0.0,0.0,0.0,0.0,0.0,0.0,0.0,0.0,0.0,0.0,0.0,0.0,8.0,2.0,1.0
1817,15.285781400000028,0,8.4433,1.9902,2.465,1.8477,0.2459,0.0029,0.0085,0.0001,0.0804,0.0942,0.0021,0.0006,0.0108,0.0002,0.002,0.0016,0.0001,0.0001,0.0087,0.0013,0.0005,0.0001,0.0034,0.1376,0.0222,0.0,0.0137,0.0,155.0,0.0,92.0,63.0,86.0,0.0,0.0,0.0,0.0,0.0,0.0,0.0,0.0,0.0,0.0,0.0,0.0,0.0,0.0,0.0,0.0,0.0,0.0,8.0,2.0,1.0
1818,15.294224700000028,0,8.1715,1.9756,2.3343,1.9758,0.224,0.0036,0.0089,0.0002,0.0469,0.0625,0.0025,0.0008,0.0125,0.0001,0.0014,0.0021,0.0001,0.0001,0.0084,0.0013,0.0005,0.0,0.0038,0.1089,0.0211,0.0,0.013,0.0,155.0,0.0,92.0,63.0,86.0,0.0,0.0,0.0,0.0,0.0,0.0,0.0,0.0,0.0,0.0,0.0,0.0,0.0,0.0,0.0,0.0,0.0,0.0,8.0,2.0,1.0
1819,15.302396200000027,0,8.4264,2.0692,2.2371,1.8429,0.1976,0.0028,0.0073,0.0002,0.0349,0.0474,0.0024,0.0009,0.0115,0.0001,0.0014,0.0018,0.0001,0.0001,0.008,0.0013,0.0004,0.0001,0.0043,0.0925,0.02,0.0001,0.0153,0.0,155.0,0.0,92.0,63.0,88.0,0.0,0.0,0.0,0.0,0.0,0.0,0.0,0.0,0.0,0.0,0.0,0.0,0.0,0.0,0.0,0.0,0.0,0.0,8.0,2.0,1.0
1820,15.310822600000026,0,8.2422,2.0738,2.3438,1.7969,0.211,0.0025,0.01,0.0001,0.0454,0.0605,0.0026,0.0008,0.0102,0.0001,0.0013,0.0021,0.0,0.0001,0.0083,0.0012,0.0004,0.0001,0.0032,0.1021,0.0248,0.0,0.0135,0.0,155.0,0.0,92.0,63.0,88.0,0.0,0.0,0.0,0.0,0.0,0.0,0.0,0.0,0.0,0.0,0.0,0.0,0.0,0.0,0.0,0.0,0.0,0.0,8.0,2.0,1.0
1821,15.319064800000026,0,8.2771,1.9065,2.14,1.8415,0.1884,0.0026,0.008,0.0001,0.0283,0.0422,0.002,0.0007,0.0106,0.0001,0.0019,0.0015,0.0001,0.0001,0.0075,0.0013,0.0005,0.0001,0.0034,0.0839,0.0193,0.0001,0.0135,0.0,155.0,0.0,92.0,63.0,90.0,0.0,0.0,0.0,0.0,0.0,0.0,0.0,0.0,0.0,0.0,0.0,0.0,0.0,0.0,0.0,0.0,0.0,0.0,8.0,2.0,1.0
1822,15.327341900000027,0,8.5129,2.0047,2.3669,1.8339,0.1958,0.0026,0.0077,0.0002,0.0382,0.0515,0.002,0.0008,0.0092,0.0001,0.0019,0.0016,0.0,0.0001,0.0075,0.0017,0.0004,0.0002,0.0034,0.0924,0.0225,0.0,0.0148,0.0,155.0,0.0,92.0,63.0,88.0,0.0,0.0,0.0,0.0,0.0,0.0,0.0,0.0,0.0,0.0,0.0,0.0,0.0,0.0,0.0,0.0,0.0,0.0,8.0,2.0,1.0
1823,15.335854800000027,0,7.9441,2.0579,2.1292,1.894,0.1825,0.0026,0.0072,0.0001,0.0317,0.0442,0.002,0.0006,0.0104,0.0001,0.0018,0.0014,0.0001,0.0001,0.0081,0.0018,0.0005,0.0001,0.0034,0.0848,0.0182,0.0,0.0129,0.0,155.0,0.0,92.0,63.0,88.0,0.0,0.0,0.0,0.0,0.0,0.0,0.0,0.0,0.0,0.0,0.0,0.0,0.0,0.0,0.0,0.0,0.0,0.0,8.0,2.0,1.0
1824,15.343798900000026,0,8.3382,1.9361,1.9965,1.6551,0.1792,0.0026,0.0076,0.0001,0.0357,0.0482,0.0019,0.0007,0.0099,0.0001,0.0013,0.0018,0.0001,0.0001,0.0081,0.0015,0.0004,0.0,0.0035,0.0885,0.0174,0.0,0.0121,0.0,155.0,0.0,92.0,63.0,88.0,0.0,0.0,0.0,0.0,0.0,0.0,0.0,0.0,0.0,0.0,0.0,0.0,0.0,0.0,0.0,0.0,0.0,0.0,8.0,2.0,1.0
1825,15.352137100000027,0,8.3741,1.9861,2.033,1.7092,0.1684,0.0031,0.0084,0.0002,0.0251,0.0386,0.0018,0.0004,0.0086,0.0001,0.0013,0.0019,0.0,0.0002,0.008,0.0015,0.0005,0.0,0.0036,0.0767,0.0201,0.0,0.0131,0.0,155.0,0.0,92.0,63.0,88.0,0.0,0.0,0.0,0.0,0.0,0.0,0.0,0.0,0.0,0.0,0.0,0.0,0.0,0.0,0.0,0.0,0.0,0.0,8.0,2.0,1.0
1826,15.360511200000026,0,8.6396,1.8711,2.2937,1.7116,0.2053,0.0033,0.0092,0.0003,0.0404,0.0558,0.0022,0.0007,0.0098,0.0002,0.0016,0.0019,0.0001,0.0001,0.0078,0.0013,0.001,0.0002,0.0034,0.0968,0.0222,0.0,0.0144,0.0,155.0,0.0,92.0,63.0,88.0,0.0,0.0,0.0,0.0,0.0,0.0,0.0,0.0,0.0,0.0,0.0,0.0,0.0,0.0,0.0,0.0,0.0,0.0,8.0,2.0,1.0
1827,15.369150800000027,0,8.371,1.9794,2.3862,1.8834,0.1899,0.0028,0.0077,0.0002,0.0337,0.0464,0.0025,0.0007,0.0093,0.0001,0.0014,0.002,0.0001,0.0001,0.0081,0.0017,0.0004,0.0001,0.0035,0.0873,0.0181,0.0,0.014,0.0,155.0,0.0,92.0,63.0,88.0,0.0,0.0,0.0,0.0,0.0,0.0,0.0,0.0,0.0,0.0,0.0,0.0,0.0,0.0,0.0,0.0,0.0,0.0,8.0,2.0,1.0
1828,15.377521800000027,0,8.1471,1.9674,2.2519,1.8286,0.1974,0.0028,0.0076,0.0001,0.0418,0.0541,0.002,0.0007,0.01,0.0002,0.0013,0.0017,0.0,0.0001,0.0072,0.0011,0.0009,0.0,0.0032,0.0927,0.0233,0.0,0.0134,0.0,155.0,0.0,92.0,63.0,88.0,0.0,0.0,0.0,0.0,0.0,0.0,0.0,0.0,0.0,0.0,0.0,0.0,0.0,0.0,0.0,0.0,0.0,0.0,8.0,2.0,1.0
1829,15.385668900000027,0,8.3928,1.7847,2.2237,1.7709,0.2335,0.0032,0.0092,0.0002,0.024,0.0391,0.0025,0.0006,0.008,0.0001,0.002,0.0018,0.0001,0.0002,0.0086,0.0012,0.0004,0.0,0.0034,0.0809,0.0262,0.0,0.0132,0.0,155.0,0.0,92.0,63.0,86.0,0.0,0.0,0.0,0.0,0.0,0.0,0.0,0.0,0.0,0.0,0.0,0.0,0.0,0.0,0.0,0.0,0.0,0.0,8.0,2.0,1.0
1830,15.394061700000027,0,8.3236,1.8632,2.2917,1.8172,0.1902,0.0027,0.0079,0.0002,0.0354,0.0492,0.0025,0.0006,0.009,0.0002,0.0013,0.0019,0.0001,0.0001,0.0081,0.0011,0.0005,0.0001,0.0032,0.0883,0.022,0.0,0.0148,0.0,155.0,0.0,92.0,63.0,86.0,0.0,0.0,0.0,0.0,0.0,0.0,0.0,0.0,0.0,0.0,0.0,0.0,0.0,0.0,0.0,0.0,0.0,0.0,8.0,2.0,1.0
1831,15.402385300000027,0,8.0386,2.0001,1.9927,1.8025,0.1768,0.0026,0.0072,0.0001,0.0317,0.0433,0.0018,0.0006,0.0091,0.0001,0.0011,0.0018,0.0,0.0001,0.0075,0.0011,0.0005,0.0001,0.0031,0.0815,0.0208,0.0001,0.0139,0.0,155.0,0.0,92.0,63.0,86.0,0.0,0.0,0.0,0.0,0.0,0.0,0.0,0.0,0.0,0.0,0.0,0.0,0.0,0.0,0.0,0.0,0.0,0.0,8.0,2.0,1.0
1832,15.410423900000028,0,8.4715,1.8518,2.0606,1.8043,0.2077,0.0037,0.0091,0.0001,0.0396,0.0544,0.0022,0.0008,0.0106,0.0001,0.0013,0.0015,0.0001,0.0001,0.0082,0.0017,0.0005,0.0001,0.0036,0.0961,0.0248,0.0001,0.0127,0.0,155.0,0.0,92.0,63.0,86.0,0.0,0.0,0.0,0.0,0.0,0.0,0.0,0.0,0.0,0.0,0.0,0.0,0.0,0.0,0.0,0.0,0.0,0.0,8.0,2.0,1.0
1833,15.418895400000029,0,8.3385,1.9095,2.0158,1.7183,0.1807,0.0041,0.0087,0.0003,0.0278,0.0429,0.002,0.0007,0.0104,0.0001,0.0019,0.0015,0.0,0.0002,0.0081,0.0013,0.0004,0.0,0.0032,0.0827,0.0181,0.0,0.0144,0.0,155.0,0.0,92.0,63.0,86.0,0.0,0.0,0.0,0.0,0.0,0.0,0.0,0.0,0.0,0.0,0.0,0.0,0.0,0.0,0.0,0.0,0.0,0.0,8.0,2.0,1.0
1834,15.42723390000003,0,8.4498,1.8089,2.2596,1.7585,0.1906,0.0041,0.0089,0.0002,0.0376,0.053,0.0021,0.0006,0.0093,0.0001,0.0012,0.0017,0.0001,0.0001,0.0073,0.0012,0.0005,0.0,0.0033,0.0892,0.0215,0.0001,0.0124,0.0,155.0,0.0,92.0,63.0,86.0,0.0,0.0,0.0,0.0,0.0,0.0,0.0,0.0,0.0,0.0,0.0,0.0,0.0,0.0,0.0,0.0,0.0,0.0,8.0,2.0,1.0
1835,15.435683700000029,0,8.3009,1.8214,2.2034,1.7535,0.2079,0.0042,0.0104,0.0002,0.0345,0.0516,0.0021,0.0007,0.0102,0.0001,0.0018,0.0017,0.0001,0.0002,0.0082,0.0014,0.0004,0.0,0.0038,0.0953,0.0237,0.0001,0.013,0.0,155.0,0.0,92.0,63.0,86.0,0.0,0.0,0.0,0.0,0.0,0.0,0.0,0.0,0.0,0.0,0.0,0.0,0.0,0.0,0.0,0.0,0.0,0.0,8.0,2.0,1.0
1836,15.443984600000029,0,8.2449,1.8557,2.1561,1.7688,0.1923,0.0028,0.0081,0.0001,0.0414,0.0545,0.0018,0.0007,0.0088,0.0001,0.0015,0.0014,0.0001,0.0002,0.0087,0.0012,0.0005,0.0001,0.0033,0.0938,0.0214,0.0,0.0133,0.0,155.0,0.0,92.0,63.0,86.0,0.0,0.0,0.0,0.0,0.0,0.0,0.0,0.0,0.0,0.0,0.0,0.0,0.0,0.0,0.0,0.0,0.0,0.0,8.0,2.0,1.0
1837,15.452229500000028,0,8.2132,1.9366,1.9545,1.8245,0.1651,0.0025,0.0079,0.0002,0.0279,0.0404,0.0018,0.0006,0.0085,0.0002,0.0014,0.0015,0.0001,0.0001,0.007,0.0011,0.0008,0.0001,0.003,0.0748,0.0177,0.0001,0.014,0.0,155.0,0.0,92.0,63.0,86.0,0.0,0.0,0.0,0.0,0.0,0.0,0.0,0.0,0.0,0.0,0.0,0.0,0.0,0.0,0.0,0.0,0.0,0.0,8.0,2.0,1.0
1838,15.460442700000028,0,8.5325,1.7665,2.1274,1.725,0.2415,0.0047,0.0092,0.0001,0.0449,0.0616,0.0022,0.0007,0.0102,0.0002,0.0017,0.0013,0.0001,0.0001,0.008,0.0012,0.0004,0.0001,0.0037,0.1035,0.0241,0.0,0.0128,0.0,155.0,0.0,92.0,63.0,86.0,0.0,0.0,0.0,0.0,0.0,0.0,0.0,0.0,0.0,0.0,0.0,0.0,0.0,0.0,0.0,0.0,0.0,0.0,8.0,2.0,1.0
1839,15.468975200000028,0,8.1261,1.9204,2.0434,1.7932,0.1755,0.0024,0.0077,0.0002,0.032,0.0453,0.0024,0.0006,0.0105,0.0001,0.0012,0.002,0.0001,0.0001,0.0076,0.0017,0.0004,0.0001,0.003,0.0852,0.0178,0.0,0.0113,0.0,155.0,0.0,92.0,63.0,86.0,0.0,0.0,0.0,0.0,0.0,0.0,0.0,0.0,0.0,0.0,0.0,0.0,0.0,0.0,0.0,0.0,0.0,0.0,8.0,2.0,1.0
1840,15.477101300000028,0,8.4019,1.9075,1.9829,1.6699,0.1862,0.0024,0.0079,0.0007,0.0441,0.0575,0.0019,0.0008,0.0092,0.0002,0.0012,0.0013,0.0001,0.0001,0.0078,0.0011,0.0004,0.0,0.0035,0.0946,0.0217,0.0001,0.0132,0.0,155.0,0.0,92.0,63.0,86.0,0.0,0.0,0.0,0.0,0.0,0.0,0.0,0.0,0.0,0.0,0.0,0.0,0.0,0.0,0.0,0.0,0.0,0.0,8.0,2.0,1.0
1841,15.485503200000029,0,8.3222,1.9552,2.0427,1.7844,0.191,0.0031,0.0097,0.0002,0.0269,0.0427,0.0025,0.0008,0.01,0.0001,0.0013,0.0018,0.0001,0.0002,0.0081,0.0017,0.0005,0.0,0.0039,0.0848,0.0211,0.0001,0.0127,0.0,155.0,0.0,92.0,63.0,86.0,0.0,0.0,0.0,0.0,0.0,0.0,0.0,0.0,0.0,0.0,0.0,0.0,0.0,0.0,0.0,0.0,0.0,0.0,8.0,2.0,1.0
1842,15.493825400000029,0,8.4478,1.7966,2.0925,1.7725,0.1945,0.0029,0.0073,0.0002,0.0432,0.0554,0.0019,0.0006,0.0097,0.0001,0.0013,0.002,0.0001,0.0001,0.007,0.0011,0.0005,0.0001,0.0031,0.0937,0.0222,0.0001,0.014,0.0,155.0,0.0,92.0,63.0,86.0,0.0,0.0,0.0,0.0,0.0,0.0,0.0,0.0,0.0,0.0,0.0,0.0,0.0,0.0,0.0,0.0,0.0,0.0,8.0,2.0,1.0
1843,15.50227320000003,0,8.2637,1.8049,2.1508,1.8146,0.1846,0.0025,0.008,0.0002,0.0337,0.0469,0.0017,0.0012,0.0106,0.0001,0.0015,0.0014,0.0,0.0001,0.0078,0.0012,0.0004,0.0001,0.0032,0.0879,0.0217,0.0001,0.0128,0.0,155.0,0.0,92.0,63.0,84.0,0.0,0.0,0.0,0.0,0.0,0.0,0.0,0.0,0.0,0.0,0.0,0.0,0.0,0.0,0.0,0.0,0.0,0.0,8.0,2.0,1.0
1844,15.51053690000003,0,8.3705,1.7737,1.9907,1.714,0.1899,0.003,0.0095,0.0002,0.0378,0.0525,0.0022,0.0006,0.0096,0.0001,0.0012,0.0019,0.0,0.0002,0.008,0.0013,0.001,0.0,0.0038,0.0936,0.0189,0.0001,0.0141,0.0,155.0,0.0,92.0,63.0,84.0,0.0,0.0,0.0,0.0,0.0,0.0,0.0,0.0,0.0,0.0,0.0,0.0,0.0,0.0,0.0,0.0,0.0,0.0,8.0,2.0,1.0
1845,15.51890740000003,0,8.3481,1.7704,2.1684,1.963,0.1742,0.0028,0.0085,0.0001,0.0271,0.0407,0.0023,0.0007,0.0087,0.0002,0.0018,0.0015,0.0,0.0002,0.0077,0.0011,0.0004,0.0,0.0032,0.0778,0.0205,0.0,0.0124,0.0,155.0,0.0,92.0,63.0,86.0,0.0,0.0,0.0,0.0,0.0,0.0,0.0,0.0,0.0,0.0,0.0,0.0,0.0,0.0,0.0,0.0,0.0,0.0,8.0,2.0,1.0
1846,15.52725550000003,0,8.4494,1.7546,2.2059,1.8541,0.274,0.0028,0.0082,0.0006,0.1262,0.14,0.0022,0.0005,0.0098,0.0001,0.0018,0.0015,0.0001,0.0001,0.0076,0.0013,0.0004,0.0001,0.003,0.1787,0.019,0.0,0.0137,0.0,155.0,0.0,92.0,63.0,86.0,0.0,0.0,0.0,0.0,0.0,0.0,0.0,0.0,0.0,0.0,0.0,0.0,0.0,0.0,0.0,0.0,0.0,0.0,8.0,2.0,1.0
1847,15.53570490000003,0,8.1781,1.821,2.1605,1.7729,0.1998,0.0029,0.0091,0.0006,0.0337,0.0484,0.0022,0.0009,0.0107,0.0001,0.0013,0.0014,0.0,0.0001,0.0081,0.0013,0.0004,0.0001,0.0039,0.0909,0.0212,0.0001,0.0116,0.0,155.0,0.0,92.0,63.0,86.0,0.0,0.0,0.0,0.0,0.0,0.0,0.0,0.0,0.0,0.0,0.0,0.0,0.0,0.0,0.0,0.0,0.0,0.0,8.0,2.0,1.0
1848,15.54388300000003,0,8.4105,1.7511,2.0534,1.7351,0.185,0.0032,0.0071,0.0001,0.037,0.0491,0.0019,0.0007,0.0084,0.0002,0.0018,0.0015,0.0001,0.0001,0.0075,0.0016,0.0003,0.0001,0.003,0.0901,0.0215,0.0001,0.012,0.0,155.0,0.0,92.0,63.0,84.0,0.0,0.0,0.0,0.0,0.0,0.0,0.0,0.0,0.0,0.0,0.0,0.0,0.0,0.0,0.0,0.0,0.0,0.0,8.0,2.0,1.0
1849,15.55229350000003,0,8.1992,1.7171,2.1001,1.7822,0.1875,0.004,0.0082,0.0002,0.0304,0.0456,0.002,0.0006,0.0097,0.0001,0.0014,0.0021,0.0001,0.0001,0.0076,0.0011,0.0009,0.0001,0.0031,0.0845,0.0214,0.0001,0.0132,0.0,155.0,0.0,92.0,63.0,84.0,0.0,0.0,0.0,0.0,0.0,0.0,0.0,0.0,0.0,0.0,0.0,0.0,0.0,0.0,0.0,0.0,0.0,0.0,8.0,2.0,1.0
1850,15.56049270000003,0,8.4574,1.9966,2.1293,1.6977,0.1932,0.003,0.009,0.0002,0.0326,0.0471,0.0025,0.0008,0.0103,0.0001,0.0013,0.0017,0.0001,0.0001,0.008,0.0016,0.0004,0.0,0.0036,0.088,0.02,0.0001,0.0131,0.0,155.0,0.0,92.0,63.0,84.0,0.0,0.0,0.0,0.0,0.0,0.0,0.0,0.0,0.0,0.0,0.0,0.0,0.0,0.0,0.0,0.0,0.0,0.0,8.0,2.0,1.0
1851,15.568950100000029,0,8.1712,1.8585,2.048,1.7765,0.193,0.0029,0.0088,0.0002,0.0312,0.0453,0.0024,0.0007,0.0098,0.0001,0.0014,0.002,0.0001,0.0001,0.0083,0.0018,0.0006,0.0001,0.0038,0.0873,0.0196,0.0,0.013,0.0,155.0,0.0,92.0,63.0,84.0,0.0,0.0,0.0,0.0,0.0,0.0,0.0,0.0,0.0,0.0,0.0,0.0,0.0,0.0,0.0,0.0,0.0,0.0,8.0,2.0,1.0
1852,15.577121300000028,0,8.3482,1.8922,1.9953,1.8273,0.1796,0.0023,0.0075,0.0002,0.0353,0.0471,0.0017,0.0006,0.0082,0.0002,0.0011,0.0014,0.0,0.0001,0.008,0.0011,0.0005,0.0,0.003,0.0842,0.0208,0.0,0.0136,0.0,155.0,0.0,92.0,63.0,86.0,0.0,0.0,0.0,0.0,0.0,0.0,0.0,0.0,0.0,0.0,0.0,0.0,0.0,0.0,0.0,0.0,0.0,0.0,8.0,2.0,1.0
1853,15.585469500000029,0,8.4387,1.7616,2.0681,1.7003,0.225,0.0035,0.0085,0.0002,0.0299,0.0442,0.0022,0.0008,0.0104,0.0001,0.0012,0.0017,0.0,0.0001,0.008,0.0018,0.0005,0.0001,0.0039,0.0865,0.0239,0.0001,0.0129,0.0,155.0,0.0,92.0,63.0,86.0,0.0,0.0,0.0,0.0,0.0,0.0,0.0,0.0,0.0,0.0,0.0,0.0,0.0,0.0,0.0,0.0,0.0,0.0,8.0,2.0,1.0
1854,15.593908200000028,0,8.4037,1.7183,2.0739,1.7349,0.2112,0.0031,0.0086,0.0002,0.0395,0.0534,0.0022,0.0007,0.0104,0.0002,0.0017,0.0015,0.0001,0.0003,0.008,0.0013,0.0004,0.0001,0.0039,0.1013,0.0232,0.0,0.014,0.0,155.0,0.0,92.0,63.0,84.0,0.0,0.0,0.0,0.0,0.0,0.0,0.0,0.0,0.0,0.0,0.0,0.0,0.0,0.0,0.0,0.0,0.0,0.0,8.0,2.0,1.0
1855,15.602311900000029,0,8.0922,1.7945,2.0594,1.7918,0.1798,0.0027,0.0072,0.0002,0.0307,0.0426,0.0021,0.0007,0.009,0.0001,0.0014,0.0014,0.0,0.0002,0.0078,0.0011,0.0004,0.0,0.0031,0.081,0.0228,0.0,0.0137,0.0,155.0,0.0,92.0,63.0,84.0,0.0,0.0,0.0,0.0,0.0,0.0,0.0,0.0,0.0,0.0,0.0,0.0,0.0,0.0,0.0,0.0,0.0,0.0,8.0,2.0,1.0
1856,15.610404100000029,0,8.5109,1.7286,2.0011,1.6546,0.1997,0.0028,0.0087,0.0002,0.0427,0.0571,0.0019,0.0006,0.0089,0.0001,0.0011,0.0011,0.0,0.0001,0.007,0.0012,0.0004,0.0001,0.0032,0.0933,0.0318,0.0,0.0141,0.0,155.0,0.0,92.0,63.0,84.0,0.0,0.0,0.0,0.0,0.0,0.0,0.0,0.0,0.0,0.0,0.0,0.0,0.0,0.0,0.0,0.0,0.0,0.0,8.0,2.0,1.0
1857,15.618915000000028,0,8.1757,1.9821,2.0439,1.7173,0.1626,0.0031,0.008,0.0002,0.0257,0.0388,0.0018,0.0005,0.0065,0.0001,0.0015,0.0011,0.0001,0.0002,0.0071,0.0012,0.0004,0.0001,0.0032,0.0726,0.0193,0.0001,0.0123,0.0,155.0,0.0,92.0,63.0,84.0,0.0,0.0,0.0,0.0,0.0,0.0,0.0,0.0,0.0,0.0,0.0,0.0,0.0,0.0,0.0,0.0,0.0,0.0,8.0,2.0,1.0
1858,15.627090700000029,0,8.4586,1.777,2.0509,1.8197,0.19,0.0024,0.0088,0.0003,0.0347,0.0484,0.0019,0.0008,0.0102,0.0001,0.0019,0.0014,0.0001,0.0001,0.0077,0.0018,0.0005,0.0,0.0032,0.0895,0.0174,0.0,0.0139,0.0,155.0,0.0,92.0,63.0,84.0,0.0,0.0,0.0,0.0,0.0,0.0,0.0,0.0,0.0,0.0,0.0,0.0,0.0,0.0,0.0,0.0,0.0,0.0,8.0,2.0,1.0
1859,15.63554930000003,0,8.2782,1.7879,2.0109,1.7541,0.1907,0.003,0.0082,0.0003,0.0301,0.0438,0.0022,0.0006,0.0101,0.0001,0.0012,0.0017,0.0001,0.0001,0.008,0.0016,0.0004,0.0001,0.0038,0.0847,0.0199,0.0001,0.0128,0.0,155.0,0.0,92.0,63.0,84.0,0.0,0.0,0.0,0.0,0.0,0.0,0.0,0.0,0.0,0.0,0.0,0.0,0.0,0.0,0.0,0.0,0.0,0.0,8.0,2.0,1.0
1860,15.643827500000029,0,8.4214,1.7888,2.091,1.7721,0.2014,0.0031,0.0094,0.0002,0.0381,0.0531,0.0025,0.0008,0.0106,0.0002,0.0012,0.002,0.0002,0.0001,0.0079,0.0019,0.0005,0.0,0.0038,0.0961,0.0205,0.0,0.0136,0.0,155.0,0.0,92.0,63.0,84.0,0.0,0.0,0.0,0.0,0.0,0.0,0.0,0.0,0.0,0.0,0.0,0.0,0.0,0.0,0.0,0.0,0.0,0.0,8.0,2.0,1.0
1861,15.652248900000028,0,8.2564,1.8817,2.0453,1.6637,0.1868,0.0027,0.0081,0.0001,0.0313,0.0446,0.0024,0.0007,0.0104,0.0003,0.002,0.0019,0.0,0.0001,0.0085,0.0014,0.0005,0.0001,0.0036,0.0852,0.0201,0.0,0.0122,0.0,155.0,0.0,92.0,63.0,84.0,0.0,0.0,0.0,0.0,0.0,0.0,0.0,0.0,0.0,0.0,0.0,0.0,0.0,0.0,0.0,0.0,0.0,0.0,8.0,2.0,1.0
1862,15.660505300000029,0,8.4251,1.766,2.1196,1.7119,0.1866,0.0026,0.008,0.0002,0.037,0.05,0.0025,0.0006,0.0092,0.0001,0.0012,0.0015,0.0001,0.0001,0.0078,0.0011,0.0004,0.0006,0.0032,0.0888,0.0213,0.0001,0.0129,0.0,155.0,0.0,92.0,63.0,84.0,0.0,0.0,0.0,0.0,0.0,0.0,0.0,0.0,0.0,0.0,0.0,0.0,0.0,0.0,0.0,0.0,0.0,0.0,8.0,2.0,1.0
1863,15.66893040000003,0,8.2921,1.8313,2.0972,1.7293,0.184,0.0031,0.0079,0.0002,0.0344,0.0479,0.0022,0.0006,0.0091,0.0001,0.0017,0.0015,0.0,0.0002,0.0073,0.0012,0.0005,0.0001,0.0033,0.0846,0.0207,0.0001,0.0124,0.0,155.0,0.0,92.0,63.0,84.0,0.0,0.0,0.0,0.0,0.0,0.0,0.0,0.0,0.0,0.0,0.0,0.0,0.0,0.0,0.0,0.0,0.0,0.0,8.0,2.0,1.0
1864,15.67722250000003,0,8.3971,1.864,2.0836,1.7297,0.1796,0.0028,0.0078,0.0002,0.0378,0.0507,0.0021,0.0007,0.0087,0.0002,0.0014,0.0014,0.0,0.0001,0.0079,0.0017,0.0005,0.0001,0.003,0.0884,0.018,0.0001,0.0118,0.0,155.0,0.0,92.0,63.0,84.0,0.0,0.0,0.0,0.0,0.0,0.0,0.0,0.0,0.0,0.0,0.0,0.0,0.0,0.0,0.0,0.0,0.0,0.0,8.0,2.0,1.0
1865,15.68561960000003,0,8.3503,1.9031,2.1536,1.7649,0.1783,0.0029,0.0073,0.0002,0.0321,0.0446,0.0019,0.0006,0.01,0.0001,0.0013,0.0019,0.0001,0.0002,0.0077,0.0017,0.0005,0.0001,0.0032,0.0832,0.0208,0.0,0.0117,0.0,155.0,0.0,92.0,63.0,84.0,0.0,0.0,0.0,0.0,0.0,0.0,0.0,0.0,0.0,0.0,0.0,0.0,0.0,0.0,0.0,0.0,0.0,0.0,8.0,2.0,1.0
1866,15.69396990000003,0,8.2335,1.837,2.1668,1.7761,0.2035,0.0029,0.0091,0.0002,0.039,0.054,0.0024,0.0007,0.0099,0.0002,0.0012,0.0021,0.0002,0.0001,0.0083,0.0017,0.0005,0.0001,0.0035,0.096,0.0233,0.0001,0.0129,0.0,155.0,0.0,92.0,63.0,84.0,0.0,0.0,0.0,0.0,0.0,0.0,0.0,0.0,0.0,0.0,0.0,0.0,0.0,0.0,0.0,0.0,0.0,0.0,8.0,2.0,1.0
1867,15.702203400000029,0,8.3599,1.76,1.9807,1.7864,0.1663,0.0029,0.0079,0.0002,0.027,0.0397,0.0017,0.0005,0.0059,0.0001,0.0012,0.0013,0.0006,0.0001,0.0078,0.001,0.0004,0.0001,0.0032,0.0737,0.0205,0.0,0.0114,0.0,155.0,0.0,92.0,63.0,84.0,0.0,0.0,0.0,0.0,0.0,0.0,0.0,0.0,0.0,0.0,0.0,0.0,0.0,0.0,0.0,0.0,0.0,0.0,8.0,2.0,1.0
1868,15.710563300000029,0,8.4203,1.7479,2.2171,1.7775,0.2096,0.0036,0.0096,0.0002,0.0448,0.0602,0.0023,0.0007,0.0093,0.0001,0.0017,0.0015,0.0,0.0006,0.0085,0.0013,0.0005,0.0,0.0036,0.1013,0.0226,0.0,0.0126,0.0,155.0,0.0,92.0,63.0,84.0,0.0,0.0,0.0,0.0,0.0,0.0,0.0,0.0,0.0,0.0,0.0,0.0,0.0,0.0,0.0,0.0,0.0,0.0,8.0,2.0,1.0
1869,15.718983600000028,0,8.2391,1.8385,2.1294,1.8062,0.1795,0.0032,0.0083,0.0001,0.0285,0.0426,0.0018,0.0006,0.0091,0.0001,0.0014,0.0018,0.0,0.0002,0.0073,0.0011,0.0005,0.0001,0.0033,0.0799,0.0227,0.0001,0.0127,0.0,155.0,0.0,92.0,63.0,84.0,0.0,0.0,0.0,0.0,0.0,0.0,0.0,0.0,0.0,0.0,0.0,0.0,0.0,0.0,0.0,0.0,0.0,0.0,8.0,2.0,1.0
1870,15.727222700000029,0,8.3544,1.9246,2.0492,1.8091,0.1767,0.0026,0.0079,0.0002,0.0349,0.0476,0.0019,0.0006,0.0083,0.0002,0.0012,0.0015,0.0001,0.0001,0.0075,0.0011,0.0005,0.0001,0.0031,0.0844,0.0197,0.0,0.0122,0.0,155.0,0.0,92.0,63.0,84.0,0.0,0.0,0.0,0.0,0.0,0.0,0.0,0.0,0.0,0.0,0.0,0.0,0.0,0.0,0.0,0.0,0.0,0.0,8.0,2.0,1.0
1871,15.735577100000029,0,8.2533,1.8129,2.0407,1.7878,0.1973,0.0031,0.009,0.0002,0.0364,0.0505,0.0021,0.0008,0.0095,0.0006,0.0014,0.0015,0.0,0.0001,0.008,0.0013,0.0003,0.0,0.0037,0.0917,0.0217,0.0,0.0114,0.0,155.0,0.0,92.0,63.0,84.0,0.0,0.0,0.0,0.0,0.0,0.0,0.0,0.0,0.0,0.0,0.0,0.0,0.0,0.0,0.0,0.0,0.0,0.0,8.0,2.0,1.0
1872,15.743830400000029,0,8.3201,1.7395,2.0339,1.8308,0.1982,0.0035,0.0086,0.0005,0.0368,0.0519,0.0021,0.0007,0.0096,0.0005,0.0014,0.0015,0.0006,0.0001,0.0081,0.0013,0.0009,0.0,0.0038,0.0935,0.021,0.0,0.0136,0.0,155.0,0.0,92.0,63.0,84.0,0.0,0.0,0.0,0.0,0.0,0.0,0.0,0.0,0.0,0.0,0.0,0.0,0.0,0.0,0.0,0.0,0.0,0.0,8.0,2.0,1.0
1873,15.75215050000003,0,8.3339,1.7288,1.9813,1.6902,0.1753,0.0028,0.0072,0.0002,0.0297,0.0427,0.0018,0.0006,0.009,0.0001,0.0015,0.0015,0.0001,0.0001,0.0082,0.0015,0.0004,0.0001,0.0034,0.0804,0.0202,0.0,0.0115,0.0,155.0,0.0,92.0,63.0,84.0,0.0,0.0,0.0,0.0,0.0,0.0,0.0,0.0,0.0,0.0,0.0,0.0,0.0,0.0,0.0,0.0,0.0,0.0,8.0,2.0,1.0
1874,15.76048440000003,0,8.3729,1.8442,2.0726,1.8087,0.2208,0.0031,0.0456,0.0003,0.0358,0.0867,0.0019,0.0008,0.0097,0.0002,0.0013,0.0018,0.0,0.0001,0.0071,0.0011,0.0004,0.0001,0.0028,0.1244,0.0208,0.0001,0.0131,0.0,155.0,0.0,92.0,63.0,84.0,0.0,0.0,0.0,0.0,0.0,0.0,0.0,0.0,0.0,0.0,0.0,0.0,0.0,0.0,0.0,0.0,0.0,0.0,8.0,2.0,1.0
1875,15.768857300000029,0,8.4118,1.9272,2.0925,1.8065,0.1857,0.0027,0.0078,0.0002,0.0305,0.0431,0.002,0.0007,0.009,0.0001,0.0012,0.0014,0.0,0.0001,0.0077,0.0011,0.0004,0.0001,0.0033,0.0821,0.022,0.0001,0.0126,0.0,155.0,0.0,92.0,63.0,84.0,0.0,0.0,0.0,0.0,0.0,0.0,0.0,0.0,0.0,0.0,0.0,0.0,0.0,0.0,0.0,0.0,0.0,0.0,8.0,2.0,1.0
1876,15.777269100000028,0,8.3661,1.8288,2.1088,1.7346,0.1874,0.0033,0.0075,0.0002,0.0431,0.0563,0.0019,0.0007,0.0083,0.0002,0.0016,0.0014,0.0,0.0001,0.0077,0.001,0.0004,0.0001,0.0031,0.0929,0.0208,0.0,0.0131,0.0,155.0,0.0,92.0,63.0,84.0,0.0,0.0,0.0,0.0,0.0,0.0,0.0,0.0,0.0,0.0,0.0,0.0,0.0,0.0,0.0,0.0,0.0,0.0,8.0,2.0,1.0
1877,15.785635200000028,0,8.2529,1.7872,2.1325,1.7946,0.2012,0.0031,0.0095,0.0002,0.0303,0.0455,0.0024,0.0008,0.0101,0.0002,0.0014,0.002,0.0,0.0001,0.0083,0.0017,0.0005,0.0001,0.0038,0.0891,0.0251,0.0,0.0135,0.0,155.0,0.0,92.0,63.0,84.0,0.0,0.0,0.0,0.0,0.0,0.0,0.0,0.0,0.0,0.0,0.0,0.0,0.0,0.0,0.0,0.0,0.0,0.0,8.0,2.0,1.0
1878,15.793888100000029,0,8.349,1.727,2.0383,1.7938,0.1797,0.0028,0.0075,0.0001,0.0354,0.0478,0.0019,0.0013,0.0094,0.0001,0.0013,0.0014,0.0001,0.0001,0.0075,0.0016,0.0004,0.0001,0.0032,0.085,0.017,0.0,0.0117,0.0,155.0,0.0,92.0,63.0,84.0,0.0,0.0,0.0,0.0,0.0,0.0,0.0,0.0,0.0,0.0,0.0,0.0,0.0,0.0,0.0,0.0,0.0,0.0,8.0,2.0,1.0
1879,15.80223710000003,0,8.2558,1.7845,2.1234,1.7949,0.1711,0.0033,0.0077,0.0001,0.0294,0.0424,0.0019,0.0009,0.0093,0.0001,0.0012,0.0014,0.0001,0.0001,0.0067,0.001,0.0004,0.0001,0.0031,0.0778,0.0189,0.0,0.0143,0.0,155.0,0.0,92.0,63.0,84.0,0.0,0.0,0.0,0.0,0.0,0.0,0.0,0.0,0.0,0.0,0.0,0.0,0.0,0.0,0.0,0.0,0.0,0.0,8.0,2.0,1.0
1880,15.81049290000003,0,8.3368,1.9358,1.9768,1.7464,0.2072,0.0031,0.0083,0.0001,0.0472,0.061,0.0021,0.0007,0.0099,0.0002,0.002,0.0014,0.0001,0.0002,0.008,0.0011,0.0005,0.0,0.0039,0.1029,0.0231,0.0001,0.0119,0.0,155.0,0.0,92.0,63.0,84.0,0.0,0.0,0.0,0.0,0.0,0.0,0.0,0.0,0.0,0.0,0.0,0.0,0.0,0.0,0.0,0.0,0.0,0.0,8.0,2.0,1.0
1881,15.81882970000003,0,8.3151,1.7611,2.0118,1.7308,0.1816,0.0029,0.008,0.0003,0.0309,0.0443,0.0021,0.0007,0.0102,0.0002,0.0015,0.0016,0.0001,0.0001,0.0069,0.0011,0.001,0.0001,0.0031,0.0833,0.0227,0.0,0.0114,0.0,155.0,0.0,92.0,63.0,84.0,0.0,0.0,0.0,0.0,0.0,0.0,0.0,0.0,0.0,0.0,0.0,0.0,0.0,0.0,0.0,0.0,0.0,0.0,8.0,2.0,1.0
1882,15.827144800000031,0,8.3557,1.9257,2.0489,1.7278,0.1812,0.0027,0.0075,0.0003,0.0357,0.0488,0.0024,0.0007,0.0089,0.0001,0.0013,0.0019,0.0,0.0001,0.0079,0.0012,0.0005,0.0001,0.0033,0.0879,0.0199,0.0,0.0104,0.0,155.0,0.0,92.0,63.0,84.0,0.0,0.0,0.0,0.0,0.0,0.0,0.0,0.0,0.0,0.0,0.0,0.0,0.0,0.0,0.0,0.0,0.0,0.0,8.0,2.0,1.0
1883,15.83550050000003,0,8.3397,1.9381,2.0464,1.8039,0.1871,0.0026,0.0077,0.0003,0.0397,0.0521,0.0024,0.0006,0.0095,0.0002,0.0013,0.0021,0.0001,0.0001,0.0076,0.0011,0.0005,0.0,0.003,0.0902,0.0214,0.0,0.0142,0.0,155.0,0.0,92.0,63.0,84.0,0.0,0.0,0.0,0.0,0.0,0.0,0.0,0.0,0.0,0.0,0.0,0.0,0.0,0.0,0.0,0.0,0.0,0.0,8.0,2.0,1.0
1884,15.843840200000031,0,8.3746,1.9468,2.0314,1.8594,0.1843,0.0028,0.0087,0.0002,0.0387,0.052,0.0018,0.0007,0.0091,0.0002,0.0012,0.0014,0.0005,0.0001,0.0078,0.001,0.0005,0.0001,0.0034,0.0896,0.0197,0.0,0.0139,0.0,155.0,0.0,92.0,63.0,84.0,0.0,0.0,0.0,0.0,0.0,0.0,0.0,0.0,0.0,0.0,0.0,0.0,0.0,0.0,0.0,0.0,0.0,0.0,8.0,2.0,1.0
1885,15.85221480000003,0,8.4406,1.9053,2.1962,1.797,0.1867,0.0026,0.0085,0.0002,0.0333,0.0466,0.0019,0.0007,0.0105,0.0001,0.0018,0.0015,0.0001,0.0001,0.0082,0.0012,0.0005,0.0,0.003,0.087,0.0174,0.0,0.0124,0.0,155.0,0.0,92.0,63.0,84.0,0.0,0.0,0.0,0.0,0.0,0.0,0.0,0.0,0.0,0.0,0.0,0.0,0.0,0.0,0.0,0.0,0.0,0.0,8.0,2.0,1.0
1886,15.86065540000003,0,8.2639,1.8851,2.0764,1.8545,0.198,0.0032,0.009,0.0002,0.0384,0.0537,0.0021,0.0007,0.0106,0.0001,0.0018,0.0014,0.0001,0.0001,0.008,0.0017,0.0004,0.0001,0.0035,0.0947,0.0198,0.0,0.0126,0.0,155.0,0.0,92.0,63.0,84.0,0.0,0.0,0.0,0.0,0.0,0.0,0.0,0.0,0.0,0.0,0.0,0.0,0.0,0.0,0.0,0.0,0.0,0.0,8.0,2.0,1.0
1887,15.86891930000003,0,8.3459,1.8846,2.1038,1.9274,0.1753,0.0026,0.0074,0.0001,0.0297,0.0414,0.002,0.0006,0.0093,0.0001,0.0014,0.0013,0.0001,0.0001,0.0076,0.0016,0.0004,0.0001,0.0034,0.0794,0.0194,0.0,0.0129,0.0,155.0,0.0,92.0,63.0,84.0,0.0,0.0,0.0,0.0,0.0,0.0,0.0,0.0,0.0,0.0,0.0,0.0,0.0,0.0,0.0,0.0,0.0,0.0,8.0,2.0,1.0
1888,15.87726520000003,0,8.309,1.7802,2.134,1.9162,0.1865,0.0029,0.0085,0.0002,0.0395,0.0539,0.002,0.0006,0.0093,0.0001,0.0012,0.0018,0.0001,0.0001,0.0075,0.0011,0.0004,0.0001,0.003,0.0922,0.019,0.0,0.0113,0.0,155.0,0.0,92.0,63.0,84.0,0.0,0.0,0.0,0.0,0.0,0.0,0.0,0.0,0.0,0.0,0.0,0.0,0.0,0.0,0.0,0.0,0.0,0.0,8.0,2.0,1.0
1889,15.88557420000003,0,8.2101,1.7887,2.0099,1.8014,0.1916,0.003,0.0085,0.0003,0.0301,0.0442,0.0025,0.0006,0.0109,0.0001,0.0021,0.0015,0.0001,0.0001,0.0079,0.0013,0.0004,0.0,0.0036,0.0851,0.0217,0.0001,0.0112,0.0,155.0,0.0,92.0,63.0,84.0,0.0,0.0,0.0,0.0,0.0,0.0,0.0,0.0,0.0,0.0,0.0,0.0,0.0,0.0,0.0,0.0,0.0,0.0,8.0,2.0,1.0
1890,15.89378430000003,0,8.5419,1.8349,2.1834,1.7891,0.244,0.0052,0.0108,0.0003,0.0447,0.0643,0.0024,0.0013,0.0119,0.0002,0.0019,0.0016,0.0001,0.0001,0.0086,0.0013,0.001,0.0001,0.004,0.1105,0.0224,0.0,0.0129,0.0,155.0,0.0,92.0,63.0,84.0,0.0,0.0,0.0,0.0,0.0,0.0,0.0,0.0,0.0,0.0,0.0,0.0,0.0,0.0,0.0,0.0,0.0,0.0,8.0,2.0,1.0
1891,15.902326200000031,0,8.1333,1.8063,2.0103,1.847,0.1747,0.0025,0.0072,0.0002,0.0333,0.045,0.0023,0.0007,0.0086,0.0002,0.0012,0.0013,0.0,0.0001,0.0075,0.0012,0.0003,0.0001,0.0032,0.0812,0.0205,0.0,0.0132,0.0,155.0,0.0,92.0,63.0,84.0,0.0,0.0,0.0,0.0,0.0,0.0,0.0,0.0,0.0,0.0,0.0,0.0,0.0,0.0,0.0,0.0,0.0,0.0,8.0,2.0,1.0
1892,15.910459500000032,0,8.5991,1.8184,2.0752,1.7412,0.2063,0.0033,0.0104,0.0002,0.0417,0.0588,0.0022,0.0009,0.0104,0.0002,0.0013,0.0014,0.0005,0.0001,0.0083,0.0012,0.0008,0.0001,0.0036,0.102,0.023,0.0,0.0126,0.0,155.0,0.0,92.0,63.0,84.0,0.0,0.0,0.0,0.0,0.0,0.0,0.0,0.0,0.0,0.0,0.0,0.0,0.0,0.0,0.0,0.0,0.0,0.0,8.0,2.0,1.0
1893,15.919058600000032,0,8.1504,1.8299,2.127,1.8708,0.1937,0.0027,0.0085,0.0002,0.0357,0.0492,0.002,0.0009,0.0102,0.0002,0.0021,0.0014,0.0001,0.0005,0.0082,0.0013,0.0005,0.0001,0.0034,0.0912,0.0218,0.0,0.0143,0.0,155.0,0.0,92.0,63.0,84.0,0.0,0.0,0.0,0.0,0.0,0.0,0.0,0.0,0.0,0.0,0.0,0.0,0.0,0.0,0.0,0.0,0.0,0.0,8.0,2.0,1.0
1894,15.927209000000031,0,8.3277,1.7735,2.0913,1.6992,0.1895,0.0037,0.0081,0.0002,0.0392,0.0532,0.0019,0.0006,0.0095,0.0001,0.0012,0.0019,0.0,0.0001,0.0071,0.0012,0.0005,0.0,0.0032,0.0914,0.0203,0.0,0.0129,0.0,155.0,0.0,92.0,63.0,84.0,0.0,0.0,0.0,0.0,0.0,0.0,0.0,0.0,0.0,0.0,0.0,0.0,0.0,0.0,0.0,0.0,0.0,0.0,8.0,2.0,1.0
1895,15.935536700000032,0,8.2996,1.7948,2.0473,1.7144,0.1988,0.0035,0.0085,0.0002,0.0346,0.0492,0.0024,0.0007,0.0112,0.0001,0.0017,0.0015,0.0001,0.0002,0.008,0.0013,0.0005,0.0001,0.0037,0.0924,0.0194,0.0,0.0114,0.0,155.0,0.0,92.0,63.0,84.0,0.0,0.0,0.0,0.0,0.0,0.0,0.0,0.0,0.0,0.0,0.0,0.0,0.0,0.0,0.0,0.0,0.0,0.0,8.0,2.0,1.0
1896,15.943836300000033,0,8.272,2.0581,1.9583,1.7453,0.1926,0.0026,0.0077,0.0002,0.0497,0.0618,0.0029,0.0005,0.0095,0.0001,0.0014,0.0014,0.0,0.0002,0.0069,0.001,0.0005,0.0,0.003,0.0987,0.0216,0.0,0.013,0.0,155.0,0.0,92.0,63.0,84.0,0.0,0.0,0.0,0.0,0.0,0.0,0.0,0.0,0.0,0.0,0.0,0.0,0.0,0.0,0.0,0.0,0.0,0.0,8.0,2.0,1.0
1897,15.952108300000033,0,8.6657,1.81,2.2427,1.7825,0.2009,0.0031,0.0087,0.0002,0.0314,0.0457,0.0022,0.0007,0.0112,0.0001,0.0018,0.0016,0.0002,0.0001,0.0087,0.0014,0.001,0.0001,0.0037,0.0906,0.0215,0.0,0.0134,0.0,155.0,0.0,92.0,63.0,84.0,0.0,0.0,0.0,0.0,0.0,0.0,0.0,0.0,0.0,0.0,0.0,0.0,0.0,0.0,0.0,0.0,0.0,0.0,8.0,2.0,1.0
1898,15.960774000000033,0,8.1467,1.9615,2.1318,1.8247,0.2052,0.0028,0.0089,0.0003,0.0425,0.0566,0.0022,0.0011,0.0103,0.0002,0.0019,0.0016,0.0001,0.0001,0.0075,0.0016,0.0004,0.0,0.0037,0.0988,0.0218,0.0,0.0123,0.0,155.0,0.0,92.0,63.0,84.0,0.0,0.0,0.0,0.0,0.0,0.0,0.0,0.0,0.0,0.0,0.0,0.0,0.0,0.0,0.0,0.0,0.0,0.0,8.0,2.0,1.0
1899,15.968920700000032,0,8.2393,1.8152,2.0224,1.7869,0.1752,0.0034,0.0078,0.0005,0.0288,0.0427,0.0018,0.0006,0.0098,0.0001,0.0013,0.0019,0.0001,0.0001,0.0071,0.0011,0.0004,0.0,0.0032,0.0811,0.0188,0.0,0.014,0.0,155.0,0.0,92.0,63.0,84.0,0.0,0.0,0.0,0.0,0.0,0.0,0.0,0.0,0.0,0.0,0.0,0.0,0.0,0.0,0.0,0.0,0.0,0.0,8.0,2.0,1.0
1900,15.977160000000032,0,8.569,1.7777,2.2196,1.7831,0.2029,0.0026,0.0085,0.0002,0.0448,0.0581,0.0027,0.0007,0.0108,0.0002,0.0014,0.0023,0.0001,0.0001,0.0078,0.0018,0.0004,0.0,0.0036,0.1018,0.0212,0.0,0.0125,0.0,155.0,0.0,92.0,63.0,84.0,0.0,0.0,0.0,0.0,0.0,0.0,0.0,0.0,0.0,0.0,0.0,0.0,0.0,0.0,0.0,0.0,0.0,0.0,8.0,2.0,1.0
1901,15.985729000000031,0,8.125,2.1846,2.06,1.8243,0.178,0.0024,0.0075,0.0002,0.0319,0.0445,0.0024,0.0005,0.0098,0.0001,0.0013,0.0019,0.0001,0.0001,0.0074,0.0011,0.0004,0.0,0.0031,0.0833,0.0214,0.0,0.0118,0.0,155.0,0.0,92.0,63.0,84.0,0.0,0.0,0.0,0.0,0.0,0.0,0.0,0.0,0.0,0.0,0.0,0.0,0.0,0.0,0.0,0.0,0.0,0.0,8.0,2.0,1.0
1902,15.99385400000003,0,8.4924,1.9995,2.145,1.7898,0.1831,0.0029,0.0079,0.0002,0.0375,0.0507,0.002,0.0006,0.0098,0.0001,0.0014,0.0018,0.0,0.0001,0.0079,0.0011,0.001,0.0001,0.0031,0.0897,0.0167,0.0001,0.0133,0.0,155.0,0.0,92.0,63.0,84.0,0.0,0.0,0.0,0.0,0.0,0.0,0.0,0.0,0.0,0.0,0.0,0.0,0.0,0.0,0.0,0.0,0.0,0.0,8.0,2.0,1.0
1903,16.002346400000032,0,8.2321,1.8268,2.1612,1.8842,0.1802,0.0029,0.008,0.0001,0.0316,0.0443,0.002,0.0005,0.0098,0.0001,0.0017,0.0015,0.0,0.0002,0.0075,0.0012,0.0004,0.0,0.003,0.0836,0.0189,0.0001,0.0131,0.0,155.0,0.0,92.0,63.0,84.0,0.0,0.0,0.0,0.0,0.0,0.0,0.0,0.0,0.0,0.0,0.0,0.0,0.0,0.0,0.0,0.0,0.0,0.0,8.0,2.0,1.0
1904,16.010578500000033,0,8.32,1.8963,2.0902,1.9185,0.1899,0.0032,0.0087,0.0001,0.0384,0.0529,0.0027,0.0006,0.0096,0.0001,0.0014,0.0018,0.0001,0.0001,0.0079,0.0012,0.0004,0.0001,0.0036,0.0922,0.0185,0.0001,0.0119,0.0,155.0,0.0,92.0,63.0,84.0,0.0,0.0,0.0,0.0,0.0,0.0,0.0,0.0,0.0,0.0,0.0,0.0,0.0,0.0,0.0,0.0,0.0,0.0,8.0,2.0,1.0
1905,16.018898500000034,0,8.3421,1.7959,2.0956,1.7953,0.1912,0.0028,0.008,0.0003,0.0319,0.0452,0.0021,0.0008,0.0103,0.0002,0.0018,0.0016,0.0001,0.0001,0.0076,0.0012,0.0005,0.0005,0.0032,0.0865,0.0238,0.0,0.0132,0.0,155.0,0.0,92.0,63.0,84.0,0.0,0.0,0.0,0.0,0.0,0.0,0.0,0.0,0.0,0.0,0.0,0.0,0.0,0.0,0.0,0.0,0.0,0.0,8.0,2.0,1.0
1906,16.027240600000034,0,8.3946,2.1039,2.1561,1.929,0.2004,0.0029,0.0092,0.0003,0.0371,0.0517,0.0019,0.0007,0.0091,0.0001,0.0017,0.0016,0.0001,0.0001,0.0081,0.0011,0.0005,0.0,0.0035,0.0923,0.0236,0.0,0.0125,0.0,155.0,0.0,92.0,63.0,84.0,0.0,0.0,0.0,0.0,0.0,0.0,0.0,0.0,0.0,0.0,0.0,0.0,0.0,0.0,0.0,0.0,0.0,0.0,8.0,2.0,1.0
1907,16.035635200000034,0,8.3786,2.0155,2.0428,1.9076,0.1863,0.0029,0.008,0.0002,0.0303,0.0436,0.0025,0.0006,0.0096,0.0001,0.0014,0.0022,0.0001,0.0002,0.008,0.0012,0.0005,0.0001,0.0032,0.0835,0.0211,0.0,0.0127,0.0,155.0,0.0,92.0,63.0,84.0,0.0,0.0,0.0,0.0,0.0,0.0,0.0,0.0,0.0,0.0,0.0,0.0,0.0,0.0,0.0,0.0,0.0,0.0,8.0,2.0,1.0
1908,16.044013800000034,0,8.2424,2.1019,2.1944,1.8765,0.2012,0.0029,0.0094,0.0002,0.0395,0.0544,0.0022,0.0008,0.0106,0.0002,0.0014,0.0014,0.0,0.0003,0.0081,0.0012,0.0005,0.0,0.0036,0.096,0.0207,0.0001,0.0143,0.0,155.0,0.0,92.0,63.0,84.0,0.0,0.0,0.0,0.0,0.0,0.0,0.0,0.0,0.0,0.0,0.0,0.0,0.0,0.0,0.0,0.0,0.0,0.0,8.0,2.0,1.0
1909,16.052256200000034,0,8.3388,1.9495,2.0308,1.8624,0.186,0.003,0.0075,0.0002,0.0351,0.0476,0.0021,0.001,0.0101,0.0001,0.0017,0.0014,0.0001,0.0006,0.0079,0.0012,0.0004,0.0001,0.0035,0.0888,0.022,0.0001,0.0129,0.0,155.0,0.0,92.0,63.0,84.0,0.0,0.0,0.0,0.0,0.0,0.0,0.0,0.0,0.0,0.0,0.0,0.0,0.0,0.0,0.0,0.0,0.0,0.0,8.0,2.0,1.0
1910,16.060595000000035,0,8.4167,1.8238,2.2764,1.8713,0.1898,0.0028,0.0086,0.0002,0.0393,0.0536,0.0025,0.0006,0.0088,0.0002,0.0014,0.0013,0.0006,0.0001,0.0081,0.0011,0.0005,0.0001,0.0031,0.0927,0.0204,0.0,0.0127,0.0,155.0,0.0,92.0,63.0,84.0,0.0,0.0,0.0,0.0,0.0,0.0,0.0,0.0,0.0,0.0,0.0,0.0,0.0,0.0,0.0,0.0,0.0,0.0,8.0,2.0,1.0
1911,16.069011700000036,0,8.1242,2.0536,2.0328,1.8001,0.1801,0.0025,0.0089,0.0001,0.0329,0.0463,0.0027,0.0006,0.0097,0.0002,0.0013,0.0012,0.0,0.0001,0.0077,0.0012,0.0005,0.0001,0.0033,0.0835,0.0211,0.0,0.0145,0.0,155.0,0.0,92.0,63.0,84.0,0.0,0.0,0.0,0.0,0.0,0.0,0.0,0.0,0.0,0.0,0.0,0.0,0.0,0.0,0.0,0.0,0.0,0.0,8.0,2.0,1.0
1912,16.077135900000037,0,8.6578,1.9229,2.3019,1.9456,0.2008,0.0031,0.0093,0.0002,0.0421,0.0567,0.002,0.0007,0.0092,0.0001,0.0013,0.0015,0.0001,0.0001,0.008,0.0011,0.0005,0.0,0.0036,0.0967,0.0226,0.0,0.0138,0.0,155.0,0.0,92.0,63.0,84.0,0.0,0.0,0.0,0.0,0.0,0.0,0.0,0.0,0.0,0.0,0.0,0.0,0.0,0.0,0.0,0.0,0.0,0.0,8.0,2.0,1.0
1913,16.08579370000004,0,8.1605,2.0903,2.156,1.7836,0.1713,0.0027,0.0087,0.0002,0.0266,0.0399,0.0023,0.0006,0.0088,0.0002,0.0014,0.0014,0.0006,0.0001,0.0074,0.0011,0.0005,0.0001,0.0033,0.0775,0.0182,0.0,0.0119,0.0,155.0,0.0,92.0,63.0,84.0,0.0,0.0,0.0,0.0,0.0,0.0,0.0,0.0,0.0,0.0,0.0,0.0,0.0,0.0,0.0,0.0,0.0,0.0,8.0,2.0,1.0
1914,16.093954200000038,0,8.3836,1.9358,2.0861,1.8179,0.1901,0.0028,0.0074,0.0003,0.0428,0.0549,0.0019,0.0006,0.0089,0.0001,0.0013,0.0018,0.0001,0.0001,0.0077,0.0011,0.0005,0.0,0.0031,0.0936,0.0199,0.0,0.012,0.0,155.0,0.0,92.0,63.0,84.0,0.0,0.0,0.0,0.0,0.0,0.0,0.0,0.0,0.0,0.0,0.0,0.0,0.0,0.0,0.0,0.0,0.0,0.0,8.0,2.0,1.0
1915,16.102337800000036,0,8.2375,1.921,2.1786,1.7726,0.1888,0.0033,0.0079,0.0006,0.0358,0.0494,0.002,0.0008,0.009,0.0001,0.0015,0.0016,0.0002,0.0001,0.008,0.0011,0.0004,0.0,0.0036,0.089,0.0214,0.0,0.0119,0.0,155.0,0.0,92.0,63.0,84.0,0.0,0.0,0.0,0.0,0.0,0.0,0.0,0.0,0.0,0.0,0.0,0.0,0.0,0.0,0.0,0.0,0.0,0.0,8.0,2.0,1.0
1916,16.110575300000036,0,8.3635,1.8871,2.128,1.7529,0.2235,0.0033,0.0074,0.0001,0.0549,0.068,0.0023,0.0008,0.0099,0.0002,0.0013,0.0016,0.0001,0.0001,0.0084,0.0013,0.0005,0.0,0.0037,0.1103,0.0239,0.0,0.0119,0.0,155.0,0.0,92.0,63.0,84.0,0.0,0.0,0.0,0.0,0.0,0.0,0.0,0.0,0.0,0.0,0.0,0.0,0.0,0.0,0.0,0.0,0.0,0.0,8.0,2.0,1.0
1917,16.118938800000038,0,8.2222,2.0816,2.0166,1.8151,0.1735,0.0025,0.008,0.0001,0.0322,0.0455,0.002,0.0005,0.0086,0.0001,0.0012,0.0015,0.0,0.0002,0.0082,0.001,0.0005,0.0001,0.0031,0.0808,0.0213,0.0,0.0112,0.0,155.0,0.0,92.0,63.0,84.0,0.0,0.0,0.0,0.0,0.0,0.0,0.0,0.0,0.0,0.0,0.0,0.0,0.0,0.0,0.0,0.0,0.0,0.0,8.0,2.0,1.0
1918,16.127161000000036,0,8.5666,1.81,2.1293,1.7868,0.1981,0.0031,0.0078,0.0002,0.0416,0.0547,0.0022,0.0008,0.0115,0.0001,0.0018,0.0015,0.0,0.0001,0.0079,0.0011,0.0004,0.0001,0.0037,0.0958,0.0215,0.0001,0.0138,0.0,155.0,0.0,92.0,63.0,84.0,0.0,0.0,0.0,0.0,0.0,0.0,0.0,0.0,0.0,0.0,0.0,0.0,0.0,0.0,0.0,0.0,0.0,0.0,8.0,2.0,1.0
1919,16.13572760000004,0,8.2142,1.8675,2.1931,1.7861,0.181,0.0028,0.0081,0.0001,0.0293,0.0422,0.0019,0.0008,0.0094,0.0002,0.0017,0.0012,0.0,0.0001,0.0084,0.0012,0.0004,0.0001,0.0031,0.0808,0.0234,0.0,0.0129,0.0,155.0,0.0,92.0,63.0,84.0,0.0,0.0,0.0,0.0,0.0,0.0,0.0,0.0,0.0,0.0,0.0,0.0,0.0,0.0,0.0,0.0,0.0,0.0,8.0,2.0,1.0
1920,16.14394180000004,0,8.2516,1.9921,2.0901,1.7691,0.1838,0.0023,0.0082,0.0002,0.0386,0.0521,0.0019,0.0011,0.0096,0.0001,0.0016,0.0014,0.0001,0.0001,0.0071,0.0012,0.0005,0.0,0.0031,0.0899,0.0208,0.0001,0.0142,0.0,155.0,0.0,92.0,63.0,84.0,0.0,0.0,0.0,0.0,0.0,0.0,0.0,0.0,0.0,0.0,0.0,0.0,0.0,0.0,0.0,0.0,0.0,0.0,8.0,2.0,1.0
1921,16.15219340000004,0,8.3419,1.8484,2.0631,1.7314,0.1777,0.003,0.0079,0.0002,0.0299,0.0425,0.002,0.0007,0.0093,0.0002,0.0018,0.0015,0.0001,0.0002,0.0074,0.0016,0.0004,0.0001,0.0031,0.0796,0.0203,0.0,0.0147,0.0,155.0,0.0,92.0,63.0,84.0,0.0,0.0,0.0,0.0,0.0,0.0,0.0,0.0,0.0,0.0,0.0,0.0,0.0,0.0,0.0,0.0,0.0,0.0,8.0,2.0,1.0
1922,16.160535300000042,0,8.5893,1.7951,2.2368,1.8406,0.2785,0.0045,0.0103,0.0003,0.0622,0.0803,0.0033,0.0012,0.0165,0.0001,0.0024,0.0024,0.0001,0.0002,0.0093,0.0015,0.001,0.0001,0.0067,0.1438,0.0358,0.0001,0.0111,0.0,155.0,0.0,92.0,63.0,84.0,0.0,0.0,0.0,0.0,0.0,0.0,0.0,0.0,0.0,0.0,0.0,0.0,0.0,0.0,0.0,0.0,0.0,0.0,8.0,2.0,1.0
1923,16.169124600000043,0,8.2079,2.062,2.2252,1.8123,0.1901,0.003,0.0101,0.0002,0.0265,0.0421,0.002,0.0007,0.0101,0.0002,0.0015,0.002,0.0001,0.0002,0.0082,0.0017,0.0005,0.0001,0.0033,0.0864,0.0211,0.0001,0.0129,0.0,155.0,0.0,92.0,63.0,84.0,0.0,0.0,0.0,0.0,0.0,0.0,0.0,0.0,0.0,0.0,0.0,0.0,0.0,0.0,0.0,0.0,0.0,0.0,8.0,2.0,1.0
1924,16.17733250000004,0,8.3161,1.965,2.1733,1.9861,0.2051,0.003,0.0085,0.0001,0.0407,0.0556,0.0024,0.0008,0.012,0.0002,0.0015,0.0019,0.0001,0.0001,0.0083,0.0013,0.0005,0.0002,0.0038,0.1006,0.0201,0.0001,0.0123,0.0,155.0,0.0,92.0,63.0,84.0,0.0,0.0,0.0,0.0,0.0,0.0,0.0,0.0,0.0,0.0,0.0,0.0,0.0,0.0,0.0,0.0,0.0,0.0,8.0,2.0,1.0
1925,16.18564860000004,0,8.1654,1.9661,2.0318,1.8372,0.1876,0.003,0.0083,0.0001,0.0284,0.0418,0.0022,0.0007,0.0107,0.0002,0.0014,0.0015,0.0001,0.0001,0.0085,0.0013,0.0004,0.0003,0.0038,0.0853,0.019,0.0001,0.0132,0.0,155.0,0.0,92.0,63.0,84.0,0.0,0.0,0.0,0.0,0.0,0.0,0.0,0.0,0.0,0.0,0.0,0.0,0.0,0.0,0.0,0.0,0.0,0.0,8.0,2.0,1.0
1926,16.19381400000004,0,8.4829,2.581,2.1179,1.918,0.1896,0.0031,0.0086,0.0002,0.0358,0.0498,0.002,0.0009,0.0096,0.0001,0.0019,0.0013,0.0,0.0002,0.0077,0.0016,0.0005,0.0001,0.003,0.0889,0.0206,0.0,0.0132,0.0,155.0,0.0,92.0,63.0,84.0,0.0,0.0,0.0,0.0,0.0,0.0,0.0,0.0,0.0,0.0,0.0,0.0,0.0,0.0,0.0,0.0,0.0,0.0,8.0,2.0,1.0
1927,16.20229690000004,0,8.4059,1.8025,2.1401,1.8485,0.1852,0.0028,0.0082,0.0002,0.0351,0.0481,0.0023,0.0009,0.011,0.0002,0.0019,0.0016,0.0,0.0003,0.0068,0.0016,0.0004,0.0001,0.0031,0.0874,0.0208,0.0,0.0121,0.0,155.0,0.0,92.0,63.0,84.0,0.0,0.0,0.0,0.0,0.0,0.0,0.0,0.0,0.0,0.0,0.0,0.0,0.0,0.0,0.0,0.0,0.0,0.0,8.0,2.0,1.0
1928,16.21070280000004,0,8.2299,1.9727,2.2126,1.9121,0.2321,0.0029,0.0077,0.0001,0.0459,0.0595,0.0018,0.0007,0.0091,0.0001,0.0013,0.0018,0.0,0.0001,0.0072,0.0013,0.0009,0.0,0.0031,0.1355,0.0203,0.0,0.0129,0.0,155.0,0.0,92.0,63.0,84.0,0.0,0.0,0.0,0.0,0.0,0.0,0.0,0.0,0.0,0.0,0.0,0.0,0.0,0.0,0.0,0.0,0.0,0.0,8.0,2.0,1.0
1929,16.21893270000004,0,8.3176,1.8525,2.0252,1.7535,0.1755,0.0037,0.0076,0.0001,0.0292,0.0429,0.002,0.0007,0.0101,0.0001,0.0018,0.0015,0.0002,0.0001,0.008,0.0011,0.0004,0.0,0.0032,0.0813,0.0185,0.0,0.0127,0.0,155.0,0.0,92.0,63.0,84.0,0.0,0.0,0.0,0.0,0.0,0.0,0.0,0.0,0.0,0.0,0.0,0.0,0.0,0.0,0.0,0.0,0.0,0.0,8.0,2.0,1.0
1930,16.22725030000004,0,8.3674,1.9547,2.1524,1.8205,0.1887,0.0028,0.0087,0.0001,0.0432,0.0574,0.0019,0.0007,0.0082,0.0002,0.0014,0.0014,0.0001,0.0002,0.0073,0.001,0.0005,0.0001,0.0031,0.0936,0.0182,0.0,0.014,0.0,155.0,0.0,92.0,63.0,84.0,0.0,0.0,0.0,0.0,0.0,0.0,0.0,0.0,0.0,0.0,0.0,0.0,0.0,0.0,0.0,0.0,0.0,0.0,8.0,2.0,1.0
1931,16.23561770000004,0,8.35,1.9302,2.1396,1.7716,0.1981,0.0031,0.0093,0.0002,0.0327,0.0479,0.0022,0.0009,0.0101,0.0002,0.0014,0.0021,0.0001,0.0001,0.0074,0.0013,0.0006,0.0001,0.0038,0.0903,0.0202,0.0,0.0129,0.0,155.0,0.0,92.0,63.0,84.0,0.0,0.0,0.0,0.0,0.0,0.0,0.0,0.0,0.0,0.0,0.0,0.0,0.0,0.0,0.0,0.0,0.0,0.0,8.0,2.0,1.0
1932,16.24396770000004,0,8.2438,1.8766,2.1245,1.7384,0.1902,0.0029,0.0073,0.0001,0.0401,0.0539,0.0021,0.0007,0.0097,0.0001,0.0014,0.0018,0.0001,0.0001,0.008,0.0016,0.0004,0.0001,0.003,0.0927,0.0198,0.0,0.0124,0.0,155.0,0.0,92.0,63.0,84.0,0.0,0.0,0.0,0.0,0.0,0.0,0.0,0.0,0.0,0.0,0.0,0.0,0.0,0.0,0.0,0.0,0.0,0.0,8.0,2.0,1.0
1933,16.25221150000004,0,8.3025,1.881,2.0384,1.8298,0.1755,0.0025,0.0076,0.0002,0.0282,0.0406,0.0019,0.0009,0.0095,0.0001,0.0018,0.0015,0.0001,0.0001,0.0076,0.0021,0.0005,0.0001,0.003,0.0796,0.0171,0.0,0.0126,0.0,155.0,0.0,92.0,63.0,84.0,0.0,0.0,0.0,0.0,0.0,0.0,0.0,0.0,0.0,0.0,0.0,0.0,0.0,0.0,0.0,0.0,0.0,0.0,8.0,2.0,1.0
1934,16.26051400000004,0,8.4076,2.2451,2.0545,1.8984,0.2024,0.0033,0.0093,0.0008,0.0367,0.0522,0.0021,0.0007,0.0111,0.0001,0.0013,0.0016,0.0001,0.0001,0.008,0.0018,0.0005,0.0001,0.0039,0.0971,0.0212,0.0001,0.0124,0.0,155.0,0.0,92.0,63.0,84.0,0.0,0.0,0.0,0.0,0.0,0.0,0.0,0.0,0.0,0.0,0.0,0.0,0.0,0.0,0.0,0.0,0.0,0.0,8.0,2.0,1.0
1935,16.26892160000004,0,8.2997,2.037,2.0808,1.8201,0.1788,0.0026,0.0079,0.0002,0.0337,0.0466,0.002,0.0005,0.0092,0.0001,0.0018,0.0015,0.0,0.0006,0.0067,0.0016,0.0004,0.0,0.0032,0.0842,0.0195,0.0,0.0133,0.0,155.0,0.0,92.0,63.0,84.0,0.0,0.0,0.0,0.0,0.0,0.0,0.0,0.0,0.0,0.0,0.0,0.0,0.0,0.0,0.0,0.0,0.0,0.0,8.0,2.0,1.0
1936,16.27722130000004,0,8.3993,1.869,2.1406,1.7661,0.1821,0.0027,0.0081,0.0002,0.0381,0.0517,0.0018,0.0007,0.0096,0.0002,0.0017,0.0015,0.0001,0.0006,0.0079,0.0012,0.0004,0.0001,0.0031,0.0907,0.0173,0.0,0.0133,0.0,155.0,0.0,92.0,63.0,84.0,0.0,0.0,0.0,0.0,0.0,0.0,0.0,0.0,0.0,0.0,0.0,0.0,0.0,0.0,0.0,0.0,0.0,0.0,8.0,2.0,1.0
1937,16.28562060000004,0,8.1953,1.9218,1.994,1.7798,0.1746,0.0025,0.0082,0.0002,0.0321,0.0454,0.0023,0.0005,0.0085,0.0001,0.0014,0.0012,0.0001,0.0002,0.0074,0.001,0.0004,0.0001,0.0032,0.0813,0.0214,0.0,0.0116,0.0,155.0,0.0,92.0,63.0,84.0,0.0,0.0,0.0,0.0,0.0,0.0,0.0,0.0,0.0,0.0,0.0,0.0,0.0,0.0,0.0,0.0,0.0,0.0,8.0,2.0,1.0
1938,16.29381590000004,0,8.4954,1.9609,2.1725,1.8819,0.1912,0.0027,0.01,0.0002,0.0362,0.0513,0.002,0.0005,0.009,0.0002,0.0018,0.0015,0.0001,0.0001,0.008,0.0017,0.0005,0.0001,0.0031,0.0898,0.021,0.0,0.0125,0.0,155.0,0.0,92.0,63.0,84.0,0.0,0.0,0.0,0.0,0.0,0.0,0.0,0.0,0.0,0.0,0.0,0.0,0.0,0.0,0.0,0.0,0.0,0.0,8.0,2.0,1.0
1939,16.302311300000042,0,8.1577,1.9739,2.0375,1.9728,0.1757,0.0033,0.0065,0.0001,0.0329,0.045,0.0024,0.0006,0.0093,0.0002,0.0013,0.0014,0.0001,0.0001,0.0076,0.0014,0.0005,0.0,0.0035,0.0828,0.018,0.0,0.013,0.0,155.0,0.0,92.0,63.0,84.0,0.0,0.0,0.0,0.0,0.0,0.0,0.0,0.0,0.0,0.0,0.0,0.0,0.0,0.0,0.0,0.0,0.0,0.0,8.0,2.0,1.0
1940,16.310469000000044,0,8.4582,1.9118,2.0768,1.7981,0.2042,0.0031,0.0085,0.0002,0.0403,0.0542,0.0025,0.0008,0.0109,0.0001,0.0014,0.0015,0.0001,0.0001,0.0081,0.0017,0.0005,0.0,0.0038,0.0979,0.0209,0.0001,0.0127,0.0,155.0,0.0,92.0,63.0,84.0,0.0,0.0,0.0,0.0,0.0,0.0,0.0,0.0,0.0,0.0,0.0,0.0,0.0,0.0,0.0,0.0,0.0,0.0,8.0,2.0,1.0
1941,16.318927200000044,0,8.3664,1.9467,2.175,1.8866,0.178,0.003,0.008,0.0002,0.0302,0.0434,0.0023,0.0006,0.0092,0.0005,0.0013,0.0014,0.0001,0.0001,0.0076,0.0011,0.0003,0.0001,0.0034,0.0816,0.0214,0.0,0.0131,0.0,155.0,0.0,92.0,63.0,84.0,0.0,0.0,0.0,0.0,0.0,0.0,0.0,0.0,0.0,0.0,0.0,0.0,0.0,0.0,0.0,0.0,0.0,0.0,8.0,2.0,1.0
1942,16.327293600000043,0,8.4414,1.7646,2.1695,1.7427,0.186,0.0033,0.0084,0.0002,0.0366,0.0508,0.0021,0.0008,0.0093,0.0001,0.0011,0.0015,0.0,0.0001,0.0068,0.001,0.0009,0.0,0.003,0.0877,0.0221,0.0001,0.0147,0.0,155.0,0.0,92.0,63.0,84.0,0.0,0.0,0.0,0.0,0.0,0.0,0.0,0.0,0.0,0.0,0.0,0.0,0.0,0.0,0.0,0.0,0.0,0.0,8.0,2.0,1.0
1943,16.335735000000042,0,8.1439,1.8931,2.0936,1.7956,0.1718,0.0029,0.0068,0.0001,0.0292,0.041,0.0018,0.0005,0.0085,0.0001,0.0014,0.0015,0.0001,0.0001,0.0074,0.0012,0.0005,0.0001,0.0031,0.0772,0.0207,0.0001,0.014,0.0,155.0,0.0,92.0,63.0,84.0,0.0,0.0,0.0,0.0,0.0,0.0,0.0,0.0,0.0,0.0,0.0,0.0,0.0,0.0,0.0,0.0,0.0,0.0,8.0,2.0,1.0
1944,16.343878900000043,0,8.4607,1.9286,2.1914,1.8107,0.195,0.0032,0.0075,0.0002,0.0377,0.0513,0.0021,0.0009,0.0107,0.0001,0.0015,0.0014,0.0001,0.0001,0.0082,0.0011,0.0005,0.0001,0.0031,0.0931,0.0178,0.0,0.0134,0.0,155.0,0.0,92.0,63.0,84.0,0.0,0.0,0.0,0.0,0.0,0.0,0.0,0.0,0.0,0.0,0.0,0.0,0.0,0.0,0.0,0.0,0.0,0.0,8.0,2.0,1.0
1945,16.352339600000043,0,8.5985,1.9974,2.3405,1.8868,0.2081,0.0036,0.0086,0.0002,0.032,0.0473,0.002,0.0008,0.0111,0.0002,0.0024,0.0021,0.0001,0.0002,0.0079,0.0013,0.0004,0.0,0.0033,0.0901,0.0249,0.0,0.0133,0.0,155.0,0.0,92.0,63.0,84.0,0.0,0.0,0.0,0.0,0.0,0.0,0.0,0.0,0.0,0.0,0.0,0.0,0.0,0.0,0.0,0.0,0.0,0.0,8.0,2.0,1.0
1946,16.360938100000045,0,8.4049,2.157,2.5133,2.0251,0.3003,0.0051,0.0116,0.0001,0.0528,0.0724,0.0035,0.0015,0.0172,0.0002,0.0029,0.0019,0.0001,0.0002,0.0088,0.002,0.0005,0.0,0.0069,0.1362,0.039,0.0001,0.0124,0.0,155.0,0.0,92.0,63.0,84.0,0.0,0.0,0.0,0.0,0.0,0.0,0.0,0.0,0.0,0.0,0.0,0.0,0.0,0.0,0.0,0.0,0.0,0.0,8.0,2.0,1.0
1947,16.369343000000043,0,8.1157,2.1642,2.388,1.9761,0.2014,0.0033,0.0085,0.0002,0.0358,0.0505,0.0022,0.0009,0.0114,0.0001,0.0018,0.0017,0.0001,0.0001,0.0083,0.0013,0.0005,0.0003,0.0033,0.0943,0.0187,0.0001,0.0135,0.0,155.0,0.0,92.0,63.0,84.0,0.0,0.0,0.0,0.0,0.0,0.0,0.0,0.0,0.0,0.0,0.0,0.0,0.0,0.0,0.0,0.0,0.0,0.0,8.0,2.0,1.0
1948,16.377458700000044,0,8.2936,1.9938,2.2776,1.9197,0.2056,0.0027,0.0081,0.0001,0.0455,0.0586,0.0022,0.0006,0.0092,0.0001,0.0013,0.002,0.0001,0.0001,0.0079,0.0012,0.0004,0.0001,0.0031,0.0975,0.0227,0.0,0.0126,0.0,155.0,0.0,92.0,63.0,84.0,0.0,0.0,0.0,0.0,0.0,0.0,0.0,0.0,0.0,0.0,0.0,0.0,0.0,0.0,0.0,0.0,0.0,0.0,8.0,2.0,1.0
1949,16.385752300000043,0,8.3702,1.9674,2.2426,1.8527,0.2043,0.0026,0.0078,0.0002,0.0342,0.0473,0.003,0.0014,0.0122,0.0001,0.0021,0.0019,0.0001,0.0001,0.0079,0.0012,0.0005,0.0,0.0033,0.0916,0.0226,0.0,0.0136,0.0,155.0,0.0,92.0,63.0,84.0,0.0,0.0,0.0,0.0,0.0,0.0,0.0,0.0,0.0,0.0,0.0,0.0,0.0,0.0,0.0,0.0,0.0,0.0,8.0,2.0,1.0
1950,16.394122500000044,0,8.2203,1.955,2.248,1.8858,0.2,0.0027,0.0074,0.0002,0.0402,0.0522,0.002,0.0007,0.0104,0.0001,0.0019,0.0014,0.0001,0.0006,0.0081,0.0011,0.0004,0.0001,0.0036,0.0956,0.0228,0.0,0.0119,0.0,155.0,0.0,92.0,63.0,82.0,0.0,0.0,0.0,0.0,0.0,0.0,0.0,0.0,0.0,0.0,0.0,0.0,0.0,0.0,0.0,0.0,0.0,0.0,8.0,2.0,1.0
1951,16.402342800000046,0,8.4321,2.1225,2.317,1.9596,0.1995,0.0028,0.008,0.0002,0.0309,0.0442,0.0025,0.0008,0.0129,0.0001,0.0016,0.0023,0.0001,0.0001,0.0088,0.0013,0.0005,0.0,0.0038,0.0938,0.0208,0.0001,0.0131,0.0,155.0,0.0,92.0,63.0,82.0,0.0,0.0,0.0,0.0,0.0,0.0,0.0,0.0,0.0,0.0,0.0,0.0,0.0,0.0,0.0,0.0,0.0,0.0,8.0,2.0,1.0
1952,16.410774900000046,0,8.3337,1.926,2.2475,1.8589,0.2014,0.0034,0.0094,0.0002,0.0459,0.0612,0.0028,0.0006,0.0102,0.0001,0.0013,0.0018,0.0001,0.0001,0.0074,0.0012,0.0009,0.0,0.003,0.1002,0.0207,0.0,0.0135,0.0,155.0,0.0,92.0,63.0,82.0,0.0,0.0,0.0,0.0,0.0,0.0,0.0,0.0,0.0,0.0,0.0,0.0,0.0,0.0,0.0,0.0,0.0,0.0,8.0,2.0,1.0
1953,16.419108600000047,0,8.2548,2.0874,2.2325,1.8747,0.1992,0.0033,0.0086,0.0001,0.0359,0.0509,0.002,0.0008,0.0104,0.0001,0.0013,0.0016,0.0001,0.0001,0.0086,0.0012,0.0004,0.0,0.0031,0.0917,0.0232,0.0,0.0106,0.0,155.0,0.0,92.0,63.0,82.0,0.0,0.0,0.0,0.0,0.0,0.0,0.0,0.0,0.0,0.0,0.0,0.0,0.0,0.0,0.0,0.0,0.0,0.0,8.0,2.0,1.0
1954,16.427363400000047,0,8.5065,2.0887,2.368,2.0288,0.2224,0.0035,0.0092,0.0002,0.0471,0.0628,0.0025,0.001,0.0118,0.0002,0.0016,0.0021,0.0001,0.0001,0.0089,0.0014,0.0005,0.0001,0.004,0.1104,0.022,0.0001,0.0123,0.0,155.0,0.0,92.0,63.0,82.0,0.0,0.0,0.0,0.0,0.0,0.0,0.0,0.0,0.0,0.0,0.0,0.0,0.0,0.0,0.0,0.0,0.0,0.0,8.0,2.0,1.0
1955,16.435869900000046,0,8.333,1.9976,2.376,1.7741,0.2621,0.0032,0.012,0.0001,0.0604,0.0786,0.0037,0.0011,0.0159,0.0001,0.0018,0.0026,0.0002,0.0002,0.0105,0.0024,0.0006,0.0001,0.0062,0.1397,0.0292,0.0,0.0134,0.0,155.0,0.0,92.0,63.0,82.0,0.0,0.0,0.0,0.0,0.0,0.0,0.0,0.0,0.0,0.0,0.0,0.0,0.0,0.0,0.0,0.0,0.0,0.0,8.0,2.0,1.0
1956,16.444202900000047,0,8.3161,2.0746,2.3791,1.8194,0.2138,0.0029,0.0078,0.0003,0.0468,0.06,0.0024,0.001,0.0113,0.0001,0.0013,0.0022,0.0001,0.0002,0.0084,0.0018,0.0005,0.0001,0.0037,0.1058,0.0211,0.0,0.0131,0.0,155.0,0.0,92.0,63.0,82.0,0.0,0.0,0.0,0.0,0.0,0.0,0.0,0.0,0.0,0.0,0.0,0.0,0.0,0.0,0.0,0.0,0.0,0.0,8.0,2.0,1.0
1957,16.452519000000045,0,8.2636,1.9865,2.3601,1.8952,0.1969,0.0032,0.0079,0.0002,0.0344,0.0484,0.0022,0.0007,0.0102,0.0001,0.0014,0.0021,0.0001,0.0002,0.0076,0.0018,0.0005,0.0001,0.004,0.0901,0.0221,0.0,0.0131,0.0,155.0,0.0,92.0,63.0,82.0,0.0,0.0,0.0,0.0,0.0,0.0,0.0,0.0,0.0,0.0,0.0,0.0,0.0,0.0,0.0,0.0,0.0,0.0,8.0,2.0,1.0
1958,16.460782600000044,0,8.3931,1.9451,2.3176,1.855,0.1917,0.0027,0.0082,0.0002,0.0416,0.055,0.0022,0.0008,0.0093,0.0006,0.0013,0.0014,0.0001,0.0002,0.0079,0.0011,0.0005,0.0001,0.0033,0.0934,0.0187,0.0001,0.0127,0.0,155.0,0.0,92.0,63.0,82.0,0.0,0.0,0.0,0.0,0.0,0.0,0.0,0.0,0.0,0.0,0.0,0.0,0.0,0.0,0.0,0.0,0.0,0.0,8.0,2.0,1.0
1959,16.469175700000044,0,8.395,1.988,2.3578,1.877,0.2033,0.0031,0.0082,0.0003,0.0355,0.0491,0.0023,0.0009,0.0109,0.0001,0.0017,0.0021,0.0001,0.0001,0.0083,0.0012,0.0004,0.0001,0.0032,0.0921,0.0218,0.0001,0.0141,0.0,155.0,0.0,92.0,63.0,82.0,0.0,0.0,0.0,0.0,0.0,0.0,0.0,0.0,0.0,0.0,0.0,0.0,0.0,0.0,0.0,0.0,0.0,0.0,8.0,2.0,1.0
1960,16.477570700000044,0,8.4165,2.054,2.52,1.8416,0.2323,0.0032,0.0095,0.0002,0.0492,0.0648,0.0022,0.0009,0.0104,0.0001,0.0014,0.0015,0.0001,0.0001,0.0082,0.0012,0.0005,0.0001,0.0032,0.1081,0.033,0.0001,0.0113,0.0,155.0,0.0,92.0,63.0,82.0,0.0,0.0,0.0,0.0,0.0,0.0,0.0,0.0,0.0,0.0,0.0,0.0,0.0,0.0,0.0,0.0,0.0,0.0,8.0,2.0,1.0
1961,16.485987200000043,0,8.1345,1.9976,2.3446,1.946,0.198,0.0034,0.0087,0.0002,0.0312,0.0465,0.0025,0.0007,0.0105,0.0001,0.0016,0.0021,0.0001,0.0001,0.0084,0.0013,0.0004,0.0001,0.0031,0.088,0.0216,0.0,0.013,0.0,155.0,0.0,92.0,63.0,82.0,0.0,0.0,0.0,0.0,0.0,0.0,0.0,0.0,0.0,0.0,0.0,0.0,0.0,0.0,0.0,0.0,0.0,0.0,8.0,2.0,1.0
1962,16.494121700000044,0,8.2991,2.0374,2.321,1.8773,0.2257,0.0031,0.0084,0.0002,0.0427,0.0571,0.003,0.0009,0.014,0.0002,0.0018,0.0018,0.0,0.0002,0.011,0.0016,0.0006,0.0002,0.005,0.1116,0.0247,0.0,0.0122,0.0,155.0,0.0,92.0,63.0,82.0,0.0,0.0,0.0,0.0,0.0,0.0,0.0,0.0,0.0,0.0,0.0,0.0,0.0,0.0,0.0,0.0,0.0,0.0,8.0,2.0,1.0
1963,16.502420800000042,0,8.2738,1.9003,2.1722,1.8369,0.2077,0.0045,0.0112,0.0002,0.0327,0.0516,0.0025,0.0008,0.0128,0.0001,0.0015,0.0022,0.0001,0.0001,0.0082,0.0014,0.0005,0.0,0.0038,0.0973,0.0238,0.0,0.0121,0.0,155.0,0.0,92.0,63.0,82.0,0.0,0.0,0.0,0.0,0.0,0.0,0.0,0.0,0.0,0.0,0.0,0.0,0.0,0.0,0.0,0.0,0.0,0.0,8.0,2.0,1.0
1964,16.510694600000043,0,8.287,1.8069,2.1702,1.7463,0.2295,0.0029,0.0076,0.0002,0.0646,0.0782,0.0031,0.0007,0.0117,0.0001,0.0014,0.002,0.0001,0.0001,0.0082,0.0018,0.0005,0.0001,0.0036,0.123,0.0225,0.0,0.0124,0.0,155.0,0.0,92.0,63.0,82.0,0.0,0.0,0.0,0.0,0.0,0.0,0.0,0.0,0.0,0.0,0.0,0.0,0.0,0.0,0.0,0.0,0.0,0.0,8.0,2.0,1.0
1965,16.518981600000043,0,8.2385,1.7575,2.0993,1.7552,0.1806,0.003,0.0076,0.0002,0.0304,0.0434,0.0023,0.0006,0.0101,0.0001,0.0015,0.0013,0.0,0.0001,0.0066,0.0011,0.0005,0.0001,0.0031,0.0813,0.021,0.0001,0.0116,0.0,155.0,0.0,92.0,63.0,82.0,0.0,0.0,0.0,0.0,0.0,0.0,0.0,0.0,0.0,0.0,0.0,0.0,0.0,0.0,0.0,0.0,0.0,0.0,8.0,2.0,1.0
1966,16.527220100000044,0,8.3762,1.7943,2.0845,1.7778,0.1829,0.0037,0.0083,0.0007,0.0371,0.0523,0.0018,0.0006,0.0092,0.0001,0.0012,0.0019,0.0,0.0001,0.0076,0.0011,0.0009,0.0001,0.0032,0.0899,0.018,0.0,0.0129,0.0,155.0,0.0,92.0,63.0,82.0,0.0,0.0,0.0,0.0,0.0,0.0,0.0,0.0,0.0,0.0,0.0,0.0,0.0,0.0,0.0,0.0,0.0,0.0,8.0,2.0,1.0
1967,16.535596300000044,0,8.3393,1.8537,2.1386,1.7636,0.2016,0.0033,0.0093,0.0001,0.0307,0.0464,0.0022,0.0008,0.0104,0.0002,0.002,0.0017,0.0,0.0001,0.008,0.0012,0.0005,0.0001,0.0035,0.0942,0.0226,0.0,0.0138,0.0,155.0,0.0,92.0,63.0,80.0,0.0,0.0,0.0,0.0,0.0,0.0,0.0,0.0,0.0,0.0,0.0,0.0,0.0,0.0,0.0,0.0,0.0,0.0,8.0,2.0,1.0
1968,16.543935600000044,0,8.1984,2.3004,1.9808,1.7242,0.1777,0.0027,0.0053,0.0001,0.0421,0.0524,0.0021,0.0006,0.0091,0.0002,0.0016,0.0014,0.0001,0.0001,0.0074,0.0017,0.0004,0.0,0.0028,0.0894,0.0183,0.0,0.0128,0.0,155.0,0.0,92.0,63.0,80.0,0.0,0.0,0.0,0.0,0.0,0.0,0.0,0.0,0.0,0.0,0.0,0.0,0.0,0.0,0.0,0.0,0.0,0.0,8.0,2.0,1.0
1969,16.552134000000045,0,8.3932,1.782,2.0439,1.7894,0.1848,0.0026,0.0075,0.0001,0.0332,0.0453,0.0022,0.0008,0.0094,0.0002,0.0014,0.002,0.0001,0.0001,0.0079,0.0012,0.0009,0.0001,0.003,0.0849,0.0206,0.0,0.0131,0.0,155.0,0.0,92.0,63.0,82.0,0.0,0.0,0.0,0.0,0.0,0.0,0.0,0.0,0.0,0.0,0.0,0.0,0.0,0.0,0.0,0.0,0.0,0.0,8.0,2.0,1.0
1970,16.560527200000045,0,8.6402,1.7981,2.3016,1.6524,0.1959,0.003,0.0085,0.0002,0.0401,0.0539,0.002,0.0008,0.009,0.0001,0.0017,0.0016,0.0,0.0001,0.0092,0.0012,0.0004,0.0001,0.0032,0.0943,0.0199,0.0,0.0151,0.0,155.0,0.0,92.0,63.0,82.0,0.0,0.0,0.0,0.0,0.0,0.0,0.0,0.0,0.0,0.0,0.0,0.0,0.0,0.0,0.0,0.0,0.0,0.0,8.0,2.0,1.0
1971,16.569167400000044,0,8.0575,1.8088,2.0276,1.8155,0.1944,0.0029,0.0098,0.0002,0.0284,0.0434,0.002,0.0006,0.0097,0.0001,0.0017,0.0017,0.0001,0.0006,0.0083,0.0013,0.0005,0.0001,0.0035,0.0855,0.0221,0.0001,0.0112,0.0,155.0,0.0,92.0,63.0,82.0,0.0,0.0,0.0,0.0,0.0,0.0,0.0,0.0,0.0,0.0,0.0,0.0,0.0,0.0,0.0,0.0,0.0,0.0,8.0,2.0,1.0
1972,16.577224900000044,0,8.4014,1.7954,2.1261,1.6654,0.2049,0.0031,0.0073,0.0002,0.0404,0.0529,0.0018,0.0007,0.0095,0.0002,0.0017,0.0013,0.0,0.0001,0.0075,0.0015,0.0004,0.0001,0.0031,0.0906,0.0211,0.0,0.0139,0.0,155.0,0.0,92.0,63.0,82.0,0.0,0.0,0.0,0.0,0.0,0.0,0.0,0.0,0.0,0.0,0.0,0.0,0.0,0.0,0.0,0.0,0.0,0.0,8.0,2.0,1.0
1973,16.585626300000044,0,8.2897,1.8293,2.1276,1.7578,0.1921,0.0029,0.0079,0.0002,0.0308,0.0437,0.0023,0.0008,0.0094,0.0002,0.0013,0.002,0.0001,0.0001,0.0078,0.0012,0.0004,0.0,0.0038,0.0856,0.0191,0.0,0.0127,0.0,155.0,0.0,92.0,63.0,84.0,0.0,0.0,0.0,0.0,0.0,0.0,0.0,0.0,0.0,0.0,0.0,0.0,0.0,0.0,0.0,0.0,0.0,0.0,8.0,2.0,1.0
1974,16.593916000000043,0,8.3464,1.8268,2.1391,1.7509,0.2136,0.0028,0.0091,0.0002,0.0426,0.057,0.0023,0.0009,0.0105,0.0001,0.0015,0.0022,0.0001,0.0002,0.0082,0.0016,0.0005,0.0001,0.0039,0.1014,0.0249,0.0001,0.0125,0.0,155.0,0.0,92.0,63.0,84.0,0.0,0.0,0.0,0.0,0.0,0.0,0.0,0.0,0.0,0.0,0.0,0.0,0.0,0.0,0.0,0.0,0.0,0.0,8.0,2.0,1.0
1975,16.602262400000043,0,8.2599,1.7633,1.9785,1.8268,0.1712,0.0027,0.0074,0.0002,0.0309,0.0428,0.0018,0.0007,0.0089,0.0002,0.0012,0.0017,0.0001,0.0002,0.0077,0.0012,0.0004,0.0,0.0032,0.0802,0.02,0.0,0.0147,0.0,155.0,0.0,92.0,63.0,86.0,0.0,0.0,0.0,0.0,0.0,0.0,0.0,0.0,0.0,0.0,0.0,0.0,0.0,0.0,0.0,0.0,0.0,0.0,8.0,2.0,1.0
1976,16.610522300000042,0,8.4894,1.7024,2.1569,1.7166,0.2109,0.0032,0.0086,0.0002,0.0428,0.0573,0.0022,0.0007,0.01,0.0001,0.0013,0.002,0.0,0.0001,0.0076,0.0012,0.001,0.0001,0.0039,0.1007,0.0226,0.0,0.0129,0.0,155.0,0.0,92.0,63.0,86.0,0.0,0.0,0.0,0.0,0.0,0.0,0.0,0.0,0.0,0.0,0.0,0.0,0.0,0.0,0.0,0.0,0.0,0.0,8.0,2.0,1.0
1977,16.61901170000004,0,8.2168,1.7462,2.0955,1.8681,0.1799,0.0043,0.0079,0.0002,0.0273,0.0421,0.0023,0.0006,0.0078,0.0002,0.0012,0.002,0.0002,0.0001,0.0078,0.0015,0.0005,0.0001,0.0032,0.0782,0.0214,0.0,0.0122,0.0,155.0,0.0,92.0,63.0,86.0,0.0,0.0,0.0,0.0,0.0,0.0,0.0,0.0,0.0,0.0,0.0,0.0,0.0,0.0,0.0,0.0,0.0,0.0,8.0,2.0,1.0
1978,16.62722850000004,0,8.5417,1.7575,2.2989,1.7686,0.2049,0.0027,0.0082,0.0002,0.0459,0.059,0.0027,0.0009,0.0117,0.0002,0.0013,0.0016,0.0,0.0002,0.0077,0.0012,0.0005,0.0001,0.0038,0.1025,0.0219,0.0,0.0155,0.0,155.0,0.0,92.0,63.0,86.0,0.0,0.0,0.0,0.0,0.0,0.0,0.0,0.0,0.0,0.0,0.0,0.0,0.0,0.0,0.0,0.0,0.0,0.0,8.0,2.0,1.0
1979,16.63577020000004,0,8.0648,1.7584,2.0102,1.793,0.1762,0.0025,0.0074,0.0002,0.0298,0.0415,0.0017,0.0005,0.0091,0.0002,0.0012,0.0019,0.0,0.0001,0.0074,0.0012,0.0004,0.0,0.0032,0.079,0.0227,0.0001,0.013,0.0,155.0,0.0,92.0,63.0,86.0,0.0,0.0,0.0,0.0,0.0,0.0,0.0,0.0,0.0,0.0,0.0,0.0,0.0,0.0,0.0,0.0,0.0,0.0,8.0,2.0,1.0
1980,16.64383500000004,0,8.3638,1.963,2.0477,1.7236,0.1812,0.0025,0.0058,0.0002,0.0406,0.0507,0.0019,0.0006,0.01,0.0001,0.0011,0.002,0.0,0.0001,0.007,0.0011,0.0004,0.0001,0.0031,0.0889,0.0195,0.0,0.0139,0.0,155.0,0.0,92.0,63.0,86.0,0.0,0.0,0.0,0.0,0.0,0.0,0.0,0.0,0.0,0.0,0.0,0.0,0.0,0.0,0.0,0.0,0.0,0.0,8.0,2.0,1.0
1981,16.65219880000004,0,8.288,1.8502,1.9972,1.7558,0.1864,0.0026,0.008,0.0002,0.0333,0.0458,0.002,0.0006,0.0101,0.0002,0.0019,0.0015,0.0001,0.0005,0.0078,0.0012,0.0004,0.0,0.0033,0.0855,0.0222,0.0001,0.0129,0.0,155.0,0.0,92.0,63.0,86.0,0.0,0.0,0.0,0.0,0.0,0.0,0.0,0.0,0.0,0.0,0.0,0.0,0.0,0.0,0.0,0.0,0.0,0.0,8.0,2.0,1.0
1982,16.66048680000004,0,8.5275,1.7874,2.124,1.7246,0.2329,0.0033,0.0088,0.0002,0.0415,0.0559,0.0023,0.0007,0.0108,0.0001,0.0012,0.0015,0.0001,0.0001,0.0072,0.0016,0.0005,0.0001,0.0041,0.0976,0.0236,0.0001,0.0133,0.0,155.0,0.0,92.0,63.0,86.0,0.0,0.0,0.0,0.0,0.0,0.0,0.0,0.0,0.0,0.0,0.0,0.0,0.0,0.0,0.0,0.0,0.0,0.0,8.0,2.0,1.0
1983,16.66901430000004,0,8.2712,1.8724,2.1524,1.8253,0.1971,0.0029,0.0085,0.0002,0.0293,0.0433,0.0027,0.0007,0.0108,0.0001,0.0014,0.0021,0.0001,0.0002,0.0079,0.0014,0.0004,0.0001,0.0033,0.0853,0.0219,0.0,0.013,0.0,155.0,0.0,92.0,63.0,86.0,0.0,0.0,0.0,0.0,0.0,0.0,0.0,0.0,0.0,0.0,0.0,0.0,0.0,0.0,0.0,0.0,0.0,0.0,8.0,2.0,1.0
1984,16.67728550000004,0,8.2332,1.9462,2.0613,1.7498,0.1857,0.0034,0.0073,0.0003,0.0443,0.0571,0.0017,0.0007,0.0094,0.0001,0.0012,0.0016,0.0,0.0001,0.0073,0.001,0.0005,0.0,0.0031,0.0939,0.0206,0.0001,0.0122,0.0,155.0,0.0,92.0,63.0,86.0,0.0,0.0,0.0,0.0,0.0,0.0,0.0,0.0,0.0,0.0,0.0,0.0,0.0,0.0,0.0,0.0,0.0,0.0,8.0,2.0,1.0
1985,16.68551870000004,0,8.3825,1.809,2.0309,1.795,0.2005,0.0032,0.009,0.0001,0.0353,0.0496,0.0026,0.0008,0.0108,0.0002,0.0014,0.0017,0.0,0.0001,0.0074,0.0016,0.0005,0.0001,0.004,0.0914,0.0225,0.0,0.0136,0.0,155.0,0.0,92.0,63.0,86.0,0.0,0.0,0.0,0.0,0.0,0.0,0.0,0.0,0.0,0.0,0.0,0.0,0.0,0.0,0.0,0.0,0.0,0.0,8.0,2.0,1.0
1986,16.693901200000038,0,8.399,1.7131,2.1459,1.7482,0.2061,0.0039,0.0076,0.0001,0.0447,0.0586,0.0027,0.0008,0.0115,0.0001,0.0014,0.002,0.0001,0.0001,0.0085,0.0015,0.0004,0.0,0.0039,0.1038,0.0226,0.0001,0.013,0.0,155.0,0.0,92.0,63.0,86.0,0.0,0.0,0.0,0.0,0.0,0.0,0.0,0.0,0.0,0.0,0.0,0.0,0.0,0.0,0.0,0.0,0.0,0.0,8.0,2.0,1.0
1987,16.70230020000004,0,8.2563,1.9168,2.0774,1.822,0.1822,0.0013,0.0065,0.0001,0.0332,0.0433,0.0019,0.0006,0.0089,0.0001,0.002,0.0014,0.0,0.0001,0.0078,0.0016,0.0004,0.0,0.0032,0.0806,0.0228,0.0001,0.0122,0.0,155.0,0.0,92.0,63.0,86.0,0.0,0.0,0.0,0.0,0.0,0.0,0.0,0.0,0.0,0.0,0.0,0.0,0.0,0.0,0.0,0.0,0.0,0.0,8.0,2.0,1.0
1988,16.71055650000004,0,8.2485,1.8336,2.0203,1.6481,0.2022,0.0031,0.0086,0.0002,0.0447,0.0585,0.0021,0.0006,0.0095,0.0002,0.0014,0.0013,0.0001,0.0002,0.0087,0.0012,0.0005,0.0001,0.0038,0.0992,0.0246,0.0,0.012,0.0,155.0,0.0,92.0,63.0,86.0,0.0,0.0,0.0,0.0,0.0,0.0,0.0,0.0,0.0,0.0,0.0,0.0,0.0,0.0,0.0,0.0,0.0,0.0,8.0,2.0,1.0
1989,16.71880500000004,0,8.4931,1.8655,2.0779,1.716,0.2093,0.003,0.0087,0.0002,0.0345,0.0487,0.0023,0.0009,0.0116,0.0001,0.0017,0.0022,0.0001,0.0001,0.0083,0.0016,0.0004,0.0001,0.0038,0.0956,0.0231,0.0,0.0124,0.0,155.0,0.0,92.0,63.0,86.0,0.0,0.0,0.0,0.0,0.0,0.0,0.0,0.0,0.0,0.0,0.0,0.0,0.0,0.0,0.0,0.0,0.0,0.0,8.0,2.0,1.0
1990,16.727298100000038,0,8.3325,1.9464,2.1013,1.7191,0.1848,0.0025,0.0072,0.0001,0.0444,0.0561,0.002,0.0006,0.0094,0.0001,0.0012,0.0019,0.0001,0.0001,0.008,0.0012,0.0007,0.0001,0.0031,0.0939,0.0184,0.0,0.0128,0.0,155.0,0.0,92.0,63.0,88.0,0.0,0.0,0.0,0.0,0.0,0.0,0.0,0.0,0.0,0.0,0.0,0.0,0.0,0.0,0.0,0.0,0.0,0.0,8.0,2.0,1.0
1991,16.73563060000004,0,8.3144,1.7824,2.1511,1.7994,0.2007,0.0033,0.0093,0.0002,0.031,0.0463,0.0022,0.0007,0.0097,0.0002,0.0015,0.0021,0.0001,0.0001,0.0086,0.0015,0.0004,0.0,0.0038,0.0912,0.0213,0.0001,0.0131,0.0,155.0,0.0,92.0,63.0,88.0,0.0,0.0,0.0,0.0,0.0,0.0,0.0,0.0,0.0,0.0,0.0,0.0,0.0,0.0,0.0,0.0,0.0,0.0,8.0,2.0,1.0
1992,16.74394500000004,0,8.3152,1.8055,2.0662,1.7346,0.1926,0.0026,0.0078,0.0003,0.0432,0.0564,0.0032,0.0009,0.0121,0.0001,0.0013,0.0015,0.0,0.0001,0.0078,0.0016,0.0004,0.0,0.0033,0.098,0.022,0.0,0.0108,0.0,155.0,0.0,92.0,63.0,84.0,0.0,0.0,0.0,0.0,0.0,0.0,0.0,0.0,0.0,0.0,0.0,0.0,0.0,0.0,0.0,0.0,0.0,0.0,8.0,2.0,1.0
1993,16.752260200000038,0,8.2721,1.7426,2.0744,1.7776,0.1887,0.0028,0.0081,0.0002,0.0338,0.0472,0.0024,0.0008,0.0098,0.0002,0.0014,0.0019,0.0,0.0001,0.0077,0.0012,0.0009,0.0,0.0032,0.0868,0.0232,0.0,0.012,0.0,155.0,0.0,92.0,63.0,84.0,0.0,0.0,0.0,0.0,0.0,0.0,0.0,0.0,0.0,0.0,0.0,0.0,0.0,0.0,0.0,0.0,0.0,0.0,8.0,2.0,1.0
1994,16.760532300000037,0,8.4412,1.7842,2.0788,1.7533,0.2027,0.003,0.0086,0.0002,0.0462,0.0601,0.0026,0.0005,0.0104,0.0001,0.0012,0.0018,0.0,0.0001,0.0078,0.0017,0.0004,0.0001,0.0031,0.1012,0.0214,0.0,0.0125,0.0,155.0,0.0,92.0,63.0,84.0,0.0,0.0,0.0,0.0,0.0,0.0,0.0,0.0,0.0,0.0,0.0,0.0,0.0,0.0,0.0,0.0,0.0,0.0,8.0,2.0,1.0
1995,16.768973500000037,0,8.2327,1.8132,2.0859,1.7532,0.2105,0.003,0.0087,0.0002,0.041,0.0559,0.0026,0.0007,0.0114,0.0001,0.0015,0.0019,0.0001,0.0001,0.008,0.0016,0.0005,0.0,0.0034,0.0976,0.0224,0.0001,0.0128,0.0,155.0,0.0,92.0,63.0,84.0,0.0,0.0,0.0,0.0,0.0,0.0,0.0,0.0,0.0,0.0,0.0,0.0,0.0,0.0,0.0,0.0,0.0,0.0,8.0,2.0,1.0
1996,16.777206200000037,0,8.2271,1.9754,2.0019,1.7681,0.1882,0.0026,0.0057,0.0002,0.0469,0.057,0.002,0.0006,0.0088,0.0002,0.0016,0.0014,0.0001,0.0001,0.0078,0.0018,0.0004,0.0001,0.0032,0.0936,0.0239,0.0001,0.0121,0.0,155.0,0.0,92.0,63.0,84.0,0.0,0.0,0.0,0.0,0.0,0.0,0.0,0.0,0.0,0.0,0.0,0.0,0.0,0.0,0.0,0.0,0.0,0.0,8.0,2.0,1.0
1997,16.785433300000037,0,8.4771,1.8167,2.0152,1.8001,0.1886,0.003,0.0088,0.0002,0.0296,0.0434,0.0026,0.0007,0.0115,0.0002,0.0013,0.0015,0.0001,0.0001,0.0079,0.0014,0.0005,0.0,0.0037,0.0864,0.0194,0.0,0.0153,0.0,155.0,0.0,92.0,63.0,84.0,0.0,0.0,0.0,0.0,0.0,0.0,0.0,0.0,0.0,0.0,0.0,0.0,0.0,0.0,0.0,0.0,0.0,0.0,8.0,2.0,1.0
1998,16.793910400000037,0,8.3142,1.8806,2.0459,1.7451,0.1833,0.0027,0.008,0.0002,0.037,0.0498,0.0019,0.001,0.0098,0.0002,0.0015,0.0013,0.0,0.0001,0.0073,0.0017,0.0004,0.0001,0.0031,0.0877,0.0219,0.0001,0.0122,0.0,155.0,0.0,92.0,63.0,84.0,0.0,0.0,0.0,0.0,0.0,0.0,0.0,0.0,0.0,0.0,0.0,0.0,0.0,0.0,0.0,0.0,0.0,0.0,8.0,2.0,1.0
1999,16.802224600000038,0,8.3944,1.9408,2.1659,1.7392,0.181,0.003,0.0074,0.0002,0.03,0.0426,0.002,0.0006,0.0102,0.0001,0.0012,0.0018,0.0001,0.0002,0.0072,0.0012,0.0004,0.0001,0.0032,0.0813,0.0222,0.0001,0.0134,0.0,155.0,0.0,92.0,63.0,84.0,0.0,0.0,0.0,0.0,0.0,0.0,0.0,0.0,0.0,0.0,0.0,0.0,0.0,0.0,0.0,0.0,0.0,0.0,8.0,2.0,1.0
2000,16.810619000000038,0,8.3064,1.8453,2.0797,1.7885,0.1993,0.0038,0.009,0.0002,0.0387,0.0538,0.0023,0.0007,0.0103,0.0001,0.0013,0.0015,0.0,0.0001,0.0081,0.0015,0.0004,0.0001,0.0038,0.0958,0.0209,0.0,0.0137,0.0,155.0,0.0,92.0,63.0,84.0,0.0,0.0,0.0,0.0,0.0,0.0,0.0,0.0,0.0,0.0,0.0,0.0,0.0,0.0,0.0,0.0,0.0,0.0,8.0,2.0,1.0
2001,16.818925400000037,0,8.2901,1.9013,2.0068,1.844,0.1917,0.0011,0.0076,0.0002,0.03,0.0411,0.0024,0.0007,0.0107,0.0002,0.0013,0.0019,0.0,0.0002,0.0078,0.0017,0.0005,0.0001,0.0036,0.0835,0.0226,0.0,0.0124,0.0,155.0,0.0,92.0,63.0,84.0,0.0,0.0,0.0,0.0,0.0,0.0,0.0,0.0,0.0,0.0,0.0,0.0,0.0,0.0,0.0,0.0,0.0,0.0,8.0,2.0,1.0
2002,16.827215500000037,0,8.4082,1.7705,2.1315,1.7911,0.1996,0.0029,0.0078,0.0002,0.0413,0.0544,0.0023,0.0006,0.0093,0.0002,0.0019,0.0016,0.0001,0.0002,0.0081,0.0012,0.0005,0.0001,0.0036,0.0951,0.0233,0.0,0.0127,0.0,155.0,0.0,92.0,63.0,84.0,0.0,0.0,0.0,0.0,0.0,0.0,0.0,0.0,0.0,0.0,0.0,0.0,0.0,0.0,0.0,0.0,0.0,0.0,8.0,2.0,1.0
2003,16.83562370000004,0,8.2114,1.7633,2.0059,1.8047,0.1759,0.0026,0.0079,0.0002,0.0297,0.0423,0.0019,0.0006,0.009,0.0001,0.0018,0.0015,0.0001,0.0002,0.0074,0.0017,0.0005,0.0002,0.0032,0.0799,0.0198,0.0001,0.0137,0.0,155.0,0.0,92.0,63.0,84.0,0.0,0.0,0.0,0.0,0.0,0.0,0.0,0.0,0.0,0.0,0.0,0.0,0.0,0.0,0.0,0.0,0.0,0.0,8.0,2.0,1.0
2004,16.84383510000004,0,8.3945,1.7985,2.0558,1.7553,0.2312,0.0039,0.0103,0.0002,0.0458,0.0629,0.0021,0.0008,0.01,0.0002,0.0018,0.0013,0.0,0.0001,0.0075,0.0013,0.0004,0.0001,0.0032,0.1072,0.0221,0.0001,0.0124,0.0,155.0,0.0,92.0,63.0,82.0,0.0,0.0,0.0,0.0,0.0,0.0,0.0,0.0,0.0,0.0,0.0,0.0,0.0,0.0,0.0,0.0,0.0,0.0,8.0,2.0,1.0
2005,16.85222960000004,0,8.3165,1.7414,2.0668,1.7573,0.1858,0.0029,0.0085,0.0003,0.0302,0.0438,0.0018,0.0005,0.0099,0.0002,0.0018,0.0016,0.0001,0.0001,0.0082,0.0015,0.0004,0.0001,0.0032,0.0845,0.0215,0.0,0.0115,0.0,155.0,0.0,92.0,63.0,82.0,0.0,0.0,0.0,0.0,0.0,0.0,0.0,0.0,0.0,0.0,0.0,0.0,0.0,0.0,0.0,0.0,0.0,0.0,8.0,2.0,1.0
2006,16.86054610000004,0,8.3829,1.807,2.0796,1.7275,0.2076,0.003,0.0072,0.0002,0.0412,0.0548,0.0023,0.0007,0.0106,0.0001,0.0015,0.002,0.0,0.0001,0.0081,0.0013,0.0004,0.0001,0.0037,0.0972,0.0241,0.0,0.0116,0.0,155.0,0.0,92.0,63.0,82.0,0.0,0.0,0.0,0.0,0.0,0.0,0.0,0.0,0.0,0.0,0.0,0.0,0.0,0.0,0.0,0.0,0.0,0.0,8.0,2.0,1.0
2007,16.86892900000004,0,8.2448,1.7218,1.9976,1.8258,0.1791,0.0029,0.0077,0.0002,0.0311,0.0441,0.0025,0.0006,0.01,0.0001,0.0013,0.0018,0.0,0.0001,0.0081,0.0016,0.0004,0.0001,0.0032,0.0833,0.0205,0.0001,0.0128,0.0,155.0,0.0,92.0,63.0,82.0,0.0,0.0,0.0,0.0,0.0,0.0,0.0,0.0,0.0,0.0,0.0,0.0,0.0,0.0,0.0,0.0,0.0,0.0,8.0,2.0,1.0
2008,16.87717380000004,0,8.4245,1.8351,2.0924,1.8534,0.2026,0.0027,0.0089,0.0002,0.041,0.0557,0.0022,0.0008,0.0103,0.0002,0.0014,0.0023,0.0001,0.0001,0.0078,0.0013,0.0004,0.0002,0.0038,0.1001,0.0218,0.0,0.0106,0.0,155.0,0.0,92.0,63.0,82.0,0.0,0.0,0.0,0.0,0.0,0.0,0.0,0.0,0.0,0.0,0.0,0.0,0.0,0.0,0.0,0.0,0.0,0.0,8.0,2.0,1.0
2009,16.88559830000004,0,8.3847,1.8574,2.0654,1.7651,0.1963,0.003,0.0089,0.0002,0.0312,0.0455,0.0023,0.0007,0.0095,0.0001,0.0015,0.002,0.0,0.0001,0.0079,0.0013,0.0007,0.0001,0.0037,0.0877,0.0221,0.0,0.0135,0.0,155.0,0.0,92.0,63.0,82.0,0.0,0.0,0.0,0.0,0.0,0.0,0.0,0.0,0.0,0.0,0.0,0.0,0.0,0.0,0.0,0.0,0.0,0.0,8.0,2.0,1.0
2010,16.89398300000004,0,8.5588,1.7597,2.508,1.7679,0.2149,0.0035,0.0082,0.0004,0.0405,0.0554,0.002,0.0007,0.0104,0.0001,0.0021,0.0016,0.0002,0.0006,0.0082,0.0012,0.0006,0.0001,0.0031,0.0995,0.0244,0.0,0.0145,0.0,155.0,0.0,92.0,63.0,80.0,0.0,0.0,0.0,0.0,0.0,0.0,0.0,0.0,0.0,0.0,0.0,0.0,0.0,0.0,0.0,0.0,0.0,0.0,8.0,2.0,1.0
2011,16.90254180000004,0,8.1078,2.0689,2.0736,1.8652,0.2147,0.0029,0.006,0.0002,0.0335,0.0447,0.0026,0.0009,0.0117,0.0002,0.0015,0.0022,0.0,0.0002,0.0125,0.0019,0.0005,0.0,0.0052,0.0964,0.0237,0.0001,0.0125,0.0,155.0,0.0,92.0,63.0,80.0,0.0,0.0,0.0,0.0,0.0,0.0,0.0,0.0,0.0,0.0,0.0,0.0,0.0,0.0,0.0,0.0,0.0,0.0,8.0,2.0,1.0
2012,16.910649600000042,0,8.2826,2.0526,2.1532,1.8475,0.2038,0.003,0.0068,0.0001,0.043,0.0559,0.0024,0.0006,0.0097,0.0001,0.0015,0.0021,0.0,0.0002,0.0079,0.0013,0.0007,0.0,0.0035,0.0976,0.0211,0.0001,0.0121,0.0,155.0,0.0,92.0,63.0,80.0,0.0,0.0,0.0,0.0,0.0,0.0,0.0,0.0,0.0,0.0,0.0,0.0,0.0,0.0,0.0,0.0,0.0,0.0,8.0,2.0,1.0
2013,16.918932200000043,0,8.2574,1.772,2.0282,1.708,0.1783,0.0028,0.0049,0.0003,0.0325,0.0433,0.0022,0.0006,0.0101,0.0001,0.0019,0.0016,0.0,0.0001,0.008,0.0012,0.0004,0.0001,0.0031,0.0816,0.0214,0.0,0.0129,0.0,155.0,0.0,92.0,63.0,80.0,0.0,0.0,0.0,0.0,0.0,0.0,0.0,0.0,0.0,0.0,0.0,0.0,0.0,0.0,0.0,0.0,0.0,0.0,8.0,2.0,1.0
2014,16.927189600000045,0,8.3921,1.7646,2.1038,1.7801,0.2043,0.0027,0.005,0.0002,0.0526,0.0627,0.0026,0.0008,0.0099,0.0001,0.0013,0.002,0.0001,0.0001,0.0083,0.0015,0.0004,0.0,0.0035,0.1035,0.0209,0.0,0.0128,0.0,155.0,0.0,92.0,63.0,80.0,0.0,0.0,0.0,0.0,0.0,0.0,0.0,0.0,0.0,0.0,0.0,0.0,0.0,0.0,0.0,0.0,0.0,0.0,8.0,2.0,1.0
2015,16.935581700000043,0,8.3083,1.8188,1.988,1.7373,0.1775,0.0027,0.0074,0.0003,0.0336,0.0457,0.0025,0.0007,0.0088,0.0001,0.0016,0.0014,0.0001,0.0002,0.0073,0.0011,0.0004,0.0,0.0032,0.0828,0.0208,0.0001,0.0127,0.0,155.0,0.0,92.0,63.0,84.0,0.0,0.0,0.0,0.0,0.0,0.0,0.0,0.0,0.0,0.0,0.0,0.0,0.0,0.0,0.0,0.0,0.0,0.0,8.0,2.0,1.0
2016,16.943890000000042,0,8.26,2.0286,2.0682,1.7021,0.1805,0.0032,0.0088,0.0002,0.0367,0.0508,0.002,0.0006,0.0083,0.0001,0.0015,0.0014,0.0,0.0001,0.0074,0.0014,0.0004,0.0,0.0033,0.0863,0.0207,0.0,0.0128,0.0,155.0,0.0,92.0,63.0,84.0,0.0,0.0,0.0,0.0,0.0,0.0,0.0,0.0,0.0,0.0,0.0,0.0,0.0,0.0,0.0,0.0,0.0,0.0,8.0,2.0,1.0
2017,16.952150000000042,0,8.3002,1.9005,1.9583,1.7017,0.1989,0.0026,0.0086,0.0001,0.0376,0.0511,0.0024,0.0008,0.0099,0.0002,0.0013,0.002,0.0001,0.0002,0.0079,0.0012,0.0009,0.0001,0.0037,0.094,0.0215,0.0,0.0125,0.0,155.0,0.0,92.0,63.0,84.0,0.0,0.0,0.0,0.0,0.0,0.0,0.0,0.0,0.0,0.0,0.0,0.0,0.0,0.0,0.0,0.0,0.0,0.0,8.0,2.0,1.0
2018,16.960450200000043,0,8.5878,1.8602,2.1406,1.7914,0.1906,0.0031,0.0074,0.0002,0.037,0.0504,0.002,0.0006,0.0099,0.0002,0.0012,0.0019,0.0,0.0001,0.0076,0.0016,0.0005,0.0,0.0031,0.0892,0.0203,0.0001,0.0124,0.0,155.0,0.0,92.0,63.0,84.0,0.0,0.0,0.0,0.0,0.0,0.0,0.0,0.0,0.0,0.0,0.0,0.0,0.0,0.0,0.0,0.0,0.0,0.0,8.0,2.0,1.0
2019,16.969038000000044,0,8.162,1.9503,2.0317,1.7738,0.1746,0.0032,0.0084,0.0001,0.0267,0.0407,0.0018,0.0007,0.0087,0.0001,0.0011,0.0019,0.0,0.0001,0.0082,0.0017,0.0005,0.0001,0.003,0.0777,0.0192,0.0001,0.0134,0.0,155.0,0.0,92.0,63.0,84.0,0.0,0.0,0.0,0.0,0.0,0.0,0.0,0.0,0.0,0.0,0.0,0.0,0.0,0.0,0.0,0.0,0.0,0.0,8.0,2.0,1.0
2020,16.977200000000042,0,8.5176,1.801,2.1931,1.7675,0.2806,0.0038,0.0092,0.0002,0.043,0.0583,0.0021,0.0007,0.01,0.0002,0.0012,0.002,0.0,0.0001,0.0081,0.0016,0.0005,0.0001,0.0036,0.0983,0.0219,0.0001,0.0129,0.0,155.0,0.0,92.0,63.0,84.0,0.0,0.0,0.0,0.0,0.0,0.0,0.0,0.0,0.0,0.0,0.0,0.0,0.0,0.0,0.0,0.0,0.0,0.0,8.0,2.0,1.0
2021,16.985717600000044,0,8.1898,1.7679,2.0871,1.7202,0.1998,0.0034,0.0087,0.0002,0.0332,0.0475,0.0023,0.0008,0.0106,0.0001,0.0019,0.0015,0.0001,0.0003,0.0081,0.0013,0.0005,0.0001,0.0038,0.0905,0.0238,0.0,0.0132,0.0,155.0,0.0,92.0,63.0,84.0,0.0,0.0,0.0,0.0,0.0,0.0,0.0,0.0,0.0,0.0,0.0,0.0,0.0,0.0,0.0,0.0,0.0,0.0,8.0,2.0,1.0
2022,16.993907400000044,0,8.412,1.8133,2.1737,1.7981,0.2652,0.0027,0.008,0.0002,0.0639,0.0773,0.0034,0.0012,0.0154,0.0002,0.0027,0.0019,0.0004,0.0001,0.0089,0.0014,0.0006,0.0001,0.0066,0.1374,0.0362,0.0,0.0129,0.0,155.0,0.0,92.0,63.0,84.0,0.0,0.0,0.0,0.0,0.0,0.0,0.0,0.0,0.0,0.0,0.0,0.0,0.0,0.0,0.0,0.0,0.0,0.0,8.0,2.0,1.0
2023,17.002319400000044,0,8.2602,1.8068,2.0871,1.794,0.1778,0.0026,0.0079,0.0002,0.027,0.04,0.0019,0.001,0.0093,0.0001,0.0017,0.0017,0.0001,0.0001,0.0083,0.0012,0.0005,0.0001,0.0032,0.0791,0.021,0.0001,0.0136,0.0,155.0,0.0,92.0,63.0,84.0,0.0,0.0,0.0,0.0,0.0,0.0,0.0,0.0,0.0,0.0,0.0,0.0,0.0,0.0,0.0,0.0,0.0,0.0,8.0,2.0,1.0
2024,17.010579600000042,0,8.341,1.757,2.035,1.7682,0.2216,0.0029,0.0107,0.0002,0.0492,0.0657,0.0032,0.0008,0.0118,0.0001,0.0014,0.0017,0.0001,0.0001,0.0079,0.0017,0.0005,0.0001,0.0038,0.1105,0.0261,0.0,0.0133,0.0,155.0,0.0,92.0,63.0,84.0,0.0,0.0,0.0,0.0,0.0,0.0,0.0,0.0,0.0,0.0,0.0,0.0,0.0,0.0,0.0,0.0,0.0,0.0,8.0,2.0,1.0
2025,17.018920600000044,0,8.3086,1.8765,2.0481,1.7885,0.1889,0.0026,0.0078,0.0002,0.0357,0.0483,0.0024,0.0009,0.011,0.0007,0.0013,0.0017,0.0006,0.0002,0.0079,0.0012,0.0005,0.0,0.0031,0.0901,0.0189,0.0,0.0129,0.0,155.0,0.0,92.0,63.0,84.0,0.0,0.0,0.0,0.0,0.0,0.0,0.0,0.0,0.0,0.0,0.0,0.0,0.0,0.0,0.0,0.0,0.0,0.0,8.0,2.0,1.0
2026,17.027229200000043,0,8.5117,1.8104,2.1796,1.7442,0.1919,0.0024,0.0085,0.0002,0.0408,0.0537,0.0023,0.0006,0.0092,0.0001,0.0015,0.0014,0.0001,0.0001,0.0072,0.0011,0.0005,0.0001,0.0032,0.0914,0.0201,0.0,0.0122,0.0,155.0,0.0,92.0,63.0,84.0,0.0,0.0,0.0,0.0,0.0,0.0,0.0,0.0,0.0,0.0,0.0,0.0,0.0,0.0,0.0,0.0,0.0,0.0,8.0,2.0,1.0
2027,17.035740900000043,0,8.1487,2.0158,2.1205,1.8814,0.2066,0.0031,0.0099,0.0002,0.0361,0.052,0.0028,0.0008,0.0108,0.0001,0.0014,0.0019,0.0001,0.0001,0.0077,0.0012,0.0009,0.0001,0.0031,0.0926,0.0249,0.0,0.0126,0.0,155.0,0.0,92.0,63.0,84.0,0.0,0.0,0.0,0.0,0.0,0.0,0.0,0.0,0.0,0.0,0.0,0.0,0.0,0.0,0.0,0.0,0.0,0.0,8.0,2.0,1.0
2028,17.043889600000043,0,8.2914,2.1632,2.0519,1.7623,0.1942,0.0047,0.0098,0.0002,0.0321,0.0487,0.0019,0.0009,0.0091,0.0001,0.0016,0.0013,0.0001,0.0001,0.0077,0.0016,0.0005,0.0,0.003,0.0856,0.0192,0.0,0.0138,0.0,155.0,0.0,92.0,63.0,84.0,0.0,0.0,0.0,0.0,0.0,0.0,0.0,0.0,0.0,0.0,0.0,0.0,0.0,0.0,0.0,0.0,0.0,0.0,8.0,2.0,1.0
2029,17.052181000000044,0,8.3993,1.7771,2.0378,1.8063,0.2135,0.003,0.0073,0.0002,0.029,0.0417,0.0024,0.0008,0.0118,0.0002,0.0016,0.0024,0.0002,0.0002,0.0113,0.0018,0.0005,0.0001,0.0048,0.0941,0.0242,0.0,0.012,0.0,155.0,0.0,92.0,63.0,84.0,0.0,0.0,0.0,0.0,0.0,0.0,0.0,0.0,0.0,0.0,0.0,0.0,0.0,0.0,0.0,0.0,0.0,0.0,8.0,2.0,1.0
2030,17.060580300000044,0,8.4632,1.7063,2.1673,1.8128,0.2029,0.0033,0.0098,0.0002,0.0412,0.0569,0.0021,0.0006,0.0096,0.0001,0.0015,0.0015,0.0001,0.0004,0.0074,0.0012,0.0004,0.0001,0.0032,0.095,0.0217,0.0001,0.0129,0.0,155.0,0.0,92.0,63.0,84.0,0.0,0.0,0.0,0.0,0.0,0.0,0.0,0.0,0.0,0.0,0.0,0.0,0.0,0.0,0.0,0.0,0.0,0.0,8.0,2.0,1.0
2031,17.069043500000046,0,8.1794,1.7439,2.0965,1.8377,0.2029,0.003,0.0073,0.0002,0.0316,0.0447,0.0025,0.0006,0.0092,0.0001,0.0015,0.0013,0.0001,0.0001,0.008,0.0012,0.0005,0.0,0.0031,0.0836,0.0219,0.0,0.0135,0.0,155.0,0.0,92.0,63.0,84.0,0.0,0.0,0.0,0.0,0.0,0.0,0.0,0.0,0.0,0.0,0.0,0.0,0.0,0.0,0.0,0.0,0.0,0.0,8.0,2.0,1.0
2032,17.077222900000045,0,8.5057,1.6973,2.197,1.7227,0.2052,0.0034,0.0084,0.0001,0.0444,0.0586,0.0023,0.0007,0.0101,0.0001,0.0013,0.002,0.0001,0.0001,0.0079,0.0012,0.0008,0.0001,0.0036,0.1017,0.0212,0.0,0.0137,0.0,155.0,0.0,92.0,63.0,84.0,0.0,0.0,0.0,0.0,0.0,0.0,0.0,0.0,0.0,0.0,0.0,0.0,0.0,0.0,0.0,0.0,0.0,0.0,8.0,2.0,1.0
2033,17.085728600000046,0,8.073,1.8756,2.0398,1.7664,0.1912,0.0033,0.009,0.0002,0.0313,0.0455,0.0024,0.0006,0.0099,0.0001,0.0014,0.002,0.0,0.0001,0.0079,0.0012,0.0009,0.0,0.0036,0.0872,0.0199,0.0,0.0128,0.0,155.0,0.0,92.0,63.0,84.0,0.0,0.0,0.0,0.0,0.0,0.0,0.0,0.0,0.0,0.0,0.0,0.0,0.0,0.0,0.0,0.0,0.0,0.0,8.0,2.0,1.0
2034,17.093801600000045,0,8.5327,1.8165,2.0973,1.7565,0.2204,0.0035,0.0078,0.0001,0.0376,0.0516,0.0019,0.0007,0.0097,0.0001,0.0017,0.0015,0.0001,0.0001,0.0075,0.0011,0.0004,0.0,0.0032,0.0904,0.0237,0.0,0.0121,0.0,155.0,0.0,92.0,63.0,84.0,0.0,0.0,0.0,0.0,0.0,0.0,0.0,0.0,0.0,0.0,0.0,0.0,0.0,0.0,0.0,0.0,0.0,0.0,8.0,2.0,1.0
2035,17.102334300000045,0,8.1667,1.8861,2.0031,1.7882,0.1744,0.0029,0.0081,0.0002,0.0311,0.0445,0.002,0.0008,0.009,0.0001,0.0014,0.0014,0.0001,0.0001,0.0076,0.0012,0.0005,0.0001,0.0031,0.0805,0.0199,0.0001,0.0118,0.0,155.0,0.0,92.0,63.0,84.0,0.0,0.0,0.0,0.0,0.0,0.0,0.0,0.0,0.0,0.0,0.0,0.0,0.0,0.0,0.0,0.0,0.0,0.0,8.0,2.0,1.0
2036,17.110501000000045,0,8.4857,1.7602,2.1094,1.787,0.2128,0.0043,0.0093,0.0002,0.0428,0.0589,0.0025,0.0006,0.0099,0.0002,0.0014,0.0018,0.0001,0.0002,0.008,0.0012,0.0009,0.0,0.0038,0.1017,0.0246,0.0,0.0134,0.0,155.0,0.0,92.0,63.0,84.0,0.0,0.0,0.0,0.0,0.0,0.0,0.0,0.0,0.0,0.0,0.0,0.0,0.0,0.0,0.0,0.0,0.0,0.0,8.0,2.0,1.0
2037,17.118986700000047,0,8.1221,2.1118,1.998,1.6958,0.1661,0.0026,0.0079,0.0002,0.0279,0.0406,0.0019,0.0009,0.0091,0.0002,0.0012,0.0018,0.0001,0.0002,0.0073,0.0011,0.0007,0.0001,0.0031,0.0766,0.0161,0.0001,0.0144,0.0,155.0,0.0,92.0,63.0,84.0,0.0,0.0,0.0,0.0,0.0,0.0,0.0,0.0,0.0,0.0,0.0,0.0,0.0,0.0,0.0,0.0,0.0,0.0,8.0,2.0,1.0
2038,17.127108800000048,0,8.4866,1.9099,2.1382,1.719,0.2641,0.0028,0.008,0.0002,0.0532,0.0676,0.0035,0.0014,0.0165,0.0002,0.0027,0.0024,0.0002,0.0002,0.0105,0.0019,0.0006,0.0001,0.0075,0.1347,0.0394,0.0,0.0122,0.0,155.0,0.0,92.0,63.0,84.0,0.0,0.0,0.0,0.0,0.0,0.0,0.0,0.0,0.0,0.0,0.0,0.0,0.0,0.0,0.0,0.0,0.0,0.0,8.0,2.0,1.0
2039,17.13559540000005,0,8.2135,1.808,1.9446,1.6873,0.198,0.0037,0.0112,0.0002,0.0323,0.0496,0.0023,0.0008,0.0104,0.0001,0.0015,0.0021,0.0002,0.0001,0.008,0.0014,0.0007,0.0001,0.0037,0.0923,0.0205,0.0,0.0132,0.0,155.0,0.0,92.0,63.0,84.0,0.0,0.0,0.0,0.0,0.0,0.0,0.0,0.0,0.0,0.0,0.0,0.0,0.0,0.0,0.0,0.0,0.0,0.0,8.0,2.0,1.0
2040,17.14380890000005,0,8.3495,1.8643,1.9875,1.6945,0.1827,0.0026,0.0074,0.0003,0.0357,0.0475,0.0019,0.0006,0.0097,0.0001,0.0014,0.0019,0.0001,0.0002,0.0075,0.0013,0.0005,0.0001,0.0032,0.0857,0.0233,0.0001,0.012,0.0,155.0,0.0,92.0,63.0,84.0,0.0,0.0,0.0,0.0,0.0,0.0,0.0,0.0,0.0,0.0,0.0,0.0,0.0,0.0,0.0,0.0,0.0,0.0,8.0,2.0,1.0
2041,17.15215840000005,0,8.3816,1.8958,1.9971,1.6927,0.199,0.003,0.0087,0.0002,0.0344,0.0486,0.0024,0.0012,0.0106,0.0001,0.0018,0.0014,0.0001,0.0004,0.0079,0.0013,0.0004,0.0001,0.0038,0.0909,0.0222,0.0,0.0134,0.0,155.0,0.0,92.0,63.0,84.0,0.0,0.0,0.0,0.0,0.0,0.0,0.0,0.0,0.0,0.0,0.0,0.0,0.0,0.0,0.0,0.0,0.0,0.0,8.0,2.0,1.0
2042,17.16054000000005,0,8.4433,1.8465,2.1689,1.8201,0.2104,0.0035,0.0094,0.0001,0.0445,0.06,0.0026,0.0009,0.0102,0.0002,0.0013,0.0022,0.0001,0.0001,0.0071,0.0013,0.0005,0.0,0.0038,0.1017,0.0211,0.0,0.0105,0.0,155.0,0.0,92.0,63.0,84.0,0.0,0.0,0.0,0.0,0.0,0.0,0.0,0.0,0.0,0.0,0.0,0.0,0.0,0.0,0.0,0.0,0.0,0.0,8.0,2.0,1.0
2043,17.16898330000005,0,8.3641,1.9353,2.0523,1.8249,0.1748,0.003,0.0079,0.0001,0.0266,0.0399,0.0021,0.0005,0.0097,0.0001,0.0013,0.002,0.0001,0.0001,0.0081,0.0012,0.0009,0.0001,0.0029,0.0796,0.0199,0.0,0.0124,0.0,155.0,0.0,92.0,63.0,84.0,0.0,0.0,0.0,0.0,0.0,0.0,0.0,0.0,0.0,0.0,0.0,0.0,0.0,0.0,0.0,0.0,0.0,0.0,8.0,2.0,1.0
2044,17.177347400000052,0,8.2617,1.9087,2.2467,1.7858,0.1974,0.0031,0.0079,0.0003,0.0417,0.0559,0.002,0.0006,0.0086,0.0001,0.0018,0.0015,0.0001,0.0001,0.0075,0.0014,0.0005,0.0001,0.0033,0.094,0.0205,0.0,0.0122,0.0,155.0,0.0,92.0,63.0,84.0,0.0,0.0,0.0,0.0,0.0,0.0,0.0,0.0,0.0,0.0,0.0,0.0,0.0,0.0,0.0,0.0,0.0,0.0,8.0,2.0,1.0
2045,17.18560910000005,0,8.395,1.763,2.102,1.7175,0.2169,0.0032,0.0082,0.0002,0.0323,0.0459,0.0027,0.0006,0.01,0.0001,0.0013,0.0019,0.0001,0.0001,0.0075,0.0012,0.0005,0.0,0.0032,0.0856,0.0239,0.0,0.0131,0.0,155.0,0.0,92.0,63.0,84.0,0.0,0.0,0.0,0.0,0.0,0.0,0.0,0.0,0.0,0.0,0.0,0.0,0.0,0.0,0.0,0.0,0.0,0.0,8.0,2.0,1.0
2046,17.19400410000005,0,8.2888,1.7645,2.1183,1.7847,0.1952,0.0027,0.0083,0.0002,0.0448,0.0578,0.0019,0.0007,0.0086,0.0002,0.0018,0.0015,0.0,0.0006,0.0079,0.0013,0.0005,0.0001,0.0032,0.0955,0.0217,0.0,0.0126,0.0,155.0,0.0,92.0,63.0,84.0,0.0,0.0,0.0,0.0,0.0,0.0,0.0,0.0,0.0,0.0,0.0,0.0,0.0,0.0,0.0,0.0,0.0,0.0,8.0,2.0,1.0
2047,17.20229290000005,0,8.3135,1.7197,2.1505,1.7268,0.1893,0.0026,0.008,0.0001,0.0286,0.0417,0.002,0.0007,0.0092,0.0001,0.0014,0.0021,0.0,0.0001,0.0076,0.0011,0.0005,0.0,0.0033,0.081,0.0313,0.0,0.0127,0.0,155.0,0.0,92.0,63.0,84.0,0.0,0.0,0.0,0.0,0.0,0.0,0.0,0.0,0.0,0.0,0.0,0.0,0.0,0.0,0.0,0.0,0.0,0.0,8.0,2.0,1.0
2048,17.21060640000005,0,8.2389,1.711,2.0734,1.6557,0.1974,0.0031,0.0086,0.0002,0.0375,0.0517,0.0019,0.0008,0.0093,0.0007,0.0012,0.0015,0.0,0.0003,0.008,0.0012,0.0004,0.0,0.0037,0.0924,0.0219,0.0001,0.0129,0.0,155.0,0.0,92.0,63.0,84.0,0.0,0.0,0.0,0.0,0.0,0.0,0.0,0.0,0.0,0.0,0.0,0.0,0.0,0.0,0.0,0.0,0.0,0.0,8.0,2.0,1.0
2049,17.218845300000048,0,8.5873,1.9334,2.0132,1.7381,0.1908,0.0036,0.008,0.0002,0.0374,0.0521,0.0026,0.0009,0.0103,0.0001,0.0011,0.0022,0.0001,0.0003,0.0077,0.0011,0.0009,0.0,0.0032,0.0926,0.0213,0.0,0.0135,0.0,155.0,0.0,92.0,63.0,84.0,0.0,0.0,0.0,0.0,0.0,0.0,0.0,0.0,0.0,0.0,0.0,0.0,0.0,0.0,0.0,0.0,0.0,0.0,8.0,2.0,1.0
2050,17.227432600000046,0,8.2969,1.9771,2.4045,1.7363,0.1956,0.0027,0.0075,0.0004,0.039,0.0518,0.002,0.0007,0.0103,0.0001,0.0012,0.0019,0.0,0.0001,0.0081,0.0018,0.0005,0.0,0.0032,0.0927,0.021,0.0,0.0117,0.0,155.0,0.0,92.0,63.0,84.0,0.0,0.0,0.0,0.0,0.0,0.0,0.0,0.0,0.0,0.0,0.0,0.0,0.0,0.0,0.0,0.0,0.0,0.0,8.0,2.0,1.0
2051,17.235729500000048,0,8.2058,1.7746,2.0847,1.8432,0.1761,0.0028,0.0075,0.0002,0.031,0.044,0.0023,0.0007,0.009,0.0002,0.0018,0.0014,0.0,0.0002,0.0079,0.0011,0.0004,0.0,0.0031,0.0828,0.0164,0.0001,0.0127,0.0,155.0,0.0,92.0,63.0,84.0,0.0,0.0,0.0,0.0,0.0,0.0,0.0,0.0,0.0,0.0,0.0,0.0,0.0,0.0,0.0,0.0,0.0,0.0,8.0,2.0,1.0
2052,17.243935300000047,0,8.3561,1.7043,2.1236,1.8795,0.1998,0.003,0.0077,0.0002,0.0502,0.0633,0.0023,0.0011,0.0101,0.0001,0.0019,0.0013,0.0,0.0001,0.0076,0.0015,0.0004,0.0001,0.0032,0.1027,0.02,0.0,0.0136,0.0,155.0,0.0,92.0,63.0,84.0,0.0,0.0,0.0,0.0,0.0,0.0,0.0,0.0,0.0,0.0,0.0,0.0,0.0,0.0,0.0,0.0,0.0,0.0,8.0,2.0,1.0
2053,17.252291400000047,0,8.2635,1.7536,2.0864,1.7925,0.2088,0.0033,0.0079,0.0002,0.0322,0.0457,0.002,0.0008,0.0094,0.0001,0.0013,0.0016,0.0001,0.0001,0.0076,0.0017,0.0005,0.0001,0.0032,0.0831,0.0197,0.0,0.0126,0.0,155.0,0.0,92.0,63.0,84.0,0.0,0.0,0.0,0.0,0.0,0.0,0.0,0.0,0.0,0.0,0.0,0.0,0.0,0.0,0.0,0.0,0.0,0.0,8.0,2.0,1.0
2054,17.26055490000005,0,8.3724,1.7425,2.0499,1.7061,0.1845,0.0027,0.0084,0.0002,0.0371,0.0507,0.0017,0.0006,0.0088,0.0001,0.0014,0.0012,0.0,0.0001,0.0085,0.0013,0.0005,0.0,0.0033,0.0889,0.0203,0.0,0.0123,0.0,155.0,0.0,92.0,63.0,84.0,0.0,0.0,0.0,0.0,0.0,0.0,0.0,0.0,0.0,0.0,0.0,0.0,0.0,0.0,0.0,0.0,0.0,0.0,8.0,2.0,1.0
2055,17.268927300000048,0,8.4619,2.0759,2.1292,1.6867,0.1893,0.0035,0.008,0.0002,0.0299,0.0439,0.0019,0.0009,0.0091,0.0001,0.0019,0.0014,0.0,0.0001,0.0081,0.0012,0.0004,0.0002,0.0034,0.084,0.0215,0.0001,0.0131,0.0,155.0,0.0,92.0,63.0,84.0,0.0,0.0,0.0,0.0,0.0,0.0,0.0,0.0,0.0,0.0,0.0,0.0,0.0,0.0,0.0,0.0,0.0,0.0,8.0,2.0,1.0
2056,17.277389200000048,0,8.4758,2.0123,2.4043,1.869,0.1876,0.0029,0.0079,0.0002,0.0404,0.0534,0.0019,0.0006,0.0095,0.0001,0.0018,0.0013,0.0,0.0001,0.008,0.0015,0.0004,0.0001,0.0031,0.092,0.0197,0.0,0.0125,0.0,155.0,0.0,92.0,63.0,84.0,0.0,0.0,0.0,0.0,0.0,0.0,0.0,0.0,0.0,0.0,0.0,0.0,0.0,0.0,0.0,0.0,0.0,0.0,8.0,2.0,1.0
2057,17.285865000000047,0,8.1487,2.0,2.2578,1.8358,0.1782,0.0028,0.008,0.0002,0.0291,0.0433,0.0019,0.001,0.01,0.0001,0.0017,0.0014,0.0,0.0001,0.0076,0.0015,0.0005,0.0001,0.0031,0.0824,0.0173,0.0,0.0133,0.0,155.0,0.0,92.0,63.0,84.0,0.0,0.0,0.0,0.0,0.0,0.0,0.0,0.0,0.0,0.0,0.0,0.0,0.0,0.0,0.0,0.0,0.0,0.0,8.0,2.0,1.0
2058,17.294013700000047,0,8.3866,1.8373,2.0891,1.781,0.1885,0.0026,0.0084,0.0002,0.04,0.0541,0.0023,0.0007,0.0108,0.0001,0.0017,0.0013,0.0001,0.0002,0.0072,0.0017,0.0004,0.0001,0.0032,0.0937,0.0203,0.0,0.0127,0.0,155.0,0.0,92.0,63.0,84.0,0.0,0.0,0.0,0.0,0.0,0.0,0.0,0.0,0.0,0.0,0.0,0.0,0.0,0.0,0.0,0.0,0.0,0.0,8.0,2.0,1.0
2059,17.30240030000005,0,8.1763,2.156,2.1912,1.8112,0.1883,0.0025,0.0073,0.0001,0.0313,0.0432,0.0018,0.0006,0.0095,0.0002,0.0013,0.0019,0.0001,0.0001,0.0082,0.0016,0.0004,0.0,0.0031,0.0827,0.0286,0.0,0.0126,0.0,155.0,0.0,92.0,63.0,84.0,0.0,0.0,0.0,0.0,0.0,0.0,0.0,0.0,0.0,0.0,0.0,0.0,0.0,0.0,0.0,0.0,0.0,0.0,8.0,2.0,1.0
2060,17.310576600000047,0,8.4334,1.8694,2.0309,1.7059,0.2002,0.0029,0.0081,0.0003,0.0464,0.0593,0.0022,0.0007,0.0101,0.0001,0.0014,0.0013,0.0001,0.0001,0.0078,0.0013,0.0004,0.0001,0.0039,0.0992,0.0233,0.0,0.013,0.0,155.0,0.0,92.0,63.0,84.0,0.0,0.0,0.0,0.0,0.0,0.0,0.0,0.0,0.0,0.0,0.0,0.0,0.0,0.0,0.0,0.0,0.0,0.0,8.0,2.0,1.0
2061,17.31901000000005,0,8.2926,1.8291,2.1778,1.754,0.1855,0.0028,0.0085,0.0001,0.0329,0.0465,0.0019,0.0006,0.0091,0.0001,0.0018,0.0015,0.0001,0.0006,0.008,0.001,0.0005,0.0,0.0032,0.0851,0.0227,0.0,0.0123,0.0,155.0,0.0,92.0,63.0,84.0,0.0,0.0,0.0,0.0,0.0,0.0,0.0,0.0,0.0,0.0,0.0,0.0,0.0,0.0,0.0,0.0,0.0,0.0,8.0,2.0,1.0
2062,17.32730260000005,0,8.3531,1.84,2.2316,1.7202,0.2037,0.0025,0.0077,0.0002,0.0426,0.0563,0.002,0.0007,0.0089,0.0001,0.0019,0.0015,0.0001,0.0001,0.0076,0.0011,0.0004,0.0,0.0036,0.0947,0.0209,0.0,0.0129,0.0,155.0,0.0,92.0,63.0,84.0,0.0,0.0,0.0,0.0,0.0,0.0,0.0,0.0,0.0,0.0,0.0,0.0,0.0,0.0,0.0,0.0,0.0,0.0,8.0,2.0,1.0
2063,17.33565570000005,0,8.2745,2.0268,2.007,1.8588,0.1873,0.0026,0.0074,0.0002,0.0319,0.0439,0.0027,0.0008,0.0138,0.0001,0.0015,0.0019,0.0,0.0003,0.0109,0.0015,0.0009,0.0001,0.0046,0.0918,0.0188,0.0001,0.0134,0.0,155.0,0.0,92.0,63.0,84.0,0.0,0.0,0.0,0.0,0.0,0.0,0.0,0.0,0.0,0.0,0.0,0.0,0.0,0.0,0.0,0.0,0.0,0.0,8.0,2.0,1.0
2064,17.34393020000005,0,8.3669,2.0276,2.1715,1.8014,0.275,0.0039,0.01,0.0002,0.058,0.0751,0.0034,0.0011,0.0166,0.0002,0.0026,0.002,0.0002,0.0001,0.0099,0.0016,0.0004,0.0001,0.0079,0.145,0.0379,0.0001,0.0118,0.0,155.0,0.0,92.0,63.0,84.0,0.0,0.0,0.0,0.0,0.0,0.0,0.0,0.0,0.0,0.0,0.0,0.0,0.0,0.0,0.0,0.0,0.0,0.0,8.0,2.0,1.0
2065,17.352297100000047,0,8.4341,1.8379,2.1808,1.7996,0.2007,0.0039,0.0089,0.0002,0.027,0.042,0.0022,0.001,0.0106,0.0001,0.0016,0.0022,0.0001,0.0001,0.0083,0.0013,0.0005,0.0001,0.0037,0.0877,0.0226,0.0,0.0121,0.0,155.0,0.0,92.0,63.0,84.0,0.0,0.0,0.0,0.0,0.0,0.0,0.0,0.0,0.0,0.0,0.0,0.0,0.0,0.0,0.0,0.0,0.0,0.0,8.0,2.0,1.0
2066,17.360731200000046,0,8.4504,1.7994,2.2983,1.7748,0.2231,0.0029,0.0083,0.0002,0.0529,0.0666,0.0025,0.0015,0.0126,0.0001,0.0019,0.0017,0.0004,0.0002,0.0084,0.0013,0.0008,0.0001,0.0039,0.1139,0.023,0.0,0.013,0.0,155.0,0.0,92.0,63.0,84.0,0.0,0.0,0.0,0.0,0.0,0.0,0.0,0.0,0.0,0.0,0.0,0.0,0.0,0.0,0.0,0.0,0.0,0.0,8.0,2.0,1.0
2067,17.369181600000047,0,8.2065,2.0365,2.2557,1.7583,0.1963,0.0029,0.0088,0.0003,0.0318,0.0463,0.002,0.001,0.0113,0.0002,0.0018,0.0017,0.0001,0.0001,0.008,0.0013,0.0004,0.0001,0.0032,0.0884,0.0226,0.0,0.0122,0.0,155.0,0.0,92.0,63.0,84.0,0.0,0.0,0.0,0.0,0.0,0.0,0.0,0.0,0.0,0.0,0.0,0.0,0.0,0.0,0.0,0.0,0.0,0.0,8.0,2.0,1.0
2068,17.377388100000047,0,8.3175,1.9853,2.2401,1.8784,0.1894,0.0028,0.0074,0.0002,0.0379,0.0515,0.002,0.0009,0.0095,0.0001,0.0014,0.0015,0.0,0.0001,0.0077,0.0015,0.0004,0.0,0.0034,0.0898,0.0197,0.0,0.0126,0.0,155.0,0.0,92.0,63.0,84.0,0.0,0.0,0.0,0.0,0.0,0.0,0.0,0.0,0.0,0.0,0.0,0.0,0.0,0.0,0.0,0.0,0.0,0.0,8.0,2.0,1.0
2069,17.385705600000048,0,8.2389,1.8709,2.0508,1.7792,0.1944,0.0029,0.007,0.0001,0.0392,0.0519,0.0022,0.0007,0.0112,0.0002,0.0019,0.0016,0.0002,0.0005,0.0078,0.0012,0.0004,0.0001,0.0041,0.0959,0.0219,0.0,0.0112,0.0,155.0,0.0,92.0,63.0,84.0,0.0,0.0,0.0,0.0,0.0,0.0,0.0,0.0,0.0,0.0,0.0,0.0,0.0,0.0,0.0,0.0,0.0,0.0,8.0,2.0,1.0
2070,17.393944500000046,0,8.3827,1.8834,2.1993,1.8652,0.1936,0.0027,0.0078,0.0002,0.039,0.0514,0.0021,0.0006,0.0098,0.0002,0.0014,0.0021,0.0001,0.0001,0.0081,0.0017,0.0005,0.0,0.0031,0.0919,0.0232,0.0,0.0165,0.0,155.0,0.0,92.0,63.0,84.0,0.0,0.0,0.0,0.0,0.0,0.0,0.0,0.0,0.0,0.0,0.0,0.0,0.0,0.0,0.0,0.0,0.0,0.0,8.0,2.0,1.0
2071,17.402327200000045,0,8.213,1.9887,2.0139,1.9351,0.1857,0.0028,0.0059,0.0001,0.0318,0.0425,0.0019,0.0005,0.0098,0.0001,0.0012,0.0015,0.0001,0.0001,0.0069,0.0011,0.0004,0.0001,0.0031,0.08,0.0302,0.0001,0.012,0.0,155.0,0.0,92.0,63.0,84.0,0.0,0.0,0.0,0.0,0.0,0.0,0.0,0.0,0.0,0.0,0.0,0.0,0.0,0.0,0.0,0.0,0.0,0.0,8.0,2.0,1.0
2072,17.410540200000046,0,8.5761,1.8843,2.1856,1.7362,0.2082,0.0028,0.0088,0.0003,0.0461,0.0598,0.0023,0.0007,0.0102,0.0001,0.0011,0.002,0.0,0.0001,0.0079,0.0017,0.0005,0.0001,0.0037,0.1017,0.021,0.0,0.0126,0.0,155.0,0.0,92.0,63.0,84.0,0.0,0.0,0.0,0.0,0.0,0.0,0.0,0.0,0.0,0.0,0.0,0.0,0.0,0.0,0.0,0.0,0.0,0.0,8.0,2.0,1.0
2073,17.419116300000045,0,8.4322,1.8455,2.4096,1.8844,0.1956,0.0029,0.0084,0.0002,0.034,0.0476,0.0025,0.0008,0.0109,0.0002,0.0018,0.0017,0.0001,0.0001,0.0086,0.0012,0.0005,0.0,0.0032,0.0888,0.0196,0.0,0.0155,0.0,155.0,0.0,92.0,63.0,84.0,0.0,0.0,0.0,0.0,0.0,0.0,0.0,0.0,0.0,0.0,0.0,0.0,0.0,0.0,0.0,0.0,0.0,0.0,8.0,2.0,1.0
2074,17.427548500000047,0,8.202,1.8792,2.2188,1.8475,0.1942,0.0028,0.0079,0.0002,0.0368,0.0497,0.002,0.0007,0.0098,0.0001,0.002,0.0015,0.0001,0.0003,0.008,0.0012,0.0004,0.0001,0.0036,0.093,0.0192,0.0001,0.0126,0.0,155.0,0.0,92.0,63.0,84.0,0.0,0.0,0.0,0.0,0.0,0.0,0.0,0.0,0.0,0.0,0.0,0.0,0.0,0.0,0.0,0.0,0.0,0.0,8.0,2.0,1.0
2075,17.435750500000047,0,8.3055,1.8681,2.2562,1.8708,0.1895,0.0028,0.008,0.0002,0.0351,0.0492,0.0023,0.0006,0.0095,0.0001,0.0014,0.002,0.0001,0.0001,0.0077,0.0011,0.0008,0.0001,0.0032,0.0884,0.0199,0.0,0.0108,0.0,155.0,0.0,92.0,63.0,84.0,0.0,0.0,0.0,0.0,0.0,0.0,0.0,0.0,0.0,0.0,0.0,0.0,0.0,0.0,0.0,0.0,0.0,0.0,8.0,2.0,1.0
2076,17.444056000000046,0,8.4663,2.2291,2.267,1.852,0.1936,0.0031,0.0076,0.0002,0.0416,0.0549,0.0026,0.0007,0.0103,0.0001,0.0013,0.0017,0.0001,0.0001,0.0079,0.0015,0.0005,0.0001,0.0031,0.0959,0.0177,0.0,0.012,0.0,155.0,0.0,92.0,63.0,84.0,0.0,0.0,0.0,0.0,0.0,0.0,0.0,0.0,0.0,0.0,0.0,0.0,0.0,0.0,0.0,0.0,0.0,0.0,8.0,2.0,1.0
2077,17.452522300000044,0,8.0709,2.1273,2.1808,1.8383,0.1772,0.0026,0.0091,0.0003,0.0257,0.0403,0.002,0.0005,0.0096,0.0001,0.0013,0.0016,0.0,0.0002,0.0078,0.001,0.0005,0.0001,0.0032,0.0786,0.0234,0.0,0.0134,0.0,155.0,0.0,92.0,63.0,84.0,0.0,0.0,0.0,0.0,0.0,0.0,0.0,0.0,0.0,0.0,0.0,0.0,0.0,0.0,0.0,0.0,0.0,0.0,8.0,2.0,1.0
2078,17.460593200000044,0,8.3473,1.9093,2.0895,1.7931,0.1837,0.0027,0.0077,0.0001,0.0382,0.0502,0.0018,0.0007,0.0091,0.0002,0.0012,0.0012,0.0001,0.0002,0.0076,0.0016,0.0005,0.0001,0.0035,0.0872,0.0232,0.0,0.0117,0.0,155.0,0.0,92.0,63.0,84.0,0.0,0.0,0.0,0.0,0.0,0.0,0.0,0.0,0.0,0.0,0.0,0.0,0.0,0.0,0.0,0.0,0.0,0.0,8.0,2.0,1.0
2079,17.468940500000045,0,8.3299,1.9427,2.1013,1.7685,0.1826,0.0029,0.0074,0.0002,0.0307,0.0432,0.0023,0.0006,0.0092,0.0001,0.0016,0.0014,0.0001,0.0001,0.0081,0.0011,0.0004,0.0,0.0037,0.0821,0.021,0.0,0.0126,0.0,155.0,0.0,92.0,63.0,84.0,0.0,0.0,0.0,0.0,0.0,0.0,0.0,0.0,0.0,0.0,0.0,0.0,0.0,0.0,0.0,0.0,0.0,0.0,8.0,2.0,1.0
2080,17.477270400000045,0,8.4293,1.8667,2.1701,1.8837,0.1894,0.0027,0.0079,0.0002,0.0366,0.0495,0.0024,0.0006,0.0101,0.0002,0.0012,0.0019,0.0001,0.0001,0.0081,0.0016,0.0005,0.0,0.0033,0.0886,0.0215,0.0,0.0178,0.0,155.0,0.0,92.0,63.0,84.0,0.0,0.0,0.0,0.0,0.0,0.0,0.0,0.0,0.0,0.0,0.0,0.0,0.0,0.0,0.0,0.0,0.0,0.0,8.0,2.0,1.0
2081,17.485699700000044,0,8.2671,1.8376,2.0892,1.7895,0.207,0.0026,0.006,0.0002,0.0418,0.0738,0.002,0.0007,0.0068,0.0001,0.0012,0.0013,0.0005,0.0002,0.0081,0.001,0.0004,0.0002,0.0031,0.1114,0.0211,0.0001,0.0142,0.0,155.0,0.0,92.0,63.0,84.0,0.0,0.0,0.0,0.0,0.0,0.0,0.0,0.0,0.0,0.0,0.0,0.0,0.0,0.0,0.0,0.0,0.0,0.0,8.0,2.0,1.0
2082,17.493966800000045,0,8.7609,1.9158,2.4908,1.8,0.1953,0.003,0.0082,0.0003,0.0392,0.0527,0.002,0.0005,0.0107,0.0002,0.0019,0.0014,0.0,0.0001,0.0081,0.0012,0.0005,0.0001,0.0033,0.0948,0.0207,0.0001,0.0124,0.0,155.0,0.0,92.0,63.0,84.0,0.0,0.0,0.0,0.0,0.0,0.0,0.0,0.0,0.0,0.0,0.0,0.0,0.0,0.0,0.0,0.0,0.0,0.0,8.0,2.0,1.0
2083,17.502727700000044,0,8.0656,1.8608,2.3921,1.871,0.2231,0.0036,0.0092,0.0003,0.0381,0.0537,0.0023,0.0009,0.0107,0.0001,0.0021,0.0019,0.0001,0.0006,0.0087,0.0014,0.0004,0.0002,0.0039,0.1007,0.0206,0.0,0.0123,0.0,155.0,0.0,92.0,63.0,84.0,0.0,0.0,0.0,0.0,0.0,0.0,0.0,0.0,0.0,0.0,0.0,0.0,0.0,0.0,0.0,0.0,0.0,0.0,8.0,2.0,1.0
2084,17.510793300000042,0,8.5722,2.1207,2.4068,1.9192,0.224,0.003,0.0098,0.0002,0.0453,0.0609,0.0023,0.0014,0.0113,0.0001,0.0014,0.0016,0.0001,0.0001,0.0082,0.0013,0.001,0.0,0.0038,0.1058,0.0257,0.0,0.0128,0.0,155.0,0.0,92.0,63.0,84.0,0.0,0.0,0.0,0.0,0.0,0.0,0.0,0.0,0.0,0.0,0.0,0.0,0.0,0.0,0.0,0.0,0.0,0.0,8.0,2.0,1.0
2085,17.519365500000042,0,8.3535,2.012,2.5087,1.9578,0.1998,0.0029,0.0089,0.0003,0.0279,0.0429,0.002,0.0014,0.0115,0.0006,0.0016,0.0023,0.0001,0.0001,0.0078,0.0012,0.0004,0.0001,0.0033,0.0858,0.0231,0.0,0.0139,0.0,155.0,0.0,92.0,63.0,84.0,0.0,0.0,0.0,0.0,0.0,0.0,0.0,0.0,0.0,0.0,0.0,0.0,0.0,0.0,0.0,0.0,0.0,0.0,8.0,2.0,1.0
2086,17.52771900000004,0,8.1226,2.1251,2.4606,1.9205,0.2156,0.0033,0.0086,0.0002,0.043,0.0573,0.0029,0.0008,0.0124,0.0002,0.0021,0.0017,0.0001,0.0003,0.0085,0.0014,0.0005,0.0,0.0038,0.1034,0.0242,0.0,0.0133,0.0,155.0,0.0,92.0,63.0,84.0,0.0,0.0,0.0,0.0,0.0,0.0,0.0,0.0,0.0,0.0,0.0,0.0,0.0,0.0,0.0,0.0,0.0,0.0,8.0,2.0,1.0
2087,17.53584160000004,0,8.5199,2.0004,2.398,1.8574,0.2139,0.0044,0.0114,0.0003,0.0299,0.0486,0.0021,0.0013,0.0105,0.0001,0.002,0.0023,0.0001,0.0001,0.008,0.0013,0.001,0.0001,0.0032,0.0921,0.0254,0.0,0.0128,0.0,155.0,0.0,92.0,63.0,84.0,0.0,0.0,0.0,0.0,0.0,0.0,0.0,0.0,0.0,0.0,0.0,0.0,0.0,0.0,0.0,0.0,0.0,0.0,8.0,2.0,1.0
2088,17.54436150000004,0,8.1712,2.0595,2.4951,1.8555,0.213,0.0032,0.0087,0.0002,0.0431,0.0579,0.0022,0.0008,0.0102,0.0001,0.0016,0.0016,0.0007,0.0001,0.0078,0.0012,0.0004,0.0,0.0031,0.0998,0.0254,0.0,0.0113,0.0,155.0,0.0,92.0,63.0,84.0,0.0,0.0,0.0,0.0,0.0,0.0,0.0,0.0,0.0,0.0,0.0,0.0,0.0,0.0,0.0,0.0,0.0,0.0,8.0,2.0,1.0
2089,17.55253270000004,0,8.2974,2.0204,2.3442,1.8986,0.2009,0.003,0.0098,0.0003,0.0309,0.0468,0.002,0.0009,0.0104,0.0002,0.0018,0.0018,0.0001,0.0001,0.0084,0.0013,0.0005,0.0,0.0031,0.0893,0.0227,0.0,0.0136,0.0,155.0,0.0,92.0,63.0,84.0,0.0,0.0,0.0,0.0,0.0,0.0,0.0,0.0,0.0,0.0,0.0,0.0,0.0,0.0,0.0,0.0,0.0,0.0,8.0,2.0,1.0
2090,17.56083010000004,0,8.4316,2.0401,2.2956,1.8573,0.2054,0.0028,0.0085,0.0003,0.0447,0.0586,0.0025,0.0007,0.0103,0.0002,0.0012,0.002,0.0001,0.0002,0.0072,0.0012,0.0009,0.0001,0.0031,0.0984,0.0194,0.0,0.0132,0.0,155.0,0.0,92.0,63.0,84.0,0.0,0.0,0.0,0.0,0.0,0.0,0.0,0.0,0.0,0.0,0.0,0.0,0.0,0.0,0.0,0.0,0.0,0.0,8.0,2.0,1.0
2091,17.56926170000004,0,8.3791,1.961,2.5393,1.8967,0.2753,0.004,0.0094,0.0003,0.0379,0.0547,0.0037,0.0016,0.0166,0.0002,0.0034,0.0021,0.0001,0.0005,0.0092,0.0014,0.0005,0.0001,0.0077,0.1214,0.0431,0.0001,0.0142,0.0,155.0,0.0,92.0,63.0,84.0,0.0,0.0,0.0,0.0,0.0,0.0,0.0,0.0,0.0,0.0,0.0,0.0,0.0,0.0,0.0,0.0,0.0,0.0,8.0,2.0,1.0
2092,17.57764080000004,0,8.3711,2.05,2.4925,1.8085,0.1985,0.0032,0.0084,0.0002,0.0381,0.0522,0.0023,0.0009,0.0109,0.0001,0.0019,0.0017,0.0001,0.0001,0.0086,0.0013,0.0005,0.0002,0.0033,0.0943,0.0195,0.0,0.0139,0.0,155.0,0.0,92.0,63.0,84.0,0.0,0.0,0.0,0.0,0.0,0.0,0.0,0.0,0.0,0.0,0.0,0.0,0.0,0.0,0.0,0.0,0.0,0.0,8.0,2.0,1.0
2093,17.58601190000004,0,8.0768,2.0836,2.2585,1.7937,0.2104,0.0035,0.0092,0.0002,0.0352,0.0506,0.0021,0.001,0.0114,0.0002,0.0015,0.0018,0.0001,0.0001,0.008,0.0012,0.0005,0.0,0.0032,0.0932,0.0331,0.0,0.0121,0.0,155.0,0.0,92.0,63.0,84.0,0.0,0.0,0.0,0.0,0.0,0.0,0.0,0.0,0.0,0.0,0.0,0.0,0.0,0.0,0.0,0.0,0.0,0.0,8.0,2.0,1.0
2094,17.594088700000043,0,8.3731,2.1006,2.3582,1.8678,0.2121,0.0041,0.0093,0.0003,0.0385,0.0551,0.0021,0.0014,0.0112,0.0001,0.0018,0.0016,0.0001,0.0001,0.0084,0.0012,0.001,0.0,0.0034,0.0993,0.0219,0.0,0.0124,0.0,155.0,0.0,92.0,63.0,84.0,0.0,0.0,0.0,0.0,0.0,0.0,0.0,0.0,0.0,0.0,0.0,0.0,0.0,0.0,0.0,0.0,0.0,0.0,8.0,2.0,1.0
2095,17.602461800000043,0,8.3671,1.9798,2.215,1.8661,0.2288,0.0032,0.0092,0.0003,0.038,0.0536,0.004,0.0011,0.0175,0.0002,0.0023,0.0023,0.0002,0.0002,0.0117,0.0017,0.0005,0.0001,0.0053,0.1128,0.0252,0.0,0.0125,0.0,155.0,0.0,92.0,63.0,84.0,0.0,0.0,0.0,0.0,0.0,0.0,0.0,0.0,0.0,0.0,0.0,0.0,0.0,0.0,0.0,0.0,0.0,0.0,8.0,2.0,1.0
2096,17.610828900000044,0,8.407,2.2151,2.3568,2.1094,0.2303,0.0038,0.0112,0.0002,0.046,0.0639,0.0026,0.0007,0.0115,0.0002,0.002,0.002,0.0001,0.0007,0.0086,0.0014,0.0012,0.0001,0.0039,0.1128,0.0242,0.0,0.0122,0.0,155.0,0.0,92.0,63.0,84.0,0.0,0.0,0.0,0.0,0.0,0.0,0.0,0.0,0.0,0.0,0.0,0.0,0.0,0.0,0.0,0.0,0.0,0.0,8.0,2.0,1.0
2097,17.619235900000042,0,8.3304,2.0144,2.4008,1.8505,0.2021,0.0031,0.0089,0.0002,0.0309,0.0459,0.0025,0.0009,0.0112,0.0001,0.0018,0.0018,0.0001,0.0001,0.0096,0.0013,0.0011,0.0001,0.0033,0.0899,0.0229,0.0,0.0124,0.0,155.0,0.0,92.0,63.0,84.0,0.0,0.0,0.0,0.0,0.0,0.0,0.0,0.0,0.0,0.0,0.0,0.0,0.0,0.0,0.0,0.0,0.0,0.0,8.0,2.0,1.0
2098,17.62756630000004,0,8.387,2.2285,2.4709,1.8725,0.2139,0.0029,0.0091,0.0003,0.0499,0.0645,0.0022,0.0008,0.0107,0.0002,0.0016,0.0017,0.0001,0.0002,0.0084,0.0011,0.001,0.0,0.0034,0.1074,0.0209,0.0,0.0116,0.0,155.0,0.0,92.0,63.0,84.0,0.0,0.0,0.0,0.0,0.0,0.0,0.0,0.0,0.0,0.0,0.0,0.0,0.0,0.0,0.0,0.0,0.0,0.0,8.0,2.0,1.0
2099,17.63595330000004,0,8.3213,2.4889,2.418,1.9287,0.1962,0.0026,0.0088,0.0003,0.03,0.0442,0.002,0.0007,0.009,0.0002,0.0013,0.002,0.0,0.0001,0.0083,0.0012,0.0009,0.0002,0.0033,0.0893,0.0205,0.0,0.012,0.0,155.0,0.0,92.0,63.0,84.0,0.0,0.0,0.0,0.0,0.0,0.0,0.0,0.0,0.0,0.0,0.0,0.0,0.0,0.0,0.0,0.0,0.0,0.0,8.0,2.0,1.0
2100,17.64427460000004,0,8.2444,1.9585,2.4009,1.8636,0.2008,0.0028,0.0082,0.0002,0.0401,0.0536,0.002,0.0008,0.0098,0.0001,0.0019,0.0016,0.0,0.0001,0.0082,0.0012,0.0005,0.0,0.0033,0.0949,0.022,0.0,0.0123,0.0,155.0,0.0,92.0,63.0,84.0,0.0,0.0,0.0,0.0,0.0,0.0,0.0,0.0,0.0,0.0,0.0,0.0,0.0,0.0,0.0,0.0,0.0,0.0,8.0,2.0,1.0
2101,17.652519000000037,0,8.3235,1.9043,2.2765,1.7845,0.2086,0.0031,0.0087,0.0002,0.0311,0.0455,0.0023,0.0012,0.0111,0.0001,0.0014,0.0018,0.0,0.0001,0.0082,0.0012,0.0009,0.0002,0.0046,0.0909,0.0228,0.0,0.0135,0.0,155.0,0.0,92.0,63.0,84.0,0.0,0.0,0.0,0.0,0.0,0.0,0.0,0.0,0.0,0.0,0.0,0.0,0.0,0.0,0.0,0.0,0.0,0.0,8.0,2.0,1.0
2102,17.660842500000037,0,8.1851,1.8934,2.2947,1.8075,0.2039,0.0038,0.0112,0.0002,0.0297,0.0473,0.0022,0.0008,0.0124,0.0002,0.0013,0.0018,0.0001,0.0001,0.0077,0.0011,0.0004,0.0001,0.0031,0.0902,0.0255,0.0,0.0142,0.0,155.0,0.0,92.0,63.0,84.0,0.0,0.0,0.0,0.0,0.0,0.0,0.0,0.0,0.0,0.0,0.0,0.0,0.0,0.0,0.0,0.0,0.0,0.0,8.0,2.0,1.0
2103,17.669027600000035,0,8.5495,1.7984,2.2235,1.7438,0.1935,0.0027,0.0081,0.0001,0.0378,0.0518,0.0025,0.0006,0.0098,0.0001,0.0013,0.0016,0.0001,0.0001,0.0083,0.0012,0.0009,0.0001,0.0032,0.0914,0.0201,0.0,0.0139,0.0,155.0,0.0,92.0,63.0,84.0,0.0,0.0,0.0,0.0,0.0,0.0,0.0,0.0,0.0,0.0,0.0,0.0,0.0,0.0,0.0,0.0,0.0,0.0,8.0,2.0,1.0
2104,17.677577100000036,0,8.0818,1.8863,2.2982,1.7567,0.2037,0.0034,0.0074,0.0002,0.0451,0.0592,0.0025,0.0008,0.0096,0.0001,0.0018,0.0015,0.0001,0.0001,0.0083,0.0011,0.0004,0.0001,0.0036,0.1001,0.0211,0.0,0.0137,0.0,155.0,0.0,92.0,63.0,84.0,0.0,0.0,0.0,0.0,0.0,0.0,0.0,0.0,0.0,0.0,0.0,0.0,0.0,0.0,0.0,0.0,0.0,0.0,8.0,2.0,1.0
2105,17.685658900000035,0,8.3127,2.0085,2.1021,1.7796,0.1836,0.0029,0.0081,0.0001,0.0324,0.0457,0.0022,0.0007,0.0093,0.0001,0.0013,0.0016,0.0004,0.0001,0.0077,0.0012,0.0005,0.0,0.0035,0.0852,0.0211,0.0,0.0137,0.0,155.0,0.0,92.0,63.0,84.0,0.0,0.0,0.0,0.0,0.0,0.0,0.0,0.0,0.0,0.0,0.0,0.0,0.0,0.0,0.0,0.0,0.0,0.0,8.0,2.0,1.0
2106,17.693971600000037,0,8.4386,1.9035,2.1727,1.8626,0.1938,0.0025,0.0085,0.0002,0.0386,0.0516,0.002,0.0007,0.0112,0.0002,0.002,0.0014,0.0001,0.0001,0.0079,0.0012,0.0005,0.0,0.003,0.0939,0.0199,0.0,0.0125,0.0,155.0,0.0,92.0,63.0,84.0,0.0,0.0,0.0,0.0,0.0,0.0,0.0,0.0,0.0,0.0,0.0,0.0,0.0,0.0,0.0,0.0,0.0,0.0,8.0,2.0,1.0
2107,17.70241020000004,0,8.2599,1.8267,2.2189,1.8416,0.1965,0.0035,0.01,0.0002,0.0318,0.0479,0.0023,0.0009,0.0121,0.0001,0.0013,0.002,0.0,0.0002,0.0082,0.0018,0.0005,0.0001,0.0036,0.0926,0.0208,0.0,0.0128,0.0,155.0,0.0,92.0,63.0,84.0,0.0,0.0,0.0,0.0,0.0,0.0,0.0,0.0,0.0,0.0,0.0,0.0,0.0,0.0,0.0,0.0,0.0,0.0,8.0,2.0,1.0
2108,17.710670100000037,0,8.3076,1.9135,2.1316,1.9168,0.1812,0.0026,0.0074,0.0002,0.0392,0.0514,0.0017,0.0011,0.0088,0.0001,0.0012,0.0018,0.0001,0.0001,0.0076,0.0011,0.0004,0.0,0.0031,0.0886,0.0206,0.0,0.0131,0.0,155.0,0.0,92.0,63.0,84.0,0.0,0.0,0.0,0.0,0.0,0.0,0.0,0.0,0.0,0.0,0.0,0.0,0.0,0.0,0.0,0.0,0.0,0.0,8.0,2.0,1.0
2109,17.718977700000035,0,8.356,1.8093,2.0862,1.7594,0.2054,0.0032,0.009,0.0002,0.0366,0.0509,0.0022,0.0008,0.0108,0.0001,0.0013,0.0017,0.0001,0.0001,0.0078,0.0017,0.0006,0.0,0.0038,0.0938,0.0234,0.0001,0.013,0.0,155.0,0.0,92.0,63.0,84.0,0.0,0.0,0.0,0.0,0.0,0.0,0.0,0.0,0.0,0.0,0.0,0.0,0.0,0.0,0.0,0.0,0.0,0.0,8.0,2.0,1.0
2110,17.727333700000035,0,8.4061,1.7897,2.3122,1.8292,0.1942,0.0028,0.008,0.0002,0.0413,0.0549,0.0023,0.0008,0.0105,0.0001,0.0014,0.002,0.0,0.0001,0.0078,0.0011,0.0011,0.0001,0.0033,0.0962,0.0191,0.0001,0.0124,0.0,155.0,0.0,92.0,63.0,84.0,0.0,0.0,0.0,0.0,0.0,0.0,0.0,0.0,0.0,0.0,0.0,0.0,0.0,0.0,0.0,0.0,0.0,0.0,8.0,2.0,1.0
2111,17.735739800000033,0,8.3657,1.8751,2.1659,2.0425,0.1899,0.0027,0.0079,0.0002,0.0347,0.0476,0.0024,0.0006,0.0092,0.0002,0.0013,0.0015,0.0,0.0001,0.0079,0.0011,0.0004,0.0,0.003,0.0856,0.021,0.0001,0.0144,0.0,155.0,0.0,92.0,63.0,84.0,0.0,0.0,0.0,0.0,0.0,0.0,0.0,0.0,0.0,0.0,0.0,0.0,0.0,0.0,0.0,0.0,0.0,0.0,8.0,2.0,1.0
2112,17.744105500000032,0,8.1995,1.9352,2.1628,1.9171,0.1895,0.0027,0.008,0.0002,0.0381,0.0509,0.0024,0.0005,0.009,0.0002,0.0018,0.0014,0.0002,0.0001,0.0084,0.0012,0.0004,0.0,0.003,0.0933,0.0199,0.0,0.0127,0.0,155.0,0.0,92.0,63.0,82.0,0.0,0.0,0.0,0.0,0.0,0.0,0.0,0.0,0.0,0.0,0.0,0.0,0.0,0.0,0.0,0.0,0.0,0.0,8.0,2.0,1.0
2113,17.75230500000003,0,8.286,1.9521,2.1053,1.8554,0.1779,0.0033,0.0079,0.0008,0.0325,0.0462,0.0019,0.0007,0.009,0.0001,0.0012,0.002,0.0001,0.0001,0.0074,0.0011,0.0004,0.0,0.0031,0.0827,0.0218,0.0,0.0122,0.0,155.0,0.0,92.0,63.0,82.0,0.0,0.0,0.0,0.0,0.0,0.0,0.0,0.0,0.0,0.0,0.0,0.0,0.0,0.0,0.0,0.0,0.0,0.0,8.0,2.0,1.0
2114,17.76059100000003,0,8.4333,1.8861,2.1395,1.7806,0.2198,0.0042,0.0095,0.0002,0.0403,0.0571,0.0022,0.0008,0.0111,0.0001,0.0018,0.0014,0.0,0.0001,0.0073,0.0016,0.0004,0.0001,0.0031,0.1007,0.0218,0.0,0.0127,0.0,155.0,0.0,92.0,63.0,80.0,0.0,0.0,0.0,0.0,0.0,0.0,0.0,0.0,0.0,0.0,0.0,0.0,0.0,0.0,0.0,0.0,0.0,0.0,8.0,2.0,1.0
2115,17.76902430000003,0,8.2662,1.9589,2.1892,1.9367,0.1993,0.0031,0.0046,0.0002,0.0413,0.0512,0.0021,0.0007,0.0118,0.0002,0.0014,0.0017,0.0001,0.0002,0.0078,0.0011,0.0004,0.0001,0.0031,0.0935,0.0212,0.0,0.0116,0.0,155.0,0.0,92.0,63.0,80.0,0.0,0.0,0.0,0.0,0.0,0.0,0.0,0.0,0.0,0.0,0.0,0.0,0.0,0.0,0.0,0.0,0.0,0.0,8.0,2.0,1.0
2116,17.77729050000003,0,8.4104,1.8699,2.0619,1.8668,0.2097,0.004,0.0055,0.0002,0.0468,0.0589,0.0025,0.0007,0.0096,0.0001,0.0014,0.002,0.0002,0.0001,0.0081,0.0024,0.0003,0.0,0.0035,0.1024,0.0217,0.0001,0.0135,0.0,155.0,0.0,92.0,63.0,80.0,0.0,0.0,0.0,0.0,0.0,0.0,0.0,0.0,0.0,0.0,0.0,0.0,0.0,0.0,0.0,0.0,0.0,0.0,8.0,2.0,1.0
2117,17.78570090000003,0,8.2487,1.8056,2.1257,1.8091,0.2081,0.0029,0.0063,0.0002,0.0342,0.0458,0.0023,0.0008,0.0092,0.0001,0.0016,0.0022,0.0001,0.0002,0.0103,0.0016,0.0005,0.0,0.0056,0.097,0.0232,0.0001,0.011,0.0,155.0,0.0,92.0,63.0,80.0,0.0,0.0,0.0,0.0,0.0,0.0,0.0,0.0,0.0,0.0,0.0,0.0,0.0,0.0,0.0,0.0,0.0,0.0,8.0,2.0,1.0
2118,17.79394960000003,0,8.4197,1.9096,2.147,1.8186,0.2063,0.003,0.0051,0.0002,0.0505,0.0611,0.0021,0.0007,0.0099,0.0001,0.0019,0.0016,0.0,0.0001,0.0074,0.0011,0.0005,0.0,0.0035,0.1029,0.024,0.0,0.0116,0.0,155.0,0.0,92.0,63.0,80.0,0.0,0.0,0.0,0.0,0.0,0.0,0.0,0.0,0.0,0.0,0.0,0.0,0.0,0.0,0.0,0.0,0.0,0.0,8.0,2.0,1.0
2119,17.80236930000003,0,8.3801,1.8079,2.2902,1.8188,0.2572,0.0025,0.0047,0.0002,0.1177,0.1273,0.0024,0.0008,0.008,0.0001,0.0014,0.0013,0.0001,0.0002,0.0077,0.0016,0.0004,0.0001,0.0033,0.163,0.0196,0.0,0.0112,0.0,155.0,0.0,92.0,63.0,80.0,0.0,0.0,0.0,0.0,0.0,0.0,0.0,0.0,0.0,0.0,0.0,0.0,0.0,0.0,0.0,0.0,0.0,0.0,8.0,2.0,1.0
2120,17.81074940000003,0,8.1295,1.9961,2.0178,1.7303,0.188,0.0024,0.0063,0.0002,0.0445,0.0553,0.0024,0.0007,0.0097,0.0002,0.0014,0.0014,0.0001,0.0001,0.0079,0.0013,0.0005,0.0001,0.0035,0.0958,0.021,0.0,0.0123,0.0,155.0,0.0,92.0,63.0,80.0,0.0,0.0,0.0,0.0,0.0,0.0,0.0,0.0,0.0,0.0,0.0,0.0,0.0,0.0,0.0,0.0,0.0,0.0,8.0,2.0,1.0
2121,17.81887890000003,0,8.4124,1.8873,2.1038,1.8719,0.2689,0.0026,0.0047,0.0003,0.0348,0.0448,0.0023,0.0006,0.0097,0.0002,0.0013,0.0016,0.0001,0.0001,0.008,0.0017,0.0004,0.0,0.003,0.0844,0.1101,0.0001,0.0115,0.0,155.0,0.0,92.0,63.0,80.0,0.0,0.0,0.0,0.0,0.0,0.0,0.0,0.0,0.0,0.0,0.0,0.0,0.0,0.0,0.0,0.0,0.0,0.0,8.0,2.0,1.0
2122,17.82729130000003,0,8.2999,1.8195,2.1027,1.7326,0.2001,0.0028,0.0066,0.0002,0.0394,0.0512,0.0019,0.0007,0.0107,0.0001,0.0013,0.0016,0.0,0.0001,0.0076,0.0011,0.0008,0.0,0.0031,0.0908,0.0305,0.0,0.0121,0.0,155.0,0.0,92.0,63.0,80.0,0.0,0.0,0.0,0.0,0.0,0.0,0.0,0.0,0.0,0.0,0.0,0.0,0.0,0.0,0.0,0.0,0.0,0.0,8.0,2.0,1.0
2123,17.83559120000003,0,8.3024,1.7647,2.0066,1.7574,0.2048,0.0032,0.0069,0.0002,0.0401,0.0528,0.002,0.0013,0.0106,0.0002,0.0019,0.0017,0.0,0.0005,0.0083,0.0012,0.0004,0.0,0.0035,0.0954,0.0221,0.0,0.011,0.0,155.0,0.0,92.0,63.0,80.0,0.0,0.0,0.0,0.0,0.0,0.0,0.0,0.0,0.0,0.0,0.0,0.0,0.0,0.0,0.0,0.0,0.0,0.0,8.0,2.0,1.0
2124,17.843893600000033,0,8.3911,1.7556,2.1111,1.7215,0.193,0.0027,0.0046,0.0002,0.0498,0.0594,0.0021,0.0006,0.0098,0.0001,0.0015,0.0018,0.0001,0.0002,0.0075,0.0011,0.0008,0.0,0.003,0.098,0.0201,0.0,0.0116,0.0,155.0,0.0,92.0,63.0,80.0,0.0,0.0,0.0,0.0,0.0,0.0,0.0,0.0,0.0,0.0,0.0,0.0,0.0,0.0,0.0,0.0,0.0,0.0,8.0,2.0,1.0
2125,17.852284700000034,0,8.2428,1.7383,1.9781,1.7431,0.1777,0.0026,0.0068,0.0001,0.0298,0.0416,0.0021,0.0007,0.0097,0.0002,0.0014,0.0013,0.0001,0.0001,0.0078,0.0015,0.0004,0.0001,0.0037,0.0821,0.0203,0.0,0.0133,0.0,155.0,0.0,92.0,63.0,82.0,0.0,0.0,0.0,0.0,0.0,0.0,0.0,0.0,0.0,0.0,0.0,0.0,0.0,0.0,0.0,0.0,0.0,0.0,8.0,2.0,1.0
2126,17.860527500000035,0,8.4614,1.8649,2.1293,1.7588,0.1838,0.0025,0.0074,0.0001,0.0388,0.0511,0.0025,0.0008,0.0095,0.0001,0.0011,0.0012,0.0001,0.0001,0.0068,0.0013,0.0004,0.0,0.0031,0.0887,0.0182,0.0,0.0127,0.0,155.0,0.0,92.0,63.0,82.0,0.0,0.0,0.0,0.0,0.0,0.0,0.0,0.0,0.0,0.0,0.0,0.0,0.0,0.0,0.0,0.0,0.0,0.0,8.0,2.0,1.0
2127,17.868988900000037,0,8.2835,1.8675,2.0862,1.8495,0.1869,0.0025,0.0079,0.0002,0.0368,0.0496,0.0023,0.0008,0.0103,0.0002,0.0018,0.0015,0.0001,0.0007,0.0078,0.0011,0.0004,0.0001,0.0035,0.0886,0.0225,0.0,0.0139,0.0,155.0,0.0,92.0,63.0,82.0,0.0,0.0,0.0,0.0,0.0,0.0,0.0,0.0,0.0,0.0,0.0,0.0,0.0,0.0,0.0,0.0,0.0,0.0,8.0,2.0,1.0
2128,17.877272400000038,0,8.4213,1.7059,2.191,1.7242,0.2039,0.0011,0.0066,0.0001,0.054,0.0645,0.0027,0.0007,0.0097,0.0001,0.0013,0.0014,0.0001,0.0002,0.0078,0.0011,0.0004,0.0,0.0033,0.1035,0.0206,0.0,0.0132,0.0,155.0,0.0,92.0,63.0,82.0,0.0,0.0,0.0,0.0,0.0,0.0,0.0,0.0,0.0,0.0,0.0,0.0,0.0,0.0,0.0,0.0,0.0,0.0,8.0,2.0,1.0
2129,17.885693700000036,0,8.2307,1.8012,2.0581,1.7584,0.2017,0.0032,0.0085,0.0002,0.0349,0.0493,0.0023,0.0007,0.0113,0.0001,0.002,0.0016,0.0001,0.0006,0.0083,0.0013,0.0004,0.0,0.0037,0.093,0.0213,0.0,0.0133,0.0,155.0,0.0,92.0,63.0,82.0,0.0,0.0,0.0,0.0,0.0,0.0,0.0,0.0,0.0,0.0,0.0,0.0,0.0,0.0,0.0,0.0,0.0,0.0,8.0,2.0,1.0
2130,17.893924400000035,0,8.489,1.8541,2.1961,1.7993,0.2033,0.0032,0.008,0.0002,0.0404,0.0543,0.0019,0.0012,0.0106,0.0002,0.0019,0.0016,0.0001,0.0002,0.0078,0.0011,0.0005,0.0001,0.0034,0.0958,0.024,0.0,0.0126,0.0,155.0,0.0,92.0,63.0,82.0,0.0,0.0,0.0,0.0,0.0,0.0,0.0,0.0,0.0,0.0,0.0,0.0,0.0,0.0,0.0,0.0,0.0,0.0,8.0,2.0,1.0
2131,17.902413400000036,0,8.3332,1.7828,2.23,1.8216,0.2953,0.0077,0.007,0.0003,0.0554,0.0728,0.004,0.0014,0.0176,0.0003,0.0026,0.002,0.0001,0.0001,0.0114,0.0017,0.0006,0.0002,0.0075,0.1416,0.0392,0.0,0.0122,0.0,155.0,0.0,92.0,63.0,84.0,0.0,0.0,0.0,0.0,0.0,0.0,0.0,0.0,0.0,0.0,0.0,0.0,0.0,0.0,0.0,0.0,0.0,0.0,8.0,2.0,1.0
2132,17.910746600000035,0,8.3835,1.8632,2.2906,1.8431,0.3074,0.0029,0.0063,0.0002,0.0703,0.0814,0.0021,0.0009,0.0097,0.0001,0.0014,0.0018,0.0001,0.0001,0.0083,0.0017,0.0005,0.0002,0.0031,0.1222,0.1057,0.0,0.0132,0.0,155.0,0.0,92.0,63.0,84.0,0.0,0.0,0.0,0.0,0.0,0.0,0.0,0.0,0.0,0.0,0.0,0.0,0.0,0.0,0.0,0.0,0.0,0.0,8.0,2.0,1.0
2133,17.919130100000036,0,8.2453,1.8165,2.2081,1.7474,0.2171,0.0029,0.0079,0.0001,0.0357,0.0499,0.0024,0.0008,0.0127,0.0001,0.0017,0.0023,0.0001,0.0002,0.0112,0.0014,0.0004,0.0,0.0048,0.1028,0.0245,0.0001,0.0134,0.0,155.0,0.0,92.0,63.0,84.0,0.0,0.0,0.0,0.0,0.0,0.0,0.0,0.0,0.0,0.0,0.0,0.0,0.0,0.0,0.0,0.0,0.0,0.0,8.0,2.0,1.0
2134,17.927375400000034,0,8.3552,1.7917,2.2309,1.7758,0.2768,0.0032,0.0079,0.0001,0.0378,0.0514,0.0019,0.0007,0.0098,0.0001,0.0013,0.002,0.0001,0.0002,0.0081,0.0017,0.0004,0.0001,0.0032,0.0906,0.0194,0.0,0.0146,0.0,155.0,0.0,92.0,63.0,84.0,0.0,0.0,0.0,0.0,0.0,0.0,0.0,0.0,0.0,0.0,0.0,0.0,0.0,0.0,0.0,0.0,0.0,0.0,8.0,2.0,1.0
2135,17.935730600000035,0,8.3016,1.7686,2.1599,1.8122,0.2944,0.004,0.0084,0.0002,0.0304,0.0455,0.0022,0.0006,0.0099,0.0001,0.0013,0.0019,0.0,0.0001,0.0085,0.0018,0.0004,0.0001,0.0037,0.0889,0.0226,0.0,0.0131,0.0,155.0,0.0,92.0,63.0,84.0,0.0,0.0,0.0,0.0,0.0,0.0,0.0,0.0,0.0,0.0,0.0,0.0,0.0,0.0,0.0,0.0,0.0,0.0,8.0,2.0,1.0
2136,17.944032200000034,0,8.2457,1.7608,2.0935,1.7699,0.1866,0.0025,0.0073,0.0002,0.0377,0.0498,0.002,0.0006,0.0092,0.0001,0.0018,0.0014,0.0,0.0001,0.0077,0.0015,0.0004,0.0,0.0036,0.0885,0.0244,0.0001,0.0135,0.0,155.0,0.0,92.0,63.0,84.0,0.0,0.0,0.0,0.0,0.0,0.0,0.0,0.0,0.0,0.0,0.0,0.0,0.0,0.0,0.0,0.0,0.0,0.0,8.0,2.0,1.0
2137,17.952277900000034,0,8.3301,1.9066,2.0327,1.7043,0.1807,0.0026,0.0084,0.0001,0.0317,0.0446,0.0018,0.0008,0.0074,0.0001,0.0014,0.0019,0.0,0.0001,0.0078,0.0011,0.0009,0.0001,0.0032,0.0814,0.0234,0.0001,0.0124,0.0,155.0,0.0,92.0,63.0,86.0,0.0,0.0,0.0,0.0,0.0,0.0,0.0,0.0,0.0,0.0,0.0,0.0,0.0,0.0,0.0,0.0,0.0,0.0,8.0,2.0,1.0
2138,17.960608000000033,0,8.3925,1.8194,2.1806,1.7573,0.275,0.0044,0.013,0.0002,0.056,0.0764,0.0034,0.0009,0.0141,0.0002,0.002,0.002,0.0001,0.0001,0.009,0.0014,0.0005,0.0001,0.0071,0.1341,0.0372,0.0,0.0124,0.0,155.0,0.0,92.0,63.0,86.0,0.0,0.0,0.0,0.0,0.0,0.0,0.0,0.0,0.0,0.0,0.0,0.0,0.0,0.0,0.0,0.0,0.0,0.0,8.0,2.0,1.0
2139,17.969000500000032,0,8.2294,1.8877,2.0758,1.7412,0.1828,0.0033,0.0077,0.0002,0.0314,0.0448,0.0019,0.001,0.0094,0.0001,0.0015,0.0021,0.0001,0.0001,0.0079,0.0012,0.001,0.0001,0.0033,0.084,0.0218,0.0,0.013,0.0,155.0,0.0,92.0,63.0,86.0,0.0,0.0,0.0,0.0,0.0,0.0,0.0,0.0,0.0,0.0,0.0,0.0,0.0,0.0,0.0,0.0,0.0,0.0,8.0,2.0,1.0
2140,17.977229900000033,0,8.3977,1.8986,2.0895,1.7531,0.2005,0.0034,0.0102,0.0002,0.0414,0.0579,0.0023,0.0009,0.0112,0.0001,0.0017,0.0014,0.0001,0.0001,0.0088,0.0013,0.0005,0.0001,0.0037,0.1024,0.0223,0.0001,0.0138,0.0,155.0,0.0,92.0,63.0,86.0,0.0,0.0,0.0,0.0,0.0,0.0,0.0,0.0,0.0,0.0,0.0,0.0,0.0,0.0,0.0,0.0,0.0,0.0,8.0,2.0,1.0
2141,17.985627600000033,0,8.3121,1.8077,2.0652,1.7834,0.1936,0.003,0.0079,0.0002,0.0337,0.0469,0.0019,0.0006,0.0092,0.0002,0.0017,0.0016,0.0001,0.0001,0.0076,0.0013,0.0005,0.0001,0.0034,0.0849,0.0314,0.0001,0.0143,0.0,155.0,0.0,92.0,63.0,86.0,0.0,0.0,0.0,0.0,0.0,0.0,0.0,0.0,0.0,0.0,0.0,0.0,0.0,0.0,0.0,0.0,0.0,0.0,8.0,2.0,1.0
2142,17.993939700000034,0,8.4245,1.7473,2.2264,1.7921,0.2778,0.0034,0.0083,0.0002,0.0404,0.0547,0.0021,0.0007,0.0091,0.0001,0.0013,0.0013,0.0001,0.0001,0.0071,0.0011,0.0008,0.0,0.0032,0.0961,0.0218,0.0,0.0124,0.0,155.0,0.0,92.0,63.0,86.0,0.0,0.0,0.0,0.0,0.0,0.0,0.0,0.0,0.0,0.0,0.0,0.0,0.0,0.0,0.0,0.0,0.0,0.0,8.0,2.0,1.0
2143,18.002364200000034,0,8.2463,1.7743,1.9939,1.7545,0.1773,0.0025,0.0085,0.0002,0.029,0.042,0.0021,0.0006,0.0089,0.0002,0.0013,0.0013,0.0001,0.0001,0.0071,0.0011,0.0003,0.0,0.0032,0.0787,0.023,0.0001,0.0141,0.0,155.0,0.0,92.0,63.0,86.0,0.0,0.0,0.0,0.0,0.0,0.0,0.0,0.0,0.0,0.0,0.0,0.0,0.0,0.0,0.0,0.0,0.0,0.0,8.0,2.0,1.0
2144,18.010610500000034,0,8.3669,1.83,2.1846,1.752,0.2713,0.0036,0.0076,0.0001,0.0407,0.0542,0.0021,0.0006,0.0101,0.0002,0.0011,0.0018,0.0,0.0001,0.0072,0.0011,0.0005,0.0,0.0031,0.0923,0.0211,0.0001,0.013,0.0,155.0,0.0,92.0,63.0,86.0,0.0,0.0,0.0,0.0,0.0,0.0,0.0,0.0,0.0,0.0,0.0,0.0,0.0,0.0,0.0,0.0,0.0,0.0,8.0,2.0,1.0
2145,18.018977400000033,0,8.2395,1.9505,2.0586,1.8062,0.1807,0.0038,0.0066,0.0002,0.033,0.0454,0.0021,0.0008,0.0077,0.0002,0.0014,0.0021,0.0,0.0001,0.0075,0.0012,0.0007,0.0,0.0031,0.0823,0.0211,0.0001,0.0138,0.0,155.0,0.0,92.0,63.0,86.0,0.0,0.0,0.0,0.0,0.0,0.0,0.0,0.0,0.0,0.0,0.0,0.0,0.0,0.0,0.0,0.0,0.0,0.0,8.0,2.0,1.0
2146,18.02721690000003,0,8.4925,1.7677,2.1269,1.7426,0.1959,0.0028,0.0086,0.0002,0.0406,0.0548,0.002,0.0007,0.0088,0.0001,0.0017,0.0014,0.0001,0.0001,0.0075,0.0018,0.0005,0.0,0.003,0.0941,0.0214,0.0001,0.0141,0.0,155.0,0.0,92.0,63.0,86.0,0.0,0.0,0.0,0.0,0.0,0.0,0.0,0.0,0.0,0.0,0.0,0.0,0.0,0.0,0.0,0.0,0.0,0.0,8.0,2.0,1.0
2147,18.03570940000003,0,8.2963,2.1613,2.138,2.0658,0.1866,0.0028,0.0076,0.0001,0.0306,0.043,0.0018,0.0008,0.0091,0.0001,0.0014,0.0015,0.0,0.0001,0.0078,0.0012,0.0004,0.0001,0.0035,0.0849,0.0186,0.0,0.0129,0.0,155.0,0.0,92.0,63.0,86.0,0.0,0.0,0.0,0.0,0.0,0.0,0.0,0.0,0.0,0.0,0.0,0.0,0.0,0.0,0.0,0.0,0.0,0.0,8.0,2.0,1.0
2148,18.04400570000003,0,8.4033,1.8091,2.2397,1.8433,0.2161,0.0033,0.0084,0.0004,0.0463,0.0612,0.0025,0.0006,0.0113,0.0002,0.0017,0.0014,0.0001,0.0001,0.0087,0.0012,0.0004,0.0,0.0039,0.1049,0.0233,0.0,0.0127,0.0,155.0,0.0,92.0,63.0,86.0,0.0,0.0,0.0,0.0,0.0,0.0,0.0,0.0,0.0,0.0,0.0,0.0,0.0,0.0,0.0,0.0,0.0,0.0,8.0,2.0,1.0
2149,18.052409000000033,0,8.0768,1.9373,2.0194,1.9793,0.1932,0.0033,0.0069,0.0002,0.0408,0.0531,0.0024,0.0007,0.0104,0.0002,0.0013,0.0019,0.0,0.0002,0.0076,0.0012,0.0009,0.0001,0.0036,0.0938,0.0233,0.0,0.0141,0.0,155.0,0.0,92.0,63.0,86.0,0.0,0.0,0.0,0.0,0.0,0.0,0.0,0.0,0.0,0.0,0.0,0.0,0.0,0.0,0.0,0.0,0.0,0.0,8.0,2.0,1.0
2150,18.060485800000034,0,8.5677,1.8241,2.0748,1.72,0.1942,0.0041,0.0067,0.0001,0.0386,0.0517,0.0019,0.0007,0.0102,0.0001,0.0013,0.0018,0.0001,0.0001,0.0068,0.001,0.0004,0.0,0.0034,0.0904,0.0239,0.0,0.0132,0.0,155.0,0.0,92.0,63.0,86.0,0.0,0.0,0.0,0.0,0.0,0.0,0.0,0.0,0.0,0.0,0.0,0.0,0.0,0.0,0.0,0.0,0.0,0.0,8.0,2.0,1.0
2151,18.069053500000035,0,8.2668,1.8029,2.1678,1.7449,0.1978,0.0033,0.009,0.0002,0.0291,0.0437,0.003,0.0008,0.0116,0.0001,0.0013,0.0015,0.0,0.0001,0.0083,0.0014,0.0005,0.0001,0.0038,0.0877,0.0211,0.0,0.0141,0.0,155.0,0.0,92.0,63.0,86.0,0.0,0.0,0.0,0.0,0.0,0.0,0.0,0.0,0.0,0.0,0.0,0.0,0.0,0.0,0.0,0.0,0.0,0.0,8.0,2.0,1.0
2152,18.077320300000036,0,8.4441,1.8289,2.1966,1.7193,0.2036,0.0016,0.0093,0.0002,0.0416,0.055,0.0028,0.0007,0.0114,0.0001,0.0019,0.0015,0.0001,0.0001,0.008,0.0016,0.0004,0.0001,0.0032,0.0967,0.0195,0.0,0.0141,0.0,155.0,0.0,92.0,63.0,86.0,0.0,0.0,0.0,0.0,0.0,0.0,0.0,0.0,0.0,0.0,0.0,0.0,0.0,0.0,0.0,0.0,0.0,0.0,8.0,2.0,1.0
2153,18.085764400000034,0,8.1828,1.8165,2.1508,1.861,0.1849,0.0036,0.0064,0.0002,0.0354,0.0475,0.002,0.001,0.0079,0.0001,0.0013,0.0019,0.0,0.0001,0.0075,0.0012,0.0005,0.0001,0.0032,0.0849,0.0215,0.0,0.0128,0.0,155.0,0.0,92.0,63.0,86.0,0.0,0.0,0.0,0.0,0.0,0.0,0.0,0.0,0.0,0.0,0.0,0.0,0.0,0.0,0.0,0.0,0.0,0.0,8.0,2.0,1.0
2154,18.093947200000034,0,8.5509,1.7642,2.2368,1.7808,0.2017,0.0011,0.0065,0.0003,0.0452,0.0553,0.002,0.0007,0.0106,0.0001,0.0018,0.0015,0.0,0.0001,0.0081,0.0013,0.0005,0.0001,0.0033,0.0961,0.0211,0.0,0.0143,0.0,155.0,0.0,92.0,63.0,86.0,0.0,0.0,0.0,0.0,0.0,0.0,0.0,0.0,0.0,0.0,0.0,0.0,0.0,0.0,0.0,0.0,0.0,0.0,8.0,2.0,1.0
2155,18.102498100000034,0,8.3039,1.8694,2.3106,1.8443,0.1849,0.0028,0.0075,0.0003,0.0343,0.0468,0.0019,0.0006,0.0103,0.0001,0.0017,0.0015,0.0,0.0001,0.0082,0.0011,0.0005,0.0001,0.0034,0.087,0.0201,0.0,0.0141,0.0,155.0,0.0,92.0,63.0,86.0,0.0,0.0,0.0,0.0,0.0,0.0,0.0,0.0,0.0,0.0,0.0,0.0,0.0,0.0,0.0,0.0,0.0,0.0,8.0,2.0,1.0
2156,18.110802000000035,0,8.1268,1.7554,2.1102,1.6972,0.2101,0.0045,0.0088,0.0002,0.0399,0.0556,0.0021,0.0009,0.0093,0.0007,0.0011,0.0015,0.0007,0.0001,0.0087,0.0012,0.001,0.0001,0.0041,0.099,0.0234,0.0,0.0118,0.0,155.0,0.0,92.0,63.0,86.0,0.0,0.0,0.0,0.0,0.0,0.0,0.0,0.0,0.0,0.0,0.0,0.0,0.0,0.0,0.0,0.0,0.0,0.0,8.0,2.0,1.0
2157,18.118928800000035,0,8.3999,1.7124,2.0431,1.7695,0.1871,0.0029,0.0084,0.0002,0.0295,0.0429,0.0025,0.0008,0.01,0.0001,0.0012,0.0021,0.0001,0.0001,0.0083,0.0013,0.0006,0.0,0.0037,0.0847,0.021,0.0001,0.0134,0.0,155.0,0.0,92.0,63.0,86.0,0.0,0.0,0.0,0.0,0.0,0.0,0.0,0.0,0.0,0.0,0.0,0.0,0.0,0.0,0.0,0.0,0.0,0.0,8.0,2.0,1.0
2158,18.127328700000035,0,8.4379,1.7466,2.2788,1.8082,0.2127,0.0036,0.0084,0.0002,0.0428,0.0576,0.0023,0.0009,0.0112,0.0001,0.0012,0.0017,0.0,0.0001,0.0081,0.0013,0.0004,0.0001,0.0044,0.1013,0.021,0.0,0.0145,0.0,155.0,0.0,92.0,63.0,86.0,0.0,0.0,0.0,0.0,0.0,0.0,0.0,0.0,0.0,0.0,0.0,0.0,0.0,0.0,0.0,0.0,0.0,0.0,8.0,2.0,1.0
2159,18.135766600000036,0,8.0834,1.9956,2.0829,1.7636,0.1915,0.0029,0.0078,0.0002,0.0321,0.045,0.0024,0.0008,0.0114,0.0001,0.0013,0.0017,0.0001,0.0001,0.0083,0.0013,0.0004,0.0,0.0039,0.0885,0.0231,0.0,0.0137,0.0,155.0,0.0,92.0,63.0,86.0,0.0,0.0,0.0,0.0,0.0,0.0,0.0,0.0,0.0,0.0,0.0,0.0,0.0,0.0,0.0,0.0,0.0,0.0,8.0,2.0,1.0
2160,18.143850000000036,0,8.463,1.984,2.0542,1.7668,0.1922,0.0027,0.0084,0.0002,0.0392,0.0524,0.0019,0.0006,0.0089,0.0001,0.0011,0.0014,0.0,0.0001,0.0075,0.0011,0.0004,0.0001,0.0031,0.0936,0.0231,0.0,0.0134,0.0,155.0,0.0,92.0,63.0,84.0,0.0,0.0,0.0,0.0,0.0,0.0,0.0,0.0,0.0,0.0,0.0,0.0,0.0,0.0,0.0,0.0,0.0,0.0,8.0,2.0,1.0
2161,18.152313000000035,0,8.2487,1.8185,2.0654,1.7703,0.1965,0.0043,0.0087,0.0002,0.0303,0.0457,0.0021,0.0006,0.0099,0.0002,0.0018,0.0017,0.0,0.0002,0.008,0.0013,0.0004,0.0001,0.0037,0.088,0.0239,0.0001,0.0123,0.0,155.0,0.0,92.0,63.0,84.0,0.0,0.0,0.0,0.0,0.0,0.0,0.0,0.0,0.0,0.0,0.0,0.0,0.0,0.0,0.0,0.0,0.0,0.0,8.0,2.0,1.0
2162,18.160561700000034,0,8.4465,1.8733,2.1313,1.8325,0.2041,0.0024,0.0076,0.0002,0.0467,0.0589,0.0019,0.0007,0.009,0.0001,0.0018,0.0016,0.0001,0.0001,0.0076,0.0021,0.0005,0.0001,0.0031,0.1029,0.0229,0.0,0.0127,0.0,155.0,0.0,92.0,63.0,82.0,0.0,0.0,0.0,0.0,0.0,0.0,0.0,0.0,0.0,0.0,0.0,0.0,0.0,0.0,0.0,0.0,0.0,0.0,8.0,2.0,1.0
2163,18.169008200000036,0,8.4875,1.8373,2.2624,1.793,0.1981,0.0031,0.0072,0.0003,0.0349,0.0477,0.0027,0.0009,0.0117,0.0001,0.0014,0.0019,0.0001,0.0002,0.0084,0.0015,0.0005,0.0001,0.0031,0.0908,0.0226,0.0001,0.0116,0.0,155.0,0.0,92.0,63.0,82.0,0.0,0.0,0.0,0.0,0.0,0.0,0.0,0.0,0.0,0.0,0.0,0.0,0.0,0.0,0.0,0.0,0.0,0.0,8.0,2.0,1.0
2164,18.177495700000037,0,8.142,1.7877,2.1287,1.7483,0.1982,0.0034,0.0094,0.0002,0.0397,0.0556,0.0024,0.0008,0.0124,0.0002,0.0017,0.0013,0.0001,0.0001,0.0084,0.0012,0.0004,0.0001,0.0035,0.1004,0.0216,0.0001,0.0129,0.0,155.0,0.0,92.0,63.0,82.0,0.0,0.0,0.0,0.0,0.0,0.0,0.0,0.0,0.0,0.0,0.0,0.0,0.0,0.0,0.0,0.0,0.0,0.0,8.0,2.0,1.0
2165,18.185637700000036,0,8.3367,1.7769,2.105,1.711,0.1744,0.003,0.0072,0.0002,0.0295,0.0418,0.0017,0.0009,0.0089,0.0001,0.0014,0.0018,0.0001,0.0001,0.0072,0.001,0.001,0.0,0.0031,0.0797,0.0198,0.0,0.0136,0.0,155.0,0.0,92.0,63.0,82.0,0.0,0.0,0.0,0.0,0.0,0.0,0.0,0.0,0.0,0.0,0.0,0.0,0.0,0.0,0.0,0.0,0.0,0.0,8.0,2.0,1.0
2166,18.193974400000037,0,8.4225,1.7566,2.1757,1.7519,0.2506,0.0027,0.0072,0.0002,0.0509,0.0629,0.0018,0.0007,0.0088,0.0001,0.0018,0.0016,0.0001,0.0002,0.0092,0.0012,0.0004,0.0,0.0028,0.1077,0.0236,0.0001,0.0118,0.0,155.0,0.0,92.0,63.0,80.0,0.0,0.0,0.0,0.0,0.0,0.0,0.0,0.0,0.0,0.0,0.0,0.0,0.0,0.0,0.0,0.0,0.0,0.0,8.0,2.0,1.0
2167,18.20239690000004,0,8.2728,1.7649,2.1412,1.7591,0.1895,0.0042,0.0067,0.0001,0.0357,0.0493,0.0025,0.0007,0.0095,0.0002,0.0013,0.002,0.0001,0.0002,0.0078,0.0011,0.0009,0.0,0.003,0.0893,0.0217,0.0,0.0127,0.0,155.0,0.0,92.0,63.0,78.0,0.0,0.0,0.0,0.0,0.0,0.0,0.0,0.0,0.0,0.0,0.0,0.0,0.0,0.0,0.0,0.0,0.0,0.0,8.0,2.0,1.0
2168,18.21066970000004,0,8.3046,1.7994,2.1237,1.7453,0.2425,0.003,0.0068,0.0002,0.0934,0.1053,0.002,0.0007,0.0097,0.0001,0.0012,0.0013,0.0001,0.0001,0.0077,0.0016,0.0005,0.0,0.0029,0.1437,0.0229,0.0,0.0106,0.0,155.0,0.0,92.0,63.0,78.0,0.0,0.0,0.0,0.0,0.0,0.0,0.0,0.0,0.0,0.0,0.0,0.0,0.0,0.0,0.0,0.0,0.0,0.0,8.0,2.0,1.0
2169,18.21897430000004,0,8.4505,1.7872,2.1956,1.8195,0.2691,0.0035,0.0078,0.0002,0.03,0.0439,0.0022,0.0007,0.0103,0.0001,0.0014,0.0017,0.0001,0.0001,0.0079,0.0015,0.0005,0.0,0.0036,0.1694,0.0214,0.0,0.0112,0.0,155.0,0.0,92.0,63.0,78.0,0.0,0.0,0.0,0.0,0.0,0.0,0.0,0.0,0.0,0.0,0.0,0.0,0.0,0.0,0.0,0.0,0.0,0.0,8.0,2.0,1.0
2170,18.227424800000037,0,8.3266,1.8795,2.2857,1.756,0.2091,0.0027,0.0046,0.0001,0.0588,0.069,0.003,0.0007,0.0113,0.0002,0.0015,0.0016,0.0001,0.0001,0.0078,0.0013,0.0004,0.0001,0.0034,0.112,0.0227,0.0,0.01,0.0,155.0,0.0,92.0,63.0,78.0,0.0,0.0,0.0,0.0,0.0,0.0,0.0,0.0,0.0,0.0,0.0,0.0,0.0,0.0,0.0,0.0,0.0,0.0,8.0,2.0,1.0
2171,18.235751400000037,0,8.211,2.2773,2.1582,1.7913,0.1984,0.0026,0.0063,0.0001,0.0464,0.0578,0.002,0.0008,0.0112,0.0002,0.0017,0.0015,0.0001,0.0002,0.008,0.0012,0.0004,0.0001,0.0033,0.1001,0.0204,0.0001,0.0111,0.0,155.0,0.0,92.0,63.0,78.0,0.0,0.0,0.0,0.0,0.0,0.0,0.0,0.0,0.0,0.0,0.0,0.0,0.0,0.0,0.0,0.0,0.0,0.0,8.0,2.0,1.0
2172,18.243962400000036,0,8.3332,1.8455,1.9474,1.7612,0.1785,0.0024,0.0042,0.0002,0.0445,0.0529,0.0018,0.0006,0.0099,0.0001,0.0011,0.0014,0.0001,0.0001,0.0069,0.0011,0.0004,0.0,0.0028,0.0882,0.0208,0.0,0.0135,0.0,155.0,0.0,92.0,63.0,78.0,0.0,0.0,0.0,0.0,0.0,0.0,0.0,0.0,0.0,0.0,0.0,0.0,0.0,0.0,0.0,0.0,0.0,0.0,8.0,2.0,1.0
2173,18.252295600000036,0,8.2952,1.8788,2.0865,1.7391,0.1786,0.003,0.0061,0.0002,0.0325,0.044,0.0017,0.0006,0.0098,0.0002,0.0013,0.0017,0.0,0.0001,0.0082,0.0017,0.0005,0.0001,0.0031,0.0839,0.0208,0.0,0.0126,0.0,155.0,0.0,92.0,63.0,76.0,0.0,0.0,0.0,0.0,0.0,0.0,0.0,0.0,0.0,0.0,0.0,0.0,0.0,0.0,0.0,0.0,0.0,0.0,8.0,2.0,1.0
2174,18.260590800000035,0,8.3028,1.7241,2.117,1.7702,0.2115,0.0032,0.0056,0.0002,0.05,0.0611,0.0024,0.0008,0.0112,0.0001,0.0013,0.002,0.0001,0.0001,0.0076,0.0014,0.0009,0.0,0.0036,0.1054,0.0248,0.0,0.0124,0.0,155.0,0.0,92.0,63.0,76.0,0.0,0.0,0.0,0.0,0.0,0.0,0.0,0.0,0.0,0.0,0.0,0.0,0.0,0.0,0.0,0.0,0.0,0.0,8.0,2.0,1.0
2175,18.268893600000034,0,8.4062,1.919,2.0065,2.0283,0.1877,0.0029,0.007,0.0002,0.035,0.0471,0.002,0.0008,0.0104,0.0001,0.0013,0.0018,0.0001,0.0001,0.0077,0.0012,0.0005,0.0,0.003,0.0858,0.023,0.0,0.0106,0.0,155.0,0.0,92.0,63.0,76.0,0.0,0.0,0.0,0.0,0.0,0.0,0.0,0.0,0.0,0.0,0.0,0.0,0.0,0.0,0.0,0.0,0.0,0.0,8.0,2.0,1.0
2176,18.277299800000034,0,8.2989,2.2922,2.1388,1.8185,0.2464,0.0025,0.0049,0.0002,0.1024,0.112,0.0021,0.0006,0.0094,0.0001,0.0012,0.0017,0.0001,0.0002,0.0074,0.0011,0.0004,0.0001,0.0028,0.1493,0.0233,0.0,0.0125,0.0,155.0,0.0,92.0,63.0,76.0,0.0,0.0,0.0,0.0,0.0,0.0,0.0,0.0,0.0,0.0,0.0,0.0,0.0,0.0,0.0,0.0,0.0,0.0,8.0,2.0,1.0
2177,18.285598700000033,0,8.3203,1.8402,2.0209,1.7624,0.1999,0.003,0.0059,0.0002,0.0366,0.0487,0.0022,0.0009,0.012,0.0001,0.0014,0.002,0.0001,0.0001,0.0081,0.0016,0.0004,0.0001,0.0036,0.0934,0.0217,0.0,0.012,0.0,155.0,0.0,92.0,63.0,76.0,0.0,0.0,0.0,0.0,0.0,0.0,0.0,0.0,0.0,0.0,0.0,0.0,0.0,0.0,0.0,0.0,0.0,0.0,8.0,2.0,1.0
2178,18.293919000000034,0,8.391,1.9347,2.1499,1.7887,0.229,0.0028,0.0065,0.0001,0.0396,0.0512,0.0022,0.0008,0.0102,0.0002,0.0012,0.002,0.0001,0.0001,0.0075,0.0011,0.0004,0.0001,0.0031,0.0911,0.0255,0.0,0.0098,0.0,155.0,0.0,92.0,63.0,76.0,0.0,0.0,0.0,0.0,0.0,0.0,0.0,0.0,0.0,0.0,0.0,0.0,0.0,0.0,0.0,0.0,0.0,0.0,8.0,2.0,1.0
2179,18.302310000000034,0,8.1801,1.8479,1.9546,1.8646,0.1735,0.0026,0.0059,0.0002,0.0293,0.0403,0.0018,0.0007,0.0088,0.0001,0.0014,0.0015,0.0001,0.0001,0.0078,0.0018,0.0005,0.0001,0.0031,0.0772,0.0233,0.0001,0.0118,0.0,155.0,0.0,92.0,63.0,76.0,0.0,0.0,0.0,0.0,0.0,0.0,0.0,0.0,0.0,0.0,0.0,0.0,0.0,0.0,0.0,0.0,0.0,0.0,8.0,2.0,1.0
2180,18.310490100000035,0,8.4961,1.7992,2.1049,1.7626,0.2043,0.0034,0.0057,0.0002,0.0483,0.0598,0.0028,0.0007,0.0115,0.0001,0.0013,0.0019,0.0001,0.0001,0.0076,0.0013,0.0009,0.0001,0.0029,0.1007,0.0204,0.0,0.0115,0.0,155.0,0.0,92.0,63.0,76.0,0.0,0.0,0.0,0.0,0.0,0.0,0.0,0.0,0.0,0.0,0.0,0.0,0.0,0.0,0.0,0.0,0.0,0.0,8.0,2.0,1.0
2181,18.318986200000033,0,8.2953,1.7593,2.0697,1.7288,0.1803,0.0027,0.0046,0.0002,0.0349,0.0444,0.0022,0.0006,0.0107,0.0002,0.0015,0.0015,0.0,0.0001,0.0073,0.0012,0.0004,0.0,0.0031,0.0833,0.0228,0.0,0.0107,0.0,155.0,0.0,92.0,63.0,76.0,0.0,0.0,0.0,0.0,0.0,0.0,0.0,0.0,0.0,0.0,0.0,0.0,0.0,0.0,0.0,0.0,0.0,0.0,8.0,2.0,1.0
2182,18.327281500000034,0,8.3304,1.7467,2.0821,1.7236,0.1909,0.0028,0.0057,0.0002,0.0409,0.0523,0.002,0.0008,0.0098,0.0002,0.0014,0.0015,0.0002,0.0001,0.007,0.0011,0.0005,0.0001,0.003,0.091,0.0219,0.0,0.0109,0.0,155.0,0.0,92.0,63.0,76.0,0.0,0.0,0.0,0.0,0.0,0.0,0.0,0.0,0.0,0.0,0.0,0.0,0.0,0.0,0.0,0.0,0.0,0.0,8.0,2.0,1.0
2183,18.335611900000032,0,8.2761,1.7471,2.0126,1.7179,0.1924,0.0027,0.0044,0.0002,0.0397,0.0488,0.0023,0.0012,0.0113,0.0001,0.0019,0.0015,0.0001,0.0003,0.0093,0.0019,0.0005,0.0,0.0041,0.0937,0.0219,0.0001,0.012,0.0,155.0,0.0,92.0,63.0,78.0,0.0,0.0,0.0,0.0,0.0,0.0,0.0,0.0,0.0,0.0,0.0,0.0,0.0,0.0,0.0,0.0,0.0,0.0,8.0,2.0,1.0
2184,18.34388800000003,0,8.4074,1.7308,2.0652,1.6727,0.1993,0.0047,0.0051,0.0002,0.0521,0.0638,0.0022,0.0006,0.0082,0.0001,0.0013,0.0018,0.0,0.0001,0.0076,0.0011,0.0008,0.0001,0.0028,0.102,0.022,0.0,0.0119,0.0,155.0,0.0,92.0,63.0,76.0,0.0,0.0,0.0,0.0,0.0,0.0,0.0,0.0,0.0,0.0,0.0,0.0,0.0,0.0,0.0,0.0,0.0,0.0,8.0,2.0,1.0
2185,18.35229540000003,0,8.2168,1.8536,2.0709,1.836,0.1897,0.0028,0.005,0.0001,0.0419,0.052,0.0023,0.0008,0.0112,0.0002,0.0014,0.0015,0.0,0.0001,0.0075,0.0016,0.0004,0.0002,0.0031,0.0913,0.0214,0.0,0.0118,0.0,155.0,0.0,92.0,63.0,78.0,0.0,0.0,0.0,0.0,0.0,0.0,0.0,0.0,0.0,0.0,0.0,0.0,0.0,0.0,0.0,0.0,0.0,0.0,8.0,2.0,1.0
2186,18.36051220000003,0,8.5169,1.7466,2.131,1.7822,0.2145,0.0034,0.0076,0.0003,0.0466,0.0605,0.0025,0.0014,0.0117,0.0001,0.0017,0.0016,0.0001,0.0003,0.0079,0.0012,0.0005,0.0001,0.0038,0.104,0.0222,0.0001,0.0117,0.0,155.0,0.0,92.0,63.0,78.0,0.0,0.0,0.0,0.0,0.0,0.0,0.0,0.0,0.0,0.0,0.0,0.0,0.0,0.0,0.0,0.0,0.0,0.0,8.0,2.0,1.0
2187,18.36902910000003,0,8.0701,1.9277,1.9644,1.705,0.1857,0.0025,0.0057,0.0002,0.0347,0.0453,0.0026,0.0008,0.009,0.0001,0.0018,0.0016,0.0001,0.0002,0.0083,0.0012,0.0005,0.0001,0.0035,0.0886,0.0234,0.0,0.0111,0.0,155.0,0.0,92.0,63.0,78.0,0.0,0.0,0.0,0.0,0.0,0.0,0.0,0.0,0.0,0.0,0.0,0.0,0.0,0.0,0.0,0.0,0.0,0.0,8.0,2.0,1.0
2188,18.377099200000032,0,8.6024,1.8803,2.0478,1.7237,0.2002,0.0027,0.0056,0.0002,0.0469,0.0578,0.0021,0.0008,0.0109,0.0001,0.0018,0.0014,0.0001,0.0001,0.0075,0.0011,0.0005,0.0001,0.0034,0.0996,0.0219,0.0,0.0106,0.0,155.0,0.0,92.0,63.0,78.0,0.0,0.0,0.0,0.0,0.0,0.0,0.0,0.0,0.0,0.0,0.0,0.0,0.0,0.0,0.0,0.0,0.0,0.0,8.0,2.0,1.0
2189,18.385701600000033,0,8.1824,1.9117,2.1233,1.8471,0.1833,0.0028,0.0051,0.0004,0.0344,0.0446,0.002,0.0007,0.0101,0.0001,0.0016,0.0016,0.0,0.0001,0.0077,0.0018,0.0004,0.0,0.003,0.0846,0.0218,0.0001,0.0132,0.0,155.0,0.0,92.0,63.0,78.0,0.0,0.0,0.0,0.0,0.0,0.0,0.0,0.0,0.0,0.0,0.0,0.0,0.0,0.0,0.0,0.0,0.0,0.0,8.0,2.0,1.0
2190,18.393884000000032,0,8.4247,1.8338,2.0345,1.7528,0.1991,0.0026,0.0052,0.0002,0.0454,0.0552,0.0022,0.0008,0.0086,0.0001,0.0014,0.0015,0.0,0.0001,0.008,0.0011,0.0004,0.0001,0.0029,0.0912,0.0307,0.0,0.0121,0.0,155.0,0.0,92.0,63.0,80.0,0.0,0.0,0.0,0.0,0.0,0.0,0.0,0.0,0.0,0.0,0.0,0.0,0.0,0.0,0.0,0.0,0.0,0.0,8.0,2.0,1.0
2191,18.40230870000003,0,8.2546,1.8114,2.0785,1.7952,0.2002,0.004,0.0054,0.0002,0.0371,0.0492,0.0031,0.0009,0.0123,0.0002,0.0016,0.0024,0.0001,0.0002,0.0085,0.0017,0.0005,0.0001,0.0038,0.0964,0.0231,0.0,0.0122,0.0,155.0,0.0,92.0,63.0,80.0,0.0,0.0,0.0,0.0,0.0,0.0,0.0,0.0,0.0,0.0,0.0,0.0,0.0,0.0,0.0,0.0,0.0,0.0,8.0,2.0,1.0
2192,18.41056330000003,0,8.6993,1.8811,2.2952,1.7945,0.2424,0.0038,0.009,0.0002,0.054,0.0695,0.0026,0.0009,0.0126,0.0002,0.0016,0.0022,0.0,0.0001,0.0089,0.0021,0.0005,0.0001,0.0037,0.1181,0.0269,0.0,0.0127,0.0,155.0,0.0,92.0,63.0,80.0,0.0,0.0,0.0,0.0,0.0,0.0,0.0,0.0,0.0,0.0,0.0,0.0,0.0,0.0,0.0,0.0,0.0,0.0,8.0,2.0,1.0
2193,18.41926260000003,0,8.3264,2.0237,2.3855,1.9131,0.2818,0.0033,0.0071,0.0003,0.0442,0.0577,0.0035,0.0015,0.018,0.0001,0.0027,0.002,0.0001,0.0001,0.0101,0.0015,0.0006,0.0006,0.0071,0.1251,0.0552,0.0,0.0124,0.0,155.0,0.0,92.0,63.0,80.0,0.0,0.0,0.0,0.0,0.0,0.0,0.0,0.0,0.0,0.0,0.0,0.0,0.0,0.0,0.0,0.0,0.0,0.0,8.0,2.0,1.0
2194,18.427589000000033,0,8.7613,2.0354,2.8109,1.9774,0.2681,0.0023,0.0087,0.0004,0.0541,0.0687,0.0029,0.0006,0.0127,0.0,0.0018,0.001,0.0,0.0001,0.0077,0.0013,0.0003,0.0001,0.0041,0.1174,0.0355,0.0001,0.0123,0.0,155.0,0.0,92.0,63.0,80.0,0.0,0.0,0.0,0.0,0.0,0.0,0.0,0.0,0.0,0.0,0.0,0.0,0.0,0.0,0.0,0.0,0.0,0.0,8.0,2.0,1.0
2195,18.436350300000033,0,7.9094,2.2947,2.5096,1.9658,0.2107,0.003,0.0065,0.0002,0.0373,0.05,0.0027,0.001,0.011,0.0001,0.0017,0.0017,0.0001,0.0002,0.0087,0.0016,0.0006,0.0001,0.0032,0.093,0.0247,0.0,0.0128,0.0,155.0,0.0,92.0,63.0,80.0,0.0,0.0,0.0,0.0,0.0,0.0,0.0,0.0,0.0,0.0,0.0,0.0,0.0,0.0,0.0,0.0,0.0,0.0,8.0,2.0,1.0
2196,18.444259700000032,0,8.2147,1.9942,2.2791,1.7781,0.1975,0.0034,0.0083,0.0002,0.043,0.0571,0.0025,0.0007,0.0098,0.0001,0.0013,0.0015,0.0,0.0001,0.0082,0.0012,0.0011,0.0001,0.0031,0.0971,0.0204,0.0,0.0136,0.0,155.0,0.0,92.0,63.0,82.0,0.0,0.0,0.0,0.0,0.0,0.0,0.0,0.0,0.0,0.0,0.0,0.0,0.0,0.0,0.0,0.0,0.0,0.0,8.0,2.0,1.0
2197,18.452474400000032,0,8.1866,1.9273,2.1691,1.8172,0.2015,0.0032,0.0085,0.0002,0.034,0.0482,0.0023,0.0006,0.011,0.0001,0.0018,0.0016,0.0001,0.0001,0.0085,0.0012,0.0005,0.0001,0.0037,0.0925,0.0215,0.0001,0.0125,0.0,155.0,0.0,92.0,63.0,82.0,0.0,0.0,0.0,0.0,0.0,0.0,0.0,0.0,0.0,0.0,0.0,0.0,0.0,0.0,0.0,0.0,0.0,0.0,8.0,2.0,1.0
2198,18.46066100000003,0,8.4896,1.833,2.2548,1.7485,0.3249,0.003,0.0084,0.0003,0.1233,0.1374,0.0031,0.0007,0.0106,0.0001,0.0013,0.0018,0.0001,0.0001,0.0079,0.0015,0.0004,0.0,0.0032,0.1774,0.0213,0.0,0.0119,0.0,155.0,0.0,92.0,63.0,82.0,0.0,0.0,0.0,0.0,0.0,0.0,0.0,0.0,0.0,0.0,0.0,0.0,0.0,0.0,0.0,0.0,0.0,0.0,8.0,2.0,1.0
2199,18.46915060000003,0,8.3904,1.7511,2.3138,1.8511,0.2707,0.0043,0.0083,0.0008,0.1118,0.1277,0.002,0.0006,0.0087,0.0001,0.002,0.0015,0.0001,0.0001,0.0081,0.0013,0.0005,0.0001,0.003,0.166,0.0229,0.0001,0.0129,0.0,155.0,0.0,92.0,63.0,82.0,0.0,0.0,0.0,0.0,0.0,0.0,0.0,0.0,0.0,0.0,0.0,0.0,0.0,0.0,0.0,0.0,0.0,0.0,8.0,2.0,1.0
2200,18.47754100000003,0,7.9986,1.6939,2.1048,1.8765,0.1878,0.0032,0.0077,0.0001,0.0391,0.052,0.0021,0.0006,0.0088,0.0001,0.0016,0.0014,0.0001,0.0001,0.0083,0.0013,0.0005,0.0,0.0032,0.0915,0.0214,0.0,0.012,0.0,155.0,0.0,92.0,63.0,82.0,0.0,0.0,0.0,0.0,0.0,0.0,0.0,0.0,0.0,0.0,0.0,0.0,0.0,0.0,0.0,0.0,0.0,0.0,8.0,2.0,1.0
2201,18.48553960000003,0,8.4239,1.8237,2.0105,1.7439,0.191,0.0041,0.0083,0.0001,0.03,0.045,0.0023,0.0007,0.0112,0.0001,0.0014,0.0022,0.0002,0.0001,0.0078,0.0011,0.0004,0.0001,0.0032,0.0874,0.0236,0.0,0.0116,0.0,155.0,0.0,92.0,63.0,82.0,0.0,0.0,0.0,0.0,0.0,0.0,0.0,0.0,0.0,0.0,0.0,0.0,0.0,0.0,0.0,0.0,0.0,0.0,8.0,2.0,1.0
2202,18.49396350000003,0,8.3896,1.8634,2.145,1.8257,0.216,0.0031,0.0081,0.0003,0.045,0.0583,0.0024,0.0009,0.0118,0.0001,0.0016,0.0015,0.0001,0.0002,0.0095,0.0021,0.0005,0.0001,0.0031,0.1057,0.025,0.0001,0.0126,0.0,155.0,0.0,92.0,63.0,82.0,0.0,0.0,0.0,0.0,0.0,0.0,0.0,0.0,0.0,0.0,0.0,0.0,0.0,0.0,0.0,0.0,0.0,0.0,8.0,2.0,1.0
2203,18.502353100000033,0,8.4504,1.8884,2.2713,1.7667,0.2324,0.0037,0.0093,0.0002,0.0364,0.0523,0.0029,0.001,0.0118,0.0002,0.0014,0.0018,0.0002,0.0001,0.0095,0.0013,0.0006,0.0001,0.0037,0.0989,0.0229,0.0,0.0107,0.0,155.0,0.0,92.0,63.0,82.0,0.0,0.0,0.0,0.0,0.0,0.0,0.0,0.0,0.0,0.0,0.0,0.0,0.0,0.0,0.0,0.0,0.0,0.0,8.0,2.0,1.0
2204,18.510803500000033,0,8.2765,1.7468,2.21,1.8,0.2074,0.0026,0.0066,0.0001,0.0476,0.0592,0.0023,0.0011,0.0114,0.0006,0.0012,0.0015,0.0006,0.0001,0.008,0.0012,0.0005,0.0001,0.0031,0.1017,0.0246,0.0,0.0123,0.0,155.0,0.0,92.0,63.0,82.0,0.0,0.0,0.0,0.0,0.0,0.0,0.0,0.0,0.0,0.0,0.0,0.0,0.0,0.0,0.0,0.0,0.0,0.0,8.0,2.0,1.0
2205,18.519080000000034,0,8.2371,2.0046,2.1148,1.7304,0.2045,0.0046,0.0061,0.0002,0.0386,0.0516,0.0021,0.0012,0.0103,0.0001,0.0019,0.0013,0.0001,0.0001,0.008,0.0016,0.0005,0.0,0.003,0.0919,0.019,0.0,0.0119,0.0,155.0,0.0,92.0,63.0,82.0,0.0,0.0,0.0,0.0,0.0,0.0,0.0,0.0,0.0,0.0,0.0,0.0,0.0,0.0,0.0,0.0,0.0,0.0,8.0,2.0,1.0
2206,18.527317100000033,0,8.342,1.8248,2.1503,1.7925,0.218,0.0032,0.0086,0.0007,0.0495,0.0643,0.0023,0.0009,0.0098,0.0001,0.0019,0.0016,0.0001,0.0001,0.0081,0.0013,0.0004,0.0,0.0038,0.1067,0.0234,0.0001,0.0118,0.0,155.0,0.0,92.0,63.0,82.0,0.0,0.0,0.0,0.0,0.0,0.0,0.0,0.0,0.0,0.0,0.0,0.0,0.0,0.0,0.0,0.0,0.0,0.0,8.0,2.0,1.0
2207,18.535659100000032,0,8.3095,1.9341,2.0936,1.8304,0.1949,0.0027,0.0076,0.0001,0.0321,0.0447,0.0022,0.0007,0.01,0.0001,0.0014,0.0022,0.0001,0.0001,0.008,0.0015,0.0005,0.0,0.003,0.085,0.0239,0.0001,0.0129,0.0,155.0,0.0,92.0,63.0,84.0,0.0,0.0,0.0,0.0,0.0,0.0,0.0,0.0,0.0,0.0,0.0,0.0,0.0,0.0,0.0,0.0,0.0,0.0,8.0,2.0,1.0
2208,18.54396860000003,0,8.3057,1.8104,2.1123,1.7819,0.2361,0.003,0.0077,0.0002,0.0444,0.0573,0.0028,0.0009,0.0126,0.0002,0.002,0.0019,0.0001,0.0008,0.0093,0.0019,0.0005,0.0001,0.0046,0.1149,0.0247,0.0,0.0111,0.0,155.0,0.0,92.0,63.0,82.0,0.0,0.0,0.0,0.0,0.0,0.0,0.0,0.0,0.0,0.0,0.0,0.0,0.0,0.0,0.0,0.0,0.0,0.0,8.0,2.0,1.0
2209,18.552274300000033,0,8.3702,1.8396,2.0857,1.7864,0.2779,0.0032,0.0095,0.0002,0.032,0.0478,0.0025,0.0006,0.0112,0.0001,0.0017,0.0019,0.0001,0.0001,0.0078,0.0011,0.0004,0.0005,0.003,0.0903,0.1123,0.0,0.0128,0.0,155.0,0.0,92.0,63.0,82.0,0.0,0.0,0.0,0.0,0.0,0.0,0.0,0.0,0.0,0.0,0.0,0.0,0.0,0.0,0.0,0.0,0.0,0.0,8.0,2.0,1.0
2210,18.560644500000034,0,8.4899,1.7742,2.2076,1.763,0.1873,0.0027,0.0076,0.0003,0.0357,0.0484,0.0019,0.0007,0.0108,0.0001,0.0014,0.0016,0.0001,0.0001,0.0078,0.0011,0.0004,0.0,0.0031,0.0887,0.0213,0.0,0.0123,0.0,155.0,0.0,92.0,63.0,80.0,0.0,0.0,0.0,0.0,0.0,0.0,0.0,0.0,0.0,0.0,0.0,0.0,0.0,0.0,0.0,0.0,0.0,0.0,8.0,2.0,1.0
2211,18.569134400000035,0,8.3397,1.8537,2.2382,1.7894,0.2452,0.0028,0.0044,0.0002,0.1046,0.1137,0.0019,0.0008,0.0076,0.0001,0.0012,0.0012,0.0001,0.0005,0.0078,0.0011,0.0004,0.0001,0.003,0.149,0.022,0.0,0.0127,0.0,155.0,0.0,92.0,63.0,80.0,0.0,0.0,0.0,0.0,0.0,0.0,0.0,0.0,0.0,0.0,0.0,0.0,0.0,0.0,0.0,0.0,0.0,0.0,8.0,2.0,1.0
2212,18.577474100000035,0,8.3064,1.8289,2.3416,1.7453,0.2091,0.0025,0.0047,0.0001,0.0485,0.0583,0.0029,0.0009,0.0112,0.0002,0.0019,0.0016,0.0001,0.0001,0.0088,0.0013,0.0005,0.0001,0.0042,0.1033,0.027,0.0,0.0123,0.0,155.0,0.0,92.0,63.0,80.0,0.0,0.0,0.0,0.0,0.0,0.0,0.0,0.0,0.0,0.0,0.0,0.0,0.0,0.0,0.0,0.0,0.0,0.0,8.0,2.0,1.0
2213,18.585780500000034,0,8.0949,2.1937,2.0425,1.9987,0.2032,0.0044,0.0055,0.0002,0.039,0.0523,0.0034,0.0007,0.0126,0.0001,0.0018,0.0018,0.0,0.0001,0.0084,0.0013,0.0009,0.0001,0.0035,0.0972,0.0241,0.0001,0.0121,0.0,155.0,0.0,92.0,63.0,80.0,0.0,0.0,0.0,0.0,0.0,0.0,0.0,0.0,0.0,0.0,0.0,0.0,0.0,0.0,0.0,0.0,0.0,0.0,8.0,2.0,1.0
2214,18.593875400000034,0,8.5034,1.9579,2.1543,1.7799,0.2912,0.0026,0.0047,0.0002,0.0667,0.0761,0.0021,0.0008,0.0094,0.0001,0.0013,0.0016,0.0,0.0001,0.0072,0.0011,0.0005,0.0001,0.0029,0.1147,0.1038,0.0001,0.0125,0.0,155.0,0.0,92.0,63.0,80.0,0.0,0.0,0.0,0.0,0.0,0.0,0.0,0.0,0.0,0.0,0.0,0.0,0.0,0.0,0.0,0.0,0.0,0.0,8.0,2.0,1.0
2215,18.602378800000032,0,8.156,1.9645,1.9558,1.7223,0.1741,0.0032,0.006,0.0001,0.0305,0.042,0.0024,0.0007,0.0108,0.0001,0.0017,0.0015,0.0,0.0007,0.0073,0.0012,0.0004,0.0001,0.0031,0.081,0.021,0.0001,0.0116,0.0,155.0,0.0,92.0,63.0,80.0,0.0,0.0,0.0,0.0,0.0,0.0,0.0,0.0,0.0,0.0,0.0,0.0,0.0,0.0,0.0,0.0,0.0,0.0,8.0,2.0,1.0
2216,18.610534800000032,0,8.5511,1.9102,2.1914,1.8949,0.2964,0.0032,0.0059,0.0001,0.1073,0.1187,0.0027,0.0007,0.0094,0.0002,0.0011,0.0013,0.0002,0.0002,0.0073,0.0012,0.0004,0.0001,0.0028,0.1561,0.0216,0.0001,0.0128,0.0,155.0,0.0,92.0,63.0,80.0,0.0,0.0,0.0,0.0,0.0,0.0,0.0,0.0,0.0,0.0,0.0,0.0,0.0,0.0,0.0,0.0,0.0,0.0,8.0,2.0,1.0
2217,18.61908590000003,0,8.2239,2.0004,2.1548,1.8775,0.2275,0.0029,0.0047,0.0001,0.0393,0.0487,0.0019,0.0007,0.0502,0.0001,0.0012,0.0015,0.0,0.0002,0.007,0.0016,0.0004,0.0001,0.0032,0.1299,0.0208,0.0001,0.0123,0.0,155.0,0.0,92.0,63.0,80.0,0.0,0.0,0.0,0.0,0.0,0.0,0.0,0.0,0.0,0.0,0.0,0.0,0.0,0.0,0.0,0.0,0.0,0.0,8.0,2.0,1.0
2218,18.62730980000003,0,8.4589,1.8237,2.204,1.845,0.1889,0.0029,0.0054,0.0002,0.0411,0.0517,0.0017,0.0007,0.0069,0.0001,0.0011,0.0014,0.0005,0.0001,0.0078,0.0012,0.0004,0.0001,0.0029,0.0886,0.02,0.0,0.0116,0.0,155.0,0.0,92.0,63.0,80.0,0.0,0.0,0.0,0.0,0.0,0.0,0.0,0.0,0.0,0.0,0.0,0.0,0.0,0.0,0.0,0.0,0.0,0.0,8.0,2.0,1.0
2219,18.635768700000032,0,8.2589,1.7766,2.1552,1.8127,0.1795,0.003,0.0063,0.0002,0.0312,0.0426,0.0019,0.0006,0.0082,0.0001,0.0011,0.0014,0.0006,0.0001,0.0082,0.0011,0.0004,0.0001,0.003,0.0811,0.019,0.0,0.0105,0.0,155.0,0.0,92.0,63.0,80.0,0.0,0.0,0.0,0.0,0.0,0.0,0.0,0.0,0.0,0.0,0.0,0.0,0.0,0.0,0.0,0.0,0.0,0.0,8.0,2.0,1.0
2220,18.644027600000033,0,8.2807,1.9379,2.1416,1.9176,0.1883,0.0028,0.0062,0.0002,0.0407,0.0522,0.0022,0.0005,0.0101,0.0001,0.0011,0.0019,0.0001,0.0001,0.007,0.0011,0.0004,0.0001,0.0032,0.0912,0.0215,0.0,0.0131,0.0,155.0,0.0,92.0,63.0,80.0,0.0,0.0,0.0,0.0,0.0,0.0,0.0,0.0,0.0,0.0,0.0,0.0,0.0,0.0,0.0,0.0,0.0,0.0,8.0,2.0,1.0
2221,18.652308300000033,0,8.2898,2.0706,2.0673,1.8058,0.1862,0.0029,0.0046,0.0002,0.0406,0.0507,0.002,0.0008,0.0078,0.0002,0.0012,0.002,0.0001,0.0002,0.0075,0.0012,0.0011,0.0,0.003,0.0881,0.019,0.0001,0.0121,0.0,155.0,0.0,92.0,63.0,80.0,0.0,0.0,0.0,0.0,0.0,0.0,0.0,0.0,0.0,0.0,0.0,0.0,0.0,0.0,0.0,0.0,0.0,0.0,8.0,2.0,1.0
2222,18.660598100000033,0,8.7605,1.9782,2.369,1.7999,0.2368,0.0034,0.0052,0.0003,0.055,0.0665,0.0025,0.001,0.012,0.0001,0.0018,0.0023,0.0002,0.0001,0.0099,0.0013,0.0006,0.0004,0.0038,0.1173,0.0241,0.0,0.011,0.0,155.0,0.0,92.0,63.0,80.0,0.0,0.0,0.0,0.0,0.0,0.0,0.0,0.0,0.0,0.0,0.0,0.0,0.0,0.0,0.0,0.0,0.0,0.0,8.0,2.0,1.0
2223,18.669358600000034,0,8.1379,2.0289,2.3216,1.9813,0.1947,0.0025,0.0048,0.0002,0.0374,0.0473,0.0023,0.0008,0.0103,0.0002,0.0014,0.0021,0.0001,0.0002,0.0078,0.0016,0.0005,0.0001,0.0031,0.0884,0.0221,0.0,0.0114,0.0,155.0,0.0,92.0,63.0,80.0,0.0,0.0,0.0,0.0,0.0,0.0,0.0,0.0,0.0,0.0,0.0,0.0,0.0,0.0,0.0,0.0,0.0,0.0,8.0,2.0,1.0
2224,18.677496500000036,0,8.4449,1.9328,2.4942,1.8493,0.23,0.0033,0.0087,0.0002,0.0448,0.0602,0.0029,0.0009,0.0134,0.0002,0.0017,0.0018,0.0001,0.0002,0.0093,0.0018,0.0005,0.0001,0.0036,0.1093,0.0266,0.0,0.0116,0.0,155.0,0.0,92.0,63.0,80.0,0.0,0.0,0.0,0.0,0.0,0.0,0.0,0.0,0.0,0.0,0.0,0.0,0.0,0.0,0.0,0.0,0.0,0.0,8.0,2.0,1.0
2225,18.685941400000036,0,8.2837,2.0058,2.388,1.8674,0.3318,0.0027,0.006,0.0002,0.0396,0.0505,0.0026,0.0007,0.0968,0.0001,0.002,0.002,0.0001,0.0002,0.0084,0.0013,0.0005,0.0001,0.0033,0.18,0.0225,0.0001,0.0135,0.0,155.0,0.0,92.0,63.0,80.0,0.0,0.0,0.0,0.0,0.0,0.0,0.0,0.0,0.0,0.0,0.0,0.0,0.0,0.0,0.0,0.0,0.0,0.0,8.0,2.0,1.0
2226,18.694225100000036,0,8.8937,1.9652,2.8182,1.9135,0.2443,0.0034,0.0058,0.0002,0.0624,0.0745,0.0028,0.0009,0.012,0.0001,0.0016,0.0018,0.0001,0.0001,0.0084,0.0012,0.0011,0.0001,0.0036,0.1223,0.0243,0.0001,0.011,0.0,155.0,0.0,92.0,63.0,80.0,0.0,0.0,0.0,0.0,0.0,0.0,0.0,0.0,0.0,0.0,0.0,0.0,0.0,0.0,0.0,0.0,0.0,0.0,8.0,2.0,1.0
2227,18.703118800000038,0,7.6495,2.3641,2.32,1.9474,0.2019,0.0033,0.0051,0.0002,0.0414,0.0528,0.0023,0.0008,0.0118,0.0001,0.0018,0.0017,0.0001,0.0001,0.0085,0.0011,0.0004,0.0001,0.0031,0.0955,0.022,0.0,0.0133,0.0,155.0,0.0,92.0,63.0,80.0,0.0,0.0,0.0,0.0,0.0,0.0,0.0,0.0,0.0,0.0,0.0,0.0,0.0,0.0,0.0,0.0,0.0,0.0,8.0,2.0,1.0
2228,18.710768300000037,0,8.365,1.9466,2.3145,2.0112,0.2109,0.0028,0.0054,0.0002,0.0557,0.0672,0.0027,0.0005,0.0098,0.0002,0.0015,0.0016,0.0001,0.0002,0.0085,0.0012,0.0004,0.0001,0.003,0.1077,0.0219,0.0,0.0116,0.0,155.0,0.0,92.0,63.0,80.0,0.0,0.0,0.0,0.0,0.0,0.0,0.0,0.0,0.0,0.0,0.0,0.0,0.0,0.0,0.0,0.0,0.0,0.0,8.0,2.0,1.0
2229,18.71913330000004,0,8.3937,1.9848,2.1854,1.901,0.1929,0.003,0.0051,0.0002,0.0398,0.0504,0.0019,0.0008,0.0093,0.0005,0.0014,0.0017,0.0001,0.0001,0.0081,0.0012,0.0005,0.0002,0.0031,0.0903,0.0221,0.0,0.0121,0.0,155.0,0.0,92.0,63.0,80.0,0.0,0.0,0.0,0.0,0.0,0.0,0.0,0.0,0.0,0.0,0.0,0.0,0.0,0.0,0.0,0.0,0.0,0.0,8.0,2.0,1.0
2230,18.727527000000038,0,8.4576,1.9941,2.4903,1.7724,0.2393,0.0046,0.0092,0.0003,0.0506,0.068,0.003,0.001,0.0119,0.0001,0.0017,0.0018,0.0001,0.0002,0.0089,0.0013,0.001,0.0001,0.0037,0.1147,0.024,0.0,0.012,0.0,155.0,0.0,92.0,63.0,80.0,0.0,0.0,0.0,0.0,0.0,0.0,0.0,0.0,0.0,0.0,0.0,0.0,0.0,0.0,0.0,0.0,0.0,0.0,8.0,2.0,1.0
2231,18.735984600000037,0,8.1728,2.0281,2.2922,1.9707,0.204,0.0041,0.0079,0.0003,0.0319,0.0472,0.002,0.0007,0.0106,0.0001,0.0021,0.0016,0.0001,0.0002,0.0088,0.0012,0.0005,0.0001,0.0032,0.0898,0.0241,0.0001,0.0126,0.0,155.0,0.0,92.0,63.0,80.0,0.0,0.0,0.0,0.0,0.0,0.0,0.0,0.0,0.0,0.0,0.0,0.0,0.0,0.0,0.0,0.0,0.0,0.0,8.0,2.0,1.0
2232,18.744157400000038,0,8.4892,2.1735,2.4755,1.9606,0.2208,0.0031,0.0049,0.0002,0.0552,0.0656,0.0023,0.0007,0.012,0.0001,0.0017,0.0016,0.0,0.0002,0.009,0.0023,0.0005,0.0,0.0032,0.1105,0.0241,0.0,0.0133,0.0,155.0,0.0,92.0,63.0,80.0,0.0,0.0,0.0,0.0,0.0,0.0,0.0,0.0,0.0,0.0,0.0,0.0,0.0,0.0,0.0,0.0,0.0,0.0,8.0,2.0,1.0
2233,18.752646600000038,0,8.5711,2.0286,2.6885,2.0326,0.2703,0.0034,0.0093,0.0002,0.0449,0.0608,0.0037,0.0015,0.0197,0.0002,0.0023,0.0022,0.0002,0.0001,0.0096,0.0022,0.0005,0.0001,0.0072,0.1274,0.0389,0.0,0.012,0.0,155.0,0.0,92.0,63.0,82.0,0.0,0.0,0.0,0.0,0.0,0.0,0.0,0.0,0.0,0.0,0.0,0.0,0.0,0.0,0.0,0.0,0.0,0.0,8.0,2.0,1.0
2234,18.76121770000004,0,8.6011,2.4139,2.8484,1.8666,0.2102,0.0034,0.0095,0.0002,0.0415,0.0572,0.0021,0.0012,0.011,0.0001,0.0015,0.0015,0.0001,0.0001,0.0085,0.0013,0.0005,0.0001,0.0032,0.0997,0.0237,0.0,0.0126,0.0,155.0,0.0,92.0,63.0,82.0,0.0,0.0,0.0,0.0,0.0,0.0,0.0,0.0,0.0,0.0,0.0,0.0,0.0,0.0,0.0,0.0,0.0,0.0,8.0,2.0,1.0
2235,18.76981880000004,0,7.8709,2.0011,2.4919,1.9,0.2276,0.0034,0.0096,0.0003,0.0426,0.0584,0.0022,0.001,0.0111,0.0001,0.0016,0.0022,0.0001,0.0001,0.0078,0.0013,0.0005,0.0001,0.0034,0.1006,0.0366,0.0,0.0128,0.0,155.0,0.0,92.0,63.0,82.0,0.0,0.0,0.0,0.0,0.0,0.0,0.0,0.0,0.0,0.0,0.0,0.0,0.0,0.0,0.0,0.0,0.0,0.0,8.0,2.0,1.0
2236,18.77768970000004,0,8.2847,2.0571,2.4377,1.899,0.2165,0.0031,0.0074,0.0003,0.0459,0.0595,0.0029,0.0009,0.0111,0.0001,0.0018,0.0016,0.0001,0.0001,0.0078,0.0014,0.0005,0.0001,0.0033,0.1016,0.0217,0.0001,0.0131,0.0,155.0,0.0,92.0,63.0,82.0,0.0,0.0,0.0,0.0,0.0,0.0,0.0,0.0,0.0,0.0,0.0,0.0,0.0,0.0,0.0,0.0,0.0,0.0,8.0,2.0,1.0
2237,18.78597440000004,0,8.2923,2.1715,2.3195,2.0648,0.1938,0.0026,0.008,0.0001,0.0313,0.0443,0.0019,0.0008,0.0092,0.0001,0.0015,0.002,0.0001,0.0001,0.0087,0.0018,0.0006,0.0001,0.003,0.0848,0.0231,0.0001,0.0136,0.0,155.0,0.0,92.0,63.0,82.0,0.0,0.0,0.0,0.0,0.0,0.0,0.0,0.0,0.0,0.0,0.0,0.0,0.0,0.0,0.0,0.0,0.0,0.0,8.0,2.0,1.0
2238,18.79426670000004,0,8.3378,2.0748,2.4105,1.8533,0.2066,0.0029,0.0063,0.0001,0.0441,0.0561,0.0021,0.0007,0.0104,0.0001,0.002,0.0016,0.0002,0.0001,0.0081,0.0013,0.0005,0.0001,0.0031,0.0982,0.0243,0.0,0.0117,0.0,155.0,0.0,92.0,63.0,82.0,0.0,0.0,0.0,0.0,0.0,0.0,0.0,0.0,0.0,0.0,0.0,0.0,0.0,0.0,0.0,0.0,0.0,0.0,8.0,2.0,1.0
2239,18.80260450000004,0,8.2802,2.0372,2.382,1.9254,0.1951,0.0029,0.0083,0.0002,0.03,0.0438,0.0023,0.0007,0.0099,0.0002,0.0015,0.0019,0.0001,0.0001,0.0087,0.0012,0.0004,0.0001,0.0031,0.0858,0.0209,0.0001,0.0138,0.0,155.0,0.0,92.0,63.0,82.0,0.0,0.0,0.0,0.0,0.0,0.0,0.0,0.0,0.0,0.0,0.0,0.0,0.0,0.0,0.0,0.0,0.0,0.0,8.0,2.0,1.0
2240,18.81088470000004,0,8.2512,1.8759,2.132,1.8844,0.1903,0.0028,0.008,0.0002,0.0389,0.0522,0.002,0.0007,0.0097,0.0006,0.0013,0.0013,0.0006,0.0001,0.0078,0.0011,0.0004,0.0001,0.0031,0.0907,0.0214,0.0001,0.0126,0.0,155.0,0.0,92.0,63.0,82.0,0.0,0.0,0.0,0.0,0.0,0.0,0.0,0.0,0.0,0.0,0.0,0.0,0.0,0.0,0.0,0.0,0.0,0.0,8.0,2.0,1.0
2241,18.81913590000004,0,8.2612,1.8467,2.1668,1.8532,0.1908,0.0025,0.0062,0.0002,0.0363,0.0476,0.0022,0.0009,0.0118,0.0001,0.0013,0.0016,0.0,0.0001,0.008,0.0011,0.0004,0.0006,0.003,0.0904,0.0197,0.0001,0.0119,0.0,155.0,0.0,92.0,63.0,82.0,0.0,0.0,0.0,0.0,0.0,0.0,0.0,0.0,0.0,0.0,0.0,0.0,0.0,0.0,0.0,0.0,0.0,0.0,8.0,2.0,1.0
2242,18.82739710000004,0,8.8858,1.8666,2.7228,1.8877,0.2037,0.0032,0.0079,0.0002,0.0428,0.0571,0.0021,0.0008,0.0096,0.0001,0.0014,0.0015,0.0006,0.0001,0.0081,0.0012,0.0004,0.0001,0.0033,0.0974,0.0224,0.0001,0.0136,0.0,155.0,0.0,92.0,63.0,82.0,0.0,0.0,0.0,0.0,0.0,0.0,0.0,0.0,0.0,0.0,0.0,0.0,0.0,0.0,0.0,0.0,0.0,0.0,8.0,2.0,1.0
2243,18.836282900000043,0,7.9446,1.9479,2.3257,1.8631,0.1822,0.0027,0.0077,0.0003,0.0305,0.0433,0.0019,0.0006,0.0091,0.0001,0.0017,0.0014,0.0001,0.0006,0.008,0.0011,0.0004,0.0,0.0036,0.0835,0.019,0.0,0.0125,0.0,155.0,0.0,92.0,63.0,82.0,0.0,0.0,0.0,0.0,0.0,0.0,0.0,0.0,0.0,0.0,0.0,0.0,0.0,0.0,0.0,0.0,0.0,0.0,8.0,2.0,1.0
2244,18.84422750000004,0,8.2992,2.1072,2.2312,1.794,0.19,0.0026,0.0078,0.0001,0.0397,0.0529,0.0019,0.0006,0.0097,0.0001,0.0012,0.0018,0.0,0.0001,0.0077,0.0011,0.001,0.0001,0.003,0.0916,0.0215,0.0001,0.0131,0.0,155.0,0.0,92.0,63.0,82.0,0.0,0.0,0.0,0.0,0.0,0.0,0.0,0.0,0.0,0.0,0.0,0.0,0.0,0.0,0.0,0.0,0.0,0.0,8.0,2.0,1.0
2245,18.85252670000004,0,8.381,1.8741,2.3829,1.8124,0.1968,0.003,0.0082,0.0002,0.0347,0.0483,0.002,0.0008,0.0104,0.0002,0.0014,0.0017,0.0,0.0001,0.0073,0.0012,0.0007,0.0001,0.0031,0.0863,0.0215,0.0,0.0127,0.0,155.0,0.0,92.0,63.0,82.0,0.0,0.0,0.0,0.0,0.0,0.0,0.0,0.0,0.0,0.0,0.0,0.0,0.0,0.0,0.0,0.0,0.0,0.0,8.0,2.0,1.0
2246,18.86090770000004,0,8.3312,2.079,2.2186,1.8893,0.1834,0.0028,0.008,0.0002,0.0379,0.0506,0.0023,0.0006,0.0091,0.0001,0.001,0.0016,0.0001,0.0001,0.0079,0.0011,0.0004,0.0,0.0035,0.0881,0.0195,0.0,0.0119,0.0,155.0,0.0,92.0,63.0,82.0,0.0,0.0,0.0,0.0,0.0,0.0,0.0,0.0,0.0,0.0,0.0,0.0,0.0,0.0,0.0,0.0,0.0,0.0,8.0,2.0,1.0
2247,18.869238900000042,0,8.078,1.9728,2.0109,1.7567,0.171,0.0024,0.0079,0.0001,0.0282,0.0404,0.0019,0.0006,0.0099,0.0002,0.0011,0.0017,0.0,0.0001,0.008,0.0017,0.0004,0.0001,0.0031,0.0784,0.0204,0.0,0.0124,0.0,155.0,0.0,92.0,63.0,82.0,0.0,0.0,0.0,0.0,0.0,0.0,0.0,0.0,0.0,0.0,0.0,0.0,0.0,0.0,0.0,0.0,0.0,0.0,8.0,2.0,1.0
2248,18.877316900000043,0,8.4342,1.9244,2.1036,1.81,0.1938,0.0032,0.0079,0.0002,0.0447,0.0579,0.0019,0.0007,0.0084,0.0002,0.0017,0.0014,0.0001,0.0001,0.0075,0.0015,0.0004,0.0001,0.003,0.0948,0.0228,0.0,0.0132,0.0,155.0,0.0,92.0,63.0,82.0,0.0,0.0,0.0,0.0,0.0,0.0,0.0,0.0,0.0,0.0,0.0,0.0,0.0,0.0,0.0,0.0,0.0,0.0,8.0,2.0,1.0
2249,18.885751100000043,0,8.823,1.9702,2.6411,1.806,0.1874,0.003,0.0081,0.0002,0.0313,0.0445,0.0021,0.0006,0.0106,0.0002,0.0018,0.0015,0.0001,0.0001,0.0078,0.0016,0.0004,0.0,0.0032,0.0854,0.0199,0.0,0.0134,0.0,155.0,0.0,92.0,63.0,82.0,0.0,0.0,0.0,0.0,0.0,0.0,0.0,0.0,0.0,0.0,0.0,0.0,0.0,0.0,0.0,0.0,0.0,0.0,8.0,2.0,1.0
2250,18.894574100000042,0,8.2099,2.0893,2.3321,1.7898,0.2316,0.0031,0.0084,0.0002,0.0481,0.0625,0.0029,0.0009,0.0121,0.0002,0.0019,0.0017,0.0001,0.0001,0.0085,0.0013,0.0006,0.0001,0.0042,0.1112,0.024,0.0,0.0115,0.0,155.0,0.0,92.0,63.0,82.0,0.0,0.0,0.0,0.0,0.0,0.0,0.0,0.0,0.0,0.0,0.0,0.0,0.0,0.0,0.0,0.0,0.0,0.0,8.0,2.0,1.0
2251,18.902784000000043,0,8.8146,2.1071,2.8038,2.0216,0.2148,0.0038,0.0086,0.0004,0.0334,0.0492,0.0021,0.0008,0.0101,0.0001,0.0017,0.0022,0.0001,0.0001,0.0096,0.0013,0.0005,0.0001,0.0032,0.0935,0.0243,0.0001,0.0132,0.0,155.0,0.0,92.0,63.0,82.0,0.0,0.0,0.0,0.0,0.0,0.0,0.0,0.0,0.0,0.0,0.0,0.0,0.0,0.0,0.0,0.0,0.0,0.0,8.0,2.0,1.0
2252,18.911598600000044,0,8.0027,2.2274,2.6547,2.1637,0.2312,0.0032,0.0087,0.0003,0.0435,0.059,0.0022,0.0012,0.0119,0.0001,0.0015,0.0021,0.0001,0.0001,0.0086,0.0018,0.0005,0.0001,0.0034,0.1056,0.0271,0.0,0.0123,0.0,155.0,0.0,92.0,63.0,82.0,0.0,0.0,0.0,0.0,0.0,0.0,0.0,0.0,0.0,0.0,0.0,0.0,0.0,0.0,0.0,0.0,0.0,0.0,8.0,2.0,1.0
2253,18.919601300000043,0,8.4993,2.2994,2.6963,1.9881,0.3028,0.0058,0.0136,0.0002,0.0556,0.0787,0.0033,0.0008,0.014,0.0002,0.0021,0.0025,0.0001,0.0001,0.0095,0.0015,0.0005,0.0001,0.0038,0.1312,0.0307,0.0,0.0128,0.0,155.0,0.0,92.0,63.0,82.0,0.0,0.0,0.0,0.0,0.0,0.0,0.0,0.0,0.0,0.0,0.0,0.0,0.0,0.0,0.0,0.0,0.0,0.0,8.0,2.0,1.0
2254,18.928100600000043,0,8.8143,2.3059,3.2372,2.1333,0.2487,0.0037,0.009,0.0002,0.0539,0.0703,0.0025,0.001,0.0121,0.0001,0.0023,0.0017,0.0002,0.0003,0.0089,0.0014,0.0006,0.0001,0.0037,0.1179,0.0248,0.0001,0.0145,0.0,155.0,0.0,92.0,63.0,82.0,0.0,0.0,0.0,0.0,0.0,0.0,0.0,0.0,0.0,0.0,0.0,0.0,0.0,0.0,0.0,0.0,0.0,0.0,8.0,2.0,1.0
2255,18.936914900000044,0,7.5748,2.1886,2.5692,2.0321,0.206,0.003,0.0092,0.0003,0.033,0.048,0.0021,0.0008,0.0108,0.0001,0.0019,0.0015,0.0001,0.0001,0.0083,0.0012,0.0004,0.0001,0.0033,0.0913,0.023,0.0,0.0123,0.0,155.0,0.0,92.0,63.0,82.0,0.0,0.0,0.0,0.0,0.0,0.0,0.0,0.0,0.0,0.0,0.0,0.0,0.0,0.0,0.0,0.0,0.0,0.0,8.0,2.0,1.0
2256,18.944489700000045,0,8.3518,2.1397,2.4948,2.0045,0.2328,0.0034,0.0096,0.0003,0.0459,0.0622,0.0022,0.0009,0.0106,0.0006,0.0014,0.0022,0.0001,0.0001,0.0083,0.0016,0.0006,0.0001,0.0041,0.108,0.0244,0.0,0.0116,0.0,155.0,0.0,92.0,63.0,82.0,0.0,0.0,0.0,0.0,0.0,0.0,0.0,0.0,0.0,0.0,0.0,0.0,0.0,0.0,0.0,0.0,0.0,0.0,8.0,2.0,1.0
2257,18.952841500000044,0,8.3184,2.3091,2.4038,1.8544,0.1919,0.003,0.0089,0.0002,0.0298,0.0442,0.0021,0.0008,0.0107,0.0002,0.0017,0.0015,0.0001,0.0002,0.0089,0.0012,0.0005,0.0001,0.0032,0.0871,0.0211,0.0,0.0125,0.0,155.0,0.0,92.0,63.0,82.0,0.0,0.0,0.0,0.0,0.0,0.0,0.0,0.0,0.0,0.0,0.0,0.0,0.0,0.0,0.0,0.0,0.0,0.0,8.0,2.0,1.0
2258,18.961159900000045,0,8.5313,2.0462,2.5442,1.9167,0.2002,0.0027,0.0063,0.0002,0.0412,0.0531,0.0021,0.0015,0.0111,0.0001,0.0015,0.0018,0.0001,0.0001,0.0078,0.0012,0.0004,0.0,0.0031,0.0987,0.0218,0.0001,0.0118,0.0,155.0,0.0,92.0,63.0,80.0,0.0,0.0,0.0,0.0,0.0,0.0,0.0,0.0,0.0,0.0,0.0,0.0,0.0,0.0,0.0,0.0,0.0,0.0,8.0,2.0,1.0
2259,18.969691200000046,0,7.9663,2.0029,2.2439,1.937,0.2127,0.0033,0.0055,0.0002,0.0373,0.0494,0.0022,0.0008,0.0085,0.0002,0.0017,0.0016,0.0002,0.0001,0.0091,0.0013,0.0005,0.0001,0.0036,0.0926,0.0252,0.0,0.0122,0.0,155.0,0.0,92.0,63.0,80.0,0.0,0.0,0.0,0.0,0.0,0.0,0.0,0.0,0.0,0.0,0.0,0.0,0.0,0.0,0.0,0.0,0.0,0.0,8.0,2.0,1.0
2260,18.977657500000046,0,8.5364,1.9949,2.3355,1.9095,0.2134,0.0044,0.0064,0.0002,0.0482,0.0616,0.0027,0.0009,0.0109,0.0001,0.0015,0.0018,0.0002,0.0001,0.0086,0.0015,0.0005,0.0,0.0036,0.1054,0.0206,0.0001,0.0115,0.0,155.0,0.0,92.0,63.0,80.0,0.0,0.0,0.0,0.0,0.0,0.0,0.0,0.0,0.0,0.0,0.0,0.0,0.0,0.0,0.0,0.0,0.0,0.0,8.0,2.0,1.0
2261,18.986193900000046,0,8.3889,1.8944,2.5377,1.8636,0.2605,0.0026,0.0062,0.0002,0.0456,0.0578,0.0033,0.0017,0.0183,0.0004,0.0028,0.0025,0.0001,0.0002,0.0153,0.0019,0.0005,0.0001,0.006,0.1299,0.0397,0.0,0.0139,0.0,155.0,0.0,92.0,63.0,80.0,0.0,0.0,0.0,0.0,0.0,0.0,0.0,0.0,0.0,0.0,0.0,0.0,0.0,0.0,0.0,0.0,0.0,0.0,8.0,2.0,1.0
2262,18.994582800000046,0,8.3847,2.178,2.4757,1.884,0.2074,0.0027,0.0049,0.0002,0.0456,0.0554,0.0023,0.0008,0.0121,0.0001,0.0014,0.0018,0.0001,0.0001,0.0088,0.0018,0.0005,0.0001,0.0036,0.1017,0.0226,0.0,0.0131,0.0,155.0,0.0,92.0,63.0,80.0,0.0,0.0,0.0,0.0,0.0,0.0,0.0,0.0,0.0,0.0,0.0,0.0,0.0,0.0,0.0,0.0,0.0,0.0,8.0,2.0,1.0
2263,19.002967500000047,0,7.9629,2.1558,2.1687,1.8528,0.1927,0.0035,0.0067,0.0001,0.0338,0.0465,0.0027,0.0008,0.011,0.0001,0.0013,0.0016,0.0001,0.0001,0.007,0.0012,0.0004,0.0001,0.003,0.0843,0.0208,0.0,0.0111,0.0,155.0,0.0,92.0,63.0,80.0,0.0,0.0,0.0,0.0,0.0,0.0,0.0,0.0,0.0,0.0,0.0,0.0,0.0,0.0,0.0,0.0,0.0,0.0,8.0,2.0,1.0
2264,19.010930400000046,0,8.4869,1.9299,2.1558,1.7627,0.1925,0.0034,0.0063,0.0001,0.04,0.0523,0.0026,0.0009,0.0094,0.0001,0.0014,0.0021,0.0001,0.0001,0.0076,0.0012,0.0004,0.0,0.0031,0.0934,0.021,0.0,0.0127,0.0,155.0,0.0,92.0,63.0,80.0,0.0,0.0,0.0,0.0,0.0,0.0,0.0,0.0,0.0,0.0,0.0,0.0,0.0,0.0,0.0,0.0,0.0,0.0,8.0,2.0,1.0
2265,19.019417300000047,0,8.2814,1.848,2.3801,1.8095,0.1871,0.003,0.0066,0.0002,0.0306,0.0435,0.0019,0.0007,0.0097,0.0002,0.0017,0.0014,0.0001,0.0002,0.008,0.0013,0.0005,0.0,0.0031,0.0834,0.0233,0.0001,0.0152,0.0,155.0,0.0,92.0,63.0,80.0,0.0,0.0,0.0,0.0,0.0,0.0,0.0,0.0,0.0,0.0,0.0,0.0,0.0,0.0,0.0,0.0,0.0,0.0,8.0,2.0,1.0
2266,19.027698700000048,0,8.5564,1.8372,2.3405,1.7772,0.2139,0.0035,0.005,0.0002,0.0555,0.0664,0.0024,0.0008,0.0113,0.0001,0.0015,0.0015,0.0001,0.0002,0.0087,0.0013,0.0005,0.0,0.0038,0.1101,0.0241,0.0,0.0131,0.0,155.0,0.0,92.0,63.0,80.0,0.0,0.0,0.0,0.0,0.0,0.0,0.0,0.0,0.0,0.0,0.0,0.0,0.0,0.0,0.0,0.0,0.0,0.0,8.0,2.0,1.0
2267,19.036255100000048,0,8.0855,1.8592,2.3123,1.9967,0.184,0.0027,0.0045,0.0001,0.0364,0.0463,0.0018,0.0007,0.0097,0.0002,0.0013,0.0019,0.0001,0.0002,0.0083,0.0017,0.0004,0.0001,0.003,0.085,0.0197,0.0,0.0119,0.0,155.0,0.0,92.0,63.0,80.0,0.0,0.0,0.0,0.0,0.0,0.0,0.0,0.0,0.0,0.0,0.0,0.0,0.0,0.0,0.0,0.0,0.0,0.0,8.0,2.0,1.0
2268,19.044340600000048,0,8.5122,1.954,2.3281,1.8472,0.2743,0.0048,0.0061,0.0002,0.0569,0.0714,0.0034,0.0012,0.015,0.0002,0.0021,0.0019,0.0001,0.0007,0.009,0.002,0.0006,0.0002,0.0063,0.1311,0.036,0.0001,0.0119,0.0,155.0,0.0,92.0,63.0,80.0,0.0,0.0,0.0,0.0,0.0,0.0,0.0,0.0,0.0,0.0,0.0,0.0,0.0,0.0,0.0,0.0,0.0,0.0,8.0,2.0,1.0
2269,19.052852800000046,0,8.1693,2.3055,2.2387,1.9796,0.2059,0.0032,0.0076,0.0006,0.0338,0.0474,0.0024,0.001,0.0117,0.0001,0.0017,0.0022,0.0002,0.0001,0.0084,0.0014,0.0005,0.0001,0.0042,0.0938,0.0208,0.0,0.0125,0.0,155.0,0.0,92.0,63.0,80.0,0.0,0.0,0.0,0.0,0.0,0.0,0.0,0.0,0.0,0.0,0.0,0.0,0.0,0.0,0.0,0.0,0.0,0.0,8.0,2.0,1.0
2270,19.061022100000045,0,8.4198,1.9647,2.3201,1.802,0.2169,0.0028,0.005,0.0002,0.0508,0.0619,0.003,0.0009,0.012,0.0001,0.0015,0.0023,0.0001,0.0001,0.0085,0.0013,0.0005,0.0001,0.0039,0.1087,0.0235,0.0001,0.0126,0.0,155.0,0.0,92.0,63.0,80.0,0.0,0.0,0.0,0.0,0.0,0.0,0.0,0.0,0.0,0.0,0.0,0.0,0.0,0.0,0.0,0.0,0.0,0.0,8.0,2.0,1.0
2271,19.069441900000044,0,8.1536,2.0651,2.1324,1.9536,0.1819,0.003,0.006,0.0001,0.0324,0.0437,0.0018,0.0008,0.0097,0.0001,0.0018,0.0014,0.0001,0.0002,0.0078,0.0012,0.0004,0.0001,0.0033,0.0829,0.0224,0.0,0.0128,0.0,155.0,0.0,92.0,63.0,80.0,0.0,0.0,0.0,0.0,0.0,0.0,0.0,0.0,0.0,0.0,0.0,0.0,0.0,0.0,0.0,0.0,0.0,0.0,8.0,2.0,1.0
2272,19.077595500000044,0,8.4876,1.953,2.255,1.8102,0.2165,0.0043,0.0058,0.0004,0.0512,0.0638,0.0022,0.001,0.0119,0.0007,0.0014,0.0018,0.0002,0.0001,0.0077,0.0014,0.0009,0.0001,0.0035,0.1097,0.0218,0.0,0.0114,0.0,155.0,0.0,92.0,63.0,80.0,0.0,0.0,0.0,0.0,0.0,0.0,0.0,0.0,0.0,0.0,0.0,0.0,0.0,0.0,0.0,0.0,0.0,0.0,8.0,2.0,1.0
2273,19.086083100000042,0,8.2413,1.9306,2.2779,1.9005,0.1927,0.0031,0.0051,0.0002,0.0337,0.0446,0.0021,0.0008,0.0087,0.0001,0.0017,0.0021,0.0002,0.0001,0.0077,0.0014,0.0005,0.0001,0.0029,0.0839,0.0204,0.0,0.0126,0.0,155.0,0.0,92.0,63.0,80.0,0.0,0.0,0.0,0.0,0.0,0.0,0.0,0.0,0.0,0.0,0.0,0.0,0.0,0.0,0.0,0.0,0.0,0.0,8.0,2.0,1.0
2274,19.094324400000044,0,8.6883,2.019,2.4231,1.8954,0.2258,0.0034,0.0055,0.0002,0.0518,0.064,0.0026,0.0011,0.0114,0.0002,0.0019,0.0018,0.0001,0.0002,0.0092,0.0013,0.0004,0.0005,0.0032,0.1093,0.0208,0.0,0.0129,0.0,155.0,0.0,92.0,63.0,80.0,0.0,0.0,0.0,0.0,0.0,0.0,0.0,0.0,0.0,0.0,0.0,0.0,0.0,0.0,0.0,0.0,0.0,0.0,8.0,2.0,1.0
2275,19.103012700000043,0,8.1828,2.1166,2.4562,1.941,0.2837,0.0038,0.0069,0.0003,0.0342,0.0473,0.0025,0.0013,0.0107,0.0002,0.0013,0.0018,0.0002,0.0002,0.0083,0.0017,0.0005,0.0001,0.0032,0.0893,0.0217,0.0,0.0117,0.0,155.0,0.0,92.0,63.0,80.0,0.0,0.0,0.0,0.0,0.0,0.0,0.0,0.0,0.0,0.0,0.0,0.0,0.0,0.0,0.0,0.0,0.0,0.0,8.0,2.0,1.0
2276,19.111195500000044,0,8.2023,1.8552,2.3373,1.7104,0.2029,0.0031,0.0066,0.0001,0.0438,0.0557,0.0027,0.0008,0.0117,0.0002,0.0014,0.0019,0.0001,0.0001,0.0082,0.0012,0.0005,0.0001,0.0037,0.1005,0.0204,0.0001,0.0112,0.0,155.0,0.0,92.0,63.0,80.0,0.0,0.0,0.0,0.0,0.0,0.0,0.0,0.0,0.0,0.0,0.0,0.0,0.0,0.0,0.0,0.0,0.0,0.0,8.0,2.0,1.0
2277,19.119397800000044,0,8.1304,1.9467,2.0556,1.7711,0.1958,0.0026,0.0055,0.0002,0.037,0.048,0.0023,0.0007,0.0112,0.0002,0.002,0.0016,0.0001,0.0002,0.0078,0.0014,0.0005,0.0001,0.0035,0.0922,0.022,0.0,0.0118,0.0,155.0,0.0,92.0,63.0,80.0,0.0,0.0,0.0,0.0,0.0,0.0,0.0,0.0,0.0,0.0,0.0,0.0,0.0,0.0,0.0,0.0,0.0,0.0,8.0,2.0,1.0
2278,19.127528200000043,0,8.4482,1.8872,2.2142,1.849,0.1988,0.0029,0.0054,0.0002,0.0502,0.0616,0.002,0.0012,0.01,0.0001,0.0019,0.0015,0.0001,0.0001,0.0083,0.0013,0.0004,0.0,0.003,0.1011,0.0212,0.0,0.0112,0.0,155.0,0.0,92.0,63.0,80.0,0.0,0.0,0.0,0.0,0.0,0.0,0.0,0.0,0.0,0.0,0.0,0.0,0.0,0.0,0.0,0.0,0.0,0.0,8.0,2.0,1.0
2279,19.135976400000043,0,8.3799,1.9315,2.1693,1.7572,0.2227,0.003,0.0091,0.0002,0.0618,0.0768,0.0025,0.0006,0.0106,0.0001,0.0013,0.0018,0.0001,0.0001,0.0078,0.0017,0.0004,0.0,0.0031,0.1181,0.0207,0.0,0.0118,0.0,155.0,0.0,92.0,63.0,82.0,0.0,0.0,0.0,0.0,0.0,0.0,0.0,0.0,0.0,0.0,0.0,0.0,0.0,0.0,0.0,0.0,0.0,0.0,8.0,2.0,1.0
2280,19.144356300000045,0,8.2675,1.9162,2.1407,1.7108,0.2284,0.0028,0.0074,0.0001,0.0814,0.0937,0.0023,0.0006,0.0091,0.0002,0.0014,0.002,0.0001,0.0001,0.0075,0.0011,0.0004,0.0001,0.003,0.1341,0.0192,0.0001,0.0123,0.0,155.0,0.0,92.0,63.0,82.0,0.0,0.0,0.0,0.0,0.0,0.0,0.0,0.0,0.0,0.0,0.0,0.0,0.0,0.0,0.0,0.0,0.0,0.0,8.0,2.0,1.0
2281,19.152623800000043,0,8.5748,1.7567,2.4318,1.6633,0.1824,0.0032,0.0077,0.0002,0.0289,0.0423,0.0018,0.0014,0.0105,0.0001,0.0014,0.0015,0.0002,0.0002,0.0078,0.0012,0.0004,0.0001,0.0032,0.0817,0.0191,0.0,0.0127,0.0,155.0,0.0,92.0,63.0,86.0,0.0,0.0,0.0,0.0,0.0,0.0,0.0,0.0,0.0,0.0,0.0,0.0,0.0,0.0,0.0,0.0,0.0,0.0,8.0,2.0,1.0
2282,19.161198600000045,0,8.2201,1.8959,2.2886,1.8546,0.1858,0.0029,0.0082,0.0002,0.0388,0.0519,0.0023,0.0007,0.009,0.0001,0.0011,0.0014,0.0,0.0001,0.0077,0.0012,0.0004,0.0001,0.0032,0.0903,0.0207,0.0,0.0129,0.0,155.0,0.0,92.0,63.0,86.0,0.0,0.0,0.0,0.0,0.0,0.0,0.0,0.0,0.0,0.0,0.0,0.0,0.0,0.0,0.0,0.0,0.0,0.0,8.0,2.0,1.0
2283,19.169418700000044,0,8.2577,1.7883,2.2369,1.8296,0.2123,0.0036,0.0096,0.0002,0.0327,0.0482,0.0024,0.0009,0.0113,0.0002,0.0015,0.0016,0.0001,0.0001,0.0086,0.0014,0.0005,0.0,0.0041,0.0942,0.0222,0.0,0.0153,0.0,155.0,0.0,92.0,63.0,86.0,0.0,0.0,0.0,0.0,0.0,0.0,0.0,0.0,0.0,0.0,0.0,0.0,0.0,0.0,0.0,0.0,0.0,0.0,8.0,2.0,1.0
2284,19.177676400000045,0,8.19,1.7973,2.0949,1.8014,0.1884,0.0025,0.0078,0.0003,0.0409,0.0543,0.0018,0.0012,0.0095,0.0001,0.0012,0.0017,0.0001,0.0001,0.0075,0.0011,0.0009,0.0,0.0032,0.0918,0.0221,0.0001,0.0144,0.0,155.0,0.0,92.0,63.0,86.0,0.0,0.0,0.0,0.0,0.0,0.0,0.0,0.0,0.0,0.0,0.0,0.0,0.0,0.0,0.0,0.0,0.0,0.0,8.0,2.0,1.0
2285,19.185866400000045,0,8.3052,1.9146,1.9625,1.7382,0.1816,0.0024,0.0075,0.0002,0.0365,0.0491,0.0026,0.0006,0.01,0.0002,0.0011,0.0015,0.0002,0.0001,0.0075,0.0011,0.0004,0.0001,0.0032,0.0871,0.0201,0.0,0.0126,0.0,155.0,0.0,92.0,63.0,86.0,0.0,0.0,0.0,0.0,0.0,0.0,0.0,0.0,0.0,0.0,0.0,0.0,0.0,0.0,0.0,0.0,0.0,0.0,8.0,2.0,1.0
2286,19.194171600000043,0,8.4527,1.9256,2.1953,1.7639,0.1918,0.0026,0.0078,0.0002,0.0381,0.0507,0.0019,0.0007,0.0101,0.0002,0.0017,0.0013,0.0,0.0001,0.0075,0.0011,0.0008,0.0001,0.0032,0.0895,0.0235,0.0001,0.0118,0.0,155.0,0.0,92.0,63.0,86.0,0.0,0.0,0.0,0.0,0.0,0.0,0.0,0.0,0.0,0.0,0.0,0.0,0.0,0.0,0.0,0.0,0.0,0.0,8.0,2.0,1.0
2287,19.202624300000043,0,8.4215,1.9198,2.259,1.7962,0.1797,0.003,0.0078,0.0002,0.0316,0.0443,0.002,0.0006,0.0095,0.0001,0.0014,0.0013,0.0,0.0002,0.0076,0.0016,0.0004,0.0001,0.0032,0.0823,0.0178,0.0,0.016,0.0,155.0,0.0,92.0,63.0,88.0,0.0,0.0,0.0,0.0,0.0,0.0,0.0,0.0,0.0,0.0,0.0,0.0,0.0,0.0,0.0,0.0,0.0,0.0,8.0,2.0,1.0
2288,19.211045800000043,0,8.1129,1.9775,2.0707,1.7463,0.2014,0.0045,0.01,0.0002,0.0296,0.0462,0.0019,0.0008,0.009,0.0001,0.0013,0.0018,0.0,0.0002,0.0078,0.001,0.0004,0.0005,0.0031,0.0847,0.0236,0.0,0.0126,0.0,155.0,0.0,92.0,63.0,88.0,0.0,0.0,0.0,0.0,0.0,0.0,0.0,0.0,0.0,0.0,0.0,0.0,0.0,0.0,0.0,0.0,0.0,0.0,8.0,2.0,1.0
2289,19.219158700000044,0,8.4901,1.9102,2.1747,1.7296,0.2009,0.0033,0.0089,0.0002,0.0295,0.0445,0.0022,0.0009,0.0108,0.0002,0.0015,0.0013,0.0001,0.0001,0.0081,0.0012,0.0005,0.0,0.0038,0.0908,0.0206,0.0001,0.0139,0.0,155.0,0.0,92.0,63.0,88.0,0.0,0.0,0.0,0.0,0.0,0.0,0.0,0.0,0.0,0.0,0.0,0.0,0.0,0.0,0.0,0.0,0.0,0.0,8.0,2.0,1.0
2290,19.227648800000043,0,8.7499,1.9115,2.556,1.8446,0.1901,0.0025,0.0083,0.0001,0.0358,0.0488,0.0018,0.0007,0.0099,0.0001,0.0014,0.0018,0.0001,0.0001,0.008,0.0016,0.0004,0.0,0.0036,0.089,0.0187,0.0,0.0135,0.0,155.0,0.0,92.0,63.0,88.0,0.0,0.0,0.0,0.0,0.0,0.0,0.0,0.0,0.0,0.0,0.0,0.0,0.0,0.0,0.0,0.0,0.0,0.0,8.0,2.0,1.0
2291,19.236398700000045,0,7.964,2.044,2.194,1.7319,0.1717,0.0031,0.0083,0.0002,0.026,0.0399,0.0017,0.0007,0.0089,0.0001,0.0013,0.0018,0.0,0.0001,0.0079,0.0015,0.0004,0.0001,0.0032,0.0764,0.0192,0.0,0.0144,0.0,155.0,0.0,92.0,63.0,88.0,0.0,0.0,0.0,0.0,0.0,0.0,0.0,0.0,0.0,0.0,0.0,0.0,0.0,0.0,0.0,0.0,0.0,0.0,8.0,2.0,1.0
2292,19.244362700000046,0,8.6561,1.771,2.4951,1.7952,0.2438,0.0032,0.0071,0.0001,0.0532,0.0662,0.0028,0.0006,0.0113,0.0001,0.0019,0.0017,0.0001,0.0002,0.0092,0.0014,0.001,0.0001,0.004,0.1131,0.0364,0.0,0.0157,0.0,155.0,0.0,92.0,63.0,88.0,0.0,0.0,0.0,0.0,0.0,0.0,0.0,0.0,0.0,0.0,0.0,0.0,0.0,0.0,0.0,0.0,0.0,0.0,8.0,2.0,1.0
2293,19.253018800000046,0,7.8248,1.8582,2.1201,1.8512,0.1972,0.0028,0.008,0.0002,0.0313,0.0445,0.002,0.0007,0.0102,0.0002,0.0018,0.0014,0.0,0.0001,0.0098,0.0013,0.0006,0.0,0.005,0.0914,0.0242,0.0001,0.0131,0.0,155.0,0.0,92.0,63.0,86.0,0.0,0.0,0.0,0.0,0.0,0.0,0.0,0.0,0.0,0.0,0.0,0.0,0.0,0.0,0.0,0.0,0.0,0.0,8.0,2.0,1.0
2294,19.260843600000047,0,8.5833,1.9504,2.1495,1.842,0.1843,0.0024,0.0078,0.0002,0.0373,0.0496,0.0018,0.0006,0.0088,0.0007,0.0012,0.0014,0.0,0.0003,0.0073,0.0011,0.0004,0.0001,0.0031,0.0863,0.0196,0.0001,0.0124,0.0,155.0,0.0,92.0,63.0,86.0,0.0,0.0,0.0,0.0,0.0,0.0,0.0,0.0,0.0,0.0,0.0,0.0,0.0,0.0,0.0,0.0,0.0,0.0,8.0,2.0,1.0
2295,19.26942690000005,0,8.0886,1.8029,2.0978,1.7682,0.1808,0.003,0.0076,0.0002,0.0317,0.0443,0.0019,0.0005,0.0085,0.0001,0.0016,0.0018,0.0001,0.0001,0.0079,0.0011,0.0005,0.0001,0.0031,0.0834,0.0214,0.0001,0.0126,0.0,155.0,0.0,92.0,63.0,86.0,0.0,0.0,0.0,0.0,0.0,0.0,0.0,0.0,0.0,0.0,0.0,0.0,0.0,0.0,0.0,0.0,0.0,0.0,8.0,2.0,1.0
2296,19.27751550000005,0,8.4698,1.7694,2.1251,1.7586,0.2142,0.0029,0.0078,0.0003,0.0393,0.0525,0.002,0.0007,0.0094,0.0001,0.0013,0.0019,0.0,0.0001,0.0079,0.0011,0.0008,0.0,0.0031,0.0916,0.023,0.0001,0.0136,0.0,155.0,0.0,92.0,63.0,86.0,0.0,0.0,0.0,0.0,0.0,0.0,0.0,0.0,0.0,0.0,0.0,0.0,0.0,0.0,0.0,0.0,0.0,0.0,8.0,2.0,1.0
2297,19.28598530000005,0,8.5204,1.7374,2.3446,1.7094,0.1894,0.0029,0.0083,0.0002,0.0306,0.0445,0.0025,0.0009,0.0094,0.0002,0.0015,0.0017,0.0,0.0001,0.0082,0.0011,0.0005,0.0001,0.0032,0.0864,0.0193,0.0001,0.013,0.0,155.0,0.0,92.0,63.0,86.0,0.0,0.0,0.0,0.0,0.0,0.0,0.0,0.0,0.0,0.0,0.0,0.0,0.0,0.0,0.0,0.0,0.0,0.0,8.0,2.0,1.0
2298,19.294505700000048,0,8.3151,1.8459,2.2326,1.8884,0.1942,0.0029,0.0082,0.0002,0.0397,0.053,0.0018,0.0009,0.0096,0.0001,0.0019,0.0016,0.0,0.0001,0.0077,0.0017,0.0005,0.0,0.0033,0.093,0.0169,0.0,0.0143,0.0,155.0,0.0,92.0,63.0,86.0,0.0,0.0,0.0,0.0,0.0,0.0,0.0,0.0,0.0,0.0,0.0,0.0,0.0,0.0,0.0,0.0,0.0,0.0,8.0,2.0,1.0
2299,19.30282080000005,0,8.0441,1.8702,2.1456,1.826,0.1893,0.0032,0.0092,0.0002,0.0275,0.042,0.0022,0.0008,0.0106,0.0001,0.0012,0.0015,0.0,0.0001,0.0081,0.0016,0.0005,0.0001,0.0039,0.0847,0.0191,0.0001,0.0114,0.0,155.0,0.0,92.0,63.0,86.0,0.0,0.0,0.0,0.0,0.0,0.0,0.0,0.0,0.0,0.0,0.0,0.0,0.0,0.0,0.0,0.0,0.0,0.0,8.0,2.0,1.0
2300,19.31086490000005,0,8.5689,1.9717,2.3051,1.7669,0.1816,0.003,0.0079,0.0002,0.0358,0.0487,0.0019,0.0005,0.0097,0.0001,0.0012,0.0018,0.0001,0.0001,0.0074,0.001,0.0005,0.0001,0.003,0.0874,0.018,0.0,0.0139,0.0,155.0,0.0,92.0,63.0,86.0,0.0,0.0,0.0,0.0,0.0,0.0,0.0,0.0,0.0,0.0,0.0,0.0,0.0,0.0,0.0,0.0,0.0,0.0,8.0,2.0,1.0
2301,19.31943380000005,0,8.2768,1.826,2.2024,1.7675,0.1943,0.0047,0.0083,0.0002,0.036,0.0512,0.0024,0.0013,0.0119,0.0001,0.0015,0.002,0.0001,0.0001,0.0073,0.0013,0.0009,0.0001,0.0038,0.0958,0.0218,0.0001,0.015,0.0,155.0,0.0,92.0,63.0,86.0,0.0,0.0,0.0,0.0,0.0,0.0,0.0,0.0,0.0,0.0,0.0,0.0,0.0,0.0,0.0,0.0,0.0,0.0,8.0,2.0,1.0
2302,19.32771060000005,0,8.2517,1.7438,2.1426,1.7805,0.2098,0.0033,0.0097,0.0007,0.042,0.0579,0.0026,0.0008,0.011,0.0001,0.0013,0.0017,0.0001,0.0001,0.0073,0.0017,0.0005,0.0001,0.0042,0.1002,0.0204,0.0,0.0136,0.0,155.0,0.0,92.0,63.0,86.0,0.0,0.0,0.0,0.0,0.0,0.0,0.0,0.0,0.0,0.0,0.0,0.0,0.0,0.0,0.0,0.0,0.0,0.0,8.0,2.0,1.0
2303,19.33596230000005,0,8.4413,1.793,2.2419,1.7342,0.1846,0.0042,0.0086,0.0001,0.032,0.0469,0.0019,0.0006,0.0093,0.0002,0.0015,0.0015,0.0001,0.0002,0.0078,0.0017,0.0004,0.0001,0.0031,0.085,0.0207,0.0001,0.015,0.0,155.0,0.0,92.0,63.0,86.0,0.0,0.0,0.0,0.0,0.0,0.0,0.0,0.0,0.0,0.0,0.0,0.0,0.0,0.0,0.0,0.0,0.0,0.0,8.0,2.0,1.0
2304,19.34440360000005,0,8.332,1.8859,2.2292,1.8009,0.1838,0.004,0.0078,0.0003,0.0365,0.0507,0.0019,0.0006,0.0097,0.0002,0.001,0.0019,0.0,0.0001,0.0075,0.001,0.0009,0.0,0.0031,0.0883,0.0212,0.0,0.0138,0.0,155.0,0.0,92.0,63.0,86.0,0.0,0.0,0.0,0.0,0.0,0.0,0.0,0.0,0.0,0.0,0.0,0.0,0.0,0.0,0.0,0.0,0.0,0.0,8.0,2.0,1.0
2305,19.35273560000005,0,8.4411,1.8911,2.3999,1.7947,0.2104,0.0034,0.0099,0.0002,0.0304,0.0461,0.0023,0.001,0.0118,0.0001,0.0015,0.0016,0.0,0.0001,0.0087,0.0013,0.0009,0.0001,0.0038,0.0924,0.0217,0.0,0.0138,0.0,155.0,0.0,92.0,63.0,86.0,0.0,0.0,0.0,0.0,0.0,0.0,0.0,0.0,0.0,0.0,0.0,0.0,0.0,0.0,0.0,0.0,0.0,0.0,8.0,2.0,1.0
2306,19.361176700000048,0,8.1692,1.8486,2.1346,1.7866,0.1924,0.0027,0.0084,0.0002,0.0363,0.0504,0.002,0.0012,0.0099,0.0002,0.0018,0.0014,0.0,0.0001,0.008,0.0015,0.0004,0.0,0.0032,0.0899,0.0225,0.0001,0.0104,0.0,155.0,0.0,92.0,63.0,86.0,0.0,0.0,0.0,0.0,0.0,0.0,0.0,0.0,0.0,0.0,0.0,0.0,0.0,0.0,0.0,0.0,0.0,0.0,8.0,2.0,1.0
2307,19.36934590000005,0,8.2432,1.814,2.1371,1.7675,0.183,0.0033,0.0083,0.0002,0.0297,0.0439,0.0019,0.0006,0.0091,0.0001,0.0012,0.0014,0.0,0.0001,0.0072,0.0011,0.0008,0.0,0.0033,0.0808,0.0235,0.0,0.0114,0.0,155.0,0.0,92.0,63.0,86.0,0.0,0.0,0.0,0.0,0.0,0.0,0.0,0.0,0.0,0.0,0.0,0.0,0.0,0.0,0.0,0.0,0.0,0.0,8.0,2.0,1.0
2308,19.377589100000048,0,8.349,1.7885,2.1896,1.7136,0.1823,0.003,0.0063,0.0002,0.0405,0.0518,0.0019,0.0007,0.0094,0.0001,0.0014,0.0016,0.0001,0.0001,0.0071,0.0011,0.0005,0.0,0.0031,0.0889,0.0219,0.0001,0.0146,0.0,155.0,0.0,92.0,63.0,86.0,0.0,0.0,0.0,0.0,0.0,0.0,0.0,0.0,0.0,0.0,0.0,0.0,0.0,0.0,0.0,0.0,0.0,0.0,8.0,2.0,1.0
2309,19.385938100000047,0,8.4693,1.8238,2.1601,1.8695,0.1796,0.0031,0.0081,0.0001,0.0301,0.0437,0.0019,0.0006,0.0089,0.0001,0.0014,0.0016,0.0,0.0001,0.0076,0.0015,0.0004,0.0001,0.0034,0.0815,0.0211,0.0001,0.0133,0.0,155.0,0.0,92.0,63.0,86.0,0.0,0.0,0.0,0.0,0.0,0.0,0.0,0.0,0.0,0.0,0.0,0.0,0.0,0.0,0.0,0.0,0.0,0.0,8.0,2.0,1.0
2310,19.39440740000005,0,8.1938,1.8654,2.1433,1.7462,0.2084,0.0026,0.0059,0.0003,0.0559,0.0662,0.0031,0.0008,0.0109,0.0001,0.0012,0.0019,0.0001,0.0001,0.0073,0.0013,0.0009,0.0,0.0037,0.1075,0.0239,0.0001,0.0135,0.0,155.0,0.0,92.0,63.0,86.0,0.0,0.0,0.0,0.0,0.0,0.0,0.0,0.0,0.0,0.0,0.0,0.0,0.0,0.0,0.0,0.0,0.0,0.0,8.0,2.0,1.0
2311,19.40260120000005,0,8.3359,1.804,2.1597,1.7206,0.1982,0.0032,0.0089,0.0002,0.0336,0.048,0.0025,0.0008,0.0105,0.0002,0.0013,0.0018,0.0,0.0001,0.0082,0.0015,0.0004,0.0001,0.0038,0.0909,0.023,0.0,0.014,0.0,155.0,0.0,92.0,63.0,86.0,0.0,0.0,0.0,0.0,0.0,0.0,0.0,0.0,0.0,0.0,0.0,0.0,0.0,0.0,0.0,0.0,0.0,0.0,8.0,2.0,1.0
2312,19.410937100000048,0,8.4706,1.8903,2.1327,1.7509,0.2117,0.0029,0.0092,0.0003,0.0423,0.0571,0.0021,0.0007,0.01,0.0002,0.0017,0.0018,0.0001,0.0001,0.0099,0.0011,0.0006,0.0001,0.0034,0.1002,0.0257,0.0,0.0137,0.0,155.0,0.0,92.0,63.0,86.0,0.0,0.0,0.0,0.0,0.0,0.0,0.0,0.0,0.0,0.0,0.0,0.0,0.0,0.0,0.0,0.0,0.0,0.0,8.0,2.0,1.0
2313,19.419407700000047,0,8.1913,1.9953,2.1606,1.9364,0.1913,0.0027,0.0078,0.0002,0.0314,0.0451,0.0019,0.0006,0.0102,0.0001,0.0014,0.002,0.0,0.0001,0.0083,0.0016,0.0004,0.0001,0.0032,0.0858,0.0212,0.0,0.0125,0.0,155.0,0.0,92.0,63.0,86.0,0.0,0.0,0.0,0.0,0.0,0.0,0.0,0.0,0.0,0.0,0.0,0.0,0.0,0.0,0.0,0.0,0.0,0.0,8.0,2.0,1.0
2314,19.427599000000047,0,8.4912,1.9543,2.2429,1.7868,0.2986,0.0029,0.0091,0.0003,0.0431,0.0577,0.0878,0.0011,0.0975,0.0001,0.0018,0.0019,0.0002,0.0001,0.009,0.0013,0.0004,0.0001,0.0039,0.1879,0.0226,0.0,0.0136,0.0,155.0,0.0,92.0,63.0,86.0,0.0,0.0,0.0,0.0,0.0,0.0,0.0,0.0,0.0,0.0,0.0,0.0,0.0,0.0,0.0,0.0,0.0,0.0,8.0,2.0,1.0
2315,19.43609020000005,0,8.405,1.9411,2.2388,1.7897,0.1873,0.0033,0.0076,0.0002,0.0275,0.0409,0.0024,0.0006,0.0092,0.0002,0.0012,0.0021,0.0001,0.0001,0.0075,0.0012,0.0005,0.0001,0.0033,0.0802,0.0221,0.0001,0.0148,0.0,155.0,0.0,92.0,63.0,86.0,0.0,0.0,0.0,0.0,0.0,0.0,0.0,0.0,0.0,0.0,0.0,0.0,0.0,0.0,0.0,0.0,0.0,0.0,8.0,2.0,1.0
2316,19.44449520000005,0,8.1747,1.8194,2.232,1.7967,0.2111,0.0029,0.0092,0.0002,0.0396,0.0538,0.0023,0.0008,0.0094,0.0001,0.0013,0.0016,0.0001,0.0001,0.0082,0.0013,0.0004,0.0001,0.0036,0.0995,0.0251,0.0001,0.015,0.0,155.0,0.0,92.0,63.0,86.0,0.0,0.0,0.0,0.0,0.0,0.0,0.0,0.0,0.0,0.0,0.0,0.0,0.0,0.0,0.0,0.0,0.0,0.0,8.0,2.0,1.0
2317,19.45266990000005,0,8.1885,1.8593,2.1462,1.7719,0.2061,0.0031,0.0093,0.0003,0.0302,0.0456,0.0027,0.0009,0.011,0.0002,0.0019,0.0017,0.0002,0.0002,0.0085,0.0013,0.001,0.0001,0.0038,0.0907,0.0243,0.0,0.0136,0.0,155.0,0.0,92.0,63.0,86.0,0.0,0.0,0.0,0.0,0.0,0.0,0.0,0.0,0.0,0.0,0.0,0.0,0.0,0.0,0.0,0.0,0.0,0.0,8.0,2.0,1.0
2318,19.46085840000005,0,8.4103,1.9326,2.0712,1.7608,0.2447,0.0028,0.0078,0.0002,0.0551,0.0677,0.0029,0.0012,0.0133,0.0001,0.0025,0.0016,0.0001,0.0002,0.0078,0.0018,0.0005,0.0001,0.0064,0.1222,0.0346,0.0001,0.013,0.0,155.0,0.0,92.0,63.0,86.0,0.0,0.0,0.0,0.0,0.0,0.0,0.0,0.0,0.0,0.0,0.0,0.0,0.0,0.0,0.0,0.0,0.0,0.0,8.0,2.0,1.0
2319,19.46926870000005,0,8.3862,1.7834,2.0889,1.7946,0.1956,0.0027,0.0084,0.0002,0.0374,0.051,0.0025,0.0008,0.0101,0.0002,0.0014,0.0022,0.0001,0.0001,0.007,0.0013,0.0005,0.0001,0.0035,0.091,0.0221,0.0,0.0131,0.0,155.0,0.0,92.0,63.0,86.0,0.0,0.0,0.0,0.0,0.0,0.0,0.0,0.0,0.0,0.0,0.0,0.0,0.0,0.0,0.0,0.0,0.0,0.0,8.0,2.0,1.0
2320,19.47765490000005,0,8.278,1.7835,2.1402,1.7781,0.1962,0.0027,0.0078,0.0003,0.0431,0.0559,0.0024,0.001,0.0111,0.0006,0.0012,0.0016,0.0001,0.0002,0.0071,0.0012,0.0004,0.0001,0.0031,0.0962,0.0218,0.0,0.0134,0.0,155.0,0.0,92.0,63.0,86.0,0.0,0.0,0.0,0.0,0.0,0.0,0.0,0.0,0.0,0.0,0.0,0.0,0.0,0.0,0.0,0.0,0.0,0.0,8.0,2.0,1.0
2321,19.48593290000005,0,8.7257,1.7705,2.3799,1.9991,0.1926,0.003,0.009,0.0001,0.0295,0.0443,0.002,0.0007,0.0095,0.0001,0.0019,0.0015,0.0001,0.0001,0.0082,0.0012,0.0006,0.0002,0.0035,0.0851,0.0211,0.0,0.0139,0.0,155.0,0.0,92.0,63.0,86.0,0.0,0.0,0.0,0.0,0.0,0.0,0.0,0.0,0.0,0.0,0.0,0.0,0.0,0.0,0.0,0.0,0.0,0.0,8.0,2.0,1.0
2322,19.49465860000005,0,8.6982,1.9333,2.9238,1.8799,0.2135,0.0029,0.0069,0.0003,0.0418,0.0546,0.0026,0.0008,0.0105,0.0002,0.0014,0.0022,0.0001,0.0001,0.0082,0.0011,0.0004,0.0001,0.0034,0.1027,0.0245,0.0001,0.0132,0.0,155.0,0.0,92.0,63.0,84.0,0.0,0.0,0.0,0.0,0.0,0.0,0.0,0.0,0.0,0.0,0.0,0.0,0.0,0.0,0.0,0.0,0.0,0.0,8.0,2.0,1.0
2323,19.503356800000052,0,7.558,2.017,2.1603,1.8803,0.191,0.003,0.0083,0.0002,0.0377,0.0512,0.0021,0.0006,0.0093,0.0001,0.0015,0.0016,0.0001,0.0001,0.0079,0.0013,0.0005,0.0001,0.0031,0.0912,0.0218,0.0,0.0134,0.0,155.0,0.0,92.0,63.0,84.0,0.0,0.0,0.0,0.0,0.0,0.0,0.0,0.0,0.0,0.0,0.0,0.0,0.0,0.0,0.0,0.0,0.0,0.0,8.0,2.0,1.0
2324,19.51091480000005,0,8.4156,1.8561,2.1389,1.8459,0.193,0.0026,0.0084,0.0003,0.0394,0.0527,0.002,0.0008,0.0101,0.0001,0.0016,0.0016,0.0001,0.0001,0.0079,0.0012,0.0005,0.0001,0.0032,0.0937,0.0211,0.0,0.0129,0.0,155.0,0.0,92.0,63.0,84.0,0.0,0.0,0.0,0.0,0.0,0.0,0.0,0.0,0.0,0.0,0.0,0.0,0.0,0.0,0.0,0.0,0.0,0.0,8.0,2.0,1.0
2325,19.51933040000005,0,8.2173,1.8109,2.1009,1.8383,0.1908,0.0031,0.0093,0.0002,0.0258,0.0412,0.0021,0.0007,0.01,0.0001,0.0015,0.0021,0.0001,0.0001,0.008,0.0018,0.0005,0.0002,0.0034,0.0833,0.0184,0.0,0.0132,0.0,155.0,0.0,92.0,63.0,84.0,0.0,0.0,0.0,0.0,0.0,0.0,0.0,0.0,0.0,0.0,0.0,0.0,0.0,0.0,0.0,0.0,0.0,0.0,8.0,2.0,1.0
2326,19.52754770000005,0,8.5581,1.8149,2.2198,1.7342,0.2088,0.0031,0.0075,0.0003,0.0458,0.0591,0.0024,0.0008,0.0109,0.0001,0.0017,0.0016,0.0001,0.0002,0.0082,0.0012,0.0004,0.0003,0.0032,0.1016,0.0218,0.0001,0.0124,0.0,155.0,0.0,92.0,63.0,84.0,0.0,0.0,0.0,0.0,0.0,0.0,0.0,0.0,0.0,0.0,0.0,0.0,0.0,0.0,0.0,0.0,0.0,0.0,8.0,2.0,1.0
2327,19.536105800000048,0,8.1945,1.8185,2.1838,1.8097,0.1796,0.0033,0.0079,0.0002,0.028,0.0421,0.0019,0.0008,0.01,0.0001,0.0019,0.0015,0.0,0.0001,0.0083,0.0012,0.0005,0.0001,0.0032,0.0821,0.0202,0.0,0.0132,0.0,155.0,0.0,92.0,63.0,84.0,0.0,0.0,0.0,0.0,0.0,0.0,0.0,0.0,0.0,0.0,0.0,0.0,0.0,0.0,0.0,0.0,0.0,0.0,8.0,2.0,1.0
2328,19.544300300000046,0,8.3457,1.7817,2.1212,1.8344,0.2112,0.0029,0.0096,0.0002,0.0431,0.0584,0.0027,0.0007,0.0111,0.0001,0.0013,0.002,0.0002,0.0001,0.0081,0.0019,0.0004,0.0001,0.0039,0.1028,0.0237,0.0001,0.012,0.0,155.0,0.0,92.0,63.0,84.0,0.0,0.0,0.0,0.0,0.0,0.0,0.0,0.0,0.0,0.0,0.0,0.0,0.0,0.0,0.0,0.0,0.0,0.0,8.0,2.0,1.0
2329,19.552646000000045,0,8.3499,1.8103,2.1819,1.8251,0.1908,0.0031,0.0078,0.0003,0.0322,0.0456,0.0027,0.0007,0.01,0.0002,0.0013,0.0021,0.0001,0.0001,0.0076,0.0012,0.0008,0.0001,0.0031,0.0854,0.02,0.0,0.0127,0.0,155.0,0.0,92.0,63.0,84.0,0.0,0.0,0.0,0.0,0.0,0.0,0.0,0.0,0.0,0.0,0.0,0.0,0.0,0.0,0.0,0.0,0.0,0.0,8.0,2.0,1.0
2330,19.560995900000044,0,8.5932,2.0592,2.3139,1.9351,0.2092,0.0033,0.0083,0.0002,0.0385,0.0534,0.0028,0.0009,0.0105,0.0001,0.0015,0.0022,0.0001,0.0001,0.0078,0.0015,0.0005,0.0001,0.0035,0.0958,0.0219,0.0,0.0142,0.0,155.0,0.0,92.0,63.0,84.0,0.0,0.0,0.0,0.0,0.0,0.0,0.0,0.0,0.0,0.0,0.0,0.0,0.0,0.0,0.0,0.0,0.0,0.0,8.0,2.0,1.0
2331,19.569589100000044,0,8.1514,1.9861,2.2815,1.9306,0.1901,0.0027,0.0075,0.0003,0.0293,0.0431,0.0019,0.0007,0.0092,0.0001,0.0019,0.0014,0.0001,0.0002,0.0089,0.0012,0.0005,0.0,0.0032,0.0845,0.0214,0.0,0.0132,0.0,155.0,0.0,92.0,63.0,84.0,0.0,0.0,0.0,0.0,0.0,0.0,0.0,0.0,0.0,0.0,0.0,0.0,0.0,0.0,0.0,0.0,0.0,0.0,8.0,2.0,1.0
2332,19.577740500000044,0,8.3928,1.8766,2.3473,1.9145,0.1931,0.0028,0.0075,0.0002,0.0408,0.0541,0.002,0.0014,0.0105,0.0002,0.0018,0.0015,0.0001,0.0001,0.0079,0.0014,0.0004,0.0,0.0031,0.0942,0.021,0.0,0.012,0.0,155.0,0.0,92.0,63.0,84.0,0.0,0.0,0.0,0.0,0.0,0.0,0.0,0.0,0.0,0.0,0.0,0.0,0.0,0.0,0.0,0.0,0.0,0.0,8.0,2.0,1.0
2333,19.586133300000043,0,8.116,1.8013,2.0639,1.8401,0.2057,0.003,0.0081,0.0002,0.0423,0.0565,0.003,0.0007,0.0119,0.0002,0.002,0.0015,0.0,0.0004,0.007,0.0014,0.0004,0.0,0.0031,0.098,0.0227,0.0001,0.0136,0.0,155.0,0.0,92.0,63.0,84.0,0.0,0.0,0.0,0.0,0.0,0.0,0.0,0.0,0.0,0.0,0.0,0.0,0.0,0.0,0.0,0.0,0.0,0.0,8.0,2.0,1.0
2334,19.594249300000044,0,8.4316,1.8822,2.1812,1.7987,0.1994,0.003,0.0078,0.0002,0.043,0.0563,0.0021,0.0007,0.0082,0.0001,0.0012,0.0019,0.0001,0.0002,0.0079,0.0011,0.0005,0.0,0.0031,0.0939,0.0208,0.0001,0.0141,0.0,155.0,0.0,92.0,63.0,84.0,0.0,0.0,0.0,0.0,0.0,0.0,0.0,0.0,0.0,0.0,0.0,0.0,0.0,0.0,0.0,0.0,0.0,0.0,8.0,2.0,1.0
2335,19.602680900000045,0,8.3257,1.9306,2.1753,1.9063,0.187,0.0029,0.0083,0.0003,0.0302,0.0439,0.0024,0.0007,0.0095,0.0002,0.0015,0.0019,0.0001,0.0001,0.0083,0.0016,0.0004,0.0001,0.0031,0.0845,0.0218,0.0001,0.0131,0.0,155.0,0.0,92.0,63.0,84.0,0.0,0.0,0.0,0.0,0.0,0.0,0.0,0.0,0.0,0.0,0.0,0.0,0.0,0.0,0.0,0.0,0.0,0.0,8.0,2.0,1.0
2336,19.611006600000046,0,8.3664,1.7958,2.2011,1.8732,0.212,0.0027,0.0068,0.0002,0.0539,0.0658,0.0028,0.0007,0.0118,0.0002,0.0015,0.0016,0.0004,0.0001,0.0085,0.0018,0.0005,0.0001,0.0037,0.1116,0.0213,0.0,0.0125,0.0,155.0,0.0,92.0,63.0,84.0,0.0,0.0,0.0,0.0,0.0,0.0,0.0,0.0,0.0,0.0,0.0,0.0,0.0,0.0,0.0,0.0,0.0,0.0,8.0,2.0,1.0
2337,19.619373000000046,0,8.2717,1.7872,2.1132,1.8101,0.2002,0.0032,0.007,0.0002,0.036,0.049,0.0023,0.0006,0.0101,0.0001,0.0013,0.0014,0.0006,0.0001,0.0077,0.0012,0.0005,0.0001,0.0033,0.0897,0.0237,0.0001,0.0139,0.0,155.0,0.0,92.0,63.0,84.0,0.0,0.0,0.0,0.0,0.0,0.0,0.0,0.0,0.0,0.0,0.0,0.0,0.0,0.0,0.0,0.0,0.0,0.0,8.0,2.0,1.0
2338,19.627644700000047,0,8.3461,1.8573,2.2212,1.9591,0.1907,0.0026,0.0078,0.0002,0.0387,0.0513,0.002,0.0009,0.0094,0.0001,0.002,0.0015,0.0,0.0006,0.0073,0.0012,0.0005,0.0,0.0032,0.0898,0.0185,0.0,0.0134,0.0,155.0,0.0,92.0,63.0,84.0,0.0,0.0,0.0,0.0,0.0,0.0,0.0,0.0,0.0,0.0,0.0,0.0,0.0,0.0,0.0,0.0,0.0,0.0,8.0,2.0,1.0
2339,19.635990800000048,0,8.5177,1.7967,2.2768,1.8163,0.1899,0.0035,0.008,0.0003,0.0308,0.0455,0.002,0.0007,0.0106,0.0001,0.0019,0.0015,0.0,0.0001,0.0076,0.0016,0.0004,0.0001,0.0034,0.0866,0.0185,0.0001,0.0129,0.0,155.0,0.0,92.0,63.0,84.0,0.0,0.0,0.0,0.0,0.0,0.0,0.0,0.0,0.0,0.0,0.0,0.0,0.0,0.0,0.0,0.0,0.0,0.0,8.0,2.0,1.0
2340,19.644508500000047,0,8.1156,2.3349,2.1604,1.7633,0.1863,0.0028,0.0077,0.0002,0.0356,0.0488,0.002,0.0008,0.0101,0.0001,0.0012,0.0019,0.0001,0.0002,0.0072,0.0012,0.0005,0.0001,0.0033,0.0874,0.0216,0.0,0.013,0.0,155.0,0.0,92.0,63.0,84.0,0.0,0.0,0.0,0.0,0.0,0.0,0.0,0.0,0.0,0.0,0.0,0.0,0.0,0.0,0.0,0.0,0.0,0.0,8.0,2.0,1.0
2341,19.652624100000047,0,8.4959,1.9724,2.3261,1.8295,0.1841,0.0033,0.0062,0.0001,0.0336,0.0451,0.0017,0.0006,0.0088,0.0001,0.0013,0.0014,0.0002,0.0001,0.007,0.0011,0.0007,0.0,0.0033,0.0817,0.0213,0.0,0.0129,0.0,155.0,0.0,92.0,63.0,84.0,0.0,0.0,0.0,0.0,0.0,0.0,0.0,0.0,0.0,0.0,0.0,0.0,0.0,0.0,0.0,0.0,0.0,0.0,8.0,2.0,1.0
2342,19.661120000000047,0,8.3748,1.9214,2.2486,1.7575,0.2869,0.0026,0.0075,0.0002,0.0346,0.047,0.0019,0.0006,0.0085,0.0001,0.0017,0.0014,0.0001,0.0001,0.0964,0.0017,0.0007,0.0,0.0053,0.1797,0.0255,0.0001,0.0126,0.0,155.0,0.0,92.0,63.0,84.0,0.0,0.0,0.0,0.0,0.0,0.0,0.0,0.0,0.0,0.0,0.0,0.0,0.0,0.0,0.0,0.0,0.0,0.0,8.0,2.0,1.0
2343,19.669494800000045,0,8.178,1.863,2.2172,1.7897,0.2044,0.003,0.0086,0.0002,0.039,0.0532,0.0018,0.0008,0.0103,0.0001,0.0014,0.002,0.0001,0.0001,0.0079,0.0021,0.0005,0.0,0.0033,0.0944,0.0234,0.0001,0.0131,0.0,155.0,0.0,92.0,63.0,84.0,0.0,0.0,0.0,0.0,0.0,0.0,0.0,0.0,0.0,0.0,0.0,0.0,0.0,0.0,0.0,0.0,0.0,0.0,8.0,2.0,1.0
2344,19.677672800000046,0,8.2548,1.9551,2.1404,1.805,0.2059,0.0026,0.008,0.0002,0.0424,0.0556,0.0024,0.0009,0.0112,0.0002,0.0015,0.0016,0.0001,0.0001,0.0086,0.0013,0.0011,0.0,0.0036,0.1008,0.0216,0.0,0.0118,0.0,155.0,0.0,92.0,63.0,84.0,0.0,0.0,0.0,0.0,0.0,0.0,0.0,0.0,0.0,0.0,0.0,0.0,0.0,0.0,0.0,0.0,0.0,0.0,8.0,2.0,1.0
2345,19.685927600000046,0,8.7417,1.8189,2.4473,1.7475,0.1792,0.0027,0.0077,0.0002,0.0305,0.0438,0.0019,0.0006,0.0091,0.0001,0.0019,0.0014,0.0002,0.0006,0.0072,0.0012,0.0005,0.0,0.0032,0.0807,0.0193,0.0,0.0431,0.0,155.0,0.0,92.0,63.0,84.0,0.0,0.0,0.0,0.0,0.0,0.0,0.0,0.0,0.0,0.0,0.0,0.0,0.0,0.0,0.0,0.0,0.0,0.0,8.0,2.0,1.0
2346,19.694669300000047,0,7.9996,2.1346,2.2503,1.7384,0.1875,0.0037,0.0093,0.0002,0.0307,0.0466,0.0022,0.0007,0.0093,0.0001,0.0019,0.0014,0.0001,0.0001,0.0077,0.0011,0.0005,0.0,0.0033,0.0864,0.0208,0.0,0.0137,0.0,155.0,0.0,92.0,63.0,84.0,0.0,0.0,0.0,0.0,0.0,0.0,0.0,0.0,0.0,0.0,0.0,0.0,0.0,0.0,0.0,0.0,0.0,0.0,8.0,2.0,1.0
2347,19.70266890000005,0,8.2768,1.9132,2.0965,1.7687,0.1786,0.0025,0.0076,0.0001,0.0335,0.0457,0.0018,0.0005,0.0092,0.0002,0.0011,0.0019,0.0,0.0001,0.0075,0.0011,0.0003,0.0001,0.0034,0.084,0.0238,0.0,0.0137,0.0,155.0,0.0,92.0,63.0,84.0,0.0,0.0,0.0,0.0,0.0,0.0,0.0,0.0,0.0,0.0,0.0,0.0,0.0,0.0,0.0,0.0,0.0,0.0,8.0,2.0,1.0
2348,19.71094570000005,0,8.501,1.7771,2.2209,1.7553,0.28,0.003,0.008,0.0001,0.1232,0.1363,0.0023,0.0008,0.0117,0.0002,0.0015,0.0014,0.0,0.0001,0.0074,0.0014,0.0004,0.0001,0.0034,0.1781,0.0238,0.0001,0.0116,0.0,155.0,0.0,92.0,63.0,82.0,0.0,0.0,0.0,0.0,0.0,0.0,0.0,0.0,0.0,0.0,0.0,0.0,0.0,0.0,0.0,0.0,0.0,0.0,8.0,2.0,1.0
2349,19.71944670000005,0,8.3113,1.8252,2.3168,1.7985,0.1777,0.003,0.0076,0.0002,0.0284,0.0411,0.0019,0.0008,0.0101,0.0001,0.0014,0.0016,0.0001,0.0001,0.0077,0.0017,0.0004,0.0001,0.003,0.08,0.0224,0.0,0.0133,0.0,155.0,0.0,92.0,63.0,82.0,0.0,0.0,0.0,0.0,0.0,0.0,0.0,0.0,0.0,0.0,0.0,0.0,0.0,0.0,0.0,0.0,0.0,0.0,8.0,2.0,1.0
2350,19.727758000000048,0,8.2717,1.878,2.1336,1.8895,0.199,0.0035,0.0082,0.0002,0.0389,0.0535,0.002,0.0006,0.0105,0.0002,0.0018,0.0016,0.0001,0.0001,0.0077,0.0017,0.0005,0.0,0.0031,0.0946,0.0215,0.0,0.0124,0.0,155.0,0.0,92.0,63.0,82.0,0.0,0.0,0.0,0.0,0.0,0.0,0.0,0.0,0.0,0.0,0.0,0.0,0.0,0.0,0.0,0.0,0.0,0.0,8.0,2.0,1.0
2351,19.73602970000005,0,8.3778,1.8582,2.2882,1.7681,0.1874,0.0025,0.006,0.0002,0.0362,0.0473,0.002,0.0006,0.0108,0.0001,0.0018,0.0015,0.0001,0.0001,0.0075,0.0016,0.0005,0.0001,0.0031,0.0874,0.02,0.0,0.0129,0.0,155.0,0.0,92.0,63.0,82.0,0.0,0.0,0.0,0.0,0.0,0.0,0.0,0.0,0.0,0.0,0.0,0.0,0.0,0.0,0.0,0.0,0.0,0.0,8.0,2.0,1.0
2352,19.74440750000005,0,8.2525,1.9336,2.1233,1.8032,0.2268,0.0026,0.0074,0.0001,0.0809,0.0929,0.0023,0.0007,0.009,0.0001,0.0012,0.0015,0.0001,0.0005,0.0079,0.0011,0.0004,0.0,0.0031,0.1313,0.0214,0.0,0.012,0.0,155.0,0.0,92.0,63.0,82.0,0.0,0.0,0.0,0.0,0.0,0.0,0.0,0.0,0.0,0.0,0.0,0.0,0.0,0.0,0.0,0.0,0.0,0.0,8.0,2.0,1.0
2353,19.752660000000052,0,8.3863,1.7923,2.2292,1.7182,0.1779,0.003,0.0087,0.0001,0.0293,0.0435,0.0019,0.0006,0.0095,0.0002,0.0016,0.0014,0.0001,0.0001,0.0077,0.0016,0.0004,0.0001,0.003,0.0809,0.02,0.0,0.012,0.0,155.0,0.0,92.0,63.0,82.0,0.0,0.0,0.0,0.0,0.0,0.0,0.0,0.0,0.0,0.0,0.0,0.0,0.0,0.0,0.0,0.0,0.0,0.0,8.0,2.0,1.0
2354,19.761046300000054,0,8.6427,1.794,2.4768,1.7853,0.1935,0.0024,0.0082,0.0003,0.0402,0.0533,0.002,0.0007,0.0103,0.0001,0.0019,0.0015,0.0001,0.0001,0.0075,0.0016,0.0005,0.0,0.0033,0.0941,0.0212,0.0,0.0124,0.0,155.0,0.0,92.0,63.0,82.0,0.0,0.0,0.0,0.0,0.0,0.0,0.0,0.0,0.0,0.0,0.0,0.0,0.0,0.0,0.0,0.0,0.0,0.0,8.0,2.0,1.0
2355,19.769689000000053,0,8.1439,1.82,2.3615,1.7755,0.2352,0.0029,0.009,0.0002,0.0715,0.0868,0.0024,0.0007,0.0104,0.0002,0.0014,0.0023,0.0,0.0001,0.0081,0.0014,0.0005,0.0001,0.0037,0.13,0.0219,0.0,0.0127,0.0,155.0,0.0,92.0,63.0,82.0,0.0,0.0,0.0,0.0,0.0,0.0,0.0,0.0,0.0,0.0,0.0,0.0,0.0,0.0,0.0,0.0,0.0,0.0,8.0,2.0,1.0
2356,19.777832900000053,0,8.2157,1.7495,2.225,1.7807,0.1883,0.0026,0.0071,0.0002,0.039,0.0507,0.0018,0.0006,0.0091,0.0002,0.0011,0.0013,0.0,0.0001,0.0077,0.0011,0.0005,0.0001,0.0031,0.0883,0.0212,0.0,0.0124,0.0,155.0,0.0,92.0,63.0,82.0,0.0,0.0,0.0,0.0,0.0,0.0,0.0,0.0,0.0,0.0,0.0,0.0,0.0,0.0,0.0,0.0,0.0,0.0,8.0,2.0,1.0
2357,19.786048600000054,0,8.2908,1.7105,2.1223,1.8365,0.2729,0.0041,0.0147,0.0002,0.0426,0.0648,0.0024,0.0007,0.0093,0.0001,0.0023,0.0023,0.0001,0.0001,0.0081,0.0017,0.0004,0.0001,0.003,0.1111,0.0248,0.0001,0.0118,0.0,155.0,0.0,92.0,63.0,82.0,0.0,0.0,0.0,0.0,0.0,0.0,0.0,0.0,0.0,0.0,0.0,0.0,0.0,0.0,0.0,0.0,0.0,0.0,8.0,2.0,1.0
2358,19.794339400000055,0,8.3211,1.7973,2.1478,1.82,0.1993,0.0027,0.0089,0.0002,0.042,0.0561,0.0023,0.0008,0.0093,0.0001,0.0014,0.0014,0.0002,0.0001,0.0077,0.0012,0.0004,0.0001,0.0032,0.095,0.0218,0.0001,0.0123,0.0,155.0,0.0,92.0,63.0,82.0,0.0,0.0,0.0,0.0,0.0,0.0,0.0,0.0,0.0,0.0,0.0,0.0,0.0,0.0,0.0,0.0,0.0,0.0,8.0,2.0,1.0
2359,19.802660500000055,0,8.3051,1.8623,2.1403,1.8183,0.2136,0.003,0.0088,0.0001,0.0429,0.0572,0.0022,0.001,0.011,0.0001,0.0013,0.002,0.0,0.0002,0.0077,0.0014,0.0004,0.0,0.0032,0.0971,0.0369,0.0001,0.0133,0.0,155.0,0.0,92.0,63.0,82.0,0.0,0.0,0.0,0.0,0.0,0.0,0.0,0.0,0.0,0.0,0.0,0.0,0.0,0.0,0.0,0.0,0.0,0.0,8.0,2.0,1.0
2360,19.810965600000056,0,8.6789,1.9413,2.4277,1.9377,0.2209,0.0038,0.0086,0.0002,0.0431,0.0589,0.0021,0.0009,0.0109,0.0002,0.0018,0.0017,0.0001,0.0002,0.0084,0.0012,0.0005,0.0001,0.0032,0.1018,0.0223,0.0001,0.0128,0.0,155.0,0.0,92.0,63.0,82.0,0.0,0.0,0.0,0.0,0.0,0.0,0.0,0.0,0.0,0.0,0.0,0.0,0.0,0.0,0.0,0.0,0.0,0.0,8.0,2.0,1.0
2361,19.819644500000056,0,8.0309,1.9856,2.2667,1.9356,0.1949,0.0029,0.0084,0.0003,0.0373,0.051,0.0026,0.0012,0.0112,0.0002,0.0017,0.0015,0.0001,0.0001,0.0076,0.0017,0.0004,0.0001,0.0033,0.0918,0.0196,0.0,0.0126,0.0,155.0,0.0,92.0,63.0,82.0,0.0,0.0,0.0,0.0,0.0,0.0,0.0,0.0,0.0,0.0,0.0,0.0,0.0,0.0,0.0,0.0,0.0,0.0,8.0,2.0,1.0
2362,19.827675400000057,0,8.7906,2.2729,2.4953,1.9055,0.2039,0.003,0.0098,0.0001,0.0385,0.054,0.002,0.0006,0.0107,0.0001,0.0018,0.0016,0.0002,0.0001,0.0087,0.0012,0.0004,0.0001,0.0031,0.0965,0.019,0.0,0.0123,0.0,155.0,0.0,92.0,63.0,82.0,0.0,0.0,0.0,0.0,0.0,0.0,0.0,0.0,0.0,0.0,0.0,0.0,0.0,0.0,0.0,0.0,0.0,0.0,8.0,2.0,1.0
2363,19.83646600000006,0,7.8714,1.9302,2.2973,1.9894,0.1971,0.0037,0.0077,0.0002,0.0329,0.0466,0.0022,0.0007,0.0112,0.0002,0.0015,0.0014,0.0,0.0001,0.0081,0.0012,0.0004,0.0,0.0033,0.0872,0.0242,0.0001,0.0138,0.0,155.0,0.0,92.0,63.0,82.0,0.0,0.0,0.0,0.0,0.0,0.0,0.0,0.0,0.0,0.0,0.0,0.0,0.0,0.0,0.0,0.0,0.0,0.0,8.0,2.0,1.0
2364,19.844337400000057,0,8.4931,1.8431,2.246,1.7983,0.2069,0.0029,0.0082,0.0001,0.0456,0.0589,0.0026,0.0007,0.0094,0.0001,0.0014,0.0021,0.0001,0.0001,0.0085,0.0017,0.0005,0.0001,0.003,0.1,0.0226,0.0001,0.0118,0.0,155.0,0.0,92.0,63.0,82.0,0.0,0.0,0.0,0.0,0.0,0.0,0.0,0.0,0.0,0.0,0.0,0.0,0.0,0.0,0.0,0.0,0.0,0.0,8.0,2.0,1.0
2365,19.852830500000056,0,8.4684,1.9812,2.4348,1.8617,0.1923,0.0033,0.0088,0.0002,0.0305,0.0446,0.0024,0.0009,0.011,0.0001,0.0016,0.0017,0.0001,0.0001,0.008,0.0011,0.0005,0.0001,0.0031,0.0857,0.0225,0.0,0.0144,0.0,155.0,0.0,92.0,63.0,82.0,0.0,0.0,0.0,0.0,0.0,0.0,0.0,0.0,0.0,0.0,0.0,0.0,0.0,0.0,0.0,0.0,0.0,0.0,8.0,2.0,1.0
2366,19.861298900000058,0,8.2522,1.8393,2.3566,1.8468,0.2028,0.0029,0.0082,0.0003,0.0418,0.0554,0.002,0.0006,0.0102,0.0001,0.0013,0.0019,0.0001,0.0001,0.0074,0.0011,0.0005,0.0001,0.0032,0.0972,0.0221,0.0,0.0132,0.0,155.0,0.0,92.0,63.0,82.0,0.0,0.0,0.0,0.0,0.0,0.0,0.0,0.0,0.0,0.0,0.0,0.0,0.0,0.0,0.0,0.0,0.0,0.0,8.0,2.0,1.0
2367,19.86955110000006,0,8.0814,2.2757,2.1962,1.8994,0.2276,0.0042,0.0122,0.0002,0.0315,0.0511,0.0027,0.0009,0.0118,0.0002,0.0027,0.0017,0.0001,0.0005,0.0078,0.0012,0.0005,0.0001,0.0037,0.0964,0.0243,0.0,0.0126,0.0,155.0,0.0,92.0,63.0,82.0,0.0,0.0,0.0,0.0,0.0,0.0,0.0,0.0,0.0,0.0,0.0,0.0,0.0,0.0,0.0,0.0,0.0,0.0,8.0,2.0,1.0
2368,19.877632500000058,0,8.6157,2.1008,2.3786,1.7536,0.2106,0.0033,0.0074,0.0001,0.0489,0.0617,0.0023,0.0008,0.0119,0.0002,0.0015,0.0018,0.0,0.0001,0.0087,0.0012,0.001,0.0001,0.0037,0.1077,0.0225,0.0001,0.0122,0.0,155.0,0.0,92.0,63.0,82.0,0.0,0.0,0.0,0.0,0.0,0.0,0.0,0.0,0.0,0.0,0.0,0.0,0.0,0.0,0.0,0.0,0.0,0.0,8.0,2.0,1.0
2369,19.886248200000058,0,8.6161,2.3113,2.6231,2.0238,0.1997,0.0035,0.0083,0.0002,0.0343,0.0495,0.0031,0.0012,0.0128,0.0001,0.0014,0.0021,0.0002,0.0002,0.0077,0.0015,0.0006,0.0,0.0033,0.0945,0.0213,0.0,0.0134,0.0,155.0,0.0,92.0,63.0,82.0,0.0,0.0,0.0,0.0,0.0,0.0,0.0,0.0,0.0,0.0,0.0,0.0,0.0,0.0,0.0,0.0,0.0,0.0,8.0,2.0,1.0
2370,19.89486430000006,0,8.5068,2.2111,2.7167,1.8789,0.207,0.0035,0.0093,0.0002,0.0417,0.0576,0.0025,0.0009,0.0114,0.0002,0.0016,0.0015,0.0001,0.0001,0.0091,0.0013,0.0005,0.0001,0.0038,0.1016,0.0193,0.0,0.0127,0.0,155.0,0.0,92.0,63.0,82.0,0.0,0.0,0.0,0.0,0.0,0.0,0.0,0.0,0.0,0.0,0.0,0.0,0.0,0.0,0.0,0.0,0.0,0.0,8.0,2.0,1.0
2371,19.903371100000058,0,8.0473,1.9892,2.457,1.9057,0.2081,0.0034,0.0088,0.0001,0.0306,0.0459,0.002,0.0008,0.011,0.0001,0.0021,0.0016,0.0001,0.0006,0.0085,0.0012,0.0005,0.0002,0.0032,0.0901,0.025,0.0,0.0132,0.0,155.0,0.0,92.0,63.0,84.0,0.0,0.0,0.0,0.0,0.0,0.0,0.0,0.0,0.0,0.0,0.0,0.0,0.0,0.0,0.0,0.0,0.0,0.0,8.0,2.0,1.0
2372,19.91141840000006,0,8.3328,2.0766,2.559,1.8918,0.1955,0.0032,0.0079,0.0003,0.04,0.0536,0.002,0.0006,0.01,0.0007,0.0014,0.0014,0.0001,0.0001,0.0084,0.0012,0.0005,0.0001,0.0033,0.0945,0.0184,0.0,0.0145,0.0,155.0,0.0,92.0,63.0,84.0,0.0,0.0,0.0,0.0,0.0,0.0,0.0,0.0,0.0,0.0,0.0,0.0,0.0,0.0,0.0,0.0,0.0,0.0,8.0,2.0,1.0
2373,19.91975120000006,0,8.2263,1.9183,2.3667,1.8807,0.2028,0.0029,0.0081,0.0002,0.0356,0.0493,0.0022,0.0007,0.0115,0.0002,0.0015,0.0023,0.0002,0.0001,0.0082,0.0016,0.0004,0.0001,0.0031,0.092,0.0213,0.0,0.0139,0.0,155.0,0.0,92.0,63.0,84.0,0.0,0.0,0.0,0.0,0.0,0.0,0.0,0.0,0.0,0.0,0.0,0.0,0.0,0.0,0.0,0.0,0.0,0.0,8.0,2.0,1.0
2374,19.92797750000006,0,8.619,1.8974,2.5361,1.8586,0.2378,0.0035,0.0113,0.0003,0.0524,0.0704,0.0022,0.0008,0.0122,0.0003,0.0018,0.0021,0.0002,0.0001,0.0085,0.0014,0.0004,0.0001,0.0036,0.1176,0.0255,0.0,0.0145,0.0,155.0,0.0,92.0,63.0,84.0,0.0,0.0,0.0,0.0,0.0,0.0,0.0,0.0,0.0,0.0,0.0,0.0,0.0,0.0,0.0,0.0,0.0,0.0,8.0,2.0,1.0
2375,19.93659650000006,0,8.1167,2.2907,2.4722,2.1847,0.2096,0.0039,0.0085,0.0002,0.0337,0.0485,0.0018,0.0007,0.0105,0.0001,0.0015,0.0017,0.0002,0.0001,0.0085,0.0012,0.0005,0.0001,0.0034,0.0912,0.0221,0.0,0.0123,0.0,155.0,0.0,92.0,63.0,84.0,0.0,0.0,0.0,0.0,0.0,0.0,0.0,0.0,0.0,0.0,0.0,0.0,0.0,0.0,0.0,0.0,0.0,0.0,8.0,2.0,1.0
2376,19.94471320000006,0,8.3052,2.0349,2.5099,1.9788,0.2172,0.0027,0.0084,0.0003,0.053,0.0664,0.0028,0.0007,0.0115,0.0001,0.002,0.0017,0.0002,0.0001,0.0077,0.0016,0.0005,0.0001,0.0034,0.1091,0.0229,0.0,0.0132,0.0,155.0,0.0,92.0,63.0,84.0,0.0,0.0,0.0,0.0,0.0,0.0,0.0,0.0,0.0,0.0,0.0,0.0,0.0,0.0,0.0,0.0,0.0,0.0,8.0,2.0,1.0
2377,19.953018400000058,0,8.1821,1.9073,2.2766,1.9033,0.2009,0.003,0.0081,0.0002,0.0307,0.0442,0.0019,0.0007,0.0105,0.0001,0.002,0.0016,0.0002,0.0006,0.0078,0.0013,0.0005,0.0001,0.0038,0.0872,0.0254,0.0,0.0133,0.0,155.0,0.0,92.0,63.0,84.0,0.0,0.0,0.0,0.0,0.0,0.0,0.0,0.0,0.0,0.0,0.0,0.0,0.0,0.0,0.0,0.0,0.0,0.0,8.0,2.0,1.0
2378,19.961200500000057,0,8.2413,2.1706,2.2045,1.9336,0.1851,0.0029,0.008,0.0002,0.0363,0.0499,0.0019,0.0007,0.01,0.0001,0.0018,0.0014,0.0001,0.0001,0.0076,0.0016,0.0005,0.0,0.0034,0.0888,0.0202,0.0001,0.0128,0.0,155.0,0.0,92.0,63.0,84.0,0.0,0.0,0.0,0.0,0.0,0.0,0.0,0.0,0.0,0.0,0.0,0.0,0.0,0.0,0.0,0.0,0.0,0.0,8.0,2.0,1.0
2379,19.96944180000006,0,8.3668,1.8853,2.1438,1.7354,0.1885,0.0035,0.0081,0.0002,0.0288,0.0433,0.0019,0.0007,0.01,0.0001,0.0013,0.0016,0.0001,0.0001,0.0085,0.0011,0.0004,0.0,0.0033,0.0846,0.0206,0.0,0.0132,0.0,155.0,0.0,92.0,63.0,84.0,0.0,0.0,0.0,0.0,0.0,0.0,0.0,0.0,0.0,0.0,0.0,0.0,0.0,0.0,0.0,0.0,0.0,0.0,8.0,2.0,1.0
2380,19.97780860000006,0,8.6801,2.0665,2.4909,1.9298,0.2024,0.0028,0.008,0.0002,0.0403,0.0546,0.002,0.001,0.0116,0.0001,0.0014,0.0017,0.0001,0.0001,0.0089,0.0017,0.0004,0.0001,0.0032,0.0974,0.0232,0.0,0.0135,0.0,155.0,0.0,92.0,63.0,84.0,0.0,0.0,0.0,0.0,0.0,0.0,0.0,0.0,0.0,0.0,0.0,0.0,0.0,0.0,0.0,0.0,0.0,0.0,8.0,2.0,1.0
2381,19.98648870000006,0,7.9212,2.1546,2.2514,1.7882,0.1927,0.0032,0.0083,0.0003,0.034,0.0478,0.0018,0.0008,0.0095,0.0001,0.0015,0.0016,0.0001,0.0001,0.0081,0.001,0.0004,0.0002,0.0032,0.0886,0.0208,0.0,0.0119,0.0,155.0,0.0,92.0,63.0,84.0,0.0,0.0,0.0,0.0,0.0,0.0,0.0,0.0,0.0,0.0,0.0,0.0,0.0,0.0,0.0,0.0,0.0,0.0,8.0,2.0,1.0
2382,19.994409900000058,0,8.3851,1.9378,2.1733,1.7711,0.2137,0.0033,0.0086,0.0002,0.0407,0.0551,0.0022,0.001,0.0119,0.0001,0.0019,0.0018,0.0001,0.0001,0.0087,0.0013,0.0008,0.0001,0.004,0.1014,0.0212,0.0001,0.0124,0.0,155.0,0.0,92.0,63.0,84.0,0.0,0.0,0.0,0.0,0.0,0.0,0.0,0.0,0.0,0.0,0.0,0.0,0.0,0.0,0.0,0.0,0.0,0.0,8.0,2.0,1.0
2383,20.00279500000006,0,8.3273,2.0851,2.2153,1.9206,0.1754,0.0028,0.0086,0.0002,0.0261,0.0398,0.0021,0.0008,0.0093,0.0002,0.0012,0.002,0.0001,0.0001,0.0077,0.0011,0.0005,0.0,0.0032,0.0788,0.0214,0.0,0.0124,0.0,155.0,0.0,92.0,63.0,84.0,0.0,0.0,0.0,0.0,0.0,0.0,0.0,0.0,0.0,0.0,0.0,0.0,0.0,0.0,0.0,0.0,0.0,0.0,8.0,2.0,1.0
2384,20.01112230000006,0,8.4383,1.8558,2.2164,1.8782,0.1867,0.0028,0.0076,0.0003,0.0394,0.0523,0.0019,0.0006,0.0093,0.0002,0.0012,0.0015,0.0001,0.0001,0.008,0.0011,0.0004,0.0,0.0034,0.0914,0.0168,0.0,0.0113,0.0,155.0,0.0,92.0,63.0,84.0,0.0,0.0,0.0,0.0,0.0,0.0,0.0,0.0,0.0,0.0,0.0,0.0,0.0,0.0,0.0,0.0,0.0,0.0,8.0,2.0,1.0
2385,20.019560600000062,0,8.4481,1.8055,2.3601,1.8216,0.3365,0.0032,0.0114,0.0002,0.0337,0.051,0.0032,0.0019,0.0154,0.0001,0.0022,0.0021,0.0001,0.0002,0.0123,0.0017,0.0005,0.0001,0.0049,0.1091,0.0277,0.0,0.0129,0.0,155.0,0.0,92.0,63.0,84.0,0.0,0.0,0.0,0.0,0.0,0.0,0.0,0.0,0.0,0.0,0.0,0.0,0.0,0.0,0.0,0.0,0.0,0.0,8.0,2.0,1.0
2386,20.02800870000006,0,8.4293,1.9392,2.5286,1.7955,0.1981,0.0028,0.0087,0.0001,0.0374,0.0517,0.002,0.0008,0.0097,0.0001,0.0019,0.0016,0.0001,0.0002,0.0079,0.0012,0.0005,0.0001,0.0033,0.0911,0.0215,0.0,0.0411,0.0,155.0,0.0,92.0,63.0,84.0,0.0,0.0,0.0,0.0,0.0,0.0,0.0,0.0,0.0,0.0,0.0,0.0,0.0,0.0,0.0,0.0,0.0,0.0,8.0,2.0,1.0
2387,20.03643800000006,0,8.0757,2.013,2.2108,1.8723,0.2046,0.0024,0.006,0.0001,0.0426,0.0541,0.0028,0.0008,0.0108,0.0001,0.0015,0.0018,0.0001,0.0001,0.0087,0.0014,0.0005,0.0,0.0039,0.0981,0.0232,0.0,0.0119,0.0,155.0,0.0,92.0,63.0,84.0,0.0,0.0,0.0,0.0,0.0,0.0,0.0,0.0,0.0,0.0,0.0,0.0,0.0,0.0,0.0,0.0,0.0,0.0,8.0,2.0,1.0
2388,20.04451370000006,0,8.3564,2.0847,2.2933,1.8359,0.1872,0.0031,0.0076,0.0003,0.0373,0.051,0.0019,0.0007,0.0106,0.0002,0.0013,0.0014,0.0001,0.0001,0.0079,0.0022,0.0005,0.0,0.0031,0.0904,0.0214,0.0,0.0125,0.0,155.0,0.0,92.0,63.0,84.0,0.0,0.0,0.0,0.0,0.0,0.0,0.0,0.0,0.0,0.0,0.0,0.0,0.0,0.0,0.0,0.0,0.0,0.0,8.0,2.0,1.0
2389,20.05287010000006,0,8.3847,2.4007,2.279,1.7524,0.1988,0.0029,0.0089,0.0002,0.0308,0.0449,0.0024,0.0007,0.0108,0.0001,0.0021,0.0016,0.0001,0.0003,0.0086,0.0013,0.0009,0.0001,0.0036,0.0903,0.0208,0.0,0.0124,0.0,155.0,0.0,92.0,63.0,84.0,0.0,0.0,0.0,0.0,0.0,0.0,0.0,0.0,0.0,0.0,0.0,0.0,0.0,0.0,0.0,0.0,0.0,0.0,8.0,2.0,1.0
2390,20.06125480000006,0,8.2947,2.0236,2.194,1.7952,0.2172,0.0039,0.0083,0.0002,0.0491,0.0641,0.0027,0.0007,0.0127,0.0001,0.0014,0.0016,0.0002,0.0002,0.0088,0.0013,0.0005,0.0,0.0036,0.11,0.0245,0.0,0.0126,0.0,155.0,0.0,92.0,63.0,84.0,0.0,0.0,0.0,0.0,0.0,0.0,0.0,0.0,0.0,0.0,0.0,0.0,0.0,0.0,0.0,0.0,0.0,0.0,8.0,2.0,1.0
2391,20.06954950000006,0,8.3557,1.8536,2.2199,1.8242,0.2438,0.0031,0.0085,0.0003,0.0778,0.0922,0.0019,0.001,0.0111,0.0002,0.0017,0.0016,0.0001,0.0001,0.0086,0.001,0.0005,0.0,0.003,0.1325,0.0216,0.0001,0.0126,0.0,155.0,0.0,92.0,63.0,84.0,0.0,0.0,0.0,0.0,0.0,0.0,0.0,0.0,0.0,0.0,0.0,0.0,0.0,0.0,0.0,0.0,0.0,0.0,8.0,2.0,1.0
2392,20.07790520000006,0,8.3241,2.4341,2.3824,1.8875,0.1799,0.003,0.008,0.0002,0.0385,0.0519,0.0019,0.0005,0.0088,0.0001,0.0012,0.0013,0.0001,0.0001,0.0081,0.0012,0.0004,0.0001,0.0037,0.0896,0.0201,0.0,0.0128,0.0,155.0,0.0,92.0,63.0,84.0,0.0,0.0,0.0,0.0,0.0,0.0,0.0,0.0,0.0,0.0,0.0,0.0,0.0,0.0,0.0,0.0,0.0,0.0,8.0,2.0,1.0
2393,20.08622930000006,0,8.194,2.0217,2.1252,1.8261,0.19,0.0031,0.0075,0.0002,0.0343,0.0467,0.0022,0.0011,0.0117,0.0002,0.0018,0.0017,0.0001,0.0001,0.0081,0.0013,0.0005,0.0001,0.0033,0.0887,0.0236,0.0001,0.0125,0.0,155.0,0.0,92.0,63.0,84.0,0.0,0.0,0.0,0.0,0.0,0.0,0.0,0.0,0.0,0.0,0.0,0.0,0.0,0.0,0.0,0.0,0.0,0.0,8.0,2.0,1.0
2394,20.09442330000006,0,8.4685,1.8706,2.2234,1.8431,0.1824,0.0023,0.0078,0.0002,0.0388,0.051,0.002,0.0005,0.0098,0.0002,0.001,0.0018,0.0,0.0001,0.0072,0.0009,0.0005,0.0,0.003,0.0889,0.0174,0.0,0.0123,0.0,155.0,0.0,92.0,63.0,84.0,0.0,0.0,0.0,0.0,0.0,0.0,0.0,0.0,0.0,0.0,0.0,0.0,0.0,0.0,0.0,0.0,0.0,0.0,8.0,2.0,1.0
2395,20.10289180000006,0,8.3266,1.9908,2.2965,1.8958,0.1778,0.0027,0.0078,0.0002,0.0299,0.0428,0.0023,0.0007,0.0093,0.0001,0.0011,0.0014,0.0001,0.0001,0.0077,0.0012,0.0004,0.0001,0.0032,0.0802,0.0182,0.0,0.0119,0.0,155.0,0.0,92.0,63.0,84.0,0.0,0.0,0.0,0.0,0.0,0.0,0.0,0.0,0.0,0.0,0.0,0.0,0.0,0.0,0.0,0.0,0.0,0.0,8.0,2.0,1.0
2396,20.11121840000006,0,8.3258,1.8726,2.0862,1.7627,0.2189,0.0034,0.0103,0.0002,0.0488,0.0655,0.0025,0.0006,0.0102,0.0001,0.0014,0.0019,0.0,0.0002,0.0076,0.0011,0.0005,0.0001,0.0029,0.1066,0.0237,0.0001,0.013,0.0,155.0,0.0,92.0,63.0,84.0,0.0,0.0,0.0,0.0,0.0,0.0,0.0,0.0,0.0,0.0,0.0,0.0,0.0,0.0,0.0,0.0,0.0,0.0,8.0,2.0,1.0
2397,20.11954420000006,0,8.4775,1.8188,2.4091,2.0041,0.2008,0.0029,0.0074,0.0003,0.0372,0.0503,0.0021,0.0011,0.0115,0.0001,0.0017,0.0018,0.0001,0.0002,0.0085,0.0012,0.0005,0.0,0.0032,0.0927,0.0217,0.0,0.0144,0.0,155.0,0.0,92.0,63.0,84.0,0.0,0.0,0.0,0.0,0.0,0.0,0.0,0.0,0.0,0.0,0.0,0.0,0.0,0.0,0.0,0.0,0.0,0.0,8.0,2.0,1.0
2398,20.128021700000062,0,8.275,1.9722,2.41,1.8135,0.2041,0.0028,0.008,0.0002,0.0423,0.0556,0.0021,0.0012,0.0108,0.0001,0.002,0.0016,0.0002,0.0003,0.0081,0.0013,0.0004,0.0,0.0036,0.0979,0.0211,0.0001,0.0142,0.0,155.0,0.0,92.0,63.0,84.0,0.0,0.0,0.0,0.0,0.0,0.0,0.0,0.0,0.0,0.0,0.0,0.0,0.0,0.0,0.0,0.0,0.0,0.0,8.0,2.0,1.0
2399,20.136296700000063,0,8.2832,2.3408,2.2248,1.7623,0.1929,0.0027,0.0084,0.0003,0.0362,0.0505,0.0019,0.0006,0.0101,0.0001,0.0018,0.0016,0.0001,0.0002,0.0088,0.0012,0.0005,0.0,0.0031,0.0907,0.0235,0.0,0.0982,0.0,155.0,0.0,92.0,63.0,84.0,0.0,0.0,0.0,0.0,0.0,0.0,0.0,0.0,0.0,0.0,0.0,0.0,0.0,0.0,0.0,0.0,0.0,0.0,8.0,2.0,1.0
2400,20.144579900000064,0,8.3286,1.8882,2.2517,1.7845,0.2051,0.0029,0.0091,0.0002,0.0398,0.0543,0.0024,0.0006,0.0114,0.0001,0.0014,0.0016,0.0001,0.0001,0.0081,0.0011,0.0005,0.0,0.0037,0.0969,0.0208,0.0001,0.013,0.0,155.0,0.0,92.0,63.0,84.0,0.0,0.0,0.0,0.0,0.0,0.0,0.0,0.0,0.0,0.0,0.0,0.0,0.0,0.0,0.0,0.0,0.0,0.0,8.0,2.0,1.0
2401,20.152908500000063,0,8.33,1.8236,2.2776,1.7376,0.1751,0.004,0.0082,0.0001,0.0299,0.0442,0.002,0.0007,0.0101,0.0001,0.0012,0.0017,0.0,0.0001,0.007,0.001,0.0004,0.0,0.0033,0.083,0.0183,0.0,0.0989,0.0,155.0,0.0,92.0,63.0,84.0,0.0,0.0,0.0,0.0,0.0,0.0,0.0,0.0,0.0,0.0,0.0,0.0,0.0,0.0,0.0,0.0,0.0,0.0,8.0,2.0,1.0
2402,20.161238500000064,0,8.5957,2.2925,2.5456,1.8146,0.2014,0.0026,0.0061,0.0002,0.0462,0.0578,0.0023,0.0007,0.0106,0.0002,0.0018,0.0016,0.0,0.0001,0.0081,0.0013,0.0005,0.0001,0.0038,0.1014,0.0209,0.0001,0.0139,0.0,155.0,0.0,92.0,63.0,84.0,0.0,0.0,0.0,0.0,0.0,0.0,0.0,0.0,0.0,0.0,0.0,0.0,0.0,0.0,0.0,0.0,0.0,0.0,8.0,2.0,1.0
2403,20.169834200000064,0,8.0845,2.1627,2.3204,1.9153,0.1801,0.0032,0.0065,0.0004,0.0297,0.0417,0.0025,0.0007,0.0096,0.0001,0.0013,0.0021,0.0001,0.0001,0.0073,0.0011,0.0004,0.0001,0.0033,0.0812,0.0207,0.0,0.0124,0.0,155.0,0.0,92.0,63.0,84.0,0.0,0.0,0.0,0.0,0.0,0.0,0.0,0.0,0.0,0.0,0.0,0.0,0.0,0.0,0.0,0.0,0.0,0.0,8.0,2.0,1.0
2404,20.177918700000063,0,8.2679,1.9656,2.2302,1.9702,0.1897,0.0029,0.0079,0.0003,0.0391,0.0521,0.002,0.0007,0.0103,0.0001,0.002,0.0015,0.0001,0.0006,0.008,0.0011,0.0005,0.0,0.0036,0.0926,0.0185,0.0,0.0114,0.0,155.0,0.0,92.0,63.0,84.0,0.0,0.0,0.0,0.0,0.0,0.0,0.0,0.0,0.0,0.0,0.0,0.0,0.0,0.0,0.0,0.0,0.0,0.0,8.0,2.0,1.0
2405,20.186186600000063,0,8.2907,1.9165,2.1565,1.7475,0.18,0.0028,0.0077,0.0002,0.0293,0.0418,0.0019,0.0007,0.0092,0.0002,0.0018,0.0014,0.0001,0.0003,0.0078,0.0012,0.0004,0.0001,0.0031,0.0817,0.0216,0.0,0.0112,0.0,155.0,0.0,92.0,63.0,82.0,0.0,0.0,0.0,0.0,0.0,0.0,0.0,0.0,0.0,0.0,0.0,0.0,0.0,0.0,0.0,0.0,0.0,0.0,8.0,2.0,1.0
2406,20.194477300000063,0,8.4573,1.9606,2.2273,1.8244,0.1776,0.0031,0.0081,0.0005,0.039,0.0525,0.0019,0.0006,0.0089,0.0002,0.0012,0.0014,0.0001,0.0001,0.0071,0.001,0.0004,0.0001,0.0032,0.0881,0.0191,0.0,0.0122,0.0,155.0,0.0,92.0,63.0,82.0,0.0,0.0,0.0,0.0,0.0,0.0,0.0,0.0,0.0,0.0,0.0,0.0,0.0,0.0,0.0,0.0,0.0,0.0,8.0,2.0,1.0
2407,20.202934600000063,0,8.2561,1.8912,2.2957,1.7506,0.2045,0.0025,0.0075,0.0002,0.0302,0.0423,0.002,0.0009,0.0084,0.0001,0.0013,0.0018,0.0001,0.0001,0.0086,0.0013,0.0005,0.0,0.0031,0.0838,0.0411,0.0,0.0123,0.0,155.0,0.0,92.0,63.0,82.0,0.0,0.0,0.0,0.0,0.0,0.0,0.0,0.0,0.0,0.0,0.0,0.0,0.0,0.0,0.0,0.0,0.0,0.0,8.0,2.0,1.0
2408,20.211190700000063,0,8.2906,1.7883,2.0828,1.8566,0.1821,0.0024,0.0077,0.0001,0.0382,0.0501,0.0018,0.0007,0.0084,0.0001,0.0015,0.0014,0.0,0.0001,0.0078,0.0011,0.0004,0.0,0.0029,0.086,0.0211,0.0,0.0134,0.0,155.0,0.0,92.0,63.0,82.0,0.0,0.0,0.0,0.0,0.0,0.0,0.0,0.0,0.0,0.0,0.0,0.0,0.0,0.0,0.0,0.0,0.0,0.0,8.0,2.0,1.0
2409,20.219481300000062,0,8.3349,1.8796,2.2829,1.9038,0.1866,0.0026,0.0079,0.0002,0.0304,0.0429,0.002,0.0007,0.0105,0.0002,0.0013,0.0021,0.0002,0.0001,0.0077,0.0018,0.0005,0.0001,0.0032,0.0833,0.0221,0.0001,0.0118,0.0,155.0,0.0,92.0,63.0,82.0,0.0,0.0,0.0,0.0,0.0,0.0,0.0,0.0,0.0,0.0,0.0,0.0,0.0,0.0,0.0,0.0,0.0,0.0,8.0,2.0,1.0
2410,20.227816200000063,0,8.4364,2.1834,2.3157,1.8507,0.1813,0.0035,0.0082,0.0007,0.0361,0.0502,0.0022,0.0006,0.0093,0.0001,0.0012,0.0012,0.0005,0.0001,0.0076,0.0011,0.0004,0.0001,0.0036,0.0877,0.0206,0.0,0.0116,0.0,155.0,0.0,92.0,63.0,82.0,0.0,0.0,0.0,0.0,0.0,0.0,0.0,0.0,0.0,0.0,0.0,0.0,0.0,0.0,0.0,0.0,0.0,0.0,8.0,2.0,1.0
2411,20.236252600000064,0,8.1361,1.9321,2.1113,1.8655,0.1801,0.003,0.0057,0.0003,0.0303,0.0413,0.002,0.0005,0.0091,0.0007,0.0014,0.0014,0.0,0.0002,0.0079,0.0012,0.0004,0.0,0.0031,0.0791,0.0227,0.0001,0.0126,0.0,155.0,0.0,92.0,63.0,82.0,0.0,0.0,0.0,0.0,0.0,0.0,0.0,0.0,0.0,0.0,0.0,0.0,0.0,0.0,0.0,0.0,0.0,0.0,8.0,2.0,1.0
2412,20.244388700000066,0,8.3343,1.9316,2.1639,1.8876,0.2025,0.0041,0.0079,0.0002,0.0442,0.0583,0.0019,0.0005,0.0095,0.0001,0.0013,0.0016,0.0001,0.0001,0.0079,0.0015,0.0005,0.0,0.0029,0.0956,0.0298,0.0,0.0116,0.0,155.0,0.0,92.0,63.0,82.0,0.0,0.0,0.0,0.0,0.0,0.0,0.0,0.0,0.0,0.0,0.0,0.0,0.0,0.0,0.0,0.0,0.0,0.0,8.0,2.0,1.0
2413,20.252723000000067,0,8.6652,2.1385,2.463,1.7225,0.1804,0.0026,0.0063,0.0002,0.0298,0.0411,0.0024,0.0006,0.0093,0.0001,0.0013,0.002,0.0001,0.0001,0.0077,0.0012,0.0004,0.0001,0.0032,0.0804,0.021,0.0,0.0119,0.0,155.0,0.0,92.0,63.0,82.0,0.0,0.0,0.0,0.0,0.0,0.0,0.0,0.0,0.0,0.0,0.0,0.0,0.0,0.0,0.0,0.0,0.0,0.0,8.0,2.0,1.0
2414,20.261388200000066,0,8.2493,2.0311,2.2347,1.8448,0.28,0.0028,0.0066,0.0001,0.043,0.0544,0.0022,0.0007,0.0097,0.0002,0.0013,0.0019,0.0001,0.0001,0.007,0.0013,0.0005,0.0,0.003,0.0925,0.1111,0.0,0.0132,0.0,155.0,0.0,92.0,63.0,82.0,0.0,0.0,0.0,0.0,0.0,0.0,0.0,0.0,0.0,0.0,0.0,0.0,0.0,0.0,0.0,0.0,0.0,0.0,8.0,2.0,1.0
2415,20.269637500000066,0,8.1164,1.8572,2.2119,1.753,0.1944,0.0029,0.0075,0.0003,0.0317,0.0454,0.0018,0.0006,0.0109,0.0001,0.0018,0.0017,0.0001,0.0001,0.0089,0.0012,0.0005,0.0001,0.0034,0.0872,0.0226,0.0001,0.0124,0.0,155.0,0.0,92.0,63.0,82.0,0.0,0.0,0.0,0.0,0.0,0.0,0.0,0.0,0.0,0.0,0.0,0.0,0.0,0.0,0.0,0.0,0.0,0.0,8.0,2.0,1.0
2416,20.277753900000064,0,8.3601,1.8559,2.1218,1.7961,0.282,0.0029,0.0081,0.0002,0.0406,0.0543,0.0024,0.0007,0.0106,0.0001,0.0013,0.0014,0.0,0.0001,0.0076,0.0014,0.0004,0.0001,0.0032,0.0933,0.0245,0.0,0.012,0.0,155.0,0.0,92.0,63.0,82.0,0.0,0.0,0.0,0.0,0.0,0.0,0.0,0.0,0.0,0.0,0.0,0.0,0.0,0.0,0.0,0.0,0.0,0.0,8.0,2.0,1.0
2417,20.286114000000065,0,8.3209,2.0723,2.186,1.8093,0.1842,0.0027,0.0072,0.0002,0.029,0.0417,0.003,0.0007,0.012,0.0002,0.0017,0.0016,0.0001,0.0001,0.0103,0.0015,0.0005,0.0001,0.0048,0.0906,0.0181,0.0,0.0137,0.0,155.0,0.0,92.0,63.0,82.0,0.0,0.0,0.0,0.0,0.0,0.0,0.0,0.0,0.0,0.0,0.0,0.0,0.0,0.0,0.0,0.0,0.0,0.0,8.0,2.0,1.0
2418,20.294434900000066,0,8.8203,1.8661,2.4552,1.8329,0.187,0.0028,0.0078,0.0002,0.0377,0.0505,0.0019,0.0006,0.0093,0.0001,0.002,0.0016,0.0001,0.0006,0.0071,0.0014,0.0005,0.0001,0.003,0.089,0.0176,0.0001,0.0134,0.0,155.0,0.0,92.0,63.0,82.0,0.0,0.0,0.0,0.0,0.0,0.0,0.0,0.0,0.0,0.0,0.0,0.0,0.0,0.0,0.0,0.0,0.0,0.0,8.0,2.0,1.0
2419,20.303255200000066,0,7.8667,2.0093,2.1961,1.942,0.1926,0.0027,0.0077,0.0001,0.0314,0.0441,0.0019,0.0008,0.0102,0.0002,0.002,0.0016,0.0002,0.0006,0.0077,0.0011,0.0004,0.0001,0.003,0.0838,0.0298,0.0001,0.0137,0.0,155.0,0.0,92.0,63.0,82.0,0.0,0.0,0.0,0.0,0.0,0.0,0.0,0.0,0.0,0.0,0.0,0.0,0.0,0.0,0.0,0.0,0.0,0.0,8.0,2.0,1.0
2420,20.311121900000067,0,8.4775,1.8669,2.3028,1.7144,0.194,0.0028,0.0069,0.0002,0.0446,0.0564,0.0019,0.0009,0.0099,0.0002,0.0015,0.0015,0.0001,0.0001,0.0067,0.0012,0.001,0.0001,0.0032,0.0938,0.0231,0.0,0.0132,0.0,155.0,0.0,92.0,63.0,82.0,0.0,0.0,0.0,0.0,0.0,0.0,0.0,0.0,0.0,0.0,0.0,0.0,0.0,0.0,0.0,0.0,0.0,0.0,8.0,2.0,1.0
2421,20.31959940000007,0,8.4012,1.9087,2.3172,1.912,0.1827,0.003,0.0062,0.0002,0.0327,0.044,0.0019,0.0008,0.0098,0.0001,0.0017,0.0014,0.0001,0.0001,0.0075,0.0016,0.0004,0.0001,0.0032,0.0827,0.0227,0.0,0.0119,0.0,155.0,0.0,92.0,63.0,82.0,0.0,0.0,0.0,0.0,0.0,0.0,0.0,0.0,0.0,0.0,0.0,0.0,0.0,0.0,0.0,0.0,0.0,0.0,8.0,2.0,1.0
2422,20.32800060000007,0,8.2974,1.8066,2.3374,1.8305,0.1872,0.0029,0.0081,0.0002,0.0356,0.0492,0.002,0.0007,0.0119,0.0007,0.0013,0.0016,0.0001,0.0001,0.0076,0.0011,0.0004,0.0001,0.003,0.0898,0.0169,0.0,0.0132,0.0,155.0,0.0,92.0,63.0,82.0,0.0,0.0,0.0,0.0,0.0,0.0,0.0,0.0,0.0,0.0,0.0,0.0,0.0,0.0,0.0,0.0,0.0,0.0,8.0,2.0,1.0
2423,20.33629800000007,0,8.2509,1.974,2.2361,1.8303,0.1702,0.0029,0.007,0.0003,0.0269,0.0395,0.0019,0.0006,0.0089,0.0002,0.0019,0.0014,0.0,0.0002,0.008,0.0011,0.0004,0.0001,0.0028,0.0772,0.0183,0.0,0.0132,0.0,155.0,0.0,92.0,63.0,82.0,0.0,0.0,0.0,0.0,0.0,0.0,0.0,0.0,0.0,0.0,0.0,0.0,0.0,0.0,0.0,0.0,0.0,0.0,8.0,2.0,1.0
2424,20.34454890000007,0,8.3194,1.8828,2.2499,1.7936,0.1779,0.0028,0.0074,0.0002,0.036,0.0481,0.0025,0.0008,0.0098,0.0002,0.0011,0.002,0.0001,0.0001,0.0077,0.0012,0.0005,0.0,0.0029,0.0876,0.0193,0.0,0.012,0.0,155.0,0.0,92.0,63.0,80.0,0.0,0.0,0.0,0.0,0.0,0.0,0.0,0.0,0.0,0.0,0.0,0.0,0.0,0.0,0.0,0.0,0.0,0.0,8.0,2.0,1.0
2425,20.352868300000072,0,8.6808,1.9207,2.4373,1.7933,0.1867,0.0027,0.0069,0.0002,0.0311,0.0431,0.0027,0.0006,0.0104,0.0002,0.0012,0.0017,0.0001,0.0002,0.0083,0.0017,0.0005,0.0,0.0031,0.0855,0.0225,0.0,0.0445,0.0,155.0,0.0,92.0,63.0,80.0,0.0,0.0,0.0,0.0,0.0,0.0,0.0,0.0,0.0,0.0,0.0,0.0,0.0,0.0,0.0,0.0,0.0,0.0,8.0,2.0,1.0
2426,20.361549100000072,0,7.8587,1.8483,2.1777,1.7982,0.1991,0.0027,0.0064,0.0001,0.0394,0.051,0.0023,0.0008,0.0101,0.0001,0.0015,0.002,0.0001,0.0001,0.0078,0.0017,0.0004,0.0,0.004,0.0942,0.0237,0.0001,0.0111,0.0,155.0,0.0,92.0,63.0,80.0,0.0,0.0,0.0,0.0,0.0,0.0,0.0,0.0,0.0,0.0,0.0,0.0,0.0,0.0,0.0,0.0,0.0,0.0,8.0,2.0,1.0
2427,20.369407800000072,0,8.5203,1.8056,2.1762,1.7982,0.1773,0.0026,0.0048,0.0002,0.0372,0.0465,0.0027,0.0006,0.0118,0.0001,0.0017,0.0015,0.0001,0.0001,0.007,0.0016,0.0005,0.0,0.0029,0.0863,0.0178,0.0,0.013,0.0,155.0,0.0,92.0,63.0,80.0,0.0,0.0,0.0,0.0,0.0,0.0,0.0,0.0,0.0,0.0,0.0,0.0,0.0,0.0,0.0,0.0,0.0,0.0,8.0,2.0,1.0
2428,20.377928100000073,0,8.3654,2.0482,2.4,1.86,0.1978,0.003,0.0063,0.0007,0.0421,0.0541,0.0023,0.0007,0.0102,0.0001,0.0015,0.0015,0.0001,0.0002,0.008,0.0011,0.0005,0.0001,0.0036,0.0961,0.022,0.0,0.0545,0.0,155.0,0.0,92.0,63.0,82.0,0.0,0.0,0.0,0.0,0.0,0.0,0.0,0.0,0.0,0.0,0.0,0.0,0.0,0.0,0.0,0.0,0.0,0.0,8.0,2.0,1.0
2429,20.386293500000072,0,8.0411,2.2798,2.0185,1.7326,0.1967,0.0033,0.0081,0.0002,0.0268,0.0403,0.0019,0.0007,0.0093,0.0001,0.0013,0.0018,0.0001,0.0001,0.0072,0.0011,0.0009,0.0,0.0031,0.0775,0.023,0.0,0.0124,0.0,155.0,0.0,92.0,63.0,82.0,0.0,0.0,0.0,0.0,0.0,0.0,0.0,0.0,0.0,0.0,0.0,0.0,0.0,0.0,0.0,0.0,0.0,0.0,8.0,2.0,1.0
2430,20.39433460000007,0,8.5375,1.9446,2.2103,1.7773,0.2068,0.0031,0.0087,0.0003,0.0426,0.0572,0.0021,0.0008,0.0098,0.0007,0.0013,0.0023,0.0002,0.0001,0.0079,0.0012,0.0005,0.0001,0.0036,0.0989,0.0221,0.0001,0.0131,0.0,155.0,0.0,92.0,63.0,82.0,0.0,0.0,0.0,0.0,0.0,0.0,0.0,0.0,0.0,0.0,0.0,0.0,0.0,0.0,0.0,0.0,0.0,0.0,8.0,2.0,1.0
2431,20.40287210000007,0,8.5159,1.8104,2.1786,1.8324,0.1921,0.0026,0.0084,0.0002,0.0361,0.0498,0.0019,0.0006,0.0101,0.0001,0.0016,0.0017,0.0001,0.0001,0.0079,0.001,0.0005,0.0001,0.003,0.0889,0.0232,0.0,0.0125,0.0,155.0,0.0,92.0,63.0,82.0,0.0,0.0,0.0,0.0,0.0,0.0,0.0,0.0,0.0,0.0,0.0,0.0,0.0,0.0,0.0,0.0,0.0,0.0,8.0,2.0,1.0
2432,20.41138800000007,0,8.2898,1.8535,2.4423,1.766,0.1902,0.0026,0.0075,0.0002,0.0391,0.0516,0.0023,0.0006,0.0092,0.0002,0.0014,0.002,0.0001,0.0001,0.0074,0.0011,0.0005,0.0,0.0031,0.091,0.0196,0.0,0.0119,0.0,155.0,0.0,92.0,63.0,82.0,0.0,0.0,0.0,0.0,0.0,0.0,0.0,0.0,0.0,0.0,0.0,0.0,0.0,0.0,0.0,0.0,0.0,0.0,8.0,2.0,1.0
2433,20.41967780000007,0,8.1761,1.8914,2.231,1.6923,0.1764,0.0027,0.0061,0.0001,0.0317,0.0428,0.0024,0.0006,0.0094,0.0002,0.0011,0.0018,0.0,0.0001,0.0074,0.001,0.0004,0.0,0.0035,0.0807,0.0203,0.0,0.0126,0.0,155.0,0.0,92.0,63.0,82.0,0.0,0.0,0.0,0.0,0.0,0.0,0.0,0.0,0.0,0.0,0.0,0.0,0.0,0.0,0.0,0.0,0.0,0.0,8.0,2.0,1.0
2434,20.42785390000007,0,8.4751,1.9827,2.4015,1.7642,0.1833,0.0026,0.0075,0.0002,0.0361,0.0497,0.0019,0.0007,0.0096,0.0001,0.0012,0.0019,0.0,0.0001,0.0075,0.0023,0.0004,0.0001,0.0031,0.0881,0.0197,0.0001,0.013,0.0,155.0,0.0,92.0,63.0,82.0,0.0,0.0,0.0,0.0,0.0,0.0,0.0,0.0,0.0,0.0,0.0,0.0,0.0,0.0,0.0,0.0,0.0,0.0,8.0,2.0,1.0
2435,20.436329000000068,0,8.2101,1.8493,2.0801,1.7745,0.18,0.0035,0.0075,0.0002,0.0289,0.0427,0.0017,0.0013,0.0093,0.0002,0.0017,0.0015,0.0001,0.0001,0.0077,0.0013,0.0004,0.0,0.0031,0.0807,0.022,0.0,0.0122,0.0,155.0,0.0,92.0,63.0,82.0,0.0,0.0,0.0,0.0,0.0,0.0,0.0,0.0,0.0,0.0,0.0,0.0,0.0,0.0,0.0,0.0,0.0,0.0,8.0,2.0,1.0
2436,20.444539100000068,0,8.3336,1.8082,2.2704,1.7724,0.1901,0.0029,0.0074,0.0002,0.0434,0.056,0.0019,0.0007,0.0091,0.0001,0.0011,0.0018,0.0,0.0001,0.0077,0.0011,0.0005,0.0001,0.003,0.0973,0.0193,0.0,0.0127,0.0,155.0,0.0,92.0,63.0,82.0,0.0,0.0,0.0,0.0,0.0,0.0,0.0,0.0,0.0,0.0,0.0,0.0,0.0,0.0,0.0,0.0,0.0,0.0,8.0,2.0,1.0
2437,20.452872700000068,0,8.4385,1.8779,2.2731,1.8395,0.1795,0.0043,0.0085,0.0002,0.025,0.0399,0.002,0.0006,0.0097,0.0002,0.002,0.0014,0.0,0.0001,0.0073,0.0017,0.0004,0.0001,0.0031,0.0817,0.021,0.0001,0.0136,0.0,155.0,0.0,92.0,63.0,84.0,0.0,0.0,0.0,0.0,0.0,0.0,0.0,0.0,0.0,0.0,0.0,0.0,0.0,0.0,0.0,0.0,0.0,0.0,8.0,2.0,1.0
2438,20.46131120000007,0,8.2233,1.8451,2.289,1.8459,0.2132,0.0026,0.0079,0.0002,0.0513,0.0646,0.0036,0.0008,0.013,0.0001,0.0014,0.0016,0.0,0.0001,0.0091,0.0014,0.0008,0.0001,0.0037,0.1115,0.0232,0.0,0.012,0.0,155.0,0.0,92.0,63.0,84.0,0.0,0.0,0.0,0.0,0.0,0.0,0.0,0.0,0.0,0.0,0.0,0.0,0.0,0.0,0.0,0.0,0.0,0.0,8.0,2.0,1.0
2439,20.46953450000007,0,8.1992,1.8218,1.9901,1.7211,0.1768,0.0026,0.0075,0.0003,0.0315,0.0439,0.0022,0.0007,0.0086,0.0001,0.0012,0.0016,0.0,0.0002,0.0082,0.0011,0.0004,0.0001,0.0032,0.0819,0.02,0.0,0.0102,0.0,155.0,0.0,92.0,63.0,84.0,0.0,0.0,0.0,0.0,0.0,0.0,0.0,0.0,0.0,0.0,0.0,0.0,0.0,0.0,0.0,0.0,0.0,0.0,8.0,2.0,1.0
2440,20.47773370000007,0,8.1949,2.0581,2.0016,1.7687,0.1862,0.0026,0.0057,0.0002,0.0456,0.0562,0.002,0.0007,0.0087,0.0002,0.0009,0.0014,0.0001,0.0002,0.0071,0.0012,0.0004,0.0,0.0031,0.0922,0.0206,0.0001,0.0112,0.0,155.0,0.0,92.0,63.0,84.0,0.0,0.0,0.0,0.0,0.0,0.0,0.0,0.0,0.0,0.0,0.0,0.0,0.0,0.0,0.0,0.0,0.0,0.0,8.0,2.0,1.0
2441,20.48592860000007,0,8.6755,1.975,2.1563,1.8205,0.2717,0.0033,0.0077,0.0001,0.0305,0.0441,0.0024,0.0007,0.0092,0.0001,0.0013,0.0015,0.0001,0.0001,0.008,0.0011,0.0004,0.0004,0.0032,0.0829,0.0218,0.0,0.0119,0.0,155.0,0.0,92.0,63.0,84.0,0.0,0.0,0.0,0.0,0.0,0.0,0.0,0.0,0.0,0.0,0.0,0.0,0.0,0.0,0.0,0.0,0.0,0.0,8.0,2.0,1.0
2442,20.494604100000068,0,8.3775,1.989,2.3409,1.8099,0.1804,0.0031,0.0079,0.0002,0.0383,0.0511,0.0018,0.0005,0.0087,0.0002,0.0018,0.0014,0.0001,0.0005,0.0072,0.0012,0.0004,0.0001,0.0031,0.089,0.0171,0.0001,0.0148,0.0,155.0,0.0,92.0,63.0,84.0,0.0,0.0,0.0,0.0,0.0,0.0,0.0,0.0,0.0,0.0,0.0,0.0,0.0,0.0,0.0,0.0,0.0,0.0,8.0,2.0,1.0
2443,20.50298160000007,0,8.2143,1.825,2.2299,1.8113,0.1816,0.0033,0.0075,0.0002,0.0322,0.0453,0.0025,0.0006,0.0096,0.0001,0.0018,0.0013,0.0001,0.0002,0.0081,0.0011,0.0005,0.0001,0.0032,0.0844,0.019,0.0,0.054,0.0,155.0,0.0,92.0,63.0,86.0,0.0,0.0,0.0,0.0,0.0,0.0,0.0,0.0,0.0,0.0,0.0,0.0,0.0,0.0,0.0,0.0,0.0,0.0,8.0,2.0,1.0
2444,20.511195900000068,0,8.3087,1.7767,2.2336,1.7321,0.201,0.0024,0.0059,0.0002,0.0482,0.0588,0.0026,0.0008,0.0109,0.0001,0.0014,0.002,0.0001,0.0001,0.0079,0.0017,0.0004,0.0,0.0039,0.1027,0.0219,0.0001,0.0953,0.0,155.0,0.0,92.0,63.0,86.0,0.0,0.0,0.0,0.0,0.0,0.0,0.0,0.0,0.0,0.0,0.0,0.0,0.0,0.0,0.0,0.0,0.0,0.0,8.0,2.0,1.0
2445,20.51950460000007,0,8.3363,1.8582,2.1765,1.8022,0.1854,0.0031,0.0092,0.0002,0.0273,0.0428,0.0022,0.0008,0.0104,0.0002,0.0017,0.0016,0.0,0.0005,0.0073,0.0013,0.0005,0.0001,0.0039,0.0845,0.019,0.0001,0.0125,0.0,155.0,0.0,92.0,63.0,86.0,0.0,0.0,0.0,0.0,0.0,0.0,0.0,0.0,0.0,0.0,0.0,0.0,0.0,0.0,0.0,0.0,0.0,0.0,8.0,2.0,1.0
2446,20.52784090000007,0,8.4343,1.8751,2.1503,1.7383,0.1847,0.0026,0.0076,0.0002,0.0358,0.0479,0.0019,0.0006,0.0102,0.0002,0.0011,0.0016,0.0,0.0001,0.0074,0.0011,0.001,0.0001,0.0034,0.0869,0.0212,0.0001,0.0129,0.0,155.0,0.0,92.0,63.0,86.0,0.0,0.0,0.0,0.0,0.0,0.0,0.0,0.0,0.0,0.0,0.0,0.0,0.0,0.0,0.0,0.0,0.0,0.0,8.0,2.0,1.0
2447,20.53627520000007,0,8.0954,1.9813,2.0979,1.7051,0.177,0.0027,0.0073,0.0002,0.0343,0.0465,0.0019,0.0007,0.0087,0.0002,0.0018,0.0015,0.0001,0.0001,0.0077,0.0015,0.0003,0.0001,0.0031,0.0847,0.0182,0.0,0.0145,0.0,155.0,0.0,92.0,63.0,88.0,0.0,0.0,0.0,0.0,0.0,0.0,0.0,0.0,0.0,0.0,0.0,0.0,0.0,0.0,0.0,0.0,0.0,0.0,8.0,2.0,1.0
2448,20.544370600000068,0,8.5379,1.875,2.2793,1.7176,0.2008,0.0027,0.0061,0.0001,0.0459,0.0566,0.0022,0.0008,0.0105,0.0001,0.0013,0.0016,0.0001,0.0001,0.0082,0.0013,0.0004,0.0001,0.0038,0.0992,0.0209,0.0,0.0139,0.0,155.0,0.0,92.0,63.0,88.0,0.0,0.0,0.0,0.0,0.0,0.0,0.0,0.0,0.0,0.0,0.0,0.0,0.0,0.0,0.0,0.0,0.0,0.0,8.0,2.0,1.0
2449,20.55290850000007,0,8.2853,2.1936,2.1846,1.7833,0.1702,0.0028,0.0078,0.0002,0.0255,0.038,0.0024,0.0006,0.0081,0.0001,0.0011,0.0013,0.0001,0.0001,0.0075,0.0013,0.0005,0.0001,0.0032,0.0761,0.02,0.0001,0.0145,0.0,155.0,0.0,92.0,63.0,88.0,0.0,0.0,0.0,0.0,0.0,0.0,0.0,0.0,0.0,0.0,0.0,0.0,0.0,0.0,0.0,0.0,0.0,0.0,8.0,2.0,1.0
2450,20.56119380000007,0,8.3624,1.8102,2.2205,1.7614,0.2023,0.0026,0.0083,0.0002,0.0398,0.0529,0.002,0.0007,0.0093,0.0002,0.0015,0.0015,0.0,0.0001,0.0087,0.0012,0.0005,0.0001,0.0034,0.0929,0.0221,0.0001,0.0139,0.0,155.0,0.0,92.0,63.0,88.0,0.0,0.0,0.0,0.0,0.0,0.0,0.0,0.0,0.0,0.0,0.0,0.0,0.0,0.0,0.0,0.0,0.0,0.0,8.0,2.0,1.0
2451,20.56955620000007,0,8.2251,1.8235,2.1743,1.8848,0.1745,0.0026,0.0076,0.0002,0.0279,0.0398,0.0019,0.0006,0.0095,0.0002,0.001,0.0017,0.0,0.0001,0.0076,0.001,0.0004,0.0,0.0037,0.0783,0.0197,0.0,0.0145,0.0,155.0,0.0,92.0,63.0,88.0,0.0,0.0,0.0,0.0,0.0,0.0,0.0,0.0,0.0,0.0,0.0,0.0,0.0,0.0,0.0,0.0,0.0,0.0,8.0,2.0,1.0
2452,20.57778130000007,0,8.4108,1.8748,2.1562,1.7438,0.2012,0.0028,0.0087,0.0001,0.0378,0.0515,0.0023,0.0008,0.011,0.0002,0.002,0.0015,0.0,0.0001,0.0077,0.0013,0.0005,0.0,0.0037,0.0937,0.0222,0.0,0.0142,0.0,155.0,0.0,92.0,63.0,88.0,0.0,0.0,0.0,0.0,0.0,0.0,0.0,0.0,0.0,0.0,0.0,0.0,0.0,0.0,0.0,0.0,0.0,0.0,8.0,2.0,1.0
2453,20.58619210000007,0,8.2014,1.8843,2.0797,1.8873,0.2972,0.0028,0.0081,0.0002,0.0667,0.0802,0.0023,0.0005,0.0074,0.0001,0.0013,0.0016,0.0001,0.0001,0.0075,0.0011,0.0009,0.0,0.003,0.1154,0.1071,0.0001,0.014,0.0,155.0,0.0,92.0,63.0,88.0,0.0,0.0,0.0,0.0,0.0,0.0,0.0,0.0,0.0,0.0,0.0,0.0,0.0,0.0,0.0,0.0,0.0,0.0,8.0,2.0,1.0
2454,20.59439350000007,0,8.4697,1.891,2.1649,1.7797,0.223,0.003,0.007,0.0002,0.0534,0.066,0.0024,0.0008,0.0113,0.0002,0.0019,0.0016,0.0001,0.0005,0.0081,0.0014,0.0005,0.0001,0.004,0.1098,0.0239,0.0001,0.012,0.0,155.0,0.0,92.0,63.0,88.0,0.0,0.0,0.0,0.0,0.0,0.0,0.0,0.0,0.0,0.0,0.0,0.0,0.0,0.0,0.0,0.0,0.0,0.0,8.0,2.0,1.0
2455,20.60286320000007,0,8.2014,1.966,2.1007,1.7353,0.1735,0.0025,0.0077,0.0002,0.0298,0.0419,0.0021,0.0006,0.0085,0.0001,0.0016,0.0014,0.0,0.0001,0.0075,0.0011,0.0004,0.0,0.0031,0.0791,0.0215,0.0001,0.0139,0.0,155.0,0.0,92.0,63.0,86.0,0.0,0.0,0.0,0.0,0.0,0.0,0.0,0.0,0.0,0.0,0.0,0.0,0.0,0.0,0.0,0.0,0.0,0.0,8.0,2.0,1.0
2456,20.61106460000007,0,8.5584,1.9206,2.2367,1.7875,0.2002,0.0031,0.0079,0.0002,0.0429,0.0563,0.0027,0.0009,0.0124,0.0001,0.0014,0.0016,0.0001,0.0001,0.008,0.0013,0.0005,0.0,0.0038,0.1014,0.0201,0.0,0.0144,0.0,155.0,0.0,92.0,63.0,86.0,0.0,0.0,0.0,0.0,0.0,0.0,0.0,0.0,0.0,0.0,0.0,0.0,0.0,0.0,0.0,0.0,0.0,0.0,8.0,2.0,1.0
2457,20.619623000000068,0,8.191,1.7852,2.1286,1.8011,0.1815,0.0037,0.0079,0.0003,0.0295,0.0434,0.0022,0.0007,0.0104,0.0001,0.0013,0.0019,0.0001,0.0001,0.0074,0.0012,0.0005,0.0001,0.0031,0.083,0.0216,0.0,0.013,0.0,155.0,0.0,92.0,63.0,86.0,0.0,0.0,0.0,0.0,0.0,0.0,0.0,0.0,0.0,0.0,0.0,0.0,0.0,0.0,0.0,0.0,0.0,0.0,8.0,2.0,1.0
2458,20.62781400000007,0,8.5584,1.7775,2.3618,1.7721,0.2185,0.0028,0.0087,0.0002,0.051,0.0648,0.0025,0.0009,0.0137,0.0002,0.0014,0.0015,0.0,0.0002,0.0082,0.0013,0.0006,0.0001,0.0037,0.1118,0.0256,0.0001,0.0144,0.0,155.0,0.0,92.0,63.0,86.0,0.0,0.0,0.0,0.0,0.0,0.0,0.0,0.0,0.0,0.0,0.0,0.0,0.0,0.0,0.0,0.0,0.0,0.0,8.0,2.0,1.0
2459,20.636372400000067,0,8.1431,1.8644,2.1797,1.7164,0.2133,0.0034,0.0085,0.0002,0.0487,0.0633,0.0023,0.0007,0.0107,0.0007,0.0016,0.0023,0.0001,0.0001,0.0076,0.0013,0.0005,0.0001,0.0033,0.1092,0.0227,0.0,0.0132,0.0,155.0,0.0,92.0,63.0,86.0,0.0,0.0,0.0,0.0,0.0,0.0,0.0,0.0,0.0,0.0,0.0,0.0,0.0,0.0,0.0,0.0,0.0,0.0,8.0,2.0,1.0
2460,20.644515500000068,0,8.2523,1.879,2.1516,1.7731,0.2251,0.0027,0.0074,0.0003,0.0432,0.0553,0.003,0.0009,0.0138,0.0002,0.0014,0.002,0.0001,0.0002,0.0101,0.0015,0.0006,0.0,0.0046,0.1067,0.0216,0.0001,0.0138,0.0,155.0,0.0,92.0,63.0,86.0,0.0,0.0,0.0,0.0,0.0,0.0,0.0,0.0,0.0,0.0,0.0,0.0,0.0,0.0,0.0,0.0,0.0,0.0,8.0,2.0,1.0
2461,20.652767800000067,0,8.4298,1.7759,2.1925,1.6998,0.1796,0.0027,0.0074,0.0002,0.0321,0.0454,0.002,0.0005,0.0096,0.0001,0.0013,0.0019,0.0001,0.0001,0.0077,0.0012,0.0008,0.0,0.0031,0.0838,0.0196,0.0,0.0138,0.0,155.0,0.0,92.0,63.0,86.0,0.0,0.0,0.0,0.0,0.0,0.0,0.0,0.0,0.0,0.0,0.0,0.0,0.0,0.0,0.0,0.0,0.0,0.0,8.0,2.0,1.0
2462,20.661197600000065,0,8.3392,1.8105,2.1771,1.7809,0.2132,0.0026,0.0079,0.0002,0.0476,0.0607,0.0028,0.0009,0.0142,0.0003,0.0019,0.0018,0.0001,0.0001,0.0084,0.0015,0.0005,0.0,0.0043,0.1109,0.0238,0.0001,0.0135,0.0,155.0,0.0,92.0,63.0,86.0,0.0,0.0,0.0,0.0,0.0,0.0,0.0,0.0,0.0,0.0,0.0,0.0,0.0,0.0,0.0,0.0,0.0,0.0,8.0,2.0,1.0
2463,20.669536800000067,0,8.4065,1.8639,2.2918,1.8499,0.1877,0.0027,0.0081,0.0003,0.0281,0.041,0.0018,0.0012,0.0102,0.0001,0.002,0.0016,0.0001,0.0005,0.0082,0.0012,0.0005,0.0,0.0034,0.0855,0.0189,0.0,0.0134,0.0,155.0,0.0,92.0,63.0,86.0,0.0,0.0,0.0,0.0,0.0,0.0,0.0,0.0,0.0,0.0,0.0,0.0,0.0,0.0,0.0,0.0,0.0,0.0,8.0,2.0,1.0
2464,20.677943300000067,0,8.075,2.0116,2.0412,1.7312,0.1824,0.0037,0.008,0.0001,0.0373,0.0513,0.0018,0.0006,0.0087,0.0001,0.0018,0.0013,0.0001,0.0001,0.0075,0.0014,0.0004,0.0,0.003,0.0881,0.0202,0.0,0.0124,0.0,155.0,0.0,92.0,63.0,86.0,0.0,0.0,0.0,0.0,0.0,0.0,0.0,0.0,0.0,0.0,0.0,0.0,0.0,0.0,0.0,0.0,0.0,0.0,8.0,2.0,1.0
2465,20.686018300000068,0,8.5305,1.9003,2.1886,1.7448,0.1753,0.0029,0.0086,0.0002,0.0315,0.0449,0.0017,0.0007,0.0096,0.0001,0.0012,0.0018,0.0,0.0001,0.0074,0.0012,0.0004,0.0,0.0031,0.0819,0.0177,0.0,0.0119,0.0,155.0,0.0,92.0,63.0,86.0,0.0,0.0,0.0,0.0,0.0,0.0,0.0,0.0,0.0,0.0,0.0,0.0,0.0,0.0,0.0,0.0,0.0,0.0,8.0,2.0,1.0
2466,20.694548800000067,0,8.2276,1.8499,2.1391,1.7757,0.2012,0.0028,0.0079,0.0002,0.0387,0.0523,0.0025,0.0007,0.0092,0.0001,0.0013,0.0015,0.0001,0.0001,0.0085,0.0011,0.0004,0.0,0.003,0.092,0.0302,0.0,0.0116,0.0,155.0,0.0,92.0,63.0,86.0,0.0,0.0,0.0,0.0,0.0,0.0,0.0,0.0,0.0,0.0,0.0,0.0,0.0,0.0,0.0,0.0,0.0,0.0,8.0,2.0,1.0
2467,20.70277640000007,0,8.3758,1.8497,2.1308,1.7428,0.1824,0.003,0.0078,0.0002,0.0339,0.0466,0.0018,0.0007,0.0102,0.0002,0.0012,0.0019,0.0,0.0001,0.0077,0.0015,0.0005,0.0,0.0033,0.0858,0.0211,0.0001,0.0123,0.0,155.0,0.0,92.0,63.0,86.0,0.0,0.0,0.0,0.0,0.0,0.0,0.0,0.0,0.0,0.0,0.0,0.0,0.0,0.0,0.0,0.0,0.0,0.0,8.0,2.0,1.0
2468,20.71115220000007,0,8.3148,1.7763,2.196,1.7132,0.1927,0.003,0.0081,0.0001,0.0416,0.0546,0.0022,0.0011,0.0109,0.0002,0.0018,0.0012,0.0001,0.0002,0.008,0.0011,0.0004,0.0,0.0038,0.0966,0.0211,0.0001,0.0125,0.0,155.0,0.0,92.0,63.0,86.0,0.0,0.0,0.0,0.0,0.0,0.0,0.0,0.0,0.0,0.0,0.0,0.0,0.0,0.0,0.0,0.0,0.0,0.0,8.0,2.0,1.0
2469,20.71946700000007,0,8.3546,1.7401,1.9968,1.7437,0.193,0.0033,0.0067,0.0002,0.0343,0.0466,0.0035,0.0007,0.0123,0.0001,0.0014,0.0014,0.0002,0.0002,0.0086,0.0013,0.0004,0.0001,0.0035,0.0907,0.0192,0.0001,0.0122,0.0,155.0,0.0,92.0,63.0,86.0,0.0,0.0,0.0,0.0,0.0,0.0,0.0,0.0,0.0,0.0,0.0,0.0,0.0,0.0,0.0,0.0,0.0,0.0,8.0,2.0,1.0
2470,20.72782160000007,0,8.4535,1.7744,2.3332,1.7315,0.1955,0.0033,0.0082,0.0002,0.0431,0.0568,0.0021,0.0006,0.0097,0.0002,0.0012,0.0016,0.0001,0.0001,0.007,0.0012,0.001,0.0,0.0033,0.0953,0.0221,0.0001,0.0126,0.0,155.0,0.0,92.0,63.0,86.0,0.0,0.0,0.0,0.0,0.0,0.0,0.0,0.0,0.0,0.0,0.0,0.0,0.0,0.0,0.0,0.0,0.0,0.0,8.0,2.0,1.0
2471,20.73627510000007,0,8.1829,1.9963,2.1162,1.7541,0.1764,0.0026,0.0077,0.0001,0.0286,0.0421,0.0023,0.0006,0.0088,0.0001,0.001,0.0014,0.0,0.0002,0.0082,0.001,0.0005,0.0,0.0032,0.0791,0.0216,0.0,0.0127,0.0,155.0,0.0,92.0,63.0,86.0,0.0,0.0,0.0,0.0,0.0,0.0,0.0,0.0,0.0,0.0,0.0,0.0,0.0,0.0,0.0,0.0,0.0,0.0,8.0,2.0,1.0
2472,20.744458000000073,0,8.4655,1.7251,2.2965,1.825,0.1984,0.0028,0.0081,0.0002,0.0392,0.0523,0.002,0.0007,0.0103,0.0001,0.0012,0.0018,0.0,0.0001,0.0077,0.0016,0.0005,0.0001,0.0032,0.0955,0.0239,0.0,0.0126,0.0,155.0,0.0,92.0,63.0,84.0,0.0,0.0,0.0,0.0,0.0,0.0,0.0,0.0,0.0,0.0,0.0,0.0,0.0,0.0,0.0,0.0,0.0,0.0,8.0,2.0,1.0
2473,20.752923500000072,0,8.5615,1.841,2.5113,1.797,0.1786,0.0028,0.0069,0.0003,0.0284,0.0405,0.0019,0.0009,0.0101,0.0001,0.0013,0.0018,0.0001,0.0001,0.0082,0.0021,0.0005,0.0001,0.003,0.0809,0.0207,0.0,0.0501,0.0,155.0,0.0,92.0,63.0,84.0,0.0,0.0,0.0,0.0,0.0,0.0,0.0,0.0,0.0,0.0,0.0,0.0,0.0,0.0,0.0,0.0,0.0,0.0,8.0,2.0,1.0
2474,20.76148500000007,0,8.016,2.0273,2.0287,1.791,0.1826,0.0027,0.0078,0.0002,0.0396,0.0522,0.0021,0.0008,0.0095,0.0001,0.0019,0.0013,0.0001,0.0001,0.0083,0.0014,0.0004,0.0001,0.003,0.0908,0.0175,0.0,0.0121,0.0,155.0,0.0,92.0,63.0,84.0,0.0,0.0,0.0,0.0,0.0,0.0,0.0,0.0,0.0,0.0,0.0,0.0,0.0,0.0,0.0,0.0,0.0,0.0,8.0,2.0,1.0
2475,20.769501000000073,0,8.3676,1.7858,2.157,1.7769,0.2131,0.0032,0.0075,0.0002,0.0305,0.0437,0.002,0.0007,0.0092,0.0001,0.0015,0.002,0.0001,0.0002,0.0078,0.0013,0.001,0.0001,0.0032,0.083,0.0222,0.0,0.0124,0.0,155.0,0.0,92.0,63.0,84.0,0.0,0.0,0.0,0.0,0.0,0.0,0.0,0.0,0.0,0.0,0.0,0.0,0.0,0.0,0.0,0.0,0.0,0.0,8.0,2.0,1.0
2476,20.777868600000073,0,8.1973,1.9938,2.1724,1.7159,0.1999,0.0027,0.0067,0.0004,0.046,0.0579,0.0027,0.0008,0.0117,0.0002,0.0019,0.0014,0.0,0.0001,0.0078,0.0018,0.0004,0.0,0.0034,0.1002,0.0211,0.0001,0.0123,0.0,155.0,0.0,92.0,63.0,84.0,0.0,0.0,0.0,0.0,0.0,0.0,0.0,0.0,0.0,0.0,0.0,0.0,0.0,0.0,0.0,0.0,0.0,0.0,8.0,2.0,1.0
2477,20.78606590000007,0,8.5036,1.9888,2.1923,1.7496,0.177,0.003,0.0085,0.0002,0.0307,0.0444,0.0019,0.0007,0.0088,0.0006,0.0013,0.0013,0.0,0.0007,0.007,0.0014,0.0005,0.0001,0.0032,0.0813,0.0219,0.0001,0.0147,0.0,155.0,0.0,92.0,63.0,84.0,0.0,0.0,0.0,0.0,0.0,0.0,0.0,0.0,0.0,0.0,0.0,0.0,0.0,0.0,0.0,0.0,0.0,0.0,8.0,2.0,1.0
2478,20.794569500000073,0,8.4721,1.7493,2.2787,1.7427,0.2164,0.0033,0.008,0.0003,0.0467,0.061,0.0025,0.0013,0.0125,0.0002,0.0015,0.0021,0.0001,0.0001,0.0082,0.0018,0.0005,0.0001,0.0038,0.1083,0.0244,0.0,0.014,0.0,155.0,0.0,92.0,63.0,84.0,0.0,0.0,0.0,0.0,0.0,0.0,0.0,0.0,0.0,0.0,0.0,0.0,0.0,0.0,0.0,0.0,0.0,0.0,8.0,2.0,1.0
2479,20.80304160000007,0,8.2294,1.795,2.3044,1.7895,0.1942,0.0027,0.008,0.0002,0.0353,0.048,0.0022,0.0011,0.0105,0.0001,0.0018,0.0017,0.0001,0.0001,0.0087,0.0012,0.0004,0.0001,0.0032,0.0922,0.0196,0.0,0.0118,0.0,155.0,0.0,92.0,63.0,84.0,0.0,0.0,0.0,0.0,0.0,0.0,0.0,0.0,0.0,0.0,0.0,0.0,0.0,0.0,0.0,0.0,0.0,0.0,8.0,2.0,1.0
2480,20.811271000000072,0,8.396,1.904,2.2916,1.8854,0.1909,0.0027,0.0063,0.0002,0.0455,0.0574,0.0021,0.0006,0.0091,0.0001,0.0013,0.0015,0.0,0.0001,0.008,0.0012,0.0005,0.0001,0.0033,0.0954,0.0189,0.0,0.0131,0.0,155.0,0.0,92.0,63.0,84.0,0.0,0.0,0.0,0.0,0.0,0.0,0.0,0.0,0.0,0.0,0.0,0.0,0.0,0.0,0.0,0.0,0.0,0.0,8.0,2.0,1.0
2481,20.819667000000074,0,8.1412,1.8638,2.2278,1.8637,0.3081,0.0029,0.0076,0.0002,0.1179,0.1308,0.0024,0.0014,0.0099,0.0001,0.0019,0.0017,0.0,0.0008,0.0078,0.0012,0.0005,0.0,0.0031,0.1705,0.0217,0.0,0.0126,0.0,155.0,0.0,92.0,63.0,84.0,0.0,0.0,0.0,0.0,0.0,0.0,0.0,0.0,0.0,0.0,0.0,0.0,0.0,0.0,0.0,0.0,0.0,0.0,8.0,2.0,1.0
2482,20.827808200000074,0,8.706,1.8907,2.4147,1.7394,0.194,0.0034,0.0082,0.0002,0.0445,0.0587,0.002,0.0007,0.0092,0.0002,0.0017,0.0015,0.0001,0.0001,0.008,0.0012,0.0005,0.0,0.0031,0.0976,0.0181,0.0001,0.0123,0.0,155.0,0.0,92.0,63.0,84.0,0.0,0.0,0.0,0.0,0.0,0.0,0.0,0.0,0.0,0.0,0.0,0.0,0.0,0.0,0.0,0.0,0.0,0.0,8.0,2.0,1.0
2483,20.836514200000074,0,7.9353,1.9326,2.1033,1.7661,0.1875,0.0028,0.0075,0.0002,0.0318,0.044,0.002,0.0006,0.01,0.0002,0.0014,0.002,0.0,0.0001,0.0082,0.0021,0.0005,0.0,0.0038,0.0858,0.0201,0.0001,0.0134,0.0,155.0,0.0,92.0,63.0,84.0,0.0,0.0,0.0,0.0,0.0,0.0,0.0,0.0,0.0,0.0,0.0,0.0,0.0,0.0,0.0,0.0,0.0,0.0,8.0,2.0,1.0
2484,20.844449500000074,0,8.5126,1.9268,2.283,1.8356,0.2062,0.0029,0.0086,0.0002,0.0384,0.0522,0.0022,0.0016,0.0117,0.0001,0.0015,0.0019,0.0002,0.0001,0.0083,0.0017,0.0005,0.0001,0.0038,0.0978,0.0195,0.0001,0.0193,0.0,155.0,0.0,92.0,63.0,84.0,0.0,0.0,0.0,0.0,0.0,0.0,0.0,0.0,0.0,0.0,0.0,0.0,0.0,0.0,0.0,0.0,0.0,0.0,8.0,2.0,1.0
2485,20.852962100000074,0,8.1994,1.8558,2.1393,1.7759,0.1823,0.0026,0.0086,0.0003,0.028,0.0413,0.002,0.0012,0.0097,0.0001,0.0011,0.0019,0.0,0.0002,0.0075,0.0018,0.0005,0.0001,0.0032,0.0804,0.0219,0.0,0.013,0.0,155.0,0.0,92.0,63.0,84.0,0.0,0.0,0.0,0.0,0.0,0.0,0.0,0.0,0.0,0.0,0.0,0.0,0.0,0.0,0.0,0.0,0.0,0.0,8.0,2.0,1.0
2486,20.861161500000073,0,8.3087,1.8214,2.1331,1.7582,0.1929,0.0028,0.006,0.0002,0.0465,0.0573,0.0019,0.0006,0.0095,0.0001,0.0015,0.0014,0.0,0.0001,0.0078,0.0017,0.0004,0.0,0.003,0.0964,0.0196,0.0001,0.0129,0.0,155.0,0.0,92.0,63.0,84.0,0.0,0.0,0.0,0.0,0.0,0.0,0.0,0.0,0.0,0.0,0.0,0.0,0.0,0.0,0.0,0.0,0.0,0.0,8.0,2.0,1.0
2487,20.869470200000073,0,8.3471,1.8713,2.118,1.7286,0.2727,0.0031,0.0062,0.0007,0.0315,0.0438,0.0023,0.0007,0.0089,0.0002,0.0017,0.0015,0.0001,0.0001,0.008,0.0012,0.0004,0.0,0.0032,0.083,0.022,0.0,0.0114,0.0,155.0,0.0,92.0,63.0,84.0,0.0,0.0,0.0,0.0,0.0,0.0,0.0,0.0,0.0,0.0,0.0,0.0,0.0,0.0,0.0,0.0,0.0,0.0,8.0,2.0,1.0
2488,20.877817300000075,0,8.3145,1.8607,2.1075,1.8237,0.1783,0.0028,0.0081,0.0001,0.0312,0.0441,0.0018,0.0008,0.0088,0.0002,0.0011,0.0018,0.0001,0.0001,0.0074,0.0012,0.0009,0.0001,0.003,0.0808,0.0203,0.0,0.0133,0.0,155.0,0.0,92.0,63.0,84.0,0.0,0.0,0.0,0.0,0.0,0.0,0.0,0.0,0.0,0.0,0.0,0.0,0.0,0.0,0.0,0.0,0.0,0.0,8.0,2.0,1.0
2489,20.886131800000076,0,8.7815,1.8473,2.5483,1.8381,0.192,0.0034,0.0077,0.0002,0.0329,0.0463,0.0025,0.0007,0.0095,0.0002,0.0013,0.0022,0.0,0.0001,0.0075,0.0012,0.0008,0.0,0.0034,0.0854,0.0239,0.0,0.0132,0.0,155.0,0.0,92.0,63.0,84.0,0.0,0.0,0.0,0.0,0.0,0.0,0.0,0.0,0.0,0.0,0.0,0.0,0.0,0.0,0.0,0.0,0.0,0.0,8.0,2.0,1.0
2490,20.894913300000077,0,8.0013,1.7814,2.2394,1.8056,0.187,0.0025,0.0078,0.0002,0.0387,0.0512,0.0019,0.0008,0.0099,0.0001,0.0014,0.002,0.0001,0.0001,0.0072,0.0012,0.0008,0.0001,0.0032,0.0901,0.0212,0.0001,0.0127,0.0,155.0,0.0,92.0,63.0,84.0,0.0,0.0,0.0,0.0,0.0,0.0,0.0,0.0,0.0,0.0,0.0,0.0,0.0,0.0,0.0,0.0,0.0,0.0,8.0,2.0,1.0
2491,20.902914600000077,0,8.4101,2.0219,2.2333,1.8113,0.2,0.0042,0.0105,0.0001,0.0247,0.0421,0.002,0.0009,0.0101,0.0002,0.0015,0.0015,0.0001,0.0001,0.0083,0.0013,0.0011,0.0,0.0035,0.0853,0.0225,0.0001,0.0133,0.0,155.0,0.0,92.0,63.0,84.0,0.0,0.0,0.0,0.0,0.0,0.0,0.0,0.0,0.0,0.0,0.0,0.0,0.0,0.0,0.0,0.0,0.0,0.0,8.0,2.0,1.0
2492,20.911324700000076,0,8.1316,1.8309,2.108,1.8511,0.1881,0.0027,0.0062,0.0002,0.0464,0.0576,0.002,0.0005,0.0086,0.0002,0.0017,0.0013,0.0,0.0001,0.008,0.0018,0.0004,0.0,0.0031,0.0955,0.0202,0.0,0.0138,0.0,155.0,0.0,92.0,63.0,84.0,0.0,0.0,0.0,0.0,0.0,0.0,0.0,0.0,0.0,0.0,0.0,0.0,0.0,0.0,0.0,0.0,0.0,0.0,8.0,2.0,1.0
2493,20.919456300000075,0,8.3674,1.6667,2.0946,1.6336,0.2075,0.0032,0.0091,0.0003,0.0312,0.0464,0.0029,0.0008,0.0123,0.0001,0.0015,0.0026,0.0,0.0001,0.0076,0.0012,0.0009,0.0002,0.0039,0.0923,0.0236,0.0,0.0126,0.0,155.0,0.0,92.0,63.0,84.0,0.0,0.0,0.0,0.0,0.0,0.0,0.0,0.0,0.0,0.0,0.0,0.0,0.0,0.0,0.0,0.0,0.0,0.0,8.0,2.0,1.0
2494,20.927823700000076,0,8.4492,1.7563,2.2826,1.8867,0.195,0.0028,0.0075,0.0002,0.0406,0.0532,0.0019,0.0007,0.0096,0.0001,0.0013,0.0014,0.0001,0.0002,0.008,0.0012,0.0005,0.0,0.0036,0.0933,0.0209,0.0001,0.0957,0.0,155.0,0.0,92.0,63.0,84.0,0.0,0.0,0.0,0.0,0.0,0.0,0.0,0.0,0.0,0.0,0.0,0.0,0.0,0.0,0.0,0.0,0.0,0.0,8.0,2.0,1.0
2495,20.936272900000077,0,8.5612,1.8186,2.3956,2.0628,0.1877,0.003,0.008,0.0004,0.0301,0.0438,0.002,0.0008,0.0105,0.0001,0.0018,0.0017,0.0001,0.0001,0.008,0.0011,0.0004,0.0,0.0031,0.0842,0.0185,0.0,0.0116,0.0,155.0,0.0,92.0,63.0,84.0,0.0,0.0,0.0,0.0,0.0,0.0,0.0,0.0,0.0,0.0,0.0,0.0,0.0,0.0,0.0,0.0,0.0,0.0,8.0,2.0,1.0
2496,20.944834100000076,0,8.2222,1.8861,2.3466,1.8662,0.191,0.0031,0.0073,0.0003,0.0444,0.0578,0.0019,0.0007,0.0091,0.0002,0.0012,0.002,0.0,0.0001,0.0081,0.0016,0.0004,0.0001,0.003,0.0959,0.0165,0.0,0.0137,0.0,155.0,0.0,92.0,63.0,84.0,0.0,0.0,0.0,0.0,0.0,0.0,0.0,0.0,0.0,0.0,0.0,0.0,0.0,0.0,0.0,0.0,0.0,0.0,8.0,2.0,1.0
2497,20.953056300000075,0,8.1783,1.7188,2.2369,1.7316,0.1766,0.0025,0.0065,0.0003,0.0283,0.0394,0.0022,0.0006,0.0093,0.0001,0.0015,0.0014,0.0,0.0001,0.0077,0.0012,0.0004,0.0,0.0032,0.0772,0.0206,0.0001,0.0127,0.0,155.0,0.0,92.0,63.0,84.0,0.0,0.0,0.0,0.0,0.0,0.0,0.0,0.0,0.0,0.0,0.0,0.0,0.0,0.0,0.0,0.0,0.0,0.0,8.0,2.0,1.0
2498,20.961234600000076,0,8.8034,1.7632,2.557,1.6866,0.201,0.0028,0.0084,0.0004,0.0399,0.0542,0.0021,0.0007,0.011,0.0001,0.0026,0.0022,0.0,0.0001,0.0073,0.0011,0.0005,0.0001,0.0032,0.096,0.0218,0.0,0.0148,0.0,155.0,0.0,92.0,63.0,84.0,0.0,0.0,0.0,0.0,0.0,0.0,0.0,0.0,0.0,0.0,0.0,0.0,0.0,0.0,0.0,0.0,0.0,0.0,8.0,2.0,1.0
2499,20.970038000000077,0,8.1026,2.1435,2.4714,1.8959,0.2257,0.0032,0.0092,0.0002,0.0476,0.063,0.0026,0.0008,0.012,0.0001,0.0019,0.0017,0.0001,0.0002,0.0085,0.0012,0.0004,0.0,0.0034,0.1081,0.025,0.0,0.0146,0.0,155.0,0.0,92.0,63.0,84.0,0.0,0.0,0.0,0.0,0.0,0.0,0.0,0.0,0.0,0.0,0.0,0.0,0.0,0.0,0.0,0.0,0.0,0.0,8.0,2.0,1.0
2500,20.978140600000078,0,8.2276,2.3167,2.3903,1.899,0.2087,0.0034,0.0067,0.0001,0.0426,0.055,0.0022,0.0009,0.0108,0.0002,0.0021,0.0014,0.0001,0.0002,0.008,0.0011,0.0005,0.0,0.0033,0.0965,0.0251,0.0,0.0191,0.0,155.0,0.0,92.0,63.0,84.0,0.0,0.0,0.0,0.0,0.0,0.0,0.0,0.0,0.0,0.0,0.0,0.0,0.0,0.0,0.0,0.0,0.0,0.0,8.0,2.0,1.0
2501,20.98636820000008,0,8.5662,1.9207,2.3426,1.8344,0.2138,0.0032,0.0098,0.0003,0.0366,0.0524,0.0025,0.0008,0.0111,0.0001,0.0017,0.0017,0.0001,0.0001,0.0085,0.0012,0.0005,0.0001,0.0033,0.096,0.024,0.0,0.0152,0.0,155.0,0.0,92.0,63.0,84.0,0.0,0.0,0.0,0.0,0.0,0.0,0.0,0.0,0.0,0.0,0.0,0.0,0.0,0.0,0.0,0.0,0.0,0.0,8.0,2.0,1.0
2502,20.99493440000008,0,8.1238,2.16,2.5051,1.9064,0.2186,0.0027,0.0083,0.0002,0.0496,0.0642,0.0031,0.0008,0.009,0.0005,0.0013,0.0023,0.0001,0.0001,0.0081,0.0013,0.0005,0.0001,0.0043,0.1092,0.0224,0.0001,0.0136,0.0,155.0,0.0,92.0,63.0,84.0,0.0,0.0,0.0,0.0,0.0,0.0,0.0,0.0,0.0,0.0,0.0,0.0,0.0,0.0,0.0,0.0,0.0,0.0,8.0,2.0,1.0
2503,21.00305820000008,0,8.336,1.9884,2.3174,1.9847,0.2011,0.003,0.0086,0.0003,0.0325,0.0468,0.002,0.0007,0.0104,0.0001,0.002,0.0016,0.0001,0.0001,0.008,0.0017,0.0005,0.0001,0.0031,0.088,0.0243,0.0,0.0149,0.0,155.0,0.0,92.0,63.0,84.0,0.0,0.0,0.0,0.0,0.0,0.0,0.0,0.0,0.0,0.0,0.0,0.0,0.0,0.0,0.0,0.0,0.0,0.0,8.0,2.0,1.0
2504,21.01139420000008,0,8.3265,1.9722,2.387,1.9825,0.2386,0.0039,0.011,0.0003,0.0431,0.0607,0.0029,0.0007,0.0117,0.0002,0.0014,0.002,0.0001,0.0001,0.0084,0.0018,0.0005,0.0001,0.0037,0.1059,0.0221,0.0001,0.0133,0.0,155.0,0.0,92.0,63.0,84.0,0.0,0.0,0.0,0.0,0.0,0.0,0.0,0.0,0.0,0.0,0.0,0.0,0.0,0.0,0.0,0.0,0.0,0.0,8.0,2.0,1.0
2505,21.01972070000008,0,8.4223,1.8575,2.2816,1.7429,0.2631,0.0058,0.0135,0.0003,0.02,0.0427,0.0031,0.0012,0.0144,0.0002,0.0021,0.0024,0.0002,0.0002,0.0121,0.0021,0.0008,0.0001,0.0049,0.1005,0.029,0.0,0.0124,0.0,155.0,0.0,92.0,63.0,84.0,0.0,0.0,0.0,0.0,0.0,0.0,0.0,0.0,0.0,0.0,0.0,0.0,0.0,0.0,0.0,0.0,0.0,0.0,8.0,2.0,1.0
2506,21.028143000000078,0,8.4429,1.9513,2.5327,2.0939,0.2298,0.0035,0.0091,0.0003,0.0503,0.0661,0.0029,0.001,0.0116,0.0001,0.0019,0.0016,0.0001,0.0001,0.0088,0.0012,0.0006,0.0,0.0036,0.111,0.0238,0.0001,0.0144,0.0,155.0,0.0,92.0,63.0,84.0,0.0,0.0,0.0,0.0,0.0,0.0,0.0,0.0,0.0,0.0,0.0,0.0,0.0,0.0,0.0,0.0,0.0,0.0,8.0,2.0,1.0
2507,21.036585900000077,0,8.2447,2.2527,2.4642,1.8434,0.2467,0.003,0.0103,0.0001,0.0429,0.0593,0.0034,0.0012,0.0167,0.0002,0.002,0.0025,0.0,0.0002,0.0139,0.0022,0.0006,0.0001,0.0055,0.1223,0.0301,0.0,0.0122,0.0,155.0,0.0,92.0,63.0,84.0,0.0,0.0,0.0,0.0,0.0,0.0,0.0,0.0,0.0,0.0,0.0,0.0,0.0,0.0,0.0,0.0,0.0,0.0,8.0,2.0,1.0
2508,21.044830600000076,0,8.3213,1.9595,2.5382,1.8413,0.2159,0.0031,0.0087,0.0002,0.0514,0.066,0.0022,0.0007,0.01,0.0001,0.0013,0.0022,0.0001,0.0001,0.0081,0.0017,0.0005,0.0002,0.0035,0.1095,0.0231,0.0,0.0128,0.0,155.0,0.0,92.0,63.0,84.0,0.0,0.0,0.0,0.0,0.0,0.0,0.0,0.0,0.0,0.0,0.0,0.0,0.0,0.0,0.0,0.0,0.0,0.0,8.0,2.0,1.0
2509,21.053151900000074,0,8.2854,2.0294,2.2473,1.8785,0.191,0.003,0.008,0.0001,0.0305,0.0441,0.0023,0.0005,0.0098,0.0001,0.0014,0.002,0.0001,0.0001,0.0087,0.0015,0.0004,0.0,0.0032,0.0857,0.0203,0.0,0.013,0.0,155.0,0.0,92.0,63.0,84.0,0.0,0.0,0.0,0.0,0.0,0.0,0.0,0.0,0.0,0.0,0.0,0.0,0.0,0.0,0.0,0.0,0.0,0.0,8.0,2.0,1.0
2510,21.061437300000073,0,8.3019,2.3514,2.2801,1.8735,0.2167,0.0032,0.0084,0.0002,0.0436,0.0582,0.0026,0.0009,0.0123,0.0002,0.0019,0.0018,0.0002,0.0001,0.0091,0.0019,0.0006,0.0001,0.0039,0.1068,0.0233,0.0001,0.0141,0.0,155.0,0.0,92.0,63.0,84.0,0.0,0.0,0.0,0.0,0.0,0.0,0.0,0.0,0.0,0.0,0.0,0.0,0.0,0.0,0.0,0.0,0.0,0.0,8.0,2.0,1.0
2511,21.069739200000072,0,8.3898,1.9003,2.3415,1.8015,0.2096,0.003,0.008,0.0002,0.034,0.0476,0.0026,0.001,0.0136,0.0001,0.0017,0.0021,0.0002,0.0002,0.011,0.002,0.0007,0.0001,0.005,0.1003,0.0228,0.0,0.0135,0.0,155.0,0.0,92.0,63.0,84.0,0.0,0.0,0.0,0.0,0.0,0.0,0.0,0.0,0.0,0.0,0.0,0.0,0.0,0.0,0.0,0.0,0.0,0.0,8.0,2.0,1.0
2512,21.07812900000007,0,8.4493,1.9938,2.4817,2.1392,0.2823,0.0037,0.009,0.0002,0.0577,0.074,0.004,0.0013,0.0172,0.0002,0.0023,0.0022,0.0002,0.0005,0.0095,0.0021,0.0005,0.0002,0.0074,0.1398,0.04,0.0,0.0125,0.0,155.0,0.0,92.0,63.0,84.0,0.0,0.0,0.0,0.0,0.0,0.0,0.0,0.0,0.0,0.0,0.0,0.0,0.0,0.0,0.0,0.0,0.0,0.0,8.0,2.0,1.0
2513,21.08657830000007,0,8.405,2.4333,2.5724,1.7859,0.1982,0.0034,0.007,0.0002,0.0338,0.0466,0.0019,0.001,0.0104,0.0002,0.0017,0.0021,0.0001,0.0001,0.0089,0.0014,0.0005,0.0001,0.0034,0.0893,0.0224,0.0001,0.0134,0.0,155.0,0.0,92.0,63.0,84.0,0.0,0.0,0.0,0.0,0.0,0.0,0.0,0.0,0.0,0.0,0.0,0.0,0.0,0.0,0.0,0.0,0.0,0.0,8.0,2.0,1.0
2514,21.09498330000007,0,8.6629,2.134,2.7865,2.2886,0.2081,0.0031,0.0087,0.0003,0.0444,0.059,0.0022,0.0007,0.0093,0.0007,0.0015,0.002,0.0001,0.0002,0.0078,0.0011,0.0005,0.0001,0.0031,0.1001,0.021,0.0001,0.0127,0.0,155.0,0.0,92.0,63.0,84.0,0.0,0.0,0.0,0.0,0.0,0.0,0.0,0.0,0.0,0.0,0.0,0.0,0.0,0.0,0.0,0.0,0.0,0.0,8.0,2.0,1.0
2515,21.10364620000007,0,7.9115,2.0235,2.5393,1.9016,0.202,0.0028,0.0081,0.0002,0.0314,0.0449,0.0026,0.0007,0.0106,0.0001,0.0014,0.0022,0.0001,0.0001,0.0082,0.0015,0.0005,0.0002,0.0031,0.0905,0.0247,0.0,0.0131,0.0,155.0,0.0,92.0,63.0,84.0,0.0,0.0,0.0,0.0,0.0,0.0,0.0,0.0,0.0,0.0,0.0,0.0,0.0,0.0,0.0,0.0,0.0,0.0,8.0,2.0,1.0
2516,21.11155770000007,0,8.3361,1.8405,2.2385,1.8968,0.1935,0.0029,0.0084,0.0002,0.0366,0.0502,0.0019,0.0007,0.0104,0.0001,0.0019,0.0014,0.0001,0.0005,0.0079,0.0011,0.0005,0.0001,0.0037,0.092,0.0205,0.0,0.0131,0.0,155.0,0.0,92.0,63.0,84.0,0.0,0.0,0.0,0.0,0.0,0.0,0.0,0.0,0.0,0.0,0.0,0.0,0.0,0.0,0.0,0.0,0.0,0.0,8.0,2.0,1.0
2517,21.11989380000007,0,8.305,1.989,2.4037,1.723,0.186,0.0028,0.0078,0.0002,0.0352,0.0481,0.0022,0.0006,0.0111,0.0001,0.0018,0.0014,0.0001,0.0001,0.0077,0.0014,0.0005,0.0001,0.0032,0.0885,0.0208,0.0,0.0126,0.0,155.0,0.0,92.0,63.0,84.0,0.0,0.0,0.0,0.0,0.0,0.0,0.0,0.0,0.0,0.0,0.0,0.0,0.0,0.0,0.0,0.0,0.0,0.0,8.0,2.0,1.0
2518,21.12819880000007,0,8.2738,1.7635,2.2849,1.7993,0.1874,0.0027,0.0083,0.0001,0.0386,0.0514,0.0025,0.0005,0.0093,0.0001,0.0013,0.002,0.0001,0.0001,0.008,0.0011,0.001,0.0001,0.0031,0.0901,0.02,0.0,0.0143,0.0,155.0,0.0,92.0,63.0,84.0,0.0,0.0,0.0,0.0,0.0,0.0,0.0,0.0,0.0,0.0,0.0,0.0,0.0,0.0,0.0,0.0,0.0,0.0,8.0,2.0,1.0
2519,21.136472600000072,0,8.1316,1.9077,2.0958,1.805,0.2045,0.0031,0.0086,0.0003,0.0351,0.0497,0.0023,0.0007,0.0111,0.0001,0.0018,0.0015,0.0,0.0002,0.0079,0.001,0.0004,0.0001,0.0035,0.0901,0.0258,0.0,0.0133,0.0,155.0,0.0,92.0,63.0,84.0,0.0,0.0,0.0,0.0,0.0,0.0,0.0,0.0,0.0,0.0,0.0,0.0,0.0,0.0,0.0,0.0,0.0,0.0,8.0,2.0,1.0
2520,21.14460420000007,0,8.5652,1.8415,2.2935,1.8135,0.1856,0.0026,0.0079,0.0002,0.038,0.0506,0.002,0.0006,0.0096,0.0007,0.0013,0.0015,0.0,0.0002,0.0083,0.0012,0.0005,0.0,0.0031,0.0913,0.0184,0.0001,0.0136,0.0,155.0,0.0,92.0,63.0,84.0,0.0,0.0,0.0,0.0,0.0,0.0,0.0,0.0,0.0,0.0,0.0,0.0,0.0,0.0,0.0,0.0,0.0,0.0,8.0,2.0,1.0
2521,21.15316940000007,0,8.4898,1.7731,2.4631,1.7206,0.2088,0.004,0.0084,0.0002,0.034,0.049,0.0025,0.0012,0.0135,0.0003,0.0016,0.0018,0.0001,0.0002,0.01,0.0015,0.0005,0.0001,0.0042,0.0992,0.0237,0.0,0.0141,0.0,155.0,0.0,92.0,63.0,84.0,0.0,0.0,0.0,0.0,0.0,0.0,0.0,0.0,0.0,0.0,0.0,0.0,0.0,0.0,0.0,0.0,0.0,0.0,8.0,2.0,1.0
2522,21.16165920000007,0,8.1995,2.2239,2.3298,1.724,0.1952,0.0025,0.0073,0.0001,0.0432,0.0563,0.0024,0.0007,0.0091,0.0001,0.0013,0.0019,0.0001,0.0001,0.008,0.001,0.0004,0.0001,0.0031,0.0956,0.0205,0.0,0.0127,0.0,155.0,0.0,92.0,63.0,84.0,0.0,0.0,0.0,0.0,0.0,0.0,0.0,0.0,0.0,0.0,0.0,0.0,0.0,0.0,0.0,0.0,0.0,0.0,8.0,2.0,1.0
2523,21.16985870000007,0,8.3167,1.7903,2.3106,1.8702,0.1882,0.0026,0.0085,0.0002,0.03,0.0431,0.0023,0.0007,0.0097,0.0002,0.0014,0.0021,0.0001,0.0001,0.0084,0.0017,0.0004,0.0001,0.0032,0.0849,0.0219,0.0,0.0129,0.0,155.0,0.0,92.0,63.0,84.0,0.0,0.0,0.0,0.0,0.0,0.0,0.0,0.0,0.0,0.0,0.0,0.0,0.0,0.0,0.0,0.0,0.0,0.0,8.0,2.0,1.0
2524,21.17817540000007,0,8.1998,1.959,2.2197,1.758,0.2116,0.0028,0.0091,0.0002,0.0429,0.057,0.0024,0.0007,0.0107,0.0001,0.0013,0.0015,0.0,0.0001,0.0081,0.0013,0.0005,0.0,0.0037,0.0992,0.0245,0.0,0.0117,0.0,155.0,0.0,92.0,63.0,84.0,0.0,0.0,0.0,0.0,0.0,0.0,0.0,0.0,0.0,0.0,0.0,0.0,0.0,0.0,0.0,0.0,0.0,0.0,8.0,2.0,1.0
2525,21.18637520000007,0,8.3596,2.2001,2.096,1.8645,0.1825,0.003,0.0083,0.0001,0.0316,0.0456,0.002,0.0008,0.0094,0.0001,0.0013,0.002,0.0001,0.0001,0.008,0.0012,0.0009,0.0001,0.003,0.0844,0.0219,0.0,0.011,0.0,155.0,0.0,92.0,63.0,84.0,0.0,0.0,0.0,0.0,0.0,0.0,0.0,0.0,0.0,0.0,0.0,0.0,0.0,0.0,0.0,0.0,0.0,0.0,8.0,2.0,1.0
2526,21.19473480000007,0,8.4787,1.9009,2.3241,1.7794,0.196,0.0031,0.0079,0.0002,0.0442,0.0573,0.0021,0.0012,0.0092,0.0001,0.0014,0.0019,0.0001,0.0001,0.008,0.0012,0.0005,0.0001,0.0032,0.0967,0.0206,0.0001,0.0122,0.0,155.0,0.0,92.0,63.0,84.0,0.0,0.0,0.0,0.0,0.0,0.0,0.0,0.0,0.0,0.0,0.0,0.0,0.0,0.0,0.0,0.0,0.0,0.0,8.0,2.0,1.0
2527,21.20321350000007,0,8.1175,1.9257,2.1291,1.8291,0.1881,0.0026,0.0089,0.0001,0.0346,0.0484,0.0024,0.0007,0.0102,0.0001,0.002,0.0019,0.0001,0.0001,0.0078,0.0012,0.0006,0.0001,0.003,0.0891,0.0219,0.0,0.013,0.0,155.0,0.0,92.0,63.0,84.0,0.0,0.0,0.0,0.0,0.0,0.0,0.0,0.0,0.0,0.0,0.0,0.0,0.0,0.0,0.0,0.0,0.0,0.0,8.0,2.0,1.0
2528,21.211331000000072,0,8.6106,1.8577,2.3465,1.799,0.286,0.0031,0.0088,0.0002,0.0387,0.0529,0.0699,0.0017,0.0801,0.0002,0.0016,0.0017,0.0001,0.0002,0.0098,0.0019,0.0006,0.0001,0.0043,0.17,0.0274,0.0001,0.0134,0.0,155.0,0.0,92.0,63.0,84.0,0.0,0.0,0.0,0.0,0.0,0.0,0.0,0.0,0.0,0.0,0.0,0.0,0.0,0.0,0.0,0.0,0.0,0.0,8.0,2.0,1.0
2529,21.219941600000073,0,8.1934,1.8038,2.355,1.8336,0.1845,0.0029,0.008,0.0001,0.031,0.0437,0.0023,0.0007,0.01,0.0001,0.0013,0.0018,0.0,0.0001,0.008,0.0016,0.0004,0.0,0.0031,0.0829,0.0209,0.0001,0.0141,0.0,155.0,0.0,92.0,63.0,84.0,0.0,0.0,0.0,0.0,0.0,0.0,0.0,0.0,0.0,0.0,0.0,0.0,0.0,0.0,0.0,0.0,0.0,0.0,8.0,2.0,1.0
2530,21.228135000000073,0,8.6491,1.9857,2.5722,1.8388,0.1916,0.0026,0.008,0.0002,0.0395,0.0528,0.0026,0.0009,0.0094,0.0001,0.0014,0.0019,0.0,0.0001,0.0075,0.0012,0.0005,0.0,0.0032,0.0919,0.0209,0.0,0.0122,0.0,155.0,0.0,92.0,63.0,84.0,0.0,0.0,0.0,0.0,0.0,0.0,0.0,0.0,0.0,0.0,0.0,0.0,0.0,0.0,0.0,0.0,0.0,0.0,8.0,2.0,1.0
2531,21.236784100000072,0,7.8271,2.0657,2.0671,1.7757,0.1793,0.0028,0.0074,0.0002,0.0305,0.0427,0.0018,0.0005,0.0092,0.0002,0.0014,0.0018,0.0001,0.0002,0.0077,0.0011,0.0004,0.0001,0.0031,0.0834,0.0181,0.0,0.0149,0.0,155.0,0.0,92.0,63.0,84.0,0.0,0.0,0.0,0.0,0.0,0.0,0.0,0.0,0.0,0.0,0.0,0.0,0.0,0.0,0.0,0.0,0.0,0.0,8.0,2.0,1.0
2532,21.244611200000072,0,8.7052,2.1267,2.3772,1.9945,0.196,0.0027,0.0077,0.0002,0.0435,0.0573,0.0025,0.0007,0.0091,0.0001,0.0011,0.0019,0.0001,0.0001,0.0078,0.0011,0.0005,0.0,0.003,0.0965,0.0189,0.0,0.014,0.0,155.0,0.0,92.0,63.0,84.0,0.0,0.0,0.0,0.0,0.0,0.0,0.0,0.0,0.0,0.0,0.0,0.0,0.0,0.0,0.0,0.0,0.0,0.0,8.0,2.0,1.0
2533,21.253316400000074,0,8.2494,1.9493,2.336,1.6759,0.1736,0.0027,0.0078,0.0003,0.0296,0.0422,0.0025,0.0006,0.0095,0.0002,0.0016,0.0015,0.0001,0.0001,0.0078,0.0011,0.0005,0.0001,0.0032,0.0808,0.0164,0.0,0.0133,0.0,155.0,0.0,92.0,63.0,84.0,0.0,0.0,0.0,0.0,0.0,0.0,0.0,0.0,0.0,0.0,0.0,0.0,0.0,0.0,0.0,0.0,0.0,0.0,8.0,2.0,1.0
2534,21.261565800000074,0,8.2798,1.8836,2.3237,1.7179,0.1975,0.004,0.0083,0.0002,0.0386,0.0535,0.0019,0.0007,0.0093,0.0001,0.0013,0.0013,0.0001,0.0001,0.0081,0.0011,0.0004,0.0001,0.0034,0.0939,0.0199,0.0,0.0138,0.0,155.0,0.0,92.0,63.0,84.0,0.0,0.0,0.0,0.0,0.0,0.0,0.0,0.0,0.0,0.0,0.0,0.0,0.0,0.0,0.0,0.0,0.0,0.0,8.0,2.0,1.0
2535,21.269845600000075,0,8.2064,2.174,2.2223,1.8833,0.176,0.0028,0.0078,0.0001,0.0303,0.044,0.0019,0.0006,0.0092,0.0001,0.0016,0.0013,0.0001,0.0001,0.0079,0.0015,0.0005,0.0001,0.0032,0.081,0.0215,0.0001,0.0124,0.0,155.0,0.0,92.0,63.0,84.0,0.0,0.0,0.0,0.0,0.0,0.0,0.0,0.0,0.0,0.0,0.0,0.0,0.0,0.0,0.0,0.0,0.0,0.0,8.0,2.0,1.0
2536,21.278052000000073,0,8.3991,1.9554,2.2029,2.0232,0.1918,0.0029,0.0075,0.0003,0.0384,0.0519,0.0025,0.0007,0.0097,0.0001,0.0012,0.0015,0.0,0.0001,0.0079,0.0011,0.0004,0.0001,0.0033,0.0919,0.0201,0.0001,0.0151,0.0,155.0,0.0,92.0,63.0,84.0,0.0,0.0,0.0,0.0,0.0,0.0,0.0,0.0,0.0,0.0,0.0,0.0,0.0,0.0,0.0,0.0,0.0,0.0,8.0,2.0,1.0
2537,21.286451100000072,0,8.181,1.9592,2.115,1.8212,0.1774,0.0029,0.0073,0.0002,0.0295,0.0416,0.0018,0.0006,0.0094,0.0001,0.0018,0.0015,0.0,0.0001,0.0077,0.0012,0.0005,0.0001,0.0031,0.0798,0.0208,0.0,0.0134,0.0,155.0,0.0,92.0,63.0,84.0,0.0,0.0,0.0,0.0,0.0,0.0,0.0,0.0,0.0,0.0,0.0,0.0,0.0,0.0,0.0,0.0,0.0,0.0,8.0,2.0,1.0
2538,21.294632100000072,0,8.4026,2.0379,2.1478,1.9311,0.1903,0.0028,0.0078,0.0002,0.036,0.0496,0.002,0.0006,0.0091,0.0001,0.0012,0.0021,0.0001,0.0001,0.0076,0.0011,0.0004,0.0001,0.0031,0.0903,0.0192,0.0,0.0126,0.0,155.0,0.0,92.0,63.0,84.0,0.0,0.0,0.0,0.0,0.0,0.0,0.0,0.0,0.0,0.0,0.0,0.0,0.0,0.0,0.0,0.0,0.0,0.0,8.0,2.0,1.0
2539,21.303034700000072,0,8.4519,1.9487,2.2115,1.7891,0.1766,0.0032,0.0076,0.0004,0.0314,0.0444,0.0018,0.0006,0.0094,0.0001,0.0014,0.0015,0.0,0.0001,0.0069,0.0011,0.0009,0.0001,0.0032,0.0813,0.0208,0.0001,0.0129,0.0,155.0,0.0,92.0,63.0,84.0,0.0,0.0,0.0,0.0,0.0,0.0,0.0,0.0,0.0,0.0,0.0,0.0,0.0,0.0,0.0,0.0,0.0,0.0,8.0,2.0,1.0
2540,21.311486600000073,0,8.3164,1.9188,2.3538,1.9117,0.2105,0.0026,0.0081,0.0002,0.0456,0.0584,0.0035,0.0007,0.0123,0.0002,0.002,0.0016,0.0,0.0001,0.0086,0.0013,0.0008,0.0002,0.0037,0.1045,0.0229,0.0001,0.0137,0.0,155.0,0.0,92.0,63.0,84.0,0.0,0.0,0.0,0.0,0.0,0.0,0.0,0.0,0.0,0.0,0.0,0.0,0.0,0.0,0.0,0.0,0.0,0.0,8.0,2.0,1.0
2541,21.31980300000007,0,8.3842,1.8684,2.1843,1.7891,0.175,0.0027,0.008,0.0002,0.0303,0.043,0.0018,0.0004,0.0092,0.0001,0.0012,0.0019,0.0001,0.0001,0.0078,0.0011,0.0004,0.0001,0.003,0.0794,0.0194,0.0,0.0501,0.0,155.0,0.0,92.0,63.0,84.0,0.0,0.0,0.0,0.0,0.0,0.0,0.0,0.0,0.0,0.0,0.0,0.0,0.0,0.0,0.0,0.0,0.0,0.0,8.0,2.0,1.0
2542,21.32818720000007,0,8.1798,1.9957,2.256,1.8572,0.1995,0.0025,0.0065,0.0002,0.042,0.0535,0.0023,0.0008,0.0112,0.0001,0.0018,0.0014,0.0,0.0003,0.0079,0.0017,0.0004,0.0001,0.003,0.0944,0.0222,0.0001,0.0125,0.0,155.0,0.0,92.0,63.0,84.0,0.0,0.0,0.0,0.0,0.0,0.0,0.0,0.0,0.0,0.0,0.0,0.0,0.0,0.0,0.0,0.0,0.0,0.0,8.0,2.0,1.0
2543,21.33636700000007,0,8.3965,1.8368,2.2262,1.6887,0.198,0.0033,0.0099,0.0002,0.0333,0.0488,0.002,0.0008,0.0101,0.0001,0.0015,0.0016,0.0001,0.0001,0.0081,0.0012,0.0005,0.0005,0.0038,0.091,0.0232,0.0,0.0123,0.0,155.0,0.0,92.0,63.0,84.0,0.0,0.0,0.0,0.0,0.0,0.0,0.0,0.0,0.0,0.0,0.0,0.0,0.0,0.0,0.0,0.0,0.0,0.0,8.0,2.0,1.0
2544,21.34476350000007,0,8.4034,1.8458,2.1969,1.9086,0.1961,0.0032,0.0082,0.0002,0.0446,0.0587,0.0023,0.0012,0.0099,0.0002,0.0016,0.0014,0.0001,0.0001,0.0079,0.0018,0.0004,0.0,0.0031,0.0985,0.0191,0.0,0.0123,0.0,155.0,0.0,92.0,63.0,84.0,0.0,0.0,0.0,0.0,0.0,0.0,0.0,0.0,0.0,0.0,0.0,0.0,0.0,0.0,0.0,0.0,0.0,0.0,8.0,2.0,1.0
2545,21.35316690000007,0,8.3257,2.0791,2.3424,1.7734,0.1857,0.0038,0.0081,0.0001,0.0301,0.0443,0.0019,0.0005,0.0103,0.0001,0.0018,0.0014,0.0001,0.0002,0.0078,0.0016,0.0004,0.0002,0.0032,0.0845,0.0207,0.0,0.0125,0.0,155.0,0.0,92.0,63.0,84.0,0.0,0.0,0.0,0.0,0.0,0.0,0.0,0.0,0.0,0.0,0.0,0.0,0.0,0.0,0.0,0.0,0.0,0.0,8.0,2.0,1.0
2546,21.36149260000007,0,8.4915,1.8343,2.476,1.8303,0.2005,0.0028,0.0062,0.0002,0.0431,0.0554,0.0019,0.0007,0.0094,0.0001,0.002,0.0014,0.0,0.0001,0.0086,0.001,0.0004,0.0,0.0035,0.0962,0.0227,0.0,0.0123,0.0,155.0,0.0,92.0,63.0,84.0,0.0,0.0,0.0,0.0,0.0,0.0,0.0,0.0,0.0,0.0,0.0,0.0,0.0,0.0,0.0,0.0,0.0,0.0,8.0,2.0,1.0
2547,21.36998410000007,0,8.2827,1.7869,2.2351,1.7385,0.1835,0.0026,0.0078,0.0002,0.0313,0.0439,0.002,0.0006,0.0077,0.0001,0.0013,0.0014,0.0,0.0004,0.008,0.001,0.0004,0.0001,0.0031,0.0801,0.0239,0.0,0.0147,0.0,155.0,0.0,92.0,63.0,84.0,0.0,0.0,0.0,0.0,0.0,0.0,0.0,0.0,0.0,0.0,0.0,0.0,0.0,0.0,0.0,0.0,0.0,0.0,8.0,2.0,1.0
2548,21.37826680000007,0,8.1164,1.9006,2.3183,1.9423,0.1893,0.0028,0.0072,0.0003,0.0406,0.0528,0.0018,0.001,0.0093,0.0002,0.0018,0.0016,0.0001,0.0001,0.0078,0.0014,0.0004,0.0001,0.0032,0.0913,0.019,0.0,0.0128,0.0,155.0,0.0,92.0,63.0,84.0,0.0,0.0,0.0,0.0,0.0,0.0,0.0,0.0,0.0,0.0,0.0,0.0,0.0,0.0,0.0,0.0,0.0,0.0,8.0,2.0,1.0
2549,21.38638320000007,0,8.412,2.0004,2.2464,1.9126,0.1743,0.0027,0.0079,0.0001,0.0267,0.0392,0.0018,0.0006,0.0084,0.0002,0.0016,0.0014,0.0001,0.0001,0.0074,0.0011,0.0005,0.0001,0.0031,0.0753,0.0214,0.0,0.0137,0.0,155.0,0.0,92.0,63.0,84.0,0.0,0.0,0.0,0.0,0.0,0.0,0.0,0.0,0.0,0.0,0.0,0.0,0.0,0.0,0.0,0.0,0.0,0.0,8.0,2.0,1.0
2550,21.39479520000007,0,8.5244,1.9163,2.2668,1.9562,0.1853,0.0027,0.0075,0.0002,0.0353,0.0479,0.0024,0.0007,0.0102,0.0002,0.0012,0.0017,0.0001,0.0001,0.0072,0.0011,0.0004,0.0001,0.003,0.0892,0.0188,0.0,0.0127,0.0,155.0,0.0,92.0,63.0,84.0,0.0,0.0,0.0,0.0,0.0,0.0,0.0,0.0,0.0,0.0,0.0,0.0,0.0,0.0,0.0,0.0,0.0,0.0,8.0,2.0,1.0
2551,21.403319600000067,0,8.0112,2.1387,2.2351,1.8234,0.1871,0.003,0.0059,0.0002,0.0338,0.0451,0.0019,0.0008,0.0095,0.0002,0.0013,0.0019,0.0,0.0001,0.0072,0.0022,0.0005,0.0001,0.0032,0.0845,0.0241,0.0001,0.0124,0.0,155.0,0.0,92.0,63.0,84.0,0.0,0.0,0.0,0.0,0.0,0.0,0.0,0.0,0.0,0.0,0.0,0.0,0.0,0.0,0.0,0.0,0.0,0.0,8.0,2.0,1.0
2552,21.411330800000066,0,8.454,2.0317,2.2427,1.8178,0.1831,0.0027,0.0086,0.0002,0.0376,0.0507,0.0021,0.0007,0.0092,0.0001,0.0014,0.0014,0.0,0.0001,0.0076,0.0011,0.0004,0.0001,0.0031,0.0888,0.0188,0.0,0.0188,0.0,155.0,0.0,92.0,63.0,84.0,0.0,0.0,0.0,0.0,0.0,0.0,0.0,0.0,0.0,0.0,0.0,0.0,0.0,0.0,0.0,0.0,0.0,0.0,8.0,2.0,1.0
2553,21.419784800000066,0,8.5626,2.0721,2.3879,1.844,0.1788,0.0028,0.0063,0.0002,0.0304,0.0418,0.0018,0.0006,0.0095,0.0001,0.0013,0.0019,0.0,0.0001,0.008,0.0012,0.0005,0.0001,0.0032,0.0807,0.0213,0.0,0.0127,0.0,155.0,0.0,92.0,63.0,84.0,0.0,0.0,0.0,0.0,0.0,0.0,0.0,0.0,0.0,0.0,0.0,0.0,0.0,0.0,0.0,0.0,0.0,0.0,8.0,2.0,1.0
2554,21.428347400000067,0,8.0969,1.9543,2.3144,1.8103,0.2033,0.0031,0.0059,0.0002,0.0461,0.0575,0.0019,0.0007,0.0096,0.0002,0.0019,0.0014,0.0,0.0001,0.0079,0.0014,0.0004,0.0001,0.0031,0.0969,0.0233,0.0001,0.014,0.0,155.0,0.0,92.0,63.0,84.0,0.0,0.0,0.0,0.0,0.0,0.0,0.0,0.0,0.0,0.0,0.0,0.0,0.0,0.0,0.0,0.0,0.0,0.0,8.0,2.0,1.0
2555,21.43644430000007,0,8.2913,1.8235,2.2036,1.789,0.1828,0.003,0.0078,0.0003,0.0339,0.0466,0.002,0.0007,0.0091,0.0001,0.0016,0.0015,0.0001,0.0001,0.008,0.0013,0.0005,0.0001,0.0032,0.0851,0.0198,0.0,0.0127,0.0,155.0,0.0,92.0,63.0,84.0,0.0,0.0,0.0,0.0,0.0,0.0,0.0,0.0,0.0,0.0,0.0,0.0,0.0,0.0,0.0,0.0,0.0,0.0,8.0,2.0,1.0
2556,21.44473560000007,0,8.2388,1.946,2.1292,1.8574,0.1962,0.0028,0.0071,0.0002,0.0436,0.056,0.002,0.0011,0.01,0.0002,0.0017,0.0015,0.0001,0.0001,0.0079,0.0017,0.0004,0.0001,0.0031,0.0961,0.0196,0.0,0.0118,0.0,155.0,0.0,92.0,63.0,84.0,0.0,0.0,0.0,0.0,0.0,0.0,0.0,0.0,0.0,0.0,0.0,0.0,0.0,0.0,0.0,0.0,0.0,0.0,8.0,2.0,1.0
2557,21.45297440000007,0,8.586,2.0677,2.3441,1.8414,0.1875,0.0027,0.008,0.0002,0.0294,0.0426,0.0018,0.0006,0.0095,0.0002,0.0022,0.0021,0.0,0.0001,0.0083,0.0017,0.0005,0.0001,0.0034,0.0846,0.0225,0.0,0.0126,0.0,155.0,0.0,92.0,63.0,84.0,0.0,0.0,0.0,0.0,0.0,0.0,0.0,0.0,0.0,0.0,0.0,0.0,0.0,0.0,0.0,0.0,0.0,0.0,8.0,2.0,1.0
2558,21.46156040000007,0,8.2814,2.2206,2.2647,1.6889,0.1848,0.0027,0.0072,0.0001,0.0423,0.0541,0.0021,0.0007,0.0092,0.0002,0.0016,0.0014,0.0,0.0001,0.0077,0.0016,0.0005,0.0001,0.003,0.0921,0.0181,0.0,0.0117,0.0,155.0,0.0,92.0,63.0,84.0,0.0,0.0,0.0,0.0,0.0,0.0,0.0,0.0,0.0,0.0,0.0,0.0,0.0,0.0,0.0,0.0,0.0,0.0,8.0,2.0,1.0
2559,21.469841800000072,0,8.3784,1.9737,2.2245,1.8993,0.1791,0.0031,0.0076,0.0001,0.0284,0.0414,0.0019,0.0006,0.0097,0.0001,0.0016,0.0014,0.0001,0.0002,0.0077,0.0016,0.0004,0.0,0.0037,0.0804,0.0203,0.0,0.0124,0.0,155.0,0.0,92.0,63.0,84.0,0.0,0.0,0.0,0.0,0.0,0.0,0.0,0.0,0.0,0.0,0.0,0.0,0.0,0.0,0.0,0.0,0.0,0.0,8.0,2.0,1.0
2560,21.478220200000074,0,8.2964,1.8053,2.4282,1.8203,0.1934,0.0027,0.0085,0.0003,0.0389,0.0533,0.0021,0.0008,0.0104,0.0001,0.0019,0.0014,0.0001,0.0001,0.0077,0.0016,0.0004,0.0001,0.0032,0.0935,0.021,0.0001,0.0148,0.0,155.0,0.0,92.0,63.0,84.0,0.0,0.0,0.0,0.0,0.0,0.0,0.0,0.0,0.0,0.0,0.0,0.0,0.0,0.0,0.0,0.0,0.0,0.0,8.0,2.0,1.0
2561,21.486516600000073,0,8.4498,1.9684,2.4065,1.88,0.2002,0.0029,0.0089,0.0003,0.0336,0.0478,0.002,0.0005,0.0085,0.0002,0.0018,0.0024,0.0001,0.0002,0.0084,0.0018,0.0004,0.0001,0.0033,0.0889,0.0242,0.0,0.0135,0.0,155.0,0.0,92.0,63.0,84.0,0.0,0.0,0.0,0.0,0.0,0.0,0.0,0.0,0.0,0.0,0.0,0.0,0.0,0.0,0.0,0.0,0.0,0.0,8.0,2.0,1.0
2562,21.494966400000074,0,8.535,1.9416,2.4962,1.8855,0.1986,0.003,0.0059,0.0007,0.0434,0.0551,0.0028,0.0006,0.012,0.0001,0.0015,0.0015,0.0001,0.0001,0.0081,0.0013,0.0005,0.0,0.004,0.0995,0.0203,0.0,0.0136,0.0,155.0,0.0,92.0,63.0,84.0,0.0,0.0,0.0,0.0,0.0,0.0,0.0,0.0,0.0,0.0,0.0,0.0,0.0,0.0,0.0,0.0,0.0,0.0,8.0,2.0,1.0
2563,21.503501400000072,0,7.8865,2.1169,2.22,1.8509,0.1774,0.0032,0.0076,0.0002,0.0341,0.0469,0.0018,0.0006,0.0093,0.0002,0.0011,0.0019,0.0,0.0002,0.0074,0.0011,0.0004,0.0,0.003,0.0827,0.0183,0.0,0.0145,0.0,155.0,0.0,92.0,63.0,84.0,0.0,0.0,0.0,0.0,0.0,0.0,0.0,0.0,0.0,0.0,0.0,0.0,0.0,0.0,0.0,0.0,0.0,0.0,8.0,2.0,1.0
2564,21.511387900000074,0,8.5123,2.0042,2.3826,1.9379,0.199,0.0033,0.0072,0.0003,0.0435,0.0573,0.0019,0.0006,0.0094,0.0002,0.0013,0.002,0.0001,0.0001,0.0075,0.0013,0.0009,0.0001,0.0032,0.0972,0.0223,0.0,0.0141,0.0,155.0,0.0,92.0,63.0,82.0,0.0,0.0,0.0,0.0,0.0,0.0,0.0,0.0,0.0,0.0,0.0,0.0,0.0,0.0,0.0,0.0,0.0,0.0,8.0,2.0,1.0
2565,21.519900200000073,0,8.3764,1.8026,2.2453,1.7103,0.187,0.0026,0.0083,0.0002,0.0371,0.0503,0.0029,0.0006,0.0115,0.0002,0.0015,0.0018,0.0001,0.0001,0.0077,0.0016,0.0005,0.0,0.0033,0.0925,0.0205,0.0,0.0126,0.0,155.0,0.0,92.0,63.0,82.0,0.0,0.0,0.0,0.0,0.0,0.0,0.0,0.0,0.0,0.0,0.0,0.0,0.0,0.0,0.0,0.0,0.0,0.0,8.0,2.0,1.0
2566,21.528276600000073,0,8.7373,1.9575,2.8222,1.9045,0.2364,0.0032,0.0092,0.0004,0.0437,0.0592,0.0024,0.001,0.0115,0.0001,0.0017,0.0021,0.0002,0.0001,0.0093,0.0014,0.0005,0.0001,0.0039,0.1073,0.027,0.0,0.0133,0.0,155.0,0.0,92.0,63.0,82.0,0.0,0.0,0.0,0.0,0.0,0.0,0.0,0.0,0.0,0.0,0.0,0.0,0.0,0.0,0.0,0.0,0.0,0.0,8.0,2.0,1.0
2567,21.537013900000073,0,8.4332,2.2721,2.8981,2.0954,0.2115,0.0031,0.0095,0.0002,0.0312,0.047,0.0029,0.0011,0.0126,0.0001,0.0015,0.0022,0.0001,0.0001,0.0086,0.0019,0.0005,0.0001,0.0034,0.0944,0.023,0.0,0.012,0.0,155.0,0.0,92.0,63.0,82.0,0.0,0.0,0.0,0.0,0.0,0.0,0.0,0.0,0.0,0.0,0.0,0.0,0.0,0.0,0.0,0.0,0.0,0.0,8.0,2.0,1.0
2568,21.54544710000007,0,7.8976,2.2333,2.549,2.018,0.2103,0.0032,0.0087,0.0002,0.0419,0.0565,0.002,0.0009,0.0111,0.0002,0.0019,0.0016,0.0001,0.0001,0.0084,0.0012,0.0009,0.0001,0.0033,0.1002,0.0195,0.0,0.0121,0.0,155.0,0.0,92.0,63.0,82.0,0.0,0.0,0.0,0.0,0.0,0.0,0.0,0.0,0.0,0.0,0.0,0.0,0.0,0.0,0.0,0.0,0.0,0.0,8.0,2.0,1.0
2569,21.55334470000007,0,8.3228,2.1493,2.3204,1.9591,0.2096,0.0028,0.0098,0.0004,0.0423,0.0584,0.0019,0.0009,0.0101,0.0002,0.0016,0.0014,0.0001,0.0001,0.0073,0.0011,0.0004,0.0001,0.0032,0.0996,0.0215,0.0,0.0136,0.0,155.0,0.0,92.0,63.0,82.0,0.0,0.0,0.0,0.0,0.0,0.0,0.0,0.0,0.0,0.0,0.0,0.0,0.0,0.0,0.0,0.0,0.0,0.0,8.0,2.0,1.0
2570,21.56166750000007,0,8.8893,2.0982,2.8801,2.1549,0.3146,0.0038,0.0089,0.0004,0.065,0.0815,0.0035,0.0013,0.0167,0.0003,0.0022,0.0025,0.0002,0.0006,0.0089,0.0018,0.0005,0.0002,0.0073,0.1461,0.0399,0.0001,0.0128,0.0,155.0,0.0,92.0,63.0,82.0,0.0,0.0,0.0,0.0,0.0,0.0,0.0,0.0,0.0,0.0,0.0,0.0,0.0,0.0,0.0,0.0,0.0,0.0,8.0,2.0,1.0
2571,21.57055680000007,0,8.131,2.227,2.945,2.167,0.2174,0.004,0.0089,0.0003,0.0331,0.0493,0.0021,0.0011,0.0103,0.0002,0.0017,0.0019,0.0001,0.0001,0.0087,0.0017,0.0006,0.0002,0.0036,0.0936,0.0235,0.0,0.0117,0.0,155.0,0.0,92.0,63.0,82.0,0.0,0.0,0.0,0.0,0.0,0.0,0.0,0.0,0.0,0.0,0.0,0.0,0.0,0.0,0.0,0.0,0.0,0.0,8.0,2.0,1.0
2572,21.57868780000007,0,7.8575,2.0765,2.4648,2.1073,0.2112,0.0029,0.0084,0.0002,0.0419,0.0557,0.0028,0.0009,0.0124,0.0002,0.0022,0.0031,0.0001,0.0002,0.0111,0.0014,0.0004,0.0001,0.0032,0.1052,0.0251,0.0001,0.0124,0.0,155.0,0.0,92.0,63.0,82.0,0.0,0.0,0.0,0.0,0.0,0.0,0.0,0.0,0.0,0.0,0.0,0.0,0.0,0.0,0.0,0.0,0.0,0.0,8.0,2.0,1.0
2573,21.58654530000007,0,8.6152,2.399,2.5129,1.7753,0.2048,0.0034,0.0087,0.0002,0.0337,0.0486,0.0027,0.0006,0.0104,0.0001,0.0014,0.0019,0.0001,0.0001,0.008,0.0016,0.0005,0.0001,0.0033,0.0887,0.0216,0.0,0.0119,0.0,155.0,0.0,92.0,63.0,82.0,0.0,0.0,0.0,0.0,0.0,0.0,0.0,0.0,0.0,0.0,0.0,0.0,0.0,0.0,0.0,0.0,0.0,0.0,8.0,2.0,1.0
2574,21.59516050000007,0,8.3323,1.975,2.5053,1.9907,0.2134,0.0031,0.0086,0.0003,0.0372,0.0514,0.0021,0.0007,0.0097,0.0001,0.0014,0.002,0.0001,0.0001,0.0094,0.0019,0.0009,0.0001,0.0038,0.0953,0.0346,0.0001,0.0127,0.0,155.0,0.0,92.0,63.0,82.0,0.0,0.0,0.0,0.0,0.0,0.0,0.0,0.0,0.0,0.0,0.0,0.0,0.0,0.0,0.0,0.0,0.0,0.0,8.0,2.0,1.0
2575,21.60349280000007,0,8.1481,2.2383,2.4069,1.956,0.2027,0.0043,0.0087,0.0003,0.0279,0.0439,0.0021,0.0008,0.0108,0.0002,0.0018,0.0016,0.0001,0.0002,0.0075,0.0017,0.0004,0.0,0.0031,0.0893,0.0232,0.0001,0.0124,0.0,155.0,0.0,92.0,63.0,80.0,0.0,0.0,0.0,0.0,0.0,0.0,0.0,0.0,0.0,0.0,0.0,0.0,0.0,0.0,0.0,0.0,0.0,0.0,8.0,2.0,1.0
2576,21.61164090000007,0,8.2545,1.9789,2.3408,1.9057,0.2249,0.0031,0.0077,0.0003,0.0457,0.0589,0.0023,0.0009,0.0118,0.0002,0.0018,0.0016,0.0001,0.0002,0.0082,0.0013,0.0009,0.0001,0.0037,0.1049,0.0267,0.0,0.0112,0.0,155.0,0.0,92.0,63.0,80.0,0.0,0.0,0.0,0.0,0.0,0.0,0.0,0.0,0.0,0.0,0.0,0.0,0.0,0.0,0.0,0.0,0.0,0.0,8.0,2.0,1.0
2577,21.61989540000007,0,8.2029,1.9415,2.1919,1.8769,0.1903,0.0028,0.0047,0.0002,0.0369,0.0468,0.0024,0.0008,0.0099,0.0001,0.0014,0.002,0.0001,0.0001,0.0084,0.0017,0.0005,0.0001,0.0031,0.0879,0.0204,0.0,0.0106,0.0,155.0,0.0,92.0,63.0,80.0,0.0,0.0,0.0,0.0,0.0,0.0,0.0,0.0,0.0,0.0,0.0,0.0,0.0,0.0,0.0,0.0,0.0,0.0,8.0,2.0,1.0
2578,21.62809830000007,0,8.4718,2.0969,2.2716,1.9537,0.2068,0.0038,0.0095,0.0004,0.0428,0.0594,0.002,0.0011,0.0114,0.0002,0.0016,0.0015,0.0001,0.0001,0.0081,0.0012,0.0005,0.0,0.0029,0.1011,0.0206,0.0001,0.0118,0.0,155.0,0.0,92.0,63.0,80.0,0.0,0.0,0.0,0.0,0.0,0.0,0.0,0.0,0.0,0.0,0.0,0.0,0.0,0.0,0.0,0.0,0.0,0.0,8.0,2.0,1.0
2579,21.636570100000068,0,8.2764,1.9718,2.2281,1.9323,0.1926,0.0032,0.005,0.0003,0.0368,0.0475,0.0023,0.0006,0.0096,0.0001,0.0015,0.0019,0.0001,0.0001,0.0079,0.0012,0.0005,0.0001,0.003,0.088,0.0237,0.0,0.0122,0.0,155.0,0.0,92.0,63.0,80.0,0.0,0.0,0.0,0.0,0.0,0.0,0.0,0.0,0.0,0.0,0.0,0.0,0.0,0.0,0.0,0.0,0.0,0.0,8.0,2.0,1.0
2580,21.644846500000067,0,8.3672,2.0733,2.2422,1.9854,0.1987,0.0027,0.0063,0.0002,0.0462,0.0577,0.0024,0.0007,0.0108,0.0001,0.0014,0.002,0.0001,0.0001,0.0071,0.0013,0.0005,0.0001,0.0035,0.0984,0.0216,0.0,0.0116,0.0,155.0,0.0,92.0,63.0,80.0,0.0,0.0,0.0,0.0,0.0,0.0,0.0,0.0,0.0,0.0,0.0,0.0,0.0,0.0,0.0,0.0,0.0,0.0,8.0,2.0,1.0
2581,21.653213700000066,0,8.3285,1.971,2.2823,1.9495,0.191,0.0029,0.0054,0.0003,0.0361,0.047,0.0019,0.0008,0.0072,0.0002,0.0015,0.002,0.0001,0.0001,0.0074,0.0011,0.0005,0.0001,0.0031,0.0846,0.0218,0.0,0.0125,0.0,155.0,0.0,92.0,63.0,80.0,0.0,0.0,0.0,0.0,0.0,0.0,0.0,0.0,0.0,0.0,0.0,0.0,0.0,0.0,0.0,0.0,0.0,0.0,8.0,2.0,1.0
2582,21.661542200000067,0,8.326,1.9412,2.2924,1.8862,0.216,0.0034,0.0052,0.0002,0.0499,0.0611,0.0028,0.0008,0.0109,0.0001,0.0013,0.002,0.0001,0.0001,0.0085,0.0016,0.0005,0.0001,0.0039,0.105,0.0203,0.0001,0.0117,0.0,155.0,0.0,92.0,63.0,80.0,0.0,0.0,0.0,0.0,0.0,0.0,0.0,0.0,0.0,0.0,0.0,0.0,0.0,0.0,0.0,0.0,0.0,0.0,8.0,2.0,1.0
2583,21.669868200000067,0,8.263,1.9863,2.1886,1.8482,0.1993,0.0026,0.0048,0.0002,0.0374,0.0473,0.0022,0.0007,0.0126,0.0002,0.0014,0.002,0.0,0.0001,0.0078,0.0014,0.0006,0.0001,0.0042,0.0935,0.0211,0.0001,0.0119,0.0,155.0,0.0,92.0,63.0,80.0,0.0,0.0,0.0,0.0,0.0,0.0,0.0,0.0,0.0,0.0,0.0,0.0,0.0,0.0,0.0,0.0,0.0,0.0,8.0,2.0,1.0
2584,21.678131200000067,0,8.5421,1.9878,2.4144,1.9647,0.2035,0.0034,0.0048,0.0003,0.0476,0.0585,0.002,0.0007,0.0094,0.0001,0.0014,0.0014,0.0001,0.0001,0.0079,0.0016,0.0005,0.0001,0.0033,0.0973,0.0209,0.0,0.0123,0.0,155.0,0.0,92.0,63.0,80.0,0.0,0.0,0.0,0.0,0.0,0.0,0.0,0.0,0.0,0.0,0.0,0.0,0.0,0.0,0.0,0.0,0.0,0.0,8.0,2.0,1.0
2585,21.686673300000066,0,8.602,2.2543,2.5658,2.0071,0.1996,0.003,0.0074,0.0003,0.0371,0.05,0.0028,0.001,0.0136,0.0002,0.0019,0.002,0.0001,0.0001,0.0074,0.0016,0.0004,0.0001,0.0032,0.0952,0.0212,0.0,0.0122,0.0,155.0,0.0,92.0,63.0,80.0,0.0,0.0,0.0,0.0,0.0,0.0,0.0,0.0,0.0,0.0,0.0,0.0,0.0,0.0,0.0,0.0,0.0,0.0,8.0,2.0,1.0
2586,21.695275300000066,0,8.2701,2.1343,2.61,1.9084,0.2176,0.0027,0.0046,0.0003,0.0499,0.0598,0.003,0.001,0.0129,0.0002,0.002,0.0016,0.0001,0.0002,0.0088,0.0014,0.0005,0.0,0.0038,0.1069,0.0211,0.0,0.0122,0.0,155.0,0.0,92.0,63.0,80.0,0.0,0.0,0.0,0.0,0.0,0.0,0.0,0.0,0.0,0.0,0.0,0.0,0.0,0.0,0.0,0.0,0.0,0.0,8.0,2.0,1.0
2587,21.703545400000067,0,8.1952,2.0092,2.5433,1.9044,0.21,0.0026,0.0087,0.0002,0.0513,0.0649,0.0021,0.0006,0.0098,0.0002,0.0017,0.0016,0.0001,0.0001,0.0076,0.0012,0.0005,0.0001,0.0031,0.1033,0.0196,0.0,0.0139,0.0,155.0,0.0,92.0,63.0,82.0,0.0,0.0,0.0,0.0,0.0,0.0,0.0,0.0,0.0,0.0,0.0,0.0,0.0,0.0,0.0,0.0,0.0,0.0,8.0,2.0,1.0
2588,21.711740600000066,0,8.3261,2.0806,2.4887,1.8654,0.2039,0.0028,0.0081,0.0002,0.0514,0.0644,0.0023,0.0006,0.009,0.0001,0.0014,0.0014,0.0002,0.0001,0.0079,0.001,0.0005,0.0002,0.0031,0.1021,0.0187,0.0,0.0129,0.0,155.0,0.0,92.0,63.0,82.0,0.0,0.0,0.0,0.0,0.0,0.0,0.0,0.0,0.0,0.0,0.0,0.0,0.0,0.0,0.0,0.0,0.0,0.0,8.0,2.0,1.0
2589,21.720066700000068,0,8.1796,1.983,2.153,1.8708,0.1857,0.0028,0.0074,0.0001,0.0313,0.0438,0.0021,0.0012,0.011,0.0002,0.0017,0.0015,0.0001,0.0007,0.0082,0.0012,0.0004,0.0,0.0035,0.0855,0.0225,0.0,0.0137,0.0,155.0,0.0,92.0,63.0,82.0,0.0,0.0,0.0,0.0,0.0,0.0,0.0,0.0,0.0,0.0,0.0,0.0,0.0,0.0,0.0,0.0,0.0,0.0,8.0,2.0,1.0
2590,21.728246300000066,0,8.3481,1.9243,2.3108,1.8898,0.2013,0.0029,0.0086,0.0002,0.0383,0.0528,0.0025,0.0009,0.0111,0.0001,0.002,0.0015,0.0,0.0002,0.0081,0.0017,0.0004,0.0001,0.003,0.0959,0.0236,0.0,0.0131,0.0,155.0,0.0,92.0,63.0,82.0,0.0,0.0,0.0,0.0,0.0,0.0,0.0,0.0,0.0,0.0,0.0,0.0,0.0,0.0,0.0,0.0,0.0,0.0,8.0,2.0,1.0
2591,21.736594400000065,0,8.3303,1.8563,2.3528,1.8173,0.1936,0.0027,0.008,0.0002,0.0362,0.0492,0.002,0.0007,0.0094,0.0002,0.0018,0.0017,0.0,0.0001,0.0078,0.0011,0.0004,0.0001,0.0035,0.0891,0.0225,0.0,0.0132,0.0,155.0,0.0,92.0,63.0,82.0,0.0,0.0,0.0,0.0,0.0,0.0,0.0,0.0,0.0,0.0,0.0,0.0,0.0,0.0,0.0,0.0,0.0,0.0,8.0,2.0,1.0
2592,21.744924700000066,0,8.3432,1.8949,2.2852,1.9053,0.2046,0.0032,0.0075,0.0005,0.046,0.0601,0.0019,0.0006,0.01,0.0001,0.0016,0.0015,0.0,0.0001,0.0079,0.0014,0.0005,0.0001,0.0031,0.0994,0.0205,0.0,0.0123,0.0,155.0,0.0,92.0,63.0,82.0,0.0,0.0,0.0,0.0,0.0,0.0,0.0,0.0,0.0,0.0,0.0,0.0,0.0,0.0,0.0,0.0,0.0,0.0,8.0,2.0,1.0
2593,21.753267900000065,0,8.6051,1.8873,2.5537,1.9206,0.217,0.0031,0.0095,0.0003,0.0306,0.0463,0.0028,0.0011,0.0125,0.0001,0.0023,0.0025,0.0002,0.0001,0.0089,0.0013,0.0005,0.0001,0.0037,0.0945,0.0231,0.0,0.0129,0.0,155.0,0.0,92.0,63.0,84.0,0.0,0.0,0.0,0.0,0.0,0.0,0.0,0.0,0.0,0.0,0.0,0.0,0.0,0.0,0.0,0.0,0.0,0.0,8.0,2.0,1.0
2594,21.761873000000065,0,8.1937,2.0956,2.4544,2.1158,0.2224,0.0037,0.0101,0.0003,0.0438,0.0613,0.0024,0.0016,0.0125,0.0002,0.0017,0.0021,0.0001,0.0001,0.0084,0.0016,0.0004,0.0001,0.0036,0.1065,0.0243,0.0,0.0132,0.0,155.0,0.0,92.0,63.0,84.0,0.0,0.0,0.0,0.0,0.0,0.0,0.0,0.0,0.0,0.0,0.0,0.0,0.0,0.0,0.0,0.0,0.0,0.0,8.0,2.0,1.0
2595,21.770066700000065,0,8.3186,1.9725,2.4084,1.9168,0.2077,0.0031,0.0081,0.0002,0.0334,0.0474,0.0021,0.0007,0.0119,0.0001,0.002,0.0017,0.0006,0.0001,0.0081,0.0012,0.0005,0.0001,0.0033,0.0918,0.0227,0.0,0.0123,0.0,155.0,0.0,92.0,63.0,84.0,0.0,0.0,0.0,0.0,0.0,0.0,0.0,0.0,0.0,0.0,0.0,0.0,0.0,0.0,0.0,0.0,0.0,0.0,8.0,2.0,1.0
2596,21.778385300000064,0,8.2986,2.0792,2.3708,1.9898,0.2001,0.0035,0.0082,0.0002,0.0392,0.0532,0.0024,0.0007,0.0101,0.0001,0.0016,0.0019,0.0001,0.0001,0.0078,0.0012,0.0005,0.0,0.0032,0.094,0.0212,0.0,0.0125,0.0,155.0,0.0,92.0,63.0,84.0,0.0,0.0,0.0,0.0,0.0,0.0,0.0,0.0,0.0,0.0,0.0,0.0,0.0,0.0,0.0,0.0,0.0,0.0,8.0,2.0,1.0
2597,21.786683900000064,0,8.4333,1.8164,2.4623,1.8332,0.2198,0.0039,0.011,0.0003,0.0308,0.0486,0.0023,0.0008,0.0111,0.0001,0.0015,0.0021,0.0,0.0001,0.0098,0.0014,0.0006,0.0001,0.0038,0.0958,0.0245,0.0001,0.013,0.0,155.0,0.0,92.0,63.0,84.0,0.0,0.0,0.0,0.0,0.0,0.0,0.0,0.0,0.0,0.0,0.0,0.0,0.0,0.0,0.0,0.0,0.0,0.0,8.0,2.0,1.0
2598,21.795117200000064,0,8.4874,1.9694,2.8054,1.961,0.2679,0.0047,0.012,0.0002,0.074,0.0936,0.0024,0.0007,0.011,0.0001,0.0016,0.0016,0.0006,0.0001,0.0078,0.0012,0.0011,0.0001,0.0048,0.1414,0.0252,0.0001,0.0147,0.0,155.0,0.0,92.0,63.0,86.0,0.0,0.0,0.0,0.0,0.0,0.0,0.0,0.0,0.0,0.0,0.0,0.0,0.0,0.0,0.0,0.0,0.0,0.0,8.0,2.0,1.0
2599,21.803604600000064,0,8.223,2.1348,2.4022,2.1599,0.266,0.0038,0.0125,0.0003,0.0435,0.0644,0.0032,0.001,0.0139,0.0001,0.0018,0.0027,0.0001,0.0006,0.0093,0.0018,0.0009,0.0001,0.0037,0.1155,0.0266,0.0,0.0127,0.0,155.0,0.0,92.0,63.0,86.0,0.0,0.0,0.0,0.0,0.0,0.0,0.0,0.0,0.0,0.0,0.0,0.0,0.0,0.0,0.0,0.0,0.0,0.0,8.0,2.0,1.0
2600,21.811827600000065,0,8.3229,2.0638,2.5928,1.9193,0.2783,0.0038,0.0088,0.0002,0.06,0.0757,0.0038,0.0014,0.0164,0.0002,0.0027,0.0023,0.0001,0.0001,0.0099,0.0014,0.0005,0.0001,0.0053,0.1373,0.0382,0.0,0.0136,0.0,155.0,0.0,92.0,63.0,86.0,0.0,0.0,0.0,0.0,0.0,0.0,0.0,0.0,0.0,0.0,0.0,0.0,0.0,0.0,0.0,0.0,0.0,0.0,8.0,2.0,1.0
2601,21.820150500000064,0,8.2833,1.9134,2.3955,1.8858,0.2063,0.0032,0.0084,0.0003,0.0326,0.047,0.0025,0.001,0.0113,0.0001,0.0016,0.0018,0.0001,0.0002,0.0086,0.0011,0.0005,0.0001,0.0033,0.092,0.0227,0.0,0.0132,0.0,155.0,0.0,92.0,63.0,86.0,0.0,0.0,0.0,0.0,0.0,0.0,0.0,0.0,0.0,0.0,0.0,0.0,0.0,0.0,0.0,0.0,0.0,0.0,8.0,2.0,1.0
2602,21.828433800000063,0,8.296,1.9802,2.5089,1.9914,0.2122,0.0031,0.0086,0.0002,0.0399,0.0542,0.0019,0.001,0.0099,0.0002,0.0018,0.0015,0.0001,0.0002,0.0086,0.0012,0.001,0.0001,0.0032,0.0967,0.024,0.0001,0.0121,0.0,155.0,0.0,92.0,63.0,86.0,0.0,0.0,0.0,0.0,0.0,0.0,0.0,0.0,0.0,0.0,0.0,0.0,0.0,0.0,0.0,0.0,0.0,0.0,8.0,2.0,1.0
2603,21.836729800000064,0,8.7064,2.0512,2.6757,2.0526,0.2679,0.0038,0.0099,0.0003,0.0354,0.0527,0.0033,0.0013,0.0158,0.0002,0.0025,0.0027,0.0002,0.0002,0.0126,0.0018,0.0005,0.0006,0.0051,0.1152,0.0266,0.0,0.0147,0.0,155.0,0.0,92.0,63.0,86.0,0.0,0.0,0.0,0.0,0.0,0.0,0.0,0.0,0.0,0.0,0.0,0.0,0.0,0.0,0.0,0.0,0.0,0.0,8.0,2.0,1.0
2604,21.845436200000066,0,7.9498,2.0635,2.5061,2.0946,0.2101,0.0039,0.0093,0.0003,0.039,0.0552,0.0021,0.0009,0.0106,0.0002,0.0017,0.0017,0.0001,0.0001,0.0087,0.0013,0.001,0.0,0.0033,0.0987,0.0221,0.0001,0.014,0.0,155.0,0.0,92.0,63.0,86.0,0.0,0.0,0.0,0.0,0.0,0.0,0.0,0.0,0.0,0.0,0.0,0.0,0.0,0.0,0.0,0.0,0.0,0.0,8.0,2.0,1.0
2605,21.853386000000064,0,8.4411,2.0955,2.6338,1.8881,0.3175,0.0038,0.0085,0.0003,0.0363,0.0516,0.0026,0.0008,0.0107,0.0002,0.0022,0.0017,0.0002,0.0006,0.0087,0.0013,0.0005,0.0001,0.0035,0.0961,0.0255,0.0001,0.0142,0.0,155.0,0.0,92.0,63.0,86.0,0.0,0.0,0.0,0.0,0.0,0.0,0.0,0.0,0.0,0.0,0.0,0.0,0.0,0.0,0.0,0.0,0.0,0.0,8.0,2.0,1.0
2606,21.861827100000063,0,8.8867,2.3379,2.884,1.983,0.243,0.0029,0.01,0.0002,0.0527,0.0693,0.0026,0.001,0.011,0.001,0.0018,0.0024,0.0001,0.0001,0.0094,0.0013,0.0005,0.0002,0.0034,0.1174,0.0244,0.0,0.0145,0.0,155.0,0.0,92.0,63.0,86.0,0.0,0.0,0.0,0.0,0.0,0.0,0.0,0.0,0.0,0.0,0.0,0.0,0.0,0.0,0.0,0.0,0.0,0.0,8.0,2.0,1.0
2607,21.870713800000065,0,7.7045,2.1955,2.489,2.2332,0.2141,0.0034,0.0087,0.0002,0.0336,0.0491,0.002,0.001,0.0113,0.0001,0.0017,0.0017,0.0002,0.0001,0.0088,0.0012,0.0005,0.0004,0.0032,0.093,0.0255,0.0,0.0123,0.0,155.0,0.0,92.0,63.0,86.0,0.0,0.0,0.0,0.0,0.0,0.0,0.0,0.0,0.0,0.0,0.0,0.0,0.0,0.0,0.0,0.0,0.0,0.0,8.0,2.0,1.0
2608,21.878418300000064,0,8.4518,1.9948,2.5768,1.9897,0.226,0.0033,0.0093,0.0003,0.043,0.0595,0.0026,0.001,0.0102,0.0001,0.0015,0.0022,0.0002,0.0002,0.0087,0.0012,0.0005,0.0001,0.0033,0.1037,0.0263,0.0,0.0136,0.0,155.0,0.0,92.0,63.0,86.0,0.0,0.0,0.0,0.0,0.0,0.0,0.0,0.0,0.0,0.0,0.0,0.0,0.0,0.0,0.0,0.0,0.0,0.0,8.0,2.0,1.0
2609,21.886870100000063,0,8.6002,2.0786,2.7715,2.1183,0.2755,0.0039,0.0091,0.0002,0.0433,0.0595,0.0035,0.001,0.0174,0.0002,0.0022,0.0025,0.0001,0.0001,0.0093,0.0016,0.0006,0.0,0.0065,0.125,0.0382,0.0,0.0128,0.0,155.0,0.0,92.0,63.0,86.0,0.0,0.0,0.0,0.0,0.0,0.0,0.0,0.0,0.0,0.0,0.0,0.0,0.0,0.0,0.0,0.0,0.0,0.0,8.0,2.0,1.0
2610,21.895470300000063,0,8.0427,2.1539,2.5754,2.028,0.2205,0.003,0.0086,0.0003,0.0479,0.0625,0.002,0.001,0.01,0.0001,0.0015,0.0018,0.0001,0.0001,0.0078,0.0012,0.0005,0.0,0.0033,0.1037,0.0215,0.0,0.0126,0.0,155.0,0.0,92.0,63.0,86.0,0.0,0.0,0.0,0.0,0.0,0.0,0.0,0.0,0.0,0.0,0.0,0.0,0.0,0.0,0.0,0.0,0.0,0.0,8.0,2.0,1.0
2611,21.903513000000064,0,8.7187,2.1324,2.8905,2.0841,0.2364,0.0032,0.0105,0.0004,0.0445,0.062,0.0021,0.0017,0.012,0.0002,0.0014,0.0023,0.0001,0.0002,0.0092,0.0013,0.0005,0.0001,0.0035,0.1091,0.0269,0.0001,0.0152,0.0,155.0,0.0,92.0,63.0,86.0,0.0,0.0,0.0,0.0,0.0,0.0,0.0,0.0,0.0,0.0,0.0,0.0,0.0,0.0,0.0,0.0,0.0,0.0,8.0,2.0,1.0
2612,21.912231700000063,0,8.6207,2.1403,3.1169,2.2324,0.2752,0.0038,0.0082,0.0003,0.0554,0.0711,0.0037,0.001,0.0162,0.0001,0.0019,0.0021,0.0001,0.0002,0.0092,0.0018,0.0005,0.0001,0.0062,0.1314,0.0385,0.0,0.014,0.0,155.0,0.0,92.0,63.0,86.0,0.0,0.0,0.0,0.0,0.0,0.0,0.0,0.0,0.0,0.0,0.0,0.0,0.0,0.0,0.0,0.0,0.0,0.0,8.0,2.0,1.0
2613,21.920852400000065,0,8.1182,2.1705,3.2554,2.1587,0.2347,0.0034,0.009,0.0003,0.0545,0.0703,0.0022,0.0011,0.0109,0.0002,0.0018,0.002,0.0001,0.0001,0.0097,0.0012,0.0004,0.0002,0.0033,0.1143,0.0233,0.0001,0.0138,0.0,155.0,0.0,92.0,63.0,86.0,0.0,0.0,0.0,0.0,0.0,0.0,0.0,0.0,0.0,0.0,0.0,0.0,0.0,0.0,0.0,0.0,0.0,0.0,8.0,2.0,1.0
2614,21.928970600000063,0,8.4126,2.2314,2.9469,2.0876,0.2178,0.0037,0.009,0.0002,0.0396,0.0552,0.002,0.0009,0.0106,0.0002,0.0017,0.0017,0.0006,0.0001,0.0088,0.0018,0.0005,0.0001,0.0033,0.0992,0.0224,0.0,0.1004,0.0,155.0,0.0,92.0,63.0,86.0,0.0,0.0,0.0,0.0,0.0,0.0,0.0,0.0,0.0,0.0,0.0,0.0,0.0,0.0,0.0,0.0,0.0,0.0,8.0,2.0,1.0
2615,21.937383200000063,0,7.7886,2.2515,2.5664,2.0428,0.214,0.003,0.0083,0.0003,0.0315,0.0456,0.0026,0.0014,0.0127,0.0001,0.0023,0.0019,0.0001,0.0002,0.0103,0.0017,0.0007,0.0001,0.0046,0.0992,0.0232,0.0001,0.0148,0.0,155.0,0.0,92.0,63.0,86.0,0.0,0.0,0.0,0.0,0.0,0.0,0.0,0.0,0.0,0.0,0.0,0.0,0.0,0.0,0.0,0.0,0.0,0.0,8.0,2.0,1.0
2616,21.945171800000065,0,8.3115,1.9823,2.4736,2.0656,0.2097,0.0034,0.0091,0.0003,0.0429,0.0578,0.0026,0.0008,0.01,0.0002,0.0014,0.0022,0.0001,0.0001,0.0083,0.0012,0.0005,0.0001,0.0034,0.1,0.0224,0.0,0.013,0.0,155.0,0.0,92.0,63.0,86.0,0.0,0.0,0.0,0.0,0.0,0.0,0.0,0.0,0.0,0.0,0.0,0.0,0.0,0.0,0.0,0.0,0.0,0.0,8.0,2.0,1.0
2617,21.953483300000066,0,8.5252,2.1471,2.8136,1.9872,0.2512,0.0037,0.0117,0.0003,0.0479,0.0671,0.0031,0.001,0.0146,0.0002,0.0021,0.002,0.0006,0.0001,0.0086,0.0018,0.0005,0.0001,0.0046,0.12,0.0295,0.0,0.0147,0.0,155.0,0.0,92.0,63.0,86.0,0.0,0.0,0.0,0.0,0.0,0.0,0.0,0.0,0.0,0.0,0.0,0.0,0.0,0.0,0.0,0.0,0.0,0.0,8.0,2.0,1.0
2618,21.962008500000067,0,8.2535,2.2647,2.4933,2.2252,0.2128,0.0033,0.0087,0.0003,0.0338,0.0485,0.002,0.001,0.0102,0.0001,0.0015,0.0017,0.0001,0.0001,0.0088,0.0012,0.0005,0.0004,0.0032,0.0903,0.0212,0.0,0.0128,0.0,155.0,0.0,92.0,63.0,86.0,0.0,0.0,0.0,0.0,0.0,0.0,0.0,0.0,0.0,0.0,0.0,0.0,0.0,0.0,0.0,0.0,0.0,0.0,8.0,2.0,1.0
2619,21.970262000000066,0,8.328,2.0563,2.714,2.0018,0.2065,0.0041,0.0087,0.0003,0.0335,0.049,0.0019,0.0008,0.01,0.0002,0.0018,0.0021,0.0002,0.0001,0.0082,0.0017,0.0005,0.0001,0.0033,0.0921,0.0236,0.0,0.0165,0.0,155.0,0.0,92.0,63.0,86.0,0.0,0.0,0.0,0.0,0.0,0.0,0.0,0.0,0.0,0.0,0.0,0.0,0.0,0.0,0.0,0.0,0.0,0.0,8.0,2.0,1.0
2620,21.978590000000064,0,8.297,1.9971,2.5283,1.9098,0.2295,0.0035,0.0069,0.0002,0.0519,0.0652,0.0027,0.0007,0.0105,0.0001,0.0015,0.0023,0.0001,0.0002,0.0101,0.0013,0.001,0.0001,0.0036,0.1114,0.023,0.0,0.0141,0.0,155.0,0.0,92.0,63.0,86.0,0.0,0.0,0.0,0.0,0.0,0.0,0.0,0.0,0.0,0.0,0.0,0.0,0.0,0.0,0.0,0.0,0.0,0.0,8.0,2.0,1.0
2621,21.986887000000063,0,8.2306,2.2262,2.4944,2.1347,0.2066,0.003,0.01,0.0003,0.0328,0.0488,0.002,0.0008,0.0108,0.0009,0.0015,0.0017,0.0,0.0002,0.0084,0.0011,0.0005,0.0001,0.0035,0.0928,0.0229,0.0001,0.0137,0.0,155.0,0.0,92.0,63.0,86.0,0.0,0.0,0.0,0.0,0.0,0.0,0.0,0.0,0.0,0.0,0.0,0.0,0.0,0.0,0.0,0.0,0.0,0.0,8.0,2.0,1.0
2622,21.995117600000064,0,8.5613,2.1088,2.6075,1.9154,0.2225,0.0036,0.009,0.0002,0.0456,0.0615,0.002,0.0009,0.0114,0.0001,0.0021,0.0019,0.0005,0.0001,0.009,0.0012,0.0007,0.0001,0.0039,0.1064,0.0229,0.0,0.0154,0.0,155.0,0.0,92.0,63.0,86.0,0.0,0.0,0.0,0.0,0.0,0.0,0.0,0.0,0.0,0.0,0.0,0.0,0.0,0.0,0.0,0.0,0.0,0.0,8.0,2.0,1.0
2623,22.003678900000065,0,8.3096,2.1359,2.6605,2.0738,0.2064,0.0035,0.0087,0.0003,0.0313,0.0464,0.0019,0.0011,0.0115,0.0001,0.0021,0.0016,0.0001,0.0001,0.0083,0.0011,0.0005,0.0001,0.0032,0.0902,0.0208,0.0,0.0143,0.0,155.0,0.0,92.0,63.0,86.0,0.0,0.0,0.0,0.0,0.0,0.0,0.0,0.0,0.0,0.0,0.0,0.0,0.0,0.0,0.0,0.0,0.0,0.0,8.0,2.0,1.0
2624,22.011988500000065,0,8.3099,2.0694,2.6741,2.0847,0.2287,0.0037,0.0096,0.0002,0.0477,0.0643,0.0026,0.0009,0.0102,0.0002,0.0017,0.0022,0.0001,0.0001,0.008,0.0015,0.0005,0.0001,0.0034,0.1084,0.0229,0.0001,0.014,0.0,155.0,0.0,92.0,63.0,86.0,0.0,0.0,0.0,0.0,0.0,0.0,0.0,0.0,0.0,0.0,0.0,0.0,0.0,0.0,0.0,0.0,0.0,0.0,8.0,2.0,1.0
2625,22.020298400000065,0,8.4646,2.0502,2.8138,1.9582,0.2113,0.0033,0.0092,0.0007,0.0362,0.0521,0.002,0.0012,0.011,0.0002,0.0016,0.0016,0.0001,0.0001,0.0084,0.0013,0.0005,0.0001,0.0034,0.0963,0.0216,0.0,0.0131,0.0,155.0,0.0,92.0,63.0,86.0,0.0,0.0,0.0,0.0,0.0,0.0,0.0,0.0,0.0,0.0,0.0,0.0,0.0,0.0,0.0,0.0,0.0,0.0,8.0,2.0,1.0
2626,22.028763000000065,0,8.7809,2.1949,3.1941,2.0941,0.2248,0.0032,0.0096,0.0003,0.0447,0.0606,0.0022,0.001,0.0109,0.0002,0.0018,0.0017,0.0006,0.0002,0.0083,0.0011,0.001,0.0001,0.0035,0.1051,0.0236,0.0,0.0136,0.0,155.0,0.0,92.0,63.0,86.0,0.0,0.0,0.0,0.0,0.0,0.0,0.0,0.0,0.0,0.0,0.0,0.0,0.0,0.0,0.0,0.0,0.0,0.0,8.0,2.0,1.0
2627,22.037543900000067,0,7.6381,2.1777,2.6106,2.1082,0.2318,0.0039,0.0089,0.0003,0.046,0.0618,0.0021,0.0008,0.0107,0.0002,0.0016,0.0024,0.0001,0.0006,0.0097,0.0016,0.0004,0.0002,0.0035,0.1077,0.026,0.0,0.0145,0.0,155.0,0.0,92.0,63.0,86.0,0.0,0.0,0.0,0.0,0.0,0.0,0.0,0.0,0.0,0.0,0.0,0.0,0.0,0.0,0.0,0.0,0.0,0.0,8.0,2.0,1.0
2628,22.045182000000068,0,8.3617,2.0037,2.6444,1.9214,0.3439,0.0039,0.0086,0.0002,0.0388,0.0542,0.0021,0.0009,0.0101,0.0002,0.0014,0.0016,0.0001,0.0001,0.0077,0.0874,0.0006,0.0,0.0033,0.1881,0.0236,0.0001,0.0144,0.0,155.0,0.0,92.0,63.0,84.0,0.0,0.0,0.0,0.0,0.0,0.0,0.0,0.0,0.0,0.0,0.0,0.0,0.0,0.0,0.0,0.0,0.0,0.0,8.0,2.0,1.0
2629,22.053543700000066,0,8.5568,2.1944,2.5216,1.8418,0.189,0.003,0.0086,0.0003,0.0298,0.0447,0.0025,0.0009,0.0106,0.0001,0.0013,0.0021,0.0001,0.0001,0.0081,0.0016,0.0005,0.0001,0.0031,0.0852,0.0205,0.0,0.0142,0.0,155.0,0.0,92.0,63.0,84.0,0.0,0.0,0.0,0.0,0.0,0.0,0.0,0.0,0.0,0.0,0.0,0.0,0.0,0.0,0.0,0.0,0.0,0.0,8.0,2.0,1.0
2630,22.062100500000067,0,8.3013,2.1675,2.8485,1.9324,0.2292,0.0033,0.009,0.0003,0.0478,0.063,0.0025,0.0009,0.0113,0.0002,0.002,0.0018,0.0001,0.0001,0.009,0.0013,0.0005,0.0001,0.0037,0.1091,0.0236,0.0,0.0123,0.0,155.0,0.0,92.0,63.0,84.0,0.0,0.0,0.0,0.0,0.0,0.0,0.0,0.0,0.0,0.0,0.0,0.0,0.0,0.0,0.0,0.0,0.0,0.0,8.0,2.0,1.0
2631,22.070401800000067,0,8.2488,2.0356,2.417,1.8441,0.2019,0.0029,0.0083,0.0002,0.0316,0.0453,0.0019,0.0011,0.0103,0.0001,0.0014,0.0018,0.0004,0.0001,0.0084,0.0018,0.0005,0.0001,0.0032,0.0882,0.022,0.0,0.0129,0.0,155.0,0.0,92.0,63.0,84.0,0.0,0.0,0.0,0.0,0.0,0.0,0.0,0.0,0.0,0.0,0.0,0.0,0.0,0.0,0.0,0.0,0.0,0.0,8.0,2.0,1.0
2632,22.078650600000067,0,8.1336,2.0582,2.5889,2.0102,0.2046,0.0033,0.008,0.0002,0.0397,0.0533,0.0025,0.0008,0.0102,0.0002,0.0015,0.0021,0.0001,0.0001,0.0084,0.0017,0.0005,0.0001,0.0031,0.0941,0.0221,0.0,0.0136,0.0,155.0,0.0,92.0,63.0,84.0,0.0,0.0,0.0,0.0,0.0,0.0,0.0,0.0,0.0,0.0,0.0,0.0,0.0,0.0,0.0,0.0,0.0,0.0,8.0,2.0,1.0
2633,22.086784200000068,0,8.2261,1.8816,2.3152,1.8002,0.2044,0.0029,0.0086,0.0005,0.0335,0.0477,0.0021,0.0006,0.011,0.0002,0.0018,0.0017,0.0002,0.0001,0.0097,0.0018,0.0005,0.0001,0.0034,0.0929,0.0242,0.0,0.0143,0.0,155.0,0.0,92.0,63.0,84.0,0.0,0.0,0.0,0.0,0.0,0.0,0.0,0.0,0.0,0.0,0.0,0.0,0.0,0.0,0.0,0.0,0.0,0.0,8.0,2.0,1.0
2634,22.09501030000007,0,8.5766,1.9485,2.3799,1.9355,0.2115,0.0032,0.0076,0.0002,0.0465,0.06,0.0024,0.0008,0.0104,0.0002,0.002,0.0016,0.0001,0.0001,0.0088,0.0012,0.0005,0.0001,0.0036,0.1025,0.0229,0.0,0.0128,0.0,155.0,0.0,92.0,63.0,84.0,0.0,0.0,0.0,0.0,0.0,0.0,0.0,0.0,0.0,0.0,0.0,0.0,0.0,0.0,0.0,0.0,0.0,0.0,8.0,2.0,1.0
2635,22.10358690000007,0,8.3548,1.9572,2.5187,1.8447,0.2124,0.0031,0.0087,0.0002,0.0377,0.0523,0.002,0.0009,0.0109,0.0002,0.0021,0.0017,0.0002,0.0002,0.0083,0.0012,0.0005,0.0001,0.0034,0.0962,0.0231,0.0,0.0128,0.0,155.0,0.0,92.0,63.0,84.0,0.0,0.0,0.0,0.0,0.0,0.0,0.0,0.0,0.0,0.0,0.0,0.0,0.0,0.0,0.0,0.0,0.0,0.0,8.0,2.0,1.0
2636,22.11194170000007,0,8.2325,2.1403,2.4832,1.939,0.2184,0.0032,0.011,0.0001,0.0428,0.0592,0.0023,0.0013,0.0118,0.0002,0.002,0.0017,0.0006,0.0001,0.0083,0.0013,0.001,0.0,0.0039,0.1045,0.0225,0.0,0.0147,0.0,155.0,0.0,92.0,63.0,84.0,0.0,0.0,0.0,0.0,0.0,0.0,0.0,0.0,0.0,0.0,0.0,0.0,0.0,0.0,0.0,0.0,0.0,0.0,8.0,2.0,1.0
2637,22.12017420000007,0,8.7338,1.9887,2.6603,1.9385,0.2097,0.0036,0.0101,0.0002,0.0329,0.0497,0.002,0.0009,0.0098,0.0001,0.0016,0.0021,0.0001,0.0001,0.0083,0.0016,0.0005,0.0001,0.0037,0.0922,0.0219,0.0,0.0131,0.0,155.0,0.0,92.0,63.0,84.0,0.0,0.0,0.0,0.0,0.0,0.0,0.0,0.0,0.0,0.0,0.0,0.0,0.0,0.0,0.0,0.0,0.0,0.0,8.0,2.0,1.0
2638,22.12890800000007,0,8.1953,2.1452,2.7812,2.3136,0.2954,0.0036,0.0094,0.0001,0.0593,0.0761,0.0037,0.0016,0.0189,0.0003,0.0028,0.0023,0.0002,0.0002,0.0101,0.002,0.0006,0.0,0.0081,0.1469,0.0376,0.0,0.0126,0.0,155.0,0.0,92.0,63.0,84.0,0.0,0.0,0.0,0.0,0.0,0.0,0.0,0.0,0.0,0.0,0.0,0.0,0.0,0.0,0.0,0.0,0.0,0.0,8.0,2.0,1.0
2639,22.13710330000007,0,8.4587,2.1056,2.826,2.0175,0.2284,0.0032,0.0091,0.0004,0.0494,0.0649,0.0023,0.001,0.0121,0.0002,0.0017,0.0021,0.0001,0.0001,0.0079,0.0012,0.0005,0.0001,0.0033,0.1099,0.0242,0.0,0.0135,0.0,155.0,0.0,92.0,63.0,84.0,0.0,0.0,0.0,0.0,0.0,0.0,0.0,0.0,0.0,0.0,0.0,0.0,0.0,0.0,0.0,0.0,0.0,0.0,8.0,2.0,1.0
2640,22.14556200000007,0,8.1578,2.0921,2.586,2.0986,0.2375,0.0044,0.0089,0.0002,0.0452,0.0617,0.0025,0.0009,0.012,0.0001,0.0016,0.0022,0.0002,0.0001,0.0089,0.0013,0.0005,0.0001,0.0039,0.1095,0.025,0.0001,0.0127,0.0,155.0,0.0,92.0,63.0,84.0,0.0,0.0,0.0,0.0,0.0,0.0,0.0,0.0,0.0,0.0,0.0,0.0,0.0,0.0,0.0,0.0,0.0,0.0,8.0,2.0,1.0
2641,22.15371980000007,0,8.3811,2.0771,2.6572,2.004,0.2172,0.0037,0.0095,0.0002,0.032,0.048,0.002,0.0016,0.0112,0.0001,0.0016,0.0022,0.0002,0.0001,0.0081,0.0018,0.0005,0.0001,0.0039,0.0926,0.0223,0.0,0.0128,0.0,155.0,0.0,92.0,63.0,84.0,0.0,0.0,0.0,0.0,0.0,0.0,0.0,0.0,0.0,0.0,0.0,0.0,0.0,0.0,0.0,0.0,0.0,0.0,8.0,2.0,1.0
2642,22.16210090000007,0,8.6402,2.1632,3.1844,2.1021,0.2618,0.0038,0.0085,0.0003,0.0577,0.0733,0.0031,0.001,0.0151,0.0002,0.0021,0.0013,0.0,0.0001,0.0089,0.0014,0.0006,0.0001,0.0063,0.13,0.0369,0.0001,0.0136,0.0,155.0,0.0,92.0,63.0,84.0,0.0,0.0,0.0,0.0,0.0,0.0,0.0,0.0,0.0,0.0,0.0,0.0,0.0,0.0,0.0,0.0,0.0,0.0,8.0,2.0,1.0
2643,22.17074110000007,0,7.8886,2.0909,2.4983,2.19,0.2316,0.0035,0.0071,0.0002,0.046,0.0597,0.0032,0.0012,0.0147,0.0001,0.0018,0.002,0.0001,0.0001,0.0093,0.0015,0.0006,0.0002,0.0039,0.1098,0.0236,0.0001,0.0119,0.0,155.0,0.0,92.0,63.0,84.0,0.0,0.0,0.0,0.0,0.0,0.0,0.0,0.0,0.0,0.0,0.0,0.0,0.0,0.0,0.0,0.0,0.0,0.0,8.0,2.0,1.0
2644,22.17862970000007,0,8.2712,1.9978,2.5927,2.0682,0.1979,0.0034,0.0092,0.0003,0.0315,0.0466,0.0019,0.0009,0.0099,0.0001,0.002,0.0017,0.0001,0.0002,0.0083,0.0013,0.0005,0.0001,0.003,0.0873,0.0237,0.0,0.0135,0.0,155.0,0.0,92.0,63.0,84.0,0.0,0.0,0.0,0.0,0.0,0.0,0.0,0.0,0.0,0.0,0.0,0.0,0.0,0.0,0.0,0.0,0.0,0.0,8.0,2.0,1.0
2645,22.18690090000007,0,8.2059,2.0917,2.3273,1.916,0.2159,0.0027,0.0096,0.0003,0.0406,0.056,0.002,0.0007,0.0094,0.0002,0.0015,0.0016,0.0001,0.0001,0.0083,0.0014,0.0007,0.0002,0.0035,0.0972,0.0337,0.0,0.0139,0.0,155.0,0.0,92.0,63.0,84.0,0.0,0.0,0.0,0.0,0.0,0.0,0.0,0.0,0.0,0.0,0.0,0.0,0.0,0.0,0.0,0.0,0.0,0.0,8.0,2.0,1.0
2646,22.19510680000007,0,8.7623,2.0219,2.7085,2.0264,0.227,0.0036,0.0096,0.0002,0.0393,0.0559,0.0021,0.0011,0.0119,0.0001,0.0015,0.0017,0.0007,0.0001,0.0093,0.0017,0.0005,0.0001,0.0033,0.1033,0.0259,0.0,0.0133,0.0,155.0,0.0,92.0,63.0,84.0,0.0,0.0,0.0,0.0,0.0,0.0,0.0,0.0,0.0,0.0,0.0,0.0,0.0,0.0,0.0,0.0,0.0,0.0,8.0,2.0,1.0
2647,22.20386910000007,0,7.8815,2.0599,2.4057,1.7923,0.201,0.0031,0.009,0.0002,0.0331,0.0485,0.0021,0.0008,0.0107,0.0006,0.0016,0.0023,0.0001,0.0001,0.0076,0.0012,0.0009,0.0,0.0032,0.0908,0.0227,0.0,0.0126,0.0,155.0,0.0,92.0,63.0,84.0,0.0,0.0,0.0,0.0,0.0,0.0,0.0,0.0,0.0,0.0,0.0,0.0,0.0,0.0,0.0,0.0,0.0,0.0,8.0,2.0,1.0
2648,22.21175060000007,0,9.0008,1.9394,2.9159,1.928,0.2429,0.0036,0.0101,0.0003,0.0477,0.065,0.0022,0.001,0.0113,0.0002,0.0023,0.0017,0.0002,0.0001,0.0092,0.0019,0.0006,0.0001,0.0036,0.1123,0.0233,0.0,0.0138,0.0,155.0,0.0,92.0,63.0,84.0,0.0,0.0,0.0,0.0,0.0,0.0,0.0,0.0,0.0,0.0,0.0,0.0,0.0,0.0,0.0,0.0,0.0,0.0,8.0,2.0,1.0
2649,22.22075140000007,0,8.2356,2.28,3.028,2.0428,0.2122,0.0031,0.0083,0.0003,0.041,0.0551,0.0027,0.001,0.0124,0.0002,0.0018,0.0017,0.0001,0.0001,0.0084,0.0012,0.0009,0.0002,0.0031,0.1007,0.0226,0.0,0.014,0.0,155.0,0.0,92.0,63.0,84.0,0.0,0.0,0.0,0.0,0.0,0.0,0.0,0.0,0.0,0.0,0.0,0.0,0.0,0.0,0.0,0.0,0.0,0.0,8.0,2.0,1.0
2650,22.228987000000068,0,7.972,1.9996,2.5169,2.0219,0.273,0.0036,0.0069,0.0002,0.058,0.0716,0.0034,0.002,0.0168,0.0002,0.0026,0.0019,0.0001,0.0001,0.0101,0.0016,0.0009,0.0001,0.006,0.1343,0.0387,0.0001,0.0125,0.0,155.0,0.0,92.0,63.0,84.0,0.0,0.0,0.0,0.0,0.0,0.0,0.0,0.0,0.0,0.0,0.0,0.0,0.0,0.0,0.0,0.0,0.0,0.0,8.0,2.0,1.0
2651,22.236959000000066,0,8.406,2.1567,2.5216,1.8314,0.2365,0.0038,0.0099,0.0002,0.0512,0.0674,0.002,0.001,0.0107,0.0001,0.0021,0.0017,0.0001,0.0001,0.0091,0.0012,0.0006,0.0001,0.0034,0.111,0.0261,0.0,0.0126,0.0,155.0,0.0,92.0,63.0,84.0,0.0,0.0,0.0,0.0,0.0,0.0,0.0,0.0,0.0,0.0,0.0,0.0,0.0,0.0,0.0,0.0,0.0,0.0,8.0,2.0,1.0
2652,22.245365000000067,0,8.35,2.0456,2.6331,2.0115,0.2301,0.0032,0.008,0.0003,0.049,0.0634,0.0021,0.001,0.0103,0.0002,0.0016,0.002,0.0001,0.0001,0.0081,0.0017,0.0005,0.0001,0.0032,0.1063,0.0237,0.0001,0.0131,0.0,155.0,0.0,92.0,63.0,84.0,0.0,0.0,0.0,0.0,0.0,0.0,0.0,0.0,0.0,0.0,0.0,0.0,0.0,0.0,0.0,0.0,0.0,0.0,8.0,2.0,1.0
2653,22.253715000000067,0,8.2448,2.0683,2.6119,1.9116,0.2376,0.0038,0.0099,0.0004,0.0457,0.0623,0.0028,0.0009,0.0119,0.0004,0.0017,0.0023,0.0001,0.0001,0.0086,0.0017,0.0005,0.0001,0.0035,0.1111,0.0252,0.0001,0.0129,0.0,155.0,0.0,92.0,63.0,84.0,0.0,0.0,0.0,0.0,0.0,0.0,0.0,0.0,0.0,0.0,0.0,0.0,0.0,0.0,0.0,0.0,0.0,0.0,8.0,2.0,1.0
2654,22.261959800000067,0,8.473,2.0132,2.6928,1.9732,0.2118,0.0029,0.0086,0.0003,0.042,0.0562,0.0021,0.0009,0.0107,0.0002,0.0017,0.0016,0.0001,0.0001,0.0079,0.0013,0.0005,0.0001,0.0037,0.0991,0.0224,0.0,0.012,0.0,155.0,0.0,92.0,63.0,84.0,0.0,0.0,0.0,0.0,0.0,0.0,0.0,0.0,0.0,0.0,0.0,0.0,0.0,0.0,0.0,0.0,0.0,0.0,8.0,2.0,1.0
2655,22.270432800000066,0,8.2501,1.9905,2.4839,1.8636,0.1941,0.0032,0.0094,0.0002,0.0315,0.0473,0.0021,0.0006,0.0095,0.0001,0.0015,0.0022,0.0002,0.0002,0.0085,0.0017,0.0005,0.0001,0.0032,0.0889,0.0206,0.0,0.0129,0.0,155.0,0.0,92.0,63.0,84.0,0.0,0.0,0.0,0.0,0.0,0.0,0.0,0.0,0.0,0.0,0.0,0.0,0.0,0.0,0.0,0.0,0.0,0.0,8.0,2.0,1.0
2656,22.278682900000067,0,8.0844,2.1602,2.5263,1.9001,0.206,0.0029,0.0091,0.0002,0.0464,0.0608,0.002,0.0007,0.0108,0.0006,0.0012,0.0015,0.0,0.0001,0.0083,0.0012,0.0005,0.0001,0.0032,0.1025,0.0206,0.0001,0.0137,0.0,155.0,0.0,92.0,63.0,84.0,0.0,0.0,0.0,0.0,0.0,0.0,0.0,0.0,0.0,0.0,0.0,0.0,0.0,0.0,0.0,0.0,0.0,0.0,8.0,2.0,1.0
2657,22.28676730000007,0,8.4952,2.2277,2.4357,1.8616,0.2584,0.0028,0.0078,0.0002,0.0528,0.066,0.0036,0.0013,0.0138,0.0003,0.0024,0.0019,0.0001,0.0002,0.01,0.0021,0.0005,0.0001,0.0065,0.1288,0.0372,0.0001,0.0143,0.0,155.0,0.0,92.0,63.0,84.0,0.0,0.0,0.0,0.0,0.0,0.0,0.0,0.0,0.0,0.0,0.0,0.0,0.0,0.0,0.0,0.0,0.0,0.0,8.0,2.0,1.0
2658,22.295262500000067,0,8.8173,2.1084,2.6892,2.0662,0.3004,0.0044,0.0095,0.0005,0.0655,0.0837,0.0027,0.0007,0.0124,0.0001,0.0015,0.0011,0.0001,0.0,0.0085,0.0018,0.0001,0.0,0.0053,0.1343,0.0385,0.0001,0.013,0.0,155.0,0.0,92.0,63.0,84.0,0.0,0.0,0.0,0.0,0.0,0.0,0.0,0.0,0.0,0.0,0.0,0.0,0.0,0.0,0.0,0.0,0.0,0.0,8.0,2.0,1.0
2659,22.304079800000068,0,8.4634,2.0663,3.2646,1.9788,0.2174,0.0038,0.01,0.0003,0.035,0.0518,0.0026,0.001,0.0124,0.0002,0.0022,0.002,0.0002,0.0001,0.0095,0.0013,0.0005,0.0001,0.0034,0.0984,0.0223,0.0,0.0128,0.0,155.0,0.0,92.0,63.0,84.0,0.0,0.0,0.0,0.0,0.0,0.0,0.0,0.0,0.0,0.0,0.0,0.0,0.0,0.0,0.0,0.0,0.0,0.0,8.0,2.0,1.0
2660,22.312543200000068,0,7.8789,2.0906,2.6132,1.9109,0.2045,0.0031,0.0084,0.0002,0.0381,0.0523,0.0021,0.0008,0.0112,0.0001,0.0019,0.0017,0.0001,0.0003,0.0086,0.0012,0.0004,0.0001,0.0033,0.0957,0.0192,0.0001,0.0154,0.0,155.0,0.0,92.0,63.0,84.0,0.0,0.0,0.0,0.0,0.0,0.0,0.0,0.0,0.0,0.0,0.0,0.0,0.0,0.0,0.0,0.0,0.0,0.0,8.0,2.0,1.0
2661,22.32042210000007,0,7.8791,2.0599,2.4429,1.8761,0.1826,0.0031,0.0074,0.0001,0.0279,0.0413,0.0018,0.0006,0.0106,0.0001,0.0019,0.0015,0.0001,0.0001,0.0091,0.0011,0.0005,0.0001,0.0035,0.0838,0.0199,0.0001,0.0129,0.0,155.0,0.0,92.0,63.0,84.0,0.0,0.0,0.0,0.0,0.0,0.0,0.0,0.0,0.0,0.0,0.0,0.0,0.0,0.0,0.0,0.0,0.0,0.0,8.0,2.0,1.0
2662,22.32830120000007,0,8.3568,1.9,2.1856,1.7316,0.1795,0.0026,0.0074,0.0002,0.0378,0.05,0.0019,0.0007,0.0091,0.0001,0.0012,0.0013,0.0001,0.0001,0.0076,0.0016,0.0004,0.0001,0.0035,0.0871,0.0195,0.0,0.0135,0.0,155.0,0.0,92.0,63.0,84.0,0.0,0.0,0.0,0.0,0.0,0.0,0.0,0.0,0.0,0.0,0.0,0.0,0.0,0.0,0.0,0.0,0.0,0.0,8.0,2.0,1.0
2663,22.33665800000007,0,8.4877,1.9117,2.3396,1.8692,0.1982,0.003,0.0094,0.0002,0.029,0.044,0.0027,0.0008,0.0114,0.0001,0.0019,0.0016,0.0,0.0002,0.008,0.0011,0.0004,0.0001,0.0033,0.0851,0.0214,0.0,0.013,0.0,155.0,0.0,92.0,63.0,84.0,0.0,0.0,0.0,0.0,0.0,0.0,0.0,0.0,0.0,0.0,0.0,0.0,0.0,0.0,0.0,0.0,0.0,0.0,8.0,2.0,1.0
2664,22.34514570000007,0,8.3605,1.929,2.3425,1.8441,0.2063,0.0036,0.0084,0.0008,0.0418,0.0568,0.0021,0.0008,0.0097,0.0002,0.0017,0.0016,0.0001,0.0001,0.0084,0.0013,0.0005,0.0001,0.0032,0.0978,0.0226,0.0001,0.0125,0.0,155.0,0.0,92.0,63.0,84.0,0.0,0.0,0.0,0.0,0.0,0.0,0.0,0.0,0.0,0.0,0.0,0.0,0.0,0.0,0.0,0.0,0.0,0.0,8.0,2.0,1.0
2665,22.35350620000007,0,8.5472,1.9615,2.5125,1.8863,0.2067,0.0038,0.0089,0.0003,0.0306,0.0466,0.0022,0.0007,0.0109,0.0002,0.0025,0.0018,0.0002,0.0001,0.0097,0.0013,0.0006,0.0002,0.0034,0.0921,0.0201,0.0,0.0154,0.0,155.0,0.0,92.0,63.0,84.0,0.0,0.0,0.0,0.0,0.0,0.0,0.0,0.0,0.0,0.0,0.0,0.0,0.0,0.0,0.0,0.0,0.0,0.0,8.0,2.0,1.0
2666,22.362053400000068,0,8.2309,2.0764,2.623,1.9813,0.2091,0.0029,0.0087,0.0002,0.0429,0.0571,0.002,0.0009,0.01,0.0001,0.0018,0.0016,0.0,0.0001,0.0083,0.0012,0.0009,0.0,0.0032,0.0997,0.0214,0.0001,0.0122,0.0,155.0,0.0,92.0,63.0,84.0,0.0,0.0,0.0,0.0,0.0,0.0,0.0,0.0,0.0,0.0,0.0,0.0,0.0,0.0,0.0,0.0,0.0,0.0,8.0,2.0,1.0
2667,22.37028430000007,0,8.3454,2.0429,2.5251,1.8973,0.1976,0.003,0.0088,0.0002,0.0314,0.0467,0.0026,0.0007,0.0104,0.0001,0.0014,0.0022,0.0002,0.0002,0.0081,0.0016,0.0005,0.0002,0.0033,0.0887,0.02,0.0,0.0143,0.0,155.0,0.0,92.0,63.0,84.0,0.0,0.0,0.0,0.0,0.0,0.0,0.0,0.0,0.0,0.0,0.0,0.0,0.0,0.0,0.0,0.0,0.0,0.0,8.0,2.0,1.0
2668,22.37862970000007,0,8.6097,2.1588,2.6996,1.9152,0.2167,0.0035,0.0093,0.0003,0.0384,0.0539,0.0026,0.0008,0.0109,0.0001,0.0015,0.0021,0.0001,0.0001,0.0092,0.0012,0.0005,0.0001,0.0032,0.0987,0.0224,0.0,0.013,0.0,155.0,0.0,92.0,63.0,84.0,0.0,0.0,0.0,0.0,0.0,0.0,0.0,0.0,0.0,0.0,0.0,0.0,0.0,0.0,0.0,0.0,0.0,0.0,8.0,2.0,1.0
2669,22.38723940000007,0,8.0194,2.2868,2.5446,2.2159,0.2171,0.0036,0.0085,0.0002,0.035,0.0508,0.0031,0.0015,0.0124,0.0002,0.0017,0.0023,0.0002,0.0002,0.0085,0.0013,0.0005,0.0002,0.0033,0.0973,0.0232,0.0,0.0129,0.0,155.0,0.0,92.0,63.0,84.0,0.0,0.0,0.0,0.0,0.0,0.0,0.0,0.0,0.0,0.0,0.0,0.0,0.0,0.0,0.0,0.0,0.0,0.0,8.0,2.0,1.0
2670,22.395258800000068,0,8.3874,2.0185,2.4898,1.975,0.209,0.003,0.0096,0.0002,0.0412,0.0567,0.0024,0.0008,0.0095,0.0001,0.0013,0.0022,0.0001,0.0001,0.0083,0.0017,0.0005,0.0001,0.0033,0.0989,0.0202,0.0,0.0128,0.0,155.0,0.0,92.0,63.0,84.0,0.0,0.0,0.0,0.0,0.0,0.0,0.0,0.0,0.0,0.0,0.0,0.0,0.0,0.0,0.0,0.0,0.0,0.0,8.0,2.0,1.0
2671,22.40364620000007,0,8.5264,1.97,2.6733,2.0423,0.2103,0.0031,0.0085,0.0003,0.0376,0.0518,0.0021,0.001,0.0108,0.0001,0.0022,0.0016,0.0001,0.0006,0.0087,0.0012,0.0005,0.0001,0.0033,0.096,0.02,0.0,0.0121,0.0,155.0,0.0,92.0,63.0,84.0,0.0,0.0,0.0,0.0,0.0,0.0,0.0,0.0,0.0,0.0,0.0,0.0,0.0,0.0,0.0,0.0,0.0,0.0,8.0,2.0,1.0
2672,22.41217260000007,0,8.6277,2.1267,3.0039,1.9196,0.2526,0.0035,0.0104,0.0003,0.0493,0.067,0.0023,0.001,0.0123,0.0002,0.0028,0.0025,0.0007,0.0001,0.0089,0.0019,0.0006,0.0002,0.0033,0.1173,0.0231,0.0,0.0142,0.0,155.0,0.0,92.0,63.0,84.0,0.0,0.0,0.0,0.0,0.0,0.0,0.0,0.0,0.0,0.0,0.0,0.0,0.0,0.0,0.0,0.0,0.0,0.0,8.0,2.0,1.0
2673,22.42080030000007,0,8.9161,2.4535,3.3226,2.384,0.2026,0.0032,0.0085,0.0001,0.0322,0.0464,0.0023,0.0008,0.0112,0.0002,0.0019,0.0028,0.0,0.0001,0.0099,0.0011,0.0012,0.0001,0.0032,0.0926,0.0196,0.0001,0.0136,0.0,155.0,0.0,92.0,63.0,84.0,0.0,0.0,0.0,0.0,0.0,0.0,0.0,0.0,0.0,0.0,0.0,0.0,0.0,0.0,0.0,0.0,0.0,0.0,8.0,2.0,1.0
2674,22.42971640000007,0,7.2553,2.4639,2.8477,2.1791,0.2078,0.0039,0.0088,0.0002,0.0429,0.0586,0.0021,0.0008,0.01,0.0001,0.0014,0.0021,0.0001,0.0001,0.0083,0.0017,0.0004,0.0001,0.0032,0.1007,0.0209,0.0,0.0146,0.0,155.0,0.0,92.0,63.0,84.0,0.0,0.0,0.0,0.0,0.0,0.0,0.0,0.0,0.0,0.0,0.0,0.0,0.0,0.0,0.0,0.0,0.0,0.0,8.0,2.0,1.0
2675,22.436971700000072,0,8.5153,2.059,2.7659,1.9719,0.2029,0.0029,0.0089,0.0002,0.0347,0.0495,0.002,0.0007,0.0105,0.0001,0.0018,0.0018,0.0002,0.0001,0.0089,0.0013,0.0005,0.0001,0.0034,0.0917,0.0227,0.0,0.014,0.0,155.0,0.0,92.0,63.0,84.0,0.0,0.0,0.0,0.0,0.0,0.0,0.0,0.0,0.0,0.0,0.0,0.0,0.0,0.0,0.0,0.0,0.0,0.0,8.0,2.0,1.0
2676,22.44548700000007,0,7.9481,1.9529,2.3661,1.875,0.1946,0.0028,0.0085,0.0002,0.0379,0.0515,0.0022,0.0008,0.0104,0.0002,0.0018,0.0015,0.0,0.0004,0.0081,0.0011,0.0005,0.0001,0.0035,0.0932,0.0185,0.0,0.0147,0.0,155.0,0.0,92.0,63.0,84.0,0.0,0.0,0.0,0.0,0.0,0.0,0.0,0.0,0.0,0.0,0.0,0.0,0.0,0.0,0.0,0.0,0.0,0.0,8.0,2.0,1.0
2677,22.45343510000007,0,8.344,1.9759,2.35,1.867,0.2066,0.0029,0.0087,0.0001,0.0311,0.0458,0.0023,0.0005,0.0091,0.0002,0.0011,0.0021,0.0,0.0001,0.0083,0.0012,0.0007,0.0001,0.0033,0.0858,0.0186,0.0,0.0133,0.0,155.0,0.0,92.0,63.0,84.0,0.0,0.0,0.0,0.0,0.0,0.0,0.0,0.0,0.0,0.0,0.0,0.0,0.0,0.0,0.0,0.0,0.0,0.0,8.0,2.0,1.0
2678,22.461779100000072,0,8.3502,2.0142,2.3126,2.0732,0.2736,0.0027,0.0081,0.0003,0.0642,0.0785,0.0034,0.0011,0.0156,0.0003,0.0028,0.0018,0.0005,0.0002,0.0102,0.0014,0.0009,0.0001,0.0069,0.1415,0.0396,0.0001,0.013,0.0,155.0,0.0,92.0,63.0,84.0,0.0,0.0,0.0,0.0,0.0,0.0,0.0,0.0,0.0,0.0,0.0,0.0,0.0,0.0,0.0,0.0,0.0,0.0,8.0,2.0,1.0
2679,22.47012930000007,0,8.186,1.9323,2.2081,1.8517,0.2013,0.0035,0.0147,0.0003,0.025,0.0462,0.0024,0.001,0.0124,0.0001,0.0017,0.0017,0.0002,0.0001,0.009,0.0012,0.0005,0.0001,0.0031,0.0914,0.0245,0.0001,0.0114,0.0,155.0,0.0,92.0,63.0,84.0,0.0,0.0,0.0,0.0,0.0,0.0,0.0,0.0,0.0,0.0,0.0,0.0,0.0,0.0,0.0,0.0,0.0,0.0,8.0,2.0,1.0
2680,22.47831530000007,0,8.6172,1.872,2.4636,1.8613,0.1996,0.0028,0.0086,0.0005,0.0369,0.0512,0.0021,0.0007,0.0103,0.0001,0.0014,0.0021,0.0001,0.0001,0.0081,0.0011,0.0006,0.0001,0.0032,0.0926,0.0237,0.0,0.0121,0.0,155.0,0.0,92.0,63.0,84.0,0.0,0.0,0.0,0.0,0.0,0.0,0.0,0.0,0.0,0.0,0.0,0.0,0.0,0.0,0.0,0.0,0.0,0.0,8.0,2.0,1.0
2681,22.48693250000007,0,8.4571,2.0908,2.389,1.9659,0.2222,0.0038,0.009,0.0002,0.0371,0.0533,0.0022,0.0008,0.0116,0.0003,0.0023,0.0033,0.0002,0.0001,0.0111,0.0015,0.0008,0.0001,0.0034,0.1044,0.0248,0.0,0.0122,0.0,155.0,0.0,92.0,63.0,84.0,0.0,0.0,0.0,0.0,0.0,0.0,0.0,0.0,0.0,0.0,0.0,0.0,0.0,0.0,0.0,0.0,0.0,0.0,8.0,2.0,1.0
2682,22.49538960000007,0,8.1188,2.1918,2.6206,1.9313,0.2075,0.0029,0.0085,0.0002,0.042,0.0558,0.0023,0.0014,0.0115,0.0006,0.0013,0.0014,0.0001,0.0001,0.0084,0.0013,0.0006,0.0,0.0033,0.0989,0.0237,0.0,0.0126,0.0,155.0,0.0,92.0,63.0,84.0,0.0,0.0,0.0,0.0,0.0,0.0,0.0,0.0,0.0,0.0,0.0,0.0,0.0,0.0,0.0,0.0,0.0,0.0,8.0,2.0,1.0
2683,22.50350840000007,0,8.5161,2.1236,2.4262,1.8604,0.2481,0.0032,0.0084,0.0002,0.0526,0.0676,0.0032,0.0008,0.0138,0.0002,0.0015,0.0013,0.0001,0.0002,0.0087,0.0013,0.0004,0.0,0.006,0.1204,0.0369,0.0,0.0111,0.0,155.0,0.0,92.0,63.0,84.0,0.0,0.0,0.0,0.0,0.0,0.0,0.0,0.0,0.0,0.0,0.0,0.0,0.0,0.0,0.0,0.0,0.0,0.0,8.0,2.0,1.0
2684,22.51202450000007,0,8.4241,2.2452,2.7014,2.0598,0.2126,0.003,0.0088,0.0002,0.0374,0.0519,0.0026,0.0011,0.0116,0.0001,0.0019,0.0016,0.0002,0.0001,0.0083,0.0012,0.0005,0.0001,0.0032,0.0957,0.0205,0.0,0.013,0.0,155.0,0.0,92.0,63.0,84.0,0.0,0.0,0.0,0.0,0.0,0.0,0.0,0.0,0.0,0.0,0.0,0.0,0.0,0.0,0.0,0.0,0.0,0.0,8.0,2.0,1.0
2685,22.52044860000007,0,8.1594,2.0097,2.5532,1.8841,0.1833,0.0029,0.0083,0.0002,0.0307,0.044,0.0024,0.0007,0.01,0.0002,0.0013,0.0021,0.0,0.0001,0.0082,0.0016,0.0005,0.0001,0.0032,0.0838,0.0203,0.0,0.0132,0.0,155.0,0.0,92.0,63.0,84.0,0.0,0.0,0.0,0.0,0.0,0.0,0.0,0.0,0.0,0.0,0.0,0.0,0.0,0.0,0.0,0.0,0.0,0.0,8.0,2.0,1.0
2686,22.52860800000007,0,8.3567,2.0822,2.5458,1.935,0.1986,0.003,0.0074,0.0002,0.043,0.0558,0.002,0.0007,0.0103,0.0001,0.0016,0.0016,0.0001,0.0001,0.0081,0.0012,0.0004,0.0001,0.0032,0.0959,0.0208,0.0001,0.0134,0.0,155.0,0.0,92.0,63.0,84.0,0.0,0.0,0.0,0.0,0.0,0.0,0.0,0.0,0.0,0.0,0.0,0.0,0.0,0.0,0.0,0.0,0.0,0.0,8.0,2.0,1.0
2687,22.53696470000007,0,8.1233,2.1326,2.3551,1.8162,0.1926,0.0027,0.0077,0.0002,0.0328,0.0463,0.0025,0.0007,0.0122,0.0002,0.0014,0.0026,0.0,0.0001,0.009,0.0014,0.0005,0.0002,0.0039,0.0924,0.0222,0.0,0.0189,0.0,155.0,0.0,92.0,63.0,84.0,0.0,0.0,0.0,0.0,0.0,0.0,0.0,0.0,0.0,0.0,0.0,0.0,0.0,0.0,0.0,0.0,0.0,0.0,8.0,2.0,1.0
2688,22.54508800000007,0,8.4383,2.2606,2.2043,1.7431,0.2583,0.0034,0.0076,0.0002,0.0545,0.0691,0.0036,0.0009,0.0143,0.0003,0.0018,0.0012,0.0001,0.0001,0.0103,0.0019,0.0004,0.0,0.0056,0.1251,0.0379,0.0001,0.0125,0.0,155.0,0.0,92.0,63.0,84.0,0.0,0.0,0.0,0.0,0.0,0.0,0.0,0.0,0.0,0.0,0.0,0.0,0.0,0.0,0.0,0.0,0.0,0.0,8.0,2.0,1.0
2689,22.553526300000073,0,8.573,2.097,2.7392,2.0446,0.2236,0.0016,0.0098,0.0002,0.0336,0.0479,0.0023,0.001,0.0118,0.0002,0.0017,0.0021,0.0001,0.0001,0.0089,0.0014,0.0005,0.0001,0.0043,0.0955,0.0225,0.0,0.0136,0.0,155.0,0.0,92.0,63.0,84.0,0.0,0.0,0.0,0.0,0.0,0.0,0.0,0.0,0.0,0.0,0.0,0.0,0.0,0.0,0.0,0.0,0.0,0.0,8.0,2.0,1.0
2690,22.56209930000007,0,8.2301,2.0446,2.5413,1.9168,0.2058,0.0029,0.0081,0.0002,0.0449,0.0588,0.0023,0.0007,0.0093,0.0002,0.0018,0.0016,0.0001,0.0001,0.0077,0.0013,0.0005,0.0,0.0033,0.1002,0.0227,0.0001,0.0133,0.0,155.0,0.0,92.0,63.0,84.0,0.0,0.0,0.0,0.0,0.0,0.0,0.0,0.0,0.0,0.0,0.0,0.0,0.0,0.0,0.0,0.0,0.0,0.0,8.0,2.0,1.0
2691,22.57032940000007,0,8.3526,2.1252,2.4661,1.8943,0.1977,0.003,0.0081,0.0002,0.0319,0.0456,0.002,0.0008,0.0108,0.0001,0.0013,0.002,0.0001,0.0001,0.008,0.0013,0.0004,0.0001,0.0032,0.0904,0.0198,0.0,0.0121,0.0,155.0,0.0,92.0,63.0,84.0,0.0,0.0,0.0,0.0,0.0,0.0,0.0,0.0,0.0,0.0,0.0,0.0,0.0,0.0,0.0,0.0,0.0,0.0,8.0,2.0,1.0
2692,22.578682000000068,0,8.2141,2.0659,2.6255,1.872,0.1994,0.0025,0.0083,0.0002,0.044,0.057,0.0023,0.0009,0.0109,0.0001,0.0014,0.0015,0.0,0.0001,0.0082,0.0013,0.0004,0.0001,0.0036,0.0994,0.0223,0.0,0.1347,0.0,155.0,0.0,92.0,63.0,84.0,0.0,0.0,0.0,0.0,0.0,0.0,0.0,0.0,0.0,0.0,0.0,0.0,0.0,0.0,0.0,0.0,0.0,0.0,8.0,2.0,1.0
2693,22.586896100000068,0,8.4055,2.0254,2.3554,1.8078,0.1822,0.0026,0.0078,0.0002,0.0323,0.0458,0.0021,0.0005,0.0102,0.0001,0.0017,0.0015,0.0,0.0001,0.0081,0.0011,0.0005,0.0001,0.003,0.0858,0.0224,0.0,0.0147,0.0,155.0,0.0,92.0,63.0,84.0,0.0,0.0,0.0,0.0,0.0,0.0,0.0,0.0,0.0,0.0,0.0,0.0,0.0,0.0,0.0,0.0,0.0,0.0,8.0,2.0,1.0
2694,22.595301600000067,0,8.4867,1.9967,2.6845,1.6975,0.1981,0.0035,0.0083,0.0002,0.0382,0.053,0.0021,0.0008,0.0099,0.0001,0.0015,0.002,0.0001,0.0001,0.0077,0.0012,0.0005,0.0001,0.0032,0.0941,0.0209,0.0,0.0138,0.0,155.0,0.0,92.0,63.0,84.0,0.0,0.0,0.0,0.0,0.0,0.0,0.0,0.0,0.0,0.0,0.0,0.0,0.0,0.0,0.0,0.0,0.0,0.0,8.0,2.0,1.0
2695,22.603788300000065,0,7.9284,2.1058,2.3911,1.9732,0.187,0.0027,0.0074,0.0007,0.033,0.0465,0.0019,0.0007,0.0095,0.0003,0.0013,0.0018,0.0002,0.0001,0.0081,0.0017,0.0005,0.0002,0.003,0.0858,0.0222,0.0,0.0129,0.0,155.0,0.0,92.0,63.0,84.0,0.0,0.0,0.0,0.0,0.0,0.0,0.0,0.0,0.0,0.0,0.0,0.0,0.0,0.0,0.0,0.0,0.0,0.0,8.0,2.0,1.0
2696,22.611716700000066,0,8.4857,1.9268,2.3806,1.8052,0.1929,0.0027,0.0077,0.0002,0.0391,0.0519,0.002,0.0011,0.0105,0.0001,0.0019,0.0016,0.0001,0.0005,0.0084,0.0011,0.0005,0.0001,0.0032,0.0942,0.0185,0.0,0.012,0.0,155.0,0.0,92.0,63.0,84.0,0.0,0.0,0.0,0.0,0.0,0.0,0.0,0.0,0.0,0.0,0.0,0.0,0.0,0.0,0.0,0.0,0.0,0.0,8.0,2.0,1.0
2697,22.620202400000068,0,8.2183,2.2047,2.3068,1.7971,0.192,0.0027,0.0088,0.0002,0.0366,0.0505,0.0019,0.0007,0.0104,0.0001,0.0018,0.0017,0.0001,0.0002,0.0087,0.0013,0.0004,0.0001,0.0035,0.0919,0.0227,0.0001,0.0119,0.0,155.0,0.0,92.0,63.0,84.0,0.0,0.0,0.0,0.0,0.0,0.0,0.0,0.0,0.0,0.0,0.0,0.0,0.0,0.0,0.0,0.0,0.0,0.0,8.0,2.0,1.0
2698,22.628420700000067,0,8.3458,1.93,2.3969,1.9365,0.1965,0.0027,0.0084,0.0002,0.0424,0.0557,0.0018,0.0011,0.0107,0.0001,0.0017,0.0014,0.0001,0.0001,0.0079,0.0013,0.0005,0.0002,0.0033,0.0961,0.0211,0.0,0.0122,0.0,155.0,0.0,92.0,63.0,84.0,0.0,0.0,0.0,0.0,0.0,0.0,0.0,0.0,0.0,0.0,0.0,0.0,0.0,0.0,0.0,0.0,0.0,0.0,8.0,2.0,1.0
2699,22.636766500000068,0,8.3822,2.2274,2.2575,1.8362,0.1906,0.0029,0.0079,0.0002,0.0353,0.0484,0.0018,0.0007,0.0105,0.0001,0.002,0.0015,0.0,0.0006,0.0084,0.0011,0.0004,0.0001,0.0034,0.0903,0.0218,0.0,0.0146,0.0,155.0,0.0,92.0,63.0,84.0,0.0,0.0,0.0,0.0,0.0,0.0,0.0,0.0,0.0,0.0,0.0,0.0,0.0,0.0,0.0,0.0,0.0,0.0,8.0,2.0,1.0
2700,22.645148700000068,0,8.2803,1.9955,2.3049,1.9406,0.2058,0.0029,0.0072,0.0002,0.0449,0.0574,0.0032,0.0007,0.0103,0.0002,0.0012,0.0015,0.0001,0.0001,0.0084,0.0011,0.001,0.0001,0.0032,0.1022,0.0243,0.0,0.0129,0.0,155.0,0.0,92.0,63.0,84.0,0.0,0.0,0.0,0.0,0.0,0.0,0.0,0.0,0.0,0.0,0.0,0.0,0.0,0.0,0.0,0.0,0.0,0.0,8.0,2.0,1.0
2701,22.653429000000067,0,8.6156,2.293,2.5965,1.8444,0.1863,0.0032,0.0082,0.0002,0.029,0.0434,0.002,0.0006,0.0097,0.0002,0.0017,0.0014,0.0001,0.0001,0.0081,0.0017,0.0005,0.0001,0.0032,0.0838,0.022,0.0,0.014,0.0,155.0,0.0,92.0,63.0,84.0,0.0,0.0,0.0,0.0,0.0,0.0,0.0,0.0,0.0,0.0,0.0,0.0,0.0,0.0,0.0,0.0,0.0,0.0,8.0,2.0,1.0
2702,22.662044600000065,0,8.2625,1.9673,2.3881,2.0144,0.204,0.003,0.0074,0.0002,0.0441,0.0571,0.0021,0.0009,0.0091,0.0001,0.0018,0.0018,0.0001,0.0001,0.0083,0.0012,0.0004,0.0006,0.0032,0.0981,0.0226,0.0001,0.0131,0.0,155.0,0.0,92.0,63.0,84.0,0.0,0.0,0.0,0.0,0.0,0.0,0.0,0.0,0.0,0.0,0.0,0.0,0.0,0.0,0.0,0.0,0.0,0.0,8.0,2.0,1.0
2703,22.670307100000066,0,8.2258,1.9834,2.4754,1.8987,0.1883,0.0025,0.0064,0.0002,0.0316,0.0436,0.0024,0.0007,0.01,0.0001,0.0015,0.002,0.0001,0.0002,0.0085,0.0015,0.0005,0.0001,0.0033,0.0848,0.0208,0.0,0.0127,0.0,155.0,0.0,92.0,63.0,84.0,0.0,0.0,0.0,0.0,0.0,0.0,0.0,0.0,0.0,0.0,0.0,0.0,0.0,0.0,0.0,0.0,0.0,0.0,8.0,2.0,1.0
2704,22.678532900000068,0,8.3246,2.1444,2.5081,1.9573,0.2071,0.003,0.0091,0.0002,0.0376,0.0525,0.0024,0.0007,0.0105,0.0002,0.0014,0.0018,0.0001,0.0001,0.0078,0.0012,0.0009,0.0001,0.0043,0.0966,0.0227,0.0001,0.0144,0.0,155.0,0.0,92.0,63.0,84.0,0.0,0.0,0.0,0.0,0.0,0.0,0.0,0.0,0.0,0.0,0.0,0.0,0.0,0.0,0.0,0.0,0.0,0.0,8.0,2.0,1.0
2705,22.68685750000007,0,8.1112,1.9806,2.1716,1.958,0.1913,0.0029,0.0074,0.0003,0.0367,0.0496,0.0019,0.0007,0.0099,0.0001,0.0011,0.0022,0.0001,0.0001,0.0082,0.0017,0.0004,0.0001,0.0032,0.0897,0.0177,0.0,0.0121,0.0,155.0,0.0,92.0,63.0,84.0,0.0,0.0,0.0,0.0,0.0,0.0,0.0,0.0,0.0,0.0,0.0,0.0,0.0,0.0,0.0,0.0,0.0,0.0,8.0,2.0,1.0
2706,22.694968700000068,0,8.785,1.9266,2.5941,1.8968,0.1984,0.0032,0.008,0.0002,0.0386,0.0521,0.002,0.0009,0.0121,0.0002,0.0016,0.0016,0.0001,0.0001,0.0084,0.0011,0.0005,0.0001,0.0031,0.0954,0.0182,0.0,0.0128,0.0,155.0,0.0,92.0,63.0,84.0,0.0,0.0,0.0,0.0,0.0,0.0,0.0,0.0,0.0,0.0,0.0,0.0,0.0,0.0,0.0,0.0,0.0,0.0,8.0,2.0,1.0
2707,22.703753700000068,0,8.0111,2.0064,2.3323,1.9305,0.1781,0.0027,0.0081,0.0001,0.0253,0.0386,0.0021,0.0006,0.0089,0.0001,0.0018,0.0017,0.0,0.0002,0.0079,0.0011,0.0004,0.0001,0.0032,0.0774,0.0219,0.0,0.0117,0.0,155.0,0.0,92.0,63.0,84.0,0.0,0.0,0.0,0.0,0.0,0.0,0.0,0.0,0.0,0.0,0.0,0.0,0.0,0.0,0.0,0.0,0.0,0.0,8.0,2.0,1.0
2708,22.71176480000007,0,8.42,1.9556,2.3551,1.8436,0.2093,0.0031,0.0093,0.0002,0.0392,0.0543,0.0023,0.0008,0.0105,0.0002,0.0015,0.0019,0.0001,0.0001,0.0087,0.0015,0.0005,0.0001,0.0038,0.0987,0.0216,0.0,0.0122,0.0,155.0,0.0,92.0,63.0,84.0,0.0,0.0,0.0,0.0,0.0,0.0,0.0,0.0,0.0,0.0,0.0,0.0,0.0,0.0,0.0,0.0,0.0,0.0,8.0,2.0,1.0
2709,22.72018480000007,0,8.1474,2.0675,2.23,1.7829,0.1856,0.0029,0.0083,0.0002,0.0287,0.0429,0.0017,0.0007,0.01,0.0001,0.0016,0.0016,0.0,0.0002,0.0091,0.0012,0.0005,0.0,0.0031,0.0833,0.0201,0.0001,0.0124,0.0,155.0,0.0,92.0,63.0,84.0,0.0,0.0,0.0,0.0,0.0,0.0,0.0,0.0,0.0,0.0,0.0,0.0,0.0,0.0,0.0,0.0,0.0,0.0,8.0,2.0,1.0
2710,22.728332200000068,0,8.5228,2.0795,2.3186,2.0224,0.2044,0.0029,0.0081,0.0003,0.0418,0.0554,0.0023,0.0008,0.0112,0.0001,0.0015,0.0017,0.0001,0.0001,0.0082,0.0012,0.001,0.0,0.0032,0.0971,0.0217,0.0,0.0116,0.0,155.0,0.0,92.0,63.0,84.0,0.0,0.0,0.0,0.0,0.0,0.0,0.0,0.0,0.0,0.0,0.0,0.0,0.0,0.0,0.0,0.0,0.0,0.0,8.0,2.0,1.0
2711,22.73685500000007,0,8.0841,2.0974,2.21,1.8818,0.1993,0.0026,0.0081,0.0002,0.0361,0.0493,0.0024,0.0011,0.0124,0.0001,0.0015,0.0018,0.0001,0.0001,0.0084,0.0017,0.0005,0.0,0.0039,0.0948,0.0242,0.0,0.0119,0.0,155.0,0.0,92.0,63.0,84.0,0.0,0.0,0.0,0.0,0.0,0.0,0.0,0.0,0.0,0.0,0.0,0.0,0.0,0.0,0.0,0.0,0.0,0.0,8.0,2.0,1.0
2712,22.74493910000007,0,8.4358,1.9909,2.1935,1.8421,0.2025,0.0032,0.0079,0.0001,0.0458,0.0596,0.0019,0.001,0.0099,0.0002,0.002,0.0015,0.0,0.0001,0.0076,0.0012,0.0005,0.0,0.0032,0.0998,0.0242,0.0,0.014,0.0,155.0,0.0,92.0,63.0,84.0,0.0,0.0,0.0,0.0,0.0,0.0,0.0,0.0,0.0,0.0,0.0,0.0,0.0,0.0,0.0,0.0,0.0,0.0,8.0,2.0,1.0
2713,22.753374900000072,0,8.6438,1.9503,2.5086,1.785,0.1876,0.0026,0.009,0.0001,0.0268,0.041,0.0019,0.0008,0.0104,0.0002,0.0018,0.0016,0.0001,0.0001,0.0075,0.0017,0.0005,0.0001,0.0032,0.0817,0.0228,0.0,0.0127,0.0,155.0,0.0,92.0,63.0,84.0,0.0,0.0,0.0,0.0,0.0,0.0,0.0,0.0,0.0,0.0,0.0,0.0,0.0,0.0,0.0,0.0,0.0,0.0,8.0,2.0,1.0
2714,22.762018700000073,0,8.1302,1.9203,2.3077,1.9262,0.2186,0.0039,0.0088,0.0002,0.0482,0.0634,0.0028,0.0008,0.011,0.0002,0.0014,0.0019,0.0001,0.0001,0.0077,0.0018,0.0005,0.0001,0.0035,0.1055,0.0238,0.0001,0.0124,0.0,155.0,0.0,92.0,63.0,84.0,0.0,0.0,0.0,0.0,0.0,0.0,0.0,0.0,0.0,0.0,0.0,0.0,0.0,0.0,0.0,0.0,0.0,0.0,8.0,2.0,1.0
2715,22.770148900000073,0,8.4801,2.0137,2.4958,1.9253,0.2064,0.0031,0.0082,0.0002,0.0376,0.0514,0.002,0.0009,0.0115,0.0001,0.0014,0.0017,0.0001,0.0001,0.0082,0.0012,0.0005,0.0001,0.0032,0.0942,0.0223,0.0,0.0114,0.0,155.0,0.0,92.0,63.0,84.0,0.0,0.0,0.0,0.0,0.0,0.0,0.0,0.0,0.0,0.0,0.0,0.0,0.0,0.0,0.0,0.0,0.0,0.0,8.0,2.0,1.0
2716,22.778629000000073,0,8.0377,2.0114,2.3339,2.0676,0.196,0.0028,0.008,0.0002,0.0418,0.0547,0.0018,0.0006,0.009,0.0002,0.0014,0.0019,0.0,0.0001,0.0081,0.0011,0.001,0.0001,0.0032,0.0941,0.0201,0.0,0.0123,0.0,155.0,0.0,92.0,63.0,84.0,0.0,0.0,0.0,0.0,0.0,0.0,0.0,0.0,0.0,0.0,0.0,0.0,0.0,0.0,0.0,0.0,0.0,0.0,8.0,2.0,1.0
2717,22.786666700000072,0,8.6031,1.8773,2.3941,1.9021,0.2061,0.0033,0.0095,0.0002,0.0308,0.0467,0.0028,0.0008,0.0117,0.0002,0.0019,0.0016,0.0001,0.0001,0.0087,0.0013,0.001,0.0001,0.0042,0.0929,0.0214,0.0,0.0135,0.0,155.0,0.0,92.0,63.0,84.0,0.0,0.0,0.0,0.0,0.0,0.0,0.0,0.0,0.0,0.0,0.0,0.0,0.0,0.0,0.0,0.0,0.0,0.0,8.0,2.0,1.0
2718,22.79526980000007,0,8.2077,2.1049,2.3365,1.8898,0.2039,0.0028,0.0074,0.0002,0.0452,0.0588,0.0019,0.001,0.0102,0.0001,0.0016,0.0014,0.0001,0.0002,0.0082,0.0012,0.0005,0.0,0.0032,0.0979,0.0225,0.0,0.0124,0.0,155.0,0.0,92.0,63.0,84.0,0.0,0.0,0.0,0.0,0.0,0.0,0.0,0.0,0.0,0.0,0.0,0.0,0.0,0.0,0.0,0.0,0.0,0.0,8.0,2.0,1.0
2719,22.80347750000007,0,8.2928,1.929,2.3485,1.8151,0.1846,0.0029,0.0076,0.0002,0.0321,0.045,0.0018,0.0007,0.01,0.0001,0.0017,0.0015,0.0001,0.0001,0.0079,0.0017,0.0005,0.0001,0.0033,0.0837,0.0187,0.0,0.0137,0.0,155.0,0.0,92.0,63.0,84.0,0.0,0.0,0.0,0.0,0.0,0.0,0.0,0.0,0.0,0.0,0.0,0.0,0.0,0.0,0.0,0.0,0.0,0.0,8.0,2.0,1.0
2720,22.81177030000007,0,8.5307,2.0223,2.308,2.0911,0.2161,0.0037,0.0112,0.0002,0.0427,0.0607,0.0029,0.0006,0.0102,0.0002,0.0013,0.0014,0.0001,0.0001,0.0088,0.0016,0.0004,0.0001,0.0029,0.1017,0.0244,0.0,0.0117,0.0,155.0,0.0,92.0,63.0,84.0,0.0,0.0,0.0,0.0,0.0,0.0,0.0,0.0,0.0,0.0,0.0,0.0,0.0,0.0,0.0,0.0,0.0,0.0,8.0,2.0,1.0
2721,22.82030100000007,0,8.1556,1.9481,2.5016,1.7546,0.2085,0.0033,0.0096,0.0002,0.0385,0.0539,0.003,0.0008,0.012,0.0001,0.0016,0.0018,0.0001,0.0001,0.0078,0.0011,0.0005,0.0001,0.003,0.0964,0.0208,0.0,0.0116,0.0,155.0,0.0,92.0,63.0,84.0,0.0,0.0,0.0,0.0,0.0,0.0,0.0,0.0,0.0,0.0,0.0,0.0,0.0,0.0,0.0,0.0,0.0,0.0,8.0,2.0,1.0
2722,22.82845660000007,0,8.8112,1.8867,2.5283,1.7228,0.2084,0.0033,0.0084,0.0001,0.0459,0.0604,0.0026,0.0009,0.0113,0.0002,0.0013,0.0021,0.0001,0.0001,0.0081,0.0017,0.0005,0.0002,0.0032,0.1029,0.022,0.0,0.0132,0.0,155.0,0.0,92.0,63.0,84.0,0.0,0.0,0.0,0.0,0.0,0.0,0.0,0.0,0.0,0.0,0.0,0.0,0.0,0.0,0.0,0.0,0.0,0.0,8.0,2.0,1.0
2723,22.83726780000007,0,8.0328,2.0797,2.7538,1.8942,0.2086,0.0035,0.0109,0.0003,0.0317,0.0493,0.0022,0.0006,0.011,0.0001,0.0022,0.0014,0.0001,0.0005,0.0089,0.0013,0.0005,0.0,0.0037,0.0938,0.0236,0.0001,0.0131,0.0,155.0,0.0,92.0,63.0,84.0,0.0,0.0,0.0,0.0,0.0,0.0,0.0,0.0,0.0,0.0,0.0,0.0,0.0,0.0,0.0,0.0,0.0,0.0,8.0,2.0,1.0
2724,22.84530060000007,0,8.1473,2.0154,2.3445,1.8654,0.2011,0.0032,0.0075,0.0001,0.0464,0.0598,0.0023,0.0007,0.0106,0.0001,0.0016,0.0013,0.0001,0.0001,0.0078,0.0013,0.0005,0.0001,0.0032,0.1004,0.0203,0.0001,0.0125,0.0,155.0,0.0,92.0,63.0,84.0,0.0,0.0,0.0,0.0,0.0,0.0,0.0,0.0,0.0,0.0,0.0,0.0,0.0,0.0,0.0,0.0,0.0,0.0,8.0,2.0,1.0
2725,22.85344790000007,0,8.494,1.8729,2.3574,1.7375,0.1906,0.0035,0.0081,0.0002,0.0337,0.0481,0.0022,0.0007,0.01,0.0001,0.0013,0.002,0.0001,0.0001,0.0078,0.0011,0.0004,0.0001,0.003,0.0884,0.0201,0.0,0.0123,0.0,155.0,0.0,92.0,63.0,84.0,0.0,0.0,0.0,0.0,0.0,0.0,0.0,0.0,0.0,0.0,0.0,0.0,0.0,0.0,0.0,0.0,0.0,0.0,8.0,2.0,1.0
2726,22.86194190000007,0,8.5991,2.0209,2.6768,2.0625,0.2211,0.0031,0.0092,0.0004,0.0417,0.0571,0.002,0.001,0.0114,0.0001,0.0016,0.0023,0.0001,0.0001,0.0094,0.0013,0.0005,0.0001,0.0037,0.1033,0.0226,0.0,0.0131,0.0,155.0,0.0,92.0,63.0,84.0,0.0,0.0,0.0,0.0,0.0,0.0,0.0,0.0,0.0,0.0,0.0,0.0,0.0,0.0,0.0,0.0,0.0,0.0,8.0,2.0,1.0
2727,22.87054100000007,0,7.9341,2.2895,2.3992,2.1951,0.2011,0.0038,0.0077,0.0003,0.0341,0.0485,0.0019,0.0014,0.0112,0.0002,0.002,0.0017,0.0002,0.0001,0.0085,0.0012,0.0011,0.0,0.0034,0.0923,0.0214,0.0,0.0126,0.0,155.0,0.0,92.0,63.0,84.0,0.0,0.0,0.0,0.0,0.0,0.0,0.0,0.0,0.0,0.0,0.0,0.0,0.0,0.0,0.0,0.0,0.0,0.0,8.0,2.0,1.0
2728,22.87847510000007,0,8.462,1.8732,2.4592,1.8943,0.211,0.0028,0.0088,0.0003,0.0445,0.0585,0.0026,0.0012,0.0126,0.0001,0.0013,0.0017,0.0001,0.0001,0.0087,0.0018,0.0006,0.0001,0.0038,0.1046,0.0218,0.0001,0.0129,0.0,155.0,0.0,92.0,63.0,84.0,0.0,0.0,0.0,0.0,0.0,0.0,0.0,0.0,0.0,0.0,0.0,0.0,0.0,0.0,0.0,0.0,0.0,0.0,8.0,2.0,1.0
2729,22.886937100000072,0,8.6802,2.2149,2.7189,1.801,0.2063,0.0036,0.009,0.0002,0.0305,0.0457,0.0024,0.0013,0.0122,0.0001,0.0017,0.0023,0.0001,0.0002,0.0085,0.0019,0.0005,0.0001,0.004,0.0923,0.0222,0.0,0.0133,0.0,155.0,0.0,92.0,63.0,84.0,0.0,0.0,0.0,0.0,0.0,0.0,0.0,0.0,0.0,0.0,0.0,0.0,0.0,0.0,0.0,0.0,0.0,0.0,8.0,2.0,1.0
2730,22.895617300000072,0,7.8088,2.0589,2.3953,1.8615,0.1987,0.003,0.0081,0.0006,0.0387,0.0528,0.0019,0.0005,0.0103,0.0001,0.0018,0.0017,0.0001,0.0001,0.0084,0.0013,0.0004,0.0,0.0032,0.0942,0.0219,0.0001,0.0137,0.0,155.0,0.0,92.0,63.0,84.0,0.0,0.0,0.0,0.0,0.0,0.0,0.0,0.0,0.0,0.0,0.0,0.0,0.0,0.0,0.0,0.0,0.0,0.0,8.0,2.0,1.0
2731,22.903426100000072,0,8.353,1.9093,2.216,1.8122,0.2055,0.0028,0.0066,0.0003,0.0378,0.0497,0.0027,0.0008,0.0111,0.0001,0.0013,0.0019,0.0001,0.0001,0.0079,0.0016,0.0004,0.0002,0.0033,0.0916,0.031,0.0,0.0111,0.0,155.0,0.0,92.0,63.0,84.0,0.0,0.0,0.0,0.0,0.0,0.0,0.0,0.0,0.0,0.0,0.0,0.0,0.0,0.0,0.0,0.0,0.0,0.0,8.0,2.0,1.0
2732,22.91177910000007,0,8.2507,1.9586,2.2511,1.8854,0.198,0.0036,0.0071,0.0002,0.0408,0.0541,0.0021,0.0011,0.0105,0.0001,0.0018,0.0015,0.0001,0.0006,0.0082,0.0011,0.0005,0.0,0.0035,0.0981,0.0204,0.0,0.0133,0.0,155.0,0.0,92.0,63.0,84.0,0.0,0.0,0.0,0.0,0.0,0.0,0.0,0.0,0.0,0.0,0.0,0.0,0.0,0.0,0.0,0.0,0.0,0.0,8.0,2.0,1.0
2733,22.920029800000073,0,8.2715,1.8475,2.1847,1.8124,0.1898,0.0027,0.0087,0.0002,0.0317,0.0456,0.0021,0.0006,0.0099,0.0001,0.002,0.0015,0.0001,0.0002,0.008,0.0012,0.0005,0.0,0.0035,0.0873,0.0211,0.0,0.0114,0.0,155.0,0.0,92.0,63.0,84.0,0.0,0.0,0.0,0.0,0.0,0.0,0.0,0.0,0.0,0.0,0.0,0.0,0.0,0.0,0.0,0.0,0.0,0.0,8.0,2.0,1.0
2734,22.928301300000072,0,8.3071,1.9753,2.1403,1.8401,0.1932,0.0029,0.0072,0.0003,0.0395,0.0519,0.0019,0.0006,0.0108,0.0002,0.0016,0.0016,0.0001,0.0001,0.0082,0.0014,0.0004,0.0001,0.003,0.0934,0.0213,0.0,0.01,0.0,155.0,0.0,92.0,63.0,84.0,0.0,0.0,0.0,0.0,0.0,0.0,0.0,0.0,0.0,0.0,0.0,0.0,0.0,0.0,0.0,0.0,0.0,0.0,8.0,2.0,1.0
2735,22.936608400000072,0,8.4581,1.9075,2.1099,1.8311,0.1866,0.0028,0.0076,0.0001,0.0306,0.0436,0.0024,0.0007,0.0105,0.0002,0.0017,0.0015,0.0001,0.0001,0.0083,0.0014,0.0005,0.0001,0.0033,0.0836,0.0214,0.0001,0.0134,0.0,155.0,0.0,92.0,63.0,84.0,0.0,0.0,0.0,0.0,0.0,0.0,0.0,0.0,0.0,0.0,0.0,0.0,0.0,0.0,0.0,0.0,0.0,0.0,8.0,2.0,1.0
2736,22.94506650000007,0,8.311,1.881,2.26,1.7255,0.2261,0.003,0.0101,0.0002,0.0519,0.0684,0.0024,0.0007,0.0107,0.0001,0.0015,0.0023,0.0001,0.0001,0.0084,0.0013,0.0004,0.0,0.0037,0.1106,0.027,0.0001,0.0132,0.0,155.0,0.0,92.0,63.0,84.0,0.0,0.0,0.0,0.0,0.0,0.0,0.0,0.0,0.0,0.0,0.0,0.0,0.0,0.0,0.0,0.0,0.0,0.0,8.0,2.0,1.0
2737,22.95337750000007,0,8.511,2.0524,2.5103,1.8486,0.194,0.0029,0.0088,0.0002,0.0307,0.0452,0.0019,0.0006,0.0094,0.0007,0.0015,0.0016,0.0006,0.0002,0.008,0.0012,0.0011,0.0001,0.0032,0.0856,0.0206,0.0,0.0112,0.0,155.0,0.0,92.0,63.0,84.0,0.0,0.0,0.0,0.0,0.0,0.0,0.0,0.0,0.0,0.0,0.0,0.0,0.0,0.0,0.0,0.0,0.0,0.0,8.0,2.0,1.0
2738,22.961888500000068,0,8.5361,2.0355,2.5352,1.8868,0.2144,0.0035,0.0086,0.0002,0.0476,0.0622,0.0025,0.0008,0.012,0.0001,0.0015,0.002,0.0002,0.0001,0.0079,0.0014,0.0009,0.0001,0.0038,0.1068,0.0222,0.0,0.0119,0.0,155.0,0.0,92.0,63.0,84.0,0.0,0.0,0.0,0.0,0.0,0.0,0.0,0.0,0.0,0.0,0.0,0.0,0.0,0.0,0.0,0.0,0.0,0.0,8.0,2.0,1.0
2739,22.97042460000007,0,7.878,2.1364,2.1903,1.9759,0.1893,0.0031,0.0082,0.0005,0.0369,0.0508,0.0024,0.0008,0.0111,0.0002,0.0018,0.0017,0.0001,0.0001,0.008,0.0012,0.0005,0.0001,0.003,0.0915,0.0228,0.0,0.0128,0.0,155.0,0.0,92.0,63.0,84.0,0.0,0.0,0.0,0.0,0.0,0.0,0.0,0.0,0.0,0.0,0.0,0.0,0.0,0.0,0.0,0.0,0.0,0.0,8.0,2.0,1.0
2740,22.97830260000007,0,8.5925,1.9787,2.2642,1.8065,0.1985,0.0029,0.0088,0.0002,0.0459,0.0602,0.0019,0.0008,0.009,0.0001,0.0019,0.0015,0.0001,0.0005,0.008,0.0011,0.0005,0.0001,0.0036,0.1001,0.0209,0.0001,0.0125,0.0,155.0,0.0,92.0,63.0,84.0,0.0,0.0,0.0,0.0,0.0,0.0,0.0,0.0,0.0,0.0,0.0,0.0,0.0,0.0,0.0,0.0,0.0,0.0,8.0,2.0,1.0
2741,22.98689510000007,0,8.2006,2.1546,2.359,1.8529,0.1866,0.0031,0.0078,0.0002,0.0341,0.047,0.0018,0.0007,0.0083,0.0001,0.0018,0.0015,0.0001,0.0001,0.0078,0.0011,0.0005,0.0,0.0034,0.0856,0.022,0.0,0.0113,0.0,155.0,0.0,92.0,63.0,84.0,0.0,0.0,0.0,0.0,0.0,0.0,0.0,0.0,0.0,0.0,0.0,0.0,0.0,0.0,0.0,0.0,0.0,0.0,8.0,2.0,1.0
2742,22.995095700000068,0,8.4195,1.9872,2.2851,1.7787,0.1939,0.0027,0.0081,0.0002,0.0433,0.0571,0.0022,0.0006,0.009,0.0002,0.0012,0.0015,0.0002,0.0002,0.0084,0.0011,0.0011,0.0001,0.0032,0.0962,0.0192,0.0,0.0113,0.0,155.0,0.0,92.0,63.0,84.0,0.0,0.0,0.0,0.0,0.0,0.0,0.0,0.0,0.0,0.0,0.0,0.0,0.0,0.0,0.0,0.0,0.0,0.0,8.0,2.0,1.0
2743,23.003515200000066,0,8.2905,1.9956,2.3902,1.8788,0.1835,0.0027,0.0088,0.0002,0.0314,0.0458,0.0017,0.0007,0.0091,0.0001,0.0013,0.0021,0.0,0.0001,0.0076,0.0012,0.0004,0.0001,0.0032,0.0828,0.0215,0.0,0.0151,0.0,155.0,0.0,92.0,63.0,84.0,0.0,0.0,0.0,0.0,0.0,0.0,0.0,0.0,0.0,0.0,0.0,0.0,0.0,0.0,0.0,0.0,0.0,0.0,8.0,2.0,1.0
2744,23.011805700000068,0,8.1546,1.7657,2.1408,1.6959,0.1894,0.0028,0.0078,0.0002,0.0375,0.05,0.0019,0.0006,0.009,0.0001,0.0016,0.0014,0.0,0.0001,0.0076,0.0016,0.0004,0.0001,0.0032,0.0887,0.0204,0.0001,0.013,0.0,155.0,0.0,92.0,63.0,84.0,0.0,0.0,0.0,0.0,0.0,0.0,0.0,0.0,0.0,0.0,0.0,0.0,0.0,0.0,0.0,0.0,0.0,0.0,8.0,2.0,1.0
2745,23.01996030000007,0,8.2429,1.7804,2.0245,1.6871,0.1858,0.0028,0.0082,0.0001,0.0321,0.0457,0.0023,0.0007,0.0106,0.0001,0.0018,0.0017,0.0001,0.0006,0.0071,0.0013,0.0004,0.0001,0.003,0.0857,0.0232,0.0,0.013,0.0,155.0,0.0,92.0,63.0,84.0,0.0,0.0,0.0,0.0,0.0,0.0,0.0,0.0,0.0,0.0,0.0,0.0,0.0,0.0,0.0,0.0,0.0,0.0,8.0,2.0,1.0
2746,23.028203200000068,0,8.638,1.787,2.3434,1.7989,0.2085,0.003,0.008,0.0002,0.0433,0.0568,0.002,0.0012,0.0111,0.0001,0.0016,0.0014,0.0001,0.0001,0.008,0.0012,0.0005,0.0001,0.0035,0.0992,0.0192,0.0,0.0114,0.0,155.0,0.0,92.0,63.0,84.0,0.0,0.0,0.0,0.0,0.0,0.0,0.0,0.0,0.0,0.0,0.0,0.0,0.0,0.0,0.0,0.0,0.0,0.0,8.0,2.0,1.0
2747,23.03684120000007,0,8.0756,1.9361,2.1284,1.8818,0.1815,0.0028,0.0074,0.0001,0.0339,0.0463,0.0017,0.0006,0.0092,0.0001,0.0013,0.0014,0.0,0.0001,0.0078,0.0011,0.0005,0.0002,0.003,0.083,0.0184,0.0,0.013,0.0,155.0,0.0,92.0,63.0,84.0,0.0,0.0,0.0,0.0,0.0,0.0,0.0,0.0,0.0,0.0,0.0,0.0,0.0,0.0,0.0,0.0,0.0,0.0,8.0,2.0,1.0
2748,23.04491680000007,0,8.4951,1.7634,2.2439,1.7837,0.2046,0.0026,0.0072,0.0001,0.0481,0.0606,0.0024,0.0008,0.0125,0.0001,0.0014,0.0019,0.0001,0.0001,0.0089,0.0012,0.0005,0.0001,0.0038,0.1071,0.0205,0.0,0.0141,0.0,155.0,0.0,92.0,63.0,84.0,0.0,0.0,0.0,0.0,0.0,0.0,0.0,0.0,0.0,0.0,0.0,0.0,0.0,0.0,0.0,0.0,0.0,0.0,8.0,2.0,1.0
2749,23.05341190000007,0,8.1052,1.8898,2.0506,1.8664,0.1952,0.0031,0.008,0.0002,0.0324,0.0459,0.0025,0.0007,0.0108,0.0002,0.0019,0.0014,0.0001,0.0001,0.008,0.0014,0.0004,0.0,0.0037,0.0883,0.0234,0.0,0.0116,0.0,155.0,0.0,92.0,63.0,84.0,0.0,0.0,0.0,0.0,0.0,0.0,0.0,0.0,0.0,0.0,0.0,0.0,0.0,0.0,0.0,0.0,0.0,0.0,8.0,2.0,1.0
2750,23.06151710000007,0,8.396,1.8317,2.078,1.8365,0.197,0.0027,0.0084,0.0002,0.0458,0.0594,0.0019,0.0007,0.0088,0.0001,0.0018,0.0016,0.0001,0.0001,0.0076,0.0015,0.0005,0.0001,0.0031,0.0974,0.021,0.0,0.0136,0.0,155.0,0.0,92.0,63.0,84.0,0.0,0.0,0.0,0.0,0.0,0.0,0.0,0.0,0.0,0.0,0.0,0.0,0.0,0.0,0.0,0.0,0.0,0.0,8.0,2.0,1.0
2751,23.069913100000072,0,8.384,1.8454,2.1505,1.8301,0.1774,0.0026,0.0059,0.0001,0.0301,0.0411,0.0019,0.0005,0.0096,0.0001,0.0014,0.0016,0.0001,0.0001,0.0091,0.0012,0.0004,0.0001,0.0037,0.0818,0.0202,0.0001,0.0141,0.0,155.0,0.0,92.0,63.0,84.0,0.0,0.0,0.0,0.0,0.0,0.0,0.0,0.0,0.0,0.0,0.0,0.0,0.0,0.0,0.0,0.0,0.0,0.0,8.0,2.0,1.0
2752,23.07829710000007,0,8.4102,1.7832,2.2236,1.8931,0.1973,0.0029,0.0075,0.0002,0.0483,0.061,0.0018,0.0006,0.0091,0.0001,0.0014,0.0021,0.0001,0.0001,0.007,0.0011,0.0008,0.0,0.0031,0.0988,0.0209,0.0001,0.0135,0.0,155.0,0.0,92.0,63.0,84.0,0.0,0.0,0.0,0.0,0.0,0.0,0.0,0.0,0.0,0.0,0.0,0.0,0.0,0.0,0.0,0.0,0.0,0.0,8.0,2.0,1.0
2753,23.08670730000007,0,8.419,1.9472,2.2458,1.803,0.1677,0.003,0.0076,0.0002,0.0323,0.0449,0.0018,0.0006,0.0062,0.0002,0.001,0.0014,0.0,0.0001,0.0081,0.0012,0.0004,0.0001,0.0029,0.0787,0.017,0.0,0.0132,0.0,155.0,0.0,92.0,63.0,84.0,0.0,0.0,0.0,0.0,0.0,0.0,0.0,0.0,0.0,0.0,0.0,0.0,0.0,0.0,0.0,0.0,0.0,0.0,8.0,2.0,1.0
2754,23.09512630000007,0,8.2225,1.863,2.1746,1.7599,0.1914,0.0025,0.0077,0.0002,0.037,0.0494,0.0019,0.0005,0.0096,0.0002,0.0018,0.0014,0.0001,0.0001,0.0074,0.0015,0.0005,0.0001,0.003,0.0874,0.0226,0.0,0.0129,0.0,155.0,0.0,92.0,63.0,84.0,0.0,0.0,0.0,0.0,0.0,0.0,0.0,0.0,0.0,0.0,0.0,0.0,0.0,0.0,0.0,0.0,0.0,0.0,8.0,2.0,1.0
2755,23.10334880000007,0,8.1799,1.913,2.1369,1.8138,0.1902,0.0029,0.0079,0.0002,0.0383,0.0516,0.0023,0.0006,0.0088,0.0002,0.0012,0.0014,0.0001,0.0002,0.0076,0.0012,0.0005,0.0001,0.0031,0.0898,0.0238,0.0,0.0133,0.0,155.0,0.0,92.0,63.0,84.0,0.0,0.0,0.0,0.0,0.0,0.0,0.0,0.0,0.0,0.0,0.0,0.0,0.0,0.0,0.0,0.0,0.0,0.0,8.0,2.0,1.0
2756,23.11152870000007,0,8.3143,1.9388,1.9995,1.7503,0.2567,0.0029,0.0089,0.0001,0.0398,0.0538,0.0025,0.0006,0.0099,0.0001,0.0014,0.0019,0.0001,0.0001,0.0077,0.0018,0.0004,0.0002,0.0039,0.0948,0.0826,0.0,0.0122,0.0,155.0,0.0,92.0,63.0,84.0,0.0,0.0,0.0,0.0,0.0,0.0,0.0,0.0,0.0,0.0,0.0,0.0,0.0,0.0,0.0,0.0,0.0,0.0,8.0,2.0,1.0
2757,23.119843000000067,0,8.497,1.7736,2.1583,1.7196,0.2082,0.0029,0.0082,0.0003,0.0345,0.0479,0.0027,0.001,0.0128,0.0002,0.0013,0.0023,0.0,0.0002,0.0102,0.0018,0.001,0.0,0.0044,0.0996,0.0253,0.0001,0.0136,0.0,155.0,0.0,92.0,63.0,84.0,0.0,0.0,0.0,0.0,0.0,0.0,0.0,0.0,0.0,0.0,0.0,0.0,0.0,0.0,0.0,0.0,0.0,0.0,8.0,2.0,1.0
2758,23.128340000000065,0,8.2821,1.7255,2.0549,1.8697,0.1889,0.0028,0.008,0.0002,0.0398,0.0528,0.002,0.0012,0.0103,0.0002,0.0018,0.0014,0.0,0.0001,0.0078,0.0015,0.0004,0.0001,0.0031,0.0926,0.0187,0.0001,0.013,0.0,155.0,0.0,92.0,63.0,84.0,0.0,0.0,0.0,0.0,0.0,0.0,0.0,0.0,0.0,0.0,0.0,0.0,0.0,0.0,0.0,0.0,0.0,0.0,8.0,2.0,1.0
2759,23.136622100000064,0,8.4201,1.748,2.267,1.7373,0.2039,0.0027,0.0073,0.0002,0.0359,0.0484,0.0022,0.0012,0.0111,0.0007,0.0016,0.0023,0.0002,0.0001,0.0087,0.0014,0.0005,0.0001,0.0038,0.0954,0.0215,0.0,0.0123,0.0,155.0,0.0,92.0,63.0,84.0,0.0,0.0,0.0,0.0,0.0,0.0,0.0,0.0,0.0,0.0,0.0,0.0,0.0,0.0,0.0,0.0,0.0,0.0,8.0,2.0,1.0
2760,23.145042200000063,0,8.0667,1.9233,1.9808,1.838,0.1754,0.0028,0.0079,0.0002,0.0363,0.0491,0.0019,0.001,0.01,0.0002,0.0016,0.0012,0.0001,0.0001,0.007,0.0011,0.001,0.0,0.0029,0.0869,0.0175,0.0001,0.0133,0.0,155.0,0.0,92.0,63.0,84.0,0.0,0.0,0.0,0.0,0.0,0.0,0.0,0.0,0.0,0.0,0.0,0.0,0.0,0.0,0.0,0.0,0.0,0.0,8.0,2.0,1.0
2761,23.153108900000063,0,8.769,1.8386,2.329,1.8028,0.1836,0.0029,0.0086,0.0003,0.0291,0.0428,0.0024,0.0007,0.0093,0.0001,0.0015,0.0014,0.0002,0.0002,0.008,0.0012,0.0004,0.0,0.0031,0.0837,0.0198,0.0001,0.0137,0.0,155.0,0.0,92.0,63.0,84.0,0.0,0.0,0.0,0.0,0.0,0.0,0.0,0.0,0.0,0.0,0.0,0.0,0.0,0.0,0.0,0.0,0.0,0.0,8.0,2.0,1.0
2762,23.161877900000064,0,8.1057,1.8159,2.1929,1.8076,0.1981,0.0026,0.0068,0.0002,0.0431,0.0545,0.0023,0.0008,0.0103,0.0001,0.0015,0.0014,0.0,0.0001,0.008,0.0014,0.0003,0.0001,0.0041,0.0967,0.0214,0.0,0.0107,0.0,155.0,0.0,92.0,63.0,84.0,0.0,0.0,0.0,0.0,0.0,0.0,0.0,0.0,0.0,0.0,0.0,0.0,0.0,0.0,0.0,0.0,0.0,0.0,8.0,2.0,1.0
2763,23.169983600000066,0,8.3667,1.7499,2.0676,1.7203,0.1763,0.0032,0.0083,0.0003,0.0278,0.0421,0.0019,0.0008,0.01,0.0001,0.0014,0.0018,0.0001,0.0001,0.007,0.0011,0.0004,0.0001,0.0029,0.0812,0.017,0.0,0.0134,0.0,155.0,0.0,92.0,63.0,84.0,0.0,0.0,0.0,0.0,0.0,0.0,0.0,0.0,0.0,0.0,0.0,0.0,0.0,0.0,0.0,0.0,0.0,0.0,8.0,2.0,1.0
2764,23.178350300000066,0,8.0892,1.9074,2.0523,1.6695,0.1809,0.0027,0.0076,0.0001,0.0428,0.055,0.0019,0.0006,0.0088,0.0001,0.001,0.0013,0.0001,0.0001,0.0076,0.0011,0.0005,0.0001,0.0032,0.0909,0.0211,0.0,0.0125,0.0,155.0,0.0,92.0,63.0,84.0,0.0,0.0,0.0,0.0,0.0,0.0,0.0,0.0,0.0,0.0,0.0,0.0,0.0,0.0,0.0,0.0,0.0,0.0,8.0,2.0,1.0
2765,23.186439500000066,0,8.6103,1.8315,2.1364,1.751,0.1934,0.0026,0.0084,0.0001,0.0386,0.052,0.0024,0.0008,0.0123,0.0002,0.0017,0.0014,0.0001,0.0001,0.0082,0.0013,0.001,0.0001,0.0036,0.0965,0.0207,0.0001,0.0119,0.0,155.0,0.0,92.0,63.0,84.0,0.0,0.0,0.0,0.0,0.0,0.0,0.0,0.0,0.0,0.0,0.0,0.0,0.0,0.0,0.0,0.0,0.0,0.0,8.0,2.0,1.0
2766,23.195049800000067,0,8.0756,1.8692,2.0216,1.8011,0.1734,0.0025,0.0075,0.0002,0.0345,0.0466,0.0017,0.0005,0.0083,0.0002,0.0018,0.0012,0.0001,0.0002,0.0072,0.001,0.0004,0.0001,0.003,0.0828,0.0187,0.0,0.0141,0.0,155.0,0.0,92.0,63.0,84.0,0.0,0.0,0.0,0.0,0.0,0.0,0.0,0.0,0.0,0.0,0.0,0.0,0.0,0.0,0.0,0.0,0.0,0.0,8.0,2.0,1.0
2767,23.20312540000007,0,8.4115,1.8342,1.9947,1.8635,0.1905,0.0027,0.0086,0.0001,0.0365,0.0506,0.0023,0.0006,0.0104,0.0001,0.0018,0.0014,0.0001,0.0002,0.007,0.002,0.0005,0.0001,0.0032,0.09,0.0222,0.0,0.0125,0.0,155.0,0.0,92.0,63.0,84.0,0.0,0.0,0.0,0.0,0.0,0.0,0.0,0.0,0.0,0.0,0.0,0.0,0.0,0.0,0.0,0.0,0.0,0.0,8.0,2.0,1.0
2768,23.21153690000007,0,8.4596,1.8185,2.2341,1.9172,0.1876,0.0026,0.0079,0.0001,0.0383,0.051,0.0021,0.0008,0.0102,0.0002,0.0012,0.0017,0.0001,0.0001,0.0072,0.001,0.0009,0.0001,0.003,0.0894,0.0202,0.0,0.0134,0.0,155.0,0.0,92.0,63.0,84.0,0.0,0.0,0.0,0.0,0.0,0.0,0.0,0.0,0.0,0.0,0.0,0.0,0.0,0.0,0.0,0.0,0.0,0.0,8.0,2.0,1.0
2769,23.219996500000068,0,8.1774,1.9727,1.9374,1.7072,0.1756,0.0026,0.0071,0.0001,0.0317,0.0437,0.0017,0.0011,0.0094,0.0001,0.0016,0.0013,0.0,0.0001,0.0077,0.0014,0.0005,0.0001,0.0031,0.0814,0.0196,0.0,0.0127,0.0,155.0,0.0,92.0,63.0,84.0,0.0,0.0,0.0,0.0,0.0,0.0,0.0,0.0,0.0,0.0,0.0,0.0,0.0,0.0,0.0,0.0,0.0,0.0,8.0,2.0,1.0
2770,23.22817390000007,0,8.5153,1.8391,2.181,1.7521,0.1937,0.0034,0.0076,0.0002,0.0376,0.0513,0.0019,0.0009,0.01,0.0002,0.0016,0.0014,0.0,0.0001,0.0083,0.0012,0.0006,0.0001,0.0035,0.0913,0.0225,0.0,0.0131,0.0,155.0,0.0,92.0,63.0,84.0,0.0,0.0,0.0,0.0,0.0,0.0,0.0,0.0,0.0,0.0,0.0,0.0,0.0,0.0,0.0,0.0,0.0,0.0,8.0,2.0,1.0
2771,23.236689200000068,0,8.1,1.7985,2.0278,1.8146,0.1714,0.0024,0.0072,0.0002,0.0293,0.0417,0.0018,0.0007,0.007,0.0001,0.0012,0.0012,0.0,0.0002,0.008,0.0011,0.0004,0.0001,0.0029,0.0794,0.0183,0.0,0.0126,0.0,155.0,0.0,92.0,63.0,84.0,0.0,0.0,0.0,0.0,0.0,0.0,0.0,0.0,0.0,0.0,0.0,0.0,0.0,0.0,0.0,0.0,0.0,0.0,8.0,2.0,1.0
2772,23.244789200000067,0,8.4764,1.9413,2.0602,1.7097,0.2022,0.0044,0.0112,0.0003,0.0344,0.0526,0.0021,0.0006,0.0084,0.0004,0.0012,0.0013,0.0,0.0004,0.0071,0.0009,0.0004,0.0001,0.0029,0.0871,0.0178,0.0001,0.0129,0.0,155.0,0.0,92.0,63.0,84.0,0.0,0.0,0.0,0.0,0.0,0.0,0.0,0.0,0.0,0.0,0.0,0.0,0.0,0.0,0.0,0.0,0.0,0.0,8.0,2.0,1.0
2773,23.253265600000066,0,8.4759,1.9109,2.2715,1.8701,0.186,0.0026,0.0062,0.0002,0.0337,0.045,0.0023,0.0007,0.0118,0.0001,0.0014,0.0014,0.0001,0.0001,0.0076,0.0017,0.0005,0.0001,0.0033,0.0849,0.0216,0.0,0.0128,0.0,155.0,0.0,92.0,63.0,84.0,0.0,0.0,0.0,0.0,0.0,0.0,0.0,0.0,0.0,0.0,0.0,0.0,0.0,0.0,0.0,0.0,0.0,0.0,8.0,2.0,1.0
2774,23.261741500000067,0,8.3203,1.8758,2.1628,1.7884,0.1945,0.0028,0.0083,0.0002,0.0443,0.0576,0.002,0.0008,0.0089,0.0001,0.0015,0.0013,0.0001,0.0001,0.0075,0.0011,0.0005,0.0001,0.003,0.0937,0.0199,0.0,0.0123,0.0,155.0,0.0,92.0,63.0,84.0,0.0,0.0,0.0,0.0,0.0,0.0,0.0,0.0,0.0,0.0,0.0,0.0,0.0,0.0,0.0,0.0,0.0,0.0,8.0,2.0,1.0
2775,23.270061800000068,0,8.292,1.91,2.183,1.751,0.1951,0.0024,0.0056,0.0002,0.0364,0.0473,0.0024,0.0009,0.0109,0.0002,0.0016,0.002,0.0,0.0001,0.0084,0.0017,0.0006,0.0,0.0036,0.0907,0.0248,0.0,0.0122,0.0,155.0,0.0,92.0,63.0,84.0,0.0,0.0,0.0,0.0,0.0,0.0,0.0,0.0,0.0,0.0,0.0,0.0,0.0,0.0,0.0,0.0,0.0,0.0,8.0,2.0,1.0
2776,23.27835380000007,0,8.6912,1.9126,2.4966,1.7924,0.2229,0.0034,0.0088,0.0002,0.0488,0.064,0.0021,0.0009,0.0095,0.0002,0.0015,0.0021,0.0001,0.0001,0.0079,0.0019,0.0005,0.0001,0.0037,0.1054,0.0221,0.0,0.014,0.0,155.0,0.0,92.0,63.0,84.0,0.0,0.0,0.0,0.0,0.0,0.0,0.0,0.0,0.0,0.0,0.0,0.0,0.0,0.0,0.0,0.0,0.0,0.0,8.0,2.0,1.0
2777,23.28704500000007,0,8.1602,1.9517,2.4101,1.8959,0.2439,0.0033,0.0094,0.0001,0.0503,0.0667,0.0024,0.0008,0.0091,0.0002,0.0021,0.0018,0.0005,0.0001,0.0078,0.0013,0.0011,0.0001,0.0034,0.1086,0.0379,0.0,0.0131,0.0,155.0,0.0,92.0,63.0,84.0,0.0,0.0,0.0,0.0,0.0,0.0,0.0,0.0,0.0,0.0,0.0,0.0,0.0,0.0,0.0,0.0,0.0,0.0,8.0,2.0,1.0
2778,23.29520520000007,0,8.125,2.1098,2.2479,1.9511,0.2037,0.0027,0.0092,0.0002,0.043,0.0572,0.0023,0.0007,0.0096,0.0002,0.0017,0.0013,0.0001,0.0001,0.0081,0.0013,0.0005,0.0001,0.0033,0.0974,0.0224,0.0,0.0125,0.0,155.0,0.0,92.0,63.0,84.0,0.0,0.0,0.0,0.0,0.0,0.0,0.0,0.0,0.0,0.0,0.0,0.0,0.0,0.0,0.0,0.0,0.0,0.0,8.0,2.0,1.0
2779,23.30333020000007,0,8.4504,2.2154,2.2556,1.8786,0.1979,0.0034,0.0083,0.0001,0.0364,0.0512,0.002,0.0007,0.0098,0.0001,0.0018,0.0014,0.0001,0.0001,0.0084,0.0011,0.0005,0.0001,0.003,0.0923,0.0209,0.0,0.0122,0.0,155.0,0.0,92.0,63.0,84.0,0.0,0.0,0.0,0.0,0.0,0.0,0.0,0.0,0.0,0.0,0.0,0.0,0.0,0.0,0.0,0.0,0.0,0.0,8.0,2.0,1.0
2780,23.31178060000007,0,8.2859,1.8845,2.2029,1.9025,0.198,0.0028,0.0083,0.0002,0.0392,0.0527,0.0018,0.0009,0.0106,0.0001,0.0018,0.0015,0.0002,0.0001,0.0083,0.0013,0.0005,0.0002,0.0037,0.095,0.0231,0.0001,0.0121,0.0,155.0,0.0,92.0,63.0,84.0,0.0,0.0,0.0,0.0,0.0,0.0,0.0,0.0,0.0,0.0,0.0,0.0,0.0,0.0,0.0,0.0,0.0,0.0,8.0,2.0,1.0
2781,23.32006650000007,0,8.3521,2.0215,2.2816,1.8403,0.1967,0.0027,0.0089,0.0002,0.0355,0.0499,0.0025,0.0007,0.0103,0.0002,0.0017,0.0014,0.0001,0.0001,0.0079,0.0018,0.0005,0.0001,0.0032,0.0903,0.0204,0.0,0.0127,0.0,155.0,0.0,92.0,63.0,84.0,0.0,0.0,0.0,0.0,0.0,0.0,0.0,0.0,0.0,0.0,0.0,0.0,0.0,0.0,0.0,0.0,0.0,0.0,8.0,2.0,1.0
2782,23.32841860000007,0,8.3106,1.948,2.2519,2.0198,0.1955,0.0033,0.008,0.0002,0.0432,0.0573,0.002,0.001,0.0108,0.0002,0.0017,0.0013,0.0,0.0002,0.0085,0.0022,0.0004,0.0001,0.0031,0.0985,0.0179,0.0,0.0134,0.0,155.0,0.0,92.0,63.0,84.0,0.0,0.0,0.0,0.0,0.0,0.0,0.0,0.0,0.0,0.0,0.0,0.0,0.0,0.0,0.0,0.0,0.0,0.0,8.0,2.0,1.0
2783,23.33672920000007,0,8.6038,2.0235,2.4291,1.8741,0.1927,0.0025,0.0081,0.0002,0.0304,0.044,0.0025,0.0006,0.0098,0.0001,0.0014,0.0021,0.0001,0.0001,0.0078,0.0011,0.0004,0.0003,0.0031,0.0843,0.0213,0.0,0.0128,0.0,155.0,0.0,92.0,63.0,84.0,0.0,0.0,0.0,0.0,0.0,0.0,0.0,0.0,0.0,0.0,0.0,0.0,0.0,0.0,0.0,0.0,0.0,0.0,8.0,2.0,1.0
2784,23.34533300000007,0,8.0543,2.1311,2.305,1.8103,0.2398,0.0029,0.0078,0.0001,0.0562,0.0692,0.0029,0.0008,0.0128,0.0002,0.002,0.0018,0.0001,0.0002,0.0101,0.0021,0.0006,0.0002,0.0047,0.122,0.0225,0.0001,0.0139,0.0,155.0,0.0,92.0,63.0,84.0,0.0,0.0,0.0,0.0,0.0,0.0,0.0,0.0,0.0,0.0,0.0,0.0,0.0,0.0,0.0,0.0,0.0,0.0,8.0,2.0,1.0
2785,23.353387300000072,0,8.5017,1.9921,2.3048,1.9597,0.2056,0.0038,0.0085,0.0002,0.0386,0.0536,0.0024,0.0007,0.0102,0.0001,0.0015,0.0024,0.0001,0.0001,0.0084,0.0018,0.0005,0.0001,0.0035,0.0963,0.0227,0.0001,0.0129,0.0,155.0,0.0,92.0,63.0,84.0,0.0,0.0,0.0,0.0,0.0,0.0,0.0,0.0,0.0,0.0,0.0,0.0,0.0,0.0,0.0,0.0,0.0,0.0,8.0,2.0,1.0
2786,23.361889000000073,0,8.3247,2.1876,2.4202,1.8659,0.2645,0.003,0.0089,0.0002,0.0567,0.0722,0.0033,0.0013,0.0158,0.0002,0.0029,0.0018,0.0004,0.0001,0.0096,0.0014,0.0005,0.0004,0.0048,0.1332,0.0361,0.0,0.0119,0.0,155.0,0.0,92.0,63.0,84.0,0.0,0.0,0.0,0.0,0.0,0.0,0.0,0.0,0.0,0.0,0.0,0.0,0.0,0.0,0.0,0.0,0.0,0.0,8.0,2.0,1.0
2787,23.370213700000072,0,8.254,2.0325,2.3257,1.9321,0.2247,0.0037,0.0085,0.0002,0.0386,0.0538,0.0028,0.0011,0.013,0.0002,0.0017,0.0022,0.0001,0.0001,0.0096,0.0014,0.0005,0.0002,0.0041,0.1036,0.0275,0.0,0.0139,0.0,155.0,0.0,92.0,63.0,84.0,0.0,0.0,0.0,0.0,0.0,0.0,0.0,0.0,0.0,0.0,0.0,0.0,0.0,0.0,0.0,0.0,0.0,0.0,8.0,2.0,1.0
2788,23.378467700000073,0,8.3534,1.9437,2.371,1.8416,0.2077,0.0033,0.0091,0.0002,0.0429,0.0581,0.0021,0.0008,0.011,0.0007,0.0014,0.002,0.0001,0.0001,0.0078,0.0013,0.001,0.0001,0.0032,0.1006,0.0217,0.0001,0.012,0.0,155.0,0.0,92.0,63.0,84.0,0.0,0.0,0.0,0.0,0.0,0.0,0.0,0.0,0.0,0.0,0.0,0.0,0.0,0.0,0.0,0.0,0.0,0.0,8.0,2.0,1.0
2789,23.386821100000073,0,8.2747,2.0894,2.2785,1.8573,0.295,0.0033,0.0062,0.0001,0.0374,0.0498,0.0037,0.0008,0.0155,0.0002,0.0015,0.0023,0.0001,0.0002,0.0129,0.0013,0.0005,0.0002,0.0035,0.1036,0.1103,0.0,0.0123,0.0,155.0,0.0,92.0,63.0,84.0,0.0,0.0,0.0,0.0,0.0,0.0,0.0,0.0,0.0,0.0,0.0,0.0,0.0,0.0,0.0,0.0,0.0,0.0,8.0,2.0,1.0
2790,23.395095800000075,0,8.3241,2.2648,2.1734,1.8734,0.2046,0.003,0.0079,0.0001,0.0461,0.06,0.002,0.0007,0.0094,0.0002,0.0018,0.0014,0.0001,0.0002,0.0082,0.0012,0.0005,0.0001,0.0036,0.1005,0.0207,0.0001,0.0139,0.0,155.0,0.0,92.0,63.0,84.0,0.0,0.0,0.0,0.0,0.0,0.0,0.0,0.0,0.0,0.0,0.0,0.0,0.0,0.0,0.0,0.0,0.0,0.0,8.0,2.0,1.0
2791,23.403419900000074,0,8.4746,2.1383,2.4314,1.9035,0.2103,0.0036,0.0092,0.0003,0.042,0.0574,0.0021,0.0011,0.0114,0.0002,0.0018,0.0017,0.0001,0.0002,0.0077,0.0014,0.0004,0.0006,0.0032,0.1002,0.0235,0.0,0.0127,0.0,155.0,0.0,92.0,63.0,84.0,0.0,0.0,0.0,0.0,0.0,0.0,0.0,0.0,0.0,0.0,0.0,0.0,0.0,0.0,0.0,0.0,0.0,0.0,8.0,2.0,1.0
2792,23.411894500000074,0,8.2833,2.3498,2.3073,1.9624,0.1982,0.0027,0.0083,0.0002,0.0406,0.0542,0.0024,0.0007,0.01,0.0002,0.0014,0.002,0.0001,0.0001,0.0074,0.0013,0.0005,0.0001,0.0032,0.0942,0.0202,0.0001,0.0114,0.0,155.0,0.0,92.0,63.0,84.0,0.0,0.0,0.0,0.0,0.0,0.0,0.0,0.0,0.0,0.0,0.0,0.0,0.0,0.0,0.0,0.0,0.0,0.0,8.0,2.0,1.0
2793,23.420177800000072,0,8.1649,1.8509,2.2806,1.8252,0.1898,0.0027,0.0075,0.0002,0.0323,0.045,0.0019,0.0009,0.0108,0.0002,0.0019,0.0017,0.0,0.0001,0.0081,0.0012,0.0004,0.0005,0.0032,0.0872,0.0193,0.0,0.0129,0.0,155.0,0.0,92.0,63.0,84.0,0.0,0.0,0.0,0.0,0.0,0.0,0.0,0.0,0.0,0.0,0.0,0.0,0.0,0.0,0.0,0.0,0.0,0.0,8.0,2.0,1.0
2794,23.428342700000073,0,8.3805,1.9394,2.2467,1.8392,0.2077,0.0029,0.008,0.0002,0.046,0.0593,0.0029,0.0009,0.0126,0.0002,0.0016,0.0016,0.0001,0.0001,0.0083,0.0014,0.0009,0.0001,0.0037,0.106,0.0224,0.0,0.0124,0.0,155.0,0.0,92.0,63.0,84.0,0.0,0.0,0.0,0.0,0.0,0.0,0.0,0.0,0.0,0.0,0.0,0.0,0.0,0.0,0.0,0.0,0.0,0.0,8.0,2.0,1.0
2795,23.436723200000074,0,8.2629,1.8532,2.0874,1.8972,0.1894,0.0033,0.0083,0.0002,0.0285,0.043,0.002,0.0009,0.0107,0.0001,0.0018,0.0017,0.0001,0.0001,0.0086,0.0013,0.0004,0.0001,0.0031,0.0836,0.0225,0.0,0.0117,0.0,155.0,0.0,92.0,63.0,84.0,0.0,0.0,0.0,0.0,0.0,0.0,0.0,0.0,0.0,0.0,0.0,0.0,0.0,0.0,0.0,0.0,0.0,0.0,8.0,2.0,1.0
2796,23.444986100000072,0,8.5202,1.8063,2.3348,1.7371,0.2347,0.0027,0.0073,0.0002,0.0523,0.0649,0.0029,0.0008,0.0129,0.0001,0.002,0.0019,0.0001,0.0002,0.0133,0.0023,0.0008,0.0001,0.0045,0.1222,0.0256,0.0,0.0138,0.0,155.0,0.0,92.0,63.0,84.0,0.0,0.0,0.0,0.0,0.0,0.0,0.0,0.0,0.0,0.0,0.0,0.0,0.0,0.0,0.0,0.0,0.0,0.0,8.0,2.0,1.0
2797,23.453506300000072,0,8.0841,1.8791,2.1679,1.7406,0.2042,0.0028,0.0063,0.0002,0.0442,0.0555,0.0025,0.0013,0.0118,0.0001,0.0019,0.0016,0.0001,0.0001,0.0082,0.0013,0.0005,0.0002,0.0037,0.1006,0.0232,0.0,0.0139,0.0,155.0,0.0,92.0,63.0,84.0,0.0,0.0,0.0,0.0,0.0,0.0,0.0,0.0,0.0,0.0,0.0,0.0,0.0,0.0,0.0,0.0,0.0,0.0,8.0,2.0,1.0
2798,23.461590400000073,0,8.3317,2.0219,2.11,1.6955,0.2254,0.0025,0.0084,0.0001,0.0594,0.0726,0.0026,0.0007,0.0113,0.0002,0.0012,0.0022,0.0001,0.0002,0.0113,0.0018,0.0006,0.0001,0.0047,0.1231,0.023,0.0001,0.0123,0.0,155.0,0.0,92.0,63.0,84.0,0.0,0.0,0.0,0.0,0.0,0.0,0.0,0.0,0.0,0.0,0.0,0.0,0.0,0.0,0.0,0.0,0.0,0.0,8.0,2.0,1.0
2799,23.469922100000073,0,8.4226,1.8458,2.1374,1.7739,0.1826,0.0031,0.0071,0.0001,0.0336,0.0456,0.0018,0.0007,0.0085,0.0001,0.0015,0.0013,0.0001,0.0002,0.0084,0.0013,0.0005,0.0001,0.0029,0.0822,0.021,0.0,0.0127,0.0,155.0,0.0,92.0,63.0,84.0,0.0,0.0,0.0,0.0,0.0,0.0,0.0,0.0,0.0,0.0,0.0,0.0,0.0,0.0,0.0,0.0,0.0,0.0,8.0,2.0,1.0
2800,23.478344700000072,0,8.3862,2.0738,2.2503,1.8216,0.194,0.0026,0.0083,0.0002,0.0453,0.0587,0.0018,0.0007,0.0091,0.0001,0.0016,0.0015,0.0001,0.0001,0.0079,0.0011,0.0004,0.0,0.003,0.097,0.0196,0.0,0.0127,0.0,155.0,0.0,92.0,63.0,84.0,0.0,0.0,0.0,0.0,0.0,0.0,0.0,0.0,0.0,0.0,0.0,0.0,0.0,0.0,0.0,0.0,0.0,0.0,8.0,2.0,1.0
2801,23.486730900000072,0,8.3419,1.7897,2.2149,1.7841,0.185,0.0032,0.0089,0.0001,0.0347,0.0488,0.0018,0.0005,0.0091,0.0002,0.0011,0.0014,0.0001,0.0001,0.0082,0.0011,0.0004,0.0001,0.0031,0.0853,0.0232,0.0,0.014,0.0,155.0,0.0,92.0,63.0,84.0,0.0,0.0,0.0,0.0,0.0,0.0,0.0,0.0,0.0,0.0,0.0,0.0,0.0,0.0,0.0,0.0,0.0,0.0,8.0,2.0,1.0
2802,23.495072800000074,0,8.3363,1.7117,2.1751,1.7538,0.1898,0.0029,0.0075,0.0002,0.0408,0.0533,0.0019,0.0007,0.0085,0.0001,0.002,0.0014,0.0001,0.0001,0.0081,0.0013,0.0004,0.0,0.003,0.0911,0.0192,0.0,0.0132,0.0,155.0,0.0,92.0,63.0,84.0,0.0,0.0,0.0,0.0,0.0,0.0,0.0,0.0,0.0,0.0,0.0,0.0,0.0,0.0,0.0,0.0,0.0,0.0,8.0,2.0,1.0
2803,23.503409100000074,0,8.3063,1.8719,2.2991,1.7772,0.1759,0.0026,0.0079,0.0002,0.0285,0.0412,0.0019,0.0007,0.0097,0.0001,0.002,0.0015,0.0001,0.0006,0.008,0.0011,0.0004,0.0,0.0031,0.08,0.0208,0.0001,0.0132,0.0,155.0,0.0,92.0,63.0,84.0,0.0,0.0,0.0,0.0,0.0,0.0,0.0,0.0,0.0,0.0,0.0,0.0,0.0,0.0,0.0,0.0,0.0,0.0,8.0,2.0,1.0
2804,23.511715400000075,0,8.2673,1.7701,2.1687,1.7622,0.1889,0.0027,0.0074,0.0004,0.0398,0.0529,0.002,0.0007,0.0089,0.0007,0.0014,0.0015,0.0001,0.0003,0.0078,0.0011,0.0004,0.0,0.0031,0.0907,0.0204,0.0001,0.0122,0.0,155.0,0.0,92.0,63.0,84.0,0.0,0.0,0.0,0.0,0.0,0.0,0.0,0.0,0.0,0.0,0.0,0.0,0.0,0.0,0.0,0.0,0.0,0.0,8.0,2.0,1.0
2805,23.519982700000075,0,8.1592,1.8855,1.9414,1.7276,0.1737,0.0026,0.0072,0.0002,0.0299,0.0419,0.0026,0.0006,0.0091,0.0004,0.0011,0.0014,0.0001,0.0007,0.0075,0.001,0.0004,0.0001,0.0031,0.0792,0.0207,0.0001,0.0125,0.0,155.0,0.0,92.0,63.0,84.0,0.0,0.0,0.0,0.0,0.0,0.0,0.0,0.0,0.0,0.0,0.0,0.0,0.0,0.0,0.0,0.0,0.0,0.0,8.0,2.0,1.0
2806,23.528141900000076,0,8.6401,1.7939,2.2715,1.7663,0.2072,0.0014,0.0075,0.0002,0.0463,0.0579,0.003,0.0008,0.0109,0.0002,0.0013,0.0018,0.0001,0.0002,0.0074,0.0015,0.0004,0.0,0.0035,0.0988,0.0224,0.0,0.0139,0.0,155.0,0.0,92.0,63.0,84.0,0.0,0.0,0.0,0.0,0.0,0.0,0.0,0.0,0.0,0.0,0.0,0.0,0.0,0.0,0.0,0.0,0.0,0.0,8.0,2.0,1.0
2807,23.536782000000077,0,8.2856,1.8421,2.1963,1.8048,0.2076,0.0026,0.0073,0.0003,0.0349,0.0473,0.0027,0.0009,0.0134,0.0001,0.0021,0.0019,0.0001,0.0002,0.0097,0.0018,0.0007,0.0001,0.004,0.0989,0.0255,0.0,0.0135,0.0,155.0,0.0,92.0,63.0,84.0,0.0,0.0,0.0,0.0,0.0,0.0,0.0,0.0,0.0,0.0,0.0,0.0,0.0,0.0,0.0,0.0,0.0,0.0,8.0,2.0,1.0
2808,23.545067600000078,0,8.327,1.9505,2.2163,1.8477,0.2127,0.0029,0.0084,0.0003,0.0461,0.06,0.0024,0.0008,0.0107,0.0001,0.0013,0.0014,0.0001,0.0001,0.008,0.0012,0.0004,0.0001,0.003,0.1029,0.0237,0.0,0.0121,0.0,155.0,0.0,92.0,63.0,84.0,0.0,0.0,0.0,0.0,0.0,0.0,0.0,0.0,0.0,0.0,0.0,0.0,0.0,0.0,0.0,0.0,0.0,0.0,8.0,2.0,1.0
2809,23.55339460000008,0,8.5731,1.8781,2.477,1.8291,0.1793,0.003,0.0077,0.0002,0.0316,0.0443,0.0025,0.0007,0.0097,0.0002,0.0016,0.0022,0.0,0.0001,0.0071,0.0013,0.0005,0.0001,0.0031,0.0842,0.018,0.0,0.0124,0.0,155.0,0.0,92.0,63.0,84.0,0.0,0.0,0.0,0.0,0.0,0.0,0.0,0.0,0.0,0.0,0.0,0.0,0.0,0.0,0.0,0.0,0.0,0.0,8.0,2.0,1.0
2810,23.56196770000008,0,8.1046,2.1646,2.2716,1.8042,0.2128,0.0031,0.0099,0.0001,0.0373,0.0529,0.003,0.0008,0.0118,0.0001,0.0015,0.002,0.0001,0.0001,0.0083,0.0018,0.0005,0.0001,0.0039,0.1019,0.0213,0.0001,0.0129,0.0,155.0,0.0,92.0,63.0,84.0,0.0,0.0,0.0,0.0,0.0,0.0,0.0,0.0,0.0,0.0,0.0,0.0,0.0,0.0,0.0,0.0,0.0,0.0,8.0,2.0,1.0
2811,23.570072300000078,0,8.1863,1.7576,2.0491,2.0581,0.1854,0.0029,0.0071,0.0001,0.0346,0.0468,0.0026,0.0007,0.01,0.0001,0.0013,0.002,0.0001,0.0002,0.0074,0.0011,0.0005,0.0001,0.0031,0.0844,0.0203,0.0,0.0122,0.0,155.0,0.0,92.0,63.0,84.0,0.0,0.0,0.0,0.0,0.0,0.0,0.0,0.0,0.0,0.0,0.0,0.0,0.0,0.0,0.0,0.0,0.0,0.0,8.0,2.0,1.0
2812,23.578258600000076,0,8.4475,1.8301,2.2245,1.7561,0.2959,0.0034,0.0087,0.0001,0.0416,0.0558,0.0023,0.0008,0.0107,0.0001,0.0013,0.0013,0.0001,0.0001,0.008,0.0013,0.0004,0.0001,0.0038,0.0988,0.0192,0.0,0.0135,0.0,155.0,0.0,92.0,63.0,84.0,0.0,0.0,0.0,0.0,0.0,0.0,0.0,0.0,0.0,0.0,0.0,0.0,0.0,0.0,0.0,0.0,0.0,0.0,8.0,2.0,1.0
2813,23.586706100000075,0,8.3229,1.728,2.1647,1.7322,0.196,0.0028,0.007,0.0002,0.0358,0.0484,0.0022,0.0005,0.0084,0.0002,0.0012,0.0013,0.0001,0.0001,0.008,0.0011,0.0004,0.0001,0.003,0.0879,0.024,0.0,0.0206,0.0,155.0,0.0,92.0,63.0,84.0,0.0,0.0,0.0,0.0,0.0,0.0,0.0,0.0,0.0,0.0,0.0,0.0,0.0,0.0,0.0,0.0,0.0,0.0,8.0,2.0,1.0
2814,23.595029000000075,0,8.3298,1.9476,2.2512,1.7546,0.1874,0.0029,0.0081,0.0001,0.0379,0.0517,0.002,0.0006,0.0093,0.0002,0.0018,0.0012,0.0001,0.0001,0.0075,0.0015,0.0004,0.0001,0.0032,0.0898,0.0209,0.0,0.0135,0.0,155.0,0.0,92.0,63.0,84.0,0.0,0.0,0.0,0.0,0.0,0.0,0.0,0.0,0.0,0.0,0.0,0.0,0.0,0.0,0.0,0.0,0.0,0.0,8.0,2.0,1.0
2815,23.603358800000073,0,8.1869,1.887,1.9649,1.8701,0.1808,0.0028,0.0079,0.0002,0.0326,0.0456,0.0017,0.0007,0.0094,0.0001,0.0018,0.0013,0.0,0.0005,0.007,0.0012,0.0004,0.0001,0.0031,0.0824,0.0195,0.0001,0.0134,0.0,155.0,0.0,92.0,63.0,84.0,0.0,0.0,0.0,0.0,0.0,0.0,0.0,0.0,0.0,0.0,0.0,0.0,0.0,0.0,0.0,0.0,0.0,0.0,8.0,2.0,1.0
2816,23.61154570000007,0,8.3794,1.7609,2.1379,1.8463,0.2625,0.0037,0.0092,0.0002,0.0558,0.0715,0.0035,0.0013,0.0171,0.0002,0.0029,0.0019,0.0001,0.0001,0.0093,0.0019,0.0006,0.0001,0.0073,0.1357,0.0357,0.0,0.0128,0.0,155.0,0.0,92.0,63.0,84.0,0.0,0.0,0.0,0.0,0.0,0.0,0.0,0.0,0.0,0.0,0.0,0.0,0.0,0.0,0.0,0.0,0.0,0.0,8.0,2.0,1.0
2817,23.61992510000007,0,8.5132,1.7587,2.1887,1.74,0.1888,0.003,0.0081,0.0002,0.0343,0.0481,0.0022,0.0007,0.0095,0.0001,0.0013,0.0016,0.0002,0.0002,0.0075,0.0012,0.0005,0.0001,0.0033,0.0872,0.022,0.0,0.0127,0.0,155.0,0.0,92.0,63.0,84.0,0.0,0.0,0.0,0.0,0.0,0.0,0.0,0.0,0.0,0.0,0.0,0.0,0.0,0.0,0.0,0.0,0.0,0.0,8.0,2.0,1.0
2818,23.62843830000007,0,8.4073,2.3494,2.3879,1.9413,0.1953,0.0029,0.0078,0.0002,0.0449,0.0577,0.002,0.0006,0.0095,0.0002,0.002,0.0015,0.0,0.0001,0.0074,0.0015,0.0004,0.0001,0.0032,0.097,0.0199,0.0,0.0135,0.0,155.0,0.0,92.0,63.0,84.0,0.0,0.0,0.0,0.0,0.0,0.0,0.0,0.0,0.0,0.0,0.0,0.0,0.0,0.0,0.0,0.0,0.0,0.0,8.0,2.0,1.0
2819,23.63684560000007,0,8.0689,1.8872,2.089,1.8094,0.2014,0.0043,0.0086,0.0003,0.0314,0.0471,0.0023,0.0007,0.011,0.0001,0.0014,0.0016,0.0,0.0001,0.0089,0.0013,0.0005,0.0,0.0038,0.09,0.0233,0.0,0.0135,0.0,155.0,0.0,92.0,63.0,84.0,0.0,0.0,0.0,0.0,0.0,0.0,0.0,0.0,0.0,0.0,0.0,0.0,0.0,0.0,0.0,0.0,0.0,0.0,8.0,2.0,1.0
2820,23.64491450000007,0,8.3632,1.9166,2.138,1.7755,0.1809,0.0025,0.0074,0.0002,0.0393,0.0512,0.0019,0.0007,0.0092,0.0001,0.0013,0.0017,0.0,0.0001,0.0083,0.0012,0.0008,0.0,0.0031,0.0887,0.0187,0.0,0.0128,0.0,155.0,0.0,92.0,63.0,84.0,0.0,0.0,0.0,0.0,0.0,0.0,0.0,0.0,0.0,0.0,0.0,0.0,0.0,0.0,0.0,0.0,0.0,0.0,8.0,2.0,1.0
2821,23.65327770000007,0,8.4436,1.86,2.2017,1.8979,0.1915,0.0031,0.0084,0.0003,0.0297,0.0435,0.0023,0.0007,0.0096,0.0002,0.0014,0.0022,0.0,0.0001,0.0083,0.0016,0.0004,0.0001,0.0039,0.0868,0.0225,0.0,0.0971,0.0,155.0,0.0,92.0,63.0,84.0,0.0,0.0,0.0,0.0,0.0,0.0,0.0,0.0,0.0,0.0,0.0,0.0,0.0,0.0,0.0,0.0,0.0,0.0,8.0,2.0,1.0
2822,23.66172130000007,0,8.2248,1.7944,2.1197,1.8717,0.201,0.003,0.0072,0.0003,0.0425,0.0549,0.002,0.0007,0.0099,0.0001,0.0019,0.0014,0.0001,0.0002,0.0089,0.0012,0.0005,0.0,0.0032,0.0967,0.0213,0.0,0.0117,0.0,155.0,0.0,92.0,63.0,84.0,0.0,0.0,0.0,0.0,0.0,0.0,0.0,0.0,0.0,0.0,0.0,0.0,0.0,0.0,0.0,0.0,0.0,0.0,8.0,2.0,1.0
2823,23.66994610000007,0,8.181,1.8005,1.9615,1.7213,0.2066,0.0031,0.0094,0.0003,0.0376,0.053,0.0023,0.0008,0.0104,0.0001,0.0013,0.0018,0.0001,0.0001,0.0084,0.0014,0.0008,0.0,0.0038,0.0967,0.0224,0.0,0.0117,0.0,155.0,0.0,92.0,63.0,84.0,0.0,0.0,0.0,0.0,0.0,0.0,0.0,0.0,0.0,0.0,0.0,0.0,0.0,0.0,0.0,0.0,0.0,0.0,8.0,2.0,1.0
2824,23.678127100000072,0,8.3408,1.8483,2.0081,1.6708,0.1989,0.0023,0.0059,0.0002,0.053,0.0638,0.0023,0.0008,0.0108,0.0001,0.0015,0.0016,0.0,0.0001,0.0081,0.0013,0.0005,0.0001,0.0036,0.1064,0.0208,0.0,0.0142,0.0,155.0,0.0,92.0,63.0,84.0,0.0,0.0,0.0,0.0,0.0,0.0,0.0,0.0,0.0,0.0,0.0,0.0,0.0,0.0,0.0,0.0,0.0,0.0,8.0,2.0,1.0
2825,23.68646790000007,0,8.7008,1.9667,2.3189,1.7563,0.176,0.0026,0.0077,0.0002,0.0274,0.0397,0.0024,0.0006,0.0088,0.0002,0.0015,0.0013,0.0,0.0001,0.0082,0.0012,0.0004,0.0,0.0033,0.0783,0.0218,0.0001,0.0137,0.0,155.0,0.0,92.0,63.0,84.0,0.0,0.0,0.0,0.0,0.0,0.0,0.0,0.0,0.0,0.0,0.0,0.0,0.0,0.0,0.0,0.0,0.0,0.0,8.0,2.0,1.0
2826,23.69516870000007,0,8.1531,2.2639,2.1344,1.7624,0.1898,0.0028,0.0065,0.0002,0.0468,0.0581,0.0019,0.0006,0.009,0.0,0.0014,0.0016,0.0001,0.0001,0.0075,0.0011,0.0004,0.0001,0.0033,0.0947,0.02,0.0001,0.0131,0.0,155.0,0.0,92.0,63.0,84.0,0.0,0.0,0.0,0.0,0.0,0.0,0.0,0.0,0.0,0.0,0.0,0.0,0.0,0.0,0.0,0.0,0.0,0.0,8.0,2.0,1.0
2827,23.703321800000072,0,8.2002,1.8761,2.0425,1.8844,0.1846,0.0032,0.009,0.0003,0.027,0.0414,0.0022,0.0006,0.0107,0.0002,0.002,0.0013,0.0,0.0001,0.0083,0.0015,0.0005,0.0001,0.0037,0.0835,0.0197,0.0001,0.0114,0.0,155.0,0.0,92.0,63.0,84.0,0.0,0.0,0.0,0.0,0.0,0.0,0.0,0.0,0.0,0.0,0.0,0.0,0.0,0.0,0.0,0.0,0.0,0.0,8.0,2.0,1.0
2828,23.711522000000073,0,8.4942,1.92,2.0758,1.7169,0.1861,0.0026,0.0077,0.0007,0.0406,0.0538,0.0018,0.0005,0.0102,0.0001,0.0011,0.0016,0.0001,0.0001,0.0077,0.0015,0.0004,0.0001,0.0031,0.0924,0.0212,0.0,0.0126,0.0,155.0,0.0,92.0,63.0,84.0,0.0,0.0,0.0,0.0,0.0,0.0,0.0,0.0,0.0,0.0,0.0,0.0,0.0,0.0,0.0,0.0,0.0,0.0,8.0,2.0,1.0
2829,23.720016200000074,0,8.3261,1.8215,2.2067,1.7494,0.1796,0.0028,0.0074,0.0003,0.0306,0.0431,0.0024,0.0006,0.009,0.0002,0.0013,0.0015,0.0,0.0001,0.0075,0.0014,0.0004,0.0001,0.0033,0.0801,0.0233,0.0,0.0137,0.0,155.0,0.0,92.0,63.0,84.0,0.0,0.0,0.0,0.0,0.0,0.0,0.0,0.0,0.0,0.0,0.0,0.0,0.0,0.0,0.0,0.0,0.0,0.0,8.0,2.0,1.0
2830,23.728342300000076,0,8.4239,1.7943,2.241,1.7171,0.1971,0.0029,0.0086,0.0003,0.0356,0.0494,0.0021,0.0008,0.0099,0.0001,0.0017,0.0016,0.0,0.0001,0.0091,0.0013,0.0004,0.0001,0.0036,0.0928,0.0222,0.0001,0.0123,0.0,155.0,0.0,92.0,63.0,84.0,0.0,0.0,0.0,0.0,0.0,0.0,0.0,0.0,0.0,0.0,0.0,0.0,0.0,0.0,0.0,0.0,0.0,0.0,8.0,2.0,1.0
2831,23.736766200000076,0,8.2034,1.8185,2.1167,1.7907,0.182,0.0028,0.0074,0.0001,0.0318,0.0452,0.0022,0.0005,0.0087,0.0002,0.0014,0.0014,0.0001,0.0002,0.0078,0.0011,0.0004,0.0,0.003,0.082,0.0233,0.0,0.0126,0.0,155.0,0.0,92.0,63.0,84.0,0.0,0.0,0.0,0.0,0.0,0.0,0.0,0.0,0.0,0.0,0.0,0.0,0.0,0.0,0.0,0.0,0.0,0.0,8.0,2.0,1.0
2832,23.744969600000076,0,8.3221,1.8606,2.1518,1.746,0.1968,0.0037,0.0083,0.0002,0.0402,0.0551,0.0021,0.0013,0.0108,0.0001,0.0017,0.0013,0.0,0.0002,0.0077,0.0015,0.0005,0.0,0.0032,0.095,0.021,0.0001,0.0124,0.0,155.0,0.0,92.0,63.0,84.0,0.0,0.0,0.0,0.0,0.0,0.0,0.0,0.0,0.0,0.0,0.0,0.0,0.0,0.0,0.0,0.0,0.0,0.0,8.0,2.0,1.0
2833,23.753291700000077,0,8.2483,1.8117,2.0038,1.7425,0.1903,0.0028,0.009,0.0002,0.0362,0.0504,0.002,0.0006,0.0103,0.0001,0.0018,0.0014,0.0001,0.0001,0.0076,0.0016,0.0005,0.0,0.003,0.0893,0.0208,0.0,0.0132,0.0,155.0,0.0,92.0,63.0,84.0,0.0,0.0,0.0,0.0,0.0,0.0,0.0,0.0,0.0,0.0,0.0,0.0,0.0,0.0,0.0,0.0,0.0,0.0,8.0,2.0,1.0
2834,23.76154000000008,0,8.8513,1.7719,2.4324,1.7006,0.1961,0.0028,0.0079,0.0002,0.0442,0.0572,0.0019,0.001,0.0098,0.0002,0.0013,0.0019,0.0001,0.0001,0.0079,0.0016,0.0004,0.0001,0.0031,0.0967,0.0197,0.0001,0.0139,0.0,155.0,0.0,92.0,63.0,84.0,0.0,0.0,0.0,0.0,0.0,0.0,0.0,0.0,0.0,0.0,0.0,0.0,0.0,0.0,0.0,0.0,0.0,0.0,8.0,2.0,1.0
2835,23.770391300000078,0,7.9267,1.8728,2.1363,1.8219,0.1935,0.0029,0.0083,0.0003,0.0341,0.0482,0.0022,0.0007,0.0098,0.0001,0.0013,0.0014,0.0001,0.0002,0.008,0.0012,0.0005,0.0004,0.0032,0.0874,0.0256,0.0,0.0126,0.0,155.0,0.0,92.0,63.0,84.0,0.0,0.0,0.0,0.0,0.0,0.0,0.0,0.0,0.0,0.0,0.0,0.0,0.0,0.0,0.0,0.0,0.0,0.0,8.0,2.0,1.0
2836,23.778318000000077,0,8.4305,1.8597,2.3453,1.933,0.1893,0.0026,0.0081,0.0002,0.0389,0.0518,0.002,0.0007,0.01,0.0001,0.0011,0.0017,0.0,0.0001,0.0076,0.0012,0.0009,0.0001,0.0031,0.0903,0.022,0.0,0.0137,0.0,155.0,0.0,92.0,63.0,84.0,0.0,0.0,0.0,0.0,0.0,0.0,0.0,0.0,0.0,0.0,0.0,0.0,0.0,0.0,0.0,0.0,0.0,0.0,8.0,2.0,1.0
2837,23.786748500000076,0,8.3473,2.3751,2.1868,1.8858,0.1776,0.0026,0.0091,0.0002,0.0303,0.0441,0.0019,0.0007,0.0094,0.0002,0.0012,0.0018,0.0001,0.0001,0.0082,0.0017,0.0004,0.0,0.0031,0.0831,0.0185,0.0001,0.0117,0.0,155.0,0.0,92.0,63.0,84.0,0.0,0.0,0.0,0.0,0.0,0.0,0.0,0.0,0.0,0.0,0.0,0.0,0.0,0.0,0.0,0.0,0.0,0.0,8.0,2.0,1.0
2838,23.795095800000077,0,8.2099,1.9526,2.1372,1.7783,0.1882,0.0028,0.0079,0.0002,0.0433,0.056,0.002,0.0007,0.0097,0.0001,0.0014,0.0014,0.0,0.0001,0.008,0.001,0.0004,0.0001,0.0032,0.0946,0.0204,0.0,0.0135,0.0,155.0,0.0,92.0,63.0,84.0,0.0,0.0,0.0,0.0,0.0,0.0,0.0,0.0,0.0,0.0,0.0,0.0,0.0,0.0,0.0,0.0,0.0,0.0,8.0,2.0,1.0
2839,23.803305700000077,0,8.2557,1.8808,2.1105,1.829,0.1841,0.0029,0.0073,0.0001,0.0318,0.0441,0.002,0.0006,0.0101,0.0001,0.0013,0.0019,0.0,0.0001,0.008,0.0015,0.0005,0.0,0.0036,0.0847,0.022,0.0,0.0105,0.0,155.0,0.0,92.0,63.0,84.0,0.0,0.0,0.0,0.0,0.0,0.0,0.0,0.0,0.0,0.0,0.0,0.0,0.0,0.0,0.0,0.0,0.0,0.0,8.0,2.0,1.0
2840,23.811561400000077,0,8.3665,2.14,2.0972,1.8442,0.207,0.0036,0.0075,0.0001,0.04,0.0529,0.0019,0.0006,0.0092,0.0001,0.0012,0.0015,0.0,0.0001,0.0078,0.0011,0.0004,0.0001,0.003,0.0942,0.0189,0.0,0.0118,0.0,155.0,0.0,92.0,63.0,84.0,0.0,0.0,0.0,0.0,0.0,0.0,0.0,0.0,0.0,0.0,0.0,0.0,0.0,0.0,0.0,0.0,0.0,0.0,8.0,2.0,1.0
2841,23.819927900000078,0,8.6721,1.9749,2.3969,1.7368,0.1786,0.0027,0.0082,0.0002,0.0304,0.0434,0.0024,0.0007,0.0093,0.0002,0.0014,0.0022,0.0,0.0001,0.0079,0.001,0.0007,0.0001,0.0029,0.0822,0.0215,0.0001,0.013,0.0,155.0,0.0,92.0,63.0,84.0,0.0,0.0,0.0,0.0,0.0,0.0,0.0,0.0,0.0,0.0,0.0,0.0,0.0,0.0,0.0,0.0,0.0,0.0,8.0,2.0,1.0
2842,23.828600000000076,0,7.9775,1.9286,2.109,1.7987,0.187,0.0027,0.0076,0.0002,0.0384,0.0503,0.0022,0.0007,0.0104,0.0001,0.0013,0.0017,0.0,0.0001,0.0077,0.0016,0.0004,0.0,0.003,0.0893,0.0218,0.0,0.0121,0.0,155.0,0.0,92.0,63.0,84.0,0.0,0.0,0.0,0.0,0.0,0.0,0.0,0.0,0.0,0.0,0.0,0.0,0.0,0.0,0.0,0.0,0.0,0.0,8.0,2.0,1.0
2843,23.836577500000075,0,8.4598,1.9466,2.1925,1.8769,0.2179,0.0025,0.0061,0.0002,0.0779,0.0888,0.002,0.0009,0.0098,0.0001,0.0011,0.0013,0.0001,0.0001,0.0083,0.0017,0.0009,0.0,0.0031,0.1289,0.0185,0.0,0.0115,0.0,155.0,0.0,92.0,63.0,84.0,0.0,0.0,0.0,0.0,0.0,0.0,0.0,0.0,0.0,0.0,0.0,0.0,0.0,0.0,0.0,0.0,0.0,0.0,8.0,2.0,1.0
2844,23.845037300000076,0,8.3897,2.0432,2.1944,1.8434,0.2023,0.0026,0.0062,0.0001,0.051,0.0625,0.0026,0.0007,0.0102,0.0001,0.0018,0.0013,0.0001,0.0001,0.0084,0.0013,0.0005,0.0001,0.0038,0.1048,0.0211,0.0,0.0134,0.0,155.0,0.0,92.0,63.0,84.0,0.0,0.0,0.0,0.0,0.0,0.0,0.0,0.0,0.0,0.0,0.0,0.0,0.0,0.0,0.0,0.0,0.0,0.0,8.0,2.0,1.0
2845,23.853427000000075,0,8.2158,2.0738,2.1939,1.7451,0.1849,0.0027,0.008,0.0002,0.034,0.0468,0.0022,0.0007,0.0096,0.0006,0.0014,0.0016,0.0,0.0001,0.0081,0.0012,0.0004,0.0001,0.0035,0.0875,0.0194,0.0,0.0127,0.0,155.0,0.0,92.0,63.0,84.0,0.0,0.0,0.0,0.0,0.0,0.0,0.0,0.0,0.0,0.0,0.0,0.0,0.0,0.0,0.0,0.0,0.0,0.0,8.0,2.0,1.0
2846,23.861642800000073,0,8.4389,1.8549,2.1945,1.7898,0.1907,0.0028,0.0081,0.0001,0.0391,0.0522,0.002,0.0006,0.0098,0.0001,0.0017,0.0014,0.0001,0.0001,0.008,0.0015,0.0004,0.0001,0.0031,0.0914,0.0176,0.0,0.0131,0.0,155.0,0.0,92.0,63.0,84.0,0.0,0.0,0.0,0.0,0.0,0.0,0.0,0.0,0.0,0.0,0.0,0.0,0.0,0.0,0.0,0.0,0.0,0.0,8.0,2.0,1.0
2847,23.870081700000075,0,8.3847,1.9025,2.2644,1.7988,0.1786,0.0029,0.0083,0.0002,0.0298,0.0431,0.0018,0.0007,0.0091,0.0001,0.0012,0.0019,0.0001,0.0001,0.0074,0.0011,0.0008,0.0,0.0031,0.0802,0.0199,0.0001,0.0129,0.0,155.0,0.0,92.0,63.0,84.0,0.0,0.0,0.0,0.0,0.0,0.0,0.0,0.0,0.0,0.0,0.0,0.0,0.0,0.0,0.0,0.0,0.0,0.0,8.0,2.0,1.0
2848,23.878466400000075,0,8.1853,1.9679,2.2527,1.8049,0.1823,0.0026,0.0077,0.0002,0.0356,0.0478,0.0019,0.0006,0.0099,0.0001,0.0011,0.0016,0.0,0.0002,0.0078,0.0011,0.0005,0.0,0.0029,0.0861,0.0219,0.0,0.012,0.0,155.0,0.0,92.0,63.0,84.0,0.0,0.0,0.0,0.0,0.0,0.0,0.0,0.0,0.0,0.0,0.0,0.0,0.0,0.0,0.0,0.0,0.0,0.0,8.0,2.0,1.0
2849,23.886651700000076,0,8.3564,2.0262,2.0756,1.8354,0.1877,0.0029,0.007,0.0002,0.0339,0.0461,0.002,0.0013,0.0111,0.0002,0.002,0.0015,0.0001,0.0006,0.007,0.0015,0.0004,0.0001,0.0034,0.0857,0.0238,0.0,0.0122,0.0,155.0,0.0,92.0,63.0,84.0,0.0,0.0,0.0,0.0,0.0,0.0,0.0,0.0,0.0,0.0,0.0,0.0,0.0,0.0,0.0,0.0,0.0,0.0,8.0,2.0,1.0
2850,23.895008100000076,0,8.5723,1.8774,2.394,1.7477,0.2095,0.0031,0.0092,0.0002,0.0429,0.0577,0.0025,0.0007,0.0104,0.0001,0.0018,0.0016,0.0001,0.0002,0.008,0.0012,0.0004,0.0001,0.0032,0.0996,0.0238,0.0,0.0428,0.0,155.0,0.0,92.0,63.0,84.0,0.0,0.0,0.0,0.0,0.0,0.0,0.0,0.0,0.0,0.0,0.0,0.0,0.0,0.0,0.0,0.0,0.0,0.0,8.0,2.0,1.0
2851,23.903580400000077,0,7.9519,2.0748,2.1089,1.9047,0.1738,0.0025,0.0082,0.0002,0.0289,0.0417,0.0017,0.0006,0.0084,0.0002,0.0018,0.0014,0.0,0.0001,0.0075,0.0016,0.0005,0.0,0.0032,0.0778,0.0231,0.0001,0.0115,0.0,155.0,0.0,92.0,63.0,84.0,0.0,0.0,0.0,0.0,0.0,0.0,0.0,0.0,0.0,0.0,0.0,0.0,0.0,0.0,0.0,0.0,0.0,0.0,8.0,2.0,1.0
2852,23.911532300000076,0,8.4388,2.0714,2.1512,1.8405,0.275,0.0035,0.0076,0.0004,0.0599,0.0736,0.0035,0.0015,0.0187,0.0003,0.0024,0.0022,0.0001,0.0001,0.0096,0.0018,0.0006,0.0001,0.0071,0.1396,0.0366,0.0,0.0127,0.0,155.0,0.0,92.0,63.0,84.0,0.0,0.0,0.0,0.0,0.0,0.0,0.0,0.0,0.0,0.0,0.0,0.0,0.0,0.0,0.0,0.0,0.0,0.0,8.0,2.0,1.0
2853,23.919971100000076,0,8.636,1.9286,2.4412,1.8283,0.189,0.0031,0.0082,0.0002,0.0317,0.0451,0.002,0.0012,0.0107,0.0001,0.0019,0.0016,0.0002,0.0001,0.0084,0.0012,0.0005,0.0001,0.0032,0.0861,0.02,0.0,0.0139,0.0,155.0,0.0,92.0,63.0,84.0,0.0,0.0,0.0,0.0,0.0,0.0,0.0,0.0,0.0,0.0,0.0,0.0,0.0,0.0,0.0,0.0,0.0,0.0,8.0,2.0,1.0
2854,23.928607100000075,0,8.4121,2.0485,2.4455,2.012,0.2313,0.0043,0.0098,0.0003,0.0453,0.0626,0.0022,0.0011,0.0116,0.0001,0.0015,0.0021,0.0001,0.0001,0.0089,0.0012,0.0005,0.0002,0.0033,0.1086,0.0265,0.0001,0.0134,0.0,155.0,0.0,92.0,63.0,84.0,0.0,0.0,0.0,0.0,0.0,0.0,0.0,0.0,0.0,0.0,0.0,0.0,0.0,0.0,0.0,0.0,0.0,0.0,8.0,2.0,1.0
2855,23.937019200000076,0,8.622,2.3017,2.8236,2.0648,0.2066,0.0039,0.01,0.0002,0.0273,0.0442,0.0023,0.0008,0.0108,0.0002,0.0014,0.0022,0.0001,0.0001,0.0083,0.0018,0.0005,0.0002,0.0041,0.0881,0.0229,0.0,0.0137,0.0,155.0,0.0,92.0,63.0,84.0,0.0,0.0,0.0,0.0,0.0,0.0,0.0,0.0,0.0,0.0,0.0,0.0,0.0,0.0,0.0,0.0,0.0,0.0,8.0,2.0,1.0
2856,23.945641200000075,0,8.0591,2.1244,2.495,1.9288,0.2142,0.0031,0.009,0.0002,0.0412,0.0559,0.0022,0.0009,0.0108,0.0001,0.0016,0.002,0.0,0.0001,0.0083,0.0016,0.0005,0.0,0.004,0.1,0.0215,0.0001,0.0134,0.0,155.0,0.0,92.0,63.0,84.0,0.0,0.0,0.0,0.0,0.0,0.0,0.0,0.0,0.0,0.0,0.0,0.0,0.0,0.0,0.0,0.0,0.0,0.0,8.0,2.0,1.0
2857,23.953700300000076,0,8.1501,2.2531,2.2582,1.8355,0.2005,0.0028,0.0084,0.0003,0.0363,0.0504,0.0019,0.0008,0.0101,0.0001,0.0015,0.0017,0.0001,0.0001,0.0088,0.002,0.0008,0.0,0.0032,0.0929,0.0225,0.0,0.0113,0.0,155.0,0.0,92.0,63.0,84.0,0.0,0.0,0.0,0.0,0.0,0.0,0.0,0.0,0.0,0.0,0.0,0.0,0.0,0.0,0.0,0.0,0.0,0.0,8.0,2.0,1.0
2858,23.961850400000078,0,8.5271,2.0369,2.4365,1.8438,0.2124,0.0035,0.0087,0.0001,0.0422,0.0575,0.0022,0.0008,0.0109,0.0002,0.002,0.0016,0.0002,0.0001,0.0082,0.0013,0.0005,0.0004,0.0034,0.1003,0.0216,0.0001,0.0143,0.0,155.0,0.0,92.0,63.0,84.0,0.0,0.0,0.0,0.0,0.0,0.0,0.0,0.0,0.0,0.0,0.0,0.0,0.0,0.0,0.0,0.0,0.0,0.0,8.0,2.0,1.0
2859,23.970377500000076,0,8.0352,2.0441,2.2505,1.8791,0.1811,0.0027,0.0082,0.0002,0.0323,0.0458,0.0018,0.0006,0.0093,0.0002,0.0013,0.0021,0.0001,0.0002,0.0076,0.0011,0.001,0.0001,0.0032,0.0846,0.0206,0.0,0.0111,0.0,155.0,0.0,92.0,63.0,84.0,0.0,0.0,0.0,0.0,0.0,0.0,0.0,0.0,0.0,0.0,0.0,0.0,0.0,0.0,0.0,0.0,0.0,0.0,8.0,2.0,1.0
2860,23.978412700000074,0,8.3989,2.0298,2.1813,1.9399,0.198,0.0029,0.0081,0.0002,0.0453,0.0586,0.0022,0.0008,0.0092,0.0001,0.0012,0.0015,0.0005,0.0002,0.0081,0.0011,0.0005,0.0001,0.003,0.0981,0.0213,0.0001,0.0137,0.0,155.0,0.0,92.0,63.0,84.0,0.0,0.0,0.0,0.0,0.0,0.0,0.0,0.0,0.0,0.0,0.0,0.0,0.0,0.0,0.0,0.0,0.0,0.0,8.0,2.0,1.0
2861,23.986811600000074,0,8.3888,2.078,2.2544,1.8179,0.1876,0.0017,0.0066,0.0002,0.0371,0.0474,0.0018,0.0005,0.0097,0.0001,0.0012,0.0019,0.0001,0.0001,0.0082,0.0015,0.0004,0.0002,0.003,0.0861,0.021,0.0,0.0128,0.0,155.0,0.0,92.0,63.0,84.0,0.0,0.0,0.0,0.0,0.0,0.0,0.0,0.0,0.0,0.0,0.0,0.0,0.0,0.0,0.0,0.0,0.0,0.0,8.0,2.0,1.0
2862,23.995200400000073,0,8.3667,2.0792,2.3119,1.797,0.2063,0.0032,0.0064,0.0003,0.0476,0.0602,0.0026,0.0008,0.0111,0.0001,0.0015,0.0016,0.0006,0.0001,0.008,0.0013,0.0004,0.0001,0.0037,0.104,0.0222,0.0,0.0124,0.0,155.0,0.0,92.0,63.0,84.0,0.0,0.0,0.0,0.0,0.0,0.0,0.0,0.0,0.0,0.0,0.0,0.0,0.0,0.0,0.0,0.0,0.0,0.0,8.0,2.0,1.0
2863,24.003567100000073,0,8.3315,1.8765,2.285,2.0753,0.1857,0.0025,0.0078,0.0002,0.0345,0.047,0.0022,0.0006,0.0094,0.0006,0.0012,0.0014,0.0001,0.0001,0.0081,0.0011,0.0004,0.0005,0.0033,0.0865,0.02,0.0,0.0128,0.0,155.0,0.0,92.0,63.0,84.0,0.0,0.0,0.0,0.0,0.0,0.0,0.0,0.0,0.0,0.0,0.0,0.0,0.0,0.0,0.0,0.0,0.0,0.0,8.0,2.0,1.0
2864,24.011898600000073,0,8.3677,1.9366,2.3232,1.8627,0.1904,0.0025,0.0077,0.0002,0.0363,0.0498,0.0023,0.0007,0.0105,0.0001,0.0017,0.0016,0.0001,0.0001,0.0081,0.0012,0.0005,0.0001,0.0031,0.0905,0.0212,0.0,0.0139,0.0,155.0,0.0,92.0,63.0,84.0,0.0,0.0,0.0,0.0,0.0,0.0,0.0,0.0,0.0,0.0,0.0,0.0,0.0,0.0,0.0,0.0,0.0,0.0,8.0,2.0,1.0
2865,24.020266300000074,0,8.2957,1.8757,2.142,1.7275,0.2131,0.004,0.0092,0.0003,0.0409,0.0581,0.002,0.0007,0.0102,0.0002,0.0025,0.0017,0.0,0.0002,0.0093,0.002,0.0004,0.0001,0.0031,0.1024,0.0261,0.0001,0.0131,0.0,155.0,0.0,92.0,63.0,84.0,0.0,0.0,0.0,0.0,0.0,0.0,0.0,0.0,0.0,0.0,0.0,0.0,0.0,0.0,0.0,0.0,0.0,0.0,8.0,2.0,1.0
2866,24.028562000000075,0,8.7027,2.0281,2.8017,1.8321,0.2051,0.0031,0.0074,0.0001,0.0434,0.0562,0.0019,0.0008,0.0103,0.0005,0.0015,0.0016,0.0005,0.0001,0.008,0.0012,0.0004,0.0001,0.0031,0.0978,0.0196,0.0001,0.0134,0.0,155.0,0.0,92.0,63.0,84.0,0.0,0.0,0.0,0.0,0.0,0.0,0.0,0.0,0.0,0.0,0.0,0.0,0.0,0.0,0.0,0.0,0.0,0.0,8.0,2.0,1.0
2867,24.037264700000076,0,7.9539,2.0143,2.3822,1.8113,0.1865,0.0029,0.0075,0.0002,0.0314,0.0439,0.0019,0.0006,0.0105,0.0001,0.002,0.0015,0.0001,0.0002,0.0081,0.0015,0.0004,0.0001,0.0031,0.0849,0.0193,0.0,0.0964,0.0,155.0,0.0,92.0,63.0,84.0,0.0,0.0,0.0,0.0,0.0,0.0,0.0,0.0,0.0,0.0,0.0,0.0,0.0,0.0,0.0,0.0,0.0,0.0,8.0,2.0,1.0
2868,24.045218600000076,0,8.4639,1.9782,2.2498,1.8542,0.1896,0.0027,0.0076,0.0002,0.0387,0.0511,0.0024,0.0008,0.0101,0.0001,0.0014,0.0018,0.0,0.0001,0.0079,0.0012,0.001,0.0,0.0032,0.0901,0.0207,0.0,0.0129,0.0,155.0,0.0,92.0,63.0,84.0,0.0,0.0,0.0,0.0,0.0,0.0,0.0,0.0,0.0,0.0,0.0,0.0,0.0,0.0,0.0,0.0,0.0,0.0,8.0,2.0,1.0
2869,24.053682500000075,0,8.1493,1.8901,2.4073,1.7777,0.1988,0.0031,0.009,0.0002,0.0322,0.0467,0.0025,0.0008,0.0102,0.0001,0.0017,0.0023,0.0001,0.0002,0.0083,0.0015,0.0004,0.0001,0.0033,0.0898,0.0243,0.0,0.0128,0.0,155.0,0.0,92.0,63.0,84.0,0.0,0.0,0.0,0.0,0.0,0.0,0.0,0.0,0.0,0.0,0.0,0.0,0.0,0.0,0.0,0.0,0.0,0.0,8.0,2.0,1.0
2870,24.061831800000075,0,8.2037,2.1288,2.1242,1.8871,0.1825,0.0027,0.0074,0.0001,0.0384,0.0518,0.0024,0.0006,0.009,0.0002,0.0014,0.0014,0.0001,0.0002,0.0077,0.0011,0.0005,0.0,0.0031,0.0883,0.0192,0.0,0.013,0.0,155.0,0.0,92.0,63.0,84.0,0.0,0.0,0.0,0.0,0.0,0.0,0.0,0.0,0.0,0.0,0.0,0.0,0.0,0.0,0.0,0.0,0.0,0.0,8.0,2.0,1.0
2871,24.070035500000074,0,8.5917,2.0488,2.3192,1.7939,0.2047,0.0031,0.0094,0.0002,0.0297,0.045,0.0021,0.0009,0.0113,0.0001,0.0016,0.0021,0.0001,0.0001,0.0079,0.0018,0.0005,0.0001,0.0042,0.0907,0.0216,0.0,0.0128,0.0,155.0,0.0,92.0,63.0,84.0,0.0,0.0,0.0,0.0,0.0,0.0,0.0,0.0,0.0,0.0,0.0,0.0,0.0,0.0,0.0,0.0,0.0,0.0,8.0,2.0,1.0
2872,24.078627200000074,0,8.06,2.1291,2.1168,1.8513,0.1899,0.0031,0.0058,0.0002,0.0461,0.057,0.0025,0.0007,0.0088,0.0002,0.0014,0.0014,0.0001,0.0001,0.0073,0.0012,0.0004,0.0001,0.0031,0.0941,0.0219,0.0,0.0118,0.0,155.0,0.0,92.0,63.0,84.0,0.0,0.0,0.0,0.0,0.0,0.0,0.0,0.0,0.0,0.0,0.0,0.0,0.0,0.0,0.0,0.0,0.0,0.0,8.0,2.0,1.0
2873,24.086687200000075,0,8.4587,2.0736,2.1787,1.7429,0.1952,0.0029,0.0079,0.0002,0.0326,0.0466,0.0024,0.0007,0.0114,0.0002,0.0015,0.0022,0.0001,0.0001,0.0074,0.0011,0.0005,0.0001,0.0032,0.0924,0.0222,0.0,0.0128,0.0,155.0,0.0,92.0,63.0,84.0,0.0,0.0,0.0,0.0,0.0,0.0,0.0,0.0,0.0,0.0,0.0,0.0,0.0,0.0,0.0,0.0,0.0,0.0,8.0,2.0,1.0
2874,24.095145900000073,0,8.1815,2.0258,2.1265,1.7242,0.1831,0.003,0.0089,0.0002,0.0301,0.0445,0.002,0.0007,0.0094,0.0001,0.0012,0.0014,0.0001,0.0003,0.0081,0.0012,0.0005,0.0001,0.0035,0.0825,0.0212,0.0001,0.0122,0.0,155.0,0.0,92.0,63.0,84.0,0.0,0.0,0.0,0.0,0.0,0.0,0.0,0.0,0.0,0.0,0.0,0.0,0.0,0.0,0.0,0.0,0.0,0.0,8.0,2.0,1.0
2875,24.103327400000072,0,8.4971,1.9774,2.1847,1.9432,0.1776,0.0026,0.0064,0.0002,0.0322,0.0438,0.0018,0.0005,0.0087,0.0001,0.0012,0.0019,0.0001,0.0001,0.0079,0.0016,0.0004,0.0,0.0032,0.0806,0.0198,0.0,0.0122,0.0,155.0,0.0,92.0,63.0,84.0,0.0,0.0,0.0,0.0,0.0,0.0,0.0,0.0,0.0,0.0,0.0,0.0,0.0,0.0,0.0,0.0,0.0,0.0,8.0,2.0,1.0
2876,24.111824500000072,0,8.4373,1.9178,2.351,1.7705,0.2621,0.0024,0.0923,0.0002,0.0295,0.1261,0.0025,0.0006,0.0101,0.0001,0.0013,0.0019,0.0001,0.0002,0.0078,0.0011,0.0009,0.0001,0.003,0.165,0.0226,0.0,0.0136,0.0,155.0,0.0,92.0,63.0,84.0,0.0,0.0,0.0,0.0,0.0,0.0,0.0,0.0,0.0,0.0,0.0,0.0,0.0,0.0,0.0,0.0,0.0,0.0,8.0,2.0,1.0
2877,24.120261800000073,0,8.193,1.8314,2.1572,1.8567,0.195,0.0026,0.0077,0.0002,0.0323,0.0451,0.0019,0.0012,0.0097,0.0002,0.0018,0.0013,0.0001,0.0001,0.008,0.0016,0.0005,0.0001,0.0033,0.0844,0.0298,0.0,0.0141,0.0,155.0,0.0,92.0,63.0,84.0,0.0,0.0,0.0,0.0,0.0,0.0,0.0,0.0,0.0,0.0,0.0,0.0,0.0,0.0,0.0,0.0,0.0,0.0,8.0,2.0,1.0
2878,24.12845480000007,0,8.3104,1.9686,2.2448,1.7792,0.1883,0.0029,0.0078,0.0002,0.0438,0.0565,0.0019,0.0006,0.0101,0.0001,0.0012,0.0021,0.0001,0.0001,0.0074,0.0012,0.0008,0.0,0.0032,0.0949,0.0202,0.0001,0.0124,0.0,155.0,0.0,92.0,63.0,84.0,0.0,0.0,0.0,0.0,0.0,0.0,0.0,0.0,0.0,0.0,0.0,0.0,0.0,0.0,0.0,0.0,0.0,0.0,8.0,2.0,1.0
2879,24.13676520000007,0,8.4237,2.0856,2.1786,2.0504,0.1838,0.003,0.0069,0.0002,0.0324,0.0449,0.002,0.0008,0.0101,0.0002,0.0012,0.0016,0.0,0.0001,0.0077,0.0011,0.0005,0.0,0.0032,0.0836,0.0212,0.0,0.0127,0.0,155.0,0.0,92.0,63.0,84.0,0.0,0.0,0.0,0.0,0.0,0.0,0.0,0.0,0.0,0.0,0.0,0.0,0.0,0.0,0.0,0.0,0.0,0.0,8.0,2.0,1.0
2880,24.145188900000072,0,8.1197,2.1421,2.1335,1.7953,0.1994,0.0026,0.0089,0.0001,0.0468,0.0606,0.0017,0.0007,0.0094,0.0002,0.0014,0.0017,0.0001,0.0001,0.0073,0.0011,0.0009,0.0,0.003,0.0988,0.023,0.0,0.0132,0.0,155.0,0.0,92.0,63.0,84.0,0.0,0.0,0.0,0.0,0.0,0.0,0.0,0.0,0.0,0.0,0.0,0.0,0.0,0.0,0.0,0.0,0.0,0.0,8.0,2.0,1.0
2881,24.153308600000074,0,8.5547,1.9799,2.2034,1.8196,0.1838,0.0034,0.0082,0.0002,0.032,0.0462,0.0021,0.0006,0.0088,0.0002,0.0013,0.0012,0.0006,0.0002,0.0077,0.0012,0.0005,0.0,0.0032,0.0838,0.0201,0.0,0.014,0.0,155.0,0.0,92.0,63.0,84.0,0.0,0.0,0.0,0.0,0.0,0.0,0.0,0.0,0.0,0.0,0.0,0.0,0.0,0.0,0.0,0.0,0.0,0.0,8.0,2.0,1.0
2882,24.161863300000075,0,8.4931,1.8633,2.4254,1.9057,0.212,0.0032,0.0095,0.0003,0.0471,0.0628,0.0025,0.0007,0.0105,0.0002,0.0013,0.0019,0.0001,0.0001,0.0083,0.0016,0.0004,0.0001,0.0039,0.1057,0.0238,0.0,0.0147,0.0,155.0,0.0,92.0,63.0,84.0,0.0,0.0,0.0,0.0,0.0,0.0,0.0,0.0,0.0,0.0,0.0,0.0,0.0,0.0,0.0,0.0,0.0,0.0,8.0,2.0,1.0
2883,24.170356400000074,0,7.9331,1.9444,2.1039,1.829,0.1762,0.003,0.0076,0.0003,0.0307,0.0433,0.0019,0.0007,0.0088,0.0001,0.0017,0.0012,0.0,0.0001,0.0075,0.0015,0.0004,0.0001,0.0031,0.08,0.0198,0.0001,0.0123,0.0,155.0,0.0,92.0,63.0,84.0,0.0,0.0,0.0,0.0,0.0,0.0,0.0,0.0,0.0,0.0,0.0,0.0,0.0,0.0,0.0,0.0,0.0,0.0,8.0,2.0,1.0
2884,24.178289500000073,0,8.4053,2.2357,2.0553,1.7201,0.2038,0.0027,0.007,0.0002,0.048,0.0602,0.0024,0.0008,0.008,0.0001,0.0014,0.0018,0.0001,0.0001,0.0076,0.0013,0.0009,0.0002,0.0038,0.1016,0.023,0.0001,0.0127,0.0,155.0,0.0,92.0,63.0,84.0,0.0,0.0,0.0,0.0,0.0,0.0,0.0,0.0,0.0,0.0,0.0,0.0,0.0,0.0,0.0,0.0,0.0,0.0,8.0,2.0,1.0
2885,24.186694800000073,0,8.2927,2.0146,2.0241,1.7513,0.1757,0.0028,0.0078,0.0001,0.0317,0.0452,0.0018,0.0006,0.0074,0.0001,0.0013,0.0014,0.0001,0.0001,0.0078,0.0014,0.0004,0.0,0.0031,0.081,0.0214,0.0,0.0125,0.0,155.0,0.0,92.0,63.0,84.0,0.0,0.0,0.0,0.0,0.0,0.0,0.0,0.0,0.0,0.0,0.0,0.0,0.0,0.0,0.0,0.0,0.0,0.0,8.0,2.0,1.0
2886,24.19498750000007,0,8.4121,1.9544,2.1276,1.7908,0.2143,0.0026,0.0093,0.0002,0.0495,0.0639,0.0027,0.0008,0.012,0.0001,0.0014,0.0015,0.0001,0.0002,0.0079,0.0012,0.0005,0.0,0.0037,0.108,0.0255,0.0001,0.0121,0.0,155.0,0.0,92.0,63.0,84.0,0.0,0.0,0.0,0.0,0.0,0.0,0.0,0.0,0.0,0.0,0.0,0.0,0.0,0.0,0.0,0.0,0.0,0.0,8.0,2.0,1.0
2887,24.203399600000072,0,8.2577,1.9207,2.0835,1.8114,0.1813,0.0027,0.0061,0.0002,0.0306,0.0419,0.002,0.0008,0.0108,0.0001,0.002,0.0013,0.0,0.0001,0.0078,0.0017,0.0004,0.0001,0.003,0.0825,0.0201,0.0,0.0145,0.0,155.0,0.0,92.0,63.0,84.0,0.0,0.0,0.0,0.0,0.0,0.0,0.0,0.0,0.0,0.0,0.0,0.0,0.0,0.0,0.0,0.0,0.0,0.0,8.0,2.0,1.0
2888,24.211657300000073,0,8.5591,2.2581,2.2542,1.7581,0.2015,0.0031,0.0061,0.0002,0.0435,0.0547,0.0024,0.0011,0.0111,0.0001,0.0019,0.0016,0.0001,0.0001,0.009,0.0014,0.0006,0.0001,0.004,0.1,0.0215,0.0001,0.0127,0.0,155.0,0.0,92.0,63.0,84.0,0.0,0.0,0.0,0.0,0.0,0.0,0.0,0.0,0.0,0.0,0.0,0.0,0.0,0.0,0.0,0.0,0.0,0.0,8.0,2.0,1.0
2889,24.220216400000073,0,8.4864,1.8958,2.46,1.7826,0.1805,0.003,0.0066,0.0002,0.0299,0.0417,0.0023,0.0007,0.0097,0.0002,0.0014,0.002,0.0001,0.0001,0.0072,0.0012,0.0004,0.0,0.0033,0.0811,0.0198,0.0,0.012,0.0,155.0,0.0,92.0,63.0,84.0,0.0,0.0,0.0,0.0,0.0,0.0,0.0,0.0,0.0,0.0,0.0,0.0,0.0,0.0,0.0,0.0,0.0,0.0,8.0,2.0,1.0
2890,24.22870280000007,0,8.0914,1.9013,2.1088,1.8569,0.1994,0.0031,0.0061,0.0002,0.0492,0.0607,0.0019,0.0007,0.0103,0.0002,0.0012,0.002,0.0001,0.0001,0.0074,0.0018,0.0004,0.0001,0.0032,0.0995,0.0235,0.0,0.0131,0.0,155.0,0.0,92.0,63.0,84.0,0.0,0.0,0.0,0.0,0.0,0.0,0.0,0.0,0.0,0.0,0.0,0.0,0.0,0.0,0.0,0.0,0.0,0.0,8.0,2.0,1.0
2891,24.236794200000073,0,8.2385,1.9996,2.1711,1.8633,0.2274,0.0026,0.0074,0.0001,0.074,0.0862,0.002,0.0007,0.009,0.0002,0.0019,0.0021,0.0002,0.0001,0.0084,0.0013,0.0008,0.0001,0.0031,0.1263,0.0225,0.0001,0.0135,0.0,155.0,0.0,92.0,63.0,84.0,0.0,0.0,0.0,0.0,0.0,0.0,0.0,0.0,0.0,0.0,0.0,0.0,0.0,0.0,0.0,0.0,0.0,0.0,8.0,2.0,1.0
2892,24.245032700000074,0,8.3975,1.9023,2.1477,1.7826,0.1851,0.0029,0.008,0.0002,0.0404,0.0533,0.0018,0.0005,0.0098,0.0001,0.0015,0.0013,0.0,0.0001,0.0073,0.0011,0.0004,0.0,0.003,0.0913,0.0191,0.0,0.0129,0.0,155.0,0.0,92.0,63.0,84.0,0.0,0.0,0.0,0.0,0.0,0.0,0.0,0.0,0.0,0.0,0.0,0.0,0.0,0.0,0.0,0.0,0.0,0.0,8.0,2.0,1.0
2893,24.253430200000075,0,8.47,1.9001,2.2026,1.7596,0.1718,0.0029,0.0078,0.0002,0.0278,0.0404,0.0023,0.0006,0.0089,0.0006,0.0013,0.0014,0.0004,0.0001,0.0074,0.0011,0.0004,0.0,0.0031,0.0773,0.0194,0.0001,0.0143,0.0,155.0,0.0,92.0,63.0,84.0,0.0,0.0,0.0,0.0,0.0,0.0,0.0,0.0,0.0,0.0,0.0,0.0,0.0,0.0,0.0,0.0,0.0,0.0,8.0,2.0,1.0
2894,24.261900200000074,0,8.1814,1.9571,2.1975,1.9412,0.2003,0.0039,0.0082,0.0003,0.0398,0.0546,0.0021,0.0007,0.0103,0.0001,0.0013,0.0019,0.0,0.0001,0.0071,0.0011,0.0005,0.0,0.0031,0.0934,0.0247,0.0,0.0118,0.0,155.0,0.0,92.0,63.0,84.0,0.0,0.0,0.0,0.0,0.0,0.0,0.0,0.0,0.0,0.0,0.0,0.0,0.0,0.0,0.0,0.0,0.0,0.0,8.0,2.0,1.0
2895,24.270081600000076,0,8.2102,1.9869,1.9841,1.7809,0.1851,0.0025,0.0077,0.0002,0.0346,0.0467,0.0021,0.0006,0.0088,0.0002,0.0011,0.0014,0.0,0.0001,0.0074,0.0013,0.0004,0.0001,0.0032,0.0819,0.0304,0.0,0.0133,0.0,155.0,0.0,92.0,63.0,84.0,0.0,0.0,0.0,0.0,0.0,0.0,0.0,0.0,0.0,0.0,0.0,0.0,0.0,0.0,0.0,0.0,0.0,0.0,8.0,2.0,1.0
2896,24.278291800000076,0,8.4069,1.8468,2.1882,1.7139,0.1982,0.0034,0.0091,0.0002,0.0394,0.0543,0.002,0.0009,0.0106,0.0006,0.0012,0.0015,0.0001,0.0002,0.0071,0.0014,0.0005,0.0001,0.0036,0.0953,0.0211,0.0001,0.0134,0.0,155.0,0.0,92.0,63.0,84.0,0.0,0.0,0.0,0.0,0.0,0.0,0.0,0.0,0.0,0.0,0.0,0.0,0.0,0.0,0.0,0.0,0.0,0.0,8.0,2.0,1.0
2897,24.286698700000077,0,8.345,1.9321,2.0127,1.7657,0.1918,0.0029,0.0091,0.0002,0.0319,0.0464,0.0018,0.0008,0.0106,0.0001,0.0013,0.0018,0.0001,0.0001,0.0092,0.0014,0.0005,0.0001,0.0032,0.0895,0.0214,0.0001,0.0124,0.0,155.0,0.0,92.0,63.0,84.0,0.0,0.0,0.0,0.0,0.0,0.0,0.0,0.0,0.0,0.0,0.0,0.0,0.0,0.0,0.0,0.0,0.0,0.0,8.0,2.0,1.0
2898,24.295043700000075,0,8.3295,2.0582,2.1421,1.8804,0.2086,0.0036,0.0066,0.0001,0.0459,0.0585,0.0021,0.0008,0.011,0.0001,0.0016,0.0017,0.0002,0.0001,0.009,0.0015,0.0004,0.0001,0.0037,0.1035,0.0219,0.0001,0.0116,0.0,155.0,0.0,92.0,63.0,84.0,0.0,0.0,0.0,0.0,0.0,0.0,0.0,0.0,0.0,0.0,0.0,0.0,0.0,0.0,0.0,0.0,0.0,0.0,8.0,2.0,1.0
2899,24.303373200000074,0,8.2355,2.3424,2.0128,1.8398,0.1893,0.0027,0.006,0.0002,0.0407,0.0515,0.0031,0.0008,0.0117,0.0002,0.0014,0.0016,0.0001,0.0002,0.0076,0.0011,0.0004,0.0001,0.003,0.0912,0.0199,0.0,0.0121,0.0,155.0,0.0,92.0,63.0,84.0,0.0,0.0,0.0,0.0,0.0,0.0,0.0,0.0,0.0,0.0,0.0,0.0,0.0,0.0,0.0,0.0,0.0,0.0,8.0,2.0,1.0
2900,24.311608700000075,0,8.4285,1.8352,1.9014,1.7448,0.2027,0.0042,0.009,0.0003,0.0381,0.0541,0.0021,0.0008,0.0099,0.0001,0.0017,0.0014,0.0,0.0002,0.0082,0.0012,0.0004,0.0001,0.0035,0.0981,0.0233,0.0,0.0134,0.0,155.0,0.0,92.0,63.0,84.0,0.0,0.0,0.0,0.0,0.0,0.0,0.0,0.0,0.0,0.0,0.0,0.0,0.0,0.0,0.0,0.0,0.0,0.0,8.0,2.0,1.0
2901,24.320037200000076,0,8.3184,1.8113,2.125,1.7258,0.1831,0.0026,0.0074,0.0002,0.0327,0.0451,0.0025,0.0007,0.0107,0.0002,0.0014,0.0016,0.0001,0.0002,0.008,0.0011,0.0004,0.0001,0.0035,0.086,0.0206,0.0,0.0125,0.0,155.0,0.0,92.0,63.0,84.0,0.0,0.0,0.0,0.0,0.0,0.0,0.0,0.0,0.0,0.0,0.0,0.0,0.0,0.0,0.0,0.0,0.0,0.0,8.0,2.0,1.0
2902,24.328355600000076,0,8.4989,1.7959,2.2792,1.7622,0.2754,0.0031,0.0082,0.0002,0.0595,0.0735,0.0034,0.0014,0.0201,0.0003,0.0033,0.0023,0.0002,0.0005,0.0097,0.0019,0.0006,0.0002,0.0076,0.1435,0.0386,0.0,0.0136,0.0,155.0,0.0,92.0,63.0,84.0,0.0,0.0,0.0,0.0,0.0,0.0,0.0,0.0,0.0,0.0,0.0,0.0,0.0,0.0,0.0,0.0,0.0,0.0,8.0,2.0,1.0
2903,24.336854500000076,0,8.2328,1.8416,2.1634,1.7327,0.1876,0.0027,0.0075,0.0009,0.033,0.0466,0.0022,0.0007,0.01,0.0001,0.0019,0.0017,0.0001,0.0003,0.0086,0.0013,0.0004,0.0002,0.0033,0.0871,0.0207,0.0,0.0127,0.0,155.0,0.0,92.0,63.0,84.0,0.0,0.0,0.0,0.0,0.0,0.0,0.0,0.0,0.0,0.0,0.0,0.0,0.0,0.0,0.0,0.0,0.0,0.0,8.0,2.0,1.0
2904,24.345087300000074,0,8.2773,1.7934,2.1322,1.783,0.205,0.0045,0.0085,0.0002,0.0376,0.0529,0.0022,0.0008,0.0109,0.0001,0.0014,0.0013,0.0001,0.0004,0.0085,0.0013,0.0005,0.0001,0.0037,0.0969,0.0249,0.0001,0.0129,0.0,155.0,0.0,92.0,63.0,84.0,0.0,0.0,0.0,0.0,0.0,0.0,0.0,0.0,0.0,0.0,0.0,0.0,0.0,0.0,0.0,0.0,0.0,0.0,8.0,2.0,1.0
2905,24.353364600000074,0,8.5658,2.3512,2.288,1.7675,0.1829,0.0034,0.0091,0.0002,0.0301,0.0447,0.0019,0.0007,0.0088,0.0001,0.0019,0.0014,0.0,0.0001,0.0075,0.0017,0.0004,0.0001,0.0032,0.0823,0.0217,0.0001,0.0125,0.0,155.0,0.0,92.0,63.0,84.0,0.0,0.0,0.0,0.0,0.0,0.0,0.0,0.0,0.0,0.0,0.0,0.0,0.0,0.0,0.0,0.0,0.0,0.0,8.0,2.0,1.0
2906,24.361930400000073,0,8.2581,1.9122,2.1544,1.8713,0.183,0.0026,0.0077,0.0002,0.0389,0.0511,0.0017,0.0007,0.0087,0.0001,0.0015,0.0014,0.0001,0.0001,0.0076,0.0014,0.0004,0.0001,0.0031,0.0875,0.0213,0.0,0.0118,0.0,155.0,0.0,92.0,63.0,84.0,0.0,0.0,0.0,0.0,0.0,0.0,0.0,0.0,0.0,0.0,0.0,0.0,0.0,0.0,0.0,0.0,0.0,0.0,8.0,2.0,1.0
2907,24.370188500000072,0,8.0974,1.9699,2.0838,1.7883,0.1852,0.0031,0.0078,0.0001,0.0335,0.0465,0.0019,0.0007,0.009,0.0001,0.0015,0.0014,0.0,0.0001,0.007,0.0011,0.0004,0.0001,0.003,0.084,0.022,0.0,0.0131,0.0,155.0,0.0,92.0,63.0,84.0,0.0,0.0,0.0,0.0,0.0,0.0,0.0,0.0,0.0,0.0,0.0,0.0,0.0,0.0,0.0,0.0,0.0,0.0,8.0,2.0,1.0
2908,24.378285900000073,0,8.4734,1.8199,2.1849,1.698,0.1864,0.0034,0.008,0.0002,0.0388,0.0528,0.0025,0.0008,0.0095,0.0001,0.0013,0.0013,0.0,0.0001,0.0073,0.0011,0.0005,0.0001,0.0033,0.0908,0.0203,0.0001,0.0133,0.0,155.0,0.0,92.0,63.0,84.0,0.0,0.0,0.0,0.0,0.0,0.0,0.0,0.0,0.0,0.0,0.0,0.0,0.0,0.0,0.0,0.0,0.0,0.0,8.0,2.0,1.0
2909,24.386759300000072,0,8.3183,1.88,2.1272,1.7554,0.1786,0.0025,0.0081,0.0003,0.0283,0.0419,0.0018,0.0006,0.0074,0.0002,0.0014,0.0014,0.0,0.0006,0.0083,0.0012,0.0005,0.0001,0.0029,0.0802,0.0205,0.0001,0.0126,0.0,155.0,0.0,92.0,63.0,84.0,0.0,0.0,0.0,0.0,0.0,0.0,0.0,0.0,0.0,0.0,0.0,0.0,0.0,0.0,0.0,0.0,0.0,0.0,8.0,2.0,1.0
2910,24.39507760000007,0,8.475,1.7995,2.2425,1.8382,0.1985,0.0026,0.0079,0.0002,0.0383,0.0518,0.0022,0.0007,0.0091,0.0001,0.0017,0.0015,0.0,0.0001,0.0078,0.0011,0.0004,0.0,0.0035,0.0918,0.0214,0.0,0.0133,0.0,155.0,0.0,92.0,63.0,84.0,0.0,0.0,0.0,0.0,0.0,0.0,0.0,0.0,0.0,0.0,0.0,0.0,0.0,0.0,0.0,0.0,0.0,0.0,8.0,2.0,1.0
2911,24.403552600000072,0,8.0362,1.895,2.0015,1.8011,0.1987,0.003,0.0095,0.0002,0.0307,0.0459,0.0022,0.0008,0.0104,0.0002,0.0018,0.0017,0.0,0.0001,0.0082,0.0013,0.0005,0.0,0.0037,0.0886,0.0223,0.0,0.014,0.0,155.0,0.0,92.0,63.0,84.0,0.0,0.0,0.0,0.0,0.0,0.0,0.0,0.0,0.0,0.0,0.0,0.0,0.0,0.0,0.0,0.0,0.0,0.0,8.0,2.0,1.0
2912,24.41158880000007,0,8.4608,1.9093,2.0228,1.8319,0.2054,0.0028,0.0096,0.0001,0.0491,0.0637,0.002,0.0006,0.0097,0.0001,0.0011,0.0017,0.0,0.0001,0.008,0.0011,0.0004,0.0,0.003,0.1014,0.0277,0.0,0.014,0.0,155.0,0.0,92.0,63.0,84.0,0.0,0.0,0.0,0.0,0.0,0.0,0.0,0.0,0.0,0.0,0.0,0.0,0.0,0.0,0.0,0.0,0.0,0.0,8.0,2.0,1.0
2913,24.420049600000073,0,8.4815,1.8857,2.3183,1.8323,0.1951,0.0028,0.0086,0.0001,0.0344,0.0483,0.0024,0.0007,0.0104,0.0002,0.0013,0.0019,0.0,0.0001,0.0073,0.0013,0.0004,0.0001,0.0036,0.0902,0.0197,0.0001,0.0122,0.0,155.0,0.0,92.0,63.0,84.0,0.0,0.0,0.0,0.0,0.0,0.0,0.0,0.0,0.0,0.0,0.0,0.0,0.0,0.0,0.0,0.0,0.0,0.0,8.0,2.0,1.0
2914,24.42853110000007,0,8.363,2.0044,2.2015,1.7671,0.2036,0.003,0.0081,0.0002,0.0414,0.0548,0.0025,0.0008,0.0097,0.0001,0.0016,0.0023,0.0001,0.0001,0.0078,0.0011,0.0011,0.0,0.0033,0.0962,0.0206,0.0,0.0127,0.0,155.0,0.0,92.0,63.0,84.0,0.0,0.0,0.0,0.0,0.0,0.0,0.0,0.0,0.0,0.0,0.0,0.0,0.0,0.0,0.0,0.0,0.0,0.0,8.0,2.0,1.0
2915,24.43689410000007,0,8.4097,1.9232,2.3013,1.9438,0.2198,0.0037,0.01,0.0013,0.0355,0.0531,0.0028,0.0008,0.0116,0.0001,0.002,0.0019,0.0006,0.0001,0.0081,0.0013,0.0006,0.0,0.0031,0.097,0.0215,0.0,0.0128,0.0,155.0,0.0,92.0,63.0,84.0,0.0,0.0,0.0,0.0,0.0,0.0,0.0,0.0,0.0,0.0,0.0,0.0,0.0,0.0,0.0,0.0,0.0,0.0,8.0,2.0,1.0
2916,24.445303800000072,0,8.9255,1.9584,3.027,1.8558,0.2067,0.003,0.0099,0.0001,0.0452,0.0608,0.0019,0.001,0.0103,0.0001,0.0015,0.0015,0.0001,0.0002,0.0082,0.0011,0.0004,0.0001,0.0032,0.1009,0.022,0.0,0.0191,0.0,155.0,0.0,92.0,63.0,84.0,0.0,0.0,0.0,0.0,0.0,0.0,0.0,0.0,0.0,0.0,0.0,0.0,0.0,0.0,0.0,0.0,0.0,0.0,8.0,2.0,1.0
2917,24.454229300000073,0,7.5707,1.9766,2.1872,1.9689,0.2011,0.003,0.0082,0.0002,0.0334,0.0478,0.0024,0.0009,0.0104,0.0001,0.0012,0.0021,0.0001,0.0001,0.0095,0.0014,0.0005,0.0001,0.0032,0.0916,0.0227,0.0,0.0124,0.0,155.0,0.0,92.0,63.0,84.0,0.0,0.0,0.0,0.0,0.0,0.0,0.0,0.0,0.0,0.0,0.0,0.0,0.0,0.0,0.0,0.0,0.0,0.0,8.0,2.0,1.0
2918,24.46180000000007,0,8.5231,2.0047,2.3977,2.0073,0.2777,0.0035,0.0083,0.0002,0.0634,0.0785,0.0039,0.0013,0.0154,0.0003,0.0028,0.002,0.0005,0.0002,0.0099,0.0014,0.0011,0.0001,0.0069,0.141,0.036,0.0,0.013,0.0,155.0,0.0,92.0,63.0,84.0,0.0,0.0,0.0,0.0,0.0,0.0,0.0,0.0,0.0,0.0,0.0,0.0,0.0,0.0,0.0,0.0,0.0,0.0,8.0,2.0,1.0
2919,24.470323100000073,0,8.4596,1.9403,2.4805,1.9264,0.2032,0.0033,0.0079,0.0003,0.0316,0.0457,0.0023,0.0008,0.0115,0.0001,0.0027,0.0016,0.0001,0.0002,0.008,0.0016,0.0006,0.0002,0.0035,0.0902,0.0235,0.0001,0.013,0.0,155.0,0.0,92.0,63.0,84.0,0.0,0.0,0.0,0.0,0.0,0.0,0.0,0.0,0.0,0.0,0.0,0.0,0.0,0.0,0.0,0.0,0.0,0.0,8.0,2.0,1.0
2920,24.47878270000007,0,8.0034,1.9775,2.2003,1.9154,0.1947,0.0029,0.0075,0.0002,0.0442,0.0568,0.0018,0.0007,0.0093,0.0001,0.0016,0.0014,0.0,0.0007,0.0072,0.0012,0.0005,0.0001,0.0031,0.095,0.0206,0.0,0.0129,0.0,155.0,0.0,92.0,63.0,84.0,0.0,0.0,0.0,0.0,0.0,0.0,0.0,0.0,0.0,0.0,0.0,0.0,0.0,0.0,0.0,0.0,0.0,0.0,8.0,2.0,1.0
2921,24.48678610000007,0,8.4472,1.7207,2.2378,1.7785,0.1995,0.0029,0.0094,0.0002,0.0319,0.0473,0.0022,0.0008,0.0108,0.0007,0.0015,0.0021,0.0002,0.0001,0.0084,0.0012,0.0009,0.0001,0.0034,0.0896,0.0252,0.0001,0.0128,0.0,155.0,0.0,92.0,63.0,84.0,0.0,0.0,0.0,0.0,0.0,0.0,0.0,0.0,0.0,0.0,0.0,0.0,0.0,0.0,0.0,0.0,0.0,0.0,8.0,2.0,1.0
2922,24.49523330000007,0,8.4917,1.9656,2.4265,1.8942,0.2087,0.0031,0.0087,0.0002,0.0435,0.0584,0.0021,0.0008,0.0111,0.0002,0.0018,0.0017,0.0001,0.0002,0.009,0.0012,0.0005,0.0001,0.0036,0.1018,0.0213,0.0001,0.0138,0.0,155.0,0.0,92.0,63.0,84.0,0.0,0.0,0.0,0.0,0.0,0.0,0.0,0.0,0.0,0.0,0.0,0.0,0.0,0.0,0.0,0.0,0.0,0.0,8.0,2.0,1.0
2923,24.50372500000007,0,8.1856,2.0167,2.3742,1.863,0.1875,0.0032,0.0096,0.0002,0.0212,0.037,0.0019,0.001,0.0088,0.0001,0.0014,0.0024,0.0001,0.0001,0.0084,0.0016,0.0005,0.0001,0.0033,0.0774,0.0245,0.0,0.0136,0.0,155.0,0.0,92.0,63.0,84.0,0.0,0.0,0.0,0.0,0.0,0.0,0.0,0.0,0.0,0.0,0.0,0.0,0.0,0.0,0.0,0.0,0.0,0.0,8.0,2.0,1.0
2924,24.51191060000007,0,8.424,1.961,2.401,1.8565,0.2152,0.0033,0.0081,0.0002,0.0491,0.0638,0.0021,0.0008,0.0102,0.0001,0.0016,0.0017,0.0002,0.0006,0.0078,0.0018,0.0005,0.0001,0.0033,0.1056,0.0237,0.0,0.0137,0.0,155.0,0.0,92.0,63.0,84.0,0.0,0.0,0.0,0.0,0.0,0.0,0.0,0.0,0.0,0.0,0.0,0.0,0.0,0.0,0.0,0.0,0.0,0.0,8.0,2.0,1.0
2925,24.520334600000073,0,8.4844,2.3105,2.183,1.9056,0.1945,0.0038,0.0089,0.0002,0.0294,0.0446,0.0018,0.0009,0.0096,0.0001,0.0014,0.0014,0.0002,0.0001,0.0082,0.0013,0.0006,0.0001,0.0033,0.0843,0.0223,0.0,0.013,0.0,155.0,0.0,92.0,63.0,84.0,0.0,0.0,0.0,0.0,0.0,0.0,0.0,0.0,0.0,0.0,0.0,0.0,0.0,0.0,0.0,0.0,0.0,0.0,8.0,2.0,1.0
2926,24.528819000000073,0,8.5937,2.5727,3.0991,2.1346,0.2424,0.0037,0.0106,0.0002,0.048,0.0654,0.0027,0.0009,0.0122,0.0002,0.0024,0.0022,0.0001,0.0002,0.0093,0.0016,0.0007,0.0001,0.004,0.1159,0.0262,0.0,0.0129,0.0,155.0,0.0,92.0,63.0,84.0,0.0,0.0,0.0,0.0,0.0,0.0,0.0,0.0,0.0,0.0,0.0,0.0,0.0,0.0,0.0,0.0,0.0,0.0,8.0,2.0,1.0
2927,24.537412700000072,0,8.4687,2.1704,2.9323,1.8898,0.2121,0.0034,0.0089,0.0002,0.0382,0.0533,0.0021,0.0008,0.0102,0.0001,0.002,0.0018,0.0005,0.0001,0.0081,0.0012,0.0004,0.0,0.0033,0.096,0.0235,0.0,0.0142,0.0,155.0,0.0,92.0,63.0,84.0,0.0,0.0,0.0,0.0,0.0,0.0,0.0,0.0,0.0,0.0,0.0,0.0,0.0,0.0,0.0,0.0,0.0,0.0,8.0,2.0,1.0
2928,24.545881400000074,0,8.284,2.2756,2.819,2.333,0.2082,0.0036,0.0106,0.0003,0.0392,0.0563,0.0018,0.001,0.0097,0.0001,0.0019,0.0016,0.0001,0.0001,0.0084,0.0011,0.0005,0.0001,0.0032,0.0979,0.0216,0.0,0.013,0.0,155.0,0.0,92.0,63.0,84.0,0.0,0.0,0.0,0.0,0.0,0.0,0.0,0.0,0.0,0.0,0.0,0.0,0.0,0.0,0.0,0.0,0.0,0.0,8.0,2.0,1.0
2929,24.554165400000073,0,8.0941,2.0339,2.6963,1.9048,0.2126,0.0034,0.0095,0.0003,0.0301,0.0461,0.0028,0.0009,0.0115,0.0002,0.0029,0.0021,0.0001,0.0002,0.0095,0.0019,0.0006,0.0002,0.0039,0.095,0.0229,0.0,0.0132,0.0,155.0,0.0,92.0,63.0,84.0,0.0,0.0,0.0,0.0,0.0,0.0,0.0,0.0,0.0,0.0,0.0,0.0,0.0,0.0,0.0,0.0,0.0,0.0,8.0,2.0,1.0
2930,24.562259500000074,0,8.1922,2.1709,2.2832,2.2547,0.2343,0.0038,0.0106,0.0002,0.0469,0.0645,0.003,0.0009,0.0114,0.0001,0.0023,0.0019,0.0001,0.0001,0.0092,0.0014,0.0008,0.0001,0.004,0.1128,0.0253,0.0,0.0134,0.0,155.0,0.0,92.0,63.0,84.0,0.0,0.0,0.0,0.0,0.0,0.0,0.0,0.0,0.0,0.0,0.0,0.0,0.0,0.0,0.0,0.0,0.0,0.0,8.0,2.0,1.0
2931,24.570451700000074,0,8.2711,2.0662,2.3319,1.9596,0.2096,0.003,0.0088,0.0003,0.0347,0.049,0.0019,0.0013,0.0109,0.0007,0.0016,0.0018,0.0001,0.0001,0.0085,0.0018,0.0006,0.0001,0.0033,0.0932,0.0224,0.0,0.0124,0.0,155.0,0.0,92.0,63.0,84.0,0.0,0.0,0.0,0.0,0.0,0.0,0.0,0.0,0.0,0.0,0.0,0.0,0.0,0.0,0.0,0.0,0.0,0.0,8.0,2.0,1.0
2932,24.578722800000076,0,8.1578,2.0968,2.1938,1.7808,0.1971,0.0028,0.0074,0.0002,0.0406,0.0544,0.002,0.001,0.0101,0.0002,0.0018,0.0014,0.0001,0.0001,0.0085,0.0012,0.0005,0.0001,0.0036,0.0981,0.0184,0.0,0.0118,0.0,155.0,0.0,92.0,63.0,84.0,0.0,0.0,0.0,0.0,0.0,0.0,0.0,0.0,0.0,0.0,0.0,0.0,0.0,0.0,0.0,0.0,0.0,0.0,8.0,2.0,1.0
2933,24.586880600000075,0,8.5685,1.9426,2.2904,1.9216,0.2228,0.0037,0.0067,0.0002,0.0432,0.0562,0.0022,0.0008,0.0106,0.0006,0.0015,0.0021,0.0001,0.0002,0.0089,0.0013,0.0005,0.0001,0.0041,0.1026,0.0237,0.0,0.0136,0.0,155.0,0.0,92.0,63.0,84.0,0.0,0.0,0.0,0.0,0.0,0.0,0.0,0.0,0.0,0.0,0.0,0.0,0.0,0.0,0.0,0.0,0.0,0.0,8.0,2.0,1.0
2934,24.595449100000074,0,8.4946,2.0055,2.5788,1.9649,0.2118,0.0028,0.0088,0.0002,0.0429,0.0577,0.0019,0.001,0.011,0.0001,0.0015,0.0014,0.0002,0.0002,0.0092,0.0012,0.0006,0.0006,0.0033,0.1008,0.0217,0.0001,0.014,0.0,155.0,0.0,92.0,63.0,84.0,0.0,0.0,0.0,0.0,0.0,0.0,0.0,0.0,0.0,0.0,0.0,0.0,0.0,0.0,0.0,0.0,0.0,0.0,8.0,2.0,1.0
2935,24.603943700000073,0,7.973,2.0577,2.1737,1.9156,0.1927,0.0044,0.0099,0.0002,0.0324,0.0492,0.0019,0.0007,0.0102,0.0002,0.0016,0.0015,0.0001,0.0001,0.0078,0.0011,0.0005,0.0001,0.0032,0.0886,0.0219,0.0,0.0132,0.0,155.0,0.0,92.0,63.0,84.0,0.0,0.0,0.0,0.0,0.0,0.0,0.0,0.0,0.0,0.0,0.0,0.0,0.0,0.0,0.0,0.0,0.0,0.0,8.0,2.0,1.0
2936,24.611916700000073,0,8.2206,1.7789,2.1149,1.8099,0.1992,0.0042,0.0081,0.0002,0.0386,0.0536,0.0026,0.0006,0.011,0.0002,0.0012,0.0015,0.0001,0.0001,0.0081,0.0017,0.0004,0.0001,0.0033,0.0943,0.0236,0.0,0.0113,0.0,155.0,0.0,92.0,63.0,84.0,0.0,0.0,0.0,0.0,0.0,0.0,0.0,0.0,0.0,0.0,0.0,0.0,0.0,0.0,0.0,0.0,0.0,0.0,8.0,2.0,1.0
2937,24.620137300000074,0,8.597,1.944,2.3173,1.8208,0.1838,0.003,0.0081,0.0002,0.0292,0.0428,0.002,0.0007,0.0099,0.0002,0.0018,0.0016,0.0001,0.0005,0.0081,0.001,0.0005,0.0001,0.0037,0.0839,0.0217,0.0001,0.0113,0.0,155.0,0.0,92.0,63.0,84.0,0.0,0.0,0.0,0.0,0.0,0.0,0.0,0.0,0.0,0.0,0.0,0.0,0.0,0.0,0.0,0.0,0.0,0.0,8.0,2.0,1.0
2938,24.628734300000076,0,8.3325,1.8801,2.2861,1.7879,0.1981,0.0029,0.0076,0.0003,0.04,0.0528,0.0018,0.0007,0.0102,0.0001,0.0018,0.0014,0.0001,0.0002,0.0081,0.0015,0.0004,0.0,0.0032,0.0937,0.0209,0.0,0.013,0.0,155.0,0.0,92.0,63.0,84.0,0.0,0.0,0.0,0.0,0.0,0.0,0.0,0.0,0.0,0.0,0.0,0.0,0.0,0.0,0.0,0.0,0.0,0.0,8.0,2.0,1.0
2939,24.637066800000078,0,8.2703,1.8514,2.2502,1.8529,0.1987,0.0037,0.0089,0.0003,0.0308,0.046,0.0022,0.0007,0.0114,0.0001,0.0016,0.0015,0.0,0.0001,0.0086,0.0013,0.0009,0.0001,0.0038,0.0906,0.0247,0.0001,0.0129,0.0,155.0,0.0,92.0,63.0,84.0,0.0,0.0,0.0,0.0,0.0,0.0,0.0,0.0,0.0,0.0,0.0,0.0,0.0,0.0,0.0,0.0,0.0,0.0,8.0,2.0,1.0
2940,24.645337100000077,0,8.1677,1.7945,2.0706,1.7258,0.1802,0.0026,0.0077,0.0002,0.0387,0.0518,0.0019,0.0006,0.0105,0.0001,0.0012,0.0013,0.0006,0.0001,0.0082,0.0011,0.0004,0.0,0.003,0.0913,0.0164,0.0001,0.0124,0.0,155.0,0.0,92.0,63.0,84.0,0.0,0.0,0.0,0.0,0.0,0.0,0.0,0.0,0.0,0.0,0.0,0.0,0.0,0.0,0.0,0.0,0.0,0.0,8.0,2.0,1.0
2941,24.65350480000008,0,8.2785,1.8242,2.1134,1.8021,0.1865,0.0028,0.0085,0.0002,0.0311,0.0448,0.002,0.0006,0.0091,0.0001,0.0013,0.0018,0.0,0.0001,0.0082,0.0014,0.0004,0.0001,0.0037,0.0835,0.0224,0.0001,0.0132,0.0,155.0,0.0,92.0,63.0,84.0,0.0,0.0,0.0,0.0,0.0,0.0,0.0,0.0,0.0,0.0,0.0,0.0,0.0,0.0,0.0,0.0,0.0,0.0,8.0,2.0,1.0
2942,24.661783300000078,0,8.5285,1.7047,2.1931,1.7359,0.1841,0.0028,0.0087,0.0002,0.0357,0.0499,0.0019,0.0007,0.0096,0.0001,0.0012,0.0017,0.0001,0.0001,0.0075,0.0011,0.0005,0.0004,0.0031,0.0884,0.0185,0.0,0.0141,0.0,155.0,0.0,92.0,63.0,84.0,0.0,0.0,0.0,0.0,0.0,0.0,0.0,0.0,0.0,0.0,0.0,0.0,0.0,0.0,0.0,0.0,0.0,0.0,8.0,2.0,1.0
2943,24.67031180000008,0,8.3172,1.7384,2.2379,1.7357,0.1959,0.0031,0.0091,0.0002,0.032,0.0469,0.0021,0.0007,0.0098,0.0001,0.0018,0.0016,0.0002,0.0004,0.008,0.0013,0.0005,0.0,0.0038,0.0882,0.0208,0.0,0.0122,0.0,155.0,0.0,92.0,63.0,84.0,0.0,0.0,0.0,0.0,0.0,0.0,0.0,0.0,0.0,0.0,0.0,0.0,0.0,0.0,0.0,0.0,0.0,0.0,8.0,2.0,1.0
2944,24.67862900000008,0,8.4308,1.7394,2.2669,1.7696,0.1862,0.0028,0.0088,0.0001,0.0388,0.0526,0.0021,0.0008,0.0095,0.0001,0.0011,0.0018,0.0001,0.0001,0.0073,0.0012,0.0004,0.0001,0.0032,0.0914,0.0183,0.0001,0.0139,0.0,155.0,0.0,92.0,63.0,84.0,0.0,0.0,0.0,0.0,0.0,0.0,0.0,0.0,0.0,0.0,0.0,0.0,0.0,0.0,0.0,0.0,0.0,0.0,8.0,2.0,1.0
2945,24.68705980000008,0,8.1124,1.812,2.1153,1.759,0.1711,0.0025,0.0073,0.0002,0.0291,0.0409,0.0019,0.0009,0.0089,0.0001,0.0013,0.0015,0.0,0.0001,0.007,0.0011,0.0004,0.0,0.0031,0.0777,0.0193,0.0,0.0139,0.0,155.0,0.0,92.0,63.0,84.0,0.0,0.0,0.0,0.0,0.0,0.0,0.0,0.0,0.0,0.0,0.0,0.0,0.0,0.0,0.0,0.0,0.0,0.0,8.0,2.0,1.0
2946,24.69517220000008,0,8.7536,1.7326,2.4693,1.7578,0.1917,0.0031,0.0081,0.0003,0.0357,0.0498,0.002,0.0007,0.0111,0.0001,0.0018,0.0016,0.0001,0.0001,0.0082,0.0012,0.0005,0.0005,0.0033,0.0915,0.0197,0.0,0.0128,0.0,155.0,0.0,92.0,63.0,84.0,0.0,0.0,0.0,0.0,0.0,0.0,0.0,0.0,0.0,0.0,0.0,0.0,0.0,0.0,0.0,0.0,0.0,0.0,8.0,2.0,1.0
2947,24.70392580000008,0,8.0064,1.9865,2.2406,1.8276,0.1805,0.0035,0.0071,0.0001,0.0311,0.0443,0.0019,0.0006,0.0089,0.0002,0.0017,0.0015,0.0001,0.0001,0.008,0.0012,0.0005,0.0001,0.003,0.0816,0.0208,0.0,0.0125,0.0,155.0,0.0,92.0,63.0,84.0,0.0,0.0,0.0,0.0,0.0,0.0,0.0,0.0,0.0,0.0,0.0,0.0,0.0,0.0,0.0,0.0,0.0,0.0,8.0,2.0,1.0
2948,24.711932200000078,0,8.1722,1.815,2.0506,1.8591,0.2175,0.0041,0.0094,0.0002,0.0499,0.066,0.0029,0.0007,0.0116,0.0001,0.002,0.0015,0.0,0.0001,0.0077,0.0015,0.0004,0.0,0.0037,0.1091,0.0204,0.0,0.0112,0.0,155.0,0.0,92.0,63.0,84.0,0.0,0.0,0.0,0.0,0.0,0.0,0.0,0.0,0.0,0.0,0.0,0.0,0.0,0.0,0.0,0.0,0.0,0.0,8.0,2.0,1.0
2949,24.72010440000008,0,8.3806,1.735,2.009,1.7373,0.2013,0.0034,0.0089,0.0002,0.0304,0.0456,0.0027,0.0008,0.0112,0.0002,0.0018,0.0015,0.0001,0.0006,0.008,0.0012,0.0005,0.0,0.0036,0.0889,0.0242,0.0001,0.0126,0.0,155.0,0.0,92.0,63.0,84.0,0.0,0.0,0.0,0.0,0.0,0.0,0.0,0.0,0.0,0.0,0.0,0.0,0.0,0.0,0.0,0.0,0.0,0.0,8.0,2.0,1.0
2950,24.728485000000077,0,8.385,1.8237,2.1492,1.8458,0.1927,0.0024,0.0084,0.0002,0.0448,0.058,0.0028,0.0007,0.0111,0.0002,0.0012,0.0018,0.0001,0.0002,0.0071,0.0011,0.0004,0.0,0.0032,0.0978,0.0193,0.0001,0.0136,0.0,155.0,0.0,92.0,63.0,84.0,0.0,0.0,0.0,0.0,0.0,0.0,0.0,0.0,0.0,0.0,0.0,0.0,0.0,0.0,0.0,0.0,0.0,0.0,8.0,2.0,1.0
2951,24.736870000000078,0,8.4328,1.7467,2.2023,1.7536,0.1806,0.0029,0.0081,0.0002,0.0333,0.0463,0.002,0.0005,0.0092,0.0001,0.0012,0.0015,0.0001,0.0001,0.007,0.0015,0.0005,0.0,0.0032,0.0835,0.0192,0.0,0.0135,0.0,155.0,0.0,92.0,63.0,84.0,0.0,0.0,0.0,0.0,0.0,0.0,0.0,0.0,0.0,0.0,0.0,0.0,0.0,0.0,0.0,0.0,0.0,0.0,8.0,2.0,1.0
2952,24.74530280000008,0,8.2241,1.9707,2.1438,1.7683,0.1834,0.0037,0.0079,0.0002,0.0397,0.0534,0.0018,0.0006,0.0088,0.0001,0.0012,0.0017,0.0001,0.0001,0.0076,0.0012,0.0003,0.0,0.0032,0.09,0.019,0.0,0.0118,0.0,155.0,0.0,92.0,63.0,84.0,0.0,0.0,0.0,0.0,0.0,0.0,0.0,0.0,0.0,0.0,0.0,0.0,0.0,0.0,0.0,0.0,0.0,0.0,8.0,2.0,1.0
2953,24.75352690000008,0,8.5666,1.9879,2.3033,1.8184,0.1772,0.0031,0.0075,0.0001,0.0271,0.04,0.0024,0.0007,0.0088,0.0001,0.0018,0.0014,0.0001,0.0001,0.0078,0.0012,0.0004,0.0001,0.0033,0.0792,0.0209,0.0,0.013,0.0,155.0,0.0,92.0,63.0,84.0,0.0,0.0,0.0,0.0,0.0,0.0,0.0,0.0,0.0,0.0,0.0,0.0,0.0,0.0,0.0,0.0,0.0,0.0,8.0,2.0,1.0
2954,24.76209350000008,0,8.2311,1.9002,2.2218,1.7835,0.177,0.0028,0.0081,0.0002,0.0361,0.0493,0.002,0.0006,0.0092,0.0001,0.0011,0.0017,0.0001,0.0002,0.0073,0.0011,0.0004,0.0,0.0036,0.0861,0.0195,0.0,0.0123,0.0,155.0,0.0,92.0,63.0,84.0,0.0,0.0,0.0,0.0,0.0,0.0,0.0,0.0,0.0,0.0,0.0,0.0,0.0,0.0,0.0,0.0,0.0,0.0,8.0,2.0,1.0
2955,24.77032460000008,0,8.2787,1.9199,2.1119,1.7741,0.2139,0.0044,0.0099,0.0003,0.0356,0.0523,0.0021,0.0009,0.0121,0.0001,0.0014,0.002,0.0002,0.0002,0.0085,0.0013,0.0006,0.0,0.0042,0.0982,0.0237,0.0001,0.0134,0.0,155.0,0.0,92.0,63.0,84.0,0.0,0.0,0.0,0.0,0.0,0.0,0.0,0.0,0.0,0.0,0.0,0.0,0.0,0.0,0.0,0.0,0.0,0.0,8.0,2.0,1.0
2956,24.778603300000082,0,8.2708,1.7895,2.2093,1.7601,0.1864,0.0025,0.0078,0.0001,0.0423,0.0546,0.0022,0.0007,0.0089,0.0002,0.0013,0.0014,0.0,0.0001,0.008,0.0013,0.0005,0.0,0.003,0.0917,0.0187,0.0,0.0126,0.0,155.0,0.0,92.0,63.0,84.0,0.0,0.0,0.0,0.0,0.0,0.0,0.0,0.0,0.0,0.0,0.0,0.0,0.0,0.0,0.0,0.0,0.0,0.0,8.0,2.0,1.0
2957,24.78687410000008,0,8.2394,1.7014,1.9983,1.7894,0.1984,0.0032,0.0078,0.0002,0.0316,0.0449,0.0023,0.0007,0.0089,0.0001,0.0013,0.0019,0.0002,0.0001,0.0079,0.0012,0.0004,0.0001,0.0031,0.0839,0.0227,0.0,0.0121,0.0,155.0,0.0,92.0,63.0,84.0,0.0,0.0,0.0,0.0,0.0,0.0,0.0,0.0,0.0,0.0,0.0,0.0,0.0,0.0,0.0,0.0,0.0,0.0,8.0,2.0,1.0
2958,24.79511350000008,0,8.4721,1.9447,2.143,1.8186,0.1989,0.003,0.0085,0.0002,0.0393,0.0529,0.0023,0.0012,0.0107,0.0002,0.0018,0.0014,0.0002,0.0007,0.0079,0.0019,0.0004,0.0,0.0037,0.0963,0.0192,0.0001,0.0138,0.0,155.0,0.0,92.0,63.0,84.0,0.0,0.0,0.0,0.0,0.0,0.0,0.0,0.0,0.0,0.0,0.0,0.0,0.0,0.0,0.0,0.0,0.0,0.0,8.0,2.0,1.0
2959,24.80358560000008,0,8.3621,1.9447,2.1411,1.8131,0.1788,0.0028,0.0077,0.0001,0.0283,0.0409,0.0019,0.0007,0.009,0.0001,0.0014,0.002,0.0001,0.0001,0.0073,0.0011,0.0009,0.0001,0.0032,0.0799,0.0199,0.0,0.0127,0.0,155.0,0.0,92.0,63.0,84.0,0.0,0.0,0.0,0.0,0.0,0.0,0.0,0.0,0.0,0.0,0.0,0.0,0.0,0.0,0.0,0.0,0.0,0.0,8.0,2.0,1.0
2960,24.81194770000008,0,8.3206,1.9217,2.1534,1.7718,0.1767,0.0024,0.0075,0.0002,0.038,0.0506,0.0018,0.0006,0.0084,0.0001,0.0012,0.0019,0.0001,0.0001,0.0071,0.0011,0.001,0.0001,0.003,0.0876,0.0188,0.0001,0.0136,0.0,155.0,0.0,92.0,63.0,84.0,0.0,0.0,0.0,0.0,0.0,0.0,0.0,0.0,0.0,0.0,0.0,0.0,0.0,0.0,0.0,0.0,0.0,0.0,8.0,2.0,1.0
2961,24.82026830000008,0,8.3774,1.809,2.2439,1.9742,0.1945,0.0034,0.0091,0.0001,0.0328,0.0474,0.0021,0.001,0.0099,0.0001,0.0018,0.0015,0.0,0.0001,0.0079,0.0018,0.0005,0.0,0.0036,0.089,0.0227,0.0,0.0127,0.0,155.0,0.0,92.0,63.0,84.0,0.0,0.0,0.0,0.0,0.0,0.0,0.0,0.0,0.0,0.0,0.0,0.0,0.0,0.0,0.0,0.0,0.0,0.0,8.0,2.0,1.0
2962,24.82864570000008,0,8.2527,2.1144,2.1136,1.7546,0.278,0.0026,0.0081,0.0002,0.1283,0.1413,0.0018,0.0012,0.01,0.0001,0.0016,0.0014,0.0001,0.0001,0.0076,0.0016,0.0005,0.0,0.0031,0.1803,0.0194,0.0001,0.0133,0.0,155.0,0.0,92.0,63.0,84.0,0.0,0.0,0.0,0.0,0.0,0.0,0.0,0.0,0.0,0.0,0.0,0.0,0.0,0.0,0.0,0.0,0.0,0.0,8.0,2.0,1.0
2963,24.83689840000008,0,8.3219,1.9251,2.1719,1.802,0.1833,0.003,0.0077,0.0002,0.032,0.0448,0.0019,0.0007,0.0093,0.0002,0.0012,0.0019,0.0,0.0001,0.0073,0.0018,0.0004,0.0001,0.0031,0.0845,0.0207,0.0,0.0126,0.0,155.0,0.0,92.0,63.0,84.0,0.0,0.0,0.0,0.0,0.0,0.0,0.0,0.0,0.0,0.0,0.0,0.0,0.0,0.0,0.0,0.0,0.0,0.0,8.0,2.0,1.0
2964,24.84522030000008,0,8.2294,1.9554,1.9768,1.7819,0.1934,0.0027,0.0091,0.0002,0.0394,0.0533,0.0022,0.0006,0.01,0.0001,0.0015,0.0014,0.0001,0.0001,0.0072,0.0015,0.0003,0.0,0.0031,0.0922,0.0221,0.0,0.0131,0.0,155.0,0.0,92.0,63.0,84.0,0.0,0.0,0.0,0.0,0.0,0.0,0.0,0.0,0.0,0.0,0.0,0.0,0.0,0.0,0.0,0.0,0.0,0.0,8.0,2.0,1.0
2965,24.85344970000008,0,8.4547,1.7874,2.171,1.7085,0.1925,0.0031,0.0083,0.0002,0.0297,0.0435,0.0021,0.0008,0.0095,0.0002,0.0013,0.002,0.0,0.0001,0.0076,0.0013,0.0005,0.0001,0.0036,0.0842,0.0214,0.0,0.0133,0.0,155.0,0.0,92.0,63.0,84.0,0.0,0.0,0.0,0.0,0.0,0.0,0.0,0.0,0.0,0.0,0.0,0.0,0.0,0.0,0.0,0.0,0.0,0.0,8.0,2.0,1.0
2966,24.861904400000082,0,8.4423,2.1239,2.1837,1.7422,0.205,0.0032,0.0089,0.0002,0.0408,0.0557,0.0022,0.0013,0.0114,0.0001,0.0013,0.0015,0.0001,0.0001,0.0081,0.0014,0.0005,0.0002,0.0039,0.0998,0.0216,0.0,0.0128,0.0,155.0,0.0,92.0,63.0,84.0,0.0,0.0,0.0,0.0,0.0,0.0,0.0,0.0,0.0,0.0,0.0,0.0,0.0,0.0,0.0,0.0,0.0,0.0,8.0,2.0,1.0
2967,24.87034670000008,0,8.3114,1.9559,2.1592,1.8388,0.1841,0.0029,0.0079,0.0002,0.0324,0.0463,0.0018,0.0007,0.0101,0.0002,0.0012,0.0017,0.0,0.0001,0.0078,0.0016,0.0004,0.0,0.0032,0.0855,0.0216,0.0,0.0134,0.0,155.0,0.0,92.0,63.0,84.0,0.0,0.0,0.0,0.0,0.0,0.0,0.0,0.0,0.0,0.0,0.0,0.0,0.0,0.0,0.0,0.0,0.0,0.0,8.0,2.0,1.0
2968,24.87865810000008,0,8.3303,1.7201,2.2359,1.7676,0.1768,0.0028,0.0075,0.0003,0.041,0.0531,0.0021,0.0007,0.0089,0.0001,0.0015,0.0013,0.0,0.0001,0.0077,0.0011,0.0003,0.0,0.003,0.0891,0.0166,0.0,0.0125,0.0,155.0,0.0,92.0,63.0,84.0,0.0,0.0,0.0,0.0,0.0,0.0,0.0,0.0,0.0,0.0,0.0,0.0,0.0,0.0,0.0,0.0,0.0,0.0,8.0,2.0,1.0
2969,24.88698840000008,0,8.2359,1.7566,2.1246,1.7603,0.1853,0.0028,0.0077,0.0002,0.0301,0.0431,0.002,0.0007,0.009,0.0002,0.0013,0.0014,0.0006,0.0001,0.0079,0.0019,0.0009,0.0001,0.0031,0.0835,0.0208,0.0,0.0113,0.0,155.0,0.0,92.0,63.0,84.0,0.0,0.0,0.0,0.0,0.0,0.0,0.0,0.0,0.0,0.0,0.0,0.0,0.0,0.0,0.0,0.0,0.0,0.0,8.0,2.0,1.0
2970,24.89522430000008,0,8.4657,1.758,2.2726,1.7404,0.1909,0.0029,0.0078,0.0002,0.0399,0.0528,0.0018,0.0006,0.0102,0.0001,0.0014,0.0015,0.0001,0.0001,0.0076,0.0015,0.0005,0.0,0.0036,0.0928,0.0205,0.0,0.0109,0.0,155.0,0.0,92.0,63.0,84.0,0.0,0.0,0.0,0.0,0.0,0.0,0.0,0.0,0.0,0.0,0.0,0.0,0.0,0.0,0.0,0.0,0.0,0.0,8.0,2.0,1.0
2971,24.90369000000008,0,8.2513,2.0726,2.1772,1.8141,0.1717,0.0032,0.0076,0.0002,0.0286,0.0413,0.0019,0.0006,0.008,0.0001,0.0012,0.0018,0.0001,0.0001,0.0074,0.001,0.0009,0.0001,0.003,0.0755,0.0199,0.0,0.0143,0.0,155.0,0.0,92.0,63.0,84.0,0.0,0.0,0.0,0.0,0.0,0.0,0.0,0.0,0.0,0.0,0.0,0.0,0.0,0.0,0.0,0.0,0.0,0.0,8.0,2.0,1.0
2972,24.91194130000008,0,8.4965,1.8672,2.2708,1.8487,0.1852,0.0025,0.0082,0.0001,0.0404,0.0537,0.0018,0.0006,0.0089,0.0001,0.0012,0.0015,0.0004,0.0001,0.0077,0.0012,0.0004,0.0,0.0031,0.0909,0.02,0.0,0.0137,0.0,155.0,0.0,92.0,63.0,84.0,0.0,0.0,0.0,0.0,0.0,0.0,0.0,0.0,0.0,0.0,0.0,0.0,0.0,0.0,0.0,0.0,0.0,0.0,8.0,2.0,1.0
2973,24.92043780000008,0,8.0245,1.7964,2.066,1.8154,0.1985,0.0033,0.0081,0.0002,0.0356,0.0492,0.002,0.0007,0.0105,0.0001,0.0014,0.0013,0.0001,0.0002,0.0079,0.0013,0.0004,0.0001,0.0036,0.0918,0.0207,0.0,0.0135,0.0,155.0,0.0,92.0,63.0,84.0,0.0,0.0,0.0,0.0,0.0,0.0,0.0,0.0,0.0,0.0,0.0,0.0,0.0,0.0,0.0,0.0,0.0,0.0,8.0,2.0,1.0
2974,24.92846230000008,0,8.4941,1.7836,2.2276,1.7717,0.1893,0.003,0.0075,0.0002,0.0433,0.0561,0.0022,0.0007,0.0088,0.0001,0.0015,0.0015,0.0006,0.0001,0.0079,0.0011,0.0004,0.0001,0.0032,0.0938,0.0183,0.0,0.014,0.0,155.0,0.0,92.0,63.0,84.0,0.0,0.0,0.0,0.0,0.0,0.0,0.0,0.0,0.0,0.0,0.0,0.0,0.0,0.0,0.0,0.0,0.0,0.0,8.0,2.0,1.0
2975,24.93695640000008,0,8.2371,1.8112,2.028,1.8353,0.2679,0.0027,0.0102,0.0001,0.0353,0.0505,0.0023,0.0006,0.0097,0.0001,0.0014,0.0014,0.0001,0.0001,0.0068,0.0015,0.0005,0.0001,0.0034,0.0883,0.0233,0.0,0.0128,0.0,155.0,0.0,92.0,63.0,84.0,0.0,0.0,0.0,0.0,0.0,0.0,0.0,0.0,0.0,0.0,0.0,0.0,0.0,0.0,0.0,0.0,0.0,0.0,8.0,2.0,1.0
2976,24.94519350000008,0,8.4888,1.7443,2.3022,1.8233,0.2029,0.0032,0.0094,0.0001,0.0398,0.0553,0.0021,0.0006,0.0093,0.0002,0.0015,0.0018,0.0001,0.0001,0.008,0.0012,0.0009,0.0001,0.0039,0.0974,0.023,0.0,0.0134,0.0,155.0,0.0,92.0,63.0,84.0,0.0,0.0,0.0,0.0,0.0,0.0,0.0,0.0,0.0,0.0,0.0,0.0,0.0,0.0,0.0,0.0,0.0,0.0,8.0,2.0,1.0
2977,24.95368230000008,0,8.1814,1.7876,1.9327,1.8019,0.1724,0.0032,0.0075,0.0002,0.0298,0.0427,0.0017,0.0006,0.0087,0.0001,0.0012,0.0015,0.0005,0.0001,0.0078,0.001,0.0003,0.0,0.003,0.0794,0.0202,0.0,0.0119,0.0,155.0,0.0,92.0,63.0,84.0,0.0,0.0,0.0,0.0,0.0,0.0,0.0,0.0,0.0,0.0,0.0,0.0,0.0,0.0,0.0,0.0,0.0,0.0,8.0,2.0,1.0
2978,24.96186370000008,0,8.4213,1.8425,2.2828,1.9061,0.2018,0.003,0.0083,0.0002,0.0396,0.0531,0.002,0.0008,0.01,0.0001,0.0014,0.0015,0.0001,0.0001,0.0082,0.0012,0.0004,0.0001,0.0033,0.0942,0.0215,0.0001,0.0133,0.0,155.0,0.0,92.0,63.0,84.0,0.0,0.0,0.0,0.0,0.0,0.0,0.0,0.0,0.0,0.0,0.0,0.0,0.0,0.0,0.0,0.0,0.0,0.0,8.0,2.0,1.0
2979,24.97028500000008,0,8.6839,1.7995,2.3871,1.8023,0.2656,0.0049,0.0112,0.0003,0.0415,0.0609,0.0033,0.0016,0.0187,0.0002,0.0024,0.0024,0.0002,0.0001,0.0098,0.0015,0.0012,0.0001,0.0046,0.1246,0.0351,0.0,0.0115,0.0,155.0,0.0,92.0,63.0,84.0,0.0,0.0,0.0,0.0,0.0,0.0,0.0,0.0,0.0,0.0,0.0,0.0,0.0,0.0,0.0,0.0,0.0,0.0,8.0,2.0,1.0
2980,24.97896890000008,0,8.1469,1.9183,2.435,1.8596,0.237,0.0028,0.0064,0.0006,0.0528,0.0651,0.0034,0.0012,0.0161,0.0001,0.0018,0.0022,0.0003,0.0002,0.0129,0.0018,0.001,0.0001,0.0058,0.1247,0.0236,0.0001,0.0131,0.0,155.0,0.0,92.0,63.0,84.0,0.0,0.0,0.0,0.0,0.0,0.0,0.0,0.0,0.0,0.0,0.0,0.0,0.0,0.0,0.0,0.0,0.0,0.0,8.0,2.0,1.0
2981,24.98711580000008,0,8.49,1.8707,2.5049,1.8395,0.197,0.0036,0.0079,0.0002,0.0352,0.0496,0.0019,0.0008,0.0111,0.0001,0.0017,0.0016,0.0001,0.0001,0.0082,0.0012,0.0005,0.0001,0.0032,0.091,0.0223,0.0,0.0127,0.0,155.0,0.0,92.0,63.0,84.0,0.0,0.0,0.0,0.0,0.0,0.0,0.0,0.0,0.0,0.0,0.0,0.0,0.0,0.0,0.0,0.0,0.0,0.0,8.0,2.0,1.0
2982,24.995605800000078,0,7.9965,2.1093,2.2131,1.9121,0.1974,0.0032,0.0082,0.0002,0.0417,0.0557,0.0019,0.0007,0.0085,0.0001,0.0018,0.0014,0.0001,0.0006,0.0081,0.0012,0.0005,0.0001,0.0035,0.094,0.022,0.0,0.0122,0.0,155.0,0.0,92.0,63.0,84.0,0.0,0.0,0.0,0.0,0.0,0.0,0.0,0.0,0.0,0.0,0.0,0.0,0.0,0.0,0.0,0.0,0.0,0.0,8.0,2.0,1.0
2983,25.00360230000008,0,8.3718,1.9198,2.2234,1.8807,0.1909,0.0031,0.0078,0.0001,0.033,0.046,0.0018,0.0008,0.0093,0.0002,0.0018,0.0016,0.0,0.0006,0.0082,0.0012,0.0005,0.0001,0.0033,0.0863,0.0199,0.0,0.0119,0.0,155.0,0.0,92.0,63.0,84.0,0.0,0.0,0.0,0.0,0.0,0.0,0.0,0.0,0.0,0.0,0.0,0.0,0.0,0.0,0.0,0.0,0.0,0.0,8.0,2.0,1.0
2984,25.011974100000078,0,8.2804,1.7111,2.123,1.9163,0.1952,0.0031,0.008,0.0007,0.0464,0.0601,0.0023,0.0006,0.0091,0.0001,0.0013,0.0016,0.0,0.0001,0.0084,0.0011,0.0004,0.0001,0.0032,0.0991,0.0209,0.0,0.0128,0.0,155.0,0.0,92.0,63.0,84.0,0.0,0.0,0.0,0.0,0.0,0.0,0.0,0.0,0.0,0.0,0.0,0.0,0.0,0.0,0.0,0.0,0.0,0.0,8.0,2.0,1.0
2985,25.02025450000008,0,8.8111,1.7056,2.5333,1.8081,0.1985,0.003,0.0083,0.0002,0.0382,0.0518,0.0019,0.0012,0.0108,0.0001,0.0019,0.0016,0.0001,0.0002,0.0079,0.0012,0.0005,0.0006,0.0032,0.094,0.0186,0.0,0.0124,0.0,155.0,0.0,92.0,63.0,84.0,0.0,0.0,0.0,0.0,0.0,0.0,0.0,0.0,0.0,0.0,0.0,0.0,0.0,0.0,0.0,0.0,0.0,0.0,8.0,2.0,1.0
2986,25.029065600000077,0,7.8098,1.9987,2.215,1.7761,0.1898,0.0028,0.0074,0.0002,0.0413,0.0542,0.0019,0.0007,0.0096,0.0002,0.0012,0.0019,0.0001,0.0001,0.0074,0.0011,0.0009,0.0001,0.0031,0.0923,0.0209,0.0001,0.0123,0.0,155.0,0.0,92.0,63.0,84.0,0.0,0.0,0.0,0.0,0.0,0.0,0.0,0.0,0.0,0.0,0.0,0.0,0.0,0.0,0.0,0.0,0.0,0.0,8.0,2.0,1.0
2987,25.036875400000078,0,8.3894,2.3389,2.1468,1.8022,0.1685,0.0026,0.0072,0.0002,0.0273,0.0391,0.0018,0.0006,0.009,0.0001,0.0012,0.0019,0.0001,0.0001,0.0071,0.001,0.0005,0.0001,0.003,0.0761,0.0198,0.0,0.0138,0.0,155.0,0.0,92.0,63.0,84.0,0.0,0.0,0.0,0.0,0.0,0.0,0.0,0.0,0.0,0.0,0.0,0.0,0.0,0.0,0.0,0.0,0.0,0.0,8.0,2.0,1.0
2988,25.045264800000076,0,8.2375,1.8132,2.0466,1.7335,0.1851,0.0027,0.0075,0.0003,0.0393,0.0519,0.0021,0.0007,0.01,0.0001,0.0014,0.0018,0.0001,0.0001,0.0076,0.0011,0.0004,0.0001,0.0032,0.0902,0.0191,0.0,0.0129,0.0,155.0,0.0,92.0,63.0,84.0,0.0,0.0,0.0,0.0,0.0,0.0,0.0,0.0,0.0,0.0,0.0,0.0,0.0,0.0,0.0,0.0,0.0,0.0,8.0,2.0,1.0
2989,25.053502300000076,0,8.4993,1.8165,2.2557,1.8895,0.1982,0.0036,0.0087,0.0002,0.0284,0.0435,0.0021,0.0013,0.0117,0.0002,0.0014,0.0015,0.0006,0.0001,0.0083,0.0013,0.0007,0.0001,0.0036,0.0881,0.0218,0.0001,0.0124,0.0,155.0,0.0,92.0,63.0,84.0,0.0,0.0,0.0,0.0,0.0,0.0,0.0,0.0,0.0,0.0,0.0,0.0,0.0,0.0,0.0,0.0,0.0,0.0,8.0,2.0,1.0
2990,25.062001600000077,0,8.4492,1.7532,2.2746,1.9491,0.1895,0.0034,0.0079,0.0003,0.0398,0.0536,0.0024,0.0008,0.0094,0.0001,0.0012,0.0014,0.0,0.0001,0.008,0.0011,0.0004,0.0001,0.0032,0.0929,0.0187,0.0001,0.0125,0.0,155.0,0.0,92.0,63.0,84.0,0.0,0.0,0.0,0.0,0.0,0.0,0.0,0.0,0.0,0.0,0.0,0.0,0.0,0.0,0.0,0.0,0.0,0.0,8.0,2.0,1.0
2991,25.070450800000078,0,8.2659,2.1665,2.2329,1.7674,0.2021,0.0028,0.0081,0.0004,0.0336,0.0473,0.0019,0.0015,0.0107,0.0002,0.0021,0.0016,0.0001,0.0001,0.0084,0.0011,0.0005,0.0002,0.0031,0.0898,0.0222,0.0,0.014,0.0,155.0,0.0,92.0,63.0,84.0,0.0,0.0,0.0,0.0,0.0,0.0,0.0,0.0,0.0,0.0,0.0,0.0,0.0,0.0,0.0,0.0,0.0,0.0,8.0,2.0,1.0
2992,25.07871670000008,0,8.5521,1.8739,2.519,1.8485,0.2061,0.0034,0.0075,0.0002,0.0437,0.0569,0.0025,0.0008,0.0099,0.0001,0.0014,0.0021,0.0001,0.0001,0.0082,0.0018,0.0005,0.0001,0.0033,0.0986,0.0213,0.0,0.0127,0.0,155.0,0.0,92.0,63.0,84.0,0.0,0.0,0.0,0.0,0.0,0.0,0.0,0.0,0.0,0.0,0.0,0.0,0.0,0.0,0.0,0.0,0.0,0.0,8.0,2.0,1.0
2993,25.08726880000008,0,8.3073,2.1543,2.4524,2.0151,0.2185,0.0033,0.0094,0.0003,0.0347,0.0507,0.0021,0.001,0.01,0.0002,0.0015,0.0021,0.0001,0.0001,0.0094,0.0012,0.0006,0.0001,0.0036,0.0962,0.0231,0.0001,0.0124,0.0,155.0,0.0,92.0,63.0,84.0,0.0,0.0,0.0,0.0,0.0,0.0,0.0,0.0,0.0,0.0,0.0,0.0,0.0,0.0,0.0,0.0,0.0,0.0,8.0,2.0,1.0
2994,25.095576100000077,0,8.4317,2.1122,2.6181,1.9086,0.1982,0.003,0.006,0.0003,0.0443,0.0563,0.0021,0.0006,0.0107,0.0001,0.0016,0.0016,0.0001,0.0002,0.0088,0.0012,0.0005,0.0001,0.0032,0.0982,0.0204,0.0,0.0121,0.0,155.0,0.0,92.0,63.0,84.0,0.0,0.0,0.0,0.0,0.0,0.0,0.0,0.0,0.0,0.0,0.0,0.0,0.0,0.0,0.0,0.0,0.0,0.0,8.0,2.0,1.0
2995,25.104007800000076,0,7.8882,1.9813,2.1777,1.8697,0.1874,0.0029,0.0103,0.0003,0.0269,0.043,0.002,0.0005,0.0103,0.0001,0.002,0.0014,0.0001,0.0006,0.0081,0.0011,0.0005,0.0001,0.0035,0.0845,0.0203,0.0001,0.0128,0.0,155.0,0.0,92.0,63.0,84.0,0.0,0.0,0.0,0.0,0.0,0.0,0.0,0.0,0.0,0.0,0.0,0.0,0.0,0.0,0.0,0.0,0.0,0.0,8.0,2.0,1.0
2996,25.111896000000076,0,8.4708,1.7977,2.2115,1.81,0.2013,0.0026,0.0076,0.0003,0.0444,0.0572,0.0018,0.0007,0.0095,0.0001,0.0013,0.0015,0.0001,0.0002,0.0078,0.0013,0.0005,0.0002,0.0037,0.0975,0.0192,0.0001,0.0112,0.0,155.0,0.0,92.0,63.0,84.0,0.0,0.0,0.0,0.0,0.0,0.0,0.0,0.0,0.0,0.0,0.0,0.0,0.0,0.0,0.0,0.0,0.0,0.0,8.0,2.0,1.0
2997,25.120366800000077,0,8.1754,1.844,2.1385,1.8244,0.2074,0.0031,0.0072,0.0002,0.035,0.0484,0.0026,0.0007,0.0116,0.0001,0.0019,0.0016,0.0001,0.0001,0.0088,0.0012,0.0005,0.0,0.0042,0.0934,0.0232,0.0,0.0146,0.0,155.0,0.0,92.0,63.0,84.0,0.0,0.0,0.0,0.0,0.0,0.0,0.0,0.0,0.0,0.0,0.0,0.0,0.0,0.0,0.0,0.0,0.0,0.0,8.0,2.0,1.0
2998,25.128542200000076,0,8.6402,1.8208,2.3675,1.7894,0.2397,0.0031,0.0087,0.0002,0.0559,0.0706,0.0032,0.0009,0.0131,0.0002,0.0018,0.0022,0.0001,0.0001,0.0095,0.0015,0.0006,0.0005,0.0039,0.1216,0.0216,0.0,0.0132,0.0,155.0,0.0,92.0,63.0,84.0,0.0,0.0,0.0,0.0,0.0,0.0,0.0,0.0,0.0,0.0,0.0,0.0,0.0,0.0,0.0,0.0,0.0,0.0,8.0,2.0,1.0
2999,25.137182400000075,0,8.3212,2.2273,2.3269,1.9997,0.2072,0.0036,0.0093,0.0003,0.0311,0.0464,0.0027,0.0014,0.0111,0.0002,0.0019,0.0016,0.0001,0.0001,0.0084,0.0012,0.0005,0.0002,0.0033,0.0899,0.0246,0.0,0.0118,0.0,155.0,0.0,92.0,63.0,84.0,0.0,0.0,0.0,0.0,0.0,0.0,0.0,0.0,0.0,0.0,0.0,0.0,0.0,0.0,0.0,0.0,0.0,0.0,8.0,2.0,1.0
