capture_frame_index,elapsed_start_seconds,event_count,FrameTime_ms,RenderThreadTime_ms,GameThreadTime_ms,RHIThreadTime_ms,PhysicsVerbose/AllWorkers/StepSolver_ms,PhysicsVerbose/AllWorkers/StepSolver_Integrate_ms,PhysicsVerbose/AllWorkers/StepSolver_KinematicTargets_ms,PhysicsVerbose/AllWorkers/StepSolver_UpdateConstraintPositionBasedState_ms,PhysicsVerbose/AllWorkers/StepSolver_ComputeIntermediateSpatialAcceleration_ms,PhysicsVerbose/AllWorkers/StepSolver_IntegrateKinematicSpatial_ms,PhysicsVerbose/AllWorkers/DetectCollisions_BroadPhase_ms,PhysicsVerbose/AllWorkers/DetectCollisions_NarrowPhase_ms,PhysicsVerbose/AllWorkers/StepSolver_DetectCollisions_ms,PhysicsVerbose/AllWorkers/CCD_ms,PhysicsVerbose/AllWorkers/StepSolver_CreateConstraintGraph_ms,PhysicsVerbose/AllWorkers/StepSolver_CreateIslands_ms,PhysicsVerbose/AllWorkers/StepSolver_PruneCollisions_ms,PhysicsVerbose/AllWorkers/StepSolver_ReloadCacheTotalSerialized_ms,PhysicsVerbose/AllWorkers/StepSolver_BuildGroups_ms,PhysicsVerbose/AllWorkers/StepSolver_PerIslandSolve_ms,PhysicsVerbose/AllWorkers/StepSolver_CCDCorrection_ms,PhysicsVerbose/AllWorkers/StepSolver_SavePostSolve_ms,PhysicsVerbose/AllWorkers/StepSolver_DeactivateSleep_ms,PhysicsVerbose/AllWorkers/StepSolver_AdvanceOneTimeStepImpl_ms,PhysicsVerbose/AllWorkers/StepSolver_PullData_ms,PhysicsVerbose/AllWorkers/StepSolver_IslandEndTick_ms,PhysicsVerbose/GameThread/AcquireSceneWriteLock_ms,PhysicsCounters/NumDisabledBodies_native,PhysicsCounters/NumBodies_native,PhysicsCounters/NumDynamicBodies_native,PhysicsCounters/NumKinematicBodies_native,PhysicsCounters/NumStaticBodies_native,PhysicsCounters/NumMovingBodies_native,PhysicsCounters/NumGeometryCollectionBodies_native,PhysicsCounters/NumIslands_native,PhysicsCounters/NumIslandGroups_native,PhysicsCounters/NumContacts_native,PhysicsCounters/NumJoints_native,PhysicsCounters/NumCharacterGroundConstraints_native,PhysicsCounters/NumValidConstraints_native,PhysicsCounters/NumActiveConstraints_native,PhysicsCounters/NumRestoredConstraints_native,PhysicsCounters/NumManifoldPoints_native,PhysicsCounters/NumActiveManifoldPoints_native,PhysicsCounters/NumRestoredManifoldPoints_native,PhysicsCounters/NumUpdatedManifoldPoints_native,PhysicsCounters/NumStaticShapes_native,PhysicsCounters/NumKinematicShapes_native,PhysicsCounters/NumDynamicShapes_native,PhysicsCounters/NumBroadPhasePairs_native,PhysicsCounters/NumMidPhases_native,PhysicsCounters/NumPositionIterations_native,PhysicsCounters/NumVelocityIterations_native,PhysicsCounters/NumProjectionIterations_native
0,0.0,0,11.5685,323.1851,163.1998,20.8486,1.1809,0.0061,0.0055,0.0003,0.1829,0.2028,0.0102,0.0087,0.0594,0.0002,0.0089,0.0102,0.0025,0.0002,0.0138,0.0042,0.0053,0.0001,0.0018,0.3566,0.0516,0.0,0.0012,0.0,65.0,0.0,2.0,63.0,0.0,0.0,0.0,0.0,0.0,0.0,0.0,0.0,0.0,0.0,0.0,0.0,0.0,0.0,0.0,0.0,0.0,0.0,0.0,8.0,2.0,1.0
1,0.0115685,0,2.6185,11.372,5.6058,2.9976,0.2223,0.0055,0.0099,0.0003,0.0955,0.1143,0.0066,0.001,0.0163,0.0001,0.0016,0.002,0.0001,0.0001,0.0097,0.0028,0.0006,0.0,0.0015,0.1621,0.0153,0.0,0.0012,0.0,65.0,0.0,2.0,63.0,1.0,0.0,0.0,0.0,0.0,0.0,0.0,0.0,0.0,0.0,0.0,0.0,0.0,0.0,0.0,0.0,0.0,0.0,0.0,8.0,2.0,1.0
2,0.014187000000000002,0,8.154,2.3805,1.5292,1.7651,0.1349,0.0059,0.0115,0.0003,0.0182,0.0395,0.0022,0.001,0.0103,0.0006,0.002,0.0021,0.0001,0.0001,0.0117,0.0012,0.001,0.0001,0.0011,0.0798,0.0164,0.0,0.0008,0.0,65.0,0.0,2.0,63.0,1.0,0.0,0.0,0.0,0.0,0.0,0.0,0.0,0.0,0.0,0.0,0.0,0.0,0.0,0.0,0.0,0.0,0.0,0.0,8.0,2.0,1.0
3,0.022341,0,8.0901,2.0754,1.5121,1.6726,0.1491,0.0044,0.0042,0.0003,0.0296,0.0411,0.0036,0.0014,0.0179,0.0002,0.0029,0.0022,0.0002,0.0001,0.0105,0.0015,0.0006,0.0002,0.0017,0.0928,0.0209,0.0,0.0009,0.0,65.0,0.0,2.0,63.0,1.0,0.0,0.0,0.0,0.0,0.0,0.0,0.0,0.0,0.0,0.0,0.0,0.0,0.0,0.0,0.0,0.0,0.0,0.0,8.0,2.0,1.0
4,0.0304311,0,8.2797,2.2494,1.3546,1.4596,0.119,0.0049,0.0042,0.0003,0.0229,0.0349,0.0019,0.0014,0.0129,0.0002,0.0017,0.0024,0.0002,0.0001,0.0101,0.0012,0.0005,0.0001,0.0011,0.0732,0.0146,0.0,0.0008,0.0,65.0,0.0,2.0,63.0,1.0,0.0,0.0,0.0,0.0,0.0,0.0,0.0,0.0,0.0,0.0,0.0,0.0,0.0,0.0,0.0,0.0,0.0,0.0,8.0,2.0,1.0
5,0.0387108,0,8.6193,1.964,1.4845,1.4427,0.1152,0.0046,0.0038,0.0002,0.0208,0.0319,0.002,0.0011,0.0094,0.0001,0.0022,0.0016,0.0001,0.0001,0.0104,0.0012,0.0009,0.0001,0.001,0.0675,0.0129,0.0001,0.0016,0.0,65.0,0.0,2.0,63.0,1.0,0.0,0.0,0.0,0.0,0.0,0.0,0.0,0.0,0.0,0.0,0.0,0.0,0.0,0.0,0.0,0.0,0.0,0.0,8.0,2.0,1.0
6,0.0473301,0,8.3777,2.0615,1.5547,1.5758,0.1237,0.0049,0.0037,0.0003,0.028,0.0391,0.002,0.0009,0.0098,0.0003,0.0015,0.002,0.0002,0.0001,0.0091,0.0017,0.0006,0.0001,0.001,0.0739,0.0159,0.0,0.0013,0.0,65.0,0.0,2.0,63.0,1.0,0.0,0.0,0.0,0.0,0.0,0.0,0.0,0.0,0.0,0.0,0.0,0.0,0.0,0.0,0.0,0.0,0.0,0.0,8.0,2.0,1.0
7,0.0557078,0,8.3873,2.0443,1.6738,1.6235,0.1334,0.0048,0.0056,0.0004,0.0149,0.0291,0.0028,0.001,0.0105,0.0001,0.0021,0.0034,0.0004,0.0002,0.0123,0.0012,0.0012,0.0001,0.001,0.0721,0.015,0.0,0.001,0.0,65.0,0.0,2.0,63.0,1.0,0.0,0.0,0.0,0.0,0.0,0.0,0.0,0.0,0.0,0.0,0.0,0.0,0.0,0.0,0.0,0.0,0.0,0.0,8.0,2.0,1.0
8,0.0640951,0,8.0634,2.2548,1.6124,1.661,0.1186,0.0033,0.0062,0.0002,0.0195,0.0319,0.0023,0.0015,0.014,0.0002,0.0015,0.0022,0.0001,0.0001,0.0101,0.0013,0.0005,0.0001,0.001,0.0719,0.0135,0.0,0.0008,0.0,65.0,0.0,2.0,63.0,1.0,0.0,0.0,0.0,0.0,0.0,0.0,0.0,0.0,0.0,0.0,0.0,0.0,0.0,0.0,0.0,0.0,0.0,0.0,8.0,2.0,1.0
9,0.0721585,0,8.5509,1.9789,1.6161,1.2355,0.1128,0.0032,0.004,0.0002,0.0121,0.0218,0.002,0.0012,0.0094,0.0001,0.0019,0.0018,0.0003,0.0002,0.0136,0.0016,0.0006,0.0002,0.0014,0.0638,0.0147,0.0001,0.0016,0.0,65.0,0.0,2.0,63.0,1.0,0.0,0.0,0.0,0.0,0.0,0.0,0.0,0.0,0.0,0.0,0.0,0.0,0.0,0.0,0.0,0.0,0.0,0.0,8.0,2.0,1.0
10,0.0807094,0,8.033,1.9444,1.4712,1.3457,0.1133,0.0037,0.0056,0.0003,0.0216,0.0332,0.0022,0.0009,0.0108,0.0001,0.0019,0.0017,0.0001,0.0001,0.0102,0.0011,0.0005,0.0001,0.001,0.0693,0.0123,0.0,0.0009,0.0,65.0,0.0,2.0,63.0,1.0,0.0,0.0,0.0,0.0,0.0,0.0,0.0,0.0,0.0,0.0,0.0,0.0,0.0,0.0,0.0,0.0,0.0,0.0,8.0,2.0,1.0
11,0.0887424,0,8.4514,1.9383,1.4167,1.3,0.1006,0.0032,0.0056,0.0002,0.0123,0.0234,0.0019,0.0013,0.0083,0.0005,0.0015,0.002,0.0001,0.0001,0.0089,0.0013,0.0005,0.0002,0.001,0.0559,0.0135,0.0,0.0009,0.0,65.0,0.0,2.0,63.0,1.0,0.0,0.0,0.0,0.0,0.0,0.0,0.0,0.0,0.0,0.0,0.0,0.0,0.0,0.0,0.0,0.0,0.0,0.0,8.0,2.0,1.0
12,0.0971938,0,8.446,1.8322,1.3758,1.6241,0.1216,0.0032,0.0043,0.0003,0.0273,0.0372,0.0019,0.001,0.0109,0.0002,0.0015,0.0018,0.0005,0.0001,0.0094,0.0018,0.0005,0.0001,0.0009,0.0741,0.013,0.0,0.0009,0.0,65.0,0.0,2.0,63.0,1.0,0.0,0.0,0.0,0.0,0.0,0.0,0.0,0.0,0.0,0.0,0.0,0.0,0.0,0.0,0.0,0.0,0.0,0.0,8.0,2.0,1.0
13,0.10563979999999999,0,8.3104,2.001,1.6506,1.6884,0.1056,0.0039,0.0061,0.0003,0.0092,0.0229,0.0018,0.001,0.009,0.0002,0.0016,0.0022,0.0001,0.0001,0.01,0.0012,0.0005,0.0002,0.0011,0.0579,0.0133,0.0,0.0009,0.0,65.0,0.0,2.0,63.0,1.0,0.0,0.0,0.0,0.0,0.0,0.0,0.0,0.0,0.0,0.0,0.0,0.0,0.0,0.0,0.0,0.0,0.0,0.0,8.0,2.0,1.0
14,0.11395019999999999,0,8.1522,1.9677,1.5427,1.6949,0.1292,0.0017,0.0068,0.0003,0.0155,0.027,0.0017,0.0011,0.0154,0.0001,0.0024,0.002,0.0001,0.0002,0.012,0.0019,0.0009,0.0002,0.0016,0.0759,0.0175,0.0,0.0016,0.0,65.0,0.0,2.0,63.0,1.0,0.0,0.0,0.0,0.0,0.0,0.0,0.0,0.0,0.0,0.0,0.0,0.0,0.0,0.0,0.0,0.0,0.0,0.0,8.0,2.0,1.0
15,0.12210239999999999,0,8.4955,1.8979,1.4364,1.2433,0.1094,0.0016,0.0049,0.0002,0.0122,0.0221,0.0018,0.0011,0.0085,0.0002,0.0017,0.0024,0.0001,0.0002,0.0097,0.0014,0.0005,0.0002,0.0011,0.0573,0.0171,0.0,0.0009,0.0,65.0,0.0,2.0,63.0,1.0,0.0,0.0,0.0,0.0,0.0,0.0,0.0,0.0,0.0,0.0,0.0,0.0,0.0,0.0,0.0,0.0,0.0,0.0,8.0,2.0,1.0
16,0.1305979,0,8.0722,1.9326,1.4615,1.4997,0.13,0.0032,0.0067,0.0003,0.0316,0.0445,0.0023,0.0011,0.0116,0.0002,0.0015,0.002,0.0001,0.0001,0.0101,0.0011,0.0005,0.0001,0.0018,0.0821,0.0136,0.0,0.0016,0.0,65.0,0.0,2.0,63.0,1.0,0.0,0.0,0.0,0.0,0.0,0.0,0.0,0.0,0.0,0.0,0.0,0.0,0.0,0.0,0.0,0.0,0.0,0.0,8.0,2.0,1.0
17,0.1386701,0,8.5347,1.9765,1.2262,1.313,0.1047,0.002,0.0045,0.0003,0.011,0.0203,0.0022,0.0011,0.009,0.0003,0.0015,0.0022,0.0001,0.0002,0.0098,0.0011,0.0005,0.0001,0.0013,0.056,0.015,0.0,0.0011,0.0,65.0,0.0,2.0,63.0,1.0,0.0,0.0,0.0,0.0,0.0,0.0,0.0,0.0,0.0,0.0,0.0,0.0,0.0,0.0,0.0,0.0,0.0,0.0,8.0,2.0,1.0
18,0.1472048,0,8.3063,1.9074,1.5241,1.2975,0.1106,0.0017,0.0062,0.0002,0.0169,0.0281,0.0019,0.001,0.0087,0.0002,0.0015,0.0021,0.0001,0.0001,0.0095,0.0012,0.0005,0.0001,0.0013,0.0614,0.0159,0.0,0.0011,0.0,65.0,0.0,2.0,63.0,1.0,0.0,0.0,0.0,0.0,0.0,0.0,0.0,0.0,0.0,0.0,0.0,0.0,0.0,0.0,0.0,0.0,0.0,0.0,8.0,2.0,1.0
19,0.15551109999999999,0,8.0315,1.8236,1.3294,1.7817,0.0882,0.0025,0.0042,0.0002,0.01,0.0201,0.0018,0.0006,0.0072,0.0002,0.0014,0.0016,0.0001,0.0001,0.0092,0.0011,0.0004,0.0,0.0007,0.0498,0.0107,0.0,0.0009,0.0,65.0,0.0,2.0,63.0,1.0,0.0,0.0,0.0,0.0,0.0,0.0,0.0,0.0,0.0,0.0,0.0,0.0,0.0,0.0,0.0,0.0,0.0,0.0,8.0,2.0,1.0
20,0.16354259999999998,0,8.566,1.5232,1.15,1.05,0.1016,0.0033,0.004,0.0002,0.0196,0.0299,0.0018,0.0007,0.0066,0.0001,0.0014,0.0015,0.0,0.0001,0.0092,0.0017,0.0005,0.0001,0.0008,0.0595,0.0116,0.0,0.001,0.0,65.0,0.0,2.0,63.0,1.0,0.0,0.0,0.0,0.0,0.0,0.0,0.0,0.0,0.0,0.0,0.0,0.0,0.0,0.0,0.0,0.0,0.0,0.0,8.0,2.0,1.0
21,0.17210859999999997,0,8.1056,1.6237,1.349,1.3339,0.0881,0.0014,0.0039,0.0002,0.0092,0.0173,0.0022,0.0007,0.0074,0.0002,0.0015,0.0015,0.0001,0.0002,0.0089,0.0011,0.0004,0.0001,0.0008,0.0473,0.0115,0.0001,0.001,0.0,65.0,0.0,2.0,63.0,1.0,0.0,0.0,0.0,0.0,0.0,0.0,0.0,0.0,0.0,0.0,0.0,0.0,0.0,0.0,0.0,0.0,0.0,0.0,8.0,2.0,1.0
22,0.18021419999999996,0,8.6714,1.7565,1.216,1.1921,0.113,0.0019,0.0043,0.0003,0.019,0.029,0.0023,0.0012,0.0098,0.0002,0.0013,0.0023,0.0001,0.0002,0.0087,0.0016,0.0004,0.0,0.001,0.0639,0.0121,0.0001,0.0011,0.0,65.0,0.0,2.0,63.0,1.0,0.0,0.0,0.0,0.0,0.0,0.0,0.0,0.0,0.0,0.0,0.0,0.0,0.0,0.0,0.0,0.0,0.0,0.0,8.0,2.0,1.0
23,0.18888559999999996,0,8.1876,1.853,1.5364,1.3302,0.1131,0.0021,0.0047,0.0003,0.0141,0.0237,0.0021,0.0011,0.0093,0.0001,0.0016,0.0023,0.0001,0.0001,0.0102,0.0013,0.0006,0.0001,0.001,0.0599,0.0166,0.0001,0.0009,0.0,65.0,0.0,2.0,63.0,1.0,0.0,0.0,0.0,0.0,0.0,0.0,0.0,0.0,0.0,0.0,0.0,0.0,0.0,0.0,0.0,0.0,0.0,0.0,8.0,2.0,1.0
24,0.19707319999999995,0,8.3787,1.7703,1.362,1.662,0.1183,0.0034,0.0071,0.0003,0.0151,0.0295,0.0021,0.0012,0.0113,0.0001,0.002,0.0016,0.0001,0.0002,0.0103,0.0012,0.0011,0.0002,0.0012,0.0674,0.015,0.0,0.001,0.0,65.0,0.0,2.0,63.0,1.0,0.0,0.0,0.0,0.0,0.0,0.0,0.0,0.0,0.0,0.0,0.0,0.0,0.0,0.0,0.0,0.0,0.0,0.0,8.0,2.0,1.0
25,0.20545189999999994,0,8.5177,1.8283,1.5893,1.307,0.1726,0.0017,0.0062,0.0003,0.0744,0.0851,0.002,0.0012,0.0093,0.0002,0.0023,0.0018,0.0002,0.0005,0.01,0.0014,0.0006,0.0,0.0014,0.1221,0.0155,0.0001,0.0012,0.0,65.0,0.0,2.0,63.0,1.0,0.0,0.0,0.0,0.0,0.0,0.0,0.0,0.0,0.0,0.0,0.0,0.0,0.0,0.0,0.0,0.0,0.0,0.0,8.0,2.0,1.0
26,0.21396959999999993,0,8.0797,1.8286,1.3258,1.3212,0.1055,0.0018,0.0049,0.0003,0.0159,0.0255,0.0019,0.0012,0.0084,0.0002,0.0014,0.0019,0.0001,0.0001,0.0092,0.0014,0.0005,0.0001,0.001,0.0584,0.0126,0.0,0.0008,0.0,65.0,0.0,2.0,63.0,1.0,0.0,0.0,0.0,0.0,0.0,0.0,0.0,0.0,0.0,0.0,0.0,0.0,0.0,0.0,0.0,0.0,0.0,0.0,8.0,2.0,1.0
27,0.22204929999999992,0,8.4114,1.7659,1.3326,1.4371,0.1081,0.0021,0.006,0.0003,0.0125,0.0239,0.0019,0.0009,0.0095,0.0002,0.0023,0.0018,0.0001,0.0001,0.0099,0.0012,0.0005,0.0001,0.001,0.0593,0.014,0.0001,0.0009,0.0,65.0,0.0,2.0,63.0,1.0,0.0,0.0,0.0,0.0,0.0,0.0,0.0,0.0,0.0,0.0,0.0,0.0,0.0,0.0,0.0,0.0,0.0,0.0,8.0,2.0,1.0
28,0.23046069999999994,0,8.2463,1.9471,1.4068,1.5009,0.1087,0.0023,0.0049,0.0002,0.0156,0.0256,0.0019,0.0012,0.0112,0.0001,0.0019,0.0017,0.0005,0.0001,0.0094,0.0019,0.0005,0.0001,0.001,0.0628,0.0118,0.0001,0.001,0.0,65.0,0.0,2.0,63.0,1.0,0.0,0.0,0.0,0.0,0.0,0.0,0.0,0.0,0.0,0.0,0.0,0.0,0.0,0.0,0.0,0.0,0.0,0.0,8.0,2.0,1.0
29,0.23870699999999995,0,8.1814,1.8233,1.225,1.3623,0.0916,0.0012,0.0054,0.0003,0.0078,0.0173,0.0022,0.0008,0.0091,0.0002,0.0016,0.0017,0.0001,0.0001,0.0093,0.0013,0.0006,0.0001,0.0009,0.0499,0.0117,0.0,0.0009,0.0,65.0,0.0,2.0,63.0,1.0,0.0,0.0,0.0,0.0,0.0,0.0,0.0,0.0,0.0,0.0,0.0,0.0,0.0,0.0,0.0,0.0,0.0,0.0,8.0,2.0,1.0
30,0.24688839999999995,0,8.3167,1.6191,1.1633,1.3341,0.0975,0.0012,0.0056,0.0001,0.0162,0.0262,0.0023,0.0007,0.0089,0.0001,0.0016,0.0013,0.0001,0.0001,0.0082,0.001,0.0005,0.0001,0.0008,0.0573,0.0109,0.0,0.001,0.0,65.0,0.0,2.0,63.0,1.0,0.0,0.0,0.0,0.0,0.0,0.0,0.0,0.0,0.0,0.0,0.0,0.0,0.0,0.0,0.0,0.0,0.0,0.0,8.0,2.0,1.0
31,0.25520509999999996,0,8.4084,2.026,1.1826,1.5335,0.1031,0.0019,0.0044,0.0003,0.0111,0.02,0.0027,0.0011,0.0093,0.0001,0.0015,0.0023,0.0001,0.0001,0.0093,0.0013,0.0005,0.0001,0.0012,0.055,0.0149,0.0,0.0009,0.0,65.0,0.0,2.0,63.0,1.0,0.0,0.0,0.0,0.0,0.0,0.0,0.0,0.0,0.0,0.0,0.0,0.0,0.0,0.0,0.0,0.0,0.0,0.0,8.0,2.0,1.0
32,0.26361349999999995,0,8.2319,1.7967,1.1601,1.3402,0.0924,0.0019,0.0045,0.0002,0.0138,0.0226,0.0018,0.0007,0.0088,0.0001,0.0019,0.0015,0.0,0.0001,0.0072,0.0012,0.0004,0.0,0.0009,0.053,0.0114,0.0,0.001,0.0,65.0,0.0,2.0,63.0,1.0,0.0,0.0,0.0,0.0,0.0,0.0,0.0,0.0,0.0,0.0,0.0,0.0,0.0,0.0,0.0,0.0,0.0,0.0,8.0,2.0,1.0
33,0.27184539999999996,0,8.371,1.5667,1.1333,1.156,0.0912,0.0015,0.005,0.0002,0.0098,0.019,0.0018,0.0012,0.0074,0.0001,0.0015,0.002,0.0001,0.0001,0.0084,0.0016,0.0004,0.0001,0.0009,0.05,0.0114,0.0001,0.0009,0.0,65.0,0.0,2.0,63.0,1.0,0.0,0.0,0.0,0.0,0.0,0.0,0.0,0.0,0.0,0.0,0.0,0.0,0.0,0.0,0.0,0.0,0.0,0.0,8.0,2.0,1.0
34,0.2802164,0,8.3046,1.8041,1.1568,1.4462,0.0948,0.0016,0.0022,0.0002,0.0163,0.0229,0.0022,0.0009,0.0075,0.0001,0.0018,0.0015,0.0001,0.0005,0.0086,0.0012,0.0005,0.0,0.0009,0.0538,0.0112,0.0001,0.001,0.0,65.0,0.0,2.0,63.0,1.0,0.0,0.0,0.0,0.0,0.0,0.0,0.0,0.0,0.0,0.0,0.0,0.0,0.0,0.0,0.0,0.0,0.0,0.0,8.0,2.0,1.0
35,0.28852099999999997,0,8.3448,1.6389,1.1242,1.1785,0.098,0.0016,0.0048,0.0003,0.0116,0.0205,0.002,0.0009,0.008,0.0002,0.0015,0.0016,0.0001,0.0001,0.0091,0.0016,0.0005,0.0,0.001,0.0526,0.0134,0.0001,0.001,0.0,65.0,0.0,2.0,63.0,1.0,0.0,0.0,0.0,0.0,0.0,0.0,0.0,0.0,0.0,0.0,0.0,0.0,0.0,0.0,0.0,0.0,0.0,0.0,8.0,2.0,1.0
36,0.29686579999999996,0,8.3972,1.6036,1.1962,1.3894,0.0963,0.0015,0.0047,0.0003,0.0148,0.0234,0.0022,0.0008,0.0077,0.0002,0.0019,0.0016,0.0001,0.0001,0.0084,0.0012,0.001,0.0001,0.0009,0.0544,0.0117,0.0,0.0009,0.0,65.0,0.0,2.0,63.0,1.0,0.0,0.0,0.0,0.0,0.0,0.0,0.0,0.0,0.0,0.0,0.0,0.0,0.0,0.0,0.0,0.0,0.0,0.0,8.0,2.0,1.0
37,0.30526299999999995,0,8.393,1.6517,1.1845,1.2052,0.1018,0.0022,0.0049,0.0007,0.0128,0.0227,0.0024,0.001,0.0089,0.0005,0.0015,0.0019,0.0001,0.0001,0.009,0.0016,0.0005,0.0001,0.001,0.0551,0.0137,0.0,0.0011,0.0,65.0,0.0,2.0,63.0,1.0,0.0,0.0,0.0,0.0,0.0,0.0,0.0,0.0,0.0,0.0,0.0,0.0,0.0,0.0,0.0,0.0,0.0,0.0,8.0,2.0,1.0
38,0.31365599999999993,0,8.2591,1.765,1.2602,1.2361,0.1018,0.0012,0.0045,0.0002,0.018,0.0264,0.0017,0.0008,0.0089,0.0001,0.0019,0.0017,0.0001,0.0001,0.0091,0.0013,0.0004,0.0001,0.0013,0.0589,0.0115,0.0,0.001,0.0,65.0,0.0,2.0,63.0,1.0,0.0,0.0,0.0,0.0,0.0,0.0,0.0,0.0,0.0,0.0,0.0,0.0,0.0,0.0,0.0,0.0,0.0,0.0,8.0,2.0,1.0
39,0.32191509999999995,0,8.3512,1.7005,1.204,1.3343,0.096,0.0014,0.006,0.0003,0.0115,0.0212,0.0022,0.0009,0.0083,0.0002,0.0017,0.0019,0.0001,0.0002,0.0087,0.0011,0.001,0.0001,0.0009,0.0534,0.0121,0.0001,0.0008,0.0,65.0,0.0,2.0,63.0,1.0,0.0,0.0,0.0,0.0,0.0,0.0,0.0,0.0,0.0,0.0,0.0,0.0,0.0,0.0,0.0,0.0,0.0,0.0,8.0,2.0,1.0
40,0.33026629999999996,0,8.2157,1.8096,1.1247,1.1012,0.0923,0.001,0.0046,0.0002,0.017,0.0252,0.0019,0.0006,0.0077,0.0002,0.0015,0.0013,0.0001,0.0001,0.0089,0.0011,0.0004,0.0001,0.0012,0.0544,0.0111,0.0,0.0008,0.0,65.0,0.0,2.0,63.0,1.0,0.0,0.0,0.0,0.0,0.0,0.0,0.0,0.0,0.0,0.0,0.0,0.0,0.0,0.0,0.0,0.0,0.0,0.0,8.0,2.0,1.0
41,0.33848199999999995,0,8.3524,1.5912,1.0849,1.1403,0.0897,0.0015,0.0066,0.0002,0.0119,0.023,0.0017,0.0009,0.0075,0.0002,0.0013,0.0021,0.0001,0.0001,0.0081,0.001,0.0004,0.0001,0.0008,0.0525,0.0103,0.0,0.0009,0.0,65.0,0.0,2.0,63.0,1.0,0.0,0.0,0.0,0.0,0.0,0.0,0.0,0.0,0.0,0.0,0.0,0.0,0.0,0.0,0.0,0.0,0.0,0.0,8.0,2.0,1.0
42,0.34683439999999993,0,8.5887,1.6463,1.2927,1.2703,0.0986,0.0013,0.0042,0.0002,0.0173,0.0254,0.0018,0.0008,0.0078,0.0002,0.0015,0.0018,0.0002,0.0001,0.0083,0.0011,0.0004,0.0001,0.0009,0.056,0.012,0.0,0.001,0.0,65.0,0.0,2.0,63.0,1.0,0.0,0.0,0.0,0.0,0.0,0.0,0.0,0.0,0.0,0.0,0.0,0.0,0.0,0.0,0.0,0.0,0.0,0.0,8.0,2.0,1.0
43,0.35542309999999994,0,8.1176,1.6333,1.2511,1.2049,0.0899,0.0012,0.0042,0.0002,0.0115,0.0198,0.0022,0.0008,0.0079,0.0001,0.0016,0.0014,0.0001,0.0001,0.0083,0.0017,0.0005,0.0,0.0008,0.05,0.0105,0.0,0.0007,0.0,65.0,0.0,2.0,63.0,1.0,0.0,0.0,0.0,0.0,0.0,0.0,0.0,0.0,0.0,0.0,0.0,0.0,0.0,0.0,0.0,0.0,0.0,0.0,8.0,2.0,1.0
44,0.36354069999999994,0,8.4787,1.6527,1.203,1.1999,0.0976,0.0011,0.0062,0.0002,0.0164,0.0262,0.0018,0.0007,0.0071,0.0005,0.0014,0.0015,0.0001,0.0002,0.0082,0.0011,0.0004,0.0,0.0011,0.0553,0.0136,0.0,0.0007,0.0,65.0,0.0,2.0,63.0,1.0,0.0,0.0,0.0,0.0,0.0,0.0,0.0,0.0,0.0,0.0,0.0,0.0,0.0,0.0,0.0,0.0,0.0,0.0,8.0,2.0,1.0
45,0.37201939999999994,0,8.2832,1.6975,1.2072,1.2385,0.0899,0.0013,0.0047,0.0002,0.0082,0.0166,0.0016,0.0006,0.0075,0.0001,0.0015,0.0016,0.0006,0.0002,0.0084,0.0018,0.0004,0.0,0.0009,0.0479,0.0111,0.0001,0.0009,0.0,65.0,0.0,2.0,63.0,1.0,0.0,0.0,0.0,0.0,0.0,0.0,0.0,0.0,0.0,0.0,0.0,0.0,0.0,0.0,0.0,0.0,0.0,0.0,8.0,2.0,1.0
46,0.38030259999999994,0,8.3972,1.6081,1.2053,1.373,0.096,0.0012,0.0056,0.0002,0.0127,0.023,0.0017,0.0008,0.0081,0.0001,0.0017,0.0016,0.0001,0.0001,0.0085,0.0012,0.0005,0.0,0.0009,0.0539,0.0124,0.0,0.0009,0.0,65.0,0.0,2.0,63.0,1.0,0.0,0.0,0.0,0.0,0.0,0.0,0.0,0.0,0.0,0.0,0.0,0.0,0.0,0.0,0.0,0.0,0.0,0.0,8.0,2.0,1.0
47,0.38869979999999993,0,8.2047,1.629,1.27,1.2959,0.0917,0.0018,0.0043,0.0002,0.0118,0.0202,0.0024,0.0007,0.0076,0.0001,0.0021,0.0017,0.0001,0.0001,0.0083,0.001,0.0005,0.0001,0.001,0.0507,0.0111,0.0,0.0009,0.0,65.0,0.0,2.0,63.0,1.0,0.0,0.0,0.0,0.0,0.0,0.0,0.0,0.0,0.0,0.0,0.0,0.0,0.0,0.0,0.0,0.0,0.0,0.0,8.0,2.0,1.0
48,0.39690449999999994,0,8.4208,1.5686,1.2829,1.259,0.1093,0.0017,0.0045,0.0003,0.0186,0.0283,0.0019,0.0011,0.0102,0.0001,0.0016,0.0017,0.0005,0.0001,0.0093,0.0016,0.0005,0.0,0.0009,0.0632,0.0123,0.0,0.001,0.0,65.0,0.0,2.0,63.0,1.0,0.0,0.0,0.0,0.0,0.0,0.0,0.0,0.0,0.0,0.0,0.0,0.0,0.0,0.0,0.0,0.0,0.0,0.0,8.0,2.0,1.0
49,0.40532529999999994,0,8.192,1.7342,1.1537,1.4088,0.0838,0.0012,0.0038,0.0002,0.0097,0.0176,0.0018,0.0007,0.0072,0.0002,0.0017,0.0015,0.0,0.0006,0.0089,0.0011,0.0005,0.0001,0.0008,0.048,0.0091,0.0001,0.0009,0.0,65.0,0.0,2.0,63.0,1.0,0.0,0.0,0.0,0.0,0.0,0.0,0.0,0.0,0.0,0.0,0.0,0.0,0.0,0.0,0.0,0.0,0.0,0.0,8.0,2.0,1.0
50,0.4135172999999999,0,8.3422,1.6678,1.1203,1.1302,0.0923,0.0012,0.0073,0.0002,0.0123,0.0235,0.0016,0.0013,0.0076,0.0001,0.0013,0.002,0.0001,0.0002,0.0082,0.0012,0.001,0.0001,0.0009,0.0533,0.0113,0.0001,0.0009,0.0,65.0,0.0,2.0,63.0,1.0,0.0,0.0,0.0,0.0,0.0,0.0,0.0,0.0,0.0,0.0,0.0,0.0,0.0,0.0,0.0,0.0,0.0,0.0,8.0,2.0,1.0
51,0.42185949999999994,0,8.3005,1.5681,1.0934,1.858,0.0899,0.0014,0.0043,0.0002,0.0082,0.0166,0.002,0.0008,0.0082,0.0001,0.0019,0.0015,0.0001,0.0003,0.0084,0.0013,0.0005,0.0,0.0011,0.0484,0.0119,0.0,0.0015,0.0,65.0,0.0,2.0,63.0,1.0,0.0,0.0,0.0,0.0,0.0,0.0,0.0,0.0,0.0,0.0,0.0,0.0,0.0,0.0,0.0,0.0,0.0,0.0,8.0,2.0,1.0
52,0.43015999999999993,0,8.312,1.5765,1.0967,1.1025,0.0907,0.0012,0.0058,0.0003,0.0152,0.025,0.0022,0.0008,0.0077,0.0001,0.0018,0.0015,0.0001,0.0001,0.0074,0.0011,0.0004,0.0,0.0008,0.0529,0.0113,0.0001,0.0009,0.0,65.0,0.0,2.0,63.0,1.0,0.0,0.0,0.0,0.0,0.0,0.0,0.0,0.0,0.0,0.0,0.0,0.0,0.0,0.0,0.0,0.0,0.0,0.0,8.0,2.0,1.0
53,0.4384719999999999,0,8.4702,1.6679,1.161,1.236,0.1047,0.0021,0.006,0.0002,0.0087,0.0199,0.0017,0.0008,0.0108,0.0001,0.0021,0.0016,0.0001,0.0005,0.0087,0.0013,0.0004,0.0,0.0008,0.055,0.0136,0.0,0.0015,0.0,65.0,0.0,2.0,63.0,1.0,0.0,0.0,0.0,0.0,0.0,0.0,0.0,0.0,0.0,0.0,0.0,0.0,0.0,0.0,0.0,0.0,0.0,0.0,8.0,2.0,1.0
54,0.4469421999999999,0,8.3341,1.638,1.105,1.124,0.0929,0.001,0.006,0.0001,0.0151,0.0244,0.0023,0.0007,0.0077,0.0002,0.002,0.0014,0.0001,0.0001,0.0097,0.001,0.0004,0.0001,0.001,0.0551,0.0111,0.0,0.001,0.0,65.0,0.0,2.0,63.0,1.0,0.0,0.0,0.0,0.0,0.0,0.0,0.0,0.0,0.0,0.0,0.0,0.0,0.0,0.0,0.0,0.0,0.0,0.0,8.0,2.0,1.0
55,0.4552762999999999,0,8.5226,1.6337,1.4618,1.1198,0.0914,0.0012,0.0058,0.0003,0.01,0.0193,0.0017,0.0009,0.007,0.0001,0.0014,0.0019,0.0001,0.0001,0.0084,0.0017,0.0004,0.0002,0.0009,0.0498,0.0114,0.0,0.001,0.0,65.0,0.0,2.0,63.0,1.0,0.0,0.0,0.0,0.0,0.0,0.0,0.0,0.0,0.0,0.0,0.0,0.0,0.0,0.0,0.0,0.0,0.0,0.0,8.0,2.0,1.0
56,0.4637988999999999,0,8.1361,1.5512,1.2339,1.2457,0.0888,0.0012,0.0059,0.0002,0.0138,0.0239,0.0016,0.0007,0.0085,0.0001,0.0013,0.002,0.0,0.0001,0.0078,0.001,0.0004,0.0,0.0008,0.0529,0.0102,0.0,0.0009,0.0,65.0,0.0,2.0,63.0,1.0,0.0,0.0,0.0,0.0,0.0,0.0,0.0,0.0,0.0,0.0,0.0,0.0,0.0,0.0,0.0,0.0,0.0,0.0,8.0,2.0,1.0
57,0.4719349999999999,0,8.2732,1.5472,1.3375,1.2433,0.0871,0.0018,0.0037,0.0002,0.0083,0.0161,0.0016,0.0007,0.0075,0.0006,0.0013,0.0015,0.0006,0.0001,0.0087,0.0011,0.0008,0.0,0.0008,0.0466,0.011,0.0001,0.001,0.0,65.0,0.0,2.0,63.0,1.0,0.0,0.0,0.0,0.0,0.0,0.0,0.0,0.0,0.0,0.0,0.0,0.0,0.0,0.0,0.0,0.0,0.0,0.0,8.0,2.0,1.0
58,0.48020819999999986,0,8.3804,1.6037,1.2042,1.1028,0.0913,0.0013,0.0039,0.0002,0.0138,0.0217,0.0018,0.0012,0.0076,0.0001,0.0014,0.0021,0.0002,0.0001,0.0085,0.0012,0.001,0.0001,0.0009,0.0527,0.0111,0.0,0.001,0.0,65.0,0.0,2.0,63.0,1.0,0.0,0.0,0.0,0.0,0.0,0.0,0.0,0.0,0.0,0.0,0.0,0.0,0.0,0.0,0.0,0.0,0.0,0.0,8.0,2.0,1.0
59,0.4885885999999999,0,8.2298,1.5858,1.0926,1.3548,0.0957,0.0015,0.006,0.0003,0.013,0.0229,0.002,0.0008,0.0078,0.0001,0.0013,0.0021,0.0001,0.0001,0.0087,0.0012,0.0005,0.0001,0.0008,0.0545,0.0118,0.0001,0.001,0.0,65.0,0.0,2.0,63.0,1.0,0.0,0.0,0.0,0.0,0.0,0.0,0.0,0.0,0.0,0.0,0.0,0.0,0.0,0.0,0.0,0.0,0.0,0.0,8.0,2.0,1.0
60,0.4968183999999999,0,8.3798,1.5914,1.0676,1.1214,0.1007,0.0015,0.0045,0.0002,0.017,0.0263,0.0021,0.0008,0.0081,0.0002,0.0012,0.0015,0.0001,0.0001,0.0084,0.0012,0.0005,0.0,0.0008,0.0581,0.0125,0.0001,0.0009,0.0,65.0,0.0,2.0,63.0,1.0,0.0,0.0,0.0,0.0,0.0,0.0,0.0,0.0,0.0,0.0,0.0,0.0,0.0,0.0,0.0,0.0,0.0,0.0,8.0,2.0,1.0
61,0.5051981999999999,0,8.3659,1.534,1.1641,1.0979,0.0931,0.0012,0.0044,0.0001,0.0112,0.0196,0.0026,0.0007,0.0084,0.0002,0.0017,0.0016,0.0,0.0001,0.0085,0.0011,0.0004,0.0001,0.0009,0.0505,0.0134,0.0,0.0007,0.0,65.0,0.0,2.0,63.0,1.0,0.0,0.0,0.0,0.0,0.0,0.0,0.0,0.0,0.0,0.0,0.0,0.0,0.0,0.0,0.0,0.0,0.0,0.0,8.0,2.0,1.0
62,0.5135641,0,8.269,1.6873,1.1127,1.2753,0.093,0.0013,0.0072,0.0005,0.0139,0.025,0.0018,0.0012,0.0078,0.0005,0.0013,0.0013,0.0001,0.0001,0.0079,0.0011,0.0005,0.0001,0.0014,0.0546,0.0106,0.0,0.0014,0.0,65.0,0.0,2.0,63.0,1.0,0.0,0.0,0.0,0.0,0.0,0.0,0.0,0.0,0.0,0.0,0.0,0.0,0.0,0.0,0.0,0.0,0.0,0.0,8.0,2.0,1.0
63,0.5218330999999999,0,8.3865,1.5284,1.1252,1.1117,0.0998,0.0019,0.0051,0.0002,0.0128,0.0223,0.0024,0.0008,0.0088,0.0002,0.0017,0.0018,0.0,0.0002,0.0084,0.0012,0.0005,0.0,0.0011,0.0547,0.0126,0.0,0.001,0.0,65.0,0.0,2.0,63.0,1.0,0.0,0.0,0.0,0.0,0.0,0.0,0.0,0.0,0.0,0.0,0.0,0.0,0.0,0.0,0.0,0.0,0.0,0.0,8.0,2.0,1.0
64,0.5302195999999999,0,8.259,1.7125,1.1321,1.1923,0.0919,0.0014,0.004,0.0002,0.0174,0.0256,0.0018,0.0007,0.007,0.0001,0.0014,0.0019,0.0,0.0001,0.0079,0.0011,0.0009,0.0,0.0008,0.0541,0.0109,0.0,0.001,0.0,65.0,0.0,2.0,63.0,1.0,0.0,0.0,0.0,0.0,0.0,0.0,0.0,0.0,0.0,0.0,0.0,0.0,0.0,0.0,0.0,0.0,0.0,0.0,8.0,2.0,1.0
65,0.5384785999999999,0,8.3919,1.6033,1.0966,1.24,0.0923,0.0013,0.0062,0.0002,0.0091,0.0189,0.0021,0.0009,0.0086,0.0002,0.0016,0.0017,0.0001,0.0001,0.008,0.0014,0.0004,0.0001,0.001,0.0504,0.0122,0.0,0.001,0.0,65.0,0.0,2.0,63.0,1.0,0.0,0.0,0.0,0.0,0.0,0.0,0.0,0.0,0.0,0.0,0.0,0.0,0.0,0.0,0.0,0.0,0.0,0.0,8.0,2.0,1.0
66,0.5468704999999999,0,8.2895,1.6235,1.1315,1.3337,0.0993,0.0018,0.0045,0.0002,0.017,0.0257,0.0019,0.0008,0.0077,0.0002,0.0021,0.0016,0.0001,0.0002,0.0078,0.0013,0.0006,0.0001,0.0009,0.0558,0.0133,0.0,0.0011,0.0,65.0,0.0,2.0,63.0,1.0,0.0,0.0,0.0,0.0,0.0,0.0,0.0,0.0,0.0,0.0,0.0,0.0,0.0,0.0,0.0,0.0,0.0,0.0,8.0,2.0,1.0
67,0.5551599999999999,0,8.2979,1.7225,1.0657,1.1845,0.0845,0.0019,0.0042,0.0002,0.008,0.0163,0.0015,0.0007,0.0074,0.0002,0.0014,0.0017,0.0001,0.0001,0.0066,0.0012,0.0004,0.0001,0.0008,0.0449,0.0122,0.0,0.0009,0.0,65.0,0.0,2.0,63.0,1.0,0.0,0.0,0.0,0.0,0.0,0.0,0.0,0.0,0.0,0.0,0.0,0.0,0.0,0.0,0.0,0.0,0.0,0.0,8.0,2.0,1.0
68,0.5634578999999998,0,8.3191,1.5745,1.0351,1.1553,0.1068,0.001,0.0061,0.0002,0.0259,0.0355,0.0019,0.001,0.009,0.0001,0.0019,0.0015,0.0,0.0001,0.0079,0.0012,0.0005,0.0001,0.001,0.0672,0.0144,0.0001,0.0007,0.0,65.0,0.0,2.0,63.0,1.0,0.0,0.0,0.0,0.0,0.0,0.0,0.0,0.0,0.0,0.0,0.0,0.0,0.0,0.0,0.0,0.0,0.0,0.0,8.0,2.0,1.0
69,0.5717769999999999,0,8.4277,1.6319,1.0703,1.1622,0.0922,0.0012,0.0046,0.0002,0.009,0.0175,0.0019,0.0013,0.0087,0.0001,0.0015,0.0018,0.0001,0.0001,0.0081,0.0017,0.0005,0.0001,0.0009,0.049,0.0122,0.0,0.001,0.0,65.0,0.0,2.0,63.0,1.0,0.0,0.0,0.0,0.0,0.0,0.0,0.0,0.0,0.0,0.0,0.0,0.0,0.0,0.0,0.0,0.0,0.0,0.0,8.0,2.0,1.0
70,0.5802046999999999,0,8.5084,1.588,1.1466,1.0995,0.0984,0.0012,0.0042,0.0002,0.0142,0.0227,0.0019,0.0013,0.0084,0.0002,0.0014,0.002,0.0001,0.0001,0.0091,0.0021,0.0006,0.0,0.0008,0.0555,0.0116,0.0,0.0009,0.0,65.0,0.0,2.0,63.0,1.0,0.0,0.0,0.0,0.0,0.0,0.0,0.0,0.0,0.0,0.0,0.0,0.0,0.0,0.0,0.0,0.0,0.0,0.0,8.0,2.0,1.0
71,0.5887130999999999,0,8.0513,1.6898,1.249,1.1337,0.0878,0.0013,0.0052,0.0002,0.0099,0.0184,0.0021,0.0007,0.0074,0.0001,0.0017,0.0014,0.0,0.0001,0.0082,0.0066,0.0003,0.0001,0.0008,0.0511,0.0106,0.0,0.0009,0.0,65.0,0.0,2.0,63.0,1.0,0.0,0.0,0.0,0.0,0.0,0.0,0.0,0.0,0.0,0.0,0.0,0.0,0.0,0.0,0.0,0.0,0.0,0.0,8.0,2.0,1.0
72,0.5967643999999999,0,8.3815,1.4965,1.0594,1.2697,0.0865,0.001,0.0054,0.0002,0.013,0.022,0.0016,0.0008,0.0065,0.0002,0.0013,0.002,0.0001,0.0001,0.0081,0.0016,0.0004,0.0001,0.0009,0.0498,0.0119,0.0001,0.001,0.0,65.0,0.0,2.0,63.0,1.0,0.0,0.0,0.0,0.0,0.0,0.0,0.0,0.0,0.0,0.0,0.0,0.0,0.0,0.0,0.0,0.0,0.0,0.0,8.0,2.0,1.0
73,0.6051458999999999,0,8.2927,1.6225,1.0303,1.2659,0.0826,0.0011,0.005,0.0002,0.0107,0.0194,0.0017,0.0006,0.0064,0.0001,0.0017,0.0015,0.0002,0.0001,0.0078,0.001,0.0004,0.0,0.0008,0.0468,0.0095,0.0001,0.0008,0.0,65.0,0.0,2.0,63.0,1.0,0.0,0.0,0.0,0.0,0.0,0.0,0.0,0.0,0.0,0.0,0.0,0.0,0.0,0.0,0.0,0.0,0.0,0.0,8.0,2.0,1.0
74,0.6134386,0,8.3712,1.5234,1.0674,1.2773,0.0897,0.0011,0.0038,0.0001,0.0158,0.0235,0.0017,0.0007,0.0075,0.0001,0.0015,0.0015,0.0002,0.0001,0.0086,0.0011,0.0004,0.0001,0.0014,0.052,0.0109,0.0,0.0008,0.0,65.0,0.0,2.0,63.0,1.0,0.0,0.0,0.0,0.0,0.0,0.0,0.0,0.0,0.0,0.0,0.0,0.0,0.0,0.0,0.0,0.0,0.0,0.0,8.0,2.0,1.0
75,0.6218098,0,8.549,1.5868,1.1988,1.2936,0.0884,0.0011,0.0047,0.0002,0.0081,0.0172,0.002,0.0007,0.0072,0.0002,0.0013,0.002,0.0001,0.0001,0.0082,0.0018,0.0005,0.0,0.0009,0.0469,0.012,0.0001,0.0008,0.0,65.0,0.0,2.0,63.0,1.0,0.0,0.0,0.0,0.0,0.0,0.0,0.0,0.0,0.0,0.0,0.0,0.0,0.0,0.0,0.0,0.0,0.0,0.0,8.0,2.0,1.0
76,0.6303588,0,8.1469,1.6769,1.1633,1.1224,0.0919,0.0013,0.004,0.0002,0.0158,0.0235,0.0019,0.0007,0.0103,0.0002,0.0015,0.0015,0.0001,0.0001,0.0079,0.0012,0.0004,0.0001,0.0008,0.0542,0.011,0.0,0.001,0.0,65.0,0.0,2.0,63.0,1.0,0.0,0.0,0.0,0.0,0.0,0.0,0.0,0.0,0.0,0.0,0.0,0.0,0.0,0.0,0.0,0.0,0.0,0.0,8.0,2.0,1.0
77,0.6385057,0,8.5454,1.607,1.251,1.2773,0.0862,0.0016,0.0042,0.0001,0.0109,0.0192,0.0018,0.0007,0.0077,0.0003,0.0014,0.0015,0.0002,0.0001,0.0081,0.001,0.0004,0.0001,0.001,0.048,0.0109,0.0,0.0013,0.0,65.0,0.0,2.0,63.0,1.0,0.0,0.0,0.0,0.0,0.0,0.0,0.0,0.0,0.0,0.0,0.0,0.0,0.0,0.0,0.0,0.0,0.0,0.0,8.0,2.0,1.0
78,0.6470511,0,8.2006,1.6345,1.1544,1.5066,0.1003,0.0018,0.0061,0.0007,0.0134,0.0243,0.0018,0.0008,0.0102,0.0001,0.0019,0.0015,0.0001,0.0001,0.0084,0.0011,0.0005,0.0001,0.0008,0.0572,0.0124,0.0,0.001,0.0,65.0,0.0,2.0,63.0,1.0,0.0,0.0,0.0,0.0,0.0,0.0,0.0,0.0,0.0,0.0,0.0,0.0,0.0,0.0,0.0,0.0,0.0,0.0,8.0,2.0,1.0
79,0.6552517,0,8.3617,1.6284,1.1302,1.3202,0.0818,0.0011,0.0042,0.0007,0.0096,0.0176,0.0017,0.0005,0.0073,0.0002,0.0016,0.0014,0.0001,0.0001,0.0078,0.0011,0.0004,0.0001,0.0009,0.0457,0.0103,0.0,0.0009,0.0,65.0,0.0,2.0,63.0,1.0,0.0,0.0,0.0,0.0,0.0,0.0,0.0,0.0,0.0,0.0,0.0,0.0,0.0,0.0,0.0,0.0,0.0,0.0,8.0,2.0,1.0
80,0.6636134,0,8.27,1.6086,1.3322,1.3468,0.0931,0.0012,0.0044,0.0001,0.0172,0.025,0.0017,0.0006,0.0097,0.0001,0.0013,0.0014,0.0002,0.0001,0.0078,0.0009,0.0004,0.0001,0.0007,0.055,0.0102,0.0,0.001,0.0,65.0,0.0,2.0,63.0,1.0,0.0,0.0,0.0,0.0,0.0,0.0,0.0,0.0,0.0,0.0,0.0,0.0,0.0,0.0,0.0,0.0,0.0,0.0,8.0,2.0,1.0
81,0.6718834,0,8.3398,1.6109,1.1404,1.3739,0.0803,0.0016,0.0036,0.0002,0.0088,0.0161,0.002,0.0011,0.0072,0.0001,0.0018,0.0012,0.0002,0.0002,0.008,0.0015,0.0005,0.0001,0.0007,0.0444,0.009,0.0001,0.001,0.0,65.0,0.0,2.0,63.0,1.0,0.0,0.0,0.0,0.0,0.0,0.0,0.0,0.0,0.0,0.0,0.0,0.0,0.0,0.0,0.0,0.0,0.0,0.0,8.0,2.0,1.0
82,0.6802232,0,8.3878,1.7125,1.119,1.4143,0.0921,0.0013,0.0057,0.0002,0.015,0.0244,0.0018,0.0008,0.0094,0.0001,0.0014,0.0019,0.0001,0.0001,0.0075,0.0011,0.001,0.0001,0.0008,0.0546,0.0107,0.0,0.001,0.0,65.0,0.0,2.0,63.0,1.0,0.0,0.0,0.0,0.0,0.0,0.0,0.0,0.0,0.0,0.0,0.0,0.0,0.0,0.0,0.0,0.0,0.0,0.0,8.0,2.0,1.0
83,0.6886110000000001,0,8.3341,1.613,1.2717,1.1446,0.0859,0.0015,0.004,0.0002,0.0091,0.0171,0.0022,0.0007,0.0073,0.0001,0.0018,0.0015,0.0001,0.0002,0.0079,0.0012,0.0005,0.0001,0.0009,0.0465,0.0114,0.0,0.0009,0.0,65.0,0.0,2.0,63.0,1.0,0.0,0.0,0.0,0.0,0.0,0.0,0.0,0.0,0.0,0.0,0.0,0.0,0.0,0.0,0.0,0.0,0.0,0.0,8.0,2.0,1.0
84,0.6969451000000001,0,8.336,1.5923,1.1295,1.3893,0.09,0.001,0.0056,0.0001,0.0156,0.0247,0.0018,0.0006,0.0071,0.0002,0.0014,0.0017,0.0001,0.0001,0.0081,0.001,0.0009,0.0001,0.0009,0.0523,0.0126,0.0001,0.0008,0.0,65.0,0.0,2.0,63.0,1.0,0.0,0.0,0.0,0.0,0.0,0.0,0.0,0.0,0.0,0.0,0.0,0.0,0.0,0.0,0.0,0.0,0.0,0.0,8.0,2.0,1.0
85,0.7052811000000001,0,8.2911,1.5418,1.3384,1.0392,0.091,0.0021,0.0045,0.0002,0.0108,0.0195,0.0024,0.0008,0.0078,0.0002,0.0022,0.0015,0.0002,0.0005,0.0072,0.001,0.0004,0.0001,0.0009,0.0487,0.0119,0.0001,0.0009,0.0,65.0,0.0,2.0,63.0,1.0,0.0,0.0,0.0,0.0,0.0,0.0,0.0,0.0,0.0,0.0,0.0,0.0,0.0,0.0,0.0,0.0,0.0,0.0,8.0,2.0,1.0
86,0.7135722000000001,0,8.3171,1.5575,1.1693,1.2451,0.0877,0.0012,0.0037,0.0001,0.0138,0.0212,0.0018,0.0007,0.0076,0.0001,0.0018,0.0014,0.0,0.0001,0.0072,0.0012,0.0005,0.0001,0.0014,0.0505,0.0101,0.0,0.0009,0.0,65.0,0.0,2.0,63.0,1.0,0.0,0.0,0.0,0.0,0.0,0.0,0.0,0.0,0.0,0.0,0.0,0.0,0.0,0.0,0.0,0.0,0.0,0.0,8.0,2.0,1.0
87,0.7218893000000001,0,8.3964,1.4837,1.2238,1.1677,0.0962,0.002,0.0046,0.0001,0.0136,0.0226,0.0021,0.0008,0.0081,0.0001,0.0018,0.0015,0.0001,0.0001,0.0084,0.0014,0.0005,0.0002,0.0015,0.0537,0.0131,0.0,0.0009,0.0,65.0,0.0,2.0,63.0,1.0,0.0,0.0,0.0,0.0,0.0,0.0,0.0,0.0,0.0,0.0,0.0,0.0,0.0,0.0,0.0,0.0,0.0,0.0,8.0,2.0,1.0
88,0.7302857,0,8.1543,1.5913,1.0815,1.2743,0.0868,0.0015,0.0035,0.0001,0.0145,0.0215,0.0015,0.0009,0.0063,0.0006,0.0012,0.0014,0.0001,0.0006,0.007,0.0013,0.0004,0.0001,0.0008,0.048,0.012,0.0,0.0009,0.0,65.0,0.0,2.0,63.0,1.0,0.0,0.0,0.0,0.0,0.0,0.0,0.0,0.0,0.0,0.0,0.0,0.0,0.0,0.0,0.0,0.0,0.0,0.0,8.0,2.0,1.0
89,0.73844,0,8.4732,1.55,1.0741,1.2062,0.0976,0.0014,0.0073,0.0002,0.012,0.0232,0.0024,0.0008,0.0086,0.0002,0.0016,0.0016,0.0001,0.0001,0.0087,0.0012,0.0005,0.0001,0.0012,0.0552,0.0126,0.0,0.0008,0.0,65.0,0.0,2.0,63.0,1.0,0.0,0.0,0.0,0.0,0.0,0.0,0.0,0.0,0.0,0.0,0.0,0.0,0.0,0.0,0.0,0.0,0.0,0.0,8.0,2.0,1.0
90,0.7469131999999999,0,8.2815,1.6414,1.1716,1.1284,0.0999,0.0019,0.0043,0.0001,0.0167,0.0256,0.002,0.001,0.0088,0.0001,0.0015,0.002,0.0001,0.0001,0.0082,0.0018,0.0005,0.0002,0.001,0.0581,0.0126,0.0,0.001,0.0,65.0,0.0,2.0,63.0,1.0,0.0,0.0,0.0,0.0,0.0,0.0,0.0,0.0,0.0,0.0,0.0,0.0,0.0,0.0,0.0,0.0,0.0,0.0,8.0,2.0,1.0
91,0.7551947,0,8.312,1.5277,1.115,1.2082,0.0912,0.0013,0.0049,0.0002,0.0112,0.0198,0.0024,0.0008,0.0079,0.0001,0.0021,0.0015,0.0001,0.0006,0.007,0.0011,0.0005,0.0001,0.0009,0.05,0.012,0.0,0.0008,0.0,65.0,0.0,2.0,63.0,1.0,0.0,0.0,0.0,0.0,0.0,0.0,0.0,0.0,0.0,0.0,0.0,0.0,0.0,0.0,0.0,0.0,0.0,0.0,8.0,2.0,1.0
92,0.7635067,0,8.3272,1.6652,1.0965,1.2009,0.0881,0.0012,0.0039,0.0002,0.0132,0.0211,0.0017,0.0009,0.0066,0.0002,0.0012,0.0021,0.0001,0.0002,0.0075,0.0011,0.0005,0.0001,0.0013,0.0489,0.0122,0.0,0.0011,0.0,65.0,0.0,2.0,63.0,1.0,0.0,0.0,0.0,0.0,0.0,0.0,0.0,0.0,0.0,0.0,0.0,0.0,0.0,0.0,0.0,0.0,0.0,0.0,8.0,2.0,1.0
93,0.7718339,0,8.3568,1.5808,1.1193,1.1067,0.088,0.0013,0.0043,0.0002,0.009,0.0169,0.0019,0.0008,0.0078,0.0001,0.0016,0.0021,0.0001,0.0002,0.0081,0.001,0.0009,0.0002,0.0009,0.0478,0.011,0.0,0.001,0.0,65.0,0.0,2.0,63.0,1.0,0.0,0.0,0.0,0.0,0.0,0.0,0.0,0.0,0.0,0.0,0.0,0.0,0.0,0.0,0.0,0.0,0.0,0.0,8.0,2.0,1.0
94,0.7801907,0,8.3117,1.7331,1.1004,1.2206,0.0899,0.0013,0.0039,0.0002,0.0145,0.0226,0.0021,0.0007,0.0074,0.0001,0.0018,0.0015,0.0,0.0001,0.0076,0.0015,0.0005,0.0,0.0008,0.0506,0.0113,0.0001,0.0009,0.0,65.0,0.0,2.0,63.0,1.0,0.0,0.0,0.0,0.0,0.0,0.0,0.0,0.0,0.0,0.0,0.0,0.0,0.0,0.0,0.0,0.0,0.0,0.0,8.0,2.0,1.0
95,0.7885024,0,8.2999,1.6462,1.0724,1.2353,0.0889,0.0012,0.0058,0.0002,0.0087,0.0182,0.002,0.0009,0.0076,0.0001,0.0019,0.0016,0.0001,0.0001,0.0079,0.0012,0.0005,0.0001,0.0011,0.0487,0.0121,0.0,0.0008,0.0,65.0,0.0,2.0,63.0,1.0,0.0,0.0,0.0,0.0,0.0,0.0,0.0,0.0,0.0,0.0,0.0,0.0,0.0,0.0,0.0,0.0,0.0,0.0,8.0,2.0,1.0
96,0.7968023000000001,0,8.3914,1.6925,1.0861,1.0862,0.0944,0.0016,0.0047,0.0002,0.0141,0.023,0.002,0.0008,0.0075,0.0002,0.0014,0.0019,0.0001,0.0001,0.0076,0.0012,0.0005,0.0001,0.0009,0.0525,0.0121,0.0,0.001,0.0,65.0,0.0,2.0,63.0,1.0,0.0,0.0,0.0,0.0,0.0,0.0,0.0,0.0,0.0,0.0,0.0,0.0,0.0,0.0,0.0,0.0,0.0,0.0,8.0,2.0,1.0
97,0.8051937000000001,0,8.322,1.7218,1.0869,1.2129,0.0836,0.0013,0.005,0.0002,0.009,0.018,0.0018,0.0008,0.007,0.0001,0.0012,0.0015,0.0,0.0001,0.0073,0.0012,0.0005,0.0001,0.0009,0.0449,0.0112,0.0001,0.0008,0.0,65.0,0.0,2.0,63.0,1.0,0.0,0.0,0.0,0.0,0.0,0.0,0.0,0.0,0.0,0.0,0.0,0.0,0.0,0.0,0.0,0.0,0.0,0.0,8.0,2.0,1.0
98,0.8135157000000002,0,8.415,1.5896,1.1839,1.1004,0.0877,0.0009,0.0036,0.0002,0.0146,0.022,0.0015,0.0014,0.0076,0.0002,0.0013,0.0014,0.0005,0.0001,0.0067,0.0012,0.0005,0.0001,0.0009,0.0503,0.0107,0.0,0.001,0.0,65.0,0.0,2.0,63.0,1.0,0.0,0.0,0.0,0.0,0.0,0.0,0.0,0.0,0.0,0.0,0.0,0.0,0.0,0.0,0.0,0.0,0.0,0.0,8.0,2.0,1.0
99,0.8219307000000001,0,8.2796,1.6268,1.1363,1.1464,0.0868,0.0018,0.0036,0.0002,0.0093,0.0171,0.0018,0.0008,0.0078,0.0004,0.0013,0.0016,0.0001,0.0001,0.0082,0.0011,0.0004,0.0,0.0011,0.0468,0.0115,0.0,0.0008,0.0,65.0,0.0,2.0,63.0,1.0,0.0,0.0,0.0,0.0,0.0,0.0,0.0,0.0,0.0,0.0,0.0,0.0,0.0,0.0,0.0,0.0,0.0,0.0,8.0,2.0,1.0
100,0.8302103000000002,0,8.268,1.5249,1.1576,1.1959,0.1068,0.0015,0.0041,0.0002,0.0173,0.0253,0.0018,0.001,0.0102,0.0001,0.0014,0.0021,0.0001,0.0001,0.0081,0.0018,0.0005,0.0001,0.001,0.0595,0.0125,0.0,0.0009,0.0,65.0,0.0,2.0,63.0,1.0,0.0,0.0,0.0,0.0,0.0,0.0,0.0,0.0,0.0,0.0,0.0,0.0,0.0,0.0,0.0,0.0,0.0,0.0,8.0,2.0,1.0
101,0.8384783000000002,0,8.4041,1.5169,1.0879,1.0784,0.093,0.0013,0.005,0.0002,0.0084,0.0173,0.0022,0.0008,0.008,0.0001,0.0014,0.0022,0.0001,0.0001,0.0086,0.0017,0.0006,0.0,0.0009,0.0503,0.013,0.0,0.0008,0.0,65.0,0.0,2.0,63.0,1.0,0.0,0.0,0.0,0.0,0.0,0.0,0.0,0.0,0.0,0.0,0.0,0.0,0.0,0.0,0.0,0.0,0.0,0.0,8.0,2.0,1.0
102,0.8468824000000003,0,8.2746,1.6326,1.0833,1.3068,0.0891,0.0011,0.0056,0.0,0.0129,0.0219,0.0018,0.0006,0.0065,0.0002,0.0014,0.0017,0.0001,0.0001,0.0078,0.0011,0.0007,0.0001,0.0008,0.0494,0.0115,0.0,0.0008,0.0,65.0,0.0,2.0,63.0,1.0,0.0,0.0,0.0,0.0,0.0,0.0,0.0,0.0,0.0,0.0,0.0,0.0,0.0,0.0,0.0,0.0,0.0,0.0,8.0,2.0,1.0
103,0.8551570000000003,0,8.305,1.5652,1.0614,1.1362,0.0903,0.0012,0.0046,0.0001,0.0112,0.0198,0.0019,0.0009,0.0077,0.0005,0.0014,0.0016,0.0001,0.0001,0.0084,0.0011,0.0005,0.0001,0.0009,0.05,0.0116,0.0001,0.001,0.0,65.0,0.0,2.0,63.0,1.0,0.0,0.0,0.0,0.0,0.0,0.0,0.0,0.0,0.0,0.0,0.0,0.0,0.0,0.0,0.0,0.0,0.0,0.0,8.0,2.0,1.0
104,0.8634620000000003,0,8.5719,1.6958,1.2098,1.323,0.0915,0.0012,0.0055,0.0002,0.0147,0.0239,0.0019,0.0006,0.0068,0.0001,0.0015,0.0019,0.0001,0.0001,0.0079,0.0013,0.0005,0.0001,0.0009,0.0528,0.0111,0.0,0.0011,0.0,65.0,0.0,2.0,63.0,1.0,0.0,0.0,0.0,0.0,0.0,0.0,0.0,0.0,0.0,0.0,0.0,0.0,0.0,0.0,0.0,0.0,0.0,0.0,8.0,2.0,1.0
105,0.8720339000000003,0,8.158,1.6186,1.1603,1.3385,0.096,0.0016,0.006,0.0001,0.0119,0.0219,0.002,0.0007,0.0074,0.0001,0.0021,0.0015,0.0001,0.0001,0.008,0.0019,0.0005,0.0002,0.001,0.0525,0.0118,0.0,0.0009,0.0,65.0,0.0,2.0,63.0,1.0,0.0,0.0,0.0,0.0,0.0,0.0,0.0,0.0,0.0,0.0,0.0,0.0,0.0,0.0,0.0,0.0,0.0,0.0,8.0,2.0,1.0
106,0.8801919000000002,0,8.4771,1.5467,1.2219,1.0919,0.0944,0.0014,0.0062,0.0001,0.0156,0.0258,0.002,0.0006,0.0073,0.0002,0.0012,0.0018,0.0002,0.0001,0.0079,0.0016,0.0004,0.0001,0.0009,0.0542,0.0114,0.0,0.001,0.0,65.0,0.0,2.0,63.0,1.0,0.0,0.0,0.0,0.0,0.0,0.0,0.0,0.0,0.0,0.0,0.0,0.0,0.0,0.0,0.0,0.0,0.0,0.0,8.0,2.0,1.0
107,0.8886690000000003,0,8.2106,1.6775,1.113,1.3246,0.0956,0.0016,0.0067,0.0002,0.0101,0.0215,0.0019,0.0008,0.0072,0.0001,0.0015,0.0022,0.0,0.0001,0.0087,0.0014,0.0005,0.0,0.0009,0.0522,0.0119,0.0,0.0011,0.0,65.0,0.0,2.0,63.0,1.0,0.0,0.0,0.0,0.0,0.0,0.0,0.0,0.0,0.0,0.0,0.0,0.0,0.0,0.0,0.0,0.0,0.0,0.0,8.0,2.0,1.0
108,0.8968796000000002,0,8.4188,1.5979,1.1094,1.3655,0.1004,0.0012,0.0071,0.0002,0.0161,0.0269,0.0021,0.0007,0.0073,0.0002,0.0013,0.0021,0.0001,0.0002,0.0087,0.0018,0.0005,0.0001,0.0009,0.0584,0.0122,0.0001,0.0009,0.0,65.0,0.0,2.0,63.0,1.0,0.0,0.0,0.0,0.0,0.0,0.0,0.0,0.0,0.0,0.0,0.0,0.0,0.0,0.0,0.0,0.0,0.0,0.0,8.0,2.0,1.0
109,0.9052984000000002,0,8.2901,1.6745,1.2528,1.0912,0.0963,0.0016,0.0043,0.0001,0.0116,0.0198,0.0023,0.0009,0.008,0.0006,0.0016,0.0021,0.0001,0.0001,0.0088,0.0017,0.0005,0.0001,0.0008,0.0528,0.0121,0.0001,0.0007,0.0,65.0,0.0,2.0,63.0,1.0,0.0,0.0,0.0,0.0,0.0,0.0,0.0,0.0,0.0,0.0,0.0,0.0,0.0,0.0,0.0,0.0,0.0,0.0,8.0,2.0,1.0
110,0.9135885000000001,0,8.3346,1.718,1.204,1.8457,0.1069,0.0042,0.0058,0.0003,0.0176,0.0304,0.0024,0.0009,0.011,0.0001,0.002,0.0016,0.0001,0.0006,0.0088,0.0011,0.0005,0.0002,0.0007,0.0663,0.0126,0.0001,0.0008,0.0,65.0,0.0,2.0,63.0,0.0,0.0,0.0,0.0,0.0,0.0,0.0,0.0,0.0,0.0,0.0,0.0,0.0,0.0,0.0,0.0,0.0,0.0,0.0,8.0,2.0,1.0
111,0.9219231000000001,0,8.2011,1.6598,1.0663,1.4258,0.0746,0.0026,0.0012,0.0001,0.0056,0.0114,0.0014,0.0006,0.0061,0.0004,0.0014,0.0014,0.0007,0.0002,0.009,0.0012,0.0005,0.0001,0.0005,0.039,0.0141,0.0,0.0007,0.0,65.0,0.0,2.0,63.0,0.0,0.0,0.0,0.0,0.0,0.0,0.0,0.0,0.0,0.0,0.0,0.0,0.0,0.0,0.0,0.0,0.0,0.0,0.0,8.0,2.0,1.0
112,0.9301242000000001,0,8.2984,1.7402,1.0137,1.3471,0.0783,0.0029,0.0018,0.0002,0.011,0.0183,0.0018,0.0009,0.0072,0.0001,0.0021,0.0015,0.0001,0.0002,0.009,0.0011,0.0005,0.0001,0.001,0.0475,0.008,0.0,0.0008,0.0,65.0,0.0,2.0,63.0,0.0,0.0,0.0,0.0,0.0,0.0,0.0,0.0,0.0,0.0,0.0,0.0,0.0,0.0,0.0,0.0,0.0,0.0,0.0,8.0,2.0,1.0
113,0.9384226000000001,0,8.2928,1.5942,0.9833,1.2481,0.0673,0.0025,0.0015,0.0002,0.0042,0.0105,0.0015,0.0008,0.0072,0.0002,0.0021,0.0015,0.0001,0.0001,0.0079,0.0011,0.0005,0.0001,0.0005,0.0376,0.0079,0.0,0.0007,0.0,65.0,0.0,2.0,63.0,0.0,0.0,0.0,0.0,0.0,0.0,0.0,0.0,0.0,0.0,0.0,0.0,0.0,0.0,0.0,0.0,0.0,0.0,0.0,8.0,2.0,1.0
114,0.9467154000000001,0,8.3779,1.5952,0.967,1.2052,0.0755,0.0012,0.0041,0.0003,0.0096,0.0181,0.0013,0.0008,0.007,0.0002,0.0017,0.0014,0.0001,0.0001,0.0081,0.0017,0.0004,0.0001,0.0004,0.0445,0.0078,0.0,0.0007,0.0,65.0,0.0,2.0,63.0,0.0,0.0,0.0,0.0,0.0,0.0,0.0,0.0,0.0,0.0,0.0,0.0,0.0,0.0,0.0,0.0,0.0,0.0,0.0,8.0,2.0,1.0
115,0.9550933000000001,0,8.5035,1.6537,1.0892,1.052,0.0806,0.0038,0.0013,0.0003,0.0064,0.0146,0.0015,0.0013,0.0078,0.0001,0.0016,0.0018,0.0002,0.0001,0.0099,0.0013,0.0005,0.0001,0.0006,0.0458,0.009,0.0,0.0008,0.0,65.0,0.0,2.0,63.0,0.0,0.0,0.0,0.0,0.0,0.0,0.0,0.0,0.0,0.0,0.0,0.0,0.0,0.0,0.0,0.0,0.0,0.0,0.0,8.0,2.0,1.0
116,0.9635968000000001,0,8.078,1.6566,1.0542,1.3021,0.0751,0.0014,0.0049,0.0003,0.0103,0.019,0.0015,0.0007,0.0072,0.0002,0.0016,0.0013,0.0001,0.0001,0.008,0.0014,0.0004,0.0,0.0004,0.0454,0.0078,0.0,0.0008,0.0,65.0,0.0,2.0,63.0,0.0,0.0,0.0,0.0,0.0,0.0,0.0,0.0,0.0,0.0,0.0,0.0,0.0,0.0,0.0,0.0,0.0,0.0,0.0,8.0,2.0,1.0
117,0.9716748000000002,0,8.5223,1.567,0.9585,1.3299,0.0736,0.0012,0.0046,0.0004,0.0039,0.0124,0.0015,0.0007,0.0071,0.0001,0.0014,0.0022,0.0001,0.0001,0.0085,0.0012,0.0004,0.0001,0.0006,0.0417,0.0078,0.0,0.0007,0.0,65.0,0.0,2.0,63.0,0.0,0.0,0.0,0.0,0.0,0.0,0.0,0.0,0.0,0.0,0.0,0.0,0.0,0.0,0.0,0.0,0.0,0.0,0.0,8.0,2.0,1.0
118,0.9801971000000002,0,8.2307,1.5912,1.1015,1.2618,0.0768,0.0014,0.0048,0.0003,0.0102,0.0196,0.0014,0.0007,0.0065,0.0002,0.0014,0.0015,0.0001,0.0001,0.0083,0.0012,0.0005,0.0,0.0004,0.0461,0.0081,0.0,0.0007,0.0,65.0,0.0,2.0,63.0,0.0,0.0,0.0,0.0,0.0,0.0,0.0,0.0,0.0,0.0,0.0,0.0,0.0,0.0,0.0,0.0,0.0,0.0,0.0,8.0,2.0,1.0
119,0.9884278000000002,0,8.3061,1.6132,0.9788,1.0971,0.0656,0.0013,0.0013,0.0003,0.0054,0.0103,0.0014,0.0006,0.0069,0.0002,0.0014,0.0014,0.0,0.0001,0.0083,0.0011,0.0005,0.0001,0.0005,0.0376,0.0051,0.0,0.0009,0.0,65.0,0.0,2.0,63.0,0.0,0.0,0.0,0.0,0.0,0.0,0.0,0.0,0.0,0.0,0.0,0.0,0.0,0.0,0.0,0.0,0.0,0.0,0.0,8.0,2.0,1.0
120,0.9967339000000002,0,8.2921,1.5429,0.9692,1.3666,0.0744,0.0027,0.0013,0.0002,0.01,0.017,0.0018,0.0007,0.0071,0.0001,0.002,0.0016,0.0001,0.0001,0.0072,0.0013,0.0004,0.0,0.0004,0.0445,0.0079,0.0,0.0009,0.0,65.0,0.0,2.0,63.0,0.0,0.0,0.0,0.0,0.0,0.0,0.0,0.0,0.0,0.0,0.0,0.0,0.0,0.0,0.0,0.0,0.0,0.0,0.0,8.0,2.0,1.0
121,1.0050260000000002,0,8.6014,1.5905,1.0596,1.2422,0.086,0.0043,0.0023,0.0003,0.0068,0.0167,0.0018,0.0008,0.0087,0.0002,0.0018,0.0024,0.0001,0.0001,0.0098,0.0013,0.0005,0.0001,0.001,0.0505,0.0096,0.0,0.0009,0.0,65.0,0.0,2.0,63.0,0.0,0.0,0.0,0.0,0.0,0.0,0.0,0.0,0.0,0.0,0.0,0.0,0.0,0.0,0.0,0.0,0.0,0.0,0.0,8.0,2.0,1.0
122,1.0136274000000003,0,8.199,1.7649,1.1911,1.4299,0.0954,0.0046,0.0017,0.0003,0.0135,0.0233,0.0019,0.0011,0.0108,0.0001,0.0023,0.0019,0.0007,0.0001,0.0096,0.0015,0.0006,0.0,0.0006,0.0587,0.0091,0.0001,0.0008,0.0,65.0,0.0,2.0,63.0,0.0,0.0,0.0,0.0,0.0,0.0,0.0,0.0,0.0,0.0,0.0,0.0,0.0,0.0,0.0,0.0,0.0,0.0,0.0,8.0,2.0,1.0
123,1.0218264000000004,0,8.3208,1.7157,1.0589,1.4582,0.0792,0.0035,0.0019,0.0003,0.0064,0.0144,0.0015,0.0008,0.0078,0.0002,0.0023,0.0018,0.0001,0.0001,0.0097,0.0012,0.0005,0.0001,0.0005,0.0452,0.0082,0.0,0.0007,0.0,65.0,0.0,2.0,63.0,0.0,0.0,0.0,0.0,0.0,0.0,0.0,0.0,0.0,0.0,0.0,0.0,0.0,0.0,0.0,0.0,0.0,0.0,0.0,8.0,2.0,1.0
124,1.0301472000000003,0,8.2571,1.6728,1.0009,1.1573,0.0751,0.0026,0.0013,0.0003,0.0105,0.0167,0.0019,0.0006,0.0071,0.0001,0.0014,0.0016,0.0,0.0001,0.0089,0.0016,0.0004,0.0001,0.0005,0.0455,0.0074,0.0,0.0008,0.0,65.0,0.0,2.0,63.0,0.0,0.0,0.0,0.0,0.0,0.0,0.0,0.0,0.0,0.0,0.0,0.0,0.0,0.0,0.0,0.0,0.0,0.0,0.0,8.0,2.0,1.0
125,1.0384043000000003,0,8.4558,1.7922,1.0879,1.1712,0.0928,0.0052,0.0024,0.0003,0.0083,0.0191,0.0024,0.0012,0.0097,0.0003,0.0024,0.0018,0.0001,0.0001,0.0092,0.0019,0.0005,0.0001,0.0006,0.0542,0.0098,0.0001,0.0006,0.0,65.0,0.0,2.0,63.0,0.0,0.0,0.0,0.0,0.0,0.0,0.0,0.0,0.0,0.0,0.0,0.0,0.0,0.0,0.0,0.0,0.0,0.0,0.0,8.0,2.0,1.0
126,1.0468601000000002,0,8.3009,1.9975,1.0663,1.234,0.0736,0.0011,0.0014,0.0002,0.0115,0.0163,0.0019,0.0007,0.0066,0.0001,0.0013,0.0019,0.0001,0.0001,0.0086,0.001,0.0005,0.0001,0.0004,0.0432,0.008,0.0,0.0008,0.0,65.0,0.0,2.0,63.0,0.0,0.0,0.0,0.0,0.0,0.0,0.0,0.0,0.0,0.0,0.0,0.0,0.0,0.0,0.0,0.0,0.0,0.0,0.0,8.0,2.0,1.0
127,1.0551610000000002,0,8.3318,1.5878,1.0792,1.3792,0.0747,0.0018,0.0015,0.0002,0.007,0.0132,0.0016,0.0007,0.0076,0.0001,0.002,0.0015,0.0001,0.0005,0.0088,0.0012,0.0005,0.0001,0.0006,0.0426,0.0084,0.0,0.001,0.0,65.0,0.0,2.0,63.0,0.0,0.0,0.0,0.0,0.0,0.0,0.0,0.0,0.0,0.0,0.0,0.0,0.0,0.0,0.0,0.0,0.0,0.0,0.0,8.0,2.0,1.0
128,1.0634928000000001,0,8.2866,1.5955,1.044,1.3333,0.0781,0.0031,0.0014,0.0003,0.0119,0.0198,0.0015,0.0008,0.0072,0.0001,0.0014,0.0017,0.0003,0.0001,0.008,0.0012,0.0005,0.0001,0.0006,0.0473,0.0077,0.0,0.0007,0.0,65.0,0.0,2.0,63.0,0.0,0.0,0.0,0.0,0.0,0.0,0.0,0.0,0.0,0.0,0.0,0.0,0.0,0.0,0.0,0.0,0.0,0.0,0.0,8.0,2.0,1.0
129,1.0717794,0,8.316,1.6653,1.0341,1.1436,0.0831,0.0033,0.0016,0.0003,0.0062,0.018,0.0019,0.001,0.0078,0.0001,0.0021,0.0018,0.0001,0.0001,0.0081,0.0013,0.0005,0.0,0.0006,0.0475,0.0098,0.0,0.0008,0.0,65.0,0.0,2.0,63.0,0.0,0.0,0.0,0.0,0.0,0.0,0.0,0.0,0.0,0.0,0.0,0.0,0.0,0.0,0.0,0.0,0.0,0.0,0.0,8.0,2.0,1.0
130,1.0800954,0,8.3595,1.8011,1.0405,1.2625,0.0811,0.001,0.004,0.0002,0.0112,0.019,0.0016,0.0008,0.0075,0.0004,0.0015,0.002,0.0001,0.0001,0.0085,0.0018,0.0005,0.0001,0.0006,0.0489,0.008,0.0001,0.0006,0.0,65.0,0.0,2.0,63.0,0.0,0.0,0.0,0.0,0.0,0.0,0.0,0.0,0.0,0.0,0.0,0.0,0.0,0.0,0.0,0.0,0.0,0.0,0.0,8.0,2.0,1.0
131,1.0884549000000001,0,8.3252,1.6201,0.98,1.2372,0.0729,0.0029,0.0013,0.0002,0.0056,0.0129,0.0017,0.0008,0.0071,0.0001,0.0014,0.0025,0.0,0.0001,0.0084,0.0015,0.0004,0.0001,0.0005,0.0412,0.0087,0.0,0.0009,0.0,65.0,0.0,2.0,63.0,0.0,0.0,0.0,0.0,0.0,0.0,0.0,0.0,0.0,0.0,0.0,0.0,0.0,0.0,0.0,0.0,0.0,0.0,0.0,8.0,2.0,1.0
132,1.0967801000000001,0,8.4065,1.6441,1.0755,1.2647,0.0841,0.0032,0.0016,0.0004,0.0128,0.021,0.0016,0.001,0.0081,0.0001,0.002,0.0017,0.0001,0.0001,0.0083,0.0013,0.0005,0.0001,0.0012,0.0511,0.0074,0.0001,0.001,0.0,65.0,0.0,2.0,63.0,0.0,0.0,0.0,0.0,0.0,0.0,0.0,0.0,0.0,0.0,0.0,0.0,0.0,0.0,0.0,0.0,0.0,0.0,0.0,8.0,2.0,1.0
133,1.1051866000000001,0,8.3309,2.1307,1.0905,1.2458,0.0804,0.0034,0.0015,0.0003,0.0067,0.0144,0.0023,0.0009,0.0082,0.0001,0.0018,0.0019,0.0001,0.0002,0.0092,0.0011,0.0005,0.0004,0.0005,0.0447,0.0096,0.0,0.0006,0.0,65.0,0.0,2.0,63.0,0.0,0.0,0.0,0.0,0.0,0.0,0.0,0.0,0.0,0.0,0.0,0.0,0.0,0.0,0.0,0.0,0.0,0.0,0.0,8.0,2.0,1.0
134,1.1135175000000002,0,8.3223,1.7864,1.139,1.2426,0.0948,0.0045,0.0018,0.0003,0.0137,0.0231,0.0017,0.0011,0.0079,0.0002,0.002,0.0017,0.0002,0.0001,0.0103,0.0013,0.0005,0.0001,0.0006,0.0558,0.0097,0.0,0.0011,0.0,65.0,0.0,2.0,63.0,0.0,0.0,0.0,0.0,0.0,0.0,0.0,0.0,0.0,0.0,0.0,0.0,0.0,0.0,0.0,0.0,0.0,0.0,0.0,8.0,2.0,1.0
135,1.1218398,0,8.2864,1.7244,1.0604,1.208,0.081,0.004,0.0019,0.0003,0.0068,0.0154,0.0022,0.001,0.0085,0.0001,0.002,0.0015,0.0006,0.0001,0.0091,0.0014,0.0005,0.0001,0.0005,0.0479,0.0087,0.0,0.0007,0.0,65.0,0.0,2.0,63.0,0.0,0.0,0.0,0.0,0.0,0.0,0.0,0.0,0.0,0.0,0.0,0.0,0.0,0.0,0.0,0.0,0.0,0.0,0.0,8.0,2.0,1.0
136,1.1301262,0,8.3179,1.6872,1.0486,1.2804,0.0835,0.0019,0.002,0.0003,0.0132,0.0195,0.0015,0.0007,0.0078,0.0002,0.0016,0.0016,0.0007,0.0001,0.009,0.0012,0.001,0.0001,0.0006,0.0495,0.009,0.0001,0.0007,0.0,65.0,0.0,2.0,63.0,0.0,0.0,0.0,0.0,0.0,0.0,0.0,0.0,0.0,0.0,0.0,0.0,0.0,0.0,0.0,0.0,0.0,0.0,0.0,8.0,2.0,1.0
137,1.1384441,0,8.2981,1.778,0.9862,1.1498,0.0774,0.0037,0.002,0.0004,0.0064,0.0148,0.0016,0.0009,0.0072,0.0002,0.0016,0.0023,0.0001,0.0001,0.009,0.0013,0.0005,0.0001,0.0005,0.0452,0.0077,0.0,0.0006,0.0,65.0,0.0,2.0,63.0,0.0,0.0,0.0,0.0,0.0,0.0,0.0,0.0,0.0,0.0,0.0,0.0,0.0,0.0,0.0,0.0,0.0,0.0,0.0,8.0,2.0,1.0
138,1.1467422,0,8.3225,1.6498,0.9884,1.2432,0.0751,0.0025,0.0013,0.0003,0.0114,0.0176,0.0015,0.0007,0.0071,0.0001,0.002,0.0014,0.0001,0.0001,0.0087,0.0012,0.0005,0.0001,0.0003,0.0461,0.0069,0.0001,0.0009,0.0,65.0,0.0,2.0,63.0,0.0,0.0,0.0,0.0,0.0,0.0,0.0,0.0,0.0,0.0,0.0,0.0,0.0,0.0,0.0,0.0,0.0,0.0,0.0,8.0,2.0,1.0
139,1.1550647,0,8.464,1.6407,1.0398,1.3187,0.081,0.0028,0.0014,0.0003,0.0067,0.0142,0.0016,0.0012,0.0086,0.0002,0.0018,0.0024,0.0001,0.0006,0.0094,0.0013,0.0006,0.0001,0.0007,0.0465,0.0087,0.0001,0.0008,0.0,65.0,0.0,2.0,63.0,0.0,0.0,0.0,0.0,0.0,0.0,0.0,0.0,0.0,0.0,0.0,0.0,0.0,0.0,0.0,0.0,0.0,0.0,0.0,8.0,2.0,1.0
140,1.1635287,0,8.3799,1.7585,1.1217,1.1542,0.0855,0.0029,0.0019,0.0002,0.0134,0.0212,0.0016,0.0008,0.0077,0.0002,0.0015,0.002,0.0001,0.0001,0.0085,0.0018,0.0005,0.0001,0.0006,0.0516,0.0078,0.0001,0.0007,0.0,65.0,0.0,2.0,63.0,0.0,0.0,0.0,0.0,0.0,0.0,0.0,0.0,0.0,0.0,0.0,0.0,0.0,0.0,0.0,0.0,0.0,0.0,0.0,8.0,2.0,1.0
141,1.1719086,0,8.5285,1.8364,1.3155,1.3801,0.0949,0.003,0.0045,0.0004,0.0065,0.0169,0.0023,0.001,0.0102,0.0002,0.0024,0.002,0.0002,0.0004,0.0099,0.0014,0.0005,0.0001,0.0007,0.0535,0.0102,0.0001,0.0005,0.0,65.0,0.0,2.0,63.0,0.0,0.0,0.0,0.0,0.0,0.0,0.0,0.0,0.0,0.0,0.0,0.0,0.0,0.0,0.0,0.0,0.0,0.0,0.0,8.0,2.0,1.0
142,1.1804371,0,8.4472,2.0908,1.4601,1.5657,0.0948,0.0037,0.002,0.0003,0.0148,0.0234,0.0017,0.0011,0.0085,0.0002,0.0022,0.0017,0.0002,0.0001,0.0094,0.0021,0.0005,0.0001,0.0006,0.0572,0.0087,0.0,0.001,0.0,65.0,0.0,2.0,63.0,0.0,0.0,0.0,0.0,0.0,0.0,0.0,0.0,0.0,0.0,0.0,0.0,0.0,0.0,0.0,0.0,0.0,0.0,0.0,8.0,2.0,1.0
143,1.1888843,0,7.9731,1.8995,1.2554,1.3979,0.0853,0.0037,0.0017,0.0003,0.0073,0.0162,0.0015,0.0013,0.0086,0.0001,0.0017,0.0022,0.0001,0.0002,0.0103,0.0014,0.0006,0.0005,0.0006,0.0499,0.0082,0.0001,0.0007,0.0,65.0,0.0,2.0,63.0,0.0,0.0,0.0,0.0,0.0,0.0,0.0,0.0,0.0,0.0,0.0,0.0,0.0,0.0,0.0,0.0,0.0,0.0,0.0,8.0,2.0,1.0
144,1.1968574,0,8.2682,1.8587,1.0688,1.4994,0.0886,0.0039,0.0022,0.0003,0.0127,0.0224,0.0021,0.0008,0.0077,0.0001,0.0016,0.002,0.0001,0.0002,0.0093,0.0017,0.0006,0.0001,0.0004,0.0533,0.0091,0.0,0.0005,0.0,65.0,0.0,2.0,63.0,0.0,0.0,0.0,0.0,0.0,0.0,0.0,0.0,0.0,0.0,0.0,0.0,0.0,0.0,0.0,0.0,0.0,0.0,0.0,8.0,2.0,1.0
145,1.2051256000000001,0,8.3093,1.7839,1.0489,1.1386,0.0813,0.0044,0.0021,0.0003,0.0065,0.0158,0.0016,0.0009,0.0072,0.0001,0.0016,0.0024,0.0001,0.0001,0.0095,0.0013,0.0004,0.0001,0.0005,0.0464,0.0082,0.0,0.0006,0.0,65.0,0.0,2.0,63.0,0.0,0.0,0.0,0.0,0.0,0.0,0.0,0.0,0.0,0.0,0.0,0.0,0.0,0.0,0.0,0.0,0.0,0.0,0.0,8.0,2.0,1.0
146,1.2134349000000002,0,8.3314,1.7763,1.0098,1.4724,0.0757,0.0028,0.0013,0.0006,0.0112,0.0182,0.0014,0.001,0.0064,0.0001,0.0015,0.0019,0.0001,0.0001,0.0087,0.0012,0.0005,0.0001,0.0006,0.0459,0.0076,0.0,0.0009,0.0,65.0,0.0,2.0,63.0,0.0,0.0,0.0,0.0,0.0,0.0,0.0,0.0,0.0,0.0,0.0,0.0,0.0,0.0,0.0,0.0,0.0,0.0,0.0,8.0,2.0,1.0
147,1.2217663000000003,0,8.2304,1.5966,0.9446,1.0607,0.06,0.0015,0.0013,0.0002,0.0069,0.0118,0.0019,0.0006,0.0065,0.0001,0.0012,0.002,0.0,0.0001,0.008,0.0012,0.0008,0.0001,0.0004,0.0373,0.004,0.0,0.0005,0.0,65.0,0.0,2.0,63.0,0.0,0.0,0.0,0.0,0.0,0.0,0.0,0.0,0.0,0.0,0.0,0.0,0.0,0.0,0.0,0.0,0.0,0.0,0.0,8.0,2.0,1.0
148,1.2299967000000003,0,8.5005,1.6347,0.9796,1.0933,0.0788,0.0015,0.0049,0.0003,0.0118,0.0209,0.0014,0.0007,0.0074,0.0001,0.0015,0.002,0.0001,0.0001,0.0081,0.0012,0.0008,0.0,0.0004,0.049,0.0077,0.0001,0.0012,0.0,65.0,0.0,2.0,63.0,0.0,0.0,0.0,0.0,0.0,0.0,0.0,0.0,0.0,0.0,0.0,0.0,0.0,0.0,0.0,0.0,0.0,0.0,0.0,8.0,2.0,1.0
149,1.2384972000000003,0,8.2196,1.6699,1.0625,1.1655,0.0817,0.0046,0.0018,0.0003,0.0065,0.0161,0.0018,0.0013,0.0081,0.0001,0.0016,0.0023,0.0002,0.0001,0.0089,0.0014,0.0005,0.0001,0.0004,0.0477,0.0084,0.0,0.0005,0.0,65.0,0.0,2.0,63.0,0.0,0.0,0.0,0.0,0.0,0.0,0.0,0.0,0.0,0.0,0.0,0.0,0.0,0.0,0.0,0.0,0.0,0.0,0.0,8.0,2.0,1.0
150,1.2467168000000004,0,8.4018,1.6303,0.9817,1.294,0.092,0.0016,0.0047,0.0002,0.0159,0.0249,0.0017,0.0008,0.0098,0.0001,0.0019,0.0019,0.0001,0.0001,0.0092,0.0018,0.0005,0.0001,0.0005,0.058,0.01,0.0,0.0006,0.0,65.0,0.0,2.0,63.0,0.0,0.0,0.0,0.0,0.0,0.0,0.0,0.0,0.0,0.0,0.0,0.0,0.0,0.0,0.0,0.0,0.0,0.0,0.0,8.0,2.0,1.0
151,1.2551186000000003,0,8.5154,1.5913,1.1558,1.3029,0.0833,0.0036,0.0025,0.0003,0.0068,0.0156,0.0016,0.0008,0.0083,0.0003,0.0014,0.0022,0.0002,0.0001,0.0095,0.0013,0.0005,0.0001,0.0005,0.0471,0.0079,0.0,0.001,0.0,65.0,0.0,2.0,63.0,0.0,0.0,0.0,0.0,0.0,0.0,0.0,0.0,0.0,0.0,0.0,0.0,0.0,0.0,0.0,0.0,0.0,0.0,0.0,8.0,2.0,1.0
152,1.2636340000000004,0,8.295,1.799,1.0936,1.2877,0.0809,0.0012,0.0021,0.0002,0.0122,0.018,0.0014,0.0014,0.0074,0.0002,0.0014,0.002,0.0001,0.0001,0.009,0.0016,0.0005,0.0001,0.0004,0.0485,0.0078,0.0,0.0007,0.0,65.0,0.0,2.0,63.0,0.0,0.0,0.0,0.0,0.0,0.0,0.0,0.0,0.0,0.0,0.0,0.0,0.0,0.0,0.0,0.0,0.0,0.0,0.0,8.0,2.0,1.0
153,1.2719290000000003,0,8.3135,1.7024,1.1964,1.1727,0.0847,0.0018,0.0018,0.0007,0.0076,0.0144,0.0022,0.001,0.0088,0.0002,0.0016,0.0018,0.0005,0.0001,0.0091,0.0017,0.0006,0.0,0.0005,0.0475,0.0102,0.0,0.0008,0.0,65.0,0.0,2.0,63.0,0.0,0.0,0.0,0.0,0.0,0.0,0.0,0.0,0.0,0.0,0.0,0.0,0.0,0.0,0.0,0.0,0.0,0.0,0.0,8.0,2.0,1.0
154,1.2802425000000004,0,8.1881,1.7362,1.1113,1.3066,0.0784,0.0015,0.0015,0.0004,0.0124,0.0188,0.0021,0.0007,0.0079,0.0001,0.002,0.0018,0.0001,0.0001,0.0091,0.0012,0.0005,0.0,0.0004,0.0479,0.0074,0.0,0.0013,0.0,65.0,0.0,2.0,63.0,0.0,0.0,0.0,0.0,0.0,0.0,0.0,0.0,0.0,0.0,0.0,0.0,0.0,0.0,0.0,0.0,0.0,0.0,0.0,8.0,2.0,1.0
155,1.2884306000000003,0,8.4235,1.568,1.0752,1.127,0.0808,0.0017,0.0021,0.0003,0.0075,0.014,0.0023,0.0008,0.0085,0.0002,0.002,0.0019,0.0007,0.0001,0.0094,0.0015,0.0005,0.0001,0.0006,0.0465,0.0082,0.0001,0.0006,0.0,65.0,0.0,2.0,63.0,0.0,0.0,0.0,0.0,0.0,0.0,0.0,0.0,0.0,0.0,0.0,0.0,0.0,0.0,0.0,0.0,0.0,0.0,0.0,8.0,2.0,1.0
156,1.2968541000000002,0,8.3203,1.7271,1.0989,1.3299,0.0871,0.0041,0.0016,0.0003,0.0117,0.0209,0.0016,0.0008,0.0073,0.0002,0.0018,0.0021,0.0001,0.0001,0.0096,0.0013,0.0005,0.0001,0.001,0.0515,0.0091,0.0001,0.0006,0.0,65.0,0.0,2.0,63.0,0.0,0.0,0.0,0.0,0.0,0.0,0.0,0.0,0.0,0.0,0.0,0.0,0.0,0.0,0.0,0.0,0.0,0.0,0.0,8.0,2.0,1.0
157,1.3051744000000003,0,8.451,1.8222,1.1348,1.1377,0.09,0.0047,0.0028,0.0004,0.0073,0.0174,0.0017,0.0011,0.0089,0.0002,0.0019,0.0024,0.0002,0.0001,0.0099,0.0013,0.0005,0.0006,0.0006,0.0509,0.0113,0.0,0.001,0.0,65.0,0.0,2.0,63.0,0.0,0.0,0.0,0.0,0.0,0.0,0.0,0.0,0.0,0.0,0.0,0.0,0.0,0.0,0.0,0.0,0.0,0.0,0.0,8.0,2.0,1.0
158,1.3136254000000003,0,8.467,1.8332,1.2521,1.2962,0.0911,0.0036,0.0026,0.0003,0.0137,0.0227,0.0022,0.0012,0.0088,0.0001,0.0019,0.0019,0.0001,0.0001,0.0094,0.0012,0.001,0.0001,0.0006,0.0558,0.008,0.0001,0.0009,0.0,65.0,0.0,2.0,63.0,0.0,0.0,0.0,0.0,0.0,0.0,0.0,0.0,0.0,0.0,0.0,0.0,0.0,0.0,0.0,0.0,0.0,0.0,0.0,8.0,2.0,1.0
159,1.3220924000000003,0,8.1467,2.0119,1.2938,1.477,0.0865,0.0016,0.0043,0.0006,0.0067,0.0161,0.0017,0.0008,0.0078,0.0001,0.0016,0.002,0.0001,0.0001,0.0097,0.0016,0.0005,0.0006,0.0006,0.0479,0.0119,0.0,0.0009,0.0,65.0,0.0,2.0,63.0,0.0,0.0,0.0,0.0,0.0,0.0,0.0,0.0,0.0,0.0,0.0,0.0,0.0,0.0,0.0,0.0,0.0,0.0,0.0,8.0,2.0,1.0
160,1.3302391000000002,0,8.2717,1.779,1.1818,1.1333,0.075,0.0012,0.0032,0.0002,0.0103,0.0175,0.0015,0.0007,0.0076,0.0006,0.0013,0.0013,0.0001,0.0001,0.0085,0.0011,0.0005,0.0001,0.0011,0.0458,0.0083,0.0001,0.0009,0.0,65.0,0.0,2.0,63.0,0.0,0.0,0.0,0.0,0.0,0.0,0.0,0.0,0.0,0.0,0.0,0.0,0.0,0.0,0.0,0.0,0.0,0.0,0.0,8.0,2.0,1.0
161,1.3385108000000003,0,8.2171,1.6274,0.9786,1.0491,0.0732,0.0029,0.0019,0.0003,0.0061,0.0137,0.0015,0.0007,0.0072,0.0001,0.0015,0.002,0.0001,0.0001,0.0082,0.0012,0.0004,0.0001,0.0005,0.0416,0.009,0.0,0.0008,0.0,65.0,0.0,2.0,63.0,0.0,0.0,0.0,0.0,0.0,0.0,0.0,0.0,0.0,0.0,0.0,0.0,0.0,0.0,0.0,0.0,0.0,0.0,0.0,8.0,2.0,1.0
162,1.3467279000000003,0,8.5539,1.563,1.1055,1.1095,0.0915,0.0033,0.0017,0.0007,0.0138,0.0222,0.0018,0.0017,0.009,0.0001,0.0017,0.0021,0.0001,0.0002,0.0101,0.0013,0.0005,0.0004,0.0007,0.0553,0.0088,0.0,0.0008,0.0,65.0,0.0,2.0,63.0,0.0,0.0,0.0,0.0,0.0,0.0,0.0,0.0,0.0,0.0,0.0,0.0,0.0,0.0,0.0,0.0,0.0,0.0,0.0,8.0,2.0,1.0
163,1.3552818000000002,0,8.0955,1.7681,1.0705,1.2053,0.0786,0.0031,0.0016,0.0003,0.0052,0.0131,0.0021,0.0009,0.0082,0.0001,0.0018,0.0014,0.0,0.0001,0.0099,0.0013,0.001,0.0001,0.0005,0.0439,0.0097,0.0,0.0008,0.0,65.0,0.0,2.0,63.0,0.0,0.0,0.0,0.0,0.0,0.0,0.0,0.0,0.0,0.0,0.0,0.0,0.0,0.0,0.0,0.0,0.0,0.0,0.0,8.0,2.0,1.0
164,1.3633773000000002,0,8.3385,1.7281,0.9167,1.145,0.0813,0.0014,0.0053,0.0003,0.0091,0.0195,0.0015,0.0007,0.0075,0.0006,0.0014,0.0015,0.0001,0.0001,0.0089,0.0013,0.0007,0.0,0.0004,0.0488,0.0088,0.0001,0.0005,0.0,65.0,0.0,2.0,63.0,0.0,0.0,0.0,0.0,0.0,0.0,0.0,0.0,0.0,0.0,0.0,0.0,0.0,0.0,0.0,0.0,0.0,0.0,0.0,8.0,2.0,1.0
165,1.3717158000000003,0,8.4214,1.5839,0.99,1.1209,0.0791,0.0039,0.0014,0.0003,0.0101,0.0184,0.0017,0.0012,0.0077,0.0002,0.0016,0.002,0.0001,0.0001,0.0088,0.0017,0.0005,0.0,0.0004,0.0485,0.0081,0.0,0.001,0.0,65.0,0.0,2.0,63.0,0.0,0.0,0.0,0.0,0.0,0.0,0.0,0.0,0.0,0.0,0.0,0.0,0.0,0.0,0.0,0.0,0.0,0.0,0.0,8.0,2.0,1.0
166,1.3801372000000003,0,8.2659,1.8637,1.0706,1.4236,0.0807,0.003,0.0015,0.0003,0.0123,0.0197,0.0015,0.0007,0.008,0.0001,0.0014,0.0019,0.0001,0.0001,0.009,0.0011,0.0004,0.0001,0.0005,0.0499,0.0076,0.0,0.0005,0.0,65.0,0.0,2.0,63.0,0.0,0.0,0.0,0.0,0.0,0.0,0.0,0.0,0.0,0.0,0.0,0.0,0.0,0.0,0.0,0.0,0.0,0.0,0.0,8.0,2.0,1.0
167,1.3884031000000003,0,8.354,1.6,0.9552,1.1395,0.0713,0.0044,0.0013,0.0002,0.0055,0.0138,0.0014,0.0005,0.0061,0.0002,0.0013,0.0015,0.0001,0.0002,0.0098,0.0013,0.0004,0.0,0.0004,0.0414,0.0073,0.0,0.0008,0.0,65.0,0.0,2.0,63.0,0.0,0.0,0.0,0.0,0.0,0.0,0.0,0.0,0.0,0.0,0.0,0.0,0.0,0.0,0.0,0.0,0.0,0.0,0.0,8.0,2.0,1.0
168,1.3967571000000003,0,8.2644,1.5488,0.9848,1.1047,0.069,0.0014,0.0012,0.0003,0.0091,0.0144,0.0014,0.0007,0.0064,0.0001,0.0013,0.0013,0.0001,0.0001,0.0083,0.001,0.0005,0.0001,0.0005,0.0402,0.0073,0.0001,0.0007,0.0,65.0,0.0,2.0,63.0,0.0,0.0,0.0,0.0,0.0,0.0,0.0,0.0,0.0,0.0,0.0,0.0,0.0,0.0,0.0,0.0,0.0,0.0,0.0,8.0,2.0,1.0
169,1.4050215000000004,0,8.4239,1.6541,0.9973,1.0408,0.1169,0.0041,0.0024,0.0002,0.0063,0.0152,0.0018,0.0008,0.0076,0.0002,0.0016,0.0021,0.0001,0.0001,0.0089,0.0013,0.0005,0.0,0.0005,0.0453,0.0462,0.0,0.0006,0.0,65.0,0.0,2.0,63.0,0.0,0.0,0.0,0.0,0.0,0.0,0.0,0.0,0.0,0.0,0.0,0.0,0.0,0.0,0.0,0.0,0.0,0.0,0.0,8.0,2.0,1.0
170,1.4134454000000003,0,8.2626,1.6766,0.958,1.2904,0.0753,0.0011,0.0043,0.0003,0.0111,0.0191,0.0015,0.0008,0.0064,0.0002,0.0014,0.0019,0.0,0.0002,0.0081,0.0012,0.001,0.0001,0.0006,0.0463,0.0077,0.0,0.0007,0.0,65.0,0.0,2.0,63.0,0.0,0.0,0.0,0.0,0.0,0.0,0.0,0.0,0.0,0.0,0.0,0.0,0.0,0.0,0.0,0.0,0.0,0.0,0.0,8.0,2.0,1.0
171,1.4217080000000002,0,8.322,1.531,0.9576,1.1259,0.0739,0.0012,0.0052,0.0001,0.0044,0.0134,0.0015,0.0007,0.0073,0.0003,0.0021,0.0017,0.0001,0.0004,0.0087,0.0012,0.001,0.0001,0.0004,0.0431,0.0087,0.0,0.0006,0.0,65.0,0.0,2.0,63.0,0.0,0.0,0.0,0.0,0.0,0.0,0.0,0.0,0.0,0.0,0.0,0.0,0.0,0.0,0.0,0.0,0.0,0.0,0.0,8.0,2.0,1.0
172,1.4300300000000001,0,8.3667,1.6376,0.9517,1.0884,0.0695,0.0012,0.0014,0.0002,0.0106,0.0157,0.0015,0.0006,0.0068,0.0002,0.0017,0.0013,0.0001,0.0001,0.0086,0.0012,0.0004,0.0,0.0004,0.0421,0.0074,0.0,0.0007,0.0,65.0,0.0,2.0,63.0,0.0,0.0,0.0,0.0,0.0,0.0,0.0,0.0,0.0,0.0,0.0,0.0,0.0,0.0,0.0,0.0,0.0,0.0,0.0,8.0,2.0,1.0
173,1.4383967000000002,0,8.353,1.4535,0.9463,1.0522,0.0699,0.0029,0.0014,0.0002,0.0056,0.0126,0.0015,0.0005,0.0068,0.0001,0.0018,0.0016,0.0001,0.0007,0.0083,0.0012,0.0004,0.0,0.0004,0.04,0.0073,0.0,0.0009,0.0,65.0,0.0,2.0,63.0,0.0,0.0,0.0,0.0,0.0,0.0,0.0,0.0,0.0,0.0,0.0,0.0,0.0,0.0,0.0,0.0,0.0,0.0,0.0,8.0,2.0,1.0
174,1.4467497000000002,0,8.3365,1.6185,0.9783,1.1151,0.074,0.0017,0.0051,0.0003,0.0102,0.02,0.0014,0.0006,0.0069,0.0002,0.0014,0.0015,0.0001,0.0001,0.0078,0.0012,0.0004,0.0,0.0004,0.0452,0.0073,0.0,0.0008,0.0,65.0,0.0,2.0,63.0,0.0,0.0,0.0,0.0,0.0,0.0,0.0,0.0,0.0,0.0,0.0,0.0,0.0,0.0,0.0,0.0,0.0,0.0,0.0,8.0,2.0,1.0
175,1.4550862000000002,0,8.236,1.6571,0.9752,1.0988,0.0716,0.0039,0.0019,0.0002,0.0062,0.0144,0.0015,0.0006,0.0068,0.0001,0.0014,0.0019,0.0001,0.0001,0.0081,0.0011,0.0009,0.0,0.0004,0.0411,0.0081,0.0,0.0007,0.0,65.0,0.0,2.0,63.0,0.0,0.0,0.0,0.0,0.0,0.0,0.0,0.0,0.0,0.0,0.0,0.0,0.0,0.0,0.0,0.0,0.0,0.0,0.0,8.0,2.0,1.0
176,1.4633222000000001,0,8.3568,1.5936,0.8841,1.1054,0.0735,0.0013,0.0044,0.0002,0.0108,0.0188,0.0018,0.0007,0.0063,0.0001,0.0012,0.0017,0.0001,0.0001,0.0077,0.0012,0.0005,0.0,0.0005,0.0435,0.0081,0.0,0.0008,0.0,65.0,0.0,2.0,63.0,0.0,0.0,0.0,0.0,0.0,0.0,0.0,0.0,0.0,0.0,0.0,0.0,0.0,0.0,0.0,0.0,0.0,0.0,0.0,8.0,2.0,1.0
177,1.4716790000000002,0,8.3975,1.5637,0.9205,1.1957,0.0709,0.0015,0.0057,0.0001,0.0037,0.0134,0.0014,0.0007,0.0071,0.0002,0.0017,0.0014,0.0001,0.0001,0.0082,0.0012,0.0004,0.0,0.0004,0.041,0.0078,0.0,0.0007,0.0,65.0,0.0,2.0,63.0,0.0,0.0,0.0,0.0,0.0,0.0,0.0,0.0,0.0,0.0,0.0,0.0,0.0,0.0,0.0,0.0,0.0,0.0,0.0,8.0,2.0,1.0
178,1.4800765000000002,0,8.435,1.6295,1.1076,1.15,0.0813,0.0026,0.0014,0.0002,0.0121,0.0188,0.0015,0.0006,0.0099,0.0002,0.0015,0.002,0.0,0.0001,0.0078,0.0011,0.0004,0.0001,0.0004,0.049,0.008,0.0001,0.0006,0.0,65.0,0.0,2.0,63.0,0.0,0.0,0.0,0.0,0.0,0.0,0.0,0.0,0.0,0.0,0.0,0.0,0.0,0.0,0.0,0.0,0.0,0.0,0.0,8.0,2.0,1.0
179,1.4885115000000002,0,8.1833,1.6414,0.94,1.3097,0.0669,0.0012,0.0014,0.0003,0.0039,0.0089,0.0018,0.0013,0.0083,0.0001,0.0013,0.002,0.0,0.0001,0.0078,0.0012,0.001,0.0001,0.0005,0.0377,0.0083,0.0,0.0012,0.0,65.0,0.0,2.0,63.0,0.0,0.0,0.0,0.0,0.0,0.0,0.0,0.0,0.0,0.0,0.0,0.0,0.0,0.0,0.0,0.0,0.0,0.0,0.0,8.0,2.0,1.0
180,1.4966948000000002,0,8.443,1.5401,1.0015,1.1114,0.0834,0.0039,0.0016,0.0003,0.012,0.0211,0.0018,0.0012,0.0081,0.0002,0.0016,0.0016,0.0001,0.0001,0.0088,0.0012,0.0005,0.0001,0.001,0.0504,0.0084,0.0,0.0006,0.0,65.0,0.0,2.0,63.0,0.0,0.0,0.0,0.0,0.0,0.0,0.0,0.0,0.0,0.0,0.0,0.0,0.0,0.0,0.0,0.0,0.0,0.0,0.0,8.0,2.0,1.0
181,1.5051378000000002,0,8.2669,1.6986,0.993,1.3403,0.0711,0.0013,0.0047,0.0002,0.0046,0.0128,0.0019,0.0008,0.007,0.0001,0.0018,0.0015,0.0002,0.0001,0.0082,0.0012,0.0005,0.0001,0.0005,0.0408,0.0082,0.0,0.0008,0.0,65.0,0.0,2.0,63.0,0.0,0.0,0.0,0.0,0.0,0.0,0.0,0.0,0.0,0.0,0.0,0.0,0.0,0.0,0.0,0.0,0.0,0.0,0.0,8.0,2.0,1.0
182,1.5134047000000002,0,8.3857,1.6359,1.017,1.4238,0.0832,0.003,0.0015,0.0003,0.011,0.0184,0.0018,0.0008,0.0081,0.0002,0.0015,0.0018,0.0005,0.0001,0.0092,0.0013,0.0006,0.0001,0.0006,0.0489,0.0086,0.0,0.0007,0.0,65.0,0.0,2.0,63.0,0.0,0.0,0.0,0.0,0.0,0.0,0.0,0.0,0.0,0.0,0.0,0.0,0.0,0.0,0.0,0.0,0.0,0.0,0.0,8.0,2.0,1.0
183,1.5217904000000002,0,8.4042,1.7213,1.1171,1.3582,0.0766,0.0014,0.0014,0.0003,0.0069,0.0122,0.0019,0.0008,0.0076,0.0001,0.0018,0.0028,0.0004,0.0001,0.0086,0.0019,0.0005,0.0,0.0005,0.0442,0.0097,0.0,0.0009,0.0,65.0,0.0,2.0,63.0,0.0,0.0,0.0,0.0,0.0,0.0,0.0,0.0,0.0,0.0,0.0,0.0,0.0,0.0,0.0,0.0,0.0,0.0,0.0,8.0,2.0,1.0
184,1.5301946000000002,0,8.2054,1.6797,0.9806,1.4352,0.0728,0.0013,0.0014,0.0004,0.0119,0.0176,0.002,0.0006,0.0069,0.0002,0.0014,0.0018,0.0,0.0001,0.0076,0.0011,0.001,0.0001,0.0004,0.0436,0.0076,0.0,0.0007,0.0,65.0,0.0,2.0,63.0,0.0,0.0,0.0,0.0,0.0,0.0,0.0,0.0,0.0,0.0,0.0,0.0,0.0,0.0,0.0,0.0,0.0,0.0,0.0,8.0,2.0,1.0
185,1.5384000000000002,0,8.4899,1.5933,1.0512,1.2804,0.0852,0.0042,0.0023,0.0004,0.0073,0.0167,0.0015,0.0008,0.0081,0.0002,0.0021,0.0021,0.0002,0.0001,0.0105,0.0012,0.0005,0.0001,0.0012,0.0495,0.0095,0.0,0.0008,0.0,65.0,0.0,2.0,63.0,0.0,0.0,0.0,0.0,0.0,0.0,0.0,0.0,0.0,0.0,0.0,0.0,0.0,0.0,0.0,0.0,0.0,0.0,0.0,8.0,2.0,1.0
186,1.5468899000000003,0,8.3183,1.7266,1.1403,1.4345,0.0887,0.0027,0.0022,0.0004,0.0141,0.0222,0.0017,0.001,0.0077,0.0002,0.002,0.0018,0.0001,0.0001,0.0098,0.0015,0.0005,0.0001,0.0006,0.0539,0.0084,0.0,0.0007,0.0,65.0,0.0,2.0,63.0,0.0,0.0,0.0,0.0,0.0,0.0,0.0,0.0,0.0,0.0,0.0,0.0,0.0,0.0,0.0,0.0,0.0,0.0,0.0,8.0,2.0,1.0
187,1.5552082000000003,0,8.2778,1.7625,1.0886,1.1442,0.0688,0.0018,0.0031,0.0003,0.0038,0.0113,0.002,0.0006,0.0075,0.0001,0.0015,0.0017,0.0001,0.0001,0.0078,0.0011,0.0009,0.0002,0.0005,0.0379,0.0074,0.0,0.0009,0.0,65.0,0.0,2.0,63.0,0.0,0.0,0.0,0.0,0.0,0.0,0.0,0.0,0.0,0.0,0.0,0.0,0.0,0.0,0.0,0.0,0.0,0.0,0.0,8.0,2.0,1.0
188,1.5634860000000002,0,8.2892,1.4867,1.0487,1.1998,0.091,0.004,0.0018,0.0003,0.013,0.0217,0.0018,0.0009,0.0104,0.0001,0.0022,0.0017,0.0001,0.0001,0.009,0.0019,0.0005,0.0001,0.0006,0.0563,0.0095,0.0,0.0007,0.0,65.0,0.0,2.0,63.0,0.0,0.0,0.0,0.0,0.0,0.0,0.0,0.0,0.0,0.0,0.0,0.0,0.0,0.0,0.0,0.0,0.0,0.0,0.0,8.0,2.0,1.0
189,1.5717752000000003,0,8.2448,1.664,0.9637,1.2111,0.0652,0.0011,0.0014,0.0003,0.0057,0.0103,0.0019,0.0007,0.0075,0.0001,0.002,0.0014,0.0,0.0001,0.0082,0.0018,0.0005,0.0001,0.0004,0.0386,0.0057,0.0,0.0007,0.0,65.0,0.0,2.0,63.0,0.0,0.0,0.0,0.0,0.0,0.0,0.0,0.0,0.0,0.0,0.0,0.0,0.0,0.0,0.0,0.0,0.0,0.0,0.0,8.0,2.0,1.0
190,1.5800200000000002,0,8.3066,1.6809,0.9143,1.0688,0.0736,0.0038,0.0019,0.0002,0.0119,0.0196,0.0014,0.0007,0.0059,0.0001,0.0013,0.002,0.0,0.0001,0.0074,0.001,0.0005,0.0004,0.0005,0.0452,0.0068,0.0001,0.0007,0.0,65.0,0.0,2.0,63.0,0.0,0.0,0.0,0.0,0.0,0.0,0.0,0.0,0.0,0.0,0.0,0.0,0.0,0.0,0.0,0.0,0.0,0.0,0.0,8.0,2.0,1.0
191,1.5883266000000003,0,8.3943,1.6446,0.8944,1.1128,0.0678,0.0013,0.002,0.0002,0.004,0.0096,0.002,0.0006,0.0069,0.0001,0.0019,0.0015,0.0,0.0006,0.0082,0.0013,0.0005,0.0,0.0004,0.0376,0.0083,0.0001,0.0008,0.0,65.0,0.0,2.0,63.0,0.0,0.0,0.0,0.0,0.0,0.0,0.0,0.0,0.0,0.0,0.0,0.0,0.0,0.0,0.0,0.0,0.0,0.0,0.0,8.0,2.0,1.0
192,1.5967209000000002,0,8.3716,1.5152,0.965,1.1815,0.0723,0.0016,0.0019,0.0003,0.0107,0.0165,0.0014,0.0007,0.0066,0.0002,0.0018,0.0015,0.0001,0.0001,0.0077,0.0011,0.0005,0.0,0.0005,0.0429,0.0077,0.0,0.0012,0.0,65.0,0.0,2.0,63.0,0.0,0.0,0.0,0.0,0.0,0.0,0.0,0.0,0.0,0.0,0.0,0.0,0.0,0.0,0.0,0.0,0.0,0.0,0.0,8.0,2.0,1.0
193,1.6050925000000003,0,8.2681,1.6891,0.9819,1.368,0.0649,0.0047,0.0012,0.0002,0.0054,0.0138,0.0016,0.0006,0.0061,0.0006,0.0013,0.0013,0.0001,0.0005,0.0081,0.001,0.0005,0.0001,0.0004,0.0395,0.0046,0.0,0.001,0.0,65.0,0.0,2.0,63.0,0.0,0.0,0.0,0.0,0.0,0.0,0.0,0.0,0.0,0.0,0.0,0.0,0.0,0.0,0.0,0.0,0.0,0.0,0.0,8.0,2.0,1.0
194,1.6133606000000003,0,8.3712,1.6098,0.9516,1.2094,0.0709,0.0024,0.0013,0.0003,0.0111,0.0173,0.0012,0.0008,0.0066,0.0001,0.0017,0.0015,0.0,0.0001,0.0075,0.0015,0.0004,0.0,0.0006,0.0433,0.0067,0.0,0.0008,0.0,65.0,0.0,2.0,63.0,0.0,0.0,0.0,0.0,0.0,0.0,0.0,0.0,0.0,0.0,0.0,0.0,0.0,0.0,0.0,0.0,0.0,0.0,0.0,8.0,2.0,1.0
195,1.6217318000000003,0,8.2516,1.5263,0.9342,1.0746,0.0691,0.0012,0.0047,0.0002,0.005,0.0132,0.0014,0.0009,0.0064,0.0001,0.0012,0.0018,0.0,0.0001,0.0071,0.0012,0.0004,0.0001,0.0004,0.0387,0.0088,0.0001,0.0003,0.0,65.0,0.0,2.0,63.0,0.0,0.0,0.0,0.0,0.0,0.0,0.0,0.0,0.0,0.0,0.0,0.0,0.0,0.0,0.0,0.0,0.0,0.0,0.0,8.0,2.0,1.0
196,1.6299834000000002,0,8.3388,1.6102,0.879,1.0913,0.0707,0.0012,0.0034,0.0002,0.0099,0.0168,0.0017,0.0006,0.0066,0.0001,0.0015,0.0017,0.0,0.0001,0.0072,0.0012,0.0004,0.0001,0.0004,0.0422,0.0077,0.0001,0.0007,0.0,65.0,0.0,2.0,63.0,0.0,0.0,0.0,0.0,0.0,0.0,0.0,0.0,0.0,0.0,0.0,0.0,0.0,0.0,0.0,0.0,0.0,0.0,0.0,8.0,2.0,1.0
197,1.6383222000000002,0,8.4371,1.5595,0.9345,1.0868,0.0735,0.0027,0.002,0.0003,0.0039,0.012,0.0016,0.0007,0.008,0.0001,0.0016,0.0022,0.0001,0.0002,0.0081,0.0013,0.0005,0.0001,0.0005,0.0413,0.0093,0.0001,0.0008,0.0,65.0,0.0,2.0,63.0,0.0,0.0,0.0,0.0,0.0,0.0,0.0,0.0,0.0,0.0,0.0,0.0,0.0,0.0,0.0,0.0,0.0,0.0,0.0,8.0,2.0,1.0
198,1.6467593000000003,0,8.2448,1.5503,0.9727,1.1335,0.0741,0.0039,0.0018,0.0001,0.0115,0.0196,0.0017,0.0007,0.007,0.0002,0.0013,0.0015,0.0001,0.0001,0.0072,0.0012,0.0004,0.0,0.0004,0.0446,0.0071,0.0,0.0006,0.0,65.0,0.0,2.0,63.0,0.0,0.0,0.0,0.0,0.0,0.0,0.0,0.0,0.0,0.0,0.0,0.0,0.0,0.0,0.0,0.0,0.0,0.0,0.0,8.0,2.0,1.0
199,1.6550041000000002,0,8.3899,1.5458,0.9241,1.0648,0.0752,0.0031,0.0015,0.0002,0.006,0.0137,0.0017,0.0006,0.0075,0.0001,0.0014,0.002,0.0005,0.0001,0.0085,0.0013,0.001,0.0001,0.0005,0.043,0.009,0.0,0.0008,0.0,65.0,0.0,2.0,63.0,0.0,0.0,0.0,0.0,0.0,0.0,0.0,0.0,0.0,0.0,0.0,0.0,0.0,0.0,0.0,0.0,0.0,0.0,0.0,8.0,2.0,1.0
200,1.6633940000000003,0,8.2668,1.5941,0.9361,1.135,0.0724,0.0037,0.0012,0.0002,0.0098,0.0175,0.0015,0.0007,0.006,0.0001,0.0012,0.0014,0.0004,0.0001,0.0075,0.0011,0.0004,0.0,0.0005,0.0419,0.0074,0.0,0.0008,0.0,65.0,0.0,2.0,63.0,0.0,0.0,0.0,0.0,0.0,0.0,0.0,0.0,0.0,0.0,0.0,0.0,0.0,0.0,0.0,0.0,0.0,0.0,0.0,8.0,2.0,1.0
201,1.6716608000000002,0,8.4289,1.5597,0.9178,1.4035,0.0747,0.0038,0.0015,0.0002,0.0061,0.0145,0.0015,0.0007,0.0069,0.0002,0.002,0.0015,0.0006,0.0001,0.0085,0.0011,0.0011,0.0001,0.0005,0.0429,0.0087,0.0,0.0011,0.0,65.0,0.0,2.0,63.0,0.0,0.0,0.0,0.0,0.0,0.0,0.0,0.0,0.0,0.0,0.0,0.0,0.0,0.0,0.0,0.0,0.0,0.0,0.0,8.0,2.0,1.0
202,1.6800897000000001,0,8.2424,1.7132,0.9697,1.2569,0.0767,0.0049,0.0013,0.0003,0.0119,0.0206,0.0015,0.0006,0.0069,0.0002,0.0014,0.0015,0.0001,0.0002,0.0079,0.0012,0.0005,0.0,0.0005,0.0472,0.0079,0.0,0.0004,0.0,65.0,0.0,2.0,63.0,0.0,0.0,0.0,0.0,0.0,0.0,0.0,0.0,0.0,0.0,0.0,0.0,0.0,0.0,0.0,0.0,0.0,0.0,0.0,8.0,2.0,1.0
203,1.6883321000000002,0,8.3865,1.6062,0.8969,1.3366,0.0704,0.0028,0.0015,0.0002,0.0064,0.0132,0.0017,0.0007,0.0074,0.0001,0.002,0.0016,0.0001,0.0006,0.0081,0.0012,0.0005,0.0002,0.0005,0.0416,0.0078,0.0,0.0007,0.0,65.0,0.0,2.0,63.0,0.0,0.0,0.0,0.0,0.0,0.0,0.0,0.0,0.0,0.0,0.0,0.0,0.0,0.0,0.0,0.0,0.0,0.0,0.0,8.0,2.0,1.0
204,1.6967186000000003,0,8.3178,1.5377,0.9555,1.0277,0.0749,0.0038,0.0019,0.0002,0.0107,0.0189,0.0014,0.0007,0.0061,0.0001,0.0013,0.0015,0.0001,0.0001,0.0081,0.0011,0.0005,0.0001,0.0006,0.0444,0.0076,0.0,0.001,0.0,65.0,0.0,2.0,63.0,0.0,0.0,0.0,0.0,0.0,0.0,0.0,0.0,0.0,0.0,0.0,0.0,0.0,0.0,0.0,0.0,0.0,0.0,0.0,8.0,2.0,1.0
205,1.7050364000000002,0,8.3772,1.5598,0.9786,1.1646,0.0747,0.0037,0.0014,0.0007,0.0057,0.0134,0.0016,0.0007,0.0081,0.0002,0.0016,0.0017,0.0003,0.0001,0.0079,0.0011,0.0005,0.0001,0.0006,0.0421,0.0089,0.0,0.0005,0.0,65.0,0.0,2.0,63.0,0.0,0.0,0.0,0.0,0.0,0.0,0.0,0.0,0.0,0.0,0.0,0.0,0.0,0.0,0.0,0.0,0.0,0.0,0.0,8.0,2.0,1.0
206,1.7134136000000002,0,8.2946,1.567,0.9261,1.2499,0.0733,0.0012,0.0019,0.0003,0.0112,0.0165,0.0018,0.0008,0.0073,0.0001,0.0016,0.0014,0.0001,0.0002,0.0077,0.0017,0.0005,0.0001,0.0005,0.0435,0.0082,0.0,0.0008,0.0,65.0,0.0,2.0,63.0,0.0,0.0,0.0,0.0,0.0,0.0,0.0,0.0,0.0,0.0,0.0,0.0,0.0,0.0,0.0,0.0,0.0,0.0,0.0,8.0,2.0,1.0
207,1.7217082000000001,0,8.3708,1.5912,0.9359,1.1837,0.0616,0.0014,0.0013,0.0001,0.0055,0.0104,0.0014,0.0006,0.0061,0.0001,0.0014,0.0022,0.0001,0.0001,0.0081,0.0011,0.001,0.0,0.0003,0.0366,0.0047,0.0,0.0007,0.0,65.0,0.0,2.0,63.0,0.0,0.0,0.0,0.0,0.0,0.0,0.0,0.0,0.0,0.0,0.0,0.0,0.0,0.0,0.0,0.0,0.0,0.0,0.0,8.0,2.0,1.0
208,1.7300790000000001,0,8.3052,1.6173,0.9804,1.1434,0.0787,0.0011,0.0048,0.0003,0.0095,0.0182,0.0015,0.0014,0.0075,0.0001,0.001,0.0022,0.0001,0.0001,0.0082,0.0011,0.0005,0.0,0.0005,0.047,0.0093,0.0,0.0006,0.0,65.0,0.0,2.0,63.0,0.0,0.0,0.0,0.0,0.0,0.0,0.0,0.0,0.0,0.0,0.0,0.0,0.0,0.0,0.0,0.0,0.0,0.0,0.0,8.0,2.0,1.0
209,1.7383842,0,8.3553,1.6217,0.9751,1.0785,0.0732,0.003,0.0016,0.0003,0.0062,0.0135,0.0017,0.0007,0.0073,0.0003,0.0014,0.0017,0.0,0.0001,0.008,0.0012,0.0005,0.0001,0.0005,0.0414,0.0084,0.0001,0.0009,0.0,65.0,0.0,2.0,63.0,0.0,0.0,0.0,0.0,0.0,0.0,0.0,0.0,0.0,0.0,0.0,0.0,0.0,0.0,0.0,0.0,0.0,0.0,0.0,8.0,2.0,1.0
210,1.7467395000000001,0,8.3355,1.5653,0.9684,1.2606,0.0736,0.0018,0.0014,0.0003,0.012,0.018,0.0014,0.001,0.0066,0.0002,0.0012,0.0018,0.0001,0.0001,0.0081,0.0011,0.0005,0.0,0.0006,0.0438,0.0078,0.0,0.0007,0.0,65.0,0.0,2.0,63.0,0.0,0.0,0.0,0.0,0.0,0.0,0.0,0.0,0.0,0.0,0.0,0.0,0.0,0.0,0.0,0.0,0.0,0.0,0.0,8.0,2.0,1.0
211,1.7550750000000002,0,8.3289,1.6655,0.9969,1.3219,0.0774,0.0028,0.0018,0.0002,0.0069,0.0141,0.0019,0.001,0.0079,0.0002,0.0014,0.0016,0.0004,0.0001,0.0084,0.0012,0.0009,0.0001,0.0005,0.0438,0.0087,0.0,0.0008,0.0,65.0,0.0,2.0,63.0,0.0,0.0,0.0,0.0,0.0,0.0,0.0,0.0,0.0,0.0,0.0,0.0,0.0,0.0,0.0,0.0,0.0,0.0,0.0,8.0,2.0,1.0
212,1.7634039000000001,0,8.3657,1.7354,0.9574,1.3393,0.0761,0.0015,0.0047,0.0002,0.0105,0.0199,0.0014,0.0008,0.0066,0.0004,0.0013,0.0014,0.0001,0.0001,0.0084,0.0011,0.0004,0.0,0.0005,0.047,0.0078,0.0,0.0007,0.0,65.0,0.0,2.0,63.0,0.0,0.0,0.0,0.0,0.0,0.0,0.0,0.0,0.0,0.0,0.0,0.0,0.0,0.0,0.0,0.0,0.0,0.0,0.0,8.0,2.0,1.0
213,1.7717696,0,8.3269,1.6189,1.004,1.1228,0.0718,0.0038,0.0018,0.0003,0.0061,0.0142,0.0015,0.0007,0.0074,0.0001,0.0014,0.0022,0.0001,0.0001,0.0084,0.0017,0.0004,0.0,0.0005,0.0433,0.005,0.0001,0.0009,0.0,65.0,0.0,2.0,63.0,0.0,0.0,0.0,0.0,0.0,0.0,0.0,0.0,0.0,0.0,0.0,0.0,0.0,0.0,0.0,0.0,0.0,0.0,0.0,8.0,2.0,1.0
214,1.7800965,0,8.3061,1.5804,0.999,1.1441,0.0775,0.0038,0.0015,0.0003,0.0119,0.02,0.0014,0.0007,0.0072,0.0002,0.0013,0.0014,0.0002,0.0001,0.0088,0.0011,0.0005,0.0001,0.0008,0.0475,0.0075,0.0001,0.0007,0.0,65.0,0.0,2.0,63.0,0.0,0.0,0.0,0.0,0.0,0.0,0.0,0.0,0.0,0.0,0.0,0.0,0.0,0.0,0.0,0.0,0.0,0.0,0.0,8.0,2.0,1.0
215,1.7884026,0,8.258,1.6549,0.9336,1.0593,0.0657,0.0014,0.0022,0.0002,0.007,0.0132,0.0014,0.0007,0.0064,0.0001,0.0013,0.0014,0.0001,0.0001,0.008,0.0011,0.0004,0.0001,0.0005,0.0385,0.0046,0.0,0.0006,0.0,65.0,0.0,2.0,63.0,0.0,0.0,0.0,0.0,0.0,0.0,0.0,0.0,0.0,0.0,0.0,0.0,0.0,0.0,0.0,0.0,0.0,0.0,0.0,8.0,2.0,1.0
216,1.7966606,0,8.4254,1.5044,0.9225,1.1496,0.0753,0.0017,0.0015,0.0002,0.0127,0.0189,0.0016,0.0006,0.0073,0.0002,0.0018,0.0013,0.0001,0.0001,0.0078,0.0014,0.0004,0.0001,0.0005,0.0457,0.0077,0.0,0.0007,0.0,65.0,0.0,2.0,63.0,0.0,0.0,0.0,0.0,0.0,0.0,0.0,0.0,0.0,0.0,0.0,0.0,0.0,0.0,0.0,0.0,0.0,0.0,0.0,8.0,2.0,1.0
217,1.805086,0,8.3166,1.6807,1.0265,1.0883,0.0718,0.0019,0.0019,0.0006,0.0058,0.0122,0.0016,0.0007,0.0071,0.0001,0.0021,0.0014,0.0001,0.0006,0.0082,0.0012,0.0004,0.0,0.0005,0.0399,0.0078,0.0,0.0006,0.0,65.0,0.0,2.0,63.0,0.0,0.0,0.0,0.0,0.0,0.0,0.0,0.0,0.0,0.0,0.0,0.0,0.0,0.0,0.0,0.0,0.0,0.0,0.0,8.0,2.0,1.0
218,1.8134025999999999,0,8.3644,1.543,0.9368,1.1227,0.0797,0.0013,0.0047,0.0003,0.0107,0.0197,0.0016,0.0009,0.0077,0.0005,0.0016,0.0015,0.0001,0.0001,0.0079,0.0011,0.0005,0.0,0.001,0.0476,0.0079,0.0,0.0007,0.0,65.0,0.0,2.0,63.0,0.0,0.0,0.0,0.0,0.0,0.0,0.0,0.0,0.0,0.0,0.0,0.0,0.0,0.0,0.0,0.0,0.0,0.0,0.0,8.0,2.0,1.0
219,1.821767,0,8.3585,1.5943,1.0275,1.1121,0.0813,0.0033,0.0018,0.0004,0.0063,0.0145,0.0019,0.001,0.0081,0.0002,0.0021,0.0019,0.0001,0.0002,0.0095,0.0013,0.0005,0.0001,0.0004,0.0468,0.0088,0.0,0.0008,0.0,65.0,0.0,2.0,63.0,0.0,0.0,0.0,0.0,0.0,0.0,0.0,0.0,0.0,0.0,0.0,0.0,0.0,0.0,0.0,0.0,0.0,0.0,0.0,8.0,2.0,1.0
220,1.8301254999999998,0,8.3329,1.7738,1.0215,1.1527,0.085,0.0014,0.0019,0.0003,0.0134,0.0197,0.0023,0.0008,0.011,0.0002,0.0017,0.0016,0.0001,0.0001,0.0087,0.0014,0.0005,0.0001,0.001,0.0521,0.0081,0.0,0.0007,0.0,65.0,0.0,2.0,63.0,0.0,0.0,0.0,0.0,0.0,0.0,0.0,0.0,0.0,0.0,0.0,0.0,0.0,0.0,0.0,0.0,0.0,0.0,0.0,8.0,2.0,1.0
221,1.8384584,0,8.2817,1.6648,1.0344,1.1075,0.0799,0.0016,0.0019,0.0007,0.0082,0.0147,0.0022,0.0009,0.008,0.0002,0.0018,0.0015,0.0001,0.0002,0.009,0.0014,0.0005,0.0001,0.0005,0.0448,0.0097,0.0,0.0005,0.0,65.0,0.0,2.0,63.0,0.0,0.0,0.0,0.0,0.0,0.0,0.0,0.0,0.0,0.0,0.0,0.0,0.0,0.0,0.0,0.0,0.0,0.0,0.0,8.0,2.0,1.0
222,1.8467400999999999,0,8.314,1.682,0.9683,1.2411,0.0814,0.003,0.0016,0.0005,0.0116,0.019,0.0016,0.0008,0.0076,0.0002,0.0014,0.0021,0.0001,0.0001,0.0086,0.0017,0.0005,0.0001,0.0006,0.0492,0.008,0.0,0.0008,0.0,65.0,0.0,2.0,63.0,0.0,0.0,0.0,0.0,0.0,0.0,0.0,0.0,0.0,0.0,0.0,0.0,0.0,0.0,0.0,0.0,0.0,0.0,0.0,8.0,2.0,1.0
223,1.8550540999999998,0,8.3775,1.6743,0.9299,1.0953,0.0673,0.0038,0.0021,0.0003,0.0061,0.0143,0.0016,0.0005,0.0068,0.0002,0.0012,0.0012,0.0,0.0001,0.0085,0.0011,0.0005,0.0,0.0004,0.0403,0.0041,0.0,0.0008,0.0,65.0,0.0,2.0,63.0,0.0,0.0,0.0,0.0,0.0,0.0,0.0,0.0,0.0,0.0,0.0,0.0,0.0,0.0,0.0,0.0,0.0,0.0,0.0,8.0,2.0,1.0
224,1.8634315999999997,0,8.239,1.6178,0.9849,1.2117,0.0747,0.0034,0.0014,0.0003,0.0112,0.0191,0.0015,0.0006,0.0066,0.0001,0.0013,0.0014,0.0001,0.0002,0.0082,0.001,0.0004,0.0001,0.0006,0.0455,0.0078,0.0,0.0006,0.0,65.0,0.0,2.0,63.0,0.0,0.0,0.0,0.0,0.0,0.0,0.0,0.0,0.0,0.0,0.0,0.0,0.0,0.0,0.0,0.0,0.0,0.0,0.0,8.0,2.0,1.0
225,1.8716705999999999,0,8.353,1.6088,0.9172,1.1073,0.0664,0.0016,0.0015,0.0003,0.0072,0.0126,0.0017,0.0006,0.007,0.0002,0.0013,0.0017,0.0,0.0001,0.0079,0.0016,0.0005,0.0,0.0004,0.0399,0.0047,0.0001,0.0007,0.0,65.0,0.0,2.0,63.0,0.0,0.0,0.0,0.0,0.0,0.0,0.0,0.0,0.0,0.0,0.0,0.0,0.0,0.0,0.0,0.0,0.0,0.0,0.0,8.0,2.0,1.0
226,1.8800236,0,8.4136,1.5429,0.9826,1.0733,0.0729,0.0012,0.0036,0.0003,0.01,0.0177,0.0014,0.0007,0.0066,0.0001,0.0018,0.0014,0.0001,0.0001,0.0077,0.001,0.0004,0.0,0.0004,0.0431,0.0076,0.0,0.0009,0.0,65.0,0.0,2.0,63.0,0.0,0.0,0.0,0.0,0.0,0.0,0.0,0.0,0.0,0.0,0.0,0.0,0.0,0.0,0.0,0.0,0.0,0.0,0.0,8.0,2.0,1.0
227,1.8884371999999998,0,8.3203,1.6231,0.9831,1.152,0.0748,0.0029,0.0021,0.0003,0.0048,0.0123,0.0018,0.0008,0.0078,0.0001,0.0019,0.0016,0.0001,0.0001,0.0082,0.0013,0.0004,0.0002,0.0006,0.0415,0.0093,0.0001,0.0009,0.0,65.0,0.0,2.0,63.0,0.0,0.0,0.0,0.0,0.0,0.0,0.0,0.0,0.0,0.0,0.0,0.0,0.0,0.0,0.0,0.0,0.0,0.0,0.0,8.0,2.0,1.0
228,1.8967574999999999,0,8.3156,1.6469,0.9731,1.1003,0.0734,0.0014,0.0022,0.0003,0.0116,0.0174,0.0014,0.0008,0.007,0.0001,0.0012,0.0015,0.0001,0.0001,0.0082,0.0012,0.0005,0.0001,0.0005,0.0444,0.0072,0.0,0.0007,0.0,65.0,0.0,2.0,63.0,0.0,0.0,0.0,0.0,0.0,0.0,0.0,0.0,0.0,0.0,0.0,0.0,0.0,0.0,0.0,0.0,0.0,0.0,0.0,8.0,2.0,1.0
229,1.9050730999999999,0,8.3962,1.6233,1.0095,1.3067,0.0725,0.0017,0.0052,0.0007,0.0046,0.0144,0.0013,0.0008,0.0067,0.0001,0.0013,0.0019,0.0001,0.0001,0.0078,0.0012,0.0009,0.0,0.0006,0.0414,0.0081,0.0,0.0007,0.0,65.0,0.0,2.0,63.0,0.0,0.0,0.0,0.0,0.0,0.0,0.0,0.0,0.0,0.0,0.0,0.0,0.0,0.0,0.0,0.0,0.0,0.0,0.0,8.0,2.0,1.0
230,1.9134692999999998,0,8.2758,1.6386,1.0338,1.4058,0.077,0.0017,0.0049,0.0003,0.0106,0.0197,0.0015,0.0007,0.0072,0.0002,0.0019,0.0015,0.0001,0.0001,0.0076,0.0012,0.0005,0.0,0.0006,0.0466,0.0081,0.0,0.0008,0.0,65.0,0.0,2.0,63.0,0.0,0.0,0.0,0.0,0.0,0.0,0.0,0.0,0.0,0.0,0.0,0.0,0.0,0.0,0.0,0.0,0.0,0.0,0.0,8.0,2.0,1.0
231,1.9217450999999999,0,8.3417,1.5462,0.9611,1.1152,0.0687,0.0012,0.0045,0.0001,0.0037,0.0117,0.0013,0.0006,0.0071,0.0001,0.0015,0.0016,0.0001,0.0001,0.0086,0.0012,0.0005,0.0001,0.0011,0.0387,0.0076,0.0,0.0009,0.0,65.0,0.0,2.0,63.0,0.0,0.0,0.0,0.0,0.0,0.0,0.0,0.0,0.0,0.0,0.0,0.0,0.0,0.0,0.0,0.0,0.0,0.0,0.0,8.0,2.0,1.0
232,1.9300867999999998,0,8.2761,1.6653,0.9771,1.2183,0.0742,0.0029,0.0014,0.0002,0.0099,0.0168,0.0015,0.0008,0.0076,0.0002,0.0018,0.0016,0.0001,0.0001,0.0082,0.0014,0.0005,0.0001,0.0005,0.0444,0.0082,0.0,0.0007,0.0,65.0,0.0,2.0,63.0,0.0,0.0,0.0,0.0,0.0,0.0,0.0,0.0,0.0,0.0,0.0,0.0,0.0,0.0,0.0,0.0,0.0,0.0,0.0,8.0,2.0,1.0
233,1.9383628999999998,0,8.3165,1.6158,0.948,1.3122,0.0737,0.0019,0.0016,0.0003,0.0059,0.0118,0.0018,0.0008,0.0078,0.0002,0.0017,0.0016,0.0,0.0002,0.0082,0.0012,0.0005,0.0001,0.001,0.0409,0.0092,0.0001,0.0006,0.0,65.0,0.0,2.0,63.0,0.0,0.0,0.0,0.0,0.0,0.0,0.0,0.0,0.0,0.0,0.0,0.0,0.0,0.0,0.0,0.0,0.0,0.0,0.0,8.0,2.0,1.0
234,1.9466793999999998,0,8.4212,1.6236,0.9573,1.1474,0.0739,0.0027,0.0014,0.0003,0.0096,0.0165,0.0015,0.0008,0.0073,0.0002,0.0019,0.0016,0.0,0.0006,0.0079,0.0011,0.0004,0.0,0.0004,0.0439,0.0074,0.0,0.0006,0.0,65.0,0.0,2.0,63.0,0.0,0.0,0.0,0.0,0.0,0.0,0.0,0.0,0.0,0.0,0.0,0.0,0.0,0.0,0.0,0.0,0.0,0.0,0.0,8.0,2.0,1.0
235,1.9551005999999997,0,8.2153,1.6375,0.9448,1.1897,0.0708,0.0027,0.0014,0.0009,0.0053,0.0125,0.0015,0.001,0.0077,0.0007,0.0017,0.0016,0.0001,0.0001,0.0083,0.0013,0.0004,0.0001,0.0005,0.0411,0.005,0.0001,0.0005,0.0,65.0,0.0,2.0,63.0,0.0,0.0,0.0,0.0,0.0,0.0,0.0,0.0,0.0,0.0,0.0,0.0,0.0,0.0,0.0,0.0,0.0,0.0,0.0,8.0,2.0,1.0
236,1.9633158999999998,0,8.4364,1.5771,0.9441,1.0455,0.0871,0.0038,0.0017,0.0006,0.0124,0.0215,0.0022,0.0008,0.0085,0.0006,0.0014,0.0018,0.0,0.0001,0.0088,0.0014,0.0007,0.0001,0.0005,0.0525,0.0084,0.0001,0.0007,0.0,65.0,0.0,2.0,63.0,0.0,0.0,0.0,0.0,0.0,0.0,0.0,0.0,0.0,0.0,0.0,0.0,0.0,0.0,0.0,0.0,0.0,0.0,0.0,8.0,2.0,1.0
237,1.9717522999999997,0,8.4013,1.6349,0.9593,1.1398,0.0714,0.0016,0.0017,0.0003,0.0068,0.0126,0.0015,0.0006,0.007,0.0002,0.002,0.0016,0.0001,0.0002,0.0087,0.0012,0.0005,0.0,0.0011,0.0406,0.0082,0.0001,0.0007,0.0,65.0,0.0,2.0,63.0,0.0,0.0,0.0,0.0,0.0,0.0,0.0,0.0,0.0,0.0,0.0,0.0,0.0,0.0,0.0,0.0,0.0,0.0,0.0,8.0,2.0,1.0
238,1.9801535999999997,0,8.1902,1.6972,1.0486,1.3358,0.0787,0.0029,0.0014,0.0003,0.0103,0.0169,0.0017,0.0009,0.0081,0.0002,0.0014,0.0016,0.0001,0.0002,0.0086,0.0012,0.0005,0.0001,0.0005,0.0468,0.0087,0.0001,0.0007,0.0,65.0,0.0,2.0,63.0,0.0,0.0,0.0,0.0,0.0,0.0,0.0,0.0,0.0,0.0,0.0,0.0,0.0,0.0,0.0,0.0,0.0,0.0,0.0,8.0,2.0,1.0
239,1.9883437999999998,0,8.3738,1.6381,0.9025,1.0905,0.0716,0.0029,0.0014,0.0002,0.0054,0.0122,0.002,0.0007,0.0078,0.0006,0.0015,0.0016,0.0001,0.0001,0.008,0.0013,0.0005,0.0001,0.0005,0.0405,0.008,0.0,0.0008,0.0,65.0,0.0,2.0,63.0,0.0,0.0,0.0,0.0,0.0,0.0,0.0,0.0,0.0,0.0,0.0,0.0,0.0,0.0,0.0,0.0,0.0,0.0,0.0,8.0,2.0,1.0
240,1.9967175999999998,0,8.3487,1.5722,0.9529,1.1582,0.0742,0.0025,0.0013,0.0003,0.0118,0.0181,0.0015,0.0013,0.0074,0.0001,0.0012,0.0014,0.0006,0.0001,0.0077,0.0011,0.0005,0.0,0.0004,0.0453,0.0068,0.0,0.0011,0.0,65.0,0.0,2.0,63.0,0.0,0.0,0.0,0.0,0.0,0.0,0.0,0.0,0.0,0.0,0.0,0.0,0.0,0.0,0.0,0.0,0.0,0.0,0.0,8.0,2.0,1.0
241,2.0050662999999997,0,8.364,1.681,1.0032,1.1764,0.0712,0.0029,0.0014,0.0003,0.0047,0.0116,0.0017,0.0009,0.0077,0.0001,0.0013,0.002,0.0,0.0001,0.008,0.0013,0.0004,0.0001,0.0005,0.0395,0.0095,0.0,0.0008,0.0,65.0,0.0,2.0,63.0,0.0,0.0,0.0,0.0,0.0,0.0,0.0,0.0,0.0,0.0,0.0,0.0,0.0,0.0,0.0,0.0,0.0,0.0,0.0,8.0,2.0,1.0
242,2.0134302999999996,0,8.2775,1.6912,0.9646,1.1192,0.0758,0.0037,0.0014,0.0009,0.0124,0.0205,0.0014,0.0008,0.0081,0.0001,0.0017,0.0015,0.0001,0.0001,0.0078,0.0016,0.0004,0.0,0.0005,0.0482,0.0071,0.0,0.0006,0.0,65.0,0.0,2.0,63.0,0.0,0.0,0.0,0.0,0.0,0.0,0.0,0.0,0.0,0.0,0.0,0.0,0.0,0.0,0.0,0.0,0.0,0.0,0.0,8.0,2.0,1.0
243,2.0217077999999997,0,8.2964,1.7669,0.9202,1.2135,0.0641,0.0009,0.0045,0.0003,0.0042,0.0118,0.0015,0.0008,0.0064,0.0001,0.0013,0.0019,0.0001,0.0001,0.008,0.0012,0.0013,0.0001,0.0005,0.0392,0.0043,0.0,0.0004,0.0,65.0,0.0,2.0,63.0,0.0,0.0,0.0,0.0,0.0,0.0,0.0,0.0,0.0,0.0,0.0,0.0,0.0,0.0,0.0,0.0,0.0,0.0,0.0,8.0,2.0,1.0
244,2.0300041999999996,0,8.3952,1.6845,0.9256,1.132,0.0747,0.0016,0.0017,0.0002,0.0104,0.016,0.002,0.0008,0.0076,0.0001,0.0019,0.0015,0.0001,0.0001,0.0071,0.0012,0.0004,0.0001,0.0005,0.0439,0.0086,0.0001,0.0008,0.0,65.0,0.0,2.0,63.0,0.0,0.0,0.0,0.0,0.0,0.0,0.0,0.0,0.0,0.0,0.0,0.0,0.0,0.0,0.0,0.0,0.0,0.0,0.0,8.0,2.0,1.0
245,2.0383993999999994,0,8.3927,1.6306,1.0053,1.1292,0.0785,0.0031,0.0015,0.0003,0.0044,0.0134,0.0021,0.0008,0.0081,0.0002,0.0017,0.0018,0.0005,0.0001,0.0083,0.0013,0.0011,0.0001,0.0005,0.0438,0.0099,0.0,0.0008,0.0,65.0,0.0,2.0,63.0,0.0,0.0,0.0,0.0,0.0,0.0,0.0,0.0,0.0,0.0,0.0,0.0,0.0,0.0,0.0,0.0,0.0,0.0,0.0,8.0,2.0,1.0
246,2.0467920999999993,0,8.3313,1.6962,1.0373,1.2413,0.0743,0.0012,0.0015,0.0003,0.0108,0.0164,0.0019,0.0007,0.0069,0.0001,0.0018,0.0012,0.0001,0.0001,0.0079,0.0013,0.0005,0.0001,0.0005,0.0437,0.0084,0.0,0.0007,0.0,65.0,0.0,2.0,63.0,0.0,0.0,0.0,0.0,0.0,0.0,0.0,0.0,0.0,0.0,0.0,0.0,0.0,0.0,0.0,0.0,0.0,0.0,0.0,8.0,2.0,1.0
247,2.0551233999999994,0,8.1865,1.6473,0.9631,1.131,0.0685,0.0027,0.0018,0.0004,0.0054,0.0129,0.0016,0.0005,0.0075,0.0002,0.002,0.0016,0.0,0.0002,0.0081,0.0011,0.0004,0.0001,0.0004,0.0407,0.0052,0.0,0.0007,0.0,65.0,0.0,2.0,63.0,0.0,0.0,0.0,0.0,0.0,0.0,0.0,0.0,0.0,0.0,0.0,0.0,0.0,0.0,0.0,0.0,0.0,0.0,0.0,8.0,2.0,1.0
248,2.0633098999999993,0,8.4206,1.6416,0.92,1.0707,0.0837,0.002,0.0053,0.0003,0.0121,0.0223,0.0019,0.0008,0.0079,0.0001,0.0021,0.0017,0.0001,0.0001,0.0076,0.0014,0.0005,0.0001,0.0005,0.0516,0.0083,0.0,0.0007,0.0,65.0,0.0,2.0,63.0,0.0,0.0,0.0,0.0,0.0,0.0,0.0,0.0,0.0,0.0,0.0,0.0,0.0,0.0,0.0,0.0,0.0,0.0,0.0,8.0,2.0,1.0
249,2.0717304999999993,0,8.3489,1.5113,0.9768,1.1089,0.076,0.0038,0.0015,0.0009,0.0063,0.0151,0.0016,0.001,0.0075,0.0003,0.0016,0.0015,0.0001,0.0001,0.0088,0.0013,0.0007,0.0001,0.0005,0.0433,0.0085,0.0,0.0006,0.0,65.0,0.0,2.0,63.0,0.0,0.0,0.0,0.0,0.0,0.0,0.0,0.0,0.0,0.0,0.0,0.0,0.0,0.0,0.0,0.0,0.0,0.0,0.0,8.0,2.0,1.0
250,2.0800793999999994,0,8.3972,1.7317,1.0273,1.4478,0.0803,0.0029,0.0021,0.0003,0.01,0.0183,0.0018,0.0008,0.0079,0.0002,0.0018,0.0017,0.0001,0.0001,0.0086,0.0013,0.0005,0.0001,0.001,0.0477,0.0084,0.0,0.0008,0.0,65.0,0.0,2.0,63.0,0.0,0.0,0.0,0.0,0.0,0.0,0.0,0.0,0.0,0.0,0.0,0.0,0.0,0.0,0.0,0.0,0.0,0.0,0.0,8.0,2.0,1.0
251,2.0884765999999995,0,8.2209,1.6095,0.9367,1.1186,0.0645,0.0025,0.0014,0.0004,0.0061,0.0128,0.0015,0.0007,0.0071,0.0002,0.0014,0.0015,0.0,0.0002,0.0079,0.0012,0.0005,0.0001,0.0005,0.0389,0.0045,0.0,0.0006,0.0,65.0,0.0,2.0,63.0,0.0,0.0,0.0,0.0,0.0,0.0,0.0,0.0,0.0,0.0,0.0,0.0,0.0,0.0,0.0,0.0,0.0,0.0,0.0,8.0,2.0,1.0
252,2.0966974999999994,0,8.3461,1.5891,0.938,1.0625,0.0738,0.0014,0.0047,0.0006,0.0103,0.0196,0.0014,0.0007,0.0062,0.0002,0.0013,0.0015,0.0,0.0002,0.0076,0.0014,0.0003,0.0001,0.0005,0.0451,0.0078,0.0001,0.0008,0.0,65.0,0.0,2.0,63.0,0.0,0.0,0.0,0.0,0.0,0.0,0.0,0.0,0.0,0.0,0.0,0.0,0.0,0.0,0.0,0.0,0.0,0.0,0.0,8.0,2.0,1.0
253,2.1050435999999992,0,8.4354,1.7141,1.0058,1.1842,0.0815,0.0048,0.0021,0.0003,0.0056,0.0161,0.0019,0.0009,0.0082,0.0001,0.002,0.0017,0.0001,0.0001,0.0084,0.0015,0.001,0.0,0.0006,0.0472,0.0088,0.0,0.0011,0.0,65.0,0.0,2.0,63.0,0.0,0.0,0.0,0.0,0.0,0.0,0.0,0.0,0.0,0.0,0.0,0.0,0.0,0.0,0.0,0.0,0.0,0.0,0.0,8.0,2.0,1.0
254,2.1134789999999994,0,8.2582,1.7052,1.0016,1.1169,0.0768,0.0014,0.0047,0.0002,0.0108,0.0194,0.0017,0.0006,0.0069,0.0001,0.0014,0.0015,0.0001,0.0002,0.0081,0.0015,0.0004,0.0,0.0006,0.0466,0.0078,0.0,0.0008,0.0,65.0,0.0,2.0,63.0,0.0,0.0,0.0,0.0,0.0,0.0,0.0,0.0,0.0,0.0,0.0,0.0,0.0,0.0,0.0,0.0,0.0,0.0,0.0,8.0,2.0,1.0
255,2.1217371999999997,0,8.2632,1.5305,0.9288,1.1057,0.0654,0.0024,0.0013,0.0002,0.0056,0.0115,0.0014,0.0007,0.0068,0.0001,0.0013,0.0015,0.0,0.0001,0.0084,0.0013,0.0005,0.0001,0.0005,0.039,0.0045,0.0,0.0008,0.0,65.0,0.0,2.0,63.0,0.0,0.0,0.0,0.0,0.0,0.0,0.0,0.0,0.0,0.0,0.0,0.0,0.0,0.0,0.0,0.0,0.0,0.0,0.0,8.0,2.0,1.0
256,2.1300003999999997,0,8.3726,1.6337,0.9054,1.0967,0.0758,0.0012,0.0015,0.0002,0.0101,0.0158,0.0016,0.0013,0.0076,0.0001,0.0016,0.0021,0.0001,0.0001,0.0078,0.0012,0.0004,0.0,0.0004,0.0447,0.0081,0.0,0.0008,0.0,65.0,0.0,2.0,63.0,0.0,0.0,0.0,0.0,0.0,0.0,0.0,0.0,0.0,0.0,0.0,0.0,0.0,0.0,0.0,0.0,0.0,0.0,0.0,8.0,2.0,1.0
257,2.1383729999999996,0,8.3654,1.583,0.9693,1.2376,0.0696,0.0013,0.0035,0.0002,0.005,0.0127,0.0014,0.0007,0.0065,0.0007,0.0015,0.0018,0.0,0.0001,0.0075,0.0012,0.0004,0.0001,0.0011,0.0395,0.0077,0.0,0.0006,0.0,65.0,0.0,2.0,63.0,0.0,0.0,0.0,0.0,0.0,0.0,0.0,0.0,0.0,0.0,0.0,0.0,0.0,0.0,0.0,0.0,0.0,0.0,0.0,8.0,2.0,1.0
258,2.1467384,0,8.3022,1.6246,0.9433,1.1287,0.0754,0.0011,0.0041,0.0004,0.0108,0.0184,0.0014,0.0011,0.0072,0.0001,0.0014,0.0021,0.0,0.0001,0.0078,0.0012,0.0005,0.0,0.0005,0.0461,0.0077,0.0,0.0006,0.0,65.0,0.0,2.0,63.0,0.0,0.0,0.0,0.0,0.0,0.0,0.0,0.0,0.0,0.0,0.0,0.0,0.0,0.0,0.0,0.0,0.0,0.0,0.0,8.0,2.0,1.0
259,2.1550406,0,8.532,1.6488,1.0738,1.2227,0.0872,0.0037,0.0019,0.0003,0.0077,0.017,0.0018,0.0008,0.0083,0.0001,0.0017,0.0024,0.0002,0.0001,0.0099,0.0014,0.0009,0.0001,0.0006,0.0499,0.0088,0.0,0.0007,0.0,65.0,0.0,2.0,63.0,0.0,0.0,0.0,0.0,0.0,0.0,0.0,0.0,0.0,0.0,0.0,0.0,0.0,0.0,0.0,0.0,0.0,0.0,0.0,8.0,2.0,1.0
260,2.1635726,0,8.3211,1.7502,1.1333,1.3202,0.0897,0.0043,0.0026,0.0004,0.0137,0.0238,0.0018,0.001,0.008,0.0002,0.0016,0.0017,0.0007,0.0001,0.0085,0.0013,0.0008,0.0002,0.0006,0.0541,0.0094,0.0,0.0009,0.0,65.0,0.0,2.0,63.0,0.0,0.0,0.0,0.0,0.0,0.0,0.0,0.0,0.0,0.0,0.0,0.0,0.0,0.0,0.0,0.0,0.0,0.0,0.0,8.0,2.0,1.0
261,2.1718937,0,8.3173,1.659,1.0947,1.142,0.0776,0.0014,0.004,0.0004,0.0047,0.0141,0.0019,0.0007,0.0076,0.0002,0.0019,0.0016,0.0001,0.0001,0.0091,0.0013,0.0005,0.0001,0.001,0.0435,0.0084,0.0001,0.0009,0.0,65.0,0.0,2.0,63.0,0.0,0.0,0.0,0.0,0.0,0.0,0.0,0.0,0.0,0.0,0.0,0.0,0.0,0.0,0.0,0.0,0.0,0.0,0.0,8.0,2.0,1.0
262,2.180211,0,8.2723,1.7923,1.0868,1.3302,0.0849,0.0039,0.0016,0.0003,0.0138,0.0219,0.0021,0.0007,0.0082,0.0002,0.0022,0.0016,0.0001,0.0001,0.0096,0.0012,0.0004,0.0005,0.0005,0.0526,0.0082,0.0,0.0006,0.0,65.0,0.0,2.0,63.0,0.0,0.0,0.0,0.0,0.0,0.0,0.0,0.0,0.0,0.0,0.0,0.0,0.0,0.0,0.0,0.0,0.0,0.0,0.0,8.0,2.0,1.0
263,2.1884832999999997,0,8.3925,1.9037,1.1022,1.3996,0.0823,0.0042,0.0017,0.0003,0.0075,0.0166,0.0018,0.001,0.0085,0.0002,0.0017,0.0022,0.0001,0.0001,0.0099,0.0013,0.0005,0.0001,0.0006,0.0488,0.0061,0.0,0.0013,0.0,65.0,0.0,2.0,63.0,0.0,0.0,0.0,0.0,0.0,0.0,0.0,0.0,0.0,0.0,0.0,0.0,0.0,0.0,0.0,0.0,0.0,0.0,0.0,8.0,2.0,1.0
264,2.1968757999999995,0,8.2699,2.149,1.0566,1.2172,0.0887,0.0043,0.002,0.0003,0.0121,0.0212,0.0018,0.0006,0.009,0.0003,0.002,0.0019,0.0001,0.0002,0.0114,0.0014,0.0006,0.0001,0.0005,0.0567,0.0077,0.0001,0.0009,0.0,65.0,0.0,2.0,63.0,0.0,0.0,0.0,0.0,0.0,0.0,0.0,0.0,0.0,0.0,0.0,0.0,0.0,0.0,0.0,0.0,0.0,0.0,0.0,8.0,2.0,1.0
265,2.2051456999999997,0,8.3081,1.5787,1.0537,1.3829,0.0795,0.003,0.0024,0.0002,0.0068,0.0148,0.0017,0.0006,0.0075,0.0002,0.0017,0.0023,0.0001,0.0001,0.0097,0.0011,0.0005,0.0001,0.0009,0.0448,0.0084,0.0,0.0007,0.0,65.0,0.0,2.0,63.0,0.0,0.0,0.0,0.0,0.0,0.0,0.0,0.0,0.0,0.0,0.0,0.0,0.0,0.0,0.0,0.0,0.0,0.0,0.0,8.0,2.0,1.0
266,2.2134537999999995,0,8.3604,2.2447,1.027,1.2369,0.0848,0.0013,0.0023,0.0003,0.0132,0.0192,0.0015,0.0006,0.0076,0.0001,0.0015,0.0021,0.0001,0.0001,0.0093,0.0012,0.0005,0.0,0.0005,0.0489,0.0096,0.0001,0.0008,0.0,65.0,0.0,2.0,63.0,0.0,0.0,0.0,0.0,0.0,0.0,0.0,0.0,0.0,0.0,0.0,0.0,0.0,0.0,0.0,0.0,0.0,0.0,0.0,8.0,2.0,1.0
267,2.2218141999999994,0,8.336,1.6823,1.005,1.1905,0.0767,0.0028,0.0014,0.0009,0.0061,0.0135,0.0016,0.0009,0.0072,0.0002,0.0015,0.002,0.0001,0.0001,0.0092,0.0013,0.001,0.0001,0.0007,0.0442,0.0083,0.0001,0.0006,0.0,65.0,0.0,2.0,63.0,0.0,0.0,0.0,0.0,0.0,0.0,0.0,0.0,0.0,0.0,0.0,0.0,0.0,0.0,0.0,0.0,0.0,0.0,0.0,8.0,2.0,1.0
268,2.2301501999999993,0,8.3857,1.7216,1.0913,1.467,0.0915,0.0025,0.0015,0.0002,0.0181,0.0254,0.0014,0.0011,0.0091,0.0001,0.002,0.0019,0.0001,0.0001,0.01,0.0012,0.001,0.0001,0.0006,0.0574,0.0088,0.0,0.0008,0.0,65.0,0.0,2.0,63.0,0.0,0.0,0.0,0.0,0.0,0.0,0.0,0.0,0.0,0.0,0.0,0.0,0.0,0.0,0.0,0.0,0.0,0.0,0.0,8.0,2.0,1.0
269,2.238535899999999,0,8.3431,1.741,1.12,1.2215,0.0857,0.0037,0.002,0.0006,0.0065,0.016,0.0016,0.0011,0.0085,0.0001,0.0015,0.0021,0.0001,0.0002,0.0099,0.0012,0.0005,0.0001,0.0006,0.0478,0.0088,0.0,0.0008,0.0,65.0,0.0,2.0,63.0,0.0,0.0,0.0,0.0,0.0,0.0,0.0,0.0,0.0,0.0,0.0,0.0,0.0,0.0,0.0,0.0,0.0,0.0,0.0,8.0,2.0,1.0
270,2.246878999999999,0,8.3585,1.7793,1.1228,1.29,0.0988,0.0045,0.002,0.0004,0.0135,0.0234,0.0021,0.0009,0.0115,0.0002,0.0017,0.0023,0.0001,0.0002,0.0094,0.0013,0.0005,0.0001,0.0006,0.0596,0.0095,0.0,0.0007,0.0,65.0,0.0,2.0,63.0,0.0,0.0,0.0,0.0,0.0,0.0,0.0,0.0,0.0,0.0,0.0,0.0,0.0,0.0,0.0,0.0,0.0,0.0,0.0,8.0,2.0,1.0
271,2.255237499999999,0,8.2634,1.8567,1.0799,1.2413,0.0811,0.0027,0.0017,0.0002,0.006,0.0132,0.0021,0.0008,0.0081,0.0002,0.0018,0.0019,0.0004,0.0002,0.0098,0.0013,0.0006,0.0,0.0006,0.0459,0.0091,0.0,0.0009,0.0,65.0,0.0,2.0,63.0,0.0,0.0,0.0,0.0,0.0,0.0,0.0,0.0,0.0,0.0,0.0,0.0,0.0,0.0,0.0,0.0,0.0,0.0,0.0,8.0,2.0,1.0
272,2.263500899999999,0,8.354,1.7074,1.0699,1.1663,0.0818,0.0027,0.0013,0.0003,0.0124,0.0194,0.0021,0.0008,0.008,0.0001,0.002,0.0017,0.0006,0.0001,0.0084,0.0012,0.0004,0.0001,0.0007,0.0487,0.0079,0.0,0.0008,0.0,65.0,0.0,2.0,63.0,0.0,0.0,0.0,0.0,0.0,0.0,0.0,0.0,0.0,0.0,0.0,0.0,0.0,0.0,0.0,0.0,0.0,0.0,0.0,8.0,2.0,1.0
273,2.2718548999999992,0,8.3812,1.7693,1.1229,1.1353,0.0879,0.004,0.0017,0.0006,0.0114,0.0207,0.0017,0.001,0.0077,0.0001,0.0024,0.0016,0.0001,0.0001,0.0098,0.0013,0.0011,0.0001,0.0006,0.0519,0.0093,0.0001,0.0008,0.0,65.0,0.0,2.0,63.0,0.0,0.0,0.0,0.0,0.0,0.0,0.0,0.0,0.0,0.0,0.0,0.0,0.0,0.0,0.0,0.0,0.0,0.0,0.0,8.0,2.0,1.0
274,2.2802360999999993,0,8.2599,1.8277,1.1166,1.3751,0.0859,0.0037,0.002,0.0003,0.013,0.0215,0.0017,0.0013,0.0082,0.0001,0.0014,0.0022,0.0001,0.0001,0.0086,0.0012,0.0004,0.0002,0.0006,0.0522,0.0078,0.0,0.0005,0.0,65.0,0.0,2.0,63.0,0.0,0.0,0.0,0.0,0.0,0.0,0.0,0.0,0.0,0.0,0.0,0.0,0.0,0.0,0.0,0.0,0.0,0.0,0.0,8.0,2.0,1.0
275,2.2884959999999994,0,8.2687,1.7117,0.9986,1.2104,0.0712,0.0013,0.002,0.0002,0.007,0.0128,0.002,0.0007,0.0071,0.0002,0.0017,0.0017,0.0001,0.0001,0.0081,0.0011,0.0005,0.0001,0.0005,0.0407,0.0076,0.0,0.0006,0.0,65.0,0.0,2.0,63.0,0.0,0.0,0.0,0.0,0.0,0.0,0.0,0.0,0.0,0.0,0.0,0.0,0.0,0.0,0.0,0.0,0.0,0.0,0.0,8.0,2.0,1.0
276,2.2967646999999993,0,8.2583,1.714,0.9738,1.185,0.0738,0.0026,0.0012,0.0003,0.0107,0.017,0.002,0.0008,0.0074,0.0001,0.002,0.0018,0.0006,0.0001,0.0084,0.001,0.0004,0.0001,0.0005,0.0457,0.0067,0.0,0.0004,0.0,65.0,0.0,2.0,63.0,0.0,0.0,0.0,0.0,0.0,0.0,0.0,0.0,0.0,0.0,0.0,0.0,0.0,0.0,0.0,0.0,0.0,0.0,0.0,8.0,2.0,1.0
277,2.3050229999999994,0,8.4144,1.6296,0.9765,1.1471,0.0712,0.0013,0.0015,0.0002,0.006,0.0111,0.0015,0.0007,0.0073,0.0001,0.0015,0.0022,0.0001,0.0001,0.0085,0.0014,0.0004,0.0001,0.0006,0.0399,0.0082,0.0001,0.001,0.0,65.0,0.0,2.0,63.0,0.0,0.0,0.0,0.0,0.0,0.0,0.0,0.0,0.0,0.0,0.0,0.0,0.0,0.0,0.0,0.0,0.0,0.0,0.0,8.0,2.0,1.0
278,2.3134373999999993,0,8.3127,1.7992,0.9175,1.3979,0.0697,0.0024,0.0015,0.0002,0.0118,0.0183,0.0015,0.0006,0.0061,0.0004,0.0013,0.0015,0.0005,0.0001,0.0078,0.0011,0.0005,0.0001,0.0005,0.0433,0.0069,0.0001,0.0008,0.0,65.0,0.0,2.0,63.0,0.0,0.0,0.0,0.0,0.0,0.0,0.0,0.0,0.0,0.0,0.0,0.0,0.0,0.0,0.0,0.0,0.0,0.0,0.0,8.0,2.0,1.0
279,2.321750099999999,0,8.283,1.5693,0.9759,1.0728,0.0737,0.0033,0.0015,0.0003,0.0061,0.0138,0.002,0.0007,0.0073,0.0002,0.0019,0.0015,0.0001,0.0002,0.0079,0.0012,0.0004,0.0001,0.0006,0.0419,0.0083,0.0,0.0006,0.0,65.0,0.0,2.0,63.0,0.0,0.0,0.0,0.0,0.0,0.0,0.0,0.0,0.0,0.0,0.0,0.0,0.0,0.0,0.0,0.0,0.0,0.0,0.0,8.0,2.0,1.0
280,2.330033099999999,0,8.3341,1.6369,0.9166,1.111,0.0761,0.0034,0.0015,0.0003,0.0092,0.0164,0.0017,0.0006,0.0075,0.0002,0.0012,0.0015,0.0001,0.0001,0.0078,0.0013,0.0004,0.0001,0.001,0.0447,0.0082,0.0,0.0008,0.0,65.0,0.0,2.0,63.0,0.0,0.0,0.0,0.0,0.0,0.0,0.0,0.0,0.0,0.0,0.0,0.0,0.0,0.0,0.0,0.0,0.0,0.0,0.0,8.0,2.0,1.0
281,2.338367199999999,0,8.3329,1.5842,0.933,1.0578,0.0663,0.002,0.0021,0.0002,0.0047,0.011,0.0015,0.0007,0.0062,0.0003,0.0014,0.0018,0.0005,0.0001,0.0077,0.0011,0.0004,0.0001,0.0005,0.0374,0.0075,0.0001,0.0008,0.0,65.0,0.0,2.0,63.0,0.0,0.0,0.0,0.0,0.0,0.0,0.0,0.0,0.0,0.0,0.0,0.0,0.0,0.0,0.0,0.0,0.0,0.0,0.0,8.0,2.0,1.0
282,2.346700099999999,0,8.3594,1.7258,0.9369,1.1163,0.0745,0.0027,0.0014,0.0007,0.0094,0.0163,0.0016,0.0007,0.0067,0.0001,0.0017,0.0014,0.0001,0.0001,0.0078,0.0015,0.0004,0.0001,0.0005,0.0429,0.0083,0.0001,0.0006,0.0,65.0,0.0,2.0,63.0,0.0,0.0,0.0,0.0,0.0,0.0,0.0,0.0,0.0,0.0,0.0,0.0,0.0,0.0,0.0,0.0,0.0,0.0,0.0,8.0,2.0,1.0
283,2.355059499999999,0,8.4054,1.6165,0.9894,1.1374,0.0734,0.0032,0.0017,0.0008,0.0044,0.0122,0.0021,0.0008,0.008,0.0001,0.0016,0.0017,0.0001,0.0002,0.0081,0.0013,0.0004,0.0001,0.0005,0.0411,0.0075,0.0,0.0007,0.0,65.0,0.0,2.0,63.0,0.0,0.0,0.0,0.0,0.0,0.0,0.0,0.0,0.0,0.0,0.0,0.0,0.0,0.0,0.0,0.0,0.0,0.0,0.0,8.0,2.0,1.0
284,2.363464899999999,0,8.385,1.8687,1.04,1.2343,0.0834,0.0013,0.0054,0.0003,0.0102,0.0201,0.0018,0.001,0.0076,0.0001,0.002,0.0016,0.0001,0.0004,0.009,0.0012,0.0005,0.0,0.0005,0.0501,0.0093,0.0001,0.0007,0.0,65.0,0.0,2.0,63.0,0.0,0.0,0.0,0.0,0.0,0.0,0.0,0.0,0.0,0.0,0.0,0.0,0.0,0.0,0.0,0.0,0.0,0.0,0.0,8.0,2.0,1.0
285,2.371849899999999,0,8.2757,1.6386,1.0496,1.1825,0.0695,0.0039,0.0017,0.0002,0.0065,0.0146,0.002,0.0007,0.0074,0.0001,0.0014,0.0018,0.0001,0.0001,0.0088,0.0013,0.0005,0.0001,0.0005,0.0428,0.0048,0.0,0.0008,0.0,65.0,0.0,2.0,63.0,0.0,0.0,0.0,0.0,0.0,0.0,0.0,0.0,0.0,0.0,0.0,0.0,0.0,0.0,0.0,0.0,0.0,0.0,0.0,8.0,2.0,1.0
286,2.380125599999999,0,8.3364,1.586,1.0457,1.0878,0.0794,0.003,0.0017,0.0004,0.0098,0.0172,0.0016,0.0011,0.0076,0.0001,0.0016,0.0017,0.0,0.0001,0.0088,0.0013,0.001,0.0,0.0006,0.0466,0.0094,0.0001,0.0008,0.0,65.0,0.0,2.0,63.0,0.0,0.0,0.0,0.0,0.0,0.0,0.0,0.0,0.0,0.0,0.0,0.0,0.0,0.0,0.0,0.0,0.0,0.0,0.0,8.0,2.0,1.0
287,2.388461999999999,0,8.3502,1.5716,1.0414,1.1242,0.0763,0.0016,0.0045,0.0003,0.0042,0.013,0.0014,0.001,0.0076,0.0004,0.0015,0.0021,0.0001,0.0001,0.0088,0.0015,0.0005,0.0001,0.0006,0.0431,0.0083,0.0001,0.0007,0.0,65.0,0.0,2.0,63.0,0.0,0.0,0.0,0.0,0.0,0.0,0.0,0.0,0.0,0.0,0.0,0.0,0.0,0.0,0.0,0.0,0.0,0.0,0.0,8.0,2.0,1.0
288,2.3968121999999994,0,8.2356,1.7438,0.972,1.4361,0.0829,0.0044,0.0014,0.0002,0.0117,0.0205,0.0017,0.0007,0.0076,0.0001,0.0016,0.0015,0.0001,0.0001,0.0081,0.0013,0.0005,0.0001,0.0011,0.0489,0.0096,0.0,0.0005,0.0,65.0,0.0,2.0,63.0,0.0,0.0,0.0,0.0,0.0,0.0,0.0,0.0,0.0,0.0,0.0,0.0,0.0,0.0,0.0,0.0,0.0,0.0,0.0,8.0,2.0,1.0
289,2.4050477999999993,0,8.3577,1.6096,0.902,1.3028,0.0708,0.0014,0.0016,0.0002,0.0063,0.0118,0.0017,0.0007,0.0075,0.0001,0.0014,0.002,0.0,0.0001,0.0092,0.0012,0.0005,0.0001,0.0006,0.0419,0.0051,0.0,0.0007,0.0,65.0,0.0,2.0,63.0,0.0,0.0,0.0,0.0,0.0,0.0,0.0,0.0,0.0,0.0,0.0,0.0,0.0,0.0,0.0,0.0,0.0,0.0,0.0,8.0,2.0,1.0
290,2.413405499999999,0,8.285,1.6151,0.9707,1.1351,0.0832,0.0048,0.0019,0.0003,0.0113,0.0211,0.0016,0.0008,0.0071,0.0002,0.0014,0.0016,0.0003,0.0001,0.0087,0.0014,0.0007,0.0001,0.0006,0.0493,0.0087,0.0,0.0005,0.0,65.0,0.0,2.0,63.0,0.0,0.0,0.0,0.0,0.0,0.0,0.0,0.0,0.0,0.0,0.0,0.0,0.0,0.0,0.0,0.0,0.0,0.0,0.0,8.0,2.0,1.0
291,2.421690499999999,0,8.3718,1.6411,0.9111,1.1164,0.0655,0.0012,0.0013,0.0005,0.0065,0.0126,0.0014,0.0005,0.0062,0.0002,0.0018,0.0015,0.0001,0.0001,0.0088,0.0011,0.0004,0.0,0.0004,0.0391,0.0044,0.0,0.0011,0.0,65.0,0.0,2.0,63.0,0.0,0.0,0.0,0.0,0.0,0.0,0.0,0.0,0.0,0.0,0.0,0.0,0.0,0.0,0.0,0.0,0.0,0.0,0.0,8.0,2.0,1.0
292,2.430062299999999,0,8.3673,1.6163,0.9815,1.055,0.0855,0.0036,0.0022,0.0003,0.0118,0.0201,0.0017,0.0008,0.0084,0.0001,0.0014,0.0021,0.0,0.0001,0.0086,0.0018,0.0005,0.0001,0.0006,0.0507,0.0095,0.0,0.0006,0.0,65.0,0.0,2.0,63.0,0.0,0.0,0.0,0.0,0.0,0.0,0.0,0.0,0.0,0.0,0.0,0.0,0.0,0.0,0.0,0.0,0.0,0.0,0.0,8.0,2.0,1.0
293,2.438429599999999,0,8.28,1.4851,0.9576,1.3726,0.0714,0.0016,0.0043,0.0002,0.0053,0.0133,0.0016,0.001,0.0069,0.0001,0.0015,0.002,0.0001,0.0001,0.008,0.0011,0.0009,0.0,0.0004,0.0412,0.0074,0.0,0.0008,0.0,65.0,0.0,2.0,63.0,0.0,0.0,0.0,0.0,0.0,0.0,0.0,0.0,0.0,0.0,0.0,0.0,0.0,0.0,0.0,0.0,0.0,0.0,0.0,8.0,2.0,1.0
294,2.4467095999999993,0,8.385,1.554,0.929,1.0898,0.0828,0.0021,0.0053,0.0002,0.0126,0.0224,0.0016,0.0009,0.0072,0.0002,0.0014,0.0021,0.0001,0.0001,0.0082,0.0013,0.0006,0.0001,0.0005,0.0498,0.0097,0.0001,0.0006,0.0,65.0,0.0,2.0,63.0,0.0,0.0,0.0,0.0,0.0,0.0,0.0,0.0,0.0,0.0,0.0,0.0,0.0,0.0,0.0,0.0,0.0,0.0,0.0,8.0,2.0,1.0
295,2.4550945999999993,0,8.3451,1.6181,1.0381,1.101,0.0715,0.0027,0.0015,0.0008,0.0044,0.0113,0.0017,0.0008,0.0071,0.0001,0.0014,0.0021,0.0001,0.0002,0.0084,0.0018,0.0005,0.0001,0.0005,0.0402,0.0081,0.0001,0.0008,0.0,65.0,0.0,2.0,63.0,0.0,0.0,0.0,0.0,0.0,0.0,0.0,0.0,0.0,0.0,0.0,0.0,0.0,0.0,0.0,0.0,0.0,0.0,0.0,8.0,2.0,1.0
296,2.4634396999999995,0,8.2486,1.6515,0.9273,1.1361,0.0729,0.0026,0.0011,0.0002,0.0107,0.0168,0.0014,0.0006,0.0065,0.0005,0.0015,0.0015,0.0005,0.0001,0.0078,0.0011,0.0005,0.0001,0.0004,0.0426,0.0079,0.0,0.0011,0.0,65.0,0.0,2.0,63.0,0.0,0.0,0.0,0.0,0.0,0.0,0.0,0.0,0.0,0.0,0.0,0.0,0.0,0.0,0.0,0.0,0.0,0.0,0.0,8.0,2.0,1.0
297,2.4716882999999994,0,8.4052,1.6062,0.9137,1.1492,0.0644,0.0015,0.0017,0.0003,0.0064,0.0122,0.0021,0.0006,0.0067,0.0002,0.0014,0.0021,0.0001,0.0001,0.0083,0.0018,0.0004,0.0001,0.0005,0.0393,0.0043,0.0,0.0008,0.0,65.0,0.0,2.0,63.0,0.0,0.0,0.0,0.0,0.0,0.0,0.0,0.0,0.0,0.0,0.0,0.0,0.0,0.0,0.0,0.0,0.0,0.0,0.0,8.0,2.0,1.0
298,2.4800934999999993,0,8.3388,1.5524,1.01,1.1275,0.0806,0.0031,0.002,0.0004,0.0117,0.0195,0.0019,0.0006,0.0071,0.0002,0.0016,0.0024,0.0001,0.0001,0.0086,0.0013,0.0005,0.0,0.0005,0.0488,0.0081,0.0,0.0009,0.0,65.0,0.0,2.0,63.0,0.0,0.0,0.0,0.0,0.0,0.0,0.0,0.0,0.0,0.0,0.0,0.0,0.0,0.0,0.0,0.0,0.0,0.0,0.0,8.0,2.0,1.0
299,2.4884322999999995,0,8.3393,1.6552,0.9691,1.119,0.0732,0.0027,0.0016,0.0003,0.0057,0.0126,0.002,0.0008,0.0076,0.0001,0.0019,0.0017,0.0001,0.0001,0.0079,0.0013,0.0005,0.0001,0.0005,0.0419,0.0082,0.0,0.0009,0.0,65.0,0.0,2.0,63.0,0.0,0.0,0.0,0.0,0.0,0.0,0.0,0.0,0.0,0.0,0.0,0.0,0.0,0.0,0.0,0.0,0.0,0.0,0.0,8.0,2.0,1.0
300,2.4967715999999993,0,8.2948,1.5581,0.9601,1.138,0.0745,0.0045,0.0017,0.0005,0.0097,0.0187,0.0014,0.0008,0.0065,0.0001,0.0014,0.0019,0.0001,0.0001,0.0079,0.0011,0.0005,0.0001,0.0006,0.045,0.0069,0.0001,0.0005,0.0,65.0,0.0,2.0,63.0,0.0,0.0,0.0,0.0,0.0,0.0,0.0,0.0,0.0,0.0,0.0,0.0,0.0,0.0,0.0,0.0,0.0,0.0,0.0,8.0,2.0,1.0
301,2.505066399999999,0,8.3739,1.6402,0.9812,1.1966,0.0706,0.0013,0.0032,0.0003,0.0042,0.0114,0.0016,0.0009,0.0069,0.0002,0.0016,0.0022,0.0001,0.0001,0.0078,0.0011,0.0007,0.0,0.0004,0.0389,0.0083,0.0,0.0008,0.0,65.0,0.0,2.0,63.0,0.0,0.0,0.0,0.0,0.0,0.0,0.0,0.0,0.0,0.0,0.0,0.0,0.0,0.0,0.0,0.0,0.0,0.0,0.0,8.0,2.0,1.0
302,2.513440299999999,0,8.2769,1.6906,0.9811,1.5017,0.077,0.0036,0.0019,0.0002,0.0115,0.0194,0.0013,0.0008,0.0069,0.0001,0.0016,0.0019,0.0001,0.0001,0.0082,0.0017,0.0004,0.0001,0.0005,0.0465,0.0079,0.0,0.0006,0.0,65.0,0.0,2.0,63.0,0.0,0.0,0.0,0.0,0.0,0.0,0.0,0.0,0.0,0.0,0.0,0.0,0.0,0.0,0.0,0.0,0.0,0.0,0.0,8.0,2.0,1.0
303,2.521717199999999,0,8.4425,1.5589,0.9864,1.115,0.0868,0.0031,0.0021,0.0003,0.0072,0.0154,0.002,0.0009,0.0089,0.0002,0.0017,0.0026,0.0002,0.0002,0.0097,0.0019,0.0004,0.0001,0.0006,0.0498,0.009,0.0,0.0007,0.0,65.0,0.0,2.0,63.0,0.0,0.0,0.0,0.0,0.0,0.0,0.0,0.0,0.0,0.0,0.0,0.0,0.0,0.0,0.0,0.0,0.0,0.0,0.0,8.0,2.0,1.0
304,2.530159699999999,0,8.3184,1.8097,1.0031,1.2449,0.0816,0.0034,0.0018,0.0003,0.0112,0.0189,0.0022,0.0008,0.0077,0.0002,0.002,0.0016,0.0001,0.0001,0.0084,0.0013,0.0004,0.0001,0.0005,0.0485,0.0096,0.0,0.0008,0.0,65.0,0.0,2.0,63.0,0.0,0.0,0.0,0.0,0.0,0.0,0.0,0.0,0.0,0.0,0.0,0.0,0.0,0.0,0.0,0.0,0.0,0.0,0.0,8.0,2.0,1.0
305,2.538478099999999,0,8.2824,1.6307,1.0028,1.0388,0.0702,0.0014,0.0048,0.0003,0.0056,0.0142,0.0014,0.0006,0.0071,0.0002,0.0014,0.0021,0.0001,0.0001,0.0077,0.0011,0.0004,0.0,0.0004,0.0402,0.0077,0.0,0.0004,0.0,65.0,0.0,2.0,63.0,0.0,0.0,0.0,0.0,0.0,0.0,0.0,0.0,0.0,0.0,0.0,0.0,0.0,0.0,0.0,0.0,0.0,0.0,0.0,8.0,2.0,1.0
306,2.546760499999999,0,8.3489,1.671,1.0312,1.154,0.074,0.0012,0.0035,0.0002,0.0106,0.0179,0.0015,0.0006,0.0073,0.0001,0.0016,0.0016,0.0001,0.0001,0.0071,0.0013,0.0005,0.0,0.0004,0.0445,0.009,0.0001,0.0009,0.0,65.0,0.0,2.0,63.0,0.0,0.0,0.0,0.0,0.0,0.0,0.0,0.0,0.0,0.0,0.0,0.0,0.0,0.0,0.0,0.0,0.0,0.0,0.0,8.0,2.0,1.0
307,2.555109399999999,0,8.2666,1.5419,0.9392,1.1254,0.0667,0.0012,0.0015,0.0002,0.006,0.0116,0.0016,0.0007,0.007,0.0001,0.0013,0.0021,0.0,0.0001,0.0076,0.0012,0.001,0.0001,0.0004,0.0383,0.0069,0.0001,0.0009,0.0,65.0,0.0,2.0,63.0,0.0,0.0,0.0,0.0,0.0,0.0,0.0,0.0,0.0,0.0,0.0,0.0,0.0,0.0,0.0,0.0,0.0,0.0,0.0,8.0,2.0,1.0
308,2.563375999999999,0,8.3432,1.588,0.9377,1.1014,0.0767,0.0013,0.0025,0.0003,0.012,0.0187,0.0017,0.0009,0.0077,0.0006,0.0015,0.0016,0.0,0.0001,0.0071,0.0013,0.0004,0.0001,0.0006,0.0459,0.0093,0.0,0.0007,0.0,65.0,0.0,2.0,63.0,0.0,0.0,0.0,0.0,0.0,0.0,0.0,0.0,0.0,0.0,0.0,0.0,0.0,0.0,0.0,0.0,0.0,0.0,0.0,8.0,2.0,1.0
309,2.571719199999999,0,8.3976,1.4996,0.9525,1.0669,0.071,0.0027,0.0017,0.0003,0.0044,0.0122,0.0019,0.0008,0.0074,0.0002,0.0018,0.0018,0.0001,0.0001,0.0078,0.0013,0.0004,0.0001,0.0005,0.0405,0.0087,0.0,0.0009,0.0,65.0,0.0,2.0,63.0,0.0,0.0,0.0,0.0,0.0,0.0,0.0,0.0,0.0,0.0,0.0,0.0,0.0,0.0,0.0,0.0,0.0,0.0,0.0,8.0,2.0,1.0
310,2.580116799999999,0,8.2446,1.7197,0.9802,1.0607,0.0739,0.001,0.0038,0.0002,0.0104,0.0176,0.0014,0.0005,0.0064,0.0001,0.0012,0.0015,0.0,0.0001,0.0076,0.0012,0.0005,0.0,0.0004,0.0435,0.0082,0.0,0.0006,0.0,65.0,0.0,2.0,63.0,0.0,0.0,0.0,0.0,0.0,0.0,0.0,0.0,0.0,0.0,0.0,0.0,0.0,0.0,0.0,0.0,0.0,0.0,0.0,8.0,2.0,1.0
311,2.588361399999999,0,8.4065,1.6325,0.927,1.1662,0.0716,0.0019,0.0017,0.0002,0.004,0.0108,0.0016,0.0007,0.0071,0.0001,0.0013,0.002,0.0001,0.0001,0.008,0.0022,0.0004,0.0001,0.0004,0.0391,0.0095,0.0001,0.001,0.0,65.0,0.0,2.0,63.0,0.0,0.0,0.0,0.0,0.0,0.0,0.0,0.0,0.0,0.0,0.0,0.0,0.0,0.0,0.0,0.0,0.0,0.0,0.0,8.0,2.0,1.0
312,2.596767899999999,0,8.2564,1.6403,0.9707,1.0663,0.076,0.0039,0.0013,0.0002,0.012,0.0199,0.0015,0.0008,0.0068,0.0005,0.0012,0.0016,0.0001,0.0003,0.0079,0.0011,0.0005,0.0001,0.0005,0.0462,0.0076,0.0,0.0006,0.0,65.0,0.0,2.0,63.0,0.0,0.0,0.0,0.0,0.0,0.0,0.0,0.0,0.0,0.0,0.0,0.0,0.0,0.0,0.0,0.0,0.0,0.0,0.0,8.0,2.0,1.0
313,2.605024299999999,0,8.3775,1.66,0.926,1.0892,0.0801,0.0043,0.0015,0.0002,0.0069,0.0167,0.0017,0.0008,0.0079,0.0002,0.0014,0.002,0.0,0.0001,0.0088,0.0013,0.0005,0.0001,0.0006,0.0466,0.0085,0.0001,0.0006,0.0,65.0,0.0,2.0,63.0,0.0,0.0,0.0,0.0,0.0,0.0,0.0,0.0,0.0,0.0,0.0,0.0,0.0,0.0,0.0,0.0,0.0,0.0,0.0,8.0,2.0,1.0
314,2.6134017999999988,0,8.3546,1.6369,0.9574,1.3854,0.0886,0.0017,0.005,0.0003,0.0161,0.0256,0.0015,0.0009,0.0091,0.0002,0.0017,0.0017,0.0001,0.0001,0.009,0.0013,0.0005,0.0,0.0008,0.0561,0.0087,0.0,0.0006,0.0,65.0,0.0,2.0,63.0,0.0,0.0,0.0,0.0,0.0,0.0,0.0,0.0,0.0,0.0,0.0,0.0,0.0,0.0,0.0,0.0,0.0,0.0,0.0,8.0,2.0,1.0
315,2.621756399999999,0,8.3008,1.5221,0.9571,1.0939,0.0656,0.0027,0.0014,0.0002,0.0058,0.0128,0.0016,0.0006,0.0061,0.0006,0.0014,0.0016,0.0,0.0002,0.0083,0.0011,0.0004,0.0001,0.0006,0.039,0.0047,0.0,0.0008,0.0,65.0,0.0,2.0,63.0,0.0,0.0,0.0,0.0,0.0,0.0,0.0,0.0,0.0,0.0,0.0,0.0,0.0,0.0,0.0,0.0,0.0,0.0,0.0,8.0,2.0,1.0
316,2.630057199999999,0,8.3047,1.6636,0.9251,1.1005,0.0731,0.0036,0.0014,0.0003,0.0115,0.019,0.0014,0.0006,0.0073,0.0002,0.0016,0.0013,0.0001,0.0001,0.0073,0.0012,0.0005,0.0,0.0005,0.0449,0.007,0.0001,0.0006,0.0,65.0,0.0,2.0,63.0,0.0,0.0,0.0,0.0,0.0,0.0,0.0,0.0,0.0,0.0,0.0,0.0,0.0,0.0,0.0,0.0,0.0,0.0,0.0,8.0,2.0,1.0
317,2.638361899999999,0,8.4135,1.6104,0.9422,1.2626,0.0793,0.0035,0.0019,0.0003,0.0066,0.0145,0.0017,0.0009,0.0079,0.0002,0.0015,0.0019,0.0002,0.0001,0.0088,0.0012,0.0006,0.0001,0.0006,0.0443,0.009,0.0001,0.0006,0.0,65.0,0.0,2.0,63.0,0.0,0.0,0.0,0.0,0.0,0.0,0.0,0.0,0.0,0.0,0.0,0.0,0.0,0.0,0.0,0.0,0.0,0.0,0.0,8.0,2.0,1.0
318,2.6467753999999992,0,8.2443,1.6397,0.9709,1.1687,0.0737,0.0012,0.0015,0.0002,0.0124,0.0181,0.0018,0.0006,0.0066,0.0002,0.0014,0.0017,0.0001,0.0001,0.0082,0.001,0.0004,0.0001,0.0005,0.0439,0.0072,0.0,0.0006,0.0,65.0,0.0,2.0,63.0,0.0,0.0,0.0,0.0,0.0,0.0,0.0,0.0,0.0,0.0,0.0,0.0,0.0,0.0,0.0,0.0,0.0,0.0,0.0,8.0,2.0,1.0
319,2.655019699999999,0,8.4036,1.5754,0.9406,1.1773,0.0759,0.0028,0.0014,0.0002,0.005,0.0122,0.0024,0.0008,0.0081,0.0001,0.0019,0.0017,0.0001,0.0001,0.0085,0.0012,0.0005,0.0,0.0006,0.0424,0.009,0.0,0.0008,0.0,65.0,0.0,2.0,63.0,0.0,0.0,0.0,0.0,0.0,0.0,0.0,0.0,0.0,0.0,0.0,0.0,0.0,0.0,0.0,0.0,0.0,0.0,0.0,8.0,2.0,1.0
320,2.663423299999999,0,8.3122,1.5791,0.9664,1.1723,0.081,0.0025,0.002,0.0002,0.0113,0.0177,0.0019,0.0007,0.0066,0.0002,0.0012,0.002,0.0,0.0002,0.0118,0.0013,0.001,0.0001,0.0006,0.0492,0.0086,0.0,0.0009,0.0,65.0,0.0,2.0,63.0,0.0,0.0,0.0,0.0,0.0,0.0,0.0,0.0,0.0,0.0,0.0,0.0,0.0,0.0,0.0,0.0,0.0,0.0,0.0,8.0,2.0,1.0
321,2.671735499999999,0,8.3161,1.5415,0.9457,1.1852,0.0647,0.0012,0.0045,0.0002,0.0042,0.0122,0.0014,0.0006,0.007,0.0001,0.0013,0.002,0.0,0.0001,0.0078,0.0012,0.0007,0.0001,0.0005,0.0386,0.0047,0.0001,0.0005,0.0,65.0,0.0,2.0,63.0,0.0,0.0,0.0,0.0,0.0,0.0,0.0,0.0,0.0,0.0,0.0,0.0,0.0,0.0,0.0,0.0,0.0,0.0,0.0,8.0,2.0,1.0
322,2.680051599999999,0,8.3914,1.5094,0.9828,1.2209,0.0745,0.0013,0.0012,0.0006,0.0109,0.0173,0.0015,0.0007,0.0072,0.0001,0.0013,0.0021,0.0001,0.0001,0.0081,0.0011,0.0007,0.0001,0.0004,0.0452,0.0074,0.0,0.0006,0.0,65.0,0.0,2.0,63.0,0.0,0.0,0.0,0.0,0.0,0.0,0.0,0.0,0.0,0.0,0.0,0.0,0.0,0.0,0.0,0.0,0.0,0.0,0.0,8.0,2.0,1.0
323,2.688442999999999,0,8.2827,1.668,0.9686,1.1296,0.0763,0.0018,0.0055,0.0003,0.0066,0.0164,0.0017,0.0007,0.0075,0.0002,0.002,0.0017,0.0001,0.0004,0.008,0.0013,0.0005,0.0001,0.0006,0.0445,0.0083,0.0,0.0008,0.0,65.0,0.0,2.0,63.0,0.0,0.0,0.0,0.0,0.0,0.0,0.0,0.0,0.0,0.0,0.0,0.0,0.0,0.0,0.0,0.0,0.0,0.0,0.0,8.0,2.0,1.0
324,2.696725699999999,0,8.3433,1.5572,0.9343,1.0438,0.0743,0.0014,0.0043,0.0002,0.0092,0.0172,0.0014,0.0007,0.0071,0.0002,0.0016,0.0015,0.0,0.0002,0.0087,0.001,0.0005,0.0,0.0004,0.0442,0.008,0.0001,0.0007,0.0,65.0,0.0,2.0,63.0,0.0,0.0,0.0,0.0,0.0,0.0,0.0,0.0,0.0,0.0,0.0,0.0,0.0,0.0,0.0,0.0,0.0,0.0,0.0,8.0,2.0,1.0
325,2.705068999999999,0,8.3633,1.5416,1.0196,1.0815,0.0769,0.0016,0.0042,0.0003,0.0063,0.0145,0.0022,0.0008,0.0082,0.0002,0.0021,0.0016,0.0,0.0001,0.0091,0.0012,0.0005,0.0,0.0009,0.0447,0.009,0.0001,0.0006,0.0,65.0,0.0,2.0,63.0,0.0,0.0,0.0,0.0,0.0,0.0,0.0,0.0,0.0,0.0,0.0,0.0,0.0,0.0,0.0,0.0,0.0,0.0,0.0,8.0,2.0,1.0
326,2.713432299999999,0,8.3407,1.6553,0.9474,1.1694,0.084,0.0017,0.0018,0.0008,0.0164,0.023,0.0017,0.0009,0.008,0.0002,0.0015,0.0016,0.0001,0.0002,0.0085,0.0013,0.0004,0.0,0.0012,0.0518,0.0084,0.0001,0.0008,0.0,65.0,0.0,2.0,63.0,0.0,0.0,0.0,0.0,0.0,0.0,0.0,0.0,0.0,0.0,0.0,0.0,0.0,0.0,0.0,0.0,0.0,0.0,0.0,8.0,2.0,1.0
327,2.7217729999999993,0,8.3211,1.709,0.9615,1.2583,0.0662,0.0012,0.0014,0.0002,0.0038,0.0086,0.0021,0.0006,0.0077,0.0001,0.0019,0.0014,0.0,0.0002,0.0079,0.0011,0.0004,0.0001,0.0005,0.0353,0.0097,0.0,0.0008,0.0,65.0,0.0,2.0,63.0,0.0,0.0,0.0,0.0,0.0,0.0,0.0,0.0,0.0,0.0,0.0,0.0,0.0,0.0,0.0,0.0,0.0,0.0,0.0,8.0,2.0,1.0
328,2.730094099999999,0,8.3147,1.6242,0.9997,1.1811,0.0766,0.0028,0.0015,0.0003,0.0097,0.0168,0.0017,0.0008,0.0073,0.0001,0.0014,0.0021,0.0001,0.0001,0.0085,0.0017,0.0004,0.0,0.0005,0.0462,0.0079,0.0001,0.0009,0.0,65.0,0.0,2.0,63.0,0.0,0.0,0.0,0.0,0.0,0.0,0.0,0.0,0.0,0.0,0.0,0.0,0.0,0.0,0.0,0.0,0.0,0.0,0.0,8.0,2.0,1.0
329,2.7384087999999993,0,8.359,1.582,0.9757,1.4106,0.0765,0.0034,0.0015,0.0002,0.0042,0.0155,0.0016,0.0014,0.0092,0.0002,0.0016,0.0018,0.0001,0.0001,0.008,0.0015,0.0004,0.0001,0.0004,0.0453,0.0086,0.0,0.0009,0.0,65.0,0.0,2.0,63.0,0.0,0.0,0.0,0.0,0.0,0.0,0.0,0.0,0.0,0.0,0.0,0.0,0.0,0.0,0.0,0.0,0.0,0.0,0.0,8.0,2.0,1.0
330,2.7467677999999993,0,8.3018,1.5562,0.9814,1.1766,0.0782,0.0033,0.0014,0.0003,0.0121,0.0193,0.0014,0.0008,0.0066,0.0001,0.0014,0.0023,0.0001,0.0001,0.0081,0.0016,0.0005,0.0001,0.0005,0.0471,0.0088,0.0,0.0011,0.0,65.0,0.0,2.0,63.0,0.0,0.0,0.0,0.0,0.0,0.0,0.0,0.0,0.0,0.0,0.0,0.0,0.0,0.0,0.0,0.0,0.0,0.0,0.0,8.0,2.0,1.0
331,2.7550695999999992,0,8.3236,1.7139,0.9328,1.0848,0.0731,0.0028,0.0014,0.0003,0.0058,0.0127,0.0017,0.0012,0.0077,0.0002,0.0015,0.0022,0.0001,0.0002,0.0083,0.0015,0.0005,0.0,0.0005,0.0413,0.0086,0.0001,0.0007,0.0,65.0,0.0,2.0,63.0,0.0,0.0,0.0,0.0,0.0,0.0,0.0,0.0,0.0,0.0,0.0,0.0,0.0,0.0,0.0,0.0,0.0,0.0,0.0,8.0,2.0,1.0
332,2.7633931999999994,0,8.3569,1.6195,0.9283,1.1306,0.0719,0.0011,0.0014,0.0002,0.0117,0.017,0.0013,0.0006,0.0069,0.0001,0.0016,0.0015,0.0001,0.0001,0.0072,0.0015,0.0004,0.0002,0.0005,0.0432,0.0074,0.0,0.0007,0.0,65.0,0.0,2.0,63.0,0.0,0.0,0.0,0.0,0.0,0.0,0.0,0.0,0.0,0.0,0.0,0.0,0.0,0.0,0.0,0.0,0.0,0.0,0.0,8.0,2.0,1.0
333,2.7717500999999993,0,8.4228,1.5263,1.0364,1.173,0.0826,0.0034,0.0016,0.0003,0.006,0.0178,0.0023,0.0009,0.0088,0.0004,0.0017,0.0023,0.0001,0.0002,0.0076,0.0013,0.001,0.0,0.0006,0.0482,0.0101,0.0,0.0008,0.0,65.0,0.0,2.0,63.0,0.0,0.0,0.0,0.0,0.0,0.0,0.0,0.0,0.0,0.0,0.0,0.0,0.0,0.0,0.0,0.0,0.0,0.0,0.0,8.0,2.0,1.0
334,2.7801728999999993,0,8.2658,1.6853,1.0288,1.0453,0.0769,0.0031,0.0015,0.0002,0.0102,0.0175,0.0016,0.0007,0.0073,0.0002,0.0015,0.0017,0.0,0.0001,0.0076,0.0012,0.0005,0.0001,0.0007,0.0445,0.0085,0.0,0.0008,0.0,65.0,0.0,2.0,63.0,0.0,0.0,0.0,0.0,0.0,0.0,0.0,0.0,0.0,0.0,0.0,0.0,0.0,0.0,0.0,0.0,0.0,0.0,0.0,8.0,2.0,1.0
335,2.7884386999999995,0,8.3044,1.6256,0.9575,1.2276,0.0676,0.0019,0.0044,0.0003,0.0042,0.0129,0.0014,0.0007,0.0069,0.0002,0.0015,0.0014,0.0002,0.0001,0.0073,0.0012,0.0005,0.0001,0.0004,0.0383,0.0083,0.0,0.0006,0.0,65.0,0.0,2.0,63.0,0.0,0.0,0.0,0.0,0.0,0.0,0.0,0.0,0.0,0.0,0.0,0.0,0.0,0.0,0.0,0.0,0.0,0.0,0.0,8.0,2.0,1.0
336,2.7967430999999996,0,8.3749,1.5159,0.9737,1.1341,0.0777,0.0017,0.0051,0.0003,0.0103,0.0195,0.0018,0.0007,0.007,0.0002,0.0014,0.0017,0.0001,0.0001,0.0075,0.0011,0.0008,0.0001,0.0005,0.0458,0.0078,0.0,0.0009,0.0,65.0,0.0,2.0,63.0,0.0,0.0,0.0,0.0,0.0,0.0,0.0,0.0,0.0,0.0,0.0,0.0,0.0,0.0,0.0,0.0,0.0,0.0,0.0,8.0,2.0,1.0
337,2.805118,0,8.3064,1.6421,1.0112,1.1216,0.0739,0.0014,0.0035,0.0002,0.0051,0.0123,0.0017,0.0009,0.0074,0.0002,0.0016,0.0019,0.0001,0.0002,0.0082,0.0018,0.0005,0.0001,0.0005,0.0416,0.0084,0.0001,0.0008,0.0,65.0,0.0,2.0,63.0,0.0,0.0,0.0,0.0,0.0,0.0,0.0,0.0,0.0,0.0,0.0,0.0,0.0,0.0,0.0,0.0,0.0,0.0,0.0,8.0,2.0,1.0
338,2.8134243999999997,0,8.3445,1.6719,0.9726,1.094,0.0745,0.0026,0.0012,0.0003,0.0126,0.0192,0.0015,0.0007,0.0075,0.0005,0.0013,0.0015,0.0001,0.0006,0.0069,0.0013,0.0005,0.0001,0.0004,0.045,0.0073,0.0,0.0008,0.0,65.0,0.0,2.0,63.0,0.0,0.0,0.0,0.0,0.0,0.0,0.0,0.0,0.0,0.0,0.0,0.0,0.0,0.0,0.0,0.0,0.0,0.0,0.0,8.0,2.0,1.0
339,2.8217689,0,8.2613,1.6464,0.9621,1.0735,0.0689,0.0011,0.0019,0.0003,0.0041,0.0095,0.0017,0.0013,0.0085,0.0002,0.0014,0.0021,0.0002,0.0001,0.0076,0.0012,0.0004,0.0001,0.0004,0.0379,0.0086,0.0001,0.001,0.0,65.0,0.0,2.0,63.0,0.0,0.0,0.0,0.0,0.0,0.0,0.0,0.0,0.0,0.0,0.0,0.0,0.0,0.0,0.0,0.0,0.0,0.0,0.0,8.0,2.0,1.0
340,2.8300302,0,8.3781,1.6302,0.9524,1.2639,0.075,0.0012,0.0019,0.0003,0.0097,0.0155,0.0019,0.0008,0.0076,0.0002,0.0017,0.0017,0.0002,0.0001,0.0078,0.0013,0.0005,0.0,0.0005,0.0443,0.0082,0.0,0.0007,0.0,65.0,0.0,2.0,63.0,0.0,0.0,0.0,0.0,0.0,0.0,0.0,0.0,0.0,0.0,0.0,0.0,0.0,0.0,0.0,0.0,0.0,0.0,0.0,8.0,2.0,1.0
341,2.8384082999999998,0,8.3761,1.4914,0.974,1.2446,0.0766,0.0032,0.0015,0.0002,0.006,0.0139,0.0017,0.0009,0.0071,0.0002,0.0017,0.0018,0.0001,0.0001,0.0084,0.0013,0.0008,0.0001,0.0004,0.0424,0.0088,0.0001,0.0009,0.0,65.0,0.0,2.0,63.0,0.0,0.0,0.0,0.0,0.0,0.0,0.0,0.0,0.0,0.0,0.0,0.0,0.0,0.0,0.0,0.0,0.0,0.0,0.0,8.0,2.0,1.0
342,2.8467843999999998,0,8.3258,1.699,0.9789,1.0694,0.0764,0.0013,0.0047,0.0002,0.0114,0.0203,0.0015,0.0007,0.0068,0.0001,0.0019,0.0014,0.0,0.0001,0.0079,0.0011,0.0005,0.0001,0.0005,0.047,0.0084,0.0001,0.0007,0.0,65.0,0.0,2.0,63.0,0.0,0.0,0.0,0.0,0.0,0.0,0.0,0.0,0.0,0.0,0.0,0.0,0.0,0.0,0.0,0.0,0.0,0.0,0.0,8.0,2.0,1.0
343,2.8551102,0,8.3692,1.6755,1.0449,1.083,0.0728,0.0012,0.0014,0.0004,0.0063,0.0118,0.0016,0.0009,0.0077,0.0001,0.0012,0.0016,0.0,0.0002,0.0084,0.0013,0.0005,0.0,0.0005,0.0401,0.0086,0.0,0.0007,0.0,65.0,0.0,2.0,63.0,0.0,0.0,0.0,0.0,0.0,0.0,0.0,0.0,0.0,0.0,0.0,0.0,0.0,0.0,0.0,0.0,0.0,0.0,0.0,8.0,2.0,1.0
344,2.8634794,0,8.2455,1.6222,0.9471,1.0787,0.0746,0.0012,0.0045,0.0003,0.0103,0.0188,0.0014,0.0007,0.0068,0.0002,0.0013,0.0016,0.0005,0.0001,0.0076,0.0011,0.0005,0.0001,0.0004,0.0457,0.0078,0.0,0.0006,0.0,65.0,0.0,2.0,63.0,0.0,0.0,0.0,0.0,0.0,0.0,0.0,0.0,0.0,0.0,0.0,0.0,0.0,0.0,0.0,0.0,0.0,0.0,0.0,8.0,2.0,1.0
345,2.8717249000000002,0,8.3661,1.5456,0.9515,1.1273,0.0681,0.0026,0.0015,0.0003,0.0056,0.0124,0.0015,0.0007,0.0063,0.0006,0.0014,0.0016,0.0,0.0001,0.0078,0.0012,0.0005,0.0001,0.0004,0.0385,0.0072,0.0001,0.001,0.0,65.0,0.0,2.0,63.0,0.0,0.0,0.0,0.0,0.0,0.0,0.0,0.0,0.0,0.0,0.0,0.0,0.0,0.0,0.0,0.0,0.0,0.0,0.0,8.0,2.0,1.0
346,2.880091,0,8.2667,1.6224,0.9682,1.2943,0.0791,0.0025,0.0017,0.0004,0.0111,0.018,0.0017,0.0011,0.0081,0.0002,0.0013,0.0021,0.0001,0.0002,0.0086,0.0013,0.0005,0.0001,0.0004,0.0479,0.0073,0.0,0.0006,0.0,65.0,0.0,2.0,63.0,0.0,0.0,0.0,0.0,0.0,0.0,0.0,0.0,0.0,0.0,0.0,0.0,0.0,0.0,0.0,0.0,0.0,0.0,0.0,8.0,2.0,1.0
347,2.8883577000000002,0,8.2957,1.6011,0.8708,1.1244,0.0641,0.0038,0.0013,0.0002,0.0053,0.0129,0.0017,0.0006,0.0063,0.0002,0.0011,0.0021,0.0,0.0001,0.0082,0.0014,0.0004,0.0,0.0004,0.0388,0.005,0.0,0.0004,0.0,65.0,0.0,2.0,63.0,0.0,0.0,0.0,0.0,0.0,0.0,0.0,0.0,0.0,0.0,0.0,0.0,0.0,0.0,0.0,0.0,0.0,0.0,0.0,8.0,2.0,1.0
348,2.8966534000000004,0,8.4575,1.5488,0.9,1.0753,0.0721,0.0011,0.0033,0.0002,0.0105,0.0177,0.0015,0.0007,0.0067,0.0001,0.0013,0.0019,0.0001,0.0002,0.0082,0.0014,0.0004,0.0,0.0005,0.0442,0.0078,0.0,0.0007,0.0,65.0,0.0,2.0,63.0,0.0,0.0,0.0,0.0,0.0,0.0,0.0,0.0,0.0,0.0,0.0,0.0,0.0,0.0,0.0,0.0,0.0,0.0,0.0,8.0,2.0,1.0
349,2.9051109000000004,0,8.3457,1.8456,1.0025,1.139,0.0758,0.0021,0.0035,0.0003,0.0044,0.0123,0.0017,0.0008,0.008,0.0003,0.0015,0.0017,0.0001,0.0001,0.0084,0.0013,0.0005,0.0001,0.0006,0.0409,0.0095,0.0,0.0008,0.0,65.0,0.0,2.0,63.0,0.0,0.0,0.0,0.0,0.0,0.0,0.0,0.0,0.0,0.0,0.0,0.0,0.0,0.0,0.0,0.0,0.0,0.0,0.0,8.0,2.0,1.0
350,2.9134566000000004,0,8.3156,1.6302,1.0076,1.1664,0.076,0.0014,0.0056,0.0003,0.0106,0.0196,0.0014,0.0009,0.0074,0.0002,0.0012,0.0019,0.0001,0.0001,0.0077,0.0012,0.001,0.0,0.0005,0.0472,0.0081,0.0,0.0007,0.0,65.0,0.0,2.0,63.0,0.0,0.0,0.0,0.0,0.0,0.0,0.0,0.0,0.0,0.0,0.0,0.0,0.0,0.0,0.0,0.0,0.0,0.0,0.0,8.0,2.0,1.0
351,2.9217722000000004,0,8.33,1.5358,0.9552,1.0926,0.069,0.0037,0.0018,0.0002,0.0053,0.0129,0.0014,0.0007,0.0074,0.0007,0.0012,0.0015,0.0001,0.0001,0.008,0.0012,0.0005,0.0001,0.0005,0.0399,0.0078,0.0,0.0008,0.0,65.0,0.0,2.0,63.0,0.0,0.0,0.0,0.0,0.0,0.0,0.0,0.0,0.0,0.0,0.0,0.0,0.0,0.0,0.0,0.0,0.0,0.0,0.0,8.0,2.0,1.0
352,2.9301022000000003,0,8.3059,1.6632,1.0069,1.0707,0.0791,0.0029,0.0013,0.0003,0.0106,0.0175,0.0016,0.0009,0.0075,0.0001,0.0018,0.0017,0.0001,0.0001,0.008,0.0012,0.0004,0.0001,0.0008,0.0467,0.0084,0.0,0.0007,0.0,65.0,0.0,2.0,63.0,0.0,0.0,0.0,0.0,0.0,0.0,0.0,0.0,0.0,0.0,0.0,0.0,0.0,0.0,0.0,0.0,0.0,0.0,0.0,8.0,2.0,1.0
353,2.9384081,0,8.3261,1.647,0.9506,1.1404,0.0704,0.0028,0.0016,0.0003,0.0054,0.0122,0.0018,0.0007,0.0068,0.0002,0.0013,0.0016,0.0001,0.0002,0.0077,0.0017,0.0004,0.0001,0.0004,0.0396,0.009,0.0,0.0009,0.0,65.0,0.0,2.0,63.0,0.0,0.0,0.0,0.0,0.0,0.0,0.0,0.0,0.0,0.0,0.0,0.0,0.0,0.0,0.0,0.0,0.0,0.0,0.0,8.0,2.0,1.0
354,2.9467342000000003,0,8.3599,1.5921,0.9553,1.1239,0.0719,0.0034,0.0019,0.0002,0.0111,0.0188,0.0014,0.0006,0.0066,0.0002,0.0012,0.0014,0.0001,0.0001,0.0068,0.0011,0.0004,0.0001,0.001,0.0424,0.008,0.0,0.0009,0.0,65.0,0.0,2.0,63.0,0.0,0.0,0.0,0.0,0.0,0.0,0.0,0.0,0.0,0.0,0.0,0.0,0.0,0.0,0.0,0.0,0.0,0.0,0.0,8.0,2.0,1.0
355,2.9550941,0,8.2153,1.6288,0.947,1.1397,0.0687,0.0012,0.0047,0.0002,0.0043,0.0129,0.0017,0.0006,0.0061,0.0001,0.0015,0.0015,0.0,0.0001,0.0076,0.0011,0.0004,0.0,0.001,0.0383,0.0081,0.0,0.0006,0.0,65.0,0.0,2.0,63.0,0.0,0.0,0.0,0.0,0.0,0.0,0.0,0.0,0.0,0.0,0.0,0.0,0.0,0.0,0.0,0.0,0.0,0.0,0.0,8.0,2.0,1.0
356,2.9633094,0,8.3678,1.55,0.8952,1.0796,0.0715,0.0039,0.0012,0.0002,0.0115,0.0189,0.0014,0.0006,0.0067,0.0001,0.0017,0.0013,0.0001,0.0001,0.0069,0.0011,0.0004,0.0001,0.0005,0.0435,0.0066,0.0001,0.0004,0.0,65.0,0.0,2.0,63.0,0.0,0.0,0.0,0.0,0.0,0.0,0.0,0.0,0.0,0.0,0.0,0.0,0.0,0.0,0.0,0.0,0.0,0.0,0.0,8.0,2.0,1.0
357,2.9716772,0,8.4475,1.5798,0.8762,1.0767,0.066,0.0011,0.0042,0.0004,0.0041,0.0119,0.0013,0.0012,0.0063,0.0001,0.0012,0.0014,0.0006,0.0001,0.0078,0.0012,0.0005,0.0,0.0009,0.0374,0.0076,0.0,0.0007,0.0,65.0,0.0,2.0,63.0,0.0,0.0,0.0,0.0,0.0,0.0,0.0,0.0,0.0,0.0,0.0,0.0,0.0,0.0,0.0,0.0,0.0,0.0,0.0,8.0,2.0,1.0
358,2.9801246999999997,0,8.3975,1.6572,1.1214,1.2886,0.0789,0.0028,0.0021,0.0003,0.0102,0.0179,0.0018,0.0007,0.0079,0.0002,0.0016,0.0016,0.0001,0.0001,0.0088,0.0012,0.0004,0.0001,0.0009,0.0471,0.0082,0.0,0.0007,0.0,65.0,0.0,2.0,63.0,0.0,0.0,0.0,0.0,0.0,0.0,0.0,0.0,0.0,0.0,0.0,0.0,0.0,0.0,0.0,0.0,0.0,0.0,0.0,8.0,2.0,1.0
359,2.9885222,0,8.2615,1.6666,0.9972,1.1005,0.0755,0.0031,0.0018,0.0003,0.006,0.0148,0.0023,0.0007,0.0081,0.0002,0.0017,0.0017,0.0,0.0001,0.0088,0.0013,0.0004,0.0001,0.001,0.0441,0.0084,0.0,0.0009,0.0,65.0,0.0,2.0,63.0,0.0,0.0,0.0,0.0,0.0,0.0,0.0,0.0,0.0,0.0,0.0,0.0,0.0,0.0,0.0,0.0,0.0,0.0,0.0,8.0,2.0,1.0
360,2.9967837,0,8.2535,1.5513,0.9437,1.1491,0.0753,0.0039,0.0013,0.0002,0.0114,0.0196,0.0015,0.0007,0.0062,0.0002,0.0014,0.0017,0.0001,0.0002,0.0077,0.001,0.0005,0.0001,0.0005,0.045,0.0073,0.0,0.0007,0.0,65.0,0.0,2.0,63.0,0.0,0.0,0.0,0.0,0.0,0.0,0.0,0.0,0.0,0.0,0.0,0.0,0.0,0.0,0.0,0.0,0.0,0.0,0.0,8.0,2.0,1.0
361,3.0050372,0,8.3153,1.6096,0.9076,1.16,0.076,0.0041,0.0016,0.0003,0.0063,0.0147,0.0019,0.0009,0.0078,0.0001,0.0019,0.0015,0.0001,0.0007,0.0082,0.0013,0.0005,0.0,0.0005,0.043,0.0085,0.0,0.0007,0.0,65.0,0.0,2.0,63.0,0.0,0.0,0.0,0.0,0.0,0.0,0.0,0.0,0.0,0.0,0.0,0.0,0.0,0.0,0.0,0.0,0.0,0.0,0.0,8.0,2.0,1.0
362,3.0133525,0,8.3769,1.6346,0.9057,1.2481,0.0795,0.0013,0.0048,0.0003,0.0115,0.021,0.0014,0.0007,0.0066,0.0002,0.0016,0.0019,0.0001,0.0001,0.0083,0.0013,0.0005,0.0001,0.0004,0.0478,0.0084,0.0001,0.0007,0.0,65.0,0.0,2.0,63.0,0.0,0.0,0.0,0.0,0.0,0.0,0.0,0.0,0.0,0.0,0.0,0.0,0.0,0.0,0.0,0.0,0.0,0.0,0.0,8.0,2.0,1.0
363,3.0217294,0,8.3869,1.5711,0.919,1.1402,0.0674,0.0013,0.0051,0.0002,0.004,0.0126,0.0017,0.0007,0.0073,0.0001,0.0013,0.0017,0.0001,0.0001,0.0078,0.0012,0.0007,0.0,0.0004,0.0386,0.0075,0.0,0.0006,0.0,65.0,0.0,2.0,63.0,0.0,0.0,0.0,0.0,0.0,0.0,0.0,0.0,0.0,0.0,0.0,0.0,0.0,0.0,0.0,0.0,0.0,0.0,0.0,8.0,2.0,1.0
364,3.0301163,0,8.203,1.6244,0.9785,1.1225,0.073,0.0028,0.0017,0.0003,0.01,0.0166,0.0019,0.0008,0.0074,0.0002,0.002,0.0015,0.0001,0.0001,0.0075,0.0017,0.0004,0.0001,0.0005,0.0447,0.0072,0.0,0.0007,0.0,65.0,0.0,2.0,63.0,0.0,0.0,0.0,0.0,0.0,0.0,0.0,0.0,0.0,0.0,0.0,0.0,0.0,0.0,0.0,0.0,0.0,0.0,0.0,8.0,2.0,1.0
365,3.0383193,0,8.4605,1.561,0.8955,1.0572,0.0777,0.002,0.0017,0.0004,0.008,0.0144,0.0019,0.0008,0.0079,0.0001,0.0019,0.0015,0.0001,0.0001,0.0088,0.0014,0.0005,0.0001,0.001,0.0442,0.0096,0.0001,0.0007,0.0,65.0,0.0,2.0,63.0,0.0,0.0,0.0,0.0,0.0,0.0,0.0,0.0,0.0,0.0,0.0,0.0,0.0,0.0,0.0,0.0,0.0,0.0,0.0,8.0,2.0,1.0
366,3.0467798,0,8.338,1.6594,0.9674,1.1167,0.0817,0.0013,0.0049,0.0003,0.0113,0.0201,0.0016,0.0009,0.008,0.0002,0.0013,0.0017,0.0001,0.0001,0.0081,0.0013,0.0005,0.0002,0.0005,0.0481,0.0087,0.0,0.0008,0.0,65.0,0.0,2.0,63.0,0.0,0.0,0.0,0.0,0.0,0.0,0.0,0.0,0.0,0.0,0.0,0.0,0.0,0.0,0.0,0.0,0.0,0.0,0.0,8.0,2.0,1.0
367,3.0551178,0,8.3709,1.5347,1.0161,1.1706,0.0779,0.0016,0.0019,0.0002,0.0073,0.0131,0.0017,0.0009,0.0086,0.0001,0.0016,0.0021,0.0001,0.0001,0.0081,0.0018,0.0005,0.0001,0.0008,0.0446,0.0095,0.0,0.0009,0.0,65.0,0.0,2.0,63.0,0.0,0.0,0.0,0.0,0.0,0.0,0.0,0.0,0.0,0.0,0.0,0.0,0.0,0.0,0.0,0.0,0.0,0.0,0.0,8.0,2.0,1.0
368,3.0634887,0,8.2606,1.6983,1.0002,1.0663,0.0808,0.0015,0.0045,0.0002,0.0113,0.0201,0.0021,0.0008,0.0074,0.0002,0.0021,0.0016,0.0,0.0001,0.0078,0.0018,0.0005,0.0,0.0005,0.0487,0.0088,0.0001,0.0007,0.0,65.0,0.0,2.0,63.0,0.0,0.0,0.0,0.0,0.0,0.0,0.0,0.0,0.0,0.0,0.0,0.0,0.0,0.0,0.0,0.0,0.0,0.0,0.0,8.0,2.0,1.0
369,3.0717493,0,8.4899,1.4954,1.0576,1.1156,0.0827,0.0032,0.0018,0.0006,0.0074,0.0157,0.0021,0.0009,0.0088,0.0001,0.0018,0.0018,0.0001,0.0002,0.0093,0.0012,0.0005,0.0001,0.0006,0.0473,0.0092,0.0,0.0006,0.0,65.0,0.0,2.0,63.0,0.0,0.0,0.0,0.0,0.0,0.0,0.0,0.0,0.0,0.0,0.0,0.0,0.0,0.0,0.0,0.0,0.0,0.0,0.0,8.0,2.0,1.0
370,3.0802392,0,8.2643,1.8236,1.0417,1.319,0.0779,0.0015,0.0051,0.0002,0.0108,0.0199,0.0015,0.0006,0.0073,0.0006,0.0014,0.0015,0.0001,0.0001,0.0085,0.0011,0.001,0.0,0.0005,0.0489,0.0071,0.0,0.0007,0.0,65.0,0.0,2.0,63.0,0.0,0.0,0.0,0.0,0.0,0.0,0.0,0.0,0.0,0.0,0.0,0.0,0.0,0.0,0.0,0.0,0.0,0.0,0.0,8.0,2.0,1.0
371,3.0885035,0,8.2342,1.6463,1.0298,1.1616,0.0705,0.0013,0.0052,0.0003,0.0044,0.0133,0.0018,0.0006,0.0068,0.0002,0.0017,0.0014,0.0001,0.0001,0.0085,0.0011,0.0005,0.0,0.0004,0.0407,0.0076,0.0,0.0009,0.0,65.0,0.0,2.0,63.0,0.0,0.0,0.0,0.0,0.0,0.0,0.0,0.0,0.0,0.0,0.0,0.0,0.0,0.0,0.0,0.0,0.0,0.0,0.0,8.0,2.0,1.0
372,3.0967377,0,8.3742,1.5555,0.9621,1.108,0.0831,0.0014,0.002,0.0003,0.0125,0.0188,0.0017,0.0008,0.0082,0.0001,0.0015,0.0022,0.0001,0.0001,0.0086,0.0017,0.0005,0.0001,0.0006,0.0494,0.0092,0.0,0.0007,0.0,65.0,0.0,2.0,63.0,0.0,0.0,0.0,0.0,0.0,0.0,0.0,0.0,0.0,0.0,0.0,0.0,0.0,0.0,0.0,0.0,0.0,0.0,0.0,8.0,2.0,1.0
373,3.1051119,0,8.2985,1.6127,0.9881,1.1793,0.074,0.002,0.0017,0.0004,0.0071,0.0133,0.0016,0.0008,0.0071,0.0002,0.0014,0.0021,0.0001,0.0002,0.0084,0.0017,0.0005,0.0001,0.0005,0.0421,0.0082,0.0,0.0007,0.0,65.0,0.0,2.0,63.0,0.0,0.0,0.0,0.0,0.0,0.0,0.0,0.0,0.0,0.0,0.0,0.0,0.0,0.0,0.0,0.0,0.0,0.0,0.0,8.0,2.0,1.0
374,3.1134104,0,8.3608,1.5833,0.9359,1.086,0.0747,0.0013,0.0014,0.0003,0.0119,0.0176,0.002,0.0008,0.0073,0.0001,0.002,0.0013,0.0001,0.0001,0.0085,0.0012,0.0005,0.0,0.0005,0.0461,0.0075,0.0,0.0008,0.0,65.0,0.0,2.0,63.0,0.0,0.0,0.0,0.0,0.0,0.0,0.0,0.0,0.0,0.0,0.0,0.0,0.0,0.0,0.0,0.0,0.0,0.0,0.0,8.0,2.0,1.0
375,3.1217712,0,8.2706,1.5383,0.9732,1.1377,0.0782,0.0049,0.0018,0.0003,0.0058,0.0149,0.0019,0.0008,0.0077,0.0002,0.002,0.0018,0.0001,0.0001,0.0093,0.0012,0.0005,0.0,0.0005,0.0454,0.0095,0.0,0.0006,0.0,65.0,0.0,2.0,63.0,0.0,0.0,0.0,0.0,0.0,0.0,0.0,0.0,0.0,0.0,0.0,0.0,0.0,0.0,0.0,0.0,0.0,0.0,0.0,8.0,2.0,1.0
376,3.1300418,0,8.3799,1.6548,0.9204,1.0952,0.0797,0.0034,0.0013,0.0002,0.0104,0.0179,0.0019,0.0008,0.0073,0.0001,0.0017,0.0016,0.0001,0.0002,0.0089,0.0012,0.0004,0.0,0.0004,0.0465,0.0087,0.0001,0.0009,0.0,65.0,0.0,2.0,63.0,0.0,0.0,0.0,0.0,0.0,0.0,0.0,0.0,0.0,0.0,0.0,0.0,0.0,0.0,0.0,0.0,0.0,0.0,0.0,8.0,2.0,1.0
377,3.1384217,0,8.3006,1.646,0.9595,1.0376,0.0657,0.0037,0.0015,0.0002,0.0055,0.0131,0.0014,0.0006,0.0071,0.0007,0.0012,0.0016,0.0,0.0005,0.007,0.0015,0.0004,0.0001,0.0005,0.0388,0.0071,0.0,0.0008,0.0,65.0,0.0,2.0,63.0,0.0,0.0,0.0,0.0,0.0,0.0,0.0,0.0,0.0,0.0,0.0,0.0,0.0,0.0,0.0,0.0,0.0,0.0,0.0,8.0,2.0,1.0
378,3.1467223,0,8.4053,1.571,0.9276,1.187,0.0762,0.0013,0.005,0.0002,0.0108,0.0194,0.0016,0.0008,0.0062,0.0001,0.0014,0.002,0.0001,0.0001,0.0081,0.0012,0.0007,0.0,0.0005,0.0457,0.0075,0.0001,0.0007,0.0,65.0,0.0,2.0,63.0,0.0,0.0,0.0,0.0,0.0,0.0,0.0,0.0,0.0,0.0,0.0,0.0,0.0,0.0,0.0,0.0,0.0,0.0,0.0,8.0,2.0,1.0
379,3.1551276,0,8.2898,1.7106,0.9892,1.1457,0.0701,0.0015,0.0016,0.0006,0.0048,0.0108,0.0023,0.0008,0.0081,0.0002,0.0019,0.0016,0.0001,0.0003,0.008,0.0012,0.0004,0.0001,0.0005,0.0392,0.0084,0.0,0.0006,0.0,65.0,0.0,2.0,63.0,0.0,0.0,0.0,0.0,0.0,0.0,0.0,0.0,0.0,0.0,0.0,0.0,0.0,0.0,0.0,0.0,0.0,0.0,0.0,8.0,2.0,1.0
380,3.1634174,0,8.4086,1.5801,1.0171,1.0298,0.0751,0.0014,0.0034,0.0003,0.0099,0.0175,0.0014,0.0006,0.0071,0.0001,0.0014,0.0021,0.0,0.0001,0.0077,0.0012,0.0009,0.0001,0.0005,0.045,0.0079,0.0,0.0009,0.0,65.0,0.0,2.0,63.0,0.0,0.0,0.0,0.0,0.0,0.0,0.0,0.0,0.0,0.0,0.0,0.0,0.0,0.0,0.0,0.0,0.0,0.0,0.0,8.0,2.0,1.0
381,3.1718260000000003,0,8.3032,1.6507,1.0107,1.1955,0.075,0.0039,0.0019,0.0003,0.0063,0.0146,0.0016,0.0008,0.0067,0.0001,0.0013,0.0017,0.0,0.0001,0.0084,0.0012,0.0005,0.0,0.0005,0.0415,0.0092,0.0,0.0009,0.0,65.0,0.0,2.0,63.0,0.0,0.0,0.0,0.0,0.0,0.0,0.0,0.0,0.0,0.0,0.0,0.0,0.0,0.0,0.0,0.0,0.0,0.0,0.0,8.0,2.0,1.0
382,3.1801292,0,8.3231,1.6933,1.0099,1.1736,0.0838,0.0033,0.0016,0.0003,0.0126,0.0204,0.0016,0.0009,0.0077,0.0001,0.0016,0.0024,0.0002,0.0001,0.0083,0.0012,0.0004,0.0,0.0005,0.0499,0.0088,0.0,0.0008,0.0,65.0,0.0,2.0,63.0,0.0,0.0,0.0,0.0,0.0,0.0,0.0,0.0,0.0,0.0,0.0,0.0,0.0,0.0,0.0,0.0,0.0,0.0,0.0,8.0,2.0,1.0
383,3.1884523000000002,0,8.3035,1.5959,0.9577,1.0679,0.0648,0.0012,0.0018,0.0002,0.007,0.0125,0.0013,0.0013,0.0066,0.0001,0.0013,0.0022,0.0001,0.0001,0.0082,0.0013,0.0009,0.0,0.0004,0.0399,0.0043,0.0,0.001,0.0,65.0,0.0,2.0,63.0,0.0,0.0,0.0,0.0,0.0,0.0,0.0,0.0,0.0,0.0,0.0,0.0,0.0,0.0,0.0,0.0,0.0,0.0,0.0,8.0,2.0,1.0
384,3.1967558,0,8.7013,1.6723,1.1487,1.2465,0.0961,0.0045,0.0021,0.0004,0.0161,0.0257,0.002,0.0011,0.0093,0.0002,0.0022,0.0017,0.0001,0.0001,0.0097,0.0013,0.0009,0.0002,0.0006,0.0607,0.0082,0.0,0.0008,0.0,65.0,0.0,2.0,63.0,0.0,0.0,0.0,0.0,0.0,0.0,0.0,0.0,0.0,0.0,0.0,0.0,0.0,0.0,0.0,0.0,0.0,0.0,0.0,8.0,2.0,1.0
385,3.2054571,0,8.0628,1.8504,1.265,1.2236,0.087,0.003,0.0017,0.0004,0.0069,0.0151,0.0019,0.0009,0.0094,0.0002,0.0021,0.002,0.0006,0.0001,0.0099,0.0013,0.0006,0.0,0.0006,0.0502,0.0097,0.0,0.0005,0.0,65.0,0.0,2.0,63.0,0.0,0.0,0.0,0.0,0.0,0.0,0.0,0.0,0.0,0.0,0.0,0.0,0.0,0.0,0.0,0.0,0.0,0.0,0.0,8.0,2.0,1.0
386,3.2135198999999997,0,8.2361,1.7045,0.9717,1.1744,0.0725,0.0011,0.0011,0.0002,0.0111,0.0168,0.0015,0.0007,0.0063,0.0001,0.0014,0.0019,0.0001,0.0002,0.0086,0.0014,0.0005,0.0001,0.0005,0.0438,0.0074,0.0001,0.0005,0.0,65.0,0.0,2.0,63.0,0.0,0.0,0.0,0.0,0.0,0.0,0.0,0.0,0.0,0.0,0.0,0.0,0.0,0.0,0.0,0.0,0.0,0.0,0.0,8.0,2.0,1.0
387,3.2217559999999996,0,8.3164,1.7323,0.9655,1.2976,0.0639,0.0013,0.0014,0.0002,0.0059,0.0112,0.0015,0.0007,0.0073,0.0002,0.0013,0.0014,0.0001,0.0001,0.0082,0.0013,0.0006,0.0001,0.0004,0.0379,0.0046,0.0001,0.0006,0.0,65.0,0.0,2.0,63.0,0.0,0.0,0.0,0.0,0.0,0.0,0.0,0.0,0.0,0.0,0.0,0.0,0.0,0.0,0.0,0.0,0.0,0.0,0.0,8.0,2.0,1.0
388,3.2300723999999996,0,8.2866,1.6528,0.914,1.1617,0.0718,0.0019,0.0017,0.0005,0.0098,0.0158,0.0015,0.0008,0.0076,0.0001,0.0014,0.0014,0.0002,0.0001,0.0071,0.0011,0.0004,0.0002,0.0004,0.0426,0.0077,0.0,0.0008,0.0,65.0,0.0,2.0,63.0,0.0,0.0,0.0,0.0,0.0,0.0,0.0,0.0,0.0,0.0,0.0,0.0,0.0,0.0,0.0,0.0,0.0,0.0,0.0,8.0,2.0,1.0
389,3.2383589999999995,0,8.3938,1.6101,0.8926,1.1295,0.0747,0.0014,0.0051,0.0003,0.0059,0.015,0.0017,0.0006,0.0073,0.0002,0.0012,0.0018,0.0001,0.0001,0.0078,0.0013,0.0004,0.0001,0.0007,0.0416,0.0092,0.0,0.0005,0.0,65.0,0.0,2.0,63.0,0.0,0.0,0.0,0.0,0.0,0.0,0.0,0.0,0.0,0.0,0.0,0.0,0.0,0.0,0.0,0.0,0.0,0.0,0.0,8.0,2.0,1.0
390,3.2467527999999994,0,8.2774,1.6325,0.9381,1.1357,0.0699,0.0023,0.0013,0.0002,0.0104,0.0163,0.0019,0.0008,0.0069,0.0002,0.0012,0.0015,0.0,0.0001,0.0079,0.0011,0.0004,0.0,0.0004,0.0416,0.0076,0.0,0.0007,0.0,65.0,0.0,2.0,63.0,0.0,0.0,0.0,0.0,0.0,0.0,0.0,0.0,0.0,0.0,0.0,0.0,0.0,0.0,0.0,0.0,0.0,0.0,0.0,8.0,2.0,1.0
391,3.2550301999999993,0,8.4293,1.6707,0.93,1.0565,0.0698,0.0027,0.0016,0.0002,0.0065,0.0132,0.0016,0.0011,0.0074,0.0002,0.0014,0.0023,0.0,0.0001,0.0082,0.0018,0.0006,0.0001,0.0006,0.0417,0.0053,0.0,0.0008,0.0,65.0,0.0,2.0,63.0,0.0,0.0,0.0,0.0,0.0,0.0,0.0,0.0,0.0,0.0,0.0,0.0,0.0,0.0,0.0,0.0,0.0,0.0,0.0,8.0,2.0,1.0
392,3.2634594999999993,0,8.3011,1.7728,1.0226,1.1119,0.0797,0.0047,0.0015,0.0003,0.0106,0.0191,0.002,0.0008,0.0075,0.0002,0.0017,0.0016,0.0001,0.0001,0.0084,0.0012,0.0005,0.0,0.0011,0.0477,0.0077,0.0,0.0008,0.0,65.0,0.0,2.0,63.0,0.0,0.0,0.0,0.0,0.0,0.0,0.0,0.0,0.0,0.0,0.0,0.0,0.0,0.0,0.0,0.0,0.0,0.0,0.0,8.0,2.0,1.0
393,3.2717605999999995,0,8.2976,1.5549,0.9257,1.3043,0.0738,0.0028,0.0014,0.0002,0.0058,0.0122,0.0016,0.0011,0.0074,0.0001,0.0016,0.0022,0.0,0.0002,0.0087,0.0018,0.0005,0.0,0.0005,0.0423,0.0082,0.0,0.0009,0.0,65.0,0.0,2.0,63.0,0.0,0.0,0.0,0.0,0.0,0.0,0.0,0.0,0.0,0.0,0.0,0.0,0.0,0.0,0.0,0.0,0.0,0.0,0.0,8.0,2.0,1.0
394,3.2800581999999996,0,8.3279,1.7084,0.9428,1.1415,0.0787,0.0029,0.002,0.0004,0.0126,0.0206,0.002,0.0007,0.0093,0.0001,0.0013,0.0019,0.0,0.0001,0.0077,0.0012,0.0005,0.0,0.0006,0.0498,0.0075,0.0,0.0008,0.0,65.0,0.0,2.0,63.0,0.0,0.0,0.0,0.0,0.0,0.0,0.0,0.0,0.0,0.0,0.0,0.0,0.0,0.0,0.0,0.0,0.0,0.0,0.0,8.0,2.0,1.0
395,3.2883860999999994,0,8.3552,1.6524,0.914,1.0438,0.0676,0.0037,0.0019,0.0003,0.0057,0.0141,0.0015,0.0009,0.0066,0.0002,0.0014,0.0016,0.0001,0.0001,0.0077,0.0011,0.0004,0.0001,0.001,0.0401,0.0047,0.0,0.0006,0.0,65.0,0.0,2.0,63.0,0.0,0.0,0.0,0.0,0.0,0.0,0.0,0.0,0.0,0.0,0.0,0.0,0.0,0.0,0.0,0.0,0.0,0.0,0.0,8.0,2.0,1.0
396,3.2967412999999994,0,8.3026,1.6292,0.9346,1.1475,0.0748,0.0044,0.0012,0.0003,0.0111,0.0195,0.0016,0.0009,0.0071,0.0002,0.0018,0.0016,0.0001,0.0001,0.0065,0.0012,0.0007,0.0001,0.0005,0.0446,0.0073,0.0,0.0005,0.0,65.0,0.0,2.0,63.0,0.0,0.0,0.0,0.0,0.0,0.0,0.0,0.0,0.0,0.0,0.0,0.0,0.0,0.0,0.0,0.0,0.0,0.0,0.0,8.0,2.0,1.0
397,3.3050438999999994,0,8.5894,1.732,1.0623,1.1311,0.0835,0.0029,0.0018,0.0006,0.0064,0.0141,0.0018,0.0008,0.0095,0.0002,0.002,0.002,0.0001,0.0002,0.0095,0.0011,0.0012,0.0001,0.0006,0.0476,0.0091,0.0,0.0009,0.0,65.0,0.0,2.0,63.0,0.0,0.0,0.0,0.0,0.0,0.0,0.0,0.0,0.0,0.0,0.0,0.0,0.0,0.0,0.0,0.0,0.0,0.0,0.0,8.0,2.0,1.0
398,3.3136332999999993,0,8.1934,1.847,1.0964,1.2441,0.0845,0.0015,0.0039,0.0003,0.0127,0.0207,0.0016,0.0011,0.008,0.0002,0.0016,0.0021,0.0001,0.0001,0.0087,0.001,0.0006,0.0001,0.0004,0.0503,0.0078,0.0,0.0007,0.0,65.0,0.0,2.0,63.0,0.0,0.0,0.0,0.0,0.0,0.0,0.0,0.0,0.0,0.0,0.0,0.0,0.0,0.0,0.0,0.0,0.0,0.0,0.0,8.0,2.0,1.0
399,3.3218266999999995,0,8.3008,1.7688,1.0036,1.1149,0.0745,0.003,0.0016,0.0003,0.0068,0.014,0.0016,0.0006,0.0071,0.0002,0.0015,0.0019,0.0001,0.0001,0.009,0.0014,0.0005,0.0001,0.0005,0.0428,0.0079,0.0,0.0008,0.0,65.0,0.0,2.0,63.0,0.0,0.0,0.0,0.0,0.0,0.0,0.0,0.0,0.0,0.0,0.0,0.0,0.0,0.0,0.0,0.0,0.0,0.0,0.0,8.0,2.0,1.0
400,3.3301274999999997,0,8.355,1.6152,0.991,1.2511,0.08,0.0029,0.0015,0.0003,0.0113,0.0184,0.0017,0.0016,0.008,0.0002,0.0014,0.002,0.0001,0.0001,0.0084,0.0015,0.0005,0.0001,0.0005,0.0482,0.009,0.0,0.0007,0.0,65.0,0.0,2.0,63.0,0.0,0.0,0.0,0.0,0.0,0.0,0.0,0.0,0.0,0.0,0.0,0.0,0.0,0.0,0.0,0.0,0.0,0.0,0.0,8.0,2.0,1.0
401,3.3384824999999996,0,8.4028,1.657,1.0429,1.201,0.0802,0.0034,0.002,0.0002,0.006,0.0143,0.0019,0.001,0.0083,0.0001,0.002,0.0018,0.0001,0.0001,0.009,0.0013,0.0009,0.0002,0.0006,0.046,0.0088,0.0,0.0004,0.0,65.0,0.0,2.0,63.0,0.0,0.0,0.0,0.0,0.0,0.0,0.0,0.0,0.0,0.0,0.0,0.0,0.0,0.0,0.0,0.0,0.0,0.0,0.0,8.0,2.0,1.0
402,3.3468852999999994,0,8.2016,1.7213,1.0573,1.1639,0.0778,0.0035,0.0015,0.0003,0.0104,0.0178,0.0016,0.001,0.0067,0.0001,0.0013,0.002,0.0001,0.0001,0.0089,0.0017,0.0005,0.0,0.0004,0.0461,0.0087,0.0001,0.0008,0.0,65.0,0.0,2.0,63.0,0.0,0.0,0.0,0.0,0.0,0.0,0.0,0.0,0.0,0.0,0.0,0.0,0.0,0.0,0.0,0.0,0.0,0.0,0.0,8.0,2.0,1.0
403,3.3550868999999994,0,8.3725,1.7646,0.964,1.208,0.0701,0.0023,0.0014,0.0002,0.0053,0.0114,0.0016,0.0006,0.0066,0.0001,0.0014,0.0016,0.0001,0.0001,0.0086,0.0012,0.0008,0.0001,0.0004,0.038,0.0084,0.0,0.0009,0.0,65.0,0.0,2.0,63.0,0.0,0.0,0.0,0.0,0.0,0.0,0.0,0.0,0.0,0.0,0.0,0.0,0.0,0.0,0.0,0.0,0.0,0.0,0.0,8.0,2.0,1.0
404,3.3634593999999995,0,8.4533,1.6711,1.0719,1.1827,0.088,0.0029,0.0018,0.0003,0.0128,0.0207,0.0018,0.0014,0.0087,0.0001,0.0016,0.0023,0.0001,0.0001,0.0087,0.0012,0.0005,0.0001,0.0006,0.0524,0.0085,0.0,0.0009,0.0,65.0,0.0,2.0,63.0,0.0,0.0,0.0,0.0,0.0,0.0,0.0,0.0,0.0,0.0,0.0,0.0,0.0,0.0,0.0,0.0,0.0,0.0,0.0,8.0,2.0,1.0
405,3.3719126999999998,0,8.2547,1.8643,1.0727,1.3216,0.0755,0.002,0.0018,0.0003,0.007,0.0131,0.0014,0.0008,0.0076,0.0003,0.0015,0.0022,0.0001,0.0001,0.0086,0.0021,0.0005,0.0,0.0006,0.0431,0.0081,0.0001,0.0006,0.0,65.0,0.0,2.0,63.0,0.0,0.0,0.0,0.0,0.0,0.0,0.0,0.0,0.0,0.0,0.0,0.0,0.0,0.0,0.0,0.0,0.0,0.0,0.0,8.0,2.0,1.0
406,3.3801674,0,8.4422,1.7296,1.1266,1.1769,0.0936,0.0047,0.0018,0.0003,0.0139,0.0235,0.002,0.0009,0.0105,0.0002,0.0023,0.0018,0.0001,0.0005,0.0092,0.0012,0.001,0.0002,0.0007,0.0581,0.0084,0.0,0.0007,0.0,65.0,0.0,2.0,63.0,0.0,0.0,0.0,0.0,0.0,0.0,0.0,0.0,0.0,0.0,0.0,0.0,0.0,0.0,0.0,0.0,0.0,0.0,0.0,8.0,2.0,1.0
407,3.3886096,0,8.1648,1.7145,1.0604,1.2897,0.0739,0.0031,0.0014,0.0002,0.0057,0.0129,0.0014,0.0007,0.0073,0.0001,0.0014,0.0024,0.0001,0.0001,0.0092,0.0012,0.0005,0.0001,0.0005,0.042,0.0074,0.0,0.0008,0.0,65.0,0.0,2.0,63.0,0.0,0.0,0.0,0.0,0.0,0.0,0.0,0.0,0.0,0.0,0.0,0.0,0.0,0.0,0.0,0.0,0.0,0.0,0.0,8.0,2.0,1.0
408,3.3967744,0,8.3913,1.8025,1.0162,1.2111,0.0914,0.0044,0.0021,0.0002,0.0135,0.0227,0.002,0.0009,0.0081,0.0001,0.002,0.0018,0.0001,0.0002,0.0094,0.0018,0.0005,0.0,0.0007,0.0553,0.0091,0.0,0.0008,0.0,65.0,0.0,2.0,63.0,0.0,0.0,0.0,0.0,0.0,0.0,0.0,0.0,0.0,0.0,0.0,0.0,0.0,0.0,0.0,0.0,0.0,0.0,0.0,8.0,2.0,1.0
409,3.4051657,0,8.3409,1.7473,1.021,1.6193,0.0771,0.0028,0.0014,0.0003,0.0048,0.0153,0.0018,0.001,0.0079,0.0001,0.0016,0.0021,0.0,0.0001,0.0086,0.0011,0.0005,0.0001,0.0005,0.045,0.0075,0.0001,0.0009,0.0,65.0,0.0,2.0,63.0,0.0,0.0,0.0,0.0,0.0,0.0,0.0,0.0,0.0,0.0,0.0,0.0,0.0,0.0,0.0,0.0,0.0,0.0,0.0,8.0,2.0,1.0
410,3.4135066,0,8.3537,1.7154,1.0618,1.1547,0.0814,0.0028,0.0016,0.0003,0.0106,0.0179,0.0016,0.0007,0.0074,0.0002,0.0016,0.0017,0.0002,0.0002,0.0092,0.0015,0.0005,0.0001,0.0006,0.0481,0.0081,0.0001,0.0006,0.0,65.0,0.0,2.0,63.0,0.0,0.0,0.0,0.0,0.0,0.0,0.0,0.0,0.0,0.0,0.0,0.0,0.0,0.0,0.0,0.0,0.0,0.0,0.0,8.0,2.0,1.0
411,3.4218602999999996,0,8.3854,1.7314,1.0583,1.3052,0.087,0.0031,0.002,0.0004,0.0063,0.0183,0.0023,0.0011,0.0091,0.0003,0.0018,0.002,0.0003,0.0002,0.0094,0.0017,0.0005,0.0001,0.0006,0.0515,0.0097,0.0,0.0007,0.0,65.0,0.0,2.0,63.0,0.0,0.0,0.0,0.0,0.0,0.0,0.0,0.0,0.0,0.0,0.0,0.0,0.0,0.0,0.0,0.0,0.0,0.0,0.0,8.0,2.0,1.0
412,3.4302456999999995,0,8.411,1.752,1.2073,1.2972,0.0959,0.0038,0.0021,0.0003,0.0144,0.0235,0.0017,0.001,0.0079,0.0001,0.0021,0.0017,0.0001,0.0007,0.0094,0.0019,0.0006,0.0001,0.0007,0.0574,0.0102,0.0,0.0008,0.0,65.0,0.0,2.0,63.0,0.0,0.0,0.0,0.0,0.0,0.0,0.0,0.0,0.0,0.0,0.0,0.0,0.0,0.0,0.0,0.0,0.0,0.0,0.0,8.0,2.0,1.0
413,3.4386566999999997,0,8.3411,1.8969,1.1991,1.3082,0.0843,0.0031,0.0016,0.0003,0.0064,0.014,0.0015,0.0011,0.008,0.0002,0.0016,0.0024,0.0001,0.0001,0.0093,0.0013,0.0005,0.0002,0.0007,0.0462,0.011,0.0,0.0008,0.0,65.0,0.0,2.0,63.0,0.0,0.0,0.0,0.0,0.0,0.0,0.0,0.0,0.0,0.0,0.0,0.0,0.0,0.0,0.0,0.0,0.0,0.0,0.0,8.0,2.0,1.0
414,3.4469977999999997,0,8.2501,1.8257,1.1778,1.318,0.0982,0.0047,0.002,0.0004,0.0129,0.0234,0.0019,0.0017,0.0098,0.0002,0.002,0.0018,0.0001,0.0001,0.0099,0.0013,0.0008,0.0,0.0007,0.0579,0.0104,0.0001,0.0006,0.0,65.0,0.0,2.0,63.0,0.0,0.0,0.0,0.0,0.0,0.0,0.0,0.0,0.0,0.0,0.0,0.0,0.0,0.0,0.0,0.0,0.0,0.0,0.0,8.0,2.0,1.0
415,3.4552479,0,8.172,1.7058,1.0257,1.2592,0.072,0.0027,0.002,0.0003,0.0059,0.0135,0.0015,0.0006,0.0067,0.0001,0.0014,0.0017,0.0001,0.0001,0.0089,0.0017,0.0004,0.0001,0.0006,0.0414,0.0076,0.0,0.0009,0.0,65.0,0.0,2.0,63.0,0.0,0.0,0.0,0.0,0.0,0.0,0.0,0.0,0.0,0.0,0.0,0.0,0.0,0.0,0.0,0.0,0.0,0.0,0.0,8.0,2.0,1.0
416,3.4634199,0,8.2871,1.6011,0.9207,1.1743,0.0784,0.0038,0.0016,0.0002,0.0122,0.0201,0.0019,0.0007,0.0074,0.0002,0.0016,0.0015,0.0001,0.0001,0.0093,0.0012,0.0005,0.0,0.0005,0.0481,0.0073,0.0,0.0005,0.0,65.0,0.0,2.0,63.0,0.0,0.0,0.0,0.0,0.0,0.0,0.0,0.0,0.0,0.0,0.0,0.0,0.0,0.0,0.0,0.0,0.0,0.0,0.0,8.0,2.0,1.0
417,3.471707,0,8.4103,1.6643,0.9017,1.1265,0.0718,0.0032,0.0015,0.0002,0.0055,0.0128,0.0017,0.0008,0.007,0.0001,0.0013,0.0018,0.0001,0.0002,0.0082,0.0011,0.0006,0.0,0.0004,0.0399,0.0091,0.0,0.0008,0.0,65.0,0.0,2.0,63.0,0.0,0.0,0.0,0.0,0.0,0.0,0.0,0.0,0.0,0.0,0.0,0.0,0.0,0.0,0.0,0.0,0.0,0.0,0.0,8.0,2.0,1.0
418,3.4801173,0,8.2869,1.6719,0.9866,1.2915,0.0776,0.0029,0.0017,0.0002,0.0111,0.0186,0.0016,0.0007,0.007,0.0002,0.0014,0.0016,0.0001,0.0001,0.008,0.0012,0.001,0.0001,0.0005,0.0456,0.0082,0.0001,0.0007,0.0,65.0,0.0,2.0,63.0,0.0,0.0,0.0,0.0,0.0,0.0,0.0,0.0,0.0,0.0,0.0,0.0,0.0,0.0,0.0,0.0,0.0,0.0,0.0,8.0,2.0,1.0
419,3.4884041999999997,0,8.2418,1.6739,0.8657,1.0586,0.0607,0.0025,0.0011,0.0008,0.0054,0.0119,0.002,0.0007,0.0065,0.0002,0.0012,0.0019,0.0001,0.0001,0.0077,0.001,0.0011,0.0,0.0005,0.0373,0.004,0.0,0.0005,0.0,65.0,0.0,2.0,63.0,0.0,0.0,0.0,0.0,0.0,0.0,0.0,0.0,0.0,0.0,0.0,0.0,0.0,0.0,0.0,0.0,0.0,0.0,0.0,8.0,2.0,1.0
420,3.4966459999999997,0,8.381,1.4728,0.8814,1.0872,0.081,0.0046,0.002,0.0002,0.0125,0.0218,0.0016,0.0009,0.0077,0.0001,0.0017,0.0015,0.0,0.0001,0.008,0.0011,0.0005,0.0001,0.0005,0.0498,0.0083,0.0,0.0005,0.0,65.0,0.0,2.0,63.0,0.0,0.0,0.0,0.0,0.0,0.0,0.0,0.0,0.0,0.0,0.0,0.0,0.0,0.0,0.0,0.0,0.0,0.0,0.0,8.0,2.0,1.0
421,3.5050269999999997,0,8.4868,1.5937,0.9684,1.0581,0.0795,0.0033,0.0018,0.0004,0.0058,0.0143,0.0018,0.0009,0.0083,0.0002,0.0018,0.0024,0.0002,0.0001,0.0082,0.0016,0.0005,0.0001,0.0006,0.0453,0.0084,0.0001,0.001,0.0,65.0,0.0,2.0,63.0,0.0,0.0,0.0,0.0,0.0,0.0,0.0,0.0,0.0,0.0,0.0,0.0,0.0,0.0,0.0,0.0,0.0,0.0,0.0,8.0,2.0,1.0
422,3.5135137999999997,0,8.2137,1.7496,0.9792,1.1654,0.0743,0.0025,0.0016,0.0002,0.0106,0.0172,0.0016,0.0007,0.0088,0.0002,0.0013,0.0021,0.0,0.0001,0.0076,0.001,0.001,0.0001,0.0005,0.0464,0.007,0.0,0.0006,0.0,65.0,0.0,2.0,63.0,0.0,0.0,0.0,0.0,0.0,0.0,0.0,0.0,0.0,0.0,0.0,0.0,0.0,0.0,0.0,0.0,0.0,0.0,0.0,8.0,2.0,1.0
423,3.5217275,0,8.5151,1.4841,1.0164,1.1522,0.0895,0.0048,0.0021,0.0006,0.0075,0.0194,0.0022,0.0009,0.0087,0.0001,0.002,0.0018,0.0002,0.0002,0.0092,0.0014,0.0005,0.0,0.0007,0.0517,0.011,0.0001,0.0011,0.0,65.0,0.0,2.0,63.0,0.0,0.0,0.0,0.0,0.0,0.0,0.0,0.0,0.0,0.0,0.0,0.0,0.0,0.0,0.0,0.0,0.0,0.0,0.0,8.0,2.0,1.0
424,3.5302426,0,8.1751,1.7301,1.0324,1.1287,0.0796,0.0012,0.0037,0.0003,0.0111,0.0195,0.0017,0.0007,0.007,0.0001,0.0015,0.0023,0.0,0.0001,0.0086,0.0014,0.0005,0.0,0.0005,0.048,0.009,0.0,0.0007,0.0,65.0,0.0,2.0,63.0,0.0,0.0,0.0,0.0,0.0,0.0,0.0,0.0,0.0,0.0,0.0,0.0,0.0,0.0,0.0,0.0,0.0,0.0,0.0,8.0,2.0,1.0
425,3.5384176999999997,0,8.285,1.6005,0.8976,1.0797,0.0661,0.0017,0.0013,0.0002,0.0063,0.0117,0.0019,0.0006,0.0071,0.0001,0.0016,0.0016,0.0,0.0001,0.0072,0.001,0.0005,0.0,0.0004,0.0363,0.008,0.0,0.0005,0.0,65.0,0.0,2.0,63.0,0.0,0.0,0.0,0.0,0.0,0.0,0.0,0.0,0.0,0.0,0.0,0.0,0.0,0.0,0.0,0.0,0.0,0.0,0.0,8.0,2.0,1.0
426,3.5467026999999995,0,8.339,1.5438,0.9132,1.1184,0.0722,0.0017,0.0015,0.0002,0.0127,0.0182,0.0014,0.001,0.0065,0.0001,0.0013,0.0012,0.0004,0.0001,0.0074,0.0012,0.0005,0.0,0.0005,0.0436,0.0091,0.0,0.0005,0.0,65.0,0.0,2.0,63.0,0.0,0.0,0.0,0.0,0.0,0.0,0.0,0.0,0.0,0.0,0.0,0.0,0.0,0.0,0.0,0.0,0.0,0.0,0.0,8.0,2.0,1.0
427,3.5550416999999994,0,8.3967,1.6062,0.959,1.115,0.0751,0.0037,0.0021,0.0003,0.0061,0.0142,0.0017,0.0006,0.0076,0.0001,0.0014,0.002,0.0001,0.0001,0.0082,0.0013,0.0005,0.0,0.0005,0.0419,0.009,0.0001,0.0006,0.0,65.0,0.0,2.0,63.0,0.0,0.0,0.0,0.0,0.0,0.0,0.0,0.0,0.0,0.0,0.0,0.0,0.0,0.0,0.0,0.0,0.0,0.0,0.0,8.0,2.0,1.0
428,3.5634383999999995,0,8.289,1.6618,0.9309,1.1263,0.0703,0.0011,0.0034,0.0003,0.0104,0.0172,0.0017,0.0007,0.0061,0.0002,0.0014,0.0015,0.0001,0.0001,0.0078,0.0011,0.0004,0.0,0.0003,0.0416,0.0078,0.0001,0.0007,0.0,65.0,0.0,2.0,63.0,0.0,0.0,0.0,0.0,0.0,0.0,0.0,0.0,0.0,0.0,0.0,0.0,0.0,0.0,0.0,0.0,0.0,0.0,0.0,8.0,2.0,1.0
429,3.5717273999999994,0,8.3393,1.5675,0.9248,1.1228,0.0696,0.0015,0.0021,0.0004,0.0041,0.0102,0.0017,0.0009,0.0068,0.0002,0.0014,0.002,0.0001,0.0001,0.0085,0.0018,0.0004,0.0001,0.0004,0.0379,0.0096,0.0,0.0008,0.0,65.0,0.0,2.0,63.0,0.0,0.0,0.0,0.0,0.0,0.0,0.0,0.0,0.0,0.0,0.0,0.0,0.0,0.0,0.0,0.0,0.0,0.0,0.0,8.0,2.0,1.0
430,3.5800666999999993,0,8.2713,1.6771,0.9238,1.08,0.0749,0.0011,0.0051,0.0003,0.0106,0.0196,0.0014,0.0005,0.0087,0.0002,0.0013,0.0016,0.0001,0.0001,0.0077,0.001,0.0005,0.0,0.0003,0.0468,0.0082,0.0,0.0006,0.0,65.0,0.0,2.0,63.0,0.0,0.0,0.0,0.0,0.0,0.0,0.0,0.0,0.0,0.0,0.0,0.0,0.0,0.0,0.0,0.0,0.0,0.0,0.0,8.0,2.0,1.0
431,3.5883379999999994,0,8.4097,1.5379,0.8853,1.2696,0.0652,0.0011,0.0014,0.0003,0.006,0.0107,0.0016,0.0006,0.0064,0.0005,0.0013,0.0013,0.0,0.0005,0.0083,0.0011,0.0004,0.0001,0.0006,0.0367,0.0077,0.0001,0.0008,0.0,65.0,0.0,2.0,63.0,0.0,0.0,0.0,0.0,0.0,0.0,0.0,0.0,0.0,0.0,0.0,0.0,0.0,0.0,0.0,0.0,0.0,0.0,0.0,8.0,2.0,1.0
432,3.5967476999999994,0,8.3119,1.5409,0.9352,1.1001,0.0652,0.0011,0.0018,0.0002,0.0083,0.0139,0.0018,0.0007,0.0066,0.0002,0.0012,0.0018,0.0,0.0,0.0074,0.0011,0.0004,0.0001,0.0005,0.0384,0.0077,0.0,0.0009,0.0,65.0,0.0,2.0,63.0,0.0,0.0,0.0,0.0,0.0,0.0,0.0,0.0,0.0,0.0,0.0,0.0,0.0,0.0,0.0,0.0,0.0,0.0,0.0,8.0,2.0,1.0
433,3.6050595999999993,0,8.3426,1.6523,0.9417,1.2467,0.0727,0.0038,0.0017,0.0003,0.0062,0.0147,0.0014,0.0012,0.0073,0.0001,0.0014,0.0021,0.0001,0.0001,0.0084,0.0011,0.0007,0.0002,0.0005,0.0434,0.0076,0.0,0.0007,0.0,65.0,0.0,2.0,63.0,0.0,0.0,0.0,0.0,0.0,0.0,0.0,0.0,0.0,0.0,0.0,0.0,0.0,0.0,0.0,0.0,0.0,0.0,0.0,8.0,2.0,1.0
434,3.6134021999999995,0,8.6196,1.6795,1.1827,1.111,0.0916,0.0033,0.0041,0.0002,0.0126,0.0232,0.0017,0.0007,0.0078,0.0003,0.0021,0.0018,0.0001,0.0001,0.0093,0.0012,0.0006,0.0002,0.0007,0.0549,0.0081,0.0001,0.0007,0.0,65.0,0.0,2.0,63.0,0.0,0.0,0.0,0.0,0.0,0.0,0.0,0.0,0.0,0.0,0.0,0.0,0.0,0.0,0.0,0.0,0.0,0.0,0.0,8.0,2.0,1.0
435,3.6220217999999993,0,8.0015,1.5992,0.9555,1.2737,0.0673,0.0032,0.0013,0.0003,0.0038,0.0112,0.0015,0.0007,0.0072,0.0004,0.0013,0.0016,0.0003,0.0001,0.0082,0.0012,0.0004,0.0,0.0005,0.0385,0.0079,0.0,0.0006,0.0,65.0,0.0,2.0,63.0,0.0,0.0,0.0,0.0,0.0,0.0,0.0,0.0,0.0,0.0,0.0,0.0,0.0,0.0,0.0,0.0,0.0,0.0,0.0,8.0,2.0,1.0
436,3.6300232999999995,0,8.3741,1.5926,0.9264,1.158,0.077,0.0013,0.0048,0.0006,0.0086,0.0179,0.0018,0.0006,0.0076,0.0002,0.0018,0.0015,0.0,0.0001,0.0079,0.0012,0.0005,0.0001,0.0006,0.0459,0.009,0.0001,0.0007,0.0,65.0,0.0,2.0,63.0,0.0,0.0,0.0,0.0,0.0,0.0,0.0,0.0,0.0,0.0,0.0,0.0,0.0,0.0,0.0,0.0,0.0,0.0,0.0,8.0,2.0,1.0
437,3.6383973999999997,0,8.3243,1.5599,0.9185,1.1198,0.0692,0.0011,0.0034,0.0003,0.0049,0.012,0.0017,0.0009,0.0074,0.0001,0.0019,0.0016,0.0002,0.0001,0.0079,0.0015,0.0004,0.0001,0.0004,0.0394,0.0083,0.0001,0.0007,0.0,65.0,0.0,2.0,63.0,0.0,0.0,0.0,0.0,0.0,0.0,0.0,0.0,0.0,0.0,0.0,0.0,0.0,0.0,0.0,0.0,0.0,0.0,0.0,8.0,2.0,1.0
438,3.6467216999999996,0,8.4304,1.5402,0.9375,1.138,0.0773,0.0028,0.0015,0.0002,0.0109,0.018,0.0016,0.001,0.0074,0.0001,0.0014,0.002,0.0,0.0002,0.0085,0.0018,0.0004,0.0001,0.0004,0.0461,0.0088,0.0,0.0007,0.0,65.0,0.0,2.0,63.0,0.0,0.0,0.0,0.0,0.0,0.0,0.0,0.0,0.0,0.0,0.0,0.0,0.0,0.0,0.0,0.0,0.0,0.0,0.0,8.0,2.0,1.0
439,3.6551520999999996,0,8.2453,1.4962,1.007,1.134,0.0713,0.0016,0.0019,0.0007,0.0059,0.0123,0.0018,0.0008,0.0081,0.0001,0.0014,0.0018,0.0001,0.0001,0.0082,0.0013,0.0005,0.0001,0.0005,0.0406,0.0076,0.0001,0.0009,0.0,65.0,0.0,2.0,63.0,0.0,0.0,0.0,0.0,0.0,0.0,0.0,0.0,0.0,0.0,0.0,0.0,0.0,0.0,0.0,0.0,0.0,0.0,0.0,8.0,2.0,1.0
440,3.6633973999999996,0,8.2632,1.5822,0.8848,1.1019,0.0651,0.0027,0.0014,0.0003,0.0082,0.0146,0.0014,0.0006,0.006,0.0001,0.0018,0.0015,0.0001,0.0001,0.0075,0.0016,0.0004,0.0,0.0004,0.0396,0.007,0.0,0.0008,0.0,65.0,0.0,2.0,63.0,0.0,0.0,0.0,0.0,0.0,0.0,0.0,0.0,0.0,0.0,0.0,0.0,0.0,0.0,0.0,0.0,0.0,0.0,0.0,8.0,2.0,1.0
441,3.6716605999999996,0,8.5379,1.4654,0.9289,1.0968,0.0687,0.0017,0.0016,0.0006,0.0077,0.0137,0.0015,0.0009,0.0066,0.0002,0.0011,0.0014,0.0006,0.0001,0.0081,0.0012,0.0004,0.0,0.0003,0.04,0.0075,0.0,0.0009,0.0,65.0,0.0,2.0,63.0,0.0,0.0,0.0,0.0,0.0,0.0,0.0,0.0,0.0,0.0,0.0,0.0,0.0,0.0,0.0,0.0,0.0,0.0,0.0,8.0,2.0,1.0
442,3.6801984999999995,0,8.1515,1.6228,1.0009,1.1279,0.0686,0.0026,0.0013,0.0002,0.0089,0.0153,0.0017,0.0006,0.007,0.0002,0.0018,0.0016,0.0001,0.0001,0.0074,0.0017,0.0004,0.0,0.0005,0.041,0.0073,0.0,0.001,0.0,65.0,0.0,2.0,63.0,0.0,0.0,0.0,0.0,0.0,0.0,0.0,0.0,0.0,0.0,0.0,0.0,0.0,0.0,0.0,0.0,0.0,0.0,0.0,8.0,2.0,1.0
443,3.6883499999999994,0,8.3562,1.5608,0.861,1.0657,0.0701,0.0035,0.0012,0.0003,0.0057,0.0135,0.0012,0.0006,0.007,0.0001,0.0016,0.0014,0.0,0.0001,0.008,0.0012,0.0005,0.0001,0.0005,0.0406,0.0081,0.0,0.0005,0.0,65.0,0.0,2.0,63.0,0.0,0.0,0.0,0.0,0.0,0.0,0.0,0.0,0.0,0.0,0.0,0.0,0.0,0.0,0.0,0.0,0.0,0.0,0.0,8.0,2.0,1.0
444,3.6967061999999995,0,8.3777,1.484,0.9248,1.11,0.0793,0.0033,0.0015,0.0003,0.0104,0.0179,0.0016,0.001,0.0077,0.0002,0.0014,0.0022,0.0,0.0001,0.0084,0.0019,0.0005,0.0,0.0004,0.0472,0.0082,0.0,0.0006,0.0,65.0,0.0,2.0,63.0,0.0,0.0,0.0,0.0,0.0,0.0,0.0,0.0,0.0,0.0,0.0,0.0,0.0,0.0,0.0,0.0,0.0,0.0,0.0,8.0,2.0,1.0
445,3.7050838999999995,0,8.3851,1.6507,0.9581,1.2335,0.0722,0.0013,0.0044,0.0003,0.0048,0.0133,0.0014,0.0007,0.0065,0.0001,0.0016,0.002,0.0001,0.0001,0.008,0.0012,0.0008,0.0001,0.0005,0.04,0.0086,0.0,0.0007,0.0,65.0,0.0,2.0,63.0,0.0,0.0,0.0,0.0,0.0,0.0,0.0,0.0,0.0,0.0,0.0,0.0,0.0,0.0,0.0,0.0,0.0,0.0,0.0,8.0,2.0,1.0
446,3.7134689999999995,0,8.2272,1.591,0.9616,1.2005,0.0704,0.0025,0.0013,0.0002,0.0099,0.0159,0.0016,0.0007,0.0065,0.0002,0.0014,0.0014,0.0,0.0001,0.0084,0.0012,0.0005,0.0001,0.0005,0.0418,0.0074,0.0,0.0008,0.0,65.0,0.0,2.0,63.0,0.0,0.0,0.0,0.0,0.0,0.0,0.0,0.0,0.0,0.0,0.0,0.0,0.0,0.0,0.0,0.0,0.0,0.0,0.0,8.0,2.0,1.0
447,3.7216961999999993,0,8.368,1.5991,0.8888,1.18,0.073,0.0038,0.0014,0.0002,0.0094,0.0171,0.0021,0.0007,0.0069,0.0002,0.0018,0.0017,0.0,0.0001,0.0081,0.001,0.0005,0.0001,0.0005,0.0443,0.008,0.0,0.0004,0.0,65.0,0.0,2.0,63.0,0.0,0.0,0.0,0.0,0.0,0.0,0.0,0.0,0.0,0.0,0.0,0.0,0.0,0.0,0.0,0.0,0.0,0.0,0.0,8.0,2.0,1.0
448,3.7300641999999993,0,8.4099,1.6613,0.9708,1.1666,0.0804,0.0027,0.0016,0.0006,0.0116,0.0187,0.0017,0.0007,0.0075,0.0002,0.0013,0.0019,0.0,0.0001,0.0088,0.0013,0.0005,0.0,0.0006,0.0481,0.0082,0.0001,0.0008,0.0,65.0,0.0,2.0,63.0,0.0,0.0,0.0,0.0,0.0,0.0,0.0,0.0,0.0,0.0,0.0,0.0,0.0,0.0,0.0,0.0,0.0,0.0,0.0,8.0,2.0,1.0
449,3.7384740999999995,0,8.3173,1.6347,0.9905,1.2076,0.073,0.0044,0.0016,0.0004,0.0061,0.0151,0.0015,0.0009,0.0072,0.0006,0.0016,0.0022,0.0001,0.0001,0.0085,0.0011,0.0011,0.0001,0.0005,0.0443,0.0048,0.0001,0.0042,0.0,65.0,0.0,2.0,63.0,0.0,0.0,0.0,0.0,0.0,0.0,0.0,0.0,0.0,0.0,0.0,0.0,0.0,0.0,0.0,0.0,0.0,0.0,0.0,8.0,2.0,1.0
450,3.7467913999999993,0,8.273,1.6526,0.959,1.1621,0.0696,0.0024,0.0014,0.0002,0.0101,0.0165,0.0015,0.0005,0.0069,0.0001,0.0017,0.0013,0.0001,0.0001,0.0076,0.0015,0.0005,0.0,0.0004,0.0423,0.0067,0.0001,0.0008,0.0,65.0,0.0,2.0,63.0,0.0,0.0,0.0,0.0,0.0,0.0,0.0,0.0,0.0,0.0,0.0,0.0,0.0,0.0,0.0,0.0,0.0,0.0,0.0,8.0,2.0,1.0
451,3.7550643999999993,0,8.334,1.6765,0.9331,1.1153,0.0747,0.0027,0.0017,0.0002,0.006,0.0134,0.0016,0.0007,0.0071,0.0001,0.0017,0.0021,0.0,0.0002,0.0089,0.0011,0.0004,0.0001,0.0005,0.0424,0.008,0.0001,0.0009,0.0,65.0,0.0,2.0,63.0,0.0,0.0,0.0,0.0,0.0,0.0,0.0,0.0,0.0,0.0,0.0,0.0,0.0,0.0,0.0,0.0,0.0,0.0,0.0,8.0,2.0,1.0
452,3.7633983999999994,0,8.2882,1.641,0.8896,1.1442,0.0805,0.0033,0.0015,0.0002,0.0157,0.0231,0.0016,0.0006,0.009,0.0001,0.0019,0.0014,0.0001,0.0002,0.0085,0.0012,0.0004,0.0,0.0005,0.0525,0.0073,0.0001,0.0005,0.0,65.0,0.0,2.0,63.0,0.0,0.0,0.0,0.0,0.0,0.0,0.0,0.0,0.0,0.0,0.0,0.0,0.0,0.0,0.0,0.0,0.0,0.0,0.0,8.0,2.0,1.0
453,3.7716865999999993,0,8.3882,1.6497,0.912,1.1573,0.0724,0.0035,0.0015,0.0003,0.0064,0.0143,0.0014,0.0007,0.0076,0.0001,0.0015,0.0015,0.0,0.0001,0.0078,0.0013,0.0005,0.0001,0.0006,0.0416,0.0079,0.0,0.0007,0.0,65.0,0.0,2.0,63.0,0.0,0.0,0.0,0.0,0.0,0.0,0.0,0.0,0.0,0.0,0.0,0.0,0.0,0.0,0.0,0.0,0.0,0.0,0.0,8.0,2.0,1.0
454,3.7800747999999995,0,8.3427,1.7038,0.9305,1.113,0.0735,0.0028,0.0016,0.0003,0.0099,0.0166,0.0016,0.0008,0.0067,0.0001,0.0014,0.0014,0.0,0.0001,0.0083,0.0016,0.0005,0.0,0.0004,0.0435,0.0079,0.0,0.0008,0.0,65.0,0.0,2.0,63.0,0.0,0.0,0.0,0.0,0.0,0.0,0.0,0.0,0.0,0.0,0.0,0.0,0.0,0.0,0.0,0.0,0.0,0.0,0.0,8.0,2.0,1.0
455,3.7884174999999995,0,8.3404,1.5948,0.9179,1.1267,0.0682,0.0012,0.0047,0.0004,0.0039,0.0129,0.0015,0.001,0.0068,0.0002,0.0012,0.0019,0.0,0.0002,0.0073,0.0011,0.0004,0.0,0.001,0.0385,0.0081,0.0001,0.0008,0.0,65.0,0.0,2.0,63.0,0.0,0.0,0.0,0.0,0.0,0.0,0.0,0.0,0.0,0.0,0.0,0.0,0.0,0.0,0.0,0.0,0.0,0.0,0.0,8.0,2.0,1.0
456,3.7967578999999994,0,8.2575,1.5482,0.9439,1.1994,0.072,0.0012,0.0015,0.0006,0.0112,0.0169,0.0014,0.0009,0.0068,0.0001,0.0014,0.0019,0.0001,0.0001,0.0084,0.0012,0.0008,0.0001,0.0005,0.0437,0.0075,0.0,0.0006,0.0,65.0,0.0,2.0,63.0,0.0,0.0,0.0,0.0,0.0,0.0,0.0,0.0,0.0,0.0,0.0,0.0,0.0,0.0,0.0,0.0,0.0,0.0,0.0,8.0,2.0,1.0
457,3.8050153999999994,0,8.4685,1.7356,0.9479,1.1465,0.0729,0.0012,0.005,0.0003,0.0045,0.0137,0.0019,0.0007,0.0072,0.0002,0.0014,0.0015,0.0,0.0001,0.0083,0.0015,0.0004,0.0001,0.0006,0.0412,0.0082,0.0,0.0007,0.0,65.0,0.0,2.0,63.0,0.0,0.0,0.0,0.0,0.0,0.0,0.0,0.0,0.0,0.0,0.0,0.0,0.0,0.0,0.0,0.0,0.0,0.0,0.0,8.0,2.0,1.0
458,3.8134838999999996,0,8.1979,1.6658,0.9322,1.061,0.0681,0.0023,0.0014,0.0001,0.01,0.0157,0.0015,0.0006,0.0061,0.0001,0.0012,0.0013,0.0,0.0001,0.0067,0.0011,0.0005,0.0001,0.0004,0.0411,0.0076,0.0,0.0007,0.0,65.0,0.0,2.0,63.0,0.0,0.0,0.0,0.0,0.0,0.0,0.0,0.0,0.0,0.0,0.0,0.0,0.0,0.0,0.0,0.0,0.0,0.0,0.0,8.0,2.0,1.0
459,3.8216817999999995,0,8.3857,1.5224,0.8595,1.1059,0.0625,0.0014,0.0048,0.0003,0.0039,0.0122,0.0018,0.0006,0.007,0.0001,0.0012,0.0016,0.0,0.0001,0.007,0.0012,0.0004,0.0001,0.0005,0.0375,0.0047,0.0,0.0006,0.0,65.0,0.0,2.0,63.0,0.0,0.0,0.0,0.0,0.0,0.0,0.0,0.0,0.0,0.0,0.0,0.0,0.0,0.0,0.0,0.0,0.0,0.0,0.0,8.0,2.0,1.0
460,3.8300674999999993,0,8.2866,1.6224,0.9302,1.0842,0.0728,0.003,0.0019,0.0006,0.0113,0.0188,0.0015,0.0011,0.0065,0.0001,0.0012,0.002,0.0001,0.0001,0.0073,0.0011,0.0004,0.0001,0.0005,0.0452,0.0076,0.0,0.0007,0.0,65.0,0.0,2.0,63.0,0.0,0.0,0.0,0.0,0.0,0.0,0.0,0.0,0.0,0.0,0.0,0.0,0.0,0.0,0.0,0.0,0.0,0.0,0.0,8.0,2.0,1.0
461,3.838354099999999,0,8.3618,1.4987,0.8788,1.1297,0.0656,0.0026,0.0012,0.0003,0.0053,0.0113,0.0016,0.0008,0.007,0.0002,0.0013,0.0016,0.0002,0.0004,0.0077,0.0011,0.0005,0.0001,0.0005,0.0377,0.0048,0.0001,0.0008,0.0,65.0,0.0,2.0,63.0,0.0,0.0,0.0,0.0,0.0,0.0,0.0,0.0,0.0,0.0,0.0,0.0,0.0,0.0,0.0,0.0,0.0,0.0,0.0,8.0,2.0,1.0
462,3.846715899999999,0,8.3763,1.6889,0.9424,1.1753,0.0798,0.0034,0.0016,0.0002,0.0119,0.0198,0.0015,0.0008,0.0079,0.0002,0.0016,0.0018,0.0001,0.0001,0.0083,0.0012,0.001,0.0001,0.0005,0.0482,0.0073,0.0001,0.0004,0.0,65.0,0.0,2.0,63.0,0.0,0.0,0.0,0.0,0.0,0.0,0.0,0.0,0.0,0.0,0.0,0.0,0.0,0.0,0.0,0.0,0.0,0.0,0.0,8.0,2.0,1.0
463,3.855092199999999,0,8.257,1.6616,0.8972,1.2541,0.0662,0.0011,0.0052,0.0002,0.0041,0.0129,0.0019,0.0006,0.0064,0.0001,0.0014,0.0017,0.0,0.0001,0.0082,0.0012,0.001,0.0001,0.0004,0.0391,0.0072,0.0,0.0006,0.0,65.0,0.0,2.0,63.0,0.0,0.0,0.0,0.0,0.0,0.0,0.0,0.0,0.0,0.0,0.0,0.0,0.0,0.0,0.0,0.0,0.0,0.0,0.0,8.0,2.0,1.0
464,3.863349199999999,0,8.3325,1.6283,0.8826,1.0753,0.0729,0.0035,0.0015,0.0003,0.0109,0.0182,0.0013,0.0007,0.006,0.0001,0.002,0.0014,0.0001,0.0005,0.0083,0.0011,0.0004,0.0,0.0005,0.0439,0.0077,0.0,0.0008,0.0,65.0,0.0,2.0,63.0,0.0,0.0,0.0,0.0,0.0,0.0,0.0,0.0,0.0,0.0,0.0,0.0,0.0,0.0,0.0,0.0,0.0,0.0,0.0,8.0,2.0,1.0
465,3.871681699999999,0,8.435,1.557,0.8988,1.1641,0.0747,0.0031,0.0018,0.0003,0.0057,0.0137,0.0023,0.0008,0.0077,0.0002,0.0016,0.0016,0.0001,0.0001,0.0094,0.0014,0.0005,0.0001,0.0005,0.0427,0.0081,0.0001,0.0007,0.0,65.0,0.0,2.0,63.0,0.0,0.0,0.0,0.0,0.0,0.0,0.0,0.0,0.0,0.0,0.0,0.0,0.0,0.0,0.0,0.0,0.0,0.0,0.0,8.0,2.0,1.0
466,3.880116699999999,0,8.3148,1.6988,1.0088,1.1864,0.0745,0.0027,0.0015,0.0004,0.0105,0.0175,0.0013,0.0007,0.0067,0.0001,0.0015,0.0015,0.0001,0.0001,0.007,0.0012,0.0004,0.0001,0.0005,0.0439,0.0082,0.0001,0.0008,0.0,65.0,0.0,2.0,63.0,0.0,0.0,0.0,0.0,0.0,0.0,0.0,0.0,0.0,0.0,0.0,0.0,0.0,0.0,0.0,0.0,0.0,0.0,0.0,8.0,2.0,1.0
467,3.888431499999999,0,8.2957,1.7291,0.9086,1.1941,0.0685,0.0038,0.0014,0.0002,0.0054,0.0133,0.0015,0.001,0.0065,0.0002,0.0014,0.0018,0.0001,0.0002,0.0078,0.0012,0.0004,0.0001,0.0005,0.0396,0.0071,0.0,0.0007,0.0,65.0,0.0,2.0,63.0,0.0,0.0,0.0,0.0,0.0,0.0,0.0,0.0,0.0,0.0,0.0,0.0,0.0,0.0,0.0,0.0,0.0,0.0,0.0,8.0,2.0,1.0
468,3.896727199999999,0,8.4146,1.6125,0.9803,1.2667,0.0794,0.0028,0.0016,0.0003,0.0096,0.0171,0.0017,0.0014,0.0079,0.0001,0.0015,0.0022,0.0001,0.0001,0.0083,0.0018,0.0005,0.0001,0.0005,0.0469,0.009,0.0001,0.0009,0.0,65.0,0.0,2.0,63.0,0.0,0.0,0.0,0.0,0.0,0.0,0.0,0.0,0.0,0.0,0.0,0.0,0.0,0.0,0.0,0.0,0.0,0.0,0.0,8.0,2.0,1.0
469,3.905141799999999,0,8.2239,1.6073,0.9403,1.238,0.0702,0.0028,0.0019,0.0002,0.004,0.0114,0.0018,0.0007,0.007,0.0003,0.0017,0.0019,0.0001,0.0001,0.0081,0.0012,0.0004,0.0001,0.0005,0.0388,0.0087,0.0,0.0008,0.0,65.0,0.0,2.0,63.0,0.0,0.0,0.0,0.0,0.0,0.0,0.0,0.0,0.0,0.0,0.0,0.0,0.0,0.0,0.0,0.0,0.0,0.0,0.0,8.0,2.0,1.0
470,3.913365699999999,0,8.3452,1.4831,0.8907,1.0949,0.0793,0.0011,0.0047,0.0002,0.0148,0.0232,0.0014,0.0006,0.0083,0.0001,0.0014,0.0013,0.0,0.0001,0.0074,0.0011,0.0004,0.0,0.0005,0.05,0.0083,0.0001,0.0005,0.0,65.0,0.0,2.0,63.0,0.0,0.0,0.0,0.0,0.0,0.0,0.0,0.0,0.0,0.0,0.0,0.0,0.0,0.0,0.0,0.0,0.0,0.0,0.0,8.0,2.0,1.0
471,3.921710899999999,0,8.4607,1.496,0.9214,1.0828,0.0689,0.0012,0.0044,0.0002,0.0057,0.0136,0.0014,0.0007,0.0065,0.0006,0.0015,0.0012,0.0,0.0001,0.0079,0.0012,0.0004,0.0001,0.0004,0.0398,0.0081,0.0,0.0014,0.0,65.0,0.0,2.0,63.0,0.0,0.0,0.0,0.0,0.0,0.0,0.0,0.0,0.0,0.0,0.0,0.0,0.0,0.0,0.0,0.0,0.0,0.0,0.0,8.0,2.0,1.0
472,3.930171599999999,0,8.1449,1.5999,0.9771,1.073,0.0667,0.0025,0.0014,0.0002,0.0087,0.0145,0.0015,0.0006,0.0066,0.0002,0.0017,0.0014,0.0001,0.0007,0.0071,0.0011,0.0005,0.0001,0.0005,0.0403,0.0069,0.0,0.0007,0.0,65.0,0.0,2.0,63.0,0.0,0.0,0.0,0.0,0.0,0.0,0.0,0.0,0.0,0.0,0.0,0.0,0.0,0.0,0.0,0.0,0.0,0.0,0.0,8.0,2.0,1.0
473,3.938316499999999,0,8.3498,1.6048,0.8218,1.1304,0.0585,0.0013,0.0015,0.0003,0.0069,0.0119,0.0013,0.0006,0.0061,0.0003,0.0013,0.0013,0.0,0.0001,0.0063,0.0016,0.0004,0.0,0.0004,0.0347,0.0041,0.0,0.0005,0.0,65.0,0.0,2.0,63.0,0.0,0.0,0.0,0.0,0.0,0.0,0.0,0.0,0.0,0.0,0.0,0.0,0.0,0.0,0.0,0.0,0.0,0.0,0.0,8.0,2.0,1.0
474,3.946666299999999,0,8.4126,1.5087,0.8913,1.138,0.0707,0.0027,0.002,0.0003,0.0097,0.017,0.0015,0.0011,0.0076,0.0001,0.0014,0.0021,0.0001,0.0001,0.008,0.0011,0.0009,0.0001,0.0005,0.044,0.007,0.0,0.0009,0.0,65.0,0.0,2.0,63.0,0.0,0.0,0.0,0.0,0.0,0.0,0.0,0.0,0.0,0.0,0.0,0.0,0.0,0.0,0.0,0.0,0.0,0.0,0.0,8.0,2.0,1.0
475,3.9550788999999993,0,8.3895,1.595,0.965,1.1826,0.0732,0.0022,0.0018,0.0005,0.0046,0.0112,0.0019,0.0007,0.0079,0.0002,0.0021,0.0017,0.0001,0.0005,0.0084,0.0013,0.0005,0.0001,0.0005,0.041,0.0082,0.0,0.0007,0.0,65.0,0.0,2.0,63.0,0.0,0.0,0.0,0.0,0.0,0.0,0.0,0.0,0.0,0.0,0.0,0.0,0.0,0.0,0.0,0.0,0.0,0.0,0.0,8.0,2.0,1.0
476,3.963468399999999,0,8.2708,1.64,0.9584,1.1994,0.074,0.0034,0.0019,0.0003,0.0113,0.0191,0.0018,0.0007,0.007,0.0001,0.0018,0.0013,0.0001,0.0002,0.0073,0.0012,0.0006,0.0001,0.0006,0.0447,0.0071,0.0,0.0005,0.0,65.0,0.0,2.0,63.0,0.0,0.0,0.0,0.0,0.0,0.0,0.0,0.0,0.0,0.0,0.0,0.0,0.0,0.0,0.0,0.0,0.0,0.0,0.0,8.0,2.0,1.0
477,3.971739199999999,0,8.6803,1.6395,0.9673,1.15,0.0714,0.0012,0.0052,0.0002,0.0041,0.0131,0.0016,0.0009,0.0074,0.0004,0.0015,0.0021,0.0001,0.0001,0.0079,0.0012,0.0005,0.0001,0.0004,0.0406,0.0079,0.0001,0.0007,0.0,65.0,0.0,2.0,63.0,0.0,0.0,0.0,0.0,0.0,0.0,0.0,0.0,0.0,0.0,0.0,0.0,0.0,0.0,0.0,0.0,0.0,0.0,0.0,8.0,2.0,1.0
478,3.980419499999999,0,16.7123,1.6649,9.7389,1.091,0.3291,0.0042,0.0042,0.0002,0.03,0.0416,0.0023,0.0009,0.0116,0.0001,0.0018,0.0015,0.0001,0.0001,0.0095,0.0013,0.0005,0.0004,0.0006,0.0812,0.0134,0.0,0.0062,0.0,95.0,0.0,32.0,63.0,0.0,0.0,0.0,0.0,0.0,0.0,0.0,0.0,0.0,0.0,0.0,0.0,0.0,0.0,0.0,0.0,0.0,0.0,0.0,8.0,2.0,1.0
479,3.997131799999999,0,3.3564,3.925,1.394,1.091,0.1637,0.002,0.0076,0.0002,0.028,0.0411,0.0027,0.0011,0.0106,0.0003,0.0017,0.0022,0.0001,0.0001,0.011,0.0016,0.0005,0.0001,0.0021,0.088,0.0196,0.0,0.0023,0.0,95.0,0.0,32.0,63.0,19.0,0.0,0.0,0.0,0.0,0.0,0.0,0.0,0.0,0.0,0.0,0.0,0.0,0.0,0.0,0.0,0.0,0.0,0.0,8.0,2.0,1.0
480,4.0004881999999995,0,7.1586,2.3108,2.0375,1.826,0.171,0.0043,0.0036,0.0002,0.0402,0.0512,0.0026,0.0012,0.0121,0.0002,0.0015,0.0017,0.0002,0.0001,0.0093,0.0017,0.0005,0.0002,0.0016,0.0935,0.0168,0.0,0.0025,0.0,95.0,0.0,32.0,63.0,18.0,0.0,0.0,0.0,0.0,0.0,0.0,0.0,0.0,0.0,0.0,0.0,0.0,0.0,0.0,0.0,0.0,0.0,0.0,8.0,2.0,1.0
481,4.0076468,0,7.6608,2.7708,1.577,1.8635,0.1505,0.0029,0.0035,0.0002,0.0284,0.0376,0.0028,0.0011,0.0097,0.0002,0.0021,0.0017,0.0006,0.0001,0.0106,0.0014,0.0006,0.0001,0.0018,0.0824,0.0162,0.0,0.0026,0.0,95.0,0.0,32.0,63.0,18.0,0.0,0.0,0.0,0.0,0.0,0.0,0.0,0.0,0.0,0.0,0.0,0.0,0.0,0.0,0.0,0.0,0.0,0.0,8.0,2.0,1.0
482,4.0153076,0,8.5573,1.7279,1.6916,1.3307,0.137,0.0033,0.0035,0.0002,0.0328,0.0421,0.0018,0.0008,0.009,0.0001,0.0015,0.0016,0.0001,0.0001,0.009,0.0011,0.0009,0.0,0.0015,0.0787,0.0126,0.0,0.003,0.0,95.0,0.0,32.0,63.0,18.0,0.0,0.0,0.0,0.0,0.0,0.0,0.0,0.0,0.0,0.0,0.0,0.0,0.0,0.0,0.0,0.0,0.0,0.0,8.0,2.0,1.0
483,4.0238648999999995,0,8.0582,1.6566,1.4677,1.2812,0.1431,0.0029,0.0042,0.0007,0.0275,0.0374,0.0023,0.0007,0.0099,0.0002,0.0017,0.0018,0.0001,0.0001,0.0092,0.0013,0.0005,0.0001,0.002,0.0783,0.0145,0.0,0.0034,0.0,95.0,0.0,32.0,63.0,20.0,0.0,0.0,0.0,0.0,0.0,0.0,0.0,0.0,0.0,0.0,0.0,0.0,0.0,0.0,0.0,0.0,0.0,0.0,8.0,2.0,1.0
484,4.031923099999999,0,8.2362,1.6136,1.3905,1.3932,0.1446,0.0031,0.0037,0.0003,0.0334,0.0427,0.0024,0.0008,0.0126,0.0002,0.0015,0.002,0.0001,0.0001,0.0089,0.0018,0.0005,0.0,0.0019,0.0857,0.0121,0.0001,0.0032,0.0,95.0,0.0,32.0,63.0,20.0,0.0,0.0,0.0,0.0,0.0,0.0,0.0,0.0,0.0,0.0,0.0,0.0,0.0,0.0,0.0,0.0,0.0,0.0,8.0,2.0,1.0
485,4.040159299999999,0,8.6331,1.6897,1.4948,1.3243,0.1511,0.003,0.0047,0.0002,0.0302,0.0409,0.0033,0.0011,0.0133,0.0002,0.0018,0.0019,0.0001,0.0001,0.009,0.0015,0.0005,0.0001,0.0017,0.0861,0.0151,0.0,0.0033,0.0,95.0,0.0,32.0,63.0,20.0,0.0,0.0,0.0,0.0,0.0,0.0,0.0,0.0,0.0,0.0,0.0,0.0,0.0,0.0,0.0,0.0,0.0,0.0,8.0,2.0,1.0
486,4.048792399999999,0,8.0916,1.6428,1.5342,1.2565,0.1525,0.0031,0.0042,0.0001,0.0349,0.0448,0.0029,0.0009,0.0125,0.0001,0.0019,0.0016,0.0001,0.0001,0.0094,0.0013,0.0005,0.0,0.0018,0.0884,0.0145,0.0,0.0034,0.0,95.0,0.0,32.0,63.0,20.0,0.0,0.0,0.0,0.0,0.0,0.0,0.0,0.0,0.0,0.0,0.0,0.0,0.0,0.0,0.0,0.0,0.0,0.0,8.0,2.0,1.0
487,4.056883999999999,0,8.2625,1.5668,1.357,1.3242,0.1472,0.0029,0.0039,0.0002,0.0284,0.0378,0.0025,0.0008,0.0116,0.0002,0.0019,0.0016,0.0,0.0002,0.0095,0.0021,0.0008,0.0001,0.0017,0.0807,0.0179,0.0,0.0031,0.0,95.0,0.0,32.0,63.0,20.0,0.0,0.0,0.0,0.0,0.0,0.0,0.0,0.0,0.0,0.0,0.0,0.0,0.0,0.0,0.0,0.0,0.0,0.0,8.0,2.0,1.0
488,4.065146499999999,0,8.4241,1.7384,1.3482,1.334,0.1409,0.0025,0.0036,0.0002,0.0329,0.0414,0.0024,0.0011,0.0108,0.0004,0.0016,0.0022,0.0001,0.0001,0.0081,0.0012,0.0006,0.0001,0.0018,0.0815,0.0134,0.0001,0.0033,0.0,95.0,0.0,32.0,63.0,20.0,0.0,0.0,0.0,0.0,0.0,0.0,0.0,0.0,0.0,0.0,0.0,0.0,0.0,0.0,0.0,0.0,0.0,0.0,8.0,2.0,1.0
489,4.073570599999999,0,8.3849,1.6206,1.4581,1.4002,0.1478,0.0033,0.0039,0.0002,0.0287,0.0388,0.0032,0.0013,0.0128,0.0004,0.0017,0.002,0.0001,0.0002,0.0082,0.0019,0.0005,0.0,0.0018,0.0823,0.0159,0.0001,0.0035,0.0,95.0,0.0,32.0,63.0,20.0,0.0,0.0,0.0,0.0,0.0,0.0,0.0,0.0,0.0,0.0,0.0,0.0,0.0,0.0,0.0,0.0,0.0,0.0,8.0,2.0,1.0
490,4.081955499999999,0,8.3312,1.6917,1.4897,1.2903,0.1549,0.003,0.0039,0.0002,0.0387,0.0483,0.0024,0.0009,0.0106,0.0002,0.0016,0.0014,0.0001,0.0001,0.0085,0.0014,0.0005,0.0001,0.0018,0.0889,0.017,0.0001,0.0039,0.0,95.0,0.0,32.0,63.0,22.0,0.0,0.0,0.0,0.0,0.0,0.0,0.0,0.0,0.0,0.0,0.0,0.0,0.0,0.0,0.0,0.0,0.0,0.0,8.0,2.0,1.0
491,4.090286699999999,0,8.2958,1.7115,1.4481,1.2354,0.1461,0.0029,0.004,0.0002,0.0278,0.0372,0.0021,0.0012,0.0116,0.0002,0.0018,0.0018,0.0004,0.0001,0.0085,0.0013,0.001,0.0,0.0017,0.0796,0.0159,0.0001,0.004,0.0,95.0,0.0,32.0,63.0,22.0,0.0,0.0,0.0,0.0,0.0,0.0,0.0,0.0,0.0,0.0,0.0,0.0,0.0,0.0,0.0,0.0,0.0,0.0,8.0,2.0,1.0
492,4.098582499999999,0,8.5294,1.9618,1.6,1.2856,0.16,0.0029,0.0051,0.0001,0.0361,0.0478,0.0022,0.0009,0.0107,0.0002,0.0017,0.002,0.0001,0.0001,0.01,0.0014,0.0006,0.0001,0.0019,0.0908,0.015,0.0,0.0041,0.0,95.0,0.0,32.0,63.0,24.0,0.0,0.0,0.0,0.0,0.0,0.0,0.0,0.0,0.0,0.0,0.0,0.0,0.0,0.0,0.0,0.0,0.0,0.0,8.0,2.0,1.0
493,4.107111899999999,0,8.1667,1.6698,1.5175,1.2814,0.1605,0.0032,0.004,0.0003,0.0327,0.0427,0.0035,0.0009,0.0133,0.0002,0.0016,0.0022,0.0001,0.0001,0.0089,0.0014,0.0005,0.0001,0.002,0.0875,0.0162,0.0,0.0046,0.0,95.0,0.0,32.0,63.0,24.0,0.0,0.0,0.0,0.0,0.0,0.0,0.0,0.0,0.0,0.0,0.0,0.0,0.0,0.0,0.0,0.0,0.0,0.0,8.0,2.0,1.0
494,4.115278599999999,0,8.4451,1.7298,1.4817,1.4782,0.1558,0.0029,0.004,0.0001,0.0375,0.0469,0.0022,0.0008,0.0123,0.0002,0.0019,0.0016,0.0001,0.0001,0.0088,0.0013,0.0008,0.0001,0.002,0.09,0.0158,0.0,0.0036,0.0,95.0,0.0,32.0,63.0,24.0,0.0,0.0,0.0,0.0,0.0,0.0,0.0,0.0,0.0,0.0,0.0,0.0,0.0,0.0,0.0,0.0,0.0,0.0,8.0,2.0,1.0
495,4.123723699999999,0,8.1886,1.6476,1.4914,1.3976,0.1471,0.0031,0.0044,0.0002,0.0279,0.0379,0.0022,0.001,0.0089,0.0002,0.0019,0.0017,0.0001,0.0007,0.0092,0.0013,0.0007,0.0001,0.0019,0.0793,0.0155,0.0001,0.0046,0.0,95.0,0.0,32.0,63.0,24.0,0.0,0.0,0.0,0.0,0.0,0.0,0.0,0.0,0.0,0.0,0.0,0.0,0.0,0.0,0.0,0.0,0.0,0.0,8.0,2.0,1.0
496,4.1319123,0,8.3767,1.7559,1.4486,1.477,0.1606,0.0029,0.0044,0.0002,0.039,0.0491,0.0021,0.0013,0.0115,0.0005,0.0013,0.0016,0.0001,0.0002,0.0085,0.0013,0.0009,0.0001,0.0018,0.0899,0.0189,0.0,0.0038,0.0,95.0,0.0,32.0,63.0,24.0,0.0,0.0,0.0,0.0,0.0,0.0,0.0,0.0,0.0,0.0,0.0,0.0,0.0,0.0,0.0,0.0,0.0,0.0,8.0,2.0,1.0
497,4.140289,0,8.4383,1.7426,1.511,1.4481,0.1546,0.0031,0.0048,0.0002,0.0312,0.0419,0.0023,0.0014,0.012,0.0007,0.0017,0.0019,0.0006,0.0001,0.0098,0.0013,0.0005,0.0,0.0018,0.086,0.0143,0.0,0.0042,0.0,95.0,0.0,32.0,63.0,24.0,0.0,0.0,0.0,0.0,0.0,0.0,0.0,0.0,0.0,0.0,0.0,0.0,0.0,0.0,0.0,0.0,0.0,0.0,8.0,2.0,1.0
498,4.1487273,0,8.2734,1.7342,1.5929,1.4753,0.1569,0.0029,0.004,0.0002,0.0376,0.0473,0.0023,0.0007,0.0113,0.0001,0.0019,0.0016,0.0001,0.0002,0.0088,0.0013,0.0008,0.0001,0.0019,0.0887,0.0156,0.0,0.0038,0.0,95.0,0.0,32.0,63.0,24.0,0.0,0.0,0.0,0.0,0.0,0.0,0.0,0.0,0.0,0.0,0.0,0.0,0.0,0.0,0.0,0.0,0.0,0.0,8.0,2.0,1.0
499,4.1570007,0,8.4646,1.6438,1.5976,1.3042,0.1533,0.0047,0.0038,0.0003,0.0288,0.0404,0.0024,0.0014,0.0129,0.0002,0.0015,0.0019,0.0001,0.0001,0.0086,0.0014,0.0005,0.0001,0.0025,0.0844,0.0158,0.0001,0.0037,0.0,95.0,0.0,32.0,63.0,26.0,0.0,0.0,0.0,0.0,0.0,0.0,0.0,0.0,0.0,0.0,0.0,0.0,0.0,0.0,0.0,0.0,0.0,0.0,8.0,2.0,1.0
500,4.1654653,0,8.1469,1.7179,1.5027,1.3095,0.1544,0.003,0.004,0.0002,0.0376,0.0472,0.0022,0.0009,0.0098,0.0002,0.0014,0.0021,0.0001,0.0001,0.0082,0.0017,0.0005,0.0,0.002,0.0867,0.0176,0.0001,0.0044,0.0,95.0,0.0,32.0,63.0,26.0,0.0,0.0,0.0,0.0,0.0,0.0,0.0,0.0,0.0,0.0,0.0,0.0,0.0,0.0,0.0,0.0,0.0,0.0,8.0,2.0,1.0
501,4.1736122,0,8.4181,1.6613,1.5342,1.5373,0.159,0.003,0.0045,0.0002,0.0334,0.0437,0.0023,0.001,0.0121,0.0001,0.0021,0.0016,0.0001,0.0001,0.0084,0.0013,0.001,0.0,0.0018,0.0864,0.0166,0.0,0.0051,0.0,95.0,0.0,32.0,63.0,26.0,0.0,0.0,0.0,0.0,0.0,0.0,0.0,0.0,0.0,0.0,0.0,0.0,0.0,0.0,0.0,0.0,0.0,0.0,8.0,2.0,1.0
502,4.1820303,0,8.3145,1.7854,1.6065,1.3033,0.1537,0.0028,0.0036,0.0001,0.0395,0.0486,0.0024,0.0009,0.0102,0.0006,0.0016,0.0016,0.0001,0.0001,0.008,0.0012,0.0005,0.0001,0.002,0.0873,0.0134,0.0,0.0051,0.0,95.0,0.0,32.0,63.0,28.0,0.0,0.0,0.0,0.0,0.0,0.0,0.0,0.0,0.0,0.0,0.0,0.0,0.0,0.0,0.0,0.0,0.0,0.0,8.0,2.0,1.0
503,4.1903448,0,8.3421,1.6975,1.3908,1.2138,0.1493,0.0032,0.0036,0.0003,0.0306,0.0401,0.0022,0.0008,0.0103,0.0002,0.002,0.0016,0.0001,0.0006,0.0085,0.0013,0.0004,0.0001,0.0021,0.0794,0.0171,0.0,0.005,0.0,95.0,0.0,32.0,63.0,28.0,0.0,0.0,0.0,0.0,0.0,0.0,0.0,0.0,0.0,0.0,0.0,0.0,0.0,0.0,0.0,0.0,0.0,0.0,8.0,2.0,1.0
504,4.1986869,0,8.2563,1.6911,1.5903,1.2332,0.1633,0.004,0.0039,0.0005,0.0357,0.0468,0.0023,0.0013,0.0119,0.0002,0.0016,0.0014,0.0001,0.0001,0.0087,0.0013,0.001,0.0,0.0021,0.09,0.019,0.0001,0.0056,0.0,95.0,0.0,32.0,63.0,28.0,0.0,0.0,0.0,0.0,0.0,0.0,0.0,0.0,0.0,0.0,0.0,0.0,0.0,0.0,0.0,0.0,0.0,0.0,8.0,2.0,1.0
505,4.2069432,0,8.5462,1.7038,1.55,1.2594,0.1451,0.0029,0.0042,0.0002,0.0268,0.0367,0.0019,0.0014,0.0092,0.0001,0.0016,0.002,0.0001,0.0001,0.0088,0.0013,0.0005,0.0001,0.0018,0.0752,0.016,0.0,0.0045,0.0,95.0,0.0,32.0,63.0,28.0,0.0,0.0,0.0,0.0,0.0,0.0,0.0,0.0,0.0,0.0,0.0,0.0,0.0,0.0,0.0,0.0,0.0,0.0,8.0,2.0,1.0
506,4.2154894,0,8.1714,1.755,1.5508,1.3395,0.1667,0.0035,0.0045,0.0001,0.0386,0.049,0.0022,0.0011,0.012,0.0002,0.0015,0.0023,0.0001,0.0001,0.0088,0.0013,0.0005,0.0001,0.0021,0.0923,0.0176,0.0,0.0051,0.0,95.0,0.0,32.0,63.0,28.0,0.0,0.0,0.0,0.0,0.0,0.0,0.0,0.0,0.0,0.0,0.0,0.0,0.0,0.0,0.0,0.0,0.0,0.0,8.0,2.0,1.0
507,4.2236608,0,8.2463,1.6491,1.4605,1.3259,0.1497,0.0033,0.0039,0.0001,0.0344,0.0439,0.0022,0.0009,0.0108,0.0002,0.0017,0.0014,0.0001,0.0001,0.0081,0.0015,0.0004,0.0,0.002,0.0834,0.0151,0.0,0.0046,0.0,95.0,0.0,32.0,63.0,28.0,0.0,0.0,0.0,0.0,0.0,0.0,0.0,0.0,0.0,0.0,0.0,0.0,0.0,0.0,0.0,0.0,0.0,0.0,8.0,2.0,1.0
508,4.2319071,0,8.314,1.7884,1.4282,1.5843,0.16,0.0031,0.0044,0.0001,0.0387,0.0492,0.0024,0.0009,0.0122,0.0002,0.0014,0.002,0.0001,0.0001,0.0085,0.0015,0.0005,0.0,0.0021,0.0919,0.0176,0.0001,0.0053,0.0,95.0,0.0,32.0,63.0,28.0,0.0,0.0,0.0,0.0,0.0,0.0,0.0,0.0,0.0,0.0,0.0,0.0,0.0,0.0,0.0,0.0,0.0,0.0,8.0,2.0,1.0
509,4.2402211,0,8.4918,1.6795,1.476,1.3319,0.1562,0.0047,0.0049,0.0002,0.0297,0.0429,0.003,0.0015,0.0128,0.0004,0.0015,0.0019,0.0002,0.0001,0.008,0.0013,0.0009,0.0,0.0021,0.0873,0.0147,0.0,0.0048,0.0,95.0,0.0,32.0,63.0,28.0,0.0,0.0,0.0,0.0,0.0,0.0,0.0,0.0,0.0,0.0,0.0,0.0,0.0,0.0,0.0,0.0,0.0,0.0,8.0,2.0,1.0
510,4.2487129,0,8.2842,1.7077,1.5191,1.389,0.1673,0.003,0.004,0.0002,0.0422,0.0517,0.0024,0.0007,0.0116,0.0001,0.002,0.0013,0.0001,0.0001,0.0085,0.0012,0.0004,0.0,0.002,0.0936,0.0201,0.0,0.0042,0.0,95.0,0.0,32.0,63.0,28.0,0.0,0.0,0.0,0.0,0.0,0.0,0.0,0.0,0.0,0.0,0.0,0.0,0.0,0.0,0.0,0.0,0.0,0.0,8.0,2.0,1.0
511,4.2569971,0,8.3729,1.7635,1.5464,1.4024,0.1565,0.0036,0.0038,0.0002,0.034,0.0446,0.0021,0.001,0.0102,0.0002,0.0015,0.0015,0.0,0.0002,0.0089,0.0013,0.0005,0.0001,0.0021,0.0855,0.0156,0.0,0.0049,0.0,95.0,0.0,32.0,63.0,28.0,0.0,0.0,0.0,0.0,0.0,0.0,0.0,0.0,0.0,0.0,0.0,0.0,0.0,0.0,0.0,0.0,0.0,0.0,8.0,2.0,1.0
512,4.265370000000001,0,8.2931,1.78,1.5236,1.4519,0.1621,0.0029,0.0044,0.0001,0.0385,0.0486,0.0023,0.0007,0.0112,0.0001,0.0014,0.002,0.0001,0.0001,0.008,0.0013,0.0005,0.0001,0.0021,0.0903,0.018,0.0001,0.0049,0.0,95.0,0.0,32.0,63.0,30.0,0.0,0.0,0.0,0.0,0.0,0.0,0.0,0.0,0.0,0.0,0.0,0.0,0.0,0.0,0.0,0.0,0.0,0.0,8.0,2.0,1.0
513,4.273663100000001,0,8.4275,1.7031,1.5938,1.2846,0.151,0.0043,0.0048,0.0002,0.0284,0.0409,0.0022,0.0008,0.0081,0.0002,0.0021,0.0017,0.0001,0.0001,0.0083,0.0013,0.0004,0.0,0.0021,0.0797,0.016,0.0001,0.0061,0.0,95.0,0.0,32.0,63.0,30.0,0.0,0.0,0.0,0.0,0.0,0.0,0.0,0.0,0.0,0.0,0.0,0.0,0.0,0.0,0.0,0.0,0.0,0.0,8.0,2.0,1.0
514,4.282090600000001,0,8.6508,1.6412,1.8827,1.3836,0.1732,0.0035,0.0041,0.0002,0.0402,0.0506,0.0031,0.0013,0.0131,0.0003,0.0015,0.0021,0.0001,0.0001,0.0089,0.0015,0.0005,0.0001,0.0023,0.0955,0.017,0.0,0.0081,0.0,95.0,0.0,32.0,63.0,30.0,0.0,0.0,0.0,0.0,0.0,0.0,0.0,0.0,0.0,0.0,0.0,0.0,0.0,0.0,0.0,0.0,0.0,0.0,8.0,2.0,1.0
515,4.290741400000001,0,8.0969,1.7341,1.7726,1.3424,0.1457,0.0026,0.0041,0.0003,0.0324,0.0416,0.0019,0.0007,0.0073,0.0001,0.0016,0.0022,0.0003,0.0001,0.0098,0.0012,0.0005,0.0001,0.0019,0.0799,0.0144,0.0,0.0062,0.0,95.0,0.0,32.0,63.0,30.0,0.0,0.0,0.0,0.0,0.0,0.0,0.0,0.0,0.0,0.0,0.0,0.0,0.0,0.0,0.0,0.0,0.0,0.0,8.0,2.0,1.0
516,4.298838300000001,0,8.3581,1.7162,1.5471,1.4545,0.1477,0.0027,0.0036,0.0001,0.0388,0.0474,0.0019,0.0006,0.0095,0.0002,0.0012,0.0014,0.0003,0.0001,0.0088,0.0011,0.0008,0.0,0.0018,0.0837,0.0153,0.0,0.0067,0.0,95.0,0.0,32.0,63.0,30.0,0.0,0.0,0.0,0.0,0.0,0.0,0.0,0.0,0.0,0.0,0.0,0.0,0.0,0.0,0.0,0.0,0.0,0.0,8.0,2.0,1.0
517,4.3071964000000005,0,8.2078,1.7361,1.5808,1.4893,0.1601,0.0034,0.004,0.0003,0.0313,0.042,0.0023,0.001,0.0115,0.0002,0.0015,0.0016,0.0005,0.0001,0.0093,0.0018,0.0005,0.0001,0.0022,0.0854,0.0162,0.0,0.0058,0.0,95.0,0.0,32.0,63.0,30.0,0.0,0.0,0.0,0.0,0.0,0.0,0.0,0.0,0.0,0.0,0.0,0.0,0.0,0.0,0.0,0.0,0.0,0.0,8.0,2.0,1.0
518,4.315404200000001,0,8.3538,1.8173,1.5731,1.4414,0.1544,0.0037,0.004,0.0003,0.0392,0.0494,0.002,0.0008,0.0101,0.0002,0.0015,0.0016,0.0001,0.0002,0.0084,0.0011,0.0005,0.0,0.002,0.088,0.0134,0.0001,0.0061,0.0,95.0,0.0,32.0,63.0,30.0,0.0,0.0,0.0,0.0,0.0,0.0,0.0,0.0,0.0,0.0,0.0,0.0,0.0,0.0,0.0,0.0,0.0,0.0,8.0,2.0,1.0
519,4.323758000000001,0,8.2422,1.7336,1.5278,1.318,0.1579,0.0043,0.004,0.0002,0.0316,0.0428,0.0023,0.0008,0.012,0.0001,0.0015,0.0014,0.0002,0.0001,0.0089,0.0016,0.0004,0.0001,0.0019,0.0852,0.0183,0.0001,0.0054,0.0,95.0,0.0,32.0,63.0,30.0,0.0,0.0,0.0,0.0,0.0,0.0,0.0,0.0,0.0,0.0,0.0,0.0,0.0,0.0,0.0,0.0,0.0,0.0,8.0,2.0,1.0
520,4.3320002,0,8.2964,1.7323,1.4892,1.2675,0.1705,0.0034,0.0043,0.0002,0.0427,0.0535,0.0022,0.0011,0.0122,0.0002,0.0016,0.0016,0.0001,0.0002,0.0093,0.0015,0.0005,0.0001,0.0026,0.0972,0.0183,0.0,0.0044,0.0,95.0,0.0,32.0,63.0,30.0,0.0,0.0,0.0,0.0,0.0,0.0,0.0,0.0,0.0,0.0,0.0,0.0,0.0,0.0,0.0,0.0,0.0,0.0,8.0,2.0,1.0
521,4.3402966,0,8.46,1.7084,1.5091,1.2677,0.1571,0.0042,0.0047,0.0003,0.0345,0.0459,0.0031,0.0008,0.0127,0.0001,0.0019,0.0018,0.0005,0.0001,0.0086,0.0018,0.0005,0.0001,0.0019,0.0898,0.016,0.0001,0.0049,0.0,95.0,0.0,32.0,63.0,30.0,0.0,0.0,0.0,0.0,0.0,0.0,0.0,0.0,0.0,0.0,0.0,0.0,0.0,0.0,0.0,0.0,0.0,0.0,8.0,2.0,1.0
522,4.348756600000001,0,8.2077,1.6504,1.4925,1.3529,0.1589,0.0031,0.0043,0.0002,0.0375,0.0473,0.0026,0.0008,0.0114,0.0001,0.002,0.0015,0.0001,0.0001,0.0085,0.0013,0.0005,0.0001,0.0021,0.0899,0.0153,0.0001,0.0048,0.0,95.0,0.0,32.0,63.0,30.0,0.0,0.0,0.0,0.0,0.0,0.0,0.0,0.0,0.0,0.0,0.0,0.0,0.0,0.0,0.0,0.0,0.0,0.0,8.0,2.0,1.0
523,4.3569643000000005,0,8.4142,1.7077,1.5261,1.4114,0.1543,0.0044,0.0048,0.0002,0.0338,0.0455,0.0025,0.0007,0.0106,0.0001,0.0013,0.0021,0.0001,0.0001,0.0084,0.0012,0.0004,0.0001,0.0021,0.0858,0.0157,0.0,0.0066,0.0,95.0,0.0,32.0,63.0,30.0,0.0,0.0,0.0,0.0,0.0,0.0,0.0,0.0,0.0,0.0,0.0,0.0,0.0,0.0,0.0,0.0,0.0,0.0,8.0,2.0,1.0
524,4.3653785,0,8.3504,1.6759,1.5158,1.2907,0.1701,0.0036,0.0042,0.0002,0.0381,0.0491,0.0023,0.0009,0.0108,0.0002,0.0016,0.002,0.0002,0.0001,0.0088,0.0013,0.0005,0.0,0.002,0.0902,0.0138,0.0,0.0052,0.0,95.0,0.0,32.0,63.0,30.0,0.0,0.0,0.0,0.0,0.0,0.0,0.0,0.0,0.0,0.0,0.0,0.0,0.0,0.0,0.0,0.0,0.0,0.0,8.0,2.0,1.0
525,4.373728900000001,0,8.2569,1.6922,1.5306,1.2939,0.1513,0.0027,0.0041,0.0001,0.0288,0.0381,0.0029,0.0008,0.0114,0.0002,0.002,0.002,0.0001,0.0002,0.0089,0.0012,0.0005,0.0001,0.002,0.082,0.0169,0.0,0.0048,0.0,95.0,0.0,32.0,63.0,30.0,0.0,0.0,0.0,0.0,0.0,0.0,0.0,0.0,0.0,0.0,0.0,0.0,0.0,0.0,0.0,0.0,0.0,0.0,8.0,2.0,1.0
526,4.381985800000001,0,8.5946,1.849,1.6488,1.4805,0.1673,0.0037,0.0039,0.0001,0.04,0.0503,0.0023,0.001,0.0117,0.0002,0.0021,0.0017,0.0001,0.0001,0.0104,0.0019,0.0006,0.0,0.0027,0.0962,0.016,0.0001,0.0055,0.0,95.0,0.0,32.0,63.0,30.0,0.0,0.0,0.0,0.0,0.0,0.0,0.0,0.0,0.0,0.0,0.0,0.0,0.0,0.0,0.0,0.0,0.0,0.0,8.0,2.0,1.0
527,4.390580400000001,0,8.1376,1.7514,1.5372,1.3844,0.1542,0.003,0.0038,0.0002,0.0294,0.0387,0.0023,0.0008,0.0108,0.0001,0.0016,0.0022,0.0002,0.0002,0.0097,0.0013,0.0005,0.0,0.0022,0.0806,0.0182,0.0,0.005,0.0,95.0,0.0,32.0,63.0,30.0,0.0,0.0,0.0,0.0,0.0,0.0,0.0,0.0,0.0,0.0,0.0,0.0,0.0,0.0,0.0,0.0,0.0,0.0,8.0,2.0,1.0
528,4.3987180000000015,0,8.3515,1.7861,1.4736,1.4217,0.1627,0.0036,0.0038,0.0002,0.0397,0.0503,0.0023,0.0009,0.0113,0.0003,0.0013,0.0017,0.0001,0.0001,0.009,0.0018,0.0005,0.0001,0.002,0.0929,0.0158,0.0,0.0062,0.0,95.0,0.0,32.0,63.0,30.0,0.0,0.0,0.0,0.0,0.0,0.0,0.0,0.0,0.0,0.0,0.0,0.0,0.0,0.0,0.0,0.0,0.0,0.0,8.0,2.0,1.0
529,4.407069500000001,0,8.3456,1.7537,1.5439,1.9246,0.1339,0.0027,0.0038,0.0002,0.0253,0.0343,0.002,0.0008,0.0078,0.0001,0.0017,0.0015,0.0001,0.0001,0.0083,0.0011,0.0005,0.0001,0.0019,0.0684,0.0149,0.0,0.0065,0.0,95.0,0.0,32.0,63.0,30.0,0.0,0.0,0.0,0.0,0.0,0.0,0.0,0.0,0.0,0.0,0.0,0.0,0.0,0.0,0.0,0.0,0.0,0.0,8.0,2.0,1.0
530,4.4154151000000015,0,8.3082,1.7346,1.5382,1.318,0.1613,0.0029,0.0039,0.0003,0.0387,0.0489,0.0025,0.0011,0.0115,0.0001,0.0019,0.0016,0.0,0.0001,0.0087,0.0012,0.001,0.0,0.0022,0.0916,0.0161,0.0,0.0046,0.0,95.0,0.0,32.0,63.0,30.0,0.0,0.0,0.0,0.0,0.0,0.0,0.0,0.0,0.0,0.0,0.0,0.0,0.0,0.0,0.0,0.0,0.0,0.0,8.0,2.0,1.0
531,4.423723300000002,0,8.2446,1.6998,1.5371,1.3304,0.1809,0.003,0.004,0.0002,0.0422,0.0521,0.0025,0.0009,0.012,0.0003,0.0016,0.0021,0.0001,0.0001,0.0086,0.0018,0.0004,0.0001,0.0021,0.0954,0.0268,0.0001,0.0055,0.0,95.0,0.0,32.0,63.0,30.0,0.0,0.0,0.0,0.0,0.0,0.0,0.0,0.0,0.0,0.0,0.0,0.0,0.0,0.0,0.0,0.0,0.0,0.0,8.0,2.0,1.0
532,4.431967900000002,0,8.5152,1.7157,1.424,1.2843,0.1524,0.003,0.0039,0.0002,0.0377,0.047,0.0021,0.0008,0.0118,0.0001,0.0017,0.0016,0.0001,0.0001,0.0088,0.0013,0.0004,0.0,0.0022,0.0876,0.0141,0.0,0.0053,0.0,95.0,0.0,32.0,63.0,30.0,0.0,0.0,0.0,0.0,0.0,0.0,0.0,0.0,0.0,0.0,0.0,0.0,0.0,0.0,0.0,0.0,0.0,0.0,8.0,2.0,1.0
533,4.440483100000002,0,8.2619,1.6031,1.7005,1.2617,0.1619,0.0032,0.0039,0.0002,0.0366,0.0462,0.0028,0.001,0.0115,0.0001,0.0022,0.0017,0.0001,0.0001,0.0091,0.0012,0.0005,0.0001,0.002,0.0893,0.0178,0.0,0.0067,0.0,95.0,0.0,32.0,63.0,30.0,0.0,0.0,0.0,0.0,0.0,0.0,0.0,0.0,0.0,0.0,0.0,0.0,0.0,0.0,0.0,0.0,0.0,0.0,8.0,2.0,1.0
534,4.4487450000000015,0,8.3571,1.6459,1.3881,1.3532,0.161,0.0051,0.0043,0.0002,0.0406,0.0524,0.0024,0.0007,0.0104,0.0001,0.0014,0.0018,0.0001,0.0001,0.0092,0.0018,0.0005,0.0001,0.002,0.0934,0.0152,0.0,0.0044,0.0,95.0,0.0,32.0,63.0,30.0,0.0,0.0,0.0,0.0,0.0,0.0,0.0,0.0,0.0,0.0,0.0,0.0,0.0,0.0,0.0,0.0,0.0,0.0,8.0,2.0,1.0
535,4.457102100000001,0,8.3405,1.6204,1.5849,1.4292,0.1489,0.0034,0.0035,0.0002,0.0303,0.0403,0.0021,0.001,0.008,0.0001,0.0014,0.0022,0.0001,0.0001,0.0099,0.0013,0.0004,0.0002,0.002,0.0802,0.0132,0.0,0.0051,0.0,95.0,0.0,32.0,63.0,30.0,0.0,0.0,0.0,0.0,0.0,0.0,0.0,0.0,0.0,0.0,0.0,0.0,0.0,0.0,0.0,0.0,0.0,0.0,8.0,2.0,1.0
536,4.465442600000001,0,8.4553,1.7047,1.805,1.4004,0.1883,0.0054,0.0051,0.0002,0.0452,0.0586,0.0025,0.0011,0.0127,0.0001,0.0018,0.0021,0.0002,0.0002,0.0104,0.0013,0.0008,0.0001,0.0021,0.1059,0.0188,0.0,0.0069,0.0,95.0,0.0,32.0,63.0,30.0,0.0,0.0,0.0,0.0,0.0,0.0,0.0,0.0,0.0,0.0,0.0,0.0,0.0,0.0,0.0,0.0,0.0,0.0,8.0,2.0,1.0
537,4.473897900000001,0,8.3313,1.9137,1.4867,1.4637,0.1684,0.0029,0.0044,0.0002,0.0413,0.0512,0.0024,0.0011,0.0128,0.0002,0.0016,0.0019,0.0003,0.0002,0.0093,0.0013,0.0005,0.0001,0.0022,0.0965,0.0179,0.0001,0.0055,0.0,95.0,0.0,32.0,63.0,30.0,0.0,0.0,0.0,0.0,0.0,0.0,0.0,0.0,0.0,0.0,0.0,0.0,0.0,0.0,0.0,0.0,0.0,0.0,8.0,2.0,1.0
538,4.482229200000001,0,8.2908,1.8422,1.7515,1.6663,0.1744,0.0037,0.0034,0.0002,0.0395,0.0493,0.0022,0.0008,0.0104,0.0002,0.0015,0.0024,0.0001,0.0001,0.0093,0.0012,0.0006,0.0,0.0018,0.091,0.0288,0.0001,0.0061,0.0,95.0,0.0,32.0,63.0,30.0,0.0,0.0,0.0,0.0,0.0,0.0,0.0,0.0,0.0,0.0,0.0,0.0,0.0,0.0,0.0,0.0,0.0,0.0,8.0,2.0,1.0
539,4.490520000000001,0,8.1982,1.6899,1.5608,1.3525,0.1556,0.003,0.0039,0.0002,0.0297,0.0393,0.0026,0.0007,0.0101,0.0001,0.0016,0.0017,0.0001,0.0001,0.0098,0.0012,0.0005,0.0006,0.0021,0.0817,0.0136,0.0,0.005,0.0,95.0,0.0,32.0,63.0,30.0,0.0,0.0,0.0,0.0,0.0,0.0,0.0,0.0,0.0,0.0,0.0,0.0,0.0,0.0,0.0,0.0,0.0,0.0,8.0,2.0,1.0
540,4.498718200000001,0,8.4183,1.7266,1.4656,1.4161,0.1683,0.0037,0.0053,0.0002,0.04,0.0519,0.0024,0.0008,0.0103,0.0002,0.0019,0.0016,0.0004,0.0002,0.0095,0.0015,0.0005,0.0,0.0025,0.0936,0.0173,0.0,0.0051,0.0,95.0,0.0,32.0,63.0,30.0,0.0,0.0,0.0,0.0,0.0,0.0,0.0,0.0,0.0,0.0,0.0,0.0,0.0,0.0,0.0,0.0,0.0,0.0,8.0,2.0,1.0
541,4.5071365000000005,0,8.3828,1.8187,1.6266,1.4503,0.1693,0.0033,0.0046,0.0001,0.0354,0.0466,0.0025,0.0009,0.0124,0.0001,0.0016,0.0022,0.0002,0.0001,0.0091,0.0014,0.0005,0.0001,0.0022,0.0912,0.0181,0.0,0.0047,0.0,95.0,0.0,32.0,63.0,30.0,0.0,0.0,0.0,0.0,0.0,0.0,0.0,0.0,0.0,0.0,0.0,0.0,0.0,0.0,0.0,0.0,0.0,0.0,8.0,2.0,1.0
542,4.5155193,0,8.2997,1.8542,1.6001,1.4261,0.1557,0.0031,0.0037,0.0002,0.0367,0.0462,0.0022,0.001,0.0101,0.0001,0.0015,0.0021,0.0001,0.0001,0.0084,0.0015,0.0004,0.0001,0.0019,0.0851,0.0167,0.0001,0.0054,0.0,95.0,0.0,32.0,63.0,30.0,0.0,0.0,0.0,0.0,0.0,0.0,0.0,0.0,0.0,0.0,0.0,0.0,0.0,0.0,0.0,0.0,0.0,0.0,8.0,2.0,1.0
543,4.5238190000000005,0,8.2493,1.7213,1.6177,1.3198,0.1549,0.0028,0.0033,0.0001,0.0364,0.0461,0.0022,0.0009,0.0087,0.0002,0.0016,0.0021,0.0001,0.0001,0.0088,0.0012,0.0005,0.0001,0.002,0.0861,0.0127,0.0001,0.005,0.0,95.0,0.0,32.0,63.0,30.0,0.0,0.0,0.0,0.0,0.0,0.0,0.0,0.0,0.0,0.0,0.0,0.0,0.0,0.0,0.0,0.0,0.0,0.0,8.0,2.0,1.0
544,4.532068300000001,0,8.4304,1.7526,1.5553,1.392,0.1695,0.0031,0.0036,0.0001,0.0381,0.0472,0.0029,0.0014,0.0177,0.0001,0.0023,0.0019,0.0001,0.0007,0.0105,0.0017,0.0006,0.0002,0.0024,0.0997,0.0166,0.0,0.0066,0.0,95.0,0.0,32.0,63.0,30.0,0.0,0.0,0.0,0.0,0.0,0.0,0.0,0.0,0.0,0.0,0.0,0.0,0.0,0.0,0.0,0.0,0.0,0.0,8.0,2.0,1.0
545,4.5404987000000006,0,8.3608,1.7155,1.587,1.9994,0.1934,0.0037,0.0046,0.0002,0.0382,0.0498,0.0041,0.0013,0.0166,0.0002,0.0027,0.0027,0.0002,0.0002,0.0114,0.0022,0.0006,0.0001,0.0028,0.1076,0.0221,0.0001,0.0063,0.0,95.0,0.0,32.0,63.0,30.0,0.0,0.0,0.0,0.0,0.0,0.0,0.0,0.0,0.0,0.0,0.0,0.0,0.0,0.0,0.0,0.0,0.0,0.0,8.0,2.0,1.0
546,4.548859500000001,0,8.2342,1.7455,1.6182,1.4876,0.171,0.0044,0.0052,0.0002,0.0396,0.0521,0.0026,0.0009,0.0119,0.0002,0.0016,0.002,0.0,0.0001,0.0096,0.0014,0.0005,0.0001,0.0021,0.0962,0.0166,0.0001,0.0051,0.0,95.0,0.0,32.0,63.0,30.0,0.0,0.0,0.0,0.0,0.0,0.0,0.0,0.0,0.0,0.0,0.0,0.0,0.0,0.0,0.0,0.0,0.0,0.0,8.0,2.0,1.0
547,4.557093700000001,0,8.3829,1.711,1.5628,1.3381,0.1679,0.0042,0.004,0.0002,0.0349,0.0464,0.0024,0.001,0.0118,0.0002,0.0018,0.0023,0.0001,0.0001,0.0098,0.0013,0.0005,0.0,0.0022,0.0914,0.0178,0.0001,0.0055,0.0,95.0,0.0,32.0,63.0,30.0,0.0,0.0,0.0,0.0,0.0,0.0,0.0,0.0,0.0,0.0,0.0,0.0,0.0,0.0,0.0,0.0,0.0,0.0,8.0,2.0,1.0
548,4.565476600000001,0,8.4687,1.8943,1.787,1.376,0.1659,0.0045,0.0042,0.0003,0.0385,0.0503,0.0023,0.0009,0.0106,0.0002,0.0017,0.0015,0.0001,0.0001,0.0097,0.0011,0.0005,0.0001,0.0018,0.0927,0.0139,0.0001,0.0056,0.0,95.0,0.0,32.0,63.0,30.0,0.0,0.0,0.0,0.0,0.0,0.0,0.0,0.0,0.0,0.0,0.0,0.0,0.0,0.0,0.0,0.0,0.0,0.0,8.0,2.0,1.0
549,4.573945300000001,0,8.4315,1.875,1.7087,1.4122,0.1829,0.0053,0.0061,0.0002,0.0361,0.0508,0.003,0.0009,0.0131,0.0002,0.0019,0.002,0.0006,0.0001,0.0091,0.0017,0.0005,0.0001,0.0027,0.0977,0.0174,0.0001,0.0072,0.0,95.0,0.0,32.0,63.0,30.0,0.0,0.0,0.0,0.0,0.0,0.0,0.0,0.0,0.0,0.0,0.0,0.0,0.0,0.0,0.0,0.0,0.0,0.0,8.0,2.0,1.0
550,4.582376800000001,0,8.0286,2.1437,1.6323,1.4969,0.1754,0.0038,0.0046,0.0003,0.0423,0.0545,0.0024,0.0009,0.0118,0.0002,0.0022,0.0016,0.0001,0.0001,0.0092,0.0013,0.0005,0.0,0.002,0.0984,0.0188,0.0,0.0032,0.0,95.0,0.0,32.0,63.0,30.0,0.0,0.0,0.0,0.0,0.0,0.0,0.0,0.0,0.0,0.0,0.0,0.0,0.0,0.0,0.0,0.0,0.0,0.0,8.0,2.0,1.0
551,4.590405400000002,0,8.4381,1.8557,1.5891,1.4458,0.1677,0.003,0.0042,0.0003,0.0344,0.0452,0.0029,0.0008,0.0129,0.0002,0.0016,0.0022,0.0002,0.0001,0.01,0.0013,0.0005,0.0002,0.0021,0.0905,0.0196,0.0,0.0056,0.0,95.0,0.0,32.0,63.0,30.0,0.0,0.0,0.0,0.0,0.0,0.0,0.0,0.0,0.0,0.0,0.0,0.0,0.0,0.0,0.0,0.0,0.0,0.0,8.0,2.0,1.0
552,4.598843500000002,0,8.3595,1.8483,1.652,1.3909,0.1597,0.0029,0.0039,0.0002,0.0384,0.0477,0.0023,0.0013,0.0118,0.0002,0.0017,0.0015,0.0001,0.0001,0.0089,0.0017,0.0005,0.0001,0.002,0.0897,0.017,0.0001,0.0057,0.0,95.0,0.0,32.0,63.0,30.0,0.0,0.0,0.0,0.0,0.0,0.0,0.0,0.0,0.0,0.0,0.0,0.0,0.0,0.0,0.0,0.0,0.0,0.0,8.0,2.0,1.0
553,4.607203000000002,0,8.2787,1.911,1.6212,1.3623,0.1542,0.0041,0.0045,0.0003,0.0309,0.0429,0.0024,0.0014,0.0095,0.0002,0.0015,0.0022,0.0001,0.0001,0.0096,0.0013,0.0005,0.0,0.0021,0.0831,0.0143,0.0001,0.0051,0.0,95.0,0.0,32.0,63.0,30.0,0.0,0.0,0.0,0.0,0.0,0.0,0.0,0.0,0.0,0.0,0.0,0.0,0.0,0.0,0.0,0.0,0.0,0.0,8.0,2.0,1.0
554,4.615481700000002,0,8.4158,1.7447,1.6258,1.3842,0.1866,0.0036,0.0039,0.0002,0.0452,0.0561,0.0025,0.001,0.0113,0.0003,0.0015,0.0023,0.0001,0.0001,0.0091,0.0019,0.0005,0.0,0.0026,0.1009,0.0199,0.0,0.0061,0.0,95.0,0.0,32.0,63.0,30.0,0.0,0.0,0.0,0.0,0.0,0.0,0.0,0.0,0.0,0.0,0.0,0.0,0.0,0.0,0.0,0.0,0.0,0.0,8.0,2.0,1.0
555,4.623897500000002,0,8.1231,1.7154,1.5264,1.3535,0.145,0.0042,0.0042,0.0007,0.0277,0.0392,0.0026,0.0009,0.009,0.0001,0.002,0.0015,0.0001,0.0001,0.0091,0.0016,0.0005,0.0001,0.0019,0.0794,0.0135,0.0,0.0053,0.0,95.0,0.0,32.0,63.0,30.0,0.0,0.0,0.0,0.0,0.0,0.0,0.0,0.0,0.0,0.0,0.0,0.0,0.0,0.0,0.0,0.0,0.0,0.0,8.0,2.0,1.0
556,4.6320206000000015,0,8.3621,1.6372,1.4912,1.3406,0.1591,0.0035,0.0039,0.0002,0.0392,0.0495,0.0021,0.0008,0.0099,0.0002,0.0014,0.0015,0.0002,0.0001,0.0088,0.0016,0.0005,0.0,0.002,0.0893,0.0143,0.0,0.0058,0.0,95.0,0.0,32.0,63.0,30.0,0.0,0.0,0.0,0.0,0.0,0.0,0.0,0.0,0.0,0.0,0.0,0.0,0.0,0.0,0.0,0.0,0.0,0.0,8.0,2.0,1.0
557,4.640382700000002,0,8.5549,1.6827,1.7081,1.3263,0.1813,0.0037,0.0052,0.0002,0.0421,0.0551,0.0025,0.0008,0.0116,0.0005,0.0019,0.0017,0.0001,0.0002,0.009,0.0014,0.0005,0.0001,0.0029,0.0987,0.0162,0.0,0.008,0.0,95.0,0.0,32.0,63.0,30.0,0.0,0.0,0.0,0.0,0.0,0.0,0.0,0.0,0.0,0.0,0.0,0.0,0.0,0.0,0.0,0.0,0.0,0.0,8.0,2.0,1.0
558,4.648937600000002,0,8.0947,1.6778,1.5028,1.2412,0.1599,0.0029,0.0039,0.0002,0.0386,0.0481,0.0024,0.0008,0.0116,0.0006,0.0014,0.0016,0.0001,0.0001,0.0085,0.0013,0.0009,0.0001,0.0022,0.0909,0.0169,0.0,0.0048,0.0,95.0,0.0,32.0,63.0,30.0,0.0,0.0,0.0,0.0,0.0,0.0,0.0,0.0,0.0,0.0,0.0,0.0,0.0,0.0,0.0,0.0,0.0,0.0,8.0,2.0,1.0
559,4.657032300000002,0,8.3619,1.6627,1.4735,1.3702,0.1527,0.0029,0.004,0.0002,0.0329,0.0424,0.0026,0.0007,0.0117,0.0001,0.0017,0.002,0.0001,0.0001,0.0088,0.0012,0.0005,0.0,0.0019,0.0842,0.0139,0.0,0.0059,0.0,95.0,0.0,32.0,63.0,30.0,0.0,0.0,0.0,0.0,0.0,0.0,0.0,0.0,0.0,0.0,0.0,0.0,0.0,0.0,0.0,0.0,0.0,0.0,8.0,2.0,1.0
560,4.6653942000000015,0,8.3061,1.6902,1.5306,1.2947,0.1693,0.003,0.0039,0.0002,0.0437,0.0538,0.0023,0.0009,0.0122,0.0002,0.0017,0.0021,0.0001,0.0001,0.008,0.0014,0.0006,0.0,0.002,0.096,0.0182,0.0001,0.0056,0.0,95.0,0.0,32.0,63.0,30.0,0.0,0.0,0.0,0.0,0.0,0.0,0.0,0.0,0.0,0.0,0.0,0.0,0.0,0.0,0.0,0.0,0.0,0.0,8.0,2.0,1.0
561,4.673700300000002,0,8.3129,1.616,1.4779,1.3671,0.1667,0.0043,0.0043,0.0002,0.0394,0.0509,0.0026,0.0009,0.0108,0.0002,0.0014,0.002,0.0001,0.0002,0.0093,0.0014,0.0005,0.0001,0.0025,0.0937,0.0174,0.0,0.0059,0.0,95.0,0.0,32.0,63.0,30.0,0.0,0.0,0.0,0.0,0.0,0.0,0.0,0.0,0.0,0.0,0.0,0.0,0.0,0.0,0.0,0.0,0.0,0.0,8.0,2.0,1.0
562,4.682013200000002,0,8.2647,1.799,1.41,1.3768,0.1569,0.0029,0.004,0.0002,0.0413,0.0507,0.0027,0.0009,0.0114,0.0001,0.0018,0.0013,0.0001,0.0001,0.009,0.0012,0.0005,0.0,0.0021,0.0912,0.0139,0.0,0.0056,0.0,95.0,0.0,32.0,63.0,30.0,0.0,0.0,0.0,0.0,0.0,0.0,0.0,0.0,0.0,0.0,0.0,0.0,0.0,0.0,0.0,0.0,0.0,0.0,8.0,2.0,1.0
563,4.690277900000002,0,8.4524,1.7555,1.4868,1.2673,0.1469,0.0046,0.0042,0.0002,0.0293,0.041,0.0024,0.0008,0.0087,0.0001,0.0014,0.0016,0.0001,0.0001,0.0083,0.0017,0.0004,0.0001,0.0023,0.0806,0.0156,0.0,0.0048,0.0,95.0,0.0,32.0,63.0,30.0,0.0,0.0,0.0,0.0,0.0,0.0,0.0,0.0,0.0,0.0,0.0,0.0,0.0,0.0,0.0,0.0,0.0,0.0,8.0,2.0,1.0
564,4.698730300000002,0,8.313,1.6866,1.4405,1.3886,0.1571,0.0032,0.0038,0.0001,0.0372,0.0473,0.0023,0.0009,0.0116,0.0001,0.0016,0.002,0.0002,0.0002,0.0079,0.0016,0.0005,0.0001,0.002,0.0892,0.0148,0.0001,0.0054,0.0,95.0,0.0,32.0,63.0,30.0,0.0,0.0,0.0,0.0,0.0,0.0,0.0,0.0,0.0,0.0,0.0,0.0,0.0,0.0,0.0,0.0,0.0,0.0,8.0,2.0,1.0
565,4.707043300000002,0,8.3726,1.5589,1.586,1.2846,0.1492,0.0037,0.0042,0.0003,0.0278,0.0388,0.0021,0.001,0.0113,0.0002,0.0017,0.0022,0.0001,0.0002,0.0083,0.0012,0.0005,0.0001,0.0021,0.0815,0.0158,0.0,0.0066,0.0,95.0,0.0,32.0,63.0,30.0,0.0,0.0,0.0,0.0,0.0,0.0,0.0,0.0,0.0,0.0,0.0,0.0,0.0,0.0,0.0,0.0,0.0,0.0,8.0,2.0,1.0
566,4.715415900000003,0,8.3902,1.7141,1.5404,1.4321,0.1548,0.0034,0.0037,0.0002,0.0347,0.0445,0.0025,0.0009,0.0115,0.0002,0.0015,0.0019,0.0001,0.0001,0.0086,0.0018,0.0005,0.0001,0.0025,0.0867,0.0158,0.0,0.0052,0.0,95.0,0.0,32.0,63.0,30.0,0.0,0.0,0.0,0.0,0.0,0.0,0.0,0.0,0.0,0.0,0.0,0.0,0.0,0.0,0.0,0.0,0.0,0.0,8.0,2.0,1.0
567,4.723806100000003,0,8.272,1.6,1.4856,1.4888,0.1594,0.0033,0.005,0.0003,0.0297,0.0406,0.0023,0.0009,0.0124,0.0002,0.0016,0.0019,0.0001,0.0001,0.0089,0.0013,0.0005,0.0001,0.0021,0.0845,0.0191,0.0001,0.0063,0.0,95.0,0.0,32.0,63.0,30.0,0.0,0.0,0.0,0.0,0.0,0.0,0.0,0.0,0.0,0.0,0.0,0.0,0.0,0.0,0.0,0.0,0.0,0.0,8.0,2.0,1.0
568,4.7320781000000025,0,8.2635,1.5967,1.5071,1.24,0.1548,0.0027,0.0036,0.0002,0.0405,0.0495,0.0022,0.0008,0.0093,0.0001,0.0018,0.0015,0.0001,0.0004,0.0087,0.0012,0.0005,0.0001,0.0021,0.0878,0.0146,0.0,0.0054,0.0,95.0,0.0,32.0,63.0,30.0,0.0,0.0,0.0,0.0,0.0,0.0,0.0,0.0,0.0,0.0,0.0,0.0,0.0,0.0,0.0,0.0,0.0,0.0,8.0,2.0,1.0
569,4.7403416000000025,0,8.409,1.6739,1.4966,1.2517,0.1544,0.004,0.0047,0.0001,0.031,0.043,0.0023,0.001,0.0101,0.0001,0.0014,0.0016,0.0005,0.0001,0.009,0.0018,0.0005,0.0001,0.0022,0.0842,0.0135,0.0,0.0055,0.0,95.0,0.0,32.0,63.0,30.0,0.0,0.0,0.0,0.0,0.0,0.0,0.0,0.0,0.0,0.0,0.0,0.0,0.0,0.0,0.0,0.0,0.0,0.0,8.0,2.0,1.0
570,4.748750600000003,0,8.3477,1.6144,1.5175,1.4223,0.1667,0.0038,0.0043,0.0002,0.0452,0.0563,0.0025,0.0008,0.0105,0.0007,0.0015,0.0022,0.0001,0.0001,0.0093,0.0012,0.0005,0.0001,0.0021,0.0981,0.015,0.0001,0.0068,0.0,95.0,0.0,32.0,63.0,30.0,0.0,0.0,0.0,0.0,0.0,0.0,0.0,0.0,0.0,0.0,0.0,0.0,0.0,0.0,0.0,0.0,0.0,0.0,8.0,2.0,1.0
571,4.757098300000003,0,8.3441,1.6048,1.6114,1.2221,0.1523,0.0043,0.004,0.0002,0.0327,0.0439,0.0022,0.0008,0.0112,0.0002,0.0017,0.0021,0.0001,0.0001,0.0088,0.0019,0.0005,0.0001,0.0019,0.0858,0.0157,0.0,0.0051,0.0,95.0,0.0,32.0,63.0,30.0,0.0,0.0,0.0,0.0,0.0,0.0,0.0,0.0,0.0,0.0,0.0,0.0,0.0,0.0,0.0,0.0,0.0,0.0,8.0,2.0,1.0
572,4.765442400000003,0,8.2468,1.6607,1.4526,1.3401,0.1776,0.0031,0.0043,0.0002,0.0454,0.0555,0.0023,0.0011,0.0117,0.0007,0.0016,0.002,0.0001,0.0001,0.0088,0.0019,0.0005,0.0001,0.0026,0.0994,0.0132,0.0,0.0057,0.0,95.0,0.0,32.0,63.0,30.0,0.0,0.0,0.0,0.0,0.0,0.0,0.0,0.0,0.0,0.0,0.0,0.0,0.0,0.0,0.0,0.0,0.0,0.0,8.0,2.0,1.0
573,4.773689200000003,0,8.3083,1.6784,1.4446,1.4204,0.1636,0.0037,0.0037,0.0002,0.0398,0.0504,0.0028,0.001,0.0123,0.0002,0.0016,0.0025,0.0001,0.0001,0.0087,0.0013,0.0005,0.0,0.0021,0.0946,0.0149,0.0,0.0054,0.0,95.0,0.0,32.0,63.0,30.0,0.0,0.0,0.0,0.0,0.0,0.0,0.0,0.0,0.0,0.0,0.0,0.0,0.0,0.0,0.0,0.0,0.0,0.0,8.0,2.0,1.0
574,4.781997500000004,0,8.3822,1.6572,1.5124,1.2911,0.1615,0.003,0.0043,0.0002,0.0394,0.0498,0.0024,0.0009,0.0114,0.0005,0.0016,0.0015,0.0001,0.0001,0.0085,0.0013,0.0009,0.0,0.002,0.0913,0.0185,0.0001,0.0062,0.0,95.0,0.0,32.0,63.0,30.0,0.0,0.0,0.0,0.0,0.0,0.0,0.0,0.0,0.0,0.0,0.0,0.0,0.0,0.0,0.0,0.0,0.0,0.0,8.0,2.0,1.0
575,4.7903797000000035,0,8.3643,1.5841,1.3944,1.413,0.1487,0.0029,0.0041,0.0002,0.0297,0.0393,0.0023,0.0009,0.0091,0.0001,0.0016,0.0022,0.0001,0.0001,0.0085,0.0015,0.0005,0.0001,0.0019,0.079,0.0156,0.0001,0.0046,0.0,95.0,0.0,32.0,63.0,30.0,0.0,0.0,0.0,0.0,0.0,0.0,0.0,0.0,0.0,0.0,0.0,0.0,0.0,0.0,0.0,0.0,0.0,0.0,8.0,2.0,1.0
576,4.798744000000004,0,8.2737,1.618,1.5237,1.437,0.1624,0.0033,0.0036,0.0002,0.0375,0.0474,0.0024,0.0008,0.0122,0.0002,0.0016,0.0016,0.0001,0.0001,0.0084,0.0013,0.0005,0.0001,0.0022,0.0898,0.0203,0.0001,0.0055,0.0,95.0,0.0,32.0,63.0,30.0,0.0,0.0,0.0,0.0,0.0,0.0,0.0,0.0,0.0,0.0,0.0,0.0,0.0,0.0,0.0,0.0,0.0,0.0,8.0,2.0,1.0
577,4.807017700000004,0,8.4355,1.6016,1.5716,1.4622,0.1501,0.0031,0.0038,0.0002,0.0285,0.0381,0.0024,0.0008,0.0109,0.0001,0.0016,0.002,0.0001,0.0001,0.0081,0.0012,0.0004,0.0001,0.0019,0.0788,0.0164,0.0001,0.0049,0.0,95.0,0.0,32.0,63.0,30.0,0.0,0.0,0.0,0.0,0.0,0.0,0.0,0.0,0.0,0.0,0.0,0.0,0.0,0.0,0.0,0.0,0.0,0.0,8.0,2.0,1.0
578,4.815453200000004,0,8.2558,1.6808,1.4983,1.3461,0.1629,0.004,0.0047,0.0002,0.0367,0.0484,0.0026,0.0009,0.0111,0.0002,0.0015,0.002,0.0001,0.0001,0.0095,0.0013,0.0005,0.0001,0.0023,0.0904,0.0189,0.0,0.005,0.0,95.0,0.0,32.0,63.0,30.0,0.0,0.0,0.0,0.0,0.0,0.0,0.0,0.0,0.0,0.0,0.0,0.0,0.0,0.0,0.0,0.0,0.0,0.0,8.0,2.0,1.0
579,4.823709000000004,0,8.2863,1.6108,1.4639,1.4087,0.1481,0.0049,0.0059,0.0002,0.0239,0.038,0.0026,0.0007,0.0108,0.0002,0.002,0.0014,0.0001,0.0001,0.0083,0.0013,0.0005,0.0001,0.0021,0.0788,0.0156,0.0,0.0061,0.0,95.0,0.0,32.0,63.0,30.0,0.0,0.0,0.0,0.0,0.0,0.0,0.0,0.0,0.0,0.0,0.0,0.0,0.0,0.0,0.0,0.0,0.0,0.0,8.0,2.0,1.0
580,4.8319953000000035,0,8.3553,1.7306,1.4642,1.3186,0.1652,0.003,0.004,0.0002,0.0385,0.0482,0.0024,0.0014,0.0127,0.0005,0.0015,0.0015,0.0,0.0001,0.0093,0.0015,0.0005,0.0,0.0021,0.0921,0.0172,0.0001,0.0055,0.0,95.0,0.0,32.0,63.0,30.0,0.0,0.0,0.0,0.0,0.0,0.0,0.0,0.0,0.0,0.0,0.0,0.0,0.0,0.0,0.0,0.0,0.0,0.0,8.0,2.0,1.0
581,4.840350600000003,0,8.4252,1.7011,1.4825,1.4216,0.1695,0.0048,0.0072,0.0002,0.0335,0.0484,0.0024,0.0009,0.0105,0.0003,0.0017,0.0021,0.0001,0.0002,0.0093,0.0018,0.0005,0.0001,0.002,0.0905,0.0184,0.0,0.0052,0.0,95.0,0.0,32.0,63.0,30.0,0.0,0.0,0.0,0.0,0.0,0.0,0.0,0.0,0.0,0.0,0.0,0.0,0.0,0.0,0.0,0.0,0.0,0.0,8.0,2.0,1.0
582,4.848775800000003,0,8.2959,1.6531,1.5481,1.2508,0.1612,0.0028,0.0043,0.0002,0.041,0.0506,0.0023,0.0009,0.0112,0.0002,0.0016,0.0016,0.0001,0.0002,0.0095,0.0012,0.0005,0.0001,0.0022,0.0944,0.0142,0.0001,0.0052,0.0,95.0,0.0,32.0,63.0,30.0,0.0,0.0,0.0,0.0,0.0,0.0,0.0,0.0,0.0,0.0,0.0,0.0,0.0,0.0,0.0,0.0,0.0,0.0,8.0,2.0,1.0
583,4.857071700000003,0,8.2546,1.6347,1.4675,1.3492,0.1524,0.004,0.0038,0.0002,0.031,0.0417,0.0026,0.0012,0.0122,0.0002,0.0016,0.0022,0.0001,0.0001,0.0093,0.0013,0.0005,0.0,0.0025,0.0845,0.0145,0.0001,0.0055,0.0,95.0,0.0,32.0,63.0,30.0,0.0,0.0,0.0,0.0,0.0,0.0,0.0,0.0,0.0,0.0,0.0,0.0,0.0,0.0,0.0,0.0,0.0,0.0,8.0,2.0,1.0
584,4.865326300000003,0,8.3376,1.6707,1.4252,1.334,0.1607,0.0028,0.0041,0.0001,0.0438,0.0531,0.0022,0.0011,0.0102,0.0002,0.0018,0.0014,0.0002,0.0001,0.0085,0.0012,0.0005,0.0,0.002,0.093,0.0157,0.0,0.0053,0.0,95.0,0.0,32.0,63.0,30.0,0.0,0.0,0.0,0.0,0.0,0.0,0.0,0.0,0.0,0.0,0.0,0.0,0.0,0.0,0.0,0.0,0.0,0.0,8.0,2.0,1.0
585,4.873663900000003,0,8.3458,1.6159,1.4555,1.3661,0.1501,0.0024,0.0036,0.0002,0.0311,0.0404,0.0022,0.0012,0.0118,0.0005,0.0014,0.0016,0.0005,0.0001,0.0081,0.0012,0.0008,0.0001,0.002,0.0831,0.0153,0.0,0.006,0.0,95.0,0.0,32.0,63.0,30.0,0.0,0.0,0.0,0.0,0.0,0.0,0.0,0.0,0.0,0.0,0.0,0.0,0.0,0.0,0.0,0.0,0.0,0.0,8.0,2.0,1.0
586,4.882009700000003,0,8.3292,1.7666,1.4569,1.4234,0.1478,0.0026,0.0039,0.0002,0.0388,0.0475,0.0024,0.0008,0.0093,0.0001,0.0012,0.0013,0.0,0.0001,0.0081,0.0012,0.0005,0.0001,0.002,0.0839,0.0139,0.0,0.006,0.0,95.0,0.0,32.0,63.0,30.0,0.0,0.0,0.0,0.0,0.0,0.0,0.0,0.0,0.0,0.0,0.0,0.0,0.0,0.0,0.0,0.0,0.0,0.0,8.0,2.0,1.0
587,4.890338900000003,0,8.2719,1.7476,1.3847,1.2624,0.1373,0.003,0.0041,0.0002,0.0279,0.0372,0.0021,0.0013,0.0087,0.0001,0.0012,0.0021,0.0,0.0001,0.0082,0.0013,0.0005,0.0,0.002,0.0744,0.012,0.0001,0.0055,0.0,95.0,0.0,32.0,63.0,30.0,0.0,0.0,0.0,0.0,0.0,0.0,0.0,0.0,0.0,0.0,0.0,0.0,0.0,0.0,0.0,0.0,0.0,0.0,8.0,2.0,1.0
588,4.898610800000004,0,8.6434,1.6239,1.5855,1.4623,0.1761,0.0056,0.0051,0.0009,0.0406,0.0549,0.0023,0.0012,0.0111,0.0001,0.002,0.0017,0.0007,0.0001,0.0087,0.0017,0.0006,0.0001,0.002,0.0974,0.0165,0.0,0.0048,0.0,95.0,0.0,32.0,63.0,30.0,0.0,0.0,0.0,0.0,0.0,0.0,0.0,0.0,0.0,0.0,0.0,0.0,0.0,0.0,0.0,0.0,0.0,0.0,8.0,2.0,1.0
589,4.907254200000004,0,8.5095,1.7614,1.8609,1.6272,0.1737,0.0034,0.0044,0.0002,0.0345,0.0455,0.003,0.0014,0.0146,0.0001,0.0018,0.0019,0.0004,0.0001,0.0094,0.0015,0.0005,0.0001,0.0028,0.0947,0.0181,0.0,0.0065,0.0,95.0,0.0,32.0,63.0,30.0,0.0,0.0,0.0,0.0,0.0,0.0,0.0,0.0,0.0,0.0,0.0,0.0,0.0,0.0,0.0,0.0,0.0,0.0,8.0,2.0,1.0
590,4.915763700000004,0,8.1676,1.8453,1.7969,1.4537,0.1705,0.004,0.0044,0.0002,0.0418,0.0538,0.0022,0.0011,0.0113,0.0001,0.0017,0.0019,0.0003,0.0001,0.0095,0.0012,0.0005,0.0001,0.002,0.0972,0.0148,0.0,0.0051,0.0,95.0,0.0,32.0,63.0,30.0,0.0,0.0,0.0,0.0,0.0,0.0,0.0,0.0,0.0,0.0,0.0,0.0,0.0,0.0,0.0,0.0,0.0,0.0,8.0,2.0,1.0
591,4.923931300000004,0,8.4625,1.8345,1.7671,1.4676,0.1778,0.0046,0.0043,0.0003,0.0348,0.0469,0.0029,0.0011,0.0127,0.0007,0.0018,0.0023,0.0001,0.0001,0.0102,0.0013,0.0006,0.0001,0.0021,0.0947,0.0192,0.0,0.006,0.0,95.0,0.0,32.0,63.0,30.0,0.0,0.0,0.0,0.0,0.0,0.0,0.0,0.0,0.0,0.0,0.0,0.0,0.0,0.0,0.0,0.0,0.0,0.0,8.0,2.0,1.0
592,4.932393800000004,0,8.3372,1.7948,1.9081,1.3972,0.1647,0.0011,0.0058,0.0002,0.036,0.0461,0.0026,0.0009,0.0117,0.0001,0.0017,0.0016,0.0,0.0001,0.0108,0.0016,0.0008,0.0001,0.0026,0.095,0.0137,0.0,0.0062,0.0,95.0,0.0,32.0,63.0,30.0,0.0,0.0,0.0,0.0,0.0,0.0,0.0,0.0,0.0,0.0,0.0,0.0,0.0,0.0,0.0,0.0,0.0,0.0,8.0,2.0,1.0
593,4.940731000000004,0,8.1389,1.7533,1.7499,1.5967,0.1763,0.0043,0.0047,0.0003,0.0324,0.0448,0.0024,0.0011,0.0131,0.0002,0.0017,0.0023,0.0001,0.0004,0.01,0.0016,0.0006,0.0001,0.0023,0.0939,0.0207,0.0,0.0053,0.0,95.0,0.0,32.0,63.0,30.0,0.0,0.0,0.0,0.0,0.0,0.0,0.0,0.0,0.0,0.0,0.0,0.0,0.0,0.0,0.0,0.0,0.0,0.0,8.0,2.0,1.0
594,4.948869900000004,0,8.6791,1.931,1.7533,1.5609,0.1894,0.0046,0.0043,0.0003,0.0432,0.0552,0.003,0.0017,0.0125,0.0001,0.0018,0.0019,0.0002,0.0002,0.0095,0.0012,0.0005,0.0001,0.0027,0.1019,0.0209,0.0001,0.0062,0.0,95.0,0.0,32.0,63.0,30.0,0.0,0.0,0.0,0.0,0.0,0.0,0.0,0.0,0.0,0.0,0.0,0.0,0.0,0.0,0.0,0.0,0.0,0.0,8.0,2.0,1.0
595,4.957549000000004,0,8.0801,1.9961,1.8928,1.4417,0.1646,0.0043,0.0049,0.0003,0.0307,0.0431,0.003,0.0009,0.0125,0.0001,0.0021,0.0022,0.0001,0.0001,0.0095,0.0013,0.0004,0.0002,0.0022,0.0885,0.0161,0.0,0.005,0.0,95.0,0.0,32.0,63.0,30.0,0.0,0.0,0.0,0.0,0.0,0.0,0.0,0.0,0.0,0.0,0.0,0.0,0.0,0.0,0.0,0.0,0.0,0.0,8.0,2.0,1.0
596,4.965629100000004,0,8.3199,1.7964,1.7111,1.3944,0.1812,0.0034,0.0046,0.0002,0.045,0.0564,0.0023,0.0009,0.0108,0.0001,0.0016,0.0023,0.0001,0.0001,0.0095,0.0014,0.0005,0.0001,0.0025,0.1011,0.0191,0.0,0.007,0.0,95.0,0.0,32.0,63.0,30.0,0.0,0.0,0.0,0.0,0.0,0.0,0.0,0.0,0.0,0.0,0.0,0.0,0.0,0.0,0.0,0.0,0.0,0.0,8.0,2.0,1.0
597,4.973949000000004,0,8.5554,1.8603,1.9489,1.3793,0.179,0.0039,0.0041,0.0003,0.0405,0.0518,0.0024,0.001,0.0122,0.0002,0.0016,0.0023,0.0001,0.0001,0.0097,0.0013,0.0005,0.0001,0.0021,0.0974,0.0173,0.0001,0.0066,0.0,95.0,0.0,32.0,63.0,30.0,0.0,0.0,0.0,0.0,0.0,0.0,0.0,0.0,0.0,0.0,0.0,0.0,0.0,0.0,0.0,0.0,0.0,0.0,8.0,2.0,1.0
598,4.982504400000003,0,8.2992,1.8071,1.9406,1.7411,0.2251,0.0035,0.0059,0.0004,0.0588,0.0726,0.0028,0.002,0.0153,0.0002,0.0026,0.0017,0.0005,0.0001,0.01,0.0013,0.0005,0.0001,0.0034,0.128,0.0249,0.0001,0.006,0.0,95.0,0.0,32.0,63.0,30.0,0.0,0.0,0.0,0.0,0.0,0.0,0.0,0.0,0.0,0.0,0.0,0.0,0.0,0.0,0.0,0.0,0.0,0.0,8.0,2.0,1.0
599,4.990803600000003,0,8.2755,1.965,1.8113,1.6861,0.1734,0.0031,0.0056,0.0003,0.0334,0.0452,0.0034,0.0013,0.0184,0.0002,0.0022,0.0022,0.0001,0.0002,0.0091,0.0014,0.0005,0.0002,0.0021,0.0976,0.0181,0.0,0.0051,0.0,95.0,0.0,32.0,63.0,30.0,0.0,0.0,0.0,0.0,0.0,0.0,0.0,0.0,0.0,0.0,0.0,0.0,0.0,0.0,0.0,0.0,0.0,0.0,8.0,2.0,1.0
600,4.999079100000003,0,8.2573,1.8859,1.7784,1.5116,0.1654,0.0031,0.004,0.0002,0.0393,0.049,0.0022,0.0014,0.0118,0.0003,0.0016,0.0021,0.0001,0.0001,0.0092,0.0015,0.0005,0.0001,0.0024,0.0922,0.0192,0.0,0.0054,0.0,95.0,0.0,32.0,63.0,30.0,0.0,0.0,0.0,0.0,0.0,0.0,0.0,0.0,0.0,0.0,0.0,0.0,0.0,0.0,0.0,0.0,0.0,0.0,8.0,2.0,1.0
601,5.007336400000003,0,8.446,1.8266,1.9272,1.5697,0.1817,0.0051,0.0047,0.0002,0.0353,0.0482,0.0029,0.0009,0.0129,0.0002,0.0022,0.0018,0.0001,0.0001,0.0093,0.0017,0.0005,0.0001,0.0027,0.0957,0.0202,0.0,0.006,0.0,95.0,0.0,32.0,63.0,30.0,0.0,0.0,0.0,0.0,0.0,0.0,0.0,0.0,0.0,0.0,0.0,0.0,0.0,0.0,0.0,0.0,0.0,0.0,8.0,2.0,1.0
602,5.0157824000000035,0,8.1993,1.8476,1.8142,1.4475,0.1727,0.0029,0.004,0.0002,0.0426,0.0521,0.003,0.0014,0.0123,0.0001,0.0016,0.0019,0.0001,0.0001,0.0091,0.0019,0.0005,0.0,0.0022,0.0967,0.0162,0.0,0.0057,0.0,95.0,0.0,32.0,63.0,30.0,0.0,0.0,0.0,0.0,0.0,0.0,0.0,0.0,0.0,0.0,0.0,0.0,0.0,0.0,0.0,0.0,0.0,0.0,8.0,2.0,1.0
603,5.023981700000004,0,8.2749,1.7731,1.7287,1.3985,0.1741,0.0037,0.0045,0.0003,0.0369,0.0483,0.0026,0.001,0.0118,0.0001,0.0023,0.0017,0.0001,0.0001,0.0094,0.0015,0.0005,0.0002,0.002,0.0923,0.0164,0.0001,0.0047,0.0,95.0,0.0,32.0,63.0,30.0,0.0,0.0,0.0,0.0,0.0,0.0,0.0,0.0,0.0,0.0,0.0,0.0,0.0,0.0,0.0,0.0,0.0,0.0,8.0,2.0,1.0
604,5.032256600000004,0,8.5204,1.8181,1.8584,1.6092,0.1737,0.0044,0.004,0.0009,0.0381,0.0502,0.0028,0.001,0.0128,0.0001,0.0022,0.0017,0.0002,0.0001,0.0093,0.0014,0.0005,0.0001,0.0027,0.096,0.0184,0.0,0.0063,0.0,95.0,0.0,32.0,63.0,30.0,0.0,0.0,0.0,0.0,0.0,0.0,0.0,0.0,0.0,0.0,0.0,0.0,0.0,0.0,0.0,0.0,0.0,0.0,8.0,2.0,1.0
605,5.040777000000004,0,8.3019,1.776,1.8851,1.5539,0.1754,0.0035,0.0048,0.0001,0.0374,0.049,0.0029,0.0014,0.0124,0.0001,0.0016,0.0024,0.0001,0.0001,0.0096,0.0015,0.0006,0.0001,0.0025,0.0954,0.0196,0.0,0.0063,0.0,95.0,0.0,32.0,63.0,30.0,0.0,0.0,0.0,0.0,0.0,0.0,0.0,0.0,0.0,0.0,0.0,0.0,0.0,0.0,0.0,0.0,0.0,0.0,8.0,2.0,1.0
606,5.049078900000004,0,8.2649,1.8246,1.7649,1.5339,0.1739,0.0028,0.0036,0.0003,0.0417,0.0521,0.0034,0.0016,0.0146,0.0002,0.0027,0.0022,0.0002,0.0001,0.01,0.0013,0.0005,0.0001,0.0021,0.1015,0.0164,0.0,0.0062,0.0,95.0,0.0,32.0,63.0,30.0,0.0,0.0,0.0,0.0,0.0,0.0,0.0,0.0,0.0,0.0,0.0,0.0,0.0,0.0,0.0,0.0,0.0,0.0,8.0,2.0,1.0
607,5.057343800000004,0,8.2177,1.8412,1.6616,1.5259,0.166,0.0045,0.0068,0.0002,0.0266,0.0405,0.0027,0.0009,0.0121,0.0006,0.0017,0.0017,0.0001,0.0001,0.0096,0.0013,0.0005,0.0001,0.0021,0.086,0.0189,0.0,0.006,0.0,95.0,0.0,32.0,63.0,30.0,0.0,0.0,0.0,0.0,0.0,0.0,0.0,0.0,0.0,0.0,0.0,0.0,0.0,0.0,0.0,0.0,0.0,0.0,8.0,2.0,1.0
608,5.065561500000005,0,8.4586,1.9005,1.8345,1.5601,0.1724,0.0033,0.0045,0.0002,0.0436,0.0544,0.0024,0.0009,0.0106,0.0002,0.0016,0.0017,0.0001,0.0002,0.0093,0.0013,0.0005,0.0001,0.0024,0.0972,0.0168,0.0001,0.0056,0.0,95.0,0.0,32.0,63.0,30.0,0.0,0.0,0.0,0.0,0.0,0.0,0.0,0.0,0.0,0.0,0.0,0.0,0.0,0.0,0.0,0.0,0.0,0.0,8.0,2.0,1.0
609,5.074020100000005,0,8.352,1.8365,1.8221,1.5052,0.1758,0.0035,0.0044,0.0003,0.0423,0.0543,0.0022,0.0011,0.0112,0.0006,0.0015,0.0015,0.0002,0.0001,0.0097,0.0014,0.0005,0.0001,0.0023,0.0974,0.0164,0.0,0.0064,0.0,95.0,0.0,32.0,63.0,30.0,0.0,0.0,0.0,0.0,0.0,0.0,0.0,0.0,0.0,0.0,0.0,0.0,0.0,0.0,0.0,0.0,0.0,0.0,8.0,2.0,1.0
610,5.082372100000005,0,8.2656,1.9296,1.9686,1.4327,0.1798,0.0039,0.0041,0.0009,0.045,0.0564,0.003,0.0012,0.0132,0.0001,0.0022,0.0018,0.0001,0.0001,0.0092,0.0014,0.0006,0.0001,0.0021,0.1028,0.0188,0.0001,0.0067,0.0,95.0,0.0,32.0,63.0,30.0,0.0,0.0,0.0,0.0,0.0,0.0,0.0,0.0,0.0,0.0,0.0,0.0,0.0,0.0,0.0,0.0,0.0,0.0,8.0,2.0,1.0
611,5.090637700000005,0,8.2804,1.7736,1.521,1.4277,0.1685,0.0059,0.0071,0.0002,0.0288,0.0451,0.0023,0.0007,0.0102,0.0001,0.0016,0.0016,0.0005,0.0001,0.0095,0.0018,0.0005,0.0001,0.002,0.0878,0.0158,0.0001,0.0056,0.0,95.0,0.0,32.0,63.0,30.0,0.0,0.0,0.0,0.0,0.0,0.0,0.0,0.0,0.0,0.0,0.0,0.0,0.0,0.0,0.0,0.0,0.0,0.0,8.0,2.0,1.0
612,5.098918100000005,0,8.5408,1.7415,1.9306,1.5328,0.1904,0.0037,0.0047,0.0003,0.0425,0.0547,0.0028,0.0013,0.0129,0.0001,0.0021,0.0017,0.0001,0.0002,0.0105,0.0016,0.0007,0.0001,0.0023,0.1043,0.0216,0.0,0.0057,0.0,95.0,0.0,32.0,63.0,30.0,0.0,0.0,0.0,0.0,0.0,0.0,0.0,0.0,0.0,0.0,0.0,0.0,0.0,0.0,0.0,0.0,0.0,0.0,8.0,2.0,1.0
613,5.107458900000005,0,8.1452,1.7741,1.7185,1.3447,0.1692,0.0043,0.0044,0.0003,0.0315,0.0435,0.0028,0.0012,0.0123,0.0002,0.0016,0.0023,0.0002,0.0001,0.0096,0.0012,0.0006,0.0001,0.002,0.0889,0.0182,0.0,0.0055,0.0,95.0,0.0,32.0,63.0,30.0,0.0,0.0,0.0,0.0,0.0,0.0,0.0,0.0,0.0,0.0,0.0,0.0,0.0,0.0,0.0,0.0,0.0,0.0,8.0,2.0,1.0
614,5.115604100000005,0,8.3004,1.8551,1.6943,1.493,0.1653,0.0036,0.0045,0.0002,0.0381,0.0492,0.0029,0.0008,0.0106,0.0002,0.0015,0.0021,0.0002,0.0001,0.0094,0.0012,0.0005,0.0002,0.002,0.09,0.0164,0.0,0.0058,0.0,95.0,0.0,32.0,63.0,30.0,0.0,0.0,0.0,0.0,0.0,0.0,0.0,0.0,0.0,0.0,0.0,0.0,0.0,0.0,0.0,0.0,0.0,0.0,8.0,2.0,1.0
615,5.123904500000005,0,8.2937,1.7397,1.6176,1.5861,0.1649,0.0045,0.0049,0.0002,0.0354,0.0483,0.003,0.0014,0.012,0.0002,0.002,0.0022,0.0002,0.0002,0.0094,0.0014,0.0005,0.0001,0.002,0.092,0.0135,0.0,0.0054,0.0,95.0,0.0,32.0,63.0,30.0,0.0,0.0,0.0,0.0,0.0,0.0,0.0,0.0,0.0,0.0,0.0,0.0,0.0,0.0,0.0,0.0,0.0,0.0,8.0,2.0,1.0
616,5.132198200000006,0,8.2505,1.7222,1.6255,1.3215,0.1776,0.0045,0.0046,0.0007,0.0465,0.0589,0.0029,0.001,0.0125,0.0002,0.002,0.0017,0.0001,0.0001,0.0092,0.0017,0.0005,0.0001,0.002,0.1035,0.0163,0.0,0.0047,0.0,95.0,0.0,32.0,63.0,30.0,0.0,0.0,0.0,0.0,0.0,0.0,0.0,0.0,0.0,0.0,0.0,0.0,0.0,0.0,0.0,0.0,0.0,0.0,8.0,2.0,1.0
617,5.140448700000006,0,8.403,1.7739,1.5818,1.4137,0.1726,0.0034,0.0041,0.0003,0.0413,0.0521,0.0021,0.0008,0.0088,0.0002,0.0061,0.0023,0.0001,0.0002,0.0098,0.0017,0.0005,0.0001,0.0019,0.0951,0.0183,0.0,0.0046,0.0,95.0,0.0,32.0,63.0,30.0,0.0,0.0,0.0,0.0,0.0,0.0,0.0,0.0,0.0,0.0,0.0,0.0,0.0,0.0,0.0,0.0,0.0,0.0,8.0,2.0,1.0
618,5.148851700000006,0,8.3435,1.9021,1.7061,1.4761,0.1863,0.0031,0.0045,0.0003,0.0451,0.0556,0.0026,0.0011,0.0128,0.0001,0.0017,0.0024,0.0001,0.0002,0.0105,0.0016,0.0006,0.0001,0.0022,0.1034,0.0203,0.0001,0.006,0.0,95.0,0.0,32.0,63.0,30.0,0.0,0.0,0.0,0.0,0.0,0.0,0.0,0.0,0.0,0.0,0.0,0.0,0.0,0.0,0.0,0.0,0.0,0.0,8.0,2.0,1.0
619,5.157195200000006,0,8.284,1.9929,1.6594,1.427,0.1702,0.0056,0.0065,0.0001,0.0256,0.0407,0.0024,0.0011,0.011,0.0001,0.0017,0.0021,0.0002,0.0001,0.0094,0.0012,0.0005,0.0001,0.002,0.0847,0.0226,0.0001,0.0057,0.0,95.0,0.0,32.0,63.0,30.0,0.0,0.0,0.0,0.0,0.0,0.0,0.0,0.0,0.0,0.0,0.0,0.0,0.0,0.0,0.0,0.0,0.0,0.0,8.0,2.0,1.0
620,5.165479200000005,0,8.5734,1.9217,1.6723,1.5481,0.1616,0.0029,0.0036,0.0002,0.0431,0.053,0.0024,0.0008,0.01,0.0001,0.0015,0.0021,0.0001,0.0001,0.0089,0.0012,0.0005,0.0002,0.002,0.0927,0.0135,0.0001,0.0058,0.0,95.0,0.0,32.0,63.0,30.0,0.0,0.0,0.0,0.0,0.0,0.0,0.0,0.0,0.0,0.0,0.0,0.0,0.0,0.0,0.0,0.0,0.0,0.0,8.0,2.0,1.0
621,5.174052600000006,0,8.2772,1.8157,1.7723,1.3696,0.1747,0.004,0.0051,0.0003,0.0363,0.0487,0.0023,0.0011,0.0127,0.0002,0.0017,0.0017,0.0002,0.0002,0.0092,0.0014,0.0005,0.0001,0.0026,0.0939,0.0194,0.0,0.005,0.0,95.0,0.0,32.0,63.0,30.0,0.0,0.0,0.0,0.0,0.0,0.0,0.0,0.0,0.0,0.0,0.0,0.0,0.0,0.0,0.0,0.0,0.0,0.0,8.0,2.0,1.0
622,5.182329800000006,0,8.5877,1.7853,1.9258,1.4473,0.1982,0.0046,0.0052,0.0003,0.0445,0.0589,0.0028,0.0016,0.0145,0.0001,0.003,0.0027,0.0002,0.0006,0.0123,0.0022,0.0006,0.0002,0.0024,0.1139,0.0186,0.0001,0.0061,0.0,95.0,0.0,32.0,63.0,30.0,0.0,0.0,0.0,0.0,0.0,0.0,0.0,0.0,0.0,0.0,0.0,0.0,0.0,0.0,0.0,0.0,0.0,0.0,8.0,2.0,1.0
623,5.190917500000006,0,8.0447,1.9631,1.8226,1.7745,0.1688,0.0037,0.0035,0.0003,0.0309,0.0417,0.0029,0.0011,0.0137,0.0002,0.0017,0.0024,0.0001,0.0001,0.0099,0.0016,0.0005,0.0001,0.0022,0.0899,0.0176,0.0,0.0058,0.0,95.0,0.0,32.0,63.0,30.0,0.0,0.0,0.0,0.0,0.0,0.0,0.0,0.0,0.0,0.0,0.0,0.0,0.0,0.0,0.0,0.0,0.0,0.0,8.0,2.0,1.0
624,5.198962200000006,0,8.3138,1.7791,1.7196,1.4767,0.1799,0.0033,0.0043,0.0003,0.042,0.0528,0.0029,0.0009,0.0127,0.0001,0.0023,0.0018,0.0001,0.0005,0.0097,0.0014,0.0005,0.0001,0.0031,0.0999,0.018,0.0,0.0046,0.0,95.0,0.0,32.0,63.0,30.0,0.0,0.0,0.0,0.0,0.0,0.0,0.0,0.0,0.0,0.0,0.0,0.0,0.0,0.0,0.0,0.0,0.0,0.0,8.0,2.0,1.0
625,5.207276000000006,0,8.247,1.875,1.7348,1.5064,0.1813,0.0044,0.0058,0.0003,0.0332,0.0466,0.0038,0.0011,0.0142,0.0001,0.0019,0.0024,0.0001,0.0001,0.0104,0.0013,0.0006,0.0002,0.0024,0.0955,0.0186,0.0,0.0057,0.0,95.0,0.0,32.0,63.0,30.0,0.0,0.0,0.0,0.0,0.0,0.0,0.0,0.0,0.0,0.0,0.0,0.0,0.0,0.0,0.0,0.0,0.0,0.0,8.0,2.0,1.0
626,5.2155230000000055,0,8.5909,1.8306,1.9655,1.6907,0.2361,0.0063,0.0059,0.0003,0.0638,0.0802,0.0031,0.001,0.0134,0.0002,0.0018,0.0022,0.0001,0.0002,0.0103,0.0018,0.0005,0.0001,0.0026,0.1299,0.0239,0.0001,0.0069,0.0,95.0,0.0,32.0,63.0,30.0,0.0,0.0,0.0,0.0,0.0,0.0,0.0,0.0,0.0,0.0,0.0,0.0,0.0,0.0,0.0,0.0,0.0,0.0,8.0,2.0,1.0
627,5.224113900000005,0,8.1835,1.9398,1.4823,1.6325,0.1735,0.0034,0.0039,0.0002,0.0381,0.0482,0.0022,0.0015,0.0119,0.0001,0.0019,0.0023,0.0001,0.0001,0.0097,0.0013,0.0006,0.0001,0.0021,0.0947,0.0172,0.0001,0.0057,0.0,95.0,0.0,32.0,63.0,30.0,0.0,0.0,0.0,0.0,0.0,0.0,0.0,0.0,0.0,0.0,0.0,0.0,0.0,0.0,0.0,0.0,0.0,0.0,8.0,2.0,1.0
628,5.2322974000000055,0,8.4372,1.8953,1.8123,1.6964,0.1957,0.0042,0.005,0.0003,0.0468,0.0597,0.0026,0.001,0.0134,0.0003,0.0017,0.003,0.0002,0.0006,0.0101,0.0016,0.0006,0.0001,0.0024,0.1097,0.0187,0.0,0.005,0.0,95.0,0.0,32.0,63.0,30.0,0.0,0.0,0.0,0.0,0.0,0.0,0.0,0.0,0.0,0.0,0.0,0.0,0.0,0.0,0.0,0.0,0.0,0.0,8.0,2.0,1.0
629,5.240734600000006,0,8.523,1.8274,1.9875,1.5143,0.1803,0.005,0.007,0.0003,0.0296,0.0459,0.0025,0.0009,0.0111,0.0002,0.0017,0.0021,0.0001,0.0001,0.0099,0.0014,0.001,0.0001,0.0022,0.0917,0.0202,0.0,0.0055,0.0,95.0,0.0,32.0,63.0,30.0,0.0,0.0,0.0,0.0,0.0,0.0,0.0,0.0,0.0,0.0,0.0,0.0,0.0,0.0,0.0,0.0,0.0,0.0,8.0,2.0,1.0
630,5.249257600000006,0,8.248,1.8868,2.0098,1.6791,0.2099,0.0033,0.0044,0.0002,0.0472,0.0582,0.003,0.0018,0.0166,0.0001,0.003,0.0023,0.0001,0.0001,0.0105,0.0014,0.0008,0.0002,0.004,0.1168,0.0266,0.0001,0.0047,0.0,95.0,0.0,32.0,63.0,30.0,0.0,0.0,0.0,0.0,0.0,0.0,0.0,0.0,0.0,0.0,0.0,0.0,0.0,0.0,0.0,0.0,0.0,0.0,8.0,2.0,1.0
631,5.257505600000006,0,8.3327,1.8758,1.991,1.5577,0.1741,0.005,0.0043,0.0002,0.0379,0.0498,0.0024,0.0011,0.0122,0.0002,0.0018,0.0023,0.0002,0.0002,0.0103,0.0013,0.0005,0.0002,0.0022,0.0967,0.0186,0.0,0.0054,0.0,95.0,0.0,32.0,63.0,30.0,0.0,0.0,0.0,0.0,0.0,0.0,0.0,0.0,0.0,0.0,0.0,0.0,0.0,0.0,0.0,0.0,0.0,0.0,8.0,2.0,1.0
632,5.265838300000007,0,8.299,1.7773,1.7918,1.5584,0.1872,0.0047,0.0048,0.0003,0.0488,0.061,0.0025,0.001,0.012,0.0002,0.0023,0.0018,0.0001,0.0001,0.0098,0.0019,0.0006,0.0002,0.0026,0.107,0.018,0.0,0.0053,0.0,95.0,0.0,32.0,63.0,30.0,0.0,0.0,0.0,0.0,0.0,0.0,0.0,0.0,0.0,0.0,0.0,0.0,0.0,0.0,0.0,0.0,0.0,0.0,8.0,2.0,1.0
633,5.274137300000007,0,8.3138,2.0985,2.0337,1.6589,0.1814,0.0042,0.0043,0.0003,0.0377,0.0494,0.0022,0.0011,0.0123,0.0006,0.0017,0.0021,0.0001,0.0001,0.0102,0.0013,0.0012,0.0001,0.0021,0.0962,0.0193,0.0,0.0063,0.0,95.0,0.0,32.0,63.0,30.0,0.0,0.0,0.0,0.0,0.0,0.0,0.0,0.0,0.0,0.0,0.0,0.0,0.0,0.0,0.0,0.0,0.0,0.0,8.0,2.0,1.0
634,5.2824511000000065,0,8.0778,1.84,1.76,1.4531,0.1885,0.0043,0.0049,0.0003,0.0386,0.0509,0.0023,0.0011,0.0126,0.0001,0.002,0.0019,0.0001,0.0001,0.0097,0.0018,0.0005,0.0001,0.0023,0.0976,0.0315,0.0001,0.005,0.0,95.0,0.0,32.0,63.0,30.0,0.0,0.0,0.0,0.0,0.0,0.0,0.0,0.0,0.0,0.0,0.0,0.0,0.0,0.0,0.0,0.0,0.0,0.0,8.0,2.0,1.0
635,5.290528900000006,0,8.3984,1.7627,1.6125,1.4627,0.1775,0.0045,0.0043,0.0003,0.0344,0.0468,0.0028,0.001,0.0144,0.0001,0.0016,0.002,0.0006,0.0001,0.0092,0.0013,0.0005,0.0001,0.0022,0.0937,0.018,0.0001,0.0063,0.0,95.0,0.0,32.0,63.0,30.0,0.0,0.0,0.0,0.0,0.0,0.0,0.0,0.0,0.0,0.0,0.0,0.0,0.0,0.0,0.0,0.0,0.0,0.0,8.0,2.0,1.0
636,5.298927300000006,0,8.5223,1.7854,1.8269,1.4804,0.1714,0.0032,0.0043,0.0003,0.0399,0.0503,0.0021,0.0012,0.0115,0.0001,0.0015,0.0023,0.0001,0.0001,0.0097,0.0013,0.0005,0.0002,0.0023,0.0939,0.017,0.0001,0.0051,0.0,95.0,0.0,32.0,63.0,30.0,0.0,0.0,0.0,0.0,0.0,0.0,0.0,0.0,0.0,0.0,0.0,0.0,0.0,0.0,0.0,0.0,0.0,0.0,8.0,2.0,1.0
637,5.307449600000006,0,8.1324,1.8015,1.8776,1.4329,0.1674,0.0047,0.0047,0.0003,0.0305,0.0441,0.0029,0.0009,0.0132,0.0001,0.0021,0.0023,0.0001,0.0001,0.0096,0.0013,0.0005,0.0001,0.0022,0.0902,0.0181,0.0,0.0052,0.0,95.0,0.0,32.0,63.0,30.0,0.0,0.0,0.0,0.0,0.0,0.0,0.0,0.0,0.0,0.0,0.0,0.0,0.0,0.0,0.0,0.0,0.0,0.0,8.0,2.0,1.0
638,5.315582000000006,0,8.4216,1.9134,1.6397,1.6172,0.1825,0.0049,0.0056,0.0002,0.0396,0.0531,0.0026,0.0008,0.0119,0.0002,0.002,0.0017,0.0001,0.0002,0.0096,0.0018,0.0005,0.0001,0.0024,0.0983,0.0195,0.0,0.0059,0.0,95.0,0.0,32.0,63.0,30.0,0.0,0.0,0.0,0.0,0.0,0.0,0.0,0.0,0.0,0.0,0.0,0.0,0.0,0.0,0.0,0.0,0.0,0.0,8.0,2.0,1.0
639,5.324003600000006,0,8.1999,1.807,1.6734,1.3878,0.1625,0.0031,0.0045,0.0003,0.0318,0.0426,0.0025,0.0009,0.0117,0.0003,0.0017,0.002,0.0,0.0001,0.0101,0.0013,0.0007,0.0002,0.0022,0.0875,0.0167,0.0001,0.0048,0.0,95.0,0.0,32.0,63.0,30.0,0.0,0.0,0.0,0.0,0.0,0.0,0.0,0.0,0.0,0.0,0.0,0.0,0.0,0.0,0.0,0.0,0.0,0.0,8.0,2.0,1.0
640,5.3322035000000065,0,8.5732,1.7605,1.8594,1.526,0.1713,0.0028,0.0042,0.0001,0.045,0.055,0.0025,0.001,0.0123,0.0001,0.0022,0.0017,0.0001,0.0001,0.0098,0.0013,0.0009,0.0001,0.0021,0.1004,0.0166,0.0,0.0059,0.0,95.0,0.0,32.0,63.0,30.0,0.0,0.0,0.0,0.0,0.0,0.0,0.0,0.0,0.0,0.0,0.0,0.0,0.0,0.0,0.0,0.0,0.0,0.0,8.0,2.0,1.0
641,5.340776700000006,0,8.2588,1.771,1.8079,1.5397,0.1768,0.0049,0.0049,0.0002,0.0368,0.0497,0.003,0.0014,0.013,0.0002,0.0018,0.0023,0.0001,0.0001,0.009,0.0013,0.0005,0.0001,0.0026,0.0955,0.0195,0.0,0.005,0.0,95.0,0.0,32.0,63.0,30.0,0.0,0.0,0.0,0.0,0.0,0.0,0.0,0.0,0.0,0.0,0.0,0.0,0.0,0.0,0.0,0.0,0.0,0.0,8.0,2.0,1.0
642,5.3490355000000065,0,8.4318,1.9296,1.8889,1.5413,0.1781,0.0043,0.0042,0.0002,0.0398,0.0519,0.0024,0.0009,0.012,0.0002,0.0016,0.0024,0.0002,0.0001,0.0103,0.0013,0.0005,0.0001,0.0022,0.0993,0.0162,0.0,0.0071,0.0,95.0,0.0,32.0,63.0,30.0,0.0,0.0,0.0,0.0,0.0,0.0,0.0,0.0,0.0,0.0,0.0,0.0,0.0,0.0,0.0,0.0,0.0,0.0,8.0,2.0,1.0
643,5.357467300000007,0,8.2574,1.7602,1.8224,1.4731,0.1694,0.0036,0.0038,0.0002,0.0321,0.0427,0.0027,0.0015,0.0135,0.0002,0.0023,0.002,0.0001,0.0001,0.0099,0.0019,0.0005,0.0001,0.0021,0.0902,0.0177,0.0,0.0057,0.0,95.0,0.0,32.0,63.0,30.0,0.0,0.0,0.0,0.0,0.0,0.0,0.0,0.0,0.0,0.0,0.0,0.0,0.0,0.0,0.0,0.0,0.0,0.0,8.0,2.0,1.0
644,5.365724700000007,0,8.279,1.6665,1.7867,1.4381,0.1759,0.0033,0.0055,0.0003,0.0428,0.0542,0.0022,0.0009,0.012,0.0002,0.0023,0.0024,0.0001,0.0001,0.0097,0.0012,0.0004,0.0001,0.002,0.0985,0.0179,0.0,0.0047,0.0,95.0,0.0,32.0,63.0,30.0,0.0,0.0,0.0,0.0,0.0,0.0,0.0,0.0,0.0,0.0,0.0,0.0,0.0,0.0,0.0,0.0,0.0,0.0,8.0,2.0,1.0
645,5.3740037000000065,0,8.4983,2.0052,1.9145,1.4949,0.1927,0.0046,0.0059,0.0002,0.0407,0.0549,0.0032,0.0011,0.0145,0.0002,0.0022,0.0023,0.0001,0.0002,0.0097,0.0014,0.0009,0.0002,0.0021,0.105,0.0182,0.0,0.0054,0.0,95.0,0.0,32.0,63.0,30.0,0.0,0.0,0.0,0.0,0.0,0.0,0.0,0.0,0.0,0.0,0.0,0.0,0.0,0.0,0.0,0.0,0.0,0.0,8.0,2.0,1.0
646,5.382502000000007,0,8.0801,1.8941,1.7475,1.5421,0.1798,0.0033,0.0044,0.0003,0.0411,0.052,0.0025,0.001,0.014,0.0002,0.0022,0.0016,0.0001,0.0001,0.009,0.0014,0.0005,0.0,0.0022,0.0987,0.0199,0.0,0.0064,0.0,95.0,0.0,32.0,63.0,30.0,0.0,0.0,0.0,0.0,0.0,0.0,0.0,0.0,0.0,0.0,0.0,0.0,0.0,0.0,0.0,0.0,0.0,0.0,8.0,2.0,1.0
647,5.390582100000007,0,8.2313,1.7293,1.6174,1.3605,0.1626,0.0054,0.0046,0.0003,0.0296,0.0422,0.0023,0.0011,0.0115,0.0001,0.0022,0.0018,0.0002,0.0001,0.0091,0.0018,0.0005,0.0001,0.0023,0.0892,0.0169,0.0001,0.0044,0.0,95.0,0.0,32.0,63.0,30.0,0.0,0.0,0.0,0.0,0.0,0.0,0.0,0.0,0.0,0.0,0.0,0.0,0.0,0.0,0.0,0.0,0.0,0.0,8.0,2.0,1.0
648,5.398813400000007,0,8.3468,1.7592,1.6207,1.3164,0.1681,0.0053,0.0047,0.0002,0.0367,0.0496,0.0025,0.0008,0.0118,0.0001,0.002,0.0016,0.0001,0.0004,0.0093,0.0016,0.0004,0.0002,0.0021,0.0937,0.0159,0.0,0.0056,0.0,95.0,0.0,32.0,63.0,30.0,0.0,0.0,0.0,0.0,0.0,0.0,0.0,0.0,0.0,0.0,0.0,0.0,0.0,0.0,0.0,0.0,0.0,0.0,8.0,2.0,1.0
649,5.407160200000007,0,8.7289,1.7977,1.6584,1.4438,0.1636,0.0059,0.0052,0.0003,0.0288,0.0433,0.0022,0.001,0.0094,0.0002,0.0022,0.0018,0.0003,0.0005,0.009,0.0012,0.0009,0.0001,0.0018,0.084,0.017,0.0001,0.0061,0.0,95.0,0.0,32.0,63.0,30.0,0.0,0.0,0.0,0.0,0.0,0.0,0.0,0.0,0.0,0.0,0.0,0.0,0.0,0.0,0.0,0.0,0.0,0.0,8.0,2.0,1.0
650,5.415889100000007,0,8.2464,1.7911,2.1762,1.5095,0.1584,0.0032,0.0037,0.0002,0.0422,0.0519,0.0025,0.0008,0.0099,0.0001,0.0015,0.0021,0.0001,0.0002,0.0091,0.0013,0.0005,0.0001,0.0019,0.0912,0.0137,0.0,0.006,0.0,95.0,0.0,32.0,63.0,30.0,0.0,0.0,0.0,0.0,0.0,0.0,0.0,0.0,0.0,0.0,0.0,0.0,0.0,0.0,0.0,0.0,0.0,0.0,8.0,2.0,1.0
651,5.424135500000007,0,8.2517,1.8017,1.6842,1.626,0.1788,0.0049,0.0043,0.0002,0.0374,0.0497,0.0031,0.001,0.0126,0.0005,0.0018,0.0022,0.0001,0.0002,0.0102,0.0013,0.0005,0.0006,0.0022,0.0962,0.0207,0.0,0.0062,0.0,95.0,0.0,32.0,63.0,30.0,0.0,0.0,0.0,0.0,0.0,0.0,0.0,0.0,0.0,0.0,0.0,0.0,0.0,0.0,0.0,0.0,0.0,0.0,8.0,2.0,1.0
652,5.432387200000007,0,8.3309,1.8544,1.9395,1.4456,0.174,0.0053,0.0042,0.0002,0.0399,0.0522,0.003,0.0009,0.012,0.0002,0.0021,0.0016,0.0002,0.0002,0.01,0.0013,0.001,0.0001,0.0022,0.0977,0.0166,0.0,0.0054,0.0,95.0,0.0,32.0,63.0,30.0,0.0,0.0,0.0,0.0,0.0,0.0,0.0,0.0,0.0,0.0,0.0,0.0,0.0,0.0,0.0,0.0,0.0,0.0,8.0,2.0,1.0
653,5.440718100000007,0,8.3902,1.7372,1.8527,1.3286,0.1733,0.0044,0.0059,0.0002,0.0305,0.0438,0.0027,0.001,0.0133,0.0002,0.0017,0.0021,0.0001,0.0001,0.01,0.0013,0.001,0.0001,0.0021,0.0911,0.0204,0.0,0.0055,0.0,95.0,0.0,32.0,63.0,30.0,0.0,0.0,0.0,0.0,0.0,0.0,0.0,0.0,0.0,0.0,0.0,0.0,0.0,0.0,0.0,0.0,0.0,0.0,8.0,2.0,1.0
654,5.449108300000007,0,8.4369,1.8805,2.1121,1.3788,0.185,0.0043,0.0046,0.0002,0.0446,0.0564,0.0028,0.0012,0.0115,0.0002,0.0022,0.0018,0.0001,0.0006,0.0093,0.0013,0.0009,0.0002,0.0021,0.1019,0.0235,0.0001,0.0061,0.0,95.0,0.0,32.0,63.0,30.0,0.0,0.0,0.0,0.0,0.0,0.0,0.0,0.0,0.0,0.0,0.0,0.0,0.0,0.0,0.0,0.0,0.0,0.0,8.0,2.0,1.0
655,5.457545200000007,0,8.1025,1.7848,1.6806,1.4038,0.1662,0.0036,0.0053,0.0004,0.0313,0.0432,0.0025,0.0011,0.0107,0.0002,0.002,0.0018,0.0006,0.0001,0.0096,0.0013,0.0005,0.0001,0.0024,0.0888,0.0168,0.0,0.0054,0.0,95.0,0.0,32.0,63.0,30.0,0.0,0.0,0.0,0.0,0.0,0.0,0.0,0.0,0.0,0.0,0.0,0.0,0.0,0.0,0.0,0.0,0.0,0.0,8.0,2.0,1.0
656,5.465647700000007,0,8.3352,1.7574,1.6694,1.4557,0.1659,0.0042,0.0062,0.0003,0.0392,0.0529,0.0025,0.0011,0.0099,0.0001,0.0016,0.0015,0.0001,0.0002,0.0102,0.0013,0.0005,0.0001,0.0023,0.0941,0.0138,0.0001,0.0054,0.0,95.0,0.0,32.0,63.0,30.0,0.0,0.0,0.0,0.0,0.0,0.0,0.0,0.0,0.0,0.0,0.0,0.0,0.0,0.0,0.0,0.0,0.0,0.0,8.0,2.0,1.0
657,5.473982900000007,0,8.6763,1.8062,2.0164,1.3229,0.1848,0.005,0.0053,0.0002,0.0355,0.0487,0.0025,0.0014,0.0132,0.0002,0.0023,0.002,0.0001,0.0001,0.0099,0.0014,0.0006,0.0001,0.0022,0.1002,0.0179,0.0,0.0058,0.0,95.0,0.0,32.0,63.0,30.0,0.0,0.0,0.0,0.0,0.0,0.0,0.0,0.0,0.0,0.0,0.0,0.0,0.0,0.0,0.0,0.0,0.0,0.0,8.0,2.0,1.0
658,5.482659200000008,0,8.1397,1.8841,2.0024,1.4247,0.1711,0.0045,0.0044,0.0003,0.0395,0.0519,0.0026,0.0011,0.0124,0.0001,0.002,0.0018,0.0001,0.0001,0.0097,0.0018,0.0005,0.0002,0.0021,0.0967,0.0166,0.0,0.0045,0.0,95.0,0.0,32.0,63.0,30.0,0.0,0.0,0.0,0.0,0.0,0.0,0.0,0.0,0.0,0.0,0.0,0.0,0.0,0.0,0.0,0.0,0.0,0.0,8.0,2.0,1.0
659,5.490798900000008,0,8.3838,1.8339,1.9006,1.5253,0.1679,0.0039,0.0035,0.0003,0.0338,0.0441,0.0024,0.0008,0.0126,0.0001,0.0017,0.0022,0.0001,0.0001,0.0097,0.0013,0.0005,0.0,0.0022,0.0897,0.0221,0.0,0.0056,0.0,95.0,0.0,32.0,63.0,30.0,0.0,0.0,0.0,0.0,0.0,0.0,0.0,0.0,0.0,0.0,0.0,0.0,0.0,0.0,0.0,0.0,0.0,0.0,8.0,2.0,1.0
660,5.4991827000000075,0,8.163,1.7671,1.8349,1.4454,0.1746,0.0057,0.0047,0.0003,0.0391,0.0524,0.0023,0.0011,0.0114,0.0001,0.0016,0.0023,0.0001,0.0001,0.0098,0.0012,0.0004,0.0004,0.0021,0.0967,0.0168,0.0,0.005,0.0,95.0,0.0,32.0,63.0,30.0,0.0,0.0,0.0,0.0,0.0,0.0,0.0,0.0,0.0,0.0,0.0,0.0,0.0,0.0,0.0,0.0,0.0,0.0,8.0,2.0,1.0
661,5.507345700000007,0,8.4805,1.724,1.8936,1.4667,0.167,0.0049,0.0048,0.0002,0.0335,0.0458,0.0026,0.0009,0.0119,0.0001,0.002,0.0017,0.0001,0.0001,0.0099,0.0013,0.0005,0.0001,0.0022,0.0898,0.0162,0.0,0.0057,0.0,95.0,0.0,32.0,63.0,30.0,0.0,0.0,0.0,0.0,0.0,0.0,0.0,0.0,0.0,0.0,0.0,0.0,0.0,0.0,0.0,0.0,0.0,0.0,8.0,2.0,1.0
662,5.515826200000007,0,8.2192,1.8293,1.8161,1.4947,0.1674,0.0033,0.0043,0.0002,0.0426,0.0531,0.0023,0.0011,0.0117,0.0001,0.0018,0.0021,0.0001,0.0001,0.0091,0.0013,0.0005,0.0001,0.002,0.0962,0.0144,0.0,0.0052,0.0,95.0,0.0,32.0,63.0,30.0,0.0,0.0,0.0,0.0,0.0,0.0,0.0,0.0,0.0,0.0,0.0,0.0,0.0,0.0,0.0,0.0,0.0,0.0,8.0,2.0,1.0
663,5.524045400000007,0,8.4916,1.7768,1.8772,1.4656,0.1866,0.0044,0.0051,0.0003,0.036,0.048,0.003,0.0011,0.0106,0.0001,0.0018,0.0029,0.0003,0.0002,0.0109,0.0018,0.0006,0.0001,0.0025,0.0975,0.0196,0.0001,0.0055,0.0,95.0,0.0,32.0,63.0,30.0,0.0,0.0,0.0,0.0,0.0,0.0,0.0,0.0,0.0,0.0,0.0,0.0,0.0,0.0,0.0,0.0,0.0,0.0,8.0,2.0,1.0
664,5.532537000000008,0,8.2895,1.9175,2.0956,1.5882,0.229,0.0054,0.0053,0.0004,0.059,0.0729,0.0033,0.0014,0.0161,0.0002,0.0028,0.0023,0.0002,0.0001,0.0117,0.0013,0.001,0.0002,0.0035,0.134,0.0265,0.0,0.0055,0.0,95.0,0.0,32.0,63.0,30.0,0.0,0.0,0.0,0.0,0.0,0.0,0.0,0.0,0.0,0.0,0.0,0.0,0.0,0.0,0.0,0.0,0.0,0.0,8.0,2.0,1.0
665,5.540826500000008,0,8.1535,1.8875,1.724,1.7144,0.1622,0.0042,0.0049,0.0002,0.0303,0.0425,0.0031,0.0011,0.0098,0.0002,0.0018,0.0022,0.0002,0.0002,0.0092,0.0013,0.0005,0.0001,0.0021,0.085,0.019,0.0,0.005,0.0,95.0,0.0,32.0,63.0,30.0,0.0,0.0,0.0,0.0,0.0,0.0,0.0,0.0,0.0,0.0,0.0,0.0,0.0,0.0,0.0,0.0,0.0,0.0,8.0,2.0,1.0
666,5.548980000000007,0,8.4497,1.8218,1.862,1.5395,0.1758,0.0041,0.0049,0.0003,0.0393,0.0514,0.0024,0.0011,0.012,0.0002,0.0017,0.002,0.0002,0.0001,0.0103,0.0013,0.0005,0.0001,0.0023,0.0966,0.019,0.0,0.0057,0.0,95.0,0.0,32.0,63.0,30.0,0.0,0.0,0.0,0.0,0.0,0.0,0.0,0.0,0.0,0.0,0.0,0.0,0.0,0.0,0.0,0.0,0.0,0.0,8.0,2.0,1.0
667,5.557429700000007,0,8.3496,1.7194,2.0021,1.4346,0.1726,0.0032,0.004,0.0003,0.0394,0.051,0.003,0.0009,0.0133,0.0001,0.001,0.001,0.0001,0.0001,0.008,0.0012,0.0002,0.0,0.0033,0.0945,0.0219,0.0,0.0077,0.0,95.0,0.0,32.0,63.0,30.0,0.0,0.0,0.0,0.0,0.0,0.0,0.0,0.0,0.0,0.0,0.0,0.0,0.0,0.0,0.0,0.0,0.0,0.0,8.0,2.0,1.0
668,5.565779300000007,0,8.3168,1.9012,1.6874,1.6193,0.1829,0.0048,0.0065,0.0003,0.0393,0.0546,0.0024,0.0011,0.011,0.0007,0.0018,0.0022,0.0001,0.0001,0.0092,0.0012,0.0006,0.0001,0.0023,0.0995,0.0169,0.0,0.0073,0.0,95.0,0.0,32.0,63.0,30.0,0.0,0.0,0.0,0.0,0.0,0.0,0.0,0.0,0.0,0.0,0.0,0.0,0.0,0.0,0.0,0.0,0.0,0.0,8.0,2.0,1.0
669,5.574096100000007,0,8.2939,1.8801,1.8814,1.4126,0.1808,0.0042,0.0048,0.0003,0.0389,0.0514,0.0024,0.0013,0.0126,0.0001,0.0016,0.0022,0.0002,0.0001,0.0099,0.0013,0.0009,0.0001,0.0022,0.099,0.0191,0.0,0.0054,0.0,95.0,0.0,32.0,63.0,30.0,0.0,0.0,0.0,0.0,0.0,0.0,0.0,0.0,0.0,0.0,0.0,0.0,0.0,0.0,0.0,0.0,0.0,0.0,8.0,2.0,1.0
670,5.582390000000007,0,8.2504,1.8483,1.7682,1.4096,0.1731,0.0037,0.0047,0.0002,0.0448,0.0567,0.0029,0.0014,0.0123,0.0002,0.0018,0.0015,0.0001,0.0001,0.0092,0.0011,0.0005,0.0001,0.0018,0.0999,0.0145,0.0001,0.0057,0.0,95.0,0.0,32.0,63.0,30.0,0.0,0.0,0.0,0.0,0.0,0.0,0.0,0.0,0.0,0.0,0.0,0.0,0.0,0.0,0.0,0.0,0.0,0.0,8.0,2.0,1.0
671,5.590640400000007,0,8.3699,1.9212,1.8252,1.4941,0.1857,0.0041,0.0046,0.0003,0.0398,0.0522,0.0029,0.0012,0.0139,0.0006,0.0017,0.0023,0.0002,0.0001,0.0101,0.0014,0.0005,0.0005,0.0022,0.1011,0.0191,0.0,0.006,0.0,95.0,0.0,32.0,63.0,30.0,0.0,0.0,0.0,0.0,0.0,0.0,0.0,0.0,0.0,0.0,0.0,0.0,0.0,0.0,0.0,0.0,0.0,0.0,8.0,2.0,1.0
672,5.599010300000007,0,8.3676,1.8561,1.7083,2.1349,0.1813,0.0039,0.0045,0.0003,0.0479,0.0597,0.0028,0.001,0.0118,0.0001,0.0022,0.0017,0.0001,0.0001,0.0097,0.0014,0.0011,0.0001,0.0021,0.1049,0.0175,0.0001,0.0053,0.0,95.0,0.0,32.0,63.0,30.0,0.0,0.0,0.0,0.0,0.0,0.0,0.0,0.0,0.0,0.0,0.0,0.0,0.0,0.0,0.0,0.0,0.0,0.0,8.0,2.0,1.0
673,5.607377900000007,0,8.3104,1.7895,1.7851,1.5438,0.1705,0.0044,0.0045,0.0002,0.0324,0.0445,0.0027,0.001,0.0122,0.0002,0.0022,0.0023,0.0001,0.0002,0.0098,0.0013,0.0005,0.0001,0.0021,0.0903,0.0191,0.0,0.0063,0.0,95.0,0.0,32.0,63.0,30.0,0.0,0.0,0.0,0.0,0.0,0.0,0.0,0.0,0.0,0.0,0.0,0.0,0.0,0.0,0.0,0.0,0.0,0.0,8.0,2.0,1.0
674,5.615688300000007,0,8.4125,1.8574,1.8962,1.5001,0.19,0.0046,0.0046,0.0003,0.0428,0.0553,0.0028,0.0011,0.013,0.0001,0.0022,0.0018,0.0001,0.0003,0.0093,0.0024,0.0006,0.0001,0.0024,0.1078,0.0183,0.0,0.0055,0.0,95.0,0.0,32.0,63.0,30.0,0.0,0.0,0.0,0.0,0.0,0.0,0.0,0.0,0.0,0.0,0.0,0.0,0.0,0.0,0.0,0.0,0.0,0.0,8.0,2.0,1.0
675,5.624100800000007,0,8.2568,1.9116,1.7433,1.6791,0.168,0.0037,0.005,0.0003,0.0358,0.0474,0.0025,0.001,0.0115,0.0002,0.0023,0.0017,0.0001,0.0001,0.0104,0.0017,0.0006,0.0002,0.0022,0.0925,0.0161,0.0,0.006,0.0,95.0,0.0,32.0,63.0,30.0,0.0,0.0,0.0,0.0,0.0,0.0,0.0,0.0,0.0,0.0,0.0,0.0,0.0,0.0,0.0,0.0,0.0,0.0,8.0,2.0,1.0
676,5.632357600000007,0,8.2837,1.7799,1.8977,1.3496,0.1773,0.0031,0.0047,0.0002,0.051,0.062,0.0021,0.0009,0.0102,0.0001,0.0017,0.0017,0.0,0.0001,0.0104,0.0012,0.0005,0.0001,0.0025,0.1032,0.016,0.0,0.0064,0.0,95.0,0.0,32.0,63.0,30.0,0.0,0.0,0.0,0.0,0.0,0.0,0.0,0.0,0.0,0.0,0.0,0.0,0.0,0.0,0.0,0.0,0.0,0.0,8.0,2.0,1.0
677,5.640641300000007,0,8.3802,1.7183,1.6457,1.3756,0.1857,0.0035,0.0049,0.0002,0.042,0.0539,0.0022,0.0011,0.012,0.0002,0.0017,0.0022,0.0001,0.0001,0.0101,0.0014,0.0005,0.0001,0.0021,0.1001,0.0184,0.0,0.0061,0.0,95.0,0.0,32.0,63.0,30.0,0.0,0.0,0.0,0.0,0.0,0.0,0.0,0.0,0.0,0.0,0.0,0.0,0.0,0.0,0.0,0.0,0.0,0.0,8.0,2.0,1.0
678,5.649021500000007,0,8.3593,1.9912,1.7247,1.5506,0.1872,0.0031,0.0042,0.0002,0.0543,0.0648,0.003,0.001,0.0122,0.0001,0.0016,0.0017,0.0001,0.0001,0.0102,0.0013,0.0006,0.0001,0.0023,0.1101,0.018,0.0001,0.0062,0.0,95.0,0.0,32.0,63.0,30.0,0.0,0.0,0.0,0.0,0.0,0.0,0.0,0.0,0.0,0.0,0.0,0.0,0.0,0.0,0.0,0.0,0.0,0.0,8.0,2.0,1.0
679,5.657380800000007,0,8.1659,1.9481,1.8455,1.6938,0.1645,0.0043,0.0055,0.0002,0.0299,0.0425,0.0025,0.0011,0.0116,0.0002,0.0021,0.0018,0.0002,0.0004,0.0094,0.0013,0.0005,0.0001,0.0023,0.0877,0.0167,0.0,0.005,0.0,95.0,0.0,32.0,63.0,30.0,0.0,0.0,0.0,0.0,0.0,0.0,0.0,0.0,0.0,0.0,0.0,0.0,0.0,0.0,0.0,0.0,0.0,0.0,8.0,2.0,1.0
680,5.665546700000007,0,8.4307,1.7908,1.6307,1.4734,0.1876,0.0035,0.0047,0.0002,0.0541,0.0658,0.0025,0.0009,0.0116,0.0001,0.0017,0.0024,0.0001,0.0001,0.01,0.0013,0.0005,0.0001,0.0021,0.1112,0.0167,0.0,0.0068,0.0,95.0,0.0,32.0,63.0,30.0,0.0,0.0,0.0,0.0,0.0,0.0,0.0,0.0,0.0,0.0,0.0,0.0,0.0,0.0,0.0,0.0,0.0,0.0,8.0,2.0,1.0
681,5.673977400000007,0,8.2272,1.8427,1.7889,1.6793,0.2046,0.0034,0.0048,0.0001,0.0429,0.0544,0.0034,0.0014,0.0155,0.0002,0.0025,0.0018,0.0001,0.0002,0.0102,0.0015,0.0004,0.0001,0.0035,0.1107,0.0267,0.0,0.0051,0.0,95.0,0.0,32.0,63.0,30.0,0.0,0.0,0.0,0.0,0.0,0.0,0.0,0.0,0.0,0.0,0.0,0.0,0.0,0.0,0.0,0.0,0.0,0.0,8.0,2.0,1.0
682,5.6822046000000075,0,8.436,1.7771,1.7668,1.442,0.1711,0.0037,0.0037,0.0001,0.0426,0.0533,0.0032,0.0011,0.0122,0.0001,0.002,0.0018,0.0001,0.0001,0.0083,0.0013,0.0005,0.0001,0.0021,0.0978,0.0194,0.0001,0.0053,0.0,95.0,0.0,32.0,63.0,30.0,0.0,0.0,0.0,0.0,0.0,0.0,0.0,0.0,0.0,0.0,0.0,0.0,0.0,0.0,0.0,0.0,0.0,0.0,8.0,2.0,1.0
683,5.690640600000007,0,8.5017,1.7207,1.6722,1.4504,0.1496,0.0034,0.0043,0.0002,0.0323,0.0431,0.002,0.0008,0.0091,0.0002,0.0019,0.0018,0.0001,0.0001,0.0098,0.0013,0.0005,0.0,0.0018,0.0834,0.0146,0.0,0.006,0.0,95.0,0.0,32.0,63.0,30.0,0.0,0.0,0.0,0.0,0.0,0.0,0.0,0.0,0.0,0.0,0.0,0.0,0.0,0.0,0.0,0.0,0.0,0.0,8.0,2.0,1.0
684,5.699142300000007,0,8.402,1.9486,1.9919,1.6071,0.1765,0.0033,0.0041,0.0002,0.0412,0.0517,0.0026,0.0014,0.0126,0.0002,0.0017,0.0025,0.0001,0.0002,0.0091,0.0014,0.0006,0.0001,0.0024,0.0972,0.0185,0.0,0.0052,0.0,95.0,0.0,32.0,63.0,30.0,0.0,0.0,0.0,0.0,0.0,0.0,0.0,0.0,0.0,0.0,0.0,0.0,0.0,0.0,0.0,0.0,0.0,0.0,8.0,2.0,1.0
685,5.7075443000000075,0,8.0688,1.8672,1.8418,1.6904,0.171,0.0034,0.0044,0.0002,0.0352,0.0458,0.0024,0.0011,0.0131,0.0002,0.0016,0.0018,0.0004,0.0001,0.0094,0.0018,0.0005,0.0002,0.0021,0.093,0.0172,0.0001,0.0061,0.0,95.0,0.0,32.0,63.0,30.0,0.0,0.0,0.0,0.0,0.0,0.0,0.0,0.0,0.0,0.0,0.0,0.0,0.0,0.0,0.0,0.0,0.0,0.0,8.0,2.0,1.0
686,5.715613100000008,0,8.3,1.8251,1.5513,1.4366,0.1762,0.0043,0.0043,0.0002,0.0392,0.0512,0.0032,0.0008,0.0128,0.0001,0.0018,0.0016,0.0006,0.0001,0.0097,0.0014,0.0006,0.0002,0.0022,0.0974,0.0183,0.0,0.0058,0.0,95.0,0.0,32.0,63.0,30.0,0.0,0.0,0.0,0.0,0.0,0.0,0.0,0.0,0.0,0.0,0.0,0.0,0.0,0.0,0.0,0.0,0.0,0.0,8.0,2.0,1.0
687,5.723913100000008,0,8.3505,1.7723,1.7114,1.4949,0.1767,0.0037,0.005,0.0002,0.0371,0.0492,0.0026,0.0011,0.0142,0.0002,0.0015,0.002,0.0001,0.0001,0.0111,0.0017,0.0006,0.0001,0.0027,0.0992,0.0187,0.0001,0.006,0.0,95.0,0.0,32.0,63.0,30.0,0.0,0.0,0.0,0.0,0.0,0.0,0.0,0.0,0.0,0.0,0.0,0.0,0.0,0.0,0.0,0.0,0.0,0.0,8.0,2.0,1.0
688,5.732263600000008,0,8.6011,1.8561,1.8978,1.5418,0.1918,0.0047,0.0048,0.0003,0.0477,0.0609,0.0025,0.001,0.0123,0.0002,0.0021,0.0017,0.0001,0.0001,0.0095,0.0014,0.0005,0.0001,0.0025,0.1067,0.0221,0.0,0.0057,0.0,95.0,0.0,32.0,63.0,30.0,0.0,0.0,0.0,0.0,0.0,0.0,0.0,0.0,0.0,0.0,0.0,0.0,0.0,0.0,0.0,0.0,0.0,0.0,8.0,2.0,1.0
689,5.7408647000000075,0,8.2179,2.0354,1.8855,2.2196,0.1746,0.0053,0.0046,0.0002,0.0293,0.0429,0.0025,0.001,0.0117,0.0002,0.0015,0.0023,0.0001,0.0001,0.01,0.0013,0.0009,0.0001,0.0018,0.088,0.0203,0.0001,0.0057,0.0,95.0,0.0,32.0,63.0,30.0,0.0,0.0,0.0,0.0,0.0,0.0,0.0,0.0,0.0,0.0,0.0,0.0,0.0,0.0,0.0,0.0,0.0,0.0,8.0,2.0,1.0
690,5.7490826000000075,0,8.4242,1.9656,1.9626,1.5621,0.1949,0.0057,0.0053,0.0003,0.046,0.0609,0.0029,0.001,0.0109,0.0005,0.0016,0.0023,0.0001,0.0001,0.011,0.0014,0.0004,0.0002,0.0024,0.1082,0.0177,0.0,0.0059,0.0,95.0,0.0,32.0,63.0,30.0,0.0,0.0,0.0,0.0,0.0,0.0,0.0,0.0,0.0,0.0,0.0,0.0,0.0,0.0,0.0,0.0,0.0,0.0,8.0,2.0,1.0
691,5.757506800000008,0,8.216,1.9019,1.8557,1.7753,0.1836,0.0052,0.0051,0.0003,0.0383,0.0518,0.0022,0.001,0.0129,0.0002,0.0022,0.0019,0.0001,0.0001,0.0104,0.0015,0.0006,0.0001,0.0026,0.0994,0.0186,0.0001,0.0064,0.0,95.0,0.0,32.0,63.0,30.0,0.0,0.0,0.0,0.0,0.0,0.0,0.0,0.0,0.0,0.0,0.0,0.0,0.0,0.0,0.0,0.0,0.0,0.0,8.0,2.0,1.0
692,5.765722800000008,0,8.3039,1.9497,1.783,1.5193,0.182,0.0034,0.0044,0.0006,0.0469,0.0583,0.0025,0.0012,0.0117,0.0001,0.002,0.0019,0.0001,0.0001,0.0096,0.0014,0.0005,0.0001,0.0027,0.1039,0.0181,0.0,0.005,0.0,95.0,0.0,32.0,63.0,30.0,0.0,0.0,0.0,0.0,0.0,0.0,0.0,0.0,0.0,0.0,0.0,0.0,0.0,0.0,0.0,0.0,0.0,0.0,8.0,2.0,1.0
693,5.774026700000007,0,8.4878,1.9122,1.9113,1.4758,0.1503,0.004,0.0036,0.0003,0.0329,0.0436,0.002,0.0008,0.0113,0.0001,0.0016,0.0017,0.0001,0.0001,0.0092,0.0012,0.0005,0.0004,0.0019,0.0841,0.0127,0.0,0.0057,0.0,95.0,0.0,32.0,63.0,30.0,0.0,0.0,0.0,0.0,0.0,0.0,0.0,0.0,0.0,0.0,0.0,0.0,0.0,0.0,0.0,0.0,0.0,0.0,8.0,2.0,1.0
694,5.7825145000000076,0,7.9882,1.8433,1.6953,1.4164,0.1737,0.0031,0.0042,0.0003,0.0441,0.0543,0.0025,0.0009,0.0128,0.0001,0.0015,0.0022,0.0001,0.0001,0.0099,0.0013,0.0005,0.0002,0.002,0.0987,0.0192,0.0001,0.006,0.0,95.0,0.0,32.0,63.0,30.0,0.0,0.0,0.0,0.0,0.0,0.0,0.0,0.0,0.0,0.0,0.0,0.0,0.0,0.0,0.0,0.0,0.0,0.0,8.0,2.0,1.0
695,5.790502700000007,0,8.5749,1.7169,1.7797,1.3316,0.1473,0.003,0.0034,0.0001,0.0301,0.0393,0.0025,0.0008,0.0088,0.0002,0.0016,0.0015,0.0001,0.0001,0.0088,0.0013,0.001,0.0001,0.0021,0.0797,0.0168,0.0,0.0058,0.0,95.0,0.0,32.0,63.0,30.0,0.0,0.0,0.0,0.0,0.0,0.0,0.0,0.0,0.0,0.0,0.0,0.0,0.0,0.0,0.0,0.0,0.0,0.0,8.0,2.0,1.0
696,5.7990776000000075,0,8.2169,1.7477,1.6838,1.4229,0.1673,0.0033,0.004,0.0003,0.0441,0.0542,0.0027,0.0011,0.0118,0.0002,0.0022,0.0015,0.0001,0.0006,0.0084,0.0012,0.0006,0.0001,0.0022,0.0967,0.0167,0.0001,0.0057,0.0,95.0,0.0,32.0,63.0,30.0,0.0,0.0,0.0,0.0,0.0,0.0,0.0,0.0,0.0,0.0,0.0,0.0,0.0,0.0,0.0,0.0,0.0,0.0,8.0,2.0,1.0
697,5.807294500000007,0,8.561,2.0475,1.9529,1.8627,0.1667,0.0033,0.007,0.0003,0.03,0.0431,0.0021,0.0009,0.0119,0.0001,0.002,0.0016,0.0001,0.0002,0.0094,0.0012,0.0005,0.0001,0.002,0.0865,0.0176,0.0,0.0063,0.0,95.0,0.0,32.0,63.0,30.0,0.0,0.0,0.0,0.0,0.0,0.0,0.0,0.0,0.0,0.0,0.0,0.0,0.0,0.0,0.0,0.0,0.0,0.0,8.0,2.0,1.0
698,5.815855500000008,0,8.2045,1.8909,1.8483,1.6536,0.1774,0.0036,0.0038,0.0002,0.0424,0.0532,0.003,0.001,0.0126,0.0002,0.0023,0.0017,0.0003,0.0001,0.0095,0.0014,0.0005,0.0001,0.0027,0.1004,0.0172,0.0001,0.0058,0.0,95.0,0.0,32.0,63.0,30.0,0.0,0.0,0.0,0.0,0.0,0.0,0.0,0.0,0.0,0.0,0.0,0.0,0.0,0.0,0.0,0.0,0.0,0.0,8.0,2.0,1.0
699,5.824060000000007,0,8.3498,1.8412,1.8116,1.45,0.1867,0.0036,0.0043,0.0011,0.0392,0.0515,0.0026,0.0009,0.0127,0.0002,0.0023,0.002,0.0001,0.0001,0.0115,0.0013,0.0005,0.0002,0.0024,0.1023,0.0203,0.0,0.006,0.0,95.0,0.0,32.0,63.0,30.0,0.0,0.0,0.0,0.0,0.0,0.0,0.0,0.0,0.0,0.0,0.0,0.0,0.0,0.0,0.0,0.0,0.0,0.0,8.0,2.0,1.0
700,5.832409800000008,0,8.4391,1.9218,1.9786,1.4999,0.1888,0.0043,0.0047,0.0003,0.0469,0.0591,0.0025,0.0018,0.0128,0.0001,0.0016,0.0022,0.0001,0.0001,0.01,0.0014,0.001,0.0001,0.0022,0.107,0.0166,0.0001,0.0062,0.0,95.0,0.0,32.0,63.0,30.0,0.0,0.0,0.0,0.0,0.0,0.0,0.0,0.0,0.0,0.0,0.0,0.0,0.0,0.0,0.0,0.0,0.0,0.0,8.0,2.0,1.0
701,5.840848900000008,0,8.4074,1.9014,2.0023,1.667,0.1845,0.0033,0.005,0.0003,0.0429,0.0547,0.0024,0.001,0.0123,0.0002,0.0015,0.0022,0.0001,0.0001,0.0109,0.0013,0.0005,0.0004,0.0022,0.103,0.0212,0.0,0.0075,0.0,95.0,0.0,32.0,63.0,30.0,0.0,0.0,0.0,0.0,0.0,0.0,0.0,0.0,0.0,0.0,0.0,0.0,0.0,0.0,0.0,0.0,0.0,0.0,8.0,2.0,1.0
702,5.849256300000008,0,8.1756,1.9459,1.918,1.5259,0.1834,0.0058,0.0042,0.0003,0.0411,0.0542,0.0033,0.0012,0.014,0.0001,0.0017,0.0022,0.0002,0.0001,0.0097,0.0014,0.0005,0.0001,0.0021,0.1029,0.0166,0.0001,0.0051,0.0,95.0,0.0,32.0,63.0,30.0,0.0,0.0,0.0,0.0,0.0,0.0,0.0,0.0,0.0,0.0,0.0,0.0,0.0,0.0,0.0,0.0,0.0,0.0,8.0,2.0,1.0
703,5.857431900000009,0,8.1725,1.9431,1.7008,1.5321,0.184,0.004,0.0055,0.0002,0.0357,0.0483,0.0023,0.001,0.0138,0.0002,0.0017,0.002,0.0002,0.0001,0.0101,0.0015,0.0006,0.0001,0.0027,0.0975,0.018,0.0,0.0051,0.0,95.0,0.0,32.0,63.0,30.0,0.0,0.0,0.0,0.0,0.0,0.0,0.0,0.0,0.0,0.0,0.0,0.0,0.0,0.0,0.0,0.0,0.0,0.0,8.0,2.0,1.0
704,5.8656044000000085,0,8.9148,2.0608,2.1417,1.5597,0.2199,0.0045,0.0055,0.0003,0.0489,0.0624,0.0032,0.0015,0.0148,0.0002,0.0025,0.002,0.0001,0.0003,0.0113,0.0015,0.0011,0.0001,0.0023,0.1148,0.0204,0.0001,0.006,0.0,95.0,0.0,32.0,63.0,30.0,0.0,0.0,0.0,0.0,0.0,0.0,0.0,0.0,0.0,0.0,0.0,0.0,0.0,0.0,0.0,0.0,0.0,0.0,8.0,2.0,1.0
705,5.874519200000009,0,7.8561,2.3391,2.0203,1.8737,0.1761,0.0032,0.0042,0.0003,0.0425,0.0529,0.0026,0.0011,0.0123,0.0002,0.0025,0.0019,0.0002,0.0001,0.0101,0.0018,0.0005,0.0001,0.0022,0.1008,0.0175,0.0001,0.0043,0.0,95.0,0.0,32.0,63.0,30.0,0.0,0.0,0.0,0.0,0.0,0.0,0.0,0.0,0.0,0.0,0.0,0.0,0.0,0.0,0.0,0.0,0.0,0.0,8.0,2.0,1.0
706,5.8823753000000085,0,8.3471,1.9089,1.816,1.6183,0.1813,0.0032,0.0041,0.0002,0.0463,0.0567,0.0024,0.001,0.0115,0.0006,0.0017,0.0019,0.0001,0.0002,0.0089,0.0016,0.0005,0.0001,0.0025,0.1009,0.0194,0.0001,0.0061,0.0,95.0,0.0,32.0,63.0,30.0,0.0,0.0,0.0,0.0,0.0,0.0,0.0,0.0,0.0,0.0,0.0,0.0,0.0,0.0,0.0,0.0,0.0,0.0,8.0,2.0,1.0
707,5.8907224000000085,0,8.4741,2.0089,1.7775,1.4907,0.1514,0.0034,0.0039,0.0002,0.0295,0.0397,0.0023,0.0008,0.0087,0.0002,0.0017,0.0022,0.0001,0.0002,0.0097,0.0013,0.0004,0.0001,0.0019,0.0816,0.016,0.0,0.006,0.0,95.0,0.0,32.0,63.0,30.0,0.0,0.0,0.0,0.0,0.0,0.0,0.0,0.0,0.0,0.0,0.0,0.0,0.0,0.0,0.0,0.0,0.0,0.0,8.0,2.0,1.0
708,5.899196500000008,0,8.1908,1.8451,1.9278,1.5138,0.1728,0.0036,0.0039,0.0002,0.0428,0.0536,0.003,0.0014,0.0117,0.0001,0.0022,0.002,0.0001,0.0001,0.0095,0.0012,0.0005,0.0001,0.0022,0.0978,0.0181,0.0001,0.0061,0.0,95.0,0.0,32.0,63.0,30.0,0.0,0.0,0.0,0.0,0.0,0.0,0.0,0.0,0.0,0.0,0.0,0.0,0.0,0.0,0.0,0.0,0.0,0.0,8.0,2.0,1.0
709,5.907387300000009,0,8.4968,1.8366,2.0711,1.4643,0.1736,0.0047,0.0045,0.0002,0.0346,0.0469,0.0024,0.0013,0.013,0.0002,0.0016,0.0021,0.0002,0.0002,0.0097,0.0013,0.0005,0.0002,0.0022,0.0937,0.0167,0.0,0.0063,0.0,95.0,0.0,32.0,63.0,30.0,0.0,0.0,0.0,0.0,0.0,0.0,0.0,0.0,0.0,0.0,0.0,0.0,0.0,0.0,0.0,0.0,0.0,0.0,8.0,2.0,1.0
710,5.915884100000008,0,8.1809,1.9003,1.7954,1.624,0.1596,0.0029,0.0048,0.0003,0.0384,0.0494,0.0021,0.0009,0.01,0.0002,0.0015,0.0018,0.0,0.0001,0.0089,0.0012,0.0005,0.0001,0.0025,0.0897,0.0167,0.0,0.0053,0.0,95.0,0.0,32.0,63.0,30.0,0.0,0.0,0.0,0.0,0.0,0.0,0.0,0.0,0.0,0.0,0.0,0.0,0.0,0.0,0.0,0.0,0.0,0.0,8.0,2.0,1.0
711,5.924065000000009,0,8.2293,1.8186,1.8125,1.4929,0.1701,0.003,0.0044,0.0002,0.0388,0.049,0.0027,0.0011,0.0133,0.0002,0.0023,0.0019,0.0006,0.0002,0.0092,0.002,0.0004,0.0001,0.0022,0.0963,0.0182,0.0,0.006,0.0,95.0,0.0,32.0,63.0,30.0,0.0,0.0,0.0,0.0,0.0,0.0,0.0,0.0,0.0,0.0,0.0,0.0,0.0,0.0,0.0,0.0,0.0,0.0,8.0,2.0,1.0
712,5.932294300000009,0,8.3498,1.7211,1.7893,1.562,0.1762,0.0035,0.0044,0.0002,0.0444,0.0559,0.0031,0.0013,0.0131,0.0002,0.0015,0.0016,0.0005,0.0001,0.0096,0.0012,0.0005,0.0002,0.0021,0.1004,0.0165,0.0,0.0065,0.0,95.0,0.0,32.0,63.0,30.0,0.0,0.0,0.0,0.0,0.0,0.0,0.0,0.0,0.0,0.0,0.0,0.0,0.0,0.0,0.0,0.0,0.0,0.0,8.0,2.0,1.0
713,5.940644100000009,0,8.4517,1.8699,1.6358,1.4929,0.1774,0.0047,0.0049,0.0008,0.0398,0.053,0.0024,0.0013,0.0117,0.0002,0.0018,0.0021,0.0001,0.0001,0.0089,0.0014,0.0005,0.0001,0.0025,0.0969,0.0187,0.0,0.0054,0.0,95.0,0.0,32.0,63.0,30.0,0.0,0.0,0.0,0.0,0.0,0.0,0.0,0.0,0.0,0.0,0.0,0.0,0.0,0.0,0.0,0.0,0.0,0.0,8.0,2.0,1.0
714,5.949095800000009,0,8.2635,1.8093,1.8246,1.353,0.1605,0.0028,0.0038,0.0002,0.0383,0.0475,0.0024,0.0008,0.0109,0.0001,0.0013,0.0021,0.0001,0.0002,0.0099,0.0012,0.0005,0.0002,0.0022,0.0907,0.0149,0.0,0.0049,0.0,95.0,0.0,32.0,63.0,30.0,0.0,0.0,0.0,0.0,0.0,0.0,0.0,0.0,0.0,0.0,0.0,0.0,0.0,0.0,0.0,0.0,0.0,0.0,8.0,2.0,1.0
715,5.957359300000009,0,8.187,1.658,1.5911,1.3848,0.1701,0.0032,0.0039,0.0002,0.0373,0.0473,0.0027,0.0007,0.0134,0.0002,0.0015,0.0017,0.0001,0.0002,0.01,0.0013,0.0005,0.0,0.0021,0.0937,0.02,0.0001,0.0052,0.0,95.0,0.0,32.0,63.0,30.0,0.0,0.0,0.0,0.0,0.0,0.0,0.0,0.0,0.0,0.0,0.0,0.0,0.0,0.0,0.0,0.0,0.0,0.0,8.0,2.0,1.0
716,5.9655463000000095,0,8.5304,1.7641,1.8978,1.3022,0.1645,0.0031,0.0044,0.0002,0.0394,0.05,0.0025,0.0008,0.0122,0.0002,0.0016,0.0022,0.0001,0.0002,0.009,0.0015,0.0004,0.0002,0.0021,0.0941,0.0156,0.0,0.0051,0.0,95.0,0.0,32.0,63.0,30.0,0.0,0.0,0.0,0.0,0.0,0.0,0.0,0.0,0.0,0.0,0.0,0.0,0.0,0.0,0.0,0.0,0.0,0.0,8.0,2.0,1.0
717,5.974076700000009,0,8.2701,1.6286,1.7307,1.3194,0.1775,0.0038,0.0053,0.0003,0.0394,0.0519,0.0024,0.0012,0.0117,0.0001,0.0022,0.0016,0.0001,0.0001,0.0096,0.0013,0.001,0.0001,0.002,0.0979,0.019,0.0,0.0054,0.0,95.0,0.0,32.0,63.0,30.0,0.0,0.0,0.0,0.0,0.0,0.0,0.0,0.0,0.0,0.0,0.0,0.0,0.0,0.0,0.0,0.0,0.0,0.0,8.0,2.0,1.0
718,5.982346800000009,0,8.276,1.7763,1.7982,1.4442,0.1813,0.0037,0.0036,0.0002,0.0473,0.0579,0.0025,0.0009,0.012,0.0001,0.0018,0.0027,0.0002,0.0001,0.0104,0.0013,0.0005,0.0001,0.0022,0.104,0.0152,0.0001,0.0055,0.0,95.0,0.0,32.0,63.0,30.0,0.0,0.0,0.0,0.0,0.0,0.0,0.0,0.0,0.0,0.0,0.0,0.0,0.0,0.0,0.0,0.0,0.0,0.0,8.0,2.0,1.0
719,5.9906228000000095,0,8.3438,1.7371,1.6991,1.3935,0.1551,0.0035,0.0043,0.0002,0.03,0.041,0.0028,0.0009,0.0092,0.0002,0.0017,0.0024,0.0001,0.0001,0.0094,0.0014,0.0004,0.0001,0.0021,0.0829,0.0168,0.0,0.0046,0.0,95.0,0.0,32.0,63.0,30.0,0.0,0.0,0.0,0.0,0.0,0.0,0.0,0.0,0.0,0.0,0.0,0.0,0.0,0.0,0.0,0.0,0.0,0.0,8.0,2.0,1.0
720,5.998966600000009,0,8.5555,1.8532,1.9123,1.404,0.1851,0.0048,0.0044,0.0003,0.0462,0.0586,0.0024,0.0011,0.0115,0.0001,0.0017,0.0022,0.0001,0.0001,0.0103,0.0014,0.001,0.0001,0.0022,0.1048,0.0172,0.0,0.0061,0.0,95.0,0.0,32.0,63.0,30.0,0.0,0.0,0.0,0.0,0.0,0.0,0.0,0.0,0.0,0.0,0.0,0.0,0.0,0.0,0.0,0.0,0.0,0.0,8.0,2.0,1.0
721,6.007522100000009,0,8.4648,1.8702,2.0532,1.6085,0.174,0.0039,0.0042,0.0008,0.04,0.0516,0.0024,0.0015,0.0125,0.0002,0.0017,0.0018,0.0001,0.0002,0.0087,0.0015,0.0005,0.0001,0.002,0.0954,0.0164,0.0,0.0055,0.0,95.0,0.0,32.0,63.0,30.0,0.0,0.0,0.0,0.0,0.0,0.0,0.0,0.0,0.0,0.0,0.0,0.0,0.0,0.0,0.0,0.0,0.0,0.0,8.0,2.0,1.0
722,6.015986900000009,0,8.06,1.8077,1.9211,1.425,0.17,0.0033,0.0047,0.0002,0.0438,0.0547,0.0022,0.001,0.0116,0.0001,0.0016,0.0022,0.0001,0.0001,0.0091,0.0013,0.0006,0.0002,0.0019,0.0972,0.0161,0.0001,0.0058,0.0,95.0,0.0,32.0,63.0,30.0,0.0,0.0,0.0,0.0,0.0,0.0,0.0,0.0,0.0,0.0,0.0,0.0,0.0,0.0,0.0,0.0,0.0,0.0,8.0,2.0,1.0
723,6.024046900000009,0,8.3602,1.7857,1.7066,1.5007,0.1818,0.0037,0.0044,0.0002,0.0399,0.0509,0.0038,0.0009,0.0147,0.0002,0.0023,0.0021,0.0006,0.0002,0.0099,0.002,0.0005,0.0002,0.0031,0.1022,0.0183,0.0,0.0054,0.0,95.0,0.0,32.0,63.0,30.0,0.0,0.0,0.0,0.0,0.0,0.0,0.0,0.0,0.0,0.0,0.0,0.0,0.0,0.0,0.0,0.0,0.0,0.0,8.0,2.0,1.0
724,6.032407100000009,0,8.082,1.7247,1.655,1.3734,0.1753,0.0031,0.004,0.0002,0.0452,0.0555,0.0029,0.001,0.0124,0.0001,0.0016,0.0018,0.0001,0.0001,0.0091,0.0013,0.0005,0.0,0.0022,0.0986,0.0188,0.0001,0.0046,0.0,95.0,0.0,32.0,63.0,30.0,0.0,0.0,0.0,0.0,0.0,0.0,0.0,0.0,0.0,0.0,0.0,0.0,0.0,0.0,0.0,0.0,0.0,0.0,8.0,2.0,1.0
725,6.040489100000009,0,8.525,2.0245,1.6604,1.5109,0.1651,0.0037,0.0042,0.0002,0.032,0.0431,0.0023,0.0015,0.0102,0.0002,0.0023,0.0021,0.0001,0.0001,0.0103,0.0014,0.0005,0.0001,0.0027,0.0897,0.0143,0.0,0.0058,0.0,95.0,0.0,32.0,63.0,30.0,0.0,0.0,0.0,0.0,0.0,0.0,0.0,0.0,0.0,0.0,0.0,0.0,0.0,0.0,0.0,0.0,0.0,0.0,8.0,2.0,1.0
726,6.049014100000009,0,8.1341,1.7517,1.7537,1.4468,0.1707,0.0029,0.0043,0.0002,0.0398,0.05,0.0024,0.0009,0.012,0.0001,0.0014,0.0021,0.0,0.0001,0.0098,0.0013,0.0005,0.0001,0.0023,0.0948,0.0188,0.0001,0.0054,0.0,95.0,0.0,32.0,63.0,30.0,0.0,0.0,0.0,0.0,0.0,0.0,0.0,0.0,0.0,0.0,0.0,0.0,0.0,0.0,0.0,0.0,0.0,0.0,8.0,2.0,1.0
727,6.057148200000009,0,8.3111,1.825,1.5112,1.482,0.1736,0.0041,0.0044,0.0001,0.042,0.0537,0.0023,0.0009,0.0114,0.0002,0.0016,0.0021,0.0001,0.0002,0.0094,0.0014,0.0005,0.0001,0.0021,0.0956,0.0189,0.0001,0.0052,0.0,95.0,0.0,32.0,63.0,30.0,0.0,0.0,0.0,0.0,0.0,0.0,0.0,0.0,0.0,0.0,0.0,0.0,0.0,0.0,0.0,0.0,0.0,0.0,8.0,2.0,1.0
728,6.065459300000009,0,8.2914,1.6898,1.5476,1.4365,0.1671,0.0044,0.0039,0.0002,0.0393,0.0503,0.0022,0.0016,0.0115,0.0004,0.0018,0.0017,0.0001,0.0001,0.0093,0.0015,0.0005,0.0,0.0027,0.0931,0.017,0.0,0.0053,0.0,95.0,0.0,32.0,63.0,30.0,0.0,0.0,0.0,0.0,0.0,0.0,0.0,0.0,0.0,0.0,0.0,0.0,0.0,0.0,0.0,0.0,0.0,0.0,8.0,2.0,1.0
729,6.0737507000000095,0,8.4452,1.7186,1.6248,1.3441,0.1696,0.004,0.0048,0.0002,0.034,0.0456,0.0028,0.0011,0.0132,0.0001,0.0016,0.0024,0.0001,0.0001,0.0099,0.0013,0.0005,0.0,0.0021,0.0913,0.0179,0.0,0.0052,0.0,95.0,0.0,32.0,63.0,30.0,0.0,0.0,0.0,0.0,0.0,0.0,0.0,0.0,0.0,0.0,0.0,0.0,0.0,0.0,0.0,0.0,0.0,0.0,8.0,2.0,1.0
730,6.082195900000009,0,8.4048,1.7629,1.6328,1.3738,0.1607,0.0029,0.0034,0.0002,0.0407,0.0499,0.0029,0.0009,0.0116,0.0002,0.0015,0.0017,0.0001,0.0003,0.0092,0.0013,0.0008,0.0,0.002,0.0921,0.0149,0.0,0.0076,0.0,95.0,0.0,32.0,63.0,30.0,0.0,0.0,0.0,0.0,0.0,0.0,0.0,0.0,0.0,0.0,0.0,0.0,0.0,0.0,0.0,0.0,0.0,0.0,8.0,2.0,1.0
731,6.090600700000009,0,8.2016,1.7721,1.5535,1.5077,0.1659,0.0043,0.0044,0.0002,0.0355,0.0476,0.0024,0.0009,0.0115,0.0002,0.0015,0.0022,0.0001,0.0001,0.0089,0.0014,0.0005,0.0,0.0024,0.0903,0.0156,0.0,0.0061,0.0,95.0,0.0,32.0,63.0,30.0,0.0,0.0,0.0,0.0,0.0,0.0,0.0,0.0,0.0,0.0,0.0,0.0,0.0,0.0,0.0,0.0,0.0,0.0,8.0,2.0,1.0
732,6.098802300000009,0,8.3356,1.7275,1.5488,1.4063,0.171,0.0028,0.0043,0.0001,0.0435,0.0533,0.0022,0.0008,0.0101,0.0007,0.0018,0.0017,0.0001,0.0001,0.0103,0.0022,0.0005,0.0001,0.0022,0.0972,0.0174,0.0,0.0047,0.0,95.0,0.0,32.0,63.0,30.0,0.0,0.0,0.0,0.0,0.0,0.0,0.0,0.0,0.0,0.0,0.0,0.0,0.0,0.0,0.0,0.0,0.0,0.0,8.0,2.0,1.0
733,6.107137900000009,0,8.3888,1.7597,1.5886,1.5211,0.1758,0.003,0.0039,0.0002,0.0391,0.0499,0.0029,0.001,0.0132,0.0001,0.0022,0.002,0.0001,0.0001,0.0093,0.0013,0.0006,0.0001,0.0023,0.0963,0.0197,0.0,0.0059,0.0,95.0,0.0,32.0,63.0,30.0,0.0,0.0,0.0,0.0,0.0,0.0,0.0,0.0,0.0,0.0,0.0,0.0,0.0,0.0,0.0,0.0,0.0,0.0,8.0,2.0,1.0
734,6.115526700000008,0,8.3265,1.7737,1.6704,1.4891,0.1649,0.0029,0.0038,0.0002,0.0419,0.0512,0.0022,0.0008,0.011,0.0002,0.0015,0.0014,0.0002,0.0002,0.009,0.0013,0.0008,0.0001,0.0021,0.0927,0.0179,0.0001,0.0053,0.0,95.0,0.0,32.0,63.0,30.0,0.0,0.0,0.0,0.0,0.0,0.0,0.0,0.0,0.0,0.0,0.0,0.0,0.0,0.0,0.0,0.0,0.0,0.0,8.0,2.0,1.0
735,6.123853200000008,0,8.222,1.8493,1.4606,1.2702,0.1456,0.003,0.0046,0.0002,0.0292,0.0396,0.0021,0.0007,0.0082,0.0002,0.0017,0.0018,0.0001,0.0001,0.0083,0.0011,0.0004,0.0,0.0021,0.0772,0.0151,0.0001,0.0056,0.0,95.0,0.0,32.0,63.0,30.0,0.0,0.0,0.0,0.0,0.0,0.0,0.0,0.0,0.0,0.0,0.0,0.0,0.0,0.0,0.0,0.0,0.0,0.0,8.0,2.0,1.0
736,6.132075200000008,0,8.4465,1.6864,1.6152,1.3089,0.178,0.0052,0.0037,0.0002,0.0475,0.0591,0.0025,0.0008,0.0117,0.0002,0.0016,0.0021,0.0001,0.0001,0.0093,0.0014,0.0005,0.0001,0.0021,0.1056,0.0189,0.0001,0.0055,0.0,95.0,0.0,32.0,63.0,30.0,0.0,0.0,0.0,0.0,0.0,0.0,0.0,0.0,0.0,0.0,0.0,0.0,0.0,0.0,0.0,0.0,0.0,0.0,8.0,2.0,1.0
737,6.140521700000008,0,8.2685,1.6828,1.5463,1.4464,0.1756,0.0047,0.0046,0.0001,0.0325,0.0448,0.0022,0.0012,0.0126,0.0002,0.0023,0.0021,0.0001,0.0001,0.0101,0.0017,0.0005,0.0,0.0021,0.0917,0.0218,0.0,0.0049,0.0,95.0,0.0,32.0,63.0,30.0,0.0,0.0,0.0,0.0,0.0,0.0,0.0,0.0,0.0,0.0,0.0,0.0,0.0,0.0,0.0,0.0,0.0,0.0,8.0,2.0,1.0
738,6.148790200000008,0,8.4465,1.7374,1.6195,1.591,0.1678,0.003,0.0038,0.0002,0.039,0.0493,0.0022,0.0013,0.0128,0.0003,0.0015,0.0014,0.0001,0.0001,0.0089,0.0016,0.0005,0.0,0.002,0.0929,0.0173,0.0,0.0053,0.0,95.0,0.0,32.0,63.0,30.0,0.0,0.0,0.0,0.0,0.0,0.0,0.0,0.0,0.0,0.0,0.0,0.0,0.0,0.0,0.0,0.0,0.0,0.0,8.0,2.0,1.0
739,6.1572367000000074,0,8.3463,1.689,1.6546,1.3833,0.1588,0.0039,0.0039,0.0002,0.0338,0.0444,0.0024,0.0009,0.0112,0.0001,0.0015,0.0021,0.0001,0.0001,0.0093,0.0012,0.0005,0.0001,0.002,0.0853,0.0167,0.0,0.007,0.0,95.0,0.0,32.0,63.0,30.0,0.0,0.0,0.0,0.0,0.0,0.0,0.0,0.0,0.0,0.0,0.0,0.0,0.0,0.0,0.0,0.0,0.0,0.0,8.0,2.0,1.0
740,6.165583000000008,0,8.2935,1.6679,1.668,1.5556,0.1625,0.004,0.0034,0.0002,0.0389,0.049,0.0021,0.0008,0.0113,0.0001,0.0015,0.0022,0.0001,0.0001,0.0096,0.0012,0.0005,0.0001,0.0023,0.0914,0.0148,0.0,0.0053,0.0,95.0,0.0,32.0,63.0,30.0,0.0,0.0,0.0,0.0,0.0,0.0,0.0,0.0,0.0,0.0,0.0,0.0,0.0,0.0,0.0,0.0,0.0,0.0,8.0,2.0,1.0
741,6.1738765000000075,0,8.3797,1.805,1.6563,1.5663,0.1898,0.0031,0.0042,0.0002,0.0401,0.0504,0.0027,0.0013,0.0131,0.0007,0.0018,0.0033,0.0002,0.0001,0.0114,0.0015,0.0005,0.0002,0.0024,0.1009,0.0233,0.0,0.0049,0.0,95.0,0.0,32.0,63.0,30.0,0.0,0.0,0.0,0.0,0.0,0.0,0.0,0.0,0.0,0.0,0.0,0.0,0.0,0.0,0.0,0.0,0.0,0.0,8.0,2.0,1.0
742,6.182256200000007,0,8.439,1.8533,1.6413,2.0434,0.1604,0.0037,0.0042,0.0003,0.038,0.0487,0.0019,0.0008,0.0105,0.0001,0.0016,0.0022,0.0002,0.0001,0.0088,0.0016,0.0005,0.0001,0.0018,0.0887,0.0146,0.0,0.0046,0.0,95.0,0.0,32.0,63.0,30.0,0.0,0.0,0.0,0.0,0.0,0.0,0.0,0.0,0.0,0.0,0.0,0.0,0.0,0.0,0.0,0.0,0.0,0.0,8.0,2.0,1.0
743,6.1906952000000075,0,8.2442,1.7189,1.8384,1.4736,0.1698,0.0038,0.0039,0.0002,0.0399,0.0506,0.0023,0.0008,0.0111,0.0001,0.0023,0.0017,0.0001,0.0002,0.0095,0.0013,0.0005,0.0001,0.0022,0.0936,0.0169,0.0,0.0057,0.0,95.0,0.0,32.0,63.0,30.0,0.0,0.0,0.0,0.0,0.0,0.0,0.0,0.0,0.0,0.0,0.0,0.0,0.0,0.0,0.0,0.0,0.0,0.0,8.0,2.0,1.0
744,6.1989394000000075,0,8.4722,1.6371,1.6771,1.3925,0.1587,0.0028,0.0038,0.0003,0.0424,0.0515,0.0021,0.0018,0.0115,0.0007,0.0016,0.0019,0.0001,0.0001,0.0092,0.0012,0.0005,0.0001,0.0025,0.0943,0.0136,0.0,0.005,0.0,95.0,0.0,32.0,63.0,30.0,0.0,0.0,0.0,0.0,0.0,0.0,0.0,0.0,0.0,0.0,0.0,0.0,0.0,0.0,0.0,0.0,0.0,0.0,8.0,2.0,1.0
745,6.2074116000000075,0,8.1481,1.7085,1.7688,1.4103,0.1704,0.0039,0.0043,0.0002,0.0315,0.0435,0.0031,0.0009,0.014,0.0002,0.0018,0.0019,0.0004,0.0001,0.0096,0.0014,0.0006,0.0,0.002,0.0905,0.0185,0.0,0.0053,0.0,95.0,0.0,32.0,63.0,30.0,0.0,0.0,0.0,0.0,0.0,0.0,0.0,0.0,0.0,0.0,0.0,0.0,0.0,0.0,0.0,0.0,0.0,0.0,8.0,2.0,1.0
746,6.215559700000007,0,8.3443,1.7569,1.7029,1.344,0.1759,0.0036,0.004,0.0006,0.0433,0.0541,0.0031,0.0007,0.0137,0.0002,0.0016,0.0021,0.0001,0.0001,0.0098,0.0013,0.0005,0.0,0.0022,0.1012,0.0167,0.0001,0.0052,0.0,95.0,0.0,32.0,63.0,30.0,0.0,0.0,0.0,0.0,0.0,0.0,0.0,0.0,0.0,0.0,0.0,0.0,0.0,0.0,0.0,0.0,0.0,0.0,8.0,2.0,1.0
747,6.223904000000007,0,8.3465,1.7207,1.6921,1.4292,0.1435,0.0029,0.0039,0.0002,0.0368,0.0457,0.0019,0.0008,0.0091,0.0001,0.0018,0.0015,0.0,0.0001,0.0094,0.0012,0.0005,0.0,0.0021,0.0828,0.0145,0.0,0.0055,0.0,95.0,0.0,32.0,63.0,30.0,0.0,0.0,0.0,0.0,0.0,0.0,0.0,0.0,0.0,0.0,0.0,0.0,0.0,0.0,0.0,0.0,0.0,0.0,8.0,2.0,1.0
748,6.232250500000007,0,8.8011,2.063,1.8999,1.7104,0.2058,0.005,0.0049,0.0003,0.0491,0.0625,0.0025,0.0012,0.0128,0.0001,0.0017,0.0023,0.0002,0.0001,0.0122,0.0024,0.0006,0.0001,0.0022,0.117,0.0214,0.0,0.0051,0.0,95.0,0.0,32.0,63.0,30.0,0.0,0.0,0.0,0.0,0.0,0.0,0.0,0.0,0.0,0.0,0.0,0.0,0.0,0.0,0.0,0.0,0.0,0.0,8.0,2.0,1.0
749,6.241051600000008,0,7.9921,1.9646,1.8475,1.7057,0.1702,0.0034,0.0034,0.0001,0.034,0.0438,0.0032,0.0009,0.0146,0.0004,0.0017,0.0023,0.0002,0.0001,0.0098,0.0013,0.0006,0.0001,0.0021,0.0926,0.0168,0.0,0.0053,0.0,95.0,0.0,32.0,63.0,30.0,0.0,0.0,0.0,0.0,0.0,0.0,0.0,0.0,0.0,0.0,0.0,0.0,0.0,0.0,0.0,0.0,0.0,0.0,8.0,2.0,1.0
750,6.249043700000008,0,8.1736,1.7595,1.7398,1.4992,0.1898,0.0052,0.0037,0.0002,0.0506,0.0629,0.0028,0.001,0.0115,0.0001,0.0016,0.002,0.0001,0.0002,0.0101,0.0014,0.0005,0.0002,0.0022,0.1076,0.0211,0.0,0.0054,0.0,95.0,0.0,32.0,63.0,30.0,0.0,0.0,0.0,0.0,0.0,0.0,0.0,0.0,0.0,0.0,0.0,0.0,0.0,0.0,0.0,0.0,0.0,0.0,8.0,2.0,1.0
751,6.257217300000008,0,8.2626,1.6406,1.665,1.3731,0.2262,0.0057,0.0056,0.0004,0.0495,0.065,0.003,0.0016,0.0141,0.0001,0.0022,0.0025,0.0001,0.0001,0.0118,0.0017,0.0012,0.0001,0.0021,0.1179,0.021,0.0,0.0055,0.0,95.0,0.0,32.0,63.0,30.0,0.0,0.0,0.0,0.0,0.0,0.0,0.0,0.0,0.0,0.0,0.0,0.0,0.0,0.0,0.0,0.0,0.0,0.0,8.0,2.0,1.0
752,6.265479900000008,0,8.4665,1.8654,1.5676,1.6207,0.1743,0.0036,0.0039,0.0003,0.0425,0.0533,0.0027,0.0007,0.0118,0.0002,0.0018,0.0018,0.0001,0.0001,0.0098,0.0013,0.0009,0.0001,0.0023,0.0979,0.0164,0.0,0.0057,0.0,95.0,0.0,32.0,63.0,30.0,0.0,0.0,0.0,0.0,0.0,0.0,0.0,0.0,0.0,0.0,0.0,0.0,0.0,0.0,0.0,0.0,0.0,0.0,8.0,2.0,1.0
753,6.273946400000008,0,8.4846,1.717,1.8407,1.4326,0.183,0.0044,0.0047,0.0004,0.0366,0.0489,0.0026,0.0017,0.0128,0.0001,0.0018,0.0025,0.0001,0.0006,0.0096,0.0016,0.0005,0.0002,0.0017,0.0961,0.0193,0.0,0.0052,0.0,95.0,0.0,32.0,63.0,30.0,0.0,0.0,0.0,0.0,0.0,0.0,0.0,0.0,0.0,0.0,0.0,0.0,0.0,0.0,0.0,0.0,0.0,0.0,8.0,2.0,1.0
754,6.282431000000008,0,8.0261,1.8086,1.6031,1.5982,0.1761,0.003,0.0042,0.0001,0.0448,0.0544,0.0029,0.0009,0.0122,0.0001,0.0015,0.0014,0.0001,0.0001,0.0094,0.0024,0.0005,0.0,0.002,0.0995,0.0186,0.0001,0.0053,0.0,95.0,0.0,32.0,63.0,30.0,0.0,0.0,0.0,0.0,0.0,0.0,0.0,0.0,0.0,0.0,0.0,0.0,0.0,0.0,0.0,0.0,0.0,0.0,8.0,2.0,1.0
755,6.290457100000008,0,8.2727,1.7161,1.5275,1.3673,0.1763,0.0032,0.0042,0.0002,0.039,0.0496,0.0029,0.0008,0.0131,0.0002,0.0016,0.002,0.0001,0.0002,0.0087,0.0013,0.0004,0.0,0.002,0.0928,0.0178,0.0,0.0054,0.0,95.0,0.0,32.0,63.0,30.0,0.0,0.0,0.0,0.0,0.0,0.0,0.0,0.0,0.0,0.0,0.0,0.0,0.0,0.0,0.0,0.0,0.0,0.0,8.0,2.0,1.0
756,6.298729800000008,0,8.382,1.7755,1.4698,1.4545,0.2136,0.0034,0.0045,0.0002,0.0524,0.0637,0.0035,0.0015,0.0151,0.0002,0.0022,0.0018,0.0001,0.0001,0.0105,0.0014,0.0006,0.0001,0.0038,0.1194,0.0257,0.0,0.0058,0.0,95.0,0.0,32.0,63.0,30.0,0.0,0.0,0.0,0.0,0.0,0.0,0.0,0.0,0.0,0.0,0.0,0.0,0.0,0.0,0.0,0.0,0.0,0.0,8.0,2.0,1.0
757,6.307111800000008,0,8.3509,1.5728,1.5398,1.4678,0.1885,0.0042,0.0048,0.0003,0.0397,0.0525,0.0033,0.0011,0.0133,0.0002,0.0018,0.0027,0.0002,0.0002,0.0093,0.0014,0.0006,0.0001,0.0021,0.0992,0.02,0.0001,0.0056,0.0,95.0,0.0,32.0,63.0,30.0,0.0,0.0,0.0,0.0,0.0,0.0,0.0,0.0,0.0,0.0,0.0,0.0,0.0,0.0,0.0,0.0,0.0,0.0,8.0,2.0,1.0
758,6.315462700000008,0,8.268,1.7752,1.567,1.4881,0.1732,0.0042,0.004,0.0003,0.0406,0.0515,0.0023,0.0013,0.0125,0.0001,0.0022,0.0017,0.0001,0.0001,0.0098,0.0014,0.0006,0.0001,0.0023,0.0973,0.0178,0.0001,0.0061,0.0,95.0,0.0,32.0,63.0,30.0,0.0,0.0,0.0,0.0,0.0,0.0,0.0,0.0,0.0,0.0,0.0,0.0,0.0,0.0,0.0,0.0,0.0,0.0,8.0,2.0,1.0
759,6.3237307000000085,0,8.4487,1.7873,1.4474,1.5332,0.1623,0.004,0.0043,0.0002,0.0324,0.0441,0.0023,0.0009,0.0111,0.0002,0.0015,0.0017,0.0002,0.0002,0.0097,0.0018,0.0004,0.0001,0.0018,0.0864,0.0174,0.0,0.0053,0.0,95.0,0.0,32.0,63.0,30.0,0.0,0.0,0.0,0.0,0.0,0.0,0.0,0.0,0.0,0.0,0.0,0.0,0.0,0.0,0.0,0.0,0.0,0.0,8.0,2.0,1.0
760,6.332179400000008,0,8.2463,1.7246,1.673,1.4491,0.1672,0.0048,0.0037,0.0002,0.0478,0.0587,0.0024,0.0008,0.011,0.0004,0.0013,0.0014,0.0001,0.0001,0.0095,0.0018,0.0005,0.0001,0.0021,0.1004,0.0153,0.0,0.0063,0.0,95.0,0.0,32.0,63.0,30.0,0.0,0.0,0.0,0.0,0.0,0.0,0.0,0.0,0.0,0.0,0.0,0.0,0.0,0.0,0.0,0.0,0.0,0.0,8.0,2.0,1.0
761,6.340425700000008,0,8.3034,1.7076,1.4123,1.4739,0.1659,0.0029,0.0045,0.0003,0.0363,0.0473,0.0032,0.0006,0.0133,0.0001,0.0015,0.0018,0.0001,0.0002,0.0093,0.0018,0.0006,0.0001,0.0018,0.091,0.0166,0.0001,0.0048,0.0,95.0,0.0,32.0,63.0,30.0,0.0,0.0,0.0,0.0,0.0,0.0,0.0,0.0,0.0,0.0,0.0,0.0,0.0,0.0,0.0,0.0,0.0,0.0,8.0,2.0,1.0
762,6.348729100000008,0,8.4132,1.6661,1.3922,1.4321,0.186,0.0039,0.0038,0.0002,0.05,0.0607,0.0026,0.0008,0.0112,0.0002,0.0019,0.0016,0.0001,0.0001,0.0094,0.0013,0.0004,0.0001,0.002,0.103,0.0186,0.0,0.0055,0.0,95.0,0.0,32.0,63.0,30.0,0.0,0.0,0.0,0.0,0.0,0.0,0.0,0.0,0.0,0.0,0.0,0.0,0.0,0.0,0.0,0.0,0.0,0.0,8.0,2.0,1.0
763,6.357142300000008,0,8.3711,1.6777,1.5841,1.3914,0.1647,0.003,0.0035,0.0002,0.0352,0.0443,0.0023,0.001,0.0116,0.0002,0.0017,0.0025,0.0001,0.0002,0.0092,0.0013,0.0005,0.0001,0.0022,0.0878,0.0181,0.0001,0.0064,0.0,95.0,0.0,32.0,63.0,30.0,0.0,0.0,0.0,0.0,0.0,0.0,0.0,0.0,0.0,0.0,0.0,0.0,0.0,0.0,0.0,0.0,0.0,0.0,8.0,2.0,1.0
764,6.365513400000007,0,8.3467,1.6627,1.6012,1.3989,0.1587,0.0032,0.0042,0.0005,0.041,0.0516,0.0025,0.0009,0.0114,0.0002,0.0014,0.0021,0.0001,0.0001,0.0089,0.0015,0.0005,0.0001,0.0018,0.0919,0.013,0.0001,0.0054,0.0,95.0,0.0,32.0,63.0,30.0,0.0,0.0,0.0,0.0,0.0,0.0,0.0,0.0,0.0,0.0,0.0,0.0,0.0,0.0,0.0,0.0,0.0,0.0,8.0,2.0,1.0
765,6.373860100000007,0,8.647,1.7994,1.8156,1.4322,0.1714,0.0046,0.0048,0.0005,0.0337,0.047,0.0024,0.0011,0.0121,0.0002,0.0015,0.0019,0.0001,0.0001,0.0096,0.0013,0.0005,0.0,0.0021,0.0913,0.018,0.0,0.0059,0.0,95.0,0.0,32.0,63.0,30.0,0.0,0.0,0.0,0.0,0.0,0.0,0.0,0.0,0.0,0.0,0.0,0.0,0.0,0.0,0.0,0.0,0.0,0.0,8.0,2.0,1.0
766,6.382507100000007,0,8.1458,1.8868,1.7836,1.4498,0.1609,0.0019,0.0055,0.0002,0.0277,0.038,0.0019,0.002,0.0122,0.0004,0.0017,0.0021,0.0001,0.0002,0.0093,0.0013,0.0005,0.0001,0.0021,0.0819,0.0175,0.0,0.0053,0.0,95.0,0.0,32.0,63.0,30.0,0.0,0.0,0.0,0.0,0.0,0.0,0.0,0.0,0.0,0.0,0.0,0.0,0.0,0.0,0.0,0.0,0.0,0.0,8.0,2.0,1.0
767,6.390652900000007,0,8.3961,2.0308,1.7406,1.6781,0.1885,0.0051,0.0051,0.0003,0.0389,0.0521,0.0025,0.0011,0.0136,0.0002,0.0023,0.0019,0.0006,0.0001,0.01,0.0013,0.0004,0.0001,0.0024,0.0987,0.0207,0.0,0.0057,0.0,95.0,0.0,32.0,63.0,30.0,0.0,0.0,0.0,0.0,0.0,0.0,0.0,0.0,0.0,0.0,0.0,0.0,0.0,0.0,0.0,0.0,0.0,0.0,8.0,2.0,1.0
768,6.399049000000007,0,8.1098,1.9535,1.6069,1.5389,0.1962,0.005,0.0038,0.0004,0.0509,0.0628,0.0031,0.0009,0.0127,0.0002,0.0015,0.0023,0.0002,0.0002,0.0102,0.0013,0.001,0.0,0.002,0.11,0.0148,0.0,0.0056,0.0,95.0,0.0,32.0,63.0,30.0,0.0,0.0,0.0,0.0,0.0,0.0,0.0,0.0,0.0,0.0,0.0,0.0,0.0,0.0,0.0,0.0,0.0,0.0,8.0,2.0,1.0
769,6.407158800000007,0,8.314,1.7073,1.5292,1.3651,0.1599,0.003,0.0046,0.0002,0.0393,0.0498,0.0026,0.001,0.0118,0.0002,0.0016,0.0018,0.0,0.0002,0.0088,0.0014,0.0009,0.0,0.002,0.0912,0.0162,0.0,0.0056,0.0,95.0,0.0,32.0,63.0,30.0,0.0,0.0,0.0,0.0,0.0,0.0,0.0,0.0,0.0,0.0,0.0,0.0,0.0,0.0,0.0,0.0,0.0,0.0,8.0,2.0,1.0
770,6.415472800000007,0,8.4288,1.683,1.5645,1.4068,0.1765,0.003,0.0038,0.0002,0.0486,0.0582,0.0026,0.0009,0.0119,0.0001,0.0017,0.0016,0.0001,0.0001,0.009,0.0013,0.0005,0.0001,0.0023,0.1019,0.0164,0.0001,0.0042,0.0,95.0,0.0,32.0,63.0,30.0,0.0,0.0,0.0,0.0,0.0,0.0,0.0,0.0,0.0,0.0,0.0,0.0,0.0,0.0,0.0,0.0,0.0,0.0,8.0,2.0,1.0
771,6.423901600000007,0,8.2489,1.6849,1.5653,1.2874,0.1712,0.0033,0.0037,0.0002,0.0374,0.0473,0.0039,0.0012,0.0147,0.0001,0.0021,0.0019,0.0002,0.0001,0.009,0.0013,0.0008,0.0001,0.0023,0.0951,0.0165,0.0,0.005,0.0,95.0,0.0,32.0,63.0,30.0,0.0,0.0,0.0,0.0,0.0,0.0,0.0,0.0,0.0,0.0,0.0,0.0,0.0,0.0,0.0,0.0,0.0,0.0,8.0,2.0,1.0
772,6.432150500000007,0,8.4319,1.6512,1.6114,1.4777,0.1849,0.0045,0.0051,0.0002,0.0491,0.0615,0.0032,0.0009,0.0122,0.0002,0.0016,0.0023,0.0001,0.0006,0.0091,0.0014,0.0004,0.0001,0.0021,0.1071,0.0196,0.0001,0.005,0.0,95.0,0.0,32.0,63.0,30.0,0.0,0.0,0.0,0.0,0.0,0.0,0.0,0.0,0.0,0.0,0.0,0.0,0.0,0.0,0.0,0.0,0.0,0.0,8.0,2.0,1.0
773,6.4405824000000065,0,8.2816,1.6321,1.613,1.3828,0.1641,0.004,0.004,0.0002,0.0303,0.0419,0.0024,0.0009,0.0093,0.0002,0.0019,0.0019,0.0001,0.0001,0.0101,0.0014,0.0005,0.0,0.0021,0.0835,0.0187,0.0001,0.005,0.0,95.0,0.0,32.0,63.0,30.0,0.0,0.0,0.0,0.0,0.0,0.0,0.0,0.0,0.0,0.0,0.0,0.0,0.0,0.0,0.0,0.0,0.0,0.0,8.0,2.0,1.0
774,6.448864000000007,0,8.2391,1.6825,1.5371,1.4903,0.1819,0.0044,0.0039,0.0002,0.0425,0.0542,0.0033,0.0008,0.0121,0.0001,0.002,0.0017,0.0002,0.0001,0.0095,0.0012,0.0005,0.0001,0.0022,0.0991,0.0174,0.0,0.0058,0.0,95.0,0.0,32.0,63.0,30.0,0.0,0.0,0.0,0.0,0.0,0.0,0.0,0.0,0.0,0.0,0.0,0.0,0.0,0.0,0.0,0.0,0.0,0.0,8.0,2.0,1.0
775,6.4571031000000065,0,8.3686,1.714,1.4655,1.3622,0.1775,0.0042,0.0043,0.0003,0.038,0.0491,0.0023,0.001,0.0117,0.0006,0.0016,0.0022,0.0001,0.0001,0.0086,0.0015,0.0005,0.0,0.0027,0.0933,0.0178,0.0,0.0043,0.0,95.0,0.0,32.0,63.0,30.0,0.0,0.0,0.0,0.0,0.0,0.0,0.0,0.0,0.0,0.0,0.0,0.0,0.0,0.0,0.0,0.0,0.0,0.0,8.0,2.0,1.0
776,6.465471700000006,0,8.4325,1.6573,1.6533,1.3517,0.1737,0.003,0.0044,0.0002,0.0461,0.0562,0.0024,0.0009,0.0122,0.0001,0.0016,0.0022,0.0001,0.0001,0.0089,0.0019,0.0005,0.0,0.0021,0.1008,0.0154,0.0,0.0057,0.0,95.0,0.0,32.0,63.0,30.0,0.0,0.0,0.0,0.0,0.0,0.0,0.0,0.0,0.0,0.0,0.0,0.0,0.0,0.0,0.0,0.0,0.0,0.0,8.0,2.0,1.0
777,6.473904200000006,0,8.2724,1.6371,1.532,1.2927,0.174,0.0041,0.0045,0.0003,0.0428,0.0546,0.0033,0.0009,0.0131,0.0002,0.0021,0.0017,0.0001,0.0001,0.0092,0.0018,0.0005,0.0001,0.0019,0.1,0.0149,0.0,0.0053,0.0,95.0,0.0,32.0,63.0,30.0,0.0,0.0,0.0,0.0,0.0,0.0,0.0,0.0,0.0,0.0,0.0,0.0,0.0,0.0,0.0,0.0,0.0,0.0,8.0,2.0,1.0
778,6.482176600000006,0,8.4371,1.7141,1.6974,1.4146,0.1761,0.0038,0.0043,0.0002,0.0444,0.0554,0.0023,0.0009,0.0115,0.0001,0.0015,0.0021,0.0001,0.0001,0.009,0.0019,0.0005,0.0001,0.0021,0.0987,0.0182,0.0001,0.0063,0.0,95.0,0.0,32.0,63.0,30.0,0.0,0.0,0.0,0.0,0.0,0.0,0.0,0.0,0.0,0.0,0.0,0.0,0.0,0.0,0.0,0.0,0.0,0.0,8.0,2.0,1.0
779,6.490613700000006,0,8.165,1.8332,1.5204,1.4843,0.1722,0.0032,0.004,0.0002,0.0323,0.0424,0.0026,0.0008,0.0126,0.0002,0.0019,0.002,0.0001,0.0001,0.0087,0.0014,0.0008,0.0,0.0021,0.0876,0.0179,0.0,0.0044,0.0,95.0,0.0,32.0,63.0,30.0,0.0,0.0,0.0,0.0,0.0,0.0,0.0,0.0,0.0,0.0,0.0,0.0,0.0,0.0,0.0,0.0,0.0,0.0,8.0,2.0,1.0
780,6.498778700000006,0,8.4369,1.6868,1.5642,1.4916,0.1704,0.0029,0.0037,0.0002,0.0486,0.058,0.0022,0.0009,0.0109,0.0002,0.0015,0.0021,0.0001,0.0002,0.0094,0.0012,0.0004,0.0001,0.0023,0.0997,0.0159,0.0,0.006,0.0,95.0,0.0,32.0,63.0,30.0,0.0,0.0,0.0,0.0,0.0,0.0,0.0,0.0,0.0,0.0,0.0,0.0,0.0,0.0,0.0,0.0,0.0,0.0,8.0,2.0,1.0
781,6.5072156000000065,0,8.3012,1.5991,1.5824,1.3933,0.1662,0.0046,0.004,0.0002,0.0346,0.0461,0.0024,0.0012,0.0121,0.0002,0.0024,0.0022,0.0001,0.0001,0.009,0.0012,0.001,0.0001,0.0019,0.0897,0.0157,0.0001,0.0061,0.0,95.0,0.0,32.0,63.0,30.0,0.0,0.0,0.0,0.0,0.0,0.0,0.0,0.0,0.0,0.0,0.0,0.0,0.0,0.0,0.0,0.0,0.0,0.0,8.0,2.0,1.0
782,6.5155168000000065,0,8.3547,1.7169,1.5739,1.4439,0.1868,0.0035,0.0041,0.0002,0.0502,0.061,0.0026,0.0008,0.0118,0.0001,0.0019,0.0016,0.0,0.0001,0.0098,0.0019,0.0005,0.0001,0.0022,0.1043,0.0154,0.0,0.0051,0.0,95.0,0.0,32.0,63.0,30.0,0.0,0.0,0.0,0.0,0.0,0.0,0.0,0.0,0.0,0.0,0.0,0.0,0.0,0.0,0.0,0.0,0.0,0.0,8.0,2.0,1.0
783,6.5238715000000065,0,8.6106,1.6122,1.8426,1.4242,0.1692,0.0039,0.006,0.0002,0.0324,0.0447,0.0022,0.0009,0.0109,0.002,0.0016,0.0021,0.0002,0.0002,0.0101,0.0018,0.0005,0.0002,0.0022,0.0902,0.0196,0.0001,0.0077,0.0,95.0,0.0,32.0,63.0,30.0,0.0,0.0,0.0,0.0,0.0,0.0,0.0,0.0,0.0,0.0,0.0,0.0,0.0,0.0,0.0,0.0,0.0,0.0,8.0,2.0,1.0
784,6.532482100000006,0,7.9835,1.6909,1.5762,2.1781,0.1802,0.004,0.0058,0.0003,0.0445,0.0576,0.0025,0.0008,0.0108,0.0001,0.0013,0.0021,0.0001,0.0001,0.0085,0.0015,0.0007,0.0,0.002,0.0989,0.0155,0.0001,0.0057,0.0,95.0,0.0,32.0,63.0,30.0,0.0,0.0,0.0,0.0,0.0,0.0,0.0,0.0,0.0,0.0,0.0,0.0,0.0,0.0,0.0,0.0,0.0,0.0,8.0,2.0,1.0
785,6.540465600000006,0,8.3421,1.6282,1.575,1.2763,0.2026,0.0048,0.0058,0.0002,0.0588,0.0722,0.0031,0.0011,0.0128,0.0002,0.002,0.0019,0.0004,0.0001,0.0098,0.0015,0.0006,0.0001,0.0022,0.1206,0.0205,0.0,0.0045,0.0,95.0,0.0,32.0,63.0,30.0,0.0,0.0,0.0,0.0,0.0,0.0,0.0,0.0,0.0,0.0,0.0,0.0,0.0,0.0,0.0,0.0,0.0,0.0,8.0,2.0,1.0
786,6.5488077000000064,0,8.4799,1.6665,1.5205,1.4193,0.1822,0.0051,0.0046,0.0002,0.0429,0.0557,0.0029,0.0011,0.0141,0.0002,0.0017,0.0018,0.0001,0.0001,0.0097,0.0019,0.0005,0.0001,0.0021,0.1036,0.0174,0.0,0.0063,0.0,95.0,0.0,32.0,63.0,30.0,0.0,0.0,0.0,0.0,0.0,0.0,0.0,0.0,0.0,0.0,0.0,0.0,0.0,0.0,0.0,0.0,0.0,0.0,8.0,2.0,1.0
787,6.557287600000007,0,8.1585,1.8052,1.641,1.4768,0.1496,0.0032,0.0043,0.0002,0.0302,0.0402,0.0023,0.0013,0.0101,0.0001,0.0016,0.0019,0.0,0.0001,0.0093,0.0012,0.0004,0.0,0.0023,0.0817,0.0149,0.0,0.0056,0.0,95.0,0.0,32.0,63.0,30.0,0.0,0.0,0.0,0.0,0.0,0.0,0.0,0.0,0.0,0.0,0.0,0.0,0.0,0.0,0.0,0.0,0.0,0.0,8.0,2.0,1.0
788,6.565446100000007,0,8.3626,1.6848,1.5004,1.4385,0.1702,0.0029,0.004,0.0001,0.043,0.0524,0.0023,0.0009,0.012,0.0001,0.0016,0.0019,0.0001,0.0001,0.0088,0.0014,0.0005,0.0001,0.0026,0.096,0.0199,0.0001,0.0057,0.0,95.0,0.0,32.0,63.0,30.0,0.0,0.0,0.0,0.0,0.0,0.0,0.0,0.0,0.0,0.0,0.0,0.0,0.0,0.0,0.0,0.0,0.0,0.0,8.0,2.0,1.0
789,6.573808700000007,0,8.4381,1.6752,1.585,1.4213,0.1798,0.0036,0.0046,0.0002,0.0337,0.0448,0.0026,0.0011,0.0118,0.0002,0.0022,0.0019,0.0001,0.0004,0.0095,0.0015,0.0005,0.0001,0.0024,0.089,0.021,0.0,0.0062,0.0,95.0,0.0,32.0,63.0,30.0,0.0,0.0,0.0,0.0,0.0,0.0,0.0,0.0,0.0,0.0,0.0,0.0,0.0,0.0,0.0,0.0,0.0,0.0,8.0,2.0,1.0
790,6.582246800000007,0,8.2343,1.8159,1.5917,1.4089,0.208,0.0041,0.0053,0.0002,0.0524,0.0649,0.0039,0.0012,0.0166,0.0002,0.0019,0.0031,0.0001,0.0001,0.0101,0.0015,0.0011,0.0001,0.0022,0.1171,0.0216,0.0001,0.0053,0.0,95.0,0.0,32.0,63.0,30.0,0.0,0.0,0.0,0.0,0.0,0.0,0.0,0.0,0.0,0.0,0.0,0.0,0.0,0.0,0.0,0.0,0.0,0.0,8.0,2.0,1.0
791,6.590481100000007,0,8.1929,1.6639,1.4104,1.3928,0.1615,0.004,0.0058,0.0002,0.0304,0.0443,0.0023,0.0008,0.0118,0.0002,0.0017,0.0019,0.0002,0.0001,0.0097,0.0012,0.0005,0.0001,0.0021,0.0874,0.0146,0.0,0.006,0.0,95.0,0.0,32.0,63.0,30.0,0.0,0.0,0.0,0.0,0.0,0.0,0.0,0.0,0.0,0.0,0.0,0.0,0.0,0.0,0.0,0.0,0.0,0.0,8.0,2.0,1.0
792,6.598674000000007,0,8.4223,1.6162,1.423,1.5431,0.1863,0.0038,0.0048,0.0003,0.044,0.0552,0.0028,0.001,0.0138,0.0001,0.0023,0.0023,0.0005,0.0002,0.0104,0.0013,0.0005,0.0001,0.0021,0.1048,0.0223,0.0,0.0058,0.0,95.0,0.0,32.0,63.0,30.0,0.0,0.0,0.0,0.0,0.0,0.0,0.0,0.0,0.0,0.0,0.0,0.0,0.0,0.0,0.0,0.0,0.0,0.0,8.0,2.0,1.0
793,6.607096300000007,0,8.4091,1.7026,1.548,1.5265,0.1831,0.0035,0.0041,0.0003,0.0359,0.0462,0.0028,0.0009,0.0119,0.0002,0.002,0.0021,0.0002,0.0002,0.0095,0.0018,0.0008,0.0002,0.0027,0.0934,0.0199,0.0,0.0054,0.0,95.0,0.0,32.0,63.0,30.0,0.0,0.0,0.0,0.0,0.0,0.0,0.0,0.0,0.0,0.0,0.0,0.0,0.0,0.0,0.0,0.0,0.0,0.0,8.0,2.0,1.0
794,6.615505400000007,0,8.2329,1.6982,1.5544,1.4861,0.171,0.0046,0.0048,0.0003,0.0464,0.0585,0.0025,0.0008,0.0114,0.0003,0.0013,0.0014,0.0,0.0001,0.0083,0.0012,0.0006,0.0001,0.002,0.0982,0.017,0.0,0.0054,0.0,95.0,0.0,32.0,63.0,30.0,0.0,0.0,0.0,0.0,0.0,0.0,0.0,0.0,0.0,0.0,0.0,0.0,0.0,0.0,0.0,0.0,0.0,0.0,8.0,2.0,1.0
795,6.623738300000007,0,8.4198,1.7815,1.3955,1.4401,0.184,0.0039,0.0048,0.0003,0.0452,0.0569,0.0028,0.0008,0.0125,0.0002,0.0017,0.0017,0.0001,0.0001,0.0086,0.0013,0.0004,0.0001,0.002,0.0992,0.0166,0.0001,0.0056,0.0,95.0,0.0,32.0,63.0,30.0,0.0,0.0,0.0,0.0,0.0,0.0,0.0,0.0,0.0,0.0,0.0,0.0,0.0,0.0,0.0,0.0,0.0,0.0,8.0,2.0,1.0
796,6.632158100000008,0,8.3104,1.7657,1.5835,1.3689,0.197,0.0036,0.0053,0.0003,0.0484,0.0609,0.0025,0.0009,0.0118,0.0002,0.0016,0.0021,0.0001,0.0001,0.0112,0.0016,0.0006,0.0001,0.0031,0.1091,0.0228,0.0001,0.0061,0.0,95.0,0.0,32.0,63.0,30.0,0.0,0.0,0.0,0.0,0.0,0.0,0.0,0.0,0.0,0.0,0.0,0.0,0.0,0.0,0.0,0.0,0.0,0.0,8.0,2.0,1.0
797,6.640468500000008,0,8.4842,1.6792,1.5977,1.4194,0.1706,0.0032,0.0041,0.0002,0.0408,0.0508,0.003,0.001,0.0118,0.0001,0.0018,0.0023,0.0002,0.0002,0.009,0.0015,0.0005,0.0001,0.0025,0.0963,0.0167,0.0,0.0055,0.0,95.0,0.0,32.0,63.0,30.0,0.0,0.0,0.0,0.0,0.0,0.0,0.0,0.0,0.0,0.0,0.0,0.0,0.0,0.0,0.0,0.0,0.0,0.0,8.0,2.0,1.0
798,6.648952700000008,0,8.3922,1.652,1.6773,1.3834,0.2133,0.0042,0.004,0.0004,0.0547,0.0667,0.0029,0.0013,0.0162,0.0001,0.0024,0.0024,0.0001,0.0001,0.0108,0.0017,0.001,0.0002,0.0036,0.1245,0.026,0.0001,0.006,0.0,95.0,0.0,32.0,63.0,30.0,0.0,0.0,0.0,0.0,0.0,0.0,0.0,0.0,0.0,0.0,0.0,0.0,0.0,0.0,0.0,0.0,0.0,0.0,8.0,2.0,1.0
799,6.657344900000008,0,8.0989,1.8059,1.6465,1.5469,0.1734,0.0039,0.005,0.0002,0.0359,0.0483,0.0026,0.0008,0.0117,0.0001,0.0015,0.0024,0.0001,0.0001,0.0091,0.0017,0.0005,0.0001,0.0019,0.091,0.0164,0.0,0.0059,0.0,95.0,0.0,32.0,63.0,30.0,0.0,0.0,0.0,0.0,0.0,0.0,0.0,0.0,0.0,0.0,0.0,0.0,0.0,0.0,0.0,0.0,0.0,0.0,8.0,2.0,1.0
800,6.665443800000008,0,8.3483,1.6407,1.5334,1.3715,0.1952,0.0042,0.0057,0.0002,0.0523,0.0655,0.0027,0.0008,0.0117,0.0002,0.002,0.0016,0.0002,0.0005,0.0098,0.0015,0.0005,0.0,0.0022,0.111,0.0199,0.0001,0.0054,0.0,95.0,0.0,32.0,63.0,30.0,0.0,0.0,0.0,0.0,0.0,0.0,0.0,0.0,0.0,0.0,0.0,0.0,0.0,0.0,0.0,0.0,0.0,0.0,8.0,2.0,1.0
801,6.673792100000008,0,8.2489,1.7905,1.4418,1.2854,0.1741,0.0033,0.0043,0.0001,0.0361,0.0469,0.003,0.0017,0.0151,0.0002,0.0018,0.0026,0.0001,0.0002,0.014,0.0017,0.0005,0.0002,0.002,0.1001,0.02,0.0,0.006,0.0,95.0,0.0,32.0,63.0,30.0,0.0,0.0,0.0,0.0,0.0,0.0,0.0,0.0,0.0,0.0,0.0,0.0,0.0,0.0,0.0,0.0,0.0,0.0,8.0,2.0,1.0
802,6.682041000000008,0,8.451,1.6297,1.4682,1.5917,0.1872,0.0051,0.004,0.0002,0.0581,0.0698,0.0026,0.0014,0.013,0.0004,0.0016,0.0017,0.0002,0.0002,0.0092,0.0018,0.0005,0.0001,0.0021,0.1142,0.0191,0.0,0.0051,0.0,95.0,0.0,32.0,63.0,30.0,0.0,0.0,0.0,0.0,0.0,0.0,0.0,0.0,0.0,0.0,0.0,0.0,0.0,0.0,0.0,0.0,0.0,0.0,8.0,2.0,1.0
803,6.690492000000008,0,8.2752,1.6376,1.5296,1.4916,0.1651,0.0042,0.0083,0.0002,0.0277,0.0437,0.0023,0.0008,0.0119,0.0004,0.0015,0.0016,0.0,0.0001,0.0087,0.0018,0.0005,0.0001,0.0019,0.0848,0.0155,0.0,0.0059,0.0,95.0,0.0,32.0,63.0,30.0,0.0,0.0,0.0,0.0,0.0,0.0,0.0,0.0,0.0,0.0,0.0,0.0,0.0,0.0,0.0,0.0,0.0,0.0,8.0,2.0,1.0
804,6.698767200000008,0,8.3444,1.6104,1.4715,1.4134,0.1774,0.004,0.0037,0.0002,0.0504,0.0609,0.0026,0.0008,0.0127,0.0002,0.0014,0.0022,0.0001,0.0002,0.0098,0.0013,0.0005,0.0001,0.002,0.1069,0.0178,0.0001,0.0061,0.0,95.0,0.0,32.0,63.0,30.0,0.0,0.0,0.0,0.0,0.0,0.0,0.0,0.0,0.0,0.0,0.0,0.0,0.0,0.0,0.0,0.0,0.0,0.0,8.0,2.0,1.0
805,6.707111600000008,0,8.2676,1.6896,1.4772,1.3494,0.172,0.0037,0.0088,0.0002,0.0336,0.0488,0.0028,0.0008,0.0131,0.0005,0.0016,0.0018,0.0001,0.0002,0.0096,0.0016,0.0005,0.0001,0.0027,0.0942,0.0159,0.0,0.0058,0.0,95.0,0.0,32.0,63.0,30.0,0.0,0.0,0.0,0.0,0.0,0.0,0.0,0.0,0.0,0.0,0.0,0.0,0.0,0.0,0.0,0.0,0.0,0.0,8.0,2.0,1.0
806,6.715379200000008,0,8.426,1.7284,1.4105,1.3523,0.1749,0.0036,0.0041,0.0003,0.0468,0.0573,0.0028,0.0009,0.0117,0.0002,0.0022,0.0019,0.0001,0.0007,0.009,0.0013,0.0005,0.0001,0.0021,0.1027,0.0148,0.0,0.0042,0.0,95.0,0.0,32.0,63.0,30.0,0.0,0.0,0.0,0.0,0.0,0.0,0.0,0.0,0.0,0.0,0.0,0.0,0.0,0.0,0.0,0.0,0.0,0.0,8.0,2.0,1.0
807,6.723805200000008,0,8.3944,1.6541,1.5907,1.3743,0.1715,0.0042,0.005,0.0001,0.034,0.0461,0.0028,0.0009,0.0118,0.0002,0.002,0.0018,0.0,0.0001,0.0084,0.0013,0.0005,0.0001,0.0021,0.089,0.0143,0.0,0.0062,0.0,95.0,0.0,32.0,63.0,30.0,0.0,0.0,0.0,0.0,0.0,0.0,0.0,0.0,0.0,0.0,0.0,0.0,0.0,0.0,0.0,0.0,0.0,0.0,8.0,2.0,1.0
808,6.732199600000008,0,8.2241,1.6082,1.5215,1.4045,0.1771,0.0039,0.0053,0.0002,0.044,0.0568,0.0032,0.0009,0.0134,0.0002,0.0014,0.0023,0.0,0.0001,0.009,0.002,0.0005,0.0001,0.002,0.1016,0.0147,0.0,0.006,0.0,95.0,0.0,32.0,63.0,30.0,0.0,0.0,0.0,0.0,0.0,0.0,0.0,0.0,0.0,0.0,0.0,0.0,0.0,0.0,0.0,0.0,0.0,0.0,8.0,2.0,1.0
809,6.740423700000008,0,8.3974,1.7959,1.5049,1.4478,0.1808,0.0041,0.0052,0.0002,0.0333,0.0464,0.0032,0.0015,0.0158,0.0001,0.0023,0.0022,0.0001,0.0002,0.009,0.002,0.0004,0.0001,0.0022,0.0961,0.0153,0.0001,0.0051,0.0,95.0,0.0,32.0,63.0,30.0,0.0,0.0,0.0,0.0,0.0,0.0,0.0,0.0,0.0,0.0,0.0,0.0,0.0,0.0,0.0,0.0,0.0,0.0,8.0,2.0,1.0
810,6.748821100000008,0,8.3424,1.6769,1.5358,1.4651,0.2002,0.0036,0.0044,0.0003,0.0514,0.0633,0.0034,0.0008,0.0132,0.0002,0.002,0.0013,0.0001,0.0,0.0094,0.0012,0.0008,0.0001,0.0039,0.1123,0.0249,0.0,0.0057,0.0,95.0,0.0,32.0,63.0,30.0,0.0,0.0,0.0,0.0,0.0,0.0,0.0,0.0,0.0,0.0,0.0,0.0,0.0,0.0,0.0,0.0,0.0,0.0,8.0,2.0,1.0
811,6.757163500000008,0,8.3457,1.6771,1.5388,1.4105,0.1614,0.0038,0.0045,0.0003,0.0408,0.0523,0.0025,0.0007,0.0111,0.0001,0.0009,0.0011,0.0,0.0,0.0044,0.001,0.0002,0.0001,0.0032,0.0885,0.0188,0.0001,0.0057,0.0,95.0,0.0,32.0,63.0,30.0,0.0,0.0,0.0,0.0,0.0,0.0,0.0,0.0,0.0,0.0,0.0,0.0,0.0,0.0,0.0,0.0,0.0,0.0,8.0,2.0,1.0
812,6.765509200000007,0,8.5614,1.669,1.736,1.5475,0.1787,0.0041,0.0067,0.0002,0.0443,0.0578,0.0021,0.001,0.0107,0.0001,0.0019,0.0019,0.0001,0.0001,0.0087,0.0012,0.0005,0.0001,0.0021,0.0993,0.0176,0.0,0.0048,0.0,95.0,0.0,32.0,63.0,30.0,0.0,0.0,0.0,0.0,0.0,0.0,0.0,0.0,0.0,0.0,0.0,0.0,0.0,0.0,0.0,0.0,0.0,0.0,8.0,2.0,1.0
813,6.774070600000007,0,8.3597,1.8187,1.8025,1.4838,0.1743,0.0029,0.0038,0.0003,0.0415,0.0521,0.0026,0.001,0.012,0.0002,0.0019,0.0019,0.0001,0.0001,0.0102,0.0015,0.0005,0.0001,0.0019,0.0966,0.0188,0.0001,0.0067,0.0,95.0,0.0,32.0,63.0,30.0,0.0,0.0,0.0,0.0,0.0,0.0,0.0,0.0,0.0,0.0,0.0,0.0,0.0,0.0,0.0,0.0,0.0,0.0,8.0,2.0,1.0
814,6.782430300000007,0,8.1277,1.8686,1.7151,1.3854,0.1954,0.003,0.0044,0.0003,0.0536,0.065,0.0032,0.0012,0.0136,0.0002,0.0018,0.0017,0.0001,0.0001,0.0102,0.0019,0.0005,0.0001,0.0022,0.1124,0.0203,0.0,0.0051,0.0,95.0,0.0,32.0,63.0,30.0,0.0,0.0,0.0,0.0,0.0,0.0,0.0,0.0,0.0,0.0,0.0,0.0,0.0,0.0,0.0,0.0,0.0,0.0,8.0,2.0,1.0
815,6.790558000000007,0,8.3248,1.7089,1.6073,1.4805,0.1548,0.0041,0.004,0.0002,0.0287,0.0396,0.0021,0.0008,0.0101,0.0002,0.0015,0.0023,0.0001,0.0002,0.0096,0.0012,0.0005,0.0001,0.002,0.0805,0.0152,0.0,0.0056,0.0,95.0,0.0,32.0,63.0,30.0,0.0,0.0,0.0,0.0,0.0,0.0,0.0,0.0,0.0,0.0,0.0,0.0,0.0,0.0,0.0,0.0,0.0,0.0,8.0,2.0,1.0
816,6.7988828000000066,0,8.5057,1.8767,1.7136,1.5102,0.1624,0.0046,0.0037,0.0003,0.0424,0.0534,0.0022,0.001,0.0098,0.0001,0.0015,0.0024,0.0001,0.0001,0.0094,0.0013,0.0005,0.0001,0.0019,0.0936,0.0132,0.0,0.0052,0.0,95.0,0.0,32.0,63.0,30.0,0.0,0.0,0.0,0.0,0.0,0.0,0.0,0.0,0.0,0.0,0.0,0.0,0.0,0.0,0.0,0.0,0.0,0.0,8.0,2.0,1.0
817,6.807388500000006,0,8.478,1.9893,1.9628,1.5419,0.1709,0.0038,0.0042,0.0007,0.0323,0.0435,0.0022,0.0016,0.0119,0.0007,0.0016,0.0019,0.0001,0.0001,0.0088,0.0019,0.0005,0.0,0.0027,0.0913,0.0187,0.0,0.008,0.0,95.0,0.0,32.0,63.0,30.0,0.0,0.0,0.0,0.0,0.0,0.0,0.0,0.0,0.0,0.0,0.0,0.0,0.0,0.0,0.0,0.0,0.0,0.0,8.0,2.0,1.0
818,6.8158665000000065,0,8.0983,1.8458,1.6525,1.5582,0.1676,0.0025,0.0041,0.0005,0.0474,0.057,0.0023,0.0009,0.0099,0.0001,0.0016,0.002,0.0001,0.0001,0.0087,0.0018,0.0005,0.0002,0.0019,0.0961,0.0136,0.0,0.0041,0.0,95.0,0.0,32.0,63.0,30.0,0.0,0.0,0.0,0.0,0.0,0.0,0.0,0.0,0.0,0.0,0.0,0.0,0.0,0.0,0.0,0.0,0.0,0.0,8.0,2.0,1.0
819,6.823964800000007,0,8.275,1.77,1.6227,1.4542,0.1753,0.0035,0.0042,0.0009,0.0363,0.0476,0.0026,0.001,0.0123,0.0002,0.0015,0.0023,0.0001,0.0001,0.0105,0.0014,0.0008,0.0001,0.0023,0.0946,0.0189,0.0,0.0068,0.0,95.0,0.0,32.0,63.0,30.0,0.0,0.0,0.0,0.0,0.0,0.0,0.0,0.0,0.0,0.0,0.0,0.0,0.0,0.0,0.0,0.0,0.0,0.0,8.0,2.0,1.0
820,6.832239800000007,0,8.2377,1.8249,1.6496,1.737,0.1932,0.0045,0.0051,0.0002,0.0508,0.0633,0.0026,0.0009,0.0136,0.0001,0.002,0.002,0.0001,0.0002,0.0104,0.0018,0.0005,0.0001,0.0023,0.1131,0.0171,0.0,0.006,0.0,95.0,0.0,32.0,63.0,30.0,0.0,0.0,0.0,0.0,0.0,0.0,0.0,0.0,0.0,0.0,0.0,0.0,0.0,0.0,0.0,0.0,0.0,0.0,8.0,2.0,1.0
821,6.840477500000007,0,8.355,1.7228,1.589,1.3845,0.1758,0.0044,0.0046,0.0002,0.0308,0.0428,0.0026,0.0011,0.0139,0.0002,0.0018,0.002,0.0001,0.0001,0.0102,0.0013,0.001,0.0001,0.0024,0.091,0.0183,0.0,0.006,0.0,95.0,0.0,32.0,63.0,30.0,0.0,0.0,0.0,0.0,0.0,0.0,0.0,0.0,0.0,0.0,0.0,0.0,0.0,0.0,0.0,0.0,0.0,0.0,8.0,2.0,1.0
822,6.8488325000000065,0,8.4688,1.7404,1.4949,1.4356,0.1894,0.004,0.0042,0.0002,0.0473,0.0588,0.0025,0.0012,0.013,0.0002,0.0021,0.0018,0.0002,0.0002,0.01,0.0015,0.0006,0.0002,0.0023,0.1061,0.0184,0.0001,0.006,0.0,95.0,0.0,32.0,63.0,30.0,0.0,0.0,0.0,0.0,0.0,0.0,0.0,0.0,0.0,0.0,0.0,0.0,0.0,0.0,0.0,0.0,0.0,0.0,8.0,2.0,1.0
823,6.857301300000007,0,8.2514,1.8035,1.6528,1.4451,0.1739,0.0038,0.0049,0.0002,0.0356,0.0484,0.003,0.0009,0.0128,0.0002,0.0015,0.0024,0.0002,0.0001,0.0094,0.0014,0.0005,0.0001,0.0023,0.0923,0.0189,0.0,0.0053,0.0,95.0,0.0,32.0,63.0,30.0,0.0,0.0,0.0,0.0,0.0,0.0,0.0,0.0,0.0,0.0,0.0,0.0,0.0,0.0,0.0,0.0,0.0,0.0,8.0,2.0,1.0
824,6.8655527000000065,0,8.3819,1.7701,1.6252,1.4206,0.1833,0.0028,0.0052,0.0002,0.0509,0.062,0.0026,0.0009,0.0115,0.0003,0.0022,0.002,0.0001,0.0001,0.0105,0.0013,0.0006,0.0002,0.0026,0.1074,0.0199,0.0,0.0061,0.0,95.0,0.0,32.0,63.0,30.0,0.0,0.0,0.0,0.0,0.0,0.0,0.0,0.0,0.0,0.0,0.0,0.0,0.0,0.0,0.0,0.0,0.0,0.0,8.0,2.0,1.0
825,6.873934600000006,0,8.297,1.8591,1.7346,1.383,0.2022,0.0051,0.0045,0.0003,0.0389,0.0518,0.0033,0.0015,0.0159,0.0001,0.0025,0.0023,0.0001,0.0003,0.0132,0.0018,0.0007,0.0001,0.0031,0.1113,0.0231,0.0001,0.006,0.0,95.0,0.0,32.0,63.0,30.0,0.0,0.0,0.0,0.0,0.0,0.0,0.0,0.0,0.0,0.0,0.0,0.0,0.0,0.0,0.0,0.0,0.0,0.0,8.0,2.0,1.0
826,6.882231600000006,0,8.435,1.8784,1.5868,1.4956,0.2264,0.0047,0.0042,0.0002,0.0627,0.0751,0.0033,0.0011,0.0148,0.0002,0.0028,0.0017,0.0001,0.0001,0.0096,0.0015,0.0012,0.0003,0.0034,0.1326,0.0255,0.0,0.0056,0.0,95.0,0.0,32.0,63.0,30.0,0.0,0.0,0.0,0.0,0.0,0.0,0.0,0.0,0.0,0.0,0.0,0.0,0.0,0.0,0.0,0.0,0.0,0.0,8.0,2.0,1.0
827,6.8906666000000065,0,8.1947,1.8588,1.7328,1.508,0.1639,0.0029,0.0039,0.0002,0.0326,0.0425,0.0031,0.0013,0.0136,0.0001,0.0017,0.0021,0.0002,0.0001,0.0091,0.0012,0.0005,0.0001,0.002,0.0882,0.016,0.0001,0.005,0.0,95.0,0.0,32.0,63.0,30.0,0.0,0.0,0.0,0.0,0.0,0.0,0.0,0.0,0.0,0.0,0.0,0.0,0.0,0.0,0.0,0.0,0.0,0.0,8.0,2.0,1.0
828,6.898861300000006,0,8.402,1.6936,1.4572,1.4903,0.1796,0.0042,0.008,0.0004,0.0336,0.0495,0.0024,0.001,0.0106,0.0001,0.0016,0.0019,0.0002,0.0001,0.0092,0.0012,0.0005,0.0,0.0025,0.0933,0.0172,0.0001,0.0056,0.0,95.0,0.0,32.0,63.0,30.0,0.0,0.0,0.0,0.0,0.0,0.0,0.0,0.0,0.0,0.0,0.0,0.0,0.0,0.0,0.0,0.0,0.0,0.0,8.0,2.0,1.0
829,6.9072633000000065,0,8.2146,1.8615,1.6062,1.4188,0.1837,0.0039,0.0046,0.0002,0.0361,0.0481,0.0027,0.0008,0.0139,0.0002,0.0013,0.0011,0.0001,0.0,0.0085,0.0015,0.0003,0.0001,0.0031,0.097,0.0224,0.0,0.0063,0.0,95.0,0.0,32.0,63.0,30.0,0.0,0.0,0.0,0.0,0.0,0.0,0.0,0.0,0.0,0.0,0.0,0.0,0.0,0.0,0.0,0.0,0.0,0.0,8.0,2.0,1.0
830,6.915477900000006,0,8.3079,1.7128,1.5195,1.3548,0.1859,0.0034,0.0055,0.0003,0.0482,0.061,0.0025,0.0014,0.0124,0.0002,0.0017,0.0022,0.0001,0.0002,0.0102,0.0013,0.0005,0.0005,0.0021,0.1066,0.0145,0.0001,0.0043,0.0,95.0,0.0,32.0,63.0,30.0,0.0,0.0,0.0,0.0,0.0,0.0,0.0,0.0,0.0,0.0,0.0,0.0,0.0,0.0,0.0,0.0,0.0,0.0,8.0,2.0,1.0
831,6.923785800000006,0,8.4757,1.7922,1.5841,1.3542,0.1845,0.005,0.0042,0.0002,0.0383,0.0503,0.0028,0.0009,0.0129,0.0001,0.0015,0.0019,0.0001,0.0002,0.0093,0.0019,0.0005,0.0001,0.0021,0.1004,0.0238,0.0001,0.0066,0.0,95.0,0.0,32.0,63.0,30.0,0.0,0.0,0.0,0.0,0.0,0.0,0.0,0.0,0.0,0.0,0.0,0.0,0.0,0.0,0.0,0.0,0.0,0.0,8.0,2.0,1.0
832,6.932261500000006,0,8.2022,1.7055,1.5342,1.4011,0.1796,0.0038,0.0045,0.0003,0.0486,0.0603,0.0023,0.0009,0.0111,0.0001,0.0017,0.0022,0.0,0.0001,0.0091,0.0018,0.0005,0.0001,0.0022,0.1036,0.0146,0.0,0.0053,0.0,95.0,0.0,32.0,63.0,30.0,0.0,0.0,0.0,0.0,0.0,0.0,0.0,0.0,0.0,0.0,0.0,0.0,0.0,0.0,0.0,0.0,0.0,0.0,8.0,2.0,1.0
833,6.940463700000007,0,8.4212,1.5712,1.6456,1.3852,0.1954,0.0048,0.0048,0.0003,0.0456,0.0586,0.0025,0.0007,0.0112,0.0002,0.0021,0.0027,0.0002,0.0001,0.0097,0.0013,0.0007,0.0,0.002,0.1034,0.0213,0.0,0.007,0.0,95.0,0.0,32.0,63.0,30.0,0.0,0.0,0.0,0.0,0.0,0.0,0.0,0.0,0.0,0.0,0.0,0.0,0.0,0.0,0.0,0.0,0.0,0.0,8.0,2.0,1.0
834,6.948884900000007,0,8.3436,1.8168,1.4897,1.2686,0.1895,0.0037,0.0045,0.0002,0.0502,0.0623,0.0028,0.0009,0.0115,0.0001,0.0014,0.001,0.0001,0.0,0.008,0.0009,0.0003,0.0,0.0034,0.1014,0.0217,0.0001,0.0052,0.0,95.0,0.0,32.0,63.0,30.0,0.0,0.0,0.0,0.0,0.0,0.0,0.0,0.0,0.0,0.0,0.0,0.0,0.0,0.0,0.0,0.0,0.0,0.0,8.0,2.0,1.0
835,6.9572285000000065,0,8.2633,1.6711,1.5712,1.3311,0.1792,0.004,0.005,0.0003,0.0361,0.0482,0.0032,0.0014,0.015,0.0007,0.0016,0.0023,0.0002,0.0002,0.0102,0.0014,0.0011,0.0001,0.0021,0.0976,0.0201,0.0001,0.0062,0.0,95.0,0.0,32.0,63.0,30.0,0.0,0.0,0.0,0.0,0.0,0.0,0.0,0.0,0.0,0.0,0.0,0.0,0.0,0.0,0.0,0.0,0.0,0.0,8.0,2.0,1.0
836,6.965491800000007,0,8.2756,1.6159,1.5265,1.4002,0.1749,0.0037,0.0045,0.0002,0.0421,0.0536,0.0027,0.001,0.0141,0.0001,0.0012,0.001,0.0001,0.0001,0.0078,0.0011,0.0002,0.0001,0.0029,0.0969,0.0244,0.0,0.005,0.0,95.0,0.0,32.0,63.0,30.0,0.0,0.0,0.0,0.0,0.0,0.0,0.0,0.0,0.0,0.0,0.0,0.0,0.0,0.0,0.0,0.0,0.0,0.0,8.0,2.0,1.0
837,6.973767400000007,0,8.4736,1.6168,1.527,2.1178,0.1884,0.004,0.0044,0.0002,0.0421,0.0536,0.0034,0.0013,0.0148,0.0002,0.0022,0.0024,0.0001,0.0003,0.0105,0.0013,0.0005,0.0001,0.0022,0.1043,0.0189,0.0001,0.0055,0.0,95.0,0.0,32.0,63.0,30.0,0.0,0.0,0.0,0.0,0.0,0.0,0.0,0.0,0.0,0.0,0.0,0.0,0.0,0.0,0.0,0.0,0.0,0.0,8.0,2.0,1.0
838,6.982241000000007,0,8.3307,1.7533,1.6671,1.6035,0.1765,0.0041,0.0046,0.0002,0.0528,0.0643,0.002,0.0011,0.011,0.0003,0.0016,0.0022,0.0001,0.0002,0.0102,0.0014,0.0005,0.0001,0.0023,0.1054,0.0136,0.0,0.005,0.0,95.0,0.0,32.0,63.0,30.0,0.0,0.0,0.0,0.0,0.0,0.0,0.0,0.0,0.0,0.0,0.0,0.0,0.0,0.0,0.0,0.0,0.0,0.0,8.0,2.0,1.0
839,6.990571700000007,0,8.2291,1.7022,1.5055,1.3456,0.1907,0.0037,0.0052,0.0002,0.041,0.0529,0.0035,0.0011,0.016,0.0002,0.0021,0.0025,0.0001,0.0003,0.0114,0.0021,0.0006,0.0001,0.0026,0.1087,0.0164,0.0,0.006,0.0,95.0,0.0,32.0,63.0,30.0,0.0,0.0,0.0,0.0,0.0,0.0,0.0,0.0,0.0,0.0,0.0,0.0,0.0,0.0,0.0,0.0,0.0,0.0,8.0,2.0,1.0
840,6.998800800000008,0,8.3404,1.6266,1.4679,1.2786,0.1838,0.0037,0.0037,0.0002,0.0534,0.0637,0.0024,0.0009,0.0115,0.0001,0.0019,0.0024,0.0001,0.0001,0.0087,0.0014,0.0006,0.0001,0.0021,0.1069,0.0222,0.0001,0.0048,0.0,95.0,0.0,32.0,63.0,30.0,0.0,0.0,0.0,0.0,0.0,0.0,0.0,0.0,0.0,0.0,0.0,0.0,0.0,0.0,0.0,0.0,0.0,0.0,8.0,2.0,1.0
841,7.0071412000000075,0,8.3378,1.609,1.5633,1.2696,0.1725,0.004,0.0046,0.0002,0.0322,0.0441,0.0027,0.0008,0.0137,0.0002,0.0021,0.0018,0.0002,0.0002,0.0092,0.0018,0.0005,0.0,0.0024,0.0916,0.0153,0.0001,0.0044,0.0,95.0,0.0,32.0,63.0,30.0,0.0,0.0,0.0,0.0,0.0,0.0,0.0,0.0,0.0,0.0,0.0,0.0,0.0,0.0,0.0,0.0,0.0,0.0,8.0,2.0,1.0
842,7.015479000000007,0,8.3678,1.6353,1.5234,1.5506,0.1675,0.0032,0.0038,0.0004,0.0399,0.0501,0.0026,0.0016,0.0118,0.0001,0.0024,0.0024,0.0002,0.0002,0.0091,0.0014,0.0006,0.0,0.0021,0.0944,0.0186,0.0,0.0054,0.0,95.0,0.0,32.0,63.0,30.0,0.0,0.0,0.0,0.0,0.0,0.0,0.0,0.0,0.0,0.0,0.0,0.0,0.0,0.0,0.0,0.0,0.0,0.0,8.0,2.0,1.0
843,7.023846800000007,0,8.2986,1.6445,1.5429,1.4766,0.1815,0.0043,0.0046,0.0002,0.0338,0.0463,0.0033,0.0012,0.017,0.0002,0.0023,0.0022,0.0002,0.0001,0.0102,0.0016,0.0005,0.0001,0.0021,0.0972,0.0186,0.0,0.0048,0.0,95.0,0.0,32.0,63.0,30.0,0.0,0.0,0.0,0.0,0.0,0.0,0.0,0.0,0.0,0.0,0.0,0.0,0.0,0.0,0.0,0.0,0.0,0.0,8.0,2.0,1.0
844,7.032145400000007,0,8.2683,1.6681,1.4838,1.4665,0.1629,0.0038,0.0033,0.0002,0.0423,0.0518,0.0022,0.0008,0.0117,0.0002,0.0022,0.0023,0.0001,0.0001,0.0091,0.0013,0.0011,0.0001,0.0024,0.0954,0.0166,0.0001,0.0054,0.0,95.0,0.0,32.0,63.0,30.0,0.0,0.0,0.0,0.0,0.0,0.0,0.0,0.0,0.0,0.0,0.0,0.0,0.0,0.0,0.0,0.0,0.0,0.0,8.0,2.0,1.0
845,7.040413700000007,0,8.4999,1.7412,1.5256,1.6024,0.1877,0.0041,0.0056,0.0002,0.0385,0.0515,0.0025,0.0013,0.0147,0.0001,0.0024,0.0019,0.0001,0.0002,0.0097,0.0014,0.0005,0.0001,0.0022,0.101,0.0176,0.0,0.0052,0.0,95.0,0.0,32.0,63.0,30.0,0.0,0.0,0.0,0.0,0.0,0.0,0.0,0.0,0.0,0.0,0.0,0.0,0.0,0.0,0.0,0.0,0.0,0.0,8.0,2.0,1.0
846,7.048913600000008,0,8.2247,1.8853,1.5668,1.3261,0.1746,0.0047,0.0039,0.0002,0.0444,0.0561,0.0024,0.0015,0.0118,0.0006,0.0015,0.0016,0.0007,0.0001,0.0086,0.0018,0.0005,0.0001,0.002,0.0992,0.021,0.0,0.0053,0.0,95.0,0.0,32.0,63.0,30.0,0.0,0.0,0.0,0.0,0.0,0.0,0.0,0.0,0.0,0.0,0.0,0.0,0.0,0.0,0.0,0.0,0.0,0.0,8.0,2.0,1.0
847,7.057138300000008,0,8.2921,1.7209,1.482,1.432,0.16,0.0044,0.004,0.0002,0.035,0.0467,0.0024,0.0008,0.0113,0.0001,0.0015,0.0024,0.0001,0.0002,0.0096,0.0014,0.0005,0.0001,0.0021,0.0903,0.0149,0.0,0.0049,0.0,95.0,0.0,32.0,63.0,30.0,0.0,0.0,0.0,0.0,0.0,0.0,0.0,0.0,0.0,0.0,0.0,0.0,0.0,0.0,0.0,0.0,0.0,0.0,8.0,2.0,1.0
848,7.065430400000008,0,8.4196,1.606,1.5517,2.0835,0.1743,0.0032,0.0039,0.0002,0.0448,0.0547,0.0024,0.0019,0.0128,0.0002,0.0016,0.0022,0.0001,0.0001,0.0093,0.0013,0.0005,0.0,0.0024,0.1001,0.0156,0.0001,0.0054,0.0,95.0,0.0,32.0,63.0,30.0,0.0,0.0,0.0,0.0,0.0,0.0,0.0,0.0,0.0,0.0,0.0,0.0,0.0,0.0,0.0,0.0,0.0,0.0,8.0,2.0,1.0
849,7.073850000000008,0,8.3418,1.6244,1.5074,1.3994,0.1896,0.0041,0.0056,0.0003,0.0313,0.044,0.0035,0.0013,0.0165,0.0001,0.0018,0.0023,0.0001,0.0003,0.0123,0.0019,0.0011,0.0001,0.0035,0.1013,0.0232,0.0001,0.005,0.0,95.0,0.0,32.0,63.0,30.0,0.0,0.0,0.0,0.0,0.0,0.0,0.0,0.0,0.0,0.0,0.0,0.0,0.0,0.0,0.0,0.0,0.0,0.0,8.0,2.0,1.0
850,7.082191800000008,0,8.2508,1.7486,1.5519,1.4304,0.189,0.004,0.0048,0.0002,0.0476,0.0591,0.003,0.001,0.0135,0.0002,0.0019,0.0022,0.0002,0.0007,0.012,0.0017,0.0007,0.0,0.0027,0.1109,0.0187,0.0001,0.0053,0.0,95.0,0.0,32.0,63.0,30.0,0.0,0.0,0.0,0.0,0.0,0.0,0.0,0.0,0.0,0.0,0.0,0.0,0.0,0.0,0.0,0.0,0.0,0.0,8.0,2.0,1.0
851,7.090442600000008,0,8.3376,1.6519,1.458,1.4585,0.1705,0.004,0.0046,0.0002,0.0293,0.0409,0.0033,0.0013,0.0153,0.0001,0.0021,0.002,0.0001,0.0007,0.0121,0.0016,0.0006,0.0,0.0031,0.0947,0.0162,0.0,0.0053,0.0,95.0,0.0,32.0,63.0,30.0,0.0,0.0,0.0,0.0,0.0,0.0,0.0,0.0,0.0,0.0,0.0,0.0,0.0,0.0,0.0,0.0,0.0,0.0,8.0,2.0,1.0
852,7.098780200000008,0,8.555,1.8009,1.6816,1.3557,0.1847,0.0046,0.004,0.0003,0.0493,0.0608,0.0025,0.0008,0.0103,0.0002,0.0023,0.002,0.0002,0.0002,0.0105,0.002,0.0005,0.0001,0.0021,0.1058,0.021,0.0001,0.0047,0.0,95.0,0.0,32.0,63.0,30.0,0.0,0.0,0.0,0.0,0.0,0.0,0.0,0.0,0.0,0.0,0.0,0.0,0.0,0.0,0.0,0.0,0.0,0.0,8.0,2.0,1.0
853,7.1073352000000085,0,8.2601,1.7147,1.6709,1.4404,0.1855,0.0036,0.004,0.0002,0.0392,0.05,0.0031,0.0009,0.0134,0.0006,0.0019,0.0024,0.0002,0.0001,0.0088,0.0016,0.0005,0.0001,0.0021,0.0962,0.0202,0.0001,0.0065,0.0,95.0,0.0,32.0,63.0,30.0,0.0,0.0,0.0,0.0,0.0,0.0,0.0,0.0,0.0,0.0,0.0,0.0,0.0,0.0,0.0,0.0,0.0,0.0,8.0,2.0,1.0
854,7.115595300000009,0,8.2275,1.7004,1.5874,1.4465,0.2345,0.0041,0.0047,0.0005,0.0598,0.0724,0.0037,0.001,0.0181,0.0002,0.0026,0.0024,0.0002,0.0003,0.0129,0.0016,0.0005,0.0001,0.0048,0.1379,0.0274,0.0001,0.0051,0.0,95.0,0.0,32.0,63.0,30.0,0.0,0.0,0.0,0.0,0.0,0.0,0.0,0.0,0.0,0.0,0.0,0.0,0.0,0.0,0.0,0.0,0.0,0.0,8.0,2.0,1.0
855,7.123822800000009,0,8.2658,1.6894,1.4219,1.3604,0.1753,0.0028,0.0049,0.001,0.0338,0.0447,0.0029,0.0011,0.0145,0.0002,0.0018,0.0024,0.0002,0.0002,0.0126,0.0017,0.0007,0.0002,0.003,0.0991,0.0197,0.0,0.0053,0.0,95.0,0.0,32.0,63.0,30.0,0.0,0.0,0.0,0.0,0.0,0.0,0.0,0.0,0.0,0.0,0.0,0.0,0.0,0.0,0.0,0.0,0.0,0.0,8.0,2.0,1.0
856,7.132088600000009,0,8.407,1.7092,1.5178,1.4643,0.1778,0.0039,0.0045,0.0002,0.0416,0.0526,0.0022,0.0007,0.0111,0.0002,0.0016,0.0016,0.0005,0.0002,0.0088,0.0018,0.0004,0.0001,0.0021,0.096,0.0196,0.0,0.0054,0.0,95.0,0.0,32.0,63.0,30.0,0.0,0.0,0.0,0.0,0.0,0.0,0.0,0.0,0.0,0.0,0.0,0.0,0.0,0.0,0.0,0.0,0.0,0.0,8.0,2.0,1.0
857,7.140495600000009,0,8.3637,1.6427,1.5795,1.405,0.1739,0.004,0.0071,0.0003,0.0312,0.046,0.0028,0.0011,0.0128,0.0002,0.0021,0.0025,0.0002,0.0001,0.0099,0.0013,0.001,0.0,0.0021,0.0939,0.0142,0.0,0.0061,0.0,95.0,0.0,32.0,63.0,30.0,0.0,0.0,0.0,0.0,0.0,0.0,0.0,0.0,0.0,0.0,0.0,0.0,0.0,0.0,0.0,0.0,0.0,0.0,8.0,2.0,1.0
858,7.14885930000001,0,8.2906,1.6665,1.5423,1.4379,0.1856,0.0048,0.005,0.0002,0.0399,0.0524,0.0034,0.001,0.0136,0.0002,0.0025,0.0025,0.0002,0.0002,0.0114,0.0017,0.0007,0.0001,0.0029,0.1033,0.0201,0.0,0.0054,0.0,95.0,0.0,32.0,63.0,30.0,0.0,0.0,0.0,0.0,0.0,0.0,0.0,0.0,0.0,0.0,0.0,0.0,0.0,0.0,0.0,0.0,0.0,0.0,8.0,2.0,1.0
859,7.157149900000009,0,8.2582,1.7656,1.4547,1.332,0.1535,0.0038,0.0039,0.0002,0.0314,0.0417,0.0021,0.0008,0.0097,0.0006,0.0014,0.002,0.0001,0.0001,0.0082,0.0012,0.0008,0.0001,0.002,0.0814,0.0197,0.0001,0.005,0.0,95.0,0.0,32.0,63.0,30.0,0.0,0.0,0.0,0.0,0.0,0.0,0.0,0.0,0.0,0.0,0.0,0.0,0.0,0.0,0.0,0.0,0.0,0.0,8.0,2.0,1.0
860,7.165408100000009,0,8.5801,1.6778,1.6395,1.4639,0.1781,0.0031,0.0038,0.0002,0.0554,0.0649,0.0028,0.0008,0.0112,0.0001,0.0016,0.0017,0.0001,0.0,0.0083,0.0015,0.0005,0.0001,0.0021,0.1068,0.0144,0.0001,0.0052,0.0,95.0,0.0,32.0,63.0,30.0,0.0,0.0,0.0,0.0,0.0,0.0,0.0,0.0,0.0,0.0,0.0,0.0,0.0,0.0,0.0,0.0,0.0,0.0,8.0,2.0,1.0
861,7.173988200000009,0,8.2135,1.7605,1.5506,1.3861,0.1712,0.0047,0.0046,0.0002,0.0378,0.05,0.0026,0.0015,0.0097,0.0002,0.0018,0.0017,0.0001,0.0001,0.0086,0.0014,0.0006,0.0001,0.0021,0.0918,0.0203,0.0001,0.0056,0.0,95.0,0.0,32.0,63.0,30.0,0.0,0.0,0.0,0.0,0.0,0.0,0.0,0.0,0.0,0.0,0.0,0.0,0.0,0.0,0.0,0.0,0.0,0.0,8.0,2.0,1.0
862,7.182201700000009,0,8.4026,1.7384,1.6149,1.4053,0.173,0.0041,0.0038,0.0004,0.0492,0.0601,0.0024,0.0008,0.0117,0.0002,0.0016,0.0022,0.0001,0.0001,0.0088,0.0014,0.0006,0.0001,0.0021,0.103,0.0137,0.0001,0.0063,0.0,95.0,0.0,32.0,63.0,30.0,0.0,0.0,0.0,0.0,0.0,0.0,0.0,0.0,0.0,0.0,0.0,0.0,0.0,0.0,0.0,0.0,0.0,0.0,8.0,2.0,1.0
863,7.190604300000009,0,8.184,1.6668,1.4736,1.3741,0.1612,0.0037,0.0046,0.0002,0.0279,0.0395,0.0021,0.0008,0.0098,0.0002,0.0013,0.0022,0.0001,0.0001,0.0095,0.0014,0.0005,0.0001,0.0023,0.0819,0.0184,0.0,0.0069,0.0,95.0,0.0,32.0,63.0,30.0,0.0,0.0,0.0,0.0,0.0,0.0,0.0,0.0,0.0,0.0,0.0,0.0,0.0,0.0,0.0,0.0,0.0,0.0,8.0,2.0,1.0
864,7.198788300000009,0,8.3353,1.6324,1.4706,1.4728,0.1684,0.0036,0.0046,0.0002,0.038,0.0493,0.0027,0.0007,0.0116,0.0002,0.002,0.0018,0.0002,0.0001,0.0088,0.0019,0.0006,0.0,0.002,0.0922,0.0156,0.0,0.0058,0.0,95.0,0.0,32.0,63.0,30.0,0.0,0.0,0.0,0.0,0.0,0.0,0.0,0.0,0.0,0.0,0.0,0.0,0.0,0.0,0.0,0.0,0.0,0.0,8.0,2.0,1.0
865,7.207123600000009,0,8.3923,1.6661,1.4944,1.4176,0.1886,0.0043,0.0077,0.0002,0.0325,0.0478,0.0039,0.001,0.0179,0.0002,0.0027,0.0027,0.0001,0.0001,0.0092,0.0019,0.0005,0.0001,0.0024,0.1017,0.0227,0.0,0.0043,0.0,95.0,0.0,32.0,63.0,30.0,0.0,0.0,0.0,0.0,0.0,0.0,0.0,0.0,0.0,0.0,0.0,0.0,0.0,0.0,0.0,0.0,0.0,0.0,8.0,2.0,1.0
866,7.215515900000009,0,8.3788,1.6924,1.5524,1.3633,0.1904,0.0044,0.0066,0.0003,0.0496,0.0637,0.0029,0.0009,0.0116,0.0005,0.0016,0.0019,0.0001,0.0001,0.0088,0.0015,0.0005,0.0001,0.0022,0.1069,0.0187,0.0,0.0052,0.0,95.0,0.0,32.0,63.0,30.0,0.0,0.0,0.0,0.0,0.0,0.0,0.0,0.0,0.0,0.0,0.0,0.0,0.0,0.0,0.0,0.0,0.0,0.0,8.0,2.0,1.0
867,7.223894700000009,0,8.3648,1.6933,1.5539,1.5401,0.1895,0.0039,0.0048,0.0002,0.0382,0.0504,0.0029,0.0009,0.0143,0.0002,0.0018,0.0014,0.0001,0.0001,0.0087,0.0021,0.0004,0.0,0.0035,0.1005,0.021,0.0,0.0053,0.0,95.0,0.0,32.0,63.0,30.0,0.0,0.0,0.0,0.0,0.0,0.0,0.0,0.0,0.0,0.0,0.0,0.0,0.0,0.0,0.0,0.0,0.0,0.0,8.0,2.0,1.0
868,7.2322595000000085,0,8.2182,1.7382,1.5489,1.3462,0.1773,0.0045,0.0039,0.0002,0.0478,0.0589,0.0024,0.0011,0.0112,0.0001,0.0018,0.0023,0.0001,0.0001,0.01,0.0015,0.0005,0.0005,0.0022,0.1042,0.018,0.0001,0.0043,0.0,95.0,0.0,32.0,63.0,30.0,0.0,0.0,0.0,0.0,0.0,0.0,0.0,0.0,0.0,0.0,0.0,0.0,0.0,0.0,0.0,0.0,0.0,0.0,8.0,2.0,1.0
869,7.2404777000000085,0,8.4806,1.9534,1.5979,1.5551,0.1825,0.0054,0.0042,0.0002,0.0384,0.0511,0.0026,0.0008,0.0122,0.0002,0.0015,0.0022,0.0002,0.0001,0.0106,0.0013,0.0009,0.0,0.0022,0.0978,0.0147,0.0,0.0053,0.0,95.0,0.0,32.0,63.0,30.0,0.0,0.0,0.0,0.0,0.0,0.0,0.0,0.0,0.0,0.0,0.0,0.0,0.0,0.0,0.0,0.0,0.0,0.0,8.0,2.0,1.0
870,7.248958300000009,0,8.2138,1.7272,1.5926,1.5519,0.1883,0.0049,0.0054,0.0003,0.0466,0.0599,0.0031,0.0008,0.0137,0.0002,0.0021,0.0016,0.0001,0.0002,0.0094,0.0018,0.0005,0.0002,0.0026,0.107,0.02,0.0,0.0045,0.0,95.0,0.0,32.0,63.0,30.0,0.0,0.0,0.0,0.0,0.0,0.0,0.0,0.0,0.0,0.0,0.0,0.0,0.0,0.0,0.0,0.0,0.0,0.0,8.0,2.0,1.0
871,7.257172100000009,0,8.2749,1.7236,1.4449,1.3486,0.161,0.0048,0.0045,0.0003,0.0314,0.0435,0.0029,0.0008,0.0127,0.0001,0.0021,0.0015,0.0001,0.0001,0.0092,0.0014,0.0006,0.0001,0.002,0.0879,0.0183,0.0,0.0052,0.0,95.0,0.0,32.0,63.0,30.0,0.0,0.0,0.0,0.0,0.0,0.0,0.0,0.0,0.0,0.0,0.0,0.0,0.0,0.0,0.0,0.0,0.0,0.0,8.0,2.0,1.0
872,7.265447000000009,0,8.3829,1.6042,1.4684,1.3327,0.173,0.0033,0.004,0.0002,0.0424,0.0521,0.0024,0.001,0.0127,0.0001,0.0019,0.0016,0.0,0.0001,0.0104,0.0014,0.0006,0.0,0.0022,0.0978,0.0194,0.0,0.0052,0.0,95.0,0.0,32.0,63.0,30.0,0.0,0.0,0.0,0.0,0.0,0.0,0.0,0.0,0.0,0.0,0.0,0.0,0.0,0.0,0.0,0.0,0.0,0.0,8.0,2.0,1.0
873,7.273829900000009,0,8.3992,1.6728,1.5624,1.3915,0.2001,0.0039,0.0051,0.0002,0.0361,0.0484,0.0032,0.0012,0.0181,0.0002,0.0026,0.0023,0.0002,0.0002,0.0147,0.0018,0.0008,0.0001,0.0028,0.1099,0.0231,0.0,0.0058,0.0,95.0,0.0,32.0,63.0,30.0,0.0,0.0,0.0,0.0,0.0,0.0,0.0,0.0,0.0,0.0,0.0,0.0,0.0,0.0,0.0,0.0,0.0,0.0,8.0,2.0,1.0
874,7.282229100000009,0,8.3618,1.6926,1.5815,1.3231,0.1844,0.0035,0.0048,0.0002,0.0451,0.0563,0.0024,0.0007,0.0136,0.0002,0.002,0.0019,0.0001,0.0001,0.0094,0.0013,0.0004,0.0001,0.0021,0.1026,0.0166,0.0,0.0052,0.0,95.0,0.0,32.0,63.0,30.0,0.0,0.0,0.0,0.0,0.0,0.0,0.0,0.0,0.0,0.0,0.0,0.0,0.0,0.0,0.0,0.0,0.0,0.0,8.0,2.0,1.0
875,7.2905909000000095,0,8.293,1.6093,1.6061,1.4201,0.1729,0.0032,0.0039,0.0002,0.0364,0.0462,0.0028,0.0008,0.0129,0.0006,0.0016,0.0021,0.0,0.0001,0.0086,0.0017,0.0004,0.0,0.0021,0.0909,0.017,0.0,0.006,0.0,95.0,0.0,32.0,63.0,30.0,0.0,0.0,0.0,0.0,0.0,0.0,0.0,0.0,0.0,0.0,0.0,0.0,0.0,0.0,0.0,0.0,0.0,0.0,8.0,2.0,1.0
876,7.29888390000001,0,8.2941,1.5789,1.5098,1.4692,0.1804,0.003,0.0038,0.0001,0.0537,0.063,0.0024,0.001,0.0111,0.0001,0.0014,0.0023,0.0001,0.0001,0.0099,0.0014,0.0005,0.0,0.002,0.1067,0.0203,0.0001,0.0047,0.0,95.0,0.0,32.0,63.0,30.0,0.0,0.0,0.0,0.0,0.0,0.0,0.0,0.0,0.0,0.0,0.0,0.0,0.0,0.0,0.0,0.0,0.0,0.0,8.0,2.0,1.0
877,7.307178000000009,0,8.3271,1.6687,1.55,1.3092,0.1892,0.0043,0.0047,0.0002,0.0363,0.0483,0.0026,0.0012,0.0134,0.0001,0.0023,0.0022,0.0005,0.0002,0.0104,0.0013,0.0006,0.0,0.0024,0.0968,0.0206,0.0,0.0059,0.0,95.0,0.0,32.0,63.0,30.0,0.0,0.0,0.0,0.0,0.0,0.0,0.0,0.0,0.0,0.0,0.0,0.0,0.0,0.0,0.0,0.0,0.0,0.0,8.0,2.0,1.0
878,7.315505100000009,0,8.2256,1.6529,1.455,1.3593,0.1802,0.0041,0.0049,0.0002,0.0458,0.0578,0.0023,0.0008,0.0133,0.0003,0.0017,0.0016,0.0002,0.0002,0.0086,0.0015,0.0005,0.0001,0.0021,0.1016,0.0183,0.0001,0.0054,0.0,95.0,0.0,32.0,63.0,30.0,0.0,0.0,0.0,0.0,0.0,0.0,0.0,0.0,0.0,0.0,0.0,0.0,0.0,0.0,0.0,0.0,0.0,0.0,8.0,2.0,1.0
879,7.323730700000009,0,8.4399,1.6107,1.3087,1.3723,0.1507,0.0047,0.004,0.0002,0.0306,0.0418,0.0027,0.0008,0.0088,0.0007,0.0015,0.0016,0.0001,0.0001,0.0087,0.0014,0.0005,0.0001,0.0021,0.0797,0.0192,0.0001,0.0058,0.0,95.0,0.0,32.0,63.0,30.0,0.0,0.0,0.0,0.0,0.0,0.0,0.0,0.0,0.0,0.0,0.0,0.0,0.0,0.0,0.0,0.0,0.0,0.0,8.0,2.0,1.0
880,7.332170600000009,0,8.4778,1.8461,1.7148,1.4514,0.2238,0.0049,0.0048,0.0003,0.0615,0.0746,0.0037,0.001,0.0175,0.0002,0.0021,0.0017,0.0001,0.0002,0.0116,0.0017,0.0007,0.0001,0.0035,0.1328,0.0236,0.0001,0.0056,0.0,95.0,0.0,32.0,63.0,30.0,0.0,0.0,0.0,0.0,0.0,0.0,0.0,0.0,0.0,0.0,0.0,0.0,0.0,0.0,0.0,0.0,0.0,0.0,8.0,2.0,1.0
881,7.340648400000009,0,8.1928,1.6396,1.5181,1.4111,0.1698,0.0039,0.0044,0.0003,0.0326,0.0438,0.0021,0.0008,0.0121,0.0002,0.0015,0.0017,0.0002,0.0001,0.0093,0.0011,0.001,0.0001,0.002,0.0876,0.0193,0.0001,0.0054,0.0,95.0,0.0,32.0,63.0,30.0,0.0,0.0,0.0,0.0,0.0,0.0,0.0,0.0,0.0,0.0,0.0,0.0,0.0,0.0,0.0,0.0,0.0,0.0,8.0,2.0,1.0
882,7.348841200000009,0,8.3839,1.779,1.5882,1.5527,0.1792,0.0041,0.0053,0.0002,0.0403,0.0526,0.0029,0.0009,0.0123,0.0002,0.0016,0.0017,0.0001,0.0002,0.0094,0.0018,0.0005,0.0001,0.0022,0.0977,0.0145,0.0,0.0042,0.0,95.0,0.0,32.0,63.0,30.0,0.0,0.0,0.0,0.0,0.0,0.0,0.0,0.0,0.0,0.0,0.0,0.0,0.0,0.0,0.0,0.0,0.0,0.0,8.0,2.0,1.0
883,7.357225100000009,0,8.1869,1.7062,1.4884,1.3324,0.1748,0.0052,0.0052,0.0003,0.0442,0.0588,0.003,0.001,0.0135,0.0008,0.0013,0.0016,0.0,0.0001,0.0077,0.0012,0.0005,0.0001,0.0021,0.1017,0.0198,0.0,0.0049,0.0,95.0,0.0,32.0,63.0,30.0,0.0,0.0,0.0,0.0,0.0,0.0,0.0,0.0,0.0,0.0,0.0,0.0,0.0,0.0,0.0,0.0,0.0,0.0,8.0,2.0,1.0
884,7.365412000000009,0,8.4541,1.6834,1.4085,1.4392,0.1914,0.0043,0.0042,0.0002,0.044,0.0557,0.003,0.0011,0.0135,0.0002,0.0023,0.002,0.0002,0.0003,0.0114,0.0017,0.0006,0.0001,0.003,0.1095,0.0193,0.0001,0.0061,0.0,95.0,0.0,32.0,63.0,30.0,0.0,0.0,0.0,0.0,0.0,0.0,0.0,0.0,0.0,0.0,0.0,0.0,0.0,0.0,0.0,0.0,0.0,0.0,8.0,2.0,1.0
885,7.373866100000009,0,8.6404,1.7156,1.737,1.376,0.2091,0.0049,0.0051,0.0003,0.0417,0.0554,0.0029,0.0015,0.015,0.0002,0.0021,0.003,0.0002,0.0003,0.01,0.0015,0.0006,0.0001,0.002,0.1055,0.0303,0.0001,0.0059,0.0,95.0,0.0,32.0,63.0,30.0,0.0,0.0,0.0,0.0,0.0,0.0,0.0,0.0,0.0,0.0,0.0,0.0,0.0,0.0,0.0,0.0,0.0,0.0,8.0,2.0,1.0
886,7.382506500000009,0,8.2864,1.9838,1.9168,1.5993,0.1908,0.0051,0.0043,0.0003,0.0515,0.0646,0.0026,0.0009,0.0116,0.0002,0.0016,0.0022,0.0001,0.0001,0.0097,0.0014,0.0006,0.0001,0.0022,0.1107,0.0176,0.0001,0.0058,0.0,95.0,0.0,32.0,63.0,30.0,0.0,0.0,0.0,0.0,0.0,0.0,0.0,0.0,0.0,0.0,0.0,0.0,0.0,0.0,0.0,0.0,0.0,0.0,8.0,2.0,1.0
887,7.390792900000009,0,7.9542,1.7244,1.5546,1.4081,0.1582,0.0043,0.0038,0.0001,0.0409,0.0515,0.0021,0.0007,0.0114,0.0001,0.0015,0.0015,0.0,0.0001,0.0091,0.0013,0.0005,0.0,0.0022,0.0927,0.0132,0.0001,0.0066,0.0,95.0,0.0,32.0,63.0,30.0,0.0,0.0,0.0,0.0,0.0,0.0,0.0,0.0,0.0,0.0,0.0,0.0,0.0,0.0,0.0,0.0,0.0,0.0,8.0,2.0,1.0
888,7.398747100000009,0,8.4054,1.7993,1.3551,1.4433,0.1661,0.0045,0.0038,0.0002,0.0424,0.0537,0.0026,0.0007,0.0101,0.0001,0.0015,0.0013,0.0001,0.0001,0.0089,0.0013,0.0008,0.0,0.0019,0.0936,0.0217,0.0,0.0055,0.0,95.0,0.0,32.0,63.0,30.0,0.0,0.0,0.0,0.0,0.0,0.0,0.0,0.0,0.0,0.0,0.0,0.0,0.0,0.0,0.0,0.0,0.0,0.0,8.0,2.0,1.0
889,7.407152500000009,0,8.1993,1.737,1.4881,1.3336,0.1622,0.0041,0.0042,0.0002,0.0402,0.0511,0.002,0.0009,0.0104,0.0001,0.002,0.0017,0.0001,0.0007,0.0084,0.0011,0.0004,0.0,0.0018,0.0894,0.0173,0.0001,0.0055,0.0,95.0,0.0,32.0,63.0,30.0,0.0,0.0,0.0,0.0,0.0,0.0,0.0,0.0,0.0,0.0,0.0,0.0,0.0,0.0,0.0,0.0,0.0,0.0,8.0,2.0,1.0
890,7.41535180000001,0,8.5527,1.7343,1.3707,1.52,0.1656,0.0042,0.004,0.0005,0.0394,0.0505,0.0022,0.0009,0.0117,0.0002,0.0018,0.0015,0.0001,0.0001,0.0089,0.0013,0.0004,0.0001,0.002,0.0915,0.0192,0.0,0.0053,0.0,95.0,0.0,32.0,63.0,30.0,0.0,0.0,0.0,0.0,0.0,0.0,0.0,0.0,0.0,0.0,0.0,0.0,0.0,0.0,0.0,0.0,0.0,0.0,8.0,2.0,1.0
891,7.42390450000001,0,8.4179,1.6444,1.7396,1.5214,0.1672,0.003,0.0039,0.0002,0.0383,0.0478,0.0025,0.0011,0.0122,0.0002,0.0016,0.0022,0.0002,0.0002,0.009,0.0013,0.0004,0.0001,0.0021,0.0915,0.0187,0.0,0.0056,0.0,95.0,0.0,32.0,63.0,30.0,0.0,0.0,0.0,0.0,0.0,0.0,0.0,0.0,0.0,0.0,0.0,0.0,0.0,0.0,0.0,0.0,0.0,0.0,8.0,2.0,1.0
892,7.43232240000001,0,8.0592,1.6506,1.4399,1.3168,0.1495,0.0025,0.0037,0.0002,0.0395,0.0476,0.0021,0.0008,0.0104,0.0002,0.0013,0.0014,0.0006,0.0001,0.0086,0.0018,0.0005,0.0001,0.002,0.0873,0.0137,0.0001,0.005,0.0,95.0,0.0,32.0,63.0,30.0,0.0,0.0,0.0,0.0,0.0,0.0,0.0,0.0,0.0,0.0,0.0,0.0,0.0,0.0,0.0,0.0,0.0,0.0,8.0,2.0,1.0
893,7.44038160000001,0,8.4941,1.746,1.5219,1.4218,0.1774,0.0043,0.0051,0.0003,0.0331,0.0452,0.0036,0.0013,0.0141,0.0001,0.0021,0.0019,0.0001,0.0002,0.0107,0.0016,0.0005,0.0001,0.0021,0.0932,0.0177,0.0,0.0056,0.0,95.0,0.0,32.0,63.0,30.0,0.0,0.0,0.0,0.0,0.0,0.0,0.0,0.0,0.0,0.0,0.0,0.0,0.0,0.0,0.0,0.0,0.0,0.0,8.0,2.0,1.0
894,7.44887570000001,0,8.2955,1.6918,1.4841,1.4452,0.1623,0.0034,0.0035,0.0002,0.0393,0.0491,0.0022,0.0007,0.0122,0.0001,0.0014,0.0023,0.0,0.0001,0.0092,0.0013,0.0004,0.0001,0.0019,0.0928,0.0143,0.0,0.0053,0.0,95.0,0.0,32.0,63.0,30.0,0.0,0.0,0.0,0.0,0.0,0.0,0.0,0.0,0.0,0.0,0.0,0.0,0.0,0.0,0.0,0.0,0.0,0.0,8.0,2.0,1.0
895,7.45717120000001,0,8.3134,1.6031,1.4965,1.4036,0.1689,0.0038,0.0042,0.0002,0.0399,0.0506,0.0021,0.0015,0.0111,0.0001,0.0018,0.0017,0.0001,0.0001,0.0091,0.0018,0.0005,0.0002,0.0021,0.093,0.0194,0.0001,0.005,0.0,95.0,0.0,32.0,63.0,30.0,0.0,0.0,0.0,0.0,0.0,0.0,0.0,0.0,0.0,0.0,0.0,0.0,0.0,0.0,0.0,0.0,0.0,0.0,8.0,2.0,1.0
896,7.46548460000001,0,8.596,1.6324,1.5917,2.0229,0.1823,0.0039,0.0055,0.0002,0.0459,0.0587,0.0024,0.0009,0.0106,0.0005,0.0016,0.002,0.0002,0.0001,0.009,0.0013,0.0004,0.0002,0.0027,0.1012,0.0163,0.0,0.006,0.0,95.0,0.0,32.0,63.0,30.0,0.0,0.0,0.0,0.0,0.0,0.0,0.0,0.0,0.0,0.0,0.0,0.0,0.0,0.0,0.0,0.0,0.0,0.0,8.0,2.0,1.0
897,7.4740806000000095,0,8.1514,1.9083,1.6812,1.496,0.1848,0.004,0.0048,0.0003,0.033,0.0449,0.0031,0.0011,0.0144,0.0001,0.0022,0.0019,0.0002,0.0002,0.0116,0.0021,0.0007,0.0001,0.0029,0.0992,0.0211,0.0001,0.0056,0.0,95.0,0.0,32.0,63.0,30.0,0.0,0.0,0.0,0.0,0.0,0.0,0.0,0.0,0.0,0.0,0.0,0.0,0.0,0.0,0.0,0.0,0.0,0.0,8.0,2.0,1.0
898,7.4822320000000095,0,8.2562,2.0644,1.5093,1.4123,0.1604,0.0032,0.0036,0.0003,0.0396,0.0491,0.0023,0.0009,0.0119,0.0001,0.002,0.0016,0.0001,0.0001,0.0087,0.0012,0.0005,0.0001,0.0023,0.0918,0.0146,0.0,0.0048,0.0,95.0,0.0,32.0,63.0,30.0,0.0,0.0,0.0,0.0,0.0,0.0,0.0,0.0,0.0,0.0,0.0,0.0,0.0,0.0,0.0,0.0,0.0,0.0,8.0,2.0,1.0
899,7.4904882000000095,0,8.3528,1.6522,1.4909,1.421,0.178,0.0046,0.004,0.0002,0.0391,0.0507,0.0022,0.0008,0.011,0.0002,0.002,0.0017,0.0,0.0006,0.0089,0.0013,0.0009,0.0,0.0021,0.0926,0.0298,0.0001,0.0054,0.0,95.0,0.0,32.0,63.0,30.0,0.0,0.0,0.0,0.0,0.0,0.0,0.0,0.0,0.0,0.0,0.0,0.0,0.0,0.0,0.0,0.0,0.0,0.0,8.0,2.0,1.0
900,7.498841000000009,0,8.4314,1.5671,1.6062,1.6467,0.191,0.0042,0.0055,0.0003,0.059,0.0715,0.0021,0.0008,0.0098,0.0001,0.0022,0.0015,0.0001,0.0001,0.0088,0.0013,0.0006,0.0001,0.0018,0.111,0.0171,0.0,0.0062,0.0,95.0,0.0,32.0,63.0,30.0,0.0,0.0,0.0,0.0,0.0,0.0,0.0,0.0,0.0,0.0,0.0,0.0,0.0,0.0,0.0,0.0,0.0,0.0,8.0,2.0,1.0
901,7.5072724000000095,0,8.2984,1.6875,1.5934,1.3969,0.1856,0.0043,0.0046,0.0007,0.033,0.0455,0.0026,0.0011,0.0116,0.0002,0.0021,0.0019,0.0001,0.0001,0.0101,0.0013,0.0011,0.0002,0.0022,0.0922,0.0205,0.0,0.0056,0.0,95.0,0.0,32.0,63.0,30.0,0.0,0.0,0.0,0.0,0.0,0.0,0.0,0.0,0.0,0.0,0.0,0.0,0.0,0.0,0.0,0.0,0.0,0.0,8.0,2.0,1.0
902,7.51557080000001,0,8.3408,1.8484,1.5361,1.4289,0.1787,0.0035,0.0037,0.0003,0.0458,0.0557,0.0023,0.0009,0.0111,0.0002,0.0018,0.0017,0.0006,0.0001,0.0089,0.0016,0.0005,0.0001,0.0022,0.0997,0.0207,0.0001,0.0051,0.0,95.0,0.0,32.0,63.0,30.0,0.0,0.0,0.0,0.0,0.0,0.0,0.0,0.0,0.0,0.0,0.0,0.0,0.0,0.0,0.0,0.0,0.0,0.0,8.0,2.0,1.0
903,7.52391160000001,0,8.2979,1.7311,1.5833,1.4176,0.1781,0.0034,0.0043,0.0004,0.0379,0.0491,0.0031,0.0014,0.0148,0.0002,0.0023,0.0019,0.0001,0.0001,0.0093,0.0017,0.0005,0.0,0.002,0.0972,0.0201,0.0001,0.0052,0.0,95.0,0.0,32.0,63.0,30.0,0.0,0.0,0.0,0.0,0.0,0.0,0.0,0.0,0.0,0.0,0.0,0.0,0.0,0.0,0.0,0.0,0.0,0.0,8.0,2.0,1.0
904,7.532209500000009,0,8.2696,1.7364,1.469,1.4511,0.1583,0.0034,0.0037,0.0002,0.038,0.0475,0.0023,0.0009,0.0112,0.0007,0.0015,0.0016,0.0004,0.0001,0.0081,0.0013,0.001,0.0,0.0021,0.089,0.0177,0.0,0.0045,0.0,95.0,0.0,32.0,63.0,30.0,0.0,0.0,0.0,0.0,0.0,0.0,0.0,0.0,0.0,0.0,0.0,0.0,0.0,0.0,0.0,0.0,0.0,0.0,8.0,2.0,1.0
905,7.5404791000000095,0,8.3952,1.6736,1.5586,1.3609,0.1658,0.0044,0.0044,0.0002,0.0318,0.0436,0.0029,0.001,0.0128,0.0001,0.002,0.0019,0.0001,0.0001,0.0101,0.0018,0.0005,0.0001,0.0021,0.0907,0.0195,0.0,0.0053,0.0,95.0,0.0,32.0,63.0,30.0,0.0,0.0,0.0,0.0,0.0,0.0,0.0,0.0,0.0,0.0,0.0,0.0,0.0,0.0,0.0,0.0,0.0,0.0,8.0,2.0,1.0
906,7.548874300000009,0,8.3344,1.6237,1.4988,1.4278,0.1915,0.0033,0.0035,0.0002,0.0504,0.0595,0.0028,0.001,0.0131,0.0002,0.0024,0.0019,0.0002,0.0003,0.0126,0.0016,0.0008,0.0,0.0028,0.1108,0.0247,0.0001,0.005,0.0,95.0,0.0,32.0,63.0,30.0,0.0,0.0,0.0,0.0,0.0,0.0,0.0,0.0,0.0,0.0,0.0,0.0,0.0,0.0,0.0,0.0,0.0,0.0,8.0,2.0,1.0
907,7.557208700000009,0,8.2209,1.7281,1.4849,1.3918,0.1548,0.0027,0.0035,0.0006,0.0345,0.0434,0.0028,0.0007,0.0127,0.0001,0.0016,0.0017,0.0001,0.0001,0.0087,0.0013,0.0005,0.0001,0.0022,0.0866,0.016,0.0001,0.0047,0.0,95.0,0.0,32.0,63.0,30.0,0.0,0.0,0.0,0.0,0.0,0.0,0.0,0.0,0.0,0.0,0.0,0.0,0.0,0.0,0.0,0.0,0.0,0.0,8.0,2.0,1.0
908,7.56542960000001,0,8.5172,1.6184,1.5189,1.4873,0.1768,0.0029,0.0038,0.0006,0.044,0.0538,0.0026,0.0011,0.0127,0.0002,0.0016,0.0024,0.0001,0.0002,0.0102,0.0014,0.0005,0.0002,0.0021,0.101,0.0178,0.0,0.0053,0.0,95.0,0.0,32.0,63.0,30.0,0.0,0.0,0.0,0.0,0.0,0.0,0.0,0.0,0.0,0.0,0.0,0.0,0.0,0.0,0.0,0.0,0.0,0.0,8.0,2.0,1.0
909,7.57394680000001,0,8.4363,1.733,1.704,1.4682,0.2162,0.0055,0.0047,0.0003,0.0493,0.0631,0.0033,0.0011,0.0153,0.0002,0.003,0.0017,0.0002,0.0002,0.0101,0.0014,0.0005,0.0001,0.0029,0.1177,0.0274,0.0,0.0054,0.0,95.0,0.0,32.0,63.0,30.0,0.0,0.0,0.0,0.0,0.0,0.0,0.0,0.0,0.0,0.0,0.0,0.0,0.0,0.0,0.0,0.0,0.0,0.0,8.0,2.0,1.0
910,7.582383100000009,0,8.1431,1.7226,1.5884,1.547,0.1676,0.0052,0.0045,0.0002,0.0372,0.0496,0.0029,0.0011,0.0122,0.0001,0.0017,0.0018,0.0002,0.0001,0.0095,0.0013,0.0005,0.0001,0.0021,0.0935,0.0161,0.0,0.0062,0.0,95.0,0.0,32.0,63.0,30.0,0.0,0.0,0.0,0.0,0.0,0.0,0.0,0.0,0.0,0.0,0.0,0.0,0.0,0.0,0.0,0.0,0.0,0.0,8.0,2.0,1.0
911,7.590526200000009,0,8.3036,1.7233,1.5287,1.3345,0.1696,0.0046,0.004,0.0002,0.0375,0.049,0.0022,0.001,0.0103,0.0006,0.0016,0.0019,0.0002,0.0001,0.0091,0.0016,0.0005,0.0,0.0026,0.0909,0.0204,0.0001,0.0061,0.0,95.0,0.0,32.0,63.0,30.0,0.0,0.0,0.0,0.0,0.0,0.0,0.0,0.0,0.0,0.0,0.0,0.0,0.0,0.0,0.0,0.0,0.0,0.0,8.0,2.0,1.0
912,7.598829800000009,0,8.2779,1.6285,1.4546,1.4925,0.1653,0.0036,0.0038,0.0002,0.0443,0.0547,0.0022,0.0012,0.0109,0.0001,0.002,0.0016,0.0001,0.0004,0.0091,0.0013,0.0009,0.0,0.0021,0.0963,0.0152,0.0001,0.0059,0.0,95.0,0.0,32.0,63.0,30.0,0.0,0.0,0.0,0.0,0.0,0.0,0.0,0.0,0.0,0.0,0.0,0.0,0.0,0.0,0.0,0.0,0.0,0.0,8.0,2.0,1.0
913,7.607107700000009,0,8.3246,1.62,1.4621,1.3575,0.1738,0.0038,0.0047,0.0002,0.0299,0.0415,0.0027,0.001,0.0136,0.0002,0.0021,0.0025,0.0002,0.0002,0.0127,0.0017,0.0005,0.0002,0.0029,0.0945,0.0237,0.0001,0.0062,0.0,95.0,0.0,32.0,63.0,30.0,0.0,0.0,0.0,0.0,0.0,0.0,0.0,0.0,0.0,0.0,0.0,0.0,0.0,0.0,0.0,0.0,0.0,0.0,8.0,2.0,1.0
914,7.615432300000009,0,8.4202,1.5784,1.3661,1.3305,0.1694,0.0043,0.0042,0.0001,0.0456,0.0569,0.0028,0.0008,0.0108,0.0001,0.0016,0.0015,0.0001,0.0001,0.0081,0.0014,0.0005,0.0001,0.0021,0.0967,0.0199,0.0,0.0052,0.0,95.0,0.0,32.0,63.0,30.0,0.0,0.0,0.0,0.0,0.0,0.0,0.0,0.0,0.0,0.0,0.0,0.0,0.0,0.0,0.0,0.0,0.0,0.0,8.0,2.0,1.0
915,7.623852500000009,0,8.3161,1.7602,1.5326,1.4465,0.16,0.0026,0.0034,0.0003,0.0332,0.0415,0.0034,0.0009,0.01,0.0004,0.0017,0.0022,0.0001,0.0002,0.0102,0.0014,0.0005,0.0007,0.0023,0.09,0.0172,0.0,0.0064,0.0,95.0,0.0,32.0,63.0,30.0,0.0,0.0,0.0,0.0,0.0,0.0,0.0,0.0,0.0,0.0,0.0,0.0,0.0,0.0,0.0,0.0,0.0,0.0,8.0,2.0,1.0
916,7.632168600000009,0,8.2938,1.7124,1.4917,1.3384,0.1661,0.0026,0.0042,0.0002,0.0456,0.0546,0.0023,0.0008,0.0108,0.0002,0.0014,0.0021,0.0001,0.0001,0.0086,0.0013,0.0005,0.0,0.002,0.0958,0.0179,0.0,0.0067,0.0,95.0,0.0,32.0,63.0,30.0,0.0,0.0,0.0,0.0,0.0,0.0,0.0,0.0,0.0,0.0,0.0,0.0,0.0,0.0,0.0,0.0,0.0,0.0,8.0,2.0,1.0
917,7.6404624000000085,0,8.5407,1.6369,1.5928,1.2835,0.1876,0.0047,0.0037,0.0003,0.0478,0.059,0.0031,0.0013,0.0135,0.0002,0.0017,0.0025,0.0001,0.0002,0.0103,0.0015,0.0006,0.0002,0.0028,0.1089,0.0212,0.0,0.0044,0.0,95.0,0.0,32.0,63.0,30.0,0.0,0.0,0.0,0.0,0.0,0.0,0.0,0.0,0.0,0.0,0.0,0.0,0.0,0.0,0.0,0.0,0.0,0.0,8.0,2.0,1.0
918,7.649003100000009,0,8.0739,1.6933,1.5768,1.4616,0.1726,0.0052,0.0045,0.0002,0.0453,0.0579,0.0027,0.001,0.0127,0.0001,0.0014,0.0018,0.0002,0.0001,0.0088,0.0013,0.0007,0.0001,0.002,0.1016,0.0149,0.0,0.0056,0.0,95.0,0.0,32.0,63.0,30.0,0.0,0.0,0.0,0.0,0.0,0.0,0.0,0.0,0.0,0.0,0.0,0.0,0.0,0.0,0.0,0.0,0.0,0.0,8.0,2.0,1.0
919,7.657077000000009,0,8.2695,1.6209,1.3759,1.4432,0.1557,0.0044,0.0037,0.0002,0.0287,0.0397,0.0022,0.0013,0.0093,0.0002,0.0015,0.0022,0.0001,0.0001,0.0093,0.0013,0.0005,0.0,0.002,0.0826,0.0167,0.0001,0.0049,0.0,95.0,0.0,32.0,63.0,30.0,0.0,0.0,0.0,0.0,0.0,0.0,0.0,0.0,0.0,0.0,0.0,0.0,0.0,0.0,0.0,0.0,0.0,0.0,8.0,2.0,1.0
920,7.665346500000009,0,8.3322,1.5963,1.2993,1.3959,0.1559,0.0031,0.0036,0.0001,0.0394,0.0485,0.0022,0.0009,0.0108,0.0001,0.0016,0.0016,0.0001,0.0001,0.009,0.0012,0.0005,0.0,0.002,0.0893,0.0139,0.0001,0.0065,0.0,95.0,0.0,32.0,63.0,30.0,0.0,0.0,0.0,0.0,0.0,0.0,0.0,0.0,0.0,0.0,0.0,0.0,0.0,0.0,0.0,0.0,0.0,0.0,8.0,2.0,1.0
921,7.673678700000009,0,8.6131,1.5544,1.4008,1.3764,0.1836,0.0052,0.005,0.0002,0.0377,0.0507,0.0031,0.0013,0.0143,0.0002,0.0022,0.0021,0.0002,0.0002,0.0118,0.0017,0.001,0.0001,0.0029,0.1036,0.0223,0.0001,0.0063,0.0,95.0,0.0,32.0,63.0,30.0,0.0,0.0,0.0,0.0,0.0,0.0,0.0,0.0,0.0,0.0,0.0,0.0,0.0,0.0,0.0,0.0,0.0,0.0,8.0,2.0,1.0
922,7.682291800000009,0,8.1967,2.116,1.5699,1.4671,0.1626,0.0045,0.0042,0.0001,0.0354,0.0465,0.0023,0.0008,0.0116,0.0001,0.0015,0.0014,0.0001,0.0001,0.0086,0.0013,0.001,0.0,0.0022,0.0892,0.0186,0.0,0.0057,0.0,95.0,0.0,32.0,63.0,30.0,0.0,0.0,0.0,0.0,0.0,0.0,0.0,0.0,0.0,0.0,0.0,0.0,0.0,0.0,0.0,0.0,0.0,0.0,8.0,2.0,1.0
923,7.690488500000009,0,8.4067,1.6214,1.5339,1.3584,0.1856,0.0044,0.0043,0.0002,0.0449,0.0563,0.0021,0.0006,0.0115,0.0002,0.0016,0.0016,0.0001,0.0001,0.0088,0.0012,0.0011,0.0001,0.0018,0.0969,0.0308,0.0,0.0053,0.0,95.0,0.0,32.0,63.0,31.0,0.0,0.0,0.0,0.0,0.0,0.0,0.0,0.0,0.0,0.0,0.0,0.0,0.0,0.0,0.0,0.0,0.0,0.0,8.0,2.0,1.0
924,7.698895200000009,0,8.3453,1.6114,1.588,1.4084,0.1865,0.0038,0.0045,0.0002,0.0427,0.0541,0.003,0.0017,0.0146,0.0001,0.0019,0.0018,0.0002,0.0002,0.0118,0.0018,0.0012,0.0001,0.0028,0.1089,0.0184,0.0001,0.0055,0.0,95.0,0.0,32.0,63.0,31.0,0.0,0.0,0.0,0.0,0.0,0.0,0.0,0.0,0.0,0.0,0.0,0.0,0.0,0.0,0.0,0.0,0.0,0.0,8.0,2.0,1.0
925,7.707240500000009,0,8.3928,1.675,1.631,1.4179,0.1913,0.004,0.008,0.0003,0.0408,0.0554,0.0024,0.001,0.0123,0.0002,0.0017,0.0017,0.0001,0.0001,0.0099,0.0013,0.0008,0.0004,0.0023,0.1014,0.021,0.0,0.0062,0.0,95.0,0.0,32.0,63.0,31.0,0.0,0.0,0.0,0.0,0.0,0.0,0.0,0.0,0.0,0.0,0.0,0.0,0.0,0.0,0.0,0.0,0.0,0.0,8.0,2.0,1.0
926,7.715633300000009,0,8.1561,2.0186,1.4784,1.4379,0.1563,0.003,0.0042,0.0002,0.0396,0.0492,0.0021,0.0008,0.0105,0.0001,0.0014,0.0021,0.0,0.0001,0.008,0.0013,0.0004,0.0,0.002,0.0895,0.0153,0.0,0.0058,0.0,95.0,0.0,32.0,63.0,31.0,0.0,0.0,0.0,0.0,0.0,0.0,0.0,0.0,0.0,0.0,0.0,0.0,0.0,0.0,0.0,0.0,0.0,0.0,8.0,2.0,1.0
927,7.723789400000009,0,8.3994,1.6996,1.4837,1.4816,0.1588,0.0046,0.0042,0.0008,0.0342,0.0461,0.0022,0.0009,0.0114,0.0001,0.0016,0.002,0.0001,0.0001,0.0087,0.0014,0.0005,0.0001,0.002,0.0891,0.0151,0.0,0.0055,0.0,95.0,0.0,32.0,63.0,31.0,0.0,0.0,0.0,0.0,0.0,0.0,0.0,0.0,0.0,0.0,0.0,0.0,0.0,0.0,0.0,0.0,0.0,0.0,8.0,2.0,1.0
928,7.732188800000009,0,8.2919,1.685,1.502,1.3619,0.1585,0.0046,0.004,0.0003,0.0415,0.0529,0.0023,0.0008,0.0101,0.0002,0.0015,0.0016,0.0005,0.0001,0.0087,0.0013,0.0009,0.0,0.0021,0.0934,0.0128,0.0,0.0052,0.0,95.0,0.0,32.0,63.0,31.0,0.0,0.0,0.0,0.0,0.0,0.0,0.0,0.0,0.0,0.0,0.0,0.0,0.0,0.0,0.0,0.0,0.0,0.0,8.0,2.0,1.0
929,7.740480700000009,0,8.3594,1.6485,1.4903,1.3695,0.1661,0.0042,0.004,0.0002,0.0383,0.0493,0.0022,0.0008,0.0105,0.0002,0.0014,0.0018,0.0004,0.0001,0.009,0.0018,0.0005,0.0001,0.0021,0.0911,0.018,0.0,0.0071,0.0,95.0,0.0,32.0,63.0,31.0,0.0,0.0,0.0,0.0,0.0,0.0,0.0,0.0,0.0,0.0,0.0,0.0,0.0,0.0,0.0,0.0,0.0,0.0,8.0,2.0,1.0
930,7.748840100000009,0,8.4414,1.5928,1.6217,1.3409,0.2044,0.0035,0.0038,0.0002,0.0584,0.069,0.0028,0.001,0.0137,0.0002,0.0026,0.0014,0.0001,0.0001,0.0087,0.0013,0.0005,0.0001,0.0036,0.1197,0.0256,0.0,0.0063,0.0,95.0,0.0,32.0,63.0,31.0,0.0,0.0,0.0,0.0,0.0,0.0,0.0,0.0,0.0,0.0,0.0,0.0,0.0,0.0,0.0,0.0,0.0,0.0,8.0,2.0,1.0
931,7.757281500000008,0,8.2113,1.6266,1.4957,1.5442,0.1607,0.003,0.0039,0.0003,0.0321,0.0418,0.0024,0.0012,0.0127,0.0002,0.0021,0.0019,0.0002,0.0001,0.0093,0.0013,0.001,0.0001,0.0023,0.0874,0.0168,0.0,0.0057,0.0,95.0,0.0,32.0,63.0,31.0,0.0,0.0,0.0,0.0,0.0,0.0,0.0,0.0,0.0,0.0,0.0,0.0,0.0,0.0,0.0,0.0,0.0,0.0,8.0,2.0,1.0
932,7.7654928000000085,0,8.3726,1.6356,1.519,1.4315,0.1743,0.0032,0.0039,0.0002,0.0478,0.0575,0.0029,0.0008,0.0116,0.0002,0.0019,0.0016,0.0001,0.0001,0.0094,0.0014,0.0011,0.0001,0.0021,0.0994,0.02,0.0,0.0052,0.0,95.0,0.0,32.0,63.0,31.0,0.0,0.0,0.0,0.0,0.0,0.0,0.0,0.0,0.0,0.0,0.0,0.0,0.0,0.0,0.0,0.0,0.0,0.0,8.0,2.0,1.0
933,7.773865400000009,0,8.3714,1.8035,1.5352,1.3659,0.1615,0.0041,0.0039,0.0002,0.0326,0.0433,0.0027,0.0008,0.0122,0.0001,0.0015,0.0015,0.0001,0.0002,0.009,0.0014,0.001,0.0001,0.002,0.087,0.0164,0.0,0.0043,0.0,95.0,0.0,32.0,63.0,31.0,0.0,0.0,0.0,0.0,0.0,0.0,0.0,0.0,0.0,0.0,0.0,0.0,0.0,0.0,0.0,0.0,0.0,0.0,8.0,2.0,1.0
934,7.782236800000009,0,8.2639,1.7665,1.55,1.4798,0.1618,0.0032,0.0039,0.0003,0.0408,0.0507,0.0022,0.0009,0.0102,0.0002,0.0015,0.0022,0.0,0.0001,0.0091,0.0012,0.0005,0.0,0.0023,0.0925,0.0136,0.0,0.0052,0.0,95.0,0.0,32.0,63.0,31.0,0.0,0.0,0.0,0.0,0.0,0.0,0.0,0.0,0.0,0.0,0.0,0.0,0.0,0.0,0.0,0.0,0.0,0.0,8.0,2.0,1.0
935,7.790500700000009,0,8.3014,1.6666,1.4705,1.4139,0.1597,0.0032,0.0039,0.0003,0.0309,0.0412,0.0025,0.0008,0.0124,0.0001,0.0015,0.0017,0.0004,0.0001,0.009,0.0018,0.0005,0.0001,0.002,0.0844,0.0212,0.0001,0.0054,0.0,95.0,0.0,32.0,63.0,31.0,0.0,0.0,0.0,0.0,0.0,0.0,0.0,0.0,0.0,0.0,0.0,0.0,0.0,0.0,0.0,0.0,0.0,0.0,8.0,2.0,1.0
936,7.7988021000000085,0,8.4093,1.627,1.5482,1.4764,0.1724,0.0046,0.0038,0.0003,0.0443,0.0554,0.0023,0.0009,0.0125,0.0002,0.0019,0.0017,0.0005,0.0001,0.0097,0.0018,0.0005,0.0001,0.0024,0.1018,0.0163,0.0001,0.0051,0.0,95.0,0.0,32.0,63.0,31.0,0.0,0.0,0.0,0.0,0.0,0.0,0.0,0.0,0.0,0.0,0.0,0.0,0.0,0.0,0.0,0.0,0.0,0.0,8.0,2.0,1.0
937,7.807211400000009,0,8.2793,1.698,1.4686,1.3597,0.1593,0.0047,0.004,0.0002,0.0321,0.0435,0.0021,0.0007,0.0116,0.0002,0.0014,0.0019,0.0,0.0001,0.0088,0.0013,0.0005,0.0001,0.002,0.0848,0.0191,0.0001,0.0041,0.0,95.0,0.0,32.0,63.0,31.0,0.0,0.0,0.0,0.0,0.0,0.0,0.0,0.0,0.0,0.0,0.0,0.0,0.0,0.0,0.0,0.0,0.0,0.0,8.0,2.0,1.0
938,7.815490700000009,0,8.3556,1.6654,1.5312,1.5472,0.1789,0.0035,0.0042,0.0002,0.0444,0.0549,0.0024,0.001,0.0125,0.0002,0.0019,0.0017,0.0001,0.0001,0.009,0.0012,0.001,0.0001,0.002,0.0991,0.0251,0.0,0.0048,0.0,95.0,0.0,32.0,63.0,31.0,0.0,0.0,0.0,0.0,0.0,0.0,0.0,0.0,0.0,0.0,0.0,0.0,0.0,0.0,0.0,0.0,0.0,0.0,8.0,2.0,1.0
939,7.8238463000000085,0,8.4204,1.6255,1.4855,1.4252,0.1773,0.0039,0.0049,0.0002,0.0359,0.0473,0.0031,0.0011,0.0149,0.0002,0.0023,0.0023,0.0001,0.0002,0.0122,0.0021,0.0006,0.0002,0.0028,0.1005,0.0208,0.0,0.0053,0.0,95.0,0.0,32.0,63.0,31.0,0.0,0.0,0.0,0.0,0.0,0.0,0.0,0.0,0.0,0.0,0.0,0.0,0.0,0.0,0.0,0.0,0.0,0.0,8.0,2.0,1.0
940,7.832266700000009,0,8.3285,1.7507,1.6659,1.5231,0.1859,0.004,0.0048,0.0002,0.0407,0.0523,0.0036,0.0009,0.0135,0.0001,0.0023,0.0019,0.0002,0.0002,0.0119,0.0016,0.0006,0.0001,0.0031,0.1042,0.0191,0.0001,0.0061,0.0,95.0,0.0,32.0,63.0,31.0,0.0,0.0,0.0,0.0,0.0,0.0,0.0,0.0,0.0,0.0,0.0,0.0,0.0,0.0,0.0,0.0,0.0,0.0,8.0,2.0,1.0
941,7.840595200000009,0,8.4385,1.6756,1.6631,1.3769,0.2927,0.0045,0.004,0.0002,0.1625,0.1737,0.0027,0.0008,0.0133,0.0002,0.002,0.0022,0.0001,0.0001,0.0098,0.0018,0.0005,0.0001,0.002,0.2204,0.0144,0.0,0.006,0.0,95.0,0.0,32.0,63.0,31.0,0.0,0.0,0.0,0.0,0.0,0.0,0.0,0.0,0.0,0.0,0.0,0.0,0.0,0.0,0.0,0.0,0.0,0.0,8.0,2.0,1.0
942,7.8490337000000086,0,8.2637,1.8958,1.6712,1.3484,0.282,0.0045,0.0038,0.0004,0.1566,0.1674,0.0029,0.0011,0.0123,0.0001,0.0019,0.0016,0.0001,0.0001,0.0085,0.0013,0.001,0.0001,0.0022,0.2111,0.0148,0.0,0.0052,0.0,95.0,0.0,32.0,63.0,31.0,0.0,0.0,0.0,0.0,0.0,0.0,0.0,0.0,0.0,0.0,0.0,0.0,0.0,0.0,0.0,0.0,0.0,0.0,8.0,2.0,1.0
943,7.857297400000008,0,8.1166,1.748,1.4382,1.5296,0.151,0.0029,0.004,0.0002,0.0299,0.0391,0.0024,0.001,0.0128,0.0001,0.0016,0.002,0.0001,0.0001,0.0086,0.0018,0.0006,0.0001,0.002,0.0823,0.0145,0.0,0.0049,0.0,95.0,0.0,32.0,63.0,31.0,0.0,0.0,0.0,0.0,0.0,0.0,0.0,0.0,0.0,0.0,0.0,0.0,0.0,0.0,0.0,0.0,0.0,0.0,8.0,2.0,1.0
944,7.865414000000008,0,8.4062,1.7354,1.4265,1.5688,0.1629,0.003,0.0038,0.0002,0.0457,0.055,0.0024,0.0009,0.0109,0.0002,0.0016,0.0019,0.0001,0.0001,0.0087,0.0013,0.0004,0.0001,0.002,0.096,0.0137,0.0,0.0052,0.0,95.0,0.0,32.0,63.0,31.0,0.0,0.0,0.0,0.0,0.0,0.0,0.0,0.0,0.0,0.0,0.0,0.0,0.0,0.0,0.0,0.0,0.0,0.0,8.0,2.0,1.0
945,7.873820200000008,0,8.3973,1.6114,1.542,1.3902,0.1638,0.0038,0.0035,0.0003,0.033,0.0427,0.0019,0.0007,0.0103,0.0001,0.0015,0.002,0.0001,0.0001,0.0082,0.0011,0.0006,0.0001,0.0016,0.0821,0.0295,0.0,0.0048,0.0,95.0,0.0,32.0,63.0,31.0,0.0,0.0,0.0,0.0,0.0,0.0,0.0,0.0,0.0,0.0,0.0,0.0,0.0,0.0,0.0,0.0,0.0,0.0,8.0,2.0,1.0
946,7.882217500000008,0,8.4447,1.7544,1.6757,1.3511,0.3306,0.0044,0.0038,0.0002,0.206,0.2171,0.0024,0.0008,0.0116,0.0002,0.0022,0.0019,0.0001,0.0006,0.0087,0.0012,0.0006,0.0001,0.0018,0.2619,0.0151,0.0,0.0049,0.0,95.0,0.0,32.0,63.0,29.0,0.0,0.0,0.0,0.0,0.0,0.0,0.0,0.0,0.0,0.0,0.0,0.0,0.0,0.0,0.0,0.0,0.0,0.0,8.0,2.0,1.0
947,7.890662200000008,0,8.1363,1.6789,1.4677,1.4268,0.1513,0.0043,0.0044,0.0002,0.0282,0.0394,0.0027,0.0009,0.0112,0.0001,0.002,0.0015,0.0,0.0001,0.0086,0.0012,0.0005,0.0001,0.0018,0.0802,0.0181,0.0,0.0053,0.0,95.0,0.0,32.0,63.0,29.0,0.0,0.0,0.0,0.0,0.0,0.0,0.0,0.0,0.0,0.0,0.0,0.0,0.0,0.0,0.0,0.0,0.0,0.0,8.0,2.0,1.0
948,7.898798500000009,0,8.33,1.7863,1.4444,1.3285,0.1531,0.0027,0.0043,0.0002,0.037,0.0466,0.0024,0.0007,0.0122,0.0002,0.002,0.0016,0.0001,0.0001,0.0081,0.0013,0.0005,0.0,0.0021,0.089,0.0138,0.0,0.0045,0.0,95.0,0.0,32.0,63.0,29.0,0.0,0.0,0.0,0.0,0.0,0.0,0.0,0.0,0.0,0.0,0.0,0.0,0.0,0.0,0.0,0.0,0.0,0.0,8.0,2.0,1.0
949,7.907128500000009,0,8.447,1.6966,1.5913,1.3852,0.1936,0.0049,0.0049,0.0002,0.0359,0.0485,0.0026,0.001,0.013,0.0002,0.0024,0.0021,0.0002,0.0001,0.0106,0.0014,0.0006,0.0002,0.0026,0.0969,0.0328,0.0001,0.0047,0.0,95.0,0.0,32.0,63.0,29.0,0.0,0.0,0.0,0.0,0.0,0.0,0.0,0.0,0.0,0.0,0.0,0.0,0.0,0.0,0.0,0.0,0.0,0.0,8.0,2.0,1.0
950,7.915575500000009,0,8.4914,1.8468,1.5695,1.4717,0.1935,0.0038,0.0038,0.0003,0.0519,0.0631,0.0027,0.0012,0.0135,0.0002,0.0023,0.0021,0.0002,0.0001,0.0104,0.0019,0.0005,0.0001,0.0023,0.1146,0.0175,0.0001,0.0051,0.0,95.0,0.0,32.0,63.0,29.0,0.0,0.0,0.0,0.0,0.0,0.0,0.0,0.0,0.0,0.0,0.0,0.0,0.0,0.0,0.0,0.0,0.0,0.0,8.0,2.0,1.0
951,7.924066900000009,0,8.0755,1.8646,1.5819,1.4276,0.1473,0.0027,0.0033,0.0002,0.0341,0.0427,0.0022,0.0006,0.0109,0.0001,0.0016,0.0021,0.0001,0.0001,0.0089,0.0011,0.0005,0.0001,0.0018,0.085,0.014,0.0001,0.0052,0.0,95.0,0.0,32.0,63.0,29.0,0.0,0.0,0.0,0.0,0.0,0.0,0.0,0.0,0.0,0.0,0.0,0.0,0.0,0.0,0.0,0.0,0.0,0.0,8.0,2.0,1.0
952,7.932142400000009,0,8.368,1.7226,1.497,1.4154,0.1656,0.0036,0.0039,0.0006,0.043,0.0534,0.0023,0.0009,0.0117,0.0001,0.0021,0.0017,0.0001,0.0001,0.0089,0.0013,0.0005,0.0002,0.002,0.0961,0.015,0.0,0.0048,0.0,95.0,0.0,32.0,63.0,29.0,0.0,0.0,0.0,0.0,0.0,0.0,0.0,0.0,0.0,0.0,0.0,0.0,0.0,0.0,0.0,0.0,0.0,0.0,8.0,2.0,1.0
953,7.940510400000009,0,8.4966,1.8305,1.7318,1.4692,0.3289,0.0047,0.0049,0.0003,0.0459,0.0587,0.0027,0.001,0.014,0.0001,0.002,0.0022,0.0002,0.0001,0.0105,0.0014,0.0006,0.0001,0.0025,0.1101,0.0197,0.0001,0.0051,0.0,95.0,0.0,32.0,63.0,29.0,0.0,0.0,0.0,0.0,0.0,0.0,0.0,0.0,0.0,0.0,0.0,0.0,0.0,0.0,0.0,0.0,0.0,0.0,8.0,2.0,1.0
954,7.949007000000009,0,8.2128,1.9641,1.4231,1.3715,0.1614,0.0035,0.0037,0.0002,0.041,0.0504,0.0021,0.0009,0.0108,0.0001,0.002,0.0015,0.0002,0.0001,0.0094,0.0013,0.0004,0.0001,0.0018,0.0915,0.0169,0.0,0.0055,0.0,95.0,0.0,32.0,63.0,29.0,0.0,0.0,0.0,0.0,0.0,0.0,0.0,0.0,0.0,0.0,0.0,0.0,0.0,0.0,0.0,0.0,0.0,0.0,8.0,2.0,1.0
955,7.957219800000009,0,8.5539,1.7432,1.6322,1.3806,0.1751,0.005,0.0038,0.0002,0.0326,0.0444,0.0025,0.001,0.0131,0.0002,0.0019,0.0018,0.0001,0.0002,0.0095,0.0018,0.0006,0.0002,0.0021,0.0901,0.0227,0.0001,0.0049,0.0,95.0,0.0,32.0,63.0,29.0,0.0,0.0,0.0,0.0,0.0,0.0,0.0,0.0,0.0,0.0,0.0,0.0,0.0,0.0,0.0,0.0,0.0,0.0,8.0,2.0,1.0
956,7.965773700000009,0,8.0783,2.1375,1.7997,1.4087,0.1746,0.0054,0.0041,0.0002,0.0421,0.0544,0.002,0.0008,0.0116,0.0001,0.0013,0.0015,0.0007,0.0001,0.0095,0.0013,0.0008,0.0001,0.0018,0.0969,0.0204,0.0,0.0052,0.0,95.0,0.0,32.0,63.0,29.0,0.0,0.0,0.0,0.0,0.0,0.0,0.0,0.0,0.0,0.0,0.0,0.0,0.0,0.0,0.0,0.0,0.0,0.0,8.0,2.0,1.0
957,7.973852000000009,0,8.7711,1.6821,1.7575,1.5238,0.1742,0.0039,0.0053,0.0002,0.0381,0.0504,0.0023,0.0009,0.0115,0.0002,0.0023,0.0018,0.0002,0.0001,0.0099,0.0016,0.0005,0.0001,0.0026,0.0956,0.0167,0.0,0.0059,0.0,95.0,0.0,32.0,63.0,29.0,0.0,0.0,0.0,0.0,0.0,0.0,0.0,0.0,0.0,0.0,0.0,0.0,0.0,0.0,0.0,0.0,0.0,0.0,8.0,2.0,1.0
958,7.9826231000000085,0,7.9992,1.8054,1.7037,1.5988,0.1914,0.0047,0.0052,0.0001,0.0429,0.0556,0.0023,0.0009,0.0127,0.0002,0.0019,0.0028,0.0003,0.0002,0.0114,0.0015,0.0006,0.0001,0.0032,0.1072,0.0215,0.0,0.0063,0.0,95.0,0.0,32.0,63.0,29.0,0.0,0.0,0.0,0.0,0.0,0.0,0.0,0.0,0.0,0.0,0.0,0.0,0.0,0.0,0.0,0.0,0.0,0.0,8.0,2.0,1.0
959,7.990622300000009,0,8.2978,1.8662,1.548,1.4577,0.1687,0.0028,0.0037,0.0002,0.0375,0.0463,0.0026,0.0013,0.0144,0.0002,0.0018,0.0019,0.0004,0.0001,0.01,0.0013,0.0006,0.0001,0.0022,0.0963,0.0196,0.0,0.0043,0.0,95.0,0.0,32.0,63.0,29.0,0.0,0.0,0.0,0.0,0.0,0.0,0.0,0.0,0.0,0.0,0.0,0.0,0.0,0.0,0.0,0.0,0.0,0.0,8.0,2.0,1.0
960,7.998920100000009,0,8.4082,1.7478,1.6314,1.5557,0.1784,0.0033,0.0041,0.0002,0.0416,0.052,0.0029,0.0009,0.013,0.0002,0.0016,0.0017,0.0005,0.0001,0.0096,0.0024,0.0005,0.0001,0.0022,0.0991,0.0202,0.0001,0.0053,0.0,95.0,0.0,32.0,63.0,29.0,0.0,0.0,0.0,0.0,0.0,0.0,0.0,0.0,0.0,0.0,0.0,0.0,0.0,0.0,0.0,0.0,0.0,0.0,8.0,2.0,1.0
961,8.00732830000001,0,8.1861,1.7536,1.6666,1.4024,0.1696,0.0031,0.0043,0.0003,0.0318,0.0422,0.0026,0.0014,0.0126,0.0002,0.0019,0.0023,0.0001,0.0002,0.0097,0.0013,0.0004,0.0001,0.0021,0.0888,0.0202,0.0,0.005,0.0,95.0,0.0,32.0,63.0,29.0,0.0,0.0,0.0,0.0,0.0,0.0,0.0,0.0,0.0,0.0,0.0,0.0,0.0,0.0,0.0,0.0,0.0,0.0,8.0,2.0,1.0
962,8.01551440000001,0,8.345,1.8013,1.5046,1.4623,0.1757,0.0044,0.0043,0.0002,0.0368,0.0487,0.0024,0.001,0.0116,0.0005,0.0016,0.0023,0.0002,0.0001,0.0112,0.0015,0.0005,0.0002,0.0022,0.0953,0.0176,0.0,0.0053,0.0,95.0,0.0,32.0,63.0,29.0,0.0,0.0,0.0,0.0,0.0,0.0,0.0,0.0,0.0,0.0,0.0,0.0,0.0,0.0,0.0,0.0,0.0,0.0,8.0,2.0,1.0
963,8.02385940000001,0,8.4519,1.7924,1.4596,1.5807,0.1558,0.0035,0.004,0.0003,0.0341,0.0446,0.002,0.0007,0.0081,0.0002,0.0014,0.0023,0.0002,0.0001,0.0098,0.0018,0.0005,0.0004,0.0018,0.0843,0.0154,0.0,0.0046,0.0,95.0,0.0,32.0,63.0,29.0,0.0,0.0,0.0,0.0,0.0,0.0,0.0,0.0,0.0,0.0,0.0,0.0,0.0,0.0,0.0,0.0,0.0,0.0,8.0,2.0,1.0
964,8.03231130000001,0,8.1974,1.8495,1.6804,1.7448,0.1971,0.0041,0.0071,0.0002,0.025,0.0397,0.0029,0.0011,0.0152,0.0003,0.0021,0.0028,0.0002,0.0002,0.013,0.0016,0.0008,0.0002,0.003,0.0959,0.0304,0.0,0.0053,0.0,95.0,0.0,32.0,63.0,29.0,0.0,0.0,0.0,0.0,0.0,0.0,0.0,0.0,0.0,0.0,0.0,0.0,0.0,0.0,0.0,0.0,0.0,0.0,8.0,2.0,1.0
965,8.04050870000001,0,8.2815,1.809,1.4391,1.5296,0.1633,0.003,0.004,0.0002,0.037,0.0468,0.0022,0.0007,0.0105,0.0002,0.0022,0.0019,0.0001,0.0001,0.0094,0.0013,0.0008,0.0001,0.002,0.0905,0.015,0.0,0.0052,0.0,95.0,0.0,32.0,63.0,29.0,0.0,0.0,0.0,0.0,0.0,0.0,0.0,0.0,0.0,0.0,0.0,0.0,0.0,0.0,0.0,0.0,0.0,0.0,8.0,2.0,1.0
966,8.048790200000012,0,8.5563,1.7539,1.4693,1.5119,0.1698,0.0046,0.0043,0.0002,0.0415,0.0536,0.0021,0.0008,0.0119,0.0002,0.0016,0.0016,0.0001,0.0001,0.0098,0.0014,0.0005,0.0,0.0021,0.0987,0.0145,0.0001,0.005,0.0,95.0,0.0,32.0,63.0,29.0,0.0,0.0,0.0,0.0,0.0,0.0,0.0,0.0,0.0,0.0,0.0,0.0,0.0,0.0,0.0,0.0,0.0,0.0,8.0,2.0,1.0
967,8.057346500000012,0,7.9751,1.843,1.5131,1.3662,0.146,0.0045,0.0045,0.0002,0.0271,0.0387,0.0021,0.0009,0.0097,0.0001,0.0017,0.0023,0.0,0.0001,0.0086,0.0016,0.0005,0.0,0.0026,0.0785,0.0153,0.0,0.0053,0.0,95.0,0.0,32.0,63.0,29.0,0.0,0.0,0.0,0.0,0.0,0.0,0.0,0.0,0.0,0.0,0.0,0.0,0.0,0.0,0.0,0.0,0.0,0.0,8.0,2.0,1.0
968,8.065321600000011,0,8.5532,1.7108,1.3925,1.3733,0.1614,0.0028,0.0036,0.0003,0.0368,0.0458,0.0024,0.0007,0.012,0.0002,0.0021,0.0017,0.0001,0.0003,0.0094,0.0018,0.0005,0.0001,0.002,0.0898,0.0197,0.0,0.0055,0.0,95.0,0.0,32.0,63.0,29.0,0.0,0.0,0.0,0.0,0.0,0.0,0.0,0.0,0.0,0.0,0.0,0.0,0.0,0.0,0.0,0.0,0.0,0.0,8.0,2.0,1.0
969,8.073874800000011,0,8.3631,1.8021,1.5805,1.3255,0.1661,0.0052,0.0043,0.0002,0.0433,0.0554,0.0022,0.0011,0.0105,0.0001,0.0018,0.0014,0.0001,0.0006,0.0085,0.0011,0.0004,0.0001,0.0017,0.0937,0.0199,0.0001,0.0057,0.0,95.0,0.0,32.0,63.0,29.0,0.0,0.0,0.0,0.0,0.0,0.0,0.0,0.0,0.0,0.0,0.0,0.0,0.0,0.0,0.0,0.0,0.0,0.0,8.0,2.0,1.0
970,8.082237900000012,0,8.3146,1.7309,1.5463,1.4494,0.1874,0.0041,0.0049,0.0003,0.0425,0.054,0.0035,0.0011,0.0153,0.0001,0.0023,0.0022,0.0001,0.0002,0.0128,0.002,0.0005,0.0001,0.0026,0.1094,0.0213,0.0001,0.0049,0.0,95.0,0.0,32.0,63.0,29.0,0.0,0.0,0.0,0.0,0.0,0.0,0.0,0.0,0.0,0.0,0.0,0.0,0.0,0.0,0.0,0.0,0.0,0.0,8.0,2.0,1.0
971,8.090552500000012,0,8.3069,1.6095,1.5096,1.4081,0.1646,0.0031,0.0038,0.0002,0.0327,0.0421,0.0024,0.001,0.0118,0.0002,0.0022,0.0016,0.0002,0.0005,0.0091,0.0013,0.0004,0.0001,0.0019,0.0894,0.0196,0.0001,0.0052,0.0,95.0,0.0,32.0,63.0,29.0,0.0,0.0,0.0,0.0,0.0,0.0,0.0,0.0,0.0,0.0,0.0,0.0,0.0,0.0,0.0,0.0,0.0,0.0,8.0,2.0,1.0
972,8.098859400000011,0,8.3157,1.6989,1.4809,1.342,0.154,0.0028,0.0039,0.0002,0.0374,0.0467,0.0021,0.0008,0.0124,0.0002,0.0014,0.0021,0.0001,0.0001,0.0088,0.0018,0.0005,0.0001,0.0021,0.09,0.0146,0.0001,0.0051,0.0,95.0,0.0,32.0,63.0,29.0,0.0,0.0,0.0,0.0,0.0,0.0,0.0,0.0,0.0,0.0,0.0,0.0,0.0,0.0,0.0,0.0,0.0,0.0,8.0,2.0,1.0
973,8.107175100000012,0,8.2561,1.7956,1.5622,1.4571,0.1725,0.0033,0.0039,0.0003,0.0387,0.0485,0.0024,0.0015,0.0123,0.0002,0.0017,0.0018,0.0001,0.0001,0.0083,0.0019,0.0005,0.0001,0.0021,0.0922,0.0207,0.0001,0.0052,0.0,95.0,0.0,32.0,63.0,29.0,0.0,0.0,0.0,0.0,0.0,0.0,0.0,0.0,0.0,0.0,0.0,0.0,0.0,0.0,0.0,0.0,0.0,0.0,8.0,2.0,1.0
974,8.115431200000012,0,8.5656,2.0655,1.474,1.3862,0.1654,0.0043,0.0044,0.0003,0.0397,0.0515,0.0025,0.0009,0.0122,0.0002,0.0019,0.0016,0.0001,0.0001,0.0092,0.0013,0.0005,0.0001,0.0021,0.0951,0.0144,0.0001,0.0059,0.0,95.0,0.0,32.0,63.0,29.0,0.0,0.0,0.0,0.0,0.0,0.0,0.0,0.0,0.0,0.0,0.0,0.0,0.0,0.0,0.0,0.0,0.0,0.0,8.0,2.0,1.0
975,8.123996800000013,0,8.2015,1.6073,1.5659,1.3774,0.1726,0.0041,0.0039,0.0003,0.0399,0.051,0.0026,0.0008,0.012,0.0001,0.0016,0.0017,0.0001,0.0001,0.0092,0.0012,0.001,0.0001,0.002,0.0999,0.0187,0.0,0.0047,0.0,95.0,0.0,32.0,63.0,27.0,0.0,0.0,0.0,0.0,0.0,0.0,0.0,0.0,0.0,0.0,0.0,0.0,0.0,0.0,0.0,0.0,0.0,0.0,8.0,2.0,1.0
976,8.132198300000013,0,8.2715,1.7257,1.5004,1.4786,0.1589,0.0045,0.004,0.0002,0.0359,0.0474,0.0025,0.0008,0.0111,0.0002,0.0021,0.0017,0.0001,0.0006,0.0089,0.0013,0.0005,0.0001,0.0019,0.0896,0.0159,0.0,0.0048,0.0,95.0,0.0,32.0,63.0,27.0,0.0,0.0,0.0,0.0,0.0,0.0,0.0,0.0,0.0,0.0,0.0,0.0,0.0,0.0,0.0,0.0,0.0,0.0,8.0,2.0,1.0
977,8.140469800000012,0,8.3379,1.6279,1.4337,1.3577,0.1486,0.0042,0.0039,0.0002,0.0285,0.0391,0.0029,0.0007,0.0133,0.0001,0.0014,0.002,0.0001,0.0001,0.0083,0.0014,0.0005,0.0001,0.002,0.0821,0.0155,0.0,0.0042,0.0,95.0,0.0,32.0,63.0,27.0,0.0,0.0,0.0,0.0,0.0,0.0,0.0,0.0,0.0,0.0,0.0,0.0,0.0,0.0,0.0,0.0,0.0,0.0,8.0,2.0,1.0
978,8.148807700000013,0,8.3158,1.7362,1.4689,1.5112,0.1572,0.0052,0.0039,0.0002,0.0381,0.0498,0.0029,0.0008,0.0112,0.0001,0.0014,0.0014,0.0001,0.0001,0.0079,0.0016,0.0005,0.0002,0.0025,0.0898,0.016,0.0001,0.0039,0.0,95.0,0.0,32.0,63.0,27.0,0.0,0.0,0.0,0.0,0.0,0.0,0.0,0.0,0.0,0.0,0.0,0.0,0.0,0.0,0.0,0.0,0.0,0.0,8.0,2.0,1.0
979,8.157123500000013,0,8.3548,1.7495,1.4721,1.4608,0.1632,0.0045,0.004,0.0002,0.0363,0.0475,0.0026,0.0008,0.0115,0.0002,0.0022,0.0017,0.0001,0.0001,0.0084,0.0012,0.0005,0.0001,0.0021,0.0894,0.0197,0.0,0.0043,0.0,95.0,0.0,32.0,63.0,27.0,0.0,0.0,0.0,0.0,0.0,0.0,0.0,0.0,0.0,0.0,0.0,0.0,0.0,0.0,0.0,0.0,0.0,0.0,8.0,2.0,1.0
980,8.165478300000013,0,8.3801,1.6404,1.5324,1.3898,0.1497,0.0038,0.0039,0.0006,0.037,0.048,0.0017,0.0006,0.0107,0.0001,0.0017,0.0015,0.0001,0.0001,0.0087,0.0011,0.0005,0.0001,0.0017,0.0864,0.013,0.0,0.0053,0.0,95.0,0.0,32.0,63.0,27.0,0.0,0.0,0.0,0.0,0.0,0.0,0.0,0.0,0.0,0.0,0.0,0.0,0.0,0.0,0.0,0.0,0.0,0.0,8.0,2.0,1.0
981,8.173858400000013,0,8.2845,1.7382,1.4405,1.3716,0.1477,0.004,0.0038,0.0003,0.0277,0.038,0.0024,0.0009,0.0103,0.0001,0.0016,0.002,0.0001,0.0002,0.0091,0.0017,0.0004,0.0001,0.0019,0.0789,0.0153,0.0001,0.0047,0.0,95.0,0.0,32.0,63.0,27.0,0.0,0.0,0.0,0.0,0.0,0.0,0.0,0.0,0.0,0.0,0.0,0.0,0.0,0.0,0.0,0.0,0.0,0.0,8.0,2.0,1.0
982,8.182142900000013,0,8.3673,1.6948,1.4846,1.3675,0.1636,0.0036,0.0036,0.0002,0.0443,0.054,0.0025,0.0011,0.0106,0.0006,0.0015,0.0019,0.0,0.0001,0.008,0.0013,0.0007,0.0,0.0019,0.0945,0.0189,0.0,0.0047,0.0,95.0,0.0,32.0,63.0,27.0,0.0,0.0,0.0,0.0,0.0,0.0,0.0,0.0,0.0,0.0,0.0,0.0,0.0,0.0,0.0,0.0,0.0,0.0,8.0,2.0,1.0
983,8.190510200000013,0,8.2723,1.7876,1.4613,1.4006,0.1568,0.0046,0.0039,0.0002,0.0359,0.0471,0.0025,0.001,0.0109,0.0002,0.002,0.0016,0.0001,0.0001,0.0091,0.0013,0.0005,0.0001,0.0019,0.0889,0.0162,0.0001,0.004,0.0,95.0,0.0,32.0,63.0,27.0,0.0,0.0,0.0,0.0,0.0,0.0,0.0,0.0,0.0,0.0,0.0,0.0,0.0,0.0,0.0,0.0,0.0,0.0,8.0,2.0,1.0
984,8.198782500000013,0,8.3604,1.6613,1.4571,1.4111,0.162,0.0044,0.0046,0.0003,0.0365,0.048,0.0022,0.0009,0.0102,0.0002,0.0019,0.0016,0.0001,0.0001,0.0088,0.0012,0.0005,0.0001,0.0018,0.0873,0.0193,0.0,0.0055,0.0,95.0,0.0,32.0,63.0,27.0,0.0,0.0,0.0,0.0,0.0,0.0,0.0,0.0,0.0,0.0,0.0,0.0,0.0,0.0,0.0,0.0,0.0,0.0,8.0,2.0,1.0
985,8.207142900000013,0,8.2969,1.6876,1.4661,1.3867,0.1575,0.0046,0.0042,0.0002,0.0306,0.0425,0.0023,0.0008,0.0122,0.0002,0.0019,0.0016,0.0001,0.0001,0.0082,0.0013,0.0004,0.0001,0.002,0.0846,0.0183,0.0001,0.0047,0.0,95.0,0.0,32.0,63.0,27.0,0.0,0.0,0.0,0.0,0.0,0.0,0.0,0.0,0.0,0.0,0.0,0.0,0.0,0.0,0.0,0.0,0.0,0.0,8.0,2.0,1.0
986,8.215439800000013,0,8.4136,1.6977,1.4068,1.3965,0.1591,0.0031,0.0043,0.0002,0.0374,0.0476,0.0022,0.0009,0.0106,0.0002,0.0016,0.002,0.0,0.0001,0.0091,0.0012,0.0005,0.0001,0.0018,0.0887,0.0185,0.0,0.0048,0.0,95.0,0.0,32.0,63.0,27.0,0.0,0.0,0.0,0.0,0.0,0.0,0.0,0.0,0.0,0.0,0.0,0.0,0.0,0.0,0.0,0.0,0.0,0.0,8.0,2.0,1.0
987,8.223853400000014,0,8.4538,1.6134,1.6066,1.4644,0.1676,0.0029,0.0037,0.0001,0.0311,0.0403,0.0029,0.0013,0.0111,0.0001,0.0021,0.002,0.0002,0.0006,0.011,0.0016,0.0006,0.0001,0.0026,0.0888,0.0212,0.0,0.0052,0.0,95.0,0.0,32.0,63.0,27.0,0.0,0.0,0.0,0.0,0.0,0.0,0.0,0.0,0.0,0.0,0.0,0.0,0.0,0.0,0.0,0.0,0.0,0.0,8.0,2.0,1.0
988,8.232307200000013,0,8.1823,1.6534,1.5373,1.4592,0.1555,0.0026,0.0037,0.0002,0.0379,0.0466,0.0021,0.0008,0.0115,0.0002,0.0021,0.0016,0.0001,0.0001,0.0092,0.0014,0.0005,0.0001,0.0021,0.0887,0.0155,0.0,0.0037,0.0,95.0,0.0,32.0,63.0,27.0,0.0,0.0,0.0,0.0,0.0,0.0,0.0,0.0,0.0,0.0,0.0,0.0,0.0,0.0,0.0,0.0,0.0,0.0,8.0,2.0,1.0
989,8.240489500000013,0,8.328,1.6889,1.4677,1.4033,0.1518,0.003,0.0036,0.0002,0.0302,0.0394,0.0024,0.0008,0.0123,0.0001,0.0015,0.002,0.0001,0.0001,0.009,0.0013,0.0005,0.0001,0.0019,0.0828,0.0158,0.0,0.0051,0.0,95.0,0.0,32.0,63.0,27.0,0.0,0.0,0.0,0.0,0.0,0.0,0.0,0.0,0.0,0.0,0.0,0.0,0.0,0.0,0.0,0.0,0.0,0.0,8.0,2.0,1.0
990,8.248817500000014,0,8.3825,1.7622,1.6135,1.5091,0.1785,0.0045,0.0035,0.0003,0.045,0.0557,0.0029,0.0009,0.012,0.0001,0.0017,0.0023,0.0002,0.0002,0.0092,0.0013,0.0009,0.0002,0.002,0.1005,0.0206,0.0,0.0052,0.0,95.0,0.0,32.0,63.0,27.0,0.0,0.0,0.0,0.0,0.0,0.0,0.0,0.0,0.0,0.0,0.0,0.0,0.0,0.0,0.0,0.0,0.0,0.0,8.0,2.0,1.0
991,8.257200000000013,0,8.3236,1.7861,1.3753,1.6341,0.1472,0.0043,0.004,0.0002,0.0277,0.0384,0.0026,0.0007,0.0119,0.0002,0.0014,0.0016,0.0001,0.0001,0.009,0.0013,0.0004,0.0,0.0019,0.0798,0.0146,0.0,0.0062,0.0,95.0,0.0,32.0,63.0,27.0,0.0,0.0,0.0,0.0,0.0,0.0,0.0,0.0,0.0,0.0,0.0,0.0,0.0,0.0,0.0,0.0,0.0,0.0,8.0,2.0,1.0
992,8.265523600000014,0,8.3205,1.6851,1.5754,1.5307,0.1591,0.0029,0.0038,0.0002,0.0379,0.0469,0.0026,0.001,0.0128,0.0001,0.0015,0.0022,0.0001,0.0001,0.0088,0.0018,0.0005,0.0001,0.0021,0.0902,0.017,0.0001,0.0043,0.0,95.0,0.0,32.0,63.0,27.0,0.0,0.0,0.0,0.0,0.0,0.0,0.0,0.0,0.0,0.0,0.0,0.0,0.0,0.0,0.0,0.0,0.0,0.0,8.0,2.0,1.0
993,8.273844100000014,0,8.3904,1.7505,1.4546,1.3579,0.1554,0.0043,0.0043,0.0002,0.032,0.0433,0.002,0.0009,0.0098,0.0007,0.0016,0.0021,0.0001,0.0001,0.0082,0.0017,0.0005,0.0001,0.0019,0.0834,0.0191,0.0,0.0042,0.0,95.0,0.0,32.0,63.0,27.0,0.0,0.0,0.0,0.0,0.0,0.0,0.0,0.0,0.0,0.0,0.0,0.0,0.0,0.0,0.0,0.0,0.0,0.0,8.0,2.0,1.0
994,8.282234500000014,0,8.2149,1.7848,1.5846,1.4031,0.1581,0.0032,0.0033,0.0002,0.0369,0.0468,0.0025,0.0009,0.0128,0.0001,0.002,0.0016,0.0001,0.0001,0.0091,0.0014,0.0005,0.0001,0.0026,0.0922,0.0157,0.0,0.0051,0.0,95.0,0.0,32.0,63.0,27.0,0.0,0.0,0.0,0.0,0.0,0.0,0.0,0.0,0.0,0.0,0.0,0.0,0.0,0.0,0.0,0.0,0.0,0.0,8.0,2.0,1.0
995,8.290449400000014,0,8.4039,1.6282,1.3534,1.399,0.1556,0.0044,0.0044,0.0002,0.0337,0.0455,0.0022,0.0009,0.0115,0.0001,0.0019,0.0015,0.0001,0.0001,0.0089,0.0012,0.0004,0.0001,0.0022,0.0868,0.0153,0.0001,0.0047,0.0,95.0,0.0,32.0,63.0,27.0,0.0,0.0,0.0,0.0,0.0,0.0,0.0,0.0,0.0,0.0,0.0,0.0,0.0,0.0,0.0,0.0,0.0,0.0,8.0,2.0,1.0
996,8.298853300000014,0,8.2641,1.7612,1.499,1.4787,0.1539,0.0039,0.0044,0.0003,0.036,0.0475,0.0024,0.0009,0.0123,0.0001,0.0014,0.0015,0.0,0.0001,0.0081,0.0012,0.0004,0.0,0.0025,0.0889,0.0158,0.0,0.0046,0.0,95.0,0.0,32.0,63.0,27.0,0.0,0.0,0.0,0.0,0.0,0.0,0.0,0.0,0.0,0.0,0.0,0.0,0.0,0.0,0.0,0.0,0.0,0.0,8.0,2.0,1.0
997,8.307117400000013,0,8.488,1.6904,1.5562,1.3808,0.1622,0.0028,0.0038,0.0002,0.0368,0.0464,0.0024,0.0013,0.012,0.0002,0.0021,0.0016,0.0001,0.0001,0.0088,0.0013,0.0005,0.0001,0.0019,0.0874,0.0168,0.0,0.0049,0.0,95.0,0.0,32.0,63.0,27.0,0.0,0.0,0.0,0.0,0.0,0.0,0.0,0.0,0.0,0.0,0.0,0.0,0.0,0.0,0.0,0.0,0.0,0.0,8.0,2.0,1.0
998,8.315605400000013,0,8.2431,1.6871,1.55,1.4224,0.1675,0.0038,0.0039,0.0002,0.0372,0.0479,0.0024,0.0009,0.0123,0.0005,0.0015,0.0019,0.0001,0.0001,0.0084,0.0016,0.0005,0.0001,0.0021,0.0912,0.0202,0.0,0.0051,0.0,95.0,0.0,32.0,63.0,27.0,0.0,0.0,0.0,0.0,0.0,0.0,0.0,0.0,0.0,0.0,0.0,0.0,0.0,0.0,0.0,0.0,0.0,0.0,8.0,2.0,1.0
999,8.323848500000013,0,8.1519,1.694,1.3893,1.3163,0.1429,0.0041,0.0039,0.0004,0.0265,0.0374,0.0023,0.0008,0.0101,0.0005,0.0014,0.0016,0.0001,0.0002,0.0083,0.0013,0.0005,0.0001,0.0019,0.0763,0.0141,0.0001,0.0047,0.0,95.0,0.0,32.0,63.0,27.0,0.0,0.0,0.0,0.0,0.0,0.0,0.0,0.0,0.0,0.0,0.0,0.0,0.0,0.0,0.0,0.0,0.0,0.0,8.0,2.0,1.0
1000,8.332000400000013,0,8.5905,1.628,1.3465,1.3813,0.1599,0.0038,0.0041,0.0002,0.0396,0.0505,0.0026,0.0007,0.0114,0.0001,0.0013,0.002,0.0,0.0001,0.0087,0.0017,0.0005,0.0001,0.0019,0.0913,0.0192,0.0,0.0044,0.0,95.0,0.0,32.0,63.0,26.0,0.0,0.0,0.0,0.0,0.0,0.0,0.0,0.0,0.0,0.0,0.0,0.0,0.0,0.0,0.0,0.0,0.0,0.0,8.0,2.0,1.0
1001,8.340590900000013,0,8.2897,1.7282,1.6113,1.4162,0.1511,0.003,0.0039,0.0002,0.0302,0.0394,0.0024,0.0006,0.0086,0.0002,0.0016,0.0022,0.0001,0.0001,0.0088,0.0013,0.0004,0.0001,0.002,0.0786,0.0178,0.0001,0.0064,0.0,95.0,0.0,32.0,63.0,26.0,0.0,0.0,0.0,0.0,0.0,0.0,0.0,0.0,0.0,0.0,0.0,0.0,0.0,0.0,0.0,0.0,0.0,0.0,8.0,2.0,1.0
1002,8.348880600000014,0,8.3802,1.6308,1.5945,1.3642,0.1486,0.0032,0.0038,0.0002,0.0367,0.0465,0.0018,0.0008,0.0102,0.0002,0.0019,0.0013,0.0002,0.0005,0.0082,0.0012,0.0005,0.0002,0.0019,0.0846,0.0122,0.0001,0.0053,0.0,95.0,0.0,32.0,63.0,26.0,0.0,0.0,0.0,0.0,0.0,0.0,0.0,0.0,0.0,0.0,0.0,0.0,0.0,0.0,0.0,0.0,0.0,0.0,8.0,2.0,1.0
1003,8.357260800000013,0,10.3062,1.7044,3.463,1.383,0.2726,0.1051,0.008,0.0002,0.0299,0.147,0.003,0.0015,0.0124,0.0001,0.0015,0.0022,0.0001,0.0002,0.0095,0.0012,0.0004,0.0001,0.0018,0.191,0.0158,0.0,0.005,0.0,95.0,0.0,32.0,63.0,26.0,0.0,0.0,0.0,0.0,0.0,0.0,0.0,0.0,0.0,0.0,0.0,0.0,0.0,0.0,0.0,0.0,0.0,0.0,8.0,2.0,1.0
1004,8.367567000000014,1,6.314,2.0811,1.6528,1.6048,0.1646,0.0035,0.0032,0.0002,0.0412,0.0504,0.0028,0.0008,0.0126,0.0001,0.0016,0.0015,0.0006,0.0002,0.0088,0.0015,0.0004,0.0001,0.002,0.0936,0.0227,0.0,0.0044,0.0,95.0,0.0,32.0,63.0,26.0,0.0,0.0,0.0,0.0,0.0,0.0,0.0,0.0,0.0,0.0,0.0,0.0,0.0,0.0,0.0,0.0,0.0,0.0,8.0,2.0,1.0
1005,8.373881000000013,0,8.5502,2.3497,1.6907,1.6145,0.2321,0.0046,0.0038,0.0003,0.0963,0.1076,0.0027,0.001,0.0122,0.0002,0.0026,0.0024,0.0004,0.0001,0.0118,0.0022,0.0006,0.0001,0.0022,0.1571,0.0178,0.0,0.0041,0.0,95.0,0.0,32.0,63.0,26.0,0.0,0.0,0.0,0.0,0.0,0.0,0.0,0.0,0.0,0.0,0.0,0.0,0.0,0.0,0.0,0.0,0.0,0.0,8.0,2.0,1.0
1006,8.382431200000013,0,8.0751,1.8882,1.6051,1.6028,0.1632,0.0049,0.0038,0.0003,0.0403,0.0525,0.0024,0.0008,0.0123,0.0002,0.0021,0.0016,0.0001,0.0004,0.0095,0.0016,0.0005,0.0002,0.002,0.0964,0.0133,0.0001,0.0033,0.0,95.0,0.0,32.0,63.0,26.0,0.0,0.0,0.0,0.0,0.0,0.0,0.0,0.0,0.0,0.0,0.0,0.0,0.0,0.0,0.0,0.0,0.0,0.0,8.0,2.0,1.0
1007,8.390506300000013,0,8.4332,1.7252,1.4691,1.4832,0.153,0.0045,0.0041,0.0002,0.0295,0.0411,0.0031,0.0015,0.0132,0.0002,0.0014,0.002,0.0001,0.0001,0.0083,0.0015,0.0005,0.0001,0.0019,0.0846,0.0148,0.0,0.0049,0.0,95.0,0.0,32.0,63.0,26.0,0.0,0.0,0.0,0.0,0.0,0.0,0.0,0.0,0.0,0.0,0.0,0.0,0.0,0.0,0.0,0.0,0.0,0.0,8.0,2.0,1.0
1008,8.398939500000013,0,8.2851,1.7481,1.6171,1.4382,0.164,0.0042,0.004,0.0003,0.0444,0.0556,0.0023,0.0014,0.0114,0.0002,0.0019,0.0015,0.0001,0.0001,0.0093,0.0012,0.0006,0.0,0.002,0.0985,0.0137,0.0,0.0048,0.0,95.0,0.0,32.0,63.0,26.0,0.0,0.0,0.0,0.0,0.0,0.0,0.0,0.0,0.0,0.0,0.0,0.0,0.0,0.0,0.0,0.0,0.0,0.0,8.0,2.0,1.0
1009,8.407224600000013,0,8.2174,1.7023,1.5197,1.4664,0.158,0.0048,0.0042,0.0002,0.0316,0.0432,0.0023,0.0007,0.0115,0.0002,0.0017,0.0019,0.0001,0.0001,0.0092,0.0015,0.0005,0.0,0.0018,0.0854,0.0186,0.0,0.004,0.0,95.0,0.0,32.0,63.0,26.0,0.0,0.0,0.0,0.0,0.0,0.0,0.0,0.0,0.0,0.0,0.0,0.0,0.0,0.0,0.0,0.0,0.0,0.0,8.0,2.0,1.0
1010,8.415442000000013,0,8.4527,1.7105,1.4157,1.4832,0.1618,0.005,0.0037,0.0002,0.0381,0.0497,0.003,0.0008,0.0114,0.0001,0.0019,0.0015,0.0001,0.0001,0.0089,0.0014,0.0005,0.0001,0.0023,0.0907,0.017,0.0001,0.0047,0.0,95.0,0.0,32.0,63.0,26.0,0.0,0.0,0.0,0.0,0.0,0.0,0.0,0.0,0.0,0.0,0.0,0.0,0.0,0.0,0.0,0.0,0.0,0.0,8.0,2.0,1.0
1011,8.423894700000012,0,8.3298,1.7817,1.556,1.5392,0.1582,0.0038,0.0039,0.0002,0.0311,0.042,0.0023,0.0012,0.0124,0.0003,0.0016,0.0018,0.0,0.0001,0.0086,0.0016,0.0004,0.0001,0.002,0.0849,0.0181,0.0,0.0034,0.0,95.0,0.0,32.0,63.0,26.0,0.0,0.0,0.0,0.0,0.0,0.0,0.0,0.0,0.0,0.0,0.0,0.0,0.0,0.0,0.0,0.0,0.0,0.0,8.0,2.0,1.0
1012,8.432224500000013,0,8.3204,1.8873,1.5618,1.5098,0.16,0.0036,0.0041,0.0003,0.0372,0.0483,0.0024,0.0008,0.0123,0.0002,0.0021,0.0015,0.0001,0.0001,0.0087,0.0014,0.0005,0.0002,0.0026,0.0919,0.0168,0.0001,0.004,0.0,95.0,0.0,32.0,63.0,26.0,0.0,0.0,0.0,0.0,0.0,0.0,0.0,0.0,0.0,0.0,0.0,0.0,0.0,0.0,0.0,0.0,0.0,0.0,8.0,2.0,1.0
1013,8.440544900000013,0,8.5046,1.8118,1.5924,1.463,0.1554,0.0044,0.0041,0.0002,0.0296,0.0416,0.0023,0.0011,0.0124,0.0001,0.0016,0.0018,0.0002,0.0001,0.0085,0.0017,0.0005,0.0001,0.0019,0.084,0.0144,0.0,0.0048,0.0,95.0,0.0,32.0,63.0,26.0,0.0,0.0,0.0,0.0,0.0,0.0,0.0,0.0,0.0,0.0,0.0,0.0,0.0,0.0,0.0,0.0,0.0,0.0,8.0,2.0,1.0
1014,8.449049500000013,0,8.1439,1.8551,1.7143,1.5194,0.1646,0.0043,0.0039,0.0003,0.0347,0.0457,0.0024,0.0008,0.0106,0.0005,0.0017,0.0018,0.0001,0.0001,0.0091,0.0017,0.0004,0.0001,0.0025,0.0885,0.0192,0.0,0.0046,0.0,95.0,0.0,32.0,63.0,26.0,0.0,0.0,0.0,0.0,0.0,0.0,0.0,0.0,0.0,0.0,0.0,0.0,0.0,0.0,0.0,0.0,0.0,0.0,8.0,2.0,1.0
1015,8.457193400000014,0,8.3299,1.8119,1.4098,1.453,0.1502,0.0028,0.0038,0.0002,0.0324,0.0413,0.0021,0.0007,0.0115,0.0001,0.0015,0.002,0.0001,0.0001,0.0088,0.0016,0.0004,0.0002,0.0019,0.0835,0.0153,0.0,0.0039,0.0,95.0,0.0,32.0,63.0,26.0,0.0,0.0,0.0,0.0,0.0,0.0,0.0,0.0,0.0,0.0,0.0,0.0,0.0,0.0,0.0,0.0,0.0,0.0,8.0,2.0,1.0
1016,8.465523300000013,0,8.3003,1.8546,1.5284,1.5858,0.1604,0.0045,0.0042,0.0002,0.0386,0.05,0.002,0.0011,0.0119,0.0001,0.0015,0.0015,0.0001,0.0001,0.0084,0.0016,0.0005,0.0,0.0018,0.0907,0.0185,0.0,0.0049,0.0,95.0,0.0,32.0,63.0,26.0,0.0,0.0,0.0,0.0,0.0,0.0,0.0,0.0,0.0,0.0,0.0,0.0,0.0,0.0,0.0,0.0,0.0,0.0,8.0,2.0,1.0
1017,8.473823600000014,0,8.4537,1.8428,1.5459,1.4435,0.1491,0.0027,0.0036,0.0002,0.0297,0.0383,0.0024,0.0009,0.0119,0.0002,0.0022,0.0017,0.0001,0.0002,0.0088,0.0013,0.0007,0.0,0.0021,0.0808,0.0158,0.0,0.0043,0.0,95.0,0.0,32.0,63.0,26.0,0.0,0.0,0.0,0.0,0.0,0.0,0.0,0.0,0.0,0.0,0.0,0.0,0.0,0.0,0.0,0.0,0.0,0.0,8.0,2.0,1.0
1018,8.482277300000014,0,8.2708,1.8187,1.5788,1.5507,0.1827,0.0046,0.0052,0.0002,0.0446,0.0576,0.0025,0.0011,0.0116,0.0001,0.0021,0.0017,0.0002,0.0007,0.0095,0.0017,0.0006,0.0,0.002,0.1039,0.0175,0.0001,0.0038,0.0,95.0,0.0,32.0,63.0,26.0,0.0,0.0,0.0,0.0,0.0,0.0,0.0,0.0,0.0,0.0,0.0,0.0,0.0,0.0,0.0,0.0,0.0,0.0,8.0,2.0,1.0
1019,8.490548100000014,0,8.2514,1.8231,1.4331,1.4239,0.1429,0.0038,0.0038,0.0002,0.0274,0.0373,0.002,0.0008,0.0101,0.0002,0.0012,0.0014,0.0001,0.0001,0.0082,0.0011,0.0005,0.0001,0.0017,0.0749,0.0168,0.0,0.0035,0.0,95.0,0.0,32.0,63.0,26.0,0.0,0.0,0.0,0.0,0.0,0.0,0.0,0.0,0.0,0.0,0.0,0.0,0.0,0.0,0.0,0.0,0.0,0.0,8.0,2.0,1.0
1020,8.498799500000015,0,8.4595,1.7866,1.534,2.5859,0.1607,0.0047,0.004,0.0002,0.0363,0.0482,0.0026,0.0008,0.0115,0.0002,0.0014,0.0023,0.0,0.0001,0.0081,0.0012,0.0005,0.0001,0.002,0.0897,0.0146,0.0001,0.0045,0.0,95.0,0.0,32.0,63.0,26.0,0.0,0.0,0.0,0.0,0.0,0.0,0.0,0.0,0.0,0.0,0.0,0.0,0.0,0.0,0.0,0.0,0.0,0.0,8.0,2.0,1.0
1021,8.507259000000015,0,8.2874,1.853,1.5517,1.4915,0.1513,0.003,0.0038,0.0002,0.0319,0.0411,0.0021,0.0015,0.0114,0.0007,0.0016,0.0018,0.0001,0.0001,0.0086,0.0017,0.0005,0.0001,0.0019,0.0835,0.0149,0.0001,0.0042,0.0,95.0,0.0,32.0,63.0,26.0,0.0,0.0,0.0,0.0,0.0,0.0,0.0,0.0,0.0,0.0,0.0,0.0,0.0,0.0,0.0,0.0,0.0,0.0,8.0,2.0,1.0
1022,8.515546400000016,0,8.4621,1.8045,1.7466,1.3151,0.157,0.0035,0.0037,0.0003,0.0426,0.0527,0.0019,0.0008,0.0095,0.0001,0.0017,0.0021,0.0001,0.0002,0.009,0.0011,0.0005,0.0001,0.0016,0.0912,0.0151,0.0,0.0059,0.0,95.0,0.0,32.0,63.0,26.0,0.0,0.0,0.0,0.0,0.0,0.0,0.0,0.0,0.0,0.0,0.0,0.0,0.0,0.0,0.0,0.0,0.0,0.0,8.0,2.0,1.0
1023,8.524008500000015,0,8.3249,1.7697,1.5187,1.4701,0.1572,0.005,0.0038,0.0002,0.0282,0.0397,0.0023,0.0009,0.0119,0.0006,0.0016,0.0022,0.0001,0.0002,0.0095,0.0013,0.0005,0.0,0.0018,0.0827,0.0204,0.0,0.0045,0.0,95.0,0.0,32.0,63.0,26.0,0.0,0.0,0.0,0.0,0.0,0.0,0.0,0.0,0.0,0.0,0.0,0.0,0.0,0.0,0.0,0.0,0.0,0.0,8.0,2.0,1.0
1024,8.532333400000015,0,8.1835,1.8509,1.6378,1.5085,0.1708,0.0044,0.0039,0.0002,0.0417,0.0533,0.0024,0.0008,0.0116,0.0001,0.0017,0.0023,0.0001,0.0001,0.0094,0.0013,0.0005,0.0001,0.002,0.0977,0.0174,0.0001,0.0042,0.0,95.0,0.0,32.0,63.0,26.0,0.0,0.0,0.0,0.0,0.0,0.0,0.0,0.0,0.0,0.0,0.0,0.0,0.0,0.0,0.0,0.0,0.0,0.0,8.0,2.0,1.0
1025,8.540516900000014,0,8.3344,1.8263,1.4439,1.4565,0.149,0.0034,0.0045,0.0002,0.0331,0.044,0.0026,0.0009,0.0107,0.0001,0.0015,0.0017,0.0001,0.0001,0.0086,0.0018,0.0003,0.0001,0.0018,0.0839,0.0146,0.0001,0.0043,0.0,95.0,0.0,32.0,63.0,26.0,0.0,0.0,0.0,0.0,0.0,0.0,0.0,0.0,0.0,0.0,0.0,0.0,0.0,0.0,0.0,0.0,0.0,0.0,8.0,2.0,1.0
1026,8.548851300000015,0,8.3653,1.8376,1.5482,1.3824,0.167,0.0051,0.0042,0.0003,0.0395,0.0518,0.0022,0.0008,0.0108,0.0006,0.0016,0.0015,0.0001,0.0001,0.0087,0.0013,0.0009,0.0,0.0019,0.0929,0.0192,0.0001,0.0046,0.0,95.0,0.0,32.0,63.0,26.0,0.0,0.0,0.0,0.0,0.0,0.0,0.0,0.0,0.0,0.0,0.0,0.0,0.0,0.0,0.0,0.0,0.0,0.0,8.0,2.0,1.0
1027,8.557216600000014,0,8.3158,1.7521,1.5472,1.6385,0.1436,0.0043,0.004,0.0002,0.0265,0.0378,0.0021,0.0008,0.0085,0.0001,0.0015,0.0015,0.0001,0.0001,0.0085,0.0012,0.0005,0.0001,0.0022,0.0753,0.0145,0.0,0.0052,0.0,95.0,0.0,32.0,63.0,26.0,0.0,0.0,0.0,0.0,0.0,0.0,0.0,0.0,0.0,0.0,0.0,0.0,0.0,0.0,0.0,0.0,0.0,0.0,8.0,2.0,1.0
1028,8.565532400000015,0,8.3588,1.7781,1.4864,1.4557,0.1587,0.0045,0.0041,0.0002,0.0366,0.0485,0.0023,0.0008,0.0116,0.0002,0.0019,0.0016,0.0001,0.0001,0.009,0.0012,0.0005,0.0001,0.0019,0.0904,0.0142,0.0001,0.0042,0.0,95.0,0.0,32.0,63.0,26.0,0.0,0.0,0.0,0.0,0.0,0.0,0.0,0.0,0.0,0.0,0.0,0.0,0.0,0.0,0.0,0.0,0.0,0.0,8.0,2.0,1.0
1029,8.573891200000014,0,8.4472,1.7183,1.5971,1.4331,0.1515,0.0026,0.0035,0.0002,0.0279,0.0365,0.0024,0.0009,0.0102,0.0001,0.0015,0.0021,0.0001,0.0001,0.0087,0.0012,0.0005,0.0001,0.0018,0.0744,0.0242,0.0,0.0048,0.0,95.0,0.0,32.0,63.0,26.0,0.0,0.0,0.0,0.0,0.0,0.0,0.0,0.0,0.0,0.0,0.0,0.0,0.0,0.0,0.0,0.0,0.0,0.0,8.0,2.0,1.0
1030,8.582338400000015,0,8.2748,1.7759,1.6919,1.4193,0.1877,0.004,0.0046,0.0003,0.041,0.0528,0.0025,0.0015,0.0122,0.0002,0.0015,0.0019,0.0,0.0001,0.0097,0.0016,0.0005,0.0001,0.0024,0.0992,0.02,0.0,0.004,0.0,95.0,0.0,32.0,63.0,26.0,0.0,0.0,0.0,0.0,0.0,0.0,0.0,0.0,0.0,0.0,0.0,0.0,0.0,0.0,0.0,0.0,0.0,0.0,8.0,2.0,1.0
1031,8.590613200000016,0,8.2394,1.7865,1.5254,1.4448,0.146,0.0026,0.0033,0.0002,0.0275,0.0357,0.0023,0.0009,0.0115,0.0001,0.0014,0.0021,0.0001,0.0002,0.0083,0.0018,0.0004,0.0001,0.0019,0.0777,0.0183,0.0,0.0045,0.0,95.0,0.0,32.0,63.0,26.0,0.0,0.0,0.0,0.0,0.0,0.0,0.0,0.0,0.0,0.0,0.0,0.0,0.0,0.0,0.0,0.0,0.0,0.0,8.0,2.0,1.0
1032,8.598852600000017,0,8.3213,1.7512,1.4733,1.5962,0.1629,0.0027,0.0041,0.0002,0.0468,0.0565,0.0026,0.0008,0.0112,0.0002,0.0015,0.0018,0.0001,0.0001,0.0088,0.0013,0.0005,0.0001,0.0019,0.0968,0.0149,0.0,0.0039,0.0,95.0,0.0,32.0,63.0,26.0,0.0,0.0,0.0,0.0,0.0,0.0,0.0,0.0,0.0,0.0,0.0,0.0,0.0,0.0,0.0,0.0,0.0,0.0,8.0,2.0,1.0
1033,8.607173900000017,0,8.3284,1.7667,1.4769,1.4209,0.1561,0.0043,0.0038,0.0002,0.0318,0.0432,0.0023,0.0008,0.0131,0.0002,0.0015,0.0015,0.0001,0.0002,0.0083,0.0012,0.001,0.0,0.002,0.0871,0.0152,0.0,0.0049,0.0,95.0,0.0,32.0,63.0,26.0,0.0,0.0,0.0,0.0,0.0,0.0,0.0,0.0,0.0,0.0,0.0,0.0,0.0,0.0,0.0,0.0,0.0,0.0,8.0,2.0,1.0
1034,8.615502300000017,0,8.3405,1.8668,1.5043,1.4044,0.1611,0.0029,0.0046,0.0002,0.0428,0.0528,0.0022,0.001,0.0113,0.0001,0.0016,0.0015,0.0004,0.0001,0.0084,0.0012,0.0009,0.0,0.0019,0.0941,0.0155,0.0,0.0045,0.0,95.0,0.0,32.0,63.0,26.0,0.0,0.0,0.0,0.0,0.0,0.0,0.0,0.0,0.0,0.0,0.0,0.0,0.0,0.0,0.0,0.0,0.0,0.0,8.0,2.0,1.0
1035,8.623842800000016,0,8.412,1.7908,1.5356,1.4306,0.1609,0.0044,0.0064,0.0002,0.0338,0.0474,0.0022,0.0009,0.0107,0.0002,0.002,0.0018,0.0001,0.0006,0.0092,0.0013,0.001,0.0001,0.002,0.091,0.0144,0.0001,0.0044,0.0,95.0,0.0,32.0,63.0,26.0,0.0,0.0,0.0,0.0,0.0,0.0,0.0,0.0,0.0,0.0,0.0,0.0,0.0,0.0,0.0,0.0,0.0,0.0,8.0,2.0,1.0
1036,8.632254800000016,0,8.2893,1.7954,1.5584,1.4269,0.1667,0.0044,0.0038,0.0005,0.0394,0.0508,0.0025,0.0007,0.0122,0.0002,0.0016,0.0018,0.0001,0.0001,0.0097,0.0022,0.0005,0.0001,0.0025,0.0956,0.0177,0.0,0.0046,0.0,95.0,0.0,32.0,63.0,26.0,0.0,0.0,0.0,0.0,0.0,0.0,0.0,0.0,0.0,0.0,0.0,0.0,0.0,0.0,0.0,0.0,0.0,0.0,8.0,2.0,1.0
1037,8.640544100000016,0,8.2935,1.8974,1.4893,1.8838,0.149,0.0029,0.0037,0.0003,0.031,0.0411,0.0022,0.0008,0.0088,0.0002,0.002,0.0014,0.0001,0.0002,0.0091,0.0017,0.0005,0.0001,0.0018,0.081,0.0148,0.0001,0.0049,0.0,95.0,0.0,32.0,63.0,26.0,0.0,0.0,0.0,0.0,0.0,0.0,0.0,0.0,0.0,0.0,0.0,0.0,0.0,0.0,0.0,0.0,0.0,0.0,8.0,2.0,1.0
1038,8.648837600000016,0,8.419,1.9409,1.538,1.5473,0.1704,0.0047,0.0039,0.0002,0.0415,0.0528,0.0025,0.001,0.0119,0.0001,0.0015,0.0021,0.0001,0.0001,0.0088,0.0018,0.0004,0.0,0.002,0.0964,0.0174,0.0001,0.0042,0.0,95.0,0.0,32.0,63.0,26.0,0.0,0.0,0.0,0.0,0.0,0.0,0.0,0.0,0.0,0.0,0.0,0.0,0.0,0.0,0.0,0.0,0.0,0.0,8.0,2.0,1.0
1039,8.657256600000016,0,8.2692,1.7161,1.5442,1.3453,0.1522,0.0031,0.0036,0.0002,0.0356,0.0446,0.0022,0.0008,0.0102,0.0006,0.0016,0.0023,0.0001,0.0002,0.0083,0.0015,0.0005,0.0001,0.0019,0.0844,0.0141,0.0001,0.0046,0.0,95.0,0.0,32.0,63.0,26.0,0.0,0.0,0.0,0.0,0.0,0.0,0.0,0.0,0.0,0.0,0.0,0.0,0.0,0.0,0.0,0.0,0.0,0.0,8.0,2.0,1.0
1040,8.665525800000017,0,8.3421,1.7652,1.5053,1.4263,0.1543,0.0036,0.0043,0.0001,0.0343,0.0452,0.0024,0.0007,0.0116,0.0002,0.0018,0.0016,0.0001,0.0001,0.0088,0.0013,0.001,0.0001,0.0018,0.0877,0.0147,0.0001,0.0042,0.0,95.0,0.0,32.0,63.0,26.0,0.0,0.0,0.0,0.0,0.0,0.0,0.0,0.0,0.0,0.0,0.0,0.0,0.0,0.0,0.0,0.0,0.0,0.0,8.0,2.0,1.0
1041,8.673867900000017,0,8.3527,2.1616,1.5377,1.3863,0.1468,0.0028,0.0041,0.0002,0.0276,0.037,0.0023,0.0007,0.0114,0.0002,0.0015,0.0018,0.0002,0.0001,0.009,0.0012,0.0006,0.0001,0.0019,0.0798,0.0161,0.0001,0.0043,0.0,95.0,0.0,32.0,63.0,26.0,0.0,0.0,0.0,0.0,0.0,0.0,0.0,0.0,0.0,0.0,0.0,0.0,0.0,0.0,0.0,0.0,0.0,0.0,8.0,2.0,1.0
1042,8.682220600000017,0,8.3197,1.868,1.5549,1.3421,0.1785,0.0035,0.005,0.0002,0.0412,0.0524,0.0027,0.0008,0.0116,0.0002,0.0016,0.0021,0.0001,0.0001,0.0102,0.0012,0.0005,0.0001,0.002,0.0967,0.0175,0.0,0.0038,0.0,95.0,0.0,32.0,63.0,26.0,0.0,0.0,0.0,0.0,0.0,0.0,0.0,0.0,0.0,0.0,0.0,0.0,0.0,0.0,0.0,0.0,0.0,0.0,8.0,2.0,1.0
1043,8.690540300000016,0,8.3421,1.8168,1.5201,1.4676,0.1632,0.0051,0.004,0.0003,0.0341,0.0461,0.0024,0.0013,0.0132,0.0002,0.0016,0.0019,0.0001,0.0001,0.0088,0.0013,0.0005,0.0001,0.002,0.0906,0.0158,0.0,0.0055,0.0,95.0,0.0,32.0,63.0,26.0,0.0,0.0,0.0,0.0,0.0,0.0,0.0,0.0,0.0,0.0,0.0,0.0,0.0,0.0,0.0,0.0,0.0,0.0,8.0,2.0,1.0
1044,8.698882400000016,0,8.3766,1.7052,1.5899,1.3827,0.1603,0.004,0.0035,0.0002,0.0423,0.0522,0.0022,0.0006,0.0118,0.0002,0.0015,0.0022,0.0002,0.0001,0.0086,0.0018,0.0005,0.0001,0.0018,0.0953,0.0143,0.0001,0.0043,0.0,95.0,0.0,32.0,63.0,26.0,0.0,0.0,0.0,0.0,0.0,0.0,0.0,0.0,0.0,0.0,0.0,0.0,0.0,0.0,0.0,0.0,0.0,0.0,8.0,2.0,1.0
1045,8.707259000000017,0,8.3523,1.7225,1.5715,1.3662,0.151,0.003,0.0043,0.0002,0.0316,0.0413,0.0024,0.0009,0.0116,0.0001,0.0016,0.0022,0.0002,0.0001,0.009,0.0018,0.0005,0.0001,0.0018,0.084,0.0133,0.0001,0.0043,0.0,95.0,0.0,32.0,63.0,26.0,0.0,0.0,0.0,0.0,0.0,0.0,0.0,0.0,0.0,0.0,0.0,0.0,0.0,0.0,0.0,0.0,0.0,0.0,8.0,2.0,1.0
1046,8.715611300000017,0,8.458,1.8901,1.6808,1.6169,0.1722,0.0028,0.0041,0.0004,0.0449,0.0546,0.0024,0.0008,0.0115,0.0001,0.0022,0.0017,0.0001,0.0001,0.009,0.0012,0.0009,0.0001,0.0018,0.0976,0.0168,0.0,0.0063,0.0,95.0,0.0,32.0,63.0,26.0,0.0,0.0,0.0,0.0,0.0,0.0,0.0,0.0,0.0,0.0,0.0,0.0,0.0,0.0,0.0,0.0,0.0,0.0,8.0,2.0,1.0
1047,8.724069300000016,0,8.4187,1.8101,1.7379,1.4681,0.179,0.0053,0.0045,0.0004,0.0327,0.046,0.0028,0.0009,0.0139,0.0005,0.0017,0.0025,0.0001,0.0001,0.0106,0.0014,0.0008,0.0001,0.0021,0.0947,0.0183,0.0001,0.0043,0.0,95.0,0.0,32.0,63.0,26.0,0.0,0.0,0.0,0.0,0.0,0.0,0.0,0.0,0.0,0.0,0.0,0.0,0.0,0.0,0.0,0.0,0.0,0.0,8.0,2.0,1.0
1048,8.732488000000016,0,8.429,2.2381,1.9349,1.786,0.2262,0.0041,0.0062,0.0003,0.0459,0.06,0.0026,0.0014,0.0136,0.0001,0.002,0.0028,0.0001,0.0006,0.0109,0.0016,0.0007,0.0003,0.0021,0.1141,0.0393,0.0,0.0041,0.0,95.0,0.0,32.0,63.0,26.0,0.0,0.0,0.0,0.0,0.0,0.0,0.0,0.0,0.0,0.0,0.0,0.0,0.0,0.0,0.0,0.0,0.0,0.0,8.0,2.0,1.0
1049,8.740917000000016,0,8.1717,2.1421,1.803,1.7458,0.174,0.0042,0.0046,0.0003,0.032,0.0444,0.0026,0.0011,0.0133,0.0004,0.0018,0.0021,0.0002,0.0002,0.0101,0.0012,0.0005,0.0001,0.0021,0.0903,0.0197,0.0,0.005,0.0,95.0,0.0,32.0,63.0,26.0,0.0,0.0,0.0,0.0,0.0,0.0,0.0,0.0,0.0,0.0,0.0,0.0,0.0,0.0,0.0,0.0,0.0,0.0,8.0,2.0,1.0
1050,8.749088700000016,0,8.6186,2.0999,1.9421,1.6687,0.2472,0.0033,0.0038,0.0003,0.0588,0.0697,0.0046,0.0018,0.0218,0.0005,0.0031,0.0032,0.0002,0.0002,0.0172,0.0019,0.001,0.0001,0.0042,0.1485,0.0289,0.0,0.0046,0.0,95.0,0.0,32.0,63.0,26.0,0.0,0.0,0.0,0.0,0.0,0.0,0.0,0.0,0.0,0.0,0.0,0.0,0.0,0.0,0.0,0.0,0.0,0.0,8.0,2.0,1.0
1051,8.757707300000016,0,8.028,2.1154,1.8288,1.5477,0.1668,0.004,0.0067,0.0003,0.0298,0.0436,0.0026,0.0013,0.0124,0.0002,0.0017,0.002,0.0001,0.0002,0.0089,0.0018,0.0005,0.0001,0.0021,0.0881,0.018,0.0,0.0048,0.0,95.0,0.0,32.0,63.0,26.0,0.0,0.0,0.0,0.0,0.0,0.0,0.0,0.0,0.0,0.0,0.0,0.0,0.0,0.0,0.0,0.0,0.0,0.0,8.0,2.0,1.0
1052,8.765735300000015,0,8.6788,2.0057,1.8971,1.8637,0.2079,0.0052,0.005,0.0002,0.0489,0.0624,0.0029,0.001,0.0144,0.0001,0.0018,0.0017,0.0001,0.0002,0.0106,0.0015,0.0004,0.0001,0.0028,0.1166,0.0209,0.0,0.0058,0.0,95.0,0.0,32.0,63.0,26.0,0.0,0.0,0.0,0.0,0.0,0.0,0.0,0.0,0.0,0.0,0.0,0.0,0.0,0.0,0.0,0.0,0.0,0.0,8.0,2.0,1.0
1053,8.774414100000016,0,8.6945,2.3315,2.2868,1.9921,0.2683,0.0046,0.0046,0.0005,0.0559,0.0713,0.004,0.0018,0.0195,0.0003,0.0032,0.0029,0.0001,0.0001,0.0142,0.0017,0.0007,0.0002,0.0037,0.141,0.0271,0.0,0.0048,0.0,95.0,0.0,32.0,63.0,26.0,0.0,0.0,0.0,0.0,0.0,0.0,0.0,0.0,0.0,0.0,0.0,0.0,0.0,0.0,0.0,0.0,0.0,0.0,8.0,2.0,1.0
1054,8.783108600000016,0,8.1797,2.6756,2.4672,2.1162,0.3076,0.0062,0.0051,0.0004,0.0749,0.0906,0.0051,0.002,0.0247,0.0002,0.0036,0.0035,0.0002,0.0002,0.0161,0.002,0.0007,0.0006,0.004,0.1703,0.0362,0.0,0.0049,0.0,95.0,0.0,32.0,63.0,26.0,0.0,0.0,0.0,0.0,0.0,0.0,0.0,0.0,0.0,0.0,0.0,0.0,0.0,0.0,0.0,0.0,0.0,0.0,8.0,2.0,1.0
1055,8.791288300000016,0,8.0872,2.4498,2.0796,1.8661,0.2047,0.0038,0.0057,0.0003,0.0422,0.0545,0.0031,0.0014,0.0144,0.0002,0.0021,0.0029,0.0003,0.0002,0.0131,0.0016,0.0008,0.0001,0.0026,0.109,0.0247,0.0,0.0054,0.0,95.0,0.0,32.0,63.0,26.0,0.0,0.0,0.0,0.0,0.0,0.0,0.0,0.0,0.0,0.0,0.0,0.0,0.0,0.0,0.0,0.0,0.0,0.0,8.0,2.0,1.0
1056,8.799375500000016,0,8.2911,2.3799,2.0037,1.7474,0.229,0.0033,0.0043,0.0002,0.061,0.0719,0.003,0.0016,0.0159,0.0002,0.0026,0.0021,0.0001,0.0004,0.0127,0.0018,0.0006,0.0001,0.0032,0.1326,0.0266,0.0,0.0054,0.0,95.0,0.0,32.0,63.0,26.0,0.0,0.0,0.0,0.0,0.0,0.0,0.0,0.0,0.0,0.0,0.0,0.0,0.0,0.0,0.0,0.0,0.0,0.0,8.0,2.0,1.0
1057,8.807666600000015,0,8.0949,2.1535,1.9176,2.1879,0.1691,0.004,0.004,0.0003,0.033,0.044,0.0022,0.001,0.0118,0.0001,0.0021,0.0018,0.0001,0.0001,0.0097,0.0011,0.0005,0.0001,0.0018,0.0871,0.0202,0.0,0.005,0.0,95.0,0.0,32.0,63.0,26.0,0.0,0.0,0.0,0.0,0.0,0.0,0.0,0.0,0.0,0.0,0.0,0.0,0.0,0.0,0.0,0.0,0.0,0.0,8.0,2.0,1.0
1058,8.815761500000015,0,8.296,2.1995,1.7474,1.6961,0.2067,0.0043,0.0052,0.0003,0.0438,0.0572,0.0025,0.0012,0.0126,0.0003,0.0017,0.002,0.0002,0.0002,0.0106,0.0014,0.0009,0.0,0.0021,0.105,0.0341,0.0,0.0044,0.0,95.0,0.0,32.0,63.0,26.0,0.0,0.0,0.0,0.0,0.0,0.0,0.0,0.0,0.0,0.0,0.0,0.0,0.0,0.0,0.0,0.0,0.0,0.0,8.0,2.0,1.0
1059,8.824057500000015,0,8.2596,1.9823,1.6403,1.6362,0.1765,0.0041,0.0042,0.0002,0.0359,0.0472,0.0023,0.001,0.0118,0.0002,0.0023,0.0022,0.0001,0.0001,0.0097,0.0012,0.0005,0.0001,0.002,0.0921,0.0209,0.0,0.0054,0.0,95.0,0.0,32.0,63.0,26.0,0.0,0.0,0.0,0.0,0.0,0.0,0.0,0.0,0.0,0.0,0.0,0.0,0.0,0.0,0.0,0.0,0.0,0.0,8.0,2.0,1.0
1060,8.832317100000015,0,8.4526,2.0559,1.6651,1.653,0.1928,0.0059,0.0047,0.0002,0.0459,0.0594,0.0026,0.001,0.0125,0.0002,0.0017,0.0023,0.0001,0.0001,0.0095,0.0013,0.0005,0.0001,0.0021,0.1071,0.0191,0.0001,0.0048,0.0,95.0,0.0,32.0,63.0,26.0,0.0,0.0,0.0,0.0,0.0,0.0,0.0,0.0,0.0,0.0,0.0,0.0,0.0,0.0,0.0,0.0,0.0,0.0,8.0,2.0,1.0
1061,8.840769700000015,0,8.4278,2.1276,1.8147,1.608,0.1872,0.0053,0.0047,0.0003,0.0359,0.0489,0.0031,0.0012,0.0145,0.0006,0.0025,0.002,0.0002,0.0002,0.0113,0.0015,0.0006,0.0001,0.0021,0.1012,0.0211,0.0,0.0052,0.0,95.0,0.0,32.0,63.0,26.0,0.0,0.0,0.0,0.0,0.0,0.0,0.0,0.0,0.0,0.0,0.0,0.0,0.0,0.0,0.0,0.0,0.0,0.0,8.0,2.0,1.0
1062,8.849197500000015,0,8.6925,1.957,1.9114,1.5369,0.1957,0.0056,0.0051,0.0004,0.0492,0.0632,0.0031,0.0016,0.0145,0.0002,0.0021,0.0018,0.0001,0.0001,0.0107,0.0016,0.0005,0.0001,0.0024,0.1139,0.0186,0.0,0.0043,0.0,95.0,0.0,32.0,63.0,26.0,0.0,0.0,0.0,0.0,0.0,0.0,0.0,0.0,0.0,0.0,0.0,0.0,0.0,0.0,0.0,0.0,0.0,0.0,8.0,2.0,1.0
1063,8.857890000000015,0,7.8084,2.1251,2.0132,1.5458,0.1657,0.0037,0.0044,0.0003,0.0328,0.0437,0.0024,0.001,0.0096,0.0001,0.0024,0.0018,0.0001,0.0002,0.0099,0.0013,0.0005,0.0001,0.002,0.0882,0.0197,0.0,0.0042,0.0,95.0,0.0,32.0,63.0,26.0,0.0,0.0,0.0,0.0,0.0,0.0,0.0,0.0,0.0,0.0,0.0,0.0,0.0,0.0,0.0,0.0,0.0,0.0,8.0,2.0,1.0
1064,8.865698400000015,0,8.546,2.0108,1.8199,1.4604,0.2085,0.0047,0.0054,0.0002,0.0433,0.0563,0.0035,0.0014,0.0162,0.0002,0.002,0.0022,0.0001,0.0003,0.0138,0.0022,0.0007,0.0001,0.0025,0.1138,0.0245,0.0,0.0064,0.0,95.0,0.0,32.0,63.0,26.0,0.0,0.0,0.0,0.0,0.0,0.0,0.0,0.0,0.0,0.0,0.0,0.0,0.0,0.0,0.0,0.0,0.0,0.0,8.0,2.0,1.0
1065,8.874244400000016,0,8.3252,1.8739,1.7683,1.5948,0.1764,0.0046,0.0063,0.0003,0.0347,0.0486,0.0024,0.0009,0.0119,0.0001,0.0023,0.0022,0.0001,0.0002,0.0101,0.0013,0.0005,0.0001,0.0026,0.0941,0.0219,0.0001,0.0043,0.0,95.0,0.0,32.0,63.0,26.0,0.0,0.0,0.0,0.0,0.0,0.0,0.0,0.0,0.0,0.0,0.0,0.0,0.0,0.0,0.0,0.0,0.0,0.0,8.0,2.0,1.0
1066,8.882569600000016,0,8.3666,1.8573,2.0559,1.5527,0.1687,0.0032,0.0038,0.0002,0.0413,0.0515,0.0029,0.0011,0.0132,0.0002,0.0021,0.0018,0.0001,0.0001,0.0096,0.0016,0.0005,0.0002,0.0027,0.0976,0.0144,0.0001,0.005,0.0,95.0,0.0,32.0,63.0,26.0,0.0,0.0,0.0,0.0,0.0,0.0,0.0,0.0,0.0,0.0,0.0,0.0,0.0,0.0,0.0,0.0,0.0,0.0,8.0,2.0,1.0
1067,8.890936200000016,0,8.0449,1.8482,1.6702,1.4531,0.1489,0.0032,0.0042,0.0003,0.0329,0.043,0.0023,0.0008,0.0086,0.0002,0.002,0.0017,0.0001,0.0002,0.0095,0.0012,0.0004,0.0001,0.0019,0.083,0.0149,0.0,0.0057,0.0,95.0,0.0,32.0,63.0,28.0,0.0,0.0,0.0,0.0,0.0,0.0,0.0,0.0,0.0,0.0,0.0,0.0,0.0,0.0,0.0,0.0,0.0,0.0,8.0,2.0,1.0
1068,8.898981100000016,0,8.3414,1.6789,1.6978,1.3965,0.1755,0.003,0.004,0.0002,0.0453,0.0548,0.0024,0.0009,0.0133,0.0001,0.0016,0.0019,0.0002,0.0002,0.0104,0.0013,0.0005,0.0001,0.0022,0.1009,0.0181,0.0001,0.0051,0.0,95.0,0.0,32.0,63.0,28.0,0.0,0.0,0.0,0.0,0.0,0.0,0.0,0.0,0.0,0.0,0.0,0.0,0.0,0.0,0.0,0.0,0.0,0.0,8.0,2.0,1.0
1069,8.907322500000017,0,8.3301,1.7035,1.5282,1.4787,0.1574,0.003,0.0041,0.0002,0.0316,0.041,0.0023,0.0009,0.0113,0.0003,0.0015,0.0022,0.0001,0.0002,0.0093,0.0013,0.0005,0.0001,0.0021,0.0849,0.0177,0.0,0.0053,0.0,95.0,0.0,32.0,63.0,28.0,0.0,0.0,0.0,0.0,0.0,0.0,0.0,0.0,0.0,0.0,0.0,0.0,0.0,0.0,0.0,0.0,0.0,0.0,8.0,2.0,1.0
1070,8.915652600000017,0,8.3433,2.1123,1.726,1.4392,0.1728,0.0032,0.0044,0.0002,0.0443,0.0552,0.0025,0.0009,0.0114,0.0002,0.0017,0.0022,0.0002,0.0001,0.0096,0.0014,0.0005,0.0004,0.0022,0.1013,0.0146,0.0001,0.0041,0.0,95.0,0.0,32.0,63.0,28.0,0.0,0.0,0.0,0.0,0.0,0.0,0.0,0.0,0.0,0.0,0.0,0.0,0.0,0.0,0.0,0.0,0.0,0.0,8.0,2.0,1.0
1071,8.923995900000017,0,8.4152,1.777,1.6061,1.5767,0.1572,0.003,0.0036,0.0002,0.0312,0.0415,0.0024,0.0008,0.0097,0.0002,0.0018,0.0023,0.0001,0.0001,0.0101,0.0013,0.001,0.0001,0.0021,0.0856,0.0152,0.0001,0.0041,0.0,95.0,0.0,32.0,63.0,28.0,0.0,0.0,0.0,0.0,0.0,0.0,0.0,0.0,0.0,0.0,0.0,0.0,0.0,0.0,0.0,0.0,0.0,0.0,8.0,2.0,1.0
1072,8.932411100000017,0,8.3457,2.0765,1.8719,1.5771,0.1867,0.0047,0.0045,0.0006,0.0406,0.0538,0.0026,0.0012,0.0124,0.0002,0.0017,0.002,0.0002,0.0001,0.0097,0.0014,0.0006,0.0001,0.0022,0.1002,0.0219,0.0,0.0058,0.0,95.0,0.0,32.0,63.0,28.0,0.0,0.0,0.0,0.0,0.0,0.0,0.0,0.0,0.0,0.0,0.0,0.0,0.0,0.0,0.0,0.0,0.0,0.0,8.0,2.0,1.0
1073,8.940756800000017,0,8.3164,1.9692,1.598,1.4838,0.1688,0.0033,0.0048,0.0003,0.0331,0.0445,0.0031,0.0015,0.0137,0.0002,0.0018,0.0026,0.0001,0.0001,0.0098,0.0013,0.001,0.0001,0.0022,0.0928,0.0162,0.0,0.0059,0.0,95.0,0.0,32.0,63.0,28.0,0.0,0.0,0.0,0.0,0.0,0.0,0.0,0.0,0.0,0.0,0.0,0.0,0.0,0.0,0.0,0.0,0.0,0.0,8.0,2.0,1.0
1074,8.949073200000017,0,8.3451,1.9921,1.8034,1.5191,0.1812,0.0039,0.0048,0.0002,0.043,0.0548,0.0029,0.0012,0.0126,0.0002,0.0021,0.0019,0.0001,0.0001,0.0092,0.0018,0.0005,0.0001,0.0022,0.1008,0.018,0.0,0.0056,0.0,95.0,0.0,32.0,63.0,28.0,0.0,0.0,0.0,0.0,0.0,0.0,0.0,0.0,0.0,0.0,0.0,0.0,0.0,0.0,0.0,0.0,0.0,0.0,8.0,2.0,1.0
1075,8.957418300000016,0,8.2693,1.9282,1.6806,1.564,0.1792,0.0032,0.0042,0.0003,0.036,0.0466,0.0028,0.0009,0.0145,0.0001,0.0024,0.0017,0.0001,0.0007,0.0098,0.0015,0.0006,0.0001,0.0023,0.0954,0.0212,0.0,0.0043,0.0,95.0,0.0,32.0,63.0,28.0,0.0,0.0,0.0,0.0,0.0,0.0,0.0,0.0,0.0,0.0,0.0,0.0,0.0,0.0,0.0,0.0,0.0,0.0,8.0,2.0,1.0
1076,8.965687600000017,0,8.6738,2.0197,1.7543,1.513,0.1984,0.0042,0.005,0.0002,0.0458,0.0581,0.0026,0.0011,0.0144,0.0001,0.0023,0.0021,0.0005,0.0007,0.0115,0.0019,0.0005,0.0002,0.0023,0.1114,0.0187,0.0,0.0048,0.0,95.0,0.0,32.0,63.0,28.0,0.0,0.0,0.0,0.0,0.0,0.0,0.0,0.0,0.0,0.0,0.0,0.0,0.0,0.0,0.0,0.0,0.0,0.0,8.0,2.0,1.0
1077,8.974361400000017,0,8.3473,1.9784,2.1596,1.4937,0.193,0.0038,0.0061,0.0008,0.0316,0.0459,0.0027,0.0013,0.0128,0.0002,0.0023,0.0023,0.0001,0.0001,0.0129,0.0017,0.0012,0.0002,0.0021,0.097,0.021,0.0001,0.0054,0.0,95.0,0.0,32.0,63.0,28.0,0.0,0.0,0.0,0.0,0.0,0.0,0.0,0.0,0.0,0.0,0.0,0.0,0.0,0.0,0.0,0.0,0.0,0.0,8.0,2.0,1.0
1078,8.982708700000018,0,8.0108,1.925,1.8036,1.5008,0.1811,0.0036,0.0043,0.0003,0.0461,0.0572,0.003,0.0009,0.0116,0.0002,0.0017,0.002,0.0001,0.0001,0.0093,0.0014,0.0006,0.0006,0.0021,0.102,0.0181,0.0,0.0055,0.0,95.0,0.0,32.0,63.0,28.0,0.0,0.0,0.0,0.0,0.0,0.0,0.0,0.0,0.0,0.0,0.0,0.0,0.0,0.0,0.0,0.0,0.0,0.0,8.0,2.0,1.0
1079,8.990719500000017,0,8.1613,1.7095,1.4919,1.5936,0.1486,0.0038,0.0052,0.0001,0.027,0.0385,0.0026,0.0008,0.0115,0.0001,0.0017,0.0017,0.0001,0.0002,0.009,0.0014,0.0004,0.0002,0.0022,0.0812,0.0131,0.0,0.0051,0.0,95.0,0.0,32.0,63.0,28.0,0.0,0.0,0.0,0.0,0.0,0.0,0.0,0.0,0.0,0.0,0.0,0.0,0.0,0.0,0.0,0.0,0.0,0.0,8.0,2.0,1.0
1080,8.998880800000016,0,8.4268,1.6473,1.489,1.4096,0.1613,0.0037,0.004,0.0003,0.0406,0.0507,0.0022,0.0009,0.0107,0.0001,0.0015,0.0014,0.0001,0.0002,0.009,0.0014,0.0005,0.0002,0.0025,0.0923,0.0151,0.0001,0.005,0.0,95.0,0.0,32.0,63.0,28.0,0.0,0.0,0.0,0.0,0.0,0.0,0.0,0.0,0.0,0.0,0.0,0.0,0.0,0.0,0.0,0.0,0.0,0.0,8.0,2.0,1.0
1081,9.007307600000017,0,8.357,1.7242,1.6847,1.4434,0.1711,0.0044,0.005,0.0001,0.0351,0.0473,0.0025,0.0009,0.0134,0.0001,0.0015,0.0024,0.0001,0.0001,0.0098,0.0014,0.001,0.0001,0.002,0.0938,0.0188,0.0,0.0048,0.0,95.0,0.0,32.0,63.0,28.0,0.0,0.0,0.0,0.0,0.0,0.0,0.0,0.0,0.0,0.0,0.0,0.0,0.0,0.0,0.0,0.0,0.0,0.0,8.0,2.0,1.0
1082,9.015664600000017,0,8.4954,1.8513,1.6679,1.4889,0.1707,0.0046,0.0038,0.0002,0.0386,0.0499,0.0024,0.001,0.0127,0.0001,0.0016,0.0022,0.0001,0.0002,0.01,0.0013,0.0005,0.0001,0.0021,0.0952,0.0195,0.0,0.0053,0.0,95.0,0.0,32.0,63.0,28.0,0.0,0.0,0.0,0.0,0.0,0.0,0.0,0.0,0.0,0.0,0.0,0.0,0.0,0.0,0.0,0.0,0.0,0.0,8.0,2.0,1.0
1083,9.024160000000016,0,8.225,1.8186,1.7918,1.4159,0.1633,0.0039,0.0042,0.0007,0.0312,0.0424,0.0025,0.0009,0.0111,0.0002,0.0016,0.002,0.0002,0.0002,0.0097,0.0013,0.0005,0.0001,0.0023,0.0866,0.0164,0.0,0.0066,0.0,95.0,0.0,32.0,63.0,28.0,0.0,0.0,0.0,0.0,0.0,0.0,0.0,0.0,0.0,0.0,0.0,0.0,0.0,0.0,0.0,0.0,0.0,0.0,8.0,2.0,1.0
1084,9.032385000000016,0,8.4358,1.7688,1.6502,1.5303,0.1736,0.0041,0.007,0.0002,0.0355,0.0491,0.0024,0.001,0.0116,0.0002,0.0018,0.0019,0.0001,0.0002,0.0104,0.0014,0.0006,0.0001,0.0022,0.0943,0.0154,0.0001,0.0063,0.0,95.0,0.0,32.0,63.0,28.0,0.0,0.0,0.0,0.0,0.0,0.0,0.0,0.0,0.0,0.0,0.0,0.0,0.0,0.0,0.0,0.0,0.0,0.0,8.0,2.0,1.0
1085,9.040820800000017,0,8.2088,1.7803,1.8302,1.5417,0.1753,0.0053,0.0043,0.0002,0.0408,0.0531,0.0027,0.0009,0.0129,0.0006,0.0015,0.0024,0.0001,0.0001,0.009,0.0014,0.0005,0.0001,0.0025,0.0985,0.0196,0.0,0.0045,0.0,95.0,0.0,32.0,63.0,28.0,0.0,0.0,0.0,0.0,0.0,0.0,0.0,0.0,0.0,0.0,0.0,0.0,0.0,0.0,0.0,0.0,0.0,0.0,8.0,2.0,1.0
1086,9.049029600000017,0,8.4119,1.793,1.6538,1.4786,0.1736,0.0046,0.0043,0.0003,0.0385,0.0508,0.0028,0.0009,0.0127,0.0002,0.0016,0.0017,0.0001,0.0001,0.0092,0.0018,0.0005,0.0001,0.0019,0.0953,0.0207,0.0001,0.0048,0.0,95.0,0.0,32.0,63.0,28.0,0.0,0.0,0.0,0.0,0.0,0.0,0.0,0.0,0.0,0.0,0.0,0.0,0.0,0.0,0.0,0.0,0.0,0.0,8.0,2.0,1.0
1087,9.057441500000017,0,8.4049,1.8067,1.9191,1.402,0.1945,0.0049,0.0048,0.0003,0.039,0.052,0.0031,0.0012,0.0137,0.0002,0.0022,0.0021,0.0002,0.0002,0.0124,0.0015,0.0008,0.0001,0.0022,0.1085,0.0211,0.0001,0.0059,0.0,95.0,0.0,32.0,63.0,28.0,0.0,0.0,0.0,0.0,0.0,0.0,0.0,0.0,0.0,0.0,0.0,0.0,0.0,0.0,0.0,0.0,0.0,0.0,8.0,2.0,1.0
1088,9.065846400000018,0,8.2428,2.0284,1.6674,1.4385,0.1665,0.0043,0.0039,0.0002,0.0431,0.0547,0.0022,0.0008,0.011,0.0002,0.0016,0.0021,0.0001,0.0001,0.009,0.0015,0.0005,0.0001,0.0024,0.0976,0.0147,0.0,0.005,0.0,95.0,0.0,32.0,63.0,28.0,0.0,0.0,0.0,0.0,0.0,0.0,0.0,0.0,0.0,0.0,0.0,0.0,0.0,0.0,0.0,0.0,0.0,0.0,8.0,2.0,1.0
1089,9.074089200000017,0,8.2295,1.9118,1.6766,1.3977,0.1517,0.0027,0.0036,0.0003,0.032,0.0409,0.0023,0.0014,0.0118,0.0005,0.0016,0.0019,0.0001,0.0002,0.0087,0.0014,0.0004,0.0001,0.0019,0.0835,0.0133,0.0,0.0049,0.0,95.0,0.0,32.0,63.0,28.0,0.0,0.0,0.0,0.0,0.0,0.0,0.0,0.0,0.0,0.0,0.0,0.0,0.0,0.0,0.0,0.0,0.0,0.0,8.0,2.0,1.0
1090,9.082318700000018,0,8.6779,1.8591,1.8605,1.485,0.1623,0.0045,0.0043,0.0002,0.0354,0.0468,0.0018,0.0009,0.0115,0.0002,0.0015,0.0014,0.0,0.0002,0.0104,0.0018,0.0006,0.0,0.0021,0.0907,0.0171,0.0,0.005,0.0,95.0,0.0,32.0,63.0,28.0,0.0,0.0,0.0,0.0,0.0,0.0,0.0,0.0,0.0,0.0,0.0,0.0,0.0,0.0,0.0,0.0,0.0,0.0,8.0,2.0,1.0
1091,9.090996600000018,0,8.0792,1.7984,1.8348,1.405,0.171,0.0038,0.0044,0.0002,0.0329,0.0446,0.0031,0.0008,0.0132,0.0001,0.0017,0.0019,0.0001,0.0001,0.0101,0.0013,0.0005,0.0002,0.0023,0.0926,0.0169,0.0,0.006,0.0,95.0,0.0,32.0,63.0,28.0,0.0,0.0,0.0,0.0,0.0,0.0,0.0,0.0,0.0,0.0,0.0,0.0,0.0,0.0,0.0,0.0,0.0,0.0,8.0,2.0,1.0
1092,9.099075800000017,0,8.6901,1.8839,1.9477,1.548,0.1936,0.0046,0.0043,0.0002,0.0539,0.0658,0.0033,0.0009,0.0136,0.0002,0.002,0.0017,0.0001,0.0006,0.0097,0.0014,0.0006,0.0001,0.0027,0.1142,0.0225,0.0,0.0058,0.0,95.0,0.0,32.0,63.0,28.0,0.0,0.0,0.0,0.0,0.0,0.0,0.0,0.0,0.0,0.0,0.0,0.0,0.0,0.0,0.0,0.0,0.0,0.0,8.0,2.0,1.0
1093,9.107765900000018,0,8.0139,1.922,1.8225,1.4383,0.1704,0.0033,0.0044,0.0005,0.0322,0.043,0.0026,0.001,0.0143,0.0001,0.002,0.0021,0.0001,0.0001,0.0102,0.0014,0.0005,0.0001,0.0022,0.0912,0.0192,0.0001,0.0056,0.0,95.0,0.0,32.0,63.0,28.0,0.0,0.0,0.0,0.0,0.0,0.0,0.0,0.0,0.0,0.0,0.0,0.0,0.0,0.0,0.0,0.0,0.0,0.0,8.0,2.0,1.0
1094,9.115779800000018,0,8.3664,1.8765,1.7717,1.4298,0.1839,0.0052,0.0046,0.0003,0.0437,0.0565,0.0027,0.0008,0.0121,0.0002,0.0023,0.0018,0.0001,0.0001,0.0097,0.0018,0.0005,0.0001,0.0022,0.1029,0.0209,0.0001,0.0047,0.0,95.0,0.0,32.0,63.0,28.0,0.0,0.0,0.0,0.0,0.0,0.0,0.0,0.0,0.0,0.0,0.0,0.0,0.0,0.0,0.0,0.0,0.0,0.0,8.0,2.0,1.0
1095,9.124146200000018,0,8.1643,1.8919,1.7117,1.4965,0.1595,0.0048,0.0046,0.0002,0.0302,0.0424,0.0024,0.0011,0.0122,0.0001,0.0017,0.0017,0.0001,0.0002,0.0092,0.0019,0.0005,0.0001,0.002,0.0865,0.0158,0.0001,0.0053,0.0,95.0,0.0,32.0,63.0,28.0,0.0,0.0,0.0,0.0,0.0,0.0,0.0,0.0,0.0,0.0,0.0,0.0,0.0,0.0,0.0,0.0,0.0,0.0,8.0,2.0,1.0
1096,9.132310500000019,0,8.4595,1.8803,1.7121,1.4992,0.1783,0.0032,0.0046,0.0002,0.0423,0.0534,0.0023,0.0007,0.0107,0.0001,0.0017,0.0015,0.0001,0.0001,0.0094,0.0012,0.0005,0.0001,0.0019,0.0951,0.0181,0.0,0.0053,0.0,95.0,0.0,32.0,63.0,30.0,0.0,0.0,0.0,0.0,0.0,0.0,0.0,0.0,0.0,0.0,0.0,0.0,0.0,0.0,0.0,0.0,0.0,0.0,8.0,2.0,1.0
1097,9.14077000000002,0,8.384,1.8732,1.7193,1.4433,0.1658,0.0053,0.0058,0.0002,0.0268,0.0407,0.0022,0.0009,0.0113,0.0001,0.0018,0.0021,0.0002,0.0001,0.0102,0.0014,0.0005,0.0001,0.0022,0.086,0.019,0.0,0.0058,0.0,95.0,0.0,32.0,63.0,30.0,0.0,0.0,0.0,0.0,0.0,0.0,0.0,0.0,0.0,0.0,0.0,0.0,0.0,0.0,0.0,0.0,0.0,0.0,8.0,2.0,1.0
1098,9.149154000000019,0,8.3896,1.82,1.9505,1.3845,0.2026,0.0052,0.0086,0.0002,0.0368,0.054,0.0024,0.001,0.0121,0.0007,0.0022,0.0025,0.0002,0.0001,0.0103,0.0014,0.001,0.0001,0.0026,0.1044,0.025,0.0001,0.0049,0.0,95.0,0.0,32.0,63.0,30.0,0.0,0.0,0.0,0.0,0.0,0.0,0.0,0.0,0.0,0.0,0.0,0.0,0.0,0.0,0.0,0.0,0.0,0.0,8.0,2.0,1.0
1099,9.157543600000018,0,8.4772,2.1566,1.9352,1.7307,0.2038,0.0045,0.0052,0.0003,0.0353,0.0487,0.0031,0.0014,0.0145,0.0004,0.0027,0.0028,0.0001,0.0002,0.0137,0.0015,0.0005,0.0001,0.0021,0.1037,0.0218,0.0,0.0048,0.0,95.0,0.0,32.0,63.0,30.0,0.0,0.0,0.0,0.0,0.0,0.0,0.0,0.0,0.0,0.0,0.0,0.0,0.0,0.0,0.0,0.0,0.0,0.0,8.0,2.0,1.0
1100,9.166020800000018,0,8.5801,2.0987,2.1833,1.6705,0.2084,0.0048,0.0053,0.0003,0.0461,0.0605,0.0022,0.0014,0.0132,0.0002,0.002,0.0021,0.0001,0.0001,0.0109,0.002,0.0006,0.0001,0.002,0.1101,0.0212,0.0,0.006,0.0,95.0,0.0,32.0,63.0,30.0,0.0,0.0,0.0,0.0,0.0,0.0,0.0,0.0,0.0,0.0,0.0,0.0,0.0,0.0,0.0,0.0,0.0,0.0,8.0,2.0,1.0
1101,9.174600900000017,0,8.104,2.0077,2.1389,1.7527,0.2224,0.0043,0.0065,0.0003,0.0446,0.0596,0.0032,0.0015,0.0158,0.0003,0.0024,0.0025,0.0002,0.0002,0.0129,0.0018,0.0006,0.0002,0.0029,0.1165,0.0217,0.0001,0.0065,0.0,95.0,0.0,32.0,63.0,30.0,0.0,0.0,0.0,0.0,0.0,0.0,0.0,0.0,0.0,0.0,0.0,0.0,0.0,0.0,0.0,0.0,0.0,0.0,8.0,2.0,1.0
1102,9.182704900000017,0,8.5227,2.0568,2.1531,1.6261,0.2707,0.0048,0.0063,0.0004,0.0846,0.1001,0.0033,0.0014,0.0161,0.0001,0.0041,0.003,0.0001,0.0003,0.0142,0.0015,0.001,0.0001,0.0038,0.1662,0.0271,0.0,0.0056,0.0,95.0,0.0,32.0,63.0,28.0,0.0,0.0,0.0,0.0,0.0,0.0,0.0,0.0,0.0,0.0,0.0,0.0,0.0,0.0,0.0,0.0,0.0,0.0,8.0,2.0,1.0
1103,9.191227600000017,0,9.0471,2.499,2.567,1.9944,0.2765,0.0041,0.0065,0.0005,0.0554,0.0714,0.0044,0.0027,0.0198,0.0003,0.003,0.0047,0.0004,0.0003,0.0156,0.0036,0.0013,0.0004,0.0028,0.1455,0.0291,0.0,0.0056,0.0,95.0,0.0,32.0,63.0,28.0,0.0,0.0,0.0,0.0,0.0,0.0,0.0,0.0,0.0,0.0,0.0,0.0,0.0,0.0,0.0,0.0,0.0,0.0,8.0,2.0,1.0
1104,9.200274700000017,0,7.5528,2.9478,2.6184,1.9555,0.1823,0.0045,0.0063,0.0004,0.037,0.051,0.0027,0.0009,0.0122,0.0002,0.0021,0.0016,0.0001,0.0001,0.0102,0.0015,0.0005,0.0001,0.0024,0.0977,0.0193,0.0,0.007,0.0,95.0,0.0,32.0,63.0,28.0,0.0,0.0,0.0,0.0,0.0,0.0,0.0,0.0,0.0,0.0,0.0,0.0,0.0,0.0,0.0,0.0,0.0,0.0,8.0,2.0,1.0
1105,9.207827500000016,0,7.9382,2.1126,1.6606,1.5726,0.1468,0.0027,0.0049,0.0002,0.0287,0.0392,0.002,0.0008,0.0111,0.0001,0.0016,0.0021,0.0001,0.0002,0.009,0.0012,0.0004,0.0001,0.0018,0.0797,0.0145,0.0,0.0049,0.0,95.0,0.0,32.0,63.0,28.0,0.0,0.0,0.0,0.0,0.0,0.0,0.0,0.0,0.0,0.0,0.0,0.0,0.0,0.0,0.0,0.0,0.0,0.0,8.0,2.0,1.0
1106,9.215765700000016,0,8.3369,1.816,1.7227,1.5336,0.1642,0.0041,0.0061,0.0002,0.0337,0.0464,0.0029,0.001,0.0125,0.0002,0.0017,0.0018,0.0004,0.0001,0.0095,0.0018,0.0004,0.0001,0.0021,0.0912,0.0157,0.0,0.0044,0.0,95.0,0.0,32.0,63.0,28.0,0.0,0.0,0.0,0.0,0.0,0.0,0.0,0.0,0.0,0.0,0.0,0.0,0.0,0.0,0.0,0.0,0.0,0.0,8.0,2.0,1.0
1107,9.224102600000016,0,8.2108,1.743,1.7373,1.4294,0.1484,0.0026,0.0038,0.0002,0.0302,0.0389,0.0022,0.0016,0.0129,0.0003,0.0015,0.0017,0.0001,0.0001,0.0091,0.0017,0.0005,0.0002,0.0025,0.083,0.0142,0.0,0.0051,0.0,95.0,0.0,32.0,63.0,28.0,0.0,0.0,0.0,0.0,0.0,0.0,0.0,0.0,0.0,0.0,0.0,0.0,0.0,0.0,0.0,0.0,0.0,0.0,8.0,2.0,1.0
1108,9.232313400000017,0,8.3601,1.714,1.6232,1.4433,0.1708,0.0033,0.0045,0.0002,0.0415,0.052,0.0027,0.001,0.0141,0.0001,0.0015,0.0017,0.0002,0.0001,0.0097,0.0013,0.0005,0.0001,0.0021,0.0991,0.0163,0.0,0.0047,0.0,95.0,0.0,32.0,63.0,28.0,0.0,0.0,0.0,0.0,0.0,0.0,0.0,0.0,0.0,0.0,0.0,0.0,0.0,0.0,0.0,0.0,0.0,0.0,8.0,2.0,1.0
1109,9.240673500000018,0,8.3082,1.6955,1.6256,1.5513,0.1562,0.003,0.0038,0.0003,0.0323,0.0416,0.0022,0.0009,0.0109,0.0002,0.0017,0.0023,0.0001,0.0001,0.01,0.0013,0.0006,0.0001,0.002,0.0853,0.0168,0.0,0.006,0.0,95.0,0.0,32.0,63.0,28.0,0.0,0.0,0.0,0.0,0.0,0.0,0.0,0.0,0.0,0.0,0.0,0.0,0.0,0.0,0.0,0.0,0.0,0.0,8.0,2.0,1.0
1110,9.248981700000018,0,8.3348,1.8577,1.6524,1.5887,0.1626,0.003,0.0038,0.0002,0.0412,0.0503,0.0021,0.0009,0.0116,0.0001,0.002,0.0016,0.0001,0.0006,0.0092,0.0012,0.0009,0.0001,0.0018,0.0917,0.0155,0.0,0.0049,0.0,95.0,0.0,32.0,63.0,28.0,0.0,0.0,0.0,0.0,0.0,0.0,0.0,0.0,0.0,0.0,0.0,0.0,0.0,0.0,0.0,0.0,0.0,0.0,8.0,2.0,1.0
1111,9.257316500000018,0,8.4546,1.7697,1.5901,1.2642,0.1584,0.0035,0.0036,0.0003,0.0305,0.0403,0.0027,0.0009,0.013,0.0002,0.0016,0.0022,0.0001,0.0002,0.0098,0.0014,0.0005,0.0006,0.0021,0.086,0.0169,0.0001,0.0048,0.0,95.0,0.0,32.0,63.0,28.0,0.0,0.0,0.0,0.0,0.0,0.0,0.0,0.0,0.0,0.0,0.0,0.0,0.0,0.0,0.0,0.0,0.0,0.0,8.0,2.0,1.0
1112,9.265771100000018,0,8.2386,1.8172,1.8004,1.4099,0.1679,0.0032,0.004,0.0002,0.0422,0.0522,0.0029,0.0009,0.0117,0.0002,0.0018,0.0016,0.0001,0.0006,0.0093,0.0013,0.0007,0.0001,0.0022,0.0959,0.0184,0.0,0.0046,0.0,95.0,0.0,32.0,63.0,28.0,0.0,0.0,0.0,0.0,0.0,0.0,0.0,0.0,0.0,0.0,0.0,0.0,0.0,0.0,0.0,0.0,0.0,0.0,8.0,2.0,1.0
1113,9.274009700000018,0,8.4545,1.855,1.5578,1.4133,0.146,0.0036,0.005,0.0002,0.0281,0.0394,0.002,0.0008,0.0106,0.0002,0.0019,0.0014,0.0001,0.0001,0.0093,0.0012,0.0004,0.0001,0.0017,0.0781,0.0166,0.0,0.0047,0.0,95.0,0.0,32.0,63.0,28.0,0.0,0.0,0.0,0.0,0.0,0.0,0.0,0.0,0.0,0.0,0.0,0.0,0.0,0.0,0.0,0.0,0.0,0.0,8.0,2.0,1.0
1114,9.282464200000017,0,8.2176,1.8298,1.8356,1.3955,0.1591,0.0032,0.0047,0.0003,0.0391,0.05,0.0019,0.001,0.0103,0.0002,0.0016,0.0016,0.0001,0.0001,0.0084,0.0011,0.0004,0.0001,0.0017,0.0895,0.0145,0.0,0.006,0.0,95.0,0.0,32.0,63.0,28.0,0.0,0.0,0.0,0.0,0.0,0.0,0.0,0.0,0.0,0.0,0.0,0.0,0.0,0.0,0.0,0.0,0.0,0.0,8.0,2.0,1.0
1115,9.290681800000018,0,8.2763,1.9414,1.6235,1.5925,0.1476,0.0032,0.0039,0.0002,0.0276,0.0374,0.0022,0.0008,0.01,0.0001,0.0015,0.0017,0.0001,0.0001,0.0091,0.0011,0.0005,0.0001,0.0017,0.0767,0.0176,0.0,0.0048,0.0,95.0,0.0,32.0,63.0,28.0,0.0,0.0,0.0,0.0,0.0,0.0,0.0,0.0,0.0,0.0,0.0,0.0,0.0,0.0,0.0,0.0,0.0,0.0,8.0,2.0,1.0
1116,9.298958100000018,0,8.4546,1.8163,1.6886,1.4898,0.1674,0.0029,0.0037,0.0002,0.0366,0.0457,0.0023,0.0009,0.0122,0.0001,0.0016,0.0019,0.0002,0.0001,0.0097,0.0013,0.0005,0.0,0.002,0.0904,0.0214,0.0,0.0046,0.0,95.0,0.0,32.0,63.0,28.0,0.0,0.0,0.0,0.0,0.0,0.0,0.0,0.0,0.0,0.0,0.0,0.0,0.0,0.0,0.0,0.0,0.0,0.0,8.0,2.0,1.0
1117,9.307412700000018,0,8.4677,1.7195,1.767,1.371,0.1772,0.0048,0.0048,0.0007,0.0374,0.0507,0.0023,0.0011,0.0118,0.0002,0.002,0.0019,0.0001,0.0001,0.0095,0.0013,0.0006,0.0001,0.0021,0.0965,0.0161,0.0001,0.0054,0.0,95.0,0.0,32.0,63.0,28.0,0.0,0.0,0.0,0.0,0.0,0.0,0.0,0.0,0.0,0.0,0.0,0.0,0.0,0.0,0.0,0.0,0.0,0.0,8.0,2.0,1.0
1118,9.315880400000019,0,8.0929,1.8331,1.7129,1.5889,0.1656,0.0025,0.0033,0.0003,0.0397,0.0486,0.0025,0.001,0.0128,0.0001,0.0017,0.0022,0.0001,0.0001,0.0101,0.0014,0.0005,0.0002,0.0022,0.0954,0.0174,0.0,0.0046,0.0,95.0,0.0,32.0,63.0,28.0,0.0,0.0,0.0,0.0,0.0,0.0,0.0,0.0,0.0,0.0,0.0,0.0,0.0,0.0,0.0,0.0,0.0,0.0,8.0,2.0,1.0
1119,9.323973300000018,0,8.1905,1.7518,1.4659,1.4526,0.1386,0.0025,0.0033,0.0002,0.0291,0.0375,0.0024,0.0008,0.0088,0.0004,0.0017,0.0015,0.0001,0.0001,0.0089,0.0018,0.0004,0.0,0.0018,0.0771,0.0143,0.0001,0.0055,0.0,95.0,0.0,32.0,63.0,28.0,0.0,0.0,0.0,0.0,0.0,0.0,0.0,0.0,0.0,0.0,0.0,0.0,0.0,0.0,0.0,0.0,0.0,0.0,8.0,2.0,1.0
1120,9.332163800000018,0,8.3483,1.669,1.4908,1.5374,0.1538,0.0028,0.0035,0.0002,0.0347,0.0434,0.002,0.0008,0.0118,0.0002,0.0014,0.0014,0.0002,0.0001,0.0089,0.0014,0.0005,0.0001,0.0018,0.085,0.0185,0.0,0.0048,0.0,95.0,0.0,32.0,63.0,28.0,0.0,0.0,0.0,0.0,0.0,0.0,0.0,0.0,0.0,0.0,0.0,0.0,0.0,0.0,0.0,0.0,0.0,0.0,8.0,2.0,1.0
1121,9.340512100000018,0,8.4296,1.715,1.5122,2.1032,0.1573,0.0029,0.0034,0.0002,0.0368,0.0455,0.0027,0.0009,0.0123,0.0001,0.0018,0.0018,0.0001,0.0001,0.0091,0.0016,0.0005,0.0,0.0021,0.0892,0.0164,0.0,0.0047,0.0,95.0,0.0,32.0,63.0,28.0,0.0,0.0,0.0,0.0,0.0,0.0,0.0,0.0,0.0,0.0,0.0,0.0,0.0,0.0,0.0,0.0,0.0,0.0,8.0,2.0,1.0
1122,9.348941700000017,0,8.4125,1.8378,1.6362,1.4146,0.1647,0.0029,0.004,0.0003,0.0383,0.0479,0.0023,0.0008,0.0119,0.0001,0.002,0.0018,0.0001,0.0001,0.0092,0.0015,0.0005,0.0001,0.002,0.0915,0.0188,0.0,0.0058,0.0,95.0,0.0,32.0,63.0,28.0,0.0,0.0,0.0,0.0,0.0,0.0,0.0,0.0,0.0,0.0,0.0,0.0,0.0,0.0,0.0,0.0,0.0,0.0,8.0,2.0,1.0
1123,9.357354200000017,0,8.0711,1.6369,1.5705,1.6053,0.1491,0.0051,0.0038,0.0003,0.0293,0.0405,0.0023,0.001,0.0103,0.0001,0.0016,0.0022,0.0001,0.0002,0.0096,0.0013,0.0005,0.0001,0.0021,0.082,0.0132,0.0001,0.0038,0.0,95.0,0.0,32.0,63.0,28.0,0.0,0.0,0.0,0.0,0.0,0.0,0.0,0.0,0.0,0.0,0.0,0.0,0.0,0.0,0.0,0.0,0.0,0.0,8.0,2.0,1.0
1124,9.365425300000018,0,8.4075,1.5574,1.354,1.5378,0.1511,0.0038,0.0037,0.0002,0.04,0.0499,0.0019,0.0007,0.0096,0.0004,0.0013,0.0012,0.0,0.0001,0.0081,0.0012,0.0004,0.0001,0.002,0.086,0.0161,0.0,0.0042,0.0,95.0,0.0,32.0,63.0,28.0,0.0,0.0,0.0,0.0,0.0,0.0,0.0,0.0,0.0,0.0,0.0,0.0,0.0,0.0,0.0,0.0,0.0,0.0,8.0,2.0,1.0
1125,9.373832800000018,0,8.3161,1.8339,1.4489,1.601,0.141,0.0031,0.0033,0.0002,0.0286,0.0372,0.0019,0.0008,0.0094,0.0001,0.002,0.0015,0.0002,0.0001,0.0081,0.0011,0.0004,0.0,0.002,0.0738,0.0159,0.0,0.0052,0.0,95.0,0.0,32.0,63.0,28.0,0.0,0.0,0.0,0.0,0.0,0.0,0.0,0.0,0.0,0.0,0.0,0.0,0.0,0.0,0.0,0.0,0.0,0.0,8.0,2.0,1.0
1126,9.382148900000018,0,8.5548,1.9128,1.6339,1.5243,0.1732,0.0036,0.0051,0.0003,0.0402,0.0519,0.0022,0.0011,0.0105,0.0004,0.0016,0.0019,0.0001,0.0001,0.009,0.0017,0.0005,0.0001,0.0027,0.0951,0.014,0.0,0.0048,0.0,95.0,0.0,32.0,63.0,28.0,0.0,0.0,0.0,0.0,0.0,0.0,0.0,0.0,0.0,0.0,0.0,0.0,0.0,0.0,0.0,0.0,0.0,0.0,8.0,2.0,1.0
1127,9.390703700000019,0,8.145,1.7222,1.553,1.3935,0.1506,0.003,0.004,0.0002,0.0313,0.0407,0.0023,0.0009,0.0114,0.0001,0.0015,0.0016,0.0001,0.0001,0.0093,0.0013,0.0004,0.0001,0.0021,0.0822,0.0178,0.0,0.0049,0.0,95.0,0.0,32.0,63.0,28.0,0.0,0.0,0.0,0.0,0.0,0.0,0.0,0.0,0.0,0.0,0.0,0.0,0.0,0.0,0.0,0.0,0.0,0.0,8.0,2.0,1.0
1128,9.39884870000002,0,8.434,1.7794,1.4952,1.4409,0.1608,0.004,0.0041,0.0002,0.0384,0.0489,0.0023,0.001,0.0107,0.0002,0.0015,0.002,0.0001,0.0001,0.0084,0.0018,0.0005,0.0001,0.002,0.0899,0.0167,0.0001,0.0044,0.0,95.0,0.0,32.0,63.0,28.0,0.0,0.0,0.0,0.0,0.0,0.0,0.0,0.0,0.0,0.0,0.0,0.0,0.0,0.0,0.0,0.0,0.0,0.0,8.0,2.0,1.0
1129,9.40728270000002,0,8.2863,1.7501,1.5636,1.5212,0.1561,0.0036,0.0043,0.0005,0.0293,0.0401,0.0022,0.0009,0.0132,0.0001,0.002,0.0017,0.0002,0.0001,0.009,0.0012,0.0006,0.0,0.0023,0.084,0.0155,0.0001,0.005,0.0,95.0,0.0,32.0,63.0,28.0,0.0,0.0,0.0,0.0,0.0,0.0,0.0,0.0,0.0,0.0,0.0,0.0,0.0,0.0,0.0,0.0,0.0,0.0,8.0,2.0,1.0
1130,9.41556900000002,0,8.3844,1.7036,1.6203,1.4841,0.1724,0.0041,0.0041,0.0002,0.0413,0.0528,0.0023,0.0009,0.0117,0.0002,0.0017,0.0022,0.0001,0.0002,0.0092,0.0013,0.0005,0.0001,0.0021,0.0971,0.0171,0.0001,0.0053,0.0,95.0,0.0,32.0,63.0,28.0,0.0,0.0,0.0,0.0,0.0,0.0,0.0,0.0,0.0,0.0,0.0,0.0,0.0,0.0,0.0,0.0,0.0,0.0,8.0,2.0,1.0
1131,9.42395340000002,0,8.2551,1.6767,1.4454,1.3887,0.1512,0.0027,0.0037,0.0002,0.0305,0.0395,0.0023,0.001,0.0091,0.0001,0.0016,0.0019,0.0001,0.0001,0.0088,0.0012,0.0005,0.0001,0.0019,0.0843,0.0173,0.0,0.0044,0.0,95.0,0.0,32.0,63.0,26.0,0.0,0.0,0.0,0.0,0.0,0.0,0.0,0.0,0.0,0.0,0.0,0.0,0.0,0.0,0.0,0.0,0.0,0.0,8.0,2.0,1.0
1132,9.43220850000002,0,8.541,1.7263,1.666,1.6507,0.1812,0.0034,0.0043,0.0002,0.0427,0.0543,0.0026,0.0012,0.0133,0.0001,0.0021,0.0018,0.0001,0.0001,0.0096,0.0019,0.0006,0.0001,0.0022,0.1016,0.0177,0.0,0.0055,0.0,95.0,0.0,32.0,63.0,26.0,0.0,0.0,0.0,0.0,0.0,0.0,0.0,0.0,0.0,0.0,0.0,0.0,0.0,0.0,0.0,0.0,0.0,0.0,8.0,2.0,1.0
1133,9.440749500000019,0,8.3779,1.8245,1.6721,1.3885,0.1686,0.0038,0.0045,0.0003,0.0325,0.044,0.0026,0.0011,0.0125,0.0002,0.0022,0.0025,0.0002,0.0001,0.0099,0.0014,0.0005,0.0001,0.0024,0.0898,0.0158,0.0,0.0046,0.0,95.0,0.0,32.0,63.0,26.0,0.0,0.0,0.0,0.0,0.0,0.0,0.0,0.0,0.0,0.0,0.0,0.0,0.0,0.0,0.0,0.0,0.0,0.0,8.0,2.0,1.0
1134,9.449127400000018,0,8.2401,1.9207,1.7737,1.5578,0.1812,0.0031,0.0036,0.0002,0.0495,0.059,0.0031,0.0015,0.0127,0.0001,0.0016,0.0018,0.0006,0.0001,0.0094,0.0018,0.0006,0.0002,0.0025,0.1058,0.0188,0.0,0.0041,0.0,95.0,0.0,32.0,63.0,26.0,0.0,0.0,0.0,0.0,0.0,0.0,0.0,0.0,0.0,0.0,0.0,0.0,0.0,0.0,0.0,0.0,0.0,0.0,8.0,2.0,1.0
1135,9.457367500000018,0,8.1245,1.7001,1.5344,1.3937,0.1551,0.0033,0.0038,0.0002,0.0316,0.0413,0.0024,0.0008,0.0119,0.0002,0.0015,0.0021,0.0,0.0001,0.0096,0.0013,0.0005,0.0001,0.002,0.0841,0.0171,0.0001,0.0049,0.0,95.0,0.0,32.0,63.0,26.0,0.0,0.0,0.0,0.0,0.0,0.0,0.0,0.0,0.0,0.0,0.0,0.0,0.0,0.0,0.0,0.0,0.0,0.0,8.0,2.0,1.0
1136,9.465492000000017,0,8.3305,2.2088,1.4638,1.6347,0.1478,0.0028,0.0037,0.0002,0.0391,0.0478,0.0025,0.0008,0.0118,0.0001,0.0018,0.0014,0.0,0.0001,0.0081,0.0013,0.0005,0.0,0.0019,0.0878,0.0123,0.0,0.0042,0.0,95.0,0.0,32.0,63.0,26.0,0.0,0.0,0.0,0.0,0.0,0.0,0.0,0.0,0.0,0.0,0.0,0.0,0.0,0.0,0.0,0.0,0.0,0.0,8.0,2.0,1.0
1137,9.473822500000017,0,8.4178,1.8014,1.4298,1.567,0.147,0.0037,0.0033,0.0002,0.0285,0.0379,0.0029,0.001,0.0128,0.0001,0.002,0.0018,0.0001,0.0001,0.009,0.0014,0.001,0.0001,0.002,0.0826,0.016,0.0,0.0056,0.0,95.0,0.0,32.0,63.0,26.0,0.0,0.0,0.0,0.0,0.0,0.0,0.0,0.0,0.0,0.0,0.0,0.0,0.0,0.0,0.0,0.0,0.0,0.0,8.0,2.0,1.0
1138,9.482240300000017,0,8.371,1.7612,1.616,1.6183,0.1592,0.0032,0.0039,0.0002,0.0408,0.0515,0.0022,0.0007,0.01,0.0002,0.0016,0.0016,0.0001,0.0001,0.01,0.0018,0.0005,0.0001,0.0019,0.0922,0.0134,0.0001,0.0053,0.0,95.0,0.0,32.0,63.0,26.0,0.0,0.0,0.0,0.0,0.0,0.0,0.0,0.0,0.0,0.0,0.0,0.0,0.0,0.0,0.0,0.0,0.0,0.0,8.0,2.0,1.0
1139,9.490611300000017,0,8.3065,1.866,1.5151,1.4085,0.1531,0.0045,0.004,0.0002,0.0313,0.0425,0.0022,0.0008,0.0112,0.0004,0.0015,0.0016,0.0001,0.0001,0.0091,0.0018,0.0005,0.0001,0.002,0.0839,0.0151,0.0,0.0046,0.0,95.0,0.0,32.0,63.0,26.0,0.0,0.0,0.0,0.0,0.0,0.0,0.0,0.0,0.0,0.0,0.0,0.0,0.0,0.0,0.0,0.0,0.0,0.0,8.0,2.0,1.0
1140,9.498917800000017,0,8.1991,1.7234,1.4818,1.3983,0.1403,0.0037,0.0032,0.0002,0.0338,0.0434,0.0019,0.0009,0.0105,0.0002,0.0017,0.0012,0.0,0.0001,0.0086,0.0011,0.0004,0.0001,0.0018,0.0814,0.0127,0.0,0.0045,0.0,95.0,0.0,32.0,63.0,26.0,0.0,0.0,0.0,0.0,0.0,0.0,0.0,0.0,0.0,0.0,0.0,0.0,0.0,0.0,0.0,0.0,0.0,0.0,8.0,2.0,1.0
1141,9.507116900000018,0,8.3558,1.6414,1.4551,1.4256,0.1496,0.0029,0.0037,0.0001,0.0292,0.0382,0.0028,0.0008,0.0133,0.0003,0.0018,0.0016,0.0004,0.0001,0.0085,0.0016,0.0005,0.0001,0.0019,0.0818,0.0157,0.0,0.0042,0.0,95.0,0.0,32.0,63.0,26.0,0.0,0.0,0.0,0.0,0.0,0.0,0.0,0.0,0.0,0.0,0.0,0.0,0.0,0.0,0.0,0.0,0.0,0.0,8.0,2.0,1.0
1142,9.515472700000018,0,8.3087,1.6527,1.3946,1.5274,0.1621,0.0044,0.004,0.0002,0.036,0.0467,0.0021,0.0008,0.0106,0.0001,0.0015,0.0018,0.0001,0.0001,0.0082,0.0016,0.0005,0.0,0.0018,0.0861,0.0167,0.0,0.0042,0.0,95.0,0.0,32.0,63.0,26.0,0.0,0.0,0.0,0.0,0.0,0.0,0.0,0.0,0.0,0.0,0.0,0.0,0.0,0.0,0.0,0.0,0.0,0.0,8.0,2.0,1.0
1143,9.523781400000018,0,8.3586,1.605,1.3998,1.6652,0.1525,0.004,0.0037,0.0002,0.0297,0.04,0.0024,0.0009,0.0117,0.0001,0.0021,0.0016,0.0001,0.0001,0.0089,0.0014,0.0005,0.0001,0.002,0.0819,0.0193,0.0,0.0043,0.0,95.0,0.0,32.0,63.0,26.0,0.0,0.0,0.0,0.0,0.0,0.0,0.0,0.0,0.0,0.0,0.0,0.0,0.0,0.0,0.0,0.0,0.0,0.0,8.0,2.0,1.0
1144,9.532140000000018,0,8.4335,1.5934,1.3554,1.4674,0.1542,0.0028,0.0075,0.0002,0.0249,0.0375,0.0027,0.001,0.0137,0.0001,0.0018,0.0019,0.0002,0.0002,0.0107,0.0021,0.0006,0.0001,0.003,0.085,0.0189,0.0001,0.0054,0.0,95.0,0.0,32.0,63.0,26.0,0.0,0.0,0.0,0.0,0.0,0.0,0.0,0.0,0.0,0.0,0.0,0.0,0.0,0.0,0.0,0.0,0.0,0.0,8.0,2.0,1.0
1145,9.540573500000018,0,8.2025,1.8999,1.5474,1.5063,0.1501,0.003,0.0039,0.0002,0.0317,0.041,0.0023,0.0008,0.0116,0.0001,0.0016,0.0017,0.0002,0.0001,0.0088,0.0013,0.0005,0.0,0.0026,0.0835,0.0138,0.0,0.0046,0.0,95.0,0.0,32.0,63.0,26.0,0.0,0.0,0.0,0.0,0.0,0.0,0.0,0.0,0.0,0.0,0.0,0.0,0.0,0.0,0.0,0.0,0.0,0.0,8.0,2.0,1.0
1146,9.548776000000018,0,8.3334,1.646,1.3924,1.4217,0.159,0.0041,0.0045,0.0002,0.0389,0.0503,0.0023,0.0013,0.0121,0.0001,0.0015,0.0015,0.0,0.0001,0.0087,0.0017,0.0004,0.0001,0.0021,0.0921,0.0144,0.0,0.0055,0.0,95.0,0.0,32.0,63.0,26.0,0.0,0.0,0.0,0.0,0.0,0.0,0.0,0.0,0.0,0.0,0.0,0.0,0.0,0.0,0.0,0.0,0.0,0.0,8.0,2.0,1.0
1147,9.557109400000018,0,8.3945,1.5986,1.2839,1.4315,0.1401,0.003,0.0041,0.0002,0.0278,0.0378,0.0024,0.0008,0.0105,0.0001,0.0015,0.0014,0.0,0.0001,0.0085,0.0012,0.0004,0.0001,0.0021,0.0773,0.0147,0.0001,0.0039,0.0,95.0,0.0,32.0,63.0,26.0,0.0,0.0,0.0,0.0,0.0,0.0,0.0,0.0,0.0,0.0,0.0,0.0,0.0,0.0,0.0,0.0,0.0,0.0,8.0,2.0,1.0
1148,9.565503900000017,0,8.4701,1.6541,1.5928,1.392,0.1582,0.004,0.0035,0.0002,0.0373,0.0478,0.0022,0.0009,0.0108,0.0001,0.0021,0.0018,0.0001,0.0001,0.0091,0.0013,0.0005,0.0001,0.0019,0.0899,0.0147,0.0,0.0043,0.0,95.0,0.0,32.0,63.0,26.0,0.0,0.0,0.0,0.0,0.0,0.0,0.0,0.0,0.0,0.0,0.0,0.0,0.0,0.0,0.0,0.0,0.0,0.0,8.0,2.0,1.0
1149,9.573974000000018,0,8.2984,1.8497,1.564,1.4702,0.1546,0.0043,0.0064,0.0002,0.0257,0.0392,0.0022,0.0008,0.0106,0.0001,0.0016,0.0023,0.0001,0.0002,0.0083,0.0019,0.0004,0.0001,0.0019,0.0811,0.0165,0.0,0.0046,0.0,95.0,0.0,32.0,63.0,26.0,0.0,0.0,0.0,0.0,0.0,0.0,0.0,0.0,0.0,0.0,0.0,0.0,0.0,0.0,0.0,0.0,0.0,0.0,8.0,2.0,1.0
1150,9.582272400000017,0,8.2692,1.66,1.5548,1.4834,0.1704,0.004,0.0046,0.0003,0.0392,0.0511,0.0028,0.0008,0.0111,0.0001,0.0015,0.0018,0.0001,0.0001,0.0096,0.0013,0.0005,0.0,0.0021,0.0952,0.0172,0.0,0.0048,0.0,95.0,0.0,32.0,63.0,26.0,0.0,0.0,0.0,0.0,0.0,0.0,0.0,0.0,0.0,0.0,0.0,0.0,0.0,0.0,0.0,0.0,0.0,0.0,8.0,2.0,1.0
1151,9.590541600000018,0,8.2675,1.7807,1.4733,1.5175,0.1451,0.0028,0.0035,0.0001,0.031,0.0394,0.0022,0.0011,0.0112,0.0001,0.0019,0.0016,0.0001,0.0002,0.0085,0.0012,0.0005,0.0,0.002,0.0794,0.017,0.0,0.0052,0.0,95.0,0.0,32.0,63.0,26.0,0.0,0.0,0.0,0.0,0.0,0.0,0.0,0.0,0.0,0.0,0.0,0.0,0.0,0.0,0.0,0.0,0.0,0.0,8.0,2.0,1.0
1152,9.598809100000018,0,8.3888,1.7135,1.4145,1.5957,0.1542,0.0036,0.0034,0.0002,0.0404,0.0498,0.0021,0.001,0.0102,0.0002,0.0015,0.0015,0.0004,0.0002,0.0085,0.0019,0.0005,0.0,0.0019,0.0909,0.0155,0.0,0.004,0.0,95.0,0.0,32.0,63.0,26.0,0.0,0.0,0.0,0.0,0.0,0.0,0.0,0.0,0.0,0.0,0.0,0.0,0.0,0.0,0.0,0.0,0.0,0.0,8.0,2.0,1.0
1153,9.607197900000019,0,8.3405,1.7042,1.5162,1.5882,0.155,0.003,0.0039,0.0006,0.0292,0.0395,0.0024,0.0011,0.0129,0.0002,0.0015,0.0018,0.0,0.0001,0.0088,0.0013,0.0005,0.0001,0.002,0.0824,0.0186,0.0001,0.0053,0.0,95.0,0.0,32.0,63.0,26.0,0.0,0.0,0.0,0.0,0.0,0.0,0.0,0.0,0.0,0.0,0.0,0.0,0.0,0.0,0.0,0.0,0.0,0.0,8.0,2.0,1.0
1154,9.615538400000018,0,8.3789,1.6657,1.4412,1.4682,0.1577,0.0041,0.004,0.0002,0.0362,0.0468,0.0021,0.0008,0.0106,0.0001,0.0015,0.0016,0.0006,0.0001,0.0087,0.0012,0.0004,0.0001,0.002,0.088,0.0152,0.0,0.0036,0.0,95.0,0.0,32.0,63.0,26.0,0.0,0.0,0.0,0.0,0.0,0.0,0.0,0.0,0.0,0.0,0.0,0.0,0.0,0.0,0.0,0.0,0.0,0.0,8.0,2.0,1.0
1155,9.623917300000018,0,8.2247,1.7427,1.4792,1.4517,0.1392,0.0035,0.0032,0.0002,0.0275,0.0365,0.0022,0.0009,0.0114,0.0002,0.0015,0.0019,0.0001,0.0002,0.0082,0.0023,0.0005,0.0,0.0019,0.0777,0.0152,0.0001,0.0051,0.0,95.0,0.0,32.0,63.0,26.0,0.0,0.0,0.0,0.0,0.0,0.0,0.0,0.0,0.0,0.0,0.0,0.0,0.0,0.0,0.0,0.0,0.0,0.0,8.0,2.0,1.0
1156,9.632142000000018,0,8.3069,1.7034,1.4955,1.3453,0.1673,0.0039,0.0037,0.0002,0.0417,0.0523,0.0027,0.0009,0.0129,0.0002,0.0017,0.0023,0.0001,0.0001,0.0092,0.0014,0.0006,0.0001,0.0022,0.0967,0.0151,0.0,0.0043,0.0,95.0,0.0,32.0,63.0,26.0,0.0,0.0,0.0,0.0,0.0,0.0,0.0,0.0,0.0,0.0,0.0,0.0,0.0,0.0,0.0,0.0,0.0,0.0,8.0,2.0,1.0
1157,9.640448900000017,0,8.442,1.6441,1.3502,1.5193,0.1451,0.0034,0.0039,0.0003,0.0278,0.0377,0.0021,0.0007,0.0103,0.0001,0.0019,0.0016,0.0001,0.0002,0.0086,0.0013,0.001,0.0001,0.0019,0.0792,0.0153,0.0,0.0048,0.0,95.0,0.0,32.0,63.0,26.0,0.0,0.0,0.0,0.0,0.0,0.0,0.0,0.0,0.0,0.0,0.0,0.0,0.0,0.0,0.0,0.0,0.0,0.0,8.0,2.0,1.0
1158,9.648890900000017,0,8.2907,1.759,1.5237,1.4521,0.1406,0.0039,0.0061,0.0002,0.0234,0.0361,0.0018,0.0008,0.0104,0.0001,0.0013,0.002,0.0001,0.0001,0.0085,0.0013,0.0004,0.0001,0.0024,0.0759,0.0141,0.0001,0.0042,0.0,95.0,0.0,32.0,63.0,26.0,0.0,0.0,0.0,0.0,0.0,0.0,0.0,0.0,0.0,0.0,0.0,0.0,0.0,0.0,0.0,0.0,0.0,0.0,8.0,2.0,1.0
1159,9.657181600000017,0,8.4891,1.6562,1.5994,1.4599,0.1474,0.0032,0.0038,0.0002,0.0291,0.0391,0.0022,0.0009,0.0102,0.0002,0.0014,0.0016,0.0,0.0002,0.0091,0.0017,0.0005,0.0001,0.002,0.0801,0.0132,0.0,0.0046,0.0,95.0,0.0,32.0,63.0,26.0,0.0,0.0,0.0,0.0,0.0,0.0,0.0,0.0,0.0,0.0,0.0,0.0,0.0,0.0,0.0,0.0,0.0,0.0,8.0,2.0,1.0
1160,9.665670700000017,0,8.3121,1.8335,1.5647,1.4121,0.1569,0.0046,0.0044,0.0002,0.0391,0.0511,0.0019,0.0008,0.0096,0.0002,0.0013,0.002,0.0002,0.0001,0.0078,0.0012,0.0009,0.0001,0.0017,0.0885,0.0168,0.0,0.004,0.0,95.0,0.0,32.0,63.0,26.0,0.0,0.0,0.0,0.0,0.0,0.0,0.0,0.0,0.0,0.0,0.0,0.0,0.0,0.0,0.0,0.0,0.0,0.0,8.0,2.0,1.0
1161,9.673982800000017,0,8.3569,1.6784,1.5334,1.4838,0.157,0.0037,0.004,0.0003,0.0295,0.0403,0.0028,0.0008,0.0117,0.0001,0.002,0.0017,0.0001,0.0001,0.0087,0.0013,0.0004,0.0001,0.002,0.0839,0.0175,0.0,0.0046,0.0,95.0,0.0,32.0,63.0,26.0,0.0,0.0,0.0,0.0,0.0,0.0,0.0,0.0,0.0,0.0,0.0,0.0,0.0,0.0,0.0,0.0,0.0,0.0,8.0,2.0,1.0
1162,9.682339700000018,0,8.244,2.0202,1.6413,1.6746,0.1608,0.005,0.0046,0.0002,0.0379,0.0502,0.0024,0.0009,0.0116,0.0001,0.0014,0.0015,0.0001,0.0001,0.0084,0.0012,0.001,0.0001,0.0017,0.0921,0.0146,0.0001,0.0044,0.0,95.0,0.0,32.0,63.0,26.0,0.0,0.0,0.0,0.0,0.0,0.0,0.0,0.0,0.0,0.0,0.0,0.0,0.0,0.0,0.0,0.0,0.0,0.0,8.0,2.0,1.0
1163,9.690583700000017,0,8.2565,1.6762,1.4754,1.6954,0.152,0.0041,0.0039,0.0001,0.0293,0.0402,0.0029,0.0007,0.0131,0.0001,0.0015,0.0014,0.0001,0.0001,0.0086,0.0013,0.001,0.0001,0.0021,0.0835,0.017,0.0,0.0037,0.0,95.0,0.0,32.0,63.0,26.0,0.0,0.0,0.0,0.0,0.0,0.0,0.0,0.0,0.0,0.0,0.0,0.0,0.0,0.0,0.0,0.0,0.0,0.0,8.0,2.0,1.0
1164,9.698840200000017,0,8.4209,1.7786,1.5405,1.4346,0.1618,0.0043,0.0036,0.0002,0.0389,0.0494,0.0024,0.0009,0.0113,0.0001,0.0016,0.0021,0.0001,0.0001,0.0088,0.0013,0.0005,0.0002,0.0019,0.0918,0.0175,0.0,0.0049,0.0,95.0,0.0,32.0,63.0,26.0,0.0,0.0,0.0,0.0,0.0,0.0,0.0,0.0,0.0,0.0,0.0,0.0,0.0,0.0,0.0,0.0,0.0,0.0,8.0,2.0,1.0
1165,9.707261100000018,0,8.319,1.7206,1.488,1.6495,0.1591,0.0031,0.0048,0.0002,0.0286,0.0393,0.0023,0.0008,0.0127,0.0002,0.002,0.0017,0.0001,0.0006,0.009,0.0013,0.0009,0.0,0.0019,0.0882,0.017,0.0,0.0049,0.0,95.0,0.0,32.0,63.0,26.0,0.0,0.0,0.0,0.0,0.0,0.0,0.0,0.0,0.0,0.0,0.0,0.0,0.0,0.0,0.0,0.0,0.0,0.0,8.0,2.0,1.0
1166,9.715580100000018,0,8.3153,1.7349,1.5015,1.7457,0.154,0.0042,0.0062,0.0002,0.035,0.0481,0.0024,0.0008,0.0106,0.0001,0.0021,0.0014,0.0001,0.0001,0.0076,0.0013,0.0005,0.0,0.0026,0.0881,0.0134,0.0,0.0049,0.0,95.0,0.0,32.0,63.0,26.0,0.0,0.0,0.0,0.0,0.0,0.0,0.0,0.0,0.0,0.0,0.0,0.0,0.0,0.0,0.0,0.0,0.0,0.0,8.0,2.0,1.0
1167,9.723895400000018,0,8.3272,1.7727,1.5057,1.5399,0.1458,0.0038,0.0035,0.0002,0.0268,0.0368,0.0021,0.0008,0.012,0.0001,0.0019,0.0017,0.0,0.0001,0.0089,0.0014,0.0009,0.0001,0.0018,0.0791,0.016,0.0,0.0041,0.0,95.0,0.0,32.0,63.0,26.0,0.0,0.0,0.0,0.0,0.0,0.0,0.0,0.0,0.0,0.0,0.0,0.0,0.0,0.0,0.0,0.0,0.0,0.0,8.0,2.0,1.0
1168,9.732222600000018,0,8.3113,1.8818,1.5268,1.4444,0.1608,0.0042,0.0047,0.0003,0.0389,0.0506,0.0031,0.0008,0.0125,0.0003,0.0015,0.0015,0.0002,0.0001,0.0092,0.0018,0.0005,0.0001,0.002,0.0937,0.0149,0.0,0.0043,0.0,95.0,0.0,32.0,63.0,26.0,0.0,0.0,0.0,0.0,0.0,0.0,0.0,0.0,0.0,0.0,0.0,0.0,0.0,0.0,0.0,0.0,0.0,0.0,8.0,2.0,1.0
1169,9.740533900000019,0,8.3053,1.7427,1.448,1.5274,0.1465,0.0044,0.0057,0.0003,0.0237,0.0372,0.0026,0.0007,0.0114,0.0002,0.0019,0.0015,0.0,0.0005,0.0087,0.0013,0.0004,0.0001,0.002,0.0781,0.0151,0.0001,0.0047,0.0,95.0,0.0,32.0,63.0,26.0,0.0,0.0,0.0,0.0,0.0,0.0,0.0,0.0,0.0,0.0,0.0,0.0,0.0,0.0,0.0,0.0,0.0,0.0,8.0,2.0,1.0
1170,9.748839200000019,0,8.3836,1.7735,1.4993,1.5406,0.1632,0.0028,0.0039,0.0002,0.0409,0.0501,0.0029,0.001,0.0117,0.0001,0.0018,0.0017,0.0001,0.0002,0.0089,0.0013,0.0009,0.0001,0.002,0.0929,0.0165,0.0,0.0047,0.0,95.0,0.0,32.0,63.0,26.0,0.0,0.0,0.0,0.0,0.0,0.0,0.0,0.0,0.0,0.0,0.0,0.0,0.0,0.0,0.0,0.0,0.0,0.0,8.0,2.0,1.0
1171,9.757222800000019,0,8.3553,1.808,1.4901,1.6537,0.1545,0.004,0.0038,0.0002,0.03,0.0408,0.0022,0.0009,0.0111,0.0003,0.0015,0.0015,0.0002,0.0001,0.0089,0.0013,0.0006,0.0001,0.002,0.081,0.02,0.0001,0.0048,0.0,95.0,0.0,32.0,63.0,26.0,0.0,0.0,0.0,0.0,0.0,0.0,0.0,0.0,0.0,0.0,0.0,0.0,0.0,0.0,0.0,0.0,0.0,0.0,8.0,2.0,1.0
1172,9.765578100000019,0,8.3035,1.7031,1.5432,1.5058,0.1615,0.0029,0.0037,0.0002,0.04,0.0496,0.0024,0.0013,0.0118,0.0002,0.002,0.0016,0.0001,0.0001,0.0088,0.0013,0.0009,0.0001,0.0018,0.0923,0.0181,0.0001,0.0038,0.0,95.0,0.0,32.0,63.0,26.0,0.0,0.0,0.0,0.0,0.0,0.0,0.0,0.0,0.0,0.0,0.0,0.0,0.0,0.0,0.0,0.0,0.0,0.0,8.0,2.0,1.0
1173,9.773881600000019,0,8.3777,1.932,1.5027,1.4809,0.1479,0.0031,0.0036,0.0003,0.0264,0.0359,0.0029,0.0009,0.013,0.0001,0.0015,0.0017,0.0005,0.0002,0.0088,0.0018,0.0005,0.0001,0.0021,0.0798,0.0161,0.0001,0.0043,0.0,95.0,0.0,32.0,63.0,26.0,0.0,0.0,0.0,0.0,0.0,0.0,0.0,0.0,0.0,0.0,0.0,0.0,0.0,0.0,0.0,0.0,0.0,0.0,8.0,2.0,1.0
1174,9.78225930000002,0,8.4406,1.822,1.6195,1.6159,0.1781,0.0046,0.0044,0.0002,0.0469,0.0588,0.0028,0.001,0.0103,0.0007,0.002,0.0017,0.0005,0.0002,0.0092,0.002,0.0005,0.0001,0.002,0.1024,0.0158,0.0,0.0057,0.0,95.0,0.0,32.0,63.0,26.0,0.0,0.0,0.0,0.0,0.0,0.0,0.0,0.0,0.0,0.0,0.0,0.0,0.0,0.0,0.0,0.0,0.0,0.0,8.0,2.0,1.0
1175,9.79069990000002,0,8.2976,1.8313,1.6465,1.4102,0.1724,0.0048,0.0044,0.0004,0.0319,0.0449,0.0024,0.0013,0.0147,0.0001,0.0025,0.0022,0.0001,0.0001,0.0099,0.0013,0.0006,0.0001,0.0021,0.0937,0.0175,0.0001,0.0053,0.0,95.0,0.0,32.0,63.0,26.0,0.0,0.0,0.0,0.0,0.0,0.0,0.0,0.0,0.0,0.0,0.0,0.0,0.0,0.0,0.0,0.0,0.0,0.0,8.0,2.0,1.0
1176,9.79899750000002,0,8.2177,1.8057,1.5034,1.5384,0.1433,0.003,0.0033,0.0002,0.0404,0.0488,0.002,0.0007,0.0091,0.0001,0.0019,0.0016,0.0,0.0005,0.0083,0.0012,0.0005,0.0,0.002,0.0848,0.011,0.0,0.0044,0.0,95.0,0.0,32.0,63.0,26.0,0.0,0.0,0.0,0.0,0.0,0.0,0.0,0.0,0.0,0.0,0.0,0.0,0.0,0.0,0.0,0.0,0.0,0.0,8.0,2.0,1.0
1177,9.80721520000002,0,8.362,1.8622,1.5338,1.475,0.1483,0.0028,0.0039,0.0002,0.0291,0.0381,0.0023,0.0009,0.0092,0.0001,0.0016,0.0015,0.0004,0.0001,0.0091,0.0024,0.0005,0.0,0.0019,0.0792,0.0141,0.0001,0.0046,0.0,95.0,0.0,32.0,63.0,26.0,0.0,0.0,0.0,0.0,0.0,0.0,0.0,0.0,0.0,0.0,0.0,0.0,0.0,0.0,0.0,0.0,0.0,0.0,8.0,2.0,1.0
1178,9.81557720000002,0,8.3284,1.9508,1.4993,1.6343,0.1572,0.0039,0.0033,0.0002,0.0371,0.0467,0.0023,0.0014,0.0123,0.0001,0.0014,0.0015,0.0001,0.0002,0.009,0.0013,0.0008,0.0001,0.002,0.0896,0.0184,0.0001,0.0049,0.0,95.0,0.0,32.0,63.0,26.0,0.0,0.0,0.0,0.0,0.0,0.0,0.0,0.0,0.0,0.0,0.0,0.0,0.0,0.0,0.0,0.0,0.0,0.0,8.0,2.0,1.0
1179,9.82390560000002,0,8.3189,1.791,1.5304,1.4004,0.1523,0.0043,0.0041,0.0002,0.0279,0.0396,0.002,0.0009,0.0103,0.0002,0.0016,0.0024,0.0001,0.0001,0.0087,0.0015,0.0005,0.0001,0.0026,0.0813,0.0172,0.0001,0.0051,0.0,95.0,0.0,32.0,63.0,26.0,0.0,0.0,0.0,0.0,0.0,0.0,0.0,0.0,0.0,0.0,0.0,0.0,0.0,0.0,0.0,0.0,0.0,0.0,8.0,2.0,1.0
1180,9.83222450000002,0,8.3016,1.6876,1.5249,1.671,0.1721,0.0045,0.005,0.0002,0.0385,0.051,0.0024,0.001,0.0114,0.0006,0.0015,0.0021,0.0002,0.0001,0.0097,0.0014,0.0005,0.0001,0.002,0.0942,0.0143,0.0,0.0045,0.0,95.0,0.0,32.0,63.0,26.0,0.0,0.0,0.0,0.0,0.0,0.0,0.0,0.0,0.0,0.0,0.0,0.0,0.0,0.0,0.0,0.0,0.0,0.0,8.0,2.0,1.0
1181,9.84052610000002,0,8.3305,1.7133,1.456,1.8049,0.147,0.0029,0.0034,0.0002,0.0306,0.0395,0.0024,0.0015,0.0127,0.0002,0.0016,0.0022,0.0001,0.0001,0.0093,0.0013,0.0004,0.0001,0.002,0.083,0.0151,0.0,0.0043,0.0,95.0,0.0,32.0,63.0,26.0,0.0,0.0,0.0,0.0,0.0,0.0,0.0,0.0,0.0,0.0,0.0,0.0,0.0,0.0,0.0,0.0,0.0,0.0,8.0,2.0,1.0
1182,9.848856600000019,0,8.4096,1.8948,1.4825,1.4186,0.1595,0.0033,0.0039,0.0003,0.0386,0.0484,0.0027,0.0011,0.0126,0.0001,0.0017,0.0016,0.0001,0.0001,0.009,0.0013,0.0005,0.0001,0.0019,0.0921,0.0139,0.0,0.005,0.0,95.0,0.0,32.0,63.0,26.0,0.0,0.0,0.0,0.0,0.0,0.0,0.0,0.0,0.0,0.0,0.0,0.0,0.0,0.0,0.0,0.0,0.0,0.0,8.0,2.0,1.0
1183,9.85726620000002,0,8.2089,1.7109,1.4823,1.5493,0.1387,0.0027,0.0038,0.0002,0.0278,0.0363,0.0022,0.0007,0.0084,0.0004,0.0016,0.0015,0.0001,0.0002,0.0083,0.0013,0.001,0.0001,0.0019,0.075,0.0142,0.0001,0.0042,0.0,95.0,0.0,32.0,63.0,26.0,0.0,0.0,0.0,0.0,0.0,0.0,0.0,0.0,0.0,0.0,0.0,0.0,0.0,0.0,0.0,0.0,0.0,0.0,8.0,2.0,1.0
1184,9.865475100000019,0,8.4349,1.7885,1.5146,1.4483,0.1654,0.0031,0.0039,0.0003,0.044,0.0541,0.0023,0.0008,0.0111,0.0002,0.0015,0.0016,0.0006,0.0002,0.0092,0.0019,0.0005,0.0001,0.0018,0.0969,0.0136,0.0,0.0039,0.0,95.0,0.0,32.0,63.0,26.0,0.0,0.0,0.0,0.0,0.0,0.0,0.0,0.0,0.0,0.0,0.0,0.0,0.0,0.0,0.0,0.0,0.0,0.0,8.0,2.0,1.0
1185,9.873910000000018,0,8.2991,1.8197,1.4633,1.4896,0.1503,0.0045,0.0045,0.0002,0.0272,0.0386,0.0024,0.0009,0.0107,0.0002,0.0015,0.0018,0.0001,0.0001,0.0094,0.0013,0.0004,0.0,0.0022,0.08,0.0168,0.0,0.0043,0.0,95.0,0.0,32.0,63.0,26.0,0.0,0.0,0.0,0.0,0.0,0.0,0.0,0.0,0.0,0.0,0.0,0.0,0.0,0.0,0.0,0.0,0.0,0.0,8.0,2.0,1.0
1186,9.882209100000019,0,8.4436,1.801,1.5946,1.4369,0.1702,0.0051,0.0042,0.0002,0.0416,0.0536,0.0029,0.0016,0.0106,0.0002,0.0021,0.0014,0.0002,0.0001,0.0093,0.0013,0.0005,0.0001,0.0021,0.0968,0.0156,0.0,0.0044,0.0,95.0,0.0,32.0,63.0,26.0,0.0,0.0,0.0,0.0,0.0,0.0,0.0,0.0,0.0,0.0,0.0,0.0,0.0,0.0,0.0,0.0,0.0,0.0,8.0,2.0,1.0
1187,9.890652700000018,0,8.275,1.7096,1.5029,1.3963,0.1523,0.0028,0.004,0.0002,0.0305,0.0399,0.0025,0.0007,0.0126,0.0001,0.0017,0.0022,0.0001,0.0001,0.0084,0.0013,0.0005,0.0001,0.002,0.0831,0.0156,0.0,0.0044,0.0,95.0,0.0,32.0,63.0,26.0,0.0,0.0,0.0,0.0,0.0,0.0,0.0,0.0,0.0,0.0,0.0,0.0,0.0,0.0,0.0,0.0,0.0,0.0,8.0,2.0,1.0
1188,9.898927700000018,0,8.3084,1.8264,1.5637,1.5627,0.1559,0.0039,0.0053,0.0001,0.0328,0.0445,0.0022,0.001,0.0106,0.0006,0.0015,0.0018,0.0001,0.0002,0.0084,0.0013,0.0006,0.0,0.0021,0.0854,0.0188,0.0001,0.0043,0.0,95.0,0.0,32.0,63.0,26.0,0.0,0.0,0.0,0.0,0.0,0.0,0.0,0.0,0.0,0.0,0.0,0.0,0.0,0.0,0.0,0.0,0.0,0.0,8.0,2.0,1.0
1189,9.907236100000018,0,8.3634,1.821,1.506,1.4687,0.1613,0.0044,0.0038,0.0002,0.0317,0.0429,0.0033,0.0009,0.0184,0.0001,0.002,0.0024,0.0001,0.0001,0.0087,0.0018,0.0006,0.0,0.0022,0.0929,0.0152,0.0,0.0039,0.0,95.0,0.0,32.0,63.0,26.0,0.0,0.0,0.0,0.0,0.0,0.0,0.0,0.0,0.0,0.0,0.0,0.0,0.0,0.0,0.0,0.0,0.0,0.0,8.0,2.0,1.0
1190,9.915599500000019,0,8.2377,1.7826,1.5419,1.4778,0.1557,0.0029,0.0041,0.0002,0.0383,0.0478,0.0023,0.0012,0.0114,0.0001,0.0018,0.0016,0.0001,0.0001,0.0082,0.0013,0.0005,0.0001,0.0019,0.0884,0.0157,0.0,0.0037,0.0,95.0,0.0,32.0,63.0,26.0,0.0,0.0,0.0,0.0,0.0,0.0,0.0,0.0,0.0,0.0,0.0,0.0,0.0,0.0,0.0,0.0,0.0,0.0,8.0,2.0,1.0
1191,9.923837200000019,0,8.3036,1.8486,1.38,1.3944,0.1301,0.0025,0.0037,0.0002,0.0278,0.0363,0.0017,0.0008,0.0075,0.0002,0.002,0.0014,0.0,0.0005,0.0081,0.0011,0.0004,0.0001,0.0021,0.0712,0.0122,0.0,0.0047,0.0,95.0,0.0,32.0,63.0,26.0,0.0,0.0,0.0,0.0,0.0,0.0,0.0,0.0,0.0,0.0,0.0,0.0,0.0,0.0,0.0,0.0,0.0,0.0,8.0,2.0,1.0
1192,9.932140800000019,0,8.393,1.7665,1.5,1.4213,0.1655,0.0043,0.0039,0.0002,0.0391,0.0502,0.0025,0.0009,0.0127,0.0002,0.0021,0.0016,0.0001,0.0001,0.01,0.0018,0.0006,0.0,0.0022,0.0967,0.0149,0.0001,0.0042,0.0,95.0,0.0,32.0,63.0,26.0,0.0,0.0,0.0,0.0,0.0,0.0,0.0,0.0,0.0,0.0,0.0,0.0,0.0,0.0,0.0,0.0,0.0,0.0,8.0,2.0,1.0
1193,9.940533800000019,0,8.4507,1.798,1.5168,1.4932,0.1633,0.0053,0.0049,0.0002,0.0326,0.0456,0.0033,0.0008,0.0135,0.0001,0.0015,0.0019,0.0002,0.0001,0.0092,0.0013,0.0005,0.0,0.002,0.0904,0.0145,0.0,0.0043,0.0,95.0,0.0,32.0,63.0,26.0,0.0,0.0,0.0,0.0,0.0,0.0,0.0,0.0,0.0,0.0,0.0,0.0,0.0,0.0,0.0,0.0,0.0,0.0,8.0,2.0,1.0
1194,9.948984500000018,0,8.3848,1.8728,1.6494,1.554,0.1594,0.0036,0.004,0.0002,0.0373,0.0482,0.0021,0.001,0.0109,0.0002,0.0016,0.0017,0.0001,0.0001,0.0095,0.0013,0.0005,0.0001,0.002,0.0905,0.0161,0.0,0.0047,0.0,95.0,0.0,32.0,63.0,26.0,0.0,0.0,0.0,0.0,0.0,0.0,0.0,0.0,0.0,0.0,0.0,0.0,0.0,0.0,0.0,0.0,0.0,0.0,8.0,2.0,1.0
1195,9.957369300000018,0,8.1679,1.7401,1.555,1.5944,0.1534,0.0031,0.004,0.0003,0.0312,0.0411,0.0031,0.0014,0.0131,0.0002,0.0016,0.0018,0.0003,0.0001,0.009,0.0017,0.0004,0.0001,0.002,0.0847,0.0156,0.0,0.005,0.0,95.0,0.0,32.0,63.0,26.0,0.0,0.0,0.0,0.0,0.0,0.0,0.0,0.0,0.0,0.0,0.0,0.0,0.0,0.0,0.0,0.0,0.0,0.0,8.0,2.0,1.0
1196,9.965537200000018,0,8.3099,1.7798,1.4624,1.5301,0.1551,0.0048,0.0053,0.0002,0.0336,0.0465,0.0027,0.0008,0.0111,0.0002,0.0017,0.0015,0.0002,0.0001,0.0091,0.0014,0.0006,0.0001,0.0019,0.0869,0.0171,0.0,0.0041,0.0,95.0,0.0,32.0,63.0,26.0,0.0,0.0,0.0,0.0,0.0,0.0,0.0,0.0,0.0,0.0,0.0,0.0,0.0,0.0,0.0,0.0,0.0,0.0,8.0,2.0,1.0
1197,9.973847100000018,0,8.456,1.7498,1.496,1.4629,0.1558,0.0038,0.004,0.0001,0.0291,0.04,0.0024,0.0011,0.0129,0.0001,0.0018,0.0019,0.0001,0.0001,0.0093,0.0013,0.0004,0.0001,0.002,0.0843,0.0179,0.0001,0.0044,0.0,95.0,0.0,32.0,63.0,26.0,0.0,0.0,0.0,0.0,0.0,0.0,0.0,0.0,0.0,0.0,0.0,0.0,0.0,0.0,0.0,0.0,0.0,0.0,8.0,2.0,1.0
1198,9.982303100000019,0,8.3372,1.8863,1.6123,1.557,0.1605,0.0031,0.004,0.0003,0.0377,0.0474,0.0022,0.001,0.0116,0.0002,0.0017,0.0016,0.0001,0.0001,0.0091,0.0014,0.0004,0.0,0.0021,0.0904,0.0149,0.0,0.0048,0.0,95.0,0.0,32.0,63.0,26.0,0.0,0.0,0.0,0.0,0.0,0.0,0.0,0.0,0.0,0.0,0.0,0.0,0.0,0.0,0.0,0.0,0.0,0.0,8.0,2.0,1.0
1199,9.990640300000019,0,8.2608,1.9285,1.4989,1.5985,0.1417,0.0033,0.0033,0.0002,0.0293,0.0379,0.002,0.0007,0.0091,0.0007,0.0014,0.0018,0.0001,0.0001,0.009,0.0014,0.0004,0.0002,0.0017,0.0764,0.0152,0.0001,0.0044,0.0,95.0,0.0,32.0,63.0,26.0,0.0,0.0,0.0,0.0,0.0,0.0,0.0,0.0,0.0,0.0,0.0,0.0,0.0,0.0,0.0,0.0,0.0,0.0,8.0,2.0,1.0
1200,9.998901100000019,0,8.2991,1.7936,1.5205,1.5427,0.1581,0.004,0.0039,0.0002,0.0385,0.0491,0.0022,0.0009,0.0127,0.0003,0.0014,0.0022,0.0001,0.0001,0.009,0.0018,0.0005,0.0001,0.0018,0.0921,0.0144,0.0001,0.0042,0.0,95.0,0.0,32.0,63.0,26.0,0.0,0.0,0.0,0.0,0.0,0.0,0.0,0.0,0.0,0.0,0.0,0.0,0.0,0.0,0.0,0.0,0.0,0.0,8.0,2.0,1.0
1201,10.00720020000002,0,8.406,1.7089,1.5193,1.4716,0.1588,0.0044,0.0041,0.0002,0.0327,0.0441,0.0026,0.001,0.0127,0.0002,0.0016,0.0023,0.0002,0.0002,0.009,0.0012,0.0005,0.0001,0.0022,0.0879,0.0169,0.0,0.0043,0.0,95.0,0.0,32.0,63.0,26.0,0.0,0.0,0.0,0.0,0.0,0.0,0.0,0.0,0.0,0.0,0.0,0.0,0.0,0.0,0.0,0.0,0.0,0.0,8.0,2.0,1.0
1202,10.01560620000002,0,8.3113,1.7676,1.5497,1.4453,0.1554,0.0041,0.0039,0.0002,0.0359,0.0466,0.0026,0.0009,0.0122,0.0001,0.0019,0.0016,0.0001,0.0001,0.0094,0.0012,0.0005,0.0,0.002,0.0893,0.0143,0.0,0.0047,0.0,95.0,0.0,32.0,63.0,26.0,0.0,0.0,0.0,0.0,0.0,0.0,0.0,0.0,0.0,0.0,0.0,0.0,0.0,0.0,0.0,0.0,0.0,0.0,8.0,2.0,1.0
1203,10.023917500000021,0,8.4674,1.7597,1.5156,1.531,0.1414,0.0028,0.0037,0.0002,0.0267,0.0357,0.002,0.0008,0.0094,0.0001,0.0014,0.0015,0.0006,0.0001,0.0086,0.0012,0.0009,0.0001,0.0017,0.0739,0.0171,0.0001,0.0042,0.0,95.0,0.0,32.0,63.0,26.0,0.0,0.0,0.0,0.0,0.0,0.0,0.0,0.0,0.0,0.0,0.0,0.0,0.0,0.0,0.0,0.0,0.0,0.0,8.0,2.0,1.0
1204,10.032384900000022,0,8.1811,1.8081,1.6862,1.4646,0.1691,0.0034,0.0038,0.0003,0.0384,0.0485,0.0024,0.001,0.0127,0.0002,0.0016,0.0021,0.0001,0.0001,0.0087,0.0014,0.0005,0.0001,0.0025,0.0918,0.0156,0.0,0.0049,0.0,95.0,0.0,32.0,63.0,26.0,0.0,0.0,0.0,0.0,0.0,0.0,0.0,0.0,0.0,0.0,0.0,0.0,0.0,0.0,0.0,0.0,0.0,0.0,8.0,2.0,1.0
1205,10.040566000000021,0,8.2921,1.8865,1.4617,1.3378,0.1508,0.0051,0.0041,0.0002,0.0283,0.0402,0.0023,0.0009,0.0126,0.0001,0.0016,0.0019,0.0001,0.0002,0.0087,0.0012,0.0004,0.0001,0.0021,0.0832,0.0153,0.0001,0.0042,0.0,95.0,0.0,32.0,63.0,26.0,0.0,0.0,0.0,0.0,0.0,0.0,0.0,0.0,0.0,0.0,0.0,0.0,0.0,0.0,0.0,0.0,0.0,0.0,8.0,2.0,1.0
1206,10.048858100000022,0,8.3663,1.7884,1.4746,1.4434,0.1566,0.0034,0.0037,0.0002,0.0382,0.0476,0.0022,0.0007,0.0121,0.0002,0.0016,0.0018,0.0001,0.0001,0.0087,0.0022,0.0004,0.0001,0.0024,0.09,0.0155,0.0,0.0042,0.0,95.0,0.0,32.0,63.0,26.0,0.0,0.0,0.0,0.0,0.0,0.0,0.0,0.0,0.0,0.0,0.0,0.0,0.0,0.0,0.0,0.0,0.0,0.0,8.0,2.0,1.0
1207,10.057224400000022,0,8.3115,1.7885,1.5168,1.52,0.1467,0.0027,0.0037,0.0002,0.0292,0.0382,0.0022,0.0009,0.0088,0.0001,0.0022,0.0016,0.0005,0.0001,0.009,0.0017,0.0005,0.0,0.002,0.0787,0.0138,0.0001,0.0045,0.0,95.0,0.0,32.0,63.0,26.0,0.0,0.0,0.0,0.0,0.0,0.0,0.0,0.0,0.0,0.0,0.0,0.0,0.0,0.0,0.0,0.0,0.0,0.0,8.0,2.0,1.0
1208,10.065535900000022,0,8.4611,1.8327,1.5539,1.5941,0.1705,0.0032,0.0041,0.0006,0.0392,0.0498,0.0024,0.0011,0.0118,0.0002,0.0022,0.0018,0.0002,0.0002,0.0096,0.0018,0.0005,0.0001,0.0019,0.0945,0.0187,0.0,0.0045,0.0,95.0,0.0,32.0,63.0,26.0,0.0,0.0,0.0,0.0,0.0,0.0,0.0,0.0,0.0,0.0,0.0,0.0,0.0,0.0,0.0,0.0,0.0,0.0,8.0,2.0,1.0
1209,10.073997000000022,0,8.2425,1.7572,1.5148,1.5182,0.1485,0.0043,0.0041,0.0003,0.0277,0.039,0.0021,0.0008,0.0109,0.0001,0.0015,0.0021,0.0001,0.0001,0.0085,0.0016,0.0004,0.0,0.0017,0.0789,0.0164,0.0,0.0048,0.0,95.0,0.0,32.0,63.0,26.0,0.0,0.0,0.0,0.0,0.0,0.0,0.0,0.0,0.0,0.0,0.0,0.0,0.0,0.0,0.0,0.0,0.0,0.0,8.0,2.0,1.0
1210,10.082239500000021,0,8.3159,1.7564,1.5795,1.636,0.1664,0.0029,0.0042,0.0003,0.0417,0.052,0.0026,0.0009,0.0116,0.0002,0.0022,0.0015,0.0001,0.0001,0.0089,0.0018,0.0005,0.0,0.0018,0.0953,0.0175,0.0001,0.0035,0.0,95.0,0.0,32.0,63.0,26.0,0.0,0.0,0.0,0.0,0.0,0.0,0.0,0.0,0.0,0.0,0.0,0.0,0.0,0.0,0.0,0.0,0.0,0.0,8.0,2.0,1.0
1211,10.09055540000002,0,8.3133,1.8537,1.4241,1.5009,0.148,0.003,0.0039,0.0002,0.0264,0.0356,0.0024,0.0008,0.0107,0.0001,0.0016,0.0022,0.0001,0.0001,0.0086,0.0013,0.0005,0.0001,0.002,0.0756,0.0146,0.0,0.0043,0.0,95.0,0.0,32.0,63.0,26.0,0.0,0.0,0.0,0.0,0.0,0.0,0.0,0.0,0.0,0.0,0.0,0.0,0.0,0.0,0.0,0.0,0.0,0.0,8.0,2.0,1.0
1212,10.09886870000002,0,8.3048,1.7167,1.4728,1.4709,0.1441,0.0024,0.0037,0.0002,0.0354,0.0436,0.0018,0.0007,0.01,0.0001,0.0014,0.0021,0.0001,0.0002,0.0083,0.0011,0.0005,0.0,0.0017,0.081,0.0147,0.0001,0.0051,0.0,95.0,0.0,32.0,63.0,26.0,0.0,0.0,0.0,0.0,0.0,0.0,0.0,0.0,0.0,0.0,0.0,0.0,0.0,0.0,0.0,0.0,0.0,0.0,8.0,2.0,1.0
1213,10.10717350000002,0,8.4067,1.7713,1.5064,1.5657,0.147,0.003,0.0043,0.0003,0.0303,0.0402,0.0022,0.0009,0.0099,0.0002,0.0022,0.0017,0.0001,0.0001,0.0086,0.0013,0.0005,0.0001,0.002,0.0811,0.0142,0.0,0.0042,0.0,95.0,0.0,32.0,63.0,26.0,0.0,0.0,0.0,0.0,0.0,0.0,0.0,0.0,0.0,0.0,0.0,0.0,0.0,0.0,0.0,0.0,0.0,0.0,8.0,2.0,1.0
1214,10.11558020000002,0,8.31,1.9451,1.4957,1.3811,0.1542,0.0043,0.0037,0.0002,0.0379,0.0485,0.0021,0.0007,0.0105,0.0001,0.0018,0.0015,0.0001,0.0001,0.0092,0.0011,0.0005,0.0001,0.0019,0.0893,0.0142,0.0,0.0045,0.0,95.0,0.0,32.0,63.0,26.0,0.0,0.0,0.0,0.0,0.0,0.0,0.0,0.0,0.0,0.0,0.0,0.0,0.0,0.0,0.0,0.0,0.0,0.0,8.0,2.0,1.0
1215,10.12389020000002,0,8.3452,1.7722,1.5055,1.4488,0.1418,0.0027,0.0031,0.0002,0.0287,0.0373,0.0026,0.0007,0.0084,0.0001,0.0017,0.0015,0.0001,0.0002,0.009,0.0012,0.0005,0.0,0.0017,0.0757,0.0148,0.0,0.0047,0.0,95.0,0.0,32.0,63.0,26.0,0.0,0.0,0.0,0.0,0.0,0.0,0.0,0.0,0.0,0.0,0.0,0.0,0.0,0.0,0.0,0.0,0.0,0.0,8.0,2.0,1.0
1216,10.13223540000002,0,8.3159,1.7488,1.5169,1.531,0.1609,0.0044,0.005,0.0002,0.0399,0.0517,0.0021,0.0013,0.0106,0.0002,0.0022,0.0016,0.0007,0.0001,0.0084,0.0016,0.0004,0.0001,0.002,0.0935,0.0131,0.0,0.0055,0.0,95.0,0.0,32.0,63.0,26.0,0.0,0.0,0.0,0.0,0.0,0.0,0.0,0.0,0.0,0.0,0.0,0.0,0.0,0.0,0.0,0.0,0.0,0.0,8.0,2.0,1.0
1217,10.14055130000002,0,8.3214,1.8368,1.4617,1.5357,0.1472,0.0046,0.0045,0.0003,0.0281,0.04,0.0021,0.0007,0.0113,0.0002,0.0015,0.0016,0.0001,0.0001,0.0086,0.0013,0.0005,0.0001,0.0019,0.0819,0.0142,0.0001,0.0045,0.0,95.0,0.0,32.0,63.0,26.0,0.0,0.0,0.0,0.0,0.0,0.0,0.0,0.0,0.0,0.0,0.0,0.0,0.0,0.0,0.0,0.0,0.0,0.0,8.0,2.0,1.0
1218,10.14887270000002,0,8.3393,1.8705,1.5157,1.4129,0.1599,0.0029,0.0041,0.0002,0.0429,0.0526,0.0022,0.0008,0.0107,0.0001,0.0015,0.0023,0.0001,0.0001,0.0092,0.0013,0.0005,0.0001,0.0024,0.0929,0.0136,0.0001,0.0045,0.0,95.0,0.0,32.0,63.0,26.0,0.0,0.0,0.0,0.0,0.0,0.0,0.0,0.0,0.0,0.0,0.0,0.0,0.0,0.0,0.0,0.0,0.0,0.0,8.0,2.0,1.0
1219,10.157212000000019,0,8.2948,1.7419,1.4571,1.4996,0.1514,0.0046,0.0037,0.0002,0.0277,0.0392,0.0026,0.0008,0.0113,0.0002,0.0017,0.0017,0.0001,0.0001,0.0094,0.0014,0.001,0.0001,0.0022,0.0822,0.0139,0.0,0.005,0.0,95.0,0.0,32.0,63.0,26.0,0.0,0.0,0.0,0.0,0.0,0.0,0.0,0.0,0.0,0.0,0.0,0.0,0.0,0.0,0.0,0.0,0.0,0.0,8.0,2.0,1.0
1220,10.165506800000019,0,8.3857,1.7512,1.4927,1.5646,0.1606,0.004,0.0039,0.0002,0.0428,0.0533,0.0022,0.0007,0.0111,0.0001,0.0014,0.0015,0.0001,0.0001,0.0091,0.0016,0.0005,0.0,0.0018,0.0944,0.0172,0.0,0.004,0.0,95.0,0.0,32.0,63.0,26.0,0.0,0.0,0.0,0.0,0.0,0.0,0.0,0.0,0.0,0.0,0.0,0.0,0.0,0.0,0.0,0.0,0.0,0.0,8.0,2.0,1.0
1221,10.173892500000019,0,8.3502,1.7529,1.4879,1.5278,0.1541,0.0024,0.0042,0.0002,0.0295,0.0391,0.0023,0.0011,0.0126,0.0001,0.0016,0.0021,0.0001,0.0001,0.0087,0.0012,0.0005,0.0,0.002,0.0832,0.0189,0.0001,0.0052,0.0,95.0,0.0,32.0,63.0,26.0,0.0,0.0,0.0,0.0,0.0,0.0,0.0,0.0,0.0,0.0,0.0,0.0,0.0,0.0,0.0,0.0,0.0,0.0,8.0,2.0,1.0
1222,10.18224270000002,0,8.4734,1.8292,1.6085,1.484,0.172,0.0029,0.0049,0.0002,0.0398,0.051,0.0021,0.0009,0.0105,0.0001,0.0018,0.002,0.0001,0.0001,0.0094,0.0012,0.0004,0.0001,0.002,0.0939,0.0165,0.0,0.0043,0.0,95.0,0.0,32.0,63.0,26.0,0.0,0.0,0.0,0.0,0.0,0.0,0.0,0.0,0.0,0.0,0.0,0.0,0.0,0.0,0.0,0.0,0.0,0.0,8.0,2.0,1.0
1223,10.190716100000019,0,8.1754,1.6573,1.5833,1.4845,0.1391,0.0038,0.0039,0.0002,0.0313,0.0415,0.0021,0.0011,0.0075,0.0002,0.0013,0.0018,0.0002,0.0001,0.0085,0.0011,0.0007,0.0001,0.0018,0.0777,0.0127,0.0001,0.0048,0.0,95.0,0.0,32.0,63.0,28.0,0.0,0.0,0.0,0.0,0.0,0.0,0.0,0.0,0.0,0.0,0.0,0.0,0.0,0.0,0.0,0.0,0.0,0.0,8.0,2.0,1.0
1224,10.19889150000002,0,8.31,1.7398,1.492,1.4998,0.1551,0.0039,0.0039,0.0002,0.0398,0.0503,0.0024,0.0009,0.0103,0.0002,0.0014,0.0021,0.0001,0.0001,0.0087,0.0013,0.0006,0.0,0.0019,0.0908,0.0125,0.0001,0.0047,0.0,95.0,0.0,32.0,63.0,28.0,0.0,0.0,0.0,0.0,0.0,0.0,0.0,0.0,0.0,0.0,0.0,0.0,0.0,0.0,0.0,0.0,0.0,0.0,8.0,2.0,1.0
1225,10.20720150000002,0,8.4641,1.6463,1.5439,1.378,0.1582,0.0035,0.0041,0.0003,0.0283,0.0386,0.0021,0.0009,0.0124,0.0001,0.0016,0.0024,0.0002,0.0002,0.0092,0.0012,0.0005,0.0001,0.0019,0.0858,0.017,0.0,0.0043,0.0,95.0,0.0,32.0,63.0,28.0,0.0,0.0,0.0,0.0,0.0,0.0,0.0,0.0,0.0,0.0,0.0,0.0,0.0,0.0,0.0,0.0,0.0,0.0,8.0,2.0,1.0
1226,10.215665600000019,0,8.2686,1.8469,1.6105,1.6515,0.1754,0.0044,0.0043,0.0002,0.045,0.0565,0.0025,0.0008,0.0111,0.0001,0.0017,0.0023,0.0,0.0001,0.009,0.0012,0.0005,0.0001,0.002,0.0996,0.0187,0.0,0.0043,0.0,95.0,0.0,32.0,63.0,28.0,0.0,0.0,0.0,0.0,0.0,0.0,0.0,0.0,0.0,0.0,0.0,0.0,0.0,0.0,0.0,0.0,0.0,0.0,8.0,2.0,1.0
1227,10.223934200000018,0,8.4283,1.7886,1.5624,1.3273,0.1813,0.0051,0.0044,0.0003,0.0339,0.0464,0.0033,0.0011,0.016,0.0001,0.0018,0.0028,0.0002,0.0002,0.0119,0.0016,0.0005,0.0,0.0026,0.1007,0.0187,0.0001,0.0049,0.0,95.0,0.0,32.0,63.0,28.0,0.0,0.0,0.0,0.0,0.0,0.0,0.0,0.0,0.0,0.0,0.0,0.0,0.0,0.0,0.0,0.0,0.0,0.0,8.0,2.0,1.0
1228,10.232362500000018,0,8.3839,1.7822,1.6738,1.6251,0.1818,0.0039,0.0044,0.0003,0.044,0.055,0.0025,0.0012,0.012,0.0002,0.002,0.002,0.0001,0.0006,0.0099,0.0016,0.0006,0.0001,0.002,0.1007,0.0178,0.0,0.0048,0.0,95.0,0.0,32.0,63.0,28.0,0.0,0.0,0.0,0.0,0.0,0.0,0.0,0.0,0.0,0.0,0.0,0.0,0.0,0.0,0.0,0.0,0.0,0.0,8.0,2.0,1.0
1229,10.240746400000019,0,8.1818,1.8589,1.5833,1.5044,0.1626,0.003,0.0038,0.0003,0.028,0.0373,0.0024,0.0008,0.0113,0.0001,0.0016,0.0016,0.0001,0.0001,0.0092,0.0014,0.0005,0.0001,0.0021,0.0798,0.0263,0.0,0.0047,0.0,95.0,0.0,32.0,63.0,28.0,0.0,0.0,0.0,0.0,0.0,0.0,0.0,0.0,0.0,0.0,0.0,0.0,0.0,0.0,0.0,0.0,0.0,0.0,8.0,2.0,1.0
1230,10.248928200000018,0,8.3655,1.9657,1.5166,1.5334,0.1575,0.0027,0.0038,0.0002,0.0374,0.0463,0.0022,0.001,0.012,0.0001,0.002,0.0016,0.0001,0.0001,0.0099,0.0012,0.0005,0.0001,0.002,0.0912,0.0147,0.0,0.0053,0.0,95.0,0.0,32.0,63.0,28.0,0.0,0.0,0.0,0.0,0.0,0.0,0.0,0.0,0.0,0.0,0.0,0.0,0.0,0.0,0.0,0.0,0.0,0.0,8.0,2.0,1.0
1231,10.257293700000018,0,8.3835,1.8053,1.6141,1.3583,0.1522,0.0043,0.0059,0.0003,0.026,0.0389,0.0021,0.0009,0.0098,0.0001,0.0016,0.0019,0.0001,0.0001,0.0089,0.0011,0.0005,0.0001,0.0019,0.0788,0.0167,0.0001,0.0056,0.0,95.0,0.0,32.0,63.0,28.0,0.0,0.0,0.0,0.0,0.0,0.0,0.0,0.0,0.0,0.0,0.0,0.0,0.0,0.0,0.0,0.0,0.0,0.0,8.0,2.0,1.0
1232,10.265677200000018,0,8.3932,1.8152,1.632,1.6372,0.1733,0.0042,0.004,0.0002,0.0415,0.0522,0.0025,0.0009,0.012,0.0001,0.0016,0.0023,0.0001,0.0002,0.0088,0.0012,0.0005,0.0,0.0021,0.096,0.0171,0.0,0.0044,0.0,95.0,0.0,32.0,63.0,28.0,0.0,0.0,0.0,0.0,0.0,0.0,0.0,0.0,0.0,0.0,0.0,0.0,0.0,0.0,0.0,0.0,0.0,0.0,8.0,2.0,1.0
1233,10.274070400000019,0,8.1257,1.7679,1.6345,1.434,0.1593,0.004,0.0045,0.0002,0.0316,0.0431,0.0032,0.0008,0.0128,0.0001,0.0015,0.0023,0.0001,0.0002,0.0091,0.0019,0.0005,0.0,0.002,0.0877,0.0164,0.0001,0.0054,0.0,95.0,0.0,32.0,63.0,28.0,0.0,0.0,0.0,0.0,0.0,0.0,0.0,0.0,0.0,0.0,0.0,0.0,0.0,0.0,0.0,0.0,0.0,0.0,8.0,2.0,1.0
1234,10.28219610000002,0,8.3936,1.861,1.4478,1.5398,0.1598,0.0035,0.0039,0.0003,0.0381,0.0485,0.0025,0.001,0.0116,0.0001,0.0017,0.0015,0.0001,0.0001,0.0095,0.0011,0.0004,0.0001,0.0019,0.0895,0.0132,0.0,0.0045,0.0,95.0,0.0,32.0,63.0,28.0,0.0,0.0,0.0,0.0,0.0,0.0,0.0,0.0,0.0,0.0,0.0,0.0,0.0,0.0,0.0,0.0,0.0,0.0,8.0,2.0,1.0
1235,10.29058970000002,0,8.4048,1.795,1.5338,1.5887,0.1556,0.0034,0.0041,0.0003,0.0332,0.0433,0.002,0.0009,0.01,0.0002,0.0017,0.0022,0.0,0.0001,0.009,0.0012,0.0005,0.0002,0.002,0.0837,0.0187,0.0001,0.0045,0.0,95.0,0.0,32.0,63.0,28.0,0.0,0.0,0.0,0.0,0.0,0.0,0.0,0.0,0.0,0.0,0.0,0.0,0.0,0.0,0.0,0.0,0.0,0.0,8.0,2.0,1.0
1236,10.298994500000019,0,8.3209,1.9273,1.5826,1.5503,0.1825,0.0052,0.0045,0.0002,0.0577,0.0704,0.0025,0.0011,0.0132,0.0002,0.0016,0.0017,0.0001,0.0001,0.0102,0.0012,0.0004,0.0001,0.0018,0.1146,0.0147,0.0001,0.0042,0.0,95.0,0.0,32.0,63.0,28.0,0.0,0.0,0.0,0.0,0.0,0.0,0.0,0.0,0.0,0.0,0.0,0.0,0.0,0.0,0.0,0.0,0.0,0.0,8.0,2.0,1.0
1237,10.307315400000018,0,8.6475,1.9583,2.0327,1.4741,0.1766,0.0031,0.0041,0.0002,0.0314,0.0416,0.0026,0.0009,0.0131,0.0001,0.0018,0.0018,0.0002,0.0001,0.0095,0.0019,0.0007,0.0002,0.0022,0.0895,0.022,0.0,0.0075,0.0,95.0,0.0,32.0,63.0,28.0,0.0,0.0,0.0,0.0,0.0,0.0,0.0,0.0,0.0,0.0,0.0,0.0,0.0,0.0,0.0,0.0,0.0,0.0,8.0,2.0,1.0
1238,10.315962900000018,0,8.0737,2.076,1.5401,1.5272,0.1737,0.0034,0.0047,0.0002,0.0416,0.053,0.0029,0.001,0.0111,0.0002,0.0016,0.0022,0.0001,0.0001,0.0091,0.0014,0.0005,0.0001,0.0022,0.0955,0.0215,0.0,0.0051,0.0,95.0,0.0,32.0,63.0,28.0,0.0,0.0,0.0,0.0,0.0,0.0,0.0,0.0,0.0,0.0,0.0,0.0,0.0,0.0,0.0,0.0,0.0,0.0,8.0,2.0,1.0
1239,10.324036600000019,0,8.2507,1.7642,1.5762,1.4301,0.1529,0.0038,0.0036,0.0002,0.0307,0.0409,0.0023,0.001,0.0124,0.0001,0.0014,0.0018,0.0001,0.0001,0.0089,0.0016,0.0005,0.0001,0.002,0.0841,0.0163,0.0001,0.0057,0.0,95.0,0.0,32.0,63.0,28.0,0.0,0.0,0.0,0.0,0.0,0.0,0.0,0.0,0.0,0.0,0.0,0.0,0.0,0.0,0.0,0.0,0.0,0.0,8.0,2.0,1.0
1240,10.332287300000019,0,8.4507,2.1879,1.6528,1.4744,0.1831,0.0017,0.005,0.0002,0.042,0.0521,0.0025,0.0015,0.0124,0.0002,0.0018,0.0022,0.0001,0.0002,0.0101,0.0014,0.0005,0.0001,0.0022,0.0996,0.018,0.0,0.0045,0.0,95.0,0.0,32.0,63.0,28.0,0.0,0.0,0.0,0.0,0.0,0.0,0.0,0.0,0.0,0.0,0.0,0.0,0.0,0.0,0.0,0.0,0.0,0.0,8.0,2.0,1.0
1241,10.340738000000018,0,8.3345,1.8495,1.6609,1.5329,0.1531,0.003,0.0041,0.0002,0.0264,0.0373,0.0026,0.0009,0.0116,0.0002,0.0019,0.0017,0.0001,0.0001,0.0093,0.0011,0.0005,0.0001,0.0018,0.0792,0.0175,0.0001,0.0044,0.0,95.0,0.0,32.0,63.0,28.0,0.0,0.0,0.0,0.0,0.0,0.0,0.0,0.0,0.0,0.0,0.0,0.0,0.0,0.0,0.0,0.0,0.0,0.0,8.0,2.0,1.0
1242,10.349072500000018,0,8.2894,1.863,1.6198,1.7769,0.154,0.0028,0.004,0.0001,0.0373,0.0465,0.002,0.0011,0.0097,0.0003,0.0014,0.0022,0.0001,0.0001,0.0088,0.0016,0.0005,0.0001,0.0018,0.0848,0.0148,0.0,0.0044,0.0,95.0,0.0,32.0,63.0,28.0,0.0,0.0,0.0,0.0,0.0,0.0,0.0,0.0,0.0,0.0,0.0,0.0,0.0,0.0,0.0,0.0,0.0,0.0,8.0,2.0,1.0
1243,10.357361900000019,0,8.3113,1.8671,1.6488,1.5565,0.162,0.0027,0.0038,0.0002,0.0354,0.0449,0.0027,0.0009,0.0129,0.0001,0.002,0.0017,0.0001,0.0001,0.0098,0.0019,0.0005,0.0,0.0021,0.0903,0.016,0.0,0.0047,0.0,95.0,0.0,32.0,63.0,28.0,0.0,0.0,0.0,0.0,0.0,0.0,0.0,0.0,0.0,0.0,0.0,0.0,0.0,0.0,0.0,0.0,0.0,0.0,8.0,2.0,1.0
1244,10.36567320000002,0,8.2672,1.9202,1.619,1.4491,0.1652,0.0037,0.004,0.0002,0.0405,0.051,0.0027,0.0008,0.0115,0.0001,0.0021,0.0016,0.0002,0.0002,0.0099,0.0018,0.0005,0.0001,0.0021,0.096,0.0146,0.0,0.0049,0.0,95.0,0.0,32.0,63.0,28.0,0.0,0.0,0.0,0.0,0.0,0.0,0.0,0.0,0.0,0.0,0.0,0.0,0.0,0.0,0.0,0.0,0.0,0.0,8.0,2.0,1.0
1245,10.37394040000002,0,8.3206,1.7588,1.4237,1.5075,0.1464,0.0038,0.0034,0.0002,0.0285,0.0384,0.0023,0.0012,0.011,0.0002,0.0016,0.002,0.0001,0.0002,0.0093,0.0018,0.0005,0.0,0.002,0.0808,0.0145,0.0001,0.0046,0.0,95.0,0.0,32.0,63.0,28.0,0.0,0.0,0.0,0.0,0.0,0.0,0.0,0.0,0.0,0.0,0.0,0.0,0.0,0.0,0.0,0.0,0.0,0.0,8.0,2.0,1.0
1246,10.38226100000002,0,8.4593,1.7722,1.679,1.3748,0.1746,0.0046,0.0054,0.0002,0.0392,0.0524,0.0026,0.0017,0.0142,0.0001,0.0024,0.0017,0.0001,0.0002,0.0091,0.0011,0.0007,0.0001,0.0019,0.0983,0.0166,0.0001,0.0052,0.0,95.0,0.0,32.0,63.0,28.0,0.0,0.0,0.0,0.0,0.0,0.0,0.0,0.0,0.0,0.0,0.0,0.0,0.0,0.0,0.0,0.0,0.0,0.0,8.0,2.0,1.0
1247,10.39072030000002,0,8.09,1.7844,1.5025,1.5251,0.1566,0.0047,0.0046,0.0002,0.0311,0.0432,0.0025,0.0006,0.0133,0.0001,0.0016,0.0021,0.0001,0.0001,0.0097,0.0013,0.0005,0.0001,0.002,0.0874,0.0159,0.0,0.0041,0.0,95.0,0.0,32.0,63.0,28.0,0.0,0.0,0.0,0.0,0.0,0.0,0.0,0.0,0.0,0.0,0.0,0.0,0.0,0.0,0.0,0.0,0.0,0.0,8.0,2.0,1.0
1248,10.398810300000019,0,8.441,1.6707,1.4295,1.413,0.1582,0.0027,0.004,0.0002,0.0406,0.0494,0.0025,0.0008,0.011,0.0001,0.0016,0.0017,0.0002,0.0001,0.0091,0.0013,0.0005,0.0001,0.002,0.0905,0.0182,0.0001,0.0052,0.0,95.0,0.0,32.0,63.0,28.0,0.0,0.0,0.0,0.0,0.0,0.0,0.0,0.0,0.0,0.0,0.0,0.0,0.0,0.0,0.0,0.0,0.0,0.0,8.0,2.0,1.0
1249,10.407251300000018,0,8.2827,1.7057,1.5037,1.5063,0.152,0.0029,0.0039,0.0002,0.0307,0.0403,0.0024,0.0009,0.0109,0.0002,0.0016,0.0021,0.0001,0.0001,0.0093,0.0013,0.0005,0.0,0.002,0.0819,0.0186,0.0001,0.0042,0.0,95.0,0.0,32.0,63.0,28.0,0.0,0.0,0.0,0.0,0.0,0.0,0.0,0.0,0.0,0.0,0.0,0.0,0.0,0.0,0.0,0.0,0.0,0.0,8.0,2.0,1.0
1250,10.415534000000019,0,8.3184,1.6846,1.487,1.5176,0.1601,0.005,0.0047,0.0002,0.0356,0.0479,0.0023,0.0009,0.0108,0.0002,0.0016,0.0016,0.0001,0.0001,0.009,0.0018,0.0005,0.0,0.0022,0.0899,0.0179,0.0,0.0041,0.0,95.0,0.0,32.0,63.0,28.0,0.0,0.0,0.0,0.0,0.0,0.0,0.0,0.0,0.0,0.0,0.0,0.0,0.0,0.0,0.0,0.0,0.0,0.0,8.0,2.0,1.0
1251,10.423852400000019,0,8.3719,1.6679,1.4557,1.376,0.1425,0.0037,0.0033,0.0001,0.0257,0.0355,0.002,0.0009,0.0111,0.0001,0.0017,0.0019,0.0001,0.0002,0.0099,0.0013,0.0004,0.0001,0.0021,0.0775,0.016,0.0,0.0054,0.0,95.0,0.0,32.0,63.0,28.0,0.0,0.0,0.0,0.0,0.0,0.0,0.0,0.0,0.0,0.0,0.0,0.0,0.0,0.0,0.0,0.0,0.0,0.0,8.0,2.0,1.0
1252,10.43222430000002,0,8.3297,1.68,1.4899,1.2675,0.1696,0.0026,0.004,0.0002,0.0408,0.0503,0.0025,0.0015,0.0125,0.0002,0.002,0.0015,0.0001,0.0001,0.0088,0.0014,0.001,0.0,0.0022,0.0949,0.0151,0.0,0.0053,0.0,95.0,0.0,32.0,63.0,30.0,0.0,0.0,0.0,0.0,0.0,0.0,0.0,0.0,0.0,0.0,0.0,0.0,0.0,0.0,0.0,0.0,0.0,0.0,8.0,2.0,1.0
1253,10.44055400000002,0,8.3634,1.5899,1.4955,1.3177,0.1459,0.0026,0.0034,0.0002,0.0296,0.0378,0.0022,0.0009,0.0113,0.0002,0.0017,0.002,0.0002,0.0001,0.0096,0.0013,0.0005,0.0,0.0022,0.0808,0.0164,0.0,0.0053,0.0,95.0,0.0,32.0,63.0,30.0,0.0,0.0,0.0,0.0,0.0,0.0,0.0,0.0,0.0,0.0,0.0,0.0,0.0,0.0,0.0,0.0,0.0,0.0,8.0,2.0,1.0
1254,10.44891740000002,0,8.2779,1.8684,1.4555,1.4939,0.1439,0.0022,0.0034,0.0002,0.0365,0.0445,0.0019,0.0007,0.0101,0.0001,0.0018,0.0013,0.0,0.0001,0.0087,0.0011,0.0005,0.0,0.0018,0.0816,0.0164,0.0001,0.0048,0.0,95.0,0.0,32.0,63.0,30.0,0.0,0.0,0.0,0.0,0.0,0.0,0.0,0.0,0.0,0.0,0.0,0.0,0.0,0.0,0.0,0.0,0.0,0.0,8.0,2.0,1.0
1255,10.45719530000002,0,8.3281,1.6525,1.484,1.509,0.141,0.0033,0.0032,0.0002,0.03,0.039,0.0026,0.0009,0.0112,0.0002,0.0015,0.0018,0.0,0.0001,0.0083,0.0018,0.0005,0.0,0.0021,0.0793,0.0151,0.0,0.0055,0.0,95.0,0.0,32.0,63.0,30.0,0.0,0.0,0.0,0.0,0.0,0.0,0.0,0.0,0.0,0.0,0.0,0.0,0.0,0.0,0.0,0.0,0.0,0.0,8.0,2.0,1.0
1256,10.46552340000002,0,8.2767,1.5551,1.4238,1.4214,0.1569,0.0045,0.0038,0.0002,0.0388,0.0496,0.0023,0.0009,0.0113,0.0002,0.0015,0.0021,0.0001,0.0001,0.0092,0.0013,0.0005,0.0,0.0021,0.0917,0.0156,0.0001,0.0046,0.0,95.0,0.0,32.0,63.0,30.0,0.0,0.0,0.0,0.0,0.0,0.0,0.0,0.0,0.0,0.0,0.0,0.0,0.0,0.0,0.0,0.0,0.0,0.0,8.0,2.0,1.0
1257,10.47380010000002,0,8.3913,1.6628,1.3785,1.5399,0.1419,0.0032,0.0032,0.0002,0.0288,0.0381,0.002,0.0014,0.012,0.0004,0.0017,0.002,0.0001,0.0001,0.0086,0.0017,0.0005,0.0,0.002,0.0803,0.0142,0.0001,0.0053,0.0,95.0,0.0,32.0,63.0,30.0,0.0,0.0,0.0,0.0,0.0,0.0,0.0,0.0,0.0,0.0,0.0,0.0,0.0,0.0,0.0,0.0,0.0,0.0,8.0,2.0,1.0
1258,10.48219140000002,0,8.3399,1.6639,1.4841,1.4663,0.1763,0.0044,0.0043,0.0006,0.0436,0.0555,0.0026,0.0009,0.0126,0.0002,0.0016,0.0015,0.0001,0.0001,0.0087,0.0013,0.0007,0.0,0.002,0.103,0.0187,0.0,0.0046,0.0,95.0,0.0,32.0,63.0,28.0,0.0,0.0,0.0,0.0,0.0,0.0,0.0,0.0,0.0,0.0,0.0,0.0,0.0,0.0,0.0,0.0,0.0,0.0,8.0,2.0,1.0
1259,10.490531300000018,0,8.3214,1.7376,1.4188,1.4134,0.1452,0.0029,0.0041,0.0002,0.029,0.0384,0.0025,0.0008,0.0115,0.0001,0.0021,0.0015,0.0001,0.0001,0.0084,0.0014,0.0005,0.0001,0.0022,0.0799,0.0138,0.0,0.0039,0.0,95.0,0.0,32.0,63.0,28.0,0.0,0.0,0.0,0.0,0.0,0.0,0.0,0.0,0.0,0.0,0.0,0.0,0.0,0.0,0.0,0.0,0.0,0.0,8.0,2.0,1.0
1260,10.498852700000018,0,8.3337,1.7406,1.4394,1.5557,0.1493,0.0026,0.0032,0.0001,0.0345,0.043,0.002,0.0009,0.0093,0.0002,0.0021,0.0015,0.0001,0.0005,0.0089,0.0014,0.001,0.0,0.0021,0.0836,0.0172,0.0,0.0043,0.0,95.0,0.0,32.0,63.0,28.0,0.0,0.0,0.0,0.0,0.0,0.0,0.0,0.0,0.0,0.0,0.0,0.0,0.0,0.0,0.0,0.0,0.0,0.0,8.0,2.0,1.0
1261,10.507186400000018,0,8.3493,1.6594,1.4641,1.4133,0.1509,0.0045,0.0042,0.0002,0.0322,0.0441,0.0024,0.0014,0.0108,0.0002,0.0022,0.0016,0.0001,0.0001,0.0086,0.0012,0.0005,0.0,0.002,0.0839,0.0124,0.0,0.0046,0.0,95.0,0.0,32.0,63.0,28.0,0.0,0.0,0.0,0.0,0.0,0.0,0.0,0.0,0.0,0.0,0.0,0.0,0.0,0.0,0.0,0.0,0.0,0.0,8.0,2.0,1.0
1262,10.515535700000019,0,8.3192,1.8139,1.4612,1.4242,0.1608,0.0029,0.0037,0.0002,0.0421,0.0511,0.003,0.001,0.0121,0.0002,0.0016,0.0015,0.0006,0.0001,0.0084,0.0013,0.0005,0.0,0.0021,0.0933,0.0164,0.0001,0.0066,0.0,95.0,0.0,32.0,63.0,28.0,0.0,0.0,0.0,0.0,0.0,0.0,0.0,0.0,0.0,0.0,0.0,0.0,0.0,0.0,0.0,0.0,0.0,0.0,8.0,2.0,1.0
1263,10.52385490000002,0,8.4607,1.6563,1.5385,1.2552,0.1576,0.0029,0.0039,0.0001,0.03,0.0394,0.0022,0.0015,0.0123,0.0003,0.0017,0.0017,0.0001,0.0001,0.009,0.0018,0.0005,0.0,0.0026,0.0838,0.0185,0.0,0.005,0.0,95.0,0.0,32.0,63.0,28.0,0.0,0.0,0.0,0.0,0.0,0.0,0.0,0.0,0.0,0.0,0.0,0.0,0.0,0.0,0.0,0.0,0.0,0.0,8.0,2.0,1.0
1264,10.53231560000002,0,8.1959,1.7469,1.487,1.6049,0.1584,0.0041,0.0037,0.0002,0.0392,0.0496,0.0023,0.001,0.0124,0.0002,0.0016,0.0016,0.0,0.0001,0.0091,0.0013,0.0005,0.0,0.0024,0.0932,0.0133,0.0,0.0049,0.0,95.0,0.0,32.0,63.0,28.0,0.0,0.0,0.0,0.0,0.0,0.0,0.0,0.0,0.0,0.0,0.0,0.0,0.0,0.0,0.0,0.0,0.0,0.0,8.0,2.0,1.0
1265,10.54051150000002,0,8.419,1.6072,1.4556,1.4788,0.1552,0.0032,0.0046,0.0002,0.0332,0.0434,0.0023,0.0008,0.0117,0.0002,0.0018,0.0017,0.0,0.0001,0.0089,0.0012,0.0005,0.0001,0.002,0.0852,0.015,0.0,0.0045,0.0,95.0,0.0,32.0,63.0,28.0,0.0,0.0,0.0,0.0,0.0,0.0,0.0,0.0,0.0,0.0,0.0,0.0,0.0,0.0,0.0,0.0,0.0,0.0,8.0,2.0,1.0
1266,10.54893050000002,0,8.3026,1.7956,1.5241,1.3389,0.1589,0.0043,0.0045,0.0002,0.0358,0.0472,0.0028,0.0008,0.012,0.0002,0.0021,0.0014,0.0001,0.0002,0.0086,0.0012,0.0005,0.0001,0.002,0.089,0.0159,0.0,0.0048,0.0,95.0,0.0,32.0,63.0,28.0,0.0,0.0,0.0,0.0,0.0,0.0,0.0,0.0,0.0,0.0,0.0,0.0,0.0,0.0,0.0,0.0,0.0,0.0,8.0,2.0,1.0
1267,10.55723310000002,0,8.2239,1.7334,1.4326,1.5883,0.1465,0.0033,0.0041,0.0002,0.0307,0.0412,0.0027,0.0009,0.0111,0.0002,0.0019,0.0016,0.0,0.0001,0.0079,0.0012,0.0004,0.0001,0.0019,0.0808,0.0153,0.0,0.0046,0.0,95.0,0.0,32.0,63.0,28.0,0.0,0.0,0.0,0.0,0.0,0.0,0.0,0.0,0.0,0.0,0.0,0.0,0.0,0.0,0.0,0.0,0.0,0.0,8.0,2.0,1.0
1268,10.565457000000022,0,8.4019,1.6118,1.4075,1.3925,0.1488,0.0037,0.004,0.0002,0.0363,0.0469,0.0022,0.0008,0.0108,0.0003,0.0015,0.0014,0.0001,0.0001,0.0077,0.0012,0.0004,0.0001,0.0021,0.0862,0.0148,0.0,0.0048,0.0,95.0,0.0,32.0,63.0,28.0,0.0,0.0,0.0,0.0,0.0,0.0,0.0,0.0,0.0,0.0,0.0,0.0,0.0,0.0,0.0,0.0,0.0,0.0,8.0,2.0,1.0
1269,10.573858900000022,0,8.3339,1.7484,1.4603,1.5597,0.1381,0.0027,0.0035,0.0002,0.0246,0.0331,0.0018,0.0006,0.0078,0.0002,0.0015,0.002,0.0001,0.0001,0.0082,0.0011,0.0006,0.0001,0.0017,0.0696,0.0195,0.0001,0.0044,0.0,95.0,0.0,32.0,63.0,28.0,0.0,0.0,0.0,0.0,0.0,0.0,0.0,0.0,0.0,0.0,0.0,0.0,0.0,0.0,0.0,0.0,0.0,0.0,8.0,2.0,1.0
1270,10.582192800000023,0,8.3643,1.6846,1.5025,1.2954,0.1548,0.0029,0.0038,0.0004,0.0325,0.0422,0.002,0.0014,0.0112,0.0001,0.0018,0.0014,0.0001,0.0005,0.0084,0.0011,0.0003,0.0001,0.002,0.0811,0.0127,0.0,0.0049,0.0,95.0,0.0,32.0,63.0,28.0,0.0,0.0,0.0,0.0,0.0,0.0,0.0,0.0,0.0,0.0,0.0,0.0,0.0,0.0,0.0,0.0,0.0,0.0,8.0,2.0,1.0
1271,10.590557100000023,0,8.2647,1.6832,1.4116,1.4474,0.1476,0.0031,0.0036,0.0002,0.0299,0.0387,0.0022,0.0013,0.0123,0.0001,0.0015,0.0019,0.0001,0.0001,0.0079,0.0017,0.0005,0.0001,0.002,0.0813,0.0152,0.0001,0.0046,0.0,95.0,0.0,32.0,63.0,28.0,0.0,0.0,0.0,0.0,0.0,0.0,0.0,0.0,0.0,0.0,0.0,0.0,0.0,0.0,0.0,0.0,0.0,0.0,8.0,2.0,1.0
1272,10.598821800000023,0,8.3536,1.7029,1.4342,1.4197,0.1495,0.0025,0.0032,0.0002,0.0376,0.0458,0.002,0.0009,0.0119,0.0001,0.0016,0.002,0.0001,0.0001,0.0084,0.0017,0.0005,0.0002,0.002,0.0872,0.0144,0.0001,0.0046,0.0,95.0,0.0,32.0,63.0,28.0,0.0,0.0,0.0,0.0,0.0,0.0,0.0,0.0,0.0,0.0,0.0,0.0,0.0,0.0,0.0,0.0,0.0,0.0,8.0,2.0,1.0
1273,10.607175400000022,0,8.3834,1.7418,1.4694,1.6186,0.1444,0.003,0.0039,0.0002,0.0294,0.0388,0.0029,0.0008,0.009,0.0005,0.0016,0.0018,0.0001,0.0001,0.0077,0.0013,0.0005,0.0001,0.0019,0.078,0.0148,0.0,0.0047,0.0,95.0,0.0,32.0,63.0,28.0,0.0,0.0,0.0,0.0,0.0,0.0,0.0,0.0,0.0,0.0,0.0,0.0,0.0,0.0,0.0,0.0,0.0,0.0,8.0,2.0,1.0
1274,10.615558800000022,0,8.2633,1.7484,1.4628,1.4777,0.1471,0.0027,0.0029,0.0001,0.0377,0.0456,0.0022,0.0008,0.0118,0.0006,0.0014,0.0013,0.0,0.0001,0.0076,0.0013,0.0005,0.0,0.0023,0.0847,0.0167,0.0,0.0052,0.0,95.0,0.0,32.0,63.0,28.0,0.0,0.0,0.0,0.0,0.0,0.0,0.0,0.0,0.0,0.0,0.0,0.0,0.0,0.0,0.0,0.0,0.0,0.0,8.0,2.0,1.0
1275,10.623822100000021,0,8.2932,1.7129,1.3132,1.3395,0.1373,0.0024,0.003,0.0002,0.0315,0.039,0.0019,0.0007,0.0104,0.0002,0.0018,0.0014,0.0001,0.0001,0.0076,0.0013,0.0004,0.0001,0.0018,0.0766,0.0148,0.0,0.0038,0.0,95.0,0.0,32.0,63.0,28.0,0.0,0.0,0.0,0.0,0.0,0.0,0.0,0.0,0.0,0.0,0.0,0.0,0.0,0.0,0.0,0.0,0.0,0.0,8.0,2.0,1.0
1276,10.632115300000022,0,8.3874,1.6468,1.4417,1.3828,0.1667,0.0041,0.0038,0.0002,0.0458,0.0569,0.0024,0.0008,0.0116,0.0001,0.0019,0.0016,0.0001,0.0001,0.0077,0.0013,0.0005,0.0,0.0026,0.0987,0.017,0.0,0.0056,0.0,95.0,0.0,32.0,63.0,28.0,0.0,0.0,0.0,0.0,0.0,0.0,0.0,0.0,0.0,0.0,0.0,0.0,0.0,0.0,0.0,0.0,0.0,0.0,8.0,2.0,1.0
1277,10.640502700000022,0,8.32,1.6563,1.4099,1.3766,0.1426,0.0029,0.0035,0.0002,0.0292,0.0381,0.0022,0.0007,0.0087,0.0002,0.002,0.0014,0.0001,0.0002,0.0087,0.0014,0.0005,0.0001,0.0019,0.0773,0.014,0.0,0.0048,0.0,95.0,0.0,32.0,63.0,28.0,0.0,0.0,0.0,0.0,0.0,0.0,0.0,0.0,0.0,0.0,0.0,0.0,0.0,0.0,0.0,0.0,0.0,0.0,8.0,2.0,1.0
1278,10.648822700000022,0,8.2951,1.7379,1.3942,1.4146,0.1378,0.0023,0.0032,0.0003,0.0353,0.0435,0.0018,0.0007,0.0095,0.0006,0.0014,0.0012,0.0,0.0001,0.008,0.0011,0.0004,0.0001,0.0017,0.0796,0.0138,0.0,0.0046,0.0,95.0,0.0,32.0,63.0,28.0,0.0,0.0,0.0,0.0,0.0,0.0,0.0,0.0,0.0,0.0,0.0,0.0,0.0,0.0,0.0,0.0,0.0,0.0,8.0,2.0,1.0
1279,10.657117800000021,0,8.3227,1.6107,1.366,1.4742,0.1415,0.0031,0.0041,0.0002,0.0264,0.0361,0.0026,0.0012,0.0115,0.0002,0.0016,0.0014,0.0001,0.0001,0.0078,0.0013,0.0005,0.0001,0.0021,0.0754,0.0152,0.0,0.0048,0.0,95.0,0.0,32.0,63.0,28.0,0.0,0.0,0.0,0.0,0.0,0.0,0.0,0.0,0.0,0.0,0.0,0.0,0.0,0.0,0.0,0.0,0.0,0.0,8.0,2.0,1.0
1280,10.665440500000022,0,8.3978,1.5911,1.3918,1.5208,0.1493,0.0031,0.0038,0.0002,0.0369,0.0462,0.0023,0.001,0.0109,0.0006,0.0015,0.0014,0.0,0.0001,0.0083,0.0013,0.0005,0.0001,0.002,0.0853,0.0146,0.0001,0.005,0.0,95.0,0.0,32.0,63.0,28.0,0.0,0.0,0.0,0.0,0.0,0.0,0.0,0.0,0.0,0.0,0.0,0.0,0.0,0.0,0.0,0.0,0.0,0.0,8.0,2.0,1.0
1281,10.673838300000021,0,8.3476,1.6979,1.4249,1.4806,0.1473,0.0042,0.0062,0.0002,0.0289,0.0419,0.0022,0.0007,0.01,0.0002,0.0015,0.0014,0.0001,0.0001,0.0076,0.0012,0.0004,0.0,0.0022,0.0799,0.0153,0.0,0.0048,0.0,95.0,0.0,32.0,63.0,28.0,0.0,0.0,0.0,0.0,0.0,0.0,0.0,0.0,0.0,0.0,0.0,0.0,0.0,0.0,0.0,0.0,0.0,0.0,8.0,2.0,1.0
1282,10.682185900000022,0,8.2973,1.7541,1.4932,1.5247,0.1632,0.0025,0.0035,0.0002,0.0412,0.0496,0.0033,0.0009,0.013,0.0002,0.002,0.0017,0.0005,0.0001,0.0098,0.0013,0.0005,0.0001,0.0024,0.0952,0.0161,0.0001,0.006,0.0,95.0,0.0,32.0,63.0,28.0,0.0,0.0,0.0,0.0,0.0,0.0,0.0,0.0,0.0,0.0,0.0,0.0,0.0,0.0,0.0,0.0,0.0,0.0,8.0,2.0,1.0
1283,10.690483200000022,0,8.2844,1.7203,1.3394,1.3911,0.1356,0.0027,0.0032,0.0002,0.0281,0.036,0.0022,0.0008,0.0113,0.0002,0.0016,0.0014,0.0001,0.0001,0.0081,0.0013,0.0005,0.0001,0.0024,0.0754,0.0133,0.0,0.0044,0.0,95.0,0.0,32.0,63.0,28.0,0.0,0.0,0.0,0.0,0.0,0.0,0.0,0.0,0.0,0.0,0.0,0.0,0.0,0.0,0.0,0.0,0.0,0.0,8.0,2.0,1.0
1284,10.698767600000023,0,8.3911,1.672,1.3849,1.5773,0.1479,0.0036,0.0034,0.0003,0.0343,0.0437,0.0022,0.0008,0.011,0.0001,0.0016,0.0016,0.0002,0.0001,0.008,0.0013,0.0004,0.0,0.0021,0.0824,0.0177,0.0001,0.0043,0.0,95.0,0.0,32.0,63.0,28.0,0.0,0.0,0.0,0.0,0.0,0.0,0.0,0.0,0.0,0.0,0.0,0.0,0.0,0.0,0.0,0.0,0.0,0.0,8.0,2.0,1.0
1285,10.707158700000024,0,8.3326,1.6041,1.4144,1.3954,0.1461,0.0028,0.0037,0.0002,0.0306,0.0398,0.0022,0.0009,0.0108,0.0002,0.0017,0.0016,0.0002,0.0002,0.0076,0.0013,0.0004,0.0,0.0018,0.0783,0.0146,0.0,0.0054,0.0,95.0,0.0,32.0,63.0,28.0,0.0,0.0,0.0,0.0,0.0,0.0,0.0,0.0,0.0,0.0,0.0,0.0,0.0,0.0,0.0,0.0,0.0,0.0,8.0,2.0,1.0
1286,10.715491300000023,0,8.3859,1.6552,1.4468,1.4786,0.1467,0.0027,0.0036,0.0002,0.0372,0.0458,0.0022,0.001,0.0106,0.0001,0.0015,0.0015,0.0001,0.0002,0.0079,0.002,0.001,0.0001,0.0019,0.0869,0.0135,0.0,0.0052,0.0,95.0,0.0,32.0,63.0,28.0,0.0,0.0,0.0,0.0,0.0,0.0,0.0,0.0,0.0,0.0,0.0,0.0,0.0,0.0,0.0,0.0,0.0,0.0,8.0,2.0,1.0
1287,10.723877200000024,0,8.3202,1.5154,1.4492,1.4609,0.1447,0.0036,0.0037,0.0002,0.0262,0.0361,0.0022,0.0014,0.0115,0.0006,0.0014,0.0014,0.0,0.0002,0.008,0.0011,0.0005,0.0001,0.002,0.0797,0.0167,0.0001,0.0043,0.0,95.0,0.0,32.0,63.0,26.0,0.0,0.0,0.0,0.0,0.0,0.0,0.0,0.0,0.0,0.0,0.0,0.0,0.0,0.0,0.0,0.0,0.0,0.0,8.0,2.0,1.0
1288,10.732197400000024,0,8.2258,1.6702,1.4158,1.5356,0.1561,0.0042,0.004,0.0003,0.0392,0.0503,0.0023,0.001,0.011,0.0001,0.0016,0.002,0.0,0.0001,0.0081,0.0018,0.0005,0.0,0.0019,0.09,0.0182,0.0,0.0044,0.0,95.0,0.0,32.0,63.0,26.0,0.0,0.0,0.0,0.0,0.0,0.0,0.0,0.0,0.0,0.0,0.0,0.0,0.0,0.0,0.0,0.0,0.0,0.0,8.0,2.0,1.0
1289,10.740423200000023,0,8.411,1.5929,1.3587,1.4206,0.1497,0.0033,0.0043,0.0002,0.0322,0.0428,0.0022,0.0008,0.0114,0.0001,0.0015,0.002,0.0001,0.0001,0.0082,0.0018,0.0005,0.0001,0.0018,0.0836,0.017,0.0,0.0046,0.0,95.0,0.0,32.0,63.0,26.0,0.0,0.0,0.0,0.0,0.0,0.0,0.0,0.0,0.0,0.0,0.0,0.0,0.0,0.0,0.0,0.0,0.0,0.0,8.0,2.0,1.0
1290,10.748834200000024,0,8.3306,1.7318,1.4264,1.5259,0.1467,0.0027,0.0032,0.0002,0.0366,0.0448,0.0021,0.0009,0.0112,0.0002,0.0016,0.0016,0.0001,0.0001,0.0081,0.0016,0.0006,0.0001,0.0019,0.0847,0.0138,0.0,0.004,0.0,95.0,0.0,32.0,63.0,26.0,0.0,0.0,0.0,0.0,0.0,0.0,0.0,0.0,0.0,0.0,0.0,0.0,0.0,0.0,0.0,0.0,0.0,0.0,8.0,2.0,1.0
1291,10.757164800000025,0,8.2226,1.6241,1.3752,1.3699,0.1412,0.0028,0.0036,0.0002,0.0273,0.0369,0.0023,0.0008,0.0118,0.0001,0.0021,0.0013,0.0001,0.0001,0.008,0.0012,0.0004,0.0,0.0019,0.0767,0.0158,0.0,0.0035,0.0,95.0,0.0,32.0,63.0,26.0,0.0,0.0,0.0,0.0,0.0,0.0,0.0,0.0,0.0,0.0,0.0,0.0,0.0,0.0,0.0,0.0,0.0,0.0,8.0,2.0,1.0
1292,10.765387400000025,0,8.4482,1.6879,1.3435,1.3983,0.1307,0.0025,0.0032,0.0002,0.0354,0.0433,0.002,0.0007,0.0095,0.0002,0.0017,0.0012,0.0,0.0001,0.0071,0.001,0.0008,0.0001,0.0017,0.0774,0.0114,0.0,0.005,0.0,95.0,0.0,32.0,63.0,26.0,0.0,0.0,0.0,0.0,0.0,0.0,0.0,0.0,0.0,0.0,0.0,0.0,0.0,0.0,0.0,0.0,0.0,0.0,8.0,2.0,1.0
1293,10.773835600000025,0,8.341,1.6443,1.4658,1.4225,0.133,0.0038,0.0053,0.0001,0.0225,0.0341,0.0024,0.0008,0.0095,0.0001,0.0015,0.0015,0.0001,0.0001,0.0076,0.001,0.0004,0.0001,0.0018,0.0701,0.0137,0.0,0.004,0.0,95.0,0.0,32.0,63.0,26.0,0.0,0.0,0.0,0.0,0.0,0.0,0.0,0.0,0.0,0.0,0.0,0.0,0.0,0.0,0.0,0.0,0.0,0.0,8.0,2.0,1.0
1294,10.782176600000025,0,8.344,1.6554,1.4203,1.4278,0.1598,0.005,0.0043,0.0002,0.0396,0.0513,0.0024,0.0008,0.013,0.0001,0.0014,0.0023,0.0,0.0002,0.0083,0.0013,0.0005,0.0,0.002,0.092,0.0153,0.0,0.0045,0.0,95.0,0.0,32.0,63.0,26.0,0.0,0.0,0.0,0.0,0.0,0.0,0.0,0.0,0.0,0.0,0.0,0.0,0.0,0.0,0.0,0.0,0.0,0.0,8.0,2.0,1.0
1295,10.790520600000024,0,8.3036,1.9083,1.4127,1.4665,0.1472,0.0043,0.0039,0.0002,0.0294,0.0404,0.0026,0.0008,0.0118,0.0002,0.0019,0.0016,0.0,0.0001,0.009,0.0013,0.0005,0.0001,0.0024,0.0822,0.0148,0.0,0.0046,0.0,95.0,0.0,32.0,63.0,26.0,0.0,0.0,0.0,0.0,0.0,0.0,0.0,0.0,0.0,0.0,0.0,0.0,0.0,0.0,0.0,0.0,0.0,0.0,8.0,2.0,1.0
1296,10.798824200000023,0,8.3057,1.5937,1.411,1.4298,0.146,0.0035,0.0039,0.0002,0.0379,0.0476,0.0022,0.001,0.0105,0.0001,0.0019,0.0014,0.0001,0.0006,0.0074,0.0012,0.0005,0.0,0.0018,0.0855,0.0121,0.0,0.0052,0.0,95.0,0.0,32.0,63.0,26.0,0.0,0.0,0.0,0.0,0.0,0.0,0.0,0.0,0.0,0.0,0.0,0.0,0.0,0.0,0.0,0.0,0.0,0.0,8.0,2.0,1.0
1297,10.807129900000023,0,8.3384,1.6591,1.3789,1.4262,0.1494,0.0042,0.0041,0.0002,0.0279,0.0388,0.0024,0.0008,0.0125,0.0002,0.0015,0.0022,0.0001,0.0001,0.0083,0.0018,0.0005,0.0,0.0021,0.0811,0.0152,0.0,0.0044,0.0,95.0,0.0,32.0,63.0,26.0,0.0,0.0,0.0,0.0,0.0,0.0,0.0,0.0,0.0,0.0,0.0,0.0,0.0,0.0,0.0,0.0,0.0,0.0,8.0,2.0,1.0
1298,10.815468300000022,0,8.4528,1.6495,1.4561,1.5931,0.1613,0.0041,0.0051,0.0002,0.039,0.0507,0.0025,0.0009,0.0114,0.0002,0.0017,0.0016,0.0001,0.0001,0.0086,0.0012,0.0007,0.0,0.0019,0.0924,0.0153,0.0,0.0047,0.0,95.0,0.0,32.0,63.0,26.0,0.0,0.0,0.0,0.0,0.0,0.0,0.0,0.0,0.0,0.0,0.0,0.0,0.0,0.0,0.0,0.0,0.0,0.0,8.0,2.0,1.0
1299,10.823921100000023,0,8.5547,1.6082,1.6598,1.4487,0.1643,0.0032,0.0044,0.0003,0.0306,0.0417,0.003,0.0015,0.0123,0.0003,0.0016,0.0019,0.0001,0.0001,0.0098,0.0013,0.0005,0.0001,0.0022,0.0861,0.0174,0.0,0.0048,0.0,95.0,0.0,32.0,63.0,26.0,0.0,0.0,0.0,0.0,0.0,0.0,0.0,0.0,0.0,0.0,0.0,0.0,0.0,0.0,0.0,0.0,0.0,0.0,8.0,2.0,1.0
1300,10.832475800000022,0,8.2567,2.0962,1.7081,1.6509,0.1595,0.0031,0.0041,0.0002,0.041,0.0507,0.0019,0.0008,0.0094,0.0002,0.0018,0.0016,0.0002,0.0001,0.0088,0.0017,0.0004,0.0002,0.0018,0.091,0.0148,0.0001,0.0064,0.0,95.0,0.0,32.0,63.0,26.0,0.0,0.0,0.0,0.0,0.0,0.0,0.0,0.0,0.0,0.0,0.0,0.0,0.0,0.0,0.0,0.0,0.0,0.0,8.0,2.0,1.0
1301,10.840732500000023,0,8.27,1.9544,1.5868,1.7845,0.1667,0.004,0.004,0.0007,0.0353,0.0462,0.0031,0.0009,0.0133,0.0001,0.0016,0.0026,0.0,0.0001,0.0101,0.0014,0.0006,0.0001,0.002,0.093,0.017,0.0,0.0037,0.0,95.0,0.0,32.0,63.0,26.0,0.0,0.0,0.0,0.0,0.0,0.0,0.0,0.0,0.0,0.0,0.0,0.0,0.0,0.0,0.0,0.0,0.0,0.0,8.0,2.0,1.0
1302,10.849002500000022,0,8.3331,1.8578,1.5768,1.606,0.1629,0.0028,0.0038,0.0003,0.0399,0.0493,0.0024,0.0009,0.0108,0.0002,0.0016,0.002,0.0001,0.0001,0.0101,0.0013,0.0005,0.0005,0.002,0.0925,0.0163,0.0001,0.0045,0.0,95.0,0.0,32.0,63.0,26.0,0.0,0.0,0.0,0.0,0.0,0.0,0.0,0.0,0.0,0.0,0.0,0.0,0.0,0.0,0.0,0.0,0.0,0.0,8.0,2.0,1.0
1303,10.857335600000022,0,8.1749,1.7169,1.5102,1.5878,0.1474,0.0042,0.0048,0.0001,0.0275,0.0391,0.0023,0.0007,0.0111,0.0002,0.0016,0.0016,0.0001,0.0001,0.0095,0.0013,0.0005,0.0,0.0019,0.0803,0.0135,0.0,0.0052,0.0,95.0,0.0,32.0,63.0,26.0,0.0,0.0,0.0,0.0,0.0,0.0,0.0,0.0,0.0,0.0,0.0,0.0,0.0,0.0,0.0,0.0,0.0,0.0,8.0,2.0,1.0
1304,10.865510500000022,0,8.4072,1.7422,1.4933,1.4235,0.154,0.0027,0.0036,0.0002,0.0381,0.0469,0.0021,0.0009,0.0111,0.0002,0.0021,0.0016,0.0001,0.0001,0.0087,0.0011,0.0005,0.0001,0.0018,0.0862,0.0167,0.0,0.0049,0.0,95.0,0.0,32.0,63.0,26.0,0.0,0.0,0.0,0.0,0.0,0.0,0.0,0.0,0.0,0.0,0.0,0.0,0.0,0.0,0.0,0.0,0.0,0.0,8.0,2.0,1.0
1305,10.873917700000023,0,8.2755,1.7876,1.4471,1.7153,0.1419,0.0038,0.0035,0.0002,0.0267,0.0365,0.0023,0.0009,0.0088,0.0002,0.0015,0.0023,0.0,0.0001,0.0094,0.0013,0.0004,0.0001,0.0019,0.0781,0.0155,0.0,0.0055,0.0,95.0,0.0,32.0,63.0,26.0,0.0,0.0,0.0,0.0,0.0,0.0,0.0,0.0,0.0,0.0,0.0,0.0,0.0,0.0,0.0,0.0,0.0,0.0,8.0,2.0,1.0
1306,10.882193200000023,0,8.3254,1.6028,1.4491,1.4619,0.1539,0.0041,0.0064,0.0006,0.0241,0.0383,0.0021,0.0008,0.0095,0.0002,0.0015,0.002,0.0,0.0001,0.0095,0.0015,0.0005,0.0,0.0023,0.0785,0.0139,0.0,0.0045,0.0,95.0,0.0,32.0,63.0,26.0,0.0,0.0,0.0,0.0,0.0,0.0,0.0,0.0,0.0,0.0,0.0,0.0,0.0,0.0,0.0,0.0,0.0,0.0,8.0,2.0,1.0
1307,10.890518600000023,0,8.339,1.6629,1.4137,1.3967,0.1407,0.0032,0.0032,0.0002,0.0282,0.0376,0.0021,0.0008,0.0087,0.0006,0.0016,0.0016,0.0001,0.0001,0.0085,0.0018,0.0005,0.0,0.0018,0.0774,0.0144,0.0,0.0036,0.0,95.0,0.0,32.0,63.0,26.0,0.0,0.0,0.0,0.0,0.0,0.0,0.0,0.0,0.0,0.0,0.0,0.0,0.0,0.0,0.0,0.0,0.0,0.0,8.0,2.0,1.0
1308,10.898857600000023,0,8.314,1.6204,1.4274,1.4365,0.1405,0.0023,0.0037,0.0002,0.0325,0.0407,0.002,0.0008,0.0095,0.0001,0.0017,0.0012,0.0001,0.0001,0.0076,0.0011,0.0004,0.0,0.0015,0.0802,0.0142,0.0001,0.0046,0.0,95.0,0.0,32.0,63.0,26.0,0.0,0.0,0.0,0.0,0.0,0.0,0.0,0.0,0.0,0.0,0.0,0.0,0.0,0.0,0.0,0.0,0.0,0.0,8.0,2.0,1.0
1309,10.907171600000023,0,8.296,1.7263,1.42,1.4179,0.1436,0.0037,0.0042,0.0002,0.0278,0.0386,0.002,0.0008,0.012,0.0002,0.0017,0.0014,0.0001,0.0001,0.0086,0.0012,0.001,0.0,0.0018,0.0794,0.0153,0.0001,0.0051,0.0,95.0,0.0,32.0,63.0,26.0,0.0,0.0,0.0,0.0,0.0,0.0,0.0,0.0,0.0,0.0,0.0,0.0,0.0,0.0,0.0,0.0,0.0,0.0,8.0,2.0,1.0
1310,10.915467600000023,0,8.4256,1.672,1.4192,1.57,0.1492,0.0028,0.0038,0.0001,0.0395,0.0481,0.0025,0.0009,0.0112,0.0001,0.0016,0.0014,0.0001,0.0001,0.0079,0.0013,0.0004,0.0001,0.002,0.0882,0.015,0.0001,0.0046,0.0,95.0,0.0,32.0,63.0,26.0,0.0,0.0,0.0,0.0,0.0,0.0,0.0,0.0,0.0,0.0,0.0,0.0,0.0,0.0,0.0,0.0,0.0,0.0,8.0,2.0,1.0
1311,10.923893200000023,0,8.1759,1.6888,1.4045,1.53,0.1364,0.0036,0.0037,0.0002,0.0281,0.038,0.0021,0.0011,0.0087,0.0002,0.0016,0.0021,0.0001,0.0001,0.0085,0.0012,0.0004,0.0001,0.0021,0.076,0.0131,0.0,0.0043,0.0,95.0,0.0,32.0,63.0,26.0,0.0,0.0,0.0,0.0,0.0,0.0,0.0,0.0,0.0,0.0,0.0,0.0,0.0,0.0,0.0,0.0,0.0,0.0,8.0,2.0,1.0
1312,10.932069100000023,0,8.4229,1.9101,1.3838,1.4939,0.1553,0.0035,0.0045,0.0002,0.0425,0.053,0.0025,0.0008,0.0107,0.0001,0.0016,0.0014,0.0005,0.0002,0.0083,0.0013,0.0008,0.0001,0.002,0.0939,0.0131,0.0,0.0042,0.0,95.0,0.0,32.0,63.0,26.0,0.0,0.0,0.0,0.0,0.0,0.0,0.0,0.0,0.0,0.0,0.0,0.0,0.0,0.0,0.0,0.0,0.0,0.0,8.0,2.0,1.0
1313,10.940492000000022,0,8.277,1.5717,1.3713,1.4741,0.1425,0.0028,0.0034,0.0001,0.033,0.0413,0.0022,0.0006,0.011,0.0001,0.0015,0.002,0.0002,0.0001,0.0082,0.0013,0.0009,0.0001,0.002,0.0821,0.0149,0.0,0.0041,0.0,95.0,0.0,32.0,63.0,26.0,0.0,0.0,0.0,0.0,0.0,0.0,0.0,0.0,0.0,0.0,0.0,0.0,0.0,0.0,0.0,0.0,0.0,0.0,8.0,2.0,1.0
1314,10.948769000000022,0,8.4055,1.7238,1.4117,1.4469,0.147,0.0031,0.0033,0.0002,0.0355,0.0445,0.003,0.0007,0.0117,0.0002,0.0016,0.0015,0.0002,0.0001,0.0078,0.0013,0.0005,0.0001,0.002,0.0845,0.0156,0.0,0.0055,0.0,95.0,0.0,32.0,63.0,26.0,0.0,0.0,0.0,0.0,0.0,0.0,0.0,0.0,0.0,0.0,0.0,0.0,0.0,0.0,0.0,0.0,0.0,0.0,8.0,2.0,1.0
1315,10.957174500000022,0,8.4505,1.7226,1.5669,1.3998,0.1307,0.003,0.0032,0.0002,0.0276,0.0362,0.0018,0.0007,0.0069,0.0006,0.0013,0.0012,0.0001,0.0006,0.0078,0.001,0.0005,0.0,0.0016,0.0707,0.0124,0.0,0.0047,0.0,95.0,0.0,32.0,63.0,26.0,0.0,0.0,0.0,0.0,0.0,0.0,0.0,0.0,0.0,0.0,0.0,0.0,0.0,0.0,0.0,0.0,0.0,0.0,8.0,2.0,1.0
1316,10.965625000000022,0,8.1913,1.9545,1.4185,1.4702,0.1529,0.0036,0.0044,0.0002,0.0381,0.0492,0.0022,0.0008,0.0109,0.0001,0.0017,0.0016,0.0002,0.0002,0.0075,0.0014,0.0005,0.0,0.0023,0.0884,0.0135,0.0001,0.0047,0.0,95.0,0.0,32.0,63.0,26.0,0.0,0.0,0.0,0.0,0.0,0.0,0.0,0.0,0.0,0.0,0.0,0.0,0.0,0.0,0.0,0.0,0.0,0.0,8.0,2.0,1.0
1317,10.973816300000022,0,8.4769,1.7438,1.4461,1.5244,0.1512,0.003,0.0034,0.0002,0.031,0.0402,0.0023,0.0015,0.0129,0.0003,0.0017,0.002,0.0001,0.0001,0.0078,0.0013,0.0009,0.0,0.002,0.0834,0.0162,0.0,0.0037,0.0,95.0,0.0,32.0,63.0,26.0,0.0,0.0,0.0,0.0,0.0,0.0,0.0,0.0,0.0,0.0,0.0,0.0,0.0,0.0,0.0,0.0,0.0,0.0,8.0,2.0,1.0
1318,10.982293200000022,0,8.5659,1.768,1.6946,1.5704,0.1761,0.0056,0.0048,0.0003,0.0438,0.057,0.0025,0.001,0.0115,0.0002,0.0021,0.0017,0.0001,0.0001,0.0091,0.0013,0.0005,0.0001,0.0025,0.1002,0.016,0.0,0.0052,0.0,95.0,0.0,32.0,63.0,26.0,0.0,0.0,0.0,0.0,0.0,0.0,0.0,0.0,0.0,0.0,0.0,0.0,0.0,0.0,0.0,0.0,0.0,0.0,8.0,2.0,1.0
1319,10.990859100000023,0,8.1015,1.8422,1.6172,1.6243,0.1217,0.0026,0.0035,0.0003,0.025,0.0332,0.0019,0.0007,0.0065,0.0001,0.0015,0.0013,0.0006,0.0002,0.0083,0.001,0.0004,0.0001,0.0018,0.0655,0.0115,0.0001,0.0045,0.0,95.0,0.0,32.0,63.0,26.0,0.0,0.0,0.0,0.0,0.0,0.0,0.0,0.0,0.0,0.0,0.0,0.0,0.0,0.0,0.0,0.0,0.0,0.0,8.0,2.0,1.0
1320,10.998960600000023,0,8.2427,1.8307,1.541,1.5163,0.1417,0.0043,0.0037,0.0002,0.0355,0.0463,0.0021,0.0006,0.0095,0.0003,0.0016,0.0015,0.0001,0.0001,0.0083,0.0012,0.0004,0.0001,0.0017,0.0823,0.012,0.0,0.0049,0.0,95.0,0.0,32.0,63.0,26.0,0.0,0.0,0.0,0.0,0.0,0.0,0.0,0.0,0.0,0.0,0.0,0.0,0.0,0.0,0.0,0.0,0.0,0.0,8.0,2.0,1.0
1321,11.007203300000024,0,8.3455,1.7263,1.4659,1.7466,0.1467,0.0036,0.0044,0.0002,0.0279,0.0384,0.0023,0.0008,0.0118,0.0002,0.0015,0.0017,0.0001,0.0001,0.0087,0.0016,0.0005,0.0001,0.0019,0.0801,0.0139,0.0,0.0035,0.0,95.0,0.0,32.0,63.0,26.0,0.0,0.0,0.0,0.0,0.0,0.0,0.0,0.0,0.0,0.0,0.0,0.0,0.0,0.0,0.0,0.0,0.0,0.0,8.0,2.0,1.0
1322,11.015548800000024,0,8.2601,1.6558,1.4472,1.466,0.1479,0.0031,0.0035,0.0002,0.0355,0.0445,0.0022,0.001,0.0113,0.0003,0.0014,0.0015,0.0001,0.0001,0.0084,0.0013,0.0005,0.0001,0.0019,0.0845,0.016,0.0,0.0047,0.0,95.0,0.0,32.0,63.0,26.0,0.0,0.0,0.0,0.0,0.0,0.0,0.0,0.0,0.0,0.0,0.0,0.0,0.0,0.0,0.0,0.0,0.0,0.0,8.0,2.0,1.0
1323,11.023808900000024,0,8.4841,1.7478,1.4844,1.5679,0.1473,0.0031,0.0041,0.0004,0.0289,0.0388,0.0023,0.0008,0.0096,0.0002,0.0015,0.0017,0.0001,0.0001,0.009,0.0013,0.0005,0.0001,0.0019,0.0792,0.0162,0.0,0.0042,0.0,95.0,0.0,32.0,63.0,26.0,0.0,0.0,0.0,0.0,0.0,0.0,0.0,0.0,0.0,0.0,0.0,0.0,0.0,0.0,0.0,0.0,0.0,0.0,8.0,2.0,1.0
1324,11.032293000000024,0,8.2188,1.984,1.4667,1.4895,0.1528,0.0036,0.005,0.0002,0.0386,0.0498,0.0031,0.001,0.0128,0.0006,0.0014,0.0013,0.0001,0.0001,0.0085,0.0013,0.0004,0.0001,0.0019,0.0915,0.0142,0.0,0.0043,0.0,95.0,0.0,32.0,63.0,26.0,0.0,0.0,0.0,0.0,0.0,0.0,0.0,0.0,0.0,0.0,0.0,0.0,0.0,0.0,0.0,0.0,0.0,0.0,8.0,2.0,1.0
1325,11.040511800000024,0,8.4883,1.8554,1.5099,1.4857,0.1541,0.0039,0.004,0.0002,0.0289,0.0394,0.0027,0.0009,0.0121,0.0002,0.0018,0.0017,0.0001,0.0005,0.0091,0.0013,0.001,0.0001,0.0019,0.0838,0.0161,0.0,0.0037,0.0,95.0,0.0,32.0,63.0,26.0,0.0,0.0,0.0,0.0,0.0,0.0,0.0,0.0,0.0,0.0,0.0,0.0,0.0,0.0,0.0,0.0,0.0,0.0,8.0,2.0,1.0
1326,11.049000100000024,0,8.282,1.847,1.5936,1.5382,0.1629,0.0032,0.0039,0.0002,0.0389,0.0485,0.0022,0.0015,0.0116,0.0001,0.002,0.0014,0.0001,0.0001,0.0091,0.0013,0.0007,0.0001,0.0019,0.0904,0.0188,0.0,0.0041,0.0,95.0,0.0,32.0,63.0,26.0,0.0,0.0,0.0,0.0,0.0,0.0,0.0,0.0,0.0,0.0,0.0,0.0,0.0,0.0,0.0,0.0,0.0,0.0,8.0,2.0,1.0
1327,11.057282100000023,0,8.1818,1.8308,1.4423,1.4169,0.1463,0.0045,0.0039,0.0002,0.0266,0.0375,0.0027,0.0008,0.0126,0.0002,0.0018,0.0014,0.0001,0.0001,0.0087,0.0013,0.0009,0.0,0.002,0.0796,0.017,0.0,0.0053,0.0,95.0,0.0,32.0,63.0,26.0,0.0,0.0,0.0,0.0,0.0,0.0,0.0,0.0,0.0,0.0,0.0,0.0,0.0,0.0,0.0,0.0,0.0,0.0,8.0,2.0,1.0
1328,11.065463900000022,0,8.4389,1.7924,1.4339,1.4452,0.1426,0.003,0.0037,0.0002,0.0368,0.0459,0.0021,0.001,0.0109,0.0006,0.0014,0.0013,0.0001,0.0003,0.0081,0.0011,0.0004,0.0001,0.0022,0.0838,0.0132,0.0,0.0041,0.0,95.0,0.0,32.0,63.0,26.0,0.0,0.0,0.0,0.0,0.0,0.0,0.0,0.0,0.0,0.0,0.0,0.0,0.0,0.0,0.0,0.0,0.0,0.0,8.0,2.0,1.0
1329,11.073902800000022,0,8.3696,1.666,1.4797,1.4842,0.1465,0.004,0.0039,0.0002,0.0282,0.0387,0.0025,0.001,0.011,0.0001,0.002,0.0017,0.0001,0.0002,0.0081,0.0013,0.0004,0.0,0.0018,0.0795,0.0154,0.0001,0.0046,0.0,95.0,0.0,32.0,63.0,26.0,0.0,0.0,0.0,0.0,0.0,0.0,0.0,0.0,0.0,0.0,0.0,0.0,0.0,0.0,0.0,0.0,0.0,0.0,8.0,2.0,1.0
1330,11.082272400000022,0,8.3202,1.7086,1.6034,1.5264,0.174,0.003,0.0044,0.0002,0.0431,0.0533,0.0029,0.0007,0.0107,0.0002,0.0022,0.0017,0.0002,0.0001,0.0095,0.0014,0.0006,0.0,0.002,0.0965,0.0181,0.0,0.0045,0.0,95.0,0.0,32.0,63.0,26.0,0.0,0.0,0.0,0.0,0.0,0.0,0.0,0.0,0.0,0.0,0.0,0.0,0.0,0.0,0.0,0.0,0.0,0.0,8.0,2.0,1.0
1331,11.090592600000022,0,8.2233,1.8942,1.4103,1.5292,0.146,0.0031,0.0036,0.0002,0.0348,0.0438,0.0022,0.0007,0.0098,0.0001,0.0017,0.0015,0.0001,0.0001,0.0079,0.0012,0.0005,0.0,0.0019,0.0817,0.0144,0.0,0.0047,0.0,95.0,0.0,32.0,63.0,26.0,0.0,0.0,0.0,0.0,0.0,0.0,0.0,0.0,0.0,0.0,0.0,0.0,0.0,0.0,0.0,0.0,0.0,0.0,8.0,2.0,1.0
1332,11.098815900000021,0,8.3488,1.7809,1.417,1.5469,0.1447,0.0041,0.004,0.0002,0.0332,0.0442,0.002,0.0007,0.0103,0.0002,0.0016,0.0014,0.0001,0.0001,0.0079,0.0013,0.0004,0.0001,0.002,0.0822,0.0153,0.0,0.0048,0.0,95.0,0.0,32.0,63.0,26.0,0.0,0.0,0.0,0.0,0.0,0.0,0.0,0.0,0.0,0.0,0.0,0.0,0.0,0.0,0.0,0.0,0.0,0.0,8.0,2.0,1.0
1333,11.107164700000022,0,8.4306,1.8547,1.5146,1.7574,0.1511,0.0033,0.0033,0.0002,0.0279,0.037,0.0025,0.0008,0.0125,0.0001,0.0016,0.0022,0.0001,0.0002,0.0083,0.0012,0.0005,0.0001,0.002,0.0809,0.016,0.0,0.0049,0.0,95.0,0.0,32.0,63.0,26.0,0.0,0.0,0.0,0.0,0.0,0.0,0.0,0.0,0.0,0.0,0.0,0.0,0.0,0.0,0.0,0.0,0.0,0.0,8.0,2.0,1.0
1334,11.115595300000022,0,8.3593,1.8641,1.504,1.7552,0.1488,0.0031,0.0038,0.0002,0.0383,0.0477,0.0019,0.0007,0.0096,0.0006,0.0014,0.0014,0.0007,0.0001,0.0083,0.0011,0.0005,0.0,0.0016,0.0849,0.015,0.0,0.0041,0.0,95.0,0.0,32.0,63.0,26.0,0.0,0.0,0.0,0.0,0.0,0.0,0.0,0.0,0.0,0.0,0.0,0.0,0.0,0.0,0.0,0.0,0.0,0.0,8.0,2.0,1.0
1335,11.123954600000022,0,8.2554,1.6701,1.4717,1.4994,0.1438,0.0027,0.004,0.0003,0.0306,0.0395,0.0024,0.0009,0.0119,0.0002,0.0014,0.0015,0.0005,0.0001,0.0084,0.0013,0.0009,0.0001,0.0019,0.0813,0.0164,0.0,0.0047,0.0,95.0,0.0,32.0,63.0,26.0,0.0,0.0,0.0,0.0,0.0,0.0,0.0,0.0,0.0,0.0,0.0,0.0,0.0,0.0,0.0,0.0,0.0,0.0,8.0,2.0,1.0
1336,11.132210000000022,0,8.3056,1.6836,1.4815,1.6851,0.1602,0.0038,0.0059,0.0002,0.0354,0.0476,0.0021,0.0008,0.0116,0.0002,0.0013,0.0015,0.0001,0.0002,0.0083,0.0013,0.0004,0.0,0.002,0.09,0.0131,0.0001,0.0046,0.0,95.0,0.0,32.0,63.0,26.0,0.0,0.0,0.0,0.0,0.0,0.0,0.0,0.0,0.0,0.0,0.0,0.0,0.0,0.0,0.0,0.0,0.0,0.0,8.0,2.0,1.0
1337,11.140515600000022,0,8.3493,1.7888,1.4061,1.5663,0.1221,0.0026,0.0038,0.0001,0.0204,0.0288,0.0017,0.0007,0.0071,0.0006,0.0017,0.0013,0.0001,0.0001,0.0091,0.0011,0.0005,0.0,0.0018,0.063,0.0122,0.0,0.0043,0.0,95.0,0.0,32.0,63.0,26.0,0.0,0.0,0.0,0.0,0.0,0.0,0.0,0.0,0.0,0.0,0.0,0.0,0.0,0.0,0.0,0.0,0.0,0.0,8.0,2.0,1.0
1338,11.148864900000023,0,8.3646,1.7185,1.5044,1.4573,0.1551,0.0028,0.0038,0.0003,0.0369,0.0461,0.0023,0.0009,0.0116,0.0002,0.0021,0.0016,0.0001,0.0001,0.0088,0.0013,0.0005,0.0001,0.0025,0.0886,0.0186,0.0001,0.0053,0.0,95.0,0.0,32.0,63.0,26.0,0.0,0.0,0.0,0.0,0.0,0.0,0.0,0.0,0.0,0.0,0.0,0.0,0.0,0.0,0.0,0.0,0.0,0.0,8.0,2.0,1.0
1339,11.157229500000023,0,8.2735,1.6362,1.4392,1.5005,0.1411,0.0029,0.0034,0.0002,0.0303,0.0397,0.0021,0.0008,0.0098,0.0001,0.0023,0.0015,0.0002,0.0001,0.0085,0.0012,0.0004,0.0,0.0019,0.0786,0.0149,0.0001,0.0039,0.0,95.0,0.0,32.0,63.0,26.0,0.0,0.0,0.0,0.0,0.0,0.0,0.0,0.0,0.0,0.0,0.0,0.0,0.0,0.0,0.0,0.0,0.0,0.0,8.0,2.0,1.0
1340,11.165503000000022,0,8.3303,1.7475,1.4329,1.4956,0.154,0.0042,0.0037,0.0002,0.0402,0.0509,0.0027,0.0009,0.0109,0.0001,0.0015,0.0017,0.0001,0.0002,0.0076,0.0012,0.0004,0.0001,0.0017,0.0898,0.0155,0.0001,0.0039,0.0,95.0,0.0,32.0,63.0,26.0,0.0,0.0,0.0,0.0,0.0,0.0,0.0,0.0,0.0,0.0,0.0,0.0,0.0,0.0,0.0,0.0,0.0,0.0,8.0,2.0,1.0
1341,11.173833300000023,0,8.4364,1.7119,1.4667,1.4973,0.1555,0.0041,0.0043,0.0007,0.0298,0.0412,0.003,0.0009,0.0126,0.0001,0.0022,0.0019,0.0001,0.0001,0.0083,0.0012,0.0005,0.0001,0.0022,0.085,0.0152,0.0001,0.0049,0.0,95.0,0.0,32.0,63.0,26.0,0.0,0.0,0.0,0.0,0.0,0.0,0.0,0.0,0.0,0.0,0.0,0.0,0.0,0.0,0.0,0.0,0.0,0.0,8.0,2.0,1.0
1342,11.182269700000024,0,8.3112,1.6576,1.5086,1.5195,0.1624,0.0027,0.0037,0.0003,0.0451,0.0539,0.0026,0.001,0.0092,0.0001,0.0015,0.0015,0.0006,0.0002,0.008,0.0013,0.001,0.0001,0.0019,0.0939,0.0155,0.0,0.0042,0.0,95.0,0.0,32.0,63.0,26.0,0.0,0.0,0.0,0.0,0.0,0.0,0.0,0.0,0.0,0.0,0.0,0.0,0.0,0.0,0.0,0.0,0.0,0.0,8.0,2.0,1.0
1343,11.190580900000024,0,8.2347,1.6821,1.4175,1.4864,0.1301,0.0026,0.0036,0.0002,0.026,0.0345,0.0019,0.0007,0.009,0.0001,0.0014,0.0013,0.0001,0.0002,0.0078,0.0012,0.0005,0.0,0.0016,0.0691,0.0144,0.0001,0.0037,0.0,95.0,0.0,32.0,63.0,26.0,0.0,0.0,0.0,0.0,0.0,0.0,0.0,0.0,0.0,0.0,0.0,0.0,0.0,0.0,0.0,0.0,0.0,0.0,8.0,2.0,1.0
1344,11.198815600000023,0,8.3463,1.6926,1.4074,1.5242,0.1449,0.003,0.0033,0.0002,0.0366,0.045,0.0023,0.0008,0.0105,0.0001,0.0013,0.0017,0.0001,0.0001,0.0079,0.0013,0.001,0.0001,0.002,0.0849,0.0157,0.0001,0.004,0.0,95.0,0.0,32.0,63.0,26.0,0.0,0.0,0.0,0.0,0.0,0.0,0.0,0.0,0.0,0.0,0.0,0.0,0.0,0.0,0.0,0.0,0.0,0.0,8.0,2.0,1.0
1345,11.207161900000022,0,8.3678,1.6723,1.4419,1.6565,0.1373,0.0031,0.0033,0.0001,0.0315,0.0405,0.0021,0.0008,0.0085,0.0001,0.0014,0.0021,0.0002,0.0001,0.0081,0.0018,0.0004,0.0,0.0018,0.0764,0.0131,0.0,0.0051,0.0,95.0,0.0,32.0,63.0,26.0,0.0,0.0,0.0,0.0,0.0,0.0,0.0,0.0,0.0,0.0,0.0,0.0,0.0,0.0,0.0,0.0,0.0,0.0,8.0,2.0,1.0
1346,11.215529700000022,0,8.3297,1.6474,1.4211,1.4881,0.1364,0.0025,0.0033,0.0001,0.0355,0.0433,0.0016,0.0012,0.0094,0.0002,0.0016,0.0013,0.0,0.0001,0.008,0.0017,0.0005,0.0,0.0016,0.0792,0.0108,0.0,0.004,0.0,95.0,0.0,32.0,63.0,26.0,0.0,0.0,0.0,0.0,0.0,0.0,0.0,0.0,0.0,0.0,0.0,0.0,0.0,0.0,0.0,0.0,0.0,0.0,8.0,2.0,1.0
1347,11.223859400000023,0,8.4093,1.6912,1.5155,1.4347,0.1528,0.0027,0.0034,0.0003,0.0337,0.043,0.0027,0.0008,0.0126,0.0001,0.0018,0.0017,0.0001,0.0006,0.0088,0.0012,0.0004,0.0,0.002,0.0868,0.0159,0.0001,0.0044,0.0,95.0,0.0,32.0,63.0,26.0,0.0,0.0,0.0,0.0,0.0,0.0,0.0,0.0,0.0,0.0,0.0,0.0,0.0,0.0,0.0,0.0,0.0,0.0,8.0,2.0,1.0
1348,11.232268700000024,0,8.2934,1.7149,1.5293,1.4225,0.147,0.0042,0.004,0.0002,0.035,0.0465,0.002,0.0008,0.0099,0.0002,0.0014,0.0013,0.0,0.0001,0.0079,0.0011,0.0004,0.0001,0.0016,0.082,0.0153,0.0,0.0048,0.0,95.0,0.0,32.0,63.0,26.0,0.0,0.0,0.0,0.0,0.0,0.0,0.0,0.0,0.0,0.0,0.0,0.0,0.0,0.0,0.0,0.0,0.0,0.0,8.0,2.0,1.0
1349,11.240562100000023,0,8.348,1.7756,1.4409,1.6171,0.139,0.0029,0.0035,0.0002,0.0284,0.0371,0.0019,0.0008,0.0108,0.0001,0.0019,0.0016,0.0001,0.0001,0.0081,0.0012,0.0005,0.0,0.002,0.0758,0.0153,0.0001,0.0045,0.0,95.0,0.0,32.0,63.0,26.0,0.0,0.0,0.0,0.0,0.0,0.0,0.0,0.0,0.0,0.0,0.0,0.0,0.0,0.0,0.0,0.0,0.0,0.0,8.0,2.0,1.0
1350,11.248910100000023,0,8.341,1.7512,1.5079,1.5199,0.1588,0.0034,0.0038,0.0006,0.0368,0.0469,0.0022,0.0009,0.0117,0.0001,0.0015,0.0016,0.0004,0.0001,0.0087,0.0013,0.0004,0.0,0.0019,0.093,0.015,0.0001,0.0044,0.0,95.0,0.0,32.0,63.0,26.0,0.0,0.0,0.0,0.0,0.0,0.0,0.0,0.0,0.0,0.0,0.0,0.0,0.0,0.0,0.0,0.0,0.0,0.0,8.0,2.0,1.0
1351,11.257251100000023,0,8.3299,1.6947,1.4888,1.3957,0.1492,0.0038,0.0037,0.0002,0.034,0.0444,0.0023,0.0009,0.0119,0.0001,0.0021,0.0016,0.0001,0.0005,0.0084,0.0013,0.0005,0.0001,0.0019,0.0861,0.0135,0.0001,0.0042,0.0,95.0,0.0,32.0,63.0,26.0,0.0,0.0,0.0,0.0,0.0,0.0,0.0,0.0,0.0,0.0,0.0,0.0,0.0,0.0,0.0,0.0,0.0,0.0,8.0,2.0,1.0
1352,11.265581000000022,0,8.2846,1.6576,1.4983,1.3554,0.1328,0.0029,0.0035,0.0002,0.031,0.0393,0.0021,0.0006,0.01,0.0001,0.0013,0.0014,0.0004,0.0002,0.0083,0.0012,0.0004,0.0,0.0016,0.0767,0.0128,0.0,0.0044,0.0,95.0,0.0,32.0,63.0,26.0,0.0,0.0,0.0,0.0,0.0,0.0,0.0,0.0,0.0,0.0,0.0,0.0,0.0,0.0,0.0,0.0,0.0,0.0,8.0,2.0,1.0
1353,11.273865600000022,0,8.4798,1.6972,1.5142,1.3389,0.1589,0.0034,0.0044,0.0002,0.0313,0.0419,0.0027,0.0009,0.0123,0.0002,0.0016,0.0022,0.0001,0.0002,0.0094,0.0013,0.0004,0.0001,0.0021,0.0859,0.0195,0.0001,0.0043,0.0,95.0,0.0,32.0,63.0,26.0,0.0,0.0,0.0,0.0,0.0,0.0,0.0,0.0,0.0,0.0,0.0,0.0,0.0,0.0,0.0,0.0,0.0,0.0,8.0,2.0,1.0
1354,11.282345400000022,0,8.1983,1.8925,1.5639,1.6089,0.1645,0.003,0.0036,0.0002,0.0439,0.0528,0.0029,0.001,0.012,0.0001,0.0015,0.0017,0.0,0.0001,0.0084,0.0018,0.0004,0.0001,0.0019,0.0957,0.0142,0.0,0.0053,0.0,95.0,0.0,32.0,63.0,26.0,0.0,0.0,0.0,0.0,0.0,0.0,0.0,0.0,0.0,0.0,0.0,0.0,0.0,0.0,0.0,0.0,0.0,0.0,8.0,2.0,1.0
1355,11.290543700000022,0,8.3319,2.0325,1.4031,1.6425,0.1454,0.0045,0.0042,0.0003,0.0275,0.0393,0.0025,0.0008,0.0106,0.0002,0.0015,0.0019,0.0001,0.0001,0.0087,0.0018,0.0005,0.0,0.0019,0.0801,0.0155,0.0,0.004,0.0,95.0,0.0,32.0,63.0,26.0,0.0,0.0,0.0,0.0,0.0,0.0,0.0,0.0,0.0,0.0,0.0,0.0,0.0,0.0,0.0,0.0,0.0,0.0,8.0,2.0,1.0
1356,11.298875600000022,0,8.3737,1.6866,1.4781,1.3641,0.1584,0.004,0.0031,0.0002,0.0419,0.0524,0.0027,0.001,0.0117,0.0001,0.0016,0.0019,0.0002,0.0001,0.0088,0.0014,0.0005,0.0001,0.002,0.094,0.0169,0.0001,0.0039,0.0,95.0,0.0,32.0,63.0,26.0,0.0,0.0,0.0,0.0,0.0,0.0,0.0,0.0,0.0,0.0,0.0,0.0,0.0,0.0,0.0,0.0,0.0,0.0,8.0,2.0,1.0
1357,11.307249300000022,0,8.3062,1.7025,1.5195,1.4751,0.1481,0.0042,0.0042,0.0002,0.0279,0.0395,0.0022,0.0007,0.0107,0.0002,0.0017,0.0021,0.0001,0.0001,0.0083,0.0022,0.0005,0.0001,0.002,0.081,0.0131,0.0,0.0042,0.0,95.0,0.0,32.0,63.0,26.0,0.0,0.0,0.0,0.0,0.0,0.0,0.0,0.0,0.0,0.0,0.0,0.0,0.0,0.0,0.0,0.0,0.0,0.0,8.0,2.0,1.0
1358,11.315555500000022,0,8.3683,1.8384,1.4704,1.6141,0.1459,0.003,0.0034,0.0002,0.0374,0.0465,0.0025,0.0009,0.0111,0.0001,0.0016,0.0021,0.0001,0.0001,0.0084,0.0011,0.0004,0.0001,0.0018,0.0857,0.0132,0.0001,0.004,0.0,95.0,0.0,32.0,63.0,26.0,0.0,0.0,0.0,0.0,0.0,0.0,0.0,0.0,0.0,0.0,0.0,0.0,0.0,0.0,0.0,0.0,0.0,0.0,8.0,2.0,1.0
1359,11.323923800000022,0,8.2657,1.7684,1.487,1.3804,0.1436,0.0034,0.0034,0.0002,0.0279,0.0373,0.0021,0.0008,0.0112,0.0002,0.0017,0.0022,0.0001,0.0001,0.0089,0.0012,0.0005,0.0001,0.0021,0.0802,0.0148,0.0,0.0042,0.0,95.0,0.0,32.0,63.0,26.0,0.0,0.0,0.0,0.0,0.0,0.0,0.0,0.0,0.0,0.0,0.0,0.0,0.0,0.0,0.0,0.0,0.0,0.0,8.0,2.0,1.0
1360,11.332189500000023,0,8.3278,1.8051,1.4226,1.4736,0.1525,0.0036,0.0031,0.0002,0.04,0.0491,0.0021,0.0009,0.0111,0.0002,0.0015,0.002,0.0001,0.0001,0.0084,0.0013,0.0005,0.0,0.0018,0.0902,0.0157,0.0,0.0035,0.0,95.0,0.0,32.0,63.0,26.0,0.0,0.0,0.0,0.0,0.0,0.0,0.0,0.0,0.0,0.0,0.0,0.0,0.0,0.0,0.0,0.0,0.0,0.0,8.0,2.0,1.0
1361,11.340517300000023,0,8.2998,1.7322,1.4482,1.5012,0.1555,0.0037,0.0037,0.0002,0.0324,0.0425,0.0023,0.0008,0.0128,0.0001,0.0015,0.0021,0.0,0.0001,0.0087,0.0012,0.0005,0.0,0.0018,0.0886,0.0163,0.0,0.0043,0.0,95.0,0.0,32.0,63.0,26.0,0.0,0.0,0.0,0.0,0.0,0.0,0.0,0.0,0.0,0.0,0.0,0.0,0.0,0.0,0.0,0.0,0.0,0.0,8.0,2.0,1.0
1362,11.348817100000023,0,8.4833,1.8,1.4502,1.483,0.1576,0.0029,0.004,0.0002,0.0375,0.047,0.0025,0.0009,0.0121,0.0001,0.002,0.0016,0.0001,0.0001,0.009,0.0013,0.0007,0.0001,0.002,0.0903,0.014,0.0001,0.0045,0.0,95.0,0.0,32.0,63.0,26.0,0.0,0.0,0.0,0.0,0.0,0.0,0.0,0.0,0.0,0.0,0.0,0.0,0.0,0.0,0.0,0.0,0.0,0.0,8.0,2.0,1.0
1363,11.357300400000023,0,8.2847,1.678,1.5525,1.6462,0.1447,0.0031,0.0038,0.0002,0.0289,0.0384,0.0027,0.001,0.0093,0.0007,0.0019,0.002,0.0001,0.0001,0.0092,0.0012,0.0004,0.0,0.0018,0.0795,0.0138,0.0001,0.0048,0.0,95.0,0.0,32.0,63.0,26.0,0.0,0.0,0.0,0.0,0.0,0.0,0.0,0.0,0.0,0.0,0.0,0.0,0.0,0.0,0.0,0.0,0.0,0.0,8.0,2.0,1.0
1364,11.365585100000024,0,8.3262,1.7047,1.4893,1.4294,0.151,0.0033,0.0039,0.0002,0.0353,0.0455,0.0021,0.0013,0.0121,0.0005,0.0014,0.002,0.0001,0.0001,0.0081,0.0013,0.0007,0.0001,0.0018,0.0871,0.0155,0.0,0.0038,0.0,95.0,0.0,32.0,63.0,26.0,0.0,0.0,0.0,0.0,0.0,0.0,0.0,0.0,0.0,0.0,0.0,0.0,0.0,0.0,0.0,0.0,0.0,0.0,8.0,2.0,1.0
1365,11.373911300000024,0,8.3836,1.7742,1.499,1.5342,0.1522,0.0041,0.0041,0.0002,0.0292,0.0403,0.0022,0.0008,0.0111,0.0001,0.0018,0.0022,0.0001,0.0001,0.0085,0.0012,0.0005,0.0001,0.0021,0.0812,0.0151,0.0,0.0048,0.0,95.0,0.0,32.0,63.0,26.0,0.0,0.0,0.0,0.0,0.0,0.0,0.0,0.0,0.0,0.0,0.0,0.0,0.0,0.0,0.0,0.0,0.0,0.0,8.0,2.0,1.0
1366,11.382294900000025,0,8.5758,1.8089,1.7698,1.7068,0.1621,0.003,0.0035,0.0003,0.0389,0.0483,0.0021,0.0013,0.0106,0.0002,0.0019,0.0018,0.0002,0.0002,0.0088,0.0016,0.0004,0.0002,0.0018,0.0904,0.0168,0.0,0.0052,0.0,95.0,0.0,32.0,63.0,26.0,0.0,0.0,0.0,0.0,0.0,0.0,0.0,0.0,0.0,0.0,0.0,0.0,0.0,0.0,0.0,0.0,0.0,0.0,8.0,2.0,1.0
1367,11.390870700000024,0,8.156,2.017,1.6436,1.7858,0.1717,0.0034,0.0036,0.0002,0.0315,0.0418,0.0034,0.0013,0.0149,0.0002,0.0024,0.0025,0.0001,0.0002,0.0124,0.002,0.0006,0.0001,0.0024,0.0941,0.0184,0.0001,0.0054,0.0,95.0,0.0,32.0,63.0,26.0,0.0,0.0,0.0,0.0,0.0,0.0,0.0,0.0,0.0,0.0,0.0,0.0,0.0,0.0,0.0,0.0,0.0,0.0,8.0,2.0,1.0
1368,11.399026700000023,0,8.3869,2.401,1.655,1.4978,0.1678,0.0041,0.0041,0.0003,0.0377,0.0491,0.0024,0.0012,0.0126,0.0001,0.0016,0.0019,0.0004,0.0001,0.0098,0.0016,0.0005,0.0001,0.0022,0.094,0.0174,0.0001,0.0049,0.0,95.0,0.0,32.0,63.0,26.0,0.0,0.0,0.0,0.0,0.0,0.0,0.0,0.0,0.0,0.0,0.0,0.0,0.0,0.0,0.0,0.0,0.0,0.0,8.0,2.0,1.0
1369,11.407413600000023,0,8.403,1.9743,1.5916,1.9144,0.1436,0.0029,0.0041,0.0001,0.0287,0.0384,0.0021,0.0009,0.0096,0.0001,0.002,0.0015,0.0001,0.0006,0.009,0.0012,0.0009,0.0001,0.0018,0.0769,0.0145,0.0,0.005,0.0,95.0,0.0,32.0,63.0,26.0,0.0,0.0,0.0,0.0,0.0,0.0,0.0,0.0,0.0,0.0,0.0,0.0,0.0,0.0,0.0,0.0,0.0,0.0,8.0,2.0,1.0
1370,11.415816600000023,0,8.201,1.8755,1.7805,1.4481,0.1661,0.0028,0.0039,0.0002,0.0406,0.0509,0.0024,0.001,0.0117,0.0001,0.0018,0.0024,0.0001,0.0001,0.0097,0.0013,0.0005,0.0001,0.002,0.0945,0.0157,0.0001,0.0043,0.0,95.0,0.0,32.0,63.0,26.0,0.0,0.0,0.0,0.0,0.0,0.0,0.0,0.0,0.0,0.0,0.0,0.0,0.0,0.0,0.0,0.0,0.0,0.0,8.0,2.0,1.0
1371,11.424017600000022,0,8.2572,1.9245,1.5371,1.7213,0.1541,0.0034,0.0039,0.0002,0.0357,0.0459,0.0022,0.0014,0.0116,0.0001,0.0022,0.0016,0.0001,0.0001,0.0089,0.0018,0.0005,0.0,0.0017,0.0874,0.0163,0.0,0.0037,0.0,95.0,0.0,32.0,63.0,26.0,0.0,0.0,0.0,0.0,0.0,0.0,0.0,0.0,0.0,0.0,0.0,0.0,0.0,0.0,0.0,0.0,0.0,0.0,8.0,2.0,1.0
1372,11.432274800000021,0,8.3878,1.8517,1.5828,1.578,0.1612,0.0039,0.0041,0.0003,0.037,0.0482,0.002,0.001,0.0093,0.0006,0.0015,0.0016,0.0003,0.0001,0.0086,0.0011,0.0007,0.0001,0.0017,0.0858,0.0156,0.0001,0.0051,0.0,95.0,0.0,32.0,63.0,26.0,0.0,0.0,0.0,0.0,0.0,0.0,0.0,0.0,0.0,0.0,0.0,0.0,0.0,0.0,0.0,0.0,0.0,0.0,8.0,2.0,1.0
1373,11.44066260000002,0,8.3562,1.8782,1.5545,1.3775,0.1509,0.004,0.0041,0.0004,0.0312,0.042,0.0032,0.0008,0.0123,0.0001,0.002,0.0017,0.0,0.0002,0.0088,0.0012,0.0005,0.0001,0.0017,0.0835,0.0157,0.0,0.0041,0.0,95.0,0.0,32.0,63.0,26.0,0.0,0.0,0.0,0.0,0.0,0.0,0.0,0.0,0.0,0.0,0.0,0.0,0.0,0.0,0.0,0.0,0.0,0.0,8.0,2.0,1.0
1374,11.44901880000002,0,8.3905,1.9763,1.6702,1.6309,0.1645,0.0038,0.0042,0.0003,0.0349,0.0467,0.0024,0.0009,0.0108,0.0002,0.0017,0.002,0.0002,0.0001,0.01,0.0013,0.0006,0.0001,0.002,0.0904,0.0163,0.0,0.0047,0.0,95.0,0.0,32.0,63.0,26.0,0.0,0.0,0.0,0.0,0.0,0.0,0.0,0.0,0.0,0.0,0.0,0.0,0.0,0.0,0.0,0.0,0.0,0.0,8.0,2.0,1.0
1375,11.457409300000021,0,8.2772,1.8465,1.6338,1.5288,0.1639,0.003,0.004,0.0003,0.0338,0.0444,0.003,0.001,0.0132,0.0001,0.0019,0.0017,0.0006,0.0001,0.0092,0.0016,0.0005,0.0001,0.0026,0.0903,0.0165,0.0001,0.005,0.0,95.0,0.0,32.0,63.0,26.0,0.0,0.0,0.0,0.0,0.0,0.0,0.0,0.0,0.0,0.0,0.0,0.0,0.0,0.0,0.0,0.0,0.0,0.0,8.0,2.0,1.0
1376,11.465686500000022,0,8.3003,1.9887,1.5477,1.6604,0.1558,0.0027,0.0045,0.0002,0.0383,0.0479,0.0024,0.001,0.0113,0.0001,0.0022,0.0016,0.0006,0.0001,0.0089,0.0016,0.0004,0.0001,0.0021,0.0908,0.0136,0.0,0.0047,0.0,95.0,0.0,32.0,63.0,26.0,0.0,0.0,0.0,0.0,0.0,0.0,0.0,0.0,0.0,0.0,0.0,0.0,0.0,0.0,0.0,0.0,0.0,0.0,8.0,2.0,1.0
1377,11.473986800000022,0,8.453,1.8359,1.6122,1.5861,0.16,0.0033,0.0036,0.0003,0.0338,0.0433,0.003,0.0011,0.0134,0.0004,0.0015,0.0019,0.0001,0.0002,0.0091,0.0015,0.0005,0.0001,0.0025,0.0886,0.016,0.0,0.0045,0.0,95.0,0.0,32.0,63.0,26.0,0.0,0.0,0.0,0.0,0.0,0.0,0.0,0.0,0.0,0.0,0.0,0.0,0.0,0.0,0.0,0.0,0.0,0.0,8.0,2.0,1.0
1378,11.482439800000021,0,8.2762,1.8936,1.7407,1.7738,0.1513,0.004,0.0054,0.0002,0.0216,0.0337,0.0022,0.001,0.0119,0.0001,0.0018,0.0016,0.0001,0.0001,0.0092,0.002,0.0004,0.0001,0.0019,0.0768,0.0185,0.0,0.0045,0.0,95.0,0.0,32.0,63.0,26.0,0.0,0.0,0.0,0.0,0.0,0.0,0.0,0.0,0.0,0.0,0.0,0.0,0.0,0.0,0.0,0.0,0.0,0.0,8.0,2.0,1.0
1379,11.49071600000002,0,8.3754,1.7271,1.5987,1.4853,0.1578,0.0039,0.0045,0.0002,0.0274,0.0389,0.003,0.001,0.0124,0.0002,0.0022,0.0019,0.0006,0.0002,0.009,0.0019,0.0004,0.0001,0.0027,0.085,0.0139,0.0001,0.0048,0.0,95.0,0.0,32.0,63.0,28.0,0.0,0.0,0.0,0.0,0.0,0.0,0.0,0.0,0.0,0.0,0.0,0.0,0.0,0.0,0.0,0.0,0.0,0.0,8.0,2.0,1.0
1380,11.49909140000002,0,8.3099,1.8834,1.6844,1.5793,0.1797,0.003,0.0038,0.0002,0.0431,0.0537,0.0026,0.0013,0.0133,0.0001,0.0016,0.0021,0.0001,0.0001,0.0095,0.0013,0.0005,0.0001,0.0022,0.0997,0.0202,0.0,0.005,0.0,95.0,0.0,32.0,63.0,28.0,0.0,0.0,0.0,0.0,0.0,0.0,0.0,0.0,0.0,0.0,0.0,0.0,0.0,0.0,0.0,0.0,0.0,0.0,8.0,2.0,1.0
1381,11.507401300000021,0,8.268,1.9277,1.6368,1.8235,0.1629,0.0042,0.0043,0.0002,0.0308,0.0424,0.0025,0.0009,0.0128,0.0001,0.0023,0.0017,0.0001,0.0002,0.0092,0.0014,0.001,0.0001,0.0021,0.0893,0.017,0.0001,0.0053,0.0,95.0,0.0,32.0,63.0,28.0,0.0,0.0,0.0,0.0,0.0,0.0,0.0,0.0,0.0,0.0,0.0,0.0,0.0,0.0,0.0,0.0,0.0,0.0,8.0,2.0,1.0
1382,11.51566930000002,0,8.261,1.9739,1.5505,1.3669,0.1549,0.0024,0.0036,0.0002,0.0383,0.0469,0.0023,0.0012,0.012,0.0002,0.0016,0.0022,0.0001,0.0001,0.0087,0.0017,0.0005,0.0001,0.002,0.0895,0.0154,0.0,0.0039,0.0,95.0,0.0,32.0,63.0,28.0,0.0,0.0,0.0,0.0,0.0,0.0,0.0,0.0,0.0,0.0,0.0,0.0,0.0,0.0,0.0,0.0,0.0,0.0,8.0,2.0,1.0
1383,11.52393030000002,0,8.3491,1.7805,1.4787,1.3796,0.1422,0.0032,0.0055,0.0005,0.0265,0.0379,0.0019,0.0011,0.0095,0.0001,0.0022,0.0017,0.0,0.0001,0.0089,0.0012,0.0005,0.0,0.0017,0.0755,0.0172,0.0001,0.0054,0.0,95.0,0.0,32.0,63.0,28.0,0.0,0.0,0.0,0.0,0.0,0.0,0.0,0.0,0.0,0.0,0.0,0.0,0.0,0.0,0.0,0.0,0.0,0.0,8.0,2.0,1.0
1384,11.53227940000002,0,8.3942,1.6934,1.5337,1.5296,0.1603,0.0039,0.0059,0.0002,0.0332,0.046,0.0023,0.0009,0.0101,0.0001,0.0015,0.0022,0.0001,0.0002,0.009,0.0013,0.0006,0.0,0.0024,0.0868,0.0126,0.0001,0.0046,0.0,95.0,0.0,32.0,63.0,28.0,0.0,0.0,0.0,0.0,0.0,0.0,0.0,0.0,0.0,0.0,0.0,0.0,0.0,0.0,0.0,0.0,0.0,0.0,8.0,2.0,1.0
1385,11.54067360000002,0,8.236,1.6857,1.5602,1.4846,0.1525,0.0042,0.0042,0.0001,0.0304,0.0417,0.0029,0.0014,0.0133,0.0002,0.0015,0.0019,0.0002,0.0001,0.0082,0.0013,0.0007,0.0,0.0021,0.0847,0.0144,0.0,0.0046,0.0,95.0,0.0,32.0,63.0,28.0,0.0,0.0,0.0,0.0,0.0,0.0,0.0,0.0,0.0,0.0,0.0,0.0,0.0,0.0,0.0,0.0,0.0,0.0,8.0,2.0,1.0
1386,11.54890960000002,0,8.3503,1.8257,1.4968,1.3591,0.1593,0.0036,0.004,0.0003,0.0429,0.0532,0.0022,0.001,0.0114,0.0002,0.0015,0.0022,0.0001,0.0001,0.0084,0.0019,0.0005,0.0,0.0021,0.095,0.0125,0.0,0.0053,0.0,95.0,0.0,32.0,63.0,28.0,0.0,0.0,0.0,0.0,0.0,0.0,0.0,0.0,0.0,0.0,0.0,0.0,0.0,0.0,0.0,0.0,0.0,0.0,8.0,2.0,1.0
1387,11.55725990000002,0,8.3454,1.8019,1.5377,1.4132,0.1478,0.0029,0.0036,0.0002,0.0306,0.0398,0.0022,0.0011,0.0124,0.0001,0.0016,0.0021,0.0001,0.0001,0.0084,0.0019,0.0005,0.0001,0.0021,0.0826,0.0157,0.0,0.005,0.0,95.0,0.0,32.0,63.0,28.0,0.0,0.0,0.0,0.0,0.0,0.0,0.0,0.0,0.0,0.0,0.0,0.0,0.0,0.0,0.0,0.0,0.0,0.0,8.0,2.0,1.0
1388,11.56560530000002,0,8.2753,1.8622,1.4906,1.5224,0.1421,0.0031,0.0037,0.0005,0.0346,0.0441,0.0019,0.0008,0.0103,0.0001,0.0021,0.0015,0.0001,0.0001,0.0082,0.0016,0.0004,0.0001,0.0017,0.0824,0.0127,0.0001,0.0042,0.0,95.0,0.0,32.0,63.0,28.0,0.0,0.0,0.0,0.0,0.0,0.0,0.0,0.0,0.0,0.0,0.0,0.0,0.0,0.0,0.0,0.0,0.0,0.0,8.0,2.0,1.0
1389,11.573880600000019,0,8.5986,1.7602,1.617,1.3332,0.1641,0.0028,0.0039,0.0003,0.0325,0.0426,0.0025,0.0009,0.0133,0.0001,0.0017,0.0023,0.0001,0.0001,0.0098,0.0014,0.0005,0.0001,0.0021,0.0888,0.0181,0.0,0.0052,0.0,95.0,0.0,32.0,63.0,28.0,0.0,0.0,0.0,0.0,0.0,0.0,0.0,0.0,0.0,0.0,0.0,0.0,0.0,0.0,0.0,0.0,0.0,0.0,8.0,2.0,1.0
1390,11.582479200000018,0,8.2335,1.8652,1.6852,1.5666,0.1679,0.0052,0.0044,0.0003,0.0377,0.0504,0.0022,0.001,0.0121,0.0002,0.0017,0.0021,0.0001,0.0001,0.0089,0.0014,0.0005,0.0001,0.0019,0.0941,0.016,0.0001,0.0053,0.0,95.0,0.0,32.0,63.0,28.0,0.0,0.0,0.0,0.0,0.0,0.0,0.0,0.0,0.0,0.0,0.0,0.0,0.0,0.0,0.0,0.0,0.0,0.0,8.0,2.0,1.0
1391,11.590712700000017,0,8.148,1.6922,1.4989,1.6632,0.1487,0.0046,0.0033,0.0002,0.0311,0.0416,0.0027,0.0009,0.013,0.0001,0.0014,0.0023,0.0002,0.0001,0.0089,0.0019,0.0005,0.0,0.0021,0.0862,0.0148,0.0,0.0054,0.0,95.0,0.0,32.0,63.0,28.0,0.0,0.0,0.0,0.0,0.0,0.0,0.0,0.0,0.0,0.0,0.0,0.0,0.0,0.0,0.0,0.0,0.0,0.0,8.0,2.0,1.0
1392,11.598860700000017,0,8.3666,1.6596,1.445,1.4129,0.1516,0.0032,0.0032,0.0003,0.0395,0.0491,0.0022,0.0009,0.0102,0.0001,0.0014,0.002,0.0,0.0001,0.009,0.0012,0.0005,0.0001,0.002,0.0883,0.0146,0.0001,0.0046,0.0,95.0,0.0,32.0,63.0,28.0,0.0,0.0,0.0,0.0,0.0,0.0,0.0,0.0,0.0,0.0,0.0,0.0,0.0,0.0,0.0,0.0,0.0,0.0,8.0,2.0,1.0
1393,11.607227300000018,0,8.2649,1.6109,1.461,1.3418,0.1306,0.0025,0.0036,0.0001,0.0261,0.0342,0.0018,0.001,0.0074,0.0001,0.0015,0.0018,0.0001,0.0002,0.008,0.0011,0.0008,0.0001,0.0016,0.0693,0.0149,0.0001,0.0053,0.0,95.0,0.0,32.0,63.0,28.0,0.0,0.0,0.0,0.0,0.0,0.0,0.0,0.0,0.0,0.0,0.0,0.0,0.0,0.0,0.0,0.0,0.0,0.0,8.0,2.0,1.0
1394,11.615492200000018,0,8.3238,1.6281,1.3911,1.5619,0.1412,0.0025,0.0037,0.0002,0.0344,0.0428,0.002,0.0007,0.009,0.0002,0.0013,0.0018,0.0001,0.0001,0.0079,0.0011,0.0005,0.0,0.0018,0.0795,0.0164,0.0,0.0052,0.0,95.0,0.0,32.0,63.0,28.0,0.0,0.0,0.0,0.0,0.0,0.0,0.0,0.0,0.0,0.0,0.0,0.0,0.0,0.0,0.0,0.0,0.0,0.0,8.0,2.0,1.0
1395,11.623816000000017,0,8.3359,1.6941,1.3888,1.4617,0.1424,0.0038,0.0035,0.0002,0.0301,0.0397,0.0027,0.0009,0.0113,0.0001,0.0014,0.0017,0.0001,0.0002,0.0082,0.0012,0.0004,0.0,0.0025,0.0802,0.0145,0.0,0.005,0.0,95.0,0.0,32.0,63.0,28.0,0.0,0.0,0.0,0.0,0.0,0.0,0.0,0.0,0.0,0.0,0.0,0.0,0.0,0.0,0.0,0.0,0.0,0.0,8.0,2.0,1.0
1396,11.632151900000018,0,8.328,1.7263,1.411,1.4624,0.1546,0.0042,0.0038,0.0002,0.0389,0.0494,0.0029,0.001,0.013,0.0001,0.0016,0.0016,0.0001,0.0002,0.0082,0.0013,0.0009,0.0001,0.002,0.0916,0.0121,0.0001,0.0053,0.0,95.0,0.0,32.0,63.0,28.0,0.0,0.0,0.0,0.0,0.0,0.0,0.0,0.0,0.0,0.0,0.0,0.0,0.0,0.0,0.0,0.0,0.0,0.0,8.0,2.0,1.0
1397,11.640479900000019,0,8.41,1.789,1.4066,1.5355,0.1478,0.0028,0.0038,0.0002,0.0289,0.0389,0.0024,0.0011,0.012,0.0002,0.0015,0.0018,0.0001,0.0001,0.0076,0.0013,0.0005,0.0,0.002,0.0789,0.0152,0.0001,0.0054,0.0,95.0,0.0,32.0,63.0,28.0,0.0,0.0,0.0,0.0,0.0,0.0,0.0,0.0,0.0,0.0,0.0,0.0,0.0,0.0,0.0,0.0,0.0,0.0,8.0,2.0,1.0
1398,11.648889900000018,0,8.37,1.7722,1.478,1.4965,0.1557,0.0029,0.0041,0.0003,0.0383,0.0478,0.0022,0.0009,0.0116,0.0002,0.0017,0.0015,0.0004,0.0001,0.0085,0.0012,0.0006,0.0001,0.002,0.0894,0.0168,0.0,0.0043,0.0,95.0,0.0,32.0,63.0,28.0,0.0,0.0,0.0,0.0,0.0,0.0,0.0,0.0,0.0,0.0,0.0,0.0,0.0,0.0,0.0,0.0,0.0,0.0,8.0,2.0,1.0
1399,11.657259900000017,0,8.2465,1.74,1.4725,1.5989,0.1381,0.0027,0.0036,0.0002,0.0273,0.0367,0.0024,0.0008,0.0081,0.0002,0.002,0.0015,0.0001,0.0001,0.0087,0.0012,0.0004,0.0001,0.002,0.0739,0.0141,0.0,0.005,0.0,95.0,0.0,32.0,63.0,28.0,0.0,0.0,0.0,0.0,0.0,0.0,0.0,0.0,0.0,0.0,0.0,0.0,0.0,0.0,0.0,0.0,0.0,0.0,8.0,2.0,1.0
1400,11.665506400000018,0,8.3843,1.7643,1.447,1.3868,0.1547,0.0035,0.0042,0.0002,0.0357,0.0466,0.0021,0.0008,0.0102,0.0001,0.0015,0.0022,0.0001,0.0002,0.0084,0.0013,0.0004,0.0001,0.0021,0.0863,0.0148,0.0,0.0044,0.0,95.0,0.0,32.0,63.0,28.0,0.0,0.0,0.0,0.0,0.0,0.0,0.0,0.0,0.0,0.0,0.0,0.0,0.0,0.0,0.0,0.0,0.0,0.0,8.0,2.0,1.0
1401,11.673890700000017,0,8.3345,1.6861,1.4746,1.4199,0.1484,0.0027,0.0051,0.0002,0.029,0.0394,0.0021,0.0009,0.0105,0.0001,0.0015,0.0015,0.0004,0.0001,0.0089,0.0013,0.0007,0.0,0.0021,0.08,0.0134,0.0,0.0054,0.0,95.0,0.0,32.0,63.0,28.0,0.0,0.0,0.0,0.0,0.0,0.0,0.0,0.0,0.0,0.0,0.0,0.0,0.0,0.0,0.0,0.0,0.0,0.0,8.0,2.0,1.0
1402,11.682225200000017,0,8.2983,1.6182,1.4977,1.4554,0.1435,0.0015,0.0043,0.0002,0.0242,0.0336,0.0026,0.0009,0.0099,0.0001,0.0015,0.0018,0.0001,0.0001,0.008,0.0012,0.0009,0.0001,0.0019,0.0718,0.0167,0.0001,0.0043,0.0,95.0,0.0,32.0,63.0,28.0,0.0,0.0,0.0,0.0,0.0,0.0,0.0,0.0,0.0,0.0,0.0,0.0,0.0,0.0,0.0,0.0,0.0,0.0,8.0,2.0,1.0
1403,11.690523500000017,0,8.3868,1.675,1.3465,1.4162,0.1304,0.0033,0.0033,0.0002,0.0256,0.0351,0.0019,0.001,0.0079,0.0001,0.0013,0.002,0.0001,0.0002,0.0085,0.0011,0.0006,0.0,0.0017,0.0706,0.0114,0.0001,0.0046,0.0,95.0,0.0,32.0,63.0,28.0,0.0,0.0,0.0,0.0,0.0,0.0,0.0,0.0,0.0,0.0,0.0,0.0,0.0,0.0,0.0,0.0,0.0,0.0,8.0,2.0,1.0
1404,11.698910300000017,0,8.2212,1.7773,1.5136,1.4871,0.1498,0.0037,0.0035,0.0001,0.0383,0.0483,0.0025,0.0009,0.0103,0.0002,0.0014,0.0019,0.0001,0.0002,0.0084,0.0018,0.0005,0.0001,0.002,0.0882,0.0148,0.0,0.0049,0.0,95.0,0.0,32.0,63.0,28.0,0.0,0.0,0.0,0.0,0.0,0.0,0.0,0.0,0.0,0.0,0.0,0.0,0.0,0.0,0.0,0.0,0.0,0.0,8.0,2.0,1.0
1405,11.707131500000017,0,8.3667,1.5717,1.3691,1.4372,0.1451,0.0034,0.0035,0.0002,0.0285,0.0383,0.0022,0.0009,0.0119,0.0007,0.0015,0.0016,0.0001,0.0001,0.009,0.0017,0.0004,0.0001,0.002,0.0814,0.0144,0.0,0.0041,0.0,95.0,0.0,32.0,63.0,28.0,0.0,0.0,0.0,0.0,0.0,0.0,0.0,0.0,0.0,0.0,0.0,0.0,0.0,0.0,0.0,0.0,0.0,0.0,8.0,2.0,1.0
1406,11.715498200000017,0,8.4305,1.7901,1.4785,1.4136,0.1569,0.0033,0.0038,0.0003,0.038,0.048,0.0023,0.001,0.0122,0.0001,0.0015,0.0018,0.0001,0.0001,0.0084,0.0013,0.0005,0.0001,0.0026,0.0895,0.0165,0.0,0.0044,0.0,95.0,0.0,32.0,63.0,28.0,0.0,0.0,0.0,0.0,0.0,0.0,0.0,0.0,0.0,0.0,0.0,0.0,0.0,0.0,0.0,0.0,0.0,0.0,8.0,2.0,1.0
1407,11.723928700000016,0,8.3108,1.7128,1.4741,1.3965,0.1494,0.0031,0.0038,0.0002,0.0361,0.0454,0.0022,0.0009,0.0115,0.0001,0.0016,0.0017,0.0001,0.0001,0.0084,0.0018,0.0005,0.0002,0.0018,0.0866,0.0142,0.0001,0.0047,0.0,95.0,0.0,32.0,63.0,28.0,0.0,0.0,0.0,0.0,0.0,0.0,0.0,0.0,0.0,0.0,0.0,0.0,0.0,0.0,0.0,0.0,0.0,0.0,8.0,2.0,1.0
1408,11.732239500000016,0,8.2974,1.6045,1.4921,1.2814,0.1512,0.0035,0.0034,0.0001,0.0389,0.0484,0.0022,0.0007,0.0108,0.0001,0.0016,0.0015,0.0,0.0001,0.0078,0.0013,0.0005,0.0001,0.0017,0.0866,0.0167,0.0,0.0045,0.0,95.0,0.0,32.0,63.0,30.0,0.0,0.0,0.0,0.0,0.0,0.0,0.0,0.0,0.0,0.0,0.0,0.0,0.0,0.0,0.0,0.0,0.0,0.0,8.0,2.0,1.0
1409,11.740536900000016,0,8.4374,1.653,1.4661,1.43,0.1515,0.003,0.0044,0.0001,0.0301,0.0404,0.003,0.0009,0.0115,0.0001,0.0019,0.0016,0.0002,0.0001,0.0085,0.0012,0.0005,0.0001,0.0021,0.0816,0.0148,0.0001,0.0061,0.0,95.0,0.0,32.0,63.0,30.0,0.0,0.0,0.0,0.0,0.0,0.0,0.0,0.0,0.0,0.0,0.0,0.0,0.0,0.0,0.0,0.0,0.0,0.0,8.0,2.0,1.0
1410,11.748974300000016,0,8.2445,1.8069,1.528,1.5149,0.1657,0.0044,0.0038,0.0003,0.0451,0.0557,0.0023,0.001,0.011,0.0001,0.002,0.0015,0.0001,0.0001,0.0089,0.0012,0.0004,0.0001,0.002,0.097,0.0156,0.0,0.0044,0.0,95.0,0.0,32.0,63.0,30.0,0.0,0.0,0.0,0.0,0.0,0.0,0.0,0.0,0.0,0.0,0.0,0.0,0.0,0.0,0.0,0.0,0.0,0.0,8.0,2.0,1.0
1411,11.757218800000016,0,8.352,1.6542,1.4569,1.3687,0.1509,0.0039,0.0043,0.0002,0.0303,0.0415,0.0023,0.0012,0.0124,0.0001,0.0016,0.0014,0.0006,0.0001,0.009,0.0019,0.0005,0.0001,0.0022,0.0847,0.0111,0.0001,0.005,0.0,95.0,0.0,32.0,63.0,30.0,0.0,0.0,0.0,0.0,0.0,0.0,0.0,0.0,0.0,0.0,0.0,0.0,0.0,0.0,0.0,0.0,0.0,0.0,8.0,2.0,1.0
1412,11.765570800000017,0,8.2216,1.6528,1.4057,1.4135,0.1398,0.0024,0.003,0.0006,0.0353,0.0433,0.0019,0.0008,0.0096,0.0005,0.0015,0.0014,0.0001,0.0001,0.0082,0.0012,0.0005,0.0001,0.0017,0.0807,0.0148,0.0,0.0045,0.0,95.0,0.0,32.0,63.0,30.0,0.0,0.0,0.0,0.0,0.0,0.0,0.0,0.0,0.0,0.0,0.0,0.0,0.0,0.0,0.0,0.0,0.0,0.0,8.0,2.0,1.0
1413,11.773792400000017,0,8.4561,1.6909,1.448,1.4192,0.1471,0.0032,0.0039,0.0002,0.0294,0.0396,0.0022,0.0007,0.0083,0.0001,0.002,0.0015,0.0001,0.0001,0.0085,0.0013,0.0005,0.0001,0.0019,0.0805,0.015,0.0001,0.0049,0.0,95.0,0.0,32.0,63.0,30.0,0.0,0.0,0.0,0.0,0.0,0.0,0.0,0.0,0.0,0.0,0.0,0.0,0.0,0.0,0.0,0.0,0.0,0.0,8.0,2.0,1.0
1414,11.782248500000017,0,8.3825,1.6198,1.5306,1.5036,0.1647,0.0045,0.0042,0.0003,0.0382,0.0499,0.0026,0.0008,0.0102,0.0001,0.0014,0.002,0.0001,0.0001,0.0088,0.0018,0.0005,0.0002,0.0021,0.0954,0.0151,0.0001,0.0067,0.0,95.0,0.0,32.0,63.0,28.0,0.0,0.0,0.0,0.0,0.0,0.0,0.0,0.0,0.0,0.0,0.0,0.0,0.0,0.0,0.0,0.0,0.0,0.0,8.0,2.0,1.0
1415,11.790631000000017,0,8.1519,1.5956,1.3881,1.4443,0.1258,0.0025,0.0031,0.0002,0.0248,0.0324,0.0019,0.0009,0.0102,0.0001,0.0016,0.0014,0.0,0.0005,0.0082,0.0011,0.0005,0.0,0.0017,0.0698,0.0119,0.0,0.005,0.0,95.0,0.0,32.0,63.0,28.0,0.0,0.0,0.0,0.0,0.0,0.0,0.0,0.0,0.0,0.0,0.0,0.0,0.0,0.0,0.0,0.0,0.0,0.0,8.0,2.0,1.0
1416,11.798782900000017,0,8.4114,1.6596,1.4169,1.3376,0.1553,0.0028,0.0044,0.0002,0.0375,0.0472,0.0024,0.0009,0.0122,0.0001,0.0019,0.0015,0.0,0.0001,0.0085,0.0013,0.0005,0.0001,0.002,0.0892,0.0145,0.0,0.005,0.0,95.0,0.0,32.0,63.0,28.0,0.0,0.0,0.0,0.0,0.0,0.0,0.0,0.0,0.0,0.0,0.0,0.0,0.0,0.0,0.0,0.0,0.0,0.0,8.0,2.0,1.0
1417,11.807194300000017,0,8.2538,1.7181,1.3856,1.3991,0.1399,0.0042,0.0039,0.0002,0.0279,0.0385,0.0022,0.0007,0.0081,0.0001,0.0015,0.0021,0.0001,0.0001,0.0076,0.0018,0.0004,0.0,0.0018,0.0759,0.0154,0.0001,0.0055,0.0,95.0,0.0,32.0,63.0,28.0,0.0,0.0,0.0,0.0,0.0,0.0,0.0,0.0,0.0,0.0,0.0,0.0,0.0,0.0,0.0,0.0,0.0,0.0,8.0,2.0,1.0
1418,11.815448100000017,0,8.4865,1.7315,1.4378,1.5498,0.155,0.003,0.0038,0.0001,0.0392,0.0481,0.0027,0.0008,0.0116,0.0002,0.0019,0.0017,0.0002,0.0001,0.0083,0.0013,0.0005,0.0001,0.0021,0.0905,0.0169,0.0,0.0051,0.0,95.0,0.0,32.0,63.0,28.0,0.0,0.0,0.0,0.0,0.0,0.0,0.0,0.0,0.0,0.0,0.0,0.0,0.0,0.0,0.0,0.0,0.0,0.0,8.0,2.0,1.0
1419,11.823934600000017,0,8.2572,1.6679,1.439,1.3707,0.1476,0.0037,0.0038,0.0002,0.0295,0.0399,0.0026,0.0009,0.0119,0.0002,0.0015,0.0018,0.0001,0.0001,0.0078,0.0018,0.0005,0.0,0.002,0.0803,0.0152,0.0001,0.0043,0.0,95.0,0.0,32.0,63.0,28.0,0.0,0.0,0.0,0.0,0.0,0.0,0.0,0.0,0.0,0.0,0.0,0.0,0.0,0.0,0.0,0.0,0.0,0.0,8.0,2.0,1.0
1420,11.832191800000016,0,8.3544,1.6112,1.4735,1.3713,0.1649,0.0033,0.0044,0.0003,0.0399,0.0503,0.0023,0.001,0.0111,0.0001,0.0023,0.0017,0.0001,0.0006,0.0086,0.0019,0.0005,0.0001,0.0021,0.0947,0.0146,0.0001,0.0048,0.0,95.0,0.0,32.0,63.0,28.0,0.0,0.0,0.0,0.0,0.0,0.0,0.0,0.0,0.0,0.0,0.0,0.0,0.0,0.0,0.0,0.0,0.0,0.0,8.0,2.0,1.0
1421,11.840546200000016,0,8.4634,1.5826,1.5327,1.4277,0.1473,0.0028,0.0039,0.0002,0.0308,0.0395,0.0022,0.0008,0.0083,0.0002,0.0019,0.0014,0.0001,0.0001,0.009,0.0013,0.0004,0.0004,0.002,0.0804,0.0137,0.0001,0.0061,0.0,95.0,0.0,32.0,63.0,28.0,0.0,0.0,0.0,0.0,0.0,0.0,0.0,0.0,0.0,0.0,0.0,0.0,0.0,0.0,0.0,0.0,0.0,0.0,8.0,2.0,1.0
1422,11.849009600000016,0,8.2308,1.6588,1.5092,1.4244,0.1544,0.0041,0.004,0.0002,0.0374,0.0486,0.0027,0.0009,0.0114,0.0001,0.002,0.0016,0.0001,0.0005,0.0084,0.0012,0.0005,0.0,0.0021,0.0893,0.0149,0.0,0.0051,0.0,95.0,0.0,32.0,63.0,28.0,0.0,0.0,0.0,0.0,0.0,0.0,0.0,0.0,0.0,0.0,0.0,0.0,0.0,0.0,0.0,0.0,0.0,0.0,8.0,2.0,1.0
1423,11.857240400000016,0,8.2302,1.6479,1.4141,1.4182,0.1424,0.0025,0.0032,0.0002,0.0328,0.0407,0.0023,0.0008,0.0114,0.0001,0.002,0.0013,0.0001,0.0001,0.0082,0.0015,0.0005,0.0,0.0019,0.0803,0.0144,0.0001,0.0051,0.0,95.0,0.0,32.0,63.0,28.0,0.0,0.0,0.0,0.0,0.0,0.0,0.0,0.0,0.0,0.0,0.0,0.0,0.0,0.0,0.0,0.0,0.0,0.0,8.0,2.0,1.0
1424,11.865470600000016,0,8.3295,1.6503,1.3924,1.4222,0.147,0.0031,0.0034,0.0002,0.0341,0.0437,0.0021,0.001,0.0107,0.0001,0.0016,0.0018,0.0001,0.0001,0.0079,0.0017,0.0005,0.0001,0.002,0.0833,0.0152,0.0,0.0047,0.0,95.0,0.0,32.0,63.0,28.0,0.0,0.0,0.0,0.0,0.0,0.0,0.0,0.0,0.0,0.0,0.0,0.0,0.0,0.0,0.0,0.0,0.0,0.0,8.0,2.0,1.0
1425,11.873800100000016,0,8.3615,1.6905,1.3749,1.5104,0.1474,0.0029,0.004,0.0003,0.028,0.0375,0.0021,0.0009,0.0117,0.0001,0.0016,0.0016,0.0004,0.0001,0.0082,0.0012,0.0009,0.0001,0.0022,0.0797,0.0153,0.0001,0.0043,0.0,95.0,0.0,32.0,63.0,28.0,0.0,0.0,0.0,0.0,0.0,0.0,0.0,0.0,0.0,0.0,0.0,0.0,0.0,0.0,0.0,0.0,0.0,0.0,8.0,2.0,1.0
1426,11.882161600000016,0,8.3273,1.6453,1.4149,1.5854,0.1476,0.0026,0.0032,0.0001,0.0344,0.0425,0.0027,0.0009,0.0123,0.0001,0.002,0.0014,0.0001,0.0006,0.0083,0.0013,0.0004,0.0001,0.0019,0.0851,0.0133,0.0001,0.0054,0.0,95.0,0.0,32.0,63.0,28.0,0.0,0.0,0.0,0.0,0.0,0.0,0.0,0.0,0.0,0.0,0.0,0.0,0.0,0.0,0.0,0.0,0.0,0.0,8.0,2.0,1.0
1427,11.890488900000015,0,8.2752,1.5768,1.3091,1.5476,0.1245,0.0028,0.0038,0.0002,0.0258,0.0343,0.0017,0.0011,0.0073,0.0002,0.0014,0.0017,0.0001,0.0001,0.0082,0.0011,0.0004,0.0,0.0017,0.0679,0.0136,0.0,0.0051,0.0,95.0,0.0,32.0,63.0,28.0,0.0,0.0,0.0,0.0,0.0,0.0,0.0,0.0,0.0,0.0,0.0,0.0,0.0,0.0,0.0,0.0,0.0,0.0,8.0,2.0,1.0
1428,11.898764100000015,0,8.3558,1.6879,1.3566,1.2877,0.1448,0.0033,0.0034,0.0002,0.0362,0.0453,0.0021,0.0008,0.0095,0.0001,0.0019,0.0014,0.0001,0.0007,0.0081,0.0012,0.0005,0.0,0.002,0.084,0.014,0.0,0.0042,0.0,95.0,0.0,32.0,63.0,28.0,0.0,0.0,0.0,0.0,0.0,0.0,0.0,0.0,0.0,0.0,0.0,0.0,0.0,0.0,0.0,0.0,0.0,0.0,8.0,2.0,1.0
1429,11.907119900000016,0,8.4622,1.5956,1.4179,1.6575,0.1517,0.0027,0.0037,0.0002,0.0317,0.0412,0.0021,0.0009,0.0122,0.0002,0.0016,0.0016,0.0005,0.0001,0.0084,0.0012,0.001,0.0001,0.0019,0.0829,0.0155,0.0,0.0055,0.0,95.0,0.0,32.0,63.0,28.0,0.0,0.0,0.0,0.0,0.0,0.0,0.0,0.0,0.0,0.0,0.0,0.0,0.0,0.0,0.0,0.0,0.0,0.0,8.0,2.0,1.0
1430,11.915582100000016,0,8.2883,1.5757,1.4252,1.3955,0.1385,0.0035,0.0038,0.0005,0.0345,0.0445,0.002,0.0008,0.0097,0.0001,0.0017,0.0011,0.0001,0.0001,0.0076,0.0016,0.0004,0.0001,0.0016,0.0792,0.013,0.0,0.0051,0.0,95.0,0.0,32.0,63.0,28.0,0.0,0.0,0.0,0.0,0.0,0.0,0.0,0.0,0.0,0.0,0.0,0.0,0.0,0.0,0.0,0.0,0.0,0.0,8.0,2.0,1.0
1431,11.923870400000016,0,8.2819,1.7173,1.4229,1.3895,0.1429,0.0047,0.0037,0.0002,0.0284,0.0395,0.0023,0.0009,0.0117,0.0001,0.0013,0.0013,0.0,0.0001,0.0076,0.0012,0.0005,0.0,0.002,0.0789,0.0127,0.0,0.005,0.0,95.0,0.0,32.0,63.0,28.0,0.0,0.0,0.0,0.0,0.0,0.0,0.0,0.0,0.0,0.0,0.0,0.0,0.0,0.0,0.0,0.0,0.0,0.0,8.0,2.0,1.0
1432,11.932152300000016,0,8.3794,1.62,1.4526,1.444,0.1477,0.0027,0.0037,0.0003,0.0366,0.0459,0.002,0.0008,0.0087,0.0001,0.0015,0.0014,0.0,0.0002,0.0071,0.0011,0.0007,0.0002,0.0017,0.0797,0.0128,0.0,0.0051,0.0,95.0,0.0,32.0,63.0,28.0,0.0,0.0,0.0,0.0,0.0,0.0,0.0,0.0,0.0,0.0,0.0,0.0,0.0,0.0,0.0,0.0,0.0,0.0,8.0,2.0,1.0
1433,11.940531700000017,0,8.2873,1.5414,1.3704,1.4195,0.1334,0.0043,0.0043,0.0002,0.0276,0.0391,0.0019,0.0012,0.0082,0.0001,0.0014,0.0018,0.0002,0.0001,0.0079,0.0011,0.0009,0.0001,0.0016,0.073,0.0096,0.0,0.0052,0.0,95.0,0.0,32.0,63.0,28.0,0.0,0.0,0.0,0.0,0.0,0.0,0.0,0.0,0.0,0.0,0.0,0.0,0.0,0.0,0.0,0.0,0.0,0.0,8.0,2.0,1.0
1434,11.948819000000016,0,8.4069,1.7517,1.4226,1.3147,0.1563,0.0028,0.0043,0.0001,0.036,0.0452,0.002,0.0011,0.0112,0.0003,0.0015,0.0013,0.0002,0.0001,0.0078,0.0013,0.0005,0.0001,0.0021,0.086,0.0185,0.0,0.0042,0.0,95.0,0.0,32.0,63.0,28.0,0.0,0.0,0.0,0.0,0.0,0.0,0.0,0.0,0.0,0.0,0.0,0.0,0.0,0.0,0.0,0.0,0.0,0.0,8.0,2.0,1.0
1435,11.957225900000017,0,8.3277,1.706,1.4861,1.3169,0.1511,0.0024,0.0033,0.0003,0.0339,0.0429,0.0024,0.0011,0.0125,0.0001,0.002,0.0017,0.0001,0.0001,0.0086,0.0013,0.0005,0.0001,0.0022,0.0855,0.0141,0.0,0.0041,0.0,95.0,0.0,32.0,63.0,28.0,0.0,0.0,0.0,0.0,0.0,0.0,0.0,0.0,0.0,0.0,0.0,0.0,0.0,0.0,0.0,0.0,0.0,0.0,8.0,2.0,1.0
1436,11.965553600000018,0,8.3709,1.6853,1.4307,1.59,0.134,0.0026,0.003,0.0002,0.0325,0.0402,0.0018,0.0008,0.0094,0.0001,0.0015,0.0014,0.0001,0.0001,0.0082,0.0012,0.0004,0.0001,0.0017,0.0765,0.0118,0.0,0.0048,0.0,95.0,0.0,32.0,63.0,28.0,0.0,0.0,0.0,0.0,0.0,0.0,0.0,0.0,0.0,0.0,0.0,0.0,0.0,0.0,0.0,0.0,0.0,0.0,8.0,2.0,1.0
1437,11.973924500000017,0,8.3809,1.7527,1.5435,1.4943,0.1569,0.0031,0.0039,0.0002,0.0314,0.0411,0.0024,0.0009,0.0124,0.0001,0.0015,0.0016,0.0001,0.0001,0.0091,0.0013,0.0004,0.0,0.0021,0.0836,0.0182,0.0,0.0051,0.0,95.0,0.0,32.0,63.0,28.0,0.0,0.0,0.0,0.0,0.0,0.0,0.0,0.0,0.0,0.0,0.0,0.0,0.0,0.0,0.0,0.0,0.0,0.0,8.0,2.0,1.0
1438,11.982305400000017,0,8.2802,1.7219,1.544,1.3531,0.1483,0.0037,0.0042,0.0002,0.0367,0.0473,0.002,0.0006,0.0094,0.0004,0.0014,0.0014,0.0001,0.0001,0.008,0.0011,0.0004,0.0,0.0022,0.0835,0.0137,0.0001,0.0061,0.0,95.0,0.0,32.0,63.0,28.0,0.0,0.0,0.0,0.0,0.0,0.0,0.0,0.0,0.0,0.0,0.0,0.0,0.0,0.0,0.0,0.0,0.0,0.0,8.0,2.0,1.0
1439,11.990585600000017,0,8.2237,1.6131,1.4187,1.5431,0.1399,0.0026,0.0033,0.0001,0.0283,0.0368,0.002,0.0008,0.0093,0.0001,0.0014,0.0014,0.0001,0.0002,0.0083,0.0011,0.0004,0.0001,0.0021,0.0727,0.0207,0.0,0.004,0.0,95.0,0.0,32.0,63.0,28.0,0.0,0.0,0.0,0.0,0.0,0.0,0.0,0.0,0.0,0.0,0.0,0.0,0.0,0.0,0.0,0.0,0.0,0.0,8.0,2.0,1.0
1440,11.998809300000017,0,8.4291,1.6997,1.4134,1.6667,0.1609,0.0041,0.0045,0.0002,0.0405,0.0522,0.0023,0.0009,0.0108,0.0002,0.0016,0.002,0.0001,0.0001,0.0084,0.0017,0.0004,0.0001,0.0023,0.0931,0.0155,0.0001,0.0051,0.0,95.0,0.0,32.0,63.0,28.0,0.0,0.0,0.0,0.0,0.0,0.0,0.0,0.0,0.0,0.0,0.0,0.0,0.0,0.0,0.0,0.0,0.0,0.0,8.0,2.0,1.0
1441,12.007238400000018,0,8.3964,1.6766,1.4932,1.4955,0.1522,0.0029,0.0046,0.0002,0.0299,0.0399,0.0024,0.0014,0.013,0.0002,0.0015,0.0016,0.0002,0.0002,0.0085,0.0017,0.0005,0.0001,0.002,0.0836,0.0143,0.0,0.0053,0.0,95.0,0.0,32.0,63.0,28.0,0.0,0.0,0.0,0.0,0.0,0.0,0.0,0.0,0.0,0.0,0.0,0.0,0.0,0.0,0.0,0.0,0.0,0.0,8.0,2.0,1.0
1442,12.015634800000019,0,8.328,1.6616,1.5411,1.4179,0.1527,0.0027,0.0033,0.0002,0.0379,0.0463,0.0023,0.001,0.0122,0.0001,0.0016,0.0017,0.0001,0.0001,0.0082,0.0014,0.0006,0.0,0.0026,0.0882,0.0164,0.0001,0.0044,0.0,95.0,0.0,32.0,63.0,28.0,0.0,0.0,0.0,0.0,0.0,0.0,0.0,0.0,0.0,0.0,0.0,0.0,0.0,0.0,0.0,0.0,0.0,0.0,8.0,2.0,1.0
1443,12.02396280000002,0,8.3224,1.7975,1.5307,1.5747,0.1631,0.0038,0.0042,0.0002,0.0343,0.0451,0.0024,0.0009,0.0129,0.0002,0.002,0.0016,0.0001,0.0006,0.009,0.0012,0.0007,0.0001,0.0019,0.0916,0.0178,0.0,0.0045,0.0,95.0,0.0,32.0,63.0,26.0,0.0,0.0,0.0,0.0,0.0,0.0,0.0,0.0,0.0,0.0,0.0,0.0,0.0,0.0,0.0,0.0,0.0,0.0,8.0,2.0,1.0
1444,12.03228520000002,0,8.2612,1.6609,1.482,1.6113,0.146,0.0026,0.0034,0.0002,0.036,0.0444,0.002,0.0013,0.0103,0.0002,0.0017,0.0015,0.0001,0.0001,0.0082,0.0011,0.0004,0.0001,0.0017,0.0814,0.0122,0.0,0.0039,0.0,95.0,0.0,32.0,63.0,26.0,0.0,0.0,0.0,0.0,0.0,0.0,0.0,0.0,0.0,0.0,0.0,0.0,0.0,0.0,0.0,0.0,0.0,0.0,8.0,2.0,1.0
1445,12.04054640000002,0,8.296,1.6861,1.4123,1.4886,0.1344,0.0029,0.0036,0.0003,0.031,0.0398,0.0018,0.0008,0.0086,0.0002,0.0015,0.0016,0.0001,0.0001,0.0077,0.0011,0.0005,0.0001,0.0017,0.0754,0.0128,0.0001,0.0043,0.0,95.0,0.0,32.0,63.0,26.0,0.0,0.0,0.0,0.0,0.0,0.0,0.0,0.0,0.0,0.0,0.0,0.0,0.0,0.0,0.0,0.0,0.0,0.0,8.0,2.0,1.0
1446,12.04884240000002,0,8.3878,1.7545,1.4276,1.5885,0.1509,0.0025,0.0038,0.0001,0.038,0.0464,0.0022,0.0009,0.0119,0.0002,0.002,0.0013,0.0001,0.0001,0.0082,0.0013,0.0005,0.0001,0.002,0.087,0.0153,0.0,0.0047,0.0,95.0,0.0,32.0,63.0,26.0,0.0,0.0,0.0,0.0,0.0,0.0,0.0,0.0,0.0,0.0,0.0,0.0,0.0,0.0,0.0,0.0,0.0,0.0,8.0,2.0,1.0
1447,12.057230200000019,0,8.2399,1.6185,1.4296,1.5655,0.1258,0.0027,0.0028,0.0004,0.0268,0.0345,0.002,0.001,0.0072,0.0001,0.0014,0.0018,0.0001,0.0002,0.0077,0.0011,0.0004,0.0,0.0019,0.0702,0.0128,0.0001,0.005,0.0,95.0,0.0,32.0,63.0,26.0,0.0,0.0,0.0,0.0,0.0,0.0,0.0,0.0,0.0,0.0,0.0,0.0,0.0,0.0,0.0,0.0,0.0,0.0,8.0,2.0,1.0
1448,12.065470100000018,0,8.3615,1.5939,1.3635,1.591,0.1479,0.0024,0.0031,0.0002,0.0394,0.0468,0.0024,0.0013,0.0113,0.0001,0.0018,0.0014,0.0001,0.0006,0.0083,0.0012,0.0005,0.0,0.002,0.0869,0.0159,0.0,0.0046,0.0,95.0,0.0,32.0,63.0,26.0,0.0,0.0,0.0,0.0,0.0,0.0,0.0,0.0,0.0,0.0,0.0,0.0,0.0,0.0,0.0,0.0,0.0,0.0,8.0,2.0,1.0
1449,12.073831600000018,0,8.3819,1.5661,1.4447,1.3991,0.139,0.0031,0.0036,0.0002,0.0295,0.0383,0.0026,0.0009,0.0084,0.0002,0.0019,0.0015,0.0,0.0001,0.0085,0.0013,0.0004,0.0001,0.002,0.0755,0.0127,0.0,0.0047,0.0,95.0,0.0,32.0,63.0,26.0,0.0,0.0,0.0,0.0,0.0,0.0,0.0,0.0,0.0,0.0,0.0,0.0,0.0,0.0,0.0,0.0,0.0,0.0,8.0,2.0,1.0
1450,12.082213500000018,0,8.2926,1.6403,1.4317,1.4225,0.1567,0.0025,0.0034,0.0001,0.0415,0.0497,0.0025,0.0009,0.0095,0.0001,0.0014,0.0016,0.0001,0.0001,0.0088,0.0013,0.001,0.0,0.0021,0.0903,0.0163,0.0,0.0041,0.0,95.0,0.0,32.0,63.0,26.0,0.0,0.0,0.0,0.0,0.0,0.0,0.0,0.0,0.0,0.0,0.0,0.0,0.0,0.0,0.0,0.0,0.0,0.0,8.0,2.0,1.0
1451,12.090506100000018,0,8.3519,1.7133,1.3845,1.5076,0.1454,0.0029,0.0037,0.0001,0.0298,0.0387,0.0024,0.0009,0.0125,0.0001,0.0018,0.0014,0.0002,0.0001,0.0084,0.0013,0.0005,0.0001,0.002,0.081,0.0137,0.0,0.004,0.0,95.0,0.0,32.0,63.0,26.0,0.0,0.0,0.0,0.0,0.0,0.0,0.0,0.0,0.0,0.0,0.0,0.0,0.0,0.0,0.0,0.0,0.0,0.0,8.0,2.0,1.0
1452,12.098858000000018,0,8.3075,1.7006,1.4014,1.4898,0.1495,0.0025,0.0035,0.0002,0.0364,0.0443,0.0021,0.0008,0.0117,0.0001,0.0019,0.0015,0.0001,0.0001,0.009,0.0014,0.0005,0.0001,0.002,0.0853,0.018,0.0001,0.0042,0.0,95.0,0.0,32.0,63.0,26.0,0.0,0.0,0.0,0.0,0.0,0.0,0.0,0.0,0.0,0.0,0.0,0.0,0.0,0.0,0.0,0.0,0.0,0.0,8.0,2.0,1.0
1453,12.107165500000018,0,8.4134,1.7124,1.4524,1.424,0.1499,0.0032,0.0034,0.0002,0.0278,0.0376,0.0024,0.0009,0.0098,0.0001,0.0017,0.0015,0.0001,0.0001,0.0087,0.0013,0.0006,0.0001,0.002,0.0813,0.0152,0.0001,0.0046,0.0,95.0,0.0,32.0,63.0,26.0,0.0,0.0,0.0,0.0,0.0,0.0,0.0,0.0,0.0,0.0,0.0,0.0,0.0,0.0,0.0,0.0,0.0,0.0,8.0,2.0,1.0
1454,12.115578900000019,0,8.4678,1.6622,1.553,1.448,0.1544,0.0038,0.0036,0.0007,0.0356,0.046,0.0026,0.001,0.011,0.0001,0.0021,0.0015,0.0001,0.0001,0.0098,0.0011,0.0004,0.0,0.0017,0.0869,0.016,0.0,0.0042,0.0,95.0,0.0,32.0,63.0,26.0,0.0,0.0,0.0,0.0,0.0,0.0,0.0,0.0,0.0,0.0,0.0,0.0,0.0,0.0,0.0,0.0,0.0,0.0,8.0,2.0,1.0
1455,12.124046700000019,0,8.1363,1.8028,1.4727,1.5132,0.1445,0.0028,0.0038,0.0002,0.027,0.0364,0.0021,0.0009,0.0105,0.0002,0.0015,0.0015,0.0001,0.0001,0.0089,0.0013,0.0003,0.0001,0.0019,0.0747,0.0176,0.0,0.0036,0.0,95.0,0.0,32.0,63.0,26.0,0.0,0.0,0.0,0.0,0.0,0.0,0.0,0.0,0.0,0.0,0.0,0.0,0.0,0.0,0.0,0.0,0.0,0.0,8.0,2.0,1.0
1456,12.132183000000019,0,8.3413,1.6969,1.4555,1.5232,0.1646,0.004,0.0047,0.0002,0.0446,0.0563,0.0026,0.001,0.0115,0.0001,0.002,0.0015,0.0001,0.0001,0.0099,0.0011,0.0009,0.0002,0.0018,0.0988,0.016,0.0,0.0044,0.0,95.0,0.0,32.0,63.0,26.0,0.0,0.0,0.0,0.0,0.0,0.0,0.0,0.0,0.0,0.0,0.0,0.0,0.0,0.0,0.0,0.0,0.0,0.0,8.0,2.0,1.0
1457,12.140524300000019,0,8.3591,1.5818,1.3941,1.3987,0.1457,0.0027,0.0036,0.0002,0.0312,0.04,0.0022,0.0008,0.0084,0.0001,0.0018,0.0016,0.0001,0.0002,0.009,0.0011,0.0004,0.0001,0.0017,0.0776,0.0125,0.0001,0.0042,0.0,95.0,0.0,32.0,63.0,26.0,0.0,0.0,0.0,0.0,0.0,0.0,0.0,0.0,0.0,0.0,0.0,0.0,0.0,0.0,0.0,0.0,0.0,0.0,8.0,2.0,1.0
1458,12.148883400000019,0,8.3809,1.687,1.521,1.4447,0.1412,0.0038,0.0036,0.0007,0.0332,0.0434,0.0019,0.0011,0.0102,0.0001,0.0017,0.0014,0.0001,0.0001,0.008,0.0016,0.0004,0.0001,0.0018,0.08,0.0132,0.0,0.0049,0.0,95.0,0.0,32.0,63.0,26.0,0.0,0.0,0.0,0.0,0.0,0.0,0.0,0.0,0.0,0.0,0.0,0.0,0.0,0.0,0.0,0.0,0.0,0.0,8.0,2.0,1.0
1459,12.15726430000002,0,8.2332,1.9103,1.4249,1.4195,0.1384,0.0031,0.0031,0.0002,0.0272,0.036,0.0022,0.0008,0.0086,0.0002,0.0019,0.0017,0.0001,0.0001,0.0092,0.0012,0.0005,0.0002,0.002,0.0757,0.0137,0.0,0.005,0.0,95.0,0.0,32.0,63.0,26.0,0.0,0.0,0.0,0.0,0.0,0.0,0.0,0.0,0.0,0.0,0.0,0.0,0.0,0.0,0.0,0.0,0.0,0.0,8.0,2.0,1.0
1460,12.165497500000019,0,8.3595,1.5399,1.404,1.4257,0.1527,0.0025,0.0034,0.0001,0.0379,0.0461,0.0029,0.0009,0.0127,0.0001,0.0015,0.0015,0.0006,0.0001,0.0084,0.0019,0.0005,0.0001,0.002,0.0889,0.0154,0.0,0.0046,0.0,95.0,0.0,32.0,63.0,26.0,0.0,0.0,0.0,0.0,0.0,0.0,0.0,0.0,0.0,0.0,0.0,0.0,0.0,0.0,0.0,0.0,0.0,0.0,8.0,2.0,1.0
1461,12.173857000000018,0,8.3626,1.7002,1.4354,1.3972,0.1447,0.0038,0.0044,0.0001,0.0282,0.0395,0.0021,0.0012,0.0086,0.0001,0.0018,0.0016,0.0001,0.0001,0.0093,0.0012,0.0005,0.0,0.002,0.0785,0.0156,0.0,0.0048,0.0,95.0,0.0,32.0,63.0,26.0,0.0,0.0,0.0,0.0,0.0,0.0,0.0,0.0,0.0,0.0,0.0,0.0,0.0,0.0,0.0,0.0,0.0,0.0,8.0,2.0,1.0
1462,12.182219600000018,0,8.3309,1.7702,1.4701,1.5035,0.1439,0.0027,0.0033,0.0002,0.0352,0.0435,0.002,0.0008,0.0097,0.0002,0.0019,0.0015,0.0,0.0006,0.0082,0.0011,0.0004,0.0,0.0019,0.0814,0.0126,0.0001,0.0048,0.0,95.0,0.0,32.0,63.0,26.0,0.0,0.0,0.0,0.0,0.0,0.0,0.0,0.0,0.0,0.0,0.0,0.0,0.0,0.0,0.0,0.0,0.0,0.0,8.0,2.0,1.0
1463,12.190550500000018,0,8.3247,1.6154,1.3956,1.4307,0.1354,0.0038,0.0036,0.0002,0.0269,0.0373,0.0021,0.0008,0.0096,0.0002,0.002,0.0015,0.0001,0.0001,0.0087,0.0011,0.0004,0.0,0.0017,0.0749,0.0134,0.0,0.0044,0.0,95.0,0.0,32.0,63.0,26.0,0.0,0.0,0.0,0.0,0.0,0.0,0.0,0.0,0.0,0.0,0.0,0.0,0.0,0.0,0.0,0.0,0.0,0.0,8.0,2.0,1.0
1464,12.198875200000018,0,8.2442,1.7377,1.4493,1.4607,0.1576,0.0026,0.0036,0.0001,0.0416,0.0512,0.0024,0.0009,0.0109,0.0002,0.0015,0.0019,0.0001,0.0001,0.0086,0.0018,0.0004,0.0001,0.0019,0.0921,0.0163,0.0001,0.0049,0.0,95.0,0.0,32.0,63.0,26.0,0.0,0.0,0.0,0.0,0.0,0.0,0.0,0.0,0.0,0.0,0.0,0.0,0.0,0.0,0.0,0.0,0.0,0.0,8.0,2.0,1.0
1465,12.207119400000018,0,8.3937,1.6123,1.3862,1.58,0.1509,0.0026,0.0031,0.0002,0.0342,0.0424,0.0025,0.0008,0.0111,0.0001,0.0019,0.0016,0.0001,0.0001,0.0088,0.0013,0.001,0.0002,0.002,0.0839,0.0183,0.0,0.0048,0.0,95.0,0.0,32.0,63.0,26.0,0.0,0.0,0.0,0.0,0.0,0.0,0.0,0.0,0.0,0.0,0.0,0.0,0.0,0.0,0.0,0.0,0.0,0.0,8.0,2.0,1.0
1466,12.215513100000017,0,8.3629,1.7807,1.3815,1.4431,0.1531,0.003,0.0037,0.0002,0.0422,0.0509,0.0019,0.0008,0.0105,0.0001,0.0019,0.0013,0.0001,0.0001,0.0082,0.0011,0.0004,0.0001,0.0019,0.0908,0.0144,0.0,0.0041,0.0,95.0,0.0,32.0,63.0,24.0,0.0,0.0,0.0,0.0,0.0,0.0,0.0,0.0,0.0,0.0,0.0,0.0,0.0,0.0,0.0,0.0,0.0,0.0,8.0,2.0,1.0
1467,12.223876000000017,0,8.3485,1.7033,1.4362,1.4501,0.1543,0.0042,0.0042,0.0003,0.0295,0.0406,0.0025,0.0009,0.013,0.0001,0.0016,0.0021,0.0001,0.0001,0.0085,0.0013,0.0004,0.0001,0.002,0.0834,0.018,0.0,0.0037,0.0,95.0,0.0,32.0,63.0,24.0,0.0,0.0,0.0,0.0,0.0,0.0,0.0,0.0,0.0,0.0,0.0,0.0,0.0,0.0,0.0,0.0,0.0,0.0,8.0,2.0,1.0
1468,12.232224500000017,0,8.2702,1.6292,1.4223,1.517,0.1575,0.0036,0.0036,0.0002,0.0405,0.0508,0.003,0.0009,0.0113,0.0002,0.0017,0.0018,0.0001,0.0002,0.009,0.0019,0.0005,0.0001,0.0018,0.0924,0.0164,0.0,0.0043,0.0,95.0,0.0,32.0,63.0,24.0,0.0,0.0,0.0,0.0,0.0,0.0,0.0,0.0,0.0,0.0,0.0,0.0,0.0,0.0,0.0,0.0,0.0,0.0,8.0,2.0,1.0
1469,12.240494700000017,0,8.3815,1.6496,1.3862,1.4992,0.1449,0.0035,0.0042,0.0002,0.0264,0.0372,0.0022,0.001,0.0084,0.0001,0.0016,0.0017,0.0001,0.0001,0.0095,0.0012,0.0005,0.0,0.0019,0.0773,0.0142,0.0,0.0035,0.0,95.0,0.0,32.0,63.0,24.0,0.0,0.0,0.0,0.0,0.0,0.0,0.0,0.0,0.0,0.0,0.0,0.0,0.0,0.0,0.0,0.0,0.0,0.0,8.0,2.0,1.0
1470,12.248876200000018,0,8.3415,1.7655,1.4596,1.393,0.1506,0.0034,0.0051,0.0002,0.0315,0.0428,0.0023,0.0012,0.0111,0.0005,0.0014,0.002,0.0002,0.0001,0.0086,0.0018,0.0005,0.0,0.0021,0.0842,0.0149,0.0001,0.0034,0.0,95.0,0.0,32.0,63.0,24.0,0.0,0.0,0.0,0.0,0.0,0.0,0.0,0.0,0.0,0.0,0.0,0.0,0.0,0.0,0.0,0.0,0.0,0.0,8.0,2.0,1.0
1471,12.257217700000018,0,8.4415,1.645,1.5917,1.4591,0.1313,0.003,0.0035,0.0002,0.0273,0.0362,0.0023,0.0006,0.0074,0.0001,0.0018,0.0014,0.0001,0.0001,0.0079,0.0011,0.0005,0.0001,0.0016,0.0722,0.011,0.0,0.0037,0.0,95.0,0.0,32.0,63.0,24.0,0.0,0.0,0.0,0.0,0.0,0.0,0.0,0.0,0.0,0.0,0.0,0.0,0.0,0.0,0.0,0.0,0.0,0.0,8.0,2.0,1.0
1472,12.265659200000018,0,8.2338,1.9184,1.4626,1.4245,0.1469,0.0033,0.004,0.0002,0.0347,0.0444,0.0023,0.0012,0.012,0.0003,0.0015,0.0014,0.0002,0.0001,0.0083,0.0012,0.001,0.0,0.0019,0.0859,0.0138,0.0,0.0046,0.0,95.0,0.0,32.0,63.0,24.0,0.0,0.0,0.0,0.0,0.0,0.0,0.0,0.0,0.0,0.0,0.0,0.0,0.0,0.0,0.0,0.0,0.0,0.0,8.0,2.0,1.0
1473,12.273893000000017,0,8.3684,1.6313,1.4443,1.4194,0.1513,0.0027,0.0037,0.0003,0.0357,0.0446,0.0023,0.0009,0.0106,0.0002,0.0017,0.0017,0.0002,0.0001,0.0096,0.0013,0.0005,0.0001,0.002,0.086,0.0141,0.0001,0.0039,0.0,95.0,0.0,32.0,63.0,24.0,0.0,0.0,0.0,0.0,0.0,0.0,0.0,0.0,0.0,0.0,0.0,0.0,0.0,0.0,0.0,0.0,0.0,0.0,8.0,2.0,1.0
1474,12.282261400000017,0,8.5752,1.7189,1.7044,1.4977,0.1636,0.0038,0.004,0.0002,0.0366,0.0477,0.0024,0.001,0.0127,0.0002,0.0017,0.0018,0.0001,0.0001,0.0103,0.0013,0.0005,0.0001,0.0019,0.0919,0.0142,0.0,0.0047,0.0,95.0,0.0,32.0,63.0,24.0,0.0,0.0,0.0,0.0,0.0,0.0,0.0,0.0,0.0,0.0,0.0,0.0,0.0,0.0,0.0,0.0,0.0,0.0,8.0,2.0,1.0
1475,12.290836600000016,0,8.1521,2.0163,1.5908,1.6381,0.143,0.0032,0.0032,0.0002,0.027,0.0363,0.0027,0.0008,0.0116,0.0001,0.0015,0.0015,0.0001,0.0001,0.0081,0.0011,0.0004,0.0001,0.002,0.0762,0.0171,0.0001,0.0044,0.0,95.0,0.0,32.0,63.0,24.0,0.0,0.0,0.0,0.0,0.0,0.0,0.0,0.0,0.0,0.0,0.0,0.0,0.0,0.0,0.0,0.0,0.0,0.0,8.0,2.0,1.0
1476,12.298988700000017,0,8.2303,1.8575,1.5239,1.6601,0.1511,0.0026,0.0039,0.0004,0.0343,0.0433,0.0023,0.001,0.0122,0.0002,0.002,0.0015,0.0002,0.0001,0.0094,0.0013,0.0006,0.0001,0.002,0.086,0.0158,0.0,0.0043,0.0,95.0,0.0,32.0,63.0,24.0,0.0,0.0,0.0,0.0,0.0,0.0,0.0,0.0,0.0,0.0,0.0,0.0,0.0,0.0,0.0,0.0,0.0,0.0,8.0,2.0,1.0
1477,12.307219000000016,0,8.3089,1.6424,1.415,1.6129,0.1397,0.0039,0.0038,0.0002,0.0277,0.0378,0.0021,0.0008,0.0082,0.0001,0.0015,0.0015,0.0001,0.0001,0.0087,0.0013,0.0005,0.0001,0.0017,0.0759,0.0142,0.0,0.0043,0.0,95.0,0.0,32.0,63.0,24.0,0.0,0.0,0.0,0.0,0.0,0.0,0.0,0.0,0.0,0.0,0.0,0.0,0.0,0.0,0.0,0.0,0.0,0.0,8.0,2.0,1.0
1478,12.315527900000015,0,8.4129,1.67,1.4671,1.5775,0.1552,0.0047,0.0043,0.0003,0.0349,0.047,0.0022,0.0009,0.0109,0.0002,0.0019,0.0014,0.0001,0.0001,0.0088,0.0013,0.0005,0.0001,0.002,0.0881,0.0145,0.0,0.0042,0.0,95.0,0.0,32.0,63.0,24.0,0.0,0.0,0.0,0.0,0.0,0.0,0.0,0.0,0.0,0.0,0.0,0.0,0.0,0.0,0.0,0.0,0.0,0.0,8.0,2.0,1.0
1479,12.323940800000015,0,8.2894,1.6295,1.4508,1.5671,0.143,0.0041,0.004,0.0002,0.0267,0.0378,0.0021,0.0009,0.0101,0.0002,0.0016,0.0019,0.0001,0.0002,0.0091,0.0015,0.0004,0.0001,0.002,0.0765,0.015,0.0,0.0043,0.0,95.0,0.0,32.0,63.0,24.0,0.0,0.0,0.0,0.0,0.0,0.0,0.0,0.0,0.0,0.0,0.0,0.0,0.0,0.0,0.0,0.0,0.0,0.0,8.0,2.0,1.0
1480,12.332230200000016,0,8.3261,1.9438,1.5076,1.4854,0.1653,0.0038,0.0046,0.0003,0.0361,0.048,0.0022,0.0008,0.0116,0.0002,0.0018,0.0019,0.0,0.0001,0.0093,0.0013,0.0005,0.0,0.002,0.0898,0.0155,0.0001,0.0046,0.0,95.0,0.0,32.0,63.0,24.0,0.0,0.0,0.0,0.0,0.0,0.0,0.0,0.0,0.0,0.0,0.0,0.0,0.0,0.0,0.0,0.0,0.0,0.0,8.0,2.0,1.0
1481,12.340556300000015,0,8.2676,2.0313,1.4159,1.6041,0.144,0.0049,0.0057,0.0002,0.0256,0.0385,0.0026,0.0008,0.0112,0.0002,0.0019,0.0016,0.0001,0.0001,0.0083,0.0012,0.0005,0.0,0.002,0.0779,0.0154,0.0,0.0035,0.0,95.0,0.0,32.0,63.0,24.0,0.0,0.0,0.0,0.0,0.0,0.0,0.0,0.0,0.0,0.0,0.0,0.0,0.0,0.0,0.0,0.0,0.0,0.0,8.0,2.0,1.0
1482,12.348823900000015,0,8.4096,1.906,1.4359,1.4262,0.1593,0.0036,0.0037,0.0003,0.036,0.0458,0.0022,0.0009,0.0114,0.0001,0.0021,0.0016,0.0001,0.0001,0.0096,0.0013,0.0004,0.0001,0.0019,0.0873,0.019,0.0,0.0041,0.0,95.0,0.0,32.0,63.0,24.0,0.0,0.0,0.0,0.0,0.0,0.0,0.0,0.0,0.0,0.0,0.0,0.0,0.0,0.0,0.0,0.0,0.0,0.0,8.0,2.0,1.0
1483,12.357233500000016,0,8.2076,1.7421,1.3917,1.4569,0.1424,0.0046,0.0039,0.0002,0.0252,0.0366,0.0023,0.0007,0.0099,0.0001,0.0014,0.002,0.0001,0.0001,0.0088,0.0017,0.0005,0.0001,0.002,0.0762,0.0169,0.0,0.004,0.0,95.0,0.0,32.0,63.0,24.0,0.0,0.0,0.0,0.0,0.0,0.0,0.0,0.0,0.0,0.0,0.0,0.0,0.0,0.0,0.0,0.0,0.0,0.0,8.0,2.0,1.0
1484,12.365441100000016,0,8.4663,1.9666,1.3689,1.4296,0.1423,0.0038,0.0035,0.0001,0.035,0.0447,0.002,0.0007,0.0102,0.0002,0.0019,0.0015,0.0001,0.0001,0.0083,0.0011,0.0004,0.0001,0.0015,0.0824,0.0126,0.0,0.0047,0.0,95.0,0.0,32.0,63.0,24.0,0.0,0.0,0.0,0.0,0.0,0.0,0.0,0.0,0.0,0.0,0.0,0.0,0.0,0.0,0.0,0.0,0.0,0.0,8.0,2.0,1.0
1485,12.373907400000016,0,8.3683,1.7472,1.5161,1.4494,0.1447,0.003,0.004,0.0002,0.0274,0.0368,0.0023,0.0008,0.0093,0.0002,0.0023,0.0018,0.0001,0.0001,0.0081,0.0013,0.0005,0.0001,0.0018,0.0775,0.0145,0.0,0.0036,0.0,95.0,0.0,32.0,63.0,24.0,0.0,0.0,0.0,0.0,0.0,0.0,0.0,0.0,0.0,0.0,0.0,0.0,0.0,0.0,0.0,0.0,0.0,0.0,8.0,2.0,1.0
1486,12.382275700000017,0,8.3738,1.9177,1.5947,1.4991,0.169,0.0041,0.0038,0.0002,0.0447,0.0556,0.0025,0.001,0.0112,0.0002,0.0017,0.002,0.0002,0.0001,0.0096,0.0013,0.0004,0.0001,0.0022,0.0981,0.0163,0.0,0.0042,0.0,95.0,0.0,32.0,63.0,24.0,0.0,0.0,0.0,0.0,0.0,0.0,0.0,0.0,0.0,0.0,0.0,0.0,0.0,0.0,0.0,0.0,0.0,0.0,8.0,2.0,1.0
1487,12.390649500000016,0,8.1104,1.9264,1.3531,1.4069,0.1343,0.0042,0.0038,0.0002,0.0239,0.0341,0.0021,0.0009,0.0102,0.0001,0.0018,0.0014,0.0001,0.0002,0.0088,0.0013,0.0005,0.0001,0.0018,0.0738,0.0125,0.0,0.0046,0.0,95.0,0.0,32.0,63.0,24.0,0.0,0.0,0.0,0.0,0.0,0.0,0.0,0.0,0.0,0.0,0.0,0.0,0.0,0.0,0.0,0.0,0.0,0.0,8.0,2.0,1.0
1488,12.398759900000016,0,8.4659,1.7675,1.453,1.5667,0.1589,0.0033,0.0034,0.0002,0.0355,0.0445,0.0025,0.0008,0.0127,0.0002,0.0022,0.0016,0.0001,0.0001,0.0091,0.0013,0.0005,0.0001,0.002,0.0884,0.0187,0.0001,0.0042,0.0,95.0,0.0,32.0,63.0,24.0,0.0,0.0,0.0,0.0,0.0,0.0,0.0,0.0,0.0,0.0,0.0,0.0,0.0,0.0,0.0,0.0,0.0,0.0,8.0,2.0,1.0
1489,12.407225800000015,0,8.275,1.7132,1.4102,1.3764,0.1394,0.0026,0.0035,0.0002,0.027,0.0354,0.0026,0.0008,0.0086,0.0006,0.0015,0.0015,0.0005,0.0001,0.0088,0.0017,0.0004,0.0,0.0019,0.0772,0.0151,0.0,0.0054,0.0,95.0,0.0,32.0,63.0,26.0,0.0,0.0,0.0,0.0,0.0,0.0,0.0,0.0,0.0,0.0,0.0,0.0,0.0,0.0,0.0,0.0,0.0,0.0,8.0,2.0,1.0
1490,12.415500800000014,0,8.4059,1.7187,1.4123,1.4405,0.1419,0.0026,0.0032,0.0002,0.0408,0.0485,0.0024,0.0007,0.0104,0.0001,0.0018,0.0013,0.0001,0.0001,0.0079,0.0015,0.0005,0.0001,0.0016,0.0855,0.011,0.0,0.0039,0.0,95.0,0.0,32.0,63.0,26.0,0.0,0.0,0.0,0.0,0.0,0.0,0.0,0.0,0.0,0.0,0.0,0.0,0.0,0.0,0.0,0.0,0.0,0.0,8.0,2.0,1.0
1491,12.423906700000014,0,8.3203,1.7303,1.4844,1.4662,0.1353,0.0032,0.0039,0.0002,0.0253,0.0351,0.002,0.0009,0.008,0.0002,0.0016,0.0022,0.0001,0.0001,0.0084,0.0011,0.0004,0.0002,0.0017,0.0714,0.0153,0.0,0.0049,0.0,95.0,0.0,32.0,63.0,26.0,0.0,0.0,0.0,0.0,0.0,0.0,0.0,0.0,0.0,0.0,0.0,0.0,0.0,0.0,0.0,0.0,0.0,0.0,8.0,2.0,1.0
1492,12.432227000000013,0,8.32,1.7302,1.4507,1.6059,0.1588,0.0026,0.0036,0.0007,0.0392,0.0483,0.0022,0.0006,0.01,0.0002,0.0017,0.0015,0.0002,0.0001,0.0084,0.0012,0.0004,0.0001,0.0017,0.0855,0.026,0.0,0.0043,0.0,95.0,0.0,32.0,63.0,26.0,0.0,0.0,0.0,0.0,0.0,0.0,0.0,0.0,0.0,0.0,0.0,0.0,0.0,0.0,0.0,0.0,0.0,0.0,8.0,2.0,1.0
1493,12.440547000000013,0,8.5388,1.6982,1.4621,1.4702,0.1544,0.0038,0.0038,0.0003,0.0334,0.0442,0.0026,0.0009,0.012,0.0001,0.0021,0.0016,0.0001,0.0001,0.0088,0.0013,0.0009,0.0,0.002,0.0885,0.0149,0.0001,0.0042,0.0,95.0,0.0,32.0,63.0,26.0,0.0,0.0,0.0,0.0,0.0,0.0,0.0,0.0,0.0,0.0,0.0,0.0,0.0,0.0,0.0,0.0,0.0,0.0,8.0,2.0,1.0
1494,12.449085800000013,0,8.1751,1.8869,1.6874,1.4437,0.1546,0.0025,0.0032,0.0004,0.0363,0.0454,0.0023,0.0007,0.0126,0.0002,0.0015,0.002,0.0001,0.0002,0.0086,0.0024,0.0004,0.0,0.0025,0.0891,0.0157,0.0001,0.0049,0.0,95.0,0.0,32.0,63.0,26.0,0.0,0.0,0.0,0.0,0.0,0.0,0.0,0.0,0.0,0.0,0.0,0.0,0.0,0.0,0.0,0.0,0.0,0.0,8.0,2.0,1.0
1495,12.457260900000014,0,8.4813,1.7882,1.5458,1.6388,0.16,0.0045,0.0047,0.0002,0.0291,0.0413,0.0026,0.0012,0.0126,0.0001,0.0022,0.0019,0.0002,0.0001,0.0088,0.0014,0.0005,0.0001,0.0021,0.0855,0.0155,0.0,0.0048,0.0,95.0,0.0,32.0,63.0,26.0,0.0,0.0,0.0,0.0,0.0,0.0,0.0,0.0,0.0,0.0,0.0,0.0,0.0,0.0,0.0,0.0,0.0,0.0,8.0,2.0,1.0
1496,12.465742200000014,0,8.3727,1.8404,1.6795,1.5604,0.1697,0.0035,0.004,0.0003,0.0391,0.0492,0.0024,0.0009,0.0128,0.0002,0.0021,0.0017,0.0001,0.0001,0.0097,0.0014,0.001,0.0,0.0021,0.0949,0.0169,0.0001,0.0051,0.0,95.0,0.0,32.0,63.0,26.0,0.0,0.0,0.0,0.0,0.0,0.0,0.0,0.0,0.0,0.0,0.0,0.0,0.0,0.0,0.0,0.0,0.0,0.0,8.0,2.0,1.0
1497,12.474114900000014,0,8.3123,1.9138,1.6396,1.5049,0.1682,0.0037,0.0041,0.0001,0.0396,0.0505,0.0023,0.0008,0.0125,0.0001,0.0017,0.0025,0.0,0.0001,0.0096,0.0013,0.0005,0.0001,0.002,0.0959,0.0152,0.0001,0.0041,0.0,95.0,0.0,32.0,63.0,26.0,0.0,0.0,0.0,0.0,0.0,0.0,0.0,0.0,0.0,0.0,0.0,0.0,0.0,0.0,0.0,0.0,0.0,0.0,8.0,2.0,1.0
1498,12.482427200000014,0,8.1554,1.8176,1.5885,1.5646,0.1654,0.0042,0.004,0.0003,0.0401,0.0511,0.0023,0.0012,0.0112,0.0001,0.0016,0.0015,0.0001,0.0001,0.009,0.0017,0.0004,0.0,0.0018,0.0966,0.0162,0.0,0.0042,0.0,95.0,0.0,32.0,63.0,26.0,0.0,0.0,0.0,0.0,0.0,0.0,0.0,0.0,0.0,0.0,0.0,0.0,0.0,0.0,0.0,0.0,0.0,0.0,8.0,2.0,1.0
1499,12.490582600000014,0,8.3429,1.711,1.4413,1.3979,0.1465,0.0041,0.004,0.0002,0.0264,0.037,0.0024,0.0008,0.0115,0.0001,0.0019,0.0018,0.0006,0.0002,0.0088,0.0013,0.0006,0.0,0.002,0.0788,0.0157,0.0001,0.0045,0.0,95.0,0.0,32.0,63.0,26.0,0.0,0.0,0.0,0.0,0.0,0.0,0.0,0.0,0.0,0.0,0.0,0.0,0.0,0.0,0.0,0.0,0.0,0.0,8.0,2.0,1.0
1500,12.498925500000015,0,8.3255,1.6755,1.4873,1.5945,0.1481,0.0036,0.0038,0.0003,0.0391,0.049,0.0021,0.0008,0.0102,0.0001,0.0015,0.0013,0.0,0.0001,0.0078,0.0012,0.0005,0.0002,0.0017,0.0852,0.0121,0.0,0.004,0.0,95.0,0.0,32.0,63.0,26.0,0.0,0.0,0.0,0.0,0.0,0.0,0.0,0.0,0.0,0.0,0.0,0.0,0.0,0.0,0.0,0.0,0.0,0.0,8.0,2.0,1.0
1501,12.507251000000014,0,8.3282,1.7673,1.4838,1.4478,0.136,0.0043,0.0033,0.0002,0.0278,0.038,0.0021,0.0009,0.0082,0.0006,0.0015,0.0015,0.0006,0.0001,0.0086,0.0011,0.0009,0.0,0.0018,0.0743,0.0112,0.0,0.0046,0.0,95.0,0.0,32.0,63.0,26.0,0.0,0.0,0.0,0.0,0.0,0.0,0.0,0.0,0.0,0.0,0.0,0.0,0.0,0.0,0.0,0.0,0.0,0.0,8.0,2.0,1.0
1502,12.515579200000014,0,8.3988,1.7691,1.4928,1.5654,0.153,0.0038,0.0042,0.0003,0.0347,0.0457,0.0023,0.0014,0.0126,0.0001,0.0016,0.0019,0.0001,0.0001,0.0087,0.0015,0.0005,0.0001,0.0024,0.0887,0.0159,0.0001,0.0043,0.0,95.0,0.0,32.0,63.0,26.0,0.0,0.0,0.0,0.0,0.0,0.0,0.0,0.0,0.0,0.0,0.0,0.0,0.0,0.0,0.0,0.0,0.0,0.0,8.0,2.0,1.0
1503,12.523978000000014,0,8.3019,1.7319,1.5087,1.357,0.1302,0.0028,0.0034,0.0002,0.0257,0.0341,0.0017,0.0009,0.0072,0.0002,0.0015,0.0022,0.0001,0.0001,0.0088,0.0011,0.0005,0.0,0.0016,0.0699,0.0117,0.0001,0.0049,0.0,95.0,0.0,32.0,63.0,26.0,0.0,0.0,0.0,0.0,0.0,0.0,0.0,0.0,0.0,0.0,0.0,0.0,0.0,0.0,0.0,0.0,0.0,0.0,8.0,2.0,1.0
1504,12.532279900000013,0,8.3698,1.7145,1.579,1.4152,0.1951,0.004,0.0043,0.0004,0.0494,0.0611,0.0031,0.0014,0.0118,0.0002,0.0026,0.0024,0.0001,0.0002,0.0091,0.0014,0.0005,0.0,0.0023,0.1072,0.0166,0.0001,0.0047,0.0,95.0,0.0,32.0,63.0,26.0,0.0,0.0,0.0,0.0,0.0,0.0,0.0,0.0,0.0,0.0,0.0,0.0,0.0,0.0,0.0,0.0,0.0,0.0,8.0,2.0,1.0
1505,12.540649700000014,0,8.5243,1.795,1.6838,1.5449,0.1688,0.0033,0.0044,0.0003,0.0332,0.0443,0.0031,0.0012,0.0133,0.0002,0.0016,0.0018,0.0007,0.0001,0.0102,0.0013,0.0005,0.0,0.002,0.0925,0.0166,0.0,0.0035,0.0,95.0,0.0,32.0,63.0,26.0,0.0,0.0,0.0,0.0,0.0,0.0,0.0,0.0,0.0,0.0,0.0,0.0,0.0,0.0,0.0,0.0,0.0,0.0,8.0,2.0,1.0
1506,12.549174000000013,0,8.2307,1.953,1.6105,1.5964,0.1528,0.0032,0.0033,0.0002,0.0379,0.0469,0.002,0.0015,0.0109,0.0001,0.002,0.0014,0.0001,0.0004,0.009,0.0012,0.0005,0.0,0.0017,0.0862,0.0157,0.0,0.0043,0.0,95.0,0.0,32.0,63.0,26.0,0.0,0.0,0.0,0.0,0.0,0.0,0.0,0.0,0.0,0.0,0.0,0.0,0.0,0.0,0.0,0.0,0.0,0.0,8.0,2.0,1.0
1507,12.557404700000014,0,8.2361,2.1124,1.6381,1.6067,0.1533,0.0041,0.0041,0.0002,0.0331,0.044,0.002,0.0013,0.0114,0.0001,0.0019,0.0016,0.0001,0.0002,0.0091,0.0011,0.0007,0.0001,0.0018,0.0843,0.0124,0.0,0.005,0.0,95.0,0.0,32.0,63.0,26.0,0.0,0.0,0.0,0.0,0.0,0.0,0.0,0.0,0.0,0.0,0.0,0.0,0.0,0.0,0.0,0.0,0.0,0.0,8.0,2.0,1.0
1508,12.565640800000013,0,8.3808,1.7953,1.5645,1.5564,0.1582,0.0034,0.0037,0.0001,0.035,0.0447,0.002,0.0009,0.0113,0.0003,0.0017,0.0017,0.0001,0.0001,0.009,0.0015,0.0005,0.0001,0.0019,0.0848,0.0187,0.0,0.0039,0.0,95.0,0.0,32.0,63.0,26.0,0.0,0.0,0.0,0.0,0.0,0.0,0.0,0.0,0.0,0.0,0.0,0.0,0.0,0.0,0.0,0.0,0.0,0.0,8.0,2.0,1.0
1509,12.574021600000012,0,8.4908,1.9458,1.6988,1.5172,0.165,0.0046,0.0048,0.0002,0.0283,0.041,0.0024,0.0011,0.0119,0.0004,0.0016,0.0019,0.0001,0.0001,0.0091,0.0012,0.0005,0.0,0.0022,0.0844,0.0159,0.0,0.0056,0.0,95.0,0.0,32.0,63.0,26.0,0.0,0.0,0.0,0.0,0.0,0.0,0.0,0.0,0.0,0.0,0.0,0.0,0.0,0.0,0.0,0.0,0.0,0.0,8.0,2.0,1.0
1510,12.582512400000013,0,8.1899,1.9823,1.6377,1.532,0.1517,0.0037,0.004,0.0006,0.0342,0.0454,0.0021,0.0011,0.0102,0.0003,0.0016,0.0012,0.0001,0.0001,0.009,0.0012,0.0009,0.0001,0.0017,0.0835,0.015,0.0,0.0044,0.0,95.0,0.0,32.0,63.0,26.0,0.0,0.0,0.0,0.0,0.0,0.0,0.0,0.0,0.0,0.0,0.0,0.0,0.0,0.0,0.0,0.0,0.0,0.0,8.0,2.0,1.0
1511,12.590702300000013,0,8.4021,1.7995,1.586,1.6193,0.1547,0.0027,0.0037,0.0006,0.0301,0.0396,0.0024,0.0008,0.009,0.0001,0.0023,0.0024,0.0002,0.0001,0.0094,0.0013,0.0005,0.0001,0.0019,0.0824,0.0171,0.0,0.0046,0.0,95.0,0.0,32.0,63.0,26.0,0.0,0.0,0.0,0.0,0.0,0.0,0.0,0.0,0.0,0.0,0.0,0.0,0.0,0.0,0.0,0.0,0.0,0.0,8.0,2.0,1.0
1512,12.599104400000012,0,8.2474,1.8512,1.6613,1.6676,0.168,0.0048,0.004,0.0002,0.0394,0.051,0.0023,0.0009,0.0135,0.0002,0.0016,0.0021,0.0001,0.0001,0.0093,0.0012,0.0005,0.0001,0.002,0.0958,0.0181,0.0,0.0056,0.0,95.0,0.0,32.0,63.0,26.0,0.0,0.0,0.0,0.0,0.0,0.0,0.0,0.0,0.0,0.0,0.0,0.0,0.0,0.0,0.0,0.0,0.0,0.0,8.0,2.0,1.0
1513,12.607351800000012,0,8.2862,1.8478,1.5608,1.5985,0.1446,0.0036,0.0041,0.0002,0.0285,0.0385,0.0025,0.0007,0.0104,0.0002,0.0016,0.0016,0.0002,0.0001,0.0094,0.0012,0.0004,0.0001,0.0017,0.0781,0.0168,0.0001,0.0041,0.0,95.0,0.0,32.0,63.0,26.0,0.0,0.0,0.0,0.0,0.0,0.0,0.0,0.0,0.0,0.0,0.0,0.0,0.0,0.0,0.0,0.0,0.0,0.0,8.0,2.0,1.0
1514,12.615638000000013,0,8.3458,1.8015,1.5643,1.5854,0.1538,0.0034,0.0034,0.0002,0.0419,0.0511,0.0024,0.0012,0.0123,0.0001,0.0015,0.002,0.0,0.0001,0.0088,0.0012,0.0003,0.0001,0.0017,0.0914,0.0123,0.0001,0.0046,0.0,95.0,0.0,32.0,63.0,26.0,0.0,0.0,0.0,0.0,0.0,0.0,0.0,0.0,0.0,0.0,0.0,0.0,0.0,0.0,0.0,0.0,0.0,0.0,8.0,2.0,1.0
1515,12.623983800000014,0,8.3878,1.819,1.5117,1.5423,0.1537,0.0038,0.0041,0.0002,0.0277,0.0385,0.0018,0.0008,0.0114,0.0001,0.0017,0.0016,0.0001,0.0001,0.0094,0.0017,0.0005,0.0001,0.0016,0.0804,0.02,0.0,0.0051,0.0,95.0,0.0,32.0,63.0,26.0,0.0,0.0,0.0,0.0,0.0,0.0,0.0,0.0,0.0,0.0,0.0,0.0,0.0,0.0,0.0,0.0,0.0,0.0,8.0,2.0,1.0
1516,12.632371600000013,0,8.407,1.9229,1.7291,1.5347,0.1696,0.0044,0.0051,0.0003,0.0386,0.051,0.003,0.0015,0.0126,0.0004,0.0017,0.0018,0.0001,0.0001,0.0097,0.0014,0.0005,0.0001,0.0022,0.0956,0.0155,0.0001,0.0056,0.0,95.0,0.0,32.0,63.0,26.0,0.0,0.0,0.0,0.0,0.0,0.0,0.0,0.0,0.0,0.0,0.0,0.0,0.0,0.0,0.0,0.0,0.0,0.0,8.0,2.0,1.0
1517,12.640778600000013,0,8.3225,1.8925,1.5936,1.4212,0.1464,0.003,0.004,0.0002,0.0295,0.0389,0.0023,0.0008,0.0083,0.0001,0.0015,0.0017,0.0002,0.0001,0.0093,0.0012,0.0011,0.0001,0.0019,0.0771,0.0149,0.0,0.0048,0.0,95.0,0.0,32.0,63.0,26.0,0.0,0.0,0.0,0.0,0.0,0.0,0.0,0.0,0.0,0.0,0.0,0.0,0.0,0.0,0.0,0.0,0.0,0.0,8.0,2.0,1.0
1518,12.649101100000014,0,8.2149,1.8733,1.6827,1.5146,0.1676,0.0033,0.0036,0.0002,0.0405,0.0501,0.0023,0.0015,0.0121,0.0001,0.0021,0.0018,0.0005,0.0001,0.0101,0.0013,0.0006,0.0,0.002,0.0945,0.0179,0.0001,0.0053,0.0,95.0,0.0,32.0,63.0,26.0,0.0,0.0,0.0,0.0,0.0,0.0,0.0,0.0,0.0,0.0,0.0,0.0,0.0,0.0,0.0,0.0,0.0,0.0,8.0,2.0,1.0
1519,12.657316000000014,0,8.4424,1.8327,1.5921,1.643,0.1532,0.003,0.0041,0.0003,0.0306,0.0403,0.002,0.0007,0.0115,0.0001,0.0017,0.0017,0.0001,0.0001,0.0095,0.0016,0.0005,0.0001,0.0016,0.0833,0.015,0.0,0.0047,0.0,95.0,0.0,32.0,63.0,26.0,0.0,0.0,0.0,0.0,0.0,0.0,0.0,0.0,0.0,0.0,0.0,0.0,0.0,0.0,0.0,0.0,0.0,0.0,8.0,2.0,1.0
1520,12.665758400000014,0,8.2954,1.8654,1.6009,1.5629,0.1607,0.0029,0.0042,0.0001,0.0402,0.05,0.0022,0.0009,0.0103,0.0004,0.0017,0.0015,0.0006,0.0001,0.0088,0.0016,0.0005,0.0001,0.0018,0.09,0.0172,0.0001,0.0042,0.0,95.0,0.0,32.0,63.0,26.0,0.0,0.0,0.0,0.0,0.0,0.0,0.0,0.0,0.0,0.0,0.0,0.0,0.0,0.0,0.0,0.0,0.0,0.0,8.0,2.0,1.0
1521,12.674053800000014,0,8.2162,1.836,1.5514,1.6268,0.1426,0.0039,0.0037,0.0008,0.026,0.0367,0.002,0.0007,0.0101,0.0002,0.0021,0.0018,0.0001,0.0001,0.0091,0.0011,0.0009,0.0001,0.0017,0.0766,0.0154,0.0,0.0039,0.0,95.0,0.0,32.0,63.0,26.0,0.0,0.0,0.0,0.0,0.0,0.0,0.0,0.0,0.0,0.0,0.0,0.0,0.0,0.0,0.0,0.0,0.0,0.0,8.0,2.0,1.0
1522,12.682270000000013,0,8.2601,1.7532,1.4624,1.5507,0.1596,0.0025,0.0039,0.0002,0.0362,0.0451,0.0027,0.001,0.0122,0.0001,0.0021,0.0016,0.0001,0.0002,0.0102,0.0018,0.0006,0.0001,0.0018,0.0898,0.0151,0.0001,0.0042,0.0,95.0,0.0,32.0,63.0,26.0,0.0,0.0,0.0,0.0,0.0,0.0,0.0,0.0,0.0,0.0,0.0,0.0,0.0,0.0,0.0,0.0,0.0,0.0,8.0,2.0,1.0
1523,12.690530100000013,0,8.3639,1.665,1.3924,1.3905,0.1282,0.0031,0.0031,0.0002,0.0263,0.0346,0.0021,0.0008,0.0082,0.0005,0.0015,0.0014,0.0001,0.0001,0.0087,0.001,0.0004,0.0001,0.0018,0.0695,0.0126,0.0001,0.0047,0.0,95.0,0.0,32.0,63.0,26.0,0.0,0.0,0.0,0.0,0.0,0.0,0.0,0.0,0.0,0.0,0.0,0.0,0.0,0.0,0.0,0.0,0.0,0.0,8.0,2.0,1.0
1524,12.698894000000013,0,8.3889,1.8789,1.5084,1.5832,0.1551,0.0044,0.0039,0.0003,0.0356,0.0467,0.0022,0.001,0.0123,0.0001,0.0014,0.0014,0.0001,0.0,0.0097,0.0013,0.0004,0.0006,0.0021,0.0895,0.0132,0.0001,0.0043,0.0,95.0,0.0,32.0,63.0,26.0,0.0,0.0,0.0,0.0,0.0,0.0,0.0,0.0,0.0,0.0,0.0,0.0,0.0,0.0,0.0,0.0,0.0,0.0,8.0,2.0,1.0
1525,12.707282900000013,0,8.3799,1.7735,1.5339,1.5067,0.1593,0.0033,0.0034,0.0002,0.0352,0.0444,0.003,0.0009,0.013,0.0001,0.0021,0.0018,0.0001,0.0001,0.0091,0.0013,0.0005,0.0001,0.0021,0.0897,0.0167,0.0,0.0047,0.0,95.0,0.0,32.0,63.0,26.0,0.0,0.0,0.0,0.0,0.0,0.0,0.0,0.0,0.0,0.0,0.0,0.0,0.0,0.0,0.0,0.0,0.0,0.0,8.0,2.0,1.0
1526,12.715662800000013,0,8.2366,1.7127,1.5098,1.5464,0.1436,0.0036,0.0031,0.0002,0.0346,0.0447,0.0024,0.0008,0.0109,0.0002,0.0015,0.0019,0.0001,0.0001,0.0082,0.0018,0.0004,0.0001,0.0018,0.0832,0.0137,0.0,0.005,0.0,95.0,0.0,32.0,63.0,26.0,0.0,0.0,0.0,0.0,0.0,0.0,0.0,0.0,0.0,0.0,0.0,0.0,0.0,0.0,0.0,0.0,0.0,0.0,8.0,2.0,1.0
1527,12.723899400000013,0,8.3385,1.952,1.4332,1.43,0.1462,0.0029,0.0043,0.0003,0.0281,0.0376,0.002,0.0008,0.0106,0.0004,0.0014,0.0015,0.0006,0.0001,0.009,0.0015,0.0004,0.0001,0.0017,0.078,0.0186,0.0,0.0046,0.0,95.0,0.0,32.0,63.0,26.0,0.0,0.0,0.0,0.0,0.0,0.0,0.0,0.0,0.0,0.0,0.0,0.0,0.0,0.0,0.0,0.0,0.0,0.0,8.0,2.0,1.0
1528,12.732237900000014,0,8.3249,1.7461,1.5049,1.5868,0.1534,0.0027,0.0044,0.0002,0.0391,0.0488,0.0022,0.001,0.011,0.0001,0.0015,0.0015,0.0,0.0001,0.009,0.0015,0.0005,0.0,0.0018,0.09,0.0148,0.0,0.0045,0.0,95.0,0.0,32.0,63.0,26.0,0.0,0.0,0.0,0.0,0.0,0.0,0.0,0.0,0.0,0.0,0.0,0.0,0.0,0.0,0.0,0.0,0.0,0.0,8.0,2.0,1.0
1529,12.740562800000014,0,8.3749,1.7054,1.4368,1.5272,0.1484,0.0045,0.0041,0.0002,0.0278,0.0389,0.0024,0.001,0.0121,0.0001,0.0016,0.0017,0.0001,0.0001,0.0089,0.0015,0.0006,0.0001,0.002,0.0812,0.016,0.0001,0.0051,0.0,95.0,0.0,32.0,63.0,26.0,0.0,0.0,0.0,0.0,0.0,0.0,0.0,0.0,0.0,0.0,0.0,0.0,0.0,0.0,0.0,0.0,0.0,0.0,8.0,2.0,1.0
1530,12.748937700000013,0,8.3077,1.6989,1.487,1.5022,0.1624,0.003,0.0041,0.0002,0.0423,0.052,0.0026,0.0013,0.0113,0.0001,0.0019,0.0017,0.0001,0.0005,0.0087,0.0012,0.0005,0.0,0.0017,0.0929,0.0172,0.0,0.0039,0.0,95.0,0.0,32.0,63.0,26.0,0.0,0.0,0.0,0.0,0.0,0.0,0.0,0.0,0.0,0.0,0.0,0.0,0.0,0.0,0.0,0.0,0.0,0.0,8.0,2.0,1.0
1531,12.757245400000013,0,8.3307,1.8137,1.4546,1.4784,0.1514,0.0044,0.0039,0.0004,0.029,0.0403,0.0023,0.0008,0.0123,0.0002,0.0015,0.0022,0.0001,0.0001,0.0086,0.0012,0.0005,0.0,0.002,0.0823,0.0152,0.0001,0.0047,0.0,95.0,0.0,32.0,63.0,26.0,0.0,0.0,0.0,0.0,0.0,0.0,0.0,0.0,0.0,0.0,0.0,0.0,0.0,0.0,0.0,0.0,0.0,0.0,8.0,2.0,1.0
1532,12.765576100000013,0,8.2772,1.7997,1.4522,1.4356,0.1471,0.0029,0.0039,0.0002,0.0349,0.0441,0.0024,0.0012,0.0124,0.0001,0.0014,0.0015,0.0004,0.0002,0.0082,0.0014,0.001,0.0,0.0019,0.0852,0.0155,0.0001,0.0051,0.0,95.0,0.0,32.0,63.0,26.0,0.0,0.0,0.0,0.0,0.0,0.0,0.0,0.0,0.0,0.0,0.0,0.0,0.0,0.0,0.0,0.0,0.0,0.0,8.0,2.0,1.0
1533,12.773853300000013,0,8.42,1.7812,1.4248,1.4834,0.1451,0.0028,0.004,0.0003,0.0266,0.0362,0.0022,0.0008,0.0102,0.0002,0.0016,0.0019,0.0001,0.0001,0.0088,0.0017,0.0005,0.0,0.0019,0.0761,0.0155,0.0001,0.0042,0.0,95.0,0.0,32.0,63.0,26.0,0.0,0.0,0.0,0.0,0.0,0.0,0.0,0.0,0.0,0.0,0.0,0.0,0.0,0.0,0.0,0.0,0.0,0.0,8.0,2.0,1.0
1534,12.782273300000012,0,8.3557,1.776,1.5833,1.4375,0.1528,0.0029,0.0037,0.0003,0.0369,0.0461,0.0021,0.0007,0.0103,0.0006,0.0016,0.0021,0.0001,0.0001,0.008,0.0011,0.0008,0.0,0.0018,0.0846,0.0157,0.0,0.005,0.0,95.0,0.0,32.0,63.0,26.0,0.0,0.0,0.0,0.0,0.0,0.0,0.0,0.0,0.0,0.0,0.0,0.0,0.0,0.0,0.0,0.0,0.0,0.0,8.0,2.0,1.0
1535,12.790629000000012,0,8.2399,1.7044,1.3928,1.4144,0.1431,0.0044,0.0038,0.0002,0.0282,0.0395,0.0022,0.0008,0.0076,0.0001,0.0013,0.002,0.0001,0.0001,0.0089,0.0018,0.0005,0.0001,0.002,0.0776,0.0138,0.0,0.0049,0.0,95.0,0.0,32.0,63.0,28.0,0.0,0.0,0.0,0.0,0.0,0.0,0.0,0.0,0.0,0.0,0.0,0.0,0.0,0.0,0.0,0.0,0.0,0.0,8.0,2.0,1.0
1536,12.798868900000011,0,8.3182,1.7281,1.3943,1.3619,0.1357,0.0027,0.0032,0.0001,0.0351,0.0434,0.0019,0.0006,0.0095,0.0001,0.0013,0.0013,0.0001,0.0001,0.0081,0.0012,0.0004,0.0001,0.002,0.08,0.0122,0.0001,0.0057,0.0,95.0,0.0,32.0,63.0,28.0,0.0,0.0,0.0,0.0,0.0,0.0,0.0,0.0,0.0,0.0,0.0,0.0,0.0,0.0,0.0,0.0,0.0,0.0,8.0,2.0,1.0
1537,12.80718710000001,0,8.3789,1.6394,1.4532,1.3815,0.1483,0.0043,0.0042,0.0002,0.029,0.0405,0.0021,0.0009,0.01,0.0002,0.0017,0.0015,0.0,0.0001,0.0087,0.0018,0.0004,0.0,0.002,0.0802,0.0148,0.0,0.0053,0.0,95.0,0.0,32.0,63.0,28.0,0.0,0.0,0.0,0.0,0.0,0.0,0.0,0.0,0.0,0.0,0.0,0.0,0.0,0.0,0.0,0.0,0.0,0.0,8.0,2.0,1.0
1538,12.815566000000011,0,8.4154,1.6197,1.4969,1.458,0.1754,0.0039,0.004,0.0001,0.0428,0.0535,0.0028,0.0008,0.0121,0.0002,0.0021,0.0016,0.0001,0.0001,0.0094,0.002,0.001,0.0,0.0021,0.1003,0.0222,0.0001,0.0049,0.0,95.0,0.0,32.0,63.0,28.0,0.0,0.0,0.0,0.0,0.0,0.0,0.0,0.0,0.0,0.0,0.0,0.0,0.0,0.0,0.0,0.0,0.0,0.0,8.0,2.0,1.0
1539,12.823981400000012,0,8.2863,1.6833,1.5233,1.4289,0.1573,0.0045,0.004,0.0002,0.0305,0.0424,0.0024,0.0008,0.0114,0.0002,0.0021,0.0013,0.0001,0.0001,0.0092,0.0013,0.0006,0.0001,0.0021,0.0844,0.0166,0.0,0.0052,0.0,95.0,0.0,32.0,63.0,28.0,0.0,0.0,0.0,0.0,0.0,0.0,0.0,0.0,0.0,0.0,0.0,0.0,0.0,0.0,0.0,0.0,0.0,0.0,8.0,2.0,1.0
1540,12.832267700000012,0,8.2717,1.6907,1.4587,1.581,0.152,0.003,0.0032,0.0002,0.0405,0.0493,0.0024,0.0007,0.0089,0.0001,0.0016,0.0015,0.0001,0.0002,0.0083,0.0013,0.0005,0.0,0.0021,0.0887,0.015,0.0001,0.0046,0.0,95.0,0.0,32.0,63.0,28.0,0.0,0.0,0.0,0.0,0.0,0.0,0.0,0.0,0.0,0.0,0.0,0.0,0.0,0.0,0.0,0.0,0.0,0.0,8.0,2.0,1.0
1541,12.840539400000011,0,8.385,1.6786,1.4347,1.276,0.1499,0.0044,0.0046,0.0002,0.0268,0.0383,0.0025,0.0009,0.0108,0.0002,0.0021,0.0016,0.0002,0.0001,0.0085,0.002,0.0004,0.0001,0.0023,0.0798,0.015,0.0001,0.0051,0.0,95.0,0.0,32.0,63.0,28.0,0.0,0.0,0.0,0.0,0.0,0.0,0.0,0.0,0.0,0.0,0.0,0.0,0.0,0.0,0.0,0.0,0.0,0.0,8.0,2.0,1.0
1542,12.848924400000012,0,8.3626,1.647,1.5259,1.4417,0.166,0.0049,0.004,0.0001,0.0411,0.0528,0.0026,0.0008,0.0116,0.0001,0.0021,0.0015,0.0001,0.0002,0.0093,0.0013,0.0005,0.0,0.0022,0.0952,0.0174,0.0001,0.0048,0.0,95.0,0.0,32.0,63.0,28.0,0.0,0.0,0.0,0.0,0.0,0.0,0.0,0.0,0.0,0.0,0.0,0.0,0.0,0.0,0.0,0.0,0.0,0.0,8.0,2.0,1.0
1543,12.857287000000012,0,8.2103,1.6902,1.4392,1.9154,0.1474,0.0028,0.0037,0.0002,0.0289,0.0378,0.0021,0.0007,0.0116,0.0001,0.0021,0.0016,0.0,0.0001,0.0091,0.0012,0.0005,0.0,0.0023,0.0799,0.0171,0.0,0.0045,0.0,95.0,0.0,32.0,63.0,28.0,0.0,0.0,0.0,0.0,0.0,0.0,0.0,0.0,0.0,0.0,0.0,0.0,0.0,0.0,0.0,0.0,0.0,0.0,8.0,2.0,1.0
1544,12.865497300000012,0,8.3907,1.7041,1.3983,1.5984,0.1506,0.0028,0.0038,0.0002,0.0353,0.0442,0.0021,0.001,0.0113,0.0003,0.0015,0.0019,0.0001,0.0001,0.0089,0.0015,0.0005,0.0001,0.0019,0.0853,0.0186,0.0,0.0056,0.0,95.0,0.0,32.0,63.0,28.0,0.0,0.0,0.0,0.0,0.0,0.0,0.0,0.0,0.0,0.0,0.0,0.0,0.0,0.0,0.0,0.0,0.0,0.0,8.0,2.0,1.0
1545,12.873888000000012,0,8.2256,1.6528,1.3854,1.4493,0.1394,0.0036,0.0035,0.0002,0.0268,0.0365,0.0026,0.0006,0.0111,0.0001,0.0015,0.0019,0.0001,0.0001,0.0083,0.0012,0.0004,0.0001,0.0018,0.0756,0.0152,0.0,0.0048,0.0,95.0,0.0,32.0,63.0,28.0,0.0,0.0,0.0,0.0,0.0,0.0,0.0,0.0,0.0,0.0,0.0,0.0,0.0,0.0,0.0,0.0,0.0,0.0,8.0,2.0,1.0
1546,12.882113600000011,0,8.4857,1.5974,1.4223,1.7208,0.1556,0.0042,0.004,0.0003,0.0387,0.0499,0.0022,0.0007,0.0109,0.0001,0.0017,0.0016,0.0001,0.0001,0.0081,0.0011,0.0004,0.0,0.0017,0.0878,0.015,0.0001,0.005,0.0,95.0,0.0,32.0,63.0,28.0,0.0,0.0,0.0,0.0,0.0,0.0,0.0,0.0,0.0,0.0,0.0,0.0,0.0,0.0,0.0,0.0,0.0,0.0,8.0,2.0,1.0
1547,12.89059930000001,0,8.2656,1.8803,1.3901,1.4133,0.1363,0.0022,0.0033,0.0003,0.0259,0.0336,0.0022,0.0007,0.0108,0.0001,0.0016,0.0021,0.0001,0.0001,0.0087,0.0017,0.0005,0.0001,0.002,0.0739,0.016,0.0,0.0047,0.0,95.0,0.0,32.0,63.0,28.0,0.0,0.0,0.0,0.0,0.0,0.0,0.0,0.0,0.0,0.0,0.0,0.0,0.0,0.0,0.0,0.0,0.0,0.0,8.0,2.0,1.0
1548,12.89886490000001,0,8.3666,1.7197,1.4765,1.3361,0.1582,0.0028,0.0038,0.0002,0.0357,0.0449,0.0022,0.0007,0.0114,0.0001,0.0016,0.0017,0.0001,0.0001,0.0084,0.0016,0.0005,0.0,0.0017,0.0869,0.0187,0.0001,0.0051,0.0,95.0,0.0,32.0,63.0,28.0,0.0,0.0,0.0,0.0,0.0,0.0,0.0,0.0,0.0,0.0,0.0,0.0,0.0,0.0,0.0,0.0,0.0,0.0,8.0,2.0,1.0
1549,12.90723150000001,0,8.3879,1.7274,1.4859,1.5483,0.1454,0.004,0.0041,0.0003,0.0277,0.0381,0.0021,0.0009,0.0101,0.0002,0.0017,0.0015,0.0006,0.0001,0.0085,0.0013,0.0005,0.0001,0.0021,0.0784,0.0158,0.0001,0.0047,0.0,95.0,0.0,32.0,63.0,28.0,0.0,0.0,0.0,0.0,0.0,0.0,0.0,0.0,0.0,0.0,0.0,0.0,0.0,0.0,0.0,0.0,0.0,0.0,8.0,2.0,1.0
1550,12.915619400000011,0,8.253,1.7718,1.4443,1.5015,0.1574,0.0046,0.0042,0.0001,0.0406,0.0518,0.0022,0.0007,0.0099,0.0001,0.0021,0.0017,0.0001,0.0002,0.0086,0.0012,0.001,0.0,0.0019,0.0924,0.0169,0.0,0.0053,0.0,95.0,0.0,32.0,63.0,28.0,0.0,0.0,0.0,0.0,0.0,0.0,0.0,0.0,0.0,0.0,0.0,0.0,0.0,0.0,0.0,0.0,0.0,0.0,8.0,2.0,1.0
1551,12.923872400000011,0,8.3985,1.7226,1.4557,1.4679,0.1389,0.004,0.0036,0.0002,0.029,0.0396,0.002,0.0012,0.0078,0.0001,0.0016,0.0018,0.0001,0.0002,0.0086,0.0016,0.0005,0.0,0.0018,0.0766,0.0138,0.0,0.0047,0.0,95.0,0.0,32.0,63.0,28.0,0.0,0.0,0.0,0.0,0.0,0.0,0.0,0.0,0.0,0.0,0.0,0.0,0.0,0.0,0.0,0.0,0.0,0.0,8.0,2.0,1.0
1552,12.932270900000011,0,8.2306,1.6263,1.4336,1.473,0.1371,0.0024,0.0033,0.0002,0.0365,0.0442,0.0018,0.0009,0.0084,0.0001,0.0019,0.0012,0.0001,0.0001,0.0086,0.0011,0.0004,0.0,0.0017,0.0793,0.0131,0.0,0.005,0.0,95.0,0.0,32.0,63.0,28.0,0.0,0.0,0.0,0.0,0.0,0.0,0.0,0.0,0.0,0.0,0.0,0.0,0.0,0.0,0.0,0.0,0.0,0.0,8.0,2.0,1.0
1553,12.94050150000001,0,8.4699,1.693,1.4646,1.4241,0.1488,0.003,0.0036,0.0001,0.0284,0.0375,0.0022,0.001,0.0081,0.0001,0.0017,0.0021,0.0001,0.0001,0.0082,0.0011,0.0005,0.0,0.0017,0.0755,0.0141,0.0001,0.0052,0.0,95.0,0.0,32.0,63.0,28.0,0.0,0.0,0.0,0.0,0.0,0.0,0.0,0.0,0.0,0.0,0.0,0.0,0.0,0.0,0.0,0.0,0.0,0.0,8.0,2.0,1.0
1554,12.94897140000001,0,8.2437,1.7541,1.482,1.4241,0.1462,0.0035,0.0036,0.0002,0.0363,0.0459,0.0023,0.0008,0.0096,0.0001,0.0019,0.0014,0.0,0.0001,0.0085,0.0012,0.0005,0.0001,0.0021,0.0859,0.0134,0.0,0.0047,0.0,95.0,0.0,32.0,63.0,28.0,0.0,0.0,0.0,0.0,0.0,0.0,0.0,0.0,0.0,0.0,0.0,0.0,0.0,0.0,0.0,0.0,0.0,0.0,8.0,2.0,1.0
1555,12.95721510000001,0,8.2674,1.5689,1.4124,1.3191,0.1451,0.004,0.0032,0.0003,0.0291,0.0386,0.0029,0.0009,0.0129,0.0002,0.0015,0.0022,0.0002,0.0001,0.0086,0.0019,0.0005,0.0001,0.002,0.0829,0.0131,0.0001,0.0041,0.0,95.0,0.0,32.0,63.0,28.0,0.0,0.0,0.0,0.0,0.0,0.0,0.0,0.0,0.0,0.0,0.0,0.0,0.0,0.0,0.0,0.0,0.0,0.0,8.0,2.0,1.0
1556,12.96548250000001,0,8.3825,1.8142,1.3787,1.4781,0.1487,0.004,0.0053,0.0002,0.0336,0.0455,0.0022,0.0009,0.0105,0.0001,0.0019,0.0014,0.0001,0.0001,0.0076,0.0014,0.0004,0.0001,0.0018,0.0843,0.0144,0.0001,0.0053,0.0,95.0,0.0,32.0,63.0,28.0,0.0,0.0,0.0,0.0,0.0,0.0,0.0,0.0,0.0,0.0,0.0,0.0,0.0,0.0,0.0,0.0,0.0,0.0,8.0,2.0,1.0
1557,12.973865000000009,0,8.4356,1.8021,1.4561,1.5523,0.148,0.0043,0.0047,0.0002,0.0266,0.0379,0.0024,0.0009,0.0104,0.0001,0.0016,0.0021,0.0001,0.0001,0.0094,0.0013,0.0006,0.0001,0.0022,0.0796,0.0131,0.0001,0.0052,0.0,95.0,0.0,32.0,63.0,28.0,0.0,0.0,0.0,0.0,0.0,0.0,0.0,0.0,0.0,0.0,0.0,0.0,0.0,0.0,0.0,0.0,0.0,0.0,8.0,2.0,1.0
1558,12.98230060000001,0,8.2667,1.6345,1.5232,1.4401,0.1487,0.0034,0.0058,0.0006,0.0303,0.0429,0.002,0.0012,0.0079,0.0001,0.0013,0.002,0.0001,0.0001,0.0081,0.0011,0.0005,0.0,0.0017,0.0791,0.0122,0.0001,0.0046,0.0,95.0,0.0,32.0,63.0,28.0,0.0,0.0,0.0,0.0,0.0,0.0,0.0,0.0,0.0,0.0,0.0,0.0,0.0,0.0,0.0,0.0,0.0,0.0,8.0,2.0,1.0
1559,12.99056730000001,0,8.2917,1.6234,1.4031,1.5404,0.1443,0.0047,0.0054,0.0002,0.0253,0.0379,0.0027,0.0009,0.0111,0.0001,0.0019,0.0014,0.0001,0.0001,0.0078,0.0013,0.0005,0.0,0.0021,0.0783,0.0133,0.0001,0.0051,0.0,95.0,0.0,32.0,63.0,28.0,0.0,0.0,0.0,0.0,0.0,0.0,0.0,0.0,0.0,0.0,0.0,0.0,0.0,0.0,0.0,0.0,0.0,0.0,8.0,2.0,1.0
1560,12.998859000000008,0,8.4473,1.6855,1.4826,1.5766,0.1497,0.0042,0.0036,0.0002,0.0361,0.0467,0.0022,0.0013,0.0114,0.0002,0.0018,0.0016,0.0,0.0002,0.0081,0.0013,0.0005,0.0,0.002,0.0866,0.0144,0.0001,0.005,0.0,95.0,0.0,32.0,63.0,28.0,0.0,0.0,0.0,0.0,0.0,0.0,0.0,0.0,0.0,0.0,0.0,0.0,0.0,0.0,0.0,0.0,0.0,0.0,8.0,2.0,1.0
1561,13.007306300000009,0,8.2526,1.6319,1.4829,1.4644,0.1473,0.0029,0.0043,0.0002,0.0279,0.0373,0.0022,0.0013,0.0109,0.0002,0.002,0.0017,0.0001,0.0001,0.0084,0.0014,0.0006,0.0001,0.0019,0.0797,0.0157,0.0,0.0046,0.0,95.0,0.0,32.0,63.0,28.0,0.0,0.0,0.0,0.0,0.0,0.0,0.0,0.0,0.0,0.0,0.0,0.0,0.0,0.0,0.0,0.0,0.0,0.0,8.0,2.0,1.0
1562,13.01555890000001,0,8.3483,1.5828,1.4392,1.4096,0.1519,0.0041,0.0061,0.0002,0.0317,0.0444,0.0021,0.0007,0.0102,0.0001,0.0016,0.0016,0.0001,0.0001,0.0083,0.0013,0.0005,0.0004,0.0019,0.084,0.0149,0.0,0.0049,0.0,95.0,0.0,32.0,63.0,28.0,0.0,0.0,0.0,0.0,0.0,0.0,0.0,0.0,0.0,0.0,0.0,0.0,0.0,0.0,0.0,0.0,0.0,0.0,8.0,2.0,1.0
1563,13.023907200000009,0,8.3172,1.7193,1.4315,1.5572,0.1517,0.004,0.0035,0.0003,0.0355,0.046,0.0027,0.0009,0.0116,0.0001,0.002,0.0015,0.0001,0.0001,0.0081,0.0013,0.0004,0.0,0.002,0.0867,0.0139,0.0001,0.0049,0.0,95.0,0.0,32.0,63.0,28.0,0.0,0.0,0.0,0.0,0.0,0.0,0.0,0.0,0.0,0.0,0.0,0.0,0.0,0.0,0.0,0.0,0.0,0.0,8.0,2.0,1.0
1564,13.03222440000001,0,8.415,1.6357,1.5354,1.6184,0.1599,0.0043,0.0046,0.0003,0.0373,0.049,0.0023,0.0009,0.0113,0.0001,0.0017,0.0016,0.0001,0.0001,0.0085,0.0013,0.0005,0.0001,0.0021,0.0893,0.0146,0.0001,0.0045,0.0,95.0,0.0,32.0,63.0,28.0,0.0,0.0,0.0,0.0,0.0,0.0,0.0,0.0,0.0,0.0,0.0,0.0,0.0,0.0,0.0,0.0,0.0,0.0,8.0,2.0,1.0
1565,13.040639400000009,0,8.3211,1.6652,1.4965,1.4707,0.1507,0.0049,0.0048,0.0003,0.0282,0.0405,0.0024,0.0008,0.0123,0.0001,0.0016,0.0018,0.0,0.0001,0.0082,0.0012,0.0005,0.0001,0.0026,0.082,0.0158,0.0,0.0046,0.0,95.0,0.0,32.0,63.0,28.0,0.0,0.0,0.0,0.0,0.0,0.0,0.0,0.0,0.0,0.0,0.0,0.0,0.0,0.0,0.0,0.0,0.0,0.0,8.0,2.0,1.0
1566,13.048960500000009,0,8.3112,1.7269,1.4801,1.6805,0.1588,0.0027,0.0036,0.0002,0.0395,0.0485,0.0021,0.0014,0.0111,0.0001,0.002,0.0015,0.0002,0.0001,0.0089,0.0012,0.0008,0.0001,0.0018,0.0909,0.0171,0.0,0.0037,0.0,95.0,0.0,32.0,63.0,28.0,0.0,0.0,0.0,0.0,0.0,0.0,0.0,0.0,0.0,0.0,0.0,0.0,0.0,0.0,0.0,0.0,0.0,0.0,8.0,2.0,1.0
1567,13.057271700000008,0,8.2581,1.7921,1.4397,1.5215,0.1352,0.0039,0.0052,0.0001,0.0242,0.0363,0.0018,0.0009,0.0092,0.0001,0.0015,0.0016,0.0,0.0001,0.0081,0.0011,0.0005,0.0001,0.0023,0.0732,0.0138,0.0,0.0058,0.0,95.0,0.0,32.0,63.0,28.0,0.0,0.0,0.0,0.0,0.0,0.0,0.0,0.0,0.0,0.0,0.0,0.0,0.0,0.0,0.0,0.0,0.0,0.0,8.0,2.0,1.0
1568,13.065529800000009,0,8.4351,1.7299,1.4597,1.5371,0.1513,0.0028,0.0033,0.0002,0.0363,0.045,0.0026,0.0008,0.0117,0.0002,0.0015,0.002,0.0001,0.0001,0.0088,0.0013,0.0005,0.0,0.002,0.0869,0.0149,0.0001,0.0048,0.0,95.0,0.0,32.0,63.0,28.0,0.0,0.0,0.0,0.0,0.0,0.0,0.0,0.0,0.0,0.0,0.0,0.0,0.0,0.0,0.0,0.0,0.0,0.0,8.0,2.0,1.0
1569,13.073964900000009,0,8.2673,1.7168,1.5402,1.6389,0.1411,0.0035,0.0039,0.0001,0.0284,0.0382,0.0024,0.0009,0.0107,0.0002,0.0016,0.0019,0.0001,0.0001,0.0084,0.0018,0.0005,0.0,0.002,0.0788,0.0156,0.0,0.0055,0.0,95.0,0.0,32.0,63.0,28.0,0.0,0.0,0.0,0.0,0.0,0.0,0.0,0.0,0.0,0.0,0.0,0.0,0.0,0.0,0.0,0.0,0.0,0.0,8.0,2.0,1.0
1570,13.082232200000009,0,8.2768,1.6406,1.3785,1.9565,0.1573,0.0031,0.0032,0.0002,0.037,0.0464,0.002,0.001,0.0108,0.0005,0.0017,0.0016,0.0003,0.0001,0.0082,0.0012,0.0005,0.0001,0.0017,0.0899,0.0157,0.0,0.0041,0.0,95.0,0.0,32.0,63.0,26.0,0.0,0.0,0.0,0.0,0.0,0.0,0.0,0.0,0.0,0.0,0.0,0.0,0.0,0.0,0.0,0.0,0.0,0.0,8.0,2.0,1.0
1571,13.09050900000001,0,8.4321,1.7791,1.4362,1.3359,0.1508,0.0039,0.0037,0.0002,0.0311,0.0411,0.0025,0.0013,0.0132,0.0002,0.0016,0.0018,0.0001,0.0001,0.0075,0.0013,0.0009,0.0,0.002,0.0838,0.0169,0.0001,0.0044,0.0,95.0,0.0,32.0,63.0,26.0,0.0,0.0,0.0,0.0,0.0,0.0,0.0,0.0,0.0,0.0,0.0,0.0,0.0,0.0,0.0,0.0,0.0,0.0,8.0,2.0,1.0
1572,13.09894110000001,0,8.4323,1.6062,1.5633,1.6798,0.1593,0.0035,0.005,0.0003,0.0358,0.0468,0.0022,0.0013,0.0106,0.0001,0.0021,0.0017,0.0001,0.0005,0.0087,0.0012,0.0005,0.0,0.002,0.0891,0.0174,0.0,0.0053,0.0,95.0,0.0,32.0,63.0,26.0,0.0,0.0,0.0,0.0,0.0,0.0,0.0,0.0,0.0,0.0,0.0,0.0,0.0,0.0,0.0,0.0,0.0,0.0,8.0,2.0,1.0
1573,13.10737340000001,0,8.1578,1.6994,1.4771,1.585,0.1409,0.0027,0.0041,0.0002,0.0282,0.0375,0.002,0.0009,0.0096,0.0001,0.002,0.0015,0.0002,0.0001,0.0083,0.0012,0.0005,0.0,0.0016,0.0762,0.0157,0.0001,0.0038,0.0,95.0,0.0,32.0,63.0,26.0,0.0,0.0,0.0,0.0,0.0,0.0,0.0,0.0,0.0,0.0,0.0,0.0,0.0,0.0,0.0,0.0,0.0,0.0,8.0,2.0,1.0
1574,13.11553120000001,0,8.4125,1.6157,1.4163,1.6168,0.1512,0.0026,0.0033,0.0001,0.0385,0.0465,0.0026,0.0008,0.011,0.0001,0.0019,0.0016,0.0001,0.0001,0.009,0.0018,0.0005,0.0,0.0019,0.0882,0.0148,0.0,0.0044,0.0,95.0,0.0,32.0,63.0,26.0,0.0,0.0,0.0,0.0,0.0,0.0,0.0,0.0,0.0,0.0,0.0,0.0,0.0,0.0,0.0,0.0,0.0,0.0,8.0,2.0,1.0
1575,13.12394370000001,0,8.2251,1.6652,1.4632,1.379,0.1434,0.0026,0.0038,0.0001,0.0272,0.0358,0.0023,0.0013,0.0128,0.0002,0.0016,0.002,0.0002,0.0001,0.0082,0.0014,0.0005,0.0001,0.002,0.0794,0.0157,0.0,0.004,0.0,95.0,0.0,32.0,63.0,26.0,0.0,0.0,0.0,0.0,0.0,0.0,0.0,0.0,0.0,0.0,0.0,0.0,0.0,0.0,0.0,0.0,0.0,0.0,8.0,2.0,1.0
1576,13.132168800000011,0,8.3727,1.7187,1.428,1.7106,0.1508,0.0042,0.0059,0.0002,0.0339,0.0472,0.0022,0.0009,0.009,0.0002,0.002,0.0015,0.0001,0.0001,0.0083,0.0013,0.0005,0.0,0.0021,0.0861,0.0127,0.0,0.0048,0.0,95.0,0.0,32.0,63.0,26.0,0.0,0.0,0.0,0.0,0.0,0.0,0.0,0.0,0.0,0.0,0.0,0.0,0.0,0.0,0.0,0.0,0.0,0.0,8.0,2.0,1.0
1577,13.140541500000012,0,8.3205,1.7319,1.3437,1.6264,0.1265,0.0036,0.0035,0.0002,0.0239,0.0331,0.0018,0.0007,0.0072,0.0001,0.0013,0.0014,0.0,0.0001,0.0078,0.0011,0.0004,0.0001,0.0021,0.0667,0.0135,0.0,0.0054,0.0,95.0,0.0,32.0,63.0,26.0,0.0,0.0,0.0,0.0,0.0,0.0,0.0,0.0,0.0,0.0,0.0,0.0,0.0,0.0,0.0,0.0,0.0,0.0,8.0,2.0,1.0
1578,13.148862000000012,0,8.3851,1.6834,1.4583,1.3108,0.15,0.0041,0.004,0.0003,0.035,0.0455,0.0021,0.0014,0.0108,0.0001,0.0019,0.0015,0.0001,0.0001,0.0081,0.0012,0.0004,0.0,0.002,0.0852,0.0153,0.0001,0.0047,0.0,95.0,0.0,32.0,63.0,26.0,0.0,0.0,0.0,0.0,0.0,0.0,0.0,0.0,0.0,0.0,0.0,0.0,0.0,0.0,0.0,0.0,0.0,0.0,8.0,2.0,1.0
1579,13.157247100000012,0,8.3158,1.6838,1.4875,1.4306,0.1568,0.0035,0.0043,0.0002,0.0341,0.0448,0.0027,0.0009,0.0114,0.0001,0.0016,0.0023,0.0,0.0001,0.0082,0.0016,0.0005,0.0001,0.002,0.0852,0.0161,0.0001,0.0036,0.0,95.0,0.0,32.0,63.0,26.0,0.0,0.0,0.0,0.0,0.0,0.0,0.0,0.0,0.0,0.0,0.0,0.0,0.0,0.0,0.0,0.0,0.0,0.0,8.0,2.0,1.0
1580,13.165562900000012,0,8.3334,1.636,1.421,1.4209,0.1459,0.0025,0.0035,0.0002,0.0387,0.0474,0.0022,0.0007,0.0109,0.0001,0.0012,0.0019,0.0,0.0002,0.0087,0.0017,0.0005,0.0,0.0016,0.0862,0.0131,0.0,0.0046,0.0,95.0,0.0,32.0,63.0,26.0,0.0,0.0,0.0,0.0,0.0,0.0,0.0,0.0,0.0,0.0,0.0,0.0,0.0,0.0,0.0,0.0,0.0,0.0,8.0,2.0,1.0
1581,13.173896300000012,0,8.3647,1.7028,1.464,1.4752,0.1511,0.0032,0.0037,0.0002,0.0291,0.0386,0.003,0.0009,0.0123,0.0002,0.0023,0.0018,0.0002,0.0005,0.0086,0.0013,0.0005,0.0,0.0021,0.082,0.0157,0.0,0.0047,0.0,95.0,0.0,32.0,63.0,26.0,0.0,0.0,0.0,0.0,0.0,0.0,0.0,0.0,0.0,0.0,0.0,0.0,0.0,0.0,0.0,0.0,0.0,0.0,8.0,2.0,1.0
1582,13.182261000000011,0,8.3179,1.7311,1.464,1.5271,0.1507,0.0028,0.0036,0.0002,0.0368,0.0454,0.0024,0.001,0.0125,0.0002,0.0015,0.0016,0.0001,0.0001,0.0079,0.0013,0.0005,0.0,0.0025,0.0871,0.0144,0.0,0.0049,0.0,95.0,0.0,32.0,63.0,26.0,0.0,0.0,0.0,0.0,0.0,0.0,0.0,0.0,0.0,0.0,0.0,0.0,0.0,0.0,0.0,0.0,0.0,0.0,8.0,2.0,1.0
1583,13.19057890000001,0,8.2504,1.6532,1.3832,1.3965,0.1415,0.0042,0.0037,0.0002,0.0273,0.0378,0.0022,0.0007,0.0112,0.0001,0.0018,0.0015,0.0,0.0001,0.008,0.001,0.0004,0.0,0.0021,0.0753,0.0166,0.0,0.0035,0.0,95.0,0.0,32.0,63.0,26.0,0.0,0.0,0.0,0.0,0.0,0.0,0.0,0.0,0.0,0.0,0.0,0.0,0.0,0.0,0.0,0.0,0.0,0.0,8.0,2.0,1.0
1584,13.19882930000001,0,8.4108,1.6309,1.4469,1.3183,0.1503,0.0035,0.0033,0.0002,0.0354,0.0452,0.0026,0.0009,0.0118,0.0002,0.0021,0.0015,0.0001,0.0006,0.0084,0.0012,0.0005,0.0001,0.002,0.0874,0.0157,0.0,0.004,0.0,95.0,0.0,32.0,63.0,26.0,0.0,0.0,0.0,0.0,0.0,0.0,0.0,0.0,0.0,0.0,0.0,0.0,0.0,0.0,0.0,0.0,0.0,0.0,8.0,2.0,1.0
1585,13.20724010000001,0,8.2763,1.8941,1.3863,1.458,0.1435,0.0037,0.0039,0.0002,0.0276,0.0383,0.0023,0.0013,0.0121,0.0002,0.0015,0.0015,0.0001,0.0001,0.0079,0.0014,0.0005,0.0,0.002,0.0789,0.0147,0.0001,0.0048,0.0,95.0,0.0,32.0,63.0,26.0,0.0,0.0,0.0,0.0,0.0,0.0,0.0,0.0,0.0,0.0,0.0,0.0,0.0,0.0,0.0,0.0,0.0,0.0,8.0,2.0,1.0
1586,13.215516400000011,0,8.3409,1.7567,1.3906,1.4251,0.1566,0.0042,0.004,0.0002,0.0415,0.052,0.0024,0.0009,0.0103,0.0002,0.0017,0.0019,0.0001,0.0001,0.0083,0.0019,0.0005,0.0,0.0024,0.0925,0.0152,0.0,0.0039,0.0,95.0,0.0,32.0,63.0,26.0,0.0,0.0,0.0,0.0,0.0,0.0,0.0,0.0,0.0,0.0,0.0,0.0,0.0,0.0,0.0,0.0,0.0,0.0,8.0,2.0,1.0
1587,13.223857300000011,0,8.3618,1.7546,1.3992,1.5763,0.1464,0.0049,0.0046,0.0002,0.0302,0.0423,0.0024,0.0008,0.0088,0.0004,0.0014,0.0013,0.0001,0.0001,0.0082,0.0013,0.0004,0.0,0.0017,0.0797,0.0138,0.0,0.0044,0.0,95.0,0.0,32.0,63.0,26.0,0.0,0.0,0.0,0.0,0.0,0.0,0.0,0.0,0.0,0.0,0.0,0.0,0.0,0.0,0.0,0.0,0.0,0.0,8.0,2.0,1.0
1588,13.23221910000001,0,8.3878,1.6467,1.4812,1.3136,0.1602,0.0033,0.004,0.0003,0.0425,0.0527,0.0021,0.0007,0.0096,0.0001,0.0014,0.0019,0.0001,0.0001,0.008,0.0017,0.0004,0.0001,0.0017,0.0907,0.0131,0.0,0.0047,0.0,95.0,0.0,32.0,63.0,26.0,0.0,0.0,0.0,0.0,0.0,0.0,0.0,0.0,0.0,0.0,0.0,0.0,0.0,0.0,0.0,0.0,0.0,0.0,8.0,2.0,1.0
1589,13.24060690000001,0,8.3506,1.638,1.4761,1.5855,0.1489,0.0045,0.0041,0.0002,0.0281,0.0393,0.0023,0.0013,0.0107,0.0001,0.0016,0.002,0.0001,0.0002,0.0088,0.0013,0.0005,0.0,0.002,0.0805,0.0137,0.0001,0.0044,0.0,95.0,0.0,32.0,63.0,26.0,0.0,0.0,0.0,0.0,0.0,0.0,0.0,0.0,0.0,0.0,0.0,0.0,0.0,0.0,0.0,0.0,0.0,0.0,8.0,2.0,1.0
1590,13.24895750000001,0,8.2493,1.6984,1.445,1.4938,0.1357,0.0023,0.0032,0.0002,0.0355,0.0432,0.002,0.0008,0.0095,0.0001,0.0019,0.0013,0.0,0.0001,0.0085,0.0011,0.0004,0.0,0.0021,0.08,0.0105,0.0,0.0039,0.0,95.0,0.0,32.0,63.0,26.0,0.0,0.0,0.0,0.0,0.0,0.0,0.0,0.0,0.0,0.0,0.0,0.0,0.0,0.0,0.0,0.0,0.0,0.0,8.0,2.0,1.0
1591,13.25720680000001,0,8.3544,1.6324,1.4376,1.3678,0.1421,0.0028,0.0035,0.0002,0.0297,0.0383,0.0024,0.0009,0.0123,0.0001,0.0021,0.0016,0.0001,0.0001,0.0077,0.0013,0.0005,0.0001,0.0019,0.0806,0.0154,0.0,0.0037,0.0,95.0,0.0,32.0,63.0,26.0,0.0,0.0,0.0,0.0,0.0,0.0,0.0,0.0,0.0,0.0,0.0,0.0,0.0,0.0,0.0,0.0,0.0,0.0,8.0,2.0,1.0
1592,13.26556120000001,0,8.3074,1.6395,1.4295,1.4611,0.156,0.0039,0.0043,0.0002,0.0391,0.0504,0.0023,0.0006,0.0103,0.0001,0.0015,0.0015,0.0001,0.0001,0.0086,0.0012,0.0005,0.0003,0.002,0.0901,0.0147,0.0,0.004,0.0,95.0,0.0,32.0,63.0,26.0,0.0,0.0,0.0,0.0,0.0,0.0,0.0,0.0,0.0,0.0,0.0,0.0,0.0,0.0,0.0,0.0,0.0,0.0,8.0,2.0,1.0
1593,13.273868600000009,0,8.351,1.6706,1.4158,1.4838,0.1291,0.0027,0.0035,0.0001,0.0258,0.0341,0.0019,0.0006,0.0074,0.0001,0.0014,0.0019,0.0001,0.0001,0.0082,0.0011,0.0004,0.0,0.0016,0.0683,0.0141,0.0,0.0052,0.0,95.0,0.0,32.0,63.0,26.0,0.0,0.0,0.0,0.0,0.0,0.0,0.0,0.0,0.0,0.0,0.0,0.0,0.0,0.0,0.0,0.0,0.0,0.0,8.0,2.0,1.0
1594,13.282219600000008,0,8.4119,1.6718,1.4744,1.4175,0.1537,0.0048,0.005,0.0003,0.0339,0.0465,0.0023,0.0014,0.0112,0.0002,0.002,0.0016,0.0,0.0001,0.0081,0.0013,0.0004,0.0,0.0021,0.0869,0.0129,0.0,0.0031,0.0,95.0,0.0,32.0,63.0,26.0,0.0,0.0,0.0,0.0,0.0,0.0,0.0,0.0,0.0,0.0,0.0,0.0,0.0,0.0,0.0,0.0,0.0,0.0,8.0,2.0,1.0
1595,13.290631500000009,0,8.6633,1.9296,1.6614,1.6061,0.1832,0.0054,0.0069,0.0003,0.0388,0.0545,0.0025,0.0018,0.0125,0.0004,0.0017,0.0023,0.0001,0.0002,0.0094,0.0013,0.0006,0.0001,0.0023,0.0993,0.0184,0.0,0.0045,0.0,95.0,0.0,32.0,63.0,26.0,0.0,0.0,0.0,0.0,0.0,0.0,0.0,0.0,0.0,0.0,0.0,0.0,0.0,0.0,0.0,0.0,0.0,0.0,8.0,2.0,1.0
1596,13.299294800000009,0,7.8997,1.9108,1.6394,1.568,0.1473,0.0032,0.0032,0.0001,0.0378,0.0464,0.0022,0.0008,0.0116,0.0002,0.0016,0.0014,0.0002,0.0001,0.0086,0.0012,0.001,0.0,0.0017,0.0873,0.0138,0.0001,0.004,0.0,95.0,0.0,32.0,63.0,26.0,0.0,0.0,0.0,0.0,0.0,0.0,0.0,0.0,0.0,0.0,0.0,0.0,0.0,0.0,0.0,0.0,0.0,0.0,8.0,2.0,1.0
1597,13.307194500000008,0,8.4445,1.702,1.4633,1.7127,0.1528,0.0047,0.004,0.0002,0.0286,0.0403,0.0022,0.0014,0.0111,0.0006,0.0017,0.0019,0.0001,0.0001,0.0084,0.0013,0.0005,0.0,0.002,0.0822,0.0155,0.0001,0.0053,0.0,95.0,0.0,32.0,63.0,26.0,0.0,0.0,0.0,0.0,0.0,0.0,0.0,0.0,0.0,0.0,0.0,0.0,0.0,0.0,0.0,0.0,0.0,0.0,8.0,2.0,1.0
1598,13.315639000000008,0,8.3157,1.6611,1.5138,2.0188,0.1454,0.0025,0.0039,0.0003,0.0357,0.0445,0.0022,0.0008,0.0109,0.0002,0.0014,0.002,0.0001,0.0001,0.0084,0.0022,0.0005,0.0001,0.0018,0.0846,0.0127,0.0,0.0046,0.0,95.0,0.0,32.0,63.0,26.0,0.0,0.0,0.0,0.0,0.0,0.0,0.0,0.0,0.0,0.0,0.0,0.0,0.0,0.0,0.0,0.0,0.0,0.0,8.0,2.0,1.0
1599,13.323954700000009,0,8.2385,1.6807,1.4239,1.3499,0.1441,0.0026,0.0036,0.0001,0.0315,0.04,0.0023,0.0007,0.0119,0.0001,0.0015,0.002,0.0,0.0002,0.0089,0.0018,0.0004,0.0001,0.0018,0.0821,0.0158,0.0001,0.0042,0.0,95.0,0.0,32.0,63.0,26.0,0.0,0.0,0.0,0.0,0.0,0.0,0.0,0.0,0.0,0.0,0.0,0.0,0.0,0.0,0.0,0.0,0.0,0.0,8.0,2.0,1.0
1600,13.332193200000008,0,8.3704,1.5439,1.439,1.4224,0.1472,0.0037,0.0056,0.0002,0.0315,0.0441,0.002,0.0008,0.01,0.0001,0.0018,0.0013,0.0001,0.0005,0.0081,0.0012,0.0005,0.0001,0.0021,0.081,0.0152,0.0,0.0053,0.0,95.0,0.0,32.0,63.0,26.0,0.0,0.0,0.0,0.0,0.0,0.0,0.0,0.0,0.0,0.0,0.0,0.0,0.0,0.0,0.0,0.0,0.0,0.0,8.0,2.0,1.0
1601,13.340563600000008,0,8.2997,1.5813,1.3849,1.326,0.1472,0.0042,0.0044,0.0002,0.0294,0.0409,0.0021,0.0008,0.0113,0.0001,0.0016,0.0015,0.0002,0.0001,0.0076,0.0016,0.0004,0.0,0.0018,0.0803,0.0162,0.0,0.0036,0.0,95.0,0.0,32.0,63.0,26.0,0.0,0.0,0.0,0.0,0.0,0.0,0.0,0.0,0.0,0.0,0.0,0.0,0.0,0.0,0.0,0.0,0.0,0.0,8.0,2.0,1.0
1602,13.348863300000009,0,8.4556,1.6755,1.5129,1.5179,0.1432,0.0025,0.0031,0.0004,0.0351,0.0432,0.0021,0.0008,0.0092,0.0001,0.0019,0.0016,0.0001,0.0004,0.0079,0.0012,0.0004,0.0001,0.0022,0.0803,0.0161,0.0,0.0044,0.0,95.0,0.0,32.0,63.0,26.0,0.0,0.0,0.0,0.0,0.0,0.0,0.0,0.0,0.0,0.0,0.0,0.0,0.0,0.0,0.0,0.0,0.0,0.0,8.0,2.0,1.0
1603,13.357318900000008,0,8.2084,1.6109,1.4693,1.408,0.1443,0.0028,0.0036,0.0002,0.0284,0.0373,0.0022,0.0007,0.0092,0.0001,0.0015,0.0022,0.0001,0.0001,0.0096,0.0013,0.0005,0.0,0.002,0.0794,0.0135,0.0,0.0045,0.0,95.0,0.0,32.0,63.0,26.0,0.0,0.0,0.0,0.0,0.0,0.0,0.0,0.0,0.0,0.0,0.0,0.0,0.0,0.0,0.0,0.0,0.0,0.0,8.0,2.0,1.0
1604,13.365527300000007,0,8.4885,1.5845,1.4887,1.6015,0.1649,0.004,0.0041,0.0001,0.0364,0.0473,0.0023,0.0009,0.0121,0.0001,0.0021,0.0016,0.0001,0.0002,0.0093,0.0013,0.0005,0.0001,0.002,0.0909,0.0185,0.0001,0.0043,0.0,95.0,0.0,32.0,63.0,26.0,0.0,0.0,0.0,0.0,0.0,0.0,0.0,0.0,0.0,0.0,0.0,0.0,0.0,0.0,0.0,0.0,0.0,0.0,8.0,2.0,1.0
1605,13.374015800000008,0,8.3432,1.9438,1.5608,1.5437,0.1664,0.0048,0.0045,0.0002,0.0305,0.0426,0.0029,0.0013,0.0131,0.0002,0.0019,0.0019,0.0003,0.0001,0.0091,0.0021,0.0005,0.0001,0.0024,0.0888,0.0187,0.0001,0.0036,0.0,95.0,0.0,32.0,63.0,26.0,0.0,0.0,0.0,0.0,0.0,0.0,0.0,0.0,0.0,0.0,0.0,0.0,0.0,0.0,0.0,0.0,0.0,0.0,8.0,2.0,1.0
1606,13.382359000000008,0,8.2161,1.762,1.5179,1.5244,0.1484,0.0027,0.0034,0.0002,0.038,0.0469,0.0024,0.0007,0.0104,0.0002,0.0015,0.0018,0.0001,0.0001,0.0086,0.0016,0.0004,0.0001,0.0017,0.0854,0.0114,0.0,0.0048,0.0,95.0,0.0,32.0,63.0,26.0,0.0,0.0,0.0,0.0,0.0,0.0,0.0,0.0,0.0,0.0,0.0,0.0,0.0,0.0,0.0,0.0,0.0,0.0,8.0,2.0,1.0
1607,13.390575100000008,0,8.3411,1.5782,1.4312,1.3422,0.1465,0.0038,0.0037,0.0002,0.0281,0.038,0.0024,0.0007,0.0127,0.0001,0.0014,0.002,0.0001,0.0001,0.0088,0.0013,0.0005,0.0002,0.002,0.0811,0.0154,0.0001,0.0047,0.0,95.0,0.0,32.0,63.0,26.0,0.0,0.0,0.0,0.0,0.0,0.0,0.0,0.0,0.0,0.0,0.0,0.0,0.0,0.0,0.0,0.0,0.0,0.0,8.0,2.0,1.0
1608,13.39891620000001,0,8.2843,1.8,1.4304,1.4311,0.1393,0.0024,0.0032,0.0002,0.0335,0.0412,0.0022,0.0007,0.009,0.0002,0.0014,0.0014,0.0005,0.0001,0.0083,0.0012,0.001,0.0001,0.0017,0.0779,0.0157,0.0,0.0044,0.0,95.0,0.0,32.0,63.0,26.0,0.0,0.0,0.0,0.0,0.0,0.0,0.0,0.0,0.0,0.0,0.0,0.0,0.0,0.0,0.0,0.0,0.0,0.0,8.0,2.0,1.0
1609,13.407200500000009,0,8.3901,1.6424,1.4514,1.4068,0.1466,0.0028,0.004,0.0002,0.0307,0.0399,0.0028,0.0007,0.0111,0.0002,0.0019,0.0016,0.0001,0.0002,0.0091,0.0016,0.0005,0.0,0.0019,0.0799,0.0136,0.0,0.0037,0.0,95.0,0.0,32.0,63.0,26.0,0.0,0.0,0.0,0.0,0.0,0.0,0.0,0.0,0.0,0.0,0.0,0.0,0.0,0.0,0.0,0.0,0.0,0.0,8.0,2.0,1.0
1610,13.415590600000009,0,8.3138,1.6191,1.4599,1.4832,0.1527,0.0035,0.0041,0.0002,0.0334,0.0442,0.0022,0.0012,0.0109,0.0001,0.0016,0.0015,0.0001,0.0002,0.0086,0.0014,0.0006,0.0,0.002,0.0838,0.0154,0.0,0.0042,0.0,95.0,0.0,32.0,63.0,26.0,0.0,0.0,0.0,0.0,0.0,0.0,0.0,0.0,0.0,0.0,0.0,0.0,0.0,0.0,0.0,0.0,0.0,0.0,8.0,2.0,1.0
1611,13.423904400000009,0,8.3154,1.6494,1.4328,1.496,0.1443,0.0029,0.0035,0.0002,0.0289,0.0379,0.0027,0.0008,0.0094,0.0002,0.0017,0.0016,0.0001,0.0001,0.0096,0.0018,0.0005,0.0,0.0019,0.0799,0.0141,0.0001,0.0045,0.0,95.0,0.0,32.0,63.0,26.0,0.0,0.0,0.0,0.0,0.0,0.0,0.0,0.0,0.0,0.0,0.0,0.0,0.0,0.0,0.0,0.0,0.0,0.0,8.0,2.0,1.0
1612,13.43221980000001,0,8.3569,1.6349,1.4141,1.692,0.1568,0.0037,0.0035,0.0002,0.0382,0.0478,0.0034,0.0014,0.0124,0.0001,0.0018,0.0015,0.0001,0.0001,0.0085,0.0012,0.0005,0.0,0.002,0.091,0.015,0.0001,0.0039,0.0,95.0,0.0,32.0,63.0,26.0,0.0,0.0,0.0,0.0,0.0,0.0,0.0,0.0,0.0,0.0,0.0,0.0,0.0,0.0,0.0,0.0,0.0,0.0,8.0,2.0,1.0
1613,13.44057670000001,0,8.3768,1.5864,1.4871,1.4471,0.1509,0.0046,0.0041,0.0002,0.0274,0.0386,0.0022,0.0007,0.0106,0.0001,0.0016,0.0018,0.0001,0.0001,0.0089,0.0013,0.0005,0.0,0.0019,0.0794,0.0148,0.0,0.0042,0.0,95.0,0.0,32.0,63.0,26.0,0.0,0.0,0.0,0.0,0.0,0.0,0.0,0.0,0.0,0.0,0.0,0.0,0.0,0.0,0.0,0.0,0.0,0.0,8.0,2.0,1.0
1614,13.44895350000001,0,8.387,1.7189,1.5469,1.5556,0.1702,0.0044,0.0044,0.0002,0.0392,0.0514,0.0023,0.0014,0.0116,0.0001,0.002,0.0016,0.0001,0.0002,0.0084,0.0013,0.0005,0.0001,0.0018,0.0988,0.0171,0.0,0.0045,0.0,95.0,0.0,32.0,63.0,24.0,0.0,0.0,0.0,0.0,0.0,0.0,0.0,0.0,0.0,0.0,0.0,0.0,0.0,0.0,0.0,0.0,0.0,0.0,8.0,2.0,1.0
1615,13.457340500000011,0,8.23,1.6406,1.4794,1.3679,0.1455,0.0032,0.0039,0.0003,0.029,0.039,0.0022,0.0008,0.0109,0.0001,0.0014,0.0016,0.0001,0.0001,0.009,0.0017,0.0005,0.0,0.0021,0.0805,0.0149,0.0,0.0039,0.0,95.0,0.0,32.0,63.0,24.0,0.0,0.0,0.0,0.0,0.0,0.0,0.0,0.0,0.0,0.0,0.0,0.0,0.0,0.0,0.0,0.0,0.0,0.0,8.0,2.0,1.0
1616,13.46557050000001,0,8.3583,1.7326,1.4532,1.5277,0.1576,0.005,0.0054,0.0002,0.0319,0.045,0.0021,0.001,0.0103,0.0002,0.0016,0.002,0.0,0.0001,0.008,0.0013,0.0008,0.0001,0.0019,0.0892,0.0152,0.0,0.0038,0.0,95.0,0.0,32.0,63.0,24.0,0.0,0.0,0.0,0.0,0.0,0.0,0.0,0.0,0.0,0.0,0.0,0.0,0.0,0.0,0.0,0.0,0.0,0.0,8.0,2.0,1.0
1617,13.47392880000001,0,8.2904,1.6975,1.4586,1.4464,0.1501,0.0028,0.0043,0.0002,0.0308,0.041,0.0025,0.0008,0.0119,0.0001,0.0017,0.0019,0.0001,0.0001,0.0091,0.0012,0.001,0.0001,0.002,0.0836,0.0153,0.0001,0.004,0.0,95.0,0.0,32.0,63.0,24.0,0.0,0.0,0.0,0.0,0.0,0.0,0.0,0.0,0.0,0.0,0.0,0.0,0.0,0.0,0.0,0.0,0.0,0.0,8.0,2.0,1.0
1618,13.48221920000001,0,8.3403,1.6648,1.4291,1.4529,0.1541,0.0031,0.0034,0.0002,0.0406,0.0499,0.0023,0.001,0.0107,0.0004,0.0016,0.0017,0.0001,0.0001,0.0082,0.0016,0.0006,0.0001,0.0017,0.0908,0.0159,0.0,0.0039,0.0,95.0,0.0,32.0,63.0,24.0,0.0,0.0,0.0,0.0,0.0,0.0,0.0,0.0,0.0,0.0,0.0,0.0,0.0,0.0,0.0,0.0,0.0,0.0,8.0,2.0,1.0
1619,13.49055950000001,0,8.3392,1.7662,1.4068,1.4531,0.1419,0.0028,0.004,0.0002,0.0269,0.0365,0.0028,0.0008,0.0086,0.0001,0.0016,0.0015,0.0001,0.0001,0.009,0.0013,0.0004,0.0,0.0019,0.0755,0.0147,0.0001,0.004,0.0,95.0,0.0,32.0,63.0,24.0,0.0,0.0,0.0,0.0,0.0,0.0,0.0,0.0,0.0,0.0,0.0,0.0,0.0,0.0,0.0,0.0,0.0,0.0,8.0,2.0,1.0
1620,13.49889870000001,0,8.3404,1.5665,1.4597,1.4429,0.1537,0.0027,0.0039,0.0002,0.0375,0.0468,0.0022,0.0007,0.0107,0.0001,0.0019,0.0014,0.0001,0.0001,0.0092,0.0013,0.0005,0.0,0.0018,0.0868,0.0141,0.0,0.004,0.0,95.0,0.0,32.0,63.0,24.0,0.0,0.0,0.0,0.0,0.0,0.0,0.0,0.0,0.0,0.0,0.0,0.0,0.0,0.0,0.0,0.0,0.0,0.0,8.0,2.0,1.0
1621,13.50723910000001,0,8.3506,1.6307,1.434,1.6203,0.1415,0.004,0.0039,0.0001,0.0312,0.0416,0.002,0.0007,0.0089,0.0001,0.0014,0.0019,0.0001,0.0001,0.0085,0.0015,0.0004,0.0001,0.0017,0.0786,0.0119,0.0,0.0035,0.0,95.0,0.0,32.0,63.0,24.0,0.0,0.0,0.0,0.0,0.0,0.0,0.0,0.0,0.0,0.0,0.0,0.0,0.0,0.0,0.0,0.0,0.0,0.0,8.0,2.0,1.0
1622,13.51558970000001,0,8.4828,1.9868,1.5752,1.4781,0.1653,0.0044,0.0039,0.0001,0.0393,0.0503,0.0026,0.0008,0.0118,0.0006,0.0016,0.0019,0.0001,0.0001,0.0091,0.0012,0.0004,0.0001,0.0017,0.0917,0.0176,0.0,0.005,0.0,95.0,0.0,32.0,63.0,24.0,0.0,0.0,0.0,0.0,0.0,0.0,0.0,0.0,0.0,0.0,0.0,0.0,0.0,0.0,0.0,0.0,0.0,0.0,8.0,2.0,1.0
1623,13.52407250000001,0,8.3441,1.8243,1.6154,1.46,0.1465,0.0031,0.0042,0.0002,0.0263,0.0362,0.0022,0.0008,0.0111,0.0001,0.0018,0.0016,0.0001,0.0006,0.0088,0.0011,0.0004,0.0001,0.0017,0.0773,0.0148,0.0001,0.0042,0.0,95.0,0.0,32.0,63.0,24.0,0.0,0.0,0.0,0.0,0.0,0.0,0.0,0.0,0.0,0.0,0.0,0.0,0.0,0.0,0.0,0.0,0.0,0.0,8.0,2.0,1.0
1624,13.53241660000001,0,8.1568,1.7573,1.5529,1.8453,0.1614,0.0028,0.0035,0.0002,0.0382,0.0471,0.0025,0.0009,0.009,0.0001,0.0015,0.0023,0.0001,0.0001,0.009,0.0012,0.0004,0.0,0.002,0.0926,0.0169,0.0,0.0036,0.0,95.0,0.0,32.0,63.0,24.0,0.0,0.0,0.0,0.0,0.0,0.0,0.0,0.0,0.0,0.0,0.0,0.0,0.0,0.0,0.0,0.0,0.0,0.0,8.0,2.0,1.0
1625,13.54057340000001,0,8.4542,1.765,1.4812,1.4224,0.1523,0.0032,0.0043,0.0003,0.0323,0.0428,0.0024,0.0009,0.0108,0.0002,0.0016,0.0022,0.0001,0.0001,0.0088,0.0017,0.0005,0.0,0.002,0.085,0.0149,0.0,0.0037,0.0,95.0,0.0,32.0,63.0,24.0,0.0,0.0,0.0,0.0,0.0,0.0,0.0,0.0,0.0,0.0,0.0,0.0,0.0,0.0,0.0,0.0,0.0,0.0,8.0,2.0,1.0
1626,13.54902760000001,0,8.3588,1.6487,1.6158,1.5311,0.1687,0.005,0.0047,0.0002,0.0384,0.051,0.0023,0.0011,0.012,0.0001,0.0016,0.0023,0.0001,0.0001,0.0092,0.0014,0.0005,0.0001,0.002,0.0947,0.0172,0.0001,0.0034,0.0,95.0,0.0,32.0,63.0,24.0,0.0,0.0,0.0,0.0,0.0,0.0,0.0,0.0,0.0,0.0,0.0,0.0,0.0,0.0,0.0,0.0,0.0,0.0,8.0,2.0,1.0
1627,13.55738640000001,0,8.53,1.7454,1.785,1.3691,0.1523,0.0039,0.004,0.0002,0.0293,0.0397,0.0023,0.0007,0.0081,0.0001,0.0023,0.0017,0.0001,0.0001,0.0092,0.0012,0.0005,0.0001,0.0018,0.0786,0.016,0.0001,0.0038,0.0,95.0,0.0,32.0,63.0,24.0,0.0,0.0,0.0,0.0,0.0,0.0,0.0,0.0,0.0,0.0,0.0,0.0,0.0,0.0,0.0,0.0,0.0,0.0,8.0,2.0,1.0
1628,13.56591640000001,0,8.0086,2.1011,1.5268,1.6319,0.1474,0.0046,0.0038,0.0002,0.0342,0.0453,0.0018,0.0007,0.0097,0.0001,0.0015,0.002,0.0001,0.0001,0.0085,0.0017,0.0004,0.0001,0.0016,0.0837,0.0131,0.0,0.0037,0.0,95.0,0.0,32.0,63.0,24.0,0.0,0.0,0.0,0.0,0.0,0.0,0.0,0.0,0.0,0.0,0.0,0.0,0.0,0.0,0.0,0.0,0.0,0.0,8.0,2.0,1.0
1629,13.57392500000001,0,8.3678,1.6838,1.4774,1.5356,0.1453,0.0031,0.0034,0.0001,0.0294,0.0384,0.0026,0.0008,0.0127,0.0001,0.0021,0.0015,0.0001,0.0005,0.0091,0.0012,0.0009,0.0,0.0019,0.0816,0.0151,0.0,0.004,0.0,95.0,0.0,32.0,63.0,24.0,0.0,0.0,0.0,0.0,0.0,0.0,0.0,0.0,0.0,0.0,0.0,0.0,0.0,0.0,0.0,0.0,0.0,0.0,8.0,2.0,1.0
1630,13.58229280000001,0,8.2943,1.6984,1.4995,1.5333,0.1447,0.0038,0.0033,0.0009,0.0343,0.0444,0.0018,0.0009,0.0096,0.0002,0.0021,0.0015,0.0001,0.0001,0.0085,0.0012,0.0005,0.0001,0.0018,0.0817,0.0121,0.0,0.0037,0.0,95.0,0.0,32.0,63.0,24.0,0.0,0.0,0.0,0.0,0.0,0.0,0.0,0.0,0.0,0.0,0.0,0.0,0.0,0.0,0.0,0.0,0.0,0.0,8.0,2.0,1.0
1631,13.59058710000001,0,8.3467,1.841,1.4602,1.4207,0.1479,0.0045,0.004,0.0002,0.0308,0.0424,0.002,0.0006,0.01,0.0001,0.0019,0.0014,0.0001,0.0001,0.0085,0.0011,0.0004,0.0001,0.0015,0.0809,0.014,0.0,0.0038,0.0,95.0,0.0,32.0,63.0,24.0,0.0,0.0,0.0,0.0,0.0,0.0,0.0,0.0,0.0,0.0,0.0,0.0,0.0,0.0,0.0,0.0,0.0,0.0,8.0,2.0,1.0
1632,13.59893380000001,0,8.223,1.8208,1.4165,1.493,0.1419,0.0035,0.0032,0.0002,0.0333,0.0426,0.0021,0.0009,0.0104,0.0002,0.0015,0.0013,0.0001,0.0001,0.0087,0.0013,0.0009,0.0,0.0019,0.0818,0.0143,0.0001,0.0039,0.0,95.0,0.0,32.0,63.0,24.0,0.0,0.0,0.0,0.0,0.0,0.0,0.0,0.0,0.0,0.0,0.0,0.0,0.0,0.0,0.0,0.0,0.0,0.0,8.0,2.0,1.0
1633,13.60715680000001,0,8.4983,1.7501,1.4651,1.4008,0.1541,0.0027,0.0038,0.0005,0.0301,0.0398,0.003,0.0009,0.0126,0.0001,0.0022,0.0018,0.0001,0.0001,0.0089,0.0013,0.0006,0.0,0.002,0.0847,0.0166,0.0,0.0042,0.0,95.0,0.0,32.0,63.0,24.0,0.0,0.0,0.0,0.0,0.0,0.0,0.0,0.0,0.0,0.0,0.0,0.0,0.0,0.0,0.0,0.0,0.0,0.0,8.0,2.0,1.0
1634,13.615655100000009,0,8.3021,1.7926,1.5162,1.5579,0.1549,0.0051,0.0044,0.0002,0.0355,0.0477,0.002,0.0011,0.0116,0.0001,0.002,0.0016,0.0,0.0001,0.0087,0.0014,0.0004,0.0,0.0016,0.0878,0.0151,0.0,0.0035,0.0,95.0,0.0,32.0,63.0,24.0,0.0,0.0,0.0,0.0,0.0,0.0,0.0,0.0,0.0,0.0,0.0,0.0,0.0,0.0,0.0,0.0,0.0,0.0,8.0,2.0,1.0
1635,13.623957200000008,0,8.3961,1.818,1.5096,1.5147,0.1406,0.0028,0.0048,0.0002,0.0269,0.0371,0.0025,0.0007,0.0101,0.0001,0.0016,0.0021,0.0001,0.0001,0.0086,0.0013,0.0005,0.0001,0.0016,0.0756,0.0139,0.0,0.0038,0.0,95.0,0.0,32.0,63.0,24.0,0.0,0.0,0.0,0.0,0.0,0.0,0.0,0.0,0.0,0.0,0.0,0.0,0.0,0.0,0.0,0.0,0.0,0.0,8.0,2.0,1.0
1636,13.632353300000009,0,8.4858,1.792,1.6702,1.5182,0.1745,0.0037,0.005,0.0002,0.0404,0.0521,0.003,0.001,0.0119,0.0002,0.002,0.0018,0.0001,0.0001,0.0099,0.0018,0.0005,0.0001,0.002,0.097,0.0173,0.0001,0.0043,0.0,95.0,0.0,32.0,63.0,24.0,0.0,0.0,0.0,0.0,0.0,0.0,0.0,0.0,0.0,0.0,0.0,0.0,0.0,0.0,0.0,0.0,0.0,0.0,8.0,2.0,1.0
1637,13.64083910000001,0,8.2843,2.0277,1.6748,1.6092,0.1455,0.0031,0.0037,0.0003,0.0295,0.0396,0.002,0.0014,0.0089,0.0002,0.0015,0.0022,0.0002,0.0001,0.0106,0.0012,0.0004,0.0001,0.0017,0.0788,0.0128,0.0,0.0046,0.0,95.0,0.0,32.0,63.0,24.0,0.0,0.0,0.0,0.0,0.0,0.0,0.0,0.0,0.0,0.0,0.0,0.0,0.0,0.0,0.0,0.0,0.0,0.0,8.0,2.0,1.0
1638,13.64912340000001,0,8.374,1.977,1.6404,1.666,0.1506,0.0033,0.0036,0.0002,0.0364,0.0456,0.0023,0.0009,0.0101,0.0001,0.0015,0.0019,0.0001,0.0001,0.0092,0.0012,0.0004,0.0001,0.0017,0.0846,0.0141,0.0001,0.005,0.0,95.0,0.0,32.0,63.0,26.0,0.0,0.0,0.0,0.0,0.0,0.0,0.0,0.0,0.0,0.0,0.0,0.0,0.0,0.0,0.0,0.0,0.0,0.0,8.0,2.0,1.0
1639,13.65749740000001,0,8.0972,1.8406,1.6944,1.4255,0.1547,0.0032,0.0039,0.0003,0.0293,0.039,0.0023,0.0009,0.012,0.0002,0.0017,0.0016,0.0001,0.0001,0.0093,0.0013,0.0005,0.0007,0.002,0.0825,0.0171,0.0001,0.0044,0.0,95.0,0.0,32.0,63.0,26.0,0.0,0.0,0.0,0.0,0.0,0.0,0.0,0.0,0.0,0.0,0.0,0.0,0.0,0.0,0.0,0.0,0.0,0.0,8.0,2.0,1.0
1640,13.66559460000001,0,8.3704,1.8297,1.4821,1.4643,0.1629,0.0042,0.0036,0.0006,0.0369,0.0476,0.0021,0.0006,0.0112,0.0001,0.0018,0.0023,0.0001,0.0001,0.0094,0.0013,0.0004,0.0001,0.0025,0.0912,0.0163,0.0,0.0049,0.0,95.0,0.0,32.0,63.0,26.0,0.0,0.0,0.0,0.0,0.0,0.0,0.0,0.0,0.0,0.0,0.0,0.0,0.0,0.0,0.0,0.0,0.0,0.0,8.0,2.0,1.0
1641,13.67396500000001,0,8.3118,1.8371,1.4329,1.5768,0.1495,0.0027,0.0038,0.0002,0.0301,0.0391,0.0026,0.0007,0.0096,0.0002,0.0016,0.0018,0.0002,0.0001,0.0093,0.0013,0.0005,0.0001,0.0019,0.0798,0.016,0.0001,0.0044,0.0,95.0,0.0,32.0,63.0,26.0,0.0,0.0,0.0,0.0,0.0,0.0,0.0,0.0,0.0,0.0,0.0,0.0,0.0,0.0,0.0,0.0,0.0,0.0,8.0,2.0,1.0
1642,13.68227680000001,0,8.4094,1.8675,1.4922,1.588,0.1555,0.0031,0.004,0.0002,0.0376,0.0471,0.0022,0.0014,0.0111,0.0001,0.002,0.0016,0.0001,0.0002,0.0085,0.0012,0.0004,0.0,0.0018,0.0871,0.0123,0.0,0.0049,0.0,95.0,0.0,32.0,63.0,26.0,0.0,0.0,0.0,0.0,0.0,0.0,0.0,0.0,0.0,0.0,0.0,0.0,0.0,0.0,0.0,0.0,0.0,0.0,8.0,2.0,1.0
1643,13.690686200000009,0,8.5548,2.0425,1.6423,1.7506,0.1725,0.0037,0.0046,0.0002,0.0335,0.0449,0.0028,0.001,0.0154,0.0001,0.0025,0.0022,0.0001,0.0001,0.0093,0.0014,0.0004,0.0002,0.0021,0.0947,0.0178,0.0001,0.0043,0.0,95.0,0.0,32.0,63.0,26.0,0.0,0.0,0.0,0.0,0.0,0.0,0.0,0.0,0.0,0.0,0.0,0.0,0.0,0.0,0.0,0.0,0.0,0.0,8.0,2.0,1.0
1644,13.69924100000001,0,8.3188,1.8534,1.8488,1.6943,0.2238,0.0049,0.0044,0.0003,0.0513,0.066,0.0035,0.0019,0.0171,0.0002,0.0025,0.0024,0.0001,0.0001,0.0109,0.0018,0.0005,0.0001,0.0036,0.1263,0.0262,0.0,0.0041,0.0,95.0,0.0,32.0,63.0,26.0,0.0,0.0,0.0,0.0,0.0,0.0,0.0,0.0,0.0,0.0,0.0,0.0,0.0,0.0,0.0,0.0,0.0,0.0,8.0,2.0,1.0
1645,13.70755980000001,0,8.2544,1.9138,1.7202,1.6366,0.1595,0.0039,0.0047,0.0002,0.0316,0.0432,0.0023,0.001,0.012,0.0002,0.0017,0.0021,0.0001,0.0001,0.0091,0.0013,0.0005,0.0001,0.0018,0.0855,0.0167,0.0,0.0055,0.0,95.0,0.0,32.0,63.0,26.0,0.0,0.0,0.0,0.0,0.0,0.0,0.0,0.0,0.0,0.0,0.0,0.0,0.0,0.0,0.0,0.0,0.0,0.0,8.0,2.0,1.0
1646,13.71581420000001,0,8.6052,2.0691,1.7277,1.6527,0.19,0.0037,0.0049,0.0002,0.0416,0.0535,0.0029,0.0009,0.0131,0.0002,0.0021,0.0017,0.0001,0.0001,0.0105,0.0019,0.0006,0.0001,0.0022,0.1018,0.0212,0.0,0.0039,0.0,95.0,0.0,32.0,63.0,26.0,0.0,0.0,0.0,0.0,0.0,0.0,0.0,0.0,0.0,0.0,0.0,0.0,0.0,0.0,0.0,0.0,0.0,0.0,8.0,2.0,1.0
1647,13.72441940000001,0,8.0503,2.3053,1.8574,1.7463,0.1533,0.0034,0.0042,0.0003,0.0312,0.0416,0.0029,0.001,0.0123,0.0001,0.0016,0.0024,0.0002,0.0001,0.0087,0.0017,0.0004,0.0001,0.0019,0.0836,0.0142,0.0,0.0049,0.0,95.0,0.0,32.0,63.0,26.0,0.0,0.0,0.0,0.0,0.0,0.0,0.0,0.0,0.0,0.0,0.0,0.0,0.0,0.0,0.0,0.0,0.0,0.0,8.0,2.0,1.0
1648,13.73246970000001,0,8.3535,2.071,1.7547,1.5027,0.1694,0.0041,0.0044,0.0002,0.0372,0.0492,0.0032,0.0014,0.0131,0.0002,0.0016,0.0015,0.0006,0.0001,0.0093,0.0017,0.0005,0.0001,0.0018,0.0931,0.0175,0.0,0.0038,0.0,95.0,0.0,32.0,63.0,26.0,0.0,0.0,0.0,0.0,0.0,0.0,0.0,0.0,0.0,0.0,0.0,0.0,0.0,0.0,0.0,0.0,0.0,0.0,8.0,2.0,1.0
1649,13.74082320000001,0,8.32,1.9882,1.6856,1.8182,0.175,0.0041,0.0052,0.0003,0.0315,0.0435,0.003,0.0009,0.0121,0.0007,0.0018,0.0023,0.0001,0.0001,0.0104,0.0013,0.001,0.0002,0.0021,0.0915,0.0201,0.0,0.0042,0.0,95.0,0.0,32.0,63.0,26.0,0.0,0.0,0.0,0.0,0.0,0.0,0.0,0.0,0.0,0.0,0.0,0.0,0.0,0.0,0.0,0.0,0.0,0.0,8.0,2.0,1.0
1650,13.74914320000001,0,8.3558,2.1454,1.7171,1.7779,0.1853,0.0041,0.0048,0.0002,0.0445,0.0569,0.0029,0.0011,0.0134,0.0001,0.0018,0.0025,0.0002,0.0001,0.0098,0.0014,0.0009,0.0002,0.002,0.1053,0.0196,0.0,0.0042,0.0,95.0,0.0,32.0,63.0,26.0,0.0,0.0,0.0,0.0,0.0,0.0,0.0,0.0,0.0,0.0,0.0,0.0,0.0,0.0,0.0,0.0,0.0,0.0,8.0,2.0,1.0
1651,13.75749900000001,0,8.4324,2.0623,1.7656,1.6384,0.1591,0.003,0.0052,0.0002,0.0342,0.0457,0.0034,0.0015,0.013,0.0006,0.0016,0.0022,0.0001,0.0001,0.0088,0.0012,0.0005,0.0001,0.0019,0.0901,0.0153,0.0,0.0065,0.0,95.0,0.0,32.0,63.0,26.0,0.0,0.0,0.0,0.0,0.0,0.0,0.0,0.0,0.0,0.0,0.0,0.0,0.0,0.0,0.0,0.0,0.0,0.0,8.0,2.0,1.0
1652,13.76593140000001,0,8.2366,2.0855,1.734,1.7666,0.1769,0.0032,0.0036,0.0002,0.0413,0.0511,0.0025,0.0009,0.0136,0.0001,0.0017,0.002,0.0002,0.0001,0.0099,0.0013,0.0005,0.0002,0.0021,0.0982,0.0209,0.0,0.0044,0.0,95.0,0.0,32.0,63.0,26.0,0.0,0.0,0.0,0.0,0.0,0.0,0.0,0.0,0.0,0.0,0.0,0.0,0.0,0.0,0.0,0.0,0.0,0.0,8.0,2.0,1.0
1653,13.77416800000001,0,8.2863,1.9073,1.7042,1.7715,0.1646,0.0035,0.005,0.0002,0.0318,0.0438,0.0025,0.0012,0.0116,0.0002,0.0017,0.0024,0.0001,0.0001,0.0098,0.0014,0.0011,0.0001,0.0019,0.0889,0.0193,0.0,0.0044,0.0,95.0,0.0,32.0,63.0,26.0,0.0,0.0,0.0,0.0,0.0,0.0,0.0,0.0,0.0,0.0,0.0,0.0,0.0,0.0,0.0,0.0,0.0,0.0,8.0,2.0,1.0
1654,13.78245430000001,0,8.3746,1.9407,1.7062,1.9028,0.1609,0.0055,0.0054,0.0003,0.0324,0.0461,0.0028,0.001,0.0113,0.0001,0.002,0.0016,0.0001,0.0001,0.0094,0.0012,0.0005,0.0006,0.002,0.0886,0.0135,0.0001,0.0053,0.0,95.0,0.0,32.0,63.0,26.0,0.0,0.0,0.0,0.0,0.0,0.0,0.0,0.0,0.0,0.0,0.0,0.0,0.0,0.0,0.0,0.0,0.0,0.0,8.0,2.0,1.0
1655,13.79082890000001,0,8.2431,1.9891,1.6432,1.6106,0.1586,0.0032,0.0045,0.0002,0.0328,0.0432,0.0027,0.0006,0.011,0.0002,0.0016,0.0016,0.0001,0.0001,0.0104,0.0012,0.0011,0.0001,0.0019,0.0869,0.015,0.0,0.0047,0.0,95.0,0.0,32.0,63.0,26.0,0.0,0.0,0.0,0.0,0.0,0.0,0.0,0.0,0.0,0.0,0.0,0.0,0.0,0.0,0.0,0.0,0.0,0.0,8.0,2.0,1.0
1656,13.79907200000001,0,8.4271,1.9819,1.66,1.5212,0.163,0.0032,0.0049,0.0003,0.0378,0.049,0.0021,0.0014,0.0114,0.0001,0.0021,0.0016,0.0001,0.0001,0.0093,0.0017,0.0004,0.0001,0.0019,0.0911,0.0159,0.0,0.0043,0.0,95.0,0.0,32.0,63.0,26.0,0.0,0.0,0.0,0.0,0.0,0.0,0.0,0.0,0.0,0.0,0.0,0.0,0.0,0.0,0.0,0.0,0.0,0.0,8.0,2.0,1.0
1657,13.80749910000001,0,8.3313,1.939,1.7031,1.776,0.1494,0.0038,0.0059,0.0002,0.0236,0.0361,0.0022,0.0007,0.0109,0.0002,0.0022,0.0017,0.0002,0.0001,0.0087,0.0011,0.0005,0.0005,0.0019,0.0779,0.0147,0.0,0.0041,0.0,95.0,0.0,32.0,63.0,26.0,0.0,0.0,0.0,0.0,0.0,0.0,0.0,0.0,0.0,0.0,0.0,0.0,0.0,0.0,0.0,0.0,0.0,0.0,8.0,2.0,1.0
1658,13.81583040000001,0,8.3635,2.0962,1.7478,1.5729,0.1884,0.006,0.0066,0.0007,0.0278,0.0437,0.0026,0.0014,0.0142,0.0002,0.0023,0.0021,0.0002,0.0003,0.0132,0.0023,0.0007,0.0001,0.0023,0.0993,0.0216,0.0,0.0039,0.0,95.0,0.0,32.0,63.0,26.0,0.0,0.0,0.0,0.0,0.0,0.0,0.0,0.0,0.0,0.0,0.0,0.0,0.0,0.0,0.0,0.0,0.0,0.0,8.0,2.0,1.0
1659,13.82419390000001,0,8.3054,1.9057,1.7347,1.6398,0.1691,0.0036,0.0044,0.0001,0.0349,0.0459,0.0026,0.0008,0.0131,0.0002,0.0017,0.0022,0.0001,0.0001,0.0093,0.0013,0.0005,0.0001,0.0021,0.0925,0.0193,0.0,0.0044,0.0,95.0,0.0,32.0,63.0,26.0,0.0,0.0,0.0,0.0,0.0,0.0,0.0,0.0,0.0,0.0,0.0,0.0,0.0,0.0,0.0,0.0,0.0,0.0,8.0,2.0,1.0
1660,13.83249930000001,0,8.2341,1.9458,1.688,2.0149,0.1598,0.0029,0.0039,0.0003,0.0382,0.0477,0.0023,0.0013,0.0117,0.0001,0.002,0.0018,0.0002,0.0001,0.009,0.0012,0.001,0.0001,0.0018,0.0901,0.0151,0.0001,0.0054,0.0,95.0,0.0,32.0,63.0,26.0,0.0,0.0,0.0,0.0,0.0,0.0,0.0,0.0,0.0,0.0,0.0,0.0,0.0,0.0,0.0,0.0,0.0,0.0,8.0,2.0,1.0
1661,13.840733400000008,0,8.5082,1.8143,1.6795,1.4837,0.1752,0.0036,0.0046,0.0002,0.0353,0.0463,0.0031,0.0009,0.0102,0.0001,0.0017,0.0019,0.0001,0.0002,0.0113,0.0012,0.0007,0.0001,0.0018,0.0926,0.0215,0.0,0.0047,0.0,95.0,0.0,32.0,63.0,26.0,0.0,0.0,0.0,0.0,0.0,0.0,0.0,0.0,0.0,0.0,0.0,0.0,0.0,0.0,0.0,0.0,0.0,0.0,8.0,2.0,1.0
1662,13.849241600000008,0,8.3218,1.9815,1.8043,1.7043,0.1709,0.0035,0.004,0.0003,0.0417,0.0524,0.0029,0.0009,0.0121,0.0002,0.002,0.002,0.0006,0.0002,0.0094,0.0014,0.0005,0.0002,0.0025,0.0973,0.0185,0.0,0.0042,0.0,95.0,0.0,32.0,63.0,26.0,0.0,0.0,0.0,0.0,0.0,0.0,0.0,0.0,0.0,0.0,0.0,0.0,0.0,0.0,0.0,0.0,0.0,0.0,8.0,2.0,1.0
1663,13.857563400000007,0,8.1351,1.8401,1.7064,1.5265,0.1539,0.0031,0.0041,0.0002,0.0301,0.0401,0.0025,0.0009,0.0119,0.0001,0.0016,0.0022,0.0001,0.0001,0.0088,0.0011,0.0005,0.0001,0.0019,0.0837,0.0167,0.0,0.0055,0.0,95.0,0.0,32.0,63.0,26.0,0.0,0.0,0.0,0.0,0.0,0.0,0.0,0.0,0.0,0.0,0.0,0.0,0.0,0.0,0.0,0.0,0.0,0.0,8.0,2.0,1.0
1664,13.865698500000008,0,8.369,1.8963,1.6018,1.6683,0.1651,0.0043,0.0042,0.0002,0.0374,0.0492,0.0027,0.0008,0.0113,0.0001,0.0016,0.0015,0.0001,0.0001,0.0093,0.0012,0.0005,0.0,0.0016,0.0896,0.0166,0.0,0.0039,0.0,95.0,0.0,32.0,63.0,26.0,0.0,0.0,0.0,0.0,0.0,0.0,0.0,0.0,0.0,0.0,0.0,0.0,0.0,0.0,0.0,0.0,0.0,0.0,8.0,2.0,1.0
1665,13.874067500000008,0,8.2968,1.8698,1.5557,1.6221,0.1554,0.0042,0.0061,0.0006,0.0234,0.0376,0.0026,0.0013,0.0122,0.0001,0.002,0.0017,0.0006,0.0001,0.0089,0.0016,0.0005,0.0001,0.0022,0.081,0.0154,0.0,0.0046,0.0,95.0,0.0,32.0,63.0,26.0,0.0,0.0,0.0,0.0,0.0,0.0,0.0,0.0,0.0,0.0,0.0,0.0,0.0,0.0,0.0,0.0,0.0,0.0,8.0,2.0,1.0
1666,13.882364300000008,0,8.3719,1.8629,1.5937,1.6969,0.1465,0.0029,0.0051,0.0002,0.0308,0.0418,0.002,0.0012,0.0098,0.0004,0.0014,0.0014,0.0001,0.0001,0.009,0.0011,0.0009,0.0,0.0018,0.0803,0.0138,0.0001,0.0044,0.0,95.0,0.0,32.0,63.0,26.0,0.0,0.0,0.0,0.0,0.0,0.0,0.0,0.0,0.0,0.0,0.0,0.0,0.0,0.0,0.0,0.0,0.0,0.0,8.0,2.0,1.0
1667,13.890736200000008,0,8.3979,1.8482,1.6246,1.5389,0.1616,0.0035,0.0039,0.0003,0.0353,0.0462,0.0021,0.0007,0.0118,0.0002,0.0015,0.002,0.0001,0.0001,0.009,0.0017,0.0004,0.0001,0.0019,0.0888,0.0163,0.0,0.0046,0.0,95.0,0.0,32.0,63.0,26.0,0.0,0.0,0.0,0.0,0.0,0.0,0.0,0.0,0.0,0.0,0.0,0.0,0.0,0.0,0.0,0.0,0.0,0.0,8.0,2.0,1.0
1668,13.899134100000008,0,8.1825,1.8518,1.5894,1.5126,0.1538,0.0032,0.0042,0.0002,0.0358,0.0463,0.0024,0.0008,0.0109,0.0001,0.0017,0.0015,0.0001,0.0001,0.009,0.0018,0.0005,0.0,0.0021,0.088,0.0161,0.0001,0.0038,0.0,95.0,0.0,32.0,63.0,26.0,0.0,0.0,0.0,0.0,0.0,0.0,0.0,0.0,0.0,0.0,0.0,0.0,0.0,0.0,0.0,0.0,0.0,0.0,8.0,2.0,1.0
1669,13.907316600000009,0,8.3422,2.0055,1.5271,1.6861,0.1411,0.0027,0.0039,0.0003,0.0275,0.0368,0.0021,0.0008,0.0083,0.0002,0.0016,0.0017,0.0001,0.0002,0.0086,0.0016,0.0005,0.0,0.0017,0.0728,0.016,0.0,0.0055,0.0,95.0,0.0,32.0,63.0,26.0,0.0,0.0,0.0,0.0,0.0,0.0,0.0,0.0,0.0,0.0,0.0,0.0,0.0,0.0,0.0,0.0,0.0,0.0,8.0,2.0,1.0
1670,13.915658800000008,0,8.4227,1.8566,1.5729,1.5408,0.1606,0.0038,0.0051,0.0003,0.0376,0.0493,0.0025,0.0008,0.0104,0.0001,0.0016,0.0018,0.0002,0.0001,0.0086,0.0014,0.0005,0.0002,0.0018,0.0888,0.0145,0.0,0.0044,0.0,95.0,0.0,32.0,63.0,26.0,0.0,0.0,0.0,0.0,0.0,0.0,0.0,0.0,0.0,0.0,0.0,0.0,0.0,0.0,0.0,0.0,0.0,0.0,8.0,2.0,1.0
1671,13.924081500000009,0,8.2401,1.8779,1.5793,1.579,0.1576,0.0028,0.0037,0.0002,0.0303,0.0397,0.0026,0.0008,0.0133,0.0001,0.0022,0.0018,0.0001,0.0001,0.0088,0.0012,0.0005,0.0001,0.002,0.0849,0.0174,0.0,0.0046,0.0,95.0,0.0,32.0,63.0,26.0,0.0,0.0,0.0,0.0,0.0,0.0,0.0,0.0,0.0,0.0,0.0,0.0,0.0,0.0,0.0,0.0,0.0,0.0,8.0,2.0,1.0
1672,13.932321600000009,0,8.3401,1.8379,1.5244,1.5706,0.1512,0.0031,0.0039,0.0002,0.0343,0.0439,0.0022,0.0014,0.0118,0.0001,0.0015,0.0015,0.0001,0.0001,0.0088,0.0012,0.0009,0.0001,0.0019,0.0859,0.015,0.0,0.0042,0.0,95.0,0.0,32.0,63.0,26.0,0.0,0.0,0.0,0.0,0.0,0.0,0.0,0.0,0.0,0.0,0.0,0.0,0.0,0.0,0.0,0.0,0.0,0.0,8.0,2.0,1.0
1673,13.940661700000009,0,8.4903,2.0436,1.6298,1.6716,0.1684,0.0037,0.0036,0.0002,0.0329,0.0433,0.0024,0.001,0.0129,0.0001,0.0022,0.002,0.0001,0.0001,0.0093,0.0018,0.0006,0.0001,0.0022,0.0899,0.0178,0.0001,0.0049,0.0,95.0,0.0,32.0,63.0,26.0,0.0,0.0,0.0,0.0,0.0,0.0,0.0,0.0,0.0,0.0,0.0,0.0,0.0,0.0,0.0,0.0,0.0,0.0,8.0,2.0,1.0
1674,13.949152000000009,0,8.3499,1.942,1.7082,1.5903,0.1703,0.0043,0.0047,0.0003,0.0387,0.0512,0.0027,0.0009,0.0112,0.0001,0.0017,0.0018,0.0004,0.0001,0.0107,0.0012,0.0009,0.0,0.0017,0.0951,0.0131,0.0,0.004,0.0,95.0,0.0,32.0,63.0,26.0,0.0,0.0,0.0,0.0,0.0,0.0,0.0,0.0,0.0,0.0,0.0,0.0,0.0,0.0,0.0,0.0,0.0,0.0,8.0,2.0,1.0
1675,13.95750190000001,0,8.2596,2.0004,1.6061,1.6528,0.1551,0.0033,0.0037,0.0003,0.0302,0.0404,0.0029,0.0014,0.013,0.0003,0.0016,0.0017,0.0001,0.0001,0.0093,0.0018,0.0005,0.0001,0.0026,0.0851,0.0175,0.0,0.0047,0.0,95.0,0.0,32.0,63.0,26.0,0.0,0.0,0.0,0.0,0.0,0.0,0.0,0.0,0.0,0.0,0.0,0.0,0.0,0.0,0.0,0.0,0.0,0.0,8.0,2.0,1.0
1676,13.96576150000001,0,8.2747,1.8609,1.6507,1.5441,0.1565,0.0033,0.0037,0.0003,0.0368,0.0465,0.0022,0.0008,0.0122,0.0002,0.0016,0.0014,0.0001,0.0001,0.0088,0.0012,0.0004,0.0002,0.0018,0.0869,0.0167,0.0,0.0053,0.0,95.0,0.0,32.0,63.0,26.0,0.0,0.0,0.0,0.0,0.0,0.0,0.0,0.0,0.0,0.0,0.0,0.0,0.0,0.0,0.0,0.0,0.0,0.0,8.0,2.0,1.0
1677,13.97403620000001,0,8.3915,1.9979,1.5727,1.5864,0.1601,0.0028,0.0039,0.0003,0.0344,0.0436,0.0024,0.0009,0.0129,0.0001,0.0017,0.002,0.0001,0.0001,0.0098,0.0013,0.0005,0.0,0.0024,0.0896,0.0155,0.0,0.0046,0.0,95.0,0.0,32.0,63.0,26.0,0.0,0.0,0.0,0.0,0.0,0.0,0.0,0.0,0.0,0.0,0.0,0.0,0.0,0.0,0.0,0.0,0.0,0.0,8.0,2.0,1.0
1678,13.98242770000001,0,8.3004,2.1393,1.6068,1.5397,0.1414,0.0028,0.0058,0.0003,0.0249,0.0366,0.0019,0.0008,0.0092,0.0001,0.0021,0.0016,0.0001,0.0001,0.0087,0.0013,0.0005,0.0001,0.0016,0.074,0.014,0.0,0.0043,0.0,95.0,0.0,32.0,63.0,26.0,0.0,0.0,0.0,0.0,0.0,0.0,0.0,0.0,0.0,0.0,0.0,0.0,0.0,0.0,0.0,0.0,0.0,0.0,8.0,2.0,1.0
1679,13.990728100000009,0,8.3767,1.8875,1.6122,1.6302,0.1598,0.0044,0.0048,0.0002,0.0287,0.0411,0.0027,0.0009,0.0111,0.0002,0.0021,0.0016,0.0001,0.0001,0.0095,0.0013,0.0005,0.0002,0.0021,0.0847,0.0157,0.0001,0.0051,0.0,95.0,0.0,32.0,63.0,26.0,0.0,0.0,0.0,0.0,0.0,0.0,0.0,0.0,0.0,0.0,0.0,0.0,0.0,0.0,0.0,0.0,0.0,0.0,8.0,2.0,1.0
1680,13.999104800000008,0,8.3029,1.8084,1.6519,1.5386,0.1489,0.0032,0.0038,0.0002,0.0349,0.044,0.0026,0.0009,0.0097,0.0002,0.0015,0.002,0.0001,0.0001,0.0085,0.0015,0.0005,0.0001,0.0017,0.0824,0.0162,0.0,0.0047,0.0,95.0,0.0,32.0,63.0,26.0,0.0,0.0,0.0,0.0,0.0,0.0,0.0,0.0,0.0,0.0,0.0,0.0,0.0,0.0,0.0,0.0,0.0,0.0,8.0,2.0,1.0
1681,14.007407700000009,0,8.2092,1.701,1.4742,1.6268,0.1392,0.0033,0.0031,0.0001,0.0298,0.039,0.0024,0.0009,0.0113,0.0001,0.0015,0.0016,0.0001,0.0001,0.0082,0.0013,0.0006,0.0001,0.0019,0.0788,0.0146,0.0,0.0047,0.0,95.0,0.0,32.0,63.0,26.0,0.0,0.0,0.0,0.0,0.0,0.0,0.0,0.0,0.0,0.0,0.0,0.0,0.0,0.0,0.0,0.0,0.0,0.0,8.0,2.0,1.0
1682,14.015616900000008,0,8.3614,1.6968,1.5487,1.4386,0.154,0.0043,0.0042,0.0002,0.0353,0.0471,0.0023,0.0009,0.0109,0.0002,0.0022,0.0015,0.0001,0.0001,0.0084,0.0014,0.0005,0.0,0.002,0.0884,0.0132,0.0001,0.0033,0.0,95.0,0.0,32.0,63.0,26.0,0.0,0.0,0.0,0.0,0.0,0.0,0.0,0.0,0.0,0.0,0.0,0.0,0.0,0.0,0.0,0.0,0.0,0.0,8.0,2.0,1.0
1683,14.023978300000008,0,8.2577,1.7915,1.5014,1.4812,0.1448,0.0032,0.0035,0.0001,0.0343,0.0433,0.0023,0.0008,0.0112,0.0001,0.0016,0.0014,0.0,0.0001,0.0084,0.0012,0.0009,0.0,0.0019,0.084,0.0149,0.0,0.0047,0.0,95.0,0.0,32.0,63.0,26.0,0.0,0.0,0.0,0.0,0.0,0.0,0.0,0.0,0.0,0.0,0.0,0.0,0.0,0.0,0.0,0.0,0.0,0.0,8.0,2.0,1.0
1684,14.032236000000008,0,8.3708,1.6885,1.4351,1.6959,0.1624,0.0043,0.0044,0.0002,0.0435,0.0549,0.0026,0.0006,0.0109,0.0001,0.002,0.0014,0.0001,0.0001,0.0078,0.0013,0.0005,0.0,0.002,0.0944,0.0159,0.0001,0.0045,0.0,95.0,0.0,32.0,63.0,26.0,0.0,0.0,0.0,0.0,0.0,0.0,0.0,0.0,0.0,0.0,0.0,0.0,0.0,0.0,0.0,0.0,0.0,0.0,8.0,2.0,1.0
1685,14.040606800000008,0,8.3912,1.7361,1.4362,1.5049,0.1347,0.0026,0.0034,0.0003,0.0279,0.0374,0.0021,0.0006,0.0084,0.0005,0.0014,0.0012,0.0001,0.0001,0.0081,0.0012,0.0004,0.0,0.0019,0.0737,0.0137,0.0,0.0043,0.0,95.0,0.0,32.0,63.0,26.0,0.0,0.0,0.0,0.0,0.0,0.0,0.0,0.0,0.0,0.0,0.0,0.0,0.0,0.0,0.0,0.0,0.0,0.0,8.0,2.0,1.0
1686,14.048998000000008,0,8.3736,1.7297,1.6084,1.525,0.1435,0.0032,0.0039,0.0001,0.0331,0.0429,0.002,0.0008,0.0097,0.0002,0.0015,0.0021,0.0001,0.0002,0.0082,0.0014,0.0004,0.0,0.0018,0.0816,0.0146,0.0,0.004,0.0,95.0,0.0,32.0,63.0,26.0,0.0,0.0,0.0,0.0,0.0,0.0,0.0,0.0,0.0,0.0,0.0,0.0,0.0,0.0,0.0,0.0,0.0,0.0,8.0,2.0,1.0
1687,14.057371600000009,0,8.252,1.7081,1.5085,1.3589,0.1476,0.0037,0.0058,0.0002,0.0236,0.0368,0.0029,0.0008,0.0113,0.0001,0.002,0.0018,0.0001,0.0002,0.0096,0.0013,0.0009,0.0,0.0021,0.0793,0.0149,0.0,0.0051,0.0,95.0,0.0,32.0,63.0,26.0,0.0,0.0,0.0,0.0,0.0,0.0,0.0,0.0,0.0,0.0,0.0,0.0,0.0,0.0,0.0,0.0,0.0,0.0,8.0,2.0,1.0
1688,14.06562360000001,0,8.2771,1.7309,1.4693,1.5595,0.1462,0.0037,0.0039,0.0001,0.0334,0.0432,0.0024,0.0007,0.0111,0.0001,0.0014,0.0019,0.0001,0.0002,0.008,0.0015,0.0004,0.0,0.0017,0.082,0.0172,0.0,0.005,0.0,95.0,0.0,32.0,63.0,26.0,0.0,0.0,0.0,0.0,0.0,0.0,0.0,0.0,0.0,0.0,0.0,0.0,0.0,0.0,0.0,0.0,0.0,0.0,8.0,2.0,1.0
1689,14.07390070000001,0,8.3116,1.8901,1.4027,1.4444,0.1446,0.0042,0.0041,0.0002,0.0273,0.0388,0.0024,0.0014,0.0123,0.0001,0.0015,0.0015,0.0001,0.0001,0.0084,0.0012,0.0007,0.0001,0.0018,0.0793,0.0154,0.0,0.0043,0.0,95.0,0.0,32.0,63.0,26.0,0.0,0.0,0.0,0.0,0.0,0.0,0.0,0.0,0.0,0.0,0.0,0.0,0.0,0.0,0.0,0.0,0.0,0.0,8.0,2.0,1.0
1690,14.08221230000001,0,8.4428,1.7534,1.476,1.4759,0.1508,0.0024,0.0033,0.0002,0.0361,0.0446,0.0024,0.001,0.0112,0.0001,0.0015,0.0014,0.0001,0.0001,0.009,0.0013,0.0007,0.0,0.002,0.0864,0.0163,0.0001,0.0049,0.0,95.0,0.0,32.0,63.0,26.0,0.0,0.0,0.0,0.0,0.0,0.0,0.0,0.0,0.0,0.0,0.0,0.0,0.0,0.0,0.0,0.0,0.0,0.0,8.0,2.0,1.0
1691,14.09065510000001,0,8.1937,1.6686,1.4097,1.5334,0.1328,0.0025,0.003,0.0006,0.0279,0.0357,0.0026,0.0007,0.011,0.0002,0.0014,0.0017,0.0001,0.0001,0.0086,0.0015,0.0004,0.0001,0.0017,0.0754,0.0126,0.0,0.005,0.0,95.0,0.0,32.0,63.0,26.0,0.0,0.0,0.0,0.0,0.0,0.0,0.0,0.0,0.0,0.0,0.0,0.0,0.0,0.0,0.0,0.0,0.0,0.0,8.0,2.0,1.0
1692,14.09884880000001,0,8.509,1.6716,1.5002,1.6885,0.1619,0.004,0.004,0.0001,0.0376,0.0481,0.0024,0.0007,0.0116,0.0002,0.0017,0.0016,0.0005,0.0001,0.009,0.0013,0.0005,0.0001,0.0021,0.0913,0.0142,0.0,0.0043,0.0,95.0,0.0,32.0,63.0,26.0,0.0,0.0,0.0,0.0,0.0,0.0,0.0,0.0,0.0,0.0,0.0,0.0,0.0,0.0,0.0,0.0,0.0,0.0,8.0,2.0,1.0
1693,14.10735780000001,0,8.2766,1.7368,1.4927,1.6228,0.1411,0.0037,0.0035,0.0002,0.0276,0.0373,0.0019,0.0012,0.0078,0.0002,0.0016,0.0019,0.0001,0.0001,0.009,0.0011,0.0005,0.0001,0.0018,0.0743,0.0133,0.0,0.0037,0.0,95.0,0.0,32.0,63.0,26.0,0.0,0.0,0.0,0.0,0.0,0.0,0.0,0.0,0.0,0.0,0.0,0.0,0.0,0.0,0.0,0.0,0.0,0.0,8.0,2.0,1.0
1694,14.11563440000001,0,8.2571,1.6515,1.4649,1.4521,0.1532,0.004,0.0054,0.0002,0.0318,0.0443,0.0025,0.0008,0.0107,0.0001,0.0021,0.0016,0.0001,0.0001,0.0092,0.0012,0.0006,0.0001,0.002,0.0858,0.0149,0.0001,0.0037,0.0,95.0,0.0,32.0,63.0,26.0,0.0,0.0,0.0,0.0,0.0,0.0,0.0,0.0,0.0,0.0,0.0,0.0,0.0,0.0,0.0,0.0,0.0,0.0,8.0,2.0,1.0
1695,14.12389150000001,0,8.3009,1.6429,1.388,1.45,0.1437,0.0038,0.0038,0.0002,0.0266,0.0366,0.0024,0.0007,0.0124,0.0001,0.0015,0.0022,0.0001,0.0001,0.0083,0.0012,0.0005,0.0,0.0021,0.0794,0.0158,0.0,0.0048,0.0,95.0,0.0,32.0,63.0,26.0,0.0,0.0,0.0,0.0,0.0,0.0,0.0,0.0,0.0,0.0,0.0,0.0,0.0,0.0,0.0,0.0,0.0,0.0,8.0,2.0,1.0
1696,14.13219240000001,0,8.357,1.6042,1.4054,1.6984,0.1564,0.0026,0.0033,0.0002,0.0435,0.0516,0.0025,0.001,0.0115,0.0001,0.0016,0.002,0.0001,0.0001,0.0085,0.0019,0.0005,0.0001,0.002,0.0934,0.0153,0.0,0.0046,0.0,95.0,0.0,32.0,63.0,26.0,0.0,0.0,0.0,0.0,0.0,0.0,0.0,0.0,0.0,0.0,0.0,0.0,0.0,0.0,0.0,0.0,0.0,0.0,8.0,2.0,1.0
1697,14.14054940000001,0,8.5886,1.7054,1.5771,1.4572,0.1634,0.0028,0.0048,0.0002,0.0311,0.0416,0.0027,0.0015,0.0131,0.0001,0.0018,0.0018,0.0001,0.0001,0.0107,0.0016,0.0005,0.0002,0.0025,0.0888,0.0153,0.0,0.0046,0.0,95.0,0.0,32.0,63.0,26.0,0.0,0.0,0.0,0.0,0.0,0.0,0.0,0.0,0.0,0.0,0.0,0.0,0.0,0.0,0.0,0.0,0.0,0.0,8.0,2.0,1.0
1698,14.14913800000001,0,8.3608,1.8917,1.7105,1.4445,0.1787,0.0041,0.0039,0.0002,0.039,0.0498,0.0031,0.0014,0.013,0.0002,0.0016,0.0022,0.0002,0.0001,0.0093,0.0016,0.0006,0.0,0.0021,0.0953,0.0239,0.0,0.0044,0.0,95.0,0.0,32.0,63.0,26.0,0.0,0.0,0.0,0.0,0.0,0.0,0.0,0.0,0.0,0.0,0.0,0.0,0.0,0.0,0.0,0.0,0.0,0.0,8.0,2.0,1.0
1699,14.15749880000001,0,8.3466,1.9251,1.68,1.5599,0.1532,0.0042,0.0045,0.0003,0.0299,0.0419,0.002,0.0011,0.0088,0.0001,0.0017,0.0021,0.0001,0.0001,0.0095,0.0012,0.0006,0.0001,0.002,0.0824,0.0134,0.0001,0.0047,0.0,95.0,0.0,32.0,63.0,26.0,0.0,0.0,0.0,0.0,0.0,0.0,0.0,0.0,0.0,0.0,0.0,0.0,0.0,0.0,0.0,0.0,0.0,0.0,8.0,2.0,1.0
1700,14.16584540000001,0,8.3886,1.9396,1.7708,1.617,0.1872,0.0034,0.0068,0.0003,0.0454,0.0587,0.0027,0.001,0.0118,0.0001,0.0019,0.0016,0.0002,0.0001,0.0092,0.0011,0.0009,0.0001,0.0017,0.1016,0.0153,0.0,0.0048,0.0,95.0,0.0,32.0,63.0,26.0,0.0,0.0,0.0,0.0,0.0,0.0,0.0,0.0,0.0,0.0,0.0,0.0,0.0,0.0,0.0,0.0,0.0,0.0,8.0,2.0,1.0
1701,14.174234000000009,0,8.0343,1.8227,1.5809,1.9887,0.152,0.003,0.0034,0.0002,0.0289,0.0376,0.0026,0.0009,0.013,0.0001,0.0015,0.0021,0.0001,0.0001,0.0099,0.0013,0.0005,0.0001,0.002,0.0823,0.0182,0.0,0.0054,0.0,95.0,0.0,32.0,63.0,26.0,0.0,0.0,0.0,0.0,0.0,0.0,0.0,0.0,0.0,0.0,0.0,0.0,0.0,0.0,0.0,0.0,0.0,0.0,8.0,2.0,1.0
1702,14.18226830000001,0,8.3189,1.6478,1.467,1.6412,0.1576,0.0042,0.0046,0.0003,0.0391,0.0508,0.0021,0.0008,0.011,0.0002,0.0016,0.0014,0.0001,0.0001,0.009,0.0012,0.0005,0.0007,0.0016,0.0899,0.0155,0.0001,0.0046,0.0,95.0,0.0,32.0,63.0,26.0,0.0,0.0,0.0,0.0,0.0,0.0,0.0,0.0,0.0,0.0,0.0,0.0,0.0,0.0,0.0,0.0,0.0,0.0,8.0,2.0,1.0
1703,14.19058720000001,0,8.3356,1.7094,1.409,1.2731,0.1442,0.003,0.0039,0.0002,0.0279,0.0375,0.0028,0.0007,0.0114,0.0002,0.0017,0.0015,0.0001,0.0001,0.0091,0.0014,0.0005,0.0,0.002,0.078,0.0148,0.0,0.0048,0.0,95.0,0.0,32.0,63.0,26.0,0.0,0.0,0.0,0.0,0.0,0.0,0.0,0.0,0.0,0.0,0.0,0.0,0.0,0.0,0.0,0.0,0.0,0.0,8.0,2.0,1.0
1704,14.19892280000001,0,8.2668,1.7197,1.4185,1.5339,0.1497,0.003,0.0033,0.0003,0.0368,0.0455,0.0021,0.0009,0.0102,0.0006,0.0016,0.0015,0.0,0.0001,0.0085,0.0012,0.0009,0.0001,0.0017,0.0849,0.0156,0.0,0.0036,0.0,95.0,0.0,32.0,63.0,26.0,0.0,0.0,0.0,0.0,0.0,0.0,0.0,0.0,0.0,0.0,0.0,0.0,0.0,0.0,0.0,0.0,0.0,0.0,8.0,2.0,1.0
1705,14.20718960000001,0,8.3171,1.7191,1.371,1.5994,0.1429,0.0024,0.0033,0.0005,0.0284,0.0368,0.0022,0.0008,0.0122,0.0001,0.0014,0.002,0.0001,0.0001,0.0088,0.0019,0.0005,0.0,0.0019,0.0788,0.017,0.0,0.005,0.0,95.0,0.0,32.0,63.0,26.0,0.0,0.0,0.0,0.0,0.0,0.0,0.0,0.0,0.0,0.0,0.0,0.0,0.0,0.0,0.0,0.0,0.0,0.0,8.0,2.0,1.0
1706,14.21550670000001,0,8.5795,1.7573,1.476,1.4155,0.1618,0.0029,0.0037,0.0002,0.0386,0.0482,0.0023,0.0009,0.0119,0.0001,0.0016,0.0021,0.0001,0.0001,0.009,0.0013,0.0005,0.0001,0.002,0.0921,0.0165,0.0001,0.0038,0.0,95.0,0.0,32.0,63.0,26.0,0.0,0.0,0.0,0.0,0.0,0.0,0.0,0.0,0.0,0.0,0.0,0.0,0.0,0.0,0.0,0.0,0.0,0.0,8.0,2.0,1.0
1707,14.22408620000001,0,8.1023,1.6847,1.5001,1.4856,0.1418,0.0025,0.0035,0.0003,0.0287,0.0368,0.0025,0.0009,0.0117,0.0002,0.0016,0.0022,0.0001,0.0001,0.0087,0.0017,0.0004,0.0001,0.0019,0.079,0.0165,0.0,0.0048,0.0,95.0,0.0,32.0,63.0,26.0,0.0,0.0,0.0,0.0,0.0,0.0,0.0,0.0,0.0,0.0,0.0,0.0,0.0,0.0,0.0,0.0,0.0,0.0,8.0,2.0,1.0
1708,14.232188500000008,0,8.4104,1.7143,1.4118,1.4223,0.153,0.0043,0.0042,0.0006,0.0345,0.0461,0.002,0.0009,0.0099,0.0006,0.0016,0.0016,0.0001,0.0001,0.0084,0.0011,0.001,0.0001,0.0016,0.0841,0.0169,0.0,0.0052,0.0,95.0,0.0,32.0,63.0,26.0,0.0,0.0,0.0,0.0,0.0,0.0,0.0,0.0,0.0,0.0,0.0,0.0,0.0,0.0,0.0,0.0,0.0,0.0,8.0,2.0,1.0
1709,14.240598900000009,0,8.3293,1.5993,1.4474,1.4121,0.1484,0.0044,0.0059,0.0007,0.0234,0.0372,0.0022,0.0009,0.0101,0.0001,0.0017,0.0021,0.0001,0.0001,0.0084,0.0013,0.0006,0.0001,0.0018,0.0773,0.0175,0.0001,0.0044,0.0,95.0,0.0,32.0,63.0,26.0,0.0,0.0,0.0,0.0,0.0,0.0,0.0,0.0,0.0,0.0,0.0,0.0,0.0,0.0,0.0,0.0,0.0,0.0,8.0,2.0,1.0
1710,14.248928200000009,0,8.352,1.7578,1.5069,1.674,0.1512,0.0024,0.0035,0.0002,0.036,0.0439,0.0022,0.0009,0.0123,0.0001,0.0016,0.0017,0.0001,0.0001,0.0089,0.0012,0.0005,0.0001,0.002,0.087,0.0153,0.0001,0.0037,0.0,95.0,0.0,32.0,63.0,26.0,0.0,0.0,0.0,0.0,0.0,0.0,0.0,0.0,0.0,0.0,0.0,0.0,0.0,0.0,0.0,0.0,0.0,0.0,8.0,2.0,1.0
1711,14.25728020000001,0,8.2841,1.6546,1.3916,1.3259,0.1313,0.0027,0.0035,0.0002,0.0268,0.0353,0.0025,0.0007,0.0078,0.0002,0.0022,0.0014,0.0001,0.0006,0.0087,0.0012,0.0005,0.0,0.0019,0.0712,0.0125,0.0,0.0042,0.0,95.0,0.0,32.0,63.0,26.0,0.0,0.0,0.0,0.0,0.0,0.0,0.0,0.0,0.0,0.0,0.0,0.0,0.0,0.0,0.0,0.0,0.0,0.0,8.0,2.0,1.0
1712,14.265564300000008,0,8.3749,1.7933,1.4624,1.6356,0.1561,0.0041,0.0036,0.0002,0.0358,0.0466,0.0021,0.0007,0.0117,0.0001,0.0021,0.0018,0.0005,0.0002,0.0086,0.0017,0.0005,0.0001,0.0019,0.0894,0.0156,0.0001,0.0046,0.0,95.0,0.0,32.0,63.0,26.0,0.0,0.0,0.0,0.0,0.0,0.0,0.0,0.0,0.0,0.0,0.0,0.0,0.0,0.0,0.0,0.0,0.0,0.0,8.0,2.0,1.0
1713,14.273939200000008,0,8.3433,1.6749,1.448,1.6635,0.1603,0.0034,0.0045,0.0002,0.0292,0.04,0.0029,0.0011,0.0135,0.0002,0.0014,0.0022,0.0001,0.0002,0.0089,0.0013,0.0005,0.0001,0.0021,0.0843,0.0163,0.0001,0.0047,0.0,95.0,0.0,32.0,63.0,26.0,0.0,0.0,0.0,0.0,0.0,0.0,0.0,0.0,0.0,0.0,0.0,0.0,0.0,0.0,0.0,0.0,0.0,0.0,8.0,2.0,1.0
1714,14.282282500000008,0,8.3093,1.5967,1.4871,1.4788,0.157,0.0037,0.0043,0.0005,0.037,0.0486,0.0023,0.0008,0.0108,0.0001,0.0016,0.0013,0.0001,0.0001,0.0086,0.0012,0.0005,0.0005,0.0017,0.0878,0.0163,0.0001,0.0046,0.0,95.0,0.0,32.0,63.0,26.0,0.0,0.0,0.0,0.0,0.0,0.0,0.0,0.0,0.0,0.0,0.0,0.0,0.0,0.0,0.0,0.0,0.0,0.0,8.0,2.0,1.0
1715,14.290591800000009,0,8.5592,1.6696,1.6414,1.3452,0.1642,0.0032,0.0039,0.0002,0.0327,0.0424,0.0027,0.0013,0.0131,0.0001,0.002,0.0019,0.0005,0.0001,0.0095,0.002,0.0006,0.0001,0.002,0.0885,0.0161,0.0,0.0042,0.0,95.0,0.0,32.0,63.0,26.0,0.0,0.0,0.0,0.0,0.0,0.0,0.0,0.0,0.0,0.0,0.0,0.0,0.0,0.0,0.0,0.0,0.0,0.0,8.0,2.0,1.0
1716,14.299151000000009,0,8.1296,1.8865,1.4979,1.4702,0.1425,0.0027,0.0033,0.0001,0.0339,0.0424,0.0026,0.0006,0.0112,0.0001,0.0018,0.0014,0.0001,0.0001,0.0094,0.0012,0.0006,0.0002,0.0019,0.0813,0.0137,0.0,0.0055,0.0,95.0,0.0,32.0,63.0,26.0,0.0,0.0,0.0,0.0,0.0,0.0,0.0,0.0,0.0,0.0,0.0,0.0,0.0,0.0,0.0,0.0,0.0,0.0,8.0,2.0,1.0
1717,14.30728060000001,0,8.3658,1.7527,1.4744,1.5397,0.1513,0.0037,0.0061,0.0002,0.0251,0.0378,0.0028,0.001,0.0111,0.0001,0.0015,0.0023,0.0001,0.0001,0.01,0.0013,0.0004,0.0001,0.002,0.0799,0.0163,0.0,0.0049,0.0,95.0,0.0,32.0,63.0,26.0,0.0,0.0,0.0,0.0,0.0,0.0,0.0,0.0,0.0,0.0,0.0,0.0,0.0,0.0,0.0,0.0,0.0,0.0,8.0,2.0,1.0
1718,14.31564640000001,0,8.3558,1.7281,1.5614,1.5178,0.1566,0.0033,0.0038,0.0002,0.0375,0.0471,0.0023,0.0014,0.0114,0.0002,0.0019,0.0016,0.0001,0.0001,0.0094,0.0017,0.0005,0.0,0.0019,0.0893,0.0156,0.0,0.0051,0.0,95.0,0.0,32.0,63.0,26.0,0.0,0.0,0.0,0.0,0.0,0.0,0.0,0.0,0.0,0.0,0.0,0.0,0.0,0.0,0.0,0.0,0.0,0.0,8.0,2.0,1.0
1719,14.32400220000001,0,8.296,1.664,1.4841,1.4398,0.1344,0.003,0.0036,0.0002,0.0272,0.0364,0.0025,0.0007,0.0082,0.0001,0.0015,0.0014,0.0001,0.0001,0.0089,0.0011,0.0005,0.0,0.0019,0.0721,0.0144,0.0001,0.0044,0.0,95.0,0.0,32.0,63.0,26.0,0.0,0.0,0.0,0.0,0.0,0.0,0.0,0.0,0.0,0.0,0.0,0.0,0.0,0.0,0.0,0.0,0.0,0.0,8.0,2.0,1.0
1720,14.33229820000001,0,8.2552,1.7087,1.424,1.3726,0.1525,0.0026,0.0031,0.0002,0.0376,0.0457,0.0023,0.0008,0.0108,0.0001,0.0015,0.0021,0.0001,0.0001,0.008,0.0017,0.0005,0.0001,0.002,0.0875,0.0146,0.0,0.0048,0.0,95.0,0.0,32.0,63.0,26.0,0.0,0.0,0.0,0.0,0.0,0.0,0.0,0.0,0.0,0.0,0.0,0.0,0.0,0.0,0.0,0.0,0.0,0.0,8.0,2.0,1.0
1721,14.34055340000001,0,8.3684,1.6326,1.4127,1.3637,0.1502,0.0042,0.0045,0.0002,0.0275,0.0389,0.0022,0.0015,0.0128,0.0002,0.0017,0.0019,0.0001,0.0001,0.0083,0.0018,0.0005,0.0,0.0019,0.0819,0.0162,0.0,0.0037,0.0,95.0,0.0,32.0,63.0,26.0,0.0,0.0,0.0,0.0,0.0,0.0,0.0,0.0,0.0,0.0,0.0,0.0,0.0,0.0,0.0,0.0,0.0,0.0,8.0,2.0,1.0
1722,14.34892180000001,0,8.3437,1.632,1.4518,1.4652,0.1513,0.0027,0.0035,0.0002,0.0389,0.0471,0.0022,0.0009,0.0117,0.0002,0.0015,0.0015,0.0,0.0002,0.0084,0.0014,0.001,0.0001,0.002,0.0883,0.0158,0.0001,0.0043,0.0,95.0,0.0,32.0,63.0,26.0,0.0,0.0,0.0,0.0,0.0,0.0,0.0,0.0,0.0,0.0,0.0,0.0,0.0,0.0,0.0,0.0,0.0,0.0,8.0,2.0,1.0
1723,14.35726550000001,0,8.2325,1.6538,1.4409,1.731,0.1448,0.0039,0.0043,0.0002,0.0282,0.0393,0.0022,0.0008,0.0106,0.0005,0.0016,0.0017,0.0001,0.0001,0.0085,0.0015,0.0005,0.0001,0.002,0.0803,0.0163,0.0001,0.0046,0.0,95.0,0.0,32.0,63.0,26.0,0.0,0.0,0.0,0.0,0.0,0.0,0.0,0.0,0.0,0.0,0.0,0.0,0.0,0.0,0.0,0.0,0.0,0.0,8.0,2.0,1.0
1724,14.36549800000001,0,8.4744,1.5589,1.4279,1.3843,0.1551,0.0047,0.0058,0.0005,0.031,0.0443,0.0024,0.0013,0.0112,0.0001,0.0019,0.0015,0.0001,0.0001,0.0086,0.0013,0.0004,0.0,0.002,0.0851,0.017,0.0,0.0043,0.0,95.0,0.0,32.0,63.0,26.0,0.0,0.0,0.0,0.0,0.0,0.0,0.0,0.0,0.0,0.0,0.0,0.0,0.0,0.0,0.0,0.0,0.0,0.0,8.0,2.0,1.0
1725,14.37397240000001,0,8.423,1.6723,1.5301,1.4225,0.1574,0.0026,0.0039,0.0002,0.0304,0.0394,0.0024,0.0015,0.0097,0.0001,0.0017,0.0023,0.0001,0.0002,0.0097,0.0013,0.0005,0.0001,0.002,0.0838,0.0185,0.0,0.0046,0.0,95.0,0.0,32.0,63.0,26.0,0.0,0.0,0.0,0.0,0.0,0.0,0.0,0.0,0.0,0.0,0.0,0.0,0.0,0.0,0.0,0.0,0.0,0.0,8.0,2.0,1.0
1726,14.38239540000001,0,8.3491,1.8733,1.5826,1.5992,0.1582,0.0028,0.004,0.0002,0.0354,0.0449,0.002,0.0008,0.0111,0.0001,0.0015,0.0016,0.0001,0.0001,0.009,0.0011,0.0009,0.0001,0.0018,0.0861,0.0178,0.0,0.0032,0.0,95.0,0.0,32.0,63.0,26.0,0.0,0.0,0.0,0.0,0.0,0.0,0.0,0.0,0.0,0.0,0.0,0.0,0.0,0.0,0.0,0.0,0.0,0.0,8.0,2.0,1.0
1727,14.390744500000011,0,8.2772,2.0015,1.5943,1.4929,0.1504,0.004,0.004,0.0002,0.0282,0.0394,0.0026,0.0009,0.0112,0.0001,0.0015,0.0022,0.0001,0.0001,0.0095,0.0012,0.0005,0.0001,0.0021,0.0807,0.0132,0.0001,0.0042,0.0,95.0,0.0,32.0,63.0,26.0,0.0,0.0,0.0,0.0,0.0,0.0,0.0,0.0,0.0,0.0,0.0,0.0,0.0,0.0,0.0,0.0,0.0,0.0,8.0,2.0,1.0
1728,14.399021700000011,0,8.3225,1.7791,1.5624,1.4643,0.1552,0.0029,0.0038,0.0001,0.0385,0.0477,0.0024,0.0009,0.0118,0.0001,0.0016,0.0019,0.0001,0.0001,0.009,0.0013,0.0005,0.0001,0.002,0.0904,0.0157,0.0,0.0042,0.0,95.0,0.0,32.0,63.0,26.0,0.0,0.0,0.0,0.0,0.0,0.0,0.0,0.0,0.0,0.0,0.0,0.0,0.0,0.0,0.0,0.0,0.0,0.0,8.0,2.0,1.0
1729,14.407344200000011,0,8.2342,1.7,1.4482,1.4288,0.1445,0.0024,0.0034,0.0003,0.0302,0.0387,0.003,0.001,0.0129,0.0002,0.0015,0.0022,0.0001,0.0001,0.0089,0.0013,0.0005,0.0001,0.0021,0.082,0.0147,0.0001,0.005,0.0,95.0,0.0,32.0,63.0,26.0,0.0,0.0,0.0,0.0,0.0,0.0,0.0,0.0,0.0,0.0,0.0,0.0,0.0,0.0,0.0,0.0,0.0,0.0,8.0,2.0,1.0
1730,14.415578400000012,0,8.3422,1.7751,1.4266,1.3657,0.1555,0.0037,0.0033,0.0002,0.0383,0.0479,0.0022,0.0014,0.0115,0.0001,0.0019,0.0013,0.0001,0.0001,0.0086,0.0013,0.0005,0.0001,0.0018,0.0898,0.0172,0.0,0.0037,0.0,95.0,0.0,32.0,63.0,24.0,0.0,0.0,0.0,0.0,0.0,0.0,0.0,0.0,0.0,0.0,0.0,0.0,0.0,0.0,0.0,0.0,0.0,0.0,8.0,2.0,1.0
1731,14.423920600000011,0,8.2959,1.7921,1.4215,1.5133,0.1424,0.0024,0.0033,0.0002,0.0301,0.0381,0.0021,0.0009,0.0116,0.0001,0.0016,0.0017,0.0001,0.0001,0.0093,0.0014,0.0005,0.0001,0.0022,0.0809,0.0145,0.0001,0.0041,0.0,95.0,0.0,32.0,63.0,24.0,0.0,0.0,0.0,0.0,0.0,0.0,0.0,0.0,0.0,0.0,0.0,0.0,0.0,0.0,0.0,0.0,0.0,0.0,8.0,2.0,1.0
1732,14.432216500000012,0,8.5933,1.7154,1.6002,1.5928,0.1803,0.0032,0.0046,0.0002,0.0399,0.0514,0.0026,0.0011,0.0152,0.0002,0.0018,0.0023,0.0002,0.0002,0.01,0.0015,0.0009,0.0002,0.0021,0.1009,0.0181,0.0001,0.0045,0.0,95.0,0.0,32.0,63.0,24.0,0.0,0.0,0.0,0.0,0.0,0.0,0.0,0.0,0.0,0.0,0.0,0.0,0.0,0.0,0.0,0.0,0.0,0.0,8.0,2.0,1.0
1733,14.440809800000011,0,8.2933,1.9366,1.6435,1.492,0.1649,0.0032,0.0039,0.0002,0.0297,0.0402,0.0028,0.0011,0.0137,0.0002,0.0016,0.0022,0.0001,0.0001,0.0097,0.0012,0.0005,0.0001,0.0023,0.0864,0.0199,0.0,0.0039,0.0,95.0,0.0,32.0,63.0,24.0,0.0,0.0,0.0,0.0,0.0,0.0,0.0,0.0,0.0,0.0,0.0,0.0,0.0,0.0,0.0,0.0,0.0,0.0,8.0,2.0,1.0
1734,14.449103100000011,0,8.423,1.8683,1.6728,1.6182,0.1606,0.0035,0.0037,0.0003,0.0389,0.0492,0.002,0.0009,0.0102,0.0002,0.0014,0.0021,0.0001,0.0001,0.0087,0.0018,0.0005,0.0,0.0018,0.0885,0.0144,0.0001,0.004,0.0,95.0,0.0,32.0,63.0,24.0,0.0,0.0,0.0,0.0,0.0,0.0,0.0,0.0,0.0,0.0,0.0,0.0,0.0,0.0,0.0,0.0,0.0,0.0,8.0,2.0,1.0
1735,14.457526100000011,0,8.0007,1.7475,1.4765,1.6282,0.1444,0.0025,0.0035,0.0002,0.0312,0.0395,0.0024,0.0008,0.0116,0.0002,0.0022,0.0016,0.0001,0.0001,0.009,0.0012,0.001,0.0,0.0021,0.0817,0.0153,0.0001,0.0038,0.0,95.0,0.0,32.0,63.0,24.0,0.0,0.0,0.0,0.0,0.0,0.0,0.0,0.0,0.0,0.0,0.0,0.0,0.0,0.0,0.0,0.0,0.0,0.0,8.0,2.0,1.0
1736,14.465526800000012,0,8.4903,1.7153,1.4478,1.5486,0.1522,0.0031,0.0036,0.0002,0.0349,0.0444,0.0022,0.0009,0.0114,0.0001,0.002,0.0016,0.0001,0.0002,0.0093,0.0014,0.0009,0.0001,0.002,0.088,0.0156,0.0,0.0042,0.0,95.0,0.0,32.0,63.0,24.0,0.0,0.0,0.0,0.0,0.0,0.0,0.0,0.0,0.0,0.0,0.0,0.0,0.0,0.0,0.0,0.0,0.0,0.0,8.0,2.0,1.0
1737,14.474017100000012,0,8.2879,1.7061,1.5035,1.6425,0.1387,0.0033,0.0034,0.0002,0.0271,0.0361,0.0023,0.0008,0.0096,0.0002,0.0021,0.0018,0.0001,0.0002,0.0088,0.0013,0.001,0.0001,0.0019,0.0778,0.0145,0.0,0.0044,0.0,95.0,0.0,32.0,63.0,24.0,0.0,0.0,0.0,0.0,0.0,0.0,0.0,0.0,0.0,0.0,0.0,0.0,0.0,0.0,0.0,0.0,0.0,0.0,8.0,2.0,1.0
1738,14.48230500000001,0,8.2504,1.7202,1.4681,1.3006,0.151,0.0028,0.0045,0.0003,0.0346,0.0447,0.0022,0.0009,0.0113,0.0001,0.0018,0.0015,0.0,0.0001,0.0088,0.0013,0.0009,0.0001,0.002,0.0862,0.0151,0.0,0.0042,0.0,95.0,0.0,32.0,63.0,24.0,0.0,0.0,0.0,0.0,0.0,0.0,0.0,0.0,0.0,0.0,0.0,0.0,0.0,0.0,0.0,0.0,0.0,0.0,8.0,2.0,1.0
1739,14.49055540000001,0,8.5285,1.6105,1.4161,1.6755,0.1463,0.0052,0.0052,0.0002,0.0239,0.0367,0.0023,0.0008,0.0101,0.0001,0.0014,0.0016,0.0,0.0001,0.0087,0.0013,0.0009,0.0001,0.0019,0.0772,0.0169,0.0001,0.0043,0.0,95.0,0.0,32.0,63.0,24.0,0.0,0.0,0.0,0.0,0.0,0.0,0.0,0.0,0.0,0.0,0.0,0.0,0.0,0.0,0.0,0.0,0.0,0.0,8.0,2.0,1.0
1740,14.499083900000011,0,8.1997,1.9731,1.6258,1.6519,0.1585,0.0051,0.0055,0.0002,0.0345,0.0478,0.0022,0.0009,0.0109,0.0007,0.0016,0.0016,0.0001,0.0002,0.0081,0.0013,0.0004,0.0,0.002,0.0879,0.0164,0.0001,0.0038,0.0,95.0,0.0,32.0,63.0,24.0,0.0,0.0,0.0,0.0,0.0,0.0,0.0,0.0,0.0,0.0,0.0,0.0,0.0,0.0,0.0,0.0,0.0,0.0,8.0,2.0,1.0
1741,14.507283600000012,0,8.3965,1.6763,1.527,1.3403,0.1638,0.0039,0.0045,0.0003,0.0299,0.0412,0.0031,0.0018,0.0125,0.0006,0.0018,0.0024,0.0001,0.0001,0.0094,0.0013,0.0006,0.0001,0.0023,0.0862,0.0164,0.0,0.0046,0.0,95.0,0.0,32.0,63.0,24.0,0.0,0.0,0.0,0.0,0.0,0.0,0.0,0.0,0.0,0.0,0.0,0.0,0.0,0.0,0.0,0.0,0.0,0.0,8.0,2.0,1.0
1742,14.515680100000012,0,8.4344,1.8146,1.5449,1.7552,0.1485,0.003,0.0038,0.0003,0.0366,0.0461,0.0021,0.0009,0.01,0.0002,0.0015,0.0017,0.0006,0.0001,0.0088,0.0012,0.001,0.0001,0.0018,0.0855,0.0126,0.0001,0.0046,0.0,95.0,0.0,32.0,63.0,24.0,0.0,0.0,0.0,0.0,0.0,0.0,0.0,0.0,0.0,0.0,0.0,0.0,0.0,0.0,0.0,0.0,0.0,0.0,8.0,2.0,1.0
1743,14.524114500000012,0,8.276,1.7555,1.6655,1.5994,0.1615,0.004,0.0045,0.0003,0.034,0.0455,0.0025,0.0016,0.0135,0.0004,0.0015,0.002,0.0001,0.0001,0.009,0.0013,0.0004,0.0002,0.0019,0.0896,0.0167,0.0,0.004,0.0,95.0,0.0,32.0,63.0,24.0,0.0,0.0,0.0,0.0,0.0,0.0,0.0,0.0,0.0,0.0,0.0,0.0,0.0,0.0,0.0,0.0,0.0,0.0,8.0,2.0,1.0
1744,14.532390500000012,0,8.2006,1.6952,1.4728,1.3168,0.1511,0.0027,0.0035,0.0003,0.0356,0.0452,0.0025,0.0008,0.0108,0.0002,0.0014,0.0017,0.0001,0.0001,0.0087,0.0011,0.0004,0.0,0.0021,0.0843,0.0159,0.0,0.0041,0.0,95.0,0.0,32.0,63.0,24.0,0.0,0.0,0.0,0.0,0.0,0.0,0.0,0.0,0.0,0.0,0.0,0.0,0.0,0.0,0.0,0.0,0.0,0.0,8.0,2.0,1.0
1745,14.540591100000013,0,8.3531,1.5793,1.4512,1.6164,0.1498,0.0045,0.004,0.0002,0.0276,0.0387,0.0022,0.001,0.0105,0.0002,0.0015,0.0021,0.0001,0.0001,0.009,0.0013,0.0005,0.0001,0.0019,0.0801,0.0148,0.0001,0.0042,0.0,95.0,0.0,32.0,63.0,24.0,0.0,0.0,0.0,0.0,0.0,0.0,0.0,0.0,0.0,0.0,0.0,0.0,0.0,0.0,0.0,0.0,0.0,0.0,8.0,2.0,1.0
1746,14.548944200000014,0,8.3371,1.803,1.4953,1.4608,0.1534,0.003,0.003,0.0003,0.0384,0.0472,0.0026,0.0009,0.0114,0.0002,0.002,0.0017,0.0001,0.0002,0.0096,0.0013,0.0005,0.0001,0.002,0.0891,0.0153,0.0,0.0042,0.0,95.0,0.0,32.0,63.0,24.0,0.0,0.0,0.0,0.0,0.0,0.0,0.0,0.0,0.0,0.0,0.0,0.0,0.0,0.0,0.0,0.0,0.0,0.0,8.0,2.0,1.0
1747,14.557281300000014,0,8.3343,1.6318,1.4322,1.3936,0.1437,0.0034,0.0045,0.0003,0.0288,0.0396,0.0029,0.0008,0.0108,0.0001,0.0015,0.0021,0.0001,0.0001,0.0084,0.0016,0.0004,0.0,0.0017,0.0788,0.0165,0.0,0.004,0.0,95.0,0.0,32.0,63.0,24.0,0.0,0.0,0.0,0.0,0.0,0.0,0.0,0.0,0.0,0.0,0.0,0.0,0.0,0.0,0.0,0.0,0.0,0.0,8.0,2.0,1.0
1748,14.565615600000013,0,8.3225,1.6281,1.4526,1.4098,0.1514,0.0045,0.0048,0.0002,0.0384,0.0504,0.0023,0.0008,0.0097,0.0001,0.0014,0.0019,0.0,0.0001,0.0082,0.0011,0.0007,0.0001,0.0017,0.0886,0.0127,0.0,0.0035,0.0,95.0,0.0,32.0,63.0,24.0,0.0,0.0,0.0,0.0,0.0,0.0,0.0,0.0,0.0,0.0,0.0,0.0,0.0,0.0,0.0,0.0,0.0,0.0,8.0,2.0,1.0
1749,14.573938100000014,0,8.3753,1.6483,1.4857,1.647,0.1501,0.0025,0.0036,0.0003,0.0308,0.0393,0.0028,0.0009,0.012,0.0002,0.002,0.0017,0.0,0.0001,0.0093,0.0018,0.0004,0.0001,0.0017,0.0827,0.0177,0.0,0.004,0.0,95.0,0.0,32.0,63.0,24.0,0.0,0.0,0.0,0.0,0.0,0.0,0.0,0.0,0.0,0.0,0.0,0.0,0.0,0.0,0.0,0.0,0.0,0.0,8.0,2.0,1.0
1750,14.582313400000015,0,8.2747,1.646,1.5175,1.5654,0.1505,0.0031,0.004,0.0003,0.037,0.0469,0.0024,0.0008,0.0108,0.0001,0.0015,0.0016,0.0001,0.0001,0.0085,0.0012,0.0004,0.0001,0.0018,0.0848,0.0124,0.0001,0.0052,0.0,95.0,0.0,32.0,63.0,24.0,0.0,0.0,0.0,0.0,0.0,0.0,0.0,0.0,0.0,0.0,0.0,0.0,0.0,0.0,0.0,0.0,0.0,0.0,8.0,2.0,1.0
1751,14.590588100000014,0,8.3884,1.7197,1.4904,1.53,0.1424,0.0032,0.0037,0.0003,0.0279,0.0376,0.0025,0.0009,0.0119,0.0002,0.0017,0.0023,0.0001,0.0001,0.0083,0.002,0.0005,0.0001,0.002,0.0803,0.0145,0.0,0.0048,0.0,95.0,0.0,32.0,63.0,24.0,0.0,0.0,0.0,0.0,0.0,0.0,0.0,0.0,0.0,0.0,0.0,0.0,0.0,0.0,0.0,0.0,0.0,0.0,8.0,2.0,1.0
1752,14.598976500000013,0,8.273,1.6725,1.3995,1.5944,0.1463,0.0028,0.0032,0.0003,0.0347,0.0432,0.0022,0.0009,0.012,0.0001,0.0016,0.002,0.0001,0.0001,0.0083,0.0015,0.0004,0.0001,0.0019,0.0851,0.0134,0.0001,0.0034,0.0,95.0,0.0,32.0,63.0,24.0,0.0,0.0,0.0,0.0,0.0,0.0,0.0,0.0,0.0,0.0,0.0,0.0,0.0,0.0,0.0,0.0,0.0,0.0,8.0,2.0,1.0
1753,14.607249500000014,0,8.4217,1.675,1.4724,1.315,0.1362,0.0028,0.0033,0.0002,0.0272,0.0352,0.002,0.0011,0.0083,0.0002,0.0015,0.0021,0.0002,0.0001,0.0085,0.0017,0.0004,0.0002,0.0018,0.0716,0.0131,0.0,0.0036,0.0,95.0,0.0,32.0,63.0,26.0,0.0,0.0,0.0,0.0,0.0,0.0,0.0,0.0,0.0,0.0,0.0,0.0,0.0,0.0,0.0,0.0,0.0,0.0,8.0,2.0,1.0
1754,14.615671200000014,0,8.3423,1.6446,1.543,1.5905,0.1462,0.0038,0.0035,0.0002,0.0355,0.0451,0.0022,0.0007,0.011,0.0001,0.0016,0.0015,0.0001,0.0001,0.0082,0.0012,0.0005,0.0001,0.0019,0.0837,0.0127,0.0,0.0046,0.0,95.0,0.0,32.0,63.0,26.0,0.0,0.0,0.0,0.0,0.0,0.0,0.0,0.0,0.0,0.0,0.0,0.0,0.0,0.0,0.0,0.0,0.0,0.0,8.0,2.0,1.0
1755,14.624013500000014,0,8.3478,1.8094,1.5771,1.5048,0.1613,0.0042,0.0044,0.0002,0.0308,0.0421,0.0023,0.0014,0.0129,0.0001,0.0019,0.0023,0.0001,0.0001,0.0097,0.0012,0.0005,0.0002,0.0019,0.0863,0.0186,0.0,0.0049,0.0,95.0,0.0,32.0,63.0,26.0,0.0,0.0,0.0,0.0,0.0,0.0,0.0,0.0,0.0,0.0,0.0,0.0,0.0,0.0,0.0,0.0,0.0,0.0,8.0,2.0,1.0
1756,14.632361300000014,0,8.4514,2.0817,1.6118,1.5783,0.1588,0.0029,0.0035,0.0002,0.0407,0.0495,0.0022,0.0009,0.0106,0.0001,0.0015,0.0018,0.0001,0.0001,0.009,0.0012,0.0004,0.0001,0.0018,0.0892,0.0145,0.0,0.0048,0.0,95.0,0.0,32.0,63.0,26.0,0.0,0.0,0.0,0.0,0.0,0.0,0.0,0.0,0.0,0.0,0.0,0.0,0.0,0.0,0.0,0.0,0.0,0.0,8.0,2.0,1.0
1757,14.640812700000014,0,8.1534,1.7511,1.5364,1.4975,0.1418,0.0026,0.0031,0.0001,0.0298,0.0383,0.002,0.0008,0.0111,0.0002,0.0019,0.0017,0.0001,0.0001,0.0089,0.0012,0.0005,0.0001,0.0021,0.077,0.0145,0.0001,0.0046,0.0,95.0,0.0,32.0,63.0,26.0,0.0,0.0,0.0,0.0,0.0,0.0,0.0,0.0,0.0,0.0,0.0,0.0,0.0,0.0,0.0,0.0,0.0,0.0,8.0,2.0,1.0
1758,14.648966100000013,0,8.4024,1.7392,1.5596,1.4437,0.158,0.0031,0.0039,0.0002,0.0383,0.0477,0.0023,0.0009,0.0126,0.0001,0.0017,0.0022,0.0001,0.0001,0.0089,0.0012,0.0005,0.0001,0.002,0.0919,0.0145,0.0,0.0043,0.0,95.0,0.0,32.0,63.0,26.0,0.0,0.0,0.0,0.0,0.0,0.0,0.0,0.0,0.0,0.0,0.0,0.0,0.0,0.0,0.0,0.0,0.0,0.0,8.0,2.0,1.0
1759,14.657368500000013,0,8.2737,1.7211,1.5036,1.7179,0.152,0.0038,0.004,0.0003,0.0281,0.039,0.0021,0.0013,0.0115,0.0003,0.0018,0.002,0.0001,0.0002,0.0089,0.0015,0.0005,0.0001,0.0026,0.0816,0.0143,0.0001,0.0043,0.0,95.0,0.0,32.0,63.0,26.0,0.0,0.0,0.0,0.0,0.0,0.0,0.0,0.0,0.0,0.0,0.0,0.0,0.0,0.0,0.0,0.0,0.0,0.0,8.0,2.0,1.0
1760,14.665642200000013,0,8.4083,1.6394,1.5833,1.3677,0.1588,0.004,0.0039,0.0002,0.036,0.0462,0.0028,0.001,0.0117,0.0001,0.002,0.0016,0.0001,0.0001,0.0088,0.0014,0.0005,0.0001,0.0021,0.087,0.017,0.0001,0.0065,0.0,95.0,0.0,32.0,63.0,26.0,0.0,0.0,0.0,0.0,0.0,0.0,0.0,0.0,0.0,0.0,0.0,0.0,0.0,0.0,0.0,0.0,0.0,0.0,8.0,2.0,1.0
1761,14.674050500000012,0,8.2905,1.7413,1.5241,1.4951,0.1401,0.0041,0.0038,0.0001,0.0276,0.0377,0.0019,0.0009,0.0097,0.0002,0.0016,0.0016,0.0001,0.0001,0.0088,0.0012,0.0004,0.0,0.0018,0.0756,0.0147,0.0,0.0045,0.0,95.0,0.0,32.0,63.0,26.0,0.0,0.0,0.0,0.0,0.0,0.0,0.0,0.0,0.0,0.0,0.0,0.0,0.0,0.0,0.0,0.0,0.0,0.0,8.0,2.0,1.0
1762,14.682341000000012,0,8.4118,1.6389,1.5541,1.3505,0.1652,0.004,0.0042,0.0003,0.0372,0.0491,0.0023,0.001,0.0115,0.0002,0.0021,0.0017,0.0001,0.0001,0.0093,0.0018,0.0005,0.0001,0.002,0.0922,0.016,0.0,0.005,0.0,95.0,0.0,32.0,63.0,26.0,0.0,0.0,0.0,0.0,0.0,0.0,0.0,0.0,0.0,0.0,0.0,0.0,0.0,0.0,0.0,0.0,0.0,0.0,8.0,2.0,1.0
1763,14.690752800000011,0,8.2601,1.7007,1.5762,1.5668,0.1417,0.003,0.0038,0.0002,0.0292,0.0384,0.002,0.0008,0.0101,0.0005,0.0015,0.0015,0.0,0.0001,0.0086,0.0022,0.0005,0.0,0.0017,0.0781,0.0126,0.0,0.0055,0.0,95.0,0.0,32.0,63.0,26.0,0.0,0.0,0.0,0.0,0.0,0.0,0.0,0.0,0.0,0.0,0.0,0.0,0.0,0.0,0.0,0.0,0.0,0.0,8.0,2.0,1.0
1764,14.69901290000001,0,8.302,1.6867,1.4811,1.5178,0.1545,0.0039,0.0037,0.0003,0.0368,0.0476,0.0021,0.0008,0.0109,0.0002,0.0015,0.0021,0.0002,0.0001,0.009,0.0012,0.0005,0.0,0.0019,0.0887,0.0163,0.0001,0.0043,0.0,95.0,0.0,32.0,63.0,26.0,0.0,0.0,0.0,0.0,0.0,0.0,0.0,0.0,0.0,0.0,0.0,0.0,0.0,0.0,0.0,0.0,0.0,0.0,8.0,2.0,1.0
1765,14.70731490000001,0,8.3192,1.7312,1.4873,1.5977,0.14,0.0024,0.0037,0.0002,0.0286,0.0379,0.002,0.0013,0.0086,0.0001,0.0017,0.0021,0.0001,0.0001,0.009,0.0011,0.0005,0.0001,0.0016,0.0767,0.0137,0.0001,0.0042,0.0,95.0,0.0,32.0,63.0,26.0,0.0,0.0,0.0,0.0,0.0,0.0,0.0,0.0,0.0,0.0,0.0,0.0,0.0,0.0,0.0,0.0,0.0,0.0,8.0,2.0,1.0
1766,14.715634100000011,0,8.3486,1.6252,1.5003,1.4803,0.1617,0.0051,0.0049,0.0002,0.0358,0.0486,0.0024,0.0009,0.0122,0.0001,0.0021,0.0017,0.0001,0.0002,0.0094,0.0013,0.001,0.0001,0.002,0.0925,0.0164,0.0001,0.0039,0.0,95.0,0.0,32.0,63.0,26.0,0.0,0.0,0.0,0.0,0.0,0.0,0.0,0.0,0.0,0.0,0.0,0.0,0.0,0.0,0.0,0.0,0.0,0.0,8.0,2.0,1.0
1767,14.723982700000011,0,8.3995,1.6787,1.4996,1.4041,0.1395,0.0026,0.0036,0.0003,0.0289,0.0378,0.0025,0.0009,0.0084,0.0002,0.0014,0.0017,0.0007,0.0001,0.0087,0.0011,0.001,0.0002,0.0018,0.0758,0.0137,0.0,0.0048,0.0,95.0,0.0,32.0,63.0,26.0,0.0,0.0,0.0,0.0,0.0,0.0,0.0,0.0,0.0,0.0,0.0,0.0,0.0,0.0,0.0,0.0,0.0,0.0,8.0,2.0,1.0
1768,14.73238220000001,0,8.2033,1.7505,1.5458,1.704,0.1487,0.0019,0.0059,0.0007,0.0257,0.0369,0.0022,0.001,0.0097,0.0001,0.0019,0.0016,0.0,0.0001,0.0092,0.0013,0.0004,0.0,0.002,0.077,0.0163,0.0,0.0041,0.0,95.0,0.0,32.0,63.0,26.0,0.0,0.0,0.0,0.0,0.0,0.0,0.0,0.0,0.0,0.0,0.0,0.0,0.0,0.0,0.0,0.0,0.0,0.0,8.0,2.0,1.0
1769,14.74058550000001,0,8.5008,1.7905,1.5059,1.6612,0.1649,0.003,0.0051,0.0002,0.0322,0.0437,0.0023,0.0009,0.0112,0.0002,0.0017,0.0025,0.0001,0.0002,0.0098,0.0019,0.0005,0.0001,0.0021,0.0875,0.0186,0.0001,0.0047,0.0,95.0,0.0,32.0,63.0,26.0,0.0,0.0,0.0,0.0,0.0,0.0,0.0,0.0,0.0,0.0,0.0,0.0,0.0,0.0,0.0,0.0,0.0,0.0,8.0,2.0,1.0
1770,14.74908630000001,0,8.2054,1.8457,1.5258,1.4145,0.1423,0.0032,0.0045,0.0002,0.0323,0.0421,0.0018,0.0013,0.0096,0.0001,0.0018,0.0014,0.0002,0.0001,0.0083,0.0011,0.0004,0.0001,0.0017,0.081,0.0138,0.0001,0.0045,0.0,95.0,0.0,32.0,63.0,26.0,0.0,0.0,0.0,0.0,0.0,0.0,0.0,0.0,0.0,0.0,0.0,0.0,0.0,0.0,0.0,0.0,0.0,0.0,8.0,2.0,1.0
1771,14.75729170000001,0,8.3616,1.5877,1.4756,1.521,0.148,0.0032,0.0034,0.0003,0.0299,0.0391,0.0024,0.0009,0.0117,0.0001,0.0017,0.0016,0.0001,0.0001,0.0087,0.0012,0.0009,0.0001,0.0019,0.0796,0.0173,0.0,0.0044,0.0,95.0,0.0,32.0,63.0,26.0,0.0,0.0,0.0,0.0,0.0,0.0,0.0,0.0,0.0,0.0,0.0,0.0,0.0,0.0,0.0,0.0,0.0,0.0,8.0,2.0,1.0
1772,14.765653300000011,0,8.5029,1.6711,1.5095,1.4436,0.1457,0.0026,0.0035,0.0002,0.0355,0.0449,0.0021,0.0007,0.0093,0.0001,0.0015,0.0019,0.0001,0.0001,0.0085,0.0011,0.0007,0.0001,0.0017,0.0824,0.0155,0.0001,0.0043,0.0,95.0,0.0,32.0,63.0,26.0,0.0,0.0,0.0,0.0,0.0,0.0,0.0,0.0,0.0,0.0,0.0,0.0,0.0,0.0,0.0,0.0,0.0,0.0,8.0,2.0,1.0
1773,14.77415620000001,0,8.3322,1.6694,1.787,1.4714,0.1372,0.0032,0.0034,0.0002,0.0252,0.0343,0.0025,0.0009,0.0085,0.0002,0.0016,0.0017,0.0001,0.0002,0.0088,0.0011,0.0005,0.0,0.0018,0.0718,0.0133,0.0,0.0046,0.0,95.0,0.0,32.0,63.0,26.0,0.0,0.0,0.0,0.0,0.0,0.0,0.0,0.0,0.0,0.0,0.0,0.0,0.0,0.0,0.0,0.0,0.0,0.0,8.0,2.0,1.0
1774,14.78248840000001,0,8.2754,1.9392,1.5352,1.6093,0.1583,0.0035,0.0037,0.0002,0.0385,0.0487,0.0028,0.0011,0.0112,0.0002,0.0021,0.0016,0.0002,0.0001,0.0092,0.0013,0.0005,0.0,0.0021,0.0903,0.0175,0.0001,0.003,0.0,95.0,0.0,32.0,63.0,26.0,0.0,0.0,0.0,0.0,0.0,0.0,0.0,0.0,0.0,0.0,0.0,0.0,0.0,0.0,0.0,0.0,0.0,0.0,8.0,2.0,1.0
1775,14.790763800000011,0,8.3917,1.6781,1.7342,1.6711,0.1502,0.0044,0.0039,0.0003,0.0277,0.0394,0.0024,0.0009,0.0113,0.0002,0.0023,0.0016,0.0002,0.0001,0.0088,0.0012,0.0009,0.0001,0.0019,0.0819,0.0157,0.0,0.0052,0.0,95.0,0.0,32.0,63.0,26.0,0.0,0.0,0.0,0.0,0.0,0.0,0.0,0.0,0.0,0.0,0.0,0.0,0.0,0.0,0.0,0.0,0.0,0.0,8.0,2.0,1.0
1776,14.799155500000012,0,8.3329,1.721,1.7027,1.5144,0.1628,0.0041,0.0041,0.0003,0.0413,0.0531,0.0025,0.0009,0.0112,0.0001,0.0015,0.0022,0.0001,0.0001,0.0086,0.0012,0.0004,0.0001,0.0021,0.0949,0.0147,0.0,0.0051,0.0,95.0,0.0,32.0,63.0,26.0,0.0,0.0,0.0,0.0,0.0,0.0,0.0,0.0,0.0,0.0,0.0,0.0,0.0,0.0,0.0,0.0,0.0,0.0,8.0,2.0,1.0
1777,14.807488400000011,0,8.1722,1.725,1.5225,1.7241,0.1454,0.0026,0.0034,0.0002,0.035,0.0434,0.002,0.0008,0.011,0.0002,0.0018,0.0015,0.0001,0.0002,0.0079,0.0013,0.0005,0.0,0.0016,0.0814,0.0159,0.0,0.005,0.0,95.0,0.0,32.0,63.0,26.0,0.0,0.0,0.0,0.0,0.0,0.0,0.0,0.0,0.0,0.0,0.0,0.0,0.0,0.0,0.0,0.0,0.0,0.0,8.0,2.0,1.0
1778,14.815660600000012,0,8.5933,1.6707,1.5858,1.3102,0.1609,0.0034,0.0041,0.0003,0.0381,0.0488,0.002,0.0011,0.0107,0.0001,0.0016,0.0022,0.0001,0.0001,0.0089,0.0017,0.0004,0.0001,0.0019,0.0903,0.0135,0.0,0.0042,0.0,95.0,0.0,32.0,63.0,26.0,0.0,0.0,0.0,0.0,0.0,0.0,0.0,0.0,0.0,0.0,0.0,0.0,0.0,0.0,0.0,0.0,0.0,0.0,8.0,2.0,1.0
1779,14.824253900000011,0,8.0759,1.7771,1.6697,1.6329,0.1582,0.0049,0.0047,0.0007,0.0279,0.0405,0.0022,0.0011,0.0107,0.0006,0.0017,0.002,0.0002,0.0001,0.009,0.0014,0.0005,0.0001,0.0025,0.0831,0.0184,0.0001,0.0039,0.0,95.0,0.0,32.0,63.0,26.0,0.0,0.0,0.0,0.0,0.0,0.0,0.0,0.0,0.0,0.0,0.0,0.0,0.0,0.0,0.0,0.0,0.0,0.0,8.0,2.0,1.0
1780,14.83232980000001,0,8.2947,1.8666,1.4529,1.6583,0.1438,0.0014,0.0057,0.0002,0.0222,0.0316,0.0022,0.0009,0.0108,0.0001,0.0021,0.0014,0.0001,0.0001,0.0096,0.0012,0.0005,0.0001,0.0019,0.0725,0.0169,0.0,0.0041,0.0,95.0,0.0,32.0,63.0,26.0,0.0,0.0,0.0,0.0,0.0,0.0,0.0,0.0,0.0,0.0,0.0,0.0,0.0,0.0,0.0,0.0,0.0,0.0,8.0,2.0,1.0
1781,14.840624500000011,0,8.5896,1.6592,1.6444,1.5065,0.1616,0.0034,0.0044,0.0003,0.0312,0.0417,0.0032,0.0009,0.0121,0.0001,0.0019,0.0018,0.0002,0.0001,0.0086,0.0012,0.0004,0.0001,0.002,0.0838,0.0167,0.0,0.004,0.0,95.0,0.0,32.0,63.0,26.0,0.0,0.0,0.0,0.0,0.0,0.0,0.0,0.0,0.0,0.0,0.0,0.0,0.0,0.0,0.0,0.0,0.0,0.0,8.0,2.0,1.0
1782,14.849214100000012,0,8.3282,1.8909,1.8032,1.667,0.1823,0.0033,0.0042,0.0003,0.041,0.0522,0.0026,0.0013,0.0127,0.0002,0.0016,0.0023,0.0001,0.0001,0.01,0.0013,0.0004,0.0002,0.0021,0.0999,0.0183,0.0,0.0049,0.0,95.0,0.0,32.0,63.0,26.0,0.0,0.0,0.0,0.0,0.0,0.0,0.0,0.0,0.0,0.0,0.0,0.0,0.0,0.0,0.0,0.0,0.0,0.0,8.0,2.0,1.0
1783,14.857542300000011,0,8.3279,1.8492,1.717,1.5718,0.1463,0.0033,0.004,0.0002,0.0291,0.0395,0.0027,0.0009,0.0107,0.0002,0.0016,0.002,0.0002,0.0001,0.0093,0.0011,0.0005,0.0001,0.0019,0.08,0.0145,0.0001,0.0042,0.0,95.0,0.0,32.0,63.0,26.0,0.0,0.0,0.0,0.0,0.0,0.0,0.0,0.0,0.0,0.0,0.0,0.0,0.0,0.0,0.0,0.0,0.0,0.0,8.0,2.0,1.0
1784,14.86587020000001,0,8.1802,2.0172,1.5738,1.7412,0.1527,0.0044,0.0042,0.0002,0.0347,0.0461,0.0019,0.0008,0.0105,0.0001,0.0019,0.0016,0.0001,0.0001,0.0091,0.0011,0.0005,0.0,0.0021,0.0857,0.0152,0.0,0.004,0.0,95.0,0.0,32.0,63.0,26.0,0.0,0.0,0.0,0.0,0.0,0.0,0.0,0.0,0.0,0.0,0.0,0.0,0.0,0.0,0.0,0.0,0.0,0.0,8.0,2.0,1.0
1785,14.87405040000001,0,8.48,1.7965,1.6835,1.7462,0.1614,0.0037,0.0042,0.0002,0.0322,0.0433,0.0019,0.001,0.0118,0.0002,0.0016,0.0024,0.0001,0.0001,0.0092,0.0016,0.0005,0.0001,0.0017,0.0852,0.0174,0.0001,0.0045,0.0,95.0,0.0,32.0,63.0,26.0,0.0,0.0,0.0,0.0,0.0,0.0,0.0,0.0,0.0,0.0,0.0,0.0,0.0,0.0,0.0,0.0,0.0,0.0,8.0,2.0,1.0
1786,14.882530400000011,0,8.335,2.3922,1.7015,1.5046,0.1847,0.0029,0.0039,0.0003,0.0447,0.0544,0.0037,0.0013,0.0158,0.0001,0.0024,0.0021,0.0002,0.0002,0.0092,0.0018,0.0006,0.0001,0.0017,0.1083,0.0202,0.0,0.0045,0.0,95.0,0.0,32.0,63.0,24.0,0.0,0.0,0.0,0.0,0.0,0.0,0.0,0.0,0.0,0.0,0.0,0.0,0.0,0.0,0.0,0.0,0.0,0.0,8.0,2.0,1.0
1787,14.890865400000012,0,8.3522,2.0467,1.7347,1.5532,0.1508,0.0034,0.0043,0.0003,0.0329,0.0435,0.0021,0.0008,0.0115,0.0002,0.0019,0.0015,0.0004,0.0001,0.0092,0.0015,0.0005,0.0001,0.0017,0.0841,0.0141,0.0,0.0037,0.0,95.0,0.0,32.0,63.0,24.0,0.0,0.0,0.0,0.0,0.0,0.0,0.0,0.0,0.0,0.0,0.0,0.0,0.0,0.0,0.0,0.0,0.0,0.0,8.0,2.0,1.0
1788,14.89921760000001,0,8.4454,1.9215,1.7729,1.6119,0.1828,0.003,0.004,0.0002,0.045,0.0551,0.0026,0.0012,0.0136,0.0002,0.0028,0.0019,0.0006,0.0001,0.0101,0.0013,0.0006,0.0001,0.0026,0.1049,0.0171,0.0,0.0054,0.0,95.0,0.0,32.0,63.0,24.0,0.0,0.0,0.0,0.0,0.0,0.0,0.0,0.0,0.0,0.0,0.0,0.0,0.0,0.0,0.0,0.0,0.0,0.0,8.0,2.0,1.0
1789,14.90766300000001,0,8.2091,1.9637,1.8202,1.8283,0.1663,0.0033,0.0041,0.0003,0.0324,0.0425,0.0024,0.001,0.0118,0.0001,0.0019,0.0019,0.0001,0.0001,0.01,0.0015,0.0005,0.0001,0.002,0.0916,0.0163,0.0,0.004,0.0,95.0,0.0,32.0,63.0,24.0,0.0,0.0,0.0,0.0,0.0,0.0,0.0,0.0,0.0,0.0,0.0,0.0,0.0,0.0,0.0,0.0,0.0,0.0,8.0,2.0,1.0
1790,14.91587210000001,0,8.3588,2.0498,1.771,1.4873,0.1849,0.0031,0.0037,0.0002,0.0427,0.0534,0.0035,0.0012,0.0144,0.0001,0.0019,0.0021,0.0002,0.0002,0.0131,0.0016,0.0005,0.0002,0.0024,0.1063,0.0214,0.0001,0.004,0.0,95.0,0.0,32.0,63.0,24.0,0.0,0.0,0.0,0.0,0.0,0.0,0.0,0.0,0.0,0.0,0.0,0.0,0.0,0.0,0.0,0.0,0.0,0.0,8.0,2.0,1.0
1791,14.92423090000001,0,8.1761,1.9308,1.5896,1.5361,0.1362,0.0028,0.0039,0.0002,0.0268,0.0358,0.0019,0.0011,0.0085,0.0002,0.0016,0.0022,0.0001,0.0002,0.0083,0.0017,0.0005,0.0001,0.0017,0.0731,0.0142,0.0,0.0037,0.0,95.0,0.0,32.0,63.0,24.0,0.0,0.0,0.0,0.0,0.0,0.0,0.0,0.0,0.0,0.0,0.0,0.0,0.0,0.0,0.0,0.0,0.0,0.0,8.0,2.0,1.0
1792,14.93240700000001,0,8.3702,2.0476,1.655,1.7167,0.1649,0.0041,0.0037,0.0002,0.037,0.0482,0.0024,0.001,0.0122,0.0002,0.0015,0.0022,0.0001,0.0001,0.0097,0.0012,0.0004,0.0006,0.0019,0.0919,0.0168,0.0001,0.0044,0.0,95.0,0.0,32.0,63.0,24.0,0.0,0.0,0.0,0.0,0.0,0.0,0.0,0.0,0.0,0.0,0.0,0.0,0.0,0.0,0.0,0.0,0.0,0.0,8.0,2.0,1.0
1793,14.94077720000001,0,8.7456,1.9676,1.7472,1.507,0.1545,0.0042,0.0065,0.0002,0.024,0.0372,0.0023,0.001,0.0112,0.0006,0.0017,0.0018,0.0002,0.0002,0.0091,0.0019,0.0005,0.0001,0.0024,0.0807,0.016,0.0,0.0041,0.0,95.0,0.0,32.0,63.0,24.0,0.0,0.0,0.0,0.0,0.0,0.0,0.0,0.0,0.0,0.0,0.0,0.0,0.0,0.0,0.0,0.0,0.0,0.0,8.0,2.0,1.0
1794,14.94952280000001,0,7.9666,1.8513,1.9493,1.5886,0.1567,0.0035,0.0036,0.0003,0.0351,0.0454,0.0021,0.0008,0.0099,0.0005,0.0015,0.0016,0.0003,0.0001,0.0095,0.0014,0.0005,0.0,0.0017,0.0847,0.0172,0.0001,0.0044,0.0,95.0,0.0,32.0,63.0,24.0,0.0,0.0,0.0,0.0,0.0,0.0,0.0,0.0,0.0,0.0,0.0,0.0,0.0,0.0,0.0,0.0,0.0,0.0,8.0,2.0,1.0
1795,14.957489400000009,0,8.6282,1.9323,1.8725,1.4652,0.1734,0.0045,0.0059,0.0003,0.0322,0.0457,0.0029,0.0009,0.0126,0.0001,0.002,0.0018,0.0001,0.0001,0.0095,0.0011,0.0009,0.0001,0.0017,0.0904,0.0152,0.0,0.0042,0.0,95.0,0.0,32.0,63.0,24.0,0.0,0.0,0.0,0.0,0.0,0.0,0.0,0.0,0.0,0.0,0.0,0.0,0.0,0.0,0.0,0.0,0.0,0.0,8.0,2.0,1.0
1796,14.96611760000001,0,8.1758,1.9971,1.8746,1.7097,0.2146,0.0035,0.0035,0.0006,0.0534,0.0641,0.0035,0.0019,0.0173,0.0002,0.0027,0.0019,0.0001,0.0001,0.011,0.0015,0.0011,0.0001,0.0032,0.1252,0.0256,0.0,0.0032,0.0,95.0,0.0,32.0,63.0,24.0,0.0,0.0,0.0,0.0,0.0,0.0,0.0,0.0,0.0,0.0,0.0,0.0,0.0,0.0,0.0,0.0,0.0,0.0,8.0,2.0,1.0
1797,14.97429340000001,0,135.5696,1.0758,1.7366,1.5465,0.162,0.0043,0.0043,0.0003,0.03,0.0421,0.0024,0.001,0.0113,0.0001,0.0016,0.0018,0.0001,0.0001,0.0092,0.0014,0.0005,0.0001,0.0018,0.0833,0.016,0.0001,0.0039,0.0,95.0,0.0,32.0,63.0,24.0,0.0,0.0,0.0,0.0,0.0,0.0,0.0,0.0,0.0,0.0,0.0,0.0,0.0,0.0,0.0,0.0,0.0,0.0,8.0,2.0,1.0
1798,15.10986300000001,0,2.1018,1.0758,115.2313,0.5095,0.182,0.0037,0.0048,0.0002,0.0454,0.0575,0.0027,0.001,0.0116,0.0002,0.002,0.0018,0.0001,0.0001,0.0086,0.0011,0.0006,0.0002,0.0017,0.0997,0.016,0.0,0.0055,0.0,95.0,0.0,32.0,63.0,25.0,0.0,0.0,0.0,0.0,0.0,0.0,0.0,0.0,0.0,0.0,0.0,0.0,0.0,0.0,0.0,0.0,0.0,0.0,8.0,2.0,1.0
1799,15.11196480000001,0,7.9525,2.0444,1.7584,1.5386,0.1602,0.0035,0.0036,0.0002,0.0305,0.0404,0.0029,0.0009,0.0128,0.0006,0.0017,0.002,0.0001,0.0001,0.0093,0.0012,0.0006,0.0001,0.002,0.0858,0.0182,0.0001,0.0039,0.0,95.0,0.0,32.0,63.0,24.0,0.0,0.0,0.0,0.0,0.0,0.0,0.0,0.0,0.0,0.0,0.0,0.0,0.0,0.0,0.0,0.0,0.0,0.0,8.0,2.0,1.0
1800,15.11991730000001,0,8.2321,1.9126,1.6575,1.5577,0.1661,0.0033,0.0039,0.0003,0.036,0.0467,0.0024,0.001,0.0133,0.0001,0.002,0.0018,0.0002,0.0001,0.0101,0.0013,0.0009,0.0002,0.002,0.093,0.0167,0.0,0.004,0.0,95.0,0.0,32.0,63.0,24.0,0.0,0.0,0.0,0.0,0.0,0.0,0.0,0.0,0.0,0.0,0.0,0.0,0.0,0.0,0.0,0.0,0.0,0.0,8.0,2.0,1.0
1801,15.12814940000001,0,8.302,1.8172,1.6149,1.6835,0.1356,0.0031,0.0039,0.0002,0.0247,0.0347,0.002,0.0006,0.0082,0.0001,0.0015,0.0023,0.0001,0.0001,0.0084,0.0017,0.0004,0.0001,0.0017,0.0724,0.0137,0.0,0.0046,0.0,95.0,0.0,32.0,63.0,24.0,0.0,0.0,0.0,0.0,0.0,0.0,0.0,0.0,0.0,0.0,0.0,0.0,0.0,0.0,0.0,0.0,0.0,0.0,8.0,2.0,1.0
1802,15.136451400000011,0,8.3644,1.7487,1.6159,1.64,0.1651,0.0038,0.0038,0.0002,0.0398,0.0505,0.0029,0.0009,0.0113,0.0001,0.0021,0.0016,0.0001,0.0001,0.009,0.0013,0.0009,0.0001,0.0019,0.0935,0.0141,0.0001,0.0055,0.0,95.0,0.0,32.0,63.0,24.0,0.0,0.0,0.0,0.0,0.0,0.0,0.0,0.0,0.0,0.0,0.0,0.0,0.0,0.0,0.0,0.0,0.0,0.0,8.0,2.0,1.0
1803,15.14481580000001,0,8.2497,1.8044,1.5047,1.6563,0.1468,0.0027,0.0032,0.0002,0.027,0.0359,0.0022,0.0008,0.0114,0.0002,0.0015,0.002,0.0001,0.0001,0.01,0.0012,0.0005,0.0,0.0023,0.0789,0.0156,0.0001,0.0045,0.0,95.0,0.0,32.0,63.0,24.0,0.0,0.0,0.0,0.0,0.0,0.0,0.0,0.0,0.0,0.0,0.0,0.0,0.0,0.0,0.0,0.0,0.0,0.0,8.0,2.0,1.0
1804,15.153065500000011,0,8.3797,1.8356,1.5666,1.5222,0.1454,0.0033,0.0037,0.0002,0.0349,0.0449,0.002,0.0008,0.0093,0.0001,0.0014,0.0023,0.0001,0.0001,0.0082,0.0017,0.0005,0.0001,0.0017,0.0829,0.0114,0.0001,0.0038,0.0,95.0,0.0,32.0,63.0,24.0,0.0,0.0,0.0,0.0,0.0,0.0,0.0,0.0,0.0,0.0,0.0,0.0,0.0,0.0,0.0,0.0,0.0,0.0,8.0,2.0,1.0
1805,15.161445200000012,0,8.3675,1.7676,1.58,1.3938,0.1482,0.0026,0.0034,0.0002,0.0293,0.038,0.0024,0.0009,0.012,0.0001,0.0021,0.0016,0.0001,0.0001,0.0084,0.0011,0.0005,0.0001,0.0018,0.0797,0.0158,0.0,0.0034,0.0,95.0,0.0,32.0,63.0,24.0,0.0,0.0,0.0,0.0,0.0,0.0,0.0,0.0,0.0,0.0,0.0,0.0,0.0,0.0,0.0,0.0,0.0,0.0,8.0,2.0,1.0
1806,15.169812700000012,0,8.2153,1.7863,1.5372,1.4382,0.1536,0.003,0.0032,0.0001,0.0399,0.049,0.0022,0.0014,0.0113,0.0001,0.0019,0.0016,0.0001,0.0001,0.0081,0.0012,0.0005,0.0001,0.0018,0.0897,0.0153,0.0001,0.0042,0.0,95.0,0.0,32.0,63.0,24.0,0.0,0.0,0.0,0.0,0.0,0.0,0.0,0.0,0.0,0.0,0.0,0.0,0.0,0.0,0.0,0.0,0.0,0.0,8.0,2.0,1.0
1807,15.178028000000012,0,8.3526,1.868,1.4933,1.7048,0.142,0.0032,0.0034,0.0002,0.0266,0.0356,0.0019,0.0008,0.0095,0.0006,0.0016,0.002,0.0001,0.0001,0.0087,0.0018,0.0005,0.0001,0.0017,0.0758,0.0155,0.0,0.0051,0.0,95.0,0.0,32.0,63.0,24.0,0.0,0.0,0.0,0.0,0.0,0.0,0.0,0.0,0.0,0.0,0.0,0.0,0.0,0.0,0.0,0.0,0.0,0.0,8.0,2.0,1.0
1808,15.186380600000012,0,8.479,1.8471,1.6026,1.5535,0.1497,0.0042,0.006,0.0002,0.0305,0.0439,0.0025,0.0006,0.0103,0.0001,0.0016,0.0021,0.0,0.0001,0.0083,0.0018,0.0005,0.0,0.002,0.084,0.0139,0.0001,0.0051,0.0,95.0,0.0,32.0,63.0,24.0,0.0,0.0,0.0,0.0,0.0,0.0,0.0,0.0,0.0,0.0,0.0,0.0,0.0,0.0,0.0,0.0,0.0,0.0,8.0,2.0,1.0
1809,15.194859600000012,0,8.319,1.7433,1.5947,1.3844,0.1554,0.0043,0.0037,0.0003,0.0283,0.0395,0.0024,0.0008,0.0125,0.0002,0.0017,0.0022,0.0002,0.0001,0.0092,0.0012,0.0005,0.0001,0.0019,0.0835,0.0185,0.0001,0.0039,0.0,95.0,0.0,32.0,63.0,24.0,0.0,0.0,0.0,0.0,0.0,0.0,0.0,0.0,0.0,0.0,0.0,0.0,0.0,0.0,0.0,0.0,0.0,0.0,8.0,2.0,1.0
1810,15.203178600000012,0,8.192,1.754,1.5626,1.3461,0.1456,0.003,0.0031,0.0002,0.0386,0.0472,0.0021,0.0007,0.0097,0.0002,0.0015,0.0017,0.0002,0.0001,0.0087,0.0014,0.0005,0.0001,0.0018,0.0866,0.0133,0.0,0.0039,0.0,95.0,0.0,32.0,63.0,24.0,0.0,0.0,0.0,0.0,0.0,0.0,0.0,0.0,0.0,0.0,0.0,0.0,0.0,0.0,0.0,0.0,0.0,0.0,8.0,2.0,1.0
1811,15.211370600000011,0,8.4482,1.8101,1.5739,1.5385,0.1495,0.003,0.0037,0.0003,0.0278,0.0368,0.0023,0.0008,0.012,0.0001,0.0018,0.0022,0.0001,0.0001,0.0093,0.0012,0.0004,0.0001,0.0018,0.0808,0.0169,0.0,0.0038,0.0,95.0,0.0,32.0,63.0,24.0,0.0,0.0,0.0,0.0,0.0,0.0,0.0,0.0,0.0,0.0,0.0,0.0,0.0,0.0,0.0,0.0,0.0,0.0,8.0,2.0,1.0
1812,15.219818800000011,0,8.4149,1.7422,1.6147,1.6765,0.194,0.0039,0.0041,0.0002,0.0407,0.0519,0.0021,0.0009,0.0103,0.0002,0.002,0.0015,0.0,0.0001,0.0089,0.0011,0.0009,0.0,0.0017,0.0913,0.0174,0.0,0.0038,0.0,95.0,0.0,32.0,63.0,24.0,0.0,0.0,0.0,0.0,0.0,0.0,0.0,0.0,0.0,0.0,0.0,0.0,0.0,0.0,0.0,0.0,0.0,0.0,8.0,2.0,1.0
1813,15.228233700000011,0,8.2506,1.9095,1.6678,1.4939,0.1591,0.0044,0.004,0.0003,0.0291,0.0406,0.0024,0.0008,0.0118,0.0002,0.0014,0.0022,0.0,0.0001,0.0089,0.0015,0.0005,0.0001,0.0019,0.0837,0.0188,0.0,0.0044,0.0,95.0,0.0,32.0,63.0,24.0,0.0,0.0,0.0,0.0,0.0,0.0,0.0,0.0,0.0,0.0,0.0,0.0,0.0,0.0,0.0,0.0,0.0,0.0,8.0,2.0,1.0
1814,15.236484300000011,0,8.2929,1.7813,1.5894,1.6173,0.1551,0.0027,0.004,0.0002,0.0377,0.0467,0.003,0.001,0.0134,0.0002,0.0016,0.002,0.0001,0.0001,0.0084,0.0018,0.0005,0.0001,0.0019,0.0908,0.0151,0.0001,0.004,0.0,95.0,0.0,32.0,63.0,24.0,0.0,0.0,0.0,0.0,0.0,0.0,0.0,0.0,0.0,0.0,0.0,0.0,0.0,0.0,0.0,0.0,0.0,0.0,8.0,2.0,1.0
1815,15.244777200000012,0,8.5739,1.9359,1.5657,1.3494,0.1566,0.004,0.0039,0.0003,0.0299,0.0406,0.0025,0.0012,0.0134,0.0002,0.0016,0.0017,0.0001,0.0001,0.0094,0.0012,0.0006,0.0003,0.0021,0.0865,0.0167,0.0,0.0034,0.0,95.0,0.0,32.0,63.0,24.0,0.0,0.0,0.0,0.0,0.0,0.0,0.0,0.0,0.0,0.0,0.0,0.0,0.0,0.0,0.0,0.0,0.0,0.0,8.0,2.0,1.0
1816,15.253351100000012,0,8.2828,1.8217,1.8903,1.7273,0.1547,0.0042,0.0041,0.0002,0.0353,0.0464,0.002,0.0008,0.0103,0.0005,0.0014,0.0019,0.0001,0.0001,0.0084,0.0016,0.0004,0.0001,0.0017,0.0863,0.014,0.0,0.0042,0.0,95.0,0.0,32.0,63.0,24.0,0.0,0.0,0.0,0.0,0.0,0.0,0.0,0.0,0.0,0.0,0.0,0.0,0.0,0.0,0.0,0.0,0.0,0.0,8.0,2.0,1.0
1817,15.261633900000012,0,8.3413,1.857,1.6317,1.4937,0.155,0.0043,0.0047,0.0002,0.0275,0.0397,0.0022,0.0009,0.0117,0.0001,0.0016,0.0023,0.0001,0.0002,0.0088,0.0012,0.0005,0.0002,0.002,0.0825,0.0156,0.0,0.0045,0.0,95.0,0.0,32.0,63.0,24.0,0.0,0.0,0.0,0.0,0.0,0.0,0.0,0.0,0.0,0.0,0.0,0.0,0.0,0.0,0.0,0.0,0.0,0.0,8.0,2.0,1.0
1818,15.269975200000012,0,8.2084,1.7728,1.7917,1.6426,0.1528,0.0039,0.0038,0.0003,0.0353,0.0462,0.002,0.0013,0.0105,0.0001,0.0018,0.0016,0.0001,0.0001,0.0085,0.0011,0.0005,0.0001,0.0016,0.0847,0.0164,0.0001,0.0041,0.0,95.0,0.0,32.0,63.0,24.0,0.0,0.0,0.0,0.0,0.0,0.0,0.0,0.0,0.0,0.0,0.0,0.0,0.0,0.0,0.0,0.0,0.0,0.0,8.0,2.0,1.0
1819,15.27818360000001,0,8.297,1.7958,1.6353,1.5533,0.1408,0.0037,0.0042,0.0002,0.0289,0.0399,0.0019,0.0007,0.0094,0.0006,0.0015,0.0019,0.0001,0.0001,0.0086,0.0011,0.0006,0.0001,0.0019,0.0776,0.0116,0.0001,0.0032,0.0,95.0,0.0,32.0,63.0,24.0,0.0,0.0,0.0,0.0,0.0,0.0,0.0,0.0,0.0,0.0,0.0,0.0,0.0,0.0,0.0,0.0,0.0,0.0,8.0,2.0,1.0
1820,15.286480600000012,0,8.4678,1.714,1.7399,1.4681,0.1547,0.003,0.0041,0.0003,0.0357,0.0456,0.002,0.0007,0.0107,0.0001,0.0014,0.0021,0.0001,0.0001,0.0087,0.0017,0.0005,0.0,0.0017,0.0863,0.017,0.0,0.004,0.0,95.0,0.0,32.0,63.0,24.0,0.0,0.0,0.0,0.0,0.0,0.0,0.0,0.0,0.0,0.0,0.0,0.0,0.0,0.0,0.0,0.0,0.0,0.0,8.0,2.0,1.0
1821,15.294948400000012,0,8.4342,1.801,1.7327,1.5174,0.1663,0.0044,0.0043,0.0003,0.0315,0.044,0.0024,0.0012,0.0126,0.0001,0.0018,0.0019,0.0001,0.0001,0.0103,0.0014,0.0006,0.0001,0.0025,0.09,0.0163,0.0,0.0048,0.0,95.0,0.0,32.0,63.0,24.0,0.0,0.0,0.0,0.0,0.0,0.0,0.0,0.0,0.0,0.0,0.0,0.0,0.0,0.0,0.0,0.0,0.0,0.0,8.0,2.0,1.0
1822,15.303382600000011,0,8.2465,1.8633,1.7824,1.4689,0.1731,0.005,0.0048,0.0003,0.0438,0.057,0.0022,0.0008,0.0109,0.0002,0.0017,0.0024,0.0001,0.0001,0.0093,0.0011,0.0005,0.0002,0.0019,0.0995,0.0143,0.0,0.0042,0.0,95.0,0.0,32.0,63.0,24.0,0.0,0.0,0.0,0.0,0.0,0.0,0.0,0.0,0.0,0.0,0.0,0.0,0.0,0.0,0.0,0.0,0.0,0.0,8.0,2.0,1.0
1823,15.311629100000012,0,8.1738,1.8779,1.6498,1.7547,0.161,0.004,0.004,0.0003,0.0308,0.0421,0.0023,0.001,0.0122,0.0002,0.002,0.0017,0.0001,0.0001,0.009,0.0012,0.0005,0.0001,0.0019,0.0862,0.0163,0.0001,0.0045,0.0,95.0,0.0,32.0,63.0,24.0,0.0,0.0,0.0,0.0,0.0,0.0,0.0,0.0,0.0,0.0,0.0,0.0,0.0,0.0,0.0,0.0,0.0,0.0,8.0,2.0,1.0
1824,15.319802900000012,0,8.4143,1.7034,1.6175,1.6844,0.1532,0.0029,0.0039,0.0002,0.0357,0.0448,0.002,0.0008,0.0097,0.0002,0.0019,0.0016,0.0002,0.0001,0.0093,0.0017,0.0004,0.0001,0.0017,0.0847,0.0159,0.0001,0.0041,0.0,95.0,0.0,32.0,63.0,24.0,0.0,0.0,0.0,0.0,0.0,0.0,0.0,0.0,0.0,0.0,0.0,0.0,0.0,0.0,0.0,0.0,0.0,0.0,8.0,2.0,1.0
1825,15.328217200000012,0,8.213,1.7602,1.62,1.4556,0.158,0.0039,0.0035,0.0001,0.0297,0.0398,0.0024,0.0009,0.0141,0.0002,0.0021,0.0015,0.0001,0.0006,0.0096,0.0018,0.0005,0.0001,0.002,0.0901,0.0158,0.0001,0.0043,0.0,95.0,0.0,32.0,63.0,24.0,0.0,0.0,0.0,0.0,0.0,0.0,0.0,0.0,0.0,0.0,0.0,0.0,0.0,0.0,0.0,0.0,0.0,0.0,8.0,2.0,1.0
1826,15.336430200000011,0,8.5286,1.8559,1.7172,1.5906,0.1639,0.0039,0.0036,0.0003,0.0405,0.0506,0.0028,0.0008,0.0119,0.0002,0.0018,0.0018,0.0001,0.0002,0.0095,0.0013,0.0005,0.0001,0.0019,0.0938,0.016,0.0,0.0045,0.0,95.0,0.0,32.0,63.0,24.0,0.0,0.0,0.0,0.0,0.0,0.0,0.0,0.0,0.0,0.0,0.0,0.0,0.0,0.0,0.0,0.0,0.0,0.0,8.0,2.0,1.0
1827,15.344958800000011,0,8.21,1.9385,1.6353,1.3561,0.1461,0.0045,0.0041,0.0002,0.0294,0.0409,0.0019,0.0015,0.0094,0.0002,0.0015,0.0022,0.0001,0.0001,0.0085,0.0011,0.0005,0.0001,0.0016,0.0783,0.0125,0.0,0.0042,0.0,95.0,0.0,32.0,63.0,24.0,0.0,0.0,0.0,0.0,0.0,0.0,0.0,0.0,0.0,0.0,0.0,0.0,0.0,0.0,0.0,0.0,0.0,0.0,8.0,2.0,1.0
1828,15.353168800000011,0,8.2438,1.7067,1.5692,1.6182,0.1643,0.0046,0.0044,0.0002,0.0391,0.0512,0.0026,0.0008,0.0108,0.0001,0.002,0.0015,0.0002,0.0001,0.0097,0.0012,0.0005,0.0004,0.0018,0.0933,0.0156,0.0,0.0042,0.0,95.0,0.0,32.0,63.0,24.0,0.0,0.0,0.0,0.0,0.0,0.0,0.0,0.0,0.0,0.0,0.0,0.0,0.0,0.0,0.0,0.0,0.0,0.0,8.0,2.0,1.0
1829,15.361412600000012,0,8.3171,1.7291,1.4906,1.4885,0.1462,0.0025,0.0035,0.0003,0.0295,0.0381,0.0023,0.0008,0.0122,0.0002,0.0019,0.0017,0.0,0.0002,0.0093,0.0013,0.0005,0.0001,0.002,0.0819,0.017,0.0001,0.0044,0.0,95.0,0.0,32.0,63.0,24.0,0.0,0.0,0.0,0.0,0.0,0.0,0.0,0.0,0.0,0.0,0.0,0.0,0.0,0.0,0.0,0.0,0.0,0.0,8.0,2.0,1.0
1830,15.369729700000011,0,8.2972,1.8872,1.5344,1.4806,0.1551,0.003,0.0032,0.0002,0.0378,0.0462,0.0027,0.0009,0.0115,0.0001,0.0019,0.0016,0.0001,0.0001,0.0092,0.0013,0.0005,0.0001,0.002,0.0883,0.0159,0.0,0.0043,0.0,95.0,0.0,32.0,63.0,24.0,0.0,0.0,0.0,0.0,0.0,0.0,0.0,0.0,0.0,0.0,0.0,0.0,0.0,0.0,0.0,0.0,0.0,0.0,8.0,2.0,1.0
1831,15.37802690000001,0,8.5147,1.9369,1.5959,1.6054,0.1654,0.0033,0.004,0.0002,0.0295,0.0402,0.0024,0.0013,0.0131,0.0002,0.002,0.0024,0.0002,0.0002,0.0106,0.0014,0.0007,0.0001,0.0019,0.0896,0.0162,0.0,0.0048,0.0,95.0,0.0,32.0,63.0,24.0,0.0,0.0,0.0,0.0,0.0,0.0,0.0,0.0,0.0,0.0,0.0,0.0,0.0,0.0,0.0,0.0,0.0,0.0,8.0,2.0,1.0
1832,15.38654160000001,0,8.1955,1.8203,1.5316,1.3183,0.1571,0.0047,0.004,0.0003,0.0359,0.0475,0.0023,0.001,0.0105,0.0002,0.0016,0.002,0.0002,0.0001,0.0098,0.0013,0.0006,0.0,0.0019,0.0896,0.015,0.0,0.0043,0.0,95.0,0.0,32.0,63.0,24.0,0.0,0.0,0.0,0.0,0.0,0.0,0.0,0.0,0.0,0.0,0.0,0.0,0.0,0.0,0.0,0.0,0.0,0.0,8.0,2.0,1.0
1833,15.39473710000001,0,8.2984,1.6084,1.5152,1.3367,0.1638,0.0043,0.0041,0.0002,0.032,0.0435,0.0031,0.001,0.0143,0.0002,0.0022,0.0019,0.0001,0.0005,0.0103,0.0013,0.0006,0.0001,0.0021,0.0919,0.0152,0.0,0.0039,0.0,95.0,0.0,32.0,63.0,24.0,0.0,0.0,0.0,0.0,0.0,0.0,0.0,0.0,0.0,0.0,0.0,0.0,0.0,0.0,0.0,0.0,0.0,0.0,8.0,2.0,1.0
1834,15.403035500000009,0,8.3239,1.7196,1.4927,1.5712,0.1472,0.0029,0.0039,0.0002,0.0357,0.0447,0.0021,0.0011,0.0094,0.0002,0.002,0.0015,0.0001,0.0005,0.0083,0.0011,0.0004,0.0001,0.0021,0.0823,0.0151,0.0,0.0043,0.0,95.0,0.0,32.0,63.0,24.0,0.0,0.0,0.0,0.0,0.0,0.0,0.0,0.0,0.0,0.0,0.0,0.0,0.0,0.0,0.0,0.0,0.0,0.0,8.0,2.0,1.0
1835,15.41135940000001,0,8.4187,1.6128,1.5041,1.4882,0.1549,0.0044,0.0039,0.0002,0.0294,0.0409,0.0023,0.0009,0.0089,0.0002,0.0021,0.0016,0.0001,0.0001,0.0089,0.0013,0.0005,0.0001,0.0021,0.0822,0.0162,0.0,0.0045,0.0,95.0,0.0,32.0,63.0,24.0,0.0,0.0,0.0,0.0,0.0,0.0,0.0,0.0,0.0,0.0,0.0,0.0,0.0,0.0,0.0,0.0,0.0,0.0,8.0,2.0,1.0
1836,15.41977810000001,0,8.3096,1.712,1.5224,1.6281,0.1444,0.0028,0.0034,0.0003,0.0361,0.0449,0.0019,0.0007,0.0092,0.0001,0.0018,0.0016,0.0001,0.0,0.0089,0.0012,0.0009,0.0001,0.0016,0.0823,0.0123,0.0001,0.0044,0.0,95.0,0.0,32.0,63.0,24.0,0.0,0.0,0.0,0.0,0.0,0.0,0.0,0.0,0.0,0.0,0.0,0.0,0.0,0.0,0.0,0.0,0.0,0.0,8.0,2.0,1.0
1837,15.42808770000001,0,8.2845,1.782,1.5032,1.4681,0.1506,0.0044,0.0034,0.0003,0.0284,0.0392,0.0025,0.0007,0.0092,0.0001,0.0022,0.0017,0.0002,0.0001,0.0093,0.0013,0.0005,0.0004,0.0019,0.0812,0.0159,0.0001,0.0041,0.0,95.0,0.0,32.0,63.0,24.0,0.0,0.0,0.0,0.0,0.0,0.0,0.0,0.0,0.0,0.0,0.0,0.0,0.0,0.0,0.0,0.0,0.0,0.0,8.0,2.0,1.0
1838,15.43637220000001,0,8.3285,1.7022,1.4735,1.6498,0.1488,0.0025,0.004,0.0002,0.0364,0.0464,0.0019,0.0007,0.0103,0.0001,0.002,0.0016,0.0001,0.0001,0.0084,0.0011,0.0004,0.0,0.0021,0.0852,0.0168,0.0001,0.0039,0.0,95.0,0.0,32.0,63.0,24.0,0.0,0.0,0.0,0.0,0.0,0.0,0.0,0.0,0.0,0.0,0.0,0.0,0.0,0.0,0.0,0.0,0.0,0.0,8.0,2.0,1.0
1839,15.44470070000001,0,8.3611,1.7412,1.4866,1.4808,0.1479,0.0038,0.0035,0.0003,0.0313,0.0415,0.002,0.0008,0.0102,0.0003,0.0015,0.0018,0.0001,0.0001,0.0088,0.0016,0.0004,0.0001,0.0017,0.0803,0.0142,0.0,0.0058,0.0,95.0,0.0,32.0,63.0,24.0,0.0,0.0,0.0,0.0,0.0,0.0,0.0,0.0,0.0,0.0,0.0,0.0,0.0,0.0,0.0,0.0,0.0,0.0,8.0,2.0,1.0
1840,15.45306180000001,0,8.2767,1.6541,1.5279,1.457,0.14,0.0024,0.0035,0.0003,0.0343,0.0425,0.0023,0.0007,0.0095,0.0001,0.0014,0.0014,0.0001,0.0001,0.0082,0.0011,0.0004,0.0001,0.0017,0.0797,0.0141,0.0,0.0036,0.0,95.0,0.0,32.0,63.0,24.0,0.0,0.0,0.0,0.0,0.0,0.0,0.0,0.0,0.0,0.0,0.0,0.0,0.0,0.0,0.0,0.0,0.0,0.0,8.0,2.0,1.0
1841,15.461338500000009,0,8.5931,1.7083,1.5968,1.4121,0.1626,0.0047,0.0066,0.0003,0.0256,0.0397,0.0025,0.0016,0.013,0.0007,0.0017,0.0028,0.0001,0.0001,0.0097,0.0013,0.0005,0.0004,0.0018,0.0859,0.017,0.0,0.0039,0.0,95.0,0.0,32.0,63.0,24.0,0.0,0.0,0.0,0.0,0.0,0.0,0.0,0.0,0.0,0.0,0.0,0.0,0.0,0.0,0.0,0.0,0.0,0.0,8.0,2.0,1.0
1842,15.46993160000001,0,8.133,1.8026,1.6,1.6023,0.1642,0.0032,0.004,0.0003,0.0438,0.0543,0.0024,0.0009,0.0116,0.0001,0.0016,0.0021,0.0,0.0001,0.0096,0.0013,0.0005,0.0001,0.002,0.0973,0.0131,0.0001,0.0033,0.0,95.0,0.0,32.0,63.0,24.0,0.0,0.0,0.0,0.0,0.0,0.0,0.0,0.0,0.0,0.0,0.0,0.0,0.0,0.0,0.0,0.0,0.0,0.0,8.0,2.0,1.0
1843,15.47806460000001,0,8.311,1.863,1.4977,1.5482,0.1442,0.0026,0.0036,0.0002,0.032,0.0406,0.002,0.0012,0.0104,0.0001,0.0018,0.0015,0.0001,0.0001,0.009,0.0011,0.0005,0.0001,0.0019,0.0787,0.0162,0.0001,0.0046,0.0,95.0,0.0,32.0,63.0,24.0,0.0,0.0,0.0,0.0,0.0,0.0,0.0,0.0,0.0,0.0,0.0,0.0,0.0,0.0,0.0,0.0,0.0,0.0,8.0,2.0,1.0
1844,15.486375600000011,0,8.2953,1.8136,1.4688,1.6155,0.1575,0.004,0.0036,0.0002,0.0362,0.0465,0.0022,0.001,0.0119,0.0001,0.0022,0.0016,0.0001,0.0001,0.0098,0.0013,0.0011,0.0001,0.0019,0.091,0.0161,0.0001,0.0037,0.0,95.0,0.0,32.0,63.0,24.0,0.0,0.0,0.0,0.0,0.0,0.0,0.0,0.0,0.0,0.0,0.0,0.0,0.0,0.0,0.0,0.0,0.0,0.0,8.0,2.0,1.0
1845,15.494670900000012,0,8.3927,1.7834,1.44,1.6828,0.1371,0.0028,0.0036,0.0002,0.0251,0.0338,0.0021,0.001,0.0099,0.0001,0.002,0.0016,0.0001,0.0001,0.0091,0.0011,0.0005,0.0001,0.002,0.0719,0.0166,0.0,0.0051,0.0,95.0,0.0,32.0,63.0,24.0,0.0,0.0,0.0,0.0,0.0,0.0,0.0,0.0,0.0,0.0,0.0,0.0,0.0,0.0,0.0,0.0,0.0,0.0,8.0,2.0,1.0
1846,15.503063600000011,0,8.3195,1.7131,1.5389,1.6406,0.148,0.0036,0.0034,0.0003,0.0367,0.0465,0.0026,0.0008,0.01,0.0001,0.0014,0.0019,0.0001,0.0001,0.0085,0.0016,0.0005,0.0,0.0016,0.0846,0.0142,0.0,0.0052,0.0,95.0,0.0,32.0,63.0,24.0,0.0,0.0,0.0,0.0,0.0,0.0,0.0,0.0,0.0,0.0,0.0,0.0,0.0,0.0,0.0,0.0,0.0,0.0,8.0,2.0,1.0
1847,15.511383100000012,0,8.3084,1.8384,1.4628,1.4515,0.1504,0.0046,0.0042,0.0006,0.0293,0.0412,0.0018,0.0007,0.0097,0.0001,0.0018,0.0014,0.0001,0.0001,0.0095,0.0011,0.0004,0.0001,0.0021,0.0794,0.0171,0.0,0.0049,0.0,95.0,0.0,32.0,63.0,24.0,0.0,0.0,0.0,0.0,0.0,0.0,0.0,0.0,0.0,0.0,0.0,0.0,0.0,0.0,0.0,0.0,0.0,0.0,8.0,2.0,1.0
1848,15.519691500000013,0,8.5351,1.7658,1.5666,1.4723,0.1717,0.0031,0.004,0.0002,0.0382,0.0487,0.0025,0.0009,0.0125,0.0001,0.0019,0.0016,0.0001,0.0006,0.0099,0.0015,0.0005,0.0,0.0018,0.0939,0.0175,0.0001,0.0042,0.0,95.0,0.0,32.0,63.0,24.0,0.0,0.0,0.0,0.0,0.0,0.0,0.0,0.0,0.0,0.0,0.0,0.0,0.0,0.0,0.0,0.0,0.0,0.0,8.0,2.0,1.0
1849,15.528226600000012,0,8.1024,1.7625,1.5653,1.5987,0.1469,0.0042,0.004,0.0002,0.0276,0.0387,0.0021,0.001,0.0083,0.0002,0.0016,0.002,0.0001,0.0002,0.0097,0.0013,0.0004,0.0,0.002,0.0786,0.0147,0.0,0.0039,0.0,95.0,0.0,32.0,63.0,24.0,0.0,0.0,0.0,0.0,0.0,0.0,0.0,0.0,0.0,0.0,0.0,0.0,0.0,0.0,0.0,0.0,0.0,0.0,8.0,2.0,1.0
1850,15.536329000000013,0,8.4062,1.6891,1.4812,1.4316,0.157,0.0027,0.0039,0.0002,0.0386,0.0477,0.0023,0.0009,0.0118,0.0006,0.0014,0.0022,0.0001,0.0001,0.0094,0.0015,0.0005,0.0001,0.0019,0.0906,0.015,0.0001,0.0052,0.0,95.0,0.0,32.0,63.0,24.0,0.0,0.0,0.0,0.0,0.0,0.0,0.0,0.0,0.0,0.0,0.0,0.0,0.0,0.0,0.0,0.0,0.0,0.0,8.0,2.0,1.0
1851,15.544735200000012,0,8.3128,1.748,1.5306,1.3494,0.1491,0.0041,0.0037,0.0002,0.0288,0.0393,0.0022,0.0007,0.0112,0.0001,0.0016,0.0022,0.0001,0.0002,0.0087,0.0012,0.0005,0.0001,0.0019,0.082,0.0144,0.0001,0.005,0.0,95.0,0.0,32.0,63.0,24.0,0.0,0.0,0.0,0.0,0.0,0.0,0.0,0.0,0.0,0.0,0.0,0.0,0.0,0.0,0.0,0.0,0.0,0.0,8.0,2.0,1.0
1852,15.553048000000013,0,8.3203,1.7179,1.4605,1.4803,0.1551,0.0033,0.0038,0.0002,0.0377,0.0472,0.0028,0.0009,0.0121,0.0002,0.0021,0.0015,0.0002,0.0006,0.0089,0.0013,0.0004,0.0,0.0019,0.0895,0.0152,0.0001,0.0043,0.0,95.0,0.0,32.0,63.0,24.0,0.0,0.0,0.0,0.0,0.0,0.0,0.0,0.0,0.0,0.0,0.0,0.0,0.0,0.0,0.0,0.0,0.0,0.0,8.0,2.0,1.0
1853,15.561368300000012,0,8.3239,1.7438,1.4254,1.4971,0.15,0.0036,0.0039,0.0001,0.0294,0.04,0.0021,0.0009,0.0115,0.0001,0.0014,0.0015,0.0,0.0002,0.0091,0.0018,0.0005,0.0001,0.002,0.0817,0.0159,0.0,0.0037,0.0,95.0,0.0,32.0,63.0,24.0,0.0,0.0,0.0,0.0,0.0,0.0,0.0,0.0,0.0,0.0,0.0,0.0,0.0,0.0,0.0,0.0,0.0,0.0,8.0,2.0,1.0
1854,15.569692200000013,0,8.3436,1.706,1.4659,1.5516,0.1577,0.0051,0.0032,0.0002,0.0388,0.0498,0.003,0.0015,0.0115,0.0001,0.0021,0.0014,0.0001,0.0006,0.009,0.0013,0.0005,0.0,0.0019,0.091,0.015,0.0001,0.0042,0.0,95.0,0.0,32.0,63.0,24.0,0.0,0.0,0.0,0.0,0.0,0.0,0.0,0.0,0.0,0.0,0.0,0.0,0.0,0.0,0.0,0.0,0.0,0.0,8.0,2.0,1.0
1855,15.578035800000013,0,8.3489,1.8039,1.4919,1.6692,0.1349,0.003,0.0035,0.0001,0.0245,0.0335,0.0021,0.0008,0.0077,0.0002,0.0018,0.0016,0.0001,0.0001,0.0093,0.001,0.0004,0.0,0.002,0.0694,0.0129,0.0001,0.005,0.0,95.0,0.0,32.0,63.0,24.0,0.0,0.0,0.0,0.0,0.0,0.0,0.0,0.0,0.0,0.0,0.0,0.0,0.0,0.0,0.0,0.0,0.0,0.0,8.0,2.0,1.0
1856,15.586384700000012,0,8.4542,1.7305,1.5988,1.7624,0.1624,0.003,0.004,0.0001,0.0426,0.0518,0.0023,0.0013,0.0109,0.0002,0.0018,0.0017,0.0001,0.0005,0.0083,0.0013,0.0005,0.0001,0.0019,0.0918,0.0162,0.0,0.0058,0.0,95.0,0.0,32.0,63.0,24.0,0.0,0.0,0.0,0.0,0.0,0.0,0.0,0.0,0.0,0.0,0.0,0.0,0.0,0.0,0.0,0.0,0.0,0.0,8.0,2.0,1.0
1857,15.594838900000012,0,8.27,1.715,1.6108,1.4096,0.2014,0.0034,0.0034,0.0003,0.0295,0.039,0.0027,0.0015,0.0138,0.0005,0.0019,0.0019,0.0001,0.0003,0.0101,0.0013,0.0006,0.0001,0.0019,0.1277,0.0216,0.0,0.0046,0.0,95.0,0.0,32.0,63.0,24.0,0.0,0.0,0.0,0.0,0.0,0.0,0.0,0.0,0.0,0.0,0.0,0.0,0.0,0.0,0.0,0.0,0.0,0.0,8.0,2.0,1.0
1858,15.603108900000011,0,8.1992,1.6469,1.4145,1.6606,0.155,0.0028,0.0033,0.0002,0.04,0.0485,0.0025,0.0008,0.0121,0.0002,0.0019,0.0017,0.0001,0.0002,0.0084,0.0012,0.0004,0.0002,0.0021,0.0909,0.0151,0.0,0.0041,0.0,95.0,0.0,32.0,63.0,24.0,0.0,0.0,0.0,0.0,0.0,0.0,0.0,0.0,0.0,0.0,0.0,0.0,0.0,0.0,0.0,0.0,0.0,0.0,8.0,2.0,1.0
1859,15.611308100000011,0,8.4927,1.623,1.5048,1.4124,0.1499,0.0029,0.0041,0.0002,0.0292,0.0387,0.0021,0.0009,0.0081,0.0002,0.0022,0.0015,0.0001,0.0001,0.0084,0.0013,0.0004,0.0001,0.002,0.0772,0.0183,0.0001,0.0048,0.0,95.0,0.0,32.0,63.0,24.0,0.0,0.0,0.0,0.0,0.0,0.0,0.0,0.0,0.0,0.0,0.0,0.0,0.0,0.0,0.0,0.0,0.0,0.0,8.0,2.0,1.0
1860,15.61980080000001,0,8.1932,1.7082,1.4953,1.6022,0.1533,0.004,0.004,0.0002,0.037,0.0481,0.0022,0.0008,0.0105,0.0002,0.0018,0.0017,0.0001,0.0001,0.0086,0.0013,0.0005,0.0001,0.0018,0.0881,0.0149,0.0001,0.0042,0.0,95.0,0.0,32.0,63.0,24.0,0.0,0.0,0.0,0.0,0.0,0.0,0.0,0.0,0.0,0.0,0.0,0.0,0.0,0.0,0.0,0.0,0.0,0.0,8.0,2.0,1.0
1861,15.62799400000001,0,8.3563,1.6473,1.417,1.4824,0.1374,0.0041,0.0035,0.0002,0.0256,0.0361,0.002,0.0007,0.0109,0.0001,0.002,0.0016,0.0002,0.0001,0.0084,0.0011,0.0005,0.0,0.0016,0.0751,0.0138,0.0,0.0039,0.0,95.0,0.0,32.0,63.0,24.0,0.0,0.0,0.0,0.0,0.0,0.0,0.0,0.0,0.0,0.0,0.0,0.0,0.0,0.0,0.0,0.0,0.0,0.0,8.0,2.0,1.0
1862,15.63635030000001,0,8.3633,1.6499,1.4761,1.3426,0.169,0.0031,0.0038,0.0002,0.0426,0.0522,0.0025,0.0008,0.0138,0.0001,0.0021,0.0017,0.0001,0.0001,0.0091,0.0013,0.0005,0.0,0.002,0.0974,0.0153,0.0001,0.0046,0.0,95.0,0.0,32.0,63.0,24.0,0.0,0.0,0.0,0.0,0.0,0.0,0.0,0.0,0.0,0.0,0.0,0.0,0.0,0.0,0.0,0.0,0.0,0.0,8.0,2.0,1.0
1863,15.64471360000001,0,8.4995,1.755,1.6249,1.7494,0.1718,0.0038,0.0037,0.0003,0.0351,0.0456,0.0032,0.0011,0.0157,0.0001,0.0016,0.0022,0.0001,0.0001,0.0105,0.0016,0.0005,0.0002,0.0021,0.0952,0.0181,0.0,0.0044,0.0,95.0,0.0,32.0,63.0,24.0,0.0,0.0,0.0,0.0,0.0,0.0,0.0,0.0,0.0,0.0,0.0,0.0,0.0,0.0,0.0,0.0,0.0,0.0,8.0,2.0,1.0
1864,15.65321310000001,0,8.2248,2.0049,1.5845,1.5278,0.1526,0.0037,0.0039,0.0001,0.0369,0.0469,0.002,0.0009,0.0097,0.0005,0.0016,0.0015,0.0003,0.0001,0.0089,0.0011,0.0009,0.0001,0.0018,0.0854,0.0147,0.0,0.0038,0.0,95.0,0.0,32.0,63.0,24.0,0.0,0.0,0.0,0.0,0.0,0.0,0.0,0.0,0.0,0.0,0.0,0.0,0.0,0.0,0.0,0.0,0.0,0.0,8.0,2.0,1.0
1865,15.66143790000001,0,8.3497,1.7954,1.5427,1.4339,0.1407,0.0038,0.0036,0.0001,0.0265,0.0362,0.002,0.0011,0.0098,0.0006,0.0016,0.002,0.0,0.0001,0.0089,0.0015,0.0004,0.0,0.0017,0.0749,0.0147,0.0,0.0037,0.0,95.0,0.0,32.0,63.0,24.0,0.0,0.0,0.0,0.0,0.0,0.0,0.0,0.0,0.0,0.0,0.0,0.0,0.0,0.0,0.0,0.0,0.0,0.0,8.0,2.0,1.0
1866,15.66978760000001,0,8.2229,1.7866,1.5045,1.4503,0.1537,0.0033,0.0033,0.0002,0.0342,0.0436,0.0023,0.0009,0.0121,0.0001,0.0015,0.002,0.0001,0.0001,0.0084,0.0018,0.0005,0.0001,0.0019,0.0859,0.016,0.0001,0.004,0.0,95.0,0.0,32.0,63.0,24.0,0.0,0.0,0.0,0.0,0.0,0.0,0.0,0.0,0.0,0.0,0.0,0.0,0.0,0.0,0.0,0.0,0.0,0.0,8.0,2.0,1.0
1867,15.67801050000001,0,8.3864,1.6993,1.484,1.5725,0.1547,0.0052,0.0044,0.0003,0.031,0.0433,0.0025,0.0007,0.0119,0.0002,0.0016,0.0022,0.0001,0.0001,0.0089,0.0011,0.0005,0.0,0.002,0.0861,0.0133,0.0,0.0037,0.0,95.0,0.0,32.0,63.0,24.0,0.0,0.0,0.0,0.0,0.0,0.0,0.0,0.0,0.0,0.0,0.0,0.0,0.0,0.0,0.0,0.0,0.0,0.0,8.0,2.0,1.0
1868,15.686396900000009,0,8.35,1.7673,1.4684,1.4866,0.1561,0.005,0.0046,0.0002,0.0346,0.0469,0.0022,0.0015,0.0128,0.0001,0.0017,0.0021,0.0001,0.0001,0.0087,0.0012,0.0005,0.0001,0.0019,0.0899,0.0136,0.0,0.0048,0.0,95.0,0.0,32.0,63.0,24.0,0.0,0.0,0.0,0.0,0.0,0.0,0.0,0.0,0.0,0.0,0.0,0.0,0.0,0.0,0.0,0.0,0.0,0.0,8.0,2.0,1.0
1869,15.694746900000009,0,8.3948,1.7115,1.5689,1.4451,0.1636,0.0039,0.0046,0.0003,0.0302,0.0418,0.0026,0.001,0.0133,0.0001,0.0021,0.0018,0.0001,0.0001,0.0096,0.0013,0.0011,0.0001,0.002,0.0881,0.0166,0.0001,0.0048,0.0,95.0,0.0,32.0,63.0,24.0,0.0,0.0,0.0,0.0,0.0,0.0,0.0,0.0,0.0,0.0,0.0,0.0,0.0,0.0,0.0,0.0,0.0,0.0,8.0,2.0,1.0
1870,15.703141700000009,0,8.2119,1.6445,1.5163,1.377,0.1433,0.0026,0.0039,0.0002,0.0345,0.0432,0.0021,0.0007,0.0116,0.0002,0.0017,0.0014,0.0001,0.0006,0.0085,0.0011,0.0005,0.0,0.0016,0.0823,0.0136,0.0001,0.0029,0.0,95.0,0.0,32.0,63.0,24.0,0.0,0.0,0.0,0.0,0.0,0.0,0.0,0.0,0.0,0.0,0.0,0.0,0.0,0.0,0.0,0.0,0.0,0.0,8.0,2.0,1.0
1871,15.711353600000008,0,8.3592,1.6519,1.4936,1.4291,0.154,0.0028,0.0037,0.0002,0.0329,0.0421,0.0024,0.0011,0.0127,0.0002,0.0017,0.0015,0.0004,0.0001,0.0088,0.0013,0.0005,0.0,0.0019,0.0852,0.0162,0.0,0.0046,0.0,95.0,0.0,32.0,63.0,24.0,0.0,0.0,0.0,0.0,0.0,0.0,0.0,0.0,0.0,0.0,0.0,0.0,0.0,0.0,0.0,0.0,0.0,0.0,8.0,2.0,1.0
1872,15.719712800000007,0,8.2799,1.721,1.4233,1.6449,0.1534,0.0031,0.0031,0.0003,0.0352,0.0441,0.0029,0.0009,0.0128,0.0001,0.002,0.0017,0.0001,0.0,0.0093,0.0012,0.0005,0.0006,0.002,0.0877,0.0163,0.0,0.0042,0.0,95.0,0.0,32.0,63.0,24.0,0.0,0.0,0.0,0.0,0.0,0.0,0.0,0.0,0.0,0.0,0.0,0.0,0.0,0.0,0.0,0.0,0.0,0.0,8.0,2.0,1.0
1873,15.727992700000007,0,8.2606,1.6468,1.3667,1.3654,0.1402,0.0038,0.0034,0.0001,0.0279,0.0381,0.0025,0.0013,0.0096,0.0002,0.0016,0.0021,0.0001,0.0002,0.0092,0.0013,0.0005,0.0001,0.0021,0.0788,0.0138,0.0,0.0034,0.0,95.0,0.0,32.0,63.0,24.0,0.0,0.0,0.0,0.0,0.0,0.0,0.0,0.0,0.0,0.0,0.0,0.0,0.0,0.0,0.0,0.0,0.0,0.0,8.0,2.0,1.0
1874,15.736253300000007,0,8.4497,1.5583,1.4054,1.4265,0.1404,0.0033,0.0036,0.0002,0.0333,0.043,0.002,0.0007,0.0103,0.0001,0.0016,0.0016,0.0,0.0001,0.0085,0.0011,0.0005,0.0005,0.0016,0.0807,0.0124,0.0,0.0041,0.0,95.0,0.0,32.0,63.0,24.0,0.0,0.0,0.0,0.0,0.0,0.0,0.0,0.0,0.0,0.0,0.0,0.0,0.0,0.0,0.0,0.0,0.0,0.0,8.0,2.0,1.0
1875,15.744703000000007,0,8.4003,1.7359,1.4644,1.6731,0.1304,0.0025,0.0033,0.0002,0.0256,0.034,0.0018,0.001,0.0073,0.0002,0.0014,0.0022,0.0001,0.0001,0.0083,0.0014,0.0004,0.0001,0.0017,0.0699,0.0129,0.0,0.0035,0.0,95.0,0.0,32.0,63.0,24.0,0.0,0.0,0.0,0.0,0.0,0.0,0.0,0.0,0.0,0.0,0.0,0.0,0.0,0.0,0.0,0.0,0.0,0.0,8.0,2.0,1.0
1876,15.753103300000006,0,8.2509,1.6834,1.5773,1.6962,0.1593,0.003,0.0031,0.0002,0.0364,0.0449,0.0026,0.0007,0.0128,0.0001,0.0016,0.0023,0.0001,0.0001,0.0095,0.0013,0.0005,0.0001,0.002,0.0928,0.0158,0.0001,0.0045,0.0,95.0,0.0,32.0,63.0,24.0,0.0,0.0,0.0,0.0,0.0,0.0,0.0,0.0,0.0,0.0,0.0,0.0,0.0,0.0,0.0,0.0,0.0,0.0,8.0,2.0,1.0
1877,15.761354200000007,0,8.3427,1.6632,1.4354,1.3496,0.1565,0.0036,0.0041,0.0002,0.0305,0.0414,0.0024,0.0007,0.013,0.0005,0.0015,0.002,0.0001,0.0001,0.0089,0.0018,0.0006,0.0002,0.0024,0.0857,0.0167,0.0001,0.0034,0.0,95.0,0.0,32.0,63.0,24.0,0.0,0.0,0.0,0.0,0.0,0.0,0.0,0.0,0.0,0.0,0.0,0.0,0.0,0.0,0.0,0.0,0.0,0.0,8.0,2.0,1.0
1878,15.769696900000007,0,8.3392,1.6485,1.4544,1.3898,0.1427,0.0035,0.004,0.0002,0.033,0.0431,0.0019,0.0009,0.0088,0.0001,0.0019,0.0015,0.0001,0.0001,0.0078,0.0011,0.0005,0.0001,0.0018,0.0785,0.0137,0.0,0.0041,0.0,95.0,0.0,32.0,63.0,24.0,0.0,0.0,0.0,0.0,0.0,0.0,0.0,0.0,0.0,0.0,0.0,0.0,0.0,0.0,0.0,0.0,0.0,0.0,8.0,2.0,1.0
1879,15.778036100000007,0,8.3337,1.8095,1.4825,1.493,0.1438,0.0033,0.0034,0.0002,0.0292,0.0384,0.0023,0.0012,0.0097,0.0002,0.0018,0.002,0.0001,0.0002,0.0086,0.0018,0.0004,0.0001,0.0024,0.0797,0.0136,0.0,0.0044,0.0,95.0,0.0,32.0,63.0,24.0,0.0,0.0,0.0,0.0,0.0,0.0,0.0,0.0,0.0,0.0,0.0,0.0,0.0,0.0,0.0,0.0,0.0,0.0,8.0,2.0,1.0
1880,15.786369800000006,0,8.3474,1.6683,1.4589,1.5127,0.157,0.0031,0.005,0.0003,0.0359,0.0464,0.0021,0.0008,0.0111,0.0001,0.0017,0.0016,0.0002,0.0001,0.0089,0.0013,0.0009,0.0001,0.0019,0.0877,0.0152,0.0,0.0034,0.0,95.0,0.0,32.0,63.0,24.0,0.0,0.0,0.0,0.0,0.0,0.0,0.0,0.0,0.0,0.0,0.0,0.0,0.0,0.0,0.0,0.0,0.0,0.0,8.0,2.0,1.0
1881,15.794717200000006,0,8.2595,1.5615,1.4502,1.5534,0.1443,0.0024,0.004,0.0002,0.0288,0.0377,0.0022,0.0008,0.0112,0.0001,0.0017,0.0022,0.0001,0.0001,0.0085,0.0012,0.0005,0.0001,0.002,0.0803,0.0148,0.0,0.0035,0.0,95.0,0.0,32.0,63.0,24.0,0.0,0.0,0.0,0.0,0.0,0.0,0.0,0.0,0.0,0.0,0.0,0.0,0.0,0.0,0.0,0.0,0.0,0.0,8.0,2.0,1.0
1882,15.802976700000006,0,8.3164,1.6335,1.4037,1.4316,0.1375,0.0025,0.0033,0.0002,0.034,0.0426,0.0021,0.0007,0.0108,0.0001,0.002,0.0015,0.0001,0.0001,0.008,0.0011,0.0005,0.0001,0.0023,0.0799,0.0111,0.0,0.0041,0.0,95.0,0.0,32.0,63.0,24.0,0.0,0.0,0.0,0.0,0.0,0.0,0.0,0.0,0.0,0.0,0.0,0.0,0.0,0.0,0.0,0.0,0.0,0.0,8.0,2.0,1.0
1883,15.811293100000006,0,8.3827,1.7212,1.4116,1.3939,0.1454,0.0026,0.0039,0.0003,0.0282,0.0372,0.0022,0.0009,0.0089,0.0001,0.0016,0.0022,0.0001,0.0001,0.0091,0.0013,0.0005,0.0001,0.0019,0.0789,0.0169,0.0,0.0044,0.0,95.0,0.0,32.0,63.0,24.0,0.0,0.0,0.0,0.0,0.0,0.0,0.0,0.0,0.0,0.0,0.0,0.0,0.0,0.0,0.0,0.0,0.0,0.0,8.0,2.0,1.0
1884,15.819675800000006,0,8.3127,1.7273,1.4419,1.3992,0.1421,0.0025,0.0036,0.0002,0.0363,0.0447,0.0022,0.0007,0.0086,0.0001,0.0019,0.0014,0.0001,0.0001,0.0087,0.0011,0.0005,0.0001,0.0017,0.0808,0.0157,0.0001,0.0039,0.0,95.0,0.0,32.0,63.0,24.0,0.0,0.0,0.0,0.0,0.0,0.0,0.0,0.0,0.0,0.0,0.0,0.0,0.0,0.0,0.0,0.0,0.0,0.0,8.0,2.0,1.0
1885,15.827988500000005,0,8.4513,1.606,1.5203,1.3977,0.1487,0.0041,0.0042,0.0002,0.0256,0.0369,0.0023,0.0008,0.0099,0.0002,0.0021,0.0022,0.0001,0.0001,0.0087,0.0011,0.0006,0.0001,0.0016,0.0767,0.0191,0.0,0.0036,0.0,95.0,0.0,32.0,63.0,24.0,0.0,0.0,0.0,0.0,0.0,0.0,0.0,0.0,0.0,0.0,0.0,0.0,0.0,0.0,0.0,0.0,0.0,0.0,8.0,2.0,1.0
1886,15.836439800000006,0,8.3002,1.7315,1.5153,1.5479,0.1659,0.0029,0.0043,0.0002,0.0377,0.0473,0.003,0.0008,0.0128,0.0001,0.0016,0.0022,0.0001,0.0001,0.0087,0.0018,0.0005,0.0001,0.0019,0.0916,0.0189,0.0,0.0037,0.0,95.0,0.0,32.0,63.0,24.0,0.0,0.0,0.0,0.0,0.0,0.0,0.0,0.0,0.0,0.0,0.0,0.0,0.0,0.0,0.0,0.0,0.0,0.0,8.0,2.0,1.0
1887,15.844740000000007,0,8.409,1.8182,1.5407,1.4863,0.1488,0.0026,0.004,0.0002,0.0295,0.0397,0.0025,0.001,0.0086,0.0002,0.002,0.0019,0.0001,0.0001,0.0086,0.0012,0.0004,0.0001,0.0019,0.0795,0.0139,0.0,0.0038,0.0,95.0,0.0,32.0,63.0,24.0,0.0,0.0,0.0,0.0,0.0,0.0,0.0,0.0,0.0,0.0,0.0,0.0,0.0,0.0,0.0,0.0,0.0,0.0,8.0,2.0,1.0
1888,15.853149000000007,0,8.3521,1.9125,1.6392,1.4239,0.1786,0.0044,0.0043,0.0007,0.0443,0.0563,0.0026,0.001,0.0125,0.0001,0.0015,0.0023,0.0001,0.0001,0.0092,0.0012,0.0005,0.0001,0.002,0.1005,0.0188,0.0,0.0043,0.0,95.0,0.0,32.0,63.0,24.0,0.0,0.0,0.0,0.0,0.0,0.0,0.0,0.0,0.0,0.0,0.0,0.0,0.0,0.0,0.0,0.0,0.0,0.0,8.0,2.0,1.0
1889,15.861501100000007,0,8.0891,1.7777,1.4323,1.7677,0.1469,0.0029,0.0037,0.0001,0.028,0.0371,0.0021,0.0008,0.0105,0.0004,0.0016,0.0015,0.0002,0.0001,0.0087,0.0012,0.0005,0.0002,0.0021,0.0777,0.0185,0.0001,0.0039,0.0,95.0,0.0,32.0,63.0,24.0,0.0,0.0,0.0,0.0,0.0,0.0,0.0,0.0,0.0,0.0,0.0,0.0,0.0,0.0,0.0,0.0,0.0,0.0,8.0,2.0,1.0
1890,15.869590200000006,0,8.4267,1.6921,1.4047,1.3879,0.1528,0.0037,0.0039,0.0002,0.0392,0.0497,0.0022,0.0008,0.011,0.0001,0.0016,0.0016,0.0001,0.0001,0.0088,0.0013,0.0009,0.0001,0.0018,0.0908,0.0142,0.0001,0.0034,0.0,95.0,0.0,32.0,63.0,24.0,0.0,0.0,0.0,0.0,0.0,0.0,0.0,0.0,0.0,0.0,0.0,0.0,0.0,0.0,0.0,0.0,0.0,0.0,8.0,2.0,1.0
1891,15.878016900000006,0,8.3437,1.6652,1.4346,1.3788,0.1396,0.0041,0.0039,0.0002,0.0254,0.0362,0.0021,0.0008,0.0104,0.0002,0.0014,0.0017,0.0004,0.0001,0.0084,0.0011,0.0009,0.0001,0.0017,0.0746,0.015,0.0001,0.0051,0.0,95.0,0.0,32.0,63.0,24.0,0.0,0.0,0.0,0.0,0.0,0.0,0.0,0.0,0.0,0.0,0.0,0.0,0.0,0.0,0.0,0.0,0.0,0.0,8.0,2.0,1.0
1892,15.886360600000005,0,8.4504,1.6234,1.5985,1.5748,0.1585,0.0042,0.0042,0.0002,0.0392,0.0503,0.0023,0.0007,0.0098,0.0002,0.0022,0.0016,0.0001,0.0001,0.0091,0.0017,0.0005,0.0,0.0019,0.092,0.0142,0.0001,0.0044,0.0,95.0,0.0,32.0,63.0,24.0,0.0,0.0,0.0,0.0,0.0,0.0,0.0,0.0,0.0,0.0,0.0,0.0,0.0,0.0,0.0,0.0,0.0,0.0,8.0,2.0,1.0
1893,15.894811000000004,0,8.3286,1.7766,1.5509,1.6976,0.1572,0.0027,0.0039,0.0002,0.03,0.0392,0.0026,0.0015,0.0133,0.0002,0.0017,0.0024,0.0001,0.0001,0.0096,0.0013,0.0005,0.0002,0.0026,0.085,0.0163,0.0,0.0094,0.0,95.0,0.0,32.0,63.0,26.0,0.0,0.0,0.0,0.0,0.0,0.0,0.0,0.0,0.0,0.0,0.0,0.0,0.0,0.0,0.0,0.0,0.0,0.0,8.0,2.0,1.0
1894,15.903139600000005,0,8.1907,1.7124,1.4543,1.6175,0.1495,0.0041,0.0057,0.0002,0.0308,0.0431,0.0021,0.0008,0.0103,0.0002,0.0019,0.0015,0.0001,0.0002,0.0094,0.0012,0.0005,0.0,0.0023,0.0832,0.014,0.0,0.0043,0.0,95.0,0.0,32.0,63.0,26.0,0.0,0.0,0.0,0.0,0.0,0.0,0.0,0.0,0.0,0.0,0.0,0.0,0.0,0.0,0.0,0.0,0.0,0.0,8.0,2.0,1.0
1895,15.911330300000005,0,8.4621,1.7888,1.5104,1.5778,0.1605,0.003,0.0043,0.0008,0.0314,0.042,0.003,0.0008,0.0132,0.0002,0.0016,0.0021,0.0001,0.0001,0.0093,0.0013,0.0005,0.0001,0.0021,0.0868,0.0163,0.0,0.0037,0.0,95.0,0.0,32.0,63.0,26.0,0.0,0.0,0.0,0.0,0.0,0.0,0.0,0.0,0.0,0.0,0.0,0.0,0.0,0.0,0.0,0.0,0.0,0.0,8.0,2.0,1.0
1896,15.919792400000004,0,8.2737,1.6889,1.5259,1.6572,0.1577,0.0037,0.0034,0.0003,0.0367,0.0465,0.0024,0.0009,0.012,0.0001,0.0015,0.0016,0.0005,0.0001,0.009,0.0018,0.0005,0.0002,0.0021,0.0896,0.0162,0.0001,0.005,0.0,95.0,0.0,32.0,63.0,26.0,0.0,0.0,0.0,0.0,0.0,0.0,0.0,0.0,0.0,0.0,0.0,0.0,0.0,0.0,0.0,0.0,0.0,0.0,8.0,2.0,1.0
1897,15.928066100000004,0,8.2208,1.6641,1.4354,1.7123,0.1459,0.0039,0.0038,0.0002,0.0282,0.0391,0.0024,0.001,0.0114,0.0004,0.0015,0.0019,0.0001,0.0001,0.0087,0.0016,0.0005,0.0001,0.0019,0.0809,0.0157,0.0,0.0036,0.0,95.0,0.0,32.0,63.0,26.0,0.0,0.0,0.0,0.0,0.0,0.0,0.0,0.0,0.0,0.0,0.0,0.0,0.0,0.0,0.0,0.0,0.0,0.0,8.0,2.0,1.0
1898,15.936286900000004,0,8.3868,1.6781,1.4125,1.3935,0.1542,0.0033,0.0034,0.0002,0.0363,0.0455,0.0028,0.0008,0.0124,0.0002,0.0019,0.0016,0.0001,0.0001,0.0086,0.0012,0.0005,0.0,0.002,0.0883,0.0157,0.0,0.0054,0.0,95.0,0.0,32.0,63.0,26.0,0.0,0.0,0.0,0.0,0.0,0.0,0.0,0.0,0.0,0.0,0.0,0.0,0.0,0.0,0.0,0.0,0.0,0.0,8.0,2.0,1.0
1899,15.944673700000005,0,8.3612,1.7187,1.4226,1.3688,0.1467,0.0032,0.0039,0.0002,0.0281,0.0379,0.0023,0.0008,0.0102,0.0006,0.0017,0.002,0.0,0.0001,0.0089,0.0013,0.0005,0.0001,0.0025,0.0789,0.0145,0.0,0.0039,0.0,95.0,0.0,32.0,63.0,26.0,0.0,0.0,0.0,0.0,0.0,0.0,0.0,0.0,0.0,0.0,0.0,0.0,0.0,0.0,0.0,0.0,0.0,0.0,8.0,2.0,1.0
1900,15.953034900000004,0,8.3006,1.8345,1.454,1.3461,0.1445,0.0026,0.0032,0.0003,0.0382,0.0467,0.002,0.0008,0.0109,0.0002,0.002,0.0015,0.0001,0.0005,0.0084,0.0012,0.0004,0.0001,0.0017,0.0859,0.0119,0.0,0.0051,0.0,95.0,0.0,32.0,63.0,26.0,0.0,0.0,0.0,0.0,0.0,0.0,0.0,0.0,0.0,0.0,0.0,0.0,0.0,0.0,0.0,0.0,0.0,0.0,8.0,2.0,1.0
1901,15.961335500000004,0,8.2932,1.7265,1.4292,1.3685,0.1523,0.0049,0.004,0.0002,0.0288,0.0404,0.0023,0.0008,0.011,0.0003,0.0016,0.0016,0.0001,0.0001,0.0085,0.0012,0.0008,0.0002,0.0019,0.0814,0.0188,0.0,0.0036,0.0,95.0,0.0,32.0,63.0,26.0,0.0,0.0,0.0,0.0,0.0,0.0,0.0,0.0,0.0,0.0,0.0,0.0,0.0,0.0,0.0,0.0,0.0,0.0,8.0,2.0,1.0
1902,15.969628700000005,0,8.5148,1.715,1.4226,1.3422,0.1467,0.0038,0.0038,0.0003,0.0358,0.0466,0.0019,0.0012,0.0101,0.0001,0.002,0.0016,0.0002,0.0001,0.0079,0.001,0.0004,0.0001,0.0018,0.0835,0.0133,0.0,0.0052,0.0,95.0,0.0,32.0,63.0,26.0,0.0,0.0,0.0,0.0,0.0,0.0,0.0,0.0,0.0,0.0,0.0,0.0,0.0,0.0,0.0,0.0,0.0,0.0,8.0,2.0,1.0
1903,15.978143500000005,0,8.2348,1.7005,1.569,1.6609,0.1522,0.0041,0.0039,0.0005,0.0277,0.0387,0.0028,0.0009,0.0119,0.0001,0.0017,0.0019,0.0001,0.0002,0.009,0.0012,0.0011,0.0001,0.0022,0.0821,0.0151,0.0,0.0045,0.0,95.0,0.0,32.0,63.0,26.0,0.0,0.0,0.0,0.0,0.0,0.0,0.0,0.0,0.0,0.0,0.0,0.0,0.0,0.0,0.0,0.0,0.0,0.0,8.0,2.0,1.0
1904,15.986378300000005,0,8.5534,1.7732,1.5898,1.5726,0.1733,0.0036,0.0048,0.0007,0.0391,0.0507,0.0024,0.0008,0.0125,0.0004,0.0016,0.0018,0.0001,0.0001,0.0094,0.0013,0.0005,0.0001,0.0025,0.0942,0.0176,0.0,0.0052,0.0,95.0,0.0,32.0,63.0,26.0,0.0,0.0,0.0,0.0,0.0,0.0,0.0,0.0,0.0,0.0,0.0,0.0,0.0,0.0,0.0,0.0,0.0,0.0,8.0,2.0,1.0
1905,15.994931700000006,0,8.2787,1.8751,1.6791,1.5938,0.1604,0.0043,0.0037,0.0003,0.0315,0.0427,0.002,0.0018,0.0114,0.0005,0.0015,0.0021,0.0001,0.0001,0.0089,0.0014,0.0004,0.0001,0.0019,0.0838,0.0182,0.0001,0.0049,0.0,95.0,0.0,32.0,63.0,26.0,0.0,0.0,0.0,0.0,0.0,0.0,0.0,0.0,0.0,0.0,0.0,0.0,0.0,0.0,0.0,0.0,0.0,0.0,8.0,2.0,1.0
1906,16.003210400000007,0,8.1097,1.8323,1.5382,1.4852,0.1564,0.0039,0.0037,0.0003,0.0371,0.0473,0.0028,0.0007,0.0123,0.0001,0.0016,0.0016,0.0001,0.0001,0.0091,0.0019,0.0005,0.0001,0.0018,0.0907,0.0163,0.0001,0.0042,0.0,95.0,0.0,32.0,63.0,26.0,0.0,0.0,0.0,0.0,0.0,0.0,0.0,0.0,0.0,0.0,0.0,0.0,0.0,0.0,0.0,0.0,0.0,0.0,8.0,2.0,1.0
1907,16.011320100000006,0,8.4245,1.9386,1.4328,1.3988,0.1578,0.0031,0.0045,0.0003,0.0374,0.048,0.0021,0.0007,0.01,0.0001,0.0016,0.0024,0.0001,0.0001,0.0088,0.0011,0.0005,0.0001,0.0018,0.0869,0.0188,0.0,0.0039,0.0,95.0,0.0,32.0,63.0,26.0,0.0,0.0,0.0,0.0,0.0,0.0,0.0,0.0,0.0,0.0,0.0,0.0,0.0,0.0,0.0,0.0,0.0,0.0,8.0,2.0,1.0
1908,16.019744600000006,0,8.4509,1.8165,1.5955,1.5983,0.1763,0.0047,0.0046,0.0003,0.0432,0.0555,0.0026,0.0011,0.0118,0.0001,0.0017,0.002,0.0002,0.0002,0.0094,0.0013,0.0005,0.0001,0.0021,0.1004,0.0177,0.0,0.0045,0.0,95.0,0.0,32.0,63.0,26.0,0.0,0.0,0.0,0.0,0.0,0.0,0.0,0.0,0.0,0.0,0.0,0.0,0.0,0.0,0.0,0.0,0.0,0.0,8.0,2.0,1.0
1909,16.028195500000006,0,8.2918,1.7772,1.5472,1.7286,0.1612,0.0029,0.0042,0.0003,0.0308,0.0405,0.0024,0.0008,0.0133,0.0002,0.002,0.0017,0.0001,0.0001,0.0089,0.0012,0.0005,0.0001,0.0022,0.0851,0.0212,0.0,0.0047,0.0,95.0,0.0,32.0,63.0,26.0,0.0,0.0,0.0,0.0,0.0,0.0,0.0,0.0,0.0,0.0,0.0,0.0,0.0,0.0,0.0,0.0,0.0,0.0,8.0,2.0,1.0
1910,16.036487300000005,0,8.2165,1.7302,1.6384,1.4541,0.1598,0.0031,0.0049,0.0001,0.0362,0.0469,0.0023,0.0012,0.0126,0.0001,0.0016,0.0022,0.0001,0.0001,0.0089,0.0012,0.0004,0.0001,0.002,0.0899,0.0159,0.0,0.0048,0.0,95.0,0.0,32.0,63.0,26.0,0.0,0.0,0.0,0.0,0.0,0.0,0.0,0.0,0.0,0.0,0.0,0.0,0.0,0.0,0.0,0.0,0.0,0.0,8.0,2.0,1.0
1911,16.044703800000004,0,8.4963,1.7377,1.4829,1.5026,0.1474,0.0029,0.0042,0.0001,0.0291,0.0396,0.0025,0.0009,0.012,0.0001,0.0022,0.0016,0.0001,0.0001,0.0093,0.0011,0.0005,0.0001,0.0019,0.0819,0.0135,0.0,0.0045,0.0,95.0,0.0,32.0,63.0,26.0,0.0,0.0,0.0,0.0,0.0,0.0,0.0,0.0,0.0,0.0,0.0,0.0,0.0,0.0,0.0,0.0,0.0,0.0,8.0,2.0,1.0
1912,16.053200100000005,0,8.2999,1.8381,1.5833,1.8085,0.1533,0.003,0.0037,0.0002,0.039,0.0482,0.002,0.001,0.0109,0.0001,0.0013,0.0016,0.0001,0.0001,0.0085,0.0011,0.0004,0.0001,0.0018,0.0883,0.014,0.0001,0.0051,0.0,95.0,0.0,32.0,63.0,26.0,0.0,0.0,0.0,0.0,0.0,0.0,0.0,0.0,0.0,0.0,0.0,0.0,0.0,0.0,0.0,0.0,0.0,0.0,8.0,2.0,1.0
1913,16.061500000000006,0,8.348,1.7192,1.6063,1.4143,0.1461,0.0029,0.0043,0.0002,0.029,0.0388,0.002,0.0007,0.0078,0.0001,0.0015,0.0022,0.0001,0.0001,0.0093,0.0012,0.0005,0.0001,0.0019,0.0763,0.0169,0.0001,0.0051,0.0,95.0,0.0,32.0,63.0,26.0,0.0,0.0,0.0,0.0,0.0,0.0,0.0,0.0,0.0,0.0,0.0,0.0,0.0,0.0,0.0,0.0,0.0,0.0,8.0,2.0,1.0
1914,16.069848000000007,0,8.2341,1.905,1.5825,1.408,0.1712,0.0036,0.004,0.0002,0.0415,0.0528,0.0024,0.0007,0.0112,0.0002,0.0021,0.0016,0.0001,0.0001,0.0084,0.0013,0.0005,0.0001,0.0019,0.0956,0.0195,0.0,0.0042,0.0,95.0,0.0,32.0,63.0,26.0,0.0,0.0,0.0,0.0,0.0,0.0,0.0,0.0,0.0,0.0,0.0,0.0,0.0,0.0,0.0,0.0,0.0,0.0,8.0,2.0,1.0
1915,16.078082100000007,0,8.3823,1.8516,1.5461,1.4754,0.1626,0.0033,0.0044,0.0002,0.031,0.042,0.0026,0.0011,0.0102,0.0002,0.0022,0.0019,0.0001,0.0002,0.0097,0.0024,0.0005,0.0001,0.0025,0.0875,0.0184,0.0,0.0056,0.0,95.0,0.0,32.0,63.0,26.0,0.0,0.0,0.0,0.0,0.0,0.0,0.0,0.0,0.0,0.0,0.0,0.0,0.0,0.0,0.0,0.0,0.0,0.0,8.0,2.0,1.0
1916,16.086464400000008,0,8.4729,1.8597,1.649,1.6166,0.164,0.0031,0.0039,0.0002,0.0373,0.0471,0.0022,0.0008,0.0118,0.0001,0.002,0.0017,0.0001,0.0001,0.0094,0.0018,0.0005,0.0001,0.0019,0.0917,0.0163,0.0001,0.0058,0.0,95.0,0.0,32.0,63.0,26.0,0.0,0.0,0.0,0.0,0.0,0.0,0.0,0.0,0.0,0.0,0.0,0.0,0.0,0.0,0.0,0.0,0.0,0.0,8.0,2.0,1.0
1917,16.09493730000001,0,8.2123,1.8896,1.6099,1.8515,0.1603,0.0034,0.0033,0.0002,0.0311,0.0406,0.0026,0.0013,0.0129,0.0002,0.0021,0.002,0.0002,0.0003,0.0094,0.0012,0.0005,0.0002,0.002,0.0862,0.0168,0.0001,0.0042,0.0,95.0,0.0,32.0,63.0,26.0,0.0,0.0,0.0,0.0,0.0,0.0,0.0,0.0,0.0,0.0,0.0,0.0,0.0,0.0,0.0,0.0,0.0,0.0,8.0,2.0,1.0
1918,16.10314960000001,0,8.4121,1.8127,1.6033,1.8342,0.1766,0.0035,0.0043,0.0002,0.05,0.0605,0.0026,0.0009,0.0115,0.0007,0.0018,0.002,0.0001,0.0001,0.0093,0.0012,0.0006,0.0001,0.0021,0.1044,0.016,0.0,0.004,0.0,95.0,0.0,32.0,63.0,26.0,0.0,0.0,0.0,0.0,0.0,0.0,0.0,0.0,0.0,0.0,0.0,0.0,0.0,0.0,0.0,0.0,0.0,0.0,8.0,2.0,1.0
1919,16.11156170000001,0,8.3131,2.298,1.6826,1.7376,0.1581,0.0034,0.0041,0.0002,0.0327,0.0431,0.0021,0.001,0.0111,0.0002,0.0017,0.0021,0.0002,0.0002,0.0088,0.0011,0.0005,0.0001,0.002,0.0843,0.0158,0.0,0.0062,0.0,95.0,0.0,32.0,63.0,26.0,0.0,0.0,0.0,0.0,0.0,0.0,0.0,0.0,0.0,0.0,0.0,0.0,0.0,0.0,0.0,0.0,0.0,0.0,8.0,2.0,1.0
1920,16.11987480000001,0,8.2188,1.9397,1.6035,1.5549,0.2132,0.003,0.0043,0.0002,0.0435,0.0537,0.0024,0.0011,0.0523,0.0002,0.0019,0.0018,0.0001,0.0001,0.0097,0.0019,0.0005,0.0001,0.0021,0.1393,0.0162,0.0,0.0044,0.0,95.0,0.0,32.0,63.0,26.0,0.0,0.0,0.0,0.0,0.0,0.0,0.0,0.0,0.0,0.0,0.0,0.0,0.0,0.0,0.0,0.0,0.0,0.0,8.0,2.0,1.0
1921,16.12809360000001,0,8.3221,1.7706,1.4,1.5226,0.1396,0.004,0.0037,0.0002,0.0277,0.038,0.0018,0.0009,0.0072,0.0001,0.0016,0.0022,0.0,0.0001,0.009,0.001,0.0005,0.0001,0.0017,0.0754,0.0126,0.0001,0.0049,0.0,95.0,0.0,32.0,63.0,26.0,0.0,0.0,0.0,0.0,0.0,0.0,0.0,0.0,0.0,0.0,0.0,0.0,0.0,0.0,0.0,0.0,0.0,0.0,8.0,2.0,1.0
1922,16.13641570000001,0,8.3105,1.6823,1.5118,1.3462,0.1627,0.0044,0.0049,0.0003,0.0368,0.0492,0.0021,0.0009,0.0105,0.0002,0.0015,0.0022,0.0001,0.0001,0.0089,0.0018,0.0005,0.0001,0.0025,0.092,0.016,0.0,0.0039,0.0,95.0,0.0,32.0,63.0,26.0,0.0,0.0,0.0,0.0,0.0,0.0,0.0,0.0,0.0,0.0,0.0,0.0,0.0,0.0,0.0,0.0,0.0,0.0,8.0,2.0,1.0
1923,16.14472620000001,0,8.3685,1.864,1.5154,1.3666,0.1581,0.0041,0.004,0.0002,0.0312,0.0423,0.0024,0.0009,0.013,0.0002,0.002,0.0018,0.0002,0.0001,0.0091,0.0013,0.0005,0.0001,0.0021,0.0877,0.0164,0.0001,0.0044,0.0,95.0,0.0,32.0,63.0,26.0,0.0,0.0,0.0,0.0,0.0,0.0,0.0,0.0,0.0,0.0,0.0,0.0,0.0,0.0,0.0,0.0,0.0,0.0,8.0,2.0,1.0
1924,16.15309470000001,0,8.3073,1.7174,1.5291,1.3651,0.1577,0.0026,0.0033,0.0002,0.042,0.05,0.0027,0.0008,0.0123,0.0001,0.0015,0.0016,0.0001,0.0001,0.0087,0.0012,0.0005,0.0,0.002,0.0933,0.0134,0.0,0.0041,0.0,95.0,0.0,32.0,63.0,26.0,0.0,0.0,0.0,0.0,0.0,0.0,0.0,0.0,0.0,0.0,0.0,0.0,0.0,0.0,0.0,0.0,0.0,0.0,8.0,2.0,1.0
1925,16.16140200000001,0,8.5248,1.7926,1.5743,1.376,0.1441,0.0033,0.0044,0.0002,0.0283,0.0389,0.002,0.0012,0.0087,0.0001,0.0014,0.0021,0.0,0.0001,0.0085,0.001,0.0005,0.0001,0.0015,0.0769,0.0137,0.0001,0.0044,0.0,95.0,0.0,32.0,63.0,24.0,0.0,0.0,0.0,0.0,0.0,0.0,0.0,0.0,0.0,0.0,0.0,0.0,0.0,0.0,0.0,0.0,0.0,0.0,8.0,2.0,1.0
1926,16.16992680000001,0,8.1059,1.8801,1.5721,1.3683,0.1629,0.0049,0.0035,0.0002,0.0447,0.0553,0.0023,0.0009,0.0112,0.0004,0.0016,0.0016,0.0002,0.0001,0.0089,0.0015,0.0004,0.0001,0.0019,0.0966,0.0154,0.0,0.0037,0.0,95.0,0.0,32.0,63.0,24.0,0.0,0.0,0.0,0.0,0.0,0.0,0.0,0.0,0.0,0.0,0.0,0.0,0.0,0.0,0.0,0.0,0.0,0.0,8.0,2.0,1.0
1927,16.17803270000001,0,8.3262,1.8925,1.458,1.6982,0.1462,0.0027,0.0033,0.0002,0.0281,0.0367,0.0022,0.0009,0.0126,0.0002,0.0016,0.0022,0.0001,0.0001,0.0084,0.0017,0.0005,0.0001,0.002,0.0801,0.0161,0.0,0.0047,0.0,95.0,0.0,32.0,63.0,24.0,0.0,0.0,0.0,0.0,0.0,0.0,0.0,0.0,0.0,0.0,0.0,0.0,0.0,0.0,0.0,0.0,0.0,0.0,8.0,2.0,1.0
1928,16.18635890000001,0,8.5215,1.774,1.5752,1.49,0.1585,0.0042,0.0038,0.0002,0.0404,0.0513,0.0022,0.0009,0.01,0.0002,0.0017,0.0017,0.0005,0.0001,0.0088,0.0021,0.0004,0.0001,0.0017,0.0933,0.0129,0.0,0.0047,0.0,95.0,0.0,32.0,63.0,22.0,0.0,0.0,0.0,0.0,0.0,0.0,0.0,0.0,0.0,0.0,0.0,0.0,0.0,0.0,0.0,0.0,0.0,0.0,8.0,2.0,1.0
1929,16.19488040000001,0,8.1631,1.9093,1.4983,1.4843,0.1475,0.0033,0.0033,0.0001,0.0283,0.0372,0.0025,0.0009,0.0128,0.0002,0.0017,0.002,0.0001,0.0001,0.0102,0.0013,0.0005,0.0001,0.0019,0.0826,0.0155,0.0,0.0028,0.0,95.0,0.0,32.0,63.0,22.0,0.0,0.0,0.0,0.0,0.0,0.0,0.0,0.0,0.0,0.0,0.0,0.0,0.0,0.0,0.0,0.0,0.0,0.0,8.0,2.0,1.0
1930,16.20304350000001,0,8.3881,1.7816,1.5402,1.4281,0.1588,0.0041,0.0035,0.0002,0.0374,0.0481,0.0026,0.0013,0.0115,0.0001,0.0016,0.0019,0.0001,0.0001,0.009,0.0013,0.0004,0.0001,0.002,0.0903,0.0164,0.0,0.0034,0.0,95.0,0.0,32.0,63.0,22.0,0.0,0.0,0.0,0.0,0.0,0.0,0.0,0.0,0.0,0.0,0.0,0.0,0.0,0.0,0.0,0.0,0.0,0.0,8.0,2.0,1.0
1931,16.21143160000001,0,8.2945,1.7492,1.4638,1.5231,0.1555,0.0027,0.0041,0.0003,0.0306,0.0401,0.003,0.0014,0.0128,0.0002,0.0016,0.0019,0.0001,0.0001,0.009,0.0017,0.0005,0.0001,0.0024,0.0844,0.0181,0.0001,0.0035,0.0,95.0,0.0,32.0,63.0,22.0,0.0,0.0,0.0,0.0,0.0,0.0,0.0,0.0,0.0,0.0,0.0,0.0,0.0,0.0,0.0,0.0,0.0,0.0,8.0,2.0,1.0
1932,16.219726100000013,0,8.3042,1.7652,1.4927,1.5445,0.1449,0.0031,0.003,0.0003,0.0356,0.0445,0.0026,0.0008,0.012,0.0001,0.0016,0.0015,0.0001,0.0001,0.0091,0.0012,0.0004,0.0,0.0016,0.0862,0.0137,0.0001,0.0035,0.0,95.0,0.0,32.0,63.0,22.0,0.0,0.0,0.0,0.0,0.0,0.0,0.0,0.0,0.0,0.0,0.0,0.0,0.0,0.0,0.0,0.0,0.0,0.0,8.0,2.0,1.0
1933,16.228030300000015,0,8.2944,1.6878,1.3741,1.4462,0.1277,0.0027,0.0039,0.0002,0.0255,0.0342,0.0023,0.0007,0.0082,0.0002,0.0018,0.0015,0.0001,0.0001,0.0079,0.0012,0.0005,0.0,0.0016,0.0688,0.0127,0.0,0.0035,0.0,95.0,0.0,32.0,63.0,22.0,0.0,0.0,0.0,0.0,0.0,0.0,0.0,0.0,0.0,0.0,0.0,0.0,0.0,0.0,0.0,0.0,0.0,0.0,8.0,2.0,1.0
1934,16.236324700000015,0,8.5277,1.7174,1.5381,1.4883,0.1587,0.005,0.0043,0.0003,0.039,0.0513,0.0022,0.0006,0.0111,0.0001,0.0015,0.0017,0.0006,0.0001,0.0084,0.0013,0.0004,0.0001,0.0019,0.0924,0.0139,0.0,0.0043,0.0,95.0,0.0,32.0,63.0,22.0,0.0,0.0,0.0,0.0,0.0,0.0,0.0,0.0,0.0,0.0,0.0,0.0,0.0,0.0,0.0,0.0,0.0,0.0,8.0,2.0,1.0
1935,16.244852400000013,0,8.2376,1.709,1.5127,1.8324,0.1395,0.0032,0.004,0.0002,0.0264,0.036,0.0019,0.001,0.0105,0.0001,0.0019,0.0016,0.0001,0.0001,0.0087,0.0011,0.0004,0.0001,0.002,0.0753,0.0154,0.0,0.003,0.0,95.0,0.0,32.0,63.0,22.0,0.0,0.0,0.0,0.0,0.0,0.0,0.0,0.0,0.0,0.0,0.0,0.0,0.0,0.0,0.0,0.0,0.0,0.0,8.0,2.0,1.0
1936,16.253090000000014,0,8.2467,2.1016,1.4927,1.7704,0.1499,0.0042,0.0037,0.0002,0.0347,0.0457,0.0026,0.0007,0.0111,0.0002,0.0014,0.0021,0.0001,0.0001,0.0087,0.0012,0.0006,0.0001,0.0018,0.0863,0.0138,0.0001,0.0045,0.0,95.0,0.0,32.0,63.0,22.0,0.0,0.0,0.0,0.0,0.0,0.0,0.0,0.0,0.0,0.0,0.0,0.0,0.0,0.0,0.0,0.0,0.0,0.0,8.0,2.0,1.0
1937,16.261336700000015,0,8.538,1.806,1.5943,1.383,0.145,0.0043,0.0039,0.0003,0.0302,0.041,0.0021,0.0008,0.0116,0.0002,0.0016,0.0017,0.0005,0.0001,0.008,0.0012,0.001,0.0001,0.0016,0.0814,0.0141,0.0,0.0039,0.0,95.0,0.0,32.0,63.0,22.0,0.0,0.0,0.0,0.0,0.0,0.0,0.0,0.0,0.0,0.0,0.0,0.0,0.0,0.0,0.0,0.0,0.0,0.0,8.0,2.0,1.0
1938,16.269874700000017,0,8.199,1.7227,1.5619,1.4031,0.1456,0.0028,0.0037,0.0002,0.0382,0.0469,0.002,0.0006,0.0103,0.0001,0.0014,0.0021,0.0001,0.0001,0.0082,0.0011,0.0004,0.0001,0.0015,0.0844,0.0125,0.0,0.0042,0.0,95.0,0.0,32.0,63.0,22.0,0.0,0.0,0.0,0.0,0.0,0.0,0.0,0.0,0.0,0.0,0.0,0.0,0.0,0.0,0.0,0.0,0.0,0.0,8.0,2.0,1.0
1939,16.278073700000018,0,8.2697,1.7747,1.4528,1.5468,0.149,0.0044,0.0043,0.0002,0.0276,0.0395,0.0025,0.0008,0.011,0.0001,0.0015,0.0023,0.0001,0.0001,0.0094,0.0013,0.0005,0.0001,0.0019,0.0814,0.0136,0.0,0.0033,0.0,95.0,0.0,32.0,63.0,22.0,0.0,0.0,0.0,0.0,0.0,0.0,0.0,0.0,0.0,0.0,0.0,0.0,0.0,0.0,0.0,0.0,0.0,0.0,8.0,2.0,1.0
1940,16.286343400000018,0,8.3292,1.9349,1.3952,1.7175,0.1445,0.0028,0.0037,0.0002,0.0334,0.0423,0.0021,0.0008,0.0112,0.0001,0.0018,0.0016,0.0001,0.0001,0.0094,0.0013,0.0004,0.0001,0.0018,0.0824,0.0136,0.0,0.0036,0.0,95.0,0.0,32.0,63.0,22.0,0.0,0.0,0.0,0.0,0.0,0.0,0.0,0.0,0.0,0.0,0.0,0.0,0.0,0.0,0.0,0.0,0.0,0.0,8.0,2.0,1.0
1941,16.294672600000016,0,8.3916,1.7845,1.483,1.397,0.1496,0.0037,0.0039,0.0001,0.0304,0.0409,0.0022,0.0007,0.0093,0.0002,0.0017,0.0018,0.0002,0.0002,0.0095,0.0013,0.0006,0.0004,0.0018,0.0815,0.0144,0.0,0.0035,0.0,95.0,0.0,32.0,63.0,22.0,0.0,0.0,0.0,0.0,0.0,0.0,0.0,0.0,0.0,0.0,0.0,0.0,0.0,0.0,0.0,0.0,0.0,0.0,8.0,2.0,1.0
1942,16.303064200000016,0,8.2475,1.7429,1.4604,1.4814,0.1475,0.0026,0.0037,0.0002,0.0361,0.0447,0.0023,0.0009,0.0116,0.0001,0.0015,0.0021,0.0001,0.0001,0.0085,0.0018,0.0005,0.0001,0.0019,0.086,0.015,0.0,0.0036,0.0,95.0,0.0,32.0,63.0,22.0,0.0,0.0,0.0,0.0,0.0,0.0,0.0,0.0,0.0,0.0,0.0,0.0,0.0,0.0,0.0,0.0,0.0,0.0,8.0,2.0,1.0
1943,16.311311700000015,0,8.4393,1.7558,1.4469,1.4667,0.1509,0.0039,0.0041,0.0002,0.0277,0.0384,0.0027,0.001,0.0115,0.0001,0.002,0.0017,0.0001,0.0001,0.0087,0.0013,0.001,0.0001,0.002,0.0812,0.0164,0.0,0.003,0.0,95.0,0.0,32.0,63.0,22.0,0.0,0.0,0.0,0.0,0.0,0.0,0.0,0.0,0.0,0.0,0.0,0.0,0.0,0.0,0.0,0.0,0.0,0.0,8.0,2.0,1.0
1944,16.319751000000014,0,8.3617,2.0562,1.5661,1.4925,0.1577,0.004,0.0036,0.0002,0.0357,0.0463,0.0023,0.0013,0.0123,0.0001,0.0015,0.0018,0.0002,0.0001,0.0087,0.0014,0.0004,0.0,0.0023,0.0892,0.0161,0.0,0.0038,0.0,95.0,0.0,32.0,63.0,22.0,0.0,0.0,0.0,0.0,0.0,0.0,0.0,0.0,0.0,0.0,0.0,0.0,0.0,0.0,0.0,0.0,0.0,0.0,8.0,2.0,1.0
1945,16.328112700000013,0,8.2792,1.8284,1.4644,1.7186,0.1509,0.0045,0.0062,0.0002,0.0276,0.042,0.0022,0.0008,0.0115,0.0001,0.0018,0.0017,0.0,0.0002,0.0093,0.0012,0.0006,0.0,0.002,0.0841,0.0144,0.0,0.0036,0.0,95.0,0.0,32.0,63.0,22.0,0.0,0.0,0.0,0.0,0.0,0.0,0.0,0.0,0.0,0.0,0.0,0.0,0.0,0.0,0.0,0.0,0.0,0.0,8.0,2.0,1.0
1946,16.336391900000013,0,8.2728,1.8638,1.4584,1.3154,0.1527,0.0038,0.0041,0.0002,0.0352,0.0459,0.0022,0.0014,0.0124,0.0003,0.0014,0.0021,0.0001,0.0001,0.0087,0.0015,0.0005,0.0001,0.0018,0.0885,0.0157,0.0001,0.004,0.0,95.0,0.0,32.0,63.0,22.0,0.0,0.0,0.0,0.0,0.0,0.0,0.0,0.0,0.0,0.0,0.0,0.0,0.0,0.0,0.0,0.0,0.0,0.0,8.0,2.0,1.0
1947,16.344664700000013,0,8.3991,1.7841,1.4376,1.516,0.1442,0.0027,0.0035,0.0002,0.0302,0.0386,0.0023,0.0013,0.0131,0.0001,0.0015,0.0021,0.0001,0.0001,0.0085,0.0016,0.0005,0.0,0.0017,0.082,0.0139,0.0001,0.0032,0.0,95.0,0.0,32.0,63.0,22.0,0.0,0.0,0.0,0.0,0.0,0.0,0.0,0.0,0.0,0.0,0.0,0.0,0.0,0.0,0.0,0.0,0.0,0.0,8.0,2.0,1.0
1948,16.35306380000001,0,8.4153,1.7391,1.5677,1.4971,0.1558,0.0029,0.0033,0.0002,0.0369,0.0461,0.0024,0.0008,0.0116,0.0001,0.0015,0.0021,0.0001,0.0001,0.0092,0.0012,0.0005,0.0,0.002,0.0889,0.0155,0.0,0.0037,0.0,95.0,0.0,32.0,63.0,24.0,0.0,0.0,0.0,0.0,0.0,0.0,0.0,0.0,0.0,0.0,0.0,0.0,0.0,0.0,0.0,0.0,0.0,0.0,8.0,2.0,1.0
1949,16.36147910000001,0,8.2729,1.8691,1.533,1.6869,0.1544,0.0029,0.0036,0.0002,0.0304,0.0394,0.0033,0.0015,0.0136,0.0001,0.0016,0.0021,0.0001,0.0002,0.0088,0.0013,0.0004,0.0001,0.002,0.0845,0.0172,0.0,0.0038,0.0,95.0,0.0,32.0,63.0,24.0,0.0,0.0,0.0,0.0,0.0,0.0,0.0,0.0,0.0,0.0,0.0,0.0,0.0,0.0,0.0,0.0,0.0,0.0,8.0,2.0,1.0
1950,16.369752000000013,0,8.4073,1.7612,1.6081,1.4349,0.1565,0.003,0.0037,0.0001,0.038,0.0475,0.0023,0.0009,0.0123,0.0001,0.0014,0.0021,0.0001,0.0001,0.0095,0.0012,0.0005,0.0001,0.0019,0.0902,0.0154,0.0,0.0037,0.0,95.0,0.0,32.0,63.0,24.0,0.0,0.0,0.0,0.0,0.0,0.0,0.0,0.0,0.0,0.0,0.0,0.0,0.0,0.0,0.0,0.0,0.0,0.0,8.0,2.0,1.0
1951,16.37815930000001,0,8.1728,1.8899,1.472,1.5128,0.1384,0.0027,0.0032,0.0002,0.0272,0.0356,0.0022,0.0007,0.0095,0.0001,0.0016,0.0019,0.0001,0.0002,0.0089,0.0016,0.0004,0.0001,0.0018,0.0745,0.0154,0.0,0.0042,0.0,95.0,0.0,32.0,63.0,24.0,0.0,0.0,0.0,0.0,0.0,0.0,0.0,0.0,0.0,0.0,0.0,0.0,0.0,0.0,0.0,0.0,0.0,0.0,8.0,2.0,1.0
1952,16.38633210000001,0,8.456,1.8599,1.4849,1.517,0.1617,0.0047,0.0039,0.0004,0.0351,0.0473,0.0023,0.001,0.011,0.0002,0.0021,0.0017,0.0002,0.0002,0.0096,0.0012,0.0005,0.0001,0.0021,0.0902,0.0171,0.0001,0.0042,0.0,95.0,0.0,32.0,63.0,24.0,0.0,0.0,0.0,0.0,0.0,0.0,0.0,0.0,0.0,0.0,0.0,0.0,0.0,0.0,0.0,0.0,0.0,0.0,8.0,2.0,1.0
1953,16.39478810000001,0,8.2869,1.7509,1.4992,1.3536,0.1475,0.0031,0.0037,0.0002,0.0325,0.0424,0.0023,0.0007,0.0111,0.0001,0.0017,0.0022,0.0001,0.0002,0.0089,0.0011,0.0005,0.0001,0.0019,0.0846,0.0153,0.0,0.0042,0.0,95.0,0.0,32.0,63.0,24.0,0.0,0.0,0.0,0.0,0.0,0.0,0.0,0.0,0.0,0.0,0.0,0.0,0.0,0.0,0.0,0.0,0.0,0.0,8.0,2.0,1.0
1954,16.403075000000012,0,8.3598,1.7354,1.572,1.4578,0.1571,0.0045,0.0036,0.0002,0.0363,0.047,0.0027,0.0009,0.0125,0.0002,0.0015,0.0023,0.0001,0.0001,0.0094,0.0012,0.0005,0.0,0.002,0.0915,0.0147,0.0,0.0043,0.0,95.0,0.0,32.0,63.0,24.0,0.0,0.0,0.0,0.0,0.0,0.0,0.0,0.0,0.0,0.0,0.0,0.0,0.0,0.0,0.0,0.0,0.0,0.0,8.0,2.0,1.0
1955,16.411434800000013,0,8.257,1.8771,1.4839,1.6348,0.158,0.0045,0.0039,0.0003,0.0311,0.0424,0.0024,0.0009,0.0125,0.0001,0.0015,0.0022,0.0002,0.0001,0.0099,0.0012,0.0004,0.0001,0.0019,0.0859,0.0169,0.0,0.004,0.0,95.0,0.0,32.0,63.0,24.0,0.0,0.0,0.0,0.0,0.0,0.0,0.0,0.0,0.0,0.0,0.0,0.0,0.0,0.0,0.0,0.0,0.0,0.0,8.0,2.0,1.0
1956,16.419691800000013,0,8.6514,1.8594,1.6592,1.7477,0.1673,0.0032,0.0037,0.0003,0.0432,0.0533,0.0024,0.0009,0.0108,0.0002,0.0022,0.0022,0.0002,0.0002,0.0097,0.0012,0.0007,0.0001,0.0019,0.096,0.0164,0.0001,0.0042,0.0,95.0,0.0,32.0,63.0,24.0,0.0,0.0,0.0,0.0,0.0,0.0,0.0,0.0,0.0,0.0,0.0,0.0,0.0,0.0,0.0,0.0,0.0,0.0,8.0,2.0,1.0
1957,16.428343200000015,0,8.2395,1.9212,1.7482,1.6923,0.1652,0.0041,0.0041,0.0002,0.0304,0.0413,0.0025,0.0011,0.0117,0.0001,0.0024,0.0018,0.0001,0.0002,0.0096,0.0017,0.0005,0.0001,0.0026,0.0863,0.0185,0.0,0.0048,0.0,95.0,0.0,32.0,63.0,24.0,0.0,0.0,0.0,0.0,0.0,0.0,0.0,0.0,0.0,0.0,0.0,0.0,0.0,0.0,0.0,0.0,0.0,0.0,8.0,2.0,1.0
1958,16.436582700000013,0,8.1756,1.8009,1.5179,1.7497,0.1618,0.0036,0.004,0.0003,0.0365,0.0473,0.0023,0.0009,0.0128,0.0001,0.0021,0.0017,0.0002,0.0002,0.0099,0.0013,0.001,0.0001,0.002,0.0931,0.0163,0.0,0.0041,0.0,95.0,0.0,32.0,63.0,24.0,0.0,0.0,0.0,0.0,0.0,0.0,0.0,0.0,0.0,0.0,0.0,0.0,0.0,0.0,0.0,0.0,0.0,0.0,8.0,2.0,1.0
1959,16.444758300000014,0,8.298,1.9502,1.4631,1.4245,0.1352,0.0026,0.0033,0.0002,0.0275,0.0365,0.0018,0.0008,0.0076,0.0001,0.0015,0.0018,0.0001,0.0001,0.0088,0.001,0.0004,0.0,0.0021,0.0724,0.0141,0.0,0.0034,0.0,95.0,0.0,32.0,63.0,24.0,0.0,0.0,0.0,0.0,0.0,0.0,0.0,0.0,0.0,0.0,0.0,0.0,0.0,0.0,0.0,0.0,0.0,0.0,8.0,2.0,1.0
1960,16.453056300000014,0,8.3326,1.7789,1.5288,1.425,0.162,0.005,0.0058,0.0004,0.0334,0.0478,0.0024,0.0007,0.0116,0.0001,0.002,0.0017,0.0006,0.0001,0.0088,0.0012,0.0007,0.0001,0.002,0.0912,0.0137,0.0,0.0041,0.0,95.0,0.0,32.0,63.0,24.0,0.0,0.0,0.0,0.0,0.0,0.0,0.0,0.0,0.0,0.0,0.0,0.0,0.0,0.0,0.0,0.0,0.0,0.0,8.0,2.0,1.0
1961,16.461388900000014,0,8.2954,1.8294,1.4627,1.4717,0.1459,0.004,0.0042,0.0002,0.028,0.0392,0.0021,0.0008,0.01,0.0001,0.002,0.0016,0.0,0.0004,0.009,0.0012,0.0004,0.0001,0.0019,0.0782,0.0158,0.0,0.0038,0.0,95.0,0.0,32.0,63.0,24.0,0.0,0.0,0.0,0.0,0.0,0.0,0.0,0.0,0.0,0.0,0.0,0.0,0.0,0.0,0.0,0.0,0.0,0.0,8.0,2.0,1.0
1962,16.469684300000015,0,8.3596,1.7086,1.4171,1.3643,0.1508,0.0033,0.0039,0.0002,0.0354,0.045,0.0021,0.001,0.0122,0.0001,0.0015,0.0016,0.0001,0.0001,0.0092,0.0012,0.0004,0.0001,0.0018,0.0869,0.0145,0.0001,0.0042,0.0,95.0,0.0,32.0,63.0,24.0,0.0,0.0,0.0,0.0,0.0,0.0,0.0,0.0,0.0,0.0,0.0,0.0,0.0,0.0,0.0,0.0,0.0,0.0,8.0,2.0,1.0
1963,16.478043900000014,0,8.4941,1.73,1.6076,1.4399,0.1568,0.0037,0.0043,0.0002,0.0345,0.0456,0.003,0.0009,0.0123,0.0001,0.0018,0.0018,0.0001,0.0003,0.0086,0.0012,0.0005,0.0001,0.0017,0.0868,0.0131,0.0,0.0049,0.0,95.0,0.0,32.0,63.0,24.0,0.0,0.0,0.0,0.0,0.0,0.0,0.0,0.0,0.0,0.0,0.0,0.0,0.0,0.0,0.0,0.0,0.0,0.0,8.0,2.0,1.0
1964,16.486538000000014,0,8.2354,1.7565,1.5099,1.4506,0.1638,0.0047,0.0041,0.0002,0.0392,0.051,0.0021,0.0007,0.0097,0.0003,0.0014,0.0015,0.0003,0.0001,0.0092,0.0018,0.0005,0.0001,0.0018,0.0915,0.018,0.0001,0.0053,0.0,95.0,0.0,32.0,63.0,24.0,0.0,0.0,0.0,0.0,0.0,0.0,0.0,0.0,0.0,0.0,0.0,0.0,0.0,0.0,0.0,0.0,0.0,0.0,8.0,2.0,1.0
1965,16.494773400000014,0,8.3154,1.7234,1.5109,1.4201,0.1374,0.0027,0.0037,0.0002,0.0295,0.0383,0.0018,0.0008,0.0073,0.0001,0.0015,0.0019,0.0002,0.0001,0.0089,0.0012,0.0004,0.0001,0.0016,0.0734,0.0132,0.0,0.004,0.0,95.0,0.0,32.0,63.0,24.0,0.0,0.0,0.0,0.0,0.0,0.0,0.0,0.0,0.0,0.0,0.0,0.0,0.0,0.0,0.0,0.0,0.0,0.0,8.0,2.0,1.0
1966,16.503088800000015,0,8.2553,1.7828,1.5098,1.7337,0.1558,0.0034,0.0038,0.0002,0.0359,0.0462,0.0023,0.0008,0.0125,0.0001,0.0016,0.0019,0.0001,0.0001,0.0087,0.0013,0.0005,0.0,0.0019,0.0894,0.0158,0.0,0.0038,0.0,95.0,0.0,32.0,63.0,24.0,0.0,0.0,0.0,0.0,0.0,0.0,0.0,0.0,0.0,0.0,0.0,0.0,0.0,0.0,0.0,0.0,0.0,0.0,8.0,2.0,1.0
1967,16.511344100000013,0,8.3425,1.86,1.4266,1.4733,0.1458,0.0035,0.0034,0.0002,0.0273,0.0367,0.0022,0.0009,0.0122,0.0001,0.0016,0.0023,0.0001,0.0001,0.009,0.0018,0.0005,0.0,0.0017,0.0798,0.015,0.0001,0.004,0.0,95.0,0.0,32.0,63.0,24.0,0.0,0.0,0.0,0.0,0.0,0.0,0.0,0.0,0.0,0.0,0.0,0.0,0.0,0.0,0.0,0.0,0.0,0.0,8.0,2.0,1.0
1968,16.519686600000014,0,8.5202,1.7728,1.4947,1.6102,0.1576,0.0027,0.0038,0.0002,0.0377,0.0467,0.0028,0.0009,0.0127,0.0004,0.0014,0.0022,0.0001,0.0002,0.0088,0.0017,0.0005,0.0001,0.0026,0.0906,0.0173,0.0001,0.0036,0.0,95.0,0.0,32.0,63.0,24.0,0.0,0.0,0.0,0.0,0.0,0.0,0.0,0.0,0.0,0.0,0.0,0.0,0.0,0.0,0.0,0.0,0.0,0.0,8.0,2.0,1.0
1969,16.528206800000014,0,8.2174,1.7644,1.622,1.5148,0.1536,0.0032,0.0039,0.0002,0.03,0.0405,0.0024,0.001,0.0127,0.0002,0.002,0.0017,0.0001,0.0002,0.0092,0.0012,0.0006,0.0001,0.0019,0.0851,0.0147,0.0,0.0033,0.0,95.0,0.0,32.0,63.0,24.0,0.0,0.0,0.0,0.0,0.0,0.0,0.0,0.0,0.0,0.0,0.0,0.0,0.0,0.0,0.0,0.0,0.0,0.0,8.0,2.0,1.0
1970,16.536424200000013,0,8.3819,1.8575,1.5644,1.4467,0.1527,0.0028,0.004,0.0002,0.0391,0.0484,0.0021,0.0007,0.0109,0.0002,0.0015,0.0016,0.0001,0.0001,0.0085,0.0014,0.0004,0.0,0.0018,0.0894,0.0138,0.0,0.0048,0.0,95.0,0.0,32.0,63.0,24.0,0.0,0.0,0.0,0.0,0.0,0.0,0.0,0.0,0.0,0.0,0.0,0.0,0.0,0.0,0.0,0.0,0.0,0.0,8.0,2.0,1.0
1971,16.544806100000013,0,8.301,1.7924,1.5206,1.6589,0.1544,0.0028,0.0039,0.0003,0.0307,0.0399,0.0026,0.0008,0.0132,0.0001,0.0017,0.0021,0.0001,0.0001,0.0096,0.0013,0.0005,0.0002,0.0021,0.0849,0.0153,0.0,0.0037,0.0,95.0,0.0,32.0,63.0,24.0,0.0,0.0,0.0,0.0,0.0,0.0,0.0,0.0,0.0,0.0,0.0,0.0,0.0,0.0,0.0,0.0,0.0,0.0,8.0,2.0,1.0
1972,16.553107100000013,0,8.2528,1.8323,1.5041,1.4491,0.1558,0.004,0.0035,0.0003,0.0375,0.0475,0.0024,0.0008,0.012,0.0001,0.0015,0.0017,0.0001,0.0001,0.0088,0.0012,0.0011,0.0,0.0019,0.0906,0.0162,0.0001,0.0043,0.0,95.0,0.0,32.0,63.0,24.0,0.0,0.0,0.0,0.0,0.0,0.0,0.0,0.0,0.0,0.0,0.0,0.0,0.0,0.0,0.0,0.0,0.0,0.0,8.0,2.0,1.0
1973,16.561359900000014,0,8.561,1.7814,1.578,1.4443,0.1706,0.0053,0.0048,0.0003,0.0326,0.0456,0.0026,0.0009,0.0128,0.0001,0.0017,0.0018,0.0003,0.0001,0.009,0.0017,0.0004,0.0001,0.0026,0.0915,0.0179,0.0001,0.0044,0.0,95.0,0.0,32.0,63.0,24.0,0.0,0.0,0.0,0.0,0.0,0.0,0.0,0.0,0.0,0.0,0.0,0.0,0.0,0.0,0.0,0.0,0.0,0.0,8.0,2.0,1.0
1974,16.569920900000014,0,8.3884,2.013,1.7079,1.4731,0.1918,0.0031,0.0044,0.0002,0.0464,0.0564,0.0032,0.0013,0.0149,0.0002,0.0019,0.0025,0.0001,0.0002,0.0124,0.0015,0.0008,0.0002,0.0022,0.1111,0.0201,0.0,0.0045,0.0,95.0,0.0,32.0,63.0,24.0,0.0,0.0,0.0,0.0,0.0,0.0,0.0,0.0,0.0,0.0,0.0,0.0,0.0,0.0,0.0,0.0,0.0,0.0,8.0,2.0,1.0
1975,16.578309300000015,0,8.2756,2.0408,1.7169,1.8496,0.172,0.0044,0.0043,0.0002,0.0294,0.0414,0.0024,0.0016,0.0126,0.0005,0.0017,0.0021,0.0002,0.0002,0.0106,0.0013,0.0006,0.0004,0.0022,0.0883,0.0192,0.0001,0.0041,0.0,95.0,0.0,32.0,63.0,24.0,0.0,0.0,0.0,0.0,0.0,0.0,0.0,0.0,0.0,0.0,0.0,0.0,0.0,0.0,0.0,0.0,0.0,0.0,8.0,2.0,1.0
1976,16.586584900000016,0,8.3973,1.9665,1.7471,1.573,0.1646,0.0045,0.0044,0.0002,0.0405,0.053,0.0025,0.0009,0.0106,0.0001,0.0017,0.0021,0.0001,0.0001,0.0089,0.0017,0.0005,0.0001,0.0022,0.0927,0.015,0.0001,0.0053,0.0,95.0,0.0,32.0,63.0,24.0,0.0,0.0,0.0,0.0,0.0,0.0,0.0,0.0,0.0,0.0,0.0,0.0,0.0,0.0,0.0,0.0,0.0,0.0,8.0,2.0,1.0
1977,16.594982200000015,0,8.1693,1.8463,1.6115,1.6818,0.1584,0.0044,0.0045,0.0003,0.0297,0.0421,0.0022,0.0011,0.0116,0.0001,0.0022,0.0016,0.0001,0.0001,0.0098,0.0017,0.0005,0.0001,0.0019,0.0857,0.0141,0.0,0.0047,0.0,95.0,0.0,32.0,63.0,24.0,0.0,0.0,0.0,0.0,0.0,0.0,0.0,0.0,0.0,0.0,0.0,0.0,0.0,0.0,0.0,0.0,0.0,0.0,8.0,2.0,1.0
1978,16.603151500000013,0,8.3196,1.878,1.5522,1.6184,0.16,0.0045,0.0046,0.0002,0.0374,0.049,0.0028,0.0008,0.0118,0.0001,0.002,0.0015,0.0001,0.0001,0.0097,0.0013,0.001,0.0,0.0017,0.0912,0.0145,0.0,0.004,0.0,95.0,0.0,32.0,63.0,24.0,0.0,0.0,0.0,0.0,0.0,0.0,0.0,0.0,0.0,0.0,0.0,0.0,0.0,0.0,0.0,0.0,0.0,0.0,8.0,2.0,1.0
1979,16.611471100000013,0,8.4407,1.8896,1.7027,1.8714,0.1649,0.0037,0.0035,0.0002,0.0307,0.0406,0.0025,0.0009,0.0137,0.0001,0.0021,0.0016,0.0001,0.0002,0.011,0.0015,0.0006,0.0001,0.002,0.0887,0.0204,0.0,0.0043,0.0,95.0,0.0,32.0,63.0,24.0,0.0,0.0,0.0,0.0,0.0,0.0,0.0,0.0,0.0,0.0,0.0,0.0,0.0,0.0,0.0,0.0,0.0,0.0,8.0,2.0,1.0
1980,16.619911800000015,0,8.3209,1.8663,1.5976,1.5932,0.1662,0.003,0.004,0.0002,0.0477,0.0575,0.0021,0.0008,0.0103,0.0003,0.0014,0.0015,0.0001,0.0002,0.0088,0.0012,0.0011,0.0,0.0016,0.0969,0.0162,0.0001,0.0036,0.0,95.0,0.0,32.0,63.0,24.0,0.0,0.0,0.0,0.0,0.0,0.0,0.0,0.0,0.0,0.0,0.0,0.0,0.0,0.0,0.0,0.0,0.0,0.0,8.0,2.0,1.0
1981,16.628232700000016,0,8.1978,1.9099,1.6097,1.7783,0.1492,0.0029,0.0038,0.0002,0.028,0.038,0.0022,0.0007,0.0112,0.0002,0.0014,0.0015,0.0001,0.0002,0.0091,0.0012,0.0005,0.0006,0.002,0.0793,0.0159,0.0001,0.0039,0.0,95.0,0.0,32.0,63.0,24.0,0.0,0.0,0.0,0.0,0.0,0.0,0.0,0.0,0.0,0.0,0.0,0.0,0.0,0.0,0.0,0.0,0.0,0.0,8.0,2.0,1.0
1982,16.636430500000017,0,8.3136,1.8613,1.5373,1.5256,0.167,0.0033,0.0038,0.0002,0.0387,0.0484,0.0024,0.0008,0.0108,0.0002,0.0015,0.0016,0.0001,0.0001,0.0088,0.0012,0.0005,0.0001,0.002,0.0906,0.0182,0.0001,0.0042,0.0,95.0,0.0,32.0,63.0,24.0,0.0,0.0,0.0,0.0,0.0,0.0,0.0,0.0,0.0,0.0,0.0,0.0,0.0,0.0,0.0,0.0,0.0,0.0,8.0,2.0,1.0
1983,16.64474410000002,0,8.2658,1.9362,1.4645,1.5719,0.1528,0.0035,0.0037,0.0004,0.0286,0.0386,0.0023,0.0008,0.0126,0.0002,0.0015,0.0019,0.0001,0.0001,0.0101,0.0013,0.0005,0.0001,0.0021,0.0832,0.017,0.0,0.0042,0.0,95.0,0.0,32.0,63.0,24.0,0.0,0.0,0.0,0.0,0.0,0.0,0.0,0.0,0.0,0.0,0.0,0.0,0.0,0.0,0.0,0.0,0.0,0.0,8.0,2.0,1.0
1984,16.65300990000002,0,8.5188,1.953,1.4551,1.7079,0.1692,0.0048,0.0042,0.0002,0.0443,0.0563,0.0027,0.0011,0.0122,0.0001,0.0017,0.0016,0.0001,0.0001,0.0092,0.0013,0.0005,0.0001,0.002,0.0985,0.0153,0.0,0.0043,0.0,95.0,0.0,32.0,63.0,24.0,0.0,0.0,0.0,0.0,0.0,0.0,0.0,0.0,0.0,0.0,0.0,0.0,0.0,0.0,0.0,0.0,0.0,0.0,8.0,2.0,1.0
1985,16.66152870000002,0,8.4447,1.8284,1.6707,1.5474,0.1614,0.003,0.004,0.0003,0.0315,0.0409,0.0021,0.0009,0.0112,0.0001,0.0016,0.0022,0.0001,0.0001,0.0092,0.0015,0.0005,0.0002,0.0023,0.0828,0.0148,0.0001,0.0041,0.0,95.0,0.0,32.0,63.0,24.0,0.0,0.0,0.0,0.0,0.0,0.0,0.0,0.0,0.0,0.0,0.0,0.0,0.0,0.0,0.0,0.0,0.0,0.0,8.0,2.0,1.0
1986,16.669973400000018,0,8.3187,1.9676,1.7684,1.8978,0.1759,0.0055,0.0053,0.0006,0.0399,0.0545,0.0022,0.0016,0.0125,0.0002,0.0014,0.0019,0.0001,0.0002,0.0092,0.0011,0.0005,0.0002,0.0022,0.0984,0.0148,0.0,0.0038,0.0,95.0,0.0,32.0,63.0,24.0,0.0,0.0,0.0,0.0,0.0,0.0,0.0,0.0,0.0,0.0,0.0,0.0,0.0,0.0,0.0,0.0,0.0,0.0,8.0,2.0,1.0
1987,16.678292100000018,0,8.2848,1.9552,1.7124,1.6492,0.1601,0.0037,0.0045,0.0002,0.032,0.0429,0.0023,0.0009,0.0128,0.0001,0.0019,0.0017,0.0001,0.0001,0.0097,0.0013,0.0005,0.0001,0.002,0.0876,0.0166,0.0,0.0042,0.0,95.0,0.0,32.0,63.0,24.0,0.0,0.0,0.0,0.0,0.0,0.0,0.0,0.0,0.0,0.0,0.0,0.0,0.0,0.0,0.0,0.0,0.0,0.0,8.0,2.0,1.0
1988,16.686576900000016,0,8.3715,1.8076,1.6721,1.8534,0.1781,0.0044,0.0042,0.0002,0.0413,0.0529,0.0024,0.0009,0.0112,0.0001,0.0017,0.0023,0.0001,0.0002,0.0108,0.0013,0.0006,0.0,0.0019,0.0989,0.0179,0.0,0.0044,0.0,95.0,0.0,32.0,63.0,24.0,0.0,0.0,0.0,0.0,0.0,0.0,0.0,0.0,0.0,0.0,0.0,0.0,0.0,0.0,0.0,0.0,0.0,0.0,8.0,2.0,1.0
1989,16.694948400000015,0,8.2368,1.7809,1.612,1.4671,0.1666,0.0037,0.0044,0.0002,0.0275,0.0388,0.0029,0.0009,0.0114,0.0002,0.0021,0.0018,0.0001,0.0001,0.0094,0.0012,0.0009,0.0001,0.002,0.0837,0.0161,0.0,0.0045,0.0,95.0,0.0,32.0,63.0,24.0,0.0,0.0,0.0,0.0,0.0,0.0,0.0,0.0,0.0,0.0,0.0,0.0,0.0,0.0,0.0,0.0,0.0,0.0,8.0,2.0,1.0
1990,16.703185200000014,0,8.3297,1.78,1.6162,1.5337,0.1625,0.0027,0.0034,0.0003,0.0392,0.0478,0.0023,0.001,0.0125,0.0001,0.0017,0.0021,0.0002,0.0001,0.0093,0.0013,0.0004,0.0002,0.0021,0.0911,0.0171,0.0,0.0041,0.0,95.0,0.0,32.0,63.0,24.0,0.0,0.0,0.0,0.0,0.0,0.0,0.0,0.0,0.0,0.0,0.0,0.0,0.0,0.0,0.0,0.0,0.0,0.0,8.0,2.0,1.0
1991,16.711514900000015,0,8.4058,1.7932,1.5888,1.5175,0.1582,0.0031,0.0039,0.0003,0.0282,0.0384,0.0024,0.0008,0.0126,0.0001,0.0018,0.0023,0.0001,0.0001,0.0096,0.0014,0.0005,0.0002,0.002,0.0848,0.0155,0.0,0.0035,0.0,95.0,0.0,32.0,63.0,24.0,0.0,0.0,0.0,0.0,0.0,0.0,0.0,0.0,0.0,0.0,0.0,0.0,0.0,0.0,0.0,0.0,0.0,0.0,8.0,2.0,1.0
1992,16.719920700000014,0,8.2818,1.9551,1.693,1.7035,0.1705,0.0031,0.0046,0.0003,0.0455,0.0559,0.0023,0.0011,0.0122,0.0002,0.0017,0.0023,0.0,0.0002,0.0093,0.0013,0.0005,0.0001,0.0017,0.0999,0.0162,0.0001,0.0034,0.0,95.0,0.0,32.0,63.0,24.0,0.0,0.0,0.0,0.0,0.0,0.0,0.0,0.0,0.0,0.0,0.0,0.0,0.0,0.0,0.0,0.0,0.0,0.0,8.0,2.0,1.0
1993,16.728202500000013,0,8.318,1.7767,1.6039,1.5026,0.1574,0.0045,0.0044,0.0003,0.0295,0.041,0.0026,0.0008,0.012,0.0001,0.0022,0.0018,0.0,0.0001,0.0096,0.0016,0.0005,0.0001,0.002,0.0847,0.0147,0.0,0.0047,0.0,95.0,0.0,32.0,63.0,24.0,0.0,0.0,0.0,0.0,0.0,0.0,0.0,0.0,0.0,0.0,0.0,0.0,0.0,0.0,0.0,0.0,0.0,0.0,8.0,2.0,1.0
1994,16.73652050000001,0,8.4328,1.8553,1.7223,1.5192,0.1619,0.0043,0.0043,0.0003,0.0382,0.05,0.0021,0.0008,0.0113,0.0003,0.0024,0.0016,0.0001,0.0001,0.0116,0.0013,0.001,0.0001,0.0018,0.0954,0.0152,0.0,0.0041,0.0,95.0,0.0,32.0,63.0,24.0,0.0,0.0,0.0,0.0,0.0,0.0,0.0,0.0,0.0,0.0,0.0,0.0,0.0,0.0,0.0,0.0,0.0,0.0,8.0,2.0,1.0
1995,16.744953300000013,0,8.3155,1.8602,1.6744,1.5327,0.2099,0.0049,0.0041,0.0003,0.0463,0.0588,0.0031,0.0011,0.0136,0.0002,0.0026,0.0027,0.0002,0.0001,0.0105,0.0017,0.0014,0.0002,0.002,0.1105,0.0397,0.0001,0.0054,0.0,95.0,0.0,32.0,63.0,24.0,0.0,0.0,0.0,0.0,0.0,0.0,0.0,0.0,0.0,0.0,0.0,0.0,0.0,0.0,0.0,0.0,0.0,0.0,8.0,2.0,1.0
1996,16.75326880000001,0,8.2505,1.956,1.633,1.557,0.1597,0.0032,0.0045,0.0003,0.034,0.0447,0.0021,0.001,0.0125,0.0001,0.0016,0.0022,0.0001,0.0001,0.0089,0.0015,0.0005,0.0001,0.0017,0.0866,0.0148,0.0001,0.0044,0.0,95.0,0.0,32.0,63.0,24.0,0.0,0.0,0.0,0.0,0.0,0.0,0.0,0.0,0.0,0.0,0.0,0.0,0.0,0.0,0.0,0.0,0.0,0.0,8.0,2.0,1.0
1997,16.76151930000001,0,8.2978,1.7711,1.5941,1.5126,0.1614,0.005,0.0046,0.0002,0.0323,0.0444,0.0028,0.0009,0.0122,0.0001,0.0018,0.002,0.0001,0.0001,0.0102,0.0013,0.0005,0.0001,0.002,0.089,0.0143,0.0001,0.0045,0.0,95.0,0.0,32.0,63.0,24.0,0.0,0.0,0.0,0.0,0.0,0.0,0.0,0.0,0.0,0.0,0.0,0.0,0.0,0.0,0.0,0.0,0.0,0.0,8.0,2.0,1.0
1998,16.76981710000001,0,8.4386,1.7886,1.6574,1.5174,0.1755,0.0046,0.0066,0.0003,0.0283,0.0429,0.002,0.0019,0.0125,0.0007,0.0016,0.002,0.0002,0.0002,0.0118,0.0014,0.0005,0.0001,0.002,0.0909,0.0198,0.0001,0.0043,0.0,95.0,0.0,32.0,63.0,24.0,0.0,0.0,0.0,0.0,0.0,0.0,0.0,0.0,0.0,0.0,0.0,0.0,0.0,0.0,0.0,0.0,0.0,0.0,8.0,2.0,1.0
1999,16.778255700000013,0,8.3806,2.0255,1.6824,1.8156,0.1614,0.0054,0.0046,0.0002,0.0294,0.0423,0.0025,0.0012,0.0127,0.0002,0.0019,0.002,0.0001,0.0001,0.0092,0.0015,0.0005,0.0001,0.0018,0.084,0.0145,0.0,0.0053,0.0,95.0,0.0,32.0,63.0,24.0,0.0,0.0,0.0,0.0,0.0,0.0,0.0,0.0,0.0,0.0,0.0,0.0,0.0,0.0,0.0,0.0,0.0,0.0,8.0,2.0,1.0
2000,16.786636300000012,0,8.2517,1.8321,1.6589,1.8757,0.1635,0.0036,0.0037,0.0003,0.0402,0.05,0.0025,0.0009,0.0117,0.0001,0.002,0.0016,0.0,0.0001,0.009,0.0012,0.0009,0.0001,0.0018,0.0924,0.0152,0.0,0.004,0.0,95.0,0.0,32.0,63.0,24.0,0.0,0.0,0.0,0.0,0.0,0.0,0.0,0.0,0.0,0.0,0.0,0.0,0.0,0.0,0.0,0.0,0.0,0.0,8.0,2.0,1.0
2001,16.79488800000001,0,8.2822,1.7927,1.5795,1.4914,0.1528,0.0034,0.0046,0.0006,0.0277,0.039,0.003,0.0009,0.0121,0.0002,0.0017,0.0018,0.0,0.0001,0.0094,0.0012,0.0009,0.0002,0.002,0.0825,0.0148,0.0,0.0045,0.0,95.0,0.0,32.0,63.0,24.0,0.0,0.0,0.0,0.0,0.0,0.0,0.0,0.0,0.0,0.0,0.0,0.0,0.0,0.0,0.0,0.0,0.0,0.0,8.0,2.0,1.0
2002,16.80317020000001,0,8.3611,1.765,1.6614,1.4884,0.1779,0.0035,0.004,0.0002,0.042,0.053,0.0029,0.0009,0.0116,0.0002,0.0021,0.0018,0.0001,0.0005,0.0093,0.0018,0.0006,0.0001,0.0018,0.0975,0.0196,0.0,0.0042,0.0,95.0,0.0,32.0,63.0,24.0,0.0,0.0,0.0,0.0,0.0,0.0,0.0,0.0,0.0,0.0,0.0,0.0,0.0,0.0,0.0,0.0,0.0,0.0,8.0,2.0,1.0
2003,16.81153130000001,0,8.3859,1.9432,1.6281,1.6486,0.1626,0.0053,0.0062,0.0002,0.03,0.0451,0.0028,0.0012,0.0121,0.0002,0.0022,0.0017,0.0001,0.0001,0.0095,0.0016,0.0005,0.0001,0.0018,0.0892,0.013,0.0,0.0044,0.0,95.0,0.0,32.0,63.0,24.0,0.0,0.0,0.0,0.0,0.0,0.0,0.0,0.0,0.0,0.0,0.0,0.0,0.0,0.0,0.0,0.0,0.0,0.0,8.0,2.0,1.0
2004,16.81991720000001,0,8.2436,1.997,1.6415,1.9679,0.1595,0.0037,0.004,0.0002,0.0358,0.0469,0.0022,0.0009,0.0103,0.0001,0.0021,0.0023,0.0001,0.0001,0.0088,0.0015,0.0005,0.0002,0.0017,0.0882,0.0165,0.0001,0.0039,0.0,95.0,0.0,32.0,63.0,24.0,0.0,0.0,0.0,0.0,0.0,0.0,0.0,0.0,0.0,0.0,0.0,0.0,0.0,0.0,0.0,0.0,0.0,0.0,8.0,2.0,1.0
2005,16.82816080000001,0,8.2725,1.9204,1.536,1.4669,0.1546,0.0029,0.0041,0.0003,0.0314,0.0413,0.003,0.0008,0.0125,0.0002,0.0017,0.0019,0.0001,0.0001,0.0097,0.0012,0.0005,0.0001,0.0019,0.0859,0.0151,0.0,0.0048,0.0,95.0,0.0,32.0,63.0,24.0,0.0,0.0,0.0,0.0,0.0,0.0,0.0,0.0,0.0,0.0,0.0,0.0,0.0,0.0,0.0,0.0,0.0,0.0,8.0,2.0,1.0
2006,16.83643330000001,0,8.4208,1.7947,1.5282,1.4261,0.1604,0.0037,0.0037,0.0001,0.0378,0.0481,0.0023,0.0009,0.0126,0.0001,0.0017,0.0021,0.0001,0.0001,0.0095,0.0014,0.0005,0.0,0.0024,0.0923,0.0151,0.0001,0.0045,0.0,95.0,0.0,32.0,63.0,24.0,0.0,0.0,0.0,0.0,0.0,0.0,0.0,0.0,0.0,0.0,0.0,0.0,0.0,0.0,0.0,0.0,0.0,0.0,8.0,2.0,1.0
2007,16.84485410000001,0,8.5144,1.8908,1.7381,1.6793,0.1652,0.0033,0.0042,0.0002,0.0327,0.0434,0.0025,0.001,0.0123,0.0002,0.002,0.002,0.0002,0.0005,0.0097,0.0013,0.0005,0.0002,0.0022,0.089,0.0173,0.0001,0.0046,0.0,95.0,0.0,32.0,63.0,24.0,0.0,0.0,0.0,0.0,0.0,0.0,0.0,0.0,0.0,0.0,0.0,0.0,0.0,0.0,0.0,0.0,0.0,0.0,8.0,2.0,1.0
2008,16.85336850000001,0,8.1789,1.9428,1.6861,1.6106,0.1715,0.0053,0.0043,0.0003,0.0413,0.0538,0.0026,0.001,0.0115,0.0002,0.0022,0.0017,0.0001,0.0001,0.0097,0.0014,0.001,0.0001,0.0018,0.0964,0.0141,0.0,0.0042,0.0,95.0,0.0,32.0,63.0,24.0,0.0,0.0,0.0,0.0,0.0,0.0,0.0,0.0,0.0,0.0,0.0,0.0,0.0,0.0,0.0,0.0,0.0,0.0,8.0,2.0,1.0
2009,16.86154740000001,0,8.296,1.8977,1.6016,1.6452,0.1526,0.003,0.0037,0.0002,0.0277,0.0371,0.0022,0.0008,0.0113,0.0001,0.0017,0.0022,0.0001,0.0002,0.0099,0.0011,0.0005,0.0001,0.0017,0.0807,0.0185,0.0,0.0042,0.0,95.0,0.0,32.0,63.0,24.0,0.0,0.0,0.0,0.0,0.0,0.0,0.0,0.0,0.0,0.0,0.0,0.0,0.0,0.0,0.0,0.0,0.0,0.0,8.0,2.0,1.0
2010,16.86984340000001,0,8.4549,1.8712,1.6428,1.4453,0.1809,0.0032,0.0048,0.0003,0.0422,0.0536,0.0025,0.0009,0.0123,0.0002,0.0018,0.0026,0.0001,0.0002,0.0101,0.0012,0.0005,0.0004,0.0018,0.0999,0.0177,0.0,0.0044,0.0,95.0,0.0,32.0,63.0,24.0,0.0,0.0,0.0,0.0,0.0,0.0,0.0,0.0,0.0,0.0,0.0,0.0,0.0,0.0,0.0,0.0,0.0,0.0,8.0,2.0,1.0
2011,16.87829830000001,0,8.286,1.9079,1.7572,1.5835,0.155,0.0041,0.004,0.0002,0.0304,0.0414,0.002,0.001,0.0086,0.0001,0.0022,0.0018,0.0002,0.0004,0.0093,0.0019,0.0005,0.0001,0.0018,0.0817,0.0141,0.0,0.0055,0.0,95.0,0.0,32.0,63.0,24.0,0.0,0.0,0.0,0.0,0.0,0.0,0.0,0.0,0.0,0.0,0.0,0.0,0.0,0.0,0.0,0.0,0.0,0.0,8.0,2.0,1.0
2012,16.88658430000001,0,8.4985,1.896,1.7709,1.4894,0.171,0.0035,0.0043,0.0003,0.0387,0.05,0.0024,0.0011,0.0133,0.0001,0.002,0.0018,0.0001,0.0001,0.0096,0.0013,0.0005,0.0001,0.0019,0.096,0.0171,0.0,0.0046,0.0,95.0,0.0,32.0,63.0,24.0,0.0,0.0,0.0,0.0,0.0,0.0,0.0,0.0,0.0,0.0,0.0,0.0,0.0,0.0,0.0,0.0,0.0,0.0,8.0,2.0,1.0
2013,16.89508280000001,0,8.3943,1.9217,1.8249,1.5658,0.1661,0.0042,0.0045,0.0002,0.0324,0.0441,0.0023,0.001,0.0128,0.0005,0.0016,0.0017,0.0002,0.0001,0.0091,0.0012,0.0005,0.0001,0.0018,0.0873,0.0169,0.0001,0.0043,0.0,95.0,0.0,32.0,63.0,24.0,0.0,0.0,0.0,0.0,0.0,0.0,0.0,0.0,0.0,0.0,0.0,0.0,0.0,0.0,0.0,0.0,0.0,0.0,8.0,2.0,1.0
2014,16.90347710000001,0,8.1867,1.8851,1.8006,1.5952,0.1751,0.0038,0.0054,0.0003,0.038,0.0504,0.0029,0.0011,0.0126,0.0001,0.0016,0.0019,0.0001,0.0001,0.0105,0.0013,0.001,0.0001,0.002,0.0968,0.0162,0.0001,0.0038,0.0,95.0,0.0,32.0,63.0,24.0,0.0,0.0,0.0,0.0,0.0,0.0,0.0,0.0,0.0,0.0,0.0,0.0,0.0,0.0,0.0,0.0,0.0,0.0,8.0,2.0,1.0
2015,16.91166380000001,0,8.5191,1.9431,1.844,1.6441,0.1635,0.0033,0.0044,0.0003,0.0305,0.041,0.0028,0.0011,0.013,0.0001,0.0016,0.0023,0.0001,0.0002,0.009,0.0012,0.0005,0.0001,0.0019,0.0854,0.0184,0.0,0.0042,0.0,95.0,0.0,32.0,63.0,24.0,0.0,0.0,0.0,0.0,0.0,0.0,0.0,0.0,0.0,0.0,0.0,0.0,0.0,0.0,0.0,0.0,0.0,0.0,8.0,2.0,1.0
2016,16.92018290000001,0,8.2998,1.8134,1.8121,1.6392,0.162,0.0037,0.0046,0.0003,0.0358,0.0472,0.0022,0.0014,0.0117,0.0001,0.0015,0.0015,0.0006,0.0001,0.0099,0.0015,0.0005,0.0001,0.0018,0.0906,0.0151,0.0,0.0051,0.0,95.0,0.0,32.0,63.0,24.0,0.0,0.0,0.0,0.0,0.0,0.0,0.0,0.0,0.0,0.0,0.0,0.0,0.0,0.0,0.0,0.0,0.0,0.0,8.0,2.0,1.0
2017,16.92848270000001,0,8.2861,1.9177,1.9625,1.6155,0.2046,0.0034,0.0049,0.0002,0.0387,0.0505,0.0034,0.0019,0.0175,0.0002,0.0022,0.0025,0.0001,0.0005,0.0104,0.0014,0.0005,0.0001,0.0037,0.1125,0.0257,0.0,0.0053,0.0,95.0,0.0,32.0,63.0,24.0,0.0,0.0,0.0,0.0,0.0,0.0,0.0,0.0,0.0,0.0,0.0,0.0,0.0,0.0,0.0,0.0,0.0,0.0,8.0,2.0,1.0
2018,16.93676880000001,0,8.2368,1.9894,1.7729,1.5194,0.1704,0.0033,0.0039,0.0002,0.0406,0.0504,0.0025,0.0012,0.0123,0.0001,0.0016,0.0018,0.0001,0.0001,0.0095,0.0016,0.0006,0.0001,0.002,0.0962,0.0168,0.0001,0.0045,0.0,95.0,0.0,32.0,63.0,24.0,0.0,0.0,0.0,0.0,0.0,0.0,0.0,0.0,0.0,0.0,0.0,0.0,0.0,0.0,0.0,0.0,0.0,0.0,8.0,2.0,1.0
2019,16.94500560000001,0,8.2206,1.8776,1.6807,1.5593,0.1519,0.0036,0.004,0.0001,0.0278,0.0386,0.002,0.0011,0.012,0.0002,0.0016,0.0016,0.0001,0.0002,0.0086,0.0011,0.0009,0.0001,0.0016,0.079,0.0187,0.0,0.0042,0.0,95.0,0.0,32.0,63.0,24.0,0.0,0.0,0.0,0.0,0.0,0.0,0.0,0.0,0.0,0.0,0.0,0.0,0.0,0.0,0.0,0.0,0.0,0.0,8.0,2.0,1.0
2020,16.95322620000001,0,8.3156,1.8696,1.6254,1.5739,0.1533,0.0045,0.0058,0.0003,0.0248,0.0384,0.0022,0.0011,0.0117,0.0001,0.0015,0.0018,0.0001,0.0002,0.0097,0.0018,0.0005,0.0001,0.0019,0.081,0.0148,0.0,0.004,0.0,95.0,0.0,32.0,63.0,24.0,0.0,0.0,0.0,0.0,0.0,0.0,0.0,0.0,0.0,0.0,0.0,0.0,0.0,0.0,0.0,0.0,0.0,0.0,8.0,2.0,1.0
2021,16.96154180000001,0,8.5398,1.8183,1.7686,1.6208,0.1756,0.0038,0.004,0.0002,0.0318,0.0426,0.0027,0.001,0.0134,0.0003,0.0022,0.0019,0.0002,0.0001,0.0101,0.0013,0.0006,0.0001,0.0024,0.0916,0.0193,0.0,0.0056,0.0,95.0,0.0,32.0,63.0,24.0,0.0,0.0,0.0,0.0,0.0,0.0,0.0,0.0,0.0,0.0,0.0,0.0,0.0,0.0,0.0,0.0,0.0,0.0,8.0,2.0,1.0
2022,16.97008160000001,0,8.2123,1.9381,1.7139,1.5441,0.168,0.0036,0.0041,0.0002,0.0415,0.052,0.0023,0.0016,0.0127,0.0001,0.0019,0.0022,0.0001,0.0001,0.0098,0.0013,0.0005,0.0001,0.0021,0.097,0.0162,0.0,0.0043,0.0,95.0,0.0,32.0,63.0,24.0,0.0,0.0,0.0,0.0,0.0,0.0,0.0,0.0,0.0,0.0,0.0,0.0,0.0,0.0,0.0,0.0,0.0,0.0,8.0,2.0,1.0
2023,16.97829390000001,0,8.2923,1.9245,1.6809,1.6614,0.1568,0.0028,0.0042,0.0003,0.0306,0.0412,0.0024,0.001,0.0119,0.0002,0.0019,0.0017,0.0001,0.0001,0.0092,0.0018,0.0005,0.0001,0.0018,0.0843,0.0178,0.0,0.0041,0.0,95.0,0.0,32.0,63.0,24.0,0.0,0.0,0.0,0.0,0.0,0.0,0.0,0.0,0.0,0.0,0.0,0.0,0.0,0.0,0.0,0.0,0.0,0.0,8.0,2.0,1.0
2024,16.986586200000012,0,8.404,1.875,1.7313,1.5924,0.1659,0.004,0.0041,0.0005,0.0397,0.0507,0.0028,0.001,0.0122,0.0002,0.0017,0.0017,0.0002,0.0001,0.0093,0.0015,0.0005,0.0001,0.0025,0.0947,0.0164,0.0001,0.0052,0.0,95.0,0.0,32.0,63.0,24.0,0.0,0.0,0.0,0.0,0.0,0.0,0.0,0.0,0.0,0.0,0.0,0.0,0.0,0.0,0.0,0.0,0.0,0.0,8.0,2.0,1.0
2025,16.99499020000001,0,8.1651,1.7811,1.599,1.5496,0.1563,0.004,0.0043,0.0003,0.029,0.0401,0.0032,0.001,0.0133,0.0002,0.0018,0.0021,0.0002,0.0001,0.009,0.0017,0.0005,0.0001,0.0019,0.0852,0.017,0.0,0.0043,0.0,95.0,0.0,32.0,63.0,24.0,0.0,0.0,0.0,0.0,0.0,0.0,0.0,0.0,0.0,0.0,0.0,0.0,0.0,0.0,0.0,0.0,0.0,0.0,8.0,2.0,1.0
2026,17.00315530000001,0,8.4312,1.8589,1.625,1.6314,0.1716,0.0046,0.0052,0.0003,0.0405,0.053,0.0031,0.001,0.0121,0.0001,0.0017,0.0019,0.0001,0.0001,0.0098,0.0018,0.0005,0.0001,0.0021,0.097,0.0154,0.0,0.0036,0.0,95.0,0.0,32.0,63.0,24.0,0.0,0.0,0.0,0.0,0.0,0.0,0.0,0.0,0.0,0.0,0.0,0.0,0.0,0.0,0.0,0.0,0.0,0.0,8.0,2.0,1.0
2027,17.01158650000001,0,8.6075,1.7704,1.9309,1.4863,0.1575,0.0041,0.0065,0.0003,0.0241,0.0375,0.0024,0.0008,0.0107,0.0001,0.0018,0.0021,0.0,0.0002,0.0096,0.0014,0.0005,0.0002,0.0022,0.0789,0.0174,0.0,0.0062,0.0,95.0,0.0,32.0,63.0,24.0,0.0,0.0,0.0,0.0,0.0,0.0,0.0,0.0,0.0,0.0,0.0,0.0,0.0,0.0,0.0,0.0,0.0,0.0,8.0,2.0,1.0
2028,17.02019400000001,0,8.1172,1.9988,1.6938,1.5588,0.1649,0.0044,0.0043,0.0003,0.0368,0.0488,0.002,0.0009,0.0124,0.0002,0.0015,0.0019,0.0003,0.0001,0.0094,0.0016,0.0005,0.0002,0.0017,0.0911,0.0154,0.0,0.0051,0.0,95.0,0.0,32.0,63.0,24.0,0.0,0.0,0.0,0.0,0.0,0.0,0.0,0.0,0.0,0.0,0.0,0.0,0.0,0.0,0.0,0.0,0.0,0.0,8.0,2.0,1.0
2029,17.02831120000001,0,8.2721,1.8539,1.7153,1.5735,0.1516,0.0033,0.0035,0.0002,0.0298,0.0391,0.002,0.0014,0.0119,0.0003,0.0016,0.0019,0.0001,0.0001,0.009,0.0014,0.0004,0.0001,0.0017,0.0805,0.0158,0.0,0.004,0.0,95.0,0.0,32.0,63.0,24.0,0.0,0.0,0.0,0.0,0.0,0.0,0.0,0.0,0.0,0.0,0.0,0.0,0.0,0.0,0.0,0.0,0.0,0.0,8.0,2.0,1.0
2030,17.03658330000001,0,8.4514,1.7907,1.7012,1.5002,0.1636,0.0047,0.0045,0.0003,0.0362,0.0483,0.0026,0.001,0.0123,0.0002,0.0015,0.0017,0.0001,0.0001,0.0094,0.0011,0.0005,0.0004,0.0017,0.0904,0.0157,0.0,0.0042,0.0,95.0,0.0,32.0,63.0,24.0,0.0,0.0,0.0,0.0,0.0,0.0,0.0,0.0,0.0,0.0,0.0,0.0,0.0,0.0,0.0,0.0,0.0,0.0,8.0,2.0,1.0
2031,17.04503470000001,0,8.2656,1.9273,1.7853,1.6523,0.1618,0.0042,0.0042,0.0003,0.0287,0.0403,0.0026,0.0012,0.0128,0.0001,0.002,0.0017,0.0001,0.0001,0.01,0.0014,0.0009,0.0001,0.0021,0.0864,0.0159,0.0,0.004,0.0,95.0,0.0,32.0,63.0,24.0,0.0,0.0,0.0,0.0,0.0,0.0,0.0,0.0,0.0,0.0,0.0,0.0,0.0,0.0,0.0,0.0,0.0,0.0,8.0,2.0,1.0
2032,17.05330030000001,0,8.2384,1.8653,1.6245,1.4824,0.1743,0.0034,0.0044,0.0002,0.042,0.0526,0.0024,0.0009,0.012,0.0001,0.0016,0.002,0.0002,0.0001,0.01,0.0013,0.0005,0.0001,0.0025,0.0987,0.0167,0.0,0.0034,0.0,95.0,0.0,32.0,63.0,24.0,0.0,0.0,0.0,0.0,0.0,0.0,0.0,0.0,0.0,0.0,0.0,0.0,0.0,0.0,0.0,0.0,0.0,0.0,8.0,2.0,1.0
2033,17.06153870000001,0,8.6493,1.777,1.7235,1.566,0.1697,0.0041,0.0047,0.0003,0.0359,0.0481,0.0032,0.0012,0.0142,0.0002,0.0017,0.0021,0.0001,0.0001,0.0098,0.0013,0.0006,0.0002,0.0019,0.096,0.015,0.0,0.0055,0.0,95.0,0.0,32.0,63.0,24.0,0.0,0.0,0.0,0.0,0.0,0.0,0.0,0.0,0.0,0.0,0.0,0.0,0.0,0.0,0.0,0.0,0.0,0.0,8.0,2.0,1.0
2034,17.07018800000001,0,8.2299,1.8833,1.937,1.5309,0.1582,0.0031,0.0039,0.0002,0.0369,0.0464,0.0024,0.0008,0.0108,0.0001,0.002,0.0017,0.0001,0.0001,0.009,0.0011,0.0005,0.0001,0.0022,0.0865,0.0148,0.0001,0.0048,0.0,95.0,0.0,32.0,63.0,24.0,0.0,0.0,0.0,0.0,0.0,0.0,0.0,0.0,0.0,0.0,0.0,0.0,0.0,0.0,0.0,0.0,0.0,0.0,8.0,2.0,1.0
2035,17.07841790000001,0,8.3376,1.8682,1.7684,1.474,0.1441,0.0027,0.0036,0.0003,0.0274,0.0362,0.002,0.0015,0.0086,0.0002,0.0016,0.0021,0.0001,0.0001,0.0085,0.0018,0.0005,0.0001,0.0017,0.0748,0.0147,0.0001,0.0052,0.0,95.0,0.0,32.0,63.0,24.0,0.0,0.0,0.0,0.0,0.0,0.0,0.0,0.0,0.0,0.0,0.0,0.0,0.0,0.0,0.0,0.0,0.0,0.0,8.0,2.0,1.0
2036,17.08675550000001,0,8.2742,1.8818,1.8591,1.4675,0.1875,0.0035,0.0039,0.0004,0.0427,0.0537,0.0027,0.0012,0.0138,0.0002,0.0021,0.0018,0.0005,0.0001,0.0097,0.0013,0.0005,0.0001,0.0019,0.0999,0.03,0.0,0.0045,0.0,95.0,0.0,32.0,63.0,24.0,0.0,0.0,0.0,0.0,0.0,0.0,0.0,0.0,0.0,0.0,0.0,0.0,0.0,0.0,0.0,0.0,0.0,0.0,8.0,2.0,1.0
2037,17.09502970000001,0,8.3811,2.2663,1.7654,1.6939,0.1525,0.0029,0.0038,0.0002,0.0315,0.0411,0.0022,0.0012,0.0115,0.0005,0.0015,0.0019,0.0002,0.0002,0.009,0.0016,0.0004,0.0001,0.0017,0.0826,0.0153,0.0,0.0046,0.0,95.0,0.0,32.0,63.0,24.0,0.0,0.0,0.0,0.0,0.0,0.0,0.0,0.0,0.0,0.0,0.0,0.0,0.0,0.0,0.0,0.0,0.0,0.0,8.0,2.0,1.0
2038,17.10341080000001,0,8.2458,1.7825,1.8565,1.5259,0.1595,0.0046,0.0057,0.0002,0.0346,0.0476,0.0028,0.0008,0.0111,0.0001,0.0021,0.0015,0.0001,0.0005,0.0092,0.0013,0.0008,0.0001,0.0019,0.0905,0.0155,0.0,0.0037,0.0,95.0,0.0,32.0,63.0,24.0,0.0,0.0,0.0,0.0,0.0,0.0,0.0,0.0,0.0,0.0,0.0,0.0,0.0,0.0,0.0,0.0,0.0,0.0,8.0,2.0,1.0
2039,17.11165660000001,0,8.3036,1.8824,1.6986,1.4537,0.1563,0.003,0.0041,0.0002,0.0303,0.0403,0.0027,0.001,0.013,0.0001,0.0017,0.0024,0.0001,0.0001,0.0103,0.0014,0.0005,0.0001,0.002,0.0876,0.0154,0.0001,0.0052,0.0,95.0,0.0,32.0,63.0,24.0,0.0,0.0,0.0,0.0,0.0,0.0,0.0,0.0,0.0,0.0,0.0,0.0,0.0,0.0,0.0,0.0,0.0,0.0,8.0,2.0,1.0
2040,17.119960200000012,0,8.1988,1.8018,1.5426,1.4757,0.1476,0.0024,0.0032,0.0002,0.0364,0.0445,0.0023,0.0008,0.0122,0.0001,0.0017,0.0014,0.0001,0.0001,0.0095,0.0013,0.0005,0.0,0.002,0.0857,0.015,0.0001,0.005,0.0,95.0,0.0,32.0,63.0,24.0,0.0,0.0,0.0,0.0,0.0,0.0,0.0,0.0,0.0,0.0,0.0,0.0,0.0,0.0,0.0,0.0,0.0,0.0,8.0,2.0,1.0
2041,17.12815900000001,0,8.6341,1.6707,1.8062,1.4415,0.163,0.0052,0.0043,0.0002,0.03,0.0419,0.0028,0.0012,0.0123,0.0002,0.0021,0.0017,0.0005,0.0001,0.0092,0.002,0.0005,0.0001,0.002,0.0897,0.0175,0.0001,0.0049,0.0,95.0,0.0,32.0,63.0,24.0,0.0,0.0,0.0,0.0,0.0,0.0,0.0,0.0,0.0,0.0,0.0,0.0,0.0,0.0,0.0,0.0,0.0,0.0,8.0,2.0,1.0
2042,17.13679310000001,0,8.2577,1.6748,1.7864,1.453,0.176,0.0035,0.0046,0.0002,0.0401,0.0517,0.0028,0.001,0.0135,0.0001,0.0021,0.0017,0.0001,0.0002,0.0096,0.0014,0.0005,0.0001,0.002,0.098,0.0186,0.0001,0.0043,0.0,95.0,0.0,32.0,63.0,24.0,0.0,0.0,0.0,0.0,0.0,0.0,0.0,0.0,0.0,0.0,0.0,0.0,0.0,0.0,0.0,0.0,0.0,0.0,8.0,2.0,1.0
2043,17.14505080000001,0,8.5404,2.0623,1.9156,1.8457,0.1688,0.0042,0.0054,0.0002,0.0304,0.0439,0.0025,0.001,0.0121,0.0002,0.0023,0.002,0.0006,0.0001,0.0099,0.0014,0.0005,0.0001,0.0023,0.0899,0.0165,0.0,0.005,0.0,95.0,0.0,32.0,63.0,24.0,0.0,0.0,0.0,0.0,0.0,0.0,0.0,0.0,0.0,0.0,0.0,0.0,0.0,0.0,0.0,0.0,0.0,0.0,8.0,2.0,1.0
2044,17.15359120000001,0,8.1682,1.9982,1.8637,1.5293,0.1754,0.0035,0.0036,0.0002,0.0385,0.0485,0.0024,0.0013,0.0128,0.0002,0.0019,0.0018,0.0002,0.0001,0.0098,0.0018,0.0005,0.0002,0.002,0.0941,0.0203,0.0001,0.0044,0.0,95.0,0.0,32.0,63.0,24.0,0.0,0.0,0.0,0.0,0.0,0.0,0.0,0.0,0.0,0.0,0.0,0.0,0.0,0.0,0.0,0.0,0.0,0.0,8.0,2.0,1.0
2045,17.16175940000001,0,8.5709,2.0277,1.9165,1.6691,0.181,0.0035,0.0054,0.0003,0.0326,0.0447,0.0025,0.0011,0.0131,0.0002,0.0029,0.0023,0.0002,0.0006,0.01,0.0016,0.0005,0.0001,0.0026,0.0939,0.0225,0.0,0.0039,0.0,95.0,0.0,32.0,63.0,24.0,0.0,0.0,0.0,0.0,0.0,0.0,0.0,0.0,0.0,0.0,0.0,0.0,0.0,0.0,0.0,0.0,0.0,0.0,8.0,2.0,1.0
2046,17.17033030000001,0,8.0925,2.0179,1.9693,1.7266,0.183,0.0043,0.0044,0.0005,0.0401,0.052,0.0026,0.0014,0.0132,0.0001,0.0016,0.0021,0.0002,0.0001,0.0099,0.0013,0.0005,0.0001,0.0018,0.0983,0.0177,0.0,0.0043,0.0,95.0,0.0,32.0,63.0,24.0,0.0,0.0,0.0,0.0,0.0,0.0,0.0,0.0,0.0,0.0,0.0,0.0,0.0,0.0,0.0,0.0,0.0,0.0,8.0,2.0,1.0
2047,17.17842280000001,0,8.3725,2.1479,1.8963,1.6467,0.1708,0.0037,0.004,0.0003,0.0334,0.0451,0.0027,0.0016,0.0141,0.0002,0.0022,0.0021,0.0005,0.0002,0.011,0.0016,0.0006,0.0001,0.0018,0.0943,0.0164,0.0,0.0051,0.0,95.0,0.0,32.0,63.0,24.0,0.0,0.0,0.0,0.0,0.0,0.0,0.0,0.0,0.0,0.0,0.0,0.0,0.0,0.0,0.0,0.0,0.0,0.0,8.0,2.0,1.0
2048,17.18679530000001,0,8.2933,1.9927,1.8931,1.6558,0.1712,0.0035,0.0041,0.0003,0.0409,0.0518,0.0027,0.0011,0.0119,0.0001,0.0023,0.0018,0.0002,0.0007,0.0094,0.0012,0.0006,0.0001,0.002,0.0965,0.0166,0.0,0.0046,0.0,95.0,0.0,32.0,63.0,24.0,0.0,0.0,0.0,0.0,0.0,0.0,0.0,0.0,0.0,0.0,0.0,0.0,0.0,0.0,0.0,0.0,0.0,0.0,8.0,2.0,1.0
2049,17.19508860000001,0,8.2474,1.8328,1.7343,1.5636,0.1584,0.0041,0.0045,0.0002,0.029,0.0409,0.0028,0.0014,0.0125,0.0001,0.0021,0.0016,0.0002,0.0001,0.0089,0.0011,0.0004,0.0001,0.0018,0.0835,0.0177,0.0,0.004,0.0,95.0,0.0,32.0,63.0,26.0,0.0,0.0,0.0,0.0,0.0,0.0,0.0,0.0,0.0,0.0,0.0,0.0,0.0,0.0,0.0,0.0,0.0,0.0,8.0,2.0,1.0
2050,17.203336000000007,0,8.2169,1.8557,1.6365,1.5395,0.1696,0.0035,0.0041,0.0003,0.0414,0.0517,0.0025,0.001,0.0131,0.0001,0.0015,0.0021,0.0002,0.0001,0.0097,0.0014,0.0005,0.0001,0.002,0.0966,0.0164,0.0001,0.0046,0.0,95.0,0.0,32.0,63.0,26.0,0.0,0.0,0.0,0.0,0.0,0.0,0.0,0.0,0.0,0.0,0.0,0.0,0.0,0.0,0.0,0.0,0.0,0.0,8.0,2.0,1.0
2051,17.211552900000008,0,8.5055,1.7773,1.747,1.4875,0.1589,0.0033,0.0041,0.0002,0.0337,0.0434,0.0022,0.0008,0.0111,0.0001,0.0015,0.0022,0.0001,0.0002,0.0104,0.0017,0.0005,0.0002,0.0017,0.0856,0.0194,0.0,0.0057,0.0,95.0,0.0,32.0,63.0,26.0,0.0,0.0,0.0,0.0,0.0,0.0,0.0,0.0,0.0,0.0,0.0,0.0,0.0,0.0,0.0,0.0,0.0,0.0,8.0,2.0,1.0
2052,17.220058400000006,0,8.0767,1.7922,1.7094,1.8277,0.1725,0.0047,0.0048,0.0003,0.0395,0.0518,0.0024,0.0009,0.0113,0.0001,0.0015,0.0022,0.0002,0.0001,0.0103,0.0013,0.0005,0.0001,0.002,0.0958,0.0172,0.0001,0.0053,0.0,95.0,0.0,32.0,63.0,26.0,0.0,0.0,0.0,0.0,0.0,0.0,0.0,0.0,0.0,0.0,0.0,0.0,0.0,0.0,0.0,0.0,0.0,0.0,8.0,2.0,1.0
2053,17.228135100000006,0,8.3934,1.7094,1.4845,1.8014,0.163,0.0043,0.0041,0.0002,0.0317,0.0435,0.0025,0.0008,0.0128,0.0002,0.0017,0.0022,0.0001,0.0002,0.0098,0.0013,0.0005,0.0001,0.002,0.0887,0.0172,0.0,0.0044,0.0,95.0,0.0,32.0,63.0,26.0,0.0,0.0,0.0,0.0,0.0,0.0,0.0,0.0,0.0,0.0,0.0,0.0,0.0,0.0,0.0,0.0,0.0,0.0,8.0,2.0,1.0
2054,17.236528500000006,0,8.3586,1.9187,1.5673,1.5253,0.1759,0.0047,0.0067,0.0003,0.0255,0.0398,0.0023,0.0013,0.0135,0.0002,0.002,0.0019,0.0,0.0002,0.0126,0.0022,0.0009,0.0001,0.0028,0.0919,0.0193,0.0001,0.0041,0.0,95.0,0.0,32.0,63.0,26.0,0.0,0.0,0.0,0.0,0.0,0.0,0.0,0.0,0.0,0.0,0.0,0.0,0.0,0.0,0.0,0.0,0.0,0.0,8.0,2.0,1.0
2055,17.244887100000007,0,8.4323,1.8494,1.6984,1.5106,0.1672,0.0029,0.0038,0.0002,0.036,0.0455,0.0034,0.001,0.0132,0.0002,0.0022,0.0019,0.0001,0.0002,0.0097,0.0019,0.0005,0.0001,0.0026,0.0936,0.0179,0.0,0.0039,0.0,95.0,0.0,32.0,63.0,26.0,0.0,0.0,0.0,0.0,0.0,0.0,0.0,0.0,0.0,0.0,0.0,0.0,0.0,0.0,0.0,0.0,0.0,0.0,8.0,2.0,1.0
2056,17.253319400000006,0,8.2767,1.7955,1.6699,1.5996,0.1507,0.0027,0.0036,0.0003,0.0375,0.0469,0.0022,0.0007,0.0108,0.0002,0.0016,0.0015,0.0006,0.0001,0.0088,0.0011,0.0007,0.0001,0.0017,0.0867,0.0129,0.0,0.0048,0.0,95.0,0.0,32.0,63.0,26.0,0.0,0.0,0.0,0.0,0.0,0.0,0.0,0.0,0.0,0.0,0.0,0.0,0.0,0.0,0.0,0.0,0.0,0.0,8.0,2.0,1.0
2057,17.261596100000006,0,8.3555,1.7588,1.7011,1.46,0.1576,0.005,0.0039,0.0002,0.0293,0.0408,0.002,0.0007,0.0102,0.0002,0.0016,0.0022,0.0001,0.0001,0.0087,0.0017,0.0005,0.0001,0.0018,0.0808,0.017,0.0001,0.0104,0.0,95.0,0.0,32.0,63.0,26.0,0.0,0.0,0.0,0.0,0.0,0.0,0.0,0.0,0.0,0.0,0.0,0.0,0.0,0.0,0.0,0.0,0.0,0.0,8.0,2.0,1.0
2058,17.269951600000006,0,8.2171,1.8579,1.6576,1.5097,0.1475,0.0039,0.0049,0.0001,0.0319,0.0436,0.0019,0.0009,0.0102,0.0001,0.0015,0.0015,0.0007,0.0001,0.009,0.0012,0.0008,0.0001,0.0016,0.0826,0.0146,0.0,0.0046,0.0,95.0,0.0,32.0,63.0,26.0,0.0,0.0,0.0,0.0,0.0,0.0,0.0,0.0,0.0,0.0,0.0,0.0,0.0,0.0,0.0,0.0,0.0,0.0,8.0,2.0,1.0
2059,17.278168700000005,0,8.5439,1.8716,1.6644,1.504,0.1605,0.0033,0.0041,0.0002,0.035,0.0456,0.0022,0.001,0.0119,0.0005,0.0016,0.002,0.0002,0.0001,0.0096,0.0012,0.0005,0.0,0.0021,0.0889,0.0153,0.0,0.0041,0.0,95.0,0.0,32.0,63.0,26.0,0.0,0.0,0.0,0.0,0.0,0.0,0.0,0.0,0.0,0.0,0.0,0.0,0.0,0.0,0.0,0.0,0.0,0.0,8.0,2.0,1.0
2060,17.286712600000005,0,8.1395,1.8545,1.6915,1.52,0.1542,0.0045,0.0058,0.0002,0.0278,0.042,0.0022,0.0009,0.0113,0.0001,0.0021,0.0017,0.0002,0.0001,0.0093,0.0017,0.0005,0.0001,0.0019,0.0849,0.0145,0.0,0.0043,0.0,95.0,0.0,32.0,63.0,26.0,0.0,0.0,0.0,0.0,0.0,0.0,0.0,0.0,0.0,0.0,0.0,0.0,0.0,0.0,0.0,0.0,0.0,0.0,8.0,2.0,1.0
2061,17.294852100000004,0,8.2158,1.7784,1.5319,1.4518,0.1533,0.0037,0.0033,0.0002,0.0305,0.0401,0.0024,0.0009,0.0121,0.0002,0.0016,0.0024,0.0001,0.0001,0.0102,0.0013,0.0005,0.0001,0.0021,0.0856,0.0159,0.0,0.004,0.0,95.0,0.0,32.0,63.0,26.0,0.0,0.0,0.0,0.0,0.0,0.0,0.0,0.0,0.0,0.0,0.0,0.0,0.0,0.0,0.0,0.0,0.0,0.0,8.0,2.0,1.0
2062,17.303067900000002,0,8.4849,1.7321,1.4418,1.5415,0.1523,0.0044,0.0055,0.0002,0.0306,0.0429,0.0025,0.0009,0.0108,0.0002,0.002,0.0017,0.0002,0.0001,0.0095,0.0014,0.0004,0.0001,0.0022,0.0842,0.0151,0.0001,0.0049,0.0,95.0,0.0,32.0,63.0,26.0,0.0,0.0,0.0,0.0,0.0,0.0,0.0,0.0,0.0,0.0,0.0,0.0,0.0,0.0,0.0,0.0,0.0,0.0,8.0,2.0,1.0
2063,17.3115528,0,8.3506,1.7114,1.6982,1.5352,0.1467,0.0033,0.0046,0.0003,0.0266,0.0372,0.0022,0.0016,0.012,0.0002,0.0015,0.0022,0.0001,0.0001,0.0093,0.0013,0.0004,0.0001,0.002,0.0806,0.0133,0.0001,0.0035,0.0,95.0,0.0,32.0,63.0,26.0,0.0,0.0,0.0,0.0,0.0,0.0,0.0,0.0,0.0,0.0,0.0,0.0,0.0,0.0,0.0,0.0,0.0,0.0,8.0,2.0,1.0
2064,17.3199034,0,8.3282,1.7473,1.6008,1.4119,0.2198,0.004,0.0038,0.0007,0.039,0.0501,0.0025,0.0009,0.0108,0.0001,0.0015,0.0021,0.0,0.0001,0.0089,0.0013,0.0005,0.0001,0.002,0.0906,0.0749,0.0,0.0037,0.0,95.0,0.0,32.0,63.0,26.0,0.0,0.0,0.0,0.0,0.0,0.0,0.0,0.0,0.0,0.0,0.0,0.0,0.0,0.0,0.0,0.0,0.0,0.0,8.0,2.0,1.0
2065,17.328231600000002,0,8.3021,1.7904,1.6722,1.4277,0.1503,0.0045,0.0041,0.0003,0.0284,0.0397,0.0027,0.0008,0.0118,0.0001,0.0016,0.0022,0.0001,0.0002,0.0083,0.0011,0.0004,0.0001,0.0018,0.0804,0.0153,0.0,0.0046,0.0,95.0,0.0,32.0,63.0,26.0,0.0,0.0,0.0,0.0,0.0,0.0,0.0,0.0,0.0,0.0,0.0,0.0,0.0,0.0,0.0,0.0,0.0,0.0,8.0,2.0,1.0
2066,17.336533700000004,0,8.3065,1.9344,1.604,1.5113,0.1668,0.0036,0.0038,0.0003,0.0443,0.0551,0.0024,0.001,0.0102,0.0007,0.0016,0.0021,0.0001,0.0001,0.0095,0.0013,0.0004,0.0,0.002,0.0967,0.0147,0.0,0.0042,0.0,95.0,0.0,32.0,63.0,26.0,0.0,0.0,0.0,0.0,0.0,0.0,0.0,0.0,0.0,0.0,0.0,0.0,0.0,0.0,0.0,0.0,0.0,0.0,8.0,2.0,1.0
2067,17.344840200000004,0,8.4173,1.6899,1.6565,1.3599,0.1624,0.0043,0.0039,0.0003,0.03,0.0414,0.0026,0.001,0.0136,0.0002,0.0021,0.0018,0.0001,0.0001,0.0093,0.0013,0.001,0.0,0.002,0.0879,0.0168,0.0001,0.0041,0.0,95.0,0.0,32.0,63.0,26.0,0.0,0.0,0.0,0.0,0.0,0.0,0.0,0.0,0.0,0.0,0.0,0.0,0.0,0.0,0.0,0.0,0.0,0.0,8.0,2.0,1.0
2068,17.353257500000005,0,8.4543,1.7451,1.6984,1.6624,0.1723,0.0045,0.0045,0.0003,0.038,0.0506,0.0023,0.0012,0.0114,0.0002,0.0016,0.0018,0.0002,0.0002,0.0094,0.0015,0.0006,0.0002,0.0025,0.0946,0.016,0.0,0.0047,0.0,95.0,0.0,32.0,63.0,26.0,0.0,0.0,0.0,0.0,0.0,0.0,0.0,0.0,0.0,0.0,0.0,0.0,0.0,0.0,0.0,0.0,0.0,0.0,8.0,2.0,1.0
2069,17.361711800000005,0,8.057,1.9198,1.6042,1.7297,0.1556,0.0044,0.0039,0.0007,0.0295,0.041,0.0023,0.0009,0.0112,0.0001,0.0015,0.0021,0.0001,0.0002,0.0091,0.0013,0.0005,0.0001,0.0023,0.0847,0.0159,0.0001,0.0046,0.0,95.0,0.0,32.0,63.0,26.0,0.0,0.0,0.0,0.0,0.0,0.0,0.0,0.0,0.0,0.0,0.0,0.0,0.0,0.0,0.0,0.0,0.0,0.0,8.0,2.0,1.0
2070,17.369768800000006,0,8.4938,1.7535,1.5493,1.3426,0.1716,0.004,0.0046,0.0002,0.0391,0.0508,0.0021,0.0011,0.0127,0.0002,0.0019,0.0016,0.0001,0.0001,0.01,0.0015,0.0006,0.0001,0.0018,0.0957,0.0174,0.0,0.0049,0.0,95.0,0.0,32.0,63.0,26.0,0.0,0.0,0.0,0.0,0.0,0.0,0.0,0.0,0.0,0.0,0.0,0.0,0.0,0.0,0.0,0.0,0.0,0.0,8.0,2.0,1.0
2071,17.378262600000006,0,8.2138,1.8748,1.6251,1.4414,0.157,0.0034,0.0041,0.0003,0.0298,0.0403,0.0022,0.001,0.0118,0.0001,0.0017,0.002,0.0001,0.0002,0.0096,0.0012,0.0005,0.0001,0.0021,0.0833,0.0164,0.0001,0.0044,0.0,95.0,0.0,32.0,63.0,26.0,0.0,0.0,0.0,0.0,0.0,0.0,0.0,0.0,0.0,0.0,0.0,0.0,0.0,0.0,0.0,0.0,0.0,0.0,8.0,2.0,1.0
2072,17.386476400000006,0,8.2727,1.6522,1.5067,1.4331,0.1659,0.005,0.0045,0.0002,0.0417,0.0538,0.0023,0.0014,0.0121,0.0002,0.0019,0.0017,0.0001,0.0001,0.0089,0.0013,0.0009,0.0001,0.0019,0.0969,0.0157,0.0,0.0045,0.0,95.0,0.0,32.0,63.0,26.0,0.0,0.0,0.0,0.0,0.0,0.0,0.0,0.0,0.0,0.0,0.0,0.0,0.0,0.0,0.0,0.0,0.0,0.0,8.0,2.0,1.0
2073,17.394749100000006,0,8.3427,1.6402,1.4789,1.4803,0.1535,0.004,0.004,0.0002,0.0286,0.0392,0.0025,0.001,0.011,0.0001,0.0015,0.002,0.0,0.0001,0.0094,0.0013,0.0005,0.0001,0.0023,0.0827,0.0162,0.0,0.0041,0.0,95.0,0.0,32.0,63.0,24.0,0.0,0.0,0.0,0.0,0.0,0.0,0.0,0.0,0.0,0.0,0.0,0.0,0.0,0.0,0.0,0.0,0.0,0.0,8.0,2.0,1.0
2074,17.403091800000006,0,8.2807,1.6144,1.4472,1.4011,0.1568,0.0041,0.0041,0.0002,0.0323,0.0437,0.0028,0.0008,0.0115,0.0001,0.002,0.0016,0.0001,0.0001,0.0086,0.0014,0.001,0.0,0.0019,0.086,0.0175,0.0001,0.0037,0.0,95.0,0.0,32.0,63.0,24.0,0.0,0.0,0.0,0.0,0.0,0.0,0.0,0.0,0.0,0.0,0.0,0.0,0.0,0.0,0.0,0.0,0.0,0.0,8.0,2.0,1.0
2075,17.411372500000006,0,8.5923,1.6272,1.6372,1.6094,0.1334,0.003,0.0031,0.0003,0.0254,0.0342,0.0018,0.0006,0.01,0.0001,0.0017,0.0013,0.0001,0.0001,0.0092,0.0012,0.0004,0.0006,0.0016,0.0725,0.0151,0.0001,0.0053,0.0,95.0,0.0,32.0,63.0,24.0,0.0,0.0,0.0,0.0,0.0,0.0,0.0,0.0,0.0,0.0,0.0,0.0,0.0,0.0,0.0,0.0,0.0,0.0,8.0,2.0,1.0
2076,17.419964800000006,0,8.22,1.7588,1.5418,1.4011,0.144,0.0042,0.0051,0.0002,0.0318,0.0433,0.0019,0.0006,0.0103,0.0001,0.0015,0.0019,0.0001,0.0001,0.0084,0.0011,0.0005,0.0001,0.0022,0.0812,0.0131,0.0,0.0037,0.0,95.0,0.0,32.0,63.0,24.0,0.0,0.0,0.0,0.0,0.0,0.0,0.0,0.0,0.0,0.0,0.0,0.0,0.0,0.0,0.0,0.0,0.0,0.0,8.0,2.0,1.0
2077,17.428184800000007,0,8.4264,1.6783,1.706,1.4125,0.1465,0.0042,0.0055,0.0002,0.0234,0.0361,0.0021,0.0007,0.0112,0.0005,0.0016,0.0016,0.0001,0.0001,0.0085,0.0017,0.0005,0.0001,0.0018,0.0797,0.0149,0.0001,0.0043,0.0,95.0,0.0,32.0,63.0,24.0,0.0,0.0,0.0,0.0,0.0,0.0,0.0,0.0,0.0,0.0,0.0,0.0,0.0,0.0,0.0,0.0,0.0,0.0,8.0,2.0,1.0
2078,17.43661120000001,0,8.3368,1.7489,1.53,1.3174,0.151,0.0046,0.004,0.0003,0.0372,0.0488,0.0023,0.0008,0.0108,0.0002,0.0016,0.002,0.0001,0.0001,0.0081,0.0017,0.0005,0.0001,0.0017,0.0872,0.0146,0.0,0.0041,0.0,95.0,0.0,32.0,63.0,24.0,0.0,0.0,0.0,0.0,0.0,0.0,0.0,0.0,0.0,0.0,0.0,0.0,0.0,0.0,0.0,0.0,0.0,0.0,8.0,2.0,1.0
2079,17.444948000000007,0,8.3145,1.6343,1.6505,1.4774,0.1509,0.0026,0.004,0.0003,0.0286,0.0382,0.0026,0.0009,0.012,0.0001,0.0017,0.0023,0.0002,0.0001,0.0089,0.0013,0.0005,0.0001,0.0021,0.0818,0.0159,0.0,0.0043,0.0,95.0,0.0,32.0,63.0,24.0,0.0,0.0,0.0,0.0,0.0,0.0,0.0,0.0,0.0,0.0,0.0,0.0,0.0,0.0,0.0,0.0,0.0,0.0,8.0,2.0,1.0
2080,17.453262500000008,0,8.19,1.7281,1.6481,1.4071,0.1533,0.0028,0.0037,0.0002,0.0355,0.0444,0.0023,0.0008,0.0124,0.0001,0.0015,0.0015,0.0005,0.0001,0.0084,0.0013,0.001,0.0001,0.0019,0.0866,0.0152,0.0001,0.004,0.0,95.0,0.0,32.0,63.0,24.0,0.0,0.0,0.0,0.0,0.0,0.0,0.0,0.0,0.0,0.0,0.0,0.0,0.0,0.0,0.0,0.0,0.0,0.0,8.0,2.0,1.0
2081,17.461452500000007,0,8.4191,1.8986,1.6374,1.4415,0.1402,0.0044,0.0058,0.0002,0.0251,0.038,0.0019,0.0009,0.0091,0.0001,0.002,0.0015,0.0001,0.0006,0.0082,0.0012,0.0005,0.0,0.0019,0.0743,0.0156,0.0,0.0041,0.0,95.0,0.0,32.0,63.0,24.0,0.0,0.0,0.0,0.0,0.0,0.0,0.0,0.0,0.0,0.0,0.0,0.0,0.0,0.0,0.0,0.0,0.0,0.0,8.0,2.0,1.0
2082,17.46987160000001,0,8.2815,1.9089,1.5325,1.7687,0.1584,0.0037,0.0035,0.0002,0.0394,0.0493,0.0022,0.0009,0.0106,0.0003,0.0016,0.0019,0.0002,0.0001,0.0086,0.0017,0.0005,0.0001,0.0019,0.0913,0.0146,0.0,0.0039,0.0,95.0,0.0,32.0,63.0,24.0,0.0,0.0,0.0,0.0,0.0,0.0,0.0,0.0,0.0,0.0,0.0,0.0,0.0,0.0,0.0,0.0,0.0,0.0,8.0,2.0,1.0
2083,17.478153100000007,0,8.3466,1.7757,1.5225,1.4482,0.1483,0.0031,0.004,0.0003,0.0313,0.0416,0.0022,0.0009,0.0113,0.0002,0.0021,0.0017,0.0006,0.0001,0.0083,0.0012,0.0011,0.0,0.002,0.0827,0.0151,0.0,0.0046,0.0,95.0,0.0,32.0,63.0,24.0,0.0,0.0,0.0,0.0,0.0,0.0,0.0,0.0,0.0,0.0,0.0,0.0,0.0,0.0,0.0,0.0,0.0,0.0,8.0,2.0,1.0
2084,17.486499700000007,0,8.2324,1.7153,1.5186,1.5365,0.1582,0.0049,0.0042,0.0002,0.0359,0.0487,0.0029,0.001,0.0101,0.0001,0.0016,0.0018,0.0001,0.0001,0.0085,0.0017,0.0004,0.0,0.0019,0.0923,0.0134,0.0001,0.003,0.0,95.0,0.0,32.0,63.0,22.0,0.0,0.0,0.0,0.0,0.0,0.0,0.0,0.0,0.0,0.0,0.0,0.0,0.0,0.0,0.0,0.0,0.0,0.0,8.0,2.0,1.0
2085,17.494732100000007,0,8.3477,1.8915,1.4068,1.3711,0.1312,0.0035,0.0038,0.0001,0.0254,0.0352,0.0023,0.0008,0.0092,0.0001,0.0014,0.0016,0.0,0.0002,0.0083,0.0012,0.0005,0.0001,0.0021,0.0709,0.0141,0.0,0.0032,0.0,95.0,0.0,32.0,63.0,22.0,0.0,0.0,0.0,0.0,0.0,0.0,0.0,0.0,0.0,0.0,0.0,0.0,0.0,0.0,0.0,0.0,0.0,0.0,8.0,2.0,1.0
2086,17.50307980000001,0,8.3219,1.7378,1.4996,1.6161,0.1402,0.0026,0.0034,0.0002,0.0365,0.0447,0.0025,0.0007,0.0115,0.0002,0.0015,0.0015,0.0001,0.0001,0.0082,0.0012,0.0004,0.0,0.0016,0.083,0.0114,0.0,0.0042,0.0,95.0,0.0,32.0,63.0,22.0,0.0,0.0,0.0,0.0,0.0,0.0,0.0,0.0,0.0,0.0,0.0,0.0,0.0,0.0,0.0,0.0,0.0,0.0,8.0,2.0,1.0
2087,17.511401700000008,0,8.3758,1.7314,1.4718,1.5382,0.1488,0.0046,0.0056,0.0002,0.0256,0.0385,0.0023,0.0008,0.0113,0.0001,0.0017,0.0016,0.0001,0.0001,0.009,0.0017,0.0005,0.0001,0.0019,0.0807,0.0162,0.0,0.0042,0.0,95.0,0.0,32.0,63.0,22.0,0.0,0.0,0.0,0.0,0.0,0.0,0.0,0.0,0.0,0.0,0.0,0.0,0.0,0.0,0.0,0.0,0.0,0.0,8.0,2.0,1.0
2088,17.519777500000007,0,8.3702,1.8577,1.5692,1.3303,0.1446,0.0027,0.0031,0.0001,0.0349,0.0432,0.002,0.0009,0.0114,0.0001,0.0017,0.0014,0.0001,0.0001,0.0089,0.0013,0.0005,0.0001,0.0021,0.0824,0.0154,0.0,0.0038,0.0,95.0,0.0,32.0,63.0,22.0,0.0,0.0,0.0,0.0,0.0,0.0,0.0,0.0,0.0,0.0,0.0,0.0,0.0,0.0,0.0,0.0,0.0,0.0,8.0,2.0,1.0
2089,17.52814770000001,0,8.3407,1.7757,1.5029,1.5372,0.1558,0.005,0.0048,0.0003,0.0314,0.0439,0.0021,0.0008,0.011,0.0001,0.0016,0.0023,0.0001,0.0001,0.0087,0.0017,0.0005,0.0002,0.002,0.086,0.0154,0.0001,0.0038,0.0,95.0,0.0,32.0,63.0,22.0,0.0,0.0,0.0,0.0,0.0,0.0,0.0,0.0,0.0,0.0,0.0,0.0,0.0,0.0,0.0,0.0,0.0,0.0,8.0,2.0,1.0
2090,17.53648840000001,0,8.2314,1.9632,1.5127,1.451,0.1575,0.0043,0.0037,0.0002,0.0406,0.0516,0.0022,0.0007,0.0102,0.0002,0.0015,0.0019,0.0,0.0001,0.0092,0.0013,0.0005,0.0,0.0019,0.0927,0.0139,0.0,0.0037,0.0,95.0,0.0,32.0,63.0,22.0,0.0,0.0,0.0,0.0,0.0,0.0,0.0,0.0,0.0,0.0,0.0,0.0,0.0,0.0,0.0,0.0,0.0,0.0,8.0,2.0,1.0
2091,17.54471980000001,0,8.5527,1.8365,1.59,1.4912,0.1386,0.004,0.0041,0.0002,0.0259,0.0365,0.0026,0.0007,0.0102,0.0001,0.0015,0.002,0.0001,0.0002,0.0084,0.0017,0.0005,0.0002,0.0018,0.0751,0.0138,0.0,0.0043,0.0,95.0,0.0,32.0,63.0,22.0,0.0,0.0,0.0,0.0,0.0,0.0,0.0,0.0,0.0,0.0,0.0,0.0,0.0,0.0,0.0,0.0,0.0,0.0,8.0,2.0,1.0
2092,17.55327250000001,0,8.263,1.7866,1.5583,1.4221,0.1537,0.0035,0.0051,0.0002,0.0368,0.0479,0.0023,0.0008,0.0107,0.0002,0.0016,0.0021,0.0001,0.0001,0.0087,0.0013,0.0005,0.0001,0.0017,0.0883,0.014,0.0,0.0034,0.0,95.0,0.0,32.0,63.0,22.0,0.0,0.0,0.0,0.0,0.0,0.0,0.0,0.0,0.0,0.0,0.0,0.0,0.0,0.0,0.0,0.0,0.0,0.0,8.0,2.0,1.0
2093,17.56153550000001,0,8.1707,1.7866,1.5333,1.382,0.1457,0.0033,0.0039,0.0001,0.0289,0.0387,0.0022,0.0009,0.0108,0.0006,0.0018,0.0022,0.0,0.0001,0.0082,0.0016,0.0005,0.0001,0.0019,0.0816,0.0137,0.0,0.0029,0.0,95.0,0.0,32.0,63.0,22.0,0.0,0.0,0.0,0.0,0.0,0.0,0.0,0.0,0.0,0.0,0.0,0.0,0.0,0.0,0.0,0.0,0.0,0.0,8.0,2.0,1.0
2094,17.56970620000001,0,8.3648,1.7092,1.4519,1.6031,0.1388,0.0024,0.0038,0.0003,0.0337,0.0422,0.0022,0.0007,0.0099,0.0002,0.0014,0.002,0.0001,0.0001,0.0081,0.0017,0.0004,0.0001,0.0015,0.0797,0.0135,0.0,0.0034,0.0,95.0,0.0,32.0,63.0,22.0,0.0,0.0,0.0,0.0,0.0,0.0,0.0,0.0,0.0,0.0,0.0,0.0,0.0,0.0,0.0,0.0,0.0,0.0,8.0,2.0,1.0
2095,17.57807100000001,0,8.5658,1.8271,1.5415,1.4951,0.1482,0.0029,0.0045,0.0002,0.0287,0.0385,0.0022,0.0008,0.0115,0.0001,0.0022,0.0014,0.0002,0.0002,0.0087,0.0014,0.0005,0.0,0.0021,0.0787,0.0185,0.0001,0.0043,0.0,95.0,0.0,32.0,63.0,22.0,0.0,0.0,0.0,0.0,0.0,0.0,0.0,0.0,0.0,0.0,0.0,0.0,0.0,0.0,0.0,0.0,0.0,0.0,8.0,2.0,1.0
2096,17.586636800000008,0,8.3737,1.8469,1.7744,1.5637,0.146,0.0037,0.0047,0.0001,0.0322,0.0434,0.0019,0.0007,0.0098,0.0002,0.0019,0.0015,0.0001,0.0002,0.0081,0.0012,0.0005,0.0,0.002,0.0805,0.0126,0.0,0.0052,0.0,95.0,0.0,32.0,63.0,24.0,0.0,0.0,0.0,0.0,0.0,0.0,0.0,0.0,0.0,0.0,0.0,0.0,0.0,0.0,0.0,0.0,0.0,0.0,8.0,2.0,1.0
2097,17.595010500000008,0,8.3821,1.9391,1.6559,1.5211,0.1528,0.0047,0.0047,0.0002,0.0282,0.0403,0.0029,0.0009,0.0119,0.0002,0.002,0.0016,0.0002,0.0001,0.0089,0.0012,0.0005,0.0001,0.002,0.0829,0.0163,0.0001,0.0038,0.0,95.0,0.0,32.0,63.0,24.0,0.0,0.0,0.0,0.0,0.0,0.0,0.0,0.0,0.0,0.0,0.0,0.0,0.0,0.0,0.0,0.0,0.0,0.0,8.0,2.0,1.0
2098,17.603392600000006,0,8.2351,1.7655,1.9477,1.4395,0.1496,0.0047,0.0038,0.0002,0.0351,0.0462,0.0019,0.0008,0.011,0.0001,0.0016,0.0016,0.0001,0.0001,0.0084,0.0012,0.0005,0.0001,0.0017,0.0849,0.0133,0.0,0.0043,0.0,95.0,0.0,32.0,63.0,24.0,0.0,0.0,0.0,0.0,0.0,0.0,0.0,0.0,0.0,0.0,0.0,0.0,0.0,0.0,0.0,0.0,0.0,0.0,8.0,2.0,1.0
2099,17.611627700000007,0,8.2042,1.8905,1.5042,1.5009,0.1361,0.0029,0.0044,0.0002,0.0266,0.0364,0.0019,0.0008,0.0093,0.0002,0.0013,0.002,0.0001,0.0001,0.0076,0.0011,0.001,0.0,0.0016,0.0719,0.0135,0.0,0.0041,0.0,95.0,0.0,32.0,63.0,24.0,0.0,0.0,0.0,0.0,0.0,0.0,0.0,0.0,0.0,0.0,0.0,0.0,0.0,0.0,0.0,0.0,0.0,0.0,8.0,2.0,1.0
2100,17.61983190000001,0,8.4686,1.8516,1.6999,1.3595,0.1936,0.004,0.0038,0.0001,0.0414,0.0514,0.0026,0.0007,0.0115,0.0002,0.0019,0.0016,0.0001,0.0002,0.0082,0.0013,0.0004,0.0,0.0018,0.0924,0.0148,0.0,0.0031,0.0,95.0,0.0,32.0,63.0,24.0,0.0,0.0,0.0,0.0,0.0,0.0,0.0,0.0,0.0,0.0,0.0,0.0,0.0,0.0,0.0,0.0,0.0,0.0,8.0,2.0,1.0
2101,17.62830050000001,0,8.1996,1.7471,1.5655,1.4302,0.15,0.003,0.0038,0.0003,0.0285,0.0386,0.0025,0.0009,0.0117,0.0002,0.0015,0.0021,0.0001,0.0001,0.0087,0.0013,0.0004,0.0001,0.0019,0.0808,0.0149,0.0,0.004,0.0,95.0,0.0,32.0,63.0,24.0,0.0,0.0,0.0,0.0,0.0,0.0,0.0,0.0,0.0,0.0,0.0,0.0,0.0,0.0,0.0,0.0,0.0,0.0,8.0,2.0,1.0
2102,17.63650010000001,0,8.3184,1.8316,1.5596,1.4079,0.1502,0.0044,0.004,0.0001,0.0364,0.0478,0.0019,0.0007,0.009,0.0002,0.002,0.0016,0.0001,0.0001,0.0081,0.0011,0.0005,0.0001,0.0016,0.0845,0.013,0.0,0.0039,0.0,95.0,0.0,32.0,63.0,24.0,0.0,0.0,0.0,0.0,0.0,0.0,0.0,0.0,0.0,0.0,0.0,0.0,0.0,0.0,0.0,0.0,0.0,0.0,8.0,2.0,1.0
2103,17.64481850000001,0,8.5176,1.7978,1.671,1.4692,0.1355,0.0037,0.0036,0.0002,0.0282,0.0379,0.0018,0.0007,0.0073,0.0001,0.0014,0.0018,0.0001,0.0001,0.0085,0.0011,0.0004,0.0001,0.0018,0.0736,0.0135,0.0001,0.005,0.0,95.0,0.0,32.0,63.0,24.0,0.0,0.0,0.0,0.0,0.0,0.0,0.0,0.0,0.0,0.0,0.0,0.0,0.0,0.0,0.0,0.0,0.0,0.0,8.0,2.0,1.0
2104,17.65333610000001,0,8.2843,1.7702,1.6472,1.469,0.1525,0.0041,0.004,0.0001,0.0344,0.0456,0.0021,0.001,0.0109,0.0001,0.0015,0.0022,0.0001,0.0001,0.0084,0.0011,0.0005,0.0,0.0015,0.0851,0.0134,0.0,0.0048,0.0,95.0,0.0,32.0,63.0,24.0,0.0,0.0,0.0,0.0,0.0,0.0,0.0,0.0,0.0,0.0,0.0,0.0,0.0,0.0,0.0,0.0,0.0,0.0,8.0,2.0,1.0
2105,17.66162040000001,0,8.3973,1.8471,1.7798,1.6279,0.1419,0.0027,0.0035,0.0002,0.0281,0.0369,0.0025,0.0008,0.0122,0.0002,0.0015,0.0022,0.0,0.0001,0.0089,0.0015,0.0006,0.0001,0.002,0.0792,0.0143,0.0,0.0043,0.0,95.0,0.0,32.0,63.0,24.0,0.0,0.0,0.0,0.0,0.0,0.0,0.0,0.0,0.0,0.0,0.0,0.0,0.0,0.0,0.0,0.0,0.0,0.0,8.0,2.0,1.0
2106,17.67001770000001,0,8.1906,1.6841,1.5972,1.3933,0.1542,0.0035,0.0032,0.0002,0.0386,0.0477,0.0023,0.0009,0.0106,0.0004,0.0014,0.0016,0.0004,0.0001,0.009,0.0014,0.0004,0.0,0.0019,0.0891,0.014,0.0,0.0034,0.0,95.0,0.0,32.0,63.0,24.0,0.0,0.0,0.0,0.0,0.0,0.0,0.0,0.0,0.0,0.0,0.0,0.0,0.0,0.0,0.0,0.0,0.0,0.0,8.0,2.0,1.0
2107,17.67820830000001,0,8.3544,1.8727,1.5925,1.4698,0.1536,0.0045,0.004,0.0002,0.0293,0.0408,0.0026,0.0011,0.0121,0.0002,0.0016,0.0019,0.0001,0.0001,0.0084,0.0017,0.0005,0.0,0.0019,0.0835,0.0157,0.0,0.0036,0.0,95.0,0.0,32.0,63.0,24.0,0.0,0.0,0.0,0.0,0.0,0.0,0.0,0.0,0.0,0.0,0.0,0.0,0.0,0.0,0.0,0.0,0.0,0.0,8.0,2.0,1.0
2108,17.68656270000001,0,8.2543,1.9104,1.6293,1.4971,0.1663,0.0055,0.0048,0.0002,0.037,0.0502,0.0026,0.0009,0.0121,0.0002,0.002,0.0015,0.0001,0.0001,0.0085,0.0013,0.001,0.0,0.0017,0.0937,0.016,0.0001,0.0035,0.0,95.0,0.0,32.0,63.0,24.0,0.0,0.0,0.0,0.0,0.0,0.0,0.0,0.0,0.0,0.0,0.0,0.0,0.0,0.0,0.0,0.0,0.0,0.0,8.0,2.0,1.0
2109,17.69481700000001,0,8.3688,1.8934,1.5536,1.3439,0.1444,0.0035,0.0035,0.0002,0.028,0.038,0.0027,0.0011,0.0089,0.0003,0.0016,0.002,0.0001,0.0001,0.0084,0.0013,0.0005,0.0002,0.0018,0.0774,0.0157,0.0,0.0048,0.0,95.0,0.0,32.0,63.0,24.0,0.0,0.0,0.0,0.0,0.0,0.0,0.0,0.0,0.0,0.0,0.0,0.0,0.0,0.0,0.0,0.0,0.0,0.0,8.0,2.0,1.0
2110,17.70318580000001,0,8.3246,1.857,1.585,1.5958,0.1544,0.0041,0.0038,0.0001,0.0359,0.0464,0.0022,0.0009,0.0106,0.0001,0.0015,0.0017,0.0004,0.0001,0.0086,0.0017,0.0005,0.0001,0.002,0.0876,0.0138,0.0001,0.0032,0.0,95.0,0.0,32.0,63.0,24.0,0.0,0.0,0.0,0.0,0.0,0.0,0.0,0.0,0.0,0.0,0.0,0.0,0.0,0.0,0.0,0.0,0.0,0.0,8.0,2.0,1.0
2111,17.711510400000012,0,8.2475,1.8279,1.5115,1.4705,0.1547,0.0044,0.0042,0.0002,0.0291,0.0409,0.0024,0.0009,0.0121,0.0002,0.0019,0.0015,0.0001,0.0001,0.0083,0.0013,0.0005,0.0001,0.002,0.0839,0.0161,0.0,0.0048,0.0,95.0,0.0,32.0,63.0,24.0,0.0,0.0,0.0,0.0,0.0,0.0,0.0,0.0,0.0,0.0,0.0,0.0,0.0,0.0,0.0,0.0,0.0,0.0,8.0,2.0,1.0
2112,17.719757900000012,0,8.3552,1.8747,1.4769,1.4691,0.1443,0.0048,0.0037,0.0002,0.0354,0.0464,0.0019,0.0006,0.0111,0.0001,0.0017,0.0014,0.0001,0.0001,0.0083,0.0012,0.0004,0.0,0.0018,0.0839,0.0135,0.0,0.0042,0.0,95.0,0.0,32.0,63.0,24.0,0.0,0.0,0.0,0.0,0.0,0.0,0.0,0.0,0.0,0.0,0.0,0.0,0.0,0.0,0.0,0.0,0.0,0.0,8.0,2.0,1.0
2113,17.728113100000012,0,8.3435,1.7509,1.5009,1.4428,0.1405,0.0039,0.004,0.0002,0.03,0.0406,0.0018,0.0007,0.0072,0.0002,0.002,0.0014,0.0001,0.0001,0.0091,0.0012,0.0004,0.0,0.0023,0.0765,0.0143,0.0,0.0042,0.0,95.0,0.0,32.0,63.0,24.0,0.0,0.0,0.0,0.0,0.0,0.0,0.0,0.0,0.0,0.0,0.0,0.0,0.0,0.0,0.0,0.0,0.0,0.0,8.0,2.0,1.0
2114,17.73645660000001,0,8.2567,1.8213,1.4564,1.3441,0.1493,0.0042,0.0042,0.0002,0.0377,0.0488,0.0021,0.0007,0.0101,0.0001,0.0015,0.0015,0.0006,0.0001,0.0083,0.0012,0.0009,0.0,0.0018,0.0884,0.0111,0.0,0.0037,0.0,95.0,0.0,32.0,63.0,24.0,0.0,0.0,0.0,0.0,0.0,0.0,0.0,0.0,0.0,0.0,0.0,0.0,0.0,0.0,0.0,0.0,0.0,0.0,8.0,2.0,1.0
2115,17.74471330000001,0,8.3859,1.8125,1.4521,1.4311,0.1339,0.0028,0.0031,0.0002,0.0271,0.0355,0.0018,0.0007,0.0099,0.0002,0.0015,0.0021,0.0001,0.0001,0.0081,0.0011,0.0005,0.0001,0.0016,0.0726,0.015,0.0,0.0043,0.0,95.0,0.0,32.0,63.0,24.0,0.0,0.0,0.0,0.0,0.0,0.0,0.0,0.0,0.0,0.0,0.0,0.0,0.0,0.0,0.0,0.0,0.0,0.0,8.0,2.0,1.0
2116,17.753099200000012,0,8.3084,1.8413,1.4945,1.4589,0.1535,0.0028,0.0038,0.0002,0.0355,0.0447,0.0028,0.0009,0.0115,0.0002,0.0015,0.0015,0.0001,0.0001,0.0087,0.0014,0.001,0.0,0.0019,0.0864,0.0162,0.0,0.0043,0.0,95.0,0.0,32.0,63.0,24.0,0.0,0.0,0.0,0.0,0.0,0.0,0.0,0.0,0.0,0.0,0.0,0.0,0.0,0.0,0.0,0.0,0.0,0.0,8.0,2.0,1.0
2117,17.761407600000013,0,8.4273,1.8391,1.4893,1.4764,0.1561,0.004,0.0034,0.0001,0.0306,0.0407,0.0026,0.0009,0.0119,0.0001,0.0017,0.0021,0.0001,0.0001,0.0098,0.0015,0.0011,0.0,0.0022,0.0861,0.0162,0.0,0.0037,0.0,95.0,0.0,32.0,63.0,24.0,0.0,0.0,0.0,0.0,0.0,0.0,0.0,0.0,0.0,0.0,0.0,0.0,0.0,0.0,0.0,0.0,0.0,0.0,8.0,2.0,1.0
2118,17.769834900000014,0,8.3371,1.8786,1.5446,1.6604,0.1706,0.003,0.0424,0.0002,0.0287,0.0763,0.002,0.0014,0.0105,0.0002,0.002,0.0015,0.0001,0.0006,0.0082,0.0011,0.0004,0.0,0.002,0.1143,0.0118,0.0001,0.0049,0.0,95.0,0.0,32.0,63.0,24.0,0.0,0.0,0.0,0.0,0.0,0.0,0.0,0.0,0.0,0.0,0.0,0.0,0.0,0.0,0.0,0.0,0.0,0.0,8.0,2.0,1.0
2119,17.778172000000012,0,8.2876,1.8279,1.5922,1.4852,0.1614,0.0046,0.004,0.0003,0.0341,0.0456,0.0024,0.0009,0.0121,0.0001,0.0016,0.0018,0.0001,0.0002,0.0081,0.0013,0.0005,0.0,0.002,0.0883,0.0166,0.0,0.0039,0.0,95.0,0.0,32.0,63.0,24.0,0.0,0.0,0.0,0.0,0.0,0.0,0.0,0.0,0.0,0.0,0.0,0.0,0.0,0.0,0.0,0.0,0.0,0.0,8.0,2.0,1.0
2120,17.78645960000001,0,8.382,1.8267,1.5208,1.3773,0.1498,0.0045,0.0041,0.0002,0.0368,0.0482,0.0023,0.0009,0.0098,0.0002,0.0015,0.0018,0.0,0.0001,0.0084,0.0012,0.001,0.0,0.0016,0.0852,0.0135,0.0,0.0039,0.0,95.0,0.0,32.0,63.0,24.0,0.0,0.0,0.0,0.0,0.0,0.0,0.0,0.0,0.0,0.0,0.0,0.0,0.0,0.0,0.0,0.0,0.0,0.0,8.0,2.0,1.0
2121,17.794841600000012,0,8.3729,1.8202,1.5613,1.3776,0.1402,0.0032,0.0034,0.0002,0.0264,0.0354,0.0019,0.0011,0.0098,0.0002,0.0017,0.0016,0.0003,0.0001,0.0083,0.0012,0.001,0.0001,0.0016,0.0729,0.0161,0.0,0.0044,0.0,95.0,0.0,32.0,63.0,24.0,0.0,0.0,0.0,0.0,0.0,0.0,0.0,0.0,0.0,0.0,0.0,0.0,0.0,0.0,0.0,0.0,0.0,0.0,8.0,2.0,1.0
2122,17.803214500000013,0,8.3667,1.8239,1.599,1.6027,0.1565,0.0031,0.0033,0.0002,0.0401,0.0494,0.0023,0.0009,0.012,0.0001,0.0015,0.0016,0.0005,0.0001,0.0089,0.0015,0.0005,0.0001,0.002,0.0919,0.014,0.0,0.0042,0.0,95.0,0.0,32.0,63.0,24.0,0.0,0.0,0.0,0.0,0.0,0.0,0.0,0.0,0.0,0.0,0.0,0.0,0.0,0.0,0.0,0.0,0.0,0.0,8.0,2.0,1.0
2123,17.811581200000013,0,8.2092,1.7811,1.6041,1.5255,0.1448,0.0034,0.0043,0.0003,0.0324,0.0429,0.0022,0.0012,0.0106,0.0002,0.0017,0.0017,0.0001,0.0001,0.0089,0.0019,0.0005,0.0005,0.0016,0.0822,0.012,0.0001,0.0042,0.0,95.0,0.0,32.0,63.0,24.0,0.0,0.0,0.0,0.0,0.0,0.0,0.0,0.0,0.0,0.0,0.0,0.0,0.0,0.0,0.0,0.0,0.0,0.0,8.0,2.0,1.0
2124,17.819790400000013,0,8.501,1.6826,1.5208,1.4954,0.1478,0.0027,0.0033,0.0001,0.0355,0.0447,0.0023,0.0009,0.0118,0.0001,0.0021,0.0013,0.0001,0.0001,0.0089,0.0013,0.0004,0.0001,0.002,0.0857,0.0153,0.0001,0.004,0.0,95.0,0.0,32.0,63.0,24.0,0.0,0.0,0.0,0.0,0.0,0.0,0.0,0.0,0.0,0.0,0.0,0.0,0.0,0.0,0.0,0.0,0.0,0.0,8.0,2.0,1.0
2125,17.828291400000012,0,8.2679,1.7783,1.7519,1.6586,0.1515,0.0037,0.0045,0.0002,0.0271,0.0382,0.0024,0.0008,0.0116,0.0001,0.0016,0.0016,0.0001,0.0001,0.0087,0.0013,0.0011,0.0001,0.002,0.0806,0.0155,0.0001,0.0045,0.0,95.0,0.0,32.0,63.0,24.0,0.0,0.0,0.0,0.0,0.0,0.0,0.0,0.0,0.0,0.0,0.0,0.0,0.0,0.0,0.0,0.0,0.0,0.0,8.0,2.0,1.0
2126,17.83655930000001,0,8.3537,1.8311,1.5427,1.445,0.1544,0.004,0.0033,0.0001,0.0368,0.0468,0.0023,0.0012,0.0123,0.0001,0.0017,0.0016,0.0,0.0001,0.0085,0.0018,0.0005,0.0001,0.002,0.0888,0.0166,0.0,0.0042,0.0,95.0,0.0,32.0,63.0,24.0,0.0,0.0,0.0,0.0,0.0,0.0,0.0,0.0,0.0,0.0,0.0,0.0,0.0,0.0,0.0,0.0,0.0,0.0,8.0,2.0,1.0
2127,17.844913000000012,0,8.2683,1.9259,1.697,1.5761,0.1501,0.0039,0.0039,0.0002,0.0296,0.0402,0.0028,0.0008,0.012,0.0001,0.0021,0.0019,0.0001,0.0001,0.0087,0.0013,0.001,0.0,0.0019,0.0841,0.0158,0.0001,0.0044,0.0,95.0,0.0,32.0,63.0,24.0,0.0,0.0,0.0,0.0,0.0,0.0,0.0,0.0,0.0,0.0,0.0,0.0,0.0,0.0,0.0,0.0,0.0,0.0,8.0,2.0,1.0
2128,17.853181300000013,0,8.3808,1.8337,1.5955,1.5103,0.1598,0.0034,0.0049,0.0002,0.0369,0.0479,0.0021,0.0009,0.0108,0.0001,0.0017,0.0023,0.0001,0.0001,0.0086,0.0018,0.0005,0.0,0.002,0.0888,0.0153,0.0001,0.0038,0.0,95.0,0.0,32.0,63.0,24.0,0.0,0.0,0.0,0.0,0.0,0.0,0.0,0.0,0.0,0.0,0.0,0.0,0.0,0.0,0.0,0.0,0.0,0.0,8.0,2.0,1.0
2129,17.861562100000015,0,8.3338,1.822,1.6569,1.4298,0.1459,0.0043,0.0035,0.0002,0.0288,0.0396,0.0024,0.0006,0.0126,0.0001,0.0017,0.002,0.0001,0.0002,0.0087,0.0012,0.0006,0.0,0.0019,0.0828,0.0145,0.0001,0.0042,0.0,95.0,0.0,32.0,63.0,24.0,0.0,0.0,0.0,0.0,0.0,0.0,0.0,0.0,0.0,0.0,0.0,0.0,0.0,0.0,0.0,0.0,0.0,0.0,8.0,2.0,1.0
2130,17.869895900000014,0,8.611,1.8212,1.7673,1.4791,0.187,0.0043,0.0047,0.0002,0.0436,0.0562,0.0024,0.0016,0.0128,0.0007,0.0018,0.0023,0.0001,0.0001,0.0107,0.0014,0.0009,0.0001,0.0019,0.1043,0.0172,0.0,0.0038,0.0,95.0,0.0,32.0,63.0,24.0,0.0,0.0,0.0,0.0,0.0,0.0,0.0,0.0,0.0,0.0,0.0,0.0,0.0,0.0,0.0,0.0,0.0,0.0,8.0,2.0,1.0
2131,17.878506900000012,0,8.0786,1.9046,1.7297,1.7224,0.1454,0.004,0.0054,0.0002,0.0253,0.0371,0.0022,0.0008,0.0108,0.0004,0.0017,0.0021,0.0001,0.0001,0.0095,0.0013,0.0005,0.0001,0.0019,0.0783,0.0146,0.0,0.0054,0.0,95.0,0.0,32.0,63.0,24.0,0.0,0.0,0.0,0.0,0.0,0.0,0.0,0.0,0.0,0.0,0.0,0.0,0.0,0.0,0.0,0.0,0.0,0.0,8.0,2.0,1.0
2132,17.886585500000013,0,8.2675,1.9025,1.548,1.4935,0.1525,0.0029,0.004,0.0001,0.0358,0.0463,0.0023,0.0008,0.012,0.0002,0.0015,0.0014,0.0005,0.0001,0.0089,0.0011,0.001,0.0002,0.0017,0.0872,0.0134,0.0,0.0035,0.0,95.0,0.0,32.0,63.0,24.0,0.0,0.0,0.0,0.0,0.0,0.0,0.0,0.0,0.0,0.0,0.0,0.0,0.0,0.0,0.0,0.0,0.0,0.0,8.0,2.0,1.0
2133,17.894853000000012,0,8.2064,1.8315,1.5215,1.4515,0.1439,0.0033,0.0032,0.0002,0.0261,0.0353,0.0025,0.0013,0.0121,0.0002,0.0019,0.0021,0.0002,0.0001,0.0088,0.0015,0.0005,0.0001,0.0019,0.0782,0.0148,0.0,0.0041,0.0,95.0,0.0,32.0,63.0,24.0,0.0,0.0,0.0,0.0,0.0,0.0,0.0,0.0,0.0,0.0,0.0,0.0,0.0,0.0,0.0,0.0,0.0,0.0,8.0,2.0,1.0
2134,17.90305940000001,0,8.4013,1.8112,1.4686,1.4256,0.1531,0.0042,0.0042,0.0002,0.037,0.0483,0.0021,0.0009,0.0098,0.0001,0.0015,0.0019,0.0001,0.0001,0.0084,0.0017,0.0005,0.0001,0.0024,0.0882,0.0147,0.0001,0.0045,0.0,95.0,0.0,32.0,63.0,24.0,0.0,0.0,0.0,0.0,0.0,0.0,0.0,0.0,0.0,0.0,0.0,0.0,0.0,0.0,0.0,0.0,0.0,0.0,8.0,2.0,1.0
2135,17.91146070000001,0,8.4393,1.8183,1.5994,1.5252,0.1474,0.0029,0.004,0.0002,0.0342,0.0435,0.0023,0.0008,0.0103,0.0001,0.0015,0.002,0.0001,0.0001,0.009,0.0011,0.0004,0.0001,0.0016,0.0819,0.0121,0.0001,0.0047,0.0,95.0,0.0,32.0,63.0,24.0,0.0,0.0,0.0,0.0,0.0,0.0,0.0,0.0,0.0,0.0,0.0,0.0,0.0,0.0,0.0,0.0,0.0,0.0,8.0,2.0,1.0
2136,17.91990000000001,0,8.1899,1.9121,1.5597,1.5455,0.1572,0.0039,0.0038,0.0002,0.0387,0.0489,0.0022,0.0011,0.011,0.0002,0.002,0.0017,0.0001,0.0001,0.009,0.0012,0.0008,0.0001,0.002,0.0905,0.0147,0.0,0.004,0.0,95.0,0.0,32.0,63.0,24.0,0.0,0.0,0.0,0.0,0.0,0.0,0.0,0.0,0.0,0.0,0.0,0.0,0.0,0.0,0.0,0.0,0.0,0.0,8.0,2.0,1.0
2137,17.92808990000001,0,8.3243,1.7912,1.455,1.5739,0.1473,0.0034,0.004,0.0003,0.0264,0.0369,0.0023,0.001,0.0105,0.0001,0.0016,0.002,0.0001,0.0001,0.0086,0.0019,0.0005,0.0001,0.002,0.0784,0.0144,0.0,0.0041,0.0,95.0,0.0,32.0,63.0,24.0,0.0,0.0,0.0,0.0,0.0,0.0,0.0,0.0,0.0,0.0,0.0,0.0,0.0,0.0,0.0,0.0,0.0,0.0,8.0,2.0,1.0
2138,17.936414200000012,0,8.3661,1.8338,1.4793,1.3943,0.15,0.0034,0.0041,0.0003,0.0365,0.0466,0.0023,0.0009,0.0102,0.0001,0.0015,0.0015,0.0002,0.0002,0.008,0.0012,0.0005,0.0001,0.0024,0.0859,0.0125,0.0,0.0042,0.0,95.0,0.0,32.0,63.0,24.0,0.0,0.0,0.0,0.0,0.0,0.0,0.0,0.0,0.0,0.0,0.0,0.0,0.0,0.0,0.0,0.0,0.0,0.0,8.0,2.0,1.0
2139,17.944780300000012,0,8.2397,1.7945,1.4591,1.4986,0.1421,0.0027,0.0038,0.0003,0.0286,0.0376,0.0026,0.0007,0.0114,0.0002,0.0016,0.0015,0.0001,0.0001,0.0079,0.0013,0.0006,0.0001,0.002,0.0785,0.0156,0.0,0.0043,0.0,95.0,0.0,32.0,63.0,24.0,0.0,0.0,0.0,0.0,0.0,0.0,0.0,0.0,0.0,0.0,0.0,0.0,0.0,0.0,0.0,0.0,0.0,0.0,8.0,2.0,1.0
2140,17.953020000000013,0,8.4858,1.9423,1.5451,1.4443,0.175,0.0045,0.0042,0.0002,0.0436,0.0556,0.0024,0.0013,0.0124,0.0005,0.0017,0.0021,0.0,0.0001,0.0086,0.0014,0.0005,0.0001,0.0021,0.0993,0.0183,0.0001,0.0043,0.0,95.0,0.0,32.0,63.0,24.0,0.0,0.0,0.0,0.0,0.0,0.0,0.0,0.0,0.0,0.0,0.0,0.0,0.0,0.0,0.0,0.0,0.0,0.0,8.0,2.0,1.0
2141,17.961505800000012,0,8.3204,1.9493,1.4853,1.7426,0.1509,0.0049,0.0043,0.0002,0.0285,0.0405,0.0021,0.001,0.0105,0.0005,0.0017,0.0016,0.0,0.0001,0.0085,0.0016,0.0005,0.0001,0.0019,0.0815,0.0171,0.0,0.004,0.0,95.0,0.0,32.0,63.0,24.0,0.0,0.0,0.0,0.0,0.0,0.0,0.0,0.0,0.0,0.0,0.0,0.0,0.0,0.0,0.0,0.0,0.0,0.0,8.0,2.0,1.0
2142,17.96982620000001,0,8.2708,1.7796,1.5299,1.5685,0.16,0.0045,0.0042,0.0003,0.0365,0.0485,0.002,0.001,0.0119,0.0002,0.0017,0.0016,0.0001,0.0001,0.0088,0.0024,0.0004,0.0001,0.0023,0.0918,0.0162,0.0,0.0039,0.0,95.0,0.0,32.0,63.0,24.0,0.0,0.0,0.0,0.0,0.0,0.0,0.0,0.0,0.0,0.0,0.0,0.0,0.0,0.0,0.0,0.0,0.0,0.0,8.0,2.0,1.0
2143,17.97809700000001,0,8.3336,1.9028,1.4662,1.4752,0.1473,0.0031,0.004,0.0002,0.0283,0.0383,0.0021,0.0007,0.0109,0.0001,0.0021,0.0017,0.0001,0.0002,0.0088,0.0014,0.0009,0.0001,0.0019,0.0798,0.0148,0.0,0.0037,0.0,95.0,0.0,32.0,63.0,24.0,0.0,0.0,0.0,0.0,0.0,0.0,0.0,0.0,0.0,0.0,0.0,0.0,0.0,0.0,0.0,0.0,0.0,0.0,8.0,2.0,1.0
2144,17.98643060000001,0,8.3296,1.9642,1.5298,1.4051,0.1587,0.0043,0.0045,0.0003,0.0366,0.048,0.0023,0.0008,0.0115,0.0001,0.0016,0.0018,0.0001,0.0001,0.0082,0.0016,0.0005,0.0001,0.002,0.0895,0.0169,0.0001,0.0053,0.0,95.0,0.0,32.0,63.0,24.0,0.0,0.0,0.0,0.0,0.0,0.0,0.0,0.0,0.0,0.0,0.0,0.0,0.0,0.0,0.0,0.0,0.0,0.0,8.0,2.0,1.0
2145,17.99476020000001,0,8.3006,1.7727,1.3983,1.5206,0.1444,0.0041,0.0059,0.0002,0.0238,0.0369,0.0022,0.0009,0.0103,0.0002,0.0021,0.0016,0.0001,0.0001,0.0095,0.0013,0.0005,0.0,0.0021,0.0778,0.0149,0.0,0.0044,0.0,95.0,0.0,32.0,63.0,24.0,0.0,0.0,0.0,0.0,0.0,0.0,0.0,0.0,0.0,0.0,0.0,0.0,0.0,0.0,0.0,0.0,0.0,0.0,8.0,2.0,1.0
2146,18.003060800000007,0,8.3054,1.6565,1.4383,1.4915,0.1495,0.0025,0.0035,0.0002,0.0356,0.0438,0.0022,0.0009,0.0116,0.0002,0.0015,0.0016,0.0,0.0001,0.0086,0.0014,0.0009,0.0001,0.0019,0.0863,0.0164,0.0001,0.0038,0.0,95.0,0.0,32.0,63.0,24.0,0.0,0.0,0.0,0.0,0.0,0.0,0.0,0.0,0.0,0.0,0.0,0.0,0.0,0.0,0.0,0.0,0.0,0.0,8.0,2.0,1.0
2147,18.01136620000001,0,8.4079,1.7689,1.4354,1.4489,0.1482,0.0045,0.0045,0.0003,0.0287,0.041,0.0022,0.0011,0.0111,0.0007,0.0017,0.002,0.0002,0.0001,0.0093,0.0011,0.0004,0.0001,0.0017,0.0827,0.0125,0.0001,0.0044,0.0,95.0,0.0,32.0,63.0,24.0,0.0,0.0,0.0,0.0,0.0,0.0,0.0,0.0,0.0,0.0,0.0,0.0,0.0,0.0,0.0,0.0,0.0,0.0,8.0,2.0,1.0
2148,18.01977410000001,0,8.3074,1.8465,1.5158,1.5586,0.141,0.0024,0.0038,0.0002,0.0326,0.0416,0.0021,0.0007,0.0106,0.0001,0.0014,0.0013,0.0001,0.0001,0.0081,0.0011,0.0005,0.0001,0.0017,0.0794,0.0153,0.0001,0.0048,0.0,95.0,0.0,32.0,63.0,24.0,0.0,0.0,0.0,0.0,0.0,0.0,0.0,0.0,0.0,0.0,0.0,0.0,0.0,0.0,0.0,0.0,0.0,0.0,8.0,2.0,1.0
2149,18.02808150000001,0,8.2619,1.7377,1.385,1.3916,0.1385,0.0028,0.0038,0.0002,0.0292,0.0383,0.0028,0.0007,0.0082,0.0002,0.0021,0.0015,0.0001,0.0006,0.0084,0.0012,0.0004,0.0001,0.0018,0.0766,0.013,0.0,0.0039,0.0,95.0,0.0,32.0,63.0,24.0,0.0,0.0,0.0,0.0,0.0,0.0,0.0,0.0,0.0,0.0,0.0,0.0,0.0,0.0,0.0,0.0,0.0,0.0,8.0,2.0,1.0
2150,18.03634340000001,0,8.3512,1.7113,1.4082,1.425,0.1536,0.0029,0.0038,0.0002,0.0357,0.0449,0.0024,0.0007,0.011,0.0001,0.0018,0.0014,0.0001,0.0001,0.009,0.0012,0.0009,0.0,0.0019,0.086,0.0171,0.0,0.0037,0.0,95.0,0.0,32.0,63.0,24.0,0.0,0.0,0.0,0.0,0.0,0.0,0.0,0.0,0.0,0.0,0.0,0.0,0.0,0.0,0.0,0.0,0.0,0.0,8.0,2.0,1.0
2151,18.04469460000001,0,8.4275,1.6528,1.4439,1.4493,0.1542,0.0046,0.0046,0.0002,0.0277,0.0398,0.0024,0.0008,0.0118,0.0001,0.0015,0.0018,0.0005,0.0001,0.009,0.0014,0.0005,0.0001,0.002,0.0831,0.0145,0.0001,0.0048,0.0,95.0,0.0,32.0,63.0,24.0,0.0,0.0,0.0,0.0,0.0,0.0,0.0,0.0,0.0,0.0,0.0,0.0,0.0,0.0,0.0,0.0,0.0,0.0,8.0,2.0,1.0
2152,18.05312210000001,0,8.2177,1.709,1.4566,1.5138,0.1409,0.0029,0.0042,0.0002,0.0345,0.0439,0.0019,0.0007,0.0106,0.0001,0.0018,0.0014,0.0001,0.0001,0.008,0.0012,0.0004,0.0001,0.0016,0.0817,0.0118,0.0,0.0042,0.0,95.0,0.0,32.0,63.0,24.0,0.0,0.0,0.0,0.0,0.0,0.0,0.0,0.0,0.0,0.0,0.0,0.0,0.0,0.0,0.0,0.0,0.0,0.0,8.0,2.0,1.0
2153,18.06133980000001,0,8.4072,1.548,1.446,1.5367,0.1432,0.0042,0.0043,0.0002,0.0302,0.0417,0.0021,0.0007,0.0106,0.0001,0.0022,0.0015,0.0002,0.0002,0.0085,0.0012,0.0005,0.0001,0.0021,0.0806,0.0122,0.0,0.004,0.0,95.0,0.0,32.0,63.0,24.0,0.0,0.0,0.0,0.0,0.0,0.0,0.0,0.0,0.0,0.0,0.0,0.0,0.0,0.0,0.0,0.0,0.0,0.0,8.0,2.0,1.0
2154,18.06974700000001,0,8.3147,1.6662,1.4238,1.3982,0.1421,0.0036,0.0034,0.0001,0.0338,0.0433,0.0025,0.0007,0.0111,0.0001,0.0014,0.0016,0.0001,0.0001,0.0084,0.0013,0.0005,0.0001,0.0015,0.0819,0.0119,0.0,0.0035,0.0,95.0,0.0,32.0,63.0,24.0,0.0,0.0,0.0,0.0,0.0,0.0,0.0,0.0,0.0,0.0,0.0,0.0,0.0,0.0,0.0,0.0,0.0,0.0,8.0,2.0,1.0
2155,18.07806170000001,0,8.3246,1.6035,1.4591,1.4247,0.1501,0.0028,0.0039,0.0002,0.0307,0.0397,0.0026,0.0008,0.0122,0.0002,0.0015,0.002,0.0001,0.0002,0.0085,0.0017,0.0005,0.0,0.0023,0.0835,0.0137,0.0,0.0048,0.0,95.0,0.0,32.0,63.0,24.0,0.0,0.0,0.0,0.0,0.0,0.0,0.0,0.0,0.0,0.0,0.0,0.0,0.0,0.0,0.0,0.0,0.0,0.0,8.0,2.0,1.0
2156,18.08638630000001,0,8.3962,1.6142,1.5033,1.4997,0.1582,0.0046,0.0044,0.0002,0.0354,0.0474,0.002,0.001,0.0108,0.0001,0.0019,0.0016,0.0001,0.0001,0.009,0.0013,0.0005,0.0,0.002,0.0871,0.0169,0.0,0.0034,0.0,95.0,0.0,32.0,63.0,24.0,0.0,0.0,0.0,0.0,0.0,0.0,0.0,0.0,0.0,0.0,0.0,0.0,0.0,0.0,0.0,0.0,0.0,0.0,8.0,2.0,1.0
2157,18.09478250000001,0,8.2811,1.7168,1.4093,1.5095,0.1447,0.0037,0.004,0.0002,0.0266,0.0369,0.0022,0.0009,0.0103,0.0005,0.0016,0.0017,0.0001,0.0001,0.0086,0.0012,0.0007,0.0,0.0019,0.0765,0.015,0.0001,0.0037,0.0,95.0,0.0,32.0,63.0,24.0,0.0,0.0,0.0,0.0,0.0,0.0,0.0,0.0,0.0,0.0,0.0,0.0,0.0,0.0,0.0,0.0,0.0,0.0,8.0,2.0,1.0
2158,18.103063600000013,0,8.3786,1.5796,1.4953,1.3997,0.1498,0.0032,0.0037,0.0001,0.037,0.0469,0.0019,0.0007,0.0105,0.0003,0.0016,0.0014,0.0006,0.0001,0.0086,0.0011,0.0007,0.0,0.0018,0.0867,0.0138,0.0,0.004,0.0,95.0,0.0,32.0,63.0,24.0,0.0,0.0,0.0,0.0,0.0,0.0,0.0,0.0,0.0,0.0,0.0,0.0,0.0,0.0,0.0,0.0,0.0,0.0,8.0,2.0,1.0
2159,18.111442200000013,0,8.2324,1.6256,1.4503,1.4468,0.1537,0.0045,0.0046,0.0002,0.0284,0.0403,0.0022,0.0008,0.0115,0.0004,0.0017,0.0015,0.0001,0.0001,0.0093,0.0015,0.0006,0.0001,0.0023,0.0824,0.0167,0.0,0.0043,0.0,95.0,0.0,32.0,63.0,24.0,0.0,0.0,0.0,0.0,0.0,0.0,0.0,0.0,0.0,0.0,0.0,0.0,0.0,0.0,0.0,0.0,0.0,0.0,8.0,2.0,1.0
2160,18.119674600000014,0,8.3991,1.7409,1.3991,1.4141,0.1463,0.0039,0.0039,0.0002,0.033,0.0436,0.002,0.0006,0.0114,0.0001,0.0015,0.0014,0.0001,0.0001,0.009,0.0012,0.0005,0.0,0.0021,0.0826,0.0135,0.0,0.0041,0.0,95.0,0.0,32.0,63.0,24.0,0.0,0.0,0.0,0.0,0.0,0.0,0.0,0.0,0.0,0.0,0.0,0.0,0.0,0.0,0.0,0.0,0.0,0.0,8.0,2.0,1.0
2161,18.128073700000012,0,8.2805,1.6125,1.4232,1.4976,0.1445,0.0042,0.0042,0.0002,0.0285,0.0396,0.0019,0.0007,0.0094,0.0001,0.0015,0.0013,0.0001,0.0001,0.0082,0.0012,0.0004,0.0,0.0014,0.0775,0.0157,0.0,0.0037,0.0,95.0,0.0,32.0,63.0,24.0,0.0,0.0,0.0,0.0,0.0,0.0,0.0,0.0,0.0,0.0,0.0,0.0,0.0,0.0,0.0,0.0,0.0,0.0,8.0,2.0,1.0
2162,18.136354200000014,0,8.3971,1.5466,1.4254,1.4557,0.1499,0.0028,0.0037,0.0003,0.0385,0.0472,0.0024,0.0009,0.01,0.0001,0.0014,0.002,0.0001,0.0001,0.0082,0.0011,0.0006,0.0001,0.0017,0.0852,0.0152,0.0,0.0044,0.0,95.0,0.0,32.0,63.0,24.0,0.0,0.0,0.0,0.0,0.0,0.0,0.0,0.0,0.0,0.0,0.0,0.0,0.0,0.0,0.0,0.0,0.0,0.0,8.0,2.0,1.0
2163,18.144751300000014,0,8.2996,1.5774,1.4367,1.5412,0.1408,0.0035,0.004,0.0002,0.0261,0.0363,0.0022,0.0008,0.0098,0.0002,0.0016,0.0018,0.0,0.0001,0.0088,0.0017,0.0004,0.0001,0.002,0.0753,0.0149,0.0001,0.0054,0.0,95.0,0.0,32.0,63.0,24.0,0.0,0.0,0.0,0.0,0.0,0.0,0.0,0.0,0.0,0.0,0.0,0.0,0.0,0.0,0.0,0.0,0.0,0.0,8.0,2.0,1.0
2164,18.153050900000014,0,8.6662,1.5875,1.7351,1.4018,0.1664,0.0041,0.004,0.0002,0.0406,0.0518,0.0022,0.0009,0.0109,0.0001,0.0015,0.0016,0.0005,0.0001,0.0092,0.0017,0.0005,0.0001,0.0018,0.0935,0.0147,0.0001,0.0047,0.0,95.0,0.0,32.0,63.0,24.0,0.0,0.0,0.0,0.0,0.0,0.0,0.0,0.0,0.0,0.0,0.0,0.0,0.0,0.0,0.0,0.0,0.0,0.0,8.0,2.0,1.0
2165,18.161717100000015,0,8.0765,1.9552,1.5284,1.5114,0.1505,0.0027,0.0041,0.0001,0.0293,0.0391,0.0022,0.0007,0.0117,0.0001,0.0016,0.002,0.0002,0.0002,0.0092,0.0013,0.0005,0.0001,0.0019,0.0816,0.0177,0.0,0.0045,0.0,95.0,0.0,32.0,63.0,24.0,0.0,0.0,0.0,0.0,0.0,0.0,0.0,0.0,0.0,0.0,0.0,0.0,0.0,0.0,0.0,0.0,0.0,0.0,8.0,2.0,1.0
2166,18.169793600000016,0,8.4622,1.7543,1.6271,1.5401,0.2133,0.0051,0.0049,0.0003,0.0534,0.0663,0.0033,0.0013,0.0163,0.0002,0.0028,0.0019,0.0005,0.0001,0.0101,0.0015,0.0009,0.0002,0.0033,0.1255,0.0262,0.0,0.0038,0.0,95.0,0.0,32.0,63.0,24.0,0.0,0.0,0.0,0.0,0.0,0.0,0.0,0.0,0.0,0.0,0.0,0.0,0.0,0.0,0.0,0.0,0.0,0.0,8.0,2.0,1.0
2167,18.178255800000017,0,8.311,1.8879,1.5926,1.5729,0.1608,0.0039,0.0042,0.0004,0.0301,0.0413,0.0024,0.0011,0.0112,0.0002,0.0016,0.0022,0.0002,0.0001,0.0095,0.0013,0.0005,0.0002,0.0021,0.0858,0.0157,0.0,0.0045,0.0,95.0,0.0,32.0,63.0,24.0,0.0,0.0,0.0,0.0,0.0,0.0,0.0,0.0,0.0,0.0,0.0,0.0,0.0,0.0,0.0,0.0,0.0,0.0,8.0,2.0,1.0
2168,18.186566800000016,0,8.1778,1.888,1.5055,1.5113,0.1529,0.0045,0.0045,0.0001,0.0383,0.05,0.0023,0.0008,0.0095,0.0002,0.0013,0.0015,0.0001,0.0001,0.0088,0.0013,0.001,0.0001,0.0019,0.0885,0.0141,0.0001,0.004,0.0,95.0,0.0,32.0,63.0,24.0,0.0,0.0,0.0,0.0,0.0,0.0,0.0,0.0,0.0,0.0,0.0,0.0,0.0,0.0,0.0,0.0,0.0,0.0,8.0,2.0,1.0
2169,18.194744600000014,0,8.3016,1.5579,1.4491,1.378,0.1403,0.004,0.0037,0.0001,0.0266,0.0373,0.0025,0.0006,0.0112,0.0001,0.0018,0.0014,0.0001,0.0002,0.0092,0.0011,0.0004,0.0,0.0021,0.0767,0.0142,0.0001,0.0034,0.0,95.0,0.0,32.0,63.0,24.0,0.0,0.0,0.0,0.0,0.0,0.0,0.0,0.0,0.0,0.0,0.0,0.0,0.0,0.0,0.0,0.0,0.0,0.0,8.0,2.0,1.0
2170,18.203046200000013,0,8.3274,1.6345,1.4252,1.4389,0.144,0.0033,0.0036,0.0002,0.0353,0.045,0.0025,0.0007,0.0111,0.0001,0.0018,0.0013,0.0001,0.0001,0.0082,0.0017,0.0005,0.0,0.0017,0.0825,0.0126,0.0,0.004,0.0,95.0,0.0,32.0,63.0,24.0,0.0,0.0,0.0,0.0,0.0,0.0,0.0,0.0,0.0,0.0,0.0,0.0,0.0,0.0,0.0,0.0,0.0,0.0,8.0,2.0,1.0
2171,18.211373600000012,0,8.4,1.5772,1.491,1.4701,0.1363,0.0025,0.0036,0.0002,0.0267,0.0349,0.0021,0.0012,0.012,0.0002,0.0015,0.0015,0.0006,0.0001,0.0083,0.0011,0.001,0.0,0.0015,0.0755,0.0133,0.0,0.0045,0.0,95.0,0.0,32.0,63.0,24.0,0.0,0.0,0.0,0.0,0.0,0.0,0.0,0.0,0.0,0.0,0.0,0.0,0.0,0.0,0.0,0.0,0.0,0.0,8.0,2.0,1.0
2172,18.219773600000014,0,8.3832,1.7462,1.5294,1.5708,0.1531,0.0044,0.0043,0.0002,0.0361,0.0477,0.0022,0.0006,0.0105,0.0001,0.0016,0.0015,0.0001,0.0001,0.0089,0.0013,0.0005,0.0001,0.0021,0.087,0.0163,0.0,0.0045,0.0,95.0,0.0,32.0,63.0,24.0,0.0,0.0,0.0,0.0,0.0,0.0,0.0,0.0,0.0,0.0,0.0,0.0,0.0,0.0,0.0,0.0,0.0,0.0,8.0,2.0,1.0
2173,18.228156800000015,0,8.2164,1.7634,1.3961,1.5995,0.1458,0.0045,0.0042,0.0002,0.0266,0.0384,0.0022,0.0008,0.0111,0.0002,0.0017,0.0014,0.0001,0.0002,0.0089,0.0012,0.0005,0.0,0.0021,0.0787,0.0168,0.0001,0.0047,0.0,95.0,0.0,32.0,63.0,24.0,0.0,0.0,0.0,0.0,0.0,0.0,0.0,0.0,0.0,0.0,0.0,0.0,0.0,0.0,0.0,0.0,0.0,0.0,8.0,2.0,1.0
2174,18.236373200000013,0,8.462,1.7585,1.5359,1.4173,0.1439,0.0031,0.0032,0.0002,0.0358,0.0447,0.0018,0.0011,0.011,0.0001,0.0019,0.0014,0.0001,0.0006,0.0086,0.0011,0.0004,0.0,0.0017,0.0835,0.0136,0.0001,0.0047,0.0,95.0,0.0,32.0,63.0,24.0,0.0,0.0,0.0,0.0,0.0,0.0,0.0,0.0,0.0,0.0,0.0,0.0,0.0,0.0,0.0,0.0,0.0,0.0,8.0,2.0,1.0
2175,18.244835200000015,0,8.2339,1.6166,1.4706,1.3986,0.1529,0.0038,0.0039,0.0003,0.0291,0.0395,0.0028,0.0009,0.0127,0.0002,0.0017,0.0019,0.0003,0.0001,0.0085,0.0015,0.0006,0.0,0.0018,0.0835,0.0154,0.0,0.0043,0.0,95.0,0.0,32.0,63.0,24.0,0.0,0.0,0.0,0.0,0.0,0.0,0.0,0.0,0.0,0.0,0.0,0.0,0.0,0.0,0.0,0.0,0.0,0.0,8.0,2.0,1.0
2176,18.253069100000015,0,8.3259,1.7396,1.4312,1.4412,0.1489,0.0038,0.0041,0.0002,0.0345,0.0453,0.002,0.0006,0.011,0.0001,0.0017,0.0016,0.0001,0.0001,0.0091,0.0012,0.0005,0.0001,0.0019,0.0846,0.0142,0.0,0.0039,0.0,95.0,0.0,32.0,63.0,24.0,0.0,0.0,0.0,0.0,0.0,0.0,0.0,0.0,0.0,0.0,0.0,0.0,0.0,0.0,0.0,0.0,0.0,0.0,8.0,2.0,1.0
2177,18.261395000000014,0,8.276,1.9377,1.3903,1.3255,0.1434,0.003,0.0041,0.0002,0.0275,0.037,0.0022,0.0007,0.0104,0.0001,0.0019,0.0014,0.0,0.0004,0.0084,0.0013,0.0005,0.0,0.0018,0.0764,0.0148,0.0001,0.0043,0.0,95.0,0.0,32.0,63.0,24.0,0.0,0.0,0.0,0.0,0.0,0.0,0.0,0.0,0.0,0.0,0.0,0.0,0.0,0.0,0.0,0.0,0.0,0.0,8.0,2.0,1.0
2178,18.269671000000013,0,8.3836,1.573,1.389,1.4667,0.1402,0.0039,0.0032,0.0002,0.0321,0.0416,0.0021,0.0007,0.0101,0.0001,0.0013,0.0014,0.0001,0.0001,0.0079,0.0012,0.0004,0.0001,0.0021,0.0777,0.0149,0.0,0.004,0.0,95.0,0.0,32.0,63.0,24.0,0.0,0.0,0.0,0.0,0.0,0.0,0.0,0.0,0.0,0.0,0.0,0.0,0.0,0.0,0.0,0.0,0.0,0.0,8.0,2.0,1.0
2179,18.27805460000001,0,8.3426,1.5934,1.476,1.4899,0.1412,0.0034,0.0035,0.0002,0.03,0.0393,0.0022,0.001,0.0103,0.0001,0.002,0.0015,0.0001,0.0001,0.008,0.0011,0.0004,0.0001,0.0017,0.0766,0.0166,0.0,0.0036,0.0,95.0,0.0,32.0,63.0,24.0,0.0,0.0,0.0,0.0,0.0,0.0,0.0,0.0,0.0,0.0,0.0,0.0,0.0,0.0,0.0,0.0,0.0,0.0,8.0,2.0,1.0
2180,18.28639720000001,0,8.5085,1.6328,1.5674,1.3471,0.1752,0.0028,0.0038,0.0003,0.0449,0.0545,0.0036,0.0011,0.0129,0.0002,0.0018,0.0016,0.0002,0.0002,0.0101,0.0015,0.0008,0.0,0.0022,0.102,0.0174,0.0001,0.0046,0.0,95.0,0.0,32.0,63.0,24.0,0.0,0.0,0.0,0.0,0.0,0.0,0.0,0.0,0.0,0.0,0.0,0.0,0.0,0.0,0.0,0.0,0.0,0.0,8.0,2.0,1.0
2181,18.29490570000001,0,8.352,1.8225,1.6186,1.4832,0.1663,0.005,0.005,0.0003,0.03,0.0431,0.0023,0.0009,0.0116,0.0001,0.002,0.002,0.0005,0.0001,0.0087,0.0017,0.0006,0.0001,0.0024,0.0868,0.0182,0.0,0.0048,0.0,95.0,0.0,32.0,63.0,24.0,0.0,0.0,0.0,0.0,0.0,0.0,0.0,0.0,0.0,0.0,0.0,0.0,0.0,0.0,0.0,0.0,0.0,0.0,8.0,2.0,1.0
2182,18.30325770000001,0,8.2347,1.8135,1.5734,1.499,0.1675,0.0046,0.0068,0.0002,0.0383,0.0525,0.0023,0.0009,0.0112,0.0002,0.0016,0.0016,0.0001,0.0001,0.0093,0.0014,0.0006,0.0001,0.0022,0.0952,0.0159,0.0,0.0038,0.0,95.0,0.0,32.0,63.0,24.0,0.0,0.0,0.0,0.0,0.0,0.0,0.0,0.0,0.0,0.0,0.0,0.0,0.0,0.0,0.0,0.0,0.0,0.0,8.0,2.0,1.0
2183,18.31149240000001,0,8.3883,1.8773,1.5393,1.7665,0.1505,0.0031,0.0045,0.0002,0.0302,0.0403,0.0024,0.0007,0.0106,0.0001,0.0021,0.0017,0.0001,0.0001,0.0089,0.0012,0.001,0.0002,0.0018,0.0811,0.012,0.0,0.0042,0.0,95.0,0.0,32.0,63.0,24.0,0.0,0.0,0.0,0.0,0.0,0.0,0.0,0.0,0.0,0.0,0.0,0.0,0.0,0.0,0.0,0.0,0.0,0.0,8.0,2.0,1.0
2184,18.31988070000001,0,8.4758,1.8264,1.6395,1.4711,0.1551,0.0035,0.0043,0.0003,0.0371,0.0478,0.0025,0.0007,0.0107,0.0001,0.0017,0.0021,0.0001,0.0002,0.0096,0.0012,0.0005,0.0001,0.0021,0.0887,0.014,0.0001,0.0038,0.0,95.0,0.0,32.0,63.0,24.0,0.0,0.0,0.0,0.0,0.0,0.0,0.0,0.0,0.0,0.0,0.0,0.0,0.0,0.0,0.0,0.0,0.0,0.0,8.0,2.0,1.0
2185,18.32835650000001,0,8.1866,1.7323,1.7531,1.407,0.155,0.0033,0.0044,0.0003,0.0308,0.0413,0.0023,0.0009,0.0121,0.0002,0.002,0.0018,0.0007,0.0001,0.0089,0.0015,0.0005,0.0001,0.002,0.085,0.0144,0.0001,0.0046,0.0,95.0,0.0,32.0,63.0,24.0,0.0,0.0,0.0,0.0,0.0,0.0,0.0,0.0,0.0,0.0,0.0,0.0,0.0,0.0,0.0,0.0,0.0,0.0,8.0,2.0,1.0
2186,18.336543100000007,0,8.3159,2.1232,1.5289,1.5336,0.1551,0.0051,0.005,0.0002,0.0323,0.0451,0.0021,0.0012,0.0106,0.0001,0.0015,0.0022,0.0001,0.0001,0.0089,0.0017,0.0005,0.0,0.0018,0.0854,0.0154,0.0,0.0037,0.0,95.0,0.0,32.0,63.0,24.0,0.0,0.0,0.0,0.0,0.0,0.0,0.0,0.0,0.0,0.0,0.0,0.0,0.0,0.0,0.0,0.0,0.0,0.0,8.0,2.0,1.0
2187,18.344859000000007,0,8.341,1.9258,1.5291,1.603,0.1623,0.0044,0.0072,0.0002,0.0253,0.0398,0.0025,0.0008,0.012,0.0002,0.0016,0.0025,0.0001,0.0001,0.0083,0.0018,0.0005,0.0002,0.002,0.0832,0.0159,0.0,0.0035,0.0,95.0,0.0,32.0,63.0,24.0,0.0,0.0,0.0,0.0,0.0,0.0,0.0,0.0,0.0,0.0,0.0,0.0,0.0,0.0,0.0,0.0,0.0,0.0,8.0,2.0,1.0
2188,18.353200000000008,0,8.2996,1.7336,1.6407,1.4672,0.1679,0.0044,0.0042,0.0002,0.0377,0.0496,0.0024,0.0009,0.0125,0.0002,0.0022,0.0017,0.0001,0.0001,0.0098,0.0014,0.0005,0.0001,0.0019,0.0945,0.0171,0.0,0.004,0.0,95.0,0.0,32.0,63.0,24.0,0.0,0.0,0.0,0.0,0.0,0.0,0.0,0.0,0.0,0.0,0.0,0.0,0.0,0.0,0.0,0.0,0.0,0.0,8.0,2.0,1.0
2189,18.36149960000001,0,8.3626,1.7451,1.5534,1.4764,0.1483,0.0047,0.0042,0.0002,0.0288,0.0403,0.002,0.001,0.01,0.0001,0.0017,0.0016,0.0007,0.0001,0.0093,0.0017,0.0004,0.0,0.0017,0.0808,0.0164,0.0,0.0044,0.0,95.0,0.0,32.0,63.0,24.0,0.0,0.0,0.0,0.0,0.0,0.0,0.0,0.0,0.0,0.0,0.0,0.0,0.0,0.0,0.0,0.0,0.0,0.0,8.0,2.0,1.0
2190,18.36986220000001,0,8.6209,1.698,1.7663,1.4451,0.1643,0.003,0.0045,0.0002,0.0393,0.05,0.0025,0.001,0.0129,0.0001,0.0016,0.002,0.0001,0.0001,0.0093,0.0013,0.0005,0.0001,0.002,0.0954,0.0161,0.0,0.0043,0.0,95.0,0.0,32.0,63.0,24.0,0.0,0.0,0.0,0.0,0.0,0.0,0.0,0.0,0.0,0.0,0.0,0.0,0.0,0.0,0.0,0.0,0.0,0.0,8.0,2.0,1.0
2191,18.37848310000001,0,7.9586,1.7801,1.6176,1.4683,0.1669,0.0037,0.0042,0.0002,0.0316,0.0427,0.0026,0.0009,0.0134,0.0002,0.0015,0.0019,0.0001,0.0001,0.0089,0.0017,0.0005,0.0,0.0026,0.0884,0.022,0.0,0.004,0.0,95.0,0.0,32.0,63.0,24.0,0.0,0.0,0.0,0.0,0.0,0.0,0.0,0.0,0.0,0.0,0.0,0.0,0.0,0.0,0.0,0.0,0.0,0.0,8.0,2.0,1.0
2192,18.38644170000001,0,8.6385,2.1872,1.6689,1.5628,0.1691,0.0042,0.005,0.0003,0.038,0.0506,0.0023,0.001,0.0114,0.0001,0.0016,0.0022,0.0001,0.0001,0.01,0.0011,0.0005,0.0001,0.0023,0.0937,0.0191,0.0,0.0041,0.0,95.0,0.0,32.0,63.0,24.0,0.0,0.0,0.0,0.0,0.0,0.0,0.0,0.0,0.0,0.0,0.0,0.0,0.0,0.0,0.0,0.0,0.0,0.0,8.0,2.0,1.0
2193,18.39508020000001,0,8.2916,1.8838,1.7502,1.3867,0.1634,0.0047,0.0046,0.0003,0.0315,0.0445,0.0022,0.001,0.0087,0.0002,0.0022,0.0025,0.0001,0.0001,0.01,0.0011,0.0004,0.0001,0.0023,0.088,0.0155,0.0001,0.004,0.0,95.0,0.0,32.0,63.0,24.0,0.0,0.0,0.0,0.0,0.0,0.0,0.0,0.0,0.0,0.0,0.0,0.0,0.0,0.0,0.0,0.0,0.0,0.0,8.0,2.0,1.0
2194,18.40337180000001,0,8.1478,1.877,1.6559,1.5204,0.1606,0.0039,0.0035,0.0002,0.0373,0.0473,0.0021,0.0015,0.0119,0.0005,0.0016,0.0018,0.0001,0.0001,0.0084,0.0016,0.0005,0.0001,0.0018,0.0886,0.0158,0.0001,0.0041,0.0,95.0,0.0,32.0,63.0,24.0,0.0,0.0,0.0,0.0,0.0,0.0,0.0,0.0,0.0,0.0,0.0,0.0,0.0,0.0,0.0,0.0,0.0,0.0,8.0,2.0,1.0
2195,18.41151960000001,0,8.4637,1.7823,1.6209,1.3801,0.1606,0.0028,0.0037,0.0002,0.0315,0.0405,0.0024,0.0011,0.0131,0.0002,0.0023,0.0018,0.0002,0.0006,0.0096,0.0018,0.0005,0.0001,0.0019,0.0873,0.0171,0.0,0.0046,0.0,95.0,0.0,32.0,63.0,24.0,0.0,0.0,0.0,0.0,0.0,0.0,0.0,0.0,0.0,0.0,0.0,0.0,0.0,0.0,0.0,0.0,0.0,0.0,8.0,2.0,1.0
2196,18.41998330000001,0,8.1812,2.0168,1.5974,1.5134,0.1459,0.0027,0.0039,0.0002,0.0364,0.0454,0.0021,0.0011,0.0102,0.0007,0.0015,0.0017,0.0004,0.0001,0.0086,0.0012,0.0009,0.0002,0.0016,0.0833,0.0132,0.0001,0.004,0.0,95.0,0.0,32.0,63.0,24.0,0.0,0.0,0.0,0.0,0.0,0.0,0.0,0.0,0.0,0.0,0.0,0.0,0.0,0.0,0.0,0.0,0.0,0.0,8.0,2.0,1.0
2197,18.42816450000001,0,8.3292,1.7411,1.542,1.4533,0.1532,0.0032,0.004,0.0002,0.0285,0.0384,0.0025,0.0009,0.0109,0.0001,0.0016,0.0021,0.0001,0.0002,0.0097,0.0013,0.0005,0.0001,0.0021,0.0811,0.0147,0.0001,0.0042,0.0,95.0,0.0,32.0,63.0,24.0,0.0,0.0,0.0,0.0,0.0,0.0,0.0,0.0,0.0,0.0,0.0,0.0,0.0,0.0,0.0,0.0,0.0,0.0,8.0,2.0,1.0
2198,18.436493700000007,0,8.2981,1.7065,1.5733,1.5003,0.1509,0.0027,0.0034,0.0001,0.036,0.0446,0.0025,0.0009,0.012,0.0001,0.0016,0.002,0.0001,0.0002,0.0088,0.0013,0.0004,0.0001,0.002,0.0869,0.0151,0.0,0.0043,0.0,95.0,0.0,32.0,63.0,24.0,0.0,0.0,0.0,0.0,0.0,0.0,0.0,0.0,0.0,0.0,0.0,0.0,0.0,0.0,0.0,0.0,0.0,0.0,8.0,2.0,1.0
2199,18.444791800000008,0,8.3063,1.6533,1.4538,1.436,0.1501,0.0027,0.0035,0.0001,0.0286,0.0388,0.0024,0.0009,0.0132,0.0002,0.0022,0.0017,0.0001,0.0007,0.0091,0.0013,0.0008,0.0001,0.0019,0.0839,0.0151,0.0,0.0044,0.0,95.0,0.0,32.0,63.0,24.0,0.0,0.0,0.0,0.0,0.0,0.0,0.0,0.0,0.0,0.0,0.0,0.0,0.0,0.0,0.0,0.0,0.0,0.0,8.0,2.0,1.0
2200,18.45309810000001,0,8.3473,1.7256,1.4438,1.4437,0.1574,0.0028,0.004,0.0002,0.0393,0.0487,0.0022,0.0009,0.0112,0.0003,0.0014,0.0016,0.0001,0.0001,0.0091,0.0016,0.0005,0.0001,0.0018,0.091,0.0146,0.0001,0.0038,0.0,95.0,0.0,32.0,63.0,24.0,0.0,0.0,0.0,0.0,0.0,0.0,0.0,0.0,0.0,0.0,0.0,0.0,0.0,0.0,0.0,0.0,0.0,0.0,8.0,2.0,1.0
2201,18.46144540000001,0,8.2852,1.631,1.4629,1.3738,0.143,0.0036,0.0039,0.0002,0.0277,0.0379,0.0022,0.0008,0.0108,0.0002,0.0015,0.0017,0.0001,0.0001,0.0086,0.0014,0.0005,0.0001,0.0021,0.0774,0.0136,0.0,0.0035,0.0,95.0,0.0,32.0,63.0,24.0,0.0,0.0,0.0,0.0,0.0,0.0,0.0,0.0,0.0,0.0,0.0,0.0,0.0,0.0,0.0,0.0,0.0,0.0,8.0,2.0,1.0
2202,18.46973060000001,0,8.2442,1.8327,1.4152,1.4047,0.1485,0.0025,0.0037,0.0002,0.0373,0.0459,0.0023,0.0009,0.0098,0.0004,0.0015,0.0015,0.0004,0.0001,0.0086,0.0014,0.0007,0.0,0.0019,0.0851,0.0158,0.0,0.0046,0.0,95.0,0.0,32.0,63.0,24.0,0.0,0.0,0.0,0.0,0.0,0.0,0.0,0.0,0.0,0.0,0.0,0.0,0.0,0.0,0.0,0.0,0.0,0.0,8.0,2.0,1.0
2203,18.47797480000001,0,8.4391,1.7355,1.3992,1.4624,0.1555,0.0031,0.0044,0.0003,0.0308,0.0412,0.0023,0.0009,0.0126,0.0001,0.0017,0.0021,0.0001,0.0001,0.0089,0.0017,0.0005,0.0001,0.0019,0.085,0.0147,0.0,0.0042,0.0,95.0,0.0,32.0,63.0,24.0,0.0,0.0,0.0,0.0,0.0,0.0,0.0,0.0,0.0,0.0,0.0,0.0,0.0,0.0,0.0,0.0,0.0,0.0,8.0,2.0,1.0
2204,18.48641390000001,0,8.4263,1.7528,1.5305,1.2993,0.1412,0.0028,0.0031,0.0006,0.0346,0.0433,0.0019,0.0013,0.0102,0.0002,0.0019,0.0014,0.0001,0.0001,0.009,0.0011,0.0005,0.0002,0.0016,0.0814,0.0121,0.0,0.0046,0.0,95.0,0.0,32.0,63.0,24.0,0.0,0.0,0.0,0.0,0.0,0.0,0.0,0.0,0.0,0.0,0.0,0.0,0.0,0.0,0.0,0.0,0.0,0.0,8.0,2.0,1.0
2205,18.49484020000001,0,8.2575,1.5538,1.4609,1.4434,0.1443,0.0041,0.0037,0.0002,0.0291,0.0397,0.0023,0.0009,0.0098,0.0001,0.0015,0.002,0.0,0.0001,0.0086,0.0018,0.0005,0.0001,0.0019,0.0788,0.0136,0.0001,0.0042,0.0,95.0,0.0,32.0,63.0,26.0,0.0,0.0,0.0,0.0,0.0,0.0,0.0,0.0,0.0,0.0,0.0,0.0,0.0,0.0,0.0,0.0,0.0,0.0,8.0,2.0,1.0
2206,18.50309770000001,0,8.3181,1.7374,1.5125,1.5336,0.1509,0.003,0.0033,0.0001,0.0379,0.0463,0.0024,0.001,0.0123,0.0005,0.0017,0.0017,0.0001,0.0001,0.0087,0.0016,0.0005,0.0001,0.002,0.089,0.0159,0.0001,0.005,0.0,95.0,0.0,32.0,63.0,26.0,0.0,0.0,0.0,0.0,0.0,0.0,0.0,0.0,0.0,0.0,0.0,0.0,0.0,0.0,0.0,0.0,0.0,0.0,8.0,2.0,1.0
2207,18.51141580000001,0,8.3748,1.6099,1.4309,1.5651,0.1433,0.0033,0.0049,0.0002,0.0292,0.0395,0.0028,0.0008,0.0092,0.0002,0.0018,0.0017,0.0001,0.0001,0.0086,0.0013,0.0004,0.0001,0.002,0.0783,0.0125,0.0,0.0041,0.0,95.0,0.0,32.0,63.0,26.0,0.0,0.0,0.0,0.0,0.0,0.0,0.0,0.0,0.0,0.0,0.0,0.0,0.0,0.0,0.0,0.0,0.0,0.0,8.0,2.0,1.0
2208,18.519790600000007,0,8.4641,1.7603,1.6021,1.3415,0.2397,0.0067,0.0082,0.0004,0.0941,0.114,0.0058,0.0024,0.0244,0.0005,0.0035,0.0039,0.0007,0.0002,0.009,0.0013,0.0006,0.0,0.0018,0.1757,0.0133,0.0001,0.0042,0.0,95.0,0.0,32.0,63.0,26.0,0.0,0.0,0.0,0.0,0.0,0.0,0.0,0.0,0.0,0.0,0.0,0.0,0.0,0.0,0.0,0.0,0.0,0.0,8.0,2.0,1.0
2209,18.52825470000001,0,8.1535,1.8215,1.5188,1.5808,0.1454,0.003,0.0038,0.0002,0.0285,0.0379,0.0027,0.0009,0.0092,0.0001,0.0015,0.0017,0.0001,0.0001,0.0091,0.0017,0.0005,0.0001,0.002,0.0787,0.0145,0.0001,0.0046,0.0,95.0,0.0,32.0,63.0,26.0,0.0,0.0,0.0,0.0,0.0,0.0,0.0,0.0,0.0,0.0,0.0,0.0,0.0,0.0,0.0,0.0,0.0,0.0,8.0,2.0,1.0
2210,18.536408200000007,0,8.3464,1.6163,1.4652,1.4627,0.1538,0.0046,0.0062,0.0002,0.0329,0.0464,0.0023,0.0008,0.0102,0.0001,0.0016,0.0022,0.0001,0.0001,0.008,0.0016,0.0005,0.0001,0.002,0.0872,0.0151,0.0,0.0041,0.0,95.0,0.0,32.0,63.0,26.0,0.0,0.0,0.0,0.0,0.0,0.0,0.0,0.0,0.0,0.0,0.0,0.0,0.0,0.0,0.0,0.0,0.0,0.0,8.0,2.0,1.0
2211,18.544754600000008,0,8.3704,1.7543,1.4508,1.4946,0.147,0.0041,0.0043,0.0003,0.0264,0.0378,0.0022,0.0008,0.0103,0.0002,0.0016,0.002,0.0001,0.0001,0.0085,0.0019,0.0005,0.0001,0.002,0.0784,0.0132,0.0001,0.0047,0.0,95.0,0.0,32.0,63.0,26.0,0.0,0.0,0.0,0.0,0.0,0.0,0.0,0.0,0.0,0.0,0.0,0.0,0.0,0.0,0.0,0.0,0.0,0.0,8.0,2.0,1.0
2212,18.55312500000001,0,8.3958,1.8344,1.5941,1.308,0.1447,0.0028,0.0035,0.0002,0.0354,0.0441,0.0021,0.0013,0.0108,0.0006,0.0015,0.0015,0.0004,0.0001,0.0083,0.0012,0.0004,0.0,0.0017,0.0825,0.014,0.0001,0.0057,0.0,95.0,0.0,32.0,63.0,26.0,0.0,0.0,0.0,0.0,0.0,0.0,0.0,0.0,0.0,0.0,0.0,0.0,0.0,0.0,0.0,0.0,0.0,0.0,8.0,2.0,1.0
2213,18.561520800000007,0,8.1905,1.6648,1.5043,1.5317,0.1378,0.004,0.003,0.0003,0.0259,0.036,0.002,0.0008,0.0102,0.0005,0.0015,0.0017,0.0001,0.0001,0.0087,0.0011,0.0005,0.0001,0.0017,0.0741,0.0156,0.0,0.0057,0.0,95.0,0.0,32.0,63.0,26.0,0.0,0.0,0.0,0.0,0.0,0.0,0.0,0.0,0.0,0.0,0.0,0.0,0.0,0.0,0.0,0.0,0.0,0.0,8.0,2.0,1.0
2214,18.56971130000001,0,8.3476,1.6116,1.3742,1.3877,0.1393,0.003,0.0033,0.0002,0.0354,0.0435,0.0019,0.0008,0.01,0.0001,0.0019,0.0013,0.0001,0.0001,0.0079,0.0012,0.0004,0.0,0.0016,0.0798,0.0137,0.0,0.005,0.0,95.0,0.0,32.0,63.0,26.0,0.0,0.0,0.0,0.0,0.0,0.0,0.0,0.0,0.0,0.0,0.0,0.0,0.0,0.0,0.0,0.0,0.0,0.0,8.0,2.0,1.0
2215,18.57805890000001,0,8.3499,1.7456,1.4563,1.5969,0.1457,0.0045,0.004,0.0002,0.028,0.0391,0.0019,0.0009,0.0103,0.0002,0.0016,0.0016,0.0002,0.0001,0.0083,0.0011,0.0005,0.0,0.0017,0.0774,0.014,0.0001,0.0054,0.0,95.0,0.0,32.0,63.0,26.0,0.0,0.0,0.0,0.0,0.0,0.0,0.0,0.0,0.0,0.0,0.0,0.0,0.0,0.0,0.0,0.0,0.0,0.0,8.0,2.0,1.0
2216,18.586408800000008,0,8.3967,1.7558,1.4676,1.4769,0.1479,0.0027,0.004,0.0006,0.0341,0.0435,0.002,0.0014,0.0102,0.0005,0.0013,0.0016,0.0006,0.0001,0.008,0.0011,0.0004,0.0001,0.0016,0.0807,0.0123,0.0,0.0044,0.0,95.0,0.0,32.0,63.0,26.0,0.0,0.0,0.0,0.0,0.0,0.0,0.0,0.0,0.0,0.0,0.0,0.0,0.0,0.0,0.0,0.0,0.0,0.0,8.0,2.0,1.0
2217,18.594805500000007,0,8.2423,1.7315,1.4535,1.3987,0.1326,0.003,0.0038,0.0002,0.0243,0.0331,0.0018,0.001,0.0112,0.0002,0.0017,0.0015,0.0001,0.0001,0.0078,0.0012,0.0004,0.0002,0.0016,0.0731,0.0149,0.0,0.0046,0.0,95.0,0.0,32.0,63.0,24.0,0.0,0.0,0.0,0.0,0.0,0.0,0.0,0.0,0.0,0.0,0.0,0.0,0.0,0.0,0.0,0.0,0.0,0.0,8.0,2.0,1.0
2218,18.603047800000006,0,8.2939,1.6387,1.4297,1.4044,0.1419,0.0032,0.0038,0.0005,0.0327,0.0424,0.0019,0.0013,0.0118,0.0001,0.0017,0.0016,0.0001,0.0001,0.0078,0.0011,0.0004,0.0001,0.0021,0.0808,0.013,0.0001,0.0036,0.0,95.0,0.0,32.0,63.0,24.0,0.0,0.0,0.0,0.0,0.0,0.0,0.0,0.0,0.0,0.0,0.0,0.0,0.0,0.0,0.0,0.0,0.0,0.0,8.0,2.0,1.0
2219,18.611341700000008,0,8.4015,1.756,1.3878,1.4152,0.1466,0.0045,0.0046,0.0002,0.0313,0.043,0.0022,0.0009,0.0114,0.0002,0.0016,0.0015,0.0,0.0002,0.0091,0.0012,0.0005,0.0,0.0018,0.0824,0.0134,0.0,0.0047,0.0,95.0,0.0,32.0,63.0,24.0,0.0,0.0,0.0,0.0,0.0,0.0,0.0,0.0,0.0,0.0,0.0,0.0,0.0,0.0,0.0,0.0,0.0,0.0,8.0,2.0,1.0
2220,18.61974320000001,0,8.2721,1.6044,1.444,1.5118,0.149,0.0031,0.0039,0.0002,0.0369,0.0463,0.0025,0.0008,0.0099,0.0002,0.0015,0.0019,0.0,0.0001,0.008,0.0013,0.0005,0.0001,0.0021,0.084,0.014,0.0,0.0042,0.0,95.0,0.0,32.0,63.0,24.0,0.0,0.0,0.0,0.0,0.0,0.0,0.0,0.0,0.0,0.0,0.0,0.0,0.0,0.0,0.0,0.0,0.0,0.0,8.0,2.0,1.0
2221,18.62801530000001,0,8.2889,1.6349,1.3248,1.4268,0.1339,0.0028,0.004,0.0003,0.0288,0.0382,0.002,0.0007,0.008,0.0001,0.0016,0.0014,0.0001,0.0001,0.0071,0.0017,0.0004,0.0001,0.0016,0.0735,0.0116,0.0,0.004,0.0,95.0,0.0,32.0,63.0,24.0,0.0,0.0,0.0,0.0,0.0,0.0,0.0,0.0,0.0,0.0,0.0,0.0,0.0,0.0,0.0,0.0,0.0,0.0,8.0,2.0,1.0
2222,18.63630420000001,0,8.4503,1.6914,1.415,1.3872,0.1576,0.0036,0.0051,0.0002,0.0345,0.0462,0.0023,0.0011,0.0106,0.0002,0.0019,0.0015,0.0,0.0002,0.0082,0.0013,0.0005,0.0,0.0019,0.0858,0.0126,0.0,0.004,0.0,95.0,0.0,32.0,63.0,24.0,0.0,0.0,0.0,0.0,0.0,0.0,0.0,0.0,0.0,0.0,0.0,0.0,0.0,0.0,0.0,0.0,0.0,0.0,8.0,2.0,1.0
2223,18.64475450000001,0,8.3541,1.6283,1.5076,1.4518,0.1462,0.0046,0.0049,0.0003,0.0264,0.0386,0.003,0.0008,0.0118,0.0001,0.0022,0.002,0.0,0.0002,0.007,0.0013,0.0005,0.0,0.0021,0.0794,0.0145,0.0,0.0049,0.0,95.0,0.0,32.0,63.0,24.0,0.0,0.0,0.0,0.0,0.0,0.0,0.0,0.0,0.0,0.0,0.0,0.0,0.0,0.0,0.0,0.0,0.0,0.0,8.0,2.0,1.0
2224,18.653108600000007,0,8.3052,1.7504,1.4392,1.4929,0.1504,0.003,0.0043,0.0002,0.0372,0.0468,0.0029,0.0007,0.0119,0.0002,0.0017,0.0015,0.0001,0.0002,0.0077,0.0013,0.0004,0.0001,0.0021,0.0872,0.0145,0.0,0.0035,0.0,95.0,0.0,32.0,63.0,24.0,0.0,0.0,0.0,0.0,0.0,0.0,0.0,0.0,0.0,0.0,0.0,0.0,0.0,0.0,0.0,0.0,0.0,0.0,8.0,2.0,1.0
2225,18.661413800000005,0,8.5791,1.8632,1.6142,1.531,0.1904,0.0048,0.0085,0.0003,0.0186,0.036,0.0037,0.001,0.0156,0.0002,0.0024,0.0031,0.0001,0.0002,0.0138,0.0018,0.0011,0.0001,0.0026,0.0963,0.0187,0.0001,0.0035,0.0,95.0,0.0,32.0,63.0,24.0,0.0,0.0,0.0,0.0,0.0,0.0,0.0,0.0,0.0,0.0,0.0,0.0,0.0,0.0,0.0,0.0,0.0,0.0,8.0,2.0,1.0
2226,18.669992900000004,0,8.2061,1.9521,1.6389,1.5418,0.1622,0.005,0.0057,0.0002,0.0363,0.0503,0.0026,0.001,0.0103,0.0001,0.0015,0.0021,0.0001,0.0001,0.009,0.0014,0.0006,0.0,0.002,0.092,0.0147,0.0,0.0035,0.0,95.0,0.0,32.0,63.0,24.0,0.0,0.0,0.0,0.0,0.0,0.0,0.0,0.0,0.0,0.0,0.0,0.0,0.0,0.0,0.0,0.0,0.0,0.0,8.0,2.0,1.0
2227,18.678199000000003,0,8.205,1.9121,1.4725,1.5972,0.1542,0.003,0.0043,0.0002,0.0288,0.0389,0.0024,0.0009,0.0131,0.0001,0.0017,0.002,0.0001,0.0001,0.0087,0.0013,0.0004,0.0,0.0021,0.082,0.0158,0.0,0.0037,0.0,95.0,0.0,32.0,63.0,24.0,0.0,0.0,0.0,0.0,0.0,0.0,0.0,0.0,0.0,0.0,0.0,0.0,0.0,0.0,0.0,0.0,0.0,0.0,8.0,2.0,1.0
2228,18.686404000000003,0,8.3924,1.7549,1.5205,1.4522,0.1385,0.0026,0.0034,0.0002,0.0345,0.0429,0.0019,0.0007,0.0097,0.0001,0.0014,0.0014,0.0001,0.0001,0.0084,0.0012,0.0004,0.0001,0.0017,0.0796,0.0138,0.0,0.0033,0.0,95.0,0.0,32.0,63.0,24.0,0.0,0.0,0.0,0.0,0.0,0.0,0.0,0.0,0.0,0.0,0.0,0.0,0.0,0.0,0.0,0.0,0.0,0.0,8.0,2.0,1.0
2229,18.694796400000005,0,8.2172,1.6132,1.3884,1.3144,0.1514,0.0034,0.0039,0.0002,0.0307,0.0407,0.0024,0.0014,0.012,0.0001,0.0018,0.0015,0.0,0.0001,0.0087,0.0012,0.0009,0.0,0.0018,0.0829,0.0162,0.0001,0.0034,0.0,95.0,0.0,32.0,63.0,24.0,0.0,0.0,0.0,0.0,0.0,0.0,0.0,0.0,0.0,0.0,0.0,0.0,0.0,0.0,0.0,0.0,0.0,0.0,8.0,2.0,1.0
2230,18.703013600000006,0,8.3958,1.6069,1.4837,1.2578,0.1466,0.0031,0.0037,0.0001,0.0375,0.0468,0.0021,0.0008,0.0114,0.0001,0.0018,0.0013,0.0001,0.0001,0.0088,0.0012,0.0004,0.0,0.002,0.0859,0.0118,0.0001,0.0051,0.0,95.0,0.0,32.0,63.0,24.0,0.0,0.0,0.0,0.0,0.0,0.0,0.0,0.0,0.0,0.0,0.0,0.0,0.0,0.0,0.0,0.0,0.0,0.0,8.0,2.0,1.0
2231,18.711409400000004,0,8.3034,1.6871,1.3831,1.5112,0.1536,0.0051,0.0041,0.0002,0.0319,0.0437,0.0023,0.0008,0.0121,0.0002,0.0015,0.0021,0.0001,0.0001,0.0085,0.0012,0.0005,0.0001,0.002,0.0863,0.0138,0.0001,0.0038,0.0,95.0,0.0,32.0,63.0,24.0,0.0,0.0,0.0,0.0,0.0,0.0,0.0,0.0,0.0,0.0,0.0,0.0,0.0,0.0,0.0,0.0,0.0,0.0,8.0,2.0,1.0
2232,18.719712800000003,0,8.3842,1.6958,1.4487,1.4812,0.1605,0.0031,0.0043,0.0002,0.0418,0.0517,0.0026,0.0008,0.0113,0.0001,0.0018,0.0015,0.0001,0.0001,0.0094,0.0012,0.0005,0.0001,0.002,0.0926,0.016,0.0001,0.0056,0.0,95.0,0.0,32.0,63.0,24.0,0.0,0.0,0.0,0.0,0.0,0.0,0.0,0.0,0.0,0.0,0.0,0.0,0.0,0.0,0.0,0.0,0.0,0.0,8.0,2.0,1.0
2233,18.728097,0,8.2569,1.8616,1.3699,1.4691,0.1398,0.0046,0.0043,0.0005,0.0272,0.0389,0.0022,0.0009,0.0108,0.0006,0.0014,0.0015,0.0001,0.0001,0.008,0.0011,0.0004,0.0,0.002,0.0781,0.0127,0.0,0.0037,0.0,95.0,0.0,32.0,63.0,24.0,0.0,0.0,0.0,0.0,0.0,0.0,0.0,0.0,0.0,0.0,0.0,0.0,0.0,0.0,0.0,0.0,0.0,0.0,8.0,2.0,1.0
2234,18.7363539,0,8.4315,1.6153,1.3769,1.5,0.1437,0.0028,0.0037,0.0002,0.0353,0.0444,0.0025,0.001,0.0107,0.0001,0.0013,0.0019,0.0001,0.0001,0.0079,0.0012,0.0008,0.0001,0.0017,0.0813,0.015,0.0,0.0033,0.0,95.0,0.0,32.0,63.0,24.0,0.0,0.0,0.0,0.0,0.0,0.0,0.0,0.0,0.0,0.0,0.0,0.0,0.0,0.0,0.0,0.0,0.0,0.0,8.0,2.0,1.0
2235,18.7447854,0,8.2712,1.7325,1.5515,1.4067,0.1503,0.0047,0.0045,0.0002,0.0286,0.0404,0.0022,0.0008,0.0105,0.0004,0.0016,0.0019,0.0001,0.0001,0.0088,0.0017,0.0004,0.0,0.002,0.0817,0.0155,0.0,0.004,0.0,95.0,0.0,32.0,63.0,24.0,0.0,0.0,0.0,0.0,0.0,0.0,0.0,0.0,0.0,0.0,0.0,0.0,0.0,0.0,0.0,0.0,0.0,0.0,8.0,2.0,1.0
2236,18.7530566,0,8.3583,1.813,1.4332,1.3194,0.1593,0.0041,0.0042,0.0002,0.0369,0.0482,0.003,0.0007,0.0127,0.0001,0.0015,0.0016,0.0001,0.0002,0.0085,0.0012,0.001,0.0001,0.002,0.0913,0.015,0.0001,0.0042,0.0,95.0,0.0,32.0,63.0,24.0,0.0,0.0,0.0,0.0,0.0,0.0,0.0,0.0,0.0,0.0,0.0,0.0,0.0,0.0,0.0,0.0,0.0,0.0,8.0,2.0,1.0
2237,18.761414900000002,0,8.4041,1.737,1.5466,1.4943,0.1361,0.0039,0.004,0.0001,0.0277,0.0385,0.0021,0.001,0.0104,0.0001,0.0017,0.0015,0.0001,0.0001,0.0078,0.0016,0.0004,0.0,0.0016,0.075,0.0136,0.0001,0.0036,0.0,95.0,0.0,32.0,63.0,24.0,0.0,0.0,0.0,0.0,0.0,0.0,0.0,0.0,0.0,0.0,0.0,0.0,0.0,0.0,0.0,0.0,0.0,0.0,8.0,2.0,1.0
2238,18.769819000000002,0,8.4691,1.858,1.4766,1.5021,0.1695,0.0053,0.0059,0.0002,0.0324,0.0465,0.0031,0.0012,0.0122,0.0006,0.0018,0.0016,0.0001,0.0001,0.0096,0.0014,0.0004,0.0001,0.0027,0.0912,0.0185,0.0,0.004,0.0,95.0,0.0,32.0,63.0,24.0,0.0,0.0,0.0,0.0,0.0,0.0,0.0,0.0,0.0,0.0,0.0,0.0,0.0,0.0,0.0,0.0,0.0,0.0,8.0,2.0,1.0
2239,18.7782881,0,8.1949,2.0707,1.6987,1.7265,0.1318,0.0029,0.0041,0.0002,0.0253,0.035,0.0018,0.0006,0.0074,0.0002,0.0013,0.002,0.0001,0.0002,0.0085,0.0016,0.0004,0.0001,0.0016,0.0707,0.0128,0.0,0.005,0.0,95.0,0.0,32.0,63.0,24.0,0.0,0.0,0.0,0.0,0.0,0.0,0.0,0.0,0.0,0.0,0.0,0.0,0.0,0.0,0.0,0.0,0.0,0.0,8.0,2.0,1.0
2240,18.786483,0,8.2653,1.8767,1.4589,1.4562,0.1625,0.0031,0.0039,0.0002,0.0364,0.0458,0.0022,0.0008,0.0116,0.0001,0.0016,0.0015,0.0001,0.0001,0.0092,0.0013,0.0005,0.0005,0.002,0.0939,0.0147,0.0,0.0039,0.0,95.0,0.0,32.0,63.0,24.0,0.0,0.0,0.0,0.0,0.0,0.0,0.0,0.0,0.0,0.0,0.0,0.0,0.0,0.0,0.0,0.0,0.0,0.0,8.0,2.0,1.0
2241,18.794748300000002,0,8.29,1.7834,1.3836,1.4341,0.1453,0.0043,0.0043,0.0002,0.0292,0.0407,0.0024,0.0007,0.0104,0.0002,0.0014,0.0019,0.0001,0.0002,0.0087,0.0017,0.0004,0.0001,0.0019,0.0806,0.0146,0.0,0.0036,0.0,95.0,0.0,32.0,63.0,24.0,0.0,0.0,0.0,0.0,0.0,0.0,0.0,0.0,0.0,0.0,0.0,0.0,0.0,0.0,0.0,0.0,0.0,0.0,8.0,2.0,1.0
2242,18.8030383,0,8.4053,1.705,1.4602,1.411,0.1552,0.0034,0.004,0.0002,0.0365,0.0469,0.0029,0.0016,0.0124,0.0005,0.0015,0.0017,0.0001,0.0001,0.0081,0.0018,0.0004,0.0001,0.0019,0.0892,0.0153,0.0,0.0034,0.0,95.0,0.0,32.0,63.0,24.0,0.0,0.0,0.0,0.0,0.0,0.0,0.0,0.0,0.0,0.0,0.0,0.0,0.0,0.0,0.0,0.0,0.0,0.0,8.0,2.0,1.0
2243,18.8114436,0,8.3515,1.7526,1.4689,1.4227,0.1359,0.0031,0.0039,0.0002,0.0262,0.0353,0.002,0.0008,0.0078,0.0001,0.0021,0.0016,0.0001,0.0001,0.0089,0.0011,0.0004,0.0001,0.0017,0.072,0.0131,0.0,0.0042,0.0,95.0,0.0,32.0,63.0,24.0,0.0,0.0,0.0,0.0,0.0,0.0,0.0,0.0,0.0,0.0,0.0,0.0,0.0,0.0,0.0,0.0,0.0,0.0,8.0,2.0,1.0
2244,18.8197951,0,8.3304,1.7498,1.5468,1.5178,0.1508,0.0028,0.0032,0.0002,0.0359,0.0441,0.0025,0.0006,0.0122,0.0001,0.0014,0.0021,0.0001,0.0001,0.0086,0.0018,0.0005,0.0,0.0019,0.0866,0.0171,0.0,0.0029,0.0,95.0,0.0,32.0,63.0,24.0,0.0,0.0,0.0,0.0,0.0,0.0,0.0,0.0,0.0,0.0,0.0,0.0,0.0,0.0,0.0,0.0,0.0,0.0,8.0,2.0,1.0
2245,18.8281255,0,8.2392,1.8139,1.4313,1.6965,0.1532,0.0047,0.004,0.0002,0.0295,0.0414,0.0023,0.0009,0.0121,0.0001,0.0021,0.0016,0.0,0.0001,0.0084,0.0013,0.0004,0.0,0.002,0.0832,0.0158,0.0001,0.0039,0.0,95.0,0.0,32.0,63.0,24.0,0.0,0.0,0.0,0.0,0.0,0.0,0.0,0.0,0.0,0.0,0.0,0.0,0.0,0.0,0.0,0.0,0.0,0.0,8.0,2.0,1.0
2246,18.836364699999997,0,8.3965,1.6256,1.4141,1.3813,0.145,0.003,0.0043,0.0002,0.036,0.0457,0.0022,0.0008,0.0105,0.0002,0.002,0.0014,0.0002,0.0001,0.0084,0.0011,0.0004,0.0001,0.0017,0.0835,0.0114,0.0,0.0036,0.0,95.0,0.0,32.0,63.0,24.0,0.0,0.0,0.0,0.0,0.0,0.0,0.0,0.0,0.0,0.0,0.0,0.0,0.0,0.0,0.0,0.0,0.0,0.0,8.0,2.0,1.0
2247,18.844761199999997,0,8.3798,1.6687,1.4763,1.6984,0.1507,0.0045,0.0054,0.0002,0.0251,0.0381,0.0023,0.0009,0.0104,0.0001,0.0017,0.0018,0.0001,0.0002,0.0086,0.0017,0.0005,0.0001,0.0025,0.0785,0.0176,0.0001,0.0044,0.0,95.0,0.0,32.0,63.0,24.0,0.0,0.0,0.0,0.0,0.0,0.0,0.0,0.0,0.0,0.0,0.0,0.0,0.0,0.0,0.0,0.0,0.0,0.0,8.0,2.0,1.0
2248,18.853140999999997,0,8.3105,1.8906,1.5569,1.6321,0.1619,0.0045,0.0046,0.0002,0.0385,0.0503,0.0022,0.0009,0.0114,0.0001,0.0016,0.0016,0.0005,0.0001,0.0089,0.0018,0.0006,0.0,0.0019,0.0927,0.0159,0.0,0.004,0.0,95.0,0.0,32.0,63.0,24.0,0.0,0.0,0.0,0.0,0.0,0.0,0.0,0.0,0.0,0.0,0.0,0.0,0.0,0.0,0.0,0.0,0.0,0.0,8.0,2.0,1.0
2249,18.861451499999998,0,8.3662,1.6938,1.477,1.5158,0.1342,0.0027,0.0033,0.0002,0.0317,0.04,0.0018,0.0008,0.0113,0.0001,0.0015,0.0014,0.0,0.0002,0.0077,0.0012,0.0004,0.0,0.0017,0.0773,0.0117,0.0001,0.0049,0.0,95.0,0.0,32.0,63.0,24.0,0.0,0.0,0.0,0.0,0.0,0.0,0.0,0.0,0.0,0.0,0.0,0.0,0.0,0.0,0.0,0.0,0.0,0.0,8.0,2.0,1.0
2250,18.8698177,0,8.224,1.872,1.4259,1.4476,0.1462,0.0047,0.0055,0.0002,0.0301,0.0429,0.0022,0.0011,0.0106,0.0002,0.0019,0.0014,0.0,0.0006,0.0086,0.0013,0.0005,0.0001,0.002,0.082,0.0142,0.0001,0.0044,0.0,95.0,0.0,32.0,63.0,24.0,0.0,0.0,0.0,0.0,0.0,0.0,0.0,0.0,0.0,0.0,0.0,0.0,0.0,0.0,0.0,0.0,0.0,0.0,8.0,2.0,1.0
2251,18.878041699999997,0,8.3965,1.7479,1.4613,1.4871,0.1447,0.0039,0.0038,0.0002,0.0317,0.0418,0.002,0.0008,0.0102,0.0002,0.0015,0.0016,0.0005,0.0002,0.0086,0.0012,0.0004,0.0,0.0016,0.0817,0.0134,0.0,0.0048,0.0,95.0,0.0,32.0,63.0,24.0,0.0,0.0,0.0,0.0,0.0,0.0,0.0,0.0,0.0,0.0,0.0,0.0,0.0,0.0,0.0,0.0,0.0,0.0,8.0,2.0,1.0
2252,18.886438199999997,0,8.3093,1.8625,1.4704,1.4576,0.1381,0.0029,0.0034,0.0001,0.0351,0.0435,0.0019,0.0007,0.0104,0.0001,0.0013,0.0017,0.0,0.0001,0.008,0.0012,0.0004,0.0001,0.0017,0.0801,0.0111,0.0,0.0042,0.0,95.0,0.0,32.0,63.0,24.0,0.0,0.0,0.0,0.0,0.0,0.0,0.0,0.0,0.0,0.0,0.0,0.0,0.0,0.0,0.0,0.0,0.0,0.0,8.0,2.0,1.0
2253,18.894747499999998,0,8.3678,1.7365,1.465,1.4084,0.1478,0.0046,0.0042,0.0002,0.0282,0.0401,0.0023,0.0009,0.0107,0.0005,0.0016,0.0016,0.0002,0.0002,0.0086,0.0014,0.0004,0.0001,0.0024,0.0812,0.0158,0.0,0.0044,0.0,95.0,0.0,32.0,63.0,24.0,0.0,0.0,0.0,0.0,0.0,0.0,0.0,0.0,0.0,0.0,0.0,0.0,0.0,0.0,0.0,0.0,0.0,0.0,8.0,2.0,1.0
2254,18.903115299999996,0,8.3229,1.6503,1.4356,1.5097,0.1518,0.0032,0.0043,0.0003,0.0361,0.0461,0.0022,0.001,0.0108,0.0001,0.0019,0.0016,0.0001,0.0001,0.0089,0.0013,0.0009,0.0001,0.0019,0.0865,0.0147,0.0001,0.0046,0.0,95.0,0.0,32.0,63.0,24.0,0.0,0.0,0.0,0.0,0.0,0.0,0.0,0.0,0.0,0.0,0.0,0.0,0.0,0.0,0.0,0.0,0.0,0.0,8.0,2.0,1.0
2255,18.911438199999996,0,8.3748,1.6165,1.5197,1.5454,0.1505,0.0046,0.0041,0.0003,0.0281,0.0401,0.0027,0.0008,0.0112,0.0002,0.0021,0.0017,0.0001,0.0001,0.0086,0.0012,0.0004,0.0001,0.0017,0.0807,0.0149,0.0,0.0051,0.0,95.0,0.0,32.0,63.0,24.0,0.0,0.0,0.0,0.0,0.0,0.0,0.0,0.0,0.0,0.0,0.0,0.0,0.0,0.0,0.0,0.0,0.0,0.0,8.0,2.0,1.0
2256,18.919812999999994,0,8.2051,1.8226,1.4466,1.4118,0.15,0.0047,0.0041,0.0002,0.038,0.0495,0.0021,0.0007,0.0094,0.0002,0.0015,0.0015,0.0,0.0001,0.0086,0.0013,0.0005,0.0,0.0019,0.0866,0.0123,0.0,0.0041,0.0,95.0,0.0,32.0,63.0,24.0,0.0,0.0,0.0,0.0,0.0,0.0,0.0,0.0,0.0,0.0,0.0,0.0,0.0,0.0,0.0,0.0,0.0,0.0,8.0,2.0,1.0
2257,18.928018099999996,0,8.3537,1.8029,1.4116,1.5245,0.1353,0.0033,0.0036,0.0002,0.0255,0.0356,0.002,0.0008,0.01,0.0002,0.0016,0.0014,0.0001,0.0001,0.0085,0.0011,0.0004,0.0001,0.0017,0.0731,0.0118,0.0,0.0038,0.0,95.0,0.0,32.0,63.0,24.0,0.0,0.0,0.0,0.0,0.0,0.0,0.0,0.0,0.0,0.0,0.0,0.0,0.0,0.0,0.0,0.0,0.0,0.0,8.0,2.0,1.0
2258,18.936371799999996,0,8.3188,1.858,1.4034,1.4842,0.152,0.0047,0.0039,0.0002,0.0364,0.048,0.0023,0.0009,0.0111,0.0002,0.0014,0.0015,0.0001,0.0002,0.0087,0.0013,0.001,0.0001,0.002,0.089,0.011,0.0,0.004,0.0,95.0,0.0,32.0,63.0,24.0,0.0,0.0,0.0,0.0,0.0,0.0,0.0,0.0,0.0,0.0,0.0,0.0,0.0,0.0,0.0,0.0,0.0,0.0,8.0,2.0,1.0
2259,18.944690599999998,0,8.4276,1.7948,1.3967,1.4378,0.1417,0.0032,0.004,0.0002,0.0274,0.0372,0.0022,0.0007,0.0112,0.0002,0.0014,0.0017,0.0001,0.0001,0.0091,0.0013,0.0005,0.0,0.002,0.0777,0.0129,0.0001,0.0042,0.0,95.0,0.0,32.0,63.0,24.0,0.0,0.0,0.0,0.0,0.0,0.0,0.0,0.0,0.0,0.0,0.0,0.0,0.0,0.0,0.0,0.0,0.0,0.0,8.0,2.0,1.0
2260,18.9531182,0,8.3421,1.72,1.5126,1.4622,0.1547,0.0049,0.004,0.0002,0.0364,0.0479,0.0021,0.0008,0.0101,0.0001,0.0016,0.0016,0.0001,0.0001,0.0084,0.0012,0.0005,0.0,0.0015,0.0862,0.0172,0.0,0.0031,0.0,95.0,0.0,32.0,63.0,24.0,0.0,0.0,0.0,0.0,0.0,0.0,0.0,0.0,0.0,0.0,0.0,0.0,0.0,0.0,0.0,0.0,0.0,0.0,8.0,2.0,1.0
2261,18.9614603,0,8.615,1.8726,1.6393,1.8343,0.1638,0.0032,0.0034,0.0001,0.0323,0.0418,0.0025,0.001,0.0127,0.0001,0.0021,0.0018,0.0001,0.0002,0.0093,0.0013,0.0006,0.0001,0.002,0.0884,0.017,0.0001,0.0045,0.0,95.0,0.0,32.0,63.0,24.0,0.0,0.0,0.0,0.0,0.0,0.0,0.0,0.0,0.0,0.0,0.0,0.0,0.0,0.0,0.0,0.0,0.0,0.0,8.0,2.0,1.0
2262,18.970075299999998,0,8.1888,1.9519,1.7029,1.5128,0.1511,0.0045,0.0038,0.0002,0.0353,0.046,0.0022,0.0006,0.0111,0.0001,0.0013,0.0019,0.0001,0.0002,0.0088,0.0017,0.0005,0.0,0.0019,0.087,0.0134,0.0,0.0054,0.0,95.0,0.0,32.0,63.0,24.0,0.0,0.0,0.0,0.0,0.0,0.0,0.0,0.0,0.0,0.0,0.0,0.0,0.0,0.0,0.0,0.0,0.0,0.0,8.0,2.0,1.0
2263,18.978264099999997,0,8.2373,1.8165,1.5836,1.5113,0.1481,0.0033,0.0042,0.0002,0.0288,0.0385,0.0022,0.0007,0.0105,0.0001,0.0021,0.0017,0.0001,0.0001,0.0093,0.0013,0.0005,0.0001,0.002,0.0793,0.0158,0.0,0.005,0.0,95.0,0.0,32.0,63.0,24.0,0.0,0.0,0.0,0.0,0.0,0.0,0.0,0.0,0.0,0.0,0.0,0.0,0.0,0.0,0.0,0.0,0.0,0.0,8.0,2.0,1.0
2264,18.986501399999998,0,8.3074,1.8139,1.5285,1.5502,0.1486,0.0045,0.0041,0.0002,0.0345,0.0462,0.0022,0.0007,0.0098,0.0002,0.0016,0.0017,0.0001,0.0001,0.0084,0.0017,0.0005,0.0,0.0017,0.0841,0.0111,0.0,0.0047,0.0,95.0,0.0,32.0,63.0,24.0,0.0,0.0,0.0,0.0,0.0,0.0,0.0,0.0,0.0,0.0,0.0,0.0,0.0,0.0,0.0,0.0,0.0,0.0,8.0,2.0,1.0
2265,18.994808799999998,0,8.2707,1.7565,1.4684,1.4735,0.1441,0.0032,0.0047,0.0002,0.0276,0.0384,0.0025,0.0007,0.01,0.0002,0.0016,0.0018,0.0001,0.0001,0.0085,0.0013,0.0004,0.0001,0.0019,0.0782,0.0137,0.0,0.0037,0.0,95.0,0.0,32.0,63.0,24.0,0.0,0.0,0.0,0.0,0.0,0.0,0.0,0.0,0.0,0.0,0.0,0.0,0.0,0.0,0.0,0.0,0.0,0.0,8.0,2.0,1.0
2266,19.0030795,0,8.3416,1.5894,1.4526,1.387,0.1492,0.0041,0.0055,0.0003,0.0299,0.042,0.0022,0.0008,0.0106,0.0002,0.0014,0.0014,0.0001,0.0001,0.0087,0.0013,0.0005,0.0001,0.002,0.0824,0.0148,0.0,0.0044,0.0,95.0,0.0,32.0,63.0,24.0,0.0,0.0,0.0,0.0,0.0,0.0,0.0,0.0,0.0,0.0,0.0,0.0,0.0,0.0,0.0,0.0,0.0,0.0,8.0,2.0,1.0
2267,19.0114211,0,8.3916,1.5921,1.4349,1.4554,0.1378,0.0042,0.0032,0.0002,0.0272,0.0373,0.0025,0.0007,0.0083,0.0001,0.0018,0.0014,0.0001,0.0001,0.0083,0.0012,0.0004,0.0,0.0016,0.073,0.013,0.0,0.0036,0.0,95.0,0.0,32.0,63.0,24.0,0.0,0.0,0.0,0.0,0.0,0.0,0.0,0.0,0.0,0.0,0.0,0.0,0.0,0.0,0.0,0.0,0.0,0.0,8.0,2.0,1.0
2268,19.0198127,0,8.3422,1.695,1.5743,1.3565,0.1578,0.0029,0.0033,0.0004,0.0394,0.0481,0.0025,0.001,0.0119,0.0002,0.002,0.0016,0.0001,0.0001,0.0092,0.0015,0.0005,0.0001,0.0019,0.0919,0.0157,0.0,0.0038,0.0,95.0,0.0,32.0,63.0,24.0,0.0,0.0,0.0,0.0,0.0,0.0,0.0,0.0,0.0,0.0,0.0,0.0,0.0,0.0,0.0,0.0,0.0,0.0,8.0,2.0,1.0
2269,19.0281549,0,8.3341,2.0491,1.5242,1.4533,0.1518,0.0029,0.0043,0.0002,0.0297,0.0395,0.0024,0.0012,0.0115,0.0001,0.0017,0.0016,0.0004,0.0001,0.009,0.0012,0.0006,0.0002,0.0021,0.0818,0.0153,0.0001,0.0039,0.0,95.0,0.0,32.0,63.0,24.0,0.0,0.0,0.0,0.0,0.0,0.0,0.0,0.0,0.0,0.0,0.0,0.0,0.0,0.0,0.0,0.0,0.0,0.0,8.0,2.0,1.0
2270,19.036489,0,8.1662,1.839,1.4447,1.4932,0.1449,0.0042,0.0041,0.0002,0.0316,0.0427,0.0019,0.0007,0.0093,0.0006,0.0014,0.0012,0.0,0.0001,0.0085,0.001,0.0004,0.0,0.0016,0.0789,0.0191,0.0,0.0036,0.0,95.0,0.0,32.0,63.0,24.0,0.0,0.0,0.0,0.0,0.0,0.0,0.0,0.0,0.0,0.0,0.0,0.0,0.0,0.0,0.0,0.0,0.0,0.0,8.0,2.0,1.0
2271,19.0446552,0,8.4172,1.7923,1.385,1.4251,0.1531,0.0049,0.0055,0.0002,0.0295,0.0424,0.0026,0.0012,0.0113,0.0002,0.0021,0.0016,0.0001,0.0002,0.0094,0.0017,0.0006,0.0,0.002,0.0846,0.0155,0.0,0.0032,0.0,95.0,0.0,32.0,63.0,24.0,0.0,0.0,0.0,0.0,0.0,0.0,0.0,0.0,0.0,0.0,0.0,0.0,0.0,0.0,0.0,0.0,0.0,0.0,8.0,2.0,1.0
2272,19.0530724,0,8.3632,1.7585,1.4782,1.3441,0.1526,0.0043,0.0044,0.0002,0.0387,0.0498,0.0024,0.0008,0.0098,0.0001,0.0013,0.0015,0.0001,0.0001,0.0088,0.0016,0.0005,0.0,0.0017,0.0879,0.0136,0.0,0.0037,0.0,95.0,0.0,32.0,63.0,24.0,0.0,0.0,0.0,0.0,0.0,0.0,0.0,0.0,0.0,0.0,0.0,0.0,0.0,0.0,0.0,0.0,0.0,0.0,8.0,2.0,1.0
2273,19.061435600000003,0,8.3245,1.8327,1.4297,1.4537,0.1464,0.0029,0.0038,0.0002,0.0278,0.0371,0.0023,0.0007,0.0103,0.0005,0.0016,0.0015,0.0001,0.0001,0.009,0.0013,0.0005,0.0001,0.002,0.0778,0.0171,0.0001,0.0046,0.0,95.0,0.0,32.0,63.0,24.0,0.0,0.0,0.0,0.0,0.0,0.0,0.0,0.0,0.0,0.0,0.0,0.0,0.0,0.0,0.0,0.0,0.0,0.0,8.0,2.0,1.0
2274,19.069760100000003,0,8.3323,1.7585,1.4683,1.6162,0.1469,0.0029,0.0038,0.0002,0.0371,0.0465,0.0024,0.0007,0.0096,0.0001,0.0015,0.0018,0.0001,0.0001,0.0085,0.0016,0.0005,0.0001,0.0017,0.0838,0.0119,0.0001,0.004,0.0,95.0,0.0,32.0,63.0,24.0,0.0,0.0,0.0,0.0,0.0,0.0,0.0,0.0,0.0,0.0,0.0,0.0,0.0,0.0,0.0,0.0,0.0,0.0,8.0,2.0,1.0
2275,19.078092400000003,0,8.3079,1.6905,1.4582,1.3438,0.1339,0.0028,0.0038,0.0002,0.0263,0.035,0.002,0.0004,0.0081,0.0002,0.0014,0.0014,0.0006,0.0001,0.0082,0.001,0.001,0.0001,0.0015,0.0712,0.013,0.0,0.0038,0.0,95.0,0.0,32.0,63.0,24.0,0.0,0.0,0.0,0.0,0.0,0.0,0.0,0.0,0.0,0.0,0.0,0.0,0.0,0.0,0.0,0.0,0.0,0.0,8.0,2.0,1.0
2276,19.0864003,0,8.5779,1.7969,1.5934,1.568,0.1674,0.0045,0.0047,0.0002,0.0404,0.0529,0.003,0.001,0.0117,0.0001,0.0021,0.0018,0.0001,0.0001,0.0096,0.0017,0.0005,0.0,0.0026,0.0976,0.0141,0.0001,0.0041,0.0,95.0,0.0,32.0,63.0,24.0,0.0,0.0,0.0,0.0,0.0,0.0,0.0,0.0,0.0,0.0,0.0,0.0,0.0,0.0,0.0,0.0,0.0,0.0,8.0,2.0,1.0
2277,19.0949782,0,8.1339,1.898,1.5325,1.544,0.1428,0.0035,0.0042,0.0006,0.0274,0.0381,0.0023,0.0006,0.01,0.0002,0.0015,0.0018,0.0001,0.0002,0.0084,0.0015,0.0004,0.0001,0.002,0.0776,0.015,0.0,0.0035,0.0,95.0,0.0,32.0,63.0,24.0,0.0,0.0,0.0,0.0,0.0,0.0,0.0,0.0,0.0,0.0,0.0,0.0,0.0,0.0,0.0,0.0,0.0,0.0,8.0,2.0,1.0
2278,19.1031121,0,8.3354,1.9514,1.4848,1.4804,0.1316,0.0032,0.0033,0.0001,0.033,0.0418,0.0019,0.0008,0.0078,0.0001,0.0013,0.0018,0.0001,0.0001,0.0076,0.0011,0.0007,0.0001,0.0016,0.0752,0.0117,0.0,0.0038,0.0,95.0,0.0,32.0,63.0,24.0,0.0,0.0,0.0,0.0,0.0,0.0,0.0,0.0,0.0,0.0,0.0,0.0,0.0,0.0,0.0,0.0,0.0,0.0,8.0,2.0,1.0
2279,19.1114475,0,8.3668,1.8569,1.5275,1.4564,0.139,0.0034,0.004,0.0001,0.0264,0.0365,0.0022,0.0008,0.0084,0.0001,0.0018,0.0016,0.0002,0.0002,0.0084,0.0011,0.0005,0.0001,0.0019,0.0734,0.0139,0.0,0.004,0.0,95.0,0.0,32.0,63.0,24.0,0.0,0.0,0.0,0.0,0.0,0.0,0.0,0.0,0.0,0.0,0.0,0.0,0.0,0.0,0.0,0.0,0.0,0.0,8.0,2.0,1.0
2280,19.1198143,0,8.3242,1.6742,1.5362,1.6013,0.1984,0.0045,0.0045,0.0003,0.0373,0.0896,0.0025,0.0008,0.0126,0.0001,0.0014,0.002,0.0001,0.0001,0.0088,0.0018,0.0005,0.0,0.0019,0.1324,0.0155,0.0,0.0036,0.0,95.0,0.0,32.0,63.0,24.0,0.0,0.0,0.0,0.0,0.0,0.0,0.0,0.0,0.0,0.0,0.0,0.0,0.0,0.0,0.0,0.0,0.0,0.0,8.0,2.0,1.0
2281,19.128138500000002,0,8.2152,1.7669,1.4143,1.3759,0.1406,0.0047,0.0038,0.0004,0.0264,0.0375,0.0023,0.0008,0.0105,0.0003,0.0015,0.0015,0.0001,0.0001,0.0082,0.0011,0.0004,0.0001,0.0017,0.0745,0.0167,0.0,0.0043,0.0,95.0,0.0,32.0,63.0,24.0,0.0,0.0,0.0,0.0,0.0,0.0,0.0,0.0,0.0,0.0,0.0,0.0,0.0,0.0,0.0,0.0,0.0,0.0,8.0,2.0,1.0
2282,19.1363537,0,8.4339,1.6868,1.4273,1.3766,0.1477,0.0029,0.0047,0.0002,0.0342,0.0444,0.0022,0.0006,0.0095,0.0001,0.0015,0.0019,0.0001,0.0001,0.0079,0.0011,0.0007,0.0,0.0017,0.0817,0.0151,0.0,0.0048,0.0,95.0,0.0,32.0,63.0,24.0,0.0,0.0,0.0,0.0,0.0,0.0,0.0,0.0,0.0,0.0,0.0,0.0,0.0,0.0,0.0,0.0,0.0,0.0,8.0,2.0,1.0
2283,19.1447876,0,8.4414,1.6924,1.5558,1.4295,0.1563,0.0031,0.004,0.0003,0.0303,0.0401,0.0025,0.0013,0.013,0.0001,0.0016,0.0022,0.0001,0.0001,0.0093,0.0013,0.0005,0.0001,0.0021,0.0846,0.0172,0.0001,0.0046,0.0,95.0,0.0,32.0,63.0,24.0,0.0,0.0,0.0,0.0,0.0,0.0,0.0,0.0,0.0,0.0,0.0,0.0,0.0,0.0,0.0,0.0,0.0,0.0,8.0,2.0,1.0
2284,19.153229,0,8.223,1.7169,1.5261,1.5483,0.1497,0.005,0.0047,0.0002,0.0355,0.0477,0.0019,0.0007,0.0101,0.0002,0.0014,0.0014,0.0001,0.0001,0.0089,0.0012,0.0005,0.0,0.0017,0.0853,0.0135,0.0,0.0046,0.0,95.0,0.0,32.0,63.0,24.0,0.0,0.0,0.0,0.0,0.0,0.0,0.0,0.0,0.0,0.0,0.0,0.0,0.0,0.0,0.0,0.0,0.0,0.0,8.0,2.0,1.0
2285,19.161452,0,8.5553,1.6749,1.6524,1.5123,0.1504,0.0044,0.0059,0.0003,0.0268,0.0405,0.0024,0.001,0.0105,0.0002,0.0014,0.0019,0.0001,0.0002,0.0088,0.0011,0.0005,0.0,0.0018,0.08,0.0161,0.0001,0.0043,0.0,95.0,0.0,32.0,63.0,24.0,0.0,0.0,0.0,0.0,0.0,0.0,0.0,0.0,0.0,0.0,0.0,0.0,0.0,0.0,0.0,0.0,0.0,0.0,8.0,2.0,1.0
2286,19.1700073,0,8.0784,1.8491,1.538,1.4934,0.1569,0.0042,0.0038,0.0002,0.0373,0.048,0.0023,0.0007,0.011,0.0002,0.0019,0.0015,0.0001,0.0001,0.0094,0.0013,0.0005,0.0,0.0019,0.0891,0.0158,0.0001,0.0036,0.0,95.0,0.0,32.0,63.0,24.0,0.0,0.0,0.0,0.0,0.0,0.0,0.0,0.0,0.0,0.0,0.0,0.0,0.0,0.0,0.0,0.0,0.0,0.0,8.0,2.0,1.0
2287,19.1780857,0,8.3902,2.0345,1.4793,1.4785,0.1487,0.0034,0.0039,0.0003,0.0282,0.0381,0.0024,0.0007,0.0109,0.0002,0.0016,0.0019,0.0001,0.0001,0.0094,0.0013,0.0004,0.0,0.0021,0.0793,0.0151,0.0,0.0047,0.0,95.0,0.0,32.0,63.0,24.0,0.0,0.0,0.0,0.0,0.0,0.0,0.0,0.0,0.0,0.0,0.0,0.0,0.0,0.0,0.0,0.0,0.0,0.0,8.0,2.0,1.0
2288,19.1864759,0,8.3039,1.7559,1.5,1.5527,0.1576,0.0027,0.004,0.0002,0.0375,0.0471,0.0024,0.0009,0.0119,0.0001,0.0017,0.0015,0.0004,0.0001,0.0087,0.0012,0.0005,0.0,0.0018,0.0896,0.0169,0.0001,0.0043,0.0,95.0,0.0,32.0,63.0,24.0,0.0,0.0,0.0,0.0,0.0,0.0,0.0,0.0,0.0,0.0,0.0,0.0,0.0,0.0,0.0,0.0,0.0,0.0,8.0,2.0,1.0
2289,19.194779800000003,0,8.3286,1.7264,1.4418,1.4605,0.1421,0.0036,0.0057,0.0002,0.0246,0.0364,0.0023,0.0008,0.0104,0.0001,0.0015,0.0021,0.0001,0.0002,0.0084,0.0016,0.0004,0.0001,0.0019,0.0769,0.015,0.0001,0.0045,0.0,95.0,0.0,32.0,63.0,24.0,0.0,0.0,0.0,0.0,0.0,0.0,0.0,0.0,0.0,0.0,0.0,0.0,0.0,0.0,0.0,0.0,0.0,0.0,8.0,2.0,1.0
2290,19.2031084,0,8.2646,2.0063,1.456,1.5031,0.1477,0.0031,0.0039,0.0002,0.0344,0.044,0.0023,0.0013,0.012,0.0003,0.0014,0.0014,0.0006,0.0001,0.0082,0.0013,0.001,0.0001,0.0017,0.0849,0.014,0.0001,0.004,0.0,95.0,0.0,32.0,63.0,24.0,0.0,0.0,0.0,0.0,0.0,0.0,0.0,0.0,0.0,0.0,0.0,0.0,0.0,0.0,0.0,0.0,0.0,0.0,8.0,2.0,1.0
2291,19.211373000000002,0,8.4227,1.9093,1.4478,1.3854,0.144,0.005,0.0042,0.0002,0.029,0.0409,0.0022,0.0009,0.0106,0.0005,0.0013,0.0016,0.0005,0.0001,0.0076,0.0012,0.0005,0.0,0.002,0.0778,0.0141,0.0,0.0049,0.0,95.0,0.0,32.0,63.0,24.0,0.0,0.0,0.0,0.0,0.0,0.0,0.0,0.0,0.0,0.0,0.0,0.0,0.0,0.0,0.0,0.0,0.0,0.0,8.0,2.0,1.0
2292,19.219795700000002,0,8.4351,1.7056,1.5285,1.4779,0.1535,0.0029,0.0038,0.0003,0.0362,0.0458,0.0027,0.0007,0.0109,0.0001,0.0014,0.0018,0.0001,0.0001,0.0083,0.0016,0.0005,0.0001,0.0016,0.0843,0.0189,0.0,0.0045,0.0,95.0,0.0,32.0,63.0,24.0,0.0,0.0,0.0,0.0,0.0,0.0,0.0,0.0,0.0,0.0,0.0,0.0,0.0,0.0,0.0,0.0,0.0,0.0,8.0,2.0,1.0
2293,19.228230800000002,0,8.2149,1.7455,1.5343,1.4708,0.1434,0.0036,0.0044,0.0002,0.0287,0.0393,0.0027,0.0008,0.0105,0.0001,0.0015,0.002,0.0,0.0001,0.0082,0.0017,0.0005,0.0,0.002,0.0787,0.0136,0.0,0.0032,0.0,95.0,0.0,32.0,63.0,24.0,0.0,0.0,0.0,0.0,0.0,0.0,0.0,0.0,0.0,0.0,0.0,0.0,0.0,0.0,0.0,0.0,0.0,0.0,8.0,2.0,1.0
2294,19.2364457,0,8.4563,1.7098,1.5618,1.4192,0.1535,0.0032,0.0043,0.0002,0.0357,0.0457,0.0023,0.0008,0.0122,0.0001,0.0015,0.0017,0.0002,0.0002,0.0082,0.0013,0.0005,0.0,0.0025,0.0873,0.0158,0.0,0.0046,0.0,95.0,0.0,32.0,63.0,24.0,0.0,0.0,0.0,0.0,0.0,0.0,0.0,0.0,0.0,0.0,0.0,0.0,0.0,0.0,0.0,0.0,0.0,0.0,8.0,2.0,1.0
2295,19.244902,0,8.27,1.7708,1.5585,1.5375,0.1586,0.0054,0.0041,0.0002,0.0306,0.0427,0.0025,0.001,0.0125,0.0001,0.0015,0.0021,0.0001,0.0001,0.0087,0.0012,0.0005,0.0,0.002,0.0863,0.0168,0.0,0.0036,0.0,95.0,0.0,32.0,63.0,24.0,0.0,0.0,0.0,0.0,0.0,0.0,0.0,0.0,0.0,0.0,0.0,0.0,0.0,0.0,0.0,0.0,0.0,0.0,8.0,2.0,1.0
2296,19.253172,0,8.2219,1.8872,1.4825,1.4414,0.1481,0.0042,0.0043,0.0005,0.0336,0.0448,0.0023,0.0009,0.0103,0.0002,0.0018,0.0016,0.0002,0.0005,0.0084,0.0012,0.0005,0.0001,0.0018,0.0848,0.0126,0.0,0.0039,0.0,95.0,0.0,32.0,63.0,24.0,0.0,0.0,0.0,0.0,0.0,0.0,0.0,0.0,0.0,0.0,0.0,0.0,0.0,0.0,0.0,0.0,0.0,0.0,8.0,2.0,1.0
2297,19.261393899999998,0,8.512,1.8154,1.5734,1.42,0.1576,0.0049,0.0042,0.0003,0.0285,0.041,0.0022,0.001,0.0109,0.0002,0.0016,0.0023,0.0002,0.0002,0.0089,0.0018,0.0005,0.0001,0.002,0.0832,0.016,0.0,0.0054,0.0,95.0,0.0,32.0,63.0,24.0,0.0,0.0,0.0,0.0,0.0,0.0,0.0,0.0,0.0,0.0,0.0,0.0,0.0,0.0,0.0,0.0,0.0,0.0,8.0,2.0,1.0
2298,19.269905899999998,0,8.2325,1.8516,1.5073,1.578,0.1959,0.0044,0.0033,0.0003,0.0358,0.0466,0.0023,0.0012,0.0126,0.0002,0.0017,0.0018,0.0001,0.0001,0.0086,0.0015,0.0005,0.0001,0.0018,0.0896,0.0164,0.0001,0.0033,0.0,95.0,0.0,32.0,63.0,24.0,0.0,0.0,0.0,0.0,0.0,0.0,0.0,0.0,0.0,0.0,0.0,0.0,0.0,0.0,0.0,0.0,0.0,0.0,8.0,2.0,1.0
2299,19.278138399999996,0,8.2933,1.8397,1.4581,1.5403,0.1493,0.0031,0.005,0.0002,0.0301,0.0412,0.0023,0.0012,0.0117,0.0002,0.0015,0.0017,0.0001,0.0001,0.0086,0.0013,0.001,0.0,0.002,0.0829,0.015,0.0001,0.0035,0.0,95.0,0.0,32.0,63.0,24.0,0.0,0.0,0.0,0.0,0.0,0.0,0.0,0.0,0.0,0.0,0.0,0.0,0.0,0.0,0.0,0.0,0.0,0.0,8.0,2.0,1.0
2300,19.286431699999994,0,8.4471,1.6687,1.582,1.4882,0.1447,0.0033,0.0036,0.0001,0.0329,0.0424,0.002,0.001,0.0106,0.0001,0.0015,0.002,0.0001,0.0001,0.0094,0.0011,0.0005,0.0,0.0021,0.082,0.0168,0.0,0.005,0.0,95.0,0.0,32.0,63.0,24.0,0.0,0.0,0.0,0.0,0.0,0.0,0.0,0.0,0.0,0.0,0.0,0.0,0.0,0.0,0.0,0.0,0.0,0.0,8.0,2.0,1.0
2301,19.294878799999996,0,8.1773,1.6498,1.4337,1.4202,0.1393,0.0042,0.0039,0.0001,0.0276,0.0387,0.0024,0.0009,0.0112,0.0001,0.0015,0.0021,0.0001,0.0001,0.0084,0.0011,0.0004,0.0001,0.0016,0.0776,0.0128,0.0,0.0043,0.0,95.0,0.0,32.0,63.0,24.0,0.0,0.0,0.0,0.0,0.0,0.0,0.0,0.0,0.0,0.0,0.0,0.0,0.0,0.0,0.0,0.0,0.0,0.0,8.0,2.0,1.0
2302,19.303056099999996,0,8.3999,1.6985,1.477,1.5439,0.148,0.0033,0.0038,0.0003,0.0409,0.0504,0.0022,0.0006,0.0104,0.0001,0.0019,0.0013,0.0001,0.0001,0.0074,0.0012,0.0005,0.0001,0.0016,0.087,0.0156,0.0001,0.004,0.0,95.0,0.0,32.0,63.0,24.0,0.0,0.0,0.0,0.0,0.0,0.0,0.0,0.0,0.0,0.0,0.0,0.0,0.0,0.0,0.0,0.0,0.0,0.0,8.0,2.0,1.0
2303,19.311455999999996,0,8.279,1.5821,1.4192,1.3529,0.1391,0.0037,0.0039,0.0002,0.0273,0.0375,0.002,0.0011,0.0077,0.0001,0.0015,0.002,0.0001,0.0001,0.0086,0.0012,0.0005,0.0,0.0016,0.074,0.0133,0.0001,0.0041,0.0,95.0,0.0,32.0,63.0,24.0,0.0,0.0,0.0,0.0,0.0,0.0,0.0,0.0,0.0,0.0,0.0,0.0,0.0,0.0,0.0,0.0,0.0,0.0,8.0,2.0,1.0
2304,19.319734999999998,0,8.3321,1.7369,1.4755,1.4407,0.1615,0.0045,0.0046,0.0002,0.0395,0.0517,0.0023,0.0009,0.0103,0.0002,0.0015,0.0016,0.0006,0.0001,0.0087,0.0018,0.0005,0.0001,0.0019,0.0923,0.0173,0.0001,0.0038,0.0,95.0,0.0,32.0,63.0,24.0,0.0,0.0,0.0,0.0,0.0,0.0,0.0,0.0,0.0,0.0,0.0,0.0,0.0,0.0,0.0,0.0,0.0,0.0,8.0,2.0,1.0
2305,19.3280671,0,8.3934,1.5845,1.5012,1.6099,0.1398,0.0027,0.004,0.0002,0.0262,0.0354,0.0027,0.0009,0.01,0.0001,0.0016,0.0018,0.0001,0.0001,0.0088,0.0015,0.0005,0.0,0.0024,0.0751,0.016,0.0,0.0031,0.0,95.0,0.0,32.0,63.0,24.0,0.0,0.0,0.0,0.0,0.0,0.0,0.0,0.0,0.0,0.0,0.0,0.0,0.0,0.0,0.0,0.0,0.0,0.0,8.0,2.0,1.0
2306,19.336460499999998,0,8.3793,1.7809,1.4882,1.3283,0.1334,0.0039,0.005,0.0002,0.0292,0.0407,0.0019,0.0006,0.0093,0.0001,0.0014,0.0014,0.0001,0.0001,0.007,0.0016,0.0004,0.0,0.0018,0.0764,0.0116,0.0001,0.0042,0.0,95.0,0.0,32.0,63.0,24.0,0.0,0.0,0.0,0.0,0.0,0.0,0.0,0.0,0.0,0.0,0.0,0.0,0.0,0.0,0.0,0.0,0.0,0.0,8.0,2.0,1.0
2307,19.3448398,0,8.4275,1.6249,1.6401,1.2571,0.1548,0.0032,0.0048,0.0005,0.0292,0.0402,0.0026,0.0009,0.0127,0.0001,0.002,0.0016,0.0001,0.0001,0.0094,0.0012,0.0005,0.0,0.0019,0.085,0.0165,0.0001,0.0042,0.0,95.0,0.0,32.0,63.0,24.0,0.0,0.0,0.0,0.0,0.0,0.0,0.0,0.0,0.0,0.0,0.0,0.0,0.0,0.0,0.0,0.0,0.0,0.0,8.0,2.0,1.0
2308,19.3532673,0,8.1383,1.7966,1.4823,1.4969,0.1543,0.0049,0.0041,0.0002,0.0374,0.0494,0.0022,0.0009,0.0103,0.0006,0.0015,0.0012,0.0001,0.0001,0.0088,0.0013,0.001,0.0,0.0018,0.0896,0.015,0.0001,0.0037,0.0,95.0,0.0,32.0,63.0,24.0,0.0,0.0,0.0,0.0,0.0,0.0,0.0,0.0,0.0,0.0,0.0,0.0,0.0,0.0,0.0,0.0,0.0,0.0,8.0,2.0,1.0
2309,19.361405599999998,0,8.2699,1.8233,1.31,1.3896,0.1356,0.0026,0.0032,0.0001,0.0271,0.0351,0.0019,0.0007,0.0075,0.0001,0.0014,0.0015,0.0001,0.0001,0.0094,0.0012,0.0004,0.0001,0.0019,0.0733,0.0154,0.0,0.0043,0.0,95.0,0.0,32.0,63.0,24.0,0.0,0.0,0.0,0.0,0.0,0.0,0.0,0.0,0.0,0.0,0.0,0.0,0.0,0.0,0.0,0.0,0.0,0.0,8.0,2.0,1.0
2310,19.369675499999996,0,8.4909,1.665,1.5218,1.5732,0.1384,0.0044,0.0038,0.0002,0.0348,0.0453,0.0021,0.0011,0.0107,0.0001,0.0019,0.0015,0.0001,0.0001,0.0073,0.0011,0.0004,0.0001,0.0016,0.0819,0.0117,0.0,0.004,0.0,95.0,0.0,32.0,63.0,24.0,0.0,0.0,0.0,0.0,0.0,0.0,0.0,0.0,0.0,0.0,0.0,0.0,0.0,0.0,0.0,0.0,0.0,0.0,8.0,2.0,1.0
2311,19.378166399999998,0,8.3049,1.5758,1.4752,1.4065,0.1485,0.003,0.0032,0.0002,0.0293,0.0375,0.0029,0.0008,0.0127,0.0001,0.0013,0.0017,0.0001,0.0001,0.0089,0.0013,0.0005,0.0001,0.0021,0.0845,0.0162,0.0,0.0039,0.0,95.0,0.0,32.0,63.0,24.0,0.0,0.0,0.0,0.0,0.0,0.0,0.0,0.0,0.0,0.0,0.0,0.0,0.0,0.0,0.0,0.0,0.0,0.0,8.0,2.0,1.0
2312,19.386471299999997,0,8.3068,1.7213,1.4696,1.3959,0.1417,0.0041,0.0056,0.0002,0.0297,0.0421,0.0023,0.0007,0.0104,0.0001,0.0014,0.002,0.0,0.0001,0.0082,0.0018,0.0005,0.0001,0.0019,0.0806,0.0128,0.0001,0.0036,0.0,95.0,0.0,32.0,63.0,24.0,0.0,0.0,0.0,0.0,0.0,0.0,0.0,0.0,0.0,0.0,0.0,0.0,0.0,0.0,0.0,0.0,0.0,0.0,8.0,2.0,1.0
2313,19.394778099999996,0,8.3229,1.6918,1.4766,1.4312,0.1369,0.0031,0.0038,0.0002,0.0289,0.0384,0.002,0.0008,0.0101,0.0001,0.0015,0.0013,0.0001,0.0001,0.0081,0.0011,0.0004,0.0001,0.0016,0.076,0.0135,0.0,0.004,0.0,95.0,0.0,32.0,63.0,24.0,0.0,0.0,0.0,0.0,0.0,0.0,0.0,0.0,0.0,0.0,0.0,0.0,0.0,0.0,0.0,0.0,0.0,0.0,8.0,2.0,1.0
2314,19.403100999999996,0,8.2858,1.7247,1.3698,1.4684,0.1393,0.0044,0.0039,0.0001,0.0333,0.0441,0.0018,0.0006,0.0098,0.0001,0.0017,0.0014,0.0,0.0005,0.0081,0.0011,0.0004,0.0,0.0016,0.0796,0.0131,0.0001,0.0043,0.0,95.0,0.0,32.0,63.0,24.0,0.0,0.0,0.0,0.0,0.0,0.0,0.0,0.0,0.0,0.0,0.0,0.0,0.0,0.0,0.0,0.0,0.0,0.0,8.0,2.0,1.0
2315,19.411386799999995,0,8.4588,1.5857,1.4899,1.3123,0.1363,0.004,0.004,0.0002,0.0258,0.0363,0.0022,0.0011,0.0099,0.0001,0.0014,0.0015,0.0001,0.0001,0.0086,0.0017,0.0004,0.0001,0.0019,0.0752,0.0129,0.0,0.0039,0.0,95.0,0.0,32.0,63.0,24.0,0.0,0.0,0.0,0.0,0.0,0.0,0.0,0.0,0.0,0.0,0.0,0.0,0.0,0.0,0.0,0.0,0.0,0.0,8.0,2.0,1.0
2316,19.419845599999995,0,8.2129,1.6792,1.364,1.4196,0.1374,0.003,0.0041,0.0006,0.036,0.0459,0.0019,0.0006,0.0087,0.0002,0.0016,0.0015,0.0001,0.0001,0.0081,0.0017,0.0004,0.0,0.0016,0.0814,0.0117,0.0,0.0039,0.0,95.0,0.0,32.0,63.0,24.0,0.0,0.0,0.0,0.0,0.0,0.0,0.0,0.0,0.0,0.0,0.0,0.0,0.0,0.0,0.0,0.0,0.0,0.0,8.0,2.0,1.0
2317,19.428058499999995,0,8.3514,1.5386,1.3814,1.5681,0.1457,0.0045,0.0045,0.0002,0.0271,0.0389,0.0029,0.0009,0.0114,0.0002,0.0019,0.0016,0.0001,0.0001,0.0089,0.0013,0.0004,0.0,0.0019,0.0805,0.0134,0.0001,0.0042,0.0,95.0,0.0,32.0,63.0,24.0,0.0,0.0,0.0,0.0,0.0,0.0,0.0,0.0,0.0,0.0,0.0,0.0,0.0,0.0,0.0,0.0,0.0,0.0,8.0,2.0,1.0
2318,19.436409899999994,0,8.3831,1.687,1.389,1.4393,0.135,0.0024,0.003,0.0002,0.0372,0.0448,0.0019,0.0005,0.0096,0.0002,0.0012,0.0015,0.0,0.0001,0.0078,0.0012,0.0008,0.0,0.0015,0.08,0.0118,0.0,0.0037,0.0,95.0,0.0,32.0,63.0,24.0,0.0,0.0,0.0,0.0,0.0,0.0,0.0,0.0,0.0,0.0,0.0,0.0,0.0,0.0,0.0,0.0,0.0,0.0,8.0,2.0,1.0
2319,19.444792999999994,0,8.5351,1.71,1.5903,1.4325,0.171,0.0048,0.0046,0.0002,0.0329,0.0456,0.0023,0.001,0.014,0.0002,0.0022,0.0018,0.0001,0.0001,0.0092,0.0014,0.0005,0.0001,0.0021,0.0928,0.0173,0.0,0.0045,0.0,95.0,0.0,32.0,63.0,24.0,0.0,0.0,0.0,0.0,0.0,0.0,0.0,0.0,0.0,0.0,0.0,0.0,0.0,0.0,0.0,0.0,0.0,0.0,8.0,2.0,1.0
2320,19.453328099999993,0,8.3622,1.806,1.6418,1.5454,0.1707,0.0045,0.004,0.0003,0.0372,0.049,0.0024,0.0017,0.013,0.0001,0.0017,0.0022,0.0001,0.0001,0.0096,0.0012,0.0005,0.0,0.0019,0.0944,0.0175,0.0,0.0038,0.0,95.0,0.0,32.0,63.0,24.0,0.0,0.0,0.0,0.0,0.0,0.0,0.0,0.0,0.0,0.0,0.0,0.0,0.0,0.0,0.0,0.0,0.0,0.0,8.0,2.0,1.0
2321,19.461690299999994,0,8.1659,1.777,1.6084,1.4487,0.14,0.0032,0.0031,0.0003,0.0287,0.0374,0.0022,0.0007,0.0109,0.0001,0.0016,0.0018,0.0001,0.0001,0.009,0.0013,0.0004,0.0001,0.0019,0.0776,0.0137,0.0001,0.0047,0.0,95.0,0.0,32.0,63.0,24.0,0.0,0.0,0.0,0.0,0.0,0.0,0.0,0.0,0.0,0.0,0.0,0.0,0.0,0.0,0.0,0.0,0.0,0.0,8.0,2.0,1.0
2322,19.469856199999995,0,8.4628,1.8895,1.6205,1.5693,0.139,0.0038,0.006,0.0002,0.0231,0.0352,0.0019,0.0009,0.0094,0.0003,0.0015,0.0016,0.0,0.0001,0.0092,0.0016,0.0004,0.0001,0.0018,0.0747,0.0142,0.0,0.0043,0.0,95.0,0.0,32.0,63.0,24.0,0.0,0.0,0.0,0.0,0.0,0.0,0.0,0.0,0.0,0.0,0.0,0.0,0.0,0.0,0.0,0.0,0.0,0.0,8.0,2.0,1.0
2323,19.478318999999995,0,8.4431,1.6842,1.6953,1.4439,0.1601,0.004,0.0043,0.0003,0.0327,0.0434,0.0021,0.001,0.0102,0.0001,0.0016,0.0021,0.0001,0.0001,0.0089,0.0012,0.0005,0.0,0.0016,0.0831,0.0188,0.0,0.0042,0.0,95.0,0.0,32.0,63.0,24.0,0.0,0.0,0.0,0.0,0.0,0.0,0.0,0.0,0.0,0.0,0.0,0.0,0.0,0.0,0.0,0.0,0.0,0.0,8.0,2.0,1.0
2324,19.486762099999996,0,8.2359,1.7654,1.6881,1.513,0.1625,0.0025,0.0033,0.0002,0.0445,0.053,0.0024,0.0008,0.0108,0.0001,0.0017,0.0018,0.0001,0.0001,0.01,0.0013,0.0005,0.0001,0.0019,0.0955,0.0163,0.0,0.0043,0.0,95.0,0.0,32.0,63.0,24.0,0.0,0.0,0.0,0.0,0.0,0.0,0.0,0.0,0.0,0.0,0.0,0.0,0.0,0.0,0.0,0.0,0.0,0.0,8.0,2.0,1.0
2325,19.494997999999995,0,8.2554,1.7064,1.5357,1.5712,0.1657,0.0031,0.005,0.0001,0.0293,0.0404,0.0034,0.0011,0.0148,0.0002,0.0024,0.0023,0.0001,0.0002,0.0119,0.0017,0.0005,0.0,0.0023,0.0918,0.0186,0.0,0.0038,0.0,95.0,0.0,32.0,63.0,24.0,0.0,0.0,0.0,0.0,0.0,0.0,0.0,0.0,0.0,0.0,0.0,0.0,0.0,0.0,0.0,0.0,0.0,0.0,8.0,2.0,1.0
2326,19.503253399999995,0,8.4496,1.7892,1.7032,1.4397,0.1633,0.0041,0.004,0.0002,0.0362,0.0476,0.0026,0.0014,0.012,0.0004,0.0017,0.002,0.0001,0.0001,0.0089,0.0016,0.0005,0.0002,0.0025,0.0904,0.0154,0.0001,0.0038,0.0,95.0,0.0,32.0,63.0,24.0,0.0,0.0,0.0,0.0,0.0,0.0,0.0,0.0,0.0,0.0,0.0,0.0,0.0,0.0,0.0,0.0,0.0,0.0,8.0,2.0,1.0
2327,19.511702999999994,0,8.3227,1.7657,1.6307,1.6392,0.147,0.0032,0.0035,0.0002,0.0297,0.0395,0.0022,0.0007,0.0114,0.0001,0.0017,0.0023,0.0001,0.0001,0.0088,0.0014,0.0004,0.0,0.0017,0.0811,0.0148,0.0,0.0036,0.0,95.0,0.0,32.0,63.0,24.0,0.0,0.0,0.0,0.0,0.0,0.0,0.0,0.0,0.0,0.0,0.0,0.0,0.0,0.0,0.0,0.0,0.0,0.0,8.0,2.0,1.0
2328,19.520025699999994,0,8.3905,1.7745,1.7209,1.4677,0.1799,0.0034,0.0049,0.0002,0.041,0.0527,0.0026,0.0011,0.0138,0.0002,0.0017,0.0025,0.0001,0.0001,0.0098,0.0015,0.0013,0.0002,0.0019,0.1008,0.0181,0.0001,0.0052,0.0,95.0,0.0,32.0,63.0,24.0,0.0,0.0,0.0,0.0,0.0,0.0,0.0,0.0,0.0,0.0,0.0,0.0,0.0,0.0,0.0,0.0,0.0,0.0,8.0,2.0,1.0
2329,19.528416199999995,0,8.106,1.807,1.5325,1.5525,0.1484,0.0032,0.0037,0.0002,0.0311,0.0411,0.0023,0.0013,0.0093,0.0002,0.0015,0.0023,0.0001,0.0001,0.0092,0.0012,0.0005,0.0001,0.0019,0.0815,0.0136,0.0001,0.0048,0.0,95.0,0.0,32.0,63.0,24.0,0.0,0.0,0.0,0.0,0.0,0.0,0.0,0.0,0.0,0.0,0.0,0.0,0.0,0.0,0.0,0.0,0.0,0.0,8.0,2.0,1.0
2330,19.536522199999997,0,8.5813,1.7075,1.7138,1.4186,0.1582,0.0033,0.0044,0.0003,0.0376,0.0486,0.0021,0.001,0.01,0.0006,0.0016,0.0016,0.0001,0.0001,0.009,0.0014,0.0004,0.0001,0.0017,0.0879,0.0151,0.0001,0.0039,0.0,95.0,0.0,32.0,63.0,24.0,0.0,0.0,0.0,0.0,0.0,0.0,0.0,0.0,0.0,0.0,0.0,0.0,0.0,0.0,0.0,0.0,0.0,0.0,8.0,2.0,1.0
2331,19.545103499999996,0,8.1649,1.8746,1.5823,1.4467,0.1595,0.0041,0.0047,0.0002,0.0285,0.0415,0.0022,0.0008,0.0115,0.0002,0.0015,0.0018,0.0006,0.0002,0.0088,0.0018,0.0005,0.0001,0.0016,0.0843,0.0173,0.0,0.0037,0.0,95.0,0.0,32.0,63.0,24.0,0.0,0.0,0.0,0.0,0.0,0.0,0.0,0.0,0.0,0.0,0.0,0.0,0.0,0.0,0.0,0.0,0.0,0.0,8.0,2.0,1.0
2332,19.553268399999997,0,8.4139,2.048,1.6408,1.6437,0.175,0.0042,0.0043,0.0006,0.0444,0.0564,0.0024,0.0013,0.0116,0.0001,0.0022,0.0017,0.0002,0.0001,0.0093,0.0018,0.0005,0.0,0.0019,0.1005,0.0178,0.0,0.004,0.0,95.0,0.0,32.0,63.0,24.0,0.0,0.0,0.0,0.0,0.0,0.0,0.0,0.0,0.0,0.0,0.0,0.0,0.0,0.0,0.0,0.0,0.0,0.0,8.0,2.0,1.0
2333,19.561682299999998,0,8.4377,1.7874,1.5805,1.5338,0.1522,0.0028,0.0035,0.0003,0.0305,0.0394,0.0026,0.0008,0.0125,0.0001,0.0017,0.0024,0.0001,0.0001,0.0094,0.0012,0.0006,0.0001,0.0019,0.0838,0.0169,0.0001,0.0043,0.0,95.0,0.0,32.0,63.0,24.0,0.0,0.0,0.0,0.0,0.0,0.0,0.0,0.0,0.0,0.0,0.0,0.0,0.0,0.0,0.0,0.0,0.0,0.0,8.0,2.0,1.0
2334,19.57012,0,8.2815,1.7789,1.9038,1.4414,0.1607,0.0032,0.0041,0.0002,0.0396,0.0501,0.0027,0.0008,0.0104,0.0002,0.0017,0.0021,0.0001,0.0001,0.0091,0.0012,0.0005,0.0001,0.0022,0.0911,0.0132,0.0,0.0044,0.0,95.0,0.0,32.0,63.0,24.0,0.0,0.0,0.0,0.0,0.0,0.0,0.0,0.0,0.0,0.0,0.0,0.0,0.0,0.0,0.0,0.0,0.0,0.0,8.0,2.0,1.0
2335,19.5784015,0,8.2888,1.7921,1.6945,1.6213,0.1499,0.0029,0.0039,0.0002,0.0299,0.0396,0.0027,0.0009,0.0119,0.0002,0.0015,0.0022,0.0001,0.0001,0.0091,0.001,0.0004,0.0001,0.0018,0.0811,0.016,0.0,0.0039,0.0,95.0,0.0,32.0,63.0,24.0,0.0,0.0,0.0,0.0,0.0,0.0,0.0,0.0,0.0,0.0,0.0,0.0,0.0,0.0,0.0,0.0,0.0,0.0,8.0,2.0,1.0
2336,19.586690299999997,0,8.259,1.8661,1.6442,1.5738,0.15,0.0032,0.0039,0.0002,0.0379,0.0475,0.0025,0.001,0.0097,0.0001,0.0015,0.0018,0.0001,0.0002,0.008,0.0015,0.0004,0.0001,0.0017,0.0854,0.0142,0.0,0.0047,0.0,95.0,0.0,32.0,63.0,24.0,0.0,0.0,0.0,0.0,0.0,0.0,0.0,0.0,0.0,0.0,0.0,0.0,0.0,0.0,0.0,0.0,0.0,0.0,8.0,2.0,1.0
2337,19.594949299999996,0,8.1693,1.6682,1.4003,1.4654,0.1477,0.0036,0.0044,0.0002,0.0284,0.0398,0.0024,0.0009,0.012,0.0002,0.0014,0.0016,0.0,0.0001,0.0086,0.0012,0.0005,0.0,0.002,0.0805,0.0171,0.0,0.0036,0.0,95.0,0.0,32.0,63.0,24.0,0.0,0.0,0.0,0.0,0.0,0.0,0.0,0.0,0.0,0.0,0.0,0.0,0.0,0.0,0.0,0.0,0.0,0.0,8.0,2.0,1.0
2338,19.603118599999995,0,8.4187,1.842,1.52,1.3167,0.1463,0.0036,0.0034,0.0002,0.0335,0.0431,0.0025,0.0007,0.01,0.0001,0.0015,0.0018,0.0001,0.0001,0.0083,0.0016,0.0005,0.0,0.0016,0.0813,0.0168,0.0,0.0044,0.0,95.0,0.0,32.0,63.0,24.0,0.0,0.0,0.0,0.0,0.0,0.0,0.0,0.0,0.0,0.0,0.0,0.0,0.0,0.0,0.0,0.0,0.0,0.0,8.0,2.0,1.0
2339,19.611537299999995,0,8.4043,1.5832,1.5477,1.3559,0.1365,0.0028,0.0037,0.0005,0.0259,0.0352,0.0019,0.0013,0.0109,0.0006,0.0015,0.0016,0.0001,0.0001,0.0087,0.0011,0.0004,0.0001,0.0016,0.0729,0.0164,0.0,0.0037,0.0,95.0,0.0,32.0,63.0,24.0,0.0,0.0,0.0,0.0,0.0,0.0,0.0,0.0,0.0,0.0,0.0,0.0,0.0,0.0,0.0,0.0,0.0,0.0,8.0,2.0,1.0
2340,19.619941599999994,0,8.2663,1.6229,1.5066,1.2788,0.1535,0.0038,0.0039,0.0002,0.0391,0.0494,0.0023,0.0007,0.01,0.0007,0.0015,0.0019,0.0001,0.0001,0.0087,0.0018,0.0005,0.0,0.0019,0.0914,0.0131,0.0001,0.0038,0.0,95.0,0.0,32.0,63.0,24.0,0.0,0.0,0.0,0.0,0.0,0.0,0.0,0.0,0.0,0.0,0.0,0.0,0.0,0.0,0.0,0.0,0.0,0.0,8.0,2.0,1.0
2341,19.628207899999992,0,8.3062,1.607,1.4995,1.506,0.1359,0.0031,0.004,0.0003,0.0257,0.0355,0.0023,0.0008,0.0085,0.0002,0.0016,0.0014,0.0001,0.0001,0.0088,0.0017,0.0004,0.0001,0.0019,0.0735,0.0145,0.0,0.0035,0.0,95.0,0.0,32.0,63.0,24.0,0.0,0.0,0.0,0.0,0.0,0.0,0.0,0.0,0.0,0.0,0.0,0.0,0.0,0.0,0.0,0.0,0.0,0.0,8.0,2.0,1.0
2342,19.636514099999992,0,8.4217,1.649,1.5352,1.4367,0.1383,0.004,0.0036,0.0003,0.0326,0.043,0.0021,0.0007,0.0093,0.0001,0.0015,0.0014,0.0001,0.0001,0.0081,0.001,0.0005,0.0001,0.0018,0.0791,0.0117,0.0,0.004,0.0,95.0,0.0,32.0,63.0,24.0,0.0,0.0,0.0,0.0,0.0,0.0,0.0,0.0,0.0,0.0,0.0,0.0,0.0,0.0,0.0,0.0,0.0,0.0,8.0,2.0,1.0
2343,19.644935799999992,0,8.3727,1.557,1.5294,1.3467,0.1474,0.0029,0.0043,0.0002,0.0287,0.0384,0.0027,0.0007,0.0129,0.0002,0.0016,0.0015,0.0002,0.0001,0.009,0.0013,0.0005,0.0001,0.002,0.0815,0.0164,0.0,0.0047,0.0,95.0,0.0,32.0,63.0,24.0,0.0,0.0,0.0,0.0,0.0,0.0,0.0,0.0,0.0,0.0,0.0,0.0,0.0,0.0,0.0,0.0,0.0,0.0,8.0,2.0,1.0
2344,19.65330849999999,0,8.2658,1.736,1.5908,1.4614,0.1445,0.0028,0.0042,0.0002,0.0342,0.0436,0.0022,0.0008,0.0104,0.0001,0.0014,0.0016,0.0001,0.0001,0.0072,0.0012,0.0009,0.0,0.0019,0.0812,0.015,0.0001,0.0042,0.0,95.0,0.0,32.0,63.0,24.0,0.0,0.0,0.0,0.0,0.0,0.0,0.0,0.0,0.0,0.0,0.0,0.0,0.0,0.0,0.0,0.0,0.0,0.0,8.0,2.0,1.0
2345,19.66157429999999,0,8.3688,1.7756,1.5398,1.4879,0.1322,0.003,0.0034,0.0001,0.0266,0.035,0.002,0.0007,0.008,0.0002,0.0018,0.0013,0.0,0.0004,0.0082,0.0012,0.0004,0.0001,0.0021,0.0713,0.0161,0.0,0.004,0.0,95.0,0.0,32.0,63.0,24.0,0.0,0.0,0.0,0.0,0.0,0.0,0.0,0.0,0.0,0.0,0.0,0.0,0.0,0.0,0.0,0.0,0.0,0.0,8.0,2.0,1.0
2346,19.66994309999999,0,8.1276,1.5799,1.3649,1.3832,0.1385,0.0028,0.0035,0.0002,0.0345,0.043,0.0019,0.0013,0.0108,0.0001,0.0018,0.0014,0.0,0.0004,0.0083,0.0012,0.0005,0.0,0.0019,0.081,0.0117,0.0001,0.0037,0.0,95.0,0.0,32.0,63.0,24.0,0.0,0.0,0.0,0.0,0.0,0.0,0.0,0.0,0.0,0.0,0.0,0.0,0.0,0.0,0.0,0.0,0.0,0.0,8.0,2.0,1.0
2347,19.678070699999992,0,8.3321,1.5496,1.3683,1.5398,0.1279,0.0026,0.0037,0.0002,0.0274,0.0357,0.0023,0.0006,0.0075,0.0002,0.0019,0.0014,0.0001,0.0001,0.0077,0.0016,0.0005,0.0001,0.0016,0.07,0.0122,0.0,0.0038,0.0,95.0,0.0,32.0,63.0,24.0,0.0,0.0,0.0,0.0,0.0,0.0,0.0,0.0,0.0,0.0,0.0,0.0,0.0,0.0,0.0,0.0,0.0,0.0,8.0,2.0,1.0
2348,19.686402799999993,0,8.4188,1.6148,1.4286,1.3891,0.1459,0.0024,0.0035,0.0004,0.0363,0.0449,0.0021,0.0006,0.0096,0.0002,0.0018,0.0014,0.0001,0.0001,0.0078,0.0015,0.0004,0.0001,0.0018,0.0812,0.0161,0.0001,0.0036,0.0,95.0,0.0,32.0,63.0,24.0,0.0,0.0,0.0,0.0,0.0,0.0,0.0,0.0,0.0,0.0,0.0,0.0,0.0,0.0,0.0,0.0,0.0,0.0,8.0,2.0,1.0
2349,19.694821599999994,0,8.2147,1.6991,1.3274,1.4777,0.1422,0.0028,0.0041,0.0002,0.0319,0.0411,0.0022,0.0007,0.0106,0.0001,0.0014,0.0013,0.0001,0.0001,0.0083,0.0012,0.0004,0.0,0.0021,0.0803,0.0143,0.0001,0.004,0.0,95.0,0.0,32.0,63.0,24.0,0.0,0.0,0.0,0.0,0.0,0.0,0.0,0.0,0.0,0.0,0.0,0.0,0.0,0.0,0.0,0.0,0.0,0.0,8.0,2.0,1.0
2350,19.703036299999994,0,8.4658,1.5605,1.4091,1.4097,0.1487,0.0027,0.0038,0.0002,0.0365,0.0453,0.0027,0.0009,0.0122,0.0001,0.0015,0.0014,0.0,0.0001,0.0087,0.0013,0.0005,0.0001,0.0017,0.0862,0.0135,0.0,0.0047,0.0,95.0,0.0,32.0,63.0,24.0,0.0,0.0,0.0,0.0,0.0,0.0,0.0,0.0,0.0,0.0,0.0,0.0,0.0,0.0,0.0,0.0,0.0,0.0,8.0,2.0,1.0
2351,19.711502099999993,0,8.4043,1.6379,1.4989,1.3341,0.1303,0.0035,0.0034,0.0001,0.0279,0.0369,0.0019,0.0011,0.0102,0.0002,0.0017,0.0013,0.0001,0.0006,0.0074,0.0011,0.0004,0.0,0.0017,0.0729,0.0124,0.0,0.0045,0.0,95.0,0.0,32.0,63.0,24.0,0.0,0.0,0.0,0.0,0.0,0.0,0.0,0.0,0.0,0.0,0.0,0.0,0.0,0.0,0.0,0.0,0.0,0.0,8.0,2.0,1.0
2352,19.719906399999992,0,8.3112,1.8352,1.5056,1.5066,0.1387,0.0038,0.0039,0.0002,0.0325,0.0426,0.0019,0.0007,0.0098,0.0001,0.0014,0.0014,0.0006,0.0001,0.0082,0.0011,0.0004,0.0,0.0017,0.0794,0.0129,0.0,0.004,0.0,95.0,0.0,32.0,63.0,24.0,0.0,0.0,0.0,0.0,0.0,0.0,0.0,0.0,0.0,0.0,0.0,0.0,0.0,0.0,0.0,0.0,0.0,0.0,8.0,2.0,1.0
2353,19.728217599999994,0,8.2301,1.604,1.34,1.5662,0.1364,0.004,0.0042,0.0001,0.0245,0.0359,0.0021,0.0007,0.0104,0.0002,0.0012,0.0014,0.0001,0.0001,0.0083,0.0012,0.0005,0.0,0.0021,0.0753,0.0129,0.0,0.0037,0.0,95.0,0.0,32.0,63.0,24.0,0.0,0.0,0.0,0.0,0.0,0.0,0.0,0.0,0.0,0.0,0.0,0.0,0.0,0.0,0.0,0.0,0.0,0.0,8.0,2.0,1.0
2354,19.736447699999992,0,8.5441,1.5625,1.4925,1.36,0.1471,0.0026,0.0031,0.0003,0.0388,0.0467,0.0023,0.0009,0.0117,0.0001,0.0018,0.0015,0.0,0.0006,0.0083,0.0013,0.0005,0.0,0.0018,0.0866,0.0151,0.0001,0.004,0.0,95.0,0.0,32.0,63.0,24.0,0.0,0.0,0.0,0.0,0.0,0.0,0.0,0.0,0.0,0.0,0.0,0.0,0.0,0.0,0.0,0.0,0.0,0.0,8.0,2.0,1.0
2355,19.744991799999994,0,8.2281,1.6167,1.5343,1.4229,0.1307,0.0038,0.0035,0.0003,0.0257,0.0354,0.0019,0.0006,0.009,0.0002,0.0019,0.0013,0.0,0.0006,0.0078,0.001,0.0004,0.0001,0.0015,0.0706,0.0154,0.0001,0.0051,0.0,95.0,0.0,32.0,63.0,24.0,0.0,0.0,0.0,0.0,0.0,0.0,0.0,0.0,0.0,0.0,0.0,0.0,0.0,0.0,0.0,0.0,0.0,0.0,8.0,2.0,1.0
2356,19.753219899999994,0,8.2495,1.5384,1.3388,1.3396,0.144,0.0044,0.0038,0.0009,0.033,0.0443,0.0019,0.0012,0.0108,0.0001,0.0018,0.0015,0.0,0.0001,0.008,0.0016,0.0004,0.0001,0.0016,0.0823,0.012,0.0001,0.0052,0.0,95.0,0.0,32.0,63.0,24.0,0.0,0.0,0.0,0.0,0.0,0.0,0.0,0.0,0.0,0.0,0.0,0.0,0.0,0.0,0.0,0.0,0.0,0.0,8.0,2.0,1.0
2357,19.761469399999996,0,8.452,1.7068,1.4497,1.3933,0.1334,0.0027,0.0042,0.0003,0.0278,0.0373,0.0018,0.0013,0.0105,0.0001,0.002,0.0013,0.0,0.0005,0.008,0.0011,0.0004,0.0001,0.0015,0.0749,0.0115,0.0,0.0031,0.0,95.0,0.0,32.0,63.0,24.0,0.0,0.0,0.0,0.0,0.0,0.0,0.0,0.0,0.0,0.0,0.0,0.0,0.0,0.0,0.0,0.0,0.0,0.0,8.0,2.0,1.0
2358,19.769921399999994,0,8.4368,1.5929,1.5188,1.535,0.1663,0.0031,0.0042,0.0003,0.0393,0.0501,0.0024,0.0009,0.0127,0.0001,0.0016,0.0023,0.0002,0.0001,0.0085,0.0013,0.0004,0.0001,0.002,0.094,0.0166,0.0,0.0038,0.0,95.0,0.0,32.0,63.0,24.0,0.0,0.0,0.0,0.0,0.0,0.0,0.0,0.0,0.0,0.0,0.0,0.0,0.0,0.0,0.0,0.0,0.0,0.0,8.0,2.0,1.0
2359,19.778358199999992,0,8.1745,1.7357,1.4643,1.6114,0.1384,0.0033,0.004,0.0007,0.0288,0.0392,0.002,0.0008,0.0081,0.0004,0.0016,0.0015,0.0001,0.0001,0.0082,0.0011,0.0004,0.0,0.0017,0.0755,0.0127,0.0,0.0046,0.0,95.0,0.0,32.0,63.0,24.0,0.0,0.0,0.0,0.0,0.0,0.0,0.0,0.0,0.0,0.0,0.0,0.0,0.0,0.0,0.0,0.0,0.0,0.0,8.0,2.0,1.0
2360,19.78653269999999,0,8.45,1.7589,1.5446,1.3354,0.1569,0.0034,0.0038,0.0004,0.0393,0.049,0.0027,0.0009,0.0116,0.0002,0.0019,0.0016,0.0001,0.0001,0.009,0.0012,0.0005,0.0,0.002,0.0896,0.0151,0.0001,0.0036,0.0,95.0,0.0,32.0,63.0,24.0,0.0,0.0,0.0,0.0,0.0,0.0,0.0,0.0,0.0,0.0,0.0,0.0,0.0,0.0,0.0,0.0,0.0,0.0,8.0,2.0,1.0
2361,19.79498269999999,0,8.2017,2.1116,1.441,1.8535,0.1467,0.0032,0.0037,0.0006,0.0295,0.0392,0.0025,0.0009,0.0102,0.0001,0.0016,0.0021,0.0001,0.0001,0.0085,0.0018,0.0005,0.0,0.0018,0.0788,0.0192,0.0001,0.0037,0.0,95.0,0.0,32.0,63.0,24.0,0.0,0.0,0.0,0.0,0.0,0.0,0.0,0.0,0.0,0.0,0.0,0.0,0.0,0.0,0.0,0.0,0.0,0.0,8.0,2.0,1.0
2362,19.803184399999992,0,8.465,1.7679,1.4939,1.4432,0.1373,0.0028,0.0038,0.0002,0.0356,0.0446,0.0023,0.0008,0.0102,0.0001,0.0017,0.0014,0.0001,0.0001,0.0084,0.001,0.0004,0.0001,0.0017,0.0806,0.0105,0.0,0.0045,0.0,95.0,0.0,32.0,63.0,24.0,0.0,0.0,0.0,0.0,0.0,0.0,0.0,0.0,0.0,0.0,0.0,0.0,0.0,0.0,0.0,0.0,0.0,0.0,8.0,2.0,1.0
2363,19.811649399999993,0,8.1675,1.5609,1.38,1.4729,0.1433,0.0024,0.0043,0.0001,0.0249,0.0344,0.0034,0.0008,0.0131,0.0002,0.0015,0.0017,0.0,0.0001,0.0089,0.0018,0.0005,0.0,0.0019,0.0774,0.0159,0.0001,0.0042,0.0,95.0,0.0,32.0,63.0,24.0,0.0,0.0,0.0,0.0,0.0,0.0,0.0,0.0,0.0,0.0,0.0,0.0,0.0,0.0,0.0,0.0,0.0,0.0,8.0,2.0,1.0
2364,19.819816899999992,0,8.4822,1.7407,1.4889,1.4278,0.1511,0.0046,0.0038,0.0006,0.0371,0.0486,0.0021,0.0006,0.0099,0.0001,0.002,0.0016,0.0001,0.0001,0.0083,0.0013,0.0006,0.0,0.0018,0.0871,0.0146,0.0,0.0048,0.0,95.0,0.0,32.0,63.0,24.0,0.0,0.0,0.0,0.0,0.0,0.0,0.0,0.0,0.0,0.0,0.0,0.0,0.0,0.0,0.0,0.0,0.0,0.0,8.0,2.0,1.0
2365,19.82829909999999,0,8.2188,1.5647,1.3874,1.2972,0.1428,0.0054,0.0041,0.0002,0.0262,0.0383,0.0022,0.0007,0.0087,0.0002,0.0016,0.0015,0.0001,0.0001,0.0086,0.001,0.001,0.0,0.0016,0.0756,0.0153,0.0001,0.0037,0.0,95.0,0.0,32.0,63.0,24.0,0.0,0.0,0.0,0.0,0.0,0.0,0.0,0.0,0.0,0.0,0.0,0.0,0.0,0.0,0.0,0.0,0.0,0.0,8.0,2.0,1.0
2366,19.836517899999993,0,8.3099,1.6794,1.3513,1.4045,0.1393,0.0029,0.0039,0.0001,0.0367,0.0456,0.0019,0.001,0.0091,0.0001,0.0019,0.0015,0.0001,0.0001,0.0083,0.0011,0.0004,0.0,0.0016,0.0818,0.013,0.0,0.0044,0.0,95.0,0.0,32.0,63.0,24.0,0.0,0.0,0.0,0.0,0.0,0.0,0.0,0.0,0.0,0.0,0.0,0.0,0.0,0.0,0.0,0.0,0.0,0.0,8.0,2.0,1.0
2367,19.844827799999994,0,8.5001,1.5934,1.4631,1.5118,0.1442,0.0034,0.004,0.0002,0.0271,0.0367,0.002,0.0008,0.0106,0.0005,0.0014,0.0017,0.0001,0.0002,0.008,0.0011,0.0004,0.0,0.0016,0.0753,0.0151,0.0,0.0042,0.0,95.0,0.0,32.0,63.0,24.0,0.0,0.0,0.0,0.0,0.0,0.0,0.0,0.0,0.0,0.0,0.0,0.0,0.0,0.0,0.0,0.0,0.0,0.0,8.0,2.0,1.0
2368,19.853327899999993,0,8.367,1.7253,1.5428,1.4431,0.1491,0.0032,0.0038,0.0002,0.0366,0.0459,0.0023,0.0007,0.0111,0.0001,0.0014,0.0014,0.0001,0.0001,0.0093,0.0016,0.0004,0.0001,0.0019,0.0873,0.0153,0.0001,0.0048,0.0,95.0,0.0,32.0,63.0,24.0,0.0,0.0,0.0,0.0,0.0,0.0,0.0,0.0,0.0,0.0,0.0,0.0,0.0,0.0,0.0,0.0,0.0,0.0,8.0,2.0,1.0
2369,19.861694899999993,0,8.3008,1.5284,1.3793,1.2744,0.1234,0.0039,0.004,0.0002,0.024,0.0345,0.0018,0.0008,0.0077,0.0001,0.0013,0.0013,0.0,0.0001,0.0074,0.0011,0.0004,0.0,0.002,0.0685,0.0105,0.0,0.0041,0.0,95.0,0.0,32.0,63.0,24.0,0.0,0.0,0.0,0.0,0.0,0.0,0.0,0.0,0.0,0.0,0.0,0.0,0.0,0.0,0.0,0.0,0.0,0.0,8.0,2.0,1.0
2370,19.869995699999993,0,8.2123,1.7935,1.3807,1.4831,0.1313,0.0039,0.0035,0.0001,0.0307,0.0405,0.0019,0.0007,0.0099,0.0002,0.0013,0.0014,0.0001,0.0001,0.008,0.0011,0.0005,0.0001,0.0017,0.0762,0.0116,0.0,0.0036,0.0,95.0,0.0,32.0,63.0,24.0,0.0,0.0,0.0,0.0,0.0,0.0,0.0,0.0,0.0,0.0,0.0,0.0,0.0,0.0,0.0,0.0,0.0,0.0,8.0,2.0,1.0
2371,19.878207999999994,0,8.4605,1.677,1.3995,1.4377,0.1519,0.0034,0.0044,0.0002,0.0294,0.0402,0.0023,0.0007,0.0112,0.0001,0.0017,0.0017,0.0,0.0001,0.0092,0.0014,0.0005,0.0001,0.0022,0.0823,0.0162,0.0001,0.0038,0.0,95.0,0.0,32.0,63.0,24.0,0.0,0.0,0.0,0.0,0.0,0.0,0.0,0.0,0.0,0.0,0.0,0.0,0.0,0.0,0.0,0.0,0.0,0.0,8.0,2.0,1.0
2372,19.886668499999995,0,8.325,1.6708,1.4149,1.5334,0.156,0.0045,0.0044,0.0002,0.0353,0.047,0.0023,0.0008,0.0121,0.0004,0.0015,0.0014,0.0001,0.0001,0.0084,0.0013,0.0009,0.0001,0.0018,0.0892,0.0154,0.0001,0.0039,0.0,95.0,0.0,32.0,63.0,24.0,0.0,0.0,0.0,0.0,0.0,0.0,0.0,0.0,0.0,0.0,0.0,0.0,0.0,0.0,0.0,0.0,0.0,0.0,8.0,2.0,1.0
2373,19.894993499999995,0,8.3062,1.6974,1.4163,1.3838,0.1396,0.0027,0.0038,0.0003,0.0291,0.038,0.0028,0.0009,0.0086,0.0001,0.0019,0.0017,0.0001,0.0001,0.0086,0.0012,0.0005,0.0,0.002,0.0756,0.013,0.0,0.004,0.0,95.0,0.0,32.0,63.0,24.0,0.0,0.0,0.0,0.0,0.0,0.0,0.0,0.0,0.0,0.0,0.0,0.0,0.0,0.0,0.0,0.0,0.0,0.0,8.0,2.0,1.0
2374,19.903299699999994,0,8.2936,1.6846,1.3924,1.3816,0.1468,0.0027,0.0043,0.0002,0.0337,0.043,0.0024,0.0009,0.0103,0.0002,0.0014,0.0015,0.0001,0.0001,0.0084,0.0018,0.0004,0.0,0.0018,0.082,0.0166,0.0001,0.0045,0.0,95.0,0.0,32.0,63.0,24.0,0.0,0.0,0.0,0.0,0.0,0.0,0.0,0.0,0.0,0.0,0.0,0.0,0.0,0.0,0.0,0.0,0.0,0.0,8.0,2.0,1.0
2375,19.911593299999993,0,8.4333,1.7185,1.3949,1.4656,0.1475,0.0043,0.0038,0.0002,0.0274,0.0385,0.0021,0.0007,0.0099,0.0001,0.0016,0.0022,0.0001,0.0002,0.0089,0.0019,0.0004,0.0,0.002,0.0796,0.0144,0.0001,0.0045,0.0,95.0,0.0,32.0,63.0,24.0,0.0,0.0,0.0,0.0,0.0,0.0,0.0,0.0,0.0,0.0,0.0,0.0,0.0,0.0,0.0,0.0,0.0,0.0,8.0,2.0,1.0
2376,19.920026599999993,0,8.3662,1.8378,1.5542,1.4973,0.1478,0.0038,0.0043,0.0002,0.0355,0.046,0.002,0.0007,0.012,0.0001,0.0019,0.0013,0.0,0.0005,0.0086,0.0011,0.0004,0.0,0.0017,0.0851,0.0131,0.0,0.0046,0.0,95.0,0.0,32.0,63.0,24.0,0.0,0.0,0.0,0.0,0.0,0.0,0.0,0.0,0.0,0.0,0.0,0.0,0.0,0.0,0.0,0.0,0.0,0.0,8.0,2.0,1.0
2377,19.928392799999994,0,8.3952,1.7473,1.554,1.4767,0.1235,0.0024,0.0032,0.0002,0.0253,0.0329,0.0019,0.0007,0.0075,0.0004,0.0013,0.0015,0.0,0.0001,0.008,0.0011,0.0004,0.0,0.0015,0.0675,0.012,0.0001,0.0049,0.0,95.0,0.0,32.0,63.0,24.0,0.0,0.0,0.0,0.0,0.0,0.0,0.0,0.0,0.0,0.0,0.0,0.0,0.0,0.0,0.0,0.0,0.0,0.0,8.0,2.0,1.0
2378,19.936787999999993,0,8.2205,1.6633,1.4622,1.3855,0.1901,0.0034,0.0049,0.0002,0.0559,0.0673,0.0027,0.0006,0.0121,0.0003,0.0021,0.0015,0.0001,0.0001,0.0098,0.0021,0.0004,0.0,0.0016,0.1119,0.0194,0.0,0.0044,0.0,95.0,0.0,32.0,63.0,24.0,0.0,0.0,0.0,0.0,0.0,0.0,0.0,0.0,0.0,0.0,0.0,0.0,0.0,0.0,0.0,0.0,0.0,0.0,8.0,2.0,1.0
2379,19.945008499999993,0,8.4172,1.6813,1.53,1.3642,0.1536,0.0029,0.0041,0.0002,0.0279,0.0375,0.0023,0.0008,0.0099,0.0002,0.002,0.0015,0.0001,0.0001,0.0088,0.0014,0.0011,0.0,0.0018,0.0825,0.0174,0.0001,0.0035,0.0,95.0,0.0,32.0,63.0,24.0,0.0,0.0,0.0,0.0,0.0,0.0,0.0,0.0,0.0,0.0,0.0,0.0,0.0,0.0,0.0,0.0,0.0,0.0,8.0,2.0,1.0
2380,19.953425699999993,0,8.1989,1.6803,1.38,1.378,0.1455,0.0035,0.0038,0.0002,0.0342,0.0445,0.0025,0.0007,0.0101,0.0002,0.0014,0.002,0.0001,0.0001,0.008,0.0012,0.0008,0.0001,0.0015,0.0813,0.0123,0.0001,0.0042,0.0,95.0,0.0,32.0,63.0,24.0,0.0,0.0,0.0,0.0,0.0,0.0,0.0,0.0,0.0,0.0,0.0,0.0,0.0,0.0,0.0,0.0,0.0,0.0,8.0,2.0,1.0
2381,19.961624599999993,0,8.2401,1.601,1.3183,1.425,0.1254,0.0026,0.0039,0.0002,0.0243,0.033,0.002,0.0008,0.0071,0.0002,0.0014,0.0016,0.0001,0.0001,0.0085,0.0011,0.0004,0.0001,0.0016,0.0671,0.013,0.0001,0.003,0.0,95.0,0.0,32.0,63.0,24.0,0.0,0.0,0.0,0.0,0.0,0.0,0.0,0.0,0.0,0.0,0.0,0.0,0.0,0.0,0.0,0.0,0.0,0.0,8.0,2.0,1.0
2382,19.96986469999999,0,8.4404,1.5789,1.3486,1.509,0.1379,0.0029,0.0036,0.0002,0.0354,0.0442,0.0022,0.0007,0.0092,0.0002,0.0016,0.0013,0.0004,0.0001,0.0081,0.0011,0.0009,0.0,0.0017,0.0818,0.0115,0.0,0.004,0.0,95.0,0.0,32.0,63.0,24.0,0.0,0.0,0.0,0.0,0.0,0.0,0.0,0.0,0.0,0.0,0.0,0.0,0.0,0.0,0.0,0.0,0.0,0.0,8.0,2.0,1.0
2383,19.978305099999993,0,8.3857,1.5992,1.4471,1.3906,0.1497,0.0032,0.0045,0.0002,0.0294,0.0398,0.0023,0.0009,0.0105,0.0006,0.0016,0.0016,0.0001,0.0002,0.0085,0.0018,0.0005,0.0,0.0019,0.0807,0.0162,0.0,0.0037,0.0,95.0,0.0,32.0,63.0,24.0,0.0,0.0,0.0,0.0,0.0,0.0,0.0,0.0,0.0,0.0,0.0,0.0,0.0,0.0,0.0,0.0,0.0,0.0,8.0,2.0,1.0
2384,19.986690799999995,0,8.2563,1.6593,1.4216,1.4019,0.1454,0.0041,0.004,0.0002,0.0324,0.0437,0.0018,0.0006,0.0107,0.0001,0.0019,0.0015,0.0001,0.0001,0.0075,0.0011,0.0004,0.0,0.0016,0.0813,0.0149,0.0,0.0042,0.0,95.0,0.0,32.0,63.0,24.0,0.0,0.0,0.0,0.0,0.0,0.0,0.0,0.0,0.0,0.0,0.0,0.0,0.0,0.0,0.0,0.0,0.0,0.0,8.0,2.0,1.0
2385,19.994947099999994,0,8.3218,1.724,1.353,1.4476,0.1295,0.0028,0.0035,0.0002,0.0254,0.0347,0.002,0.0011,0.0103,0.0001,0.0019,0.0014,0.0,0.0005,0.0078,0.0011,0.0004,0.0001,0.0016,0.0709,0.0119,0.0,0.0043,0.0,95.0,0.0,32.0,63.0,24.0,0.0,0.0,0.0,0.0,0.0,0.0,0.0,0.0,0.0,0.0,0.0,0.0,0.0,0.0,0.0,0.0,0.0,0.0,8.0,2.0,1.0
2386,20.003268899999995,0,8.6215,1.6579,1.5445,1.3689,0.1424,0.0041,0.0064,0.0002,0.0226,0.0356,0.0021,0.0009,0.0096,0.0001,0.0016,0.0022,0.0002,0.0001,0.0087,0.0013,0.0005,0.0,0.002,0.0747,0.0137,0.0001,0.0048,0.0,95.0,0.0,32.0,63.0,24.0,0.0,0.0,0.0,0.0,0.0,0.0,0.0,0.0,0.0,0.0,0.0,0.0,0.0,0.0,0.0,0.0,0.0,0.0,8.0,2.0,1.0
2387,20.011890399999995,0,8.2922,1.8588,1.7132,1.686,0.1574,0.0046,0.0038,0.0002,0.0322,0.0438,0.0025,0.0011,0.0127,0.0001,0.0016,0.0019,0.0001,0.0002,0.0089,0.0014,0.0005,0.0,0.0019,0.0878,0.016,0.0,0.0042,0.0,95.0,0.0,32.0,63.0,24.0,0.0,0.0,0.0,0.0,0.0,0.0,0.0,0.0,0.0,0.0,0.0,0.0,0.0,0.0,0.0,0.0,0.0,0.0,8.0,2.0,1.0
2388,20.020182599999995,0,8.3004,1.8386,1.5576,1.4663,0.166,0.0031,0.0039,0.0003,0.0409,0.0506,0.0026,0.0012,0.0127,0.0001,0.0016,0.0021,0.0,0.0001,0.0091,0.0017,0.0005,0.0,0.0023,0.0956,0.0163,0.0,0.0041,0.0,95.0,0.0,32.0,63.0,24.0,0.0,0.0,0.0,0.0,0.0,0.0,0.0,0.0,0.0,0.0,0.0,0.0,0.0,0.0,0.0,0.0,0.0,0.0,8.0,2.0,1.0
2389,20.028482999999994,0,8.3821,1.6728,1.5502,1.4541,0.1488,0.0038,0.0047,0.0002,0.0276,0.0394,0.002,0.0009,0.0095,0.0002,0.002,0.0016,0.0001,0.0001,0.0089,0.0011,0.0005,0.0001,0.0018,0.0779,0.0128,0.0001,0.0046,0.0,95.0,0.0,32.0,63.0,24.0,0.0,0.0,0.0,0.0,0.0,0.0,0.0,0.0,0.0,0.0,0.0,0.0,0.0,0.0,0.0,0.0,0.0,0.0,8.0,2.0,1.0
2390,20.036865099999993,0,8.1795,1.87,1.6062,1.5229,0.1535,0.0026,0.0034,0.0001,0.0383,0.0468,0.0027,0.0009,0.0116,0.0002,0.0021,0.0015,0.0,0.0005,0.0089,0.0013,0.0004,0.0,0.002,0.0898,0.0154,0.0,0.0038,0.0,95.0,0.0,32.0,63.0,24.0,0.0,0.0,0.0,0.0,0.0,0.0,0.0,0.0,0.0,0.0,0.0,0.0,0.0,0.0,0.0,0.0,0.0,0.0,8.0,2.0,1.0
2391,20.045044599999994,0,8.4471,1.6399,1.449,1.4467,0.1564,0.0031,0.0039,0.0002,0.0301,0.0397,0.0023,0.0008,0.0115,0.0002,0.0018,0.0021,0.0002,0.0001,0.0088,0.0019,0.0005,0.0,0.0018,0.0861,0.0158,0.0,0.0035,0.0,95.0,0.0,32.0,63.0,24.0,0.0,0.0,0.0,0.0,0.0,0.0,0.0,0.0,0.0,0.0,0.0,0.0,0.0,0.0,0.0,0.0,0.0,0.0,8.0,2.0,1.0
2392,20.053491699999995,0,8.2854,1.661,1.6576,1.5023,0.1549,0.0051,0.0043,0.0002,0.0343,0.0464,0.002,0.0009,0.0106,0.0001,0.0019,0.0016,0.0001,0.0001,0.0091,0.0011,0.0004,0.0,0.0019,0.0858,0.0157,0.0,0.0039,0.0,95.0,0.0,32.0,63.0,24.0,0.0,0.0,0.0,0.0,0.0,0.0,0.0,0.0,0.0,0.0,0.0,0.0,0.0,0.0,0.0,0.0,0.0,0.0,8.0,2.0,1.0
2393,20.061777099999993,0,8.4467,1.86,1.655,1.3958,0.1527,0.0051,0.0036,0.0002,0.029,0.0404,0.0023,0.0009,0.0122,0.0001,0.0021,0.0016,0.0001,0.0002,0.0099,0.0014,0.001,0.0001,0.0019,0.0851,0.0151,0.0001,0.0039,0.0,95.0,0.0,32.0,63.0,24.0,0.0,0.0,0.0,0.0,0.0,0.0,0.0,0.0,0.0,0.0,0.0,0.0,0.0,0.0,0.0,0.0,0.0,0.0,8.0,2.0,1.0
2394,20.070223799999994,0,8.1483,1.8168,1.4927,1.486,0.155,0.0029,0.0038,0.0002,0.0387,0.0485,0.0026,0.0008,0.0104,0.0001,0.0014,0.0021,0.0,0.0001,0.0091,0.0013,0.0004,0.0,0.0018,0.0888,0.0145,0.0,0.004,0.0,95.0,0.0,32.0,63.0,24.0,0.0,0.0,0.0,0.0,0.0,0.0,0.0,0.0,0.0,0.0,0.0,0.0,0.0,0.0,0.0,0.0,0.0,0.0,8.0,2.0,1.0
2395,20.078372099999992,0,8.2607,2.034,1.3966,1.7534,0.1446,0.0031,0.0039,0.0002,0.0307,0.0404,0.0023,0.0011,0.012,0.0001,0.0016,0.0016,0.0006,0.0001,0.0089,0.0013,0.0005,0.0,0.0019,0.0822,0.0153,0.0001,0.0036,0.0,95.0,0.0,32.0,63.0,24.0,0.0,0.0,0.0,0.0,0.0,0.0,0.0,0.0,0.0,0.0,0.0,0.0,0.0,0.0,0.0,0.0,0.0,0.0,8.0,2.0,1.0
2396,20.086632799999993,0,8.4747,1.7127,1.5328,1.5739,0.1476,0.0033,0.0039,0.0002,0.0365,0.0463,0.0022,0.0007,0.0104,0.0002,0.0014,0.0019,0.0001,0.0001,0.0081,0.0011,0.0006,0.0,0.0017,0.0844,0.0158,0.0,0.0043,0.0,95.0,0.0,32.0,63.0,24.0,0.0,0.0,0.0,0.0,0.0,0.0,0.0,0.0,0.0,0.0,0.0,0.0,0.0,0.0,0.0,0.0,0.0,0.0,8.0,2.0,1.0
2397,20.095107499999994,0,8.3399,1.7877,1.465,1.4529,0.153,0.0045,0.004,0.0003,0.029,0.0408,0.0026,0.0008,0.0112,0.0001,0.0016,0.0022,0.0001,0.0001,0.0089,0.0014,0.0005,0.0,0.0019,0.082,0.0151,0.0001,0.0037,0.0,95.0,0.0,32.0,63.0,24.0,0.0,0.0,0.0,0.0,0.0,0.0,0.0,0.0,0.0,0.0,0.0,0.0,0.0,0.0,0.0,0.0,0.0,0.0,8.0,2.0,1.0
2398,20.103447399999993,0,8.3477,1.815,1.5318,1.5101,0.1484,0.0027,0.0037,0.0002,0.0362,0.0464,0.002,0.0011,0.011,0.0001,0.0019,0.0015,0.0,0.0004,0.0088,0.0011,0.0005,0.0001,0.0017,0.0851,0.0168,0.0001,0.0042,0.0,95.0,0.0,32.0,63.0,24.0,0.0,0.0,0.0,0.0,0.0,0.0,0.0,0.0,0.0,0.0,0.0,0.0,0.0,0.0,0.0,0.0,0.0,0.0,8.0,2.0,1.0
2399,20.111795099999995,0,8.2523,1.8907,1.5287,1.4585,0.1563,0.0049,0.0048,0.0002,0.0338,0.046,0.0024,0.0007,0.0112,0.0002,0.0019,0.0017,0.0001,0.0007,0.0093,0.0014,0.0008,0.0001,0.002,0.0879,0.015,0.0,0.0048,0.0,95.0,0.0,32.0,63.0,24.0,0.0,0.0,0.0,0.0,0.0,0.0,0.0,0.0,0.0,0.0,0.0,0.0,0.0,0.0,0.0,0.0,0.0,0.0,8.0,2.0,1.0
2400,20.120047399999994,0,8.4299,1.7202,1.5379,1.3859,0.143,0.0033,0.0036,0.0002,0.0347,0.0439,0.002,0.0007,0.0101,0.0001,0.0015,0.0012,0.0001,0.0001,0.0086,0.0012,0.0004,0.0001,0.0017,0.0806,0.0156,0.0,0.0042,0.0,95.0,0.0,32.0,63.0,24.0,0.0,0.0,0.0,0.0,0.0,0.0,0.0,0.0,0.0,0.0,0.0,0.0,0.0,0.0,0.0,0.0,0.0,0.0,8.0,2.0,1.0
2401,20.128477299999993,0,8.3002,1.817,1.5249,1.5667,0.1395,0.0036,0.0035,0.0002,0.0277,0.0373,0.0023,0.0008,0.0084,0.0001,0.0015,0.0021,0.0001,0.0002,0.0097,0.0012,0.0004,0.0001,0.0017,0.0765,0.0148,0.0001,0.0052,0.0,95.0,0.0,32.0,63.0,24.0,0.0,0.0,0.0,0.0,0.0,0.0,0.0,0.0,0.0,0.0,0.0,0.0,0.0,0.0,0.0,0.0,0.0,0.0,8.0,2.0,1.0
2402,20.136777499999994,0,8.2402,1.6394,1.4431,1.4987,0.1489,0.0043,0.0039,0.0002,0.0356,0.0462,0.0021,0.0007,0.0097,0.0001,0.0016,0.0015,0.0001,0.0001,0.0081,0.0013,0.0005,0.0,0.0019,0.0844,0.0149,0.0,0.0043,0.0,95.0,0.0,32.0,63.0,24.0,0.0,0.0,0.0,0.0,0.0,0.0,0.0,0.0,0.0,0.0,0.0,0.0,0.0,0.0,0.0,0.0,0.0,0.0,8.0,2.0,1.0
2403,20.145017699999993,0,8.5602,1.6091,1.6117,1.4891,0.1425,0.0031,0.0039,0.0002,0.0295,0.0395,0.0022,0.0007,0.0081,0.0002,0.0015,0.0019,0.0001,0.0001,0.0086,0.0012,0.0005,0.0001,0.0019,0.0766,0.0146,0.0001,0.0047,0.0,95.0,0.0,32.0,63.0,24.0,0.0,0.0,0.0,0.0,0.0,0.0,0.0,0.0,0.0,0.0,0.0,0.0,0.0,0.0,0.0,0.0,0.0,0.0,8.0,2.0,1.0
2404,20.153577899999995,0,8.2181,1.7099,1.5306,1.3148,0.1493,0.0027,0.0039,0.0002,0.0385,0.0478,0.002,0.0008,0.0114,0.0001,0.0019,0.0016,0.0,0.0001,0.0089,0.0011,0.0004,0.0,0.0016,0.0876,0.0133,0.0,0.0034,0.0,95.0,0.0,32.0,63.0,24.0,0.0,0.0,0.0,0.0,0.0,0.0,0.0,0.0,0.0,0.0,0.0,0.0,0.0,0.0,0.0,0.0,0.0,0.0,8.0,2.0,1.0
2405,20.161795999999995,0,8.1799,2.0808,1.4089,1.5776,0.1258,0.0025,0.0035,0.0003,0.0264,0.0346,0.0026,0.0007,0.008,0.0002,0.0013,0.0016,0.0001,0.0001,0.0077,0.0016,0.0005,0.0001,0.0016,0.0689,0.0111,0.0,0.0035,0.0,95.0,0.0,32.0,63.0,24.0,0.0,0.0,0.0,0.0,0.0,0.0,0.0,0.0,0.0,0.0,0.0,0.0,0.0,0.0,0.0,0.0,0.0,0.0,8.0,2.0,1.0
2406,20.169975899999994,0,8.3891,1.8058,1.412,1.4627,0.1427,0.0037,0.0036,0.0003,0.034,0.0436,0.0023,0.0008,0.0097,0.0001,0.0013,0.002,0.0,0.0002,0.0083,0.0018,0.0004,0.0001,0.0017,0.0815,0.0154,0.0001,0.0043,0.0,95.0,0.0,32.0,63.0,24.0,0.0,0.0,0.0,0.0,0.0,0.0,0.0,0.0,0.0,0.0,0.0,0.0,0.0,0.0,0.0,0.0,0.0,0.0,8.0,2.0,1.0
2407,20.178364999999992,0,8.3536,1.9633,1.4471,1.5304,0.1515,0.0038,0.0038,0.0003,0.028,0.0384,0.0028,0.0007,0.0127,0.0001,0.0021,0.0015,0.0001,0.0006,0.0086,0.0013,0.0005,0.0,0.0019,0.0819,0.0156,0.0001,0.0037,0.0,95.0,0.0,32.0,63.0,24.0,0.0,0.0,0.0,0.0,0.0,0.0,0.0,0.0,0.0,0.0,0.0,0.0,0.0,0.0,0.0,0.0,0.0,0.0,8.0,2.0,1.0
2408,20.186718599999992,0,8.3361,1.7102,1.4823,1.4648,0.1538,0.0038,0.0038,0.0002,0.0345,0.0448,0.0022,0.0009,0.0122,0.0003,0.0016,0.0016,0.0002,0.0001,0.0087,0.0018,0.0004,0.0,0.0018,0.0877,0.0156,0.0,0.0048,0.0,95.0,0.0,32.0,63.0,24.0,0.0,0.0,0.0,0.0,0.0,0.0,0.0,0.0,0.0,0.0,0.0,0.0,0.0,0.0,0.0,0.0,0.0,0.0,8.0,2.0,1.0
2409,20.195054699999993,0,8.2923,1.979,1.4299,1.4807,0.1484,0.0031,0.004,0.0002,0.0297,0.0395,0.0025,0.0008,0.0124,0.0001,0.0015,0.0022,0.0001,0.0001,0.0084,0.0016,0.0004,0.0001,0.002,0.0822,0.0141,0.0,0.004,0.0,95.0,0.0,32.0,63.0,24.0,0.0,0.0,0.0,0.0,0.0,0.0,0.0,0.0,0.0,0.0,0.0,0.0,0.0,0.0,0.0,0.0,0.0,0.0,8.0,2.0,1.0
2410,20.203346999999994,0,8.4738,1.7322,1.5135,1.574,0.1498,0.0047,0.0042,0.0003,0.0342,0.0462,0.0024,0.0008,0.0109,0.0001,0.0015,0.0015,0.0001,0.0001,0.0083,0.0012,0.0005,0.0001,0.0019,0.0866,0.013,0.0,0.0054,0.0,95.0,0.0,32.0,63.0,24.0,0.0,0.0,0.0,0.0,0.0,0.0,0.0,0.0,0.0,0.0,0.0,0.0,0.0,0.0,0.0,0.0,0.0,0.0,8.0,2.0,1.0
2411,20.211820799999995,0,8.299,1.7994,1.4915,1.5544,0.1529,0.0042,0.0039,0.0002,0.0282,0.0392,0.0023,0.0008,0.0115,0.0002,0.0014,0.0016,0.0,0.0001,0.009,0.0018,0.0005,0.0,0.002,0.0805,0.0178,0.0,0.0034,0.0,95.0,0.0,32.0,63.0,24.0,0.0,0.0,0.0,0.0,0.0,0.0,0.0,0.0,0.0,0.0,0.0,0.0,0.0,0.0,0.0,0.0,0.0,0.0,8.0,2.0,1.0
2412,20.220119799999996,0,8.2933,1.7663,1.5607,1.4829,0.1528,0.003,0.0036,0.0002,0.0385,0.0479,0.0022,0.0013,0.0107,0.0001,0.0019,0.0014,0.0001,0.0006,0.0088,0.0012,0.0004,0.0001,0.0019,0.0872,0.0154,0.0,0.0033,0.0,95.0,0.0,32.0,63.0,24.0,0.0,0.0,0.0,0.0,0.0,0.0,0.0,0.0,0.0,0.0,0.0,0.0,0.0,0.0,0.0,0.0,0.0,0.0,8.0,2.0,1.0
2413,20.228413099999994,0,8.3164,1.7844,1.4592,1.367,0.1445,0.0041,0.0037,0.0002,0.0271,0.0375,0.0024,0.0008,0.0103,0.0005,0.0015,0.0016,0.0004,0.0001,0.0083,0.0012,0.0008,0.0001,0.0018,0.0782,0.0147,0.0001,0.0037,0.0,95.0,0.0,32.0,63.0,24.0,0.0,0.0,0.0,0.0,0.0,0.0,0.0,0.0,0.0,0.0,0.0,0.0,0.0,0.0,0.0,0.0,0.0,0.0,8.0,2.0,1.0
2414,20.236729499999992,0,8.3953,1.7391,1.4925,1.5086,0.1506,0.0038,0.0038,0.0002,0.035,0.045,0.0023,0.0007,0.0097,0.0002,0.0018,0.0015,0.0,0.0001,0.0084,0.0013,0.0004,0.0,0.0019,0.0877,0.0159,0.0,0.0038,0.0,95.0,0.0,32.0,63.0,24.0,0.0,0.0,0.0,0.0,0.0,0.0,0.0,0.0,0.0,0.0,0.0,0.0,0.0,0.0,0.0,0.0,0.0,0.0,8.0,2.0,1.0
2415,20.245124799999992,0,8.2535,1.8285,1.4317,1.5098,0.1601,0.0028,0.004,0.0003,0.0322,0.0419,0.0031,0.0009,0.0129,0.0001,0.0016,0.0017,0.0004,0.0001,0.0091,0.0018,0.0005,0.0001,0.002,0.0869,0.0188,0.0001,0.0041,0.0,95.0,0.0,32.0,63.0,24.0,0.0,0.0,0.0,0.0,0.0,0.0,0.0,0.0,0.0,0.0,0.0,0.0,0.0,0.0,0.0,0.0,0.0,0.0,8.0,2.0,1.0
2416,20.25337829999999,0,8.4168,1.9318,1.4764,1.5644,0.1449,0.0028,0.0033,0.0002,0.0386,0.0471,0.0023,0.0007,0.0109,0.0002,0.0018,0.0015,0.0001,0.0001,0.0091,0.0013,0.0005,0.0001,0.0021,0.0865,0.0141,0.0,0.0047,0.0,95.0,0.0,32.0,63.0,24.0,0.0,0.0,0.0,0.0,0.0,0.0,0.0,0.0,0.0,0.0,0.0,0.0,0.0,0.0,0.0,0.0,0.0,0.0,8.0,2.0,1.0
2417,20.26179509999999,0,8.4156,1.8073,1.4264,1.3667,0.1436,0.0028,0.004,0.0002,0.029,0.0383,0.0024,0.0007,0.0109,0.0001,0.0014,0.0021,0.0002,0.0001,0.0082,0.0018,0.0005,0.0,0.0019,0.0787,0.0144,0.0,0.0035,0.0,95.0,0.0,32.0,63.0,24.0,0.0,0.0,0.0,0.0,0.0,0.0,0.0,0.0,0.0,0.0,0.0,0.0,0.0,0.0,0.0,0.0,0.0,0.0,8.0,2.0,1.0
2418,20.27021069999999,0,8.2215,1.8607,1.6384,1.6355,0.1607,0.0045,0.004,0.0002,0.0373,0.0489,0.0022,0.0014,0.0125,0.0003,0.0016,0.0019,0.0001,0.0001,0.0084,0.0019,0.0004,0.0001,0.0018,0.0918,0.0157,0.0,0.0043,0.0,95.0,0.0,32.0,63.0,24.0,0.0,0.0,0.0,0.0,0.0,0.0,0.0,0.0,0.0,0.0,0.0,0.0,0.0,0.0,0.0,0.0,0.0,0.0,8.0,2.0,1.0
2419,20.27843219999999,0,8.3627,1.9776,1.4308,1.6118,0.1414,0.0037,0.0036,0.0003,0.0289,0.0388,0.0027,0.0007,0.0082,0.0001,0.0018,0.0016,0.0002,0.0005,0.0085,0.0012,0.0005,0.0001,0.0018,0.0753,0.0136,0.0,0.0037,0.0,95.0,0.0,32.0,63.0,24.0,0.0,0.0,0.0,0.0,0.0,0.0,0.0,0.0,0.0,0.0,0.0,0.0,0.0,0.0,0.0,0.0,0.0,0.0,8.0,2.0,1.0
2420,20.28679489999999,0,8.2887,1.8233,1.4665,1.4166,0.1486,0.0026,0.0039,0.0003,0.0354,0.0446,0.0021,0.0009,0.0122,0.0002,0.0014,0.0018,0.0002,0.0001,0.0089,0.0012,0.0005,0.0,0.0019,0.0867,0.0154,0.0001,0.0038,0.0,95.0,0.0,32.0,63.0,24.0,0.0,0.0,0.0,0.0,0.0,0.0,0.0,0.0,0.0,0.0,0.0,0.0,0.0,0.0,0.0,0.0,0.0,0.0,8.0,2.0,1.0
2421,20.29508359999999,0,8.3956,1.6969,1.4358,1.4915,0.1464,0.004,0.0045,0.0002,0.0281,0.04,0.0022,0.0008,0.0105,0.0004,0.0015,0.0021,0.0002,0.0001,0.0088,0.0016,0.0005,0.0001,0.0019,0.0804,0.0135,0.0001,0.0046,0.0,95.0,0.0,32.0,63.0,24.0,0.0,0.0,0.0,0.0,0.0,0.0,0.0,0.0,0.0,0.0,0.0,0.0,0.0,0.0,0.0,0.0,0.0,0.0,8.0,2.0,1.0
2422,20.30347919999999,0,8.2896,1.7002,1.4991,1.4399,0.1377,0.0026,0.0037,0.0002,0.0352,0.0437,0.002,0.0013,0.0104,0.0001,0.0019,0.0015,0.0,0.0001,0.0079,0.0017,0.0004,0.0001,0.0017,0.0803,0.0126,0.0001,0.0039,0.0,95.0,0.0,32.0,63.0,24.0,0.0,0.0,0.0,0.0,0.0,0.0,0.0,0.0,0.0,0.0,0.0,0.0,0.0,0.0,0.0,0.0,0.0,0.0,8.0,2.0,1.0
2423,20.311768799999992,0,8.568,1.8819,1.5621,1.5167,0.1589,0.0044,0.005,0.0003,0.0289,0.0413,0.0021,0.0009,0.0106,0.0002,0.0015,0.0022,0.0001,0.0001,0.009,0.0012,0.0004,0.0001,0.002,0.0834,0.0188,0.0,0.0047,0.0,95.0,0.0,32.0,63.0,24.0,0.0,0.0,0.0,0.0,0.0,0.0,0.0,0.0,0.0,0.0,0.0,0.0,0.0,0.0,0.0,0.0,0.0,0.0,8.0,2.0,1.0
2424,20.320336799999993,0,8.1992,1.7722,1.6996,1.4554,0.1494,0.0034,0.0037,0.0003,0.0381,0.0482,0.002,0.0008,0.0096,0.0002,0.0015,0.0015,0.0001,0.0001,0.0083,0.0012,0.0004,0.0001,0.0016,0.0843,0.0165,0.0,0.0046,0.0,95.0,0.0,32.0,63.0,24.0,0.0,0.0,0.0,0.0,0.0,0.0,0.0,0.0,0.0,0.0,0.0,0.0,0.0,0.0,0.0,0.0,0.0,0.0,8.0,2.0,1.0
2425,20.328535999999993,0,8.2169,1.7679,1.42,1.4184,0.133,0.0041,0.0035,0.0003,0.0256,0.0358,0.0018,0.0007,0.0094,0.0004,0.0016,0.0016,0.0004,0.0002,0.0084,0.0011,0.0004,0.0001,0.0017,0.0722,0.0126,0.0001,0.0038,0.0,95.0,0.0,32.0,63.0,24.0,0.0,0.0,0.0,0.0,0.0,0.0,0.0,0.0,0.0,0.0,0.0,0.0,0.0,0.0,0.0,0.0,0.0,0.0,8.0,2.0,1.0
2426,20.336752899999993,0,8.2927,1.6846,1.4309,1.5184,0.1426,0.0025,0.003,0.0003,0.0344,0.0429,0.002,0.0008,0.0093,0.0001,0.002,0.0013,0.0001,0.0007,0.008,0.0011,0.0004,0.0,0.0016,0.0794,0.0166,0.0,0.0044,0.0,95.0,0.0,32.0,63.0,24.0,0.0,0.0,0.0,0.0,0.0,0.0,0.0,0.0,0.0,0.0,0.0,0.0,0.0,0.0,0.0,0.0,0.0,0.0,8.0,2.0,1.0
2427,20.34504559999999,0,8.4955,1.6861,1.4598,1.5661,0.156,0.0028,0.0043,0.0002,0.032,0.0425,0.0024,0.0008,0.0123,0.0001,0.0017,0.0022,0.0001,0.0001,0.0081,0.0013,0.0005,0.0001,0.002,0.0857,0.0159,0.0,0.0041,0.0,95.0,0.0,32.0,63.0,24.0,0.0,0.0,0.0,0.0,0.0,0.0,0.0,0.0,0.0,0.0,0.0,0.0,0.0,0.0,0.0,0.0,0.0,0.0,8.0,2.0,1.0
2428,20.35354109999999,0,8.236,1.8734,1.5303,1.4975,0.1619,0.0034,0.0037,0.0003,0.0461,0.0561,0.0027,0.0008,0.0112,0.0002,0.0021,0.0016,0.0001,0.0002,0.0086,0.0012,0.0005,0.0001,0.0019,0.0969,0.0144,0.0,0.0037,0.0,95.0,0.0,32.0,63.0,24.0,0.0,0.0,0.0,0.0,0.0,0.0,0.0,0.0,0.0,0.0,0.0,0.0,0.0,0.0,0.0,0.0,0.0,0.0,8.0,2.0,1.0
2429,20.36177709999999,0,8.4208,1.9472,1.4955,1.503,0.154,0.0025,0.0036,0.0003,0.0341,0.0429,0.0024,0.0008,0.0127,0.0002,0.0018,0.0019,0.0001,0.0002,0.0091,0.0015,0.0006,0.0001,0.0023,0.0865,0.017,0.0001,0.0033,0.0,95.0,0.0,32.0,63.0,24.0,0.0,0.0,0.0,0.0,0.0,0.0,0.0,0.0,0.0,0.0,0.0,0.0,0.0,0.0,0.0,0.0,0.0,0.0,8.0,2.0,1.0
2430,20.37019789999999,0,8.3093,1.8291,1.5331,1.4781,0.158,0.0029,0.0042,0.0003,0.0375,0.0471,0.0025,0.0008,0.0121,0.0001,0.0016,0.0016,0.0001,0.0001,0.0085,0.0013,0.0011,0.0001,0.002,0.0898,0.0163,0.0,0.0036,0.0,95.0,0.0,32.0,63.0,24.0,0.0,0.0,0.0,0.0,0.0,0.0,0.0,0.0,0.0,0.0,0.0,0.0,0.0,0.0,0.0,0.0,0.0,0.0,8.0,2.0,1.0
2431,20.37850719999999,0,8.3746,2.075,1.5943,1.6313,0.1566,0.0052,0.0043,0.0002,0.0281,0.0402,0.0023,0.0009,0.0107,0.0002,0.0016,0.0021,0.0001,0.0001,0.0087,0.0015,0.0005,0.0001,0.002,0.0816,0.0162,0.0,0.0034,0.0,95.0,0.0,32.0,63.0,24.0,0.0,0.0,0.0,0.0,0.0,0.0,0.0,0.0,0.0,0.0,0.0,0.0,0.0,0.0,0.0,0.0,0.0,0.0,8.0,2.0,1.0
2432,20.38688179999999,0,8.3028,1.8815,1.4981,1.4072,0.1529,0.0028,0.0036,0.0002,0.0353,0.0444,0.0023,0.0008,0.0116,0.0001,0.0016,0.0016,0.0005,0.0001,0.0088,0.0017,0.0004,0.0001,0.0019,0.0865,0.0159,0.0,0.004,0.0,95.0,0.0,32.0,63.0,24.0,0.0,0.0,0.0,0.0,0.0,0.0,0.0,0.0,0.0,0.0,0.0,0.0,0.0,0.0,0.0,0.0,0.0,0.0,8.0,2.0,1.0
2433,20.39518459999999,0,8.3394,1.8438,1.5678,1.4202,0.1493,0.003,0.0041,0.0002,0.0306,0.0402,0.0021,0.0009,0.0112,0.0001,0.002,0.0016,0.0005,0.0001,0.0088,0.0018,0.0005,0.0001,0.0019,0.0816,0.0179,0.0001,0.0037,0.0,95.0,0.0,32.0,63.0,24.0,0.0,0.0,0.0,0.0,0.0,0.0,0.0,0.0,0.0,0.0,0.0,0.0,0.0,0.0,0.0,0.0,0.0,0.0,8.0,2.0,1.0
2434,20.40352399999999,0,8.2054,1.7333,1.4214,1.4049,0.1432,0.0027,0.0033,0.0002,0.0343,0.0436,0.0022,0.0007,0.0101,0.0002,0.0016,0.0016,0.0001,0.0001,0.0083,0.0012,0.0005,0.0002,0.0019,0.0811,0.0152,0.0,0.0039,0.0,95.0,0.0,32.0,63.0,24.0,0.0,0.0,0.0,0.0,0.0,0.0,0.0,0.0,0.0,0.0,0.0,0.0,0.0,0.0,0.0,0.0,0.0,0.0,8.0,2.0,1.0
2435,20.41172939999999,0,8.4248,1.8999,1.4608,1.5159,0.1539,0.0044,0.0041,0.0002,0.03,0.0412,0.0025,0.0009,0.013,0.0001,0.0017,0.0019,0.0001,0.0002,0.0094,0.0014,0.0005,0.0001,0.002,0.0851,0.0149,0.0,0.0033,0.0,95.0,0.0,32.0,63.0,24.0,0.0,0.0,0.0,0.0,0.0,0.0,0.0,0.0,0.0,0.0,0.0,0.0,0.0,0.0,0.0,0.0,0.0,0.0,8.0,2.0,1.0
2436,20.420154199999992,0,8.4732,1.9087,1.6373,1.4113,0.1651,0.0035,0.0038,0.0002,0.0392,0.0499,0.0025,0.001,0.0125,0.0001,0.0016,0.0017,0.0002,0.0002,0.009,0.0016,0.0005,0.0002,0.0025,0.0935,0.0158,0.0,0.0052,0.0,95.0,0.0,32.0,63.0,24.0,0.0,0.0,0.0,0.0,0.0,0.0,0.0,0.0,0.0,0.0,0.0,0.0,0.0,0.0,0.0,0.0,0.0,0.0,8.0,2.0,1.0
2437,20.428627399999993,0,8.3193,2.0809,1.5553,1.609,0.157,0.005,0.0047,0.0002,0.0289,0.0414,0.0029,0.0011,0.0118,0.0001,0.0021,0.0018,0.0001,0.0002,0.0089,0.0013,0.0011,0.0001,0.0021,0.0852,0.0131,0.0,0.0042,0.0,95.0,0.0,32.0,63.0,24.0,0.0,0.0,0.0,0.0,0.0,0.0,0.0,0.0,0.0,0.0,0.0,0.0,0.0,0.0,0.0,0.0,0.0,0.0,8.0,2.0,1.0
2438,20.436946699999993,0,8.6035,1.8468,1.7913,1.5845,0.1803,0.0034,0.0047,0.0003,0.0444,0.0559,0.003,0.0014,0.0135,0.0002,0.0017,0.0024,0.0001,0.0001,0.0106,0.0014,0.0011,0.0001,0.002,0.1043,0.0173,0.0001,0.0039,0.0,95.0,0.0,32.0,63.0,24.0,0.0,0.0,0.0,0.0,0.0,0.0,0.0,0.0,0.0,0.0,0.0,0.0,0.0,0.0,0.0,0.0,0.0,0.0,8.0,2.0,1.0
2439,20.445550199999992,0,8.1069,2.0496,1.6805,1.8462,0.1479,0.0025,0.0038,0.0003,0.0265,0.036,0.0027,0.0009,0.0117,0.0001,0.0016,0.0021,0.0001,0.0001,0.0099,0.0012,0.0005,0.0001,0.0018,0.0781,0.0167,0.0001,0.0045,0.0,95.0,0.0,32.0,63.0,24.0,0.0,0.0,0.0,0.0,0.0,0.0,0.0,0.0,0.0,0.0,0.0,0.0,0.0,0.0,0.0,0.0,0.0,0.0,8.0,2.0,1.0
2440,20.453657099999994,0,8.2208,1.849,1.5381,1.714,0.1586,0.0042,0.0039,0.0003,0.0395,0.0503,0.0028,0.0009,0.011,0.0001,0.0016,0.0019,0.0001,0.0001,0.0088,0.0014,0.0005,0.0001,0.0019,0.0921,0.0135,0.0001,0.0038,0.0,95.0,0.0,32.0,63.0,24.0,0.0,0.0,0.0,0.0,0.0,0.0,0.0,0.0,0.0,0.0,0.0,0.0,0.0,0.0,0.0,0.0,0.0,0.0,8.0,2.0,1.0
2441,20.461877899999994,0,8.2958,1.8329,1.4822,1.3966,0.1457,0.0036,0.0035,0.0002,0.0294,0.039,0.0022,0.0007,0.0116,0.0001,0.0021,0.0016,0.0001,0.0001,0.0094,0.0019,0.0005,0.0002,0.0019,0.0829,0.0137,0.0001,0.0045,0.0,95.0,0.0,32.0,63.0,24.0,0.0,0.0,0.0,0.0,0.0,0.0,0.0,0.0,0.0,0.0,0.0,0.0,0.0,0.0,0.0,0.0,0.0,0.0,8.0,2.0,1.0
2442,20.470173699999993,0,8.5508,1.7702,1.6141,1.557,0.1523,0.0031,0.004,0.0002,0.0356,0.0454,0.002,0.0011,0.0101,0.0006,0.0014,0.0016,0.0005,0.0001,0.0089,0.0011,0.0004,0.0001,0.0017,0.085,0.0149,0.0001,0.0042,0.0,95.0,0.0,32.0,63.0,24.0,0.0,0.0,0.0,0.0,0.0,0.0,0.0,0.0,0.0,0.0,0.0,0.0,0.0,0.0,0.0,0.0,0.0,0.0,8.0,2.0,1.0
2443,20.47872449999999,0,8.2389,1.8171,1.5786,1.6521,0.1432,0.0025,0.0036,0.0002,0.0299,0.0388,0.0027,0.0008,0.0118,0.0002,0.0016,0.0019,0.0001,0.0001,0.0081,0.0022,0.0004,0.0001,0.0018,0.0788,0.0166,0.0001,0.0046,0.0,95.0,0.0,32.0,63.0,24.0,0.0,0.0,0.0,0.0,0.0,0.0,0.0,0.0,0.0,0.0,0.0,0.0,0.0,0.0,0.0,0.0,0.0,0.0,8.0,2.0,1.0
2444,20.48696339999999,0,8.4274,1.9611,1.6641,1.6642,0.1644,0.0038,0.0038,0.0003,0.0402,0.0507,0.0027,0.001,0.0133,0.0002,0.0014,0.0019,0.0001,0.0001,0.0087,0.0015,0.0005,0.0001,0.0021,0.095,0.0143,0.0001,0.0052,0.0,95.0,0.0,32.0,63.0,24.0,0.0,0.0,0.0,0.0,0.0,0.0,0.0,0.0,0.0,0.0,0.0,0.0,0.0,0.0,0.0,0.0,0.0,0.0,8.0,2.0,1.0
2445,20.49539079999999,0,8.1264,1.7563,1.5565,1.2851,0.1632,0.0054,0.0051,0.0003,0.0301,0.0437,0.0023,0.0008,0.0123,0.0002,0.0017,0.0023,0.0001,0.0001,0.0094,0.0014,0.0005,0.0002,0.0019,0.0884,0.017,0.0001,0.0041,0.0,95.0,0.0,32.0,63.0,24.0,0.0,0.0,0.0,0.0,0.0,0.0,0.0,0.0,0.0,0.0,0.0,0.0,0.0,0.0,0.0,0.0,0.0,0.0,8.0,2.0,1.0
2446,20.503517199999987,0,8.3714,1.8557,1.4728,1.4081,0.1546,0.0028,0.0036,0.0002,0.0384,0.0474,0.0025,0.0014,0.0127,0.0001,0.0016,0.0021,0.0001,0.0001,0.0085,0.0012,0.0005,0.0001,0.0019,0.0907,0.0145,0.0001,0.0043,0.0,95.0,0.0,32.0,63.0,24.0,0.0,0.0,0.0,0.0,0.0,0.0,0.0,0.0,0.0,0.0,0.0,0.0,0.0,0.0,0.0,0.0,0.0,0.0,8.0,2.0,1.0
2447,20.51188859999999,0,8.3218,1.7188,1.4977,1.4659,0.1575,0.0046,0.0045,0.0007,0.0302,0.0424,0.0024,0.0008,0.0117,0.0002,0.0022,0.0016,0.0001,0.0002,0.009,0.0013,0.0006,0.0,0.002,0.0858,0.0171,0.0001,0.004,0.0,95.0,0.0,32.0,63.0,24.0,0.0,0.0,0.0,0.0,0.0,0.0,0.0,0.0,0.0,0.0,0.0,0.0,0.0,0.0,0.0,0.0,0.0,0.0,8.0,2.0,1.0
2448,20.52021039999999,0,8.5614,1.9322,1.6437,1.3976,0.1747,0.0033,0.0042,0.0007,0.0402,0.051,0.0024,0.0014,0.0124,0.0004,0.0017,0.0017,0.0002,0.0001,0.0092,0.0017,0.0006,0.0001,0.0027,0.0989,0.019,0.0,0.0051,0.0,95.0,0.0,32.0,63.0,24.0,0.0,0.0,0.0,0.0,0.0,0.0,0.0,0.0,0.0,0.0,0.0,0.0,0.0,0.0,0.0,0.0,0.0,0.0,8.0,2.0,1.0
2449,20.52877179999999,0,8.2347,1.7881,1.7227,1.4685,0.1384,0.0032,0.0033,0.0002,0.0312,0.04,0.002,0.0009,0.0086,0.0001,0.0014,0.0019,0.0001,0.0001,0.0086,0.0013,0.0005,0.0001,0.0016,0.0763,0.0129,0.0001,0.0041,0.0,95.0,0.0,32.0,63.0,24.0,0.0,0.0,0.0,0.0,0.0,0.0,0.0,0.0,0.0,0.0,0.0,0.0,0.0,0.0,0.0,0.0,0.0,0.0,8.0,2.0,1.0
2450,20.53700649999999,0,8.1351,1.7688,1.4631,1.4411,0.1526,0.0028,0.0039,0.0002,0.0381,0.0474,0.0021,0.0012,0.0112,0.0002,0.0021,0.0015,0.0001,0.0001,0.0079,0.0012,0.0005,0.0,0.0018,0.0871,0.0141,0.0,0.0028,0.0,95.0,0.0,32.0,63.0,24.0,0.0,0.0,0.0,0.0,0.0,0.0,0.0,0.0,0.0,0.0,0.0,0.0,0.0,0.0,0.0,0.0,0.0,0.0,8.0,2.0,1.0
2451,20.54514159999999,0,8.4305,1.9515,1.4706,1.4283,0.1549,0.0045,0.0045,0.0002,0.0304,0.042,0.0023,0.0008,0.0113,0.0002,0.0015,0.0023,0.0,0.0002,0.0083,0.0013,0.0004,0.0001,0.002,0.0844,0.0176,0.0,0.0043,0.0,95.0,0.0,32.0,63.0,24.0,0.0,0.0,0.0,0.0,0.0,0.0,0.0,0.0,0.0,0.0,0.0,0.0,0.0,0.0,0.0,0.0,0.0,0.0,8.0,2.0,1.0
2452,20.55357209999999,0,8.392,1.9464,1.5103,1.4791,0.1577,0.0044,0.0039,0.0002,0.0382,0.0491,0.0024,0.0008,0.0124,0.0002,0.002,0.0018,0.0,0.0001,0.0086,0.0013,0.001,0.0001,0.0019,0.092,0.0158,0.0,0.0034,0.0,95.0,0.0,32.0,63.0,24.0,0.0,0.0,0.0,0.0,0.0,0.0,0.0,0.0,0.0,0.0,0.0,0.0,0.0,0.0,0.0,0.0,0.0,0.0,8.0,2.0,1.0
2453,20.56196409999999,0,8.2137,1.7718,1.5667,1.4409,0.1471,0.0029,0.0038,0.0002,0.0311,0.0411,0.0023,0.0009,0.0116,0.0001,0.0022,0.0017,0.0,0.0001,0.0085,0.0013,0.0004,0.0002,0.0019,0.0821,0.0148,0.0,0.0044,0.0,95.0,0.0,32.0,63.0,24.0,0.0,0.0,0.0,0.0,0.0,0.0,0.0,0.0,0.0,0.0,0.0,0.0,0.0,0.0,0.0,0.0,0.0,0.0,8.0,2.0,1.0
2454,20.57017779999999,0,8.3778,1.7663,1.4784,1.4677,0.1611,0.0032,0.0036,0.0003,0.038,0.0473,0.0022,0.0008,0.0124,0.0001,0.0015,0.0022,0.0,0.0001,0.0094,0.0013,0.0006,0.0001,0.0019,0.0908,0.0171,0.0001,0.0038,0.0,95.0,0.0,32.0,63.0,24.0,0.0,0.0,0.0,0.0,0.0,0.0,0.0,0.0,0.0,0.0,0.0,0.0,0.0,0.0,0.0,0.0,0.0,0.0,8.0,2.0,1.0
2455,20.57855559999999,0,8.3725,1.7452,1.5767,1.6624,0.1479,0.0044,0.0041,0.0003,0.0263,0.0376,0.0023,0.0009,0.0115,0.0001,0.0015,0.0021,0.0001,0.0001,0.0085,0.0018,0.0005,0.0001,0.002,0.0794,0.0142,0.0001,0.0039,0.0,95.0,0.0,32.0,63.0,24.0,0.0,0.0,0.0,0.0,0.0,0.0,0.0,0.0,0.0,0.0,0.0,0.0,0.0,0.0,0.0,0.0,0.0,0.0,8.0,2.0,1.0
2456,20.58692809999999,0,8.2932,1.8126,1.5162,1.3605,0.154,0.0031,0.0038,0.0003,0.0381,0.0475,0.0024,0.0009,0.011,0.0002,0.0014,0.0019,0.0001,0.0001,0.0084,0.0013,0.0004,0.0,0.0018,0.0873,0.0154,0.0,0.0039,0.0,95.0,0.0,32.0,63.0,24.0,0.0,0.0,0.0,0.0,0.0,0.0,0.0,0.0,0.0,0.0,0.0,0.0,0.0,0.0,0.0,0.0,0.0,0.0,8.0,2.0,1.0
2457,20.59522129999999,0,8.4695,1.8033,1.5262,1.439,0.1672,0.0051,0.0046,0.0012,0.0276,0.0417,0.0028,0.0011,0.0127,0.0002,0.0016,0.0018,0.0005,0.0002,0.0098,0.0013,0.0005,0.0002,0.0024,0.0869,0.0161,0.0,0.0044,0.0,95.0,0.0,32.0,63.0,24.0,0.0,0.0,0.0,0.0,0.0,0.0,0.0,0.0,0.0,0.0,0.0,0.0,0.0,0.0,0.0,0.0,0.0,0.0,8.0,2.0,1.0
2458,20.603690799999992,0,8.307,1.8209,1.7141,1.62,0.179,0.0048,0.0073,0.0002,0.0238,0.0386,0.0027,0.0011,0.0131,0.0001,0.002,0.002,0.0002,0.0007,0.0121,0.0018,0.0011,0.0,0.0023,0.0896,0.0231,0.0001,0.0037,0.0,95.0,0.0,32.0,63.0,24.0,0.0,0.0,0.0,0.0,0.0,0.0,0.0,0.0,0.0,0.0,0.0,0.0,0.0,0.0,0.0,0.0,0.0,0.0,8.0,2.0,1.0
2459,20.61199779999999,0,8.2671,1.8456,1.5049,1.5616,0.1585,0.003,0.0044,0.0002,0.0314,0.0418,0.0025,0.0009,0.0121,0.0002,0.0018,0.0021,0.0001,0.0001,0.0097,0.0013,0.0004,0.0,0.0022,0.0862,0.0189,0.0,0.004,0.0,95.0,0.0,32.0,63.0,24.0,0.0,0.0,0.0,0.0,0.0,0.0,0.0,0.0,0.0,0.0,0.0,0.0,0.0,0.0,0.0,0.0,0.0,0.0,8.0,2.0,1.0
2460,20.62026489999999,0,8.2343,1.897,1.535,1.4605,0.1537,0.003,0.0033,0.0002,0.0363,0.045,0.0027,0.0008,0.0121,0.0001,0.0021,0.0016,0.0001,0.0001,0.0093,0.0018,0.0005,0.0001,0.002,0.0886,0.0154,0.0,0.0047,0.0,95.0,0.0,32.0,63.0,24.0,0.0,0.0,0.0,0.0,0.0,0.0,0.0,0.0,0.0,0.0,0.0,0.0,0.0,0.0,0.0,0.0,0.0,0.0,8.0,2.0,1.0
2461,20.628499199999993,0,8.532,1.7751,1.5719,1.3847,0.1542,0.0034,0.0037,0.0002,0.0301,0.0398,0.0023,0.001,0.0124,0.0002,0.0015,0.0022,0.0002,0.0001,0.0095,0.0013,0.0006,0.0,0.0019,0.0839,0.0163,0.0,0.004,0.0,95.0,0.0,32.0,63.0,24.0,0.0,0.0,0.0,0.0,0.0,0.0,0.0,0.0,0.0,0.0,0.0,0.0,0.0,0.0,0.0,0.0,0.0,0.0,8.0,2.0,1.0
2462,20.637031199999992,0,8.2214,1.776,1.5896,1.4114,0.1585,0.0044,0.004,0.0003,0.0368,0.0482,0.0024,0.0013,0.0119,0.0007,0.0018,0.0014,0.0001,0.0001,0.0093,0.0015,0.0005,0.0,0.002,0.0914,0.0144,0.0001,0.0042,0.0,95.0,0.0,32.0,63.0,24.0,0.0,0.0,0.0,0.0,0.0,0.0,0.0,0.0,0.0,0.0,0.0,0.0,0.0,0.0,0.0,0.0,0.0,0.0,8.0,2.0,1.0
2463,20.645252599999992,0,8.3831,1.8212,1.5119,1.645,0.1549,0.003,0.0044,0.0002,0.0302,0.0408,0.002,0.0008,0.0108,0.0001,0.0021,0.0017,0.0001,0.0001,0.009,0.0011,0.0005,0.0002,0.0022,0.0808,0.0178,0.0,0.0042,0.0,95.0,0.0,32.0,63.0,24.0,0.0,0.0,0.0,0.0,0.0,0.0,0.0,0.0,0.0,0.0,0.0,0.0,0.0,0.0,0.0,0.0,0.0,0.0,8.0,2.0,1.0
2464,20.65363569999999,0,8.4096,1.8238,1.7018,1.3782,0.1699,0.0045,0.0046,0.0003,0.0376,0.0502,0.0026,0.001,0.0116,0.0001,0.0021,0.0018,0.0,0.0001,0.0091,0.0013,0.0009,0.0002,0.002,0.0943,0.0161,0.0,0.0047,0.0,95.0,0.0,32.0,63.0,24.0,0.0,0.0,0.0,0.0,0.0,0.0,0.0,0.0,0.0,0.0,0.0,0.0,0.0,0.0,0.0,0.0,0.0,0.0,8.0,2.0,1.0
2465,20.662045299999992,0,8.1984,1.8923,1.5085,1.4495,0.147,0.0042,0.006,0.0002,0.0162,0.0291,0.0022,0.0007,0.0106,0.0002,0.0017,0.0022,0.0001,0.0002,0.0092,0.0012,0.0005,0.0001,0.0019,0.0712,0.0178,0.0,0.0042,0.0,95.0,0.0,32.0,63.0,24.0,0.0,0.0,0.0,0.0,0.0,0.0,0.0,0.0,0.0,0.0,0.0,0.0,0.0,0.0,0.0,0.0,0.0,0.0,8.0,2.0,1.0
2466,20.670243699999993,0,8.4659,1.8392,1.6587,1.48,0.1609,0.0035,0.0045,0.0003,0.0373,0.0486,0.0023,0.0009,0.0112,0.0001,0.0017,0.0017,0.0001,0.0001,0.0084,0.0013,0.0006,0.0001,0.0021,0.0904,0.0158,0.0001,0.0055,0.0,95.0,0.0,32.0,63.0,24.0,0.0,0.0,0.0,0.0,0.0,0.0,0.0,0.0,0.0,0.0,0.0,0.0,0.0,0.0,0.0,0.0,0.0,0.0,8.0,2.0,1.0
2467,20.678709599999994,0,8.143,1.8856,1.5293,1.4574,0.1555,0.0029,0.0035,0.0002,0.0304,0.0394,0.0025,0.001,0.0134,0.0002,0.002,0.0018,0.0,0.0001,0.0086,0.0013,0.0006,0.0001,0.002,0.0846,0.0171,0.0,0.0041,0.0,95.0,0.0,32.0,63.0,24.0,0.0,0.0,0.0,0.0,0.0,0.0,0.0,0.0,0.0,0.0,0.0,0.0,0.0,0.0,0.0,0.0,0.0,0.0,8.0,2.0,1.0
2468,20.686852599999995,0,8.6095,1.9217,1.6176,1.607,0.1694,0.0042,0.0046,0.0003,0.0399,0.0522,0.0029,0.0009,0.0114,0.0002,0.0017,0.0017,0.0002,0.0001,0.0092,0.0018,0.0005,0.0001,0.002,0.0953,0.0169,0.0001,0.004,0.0,95.0,0.0,32.0,63.0,24.0,0.0,0.0,0.0,0.0,0.0,0.0,0.0,0.0,0.0,0.0,0.0,0.0,0.0,0.0,0.0,0.0,0.0,0.0,8.0,2.0,1.0
2469,20.695462099999993,0,8.1316,1.7413,1.604,1.4761,0.1534,0.0033,0.0047,0.0001,0.0267,0.0379,0.0023,0.0009,0.0104,0.0001,0.0022,0.002,0.0,0.0001,0.009,0.0017,0.0005,0.0001,0.0021,0.0802,0.015,0.0,0.0045,0.0,95.0,0.0,32.0,63.0,24.0,0.0,0.0,0.0,0.0,0.0,0.0,0.0,0.0,0.0,0.0,0.0,0.0,0.0,0.0,0.0,0.0,0.0,0.0,8.0,2.0,1.0
2470,20.703593699999992,0,8.3661,1.8202,1.576,1.4502,0.1629,0.0038,0.0035,0.0003,0.0387,0.0486,0.0025,0.0015,0.0134,0.0002,0.0017,0.0017,0.0001,0.0002,0.0091,0.0014,0.0005,0.0001,0.0021,0.0936,0.016,0.0,0.0042,0.0,95.0,0.0,32.0,63.0,24.0,0.0,0.0,0.0,0.0,0.0,0.0,0.0,0.0,0.0,0.0,0.0,0.0,0.0,0.0,0.0,0.0,0.0,0.0,8.0,2.0,1.0
2471,20.711959799999992,0,8.361,2.0684,1.5567,1.7303,0.1592,0.004,0.0054,0.0003,0.0262,0.0386,0.0024,0.0007,0.0116,0.0001,0.002,0.0017,0.0001,0.0001,0.0095,0.0011,0.001,0.0001,0.0018,0.0814,0.0152,0.0,0.0041,0.0,95.0,0.0,32.0,63.0,24.0,0.0,0.0,0.0,0.0,0.0,0.0,0.0,0.0,0.0,0.0,0.0,0.0,0.0,0.0,0.0,0.0,0.0,0.0,8.0,2.0,1.0
2472,20.720320799999993,0,8.2616,1.879,1.5882,1.4458,0.1715,0.0034,0.0039,0.0003,0.0419,0.0527,0.0026,0.001,0.0119,0.0002,0.0022,0.0018,0.0002,0.0005,0.0096,0.0018,0.0005,0.0001,0.002,0.0978,0.0165,0.0,0.0032,0.0,95.0,0.0,32.0,63.0,24.0,0.0,0.0,0.0,0.0,0.0,0.0,0.0,0.0,0.0,0.0,0.0,0.0,0.0,0.0,0.0,0.0,0.0,0.0,8.0,2.0,1.0
2473,20.728582399999993,0,8.301,1.8047,1.4705,1.416,0.1614,0.0039,0.004,0.0003,0.0319,0.0432,0.0027,0.001,0.0131,0.0002,0.0022,0.0018,0.0001,0.0007,0.0097,0.0016,0.0005,0.0001,0.0018,0.0901,0.0188,0.0,0.004,0.0,95.0,0.0,32.0,63.0,24.0,0.0,0.0,0.0,0.0,0.0,0.0,0.0,0.0,0.0,0.0,0.0,0.0,0.0,0.0,0.0,0.0,0.0,0.0,8.0,2.0,1.0
2474,20.736883399999993,0,8.2819,1.8533,1.4498,1.4988,0.157,0.0034,0.0039,0.0002,0.0377,0.0482,0.0024,0.001,0.0104,0.0004,0.0017,0.0018,0.0001,0.0001,0.0088,0.0016,0.0005,0.0002,0.0019,0.0892,0.0139,0.0001,0.0046,0.0,95.0,0.0,32.0,63.0,24.0,0.0,0.0,0.0,0.0,0.0,0.0,0.0,0.0,0.0,0.0,0.0,0.0,0.0,0.0,0.0,0.0,0.0,0.0,8.0,2.0,1.0
2475,20.745165299999993,0,8.6215,1.7043,1.6339,1.4093,0.143,0.0028,0.0034,0.0002,0.0294,0.0378,0.0025,0.0012,0.0097,0.0002,0.0015,0.0022,0.0002,0.0002,0.0091,0.0017,0.0004,0.0001,0.0016,0.0775,0.0139,0.0,0.0053,0.0,95.0,0.0,32.0,63.0,24.0,0.0,0.0,0.0,0.0,0.0,0.0,0.0,0.0,0.0,0.0,0.0,0.0,0.0,0.0,0.0,0.0,0.0,0.0,8.0,2.0,1.0
2476,20.753786799999993,0,8.0496,1.6198,1.4863,1.3399,0.1508,0.0026,0.0037,0.0002,0.039,0.0475,0.0021,0.0009,0.0115,0.0001,0.002,0.0016,0.0004,0.0001,0.009,0.0018,0.0005,0.0001,0.0019,0.0895,0.0147,0.0,0.004,0.0,95.0,0.0,32.0,63.0,24.0,0.0,0.0,0.0,0.0,0.0,0.0,0.0,0.0,0.0,0.0,0.0,0.0,0.0,0.0,0.0,0.0,0.0,0.0,8.0,2.0,1.0
2477,20.761836399999993,0,8.3719,1.7478,1.427,1.337,0.1454,0.0035,0.0036,0.0001,0.0282,0.0379,0.0024,0.0009,0.0125,0.0002,0.0022,0.0015,0.0002,0.0001,0.0097,0.0014,0.0005,0.0,0.0019,0.0812,0.015,0.0001,0.0047,0.0,95.0,0.0,32.0,63.0,24.0,0.0,0.0,0.0,0.0,0.0,0.0,0.0,0.0,0.0,0.0,0.0,0.0,0.0,0.0,0.0,0.0,0.0,0.0,8.0,2.0,1.0
2478,20.770208299999993,0,8.4538,1.7602,1.6119,1.4023,0.1535,0.003,0.0037,0.0002,0.0397,0.0491,0.0023,0.0007,0.0104,0.0001,0.002,0.0013,0.0001,0.0001,0.009,0.0013,0.0006,0.0,0.0019,0.09,0.0136,0.0,0.0045,0.0,95.0,0.0,32.0,63.0,24.0,0.0,0.0,0.0,0.0,0.0,0.0,0.0,0.0,0.0,0.0,0.0,0.0,0.0,0.0,0.0,0.0,0.0,0.0,8.0,2.0,1.0
2479,20.778662099999995,0,8.2056,1.7634,1.4401,1.5066,0.1511,0.0027,0.0036,0.0001,0.0322,0.0411,0.0023,0.0009,0.011,0.0002,0.0016,0.0023,0.0001,0.0001,0.0085,0.0013,0.0006,0.0,0.0019,0.0821,0.0185,0.0,0.0038,0.0,95.0,0.0,32.0,63.0,24.0,0.0,0.0,0.0,0.0,0.0,0.0,0.0,0.0,0.0,0.0,0.0,0.0,0.0,0.0,0.0,0.0,0.0,0.0,8.0,2.0,1.0
2480,20.786867699999995,0,8.3948,1.7042,1.5087,1.2985,0.1499,0.003,0.0039,0.0002,0.0372,0.0466,0.0027,0.0008,0.0103,0.0001,0.0015,0.0019,0.0001,0.0001,0.009,0.0018,0.0005,0.0001,0.0018,0.087,0.015,0.0,0.0038,0.0,95.0,0.0,32.0,63.0,24.0,0.0,0.0,0.0,0.0,0.0,0.0,0.0,0.0,0.0,0.0,0.0,0.0,0.0,0.0,0.0,0.0,0.0,0.0,8.0,2.0,1.0
2481,20.795262499999996,0,8.2772,1.6769,1.3887,1.4583,0.1542,0.0032,0.004,0.0003,0.0301,0.0402,0.0029,0.0014,0.0126,0.0002,0.0016,0.0018,0.0001,0.0001,0.0084,0.0016,0.0005,0.0001,0.002,0.0839,0.016,0.0001,0.0042,0.0,95.0,0.0,32.0,63.0,24.0,0.0,0.0,0.0,0.0,0.0,0.0,0.0,0.0,0.0,0.0,0.0,0.0,0.0,0.0,0.0,0.0,0.0,0.0,8.0,2.0,1.0
2482,20.803539699999995,0,8.3493,1.7482,1.4416,1.355,0.1463,0.0036,0.0035,0.0002,0.0355,0.0451,0.0021,0.0009,0.0111,0.0002,0.0015,0.0014,0.0001,0.0001,0.0083,0.0017,0.0005,0.0001,0.002,0.0856,0.0145,0.0,0.0042,0.0,95.0,0.0,32.0,63.0,24.0,0.0,0.0,0.0,0.0,0.0,0.0,0.0,0.0,0.0,0.0,0.0,0.0,0.0,0.0,0.0,0.0,0.0,0.0,8.0,2.0,1.0
2483,20.811888999999994,0,8.267,1.7879,1.3768,1.4632,0.1429,0.003,0.0041,0.0002,0.028,0.0376,0.0022,0.0008,0.0103,0.0001,0.0016,0.0015,0.0006,0.0001,0.0089,0.0014,0.0004,0.0001,0.002,0.0786,0.0138,0.0,0.004,0.0,95.0,0.0,32.0,63.0,24.0,0.0,0.0,0.0,0.0,0.0,0.0,0.0,0.0,0.0,0.0,0.0,0.0,0.0,0.0,0.0,0.0,0.0,0.0,8.0,2.0,1.0
2484,20.820155999999994,0,8.4111,1.7952,1.4578,1.3845,0.1464,0.0029,0.0038,0.0003,0.0352,0.0447,0.0019,0.0012,0.0112,0.0006,0.0015,0.0018,0.0002,0.0001,0.0088,0.0016,0.0004,0.0,0.0016,0.0846,0.0131,0.0,0.0038,0.0,95.0,0.0,32.0,63.0,24.0,0.0,0.0,0.0,0.0,0.0,0.0,0.0,0.0,0.0,0.0,0.0,0.0,0.0,0.0,0.0,0.0,0.0,0.0,8.0,2.0,1.0
2485,20.828567099999994,0,8.3206,1.6552,1.4467,1.4122,0.1435,0.0046,0.006,0.0002,0.023,0.0361,0.0021,0.0013,0.0111,0.0002,0.002,0.0015,0.0,0.0001,0.0088,0.0013,0.0009,0.0001,0.0019,0.0775,0.0146,0.0,0.0047,0.0,95.0,0.0,32.0,63.0,24.0,0.0,0.0,0.0,0.0,0.0,0.0,0.0,0.0,0.0,0.0,0.0,0.0,0.0,0.0,0.0,0.0,0.0,0.0,8.0,2.0,1.0
2486,20.836887699999995,0,8.2358,1.7822,1.3631,1.297,0.1482,0.0029,0.0037,0.0002,0.035,0.044,0.0025,0.0008,0.012,0.0002,0.0015,0.0019,0.0,0.0001,0.0084,0.0018,0.0004,0.0001,0.0019,0.0855,0.0147,0.0,0.0043,0.0,95.0,0.0,32.0,63.0,24.0,0.0,0.0,0.0,0.0,0.0,0.0,0.0,0.0,0.0,0.0,0.0,0.0,0.0,0.0,0.0,0.0,0.0,0.0,8.0,2.0,1.0
2487,20.845123499999996,0,8.5564,1.8871,1.397,1.5135,0.1552,0.0032,0.0037,0.0002,0.0303,0.0398,0.0021,0.0014,0.0125,0.0002,0.0016,0.0021,0.0001,0.0001,0.0091,0.0013,0.0006,0.0002,0.0025,0.0857,0.0167,0.0,0.0038,0.0,95.0,0.0,32.0,63.0,24.0,0.0,0.0,0.0,0.0,0.0,0.0,0.0,0.0,0.0,0.0,0.0,0.0,0.0,0.0,0.0,0.0,0.0,0.0,8.0,2.0,1.0
2488,20.853679899999996,0,8.2011,1.7208,1.5631,1.3091,0.1504,0.0036,0.0037,0.0002,0.0378,0.0478,0.0022,0.0009,0.0113,0.0001,0.0015,0.0016,0.0001,0.0001,0.0088,0.0013,0.0005,0.0001,0.0021,0.0884,0.0135,0.0,0.004,0.0,95.0,0.0,32.0,63.0,24.0,0.0,0.0,0.0,0.0,0.0,0.0,0.0,0.0,0.0,0.0,0.0,0.0,0.0,0.0,0.0,0.0,0.0,0.0,8.0,2.0,1.0
2489,20.861880999999997,0,8.3547,1.744,1.4615,1.3863,0.1382,0.0028,0.0037,0.0003,0.0278,0.0369,0.0022,0.0007,0.0103,0.0002,0.0016,0.0017,0.0,0.0002,0.0082,0.0013,0.0004,0.0,0.0018,0.0753,0.0128,0.0001,0.0046,0.0,95.0,0.0,32.0,63.0,24.0,0.0,0.0,0.0,0.0,0.0,0.0,0.0,0.0,0.0,0.0,0.0,0.0,0.0,0.0,0.0,0.0,0.0,0.0,8.0,2.0,1.0
2490,20.8702357,0,8.2483,1.6402,1.4054,1.4622,0.1501,0.0039,0.0035,0.0003,0.0352,0.0451,0.0025,0.0009,0.0116,0.0002,0.0016,0.0018,0.0001,0.0001,0.0086,0.0017,0.0005,0.0002,0.002,0.0873,0.0148,0.0001,0.003,0.0,95.0,0.0,32.0,63.0,24.0,0.0,0.0,0.0,0.0,0.0,0.0,0.0,0.0,0.0,0.0,0.0,0.0,0.0,0.0,0.0,0.0,0.0,0.0,8.0,2.0,1.0
2491,20.878484,0,8.3858,1.7149,1.3564,1.4136,0.1437,0.0041,0.004,0.0002,0.0267,0.0378,0.0023,0.0009,0.0103,0.0001,0.0015,0.0015,0.0001,0.0001,0.0086,0.0017,0.0005,0.0,0.002,0.0773,0.015,0.0,0.0042,0.0,95.0,0.0,32.0,63.0,24.0,0.0,0.0,0.0,0.0,0.0,0.0,0.0,0.0,0.0,0.0,0.0,0.0,0.0,0.0,0.0,0.0,0.0,0.0,8.0,2.0,1.0
2492,20.8868698,0,8.2998,1.6066,1.4188,1.2727,0.1484,0.0026,0.0034,0.0002,0.0377,0.0471,0.0027,0.0008,0.0111,0.0002,0.0016,0.0017,0.0001,0.0001,0.0089,0.0012,0.0006,0.0,0.0018,0.0872,0.0154,0.0,0.0045,0.0,95.0,0.0,32.0,63.0,24.0,0.0,0.0,0.0,0.0,0.0,0.0,0.0,0.0,0.0,0.0,0.0,0.0,0.0,0.0,0.0,0.0,0.0,0.0,8.0,2.0,1.0
2493,20.8951696,0,8.3478,1.7347,1.4129,1.2259,0.1454,0.0042,0.0047,0.0003,0.0284,0.0395,0.0022,0.0012,0.0118,0.0001,0.0014,0.0018,0.0002,0.0001,0.0086,0.0018,0.0005,0.0001,0.002,0.0807,0.0143,0.0,0.0034,0.0,95.0,0.0,32.0,63.0,24.0,0.0,0.0,0.0,0.0,0.0,0.0,0.0,0.0,0.0,0.0,0.0,0.0,0.0,0.0,0.0,0.0,0.0,0.0,8.0,2.0,1.0
2494,20.9035174,0,8.3221,1.7903,1.3851,1.3311,0.1483,0.005,0.0046,0.0002,0.0336,0.0459,0.0025,0.0008,0.0108,0.0001,0.0015,0.0019,0.0,0.0001,0.0084,0.0017,0.0005,0.0,0.002,0.0857,0.0129,0.0,0.0036,0.0,95.0,0.0,32.0,63.0,24.0,0.0,0.0,0.0,0.0,0.0,0.0,0.0,0.0,0.0,0.0,0.0,0.0,0.0,0.0,0.0,0.0,0.0,0.0,8.0,2.0,1.0
2495,20.9118395,0,8.3218,1.7868,1.3775,1.4483,0.1459,0.0043,0.0043,0.0002,0.0276,0.039,0.0021,0.0008,0.0101,0.0002,0.0016,0.0014,0.0006,0.0002,0.0086,0.0013,0.001,0.0,0.002,0.0793,0.0154,0.0,0.0037,0.0,95.0,0.0,32.0,63.0,24.0,0.0,0.0,0.0,0.0,0.0,0.0,0.0,0.0,0.0,0.0,0.0,0.0,0.0,0.0,0.0,0.0,0.0,0.0,8.0,2.0,1.0
2496,20.9201613,0,8.5275,1.7661,1.6051,1.438,0.1467,0.0025,0.0034,0.0001,0.0353,0.0442,0.0024,0.0008,0.0108,0.0002,0.0016,0.0017,0.0001,0.0001,0.0087,0.0016,0.0005,0.0,0.0019,0.084,0.0166,0.0001,0.0047,0.0,95.0,0.0,32.0,63.0,24.0,0.0,0.0,0.0,0.0,0.0,0.0,0.0,0.0,0.0,0.0,0.0,0.0,0.0,0.0,0.0,0.0,0.0,0.0,8.0,2.0,1.0
2497,20.9286888,0,8.1942,1.6494,1.3662,1.3105,0.1303,0.0031,0.0032,0.0002,0.0278,0.0361,0.002,0.001,0.01,0.0001,0.0019,0.0012,0.0001,0.0006,0.0086,0.001,0.0005,0.0,0.0018,0.073,0.0124,0.0,0.0042,0.0,95.0,0.0,32.0,63.0,24.0,0.0,0.0,0.0,0.0,0.0,0.0,0.0,0.0,0.0,0.0,0.0,0.0,0.0,0.0,0.0,0.0,0.0,0.0,8.0,2.0,1.0
2498,20.936882999999998,0,8.3692,1.6462,1.4505,1.4064,0.159,0.0042,0.0039,0.0003,0.0406,0.0515,0.0026,0.0007,0.0119,0.0002,0.0015,0.0015,0.0,0.0001,0.0086,0.0012,0.0005,0.0001,0.0019,0.0929,0.015,0.0,0.0031,0.0,95.0,0.0,32.0,63.0,24.0,0.0,0.0,0.0,0.0,0.0,0.0,0.0,0.0,0.0,0.0,0.0,0.0,0.0,0.0,0.0,0.0,0.0,0.0,8.0,2.0,1.0
2499,20.9452522,0,8.3163,1.6848,1.4517,1.5356,0.1447,0.0045,0.0047,0.0002,0.026,0.0378,0.0023,0.0009,0.0103,0.0002,0.0015,0.002,0.0001,0.0001,0.0086,0.0017,0.0005,0.0,0.002,0.0775,0.0158,0.0,0.004,0.0,95.0,0.0,32.0,63.0,24.0,0.0,0.0,0.0,0.0,0.0,0.0,0.0,0.0,0.0,0.0,0.0,0.0,0.0,0.0,0.0,0.0,0.0,0.0,8.0,2.0,1.0
2500,20.9535685,0,8.333,1.8636,1.4891,1.4916,0.1519,0.003,0.0031,0.0001,0.0416,0.0501,0.0023,0.0008,0.0108,0.0001,0.0016,0.0018,0.0,0.0001,0.0084,0.0018,0.0005,0.0001,0.002,0.0909,0.0146,0.0,0.004,0.0,95.0,0.0,32.0,63.0,24.0,0.0,0.0,0.0,0.0,0.0,0.0,0.0,0.0,0.0,0.0,0.0,0.0,0.0,0.0,0.0,0.0,0.0,0.0,8.0,2.0,1.0
2501,20.9619015,0,8.2881,1.7733,1.3971,1.3153,0.1377,0.0031,0.0043,0.0002,0.0267,0.0363,0.0021,0.0009,0.0099,0.0005,0.0015,0.0015,0.0005,0.0001,0.0081,0.0012,0.0005,0.0001,0.002,0.0739,0.015,0.0,0.0038,0.0,95.0,0.0,32.0,63.0,24.0,0.0,0.0,0.0,0.0,0.0,0.0,0.0,0.0,0.0,0.0,0.0,0.0,0.0,0.0,0.0,0.0,0.0,0.0,8.0,2.0,1.0
2502,20.9701896,0,8.31,1.8631,1.3854,1.4974,0.155,0.003,0.0043,0.0002,0.0379,0.0479,0.0025,0.0008,0.0111,0.0001,0.0015,0.002,0.0001,0.0001,0.0086,0.0013,0.0005,0.0001,0.0019,0.0887,0.0144,0.0,0.0044,0.0,95.0,0.0,32.0,63.0,24.0,0.0,0.0,0.0,0.0,0.0,0.0,0.0,0.0,0.0,0.0,0.0,0.0,0.0,0.0,0.0,0.0,0.0,0.0,8.0,2.0,1.0
2503,20.978499600000003,0,8.3427,1.6351,1.3892,1.4294,0.149,0.0039,0.0034,0.0002,0.0288,0.0387,0.0026,0.0009,0.0129,0.0002,0.002,0.0016,0.0001,0.0001,0.0089,0.0013,0.0008,0.0,0.0021,0.0829,0.0162,0.0001,0.0037,0.0,95.0,0.0,32.0,63.0,24.0,0.0,0.0,0.0,0.0,0.0,0.0,0.0,0.0,0.0,0.0,0.0,0.0,0.0,0.0,0.0,0.0,0.0,0.0,8.0,2.0,1.0
2504,20.986842300000003,0,8.374,1.8818,1.3989,1.3824,0.1514,0.0038,0.0057,0.0002,0.0335,0.0454,0.0021,0.0008,0.0097,0.0002,0.0018,0.0015,0.0001,0.0001,0.009,0.0013,0.0004,0.0001,0.002,0.0853,0.0144,0.0,0.0036,0.0,95.0,0.0,32.0,63.0,24.0,0.0,0.0,0.0,0.0,0.0,0.0,0.0,0.0,0.0,0.0,0.0,0.0,0.0,0.0,0.0,0.0,0.0,0.0,8.0,2.0,1.0
2505,20.995216300000003,0,8.3677,1.7856,1.4321,1.277,0.1353,0.0026,0.0035,0.0001,0.0304,0.0385,0.0026,0.0007,0.0087,0.0006,0.0014,0.0016,0.0005,0.0001,0.0082,0.0011,0.0004,0.0001,0.0016,0.0753,0.0138,0.0,0.0044,0.0,95.0,0.0,32.0,63.0,24.0,0.0,0.0,0.0,0.0,0.0,0.0,0.0,0.0,0.0,0.0,0.0,0.0,0.0,0.0,0.0,0.0,0.0,0.0,8.0,2.0,1.0
2506,21.003584000000004,0,8.258,1.6542,1.4756,1.3248,0.1417,0.004,0.0038,0.0002,0.0326,0.0429,0.0023,0.0008,0.0093,0.0006,0.0015,0.0015,0.0001,0.0001,0.0085,0.0013,0.0004,0.0001,0.002,0.0806,0.0159,0.0,0.0026,0.0,95.0,0.0,32.0,63.0,24.0,0.0,0.0,0.0,0.0,0.0,0.0,0.0,0.0,0.0,0.0,0.0,0.0,0.0,0.0,0.0,0.0,0.0,0.0,8.0,2.0,1.0
2507,21.011842000000005,0,8.5211,1.5804,1.448,1.4784,0.1595,0.0049,0.0065,0.0003,0.0256,0.0405,0.0025,0.001,0.0114,0.0002,0.002,0.0018,0.0001,0.0001,0.0089,0.0014,0.0005,0.0004,0.0021,0.0841,0.0151,0.0001,0.0041,0.0,95.0,0.0,32.0,63.0,24.0,0.0,0.0,0.0,0.0,0.0,0.0,0.0,0.0,0.0,0.0,0.0,0.0,0.0,0.0,0.0,0.0,0.0,0.0,8.0,2.0,1.0
2508,21.020363100000004,0,8.3034,1.7519,1.5681,1.5542,0.1556,0.0027,0.0033,0.0002,0.039,0.0476,0.0022,0.0007,0.0108,0.0002,0.0018,0.0017,0.0001,0.0001,0.0086,0.0012,0.0011,0.0001,0.0019,0.0887,0.0172,0.0,0.0044,0.0,95.0,0.0,32.0,63.0,24.0,0.0,0.0,0.0,0.0,0.0,0.0,0.0,0.0,0.0,0.0,0.0,0.0,0.0,0.0,0.0,0.0,0.0,0.0,8.0,2.0,1.0
2509,21.028666500000003,0,8.1584,1.7322,1.36,1.5166,0.1391,0.0025,0.0036,0.0001,0.0277,0.0359,0.0022,0.0009,0.0114,0.0001,0.0014,0.0018,0.0002,0.0001,0.0089,0.0017,0.0006,0.0,0.0018,0.0771,0.0154,0.0001,0.0039,0.0,95.0,0.0,32.0,63.0,24.0,0.0,0.0,0.0,0.0,0.0,0.0,0.0,0.0,0.0,0.0,0.0,0.0,0.0,0.0,0.0,0.0,0.0,0.0,8.0,2.0,1.0
2510,21.036824900000003,0,8.3454,1.5663,1.3648,1.3486,0.1358,0.0029,0.0039,0.0002,0.0309,0.0407,0.002,0.0008,0.0099,0.0005,0.0013,0.0012,0.0,0.0002,0.0087,0.001,0.0005,0.0,0.0015,0.0764,0.0123,0.0,0.0047,0.0,95.0,0.0,32.0,63.0,24.0,0.0,0.0,0.0,0.0,0.0,0.0,0.0,0.0,0.0,0.0,0.0,0.0,0.0,0.0,0.0,0.0,0.0,0.0,8.0,2.0,1.0
2511,21.045170300000002,0,8.4531,1.5569,1.4445,1.5592,0.1505,0.0029,0.0049,0.0002,0.0298,0.0403,0.0024,0.0011,0.0121,0.0002,0.002,0.0015,0.0001,0.0002,0.0089,0.0013,0.0005,0.0001,0.0019,0.0824,0.0159,0.0,0.0043,0.0,95.0,0.0,32.0,63.0,24.0,0.0,0.0,0.0,0.0,0.0,0.0,0.0,0.0,0.0,0.0,0.0,0.0,0.0,0.0,0.0,0.0,0.0,0.0,8.0,2.0,1.0
2512,21.053623400000003,0,8.2593,1.7029,1.4447,1.4144,0.1459,0.0025,0.0032,0.0002,0.0375,0.0457,0.0024,0.0007,0.012,0.0002,0.0016,0.0014,0.0001,0.0001,0.0083,0.0013,0.0005,0.0001,0.0024,0.0883,0.0129,0.0001,0.0046,0.0,95.0,0.0,32.0,63.0,24.0,0.0,0.0,0.0,0.0,0.0,0.0,0.0,0.0,0.0,0.0,0.0,0.0,0.0,0.0,0.0,0.0,0.0,0.0,8.0,2.0,1.0
2513,21.0618827,0,8.2879,1.6241,1.3151,1.4324,0.1415,0.0044,0.004,0.0002,0.0295,0.0403,0.0023,0.0008,0.0108,0.0002,0.0018,0.0015,0.0001,0.0002,0.0085,0.0013,0.0004,0.0,0.002,0.0803,0.0142,0.0,0.0034,0.0,95.0,0.0,32.0,63.0,24.0,0.0,0.0,0.0,0.0,0.0,0.0,0.0,0.0,0.0,0.0,0.0,0.0,0.0,0.0,0.0,0.0,0.0,0.0,8.0,2.0,1.0
2514,21.0701706,0,8.4615,1.7858,1.462,1.4676,0.1428,0.0039,0.0036,0.0001,0.0353,0.0449,0.0021,0.0006,0.0103,0.0002,0.0019,0.0014,0.0001,0.0001,0.0083,0.0011,0.0004,0.0001,0.002,0.082,0.0145,0.0,0.0056,0.0,95.0,0.0,32.0,63.0,24.0,0.0,0.0,0.0,0.0,0.0,0.0,0.0,0.0,0.0,0.0,0.0,0.0,0.0,0.0,0.0,0.0,0.0,0.0,8.0,2.0,1.0
2515,21.0786321,0,8.2271,1.712,1.3977,1.41,0.1272,0.0025,0.0035,0.0001,0.0254,0.0336,0.0019,0.001,0.0081,0.0002,0.0014,0.0019,0.0001,0.0001,0.0082,0.0014,0.0004,0.0001,0.0016,0.0698,0.011,0.0,0.0046,0.0,95.0,0.0,32.0,63.0,24.0,0.0,0.0,0.0,0.0,0.0,0.0,0.0,0.0,0.0,0.0,0.0,0.0,0.0,0.0,0.0,0.0,0.0,0.0,8.0,2.0,1.0
2516,21.0868592,0,8.4149,1.831,1.4459,1.3653,0.1557,0.003,0.0039,0.0002,0.0382,0.0477,0.0024,0.0008,0.0116,0.0001,0.0016,0.0017,0.0004,0.0001,0.0086,0.0018,0.0005,0.0,0.0019,0.0903,0.0153,0.0,0.0047,0.0,95.0,0.0,32.0,63.0,24.0,0.0,0.0,0.0,0.0,0.0,0.0,0.0,0.0,0.0,0.0,0.0,0.0,0.0,0.0,0.0,0.0,0.0,0.0,8.0,2.0,1.0
2517,21.095274099999997,0,8.3269,1.8134,1.5081,1.2464,0.1219,0.0024,0.0033,0.0002,0.0236,0.0317,0.0018,0.0008,0.0071,0.0001,0.0014,0.0016,0.0,0.0001,0.0079,0.0011,0.0005,0.0001,0.0015,0.0664,0.0122,0.0001,0.0044,0.0,95.0,0.0,32.0,63.0,24.0,0.0,0.0,0.0,0.0,0.0,0.0,0.0,0.0,0.0,0.0,0.0,0.0,0.0,0.0,0.0,0.0,0.0,0.0,8.0,2.0,1.0
2518,21.103600999999998,0,8.3964,1.6324,1.4548,1.3415,0.1571,0.0046,0.0048,0.0003,0.0358,0.048,0.0021,0.0015,0.0117,0.0004,0.0016,0.002,0.0001,0.0001,0.0081,0.0011,0.0009,0.0001,0.0017,0.0893,0.0156,0.0,0.0052,0.0,95.0,0.0,32.0,63.0,24.0,0.0,0.0,0.0,0.0,0.0,0.0,0.0,0.0,0.0,0.0,0.0,0.0,0.0,0.0,0.0,0.0,0.0,0.0,8.0,2.0,1.0
2519,21.111997399999996,0,8.2851,1.6378,1.4889,1.5737,0.1336,0.0038,0.0054,0.0002,0.0262,0.0378,0.0019,0.0006,0.0088,0.0001,0.002,0.0016,0.0002,0.0001,0.0083,0.0011,0.0005,0.0001,0.0016,0.0737,0.0127,0.0,0.0048,0.0,95.0,0.0,32.0,63.0,24.0,0.0,0.0,0.0,0.0,0.0,0.0,0.0,0.0,0.0,0.0,0.0,0.0,0.0,0.0,0.0,0.0,0.0,0.0,8.0,2.0,1.0
2520,21.120282499999995,0,8.271,1.7609,1.4269,1.4707,0.1494,0.0039,0.0038,0.0002,0.0349,0.0456,0.0029,0.0008,0.011,0.0002,0.0021,0.0015,0.0001,0.0002,0.0084,0.0013,0.0005,0.0001,0.0019,0.0854,0.0138,0.0,0.0032,0.0,95.0,0.0,32.0,63.0,24.0,0.0,0.0,0.0,0.0,0.0,0.0,0.0,0.0,0.0,0.0,0.0,0.0,0.0,0.0,0.0,0.0,0.0,0.0,8.0,2.0,1.0
2521,21.128553499999995,0,8.2794,1.6987,1.3791,1.3811,0.1394,0.0046,0.0055,0.0003,0.0233,0.0359,0.0026,0.0008,0.0108,0.0001,0.0015,0.0015,0.0001,0.0002,0.0082,0.0013,0.0005,0.0,0.0019,0.0758,0.014,0.0,0.0044,0.0,95.0,0.0,32.0,63.0,24.0,0.0,0.0,0.0,0.0,0.0,0.0,0.0,0.0,0.0,0.0,0.0,0.0,0.0,0.0,0.0,0.0,0.0,0.0,8.0,2.0,1.0
2522,21.136832899999995,0,8.3356,1.588,1.3539,1.3286,0.1513,0.0029,0.0038,0.0003,0.0364,0.0456,0.0023,0.0008,0.0107,0.0001,0.0014,0.0015,0.0001,0.0001,0.0087,0.0012,0.0009,0.0,0.002,0.0858,0.0146,0.0,0.0042,0.0,95.0,0.0,32.0,63.0,24.0,0.0,0.0,0.0,0.0,0.0,0.0,0.0,0.0,0.0,0.0,0.0,0.0,0.0,0.0,0.0,0.0,0.0,0.0,8.0,2.0,1.0
2523,21.145168499999993,0,8.3956,1.8495,1.4148,1.5109,0.1523,0.0028,0.0045,0.0002,0.0297,0.0402,0.0024,0.0009,0.0122,0.0001,0.0021,0.0018,0.0001,0.0001,0.0091,0.0014,0.0008,0.0001,0.0019,0.084,0.0169,0.0,0.0044,0.0,95.0,0.0,32.0,63.0,24.0,0.0,0.0,0.0,0.0,0.0,0.0,0.0,0.0,0.0,0.0,0.0,0.0,0.0,0.0,0.0,0.0,0.0,0.0,8.0,2.0,1.0
2524,21.153564099999993,0,8.2333,1.7347,1.3375,1.4957,0.147,0.0033,0.0033,0.0002,0.0379,0.0468,0.0023,0.0014,0.0112,0.0001,0.0021,0.0014,0.0001,0.0001,0.0085,0.0013,0.0005,0.0001,0.0019,0.0874,0.0125,0.0,0.0039,0.0,95.0,0.0,32.0,63.0,24.0,0.0,0.0,0.0,0.0,0.0,0.0,0.0,0.0,0.0,0.0,0.0,0.0,0.0,0.0,0.0,0.0,0.0,0.0,8.0,2.0,1.0
2525,21.161797399999994,0,8.3979,1.8271,1.3104,1.3411,0.1367,0.0032,0.0031,0.0002,0.0279,0.0366,0.0023,0.0009,0.0089,0.0002,0.0015,0.002,0.0001,0.0001,0.0086,0.0013,0.0005,0.0,0.002,0.0763,0.0144,0.0,0.0043,0.0,95.0,0.0,32.0,63.0,24.0,0.0,0.0,0.0,0.0,0.0,0.0,0.0,0.0,0.0,0.0,0.0,0.0,0.0,0.0,0.0,0.0,0.0,0.0,8.0,2.0,1.0
2526,21.170195299999992,0,8.3615,1.5931,1.4452,1.4504,0.154,0.0033,0.0035,0.0003,0.0367,0.0467,0.002,0.0008,0.0107,0.0002,0.0018,0.0014,0.0001,0.0001,0.0082,0.0012,0.0004,0.0001,0.002,0.0863,0.0162,0.0,0.0043,0.0,95.0,0.0,32.0,63.0,24.0,0.0,0.0,0.0,0.0,0.0,0.0,0.0,0.0,0.0,0.0,0.0,0.0,0.0,0.0,0.0,0.0,0.0,0.0,8.0,2.0,1.0
2527,21.178556799999992,0,8.4708,1.7415,1.5148,1.5292,0.147,0.0039,0.0041,0.0002,0.0274,0.0385,0.0021,0.0014,0.0117,0.0002,0.0016,0.0014,0.0001,0.0001,0.0088,0.0013,0.0007,0.0,0.002,0.0801,0.0147,0.0001,0.0037,0.0,95.0,0.0,32.0,63.0,24.0,0.0,0.0,0.0,0.0,0.0,0.0,0.0,0.0,0.0,0.0,0.0,0.0,0.0,0.0,0.0,0.0,0.0,0.0,8.0,2.0,1.0
2528,21.187027599999993,0,8.1208,1.6359,1.3944,1.4283,0.1497,0.0028,0.0041,0.0002,0.0356,0.0461,0.0022,0.0009,0.0108,0.0002,0.0019,0.0014,0.0,0.0002,0.008,0.0012,0.0005,0.0,0.002,0.0849,0.016,0.0,0.0038,0.0,95.0,0.0,32.0,63.0,24.0,0.0,0.0,0.0,0.0,0.0,0.0,0.0,0.0,0.0,0.0,0.0,0.0,0.0,0.0,0.0,0.0,0.0,0.0,8.0,2.0,1.0
2529,21.195148399999994,0,8.3666,1.8733,1.3285,1.3492,0.1472,0.0029,0.0041,0.0002,0.029,0.0387,0.0024,0.0009,0.0122,0.0002,0.0015,0.0016,0.0001,0.0001,0.0081,0.0013,0.0004,0.0001,0.0021,0.0806,0.0174,0.0001,0.0044,0.0,95.0,0.0,32.0,63.0,24.0,0.0,0.0,0.0,0.0,0.0,0.0,0.0,0.0,0.0,0.0,0.0,0.0,0.0,0.0,0.0,0.0,0.0,0.0,8.0,2.0,1.0
2530,21.203514999999992,0,8.3856,1.6755,1.4304,1.3927,0.1507,0.0042,0.0039,0.0002,0.0339,0.0447,0.0024,0.0008,0.0114,0.0002,0.0016,0.0016,0.0001,0.0002,0.0085,0.0013,0.0005,0.0,0.0023,0.086,0.0129,0.0001,0.0033,0.0,95.0,0.0,32.0,63.0,24.0,0.0,0.0,0.0,0.0,0.0,0.0,0.0,0.0,0.0,0.0,0.0,0.0,0.0,0.0,0.0,0.0,0.0,0.0,8.0,2.0,1.0
2531,21.211900599999993,0,8.6223,1.6465,1.675,1.3441,0.2153,0.0028,0.0038,0.0003,0.0941,0.1032,0.0029,0.0009,0.0126,0.0002,0.0022,0.0019,0.0001,0.0002,0.0085,0.0013,0.0005,0.0,0.0018,0.1473,0.0161,0.0001,0.0041,0.0,95.0,0.0,32.0,63.0,24.0,0.0,0.0,0.0,0.0,0.0,0.0,0.0,0.0,0.0,0.0,0.0,0.0,0.0,0.0,0.0,0.0,0.0,0.0,8.0,2.0,1.0
2532,21.22052289999999,0,8.0625,1.693,1.3942,1.5254,0.146,0.0026,0.0031,0.0002,0.0385,0.0471,0.0023,0.0009,0.0105,0.0001,0.002,0.0016,0.0001,0.0001,0.0083,0.0013,0.0005,0.0,0.0019,0.0863,0.0148,0.0,0.0036,0.0,95.0,0.0,32.0,63.0,24.0,0.0,0.0,0.0,0.0,0.0,0.0,0.0,0.0,0.0,0.0,0.0,0.0,0.0,0.0,0.0,0.0,0.0,0.0,8.0,2.0,1.0
2533,21.228585399999993,0,8.32,1.5345,1.492,1.4621,0.1416,0.0039,0.0036,0.0002,0.0271,0.037,0.0023,0.0009,0.0111,0.0003,0.0015,0.0015,0.0005,0.0001,0.0087,0.0017,0.0004,0.0001,0.002,0.0772,0.0147,0.0,0.0047,0.0,95.0,0.0,32.0,63.0,24.0,0.0,0.0,0.0,0.0,0.0,0.0,0.0,0.0,0.0,0.0,0.0,0.0,0.0,0.0,0.0,0.0,0.0,0.0,8.0,2.0,1.0
2534,21.236905399999994,0,8.2579,1.5144,1.3669,1.4709,0.1384,0.003,0.0041,0.0002,0.0315,0.0408,0.0018,0.0011,0.0105,0.0002,0.0019,0.0013,0.0001,0.0001,0.0082,0.0011,0.0005,0.0,0.0016,0.0774,0.014,0.0,0.0041,0.0,95.0,0.0,32.0,63.0,24.0,0.0,0.0,0.0,0.0,0.0,0.0,0.0,0.0,0.0,0.0,0.0,0.0,0.0,0.0,0.0,0.0,0.0,0.0,8.0,2.0,1.0
2535,21.245163299999994,0,8.5368,1.7432,1.4873,1.572,0.1431,0.0038,0.0039,0.0002,0.0261,0.0371,0.0024,0.0008,0.0106,0.0001,0.0015,0.0022,0.0001,0.0002,0.0085,0.0012,0.0005,0.0001,0.002,0.0771,0.0133,0.0,0.0048,0.0,95.0,0.0,32.0,63.0,24.0,0.0,0.0,0.0,0.0,0.0,0.0,0.0,0.0,0.0,0.0,0.0,0.0,0.0,0.0,0.0,0.0,0.0,0.0,8.0,2.0,1.0
2536,21.253700099999996,0,8.327,1.6902,1.5052,1.4847,0.1416,0.003,0.0038,0.0002,0.0338,0.0434,0.0021,0.0008,0.0106,0.0001,0.0014,0.0019,0.0001,0.0001,0.0081,0.0012,0.0006,0.0,0.0017,0.0812,0.0151,0.0,0.0041,0.0,95.0,0.0,32.0,63.0,24.0,0.0,0.0,0.0,0.0,0.0,0.0,0.0,0.0,0.0,0.0,0.0,0.0,0.0,0.0,0.0,0.0,0.0,0.0,8.0,2.0,1.0
2537,21.262027099999997,0,8.3175,1.5998,1.4246,1.4556,0.1494,0.0029,0.0039,0.0002,0.0298,0.0389,0.0024,0.0009,0.0106,0.0001,0.0015,0.0017,0.0001,0.0001,0.0087,0.0012,0.0004,0.0001,0.0019,0.0789,0.0165,0.0,0.0053,0.0,95.0,0.0,32.0,63.0,24.0,0.0,0.0,0.0,0.0,0.0,0.0,0.0,0.0,0.0,0.0,0.0,0.0,0.0,0.0,0.0,0.0,0.0,0.0,8.0,2.0,1.0
2538,21.270344599999998,0,8.1931,1.8101,1.3549,1.3704,0.1483,0.0029,0.0035,0.0002,0.0383,0.0478,0.0023,0.0007,0.0099,0.0001,0.002,0.0015,0.0001,0.0001,0.0085,0.0012,0.0006,0.0001,0.0019,0.0867,0.0142,0.0,0.0041,0.0,95.0,0.0,32.0,63.0,24.0,0.0,0.0,0.0,0.0,0.0,0.0,0.0,0.0,0.0,0.0,0.0,0.0,0.0,0.0,0.0,0.0,0.0,0.0,8.0,2.0,1.0
2539,21.278537699999998,0,8.3991,1.6987,1.3996,1.4653,0.1478,0.0031,0.0036,0.0001,0.0321,0.0412,0.0025,0.001,0.0112,0.0001,0.0017,0.002,0.0001,0.0001,0.0091,0.0014,0.0005,0.0001,0.0022,0.0828,0.0144,0.0001,0.0038,0.0,95.0,0.0,32.0,63.0,24.0,0.0,0.0,0.0,0.0,0.0,0.0,0.0,0.0,0.0,0.0,0.0,0.0,0.0,0.0,0.0,0.0,0.0,0.0,8.0,2.0,1.0
2540,21.286936799999996,0,8.3063,1.8638,1.3757,1.5541,0.1526,0.0029,0.0038,0.0002,0.037,0.046,0.0026,0.0007,0.0119,0.0001,0.002,0.0014,0.0001,0.0006,0.0085,0.0012,0.0005,0.0,0.0018,0.0873,0.0152,0.0,0.0036,0.0,95.0,0.0,32.0,63.0,24.0,0.0,0.0,0.0,0.0,0.0,0.0,0.0,0.0,0.0,0.0,0.0,0.0,0.0,0.0,0.0,0.0,0.0,0.0,8.0,2.0,1.0
2541,21.295243099999997,0,8.2999,1.8553,1.3344,1.3827,0.1391,0.0044,0.0063,0.0002,0.0241,0.0372,0.0019,0.0007,0.0097,0.0001,0.0021,0.0016,0.0001,0.0005,0.0084,0.0011,0.0005,0.0,0.002,0.0749,0.0107,0.0,0.0041,0.0,95.0,0.0,32.0,63.0,24.0,0.0,0.0,0.0,0.0,0.0,0.0,0.0,0.0,0.0,0.0,0.0,0.0,0.0,0.0,0.0,0.0,0.0,0.0,8.0,2.0,1.0
2542,21.303542999999998,0,8.3786,1.6631,1.3802,1.3538,0.1504,0.0034,0.0032,0.0001,0.0354,0.0445,0.0022,0.0008,0.0117,0.0001,0.0015,0.0013,0.0001,0.0001,0.0092,0.0018,0.0004,0.0001,0.0018,0.087,0.0164,0.0,0.0041,0.0,95.0,0.0,32.0,63.0,24.0,0.0,0.0,0.0,0.0,0.0,0.0,0.0,0.0,0.0,0.0,0.0,0.0,0.0,0.0,0.0,0.0,0.0,0.0,8.0,2.0,1.0
2543,21.311921599999998,0,8.4745,1.7868,1.4137,1.5693,0.1462,0.0029,0.0037,0.0002,0.0288,0.0379,0.0024,0.0007,0.0098,0.0002,0.0014,0.0019,0.0001,0.0001,0.009,0.0017,0.0005,0.0,0.0019,0.0777,0.0184,0.0,0.0044,0.0,95.0,0.0,32.0,63.0,24.0,0.0,0.0,0.0,0.0,0.0,0.0,0.0,0.0,0.0,0.0,0.0,0.0,0.0,0.0,0.0,0.0,0.0,0.0,8.0,2.0,1.0
2544,21.320396099999996,0,8.2887,1.7383,1.5026,1.5065,0.1582,0.0027,0.0036,0.0002,0.042,0.0512,0.0027,0.0009,0.011,0.0002,0.0016,0.002,0.0,0.0001,0.0098,0.0014,0.0005,0.0001,0.0018,0.093,0.0154,0.0001,0.0043,0.0,95.0,0.0,32.0,63.0,24.0,0.0,0.0,0.0,0.0,0.0,0.0,0.0,0.0,0.0,0.0,0.0,0.0,0.0,0.0,0.0,0.0,0.0,0.0,8.0,2.0,1.0
2545,21.328684799999998,0,8.2777,1.7005,1.4018,1.528,0.1446,0.0038,0.004,0.0003,0.0264,0.037,0.0019,0.001,0.0108,0.0002,0.0016,0.0014,0.0001,0.0002,0.0089,0.0013,0.0009,0.0001,0.002,0.0777,0.0155,0.0,0.0042,0.0,95.0,0.0,32.0,63.0,24.0,0.0,0.0,0.0,0.0,0.0,0.0,0.0,0.0,0.0,0.0,0.0,0.0,0.0,0.0,0.0,0.0,0.0,0.0,8.0,2.0,1.0
2546,21.3369625,0,8.3954,1.8651,1.3846,1.4518,0.1434,0.0044,0.0059,0.0003,0.0242,0.037,0.002,0.0008,0.0109,0.0001,0.0013,0.0017,0.0,0.0001,0.0091,0.0012,0.0005,0.0,0.0018,0.0769,0.015,0.0,0.0044,0.0,95.0,0.0,32.0,63.0,24.0,0.0,0.0,0.0,0.0,0.0,0.0,0.0,0.0,0.0,0.0,0.0,0.0,0.0,0.0,0.0,0.0,0.0,0.0,8.0,2.0,1.0
2547,21.3453579,0,8.2746,1.6057,1.419,1.3402,0.1443,0.0029,0.0038,0.0003,0.0282,0.0373,0.0022,0.0008,0.0103,0.0006,0.0016,0.0019,0.0001,0.0002,0.0088,0.0018,0.0004,0.0,0.0019,0.0805,0.0153,0.0,0.0033,0.0,95.0,0.0,32.0,63.0,24.0,0.0,0.0,0.0,0.0,0.0,0.0,0.0,0.0,0.0,0.0,0.0,0.0,0.0,0.0,0.0,0.0,0.0,0.0,8.0,2.0,1.0
2548,21.3536325,0,8.4494,1.8048,1.5244,1.4918,0.147,0.0028,0.0043,0.0002,0.0347,0.0442,0.0022,0.0013,0.0113,0.0002,0.0019,0.0015,0.0001,0.0001,0.0086,0.0012,0.0005,0.0001,0.0019,0.085,0.0137,0.0,0.0042,0.0,95.0,0.0,32.0,63.0,24.0,0.0,0.0,0.0,0.0,0.0,0.0,0.0,0.0,0.0,0.0,0.0,0.0,0.0,0.0,0.0,0.0,0.0,0.0,8.0,2.0,1.0
2549,21.3620819,0,8.6139,1.78,1.6151,1.4793,0.1561,0.0042,0.0042,0.0003,0.0348,0.046,0.0027,0.0008,0.0122,0.0002,0.0015,0.0015,0.0001,0.0002,0.0092,0.0012,0.0005,0.0001,0.0019,0.0885,0.0162,0.0,0.0053,0.0,95.0,0.0,32.0,63.0,24.0,0.0,0.0,0.0,0.0,0.0,0.0,0.0,0.0,0.0,0.0,0.0,0.0,0.0,0.0,0.0,0.0,0.0,0.0,8.0,2.0,1.0
2550,21.3706958,0,8.0702,1.9142,1.6779,1.696,0.1506,0.0029,0.0032,0.0001,0.0353,0.044,0.0026,0.0008,0.0096,0.0001,0.0014,0.0015,0.0005,0.0001,0.0119,0.0013,0.001,0.0002,0.0017,0.0862,0.014,0.0001,0.0037,0.0,95.0,0.0,32.0,63.0,24.0,0.0,0.0,0.0,0.0,0.0,0.0,0.0,0.0,0.0,0.0,0.0,0.0,0.0,0.0,0.0,0.0,0.0,0.0,8.0,2.0,1.0
2551,21.378766,0,8.3412,1.8554,1.4952,1.6496,0.1507,0.0024,0.0037,0.0003,0.0331,0.0417,0.0029,0.0008,0.0119,0.0001,0.0021,0.0017,0.0001,0.0001,0.0091,0.0013,0.0006,0.0001,0.002,0.0855,0.016,0.0,0.0036,0.0,95.0,0.0,32.0,63.0,24.0,0.0,0.0,0.0,0.0,0.0,0.0,0.0,0.0,0.0,0.0,0.0,0.0,0.0,0.0,0.0,0.0,0.0,0.0,8.0,2.0,1.0
2552,21.3871072,0,8.5165,1.7182,1.6649,1.5142,0.1628,0.0031,0.0057,0.0002,0.0364,0.0489,0.0023,0.0013,0.0119,0.0001,0.0015,0.0017,0.0005,0.0001,0.0088,0.0014,0.0004,0.0001,0.002,0.0919,0.0157,0.0001,0.0049,0.0,95.0,0.0,32.0,63.0,24.0,0.0,0.0,0.0,0.0,0.0,0.0,0.0,0.0,0.0,0.0,0.0,0.0,0.0,0.0,0.0,0.0,0.0,0.0,8.0,2.0,1.0
2553,21.395623699999998,0,8.0275,1.9486,1.4564,1.4927,0.1355,0.0031,0.0041,0.0002,0.027,0.0372,0.0023,0.0006,0.0106,0.0001,0.0015,0.002,0.0,0.0001,0.0083,0.0012,0.0004,0.0001,0.0017,0.0749,0.0131,0.0001,0.0033,0.0,95.0,0.0,32.0,63.0,24.0,0.0,0.0,0.0,0.0,0.0,0.0,0.0,0.0,0.0,0.0,0.0,0.0,0.0,0.0,0.0,0.0,0.0,0.0,8.0,2.0,1.0
2554,21.4036512,0,8.4754,1.8534,1.5469,1.6956,0.1408,0.0026,0.0045,0.0002,0.0342,0.0435,0.002,0.0007,0.0118,0.0001,0.0016,0.0015,0.0001,0.0002,0.0078,0.0017,0.0004,0.0005,0.0017,0.0824,0.0126,0.0,0.0035,0.0,95.0,0.0,32.0,63.0,24.0,0.0,0.0,0.0,0.0,0.0,0.0,0.0,0.0,0.0,0.0,0.0,0.0,0.0,0.0,0.0,0.0,0.0,0.0,8.0,2.0,1.0
2555,21.412126599999997,0,8.2788,1.8375,1.4692,1.4286,0.1737,0.0028,0.0044,0.0002,0.0274,0.037,0.0022,0.0011,0.0105,0.0002,0.0021,0.0016,0.0001,0.0002,0.0083,0.0013,0.0005,0.0,0.002,0.0781,0.0385,0.0,0.0043,0.0,95.0,0.0,32.0,63.0,24.0,0.0,0.0,0.0,0.0,0.0,0.0,0.0,0.0,0.0,0.0,0.0,0.0,0.0,0.0,0.0,0.0,0.0,0.0,8.0,2.0,1.0
2556,21.420405399999996,0,8.3082,1.8616,1.4203,1.3659,0.1566,0.0028,0.0036,0.0002,0.0382,0.047,0.0024,0.0013,0.0123,0.0004,0.0015,0.0015,0.0001,0.0001,0.0084,0.0019,0.0006,0.0002,0.002,0.0896,0.016,0.0,0.0038,0.0,95.0,0.0,32.0,63.0,24.0,0.0,0.0,0.0,0.0,0.0,0.0,0.0,0.0,0.0,0.0,0.0,0.0,0.0,0.0,0.0,0.0,0.0,0.0,8.0,2.0,1.0
2557,21.428713599999995,0,8.291,1.8394,1.4204,1.5222,0.1386,0.0029,0.0034,0.0002,0.027,0.0355,0.002,0.0008,0.0113,0.0001,0.0015,0.0016,0.0001,0.0002,0.0084,0.0012,0.0004,0.0001,0.0019,0.0751,0.0167,0.0,0.0035,0.0,95.0,0.0,32.0,63.0,24.0,0.0,0.0,0.0,0.0,0.0,0.0,0.0,0.0,0.0,0.0,0.0,0.0,0.0,0.0,0.0,0.0,0.0,0.0,8.0,2.0,1.0
2558,21.437004599999995,0,8.416,1.8423,1.4269,1.3153,0.1551,0.0044,0.0039,0.0002,0.0384,0.0496,0.0022,0.0008,0.0108,0.0001,0.0019,0.0013,0.0001,0.0001,0.0092,0.0012,0.0005,0.0007,0.0019,0.0903,0.0138,0.0001,0.0039,0.0,95.0,0.0,32.0,63.0,24.0,0.0,0.0,0.0,0.0,0.0,0.0,0.0,0.0,0.0,0.0,0.0,0.0,0.0,0.0,0.0,0.0,0.0,0.0,8.0,2.0,1.0
2559,21.445420599999995,0,8.4552,1.9528,1.5514,1.7445,0.1572,0.0031,0.0042,0.0003,0.0328,0.043,0.0028,0.0007,0.0117,0.0002,0.0021,0.0018,0.0001,0.0001,0.0098,0.0012,0.0007,0.0001,0.0019,0.0867,0.0169,0.0,0.0039,0.0,95.0,0.0,32.0,63.0,24.0,0.0,0.0,0.0,0.0,0.0,0.0,0.0,0.0,0.0,0.0,0.0,0.0,0.0,0.0,0.0,0.0,0.0,0.0,8.0,2.0,1.0
2560,21.453875799999995,0,8.3753,2.0748,1.6271,1.7693,0.165,0.0032,0.004,0.0002,0.0408,0.0505,0.0028,0.0011,0.0123,0.0001,0.0015,0.0018,0.0001,0.0001,0.0098,0.0018,0.0005,0.0001,0.0019,0.0949,0.0165,0.0,0.0036,0.0,95.0,0.0,32.0,63.0,24.0,0.0,0.0,0.0,0.0,0.0,0.0,0.0,0.0,0.0,0.0,0.0,0.0,0.0,0.0,0.0,0.0,0.0,0.0,8.0,2.0,1.0
2561,21.462251099999996,0,8.1868,1.8589,1.4642,1.5691,0.1591,0.0041,0.0039,0.0003,0.0336,0.0451,0.0024,0.001,0.0128,0.0002,0.0016,0.0019,0.0001,0.0001,0.0096,0.0012,0.0006,0.0001,0.002,0.09,0.0173,0.0,0.0038,0.0,95.0,0.0,32.0,63.0,24.0,0.0,0.0,0.0,0.0,0.0,0.0,0.0,0.0,0.0,0.0,0.0,0.0,0.0,0.0,0.0,0.0,0.0,0.0,8.0,2.0,1.0
2562,21.470437899999997,0,8.4069,1.9554,1.4544,1.5739,0.1486,0.004,0.0033,0.0002,0.0345,0.0448,0.002,0.0007,0.0099,0.0002,0.0018,0.0016,0.0001,0.0001,0.0083,0.0011,0.0004,0.0006,0.0018,0.0823,0.0163,0.0,0.004,0.0,95.0,0.0,32.0,63.0,24.0,0.0,0.0,0.0,0.0,0.0,0.0,0.0,0.0,0.0,0.0,0.0,0.0,0.0,0.0,0.0,0.0,0.0,0.0,8.0,2.0,1.0
2563,21.478844799999997,0,8.3086,1.9594,1.4905,1.5712,0.1473,0.0036,0.0038,0.0001,0.0309,0.0414,0.0027,0.0007,0.0108,0.0002,0.0016,0.0015,0.0001,0.0001,0.0082,0.0012,0.0004,0.0001,0.002,0.0796,0.0162,0.0001,0.0037,0.0,95.0,0.0,32.0,63.0,24.0,0.0,0.0,0.0,0.0,0.0,0.0,0.0,0.0,0.0,0.0,0.0,0.0,0.0,0.0,0.0,0.0,0.0,0.0,8.0,2.0,1.0
2564,21.487153399999997,0,8.3073,1.7686,1.4446,1.3819,0.1443,0.0043,0.006,0.0002,0.0232,0.036,0.0017,0.001,0.0112,0.0002,0.0017,0.0017,0.0001,0.0001,0.009,0.0012,0.0005,0.0001,0.002,0.0765,0.0165,0.0001,0.0037,0.0,95.0,0.0,32.0,63.0,24.0,0.0,0.0,0.0,0.0,0.0,0.0,0.0,0.0,0.0,0.0,0.0,0.0,0.0,0.0,0.0,0.0,0.0,0.0,8.0,2.0,1.0
2565,21.495460699999995,0,8.3613,1.885,1.4543,1.5996,0.1467,0.0043,0.0042,0.0006,0.0273,0.0386,0.0022,0.0009,0.0102,0.0003,0.0015,0.0016,0.0001,0.0001,0.0084,0.0012,0.0008,0.0001,0.0018,0.0784,0.0151,0.0001,0.0038,0.0,95.0,0.0,32.0,63.0,24.0,0.0,0.0,0.0,0.0,0.0,0.0,0.0,0.0,0.0,0.0,0.0,0.0,0.0,0.0,0.0,0.0,0.0,0.0,8.0,2.0,1.0
2566,21.503821999999996,0,8.312,1.7235,1.535,1.4347,0.1461,0.0042,0.0056,0.0001,0.0272,0.0399,0.0024,0.0007,0.01,0.0002,0.0014,0.002,0.0001,0.0001,0.0088,0.0019,0.0004,0.0001,0.0017,0.0796,0.0151,0.0,0.0041,0.0,95.0,0.0,32.0,63.0,24.0,0.0,0.0,0.0,0.0,0.0,0.0,0.0,0.0,0.0,0.0,0.0,0.0,0.0,0.0,0.0,0.0,0.0,0.0,8.0,2.0,1.0
2567,21.512133999999996,0,8.4867,1.8479,1.4595,1.3677,0.1501,0.0033,0.0037,0.0003,0.0289,0.0386,0.0025,0.001,0.0117,0.0001,0.0022,0.0017,0.0001,0.0001,0.0092,0.0013,0.0007,0.0001,0.002,0.0821,0.0168,0.0,0.0041,0.0,95.0,0.0,32.0,63.0,24.0,0.0,0.0,0.0,0.0,0.0,0.0,0.0,0.0,0.0,0.0,0.0,0.0,0.0,0.0,0.0,0.0,0.0,0.0,8.0,2.0,1.0
2568,21.520620699999995,0,8.3288,1.8071,1.6891,1.4241,0.1745,0.0048,0.0043,0.0003,0.0468,0.0601,0.0025,0.0008,0.0122,0.0001,0.002,0.0015,0.0001,0.0001,0.0088,0.0012,0.0004,0.0001,0.0017,0.1011,0.0166,0.0001,0.0044,0.0,95.0,0.0,32.0,63.0,24.0,0.0,0.0,0.0,0.0,0.0,0.0,0.0,0.0,0.0,0.0,0.0,0.0,0.0,0.0,0.0,0.0,0.0,0.0,8.0,2.0,1.0
2569,21.528949499999996,0,8.1628,1.7713,1.5059,1.7761,0.1359,0.0039,0.0059,0.0002,0.0206,0.0327,0.0019,0.0007,0.0102,0.0001,0.0019,0.0016,0.0001,0.0006,0.0084,0.0012,0.0004,0.0001,0.0017,0.071,0.014,0.0,0.004,0.0,95.0,0.0,32.0,63.0,24.0,0.0,0.0,0.0,0.0,0.0,0.0,0.0,0.0,0.0,0.0,0.0,0.0,0.0,0.0,0.0,0.0,0.0,0.0,8.0,2.0,1.0
2570,21.537112299999997,0,8.3621,1.8897,1.4484,1.7012,0.1508,0.0043,0.0055,0.0002,0.0311,0.0434,0.0026,0.0008,0.0109,0.0001,0.0015,0.0022,0.0001,0.0001,0.0089,0.0012,0.0005,0.0,0.0019,0.0837,0.0148,0.0,0.0034,0.0,95.0,0.0,32.0,63.0,24.0,0.0,0.0,0.0,0.0,0.0,0.0,0.0,0.0,0.0,0.0,0.0,0.0,0.0,0.0,0.0,0.0,0.0,0.0,8.0,2.0,1.0
2571,21.545474399999996,0,8.4358,1.8294,1.4684,1.621,0.1324,0.004,0.0034,0.0002,0.0253,0.0351,0.0022,0.0007,0.0093,0.0001,0.0018,0.0016,0.0001,0.0001,0.0084,0.0011,0.0004,0.0001,0.0018,0.0724,0.0118,0.0,0.0037,0.0,95.0,0.0,32.0,63.0,24.0,0.0,0.0,0.0,0.0,0.0,0.0,0.0,0.0,0.0,0.0,0.0,0.0,0.0,0.0,0.0,0.0,0.0,0.0,8.0,2.0,1.0
2572,21.553910199999997,0,8.1861,1.7642,1.5799,1.502,0.1407,0.0027,0.0037,0.0002,0.0335,0.0422,0.002,0.0008,0.009,0.0001,0.0017,0.0014,0.0002,0.0005,0.0082,0.0011,0.0004,0.0001,0.002,0.0789,0.0151,0.0,0.0037,0.0,95.0,0.0,32.0,63.0,24.0,0.0,0.0,0.0,0.0,0.0,0.0,0.0,0.0,0.0,0.0,0.0,0.0,0.0,0.0,0.0,0.0,0.0,0.0,8.0,2.0,1.0
2573,21.562096299999997,0,8.3404,1.7262,1.4107,1.3429,0.1393,0.0041,0.0042,0.0002,0.0253,0.0365,0.0026,0.0009,0.009,0.0001,0.0019,0.0017,0.0006,0.0002,0.0087,0.0013,0.0007,0.0002,0.0017,0.0744,0.0124,0.0,0.0033,0.0,95.0,0.0,32.0,63.0,24.0,0.0,0.0,0.0,0.0,0.0,0.0,0.0,0.0,0.0,0.0,0.0,0.0,0.0,0.0,0.0,0.0,0.0,0.0,8.0,2.0,1.0
2574,21.5704367,0,8.4714,1.7266,1.4999,1.4341,0.153,0.0039,0.0035,0.0002,0.0374,0.0473,0.0023,0.0009,0.0122,0.0002,0.0015,0.0022,0.0001,0.0001,0.0085,0.0018,0.0005,0.0002,0.0019,0.0898,0.0139,0.0,0.0045,0.0,95.0,0.0,32.0,63.0,24.0,0.0,0.0,0.0,0.0,0.0,0.0,0.0,0.0,0.0,0.0,0.0,0.0,0.0,0.0,0.0,0.0,0.0,0.0,8.0,2.0,1.0
2575,21.5789081,0,8.2816,1.8344,1.427,1.7551,0.1434,0.0037,0.004,0.0002,0.0309,0.0416,0.0021,0.0009,0.008,0.0002,0.0021,0.0017,0.0001,0.0002,0.0084,0.0011,0.0005,0.0,0.0019,0.079,0.0132,0.0,0.0038,0.0,95.0,0.0,32.0,63.0,24.0,0.0,0.0,0.0,0.0,0.0,0.0,0.0,0.0,0.0,0.0,0.0,0.0,0.0,0.0,0.0,0.0,0.0,0.0,8.0,2.0,1.0
2576,21.5871897,0,8.5045,1.9879,1.5289,1.4082,0.1562,0.0032,0.004,0.0002,0.0363,0.0465,0.0024,0.0007,0.011,0.0006,0.0014,0.0015,0.0,0.0001,0.0092,0.0017,0.0005,0.0001,0.0025,0.0883,0.0148,0.0,0.0043,0.0,95.0,0.0,32.0,63.0,24.0,0.0,0.0,0.0,0.0,0.0,0.0,0.0,0.0,0.0,0.0,0.0,0.0,0.0,0.0,0.0,0.0,0.0,0.0,8.0,2.0,1.0
2577,21.5956942,0,8.1499,1.9565,1.5054,1.4025,0.1514,0.0051,0.0037,0.0003,0.0313,0.0426,0.0024,0.0011,0.0132,0.0001,0.0016,0.0017,0.0001,0.0001,0.0083,0.0014,0.0005,0.0,0.0019,0.0852,0.0156,0.0,0.0041,0.0,95.0,0.0,32.0,63.0,24.0,0.0,0.0,0.0,0.0,0.0,0.0,0.0,0.0,0.0,0.0,0.0,0.0,0.0,0.0,0.0,0.0,0.0,0.0,8.0,2.0,1.0
2578,21.6038441,0,8.3664,1.7233,1.4521,1.5026,0.154,0.0027,0.0036,0.0002,0.0395,0.0481,0.0022,0.0009,0.011,0.0002,0.0016,0.0017,0.0001,0.0001,0.0094,0.0022,0.0005,0.0,0.0018,0.0903,0.0159,0.0001,0.0038,0.0,95.0,0.0,32.0,63.0,24.0,0.0,0.0,0.0,0.0,0.0,0.0,0.0,0.0,0.0,0.0,0.0,0.0,0.0,0.0,0.0,0.0,0.0,0.0,8.0,2.0,1.0
2579,21.6122105,0,8.4189,1.8784,1.4865,1.5712,0.1507,0.0031,0.0039,0.0002,0.0289,0.0385,0.0029,0.0008,0.0123,0.0002,0.0019,0.0017,0.0001,0.0001,0.0089,0.0013,0.0006,0.0001,0.002,0.0814,0.015,0.0,0.0038,0.0,95.0,0.0,32.0,63.0,24.0,0.0,0.0,0.0,0.0,0.0,0.0,0.0,0.0,0.0,0.0,0.0,0.0,0.0,0.0,0.0,0.0,0.0,0.0,8.0,2.0,1.0
2580,21.6206294,0,8.3223,1.7711,1.5505,1.4096,0.1417,0.0037,0.0035,0.0001,0.0336,0.0431,0.002,0.0008,0.0093,0.0002,0.0017,0.0014,0.0001,0.0002,0.0086,0.0011,0.0005,0.0001,0.0017,0.0799,0.0147,0.0,0.0048,0.0,95.0,0.0,32.0,63.0,24.0,0.0,0.0,0.0,0.0,0.0,0.0,0.0,0.0,0.0,0.0,0.0,0.0,0.0,0.0,0.0,0.0,0.0,0.0,8.0,2.0,1.0
2581,21.6289517,0,8.3642,1.9445,1.5311,1.5154,0.149,0.0043,0.004,0.0002,0.0275,0.0382,0.0021,0.0009,0.0104,0.0001,0.0017,0.0016,0.0005,0.0001,0.0086,0.0012,0.0007,0.0001,0.002,0.079,0.0155,0.0001,0.0038,0.0,95.0,0.0,32.0,63.0,24.0,0.0,0.0,0.0,0.0,0.0,0.0,0.0,0.0,0.0,0.0,0.0,0.0,0.0,0.0,0.0,0.0,0.0,0.0,8.0,2.0,1.0
2582,21.637315899999997,0,8.2613,1.7996,1.486,1.4394,0.1508,0.0032,0.0041,0.0002,0.036,0.0463,0.002,0.001,0.01,0.0001,0.0017,0.0017,0.0001,0.0001,0.0091,0.0013,0.0006,0.0001,0.002,0.0858,0.0144,0.0001,0.004,0.0,95.0,0.0,32.0,63.0,24.0,0.0,0.0,0.0,0.0,0.0,0.0,0.0,0.0,0.0,0.0,0.0,0.0,0.0,0.0,0.0,0.0,0.0,0.0,8.0,2.0,1.0
2583,21.645577199999998,0,8.3681,1.7081,1.5321,1.4582,0.1434,0.0028,0.0045,0.0002,0.0296,0.0395,0.0025,0.0007,0.0114,0.0001,0.0019,0.0015,0.0001,0.0001,0.0093,0.0011,0.0005,0.0001,0.0022,0.0802,0.0136,0.0,0.0036,0.0,95.0,0.0,32.0,63.0,24.0,0.0,0.0,0.0,0.0,0.0,0.0,0.0,0.0,0.0,0.0,0.0,0.0,0.0,0.0,0.0,0.0,0.0,0.0,8.0,2.0,1.0
2584,21.653945299999997,0,8.2395,1.8751,1.451,1.4799,0.1398,0.0026,0.0042,0.0002,0.0359,0.0447,0.0019,0.0014,0.011,0.0001,0.0019,0.0014,0.0,0.0003,0.0084,0.0012,0.0004,0.0,0.0016,0.0829,0.0126,0.0001,0.0047,0.0,95.0,0.0,32.0,63.0,24.0,0.0,0.0,0.0,0.0,0.0,0.0,0.0,0.0,0.0,0.0,0.0,0.0,0.0,0.0,0.0,0.0,0.0,0.0,8.0,2.0,1.0
2585,21.662184799999995,0,8.3932,1.9579,1.4649,1.2883,0.1386,0.0032,0.0044,0.0002,0.0229,0.0333,0.0022,0.0007,0.01,0.0002,0.0021,0.0016,0.0001,0.0007,0.0083,0.0012,0.0004,0.0,0.0018,0.0714,0.0135,0.0,0.0033,0.0,95.0,0.0,32.0,63.0,24.0,0.0,0.0,0.0,0.0,0.0,0.0,0.0,0.0,0.0,0.0,0.0,0.0,0.0,0.0,0.0,0.0,0.0,0.0,8.0,2.0,1.0
2586,21.670577999999995,0,8.3194,1.7787,1.4683,1.3989,0.1521,0.005,0.0051,0.0002,0.034,0.0465,0.0023,0.0008,0.0101,0.0002,0.0016,0.0022,0.0001,0.0001,0.0082,0.0017,0.0005,0.0001,0.0019,0.0862,0.0141,0.0,0.0036,0.0,95.0,0.0,32.0,63.0,24.0,0.0,0.0,0.0,0.0,0.0,0.0,0.0,0.0,0.0,0.0,0.0,0.0,0.0,0.0,0.0,0.0,0.0,0.0,8.0,2.0,1.0
2587,21.678897399999997,0,8.2712,1.7357,1.4726,1.76,0.1539,0.0029,0.0034,0.0001,0.036,0.045,0.0028,0.0009,0.0126,0.0001,0.002,0.0017,0.0001,0.0001,0.0083,0.0012,0.0005,0.0,0.0019,0.088,0.0157,0.0,0.0041,0.0,95.0,0.0,32.0,63.0,24.0,0.0,0.0,0.0,0.0,0.0,0.0,0.0,0.0,0.0,0.0,0.0,0.0,0.0,0.0,0.0,0.0,0.0,0.0,8.0,2.0,1.0
2588,21.687168599999996,0,8.4068,1.8944,1.4432,1.7119,0.1565,0.0042,0.0036,0.0002,0.0415,0.0517,0.0022,0.0007,0.0106,0.0002,0.0019,0.0016,0.0001,0.0001,0.0079,0.0014,0.0004,0.0001,0.0024,0.0914,0.0147,0.0,0.0037,0.0,95.0,0.0,32.0,63.0,24.0,0.0,0.0,0.0,0.0,0.0,0.0,0.0,0.0,0.0,0.0,0.0,0.0,0.0,0.0,0.0,0.0,0.0,0.0,8.0,2.0,1.0
2589,21.695575399999996,0,8.3571,1.6979,1.5213,1.625,0.1453,0.0042,0.0038,0.0002,0.0269,0.0378,0.0027,0.0009,0.0129,0.0002,0.0015,0.0015,0.0005,0.0001,0.0091,0.0019,0.0005,0.0001,0.0019,0.0805,0.0158,0.0,0.0042,0.0,95.0,0.0,32.0,63.0,24.0,0.0,0.0,0.0,0.0,0.0,0.0,0.0,0.0,0.0,0.0,0.0,0.0,0.0,0.0,0.0,0.0,0.0,0.0,8.0,2.0,1.0
2590,21.703932499999997,0,8.2111,1.8084,1.4339,1.3565,0.1473,0.0042,0.0039,0.0002,0.0336,0.0451,0.0023,0.0007,0.01,0.0002,0.0014,0.0015,0.0,0.0001,0.0086,0.0012,0.0009,0.0001,0.0019,0.0847,0.0141,0.0,0.0036,0.0,95.0,0.0,32.0,63.0,24.0,0.0,0.0,0.0,0.0,0.0,0.0,0.0,0.0,0.0,0.0,0.0,0.0,0.0,0.0,0.0,0.0,0.0,0.0,8.0,2.0,1.0
2591,21.712143599999997,0,8.5049,1.9671,1.4864,1.5827,0.1577,0.0047,0.0045,0.0002,0.0318,0.0435,0.0023,0.0009,0.0114,0.0002,0.0018,0.0019,0.0001,0.0001,0.0087,0.0012,0.0005,0.0001,0.0019,0.0854,0.0155,0.0001,0.0051,0.0,95.0,0.0,32.0,63.0,24.0,0.0,0.0,0.0,0.0,0.0,0.0,0.0,0.0,0.0,0.0,0.0,0.0,0.0,0.0,0.0,0.0,0.0,0.0,8.0,2.0,1.0
2592,21.720648499999996,0,8.2539,1.8177,1.5373,1.653,0.1503,0.0033,0.0033,0.0002,0.0349,0.0441,0.0023,0.0008,0.0106,0.0004,0.0016,0.0015,0.0002,0.0001,0.0091,0.0014,0.0004,0.0001,0.0017,0.0853,0.0163,0.0,0.0038,0.0,95.0,0.0,32.0,63.0,24.0,0.0,0.0,0.0,0.0,0.0,0.0,0.0,0.0,0.0,0.0,0.0,0.0,0.0,0.0,0.0,0.0,0.0,0.0,8.0,2.0,1.0
2593,21.728902399999996,0,8.2785,1.7091,1.4123,1.5947,0.1474,0.0041,0.004,0.0002,0.0261,0.0374,0.0022,0.0007,0.0113,0.0001,0.0017,0.0017,0.0001,0.0001,0.0087,0.0012,0.0005,0.0005,0.0019,0.0783,0.0164,0.0001,0.0036,0.0,95.0,0.0,32.0,63.0,24.0,0.0,0.0,0.0,0.0,0.0,0.0,0.0,0.0,0.0,0.0,0.0,0.0,0.0,0.0,0.0,0.0,0.0,0.0,8.0,2.0,1.0
2594,21.737180899999995,0,8.377,1.8906,1.4283,1.5551,0.1531,0.0035,0.0047,0.0002,0.0371,0.0479,0.0022,0.0007,0.0098,0.0001,0.0021,0.0015,0.0,0.0002,0.0084,0.0013,0.0005,0.0001,0.0019,0.0871,0.0141,0.0,0.0034,0.0,95.0,0.0,32.0,63.0,24.0,0.0,0.0,0.0,0.0,0.0,0.0,0.0,0.0,0.0,0.0,0.0,0.0,0.0,0.0,0.0,0.0,0.0,0.0,8.0,2.0,1.0
2595,21.745557899999994,0,8.5598,1.8776,1.6469,1.5216,0.1719,0.0032,0.0045,0.0002,0.0378,0.0492,0.0025,0.0009,0.0145,0.0002,0.0022,0.0019,0.0002,0.0001,0.0093,0.0018,0.0005,0.0001,0.0027,0.0979,0.0177,0.0,0.0045,0.0,95.0,0.0,32.0,63.0,24.0,0.0,0.0,0.0,0.0,0.0,0.0,0.0,0.0,0.0,0.0,0.0,0.0,0.0,0.0,0.0,0.0,0.0,0.0,8.0,2.0,1.0
2596,21.754117699999995,0,8.2167,2.0348,1.6092,1.6986,0.165,0.0032,0.0043,0.0003,0.0412,0.052,0.0025,0.0011,0.0127,0.0001,0.0014,0.0017,0.0006,0.0001,0.009,0.0016,0.0004,0.0001,0.0026,0.0966,0.0146,0.0,0.004,0.0,95.0,0.0,32.0,63.0,24.0,0.0,0.0,0.0,0.0,0.0,0.0,0.0,0.0,0.0,0.0,0.0,0.0,0.0,0.0,0.0,0.0,0.0,0.0,8.0,2.0,1.0
2597,21.762334399999993,0,8.3748,1.8295,1.5861,1.4313,0.1621,0.0039,0.005,0.0002,0.0307,0.0425,0.0027,0.0009,0.0142,0.0002,0.0017,0.0019,0.0001,0.0001,0.0098,0.0013,0.0005,0.0001,0.002,0.0889,0.016,0.0001,0.0041,0.0,95.0,0.0,32.0,63.0,24.0,0.0,0.0,0.0,0.0,0.0,0.0,0.0,0.0,0.0,0.0,0.0,0.0,0.0,0.0,0.0,0.0,0.0,0.0,8.0,2.0,1.0
2598,21.77070919999999,0,8.2839,2.0685,1.617,1.7317,0.1531,0.0034,0.0039,0.0005,0.0373,0.0475,0.0022,0.001,0.0113,0.0001,0.0017,0.0018,0.0001,0.0001,0.0091,0.0019,0.0004,0.0001,0.0018,0.0879,0.0136,0.0,0.0041,0.0,95.0,0.0,32.0,63.0,24.0,0.0,0.0,0.0,0.0,0.0,0.0,0.0,0.0,0.0,0.0,0.0,0.0,0.0,0.0,0.0,0.0,0.0,0.0,8.0,2.0,1.0
2599,21.77899309999999,0,8.3904,1.9565,1.6198,1.6049,0.1834,0.0047,0.0045,0.0003,0.0302,0.0434,0.0036,0.0016,0.0162,0.0002,0.0024,0.0022,0.0002,0.0002,0.013,0.0018,0.0007,0.0001,0.0024,0.0998,0.0211,0.0,0.0046,0.0,95.0,0.0,32.0,63.0,24.0,0.0,0.0,0.0,0.0,0.0,0.0,0.0,0.0,0.0,0.0,0.0,0.0,0.0,0.0,0.0,0.0,0.0,0.0,8.0,2.0,1.0
2600,21.78738349999999,0,8.3434,1.9995,1.6381,1.7731,0.1596,0.0029,0.0041,0.0001,0.036,0.0461,0.0022,0.001,0.0124,0.0001,0.0015,0.0022,0.0001,0.0001,0.0091,0.0012,0.0005,0.0001,0.0019,0.09,0.0171,0.0,0.0046,0.0,95.0,0.0,32.0,63.0,24.0,0.0,0.0,0.0,0.0,0.0,0.0,0.0,0.0,0.0,0.0,0.0,0.0,0.0,0.0,0.0,0.0,0.0,0.0,8.0,2.0,1.0
2601,21.79572689999999,0,8.3455,1.7924,1.5854,1.6331,0.1469,0.0033,0.0037,0.0003,0.0346,0.0439,0.0022,0.0008,0.011,0.0001,0.0019,0.0015,0.0007,0.0001,0.0086,0.0012,0.001,0.0002,0.0016,0.0838,0.0116,0.0,0.0043,0.0,95.0,0.0,32.0,63.0,24.0,0.0,0.0,0.0,0.0,0.0,0.0,0.0,0.0,0.0,0.0,0.0,0.0,0.0,0.0,0.0,0.0,0.0,0.0,8.0,2.0,1.0
2602,21.804072399999992,0,8.3519,1.7935,1.81,1.5621,0.169,0.0034,0.0044,0.0002,0.0447,0.0554,0.0024,0.001,0.0116,0.0002,0.0017,0.0022,0.0001,0.0001,0.0102,0.0013,0.0005,0.0004,0.0019,0.0995,0.0166,0.0001,0.0047,0.0,95.0,0.0,32.0,63.0,24.0,0.0,0.0,0.0,0.0,0.0,0.0,0.0,0.0,0.0,0.0,0.0,0.0,0.0,0.0,0.0,0.0,0.0,0.0,8.0,2.0,1.0
2603,21.812424299999993,0,8.2546,1.8627,1.5025,1.4998,0.1527,0.0033,0.0047,0.0003,0.029,0.0402,0.0022,0.0015,0.0119,0.0001,0.002,0.0016,0.0006,0.0001,0.0088,0.0017,0.0005,0.0001,0.0017,0.0827,0.0149,0.0001,0.0044,0.0,95.0,0.0,32.0,63.0,24.0,0.0,0.0,0.0,0.0,0.0,0.0,0.0,0.0,0.0,0.0,0.0,0.0,0.0,0.0,0.0,0.0,0.0,0.0,8.0,2.0,1.0
2604,21.820678899999994,0,8.3908,1.8671,1.7073,1.716,0.1618,0.0039,0.0043,0.0001,0.0373,0.0479,0.0022,0.0009,0.01,0.0005,0.0016,0.0023,0.0001,0.0001,0.009,0.0012,0.0006,0.0001,0.0019,0.0897,0.0183,0.0,0.0045,0.0,95.0,0.0,32.0,63.0,24.0,0.0,0.0,0.0,0.0,0.0,0.0,0.0,0.0,0.0,0.0,0.0,0.0,0.0,0.0,0.0,0.0,0.0,0.0,8.0,2.0,1.0
2605,21.829069699999994,0,8.2773,1.8393,1.6238,1.5866,0.1572,0.0038,0.0043,0.0002,0.0317,0.0425,0.0027,0.0009,0.0096,0.0001,0.0018,0.0018,0.0006,0.0001,0.0093,0.0018,0.0005,0.0001,0.0019,0.0857,0.0164,0.0001,0.0047,0.0,95.0,0.0,32.0,63.0,24.0,0.0,0.0,0.0,0.0,0.0,0.0,0.0,0.0,0.0,0.0,0.0,0.0,0.0,0.0,0.0,0.0,0.0,0.0,8.0,2.0,1.0
2606,21.837346999999994,0,8.3498,1.7555,1.5963,1.5028,0.1799,0.0044,0.0044,0.0002,0.0441,0.0562,0.0031,0.0014,0.0126,0.0001,0.0016,0.0019,0.0005,0.0002,0.0094,0.0014,0.0005,0.0001,0.0023,0.1025,0.0175,0.0,0.0052,0.0,95.0,0.0,32.0,63.0,24.0,0.0,0.0,0.0,0.0,0.0,0.0,0.0,0.0,0.0,0.0,0.0,0.0,0.0,0.0,0.0,0.0,0.0,0.0,8.0,2.0,1.0
2607,21.845696799999995,0,8.1918,1.9213,1.5471,1.7293,0.1589,0.0034,0.0037,0.0002,0.0339,0.0438,0.0026,0.0009,0.0114,0.0002,0.0018,0.0018,0.0001,0.0002,0.0096,0.0013,0.0004,0.0001,0.002,0.0876,0.0167,0.0,0.0042,0.0,95.0,0.0,32.0,63.0,24.0,0.0,0.0,0.0,0.0,0.0,0.0,0.0,0.0,0.0,0.0,0.0,0.0,0.0,0.0,0.0,0.0,0.0,0.0,8.0,2.0,1.0
2608,21.853888599999994,0,8.454,1.8079,1.4323,1.4622,0.1619,0.0043,0.0038,0.0003,0.0392,0.05,0.0023,0.0009,0.0108,0.0002,0.0016,0.0017,0.0001,0.0001,0.0086,0.0015,0.0005,0.0001,0.0019,0.0922,0.0162,0.0,0.0048,0.0,95.0,0.0,32.0,63.0,24.0,0.0,0.0,0.0,0.0,0.0,0.0,0.0,0.0,0.0,0.0,0.0,0.0,0.0,0.0,0.0,0.0,0.0,0.0,8.0,2.0,1.0
2609,21.862342599999995,0,8.3768,1.905,1.6098,1.5863,0.1614,0.0054,0.0048,0.0002,0.0297,0.0427,0.0023,0.001,0.0124,0.0001,0.0016,0.0021,0.0001,0.0001,0.009,0.0013,0.0005,0.0001,0.0018,0.0854,0.0166,0.0,0.0046,0.0,95.0,0.0,32.0,63.0,24.0,0.0,0.0,0.0,0.0,0.0,0.0,0.0,0.0,0.0,0.0,0.0,0.0,0.0,0.0,0.0,0.0,0.0,0.0,8.0,2.0,1.0
2610,21.870719399999995,0,8.3402,2.0456,1.6417,1.6185,0.1671,0.0035,0.0037,0.0002,0.0416,0.0512,0.0023,0.001,0.0125,0.0002,0.0015,0.0021,0.0001,0.0001,0.009,0.0013,0.0005,0.0001,0.002,0.0942,0.017,0.0001,0.0043,0.0,95.0,0.0,32.0,63.0,24.0,0.0,0.0,0.0,0.0,0.0,0.0,0.0,0.0,0.0,0.0,0.0,0.0,0.0,0.0,0.0,0.0,0.0,0.0,8.0,2.0,1.0
2611,21.879059599999994,0,8.1933,1.9114,1.5464,1.608,0.157,0.0032,0.0042,0.0006,0.0281,0.0385,0.003,0.001,0.0136,0.0006,0.0015,0.0019,0.0005,0.0001,0.0089,0.0016,0.0005,0.0001,0.0026,0.0843,0.0188,0.0001,0.0041,0.0,95.0,0.0,32.0,63.0,24.0,0.0,0.0,0.0,0.0,0.0,0.0,0.0,0.0,0.0,0.0,0.0,0.0,0.0,0.0,0.0,0.0,0.0,0.0,8.0,2.0,1.0
2612,21.887252899999993,0,8.3785,2.0166,1.5113,1.6292,0.157,0.0044,0.0039,0.0003,0.0358,0.0474,0.0021,0.0006,0.0117,0.0002,0.0019,0.0016,0.0001,0.0001,0.0081,0.0011,0.0005,0.0001,0.0017,0.0879,0.0169,0.0,0.0039,0.0,95.0,0.0,32.0,63.0,24.0,0.0,0.0,0.0,0.0,0.0,0.0,0.0,0.0,0.0,0.0,0.0,0.0,0.0,0.0,0.0,0.0,0.0,0.0,8.0,2.0,1.0
2613,21.895631399999992,0,8.2871,1.652,1.4451,1.4924,0.1328,0.0033,0.0046,0.0005,0.0232,0.0337,0.0024,0.0008,0.0099,0.0001,0.0014,0.0015,0.0001,0.0001,0.0094,0.001,0.001,0.0001,0.0017,0.0715,0.0134,0.0,0.0039,0.0,95.0,0.0,32.0,63.0,24.0,0.0,0.0,0.0,0.0,0.0,0.0,0.0,0.0,0.0,0.0,0.0,0.0,0.0,0.0,0.0,0.0,0.0,0.0,8.0,2.0,1.0
2614,21.903918499999993,0,8.2209,1.7958,1.4481,1.4335,0.14,0.0026,0.0034,0.0001,0.0341,0.0428,0.0021,0.0006,0.0105,0.0001,0.0019,0.0013,0.0001,0.0001,0.0086,0.0011,0.0004,0.0001,0.0019,0.081,0.0146,0.0001,0.0036,0.0,95.0,0.0,32.0,63.0,24.0,0.0,0.0,0.0,0.0,0.0,0.0,0.0,0.0,0.0,0.0,0.0,0.0,0.0,0.0,0.0,0.0,0.0,0.0,8.0,2.0,1.0
2615,21.912139399999994,0,8.5493,1.6782,1.5146,1.6504,0.1492,0.0027,0.0034,0.0002,0.0286,0.0382,0.0025,0.0012,0.0122,0.0003,0.0015,0.0022,0.0001,0.0002,0.0079,0.0017,0.0005,0.0001,0.0019,0.0812,0.0163,0.0,0.0053,0.0,95.0,0.0,32.0,63.0,24.0,0.0,0.0,0.0,0.0,0.0,0.0,0.0,0.0,0.0,0.0,0.0,0.0,0.0,0.0,0.0,0.0,0.0,0.0,8.0,2.0,1.0
2616,21.920688699999992,0,8.1511,1.6715,1.4219,1.5585,0.1454,0.0027,0.0033,0.0002,0.0356,0.0443,0.0022,0.0007,0.0109,0.0002,0.0016,0.0017,0.0,0.0001,0.0087,0.0012,0.0004,0.0001,0.0017,0.0844,0.0148,0.0,0.0044,0.0,95.0,0.0,32.0,63.0,24.0,0.0,0.0,0.0,0.0,0.0,0.0,0.0,0.0,0.0,0.0,0.0,0.0,0.0,0.0,0.0,0.0,0.0,0.0,8.0,2.0,1.0
2617,21.92883979999999,0,8.2977,1.8093,1.3663,1.2712,0.1429,0.0029,0.0039,0.0001,0.0276,0.0376,0.0026,0.0007,0.0107,0.0002,0.0015,0.0019,0.0001,0.0001,0.0083,0.0013,0.0005,0.0001,0.002,0.077,0.0152,0.0,0.004,0.0,95.0,0.0,32.0,63.0,24.0,0.0,0.0,0.0,0.0,0.0,0.0,0.0,0.0,0.0,0.0,0.0,0.0,0.0,0.0,0.0,0.0,0.0,0.0,8.0,2.0,1.0
2618,21.93713749999999,0,8.3648,1.7475,1.3688,1.339,0.148,0.0029,0.0041,0.0003,0.0341,0.0436,0.0023,0.0013,0.0114,0.0001,0.002,0.0014,0.0001,0.0006,0.008,0.0013,0.0005,0.0001,0.0022,0.0848,0.0137,0.0001,0.0045,0.0,95.0,0.0,32.0,63.0,24.0,0.0,0.0,0.0,0.0,0.0,0.0,0.0,0.0,0.0,0.0,0.0,0.0,0.0,0.0,0.0,0.0,0.0,0.0,8.0,2.0,1.0
2619,21.94550229999999,0,8.4395,1.6091,1.4732,1.5474,0.1452,0.0044,0.004,0.0003,0.0276,0.0391,0.0022,0.0007,0.0106,0.0006,0.0016,0.0022,0.0001,0.0001,0.0083,0.0014,0.0005,0.0001,0.002,0.0801,0.0152,0.0,0.0039,0.0,95.0,0.0,32.0,63.0,24.0,0.0,0.0,0.0,0.0,0.0,0.0,0.0,0.0,0.0,0.0,0.0,0.0,0.0,0.0,0.0,0.0,0.0,0.0,8.0,2.0,1.0
2620,21.953941799999992,0,8.2264,1.6991,1.4274,1.4097,0.1511,0.0034,0.0039,0.0002,0.0336,0.0434,0.0031,0.0008,0.0118,0.0001,0.002,0.0015,0.0001,0.0001,0.0087,0.0012,0.0005,0.0,0.0019,0.0842,0.0159,0.0,0.0033,0.0,95.0,0.0,32.0,63.0,24.0,0.0,0.0,0.0,0.0,0.0,0.0,0.0,0.0,0.0,0.0,0.0,0.0,0.0,0.0,0.0,0.0,0.0,0.0,8.0,2.0,1.0
2621,21.962168199999994,0,8.4501,1.6332,1.4817,1.4635,0.152,0.0021,0.0044,0.0003,0.0264,0.0364,0.0023,0.0007,0.0106,0.0003,0.0017,0.0018,0.0002,0.0002,0.0087,0.0017,0.0005,0.0001,0.0018,0.078,0.018,0.0001,0.0041,0.0,95.0,0.0,32.0,63.0,24.0,0.0,0.0,0.0,0.0,0.0,0.0,0.0,0.0,0.0,0.0,0.0,0.0,0.0,0.0,0.0,0.0,0.0,0.0,8.0,2.0,1.0
2622,21.970618299999995,0,8.2445,1.7167,1.4352,1.6561,0.1489,0.0043,0.0039,0.0003,0.0339,0.0454,0.0022,0.0008,0.0107,0.0002,0.002,0.0014,0.0001,0.0001,0.0084,0.0013,0.0005,0.0001,0.002,0.085,0.0142,0.0,0.0039,0.0,95.0,0.0,32.0,63.0,24.0,0.0,0.0,0.0,0.0,0.0,0.0,0.0,0.0,0.0,0.0,0.0,0.0,0.0,0.0,0.0,0.0,0.0,0.0,8.0,2.0,1.0
2623,21.978862799999995,0,8.4309,1.9284,1.4907,1.3697,0.1487,0.003,0.0032,0.0001,0.0301,0.0385,0.0023,0.0008,0.0088,0.0002,0.0017,0.0023,0.0002,0.0001,0.009,0.0012,0.0005,0.0,0.0021,0.0797,0.0171,0.0001,0.0037,0.0,95.0,0.0,32.0,63.0,24.0,0.0,0.0,0.0,0.0,0.0,0.0,0.0,0.0,0.0,0.0,0.0,0.0,0.0,0.0,0.0,0.0,0.0,0.0,8.0,2.0,1.0
2624,21.987293699999995,0,8.3474,1.8363,1.5278,1.5234,0.1504,0.0029,0.0035,0.0002,0.04,0.0498,0.002,0.0007,0.0101,0.0002,0.0018,0.0015,0.0001,0.0001,0.0084,0.0011,0.0005,0.0,0.0015,0.0867,0.0133,0.0,0.0045,0.0,95.0,0.0,32.0,63.0,24.0,0.0,0.0,0.0,0.0,0.0,0.0,0.0,0.0,0.0,0.0,0.0,0.0,0.0,0.0,0.0,0.0,0.0,0.0,8.0,2.0,1.0
2625,21.995641099999997,0,8.2045,1.6647,1.3982,1.6581,0.139,0.0026,0.0034,0.0003,0.0285,0.0368,0.0021,0.0009,0.0112,0.0002,0.0016,0.002,0.0001,0.0001,0.0078,0.0013,0.0006,0.0,0.0019,0.0765,0.0149,0.0,0.0036,0.0,95.0,0.0,32.0,63.0,24.0,0.0,0.0,0.0,0.0,0.0,0.0,0.0,0.0,0.0,0.0,0.0,0.0,0.0,0.0,0.0,0.0,0.0,0.0,8.0,2.0,1.0
2626,22.0038456,0,8.358,1.6701,1.4263,1.3788,0.1554,0.005,0.0046,0.0003,0.0359,0.0482,0.0024,0.001,0.011,0.0003,0.0016,0.0018,0.0001,0.0001,0.0087,0.0013,0.0006,0.0001,0.002,0.0897,0.0157,0.0,0.0037,0.0,95.0,0.0,32.0,63.0,24.0,0.0,0.0,0.0,0.0,0.0,0.0,0.0,0.0,0.0,0.0,0.0,0.0,0.0,0.0,0.0,0.0,0.0,0.0,8.0,2.0,1.0
2627,22.0122036,0,8.433,1.7159,1.5147,1.4077,0.1507,0.0031,0.0039,0.0003,0.0283,0.0382,0.003,0.0008,0.0131,0.0002,0.0017,0.0016,0.0006,0.0001,0.0089,0.0017,0.0005,0.0,0.0019,0.0813,0.0163,0.0,0.0036,0.0,95.0,0.0,32.0,63.0,24.0,0.0,0.0,0.0,0.0,0.0,0.0,0.0,0.0,0.0,0.0,0.0,0.0,0.0,0.0,0.0,0.0,0.0,0.0,8.0,2.0,1.0
2628,22.0206366,0,8.2511,1.7162,1.4185,1.6296,0.1482,0.0041,0.0039,0.0003,0.0352,0.046,0.0022,0.0007,0.0101,0.0001,0.0016,0.002,0.0001,0.0002,0.0083,0.0017,0.0004,0.0002,0.002,0.0855,0.0128,0.0,0.0047,0.0,95.0,0.0,32.0,63.0,24.0,0.0,0.0,0.0,0.0,0.0,0.0,0.0,0.0,0.0,0.0,0.0,0.0,0.0,0.0,0.0,0.0,0.0,0.0,8.0,2.0,1.0
2629,22.0288877,0,8.2693,1.8407,1.4224,1.3993,0.1483,0.0043,0.0037,0.0003,0.0289,0.0395,0.0024,0.0007,0.0117,0.0001,0.0016,0.0018,0.0001,0.0001,0.0081,0.0018,0.0005,0.0,0.002,0.0807,0.0141,0.0,0.0038,0.0,95.0,0.0,32.0,63.0,24.0,0.0,0.0,0.0,0.0,0.0,0.0,0.0,0.0,0.0,0.0,0.0,0.0,0.0,0.0,0.0,0.0,0.0,0.0,8.0,2.0,1.0
2630,22.037156999999997,0,8.3715,1.8806,1.404,1.6744,0.1526,0.0038,0.0039,0.0002,0.0358,0.0463,0.0022,0.0008,0.0108,0.0002,0.0019,0.0014,0.0001,0.0001,0.0088,0.0013,0.0005,0.0001,0.0019,0.086,0.0135,0.0001,0.0037,0.0,95.0,0.0,32.0,63.0,24.0,0.0,0.0,0.0,0.0,0.0,0.0,0.0,0.0,0.0,0.0,0.0,0.0,0.0,0.0,0.0,0.0,0.0,0.0,8.0,2.0,1.0
2631,22.045528499999996,0,8.3855,1.7707,1.4321,1.6092,0.1468,0.004,0.0039,0.0002,0.0258,0.0369,0.0023,0.001,0.0104,0.0001,0.0018,0.0015,0.0003,0.0001,0.0086,0.0014,0.0007,0.0,0.0018,0.0773,0.015,0.0,0.0039,0.0,95.0,0.0,32.0,63.0,24.0,0.0,0.0,0.0,0.0,0.0,0.0,0.0,0.0,0.0,0.0,0.0,0.0,0.0,0.0,0.0,0.0,0.0,0.0,8.0,2.0,1.0
2632,22.053913999999995,0,8.2809,1.686,1.4222,1.3843,0.1559,0.0034,0.0035,0.0002,0.0419,0.0515,0.0028,0.0009,0.0128,0.0002,0.0018,0.0018,0.0001,0.0001,0.0085,0.0019,0.0004,0.0001,0.002,0.0938,0.0144,0.0,0.0041,0.0,95.0,0.0,32.0,63.0,24.0,0.0,0.0,0.0,0.0,0.0,0.0,0.0,0.0,0.0,0.0,0.0,0.0,0.0,0.0,0.0,0.0,0.0,0.0,8.0,2.0,1.0
2633,22.062194899999994,0,8.3412,1.7792,1.4031,1.329,0.1312,0.003,0.0033,0.0003,0.0279,0.0366,0.0025,0.0007,0.0083,0.0001,0.0016,0.0016,0.0001,0.0002,0.0084,0.0011,0.0005,0.0001,0.0016,0.0718,0.0139,0.0,0.0039,0.0,95.0,0.0,32.0,63.0,24.0,0.0,0.0,0.0,0.0,0.0,0.0,0.0,0.0,0.0,0.0,0.0,0.0,0.0,0.0,0.0,0.0,0.0,0.0,8.0,2.0,1.0
2634,22.070536099999995,0,8.2957,1.7889,1.4263,1.5299,0.1457,0.0039,0.0039,0.0002,0.0326,0.0433,0.0025,0.0007,0.0104,0.0001,0.0014,0.0015,0.0001,0.0001,0.008,0.0015,0.0005,0.0,0.0019,0.0823,0.0141,0.0001,0.0038,0.0,95.0,0.0,32.0,63.0,24.0,0.0,0.0,0.0,0.0,0.0,0.0,0.0,0.0,0.0,0.0,0.0,0.0,0.0,0.0,0.0,0.0,0.0,0.0,8.0,2.0,1.0
2635,22.078831799999996,0,8.3502,1.8213,1.387,1.5863,0.1448,0.0038,0.0039,0.0003,0.0282,0.0387,0.0024,0.0009,0.0103,0.0001,0.0015,0.002,0.0001,0.0001,0.0084,0.0017,0.0005,0.0,0.0019,0.078,0.0154,0.0,0.0053,0.0,95.0,0.0,32.0,63.0,24.0,0.0,0.0,0.0,0.0,0.0,0.0,0.0,0.0,0.0,0.0,0.0,0.0,0.0,0.0,0.0,0.0,0.0,0.0,8.0,2.0,1.0
2636,22.087181999999995,0,8.376,1.6578,1.4387,1.4188,0.1511,0.0043,0.0039,0.0002,0.0345,0.0457,0.0023,0.0009,0.011,0.0002,0.0014,0.002,0.0001,0.0001,0.0081,0.0018,0.0005,0.0,0.0019,0.0855,0.0147,0.0001,0.0044,0.0,95.0,0.0,32.0,63.0,24.0,0.0,0.0,0.0,0.0,0.0,0.0,0.0,0.0,0.0,0.0,0.0,0.0,0.0,0.0,0.0,0.0,0.0,0.0,8.0,2.0,1.0
2637,22.095557999999993,0,8.2552,1.6838,1.3576,1.3172,0.1308,0.0026,0.0032,0.0002,0.0273,0.0351,0.0017,0.0012,0.0078,0.0001,0.0015,0.0018,0.0001,0.0001,0.0085,0.0011,0.0009,0.0001,0.0016,0.0709,0.0133,0.0001,0.0038,0.0,95.0,0.0,32.0,63.0,24.0,0.0,0.0,0.0,0.0,0.0,0.0,0.0,0.0,0.0,0.0,0.0,0.0,0.0,0.0,0.0,0.0,0.0,0.0,8.0,2.0,1.0
2638,22.103813199999994,0,8.4061,1.6422,1.4338,1.37,0.1567,0.0028,0.0035,0.0002,0.0385,0.0474,0.0025,0.0009,0.012,0.0003,0.0016,0.002,0.0001,0.0001,0.0082,0.0019,0.0005,0.0001,0.002,0.0902,0.015,0.0001,0.0037,0.0,95.0,0.0,32.0,63.0,24.0,0.0,0.0,0.0,0.0,0.0,0.0,0.0,0.0,0.0,0.0,0.0,0.0,0.0,0.0,0.0,0.0,0.0,0.0,8.0,2.0,1.0
2639,22.112219299999992,0,8.4875,1.8256,1.5666,1.5043,0.1524,0.0035,0.0036,0.0003,0.0304,0.0401,0.0022,0.0008,0.0124,0.0001,0.0017,0.0021,0.0001,0.0001,0.0095,0.0012,0.0005,0.0001,0.002,0.0844,0.0169,0.0,0.0048,0.0,95.0,0.0,32.0,63.0,24.0,0.0,0.0,0.0,0.0,0.0,0.0,0.0,0.0,0.0,0.0,0.0,0.0,0.0,0.0,0.0,0.0,0.0,0.0,8.0,2.0,1.0
2640,22.120706799999994,0,8.1874,1.7684,1.441,1.4039,0.1388,0.0037,0.0055,0.0002,0.0296,0.0413,0.0018,0.0007,0.0092,0.0001,0.002,0.0016,0.0,0.0006,0.008,0.0011,0.0004,0.0001,0.0021,0.0779,0.0146,0.0,0.0038,0.0,95.0,0.0,32.0,63.0,24.0,0.0,0.0,0.0,0.0,0.0,0.0,0.0,0.0,0.0,0.0,0.0,0.0,0.0,0.0,0.0,0.0,0.0,0.0,8.0,2.0,1.0
2641,22.128894199999994,0,8.2424,1.8447,1.4037,1.5411,0.1448,0.0042,0.0043,0.0002,0.0269,0.0378,0.0023,0.0012,0.0109,0.0005,0.0015,0.0016,0.0001,0.0001,0.0086,0.0013,0.0006,0.0001,0.0019,0.0787,0.0147,0.0001,0.0046,0.0,95.0,0.0,32.0,63.0,24.0,0.0,0.0,0.0,0.0,0.0,0.0,0.0,0.0,0.0,0.0,0.0,0.0,0.0,0.0,0.0,0.0,0.0,0.0,8.0,2.0,1.0
2642,22.137136599999995,0,8.4295,1.6782,1.4028,1.4611,0.1576,0.0035,0.0043,0.0002,0.0382,0.0486,0.0025,0.0013,0.0117,0.0001,0.0018,0.0016,0.0002,0.0001,0.0086,0.0013,0.001,0.0002,0.0019,0.0904,0.0166,0.0,0.004,0.0,95.0,0.0,32.0,63.0,24.0,0.0,0.0,0.0,0.0,0.0,0.0,0.0,0.0,0.0,0.0,0.0,0.0,0.0,0.0,0.0,0.0,0.0,0.0,8.0,2.0,1.0
2643,22.145566099999993,0,8.3108,1.7426,1.4295,1.4261,0.1667,0.004,0.0039,0.0002,0.0263,0.0368,0.0023,0.0007,0.0115,0.0002,0.0016,0.0015,0.0006,0.0001,0.0083,0.0013,0.0009,0.0001,0.002,0.0783,0.0377,0.0001,0.0031,0.0,95.0,0.0,32.0,63.0,24.0,0.0,0.0,0.0,0.0,0.0,0.0,0.0,0.0,0.0,0.0,0.0,0.0,0.0,0.0,0.0,0.0,0.0,0.0,8.0,2.0,1.0
2644,22.153876899999993,0,8.2914,1.8352,1.4198,1.4263,0.1561,0.0031,0.0033,0.0002,0.0382,0.0468,0.0024,0.0007,0.013,0.0002,0.0015,0.002,0.0001,0.0002,0.0079,0.0018,0.0005,0.0002,0.0021,0.093,0.0164,0.0001,0.0044,0.0,95.0,0.0,32.0,63.0,24.0,0.0,0.0,0.0,0.0,0.0,0.0,0.0,0.0,0.0,0.0,0.0,0.0,0.0,0.0,0.0,0.0,0.0,0.0,8.0,2.0,1.0
2645,22.162168299999994,0,8.2405,1.7253,1.3085,1.4437,0.1392,0.0033,0.0044,0.0002,0.0282,0.0383,0.0021,0.0012,0.0104,0.0006,0.0015,0.0015,0.0001,0.0001,0.0081,0.0013,0.0005,0.0001,0.0018,0.078,0.0123,0.0,0.004,0.0,95.0,0.0,32.0,63.0,24.0,0.0,0.0,0.0,0.0,0.0,0.0,0.0,0.0,0.0,0.0,0.0,0.0,0.0,0.0,0.0,0.0,0.0,0.0,8.0,2.0,1.0
2646,22.170408799999993,0,8.4467,1.6584,1.3207,1.4154,0.1375,0.0025,0.0033,0.0002,0.0351,0.0432,0.0021,0.0008,0.0115,0.0001,0.0015,0.0014,0.0,0.0001,0.0078,0.0012,0.0005,0.0001,0.0021,0.0814,0.0114,0.0,0.0042,0.0,95.0,0.0,32.0,63.0,24.0,0.0,0.0,0.0,0.0,0.0,0.0,0.0,0.0,0.0,0.0,0.0,0.0,0.0,0.0,0.0,0.0,0.0,0.0,8.0,2.0,1.0
2647,22.178855499999994,0,8.39,1.6728,1.399,1.4331,0.1454,0.0043,0.004,0.0002,0.0281,0.0393,0.0024,0.0009,0.0107,0.0002,0.0022,0.0017,0.0001,0.0001,0.0079,0.0013,0.0004,0.0001,0.002,0.0792,0.0126,0.0001,0.0039,0.0,95.0,0.0,32.0,63.0,24.0,0.0,0.0,0.0,0.0,0.0,0.0,0.0,0.0,0.0,0.0,0.0,0.0,0.0,0.0,0.0,0.0,0.0,0.0,8.0,2.0,1.0
2648,22.187245499999992,0,8.2747,1.6602,1.4,1.5779,0.1459,0.0043,0.004,0.0002,0.0329,0.0432,0.0021,0.0008,0.0097,0.0002,0.0015,0.0021,0.0001,0.0001,0.0083,0.0015,0.0005,0.0001,0.002,0.0828,0.0144,0.0,0.0037,0.0,95.0,0.0,32.0,63.0,24.0,0.0,0.0,0.0,0.0,0.0,0.0,0.0,0.0,0.0,0.0,0.0,0.0,0.0,0.0,0.0,0.0,0.0,0.0,8.0,2.0,1.0
2649,22.195520199999994,0,8.3759,1.7208,1.4028,1.2569,0.1445,0.004,0.0032,0.0001,0.03,0.0396,0.0026,0.0009,0.0128,0.0001,0.0015,0.0017,0.0001,0.0001,0.008,0.0016,0.0005,0.0001,0.002,0.0814,0.0162,0.0001,0.0034,0.0,95.0,0.0,32.0,63.0,24.0,0.0,0.0,0.0,0.0,0.0,0.0,0.0,0.0,0.0,0.0,0.0,0.0,0.0,0.0,0.0,0.0,0.0,0.0,8.0,2.0,1.0
2650,22.203896099999994,0,8.3811,1.6564,1.4445,1.3593,0.1484,0.0031,0.0031,0.0002,0.0369,0.0455,0.0024,0.0008,0.0119,0.0002,0.0022,0.0015,0.0002,0.0005,0.008,0.0013,0.0005,0.0,0.002,0.0869,0.0147,0.0001,0.0036,0.0,95.0,0.0,32.0,63.0,24.0,0.0,0.0,0.0,0.0,0.0,0.0,0.0,0.0,0.0,0.0,0.0,0.0,0.0,0.0,0.0,0.0,0.0,0.0,8.0,2.0,1.0
2651,22.212277199999996,0,8.4045,1.6388,1.5031,1.4336,0.1429,0.0037,0.004,0.0002,0.026,0.036,0.0027,0.0009,0.0114,0.0001,0.002,0.0015,0.0001,0.0002,0.0076,0.0012,0.0005,0.0001,0.002,0.0758,0.0146,0.0,0.0042,0.0,95.0,0.0,32.0,63.0,24.0,0.0,0.0,0.0,0.0,0.0,0.0,0.0,0.0,0.0,0.0,0.0,0.0,0.0,0.0,0.0,0.0,0.0,0.0,8.0,2.0,1.0
2652,22.220681699999997,0,8.2018,1.6949,1.407,1.4937,0.147,0.004,0.0054,0.0002,0.0299,0.0423,0.0023,0.0007,0.0103,0.0001,0.0016,0.0019,0.0001,0.0001,0.0079,0.0018,0.0006,0.0002,0.002,0.0814,0.0149,0.0,0.0032,0.0,95.0,0.0,32.0,63.0,24.0,0.0,0.0,0.0,0.0,0.0,0.0,0.0,0.0,0.0,0.0,0.0,0.0,0.0,0.0,0.0,0.0,0.0,0.0,8.0,2.0,1.0
2653,22.228883499999995,0,8.4618,1.6948,1.479,1.4349,0.1521,0.0044,0.005,0.0002,0.0278,0.0399,0.0024,0.0008,0.0118,0.0002,0.0017,0.0021,0.0,0.0002,0.0086,0.0017,0.0006,0.0001,0.002,0.0822,0.0157,0.0,0.0043,0.0,95.0,0.0,32.0,63.0,24.0,0.0,0.0,0.0,0.0,0.0,0.0,0.0,0.0,0.0,0.0,0.0,0.0,0.0,0.0,0.0,0.0,0.0,0.0,8.0,2.0,1.0
2654,22.237345299999994,0,8.3392,1.5995,1.5597,1.4033,0.1555,0.0032,0.0035,0.0002,0.0394,0.0488,0.0023,0.0013,0.0116,0.0001,0.0021,0.0015,0.0005,0.0002,0.008,0.0013,0.0005,0.0,0.002,0.0893,0.0155,0.0001,0.0049,0.0,95.0,0.0,32.0,63.0,24.0,0.0,0.0,0.0,0.0,0.0,0.0,0.0,0.0,0.0,0.0,0.0,0.0,0.0,0.0,0.0,0.0,0.0,0.0,8.0,2.0,1.0
2655,22.245684499999996,0,8.2427,1.7595,1.4417,1.8419,0.1478,0.0027,0.0037,0.0002,0.0301,0.0388,0.0031,0.0008,0.0133,0.0001,0.0016,0.0023,0.0002,0.0002,0.0087,0.0018,0.0005,0.0,0.002,0.0831,0.0155,0.0,0.0039,0.0,95.0,0.0,32.0,63.0,24.0,0.0,0.0,0.0,0.0,0.0,0.0,0.0,0.0,0.0,0.0,0.0,0.0,0.0,0.0,0.0,0.0,0.0,0.0,8.0,2.0,1.0
2656,22.253927199999996,0,8.2849,1.7908,1.3915,1.3611,0.139,0.0037,0.0046,0.0001,0.0313,0.0424,0.0019,0.0007,0.0092,0.0001,0.0018,0.0015,0.0001,0.0005,0.0081,0.0012,0.0005,0.0001,0.0019,0.0787,0.0141,0.0,0.0044,0.0,95.0,0.0,32.0,63.0,24.0,0.0,0.0,0.0,0.0,0.0,0.0,0.0,0.0,0.0,0.0,0.0,0.0,0.0,0.0,0.0,0.0,0.0,0.0,8.0,2.0,1.0
2657,22.262212099999996,0,8.3359,1.7421,1.3874,1.4515,0.1404,0.0038,0.0038,0.0003,0.0296,0.0402,0.0023,0.0008,0.0088,0.0002,0.0015,0.0019,0.0001,0.0001,0.0079,0.0018,0.0004,0.0,0.0017,0.0767,0.0131,0.0,0.0044,0.0,95.0,0.0,32.0,63.0,24.0,0.0,0.0,0.0,0.0,0.0,0.0,0.0,0.0,0.0,0.0,0.0,0.0,0.0,0.0,0.0,0.0,0.0,0.0,8.0,2.0,1.0
2658,22.270547999999994,0,8.3838,1.5563,1.4328,1.3137,0.1689,0.0041,0.005,0.0002,0.0611,0.0732,0.0021,0.0008,0.0099,0.0001,0.0014,0.0018,0.0001,0.0001,0.0081,0.0014,0.0005,0.0,0.0017,0.1102,0.0121,0.0,0.0041,0.0,95.0,0.0,32.0,63.0,24.0,0.0,0.0,0.0,0.0,0.0,0.0,0.0,0.0,0.0,0.0,0.0,0.0,0.0,0.0,0.0,0.0,0.0,0.0,8.0,2.0,1.0
2659,22.278931799999995,0,8.2769,1.6401,1.4224,1.4896,0.1513,0.0031,0.004,0.0011,0.0327,0.0433,0.0023,0.0011,0.0126,0.0001,0.0015,0.0017,0.0,0.0001,0.0078,0.0014,0.0007,0.0002,0.0018,0.0845,0.0157,0.0,0.0053,0.0,95.0,0.0,32.0,63.0,24.0,0.0,0.0,0.0,0.0,0.0,0.0,0.0,0.0,0.0,0.0,0.0,0.0,0.0,0.0,0.0,0.0,0.0,0.0,8.0,2.0,1.0
2660,22.287208699999994,0,8.3347,1.7169,1.3612,1.3275,0.1482,0.0029,0.0035,0.0003,0.0349,0.0439,0.0022,0.0007,0.0111,0.0002,0.0013,0.0014,0.0,0.0001,0.0081,0.0011,0.0005,0.0006,0.0017,0.0821,0.0175,0.0,0.0036,0.0,95.0,0.0,32.0,63.0,24.0,0.0,0.0,0.0,0.0,0.0,0.0,0.0,0.0,0.0,0.0,0.0,0.0,0.0,0.0,0.0,0.0,0.0,0.0,8.0,2.0,1.0
2661,22.295543399999993,0,8.3402,1.7246,1.3692,1.4048,0.1253,0.0036,0.0034,0.0001,0.0239,0.0331,0.002,0.0006,0.0097,0.0001,0.0019,0.0013,0.0001,0.0001,0.0078,0.0016,0.0004,0.0001,0.0016,0.0694,0.0117,0.0,0.0039,0.0,95.0,0.0,32.0,63.0,24.0,0.0,0.0,0.0,0.0,0.0,0.0,0.0,0.0,0.0,0.0,0.0,0.0,0.0,0.0,0.0,0.0,0.0,0.0,8.0,2.0,1.0
2662,22.303883599999992,0,8.3216,1.885,1.3963,1.5046,0.1457,0.0041,0.0058,0.0002,0.0302,0.0428,0.0021,0.0007,0.01,0.0001,0.0014,0.0017,0.0001,0.0001,0.0085,0.0012,0.0005,0.0001,0.0019,0.0815,0.0148,0.0,0.0043,0.0,95.0,0.0,32.0,63.0,24.0,0.0,0.0,0.0,0.0,0.0,0.0,0.0,0.0,0.0,0.0,0.0,0.0,0.0,0.0,0.0,0.0,0.0,0.0,8.0,2.0,1.0
2663,22.31220519999999,0,8.3839,1.7806,1.4087,1.3797,0.1494,0.0032,0.0037,0.0003,0.0293,0.0387,0.0024,0.0013,0.0091,0.0002,0.0015,0.002,0.0002,0.0002,0.0083,0.0018,0.0006,0.0001,0.0018,0.0788,0.0155,0.0,0.0038,0.0,95.0,0.0,32.0,63.0,24.0,0.0,0.0,0.0,0.0,0.0,0.0,0.0,0.0,0.0,0.0,0.0,0.0,0.0,0.0,0.0,0.0,0.0,0.0,8.0,2.0,1.0
2664,22.32058909999999,0,8.2867,1.7421,1.4288,1.5277,0.1505,0.0031,0.0031,0.0001,0.0353,0.044,0.003,0.0009,0.0125,0.0002,0.0016,0.0014,0.0001,0.0001,0.0087,0.0013,0.001,0.0001,0.0019,0.0867,0.0154,0.0,0.0038,0.0,95.0,0.0,32.0,63.0,24.0,0.0,0.0,0.0,0.0,0.0,0.0,0.0,0.0,0.0,0.0,0.0,0.0,0.0,0.0,0.0,0.0,0.0,0.0,8.0,2.0,1.0
2665,22.328875799999988,0,8.3199,1.7709,1.3455,1.3768,0.1395,0.0034,0.004,0.0002,0.0269,0.0369,0.0026,0.0007,0.0109,0.0002,0.0014,0.0019,0.0,0.0001,0.0085,0.0018,0.0004,0.0,0.0019,0.0758,0.0141,0.0,0.0037,0.0,95.0,0.0,32.0,63.0,24.0,0.0,0.0,0.0,0.0,0.0,0.0,0.0,0.0,0.0,0.0,0.0,0.0,0.0,0.0,0.0,0.0,0.0,0.0,8.0,2.0,1.0
2666,22.337195699999988,0,8.398,1.8005,1.4019,1.2859,0.1519,0.0043,0.0038,0.0004,0.0357,0.0469,0.0022,0.0009,0.0103,0.0002,0.0021,0.0016,0.0001,0.0001,0.0085,0.0018,0.0005,0.0001,0.0019,0.0876,0.014,0.0,0.0044,0.0,95.0,0.0,32.0,63.0,24.0,0.0,0.0,0.0,0.0,0.0,0.0,0.0,0.0,0.0,0.0,0.0,0.0,0.0,0.0,0.0,0.0,0.0,0.0,8.0,2.0,1.0
2667,22.345593699999988,0,8.425,1.6705,1.4905,1.4895,0.1446,0.0043,0.006,0.0003,0.0234,0.0364,0.0023,0.0008,0.0109,0.0001,0.0016,0.0015,0.0001,0.0001,0.0088,0.0013,0.0004,0.0001,0.0018,0.0785,0.016,0.0,0.0045,0.0,95.0,0.0,32.0,63.0,24.0,0.0,0.0,0.0,0.0,0.0,0.0,0.0,0.0,0.0,0.0,0.0,0.0,0.0,0.0,0.0,0.0,0.0,0.0,8.0,2.0,1.0
2668,22.354018699999987,0,8.2531,1.7406,1.3947,1.5368,0.1551,0.0048,0.0042,0.0003,0.0362,0.0479,0.0021,0.0009,0.0107,0.0001,0.0014,0.002,0.0001,0.0001,0.0086,0.0012,0.0006,0.0001,0.0018,0.0881,0.0154,0.0001,0.0037,0.0,95.0,0.0,32.0,63.0,24.0,0.0,0.0,0.0,0.0,0.0,0.0,0.0,0.0,0.0,0.0,0.0,0.0,0.0,0.0,0.0,0.0,0.0,0.0,8.0,2.0,1.0
2669,22.362271799999988,0,8.3942,1.7285,1.3918,1.4129,0.1425,0.0042,0.0055,0.0002,0.0233,0.036,0.0022,0.0011,0.0111,0.0001,0.0022,0.0015,0.0001,0.0001,0.0084,0.0013,0.0004,0.0001,0.0021,0.0767,0.0143,0.0,0.0038,0.0,95.0,0.0,32.0,63.0,24.0,0.0,0.0,0.0,0.0,0.0,0.0,0.0,0.0,0.0,0.0,0.0,0.0,0.0,0.0,0.0,0.0,0.0,0.0,8.0,2.0,1.0
2670,22.37066599999999,0,8.3232,1.804,1.4452,1.4665,0.1479,0.0027,0.0032,0.0002,0.0377,0.0457,0.0023,0.0008,0.0108,0.0001,0.0015,0.002,0.0,0.0001,0.0088,0.0013,0.0004,0.0,0.0019,0.085,0.0156,0.0001,0.004,0.0,95.0,0.0,32.0,63.0,24.0,0.0,0.0,0.0,0.0,0.0,0.0,0.0,0.0,0.0,0.0,0.0,0.0,0.0,0.0,0.0,0.0,0.0,0.0,8.0,2.0,1.0
2671,22.37898919999999,0,8.6419,1.8638,1.5507,1.6769,0.1484,0.0047,0.0041,0.0002,0.0264,0.0379,0.0026,0.0007,0.011,0.0001,0.0016,0.0015,0.0001,0.0001,0.0084,0.0011,0.0005,0.0,0.0021,0.0769,0.0186,0.0,0.0046,0.0,95.0,0.0,32.0,63.0,24.0,0.0,0.0,0.0,0.0,0.0,0.0,0.0,0.0,0.0,0.0,0.0,0.0,0.0,0.0,0.0,0.0,0.0,0.0,8.0,2.0,1.0
2672,22.38763109999999,0,8.1704,2.3442,1.7152,1.729,0.1634,0.0039,0.0043,0.0003,0.0363,0.0476,0.0029,0.0016,0.0123,0.0005,0.0016,0.002,0.0001,0.0001,0.009,0.0016,0.0005,0.0001,0.0025,0.0918,0.014,0.0001,0.0036,0.0,95.0,0.0,32.0,63.0,24.0,0.0,0.0,0.0,0.0,0.0,0.0,0.0,0.0,0.0,0.0,0.0,0.0,0.0,0.0,0.0,0.0,0.0,0.0,8.0,2.0,1.0
2673,22.39580149999999,0,8.2389,1.714,1.5297,1.6944,0.149,0.0034,0.0061,0.0002,0.0231,0.0353,0.0028,0.0008,0.0113,0.0002,0.002,0.0015,0.0002,0.0001,0.0089,0.0013,0.0005,0.0001,0.0019,0.0822,0.0144,0.0,0.0043,0.0,95.0,0.0,32.0,63.0,24.0,0.0,0.0,0.0,0.0,0.0,0.0,0.0,0.0,0.0,0.0,0.0,0.0,0.0,0.0,0.0,0.0,0.0,0.0,8.0,2.0,1.0
2674,22.40404039999999,0,8.2735,1.7626,1.4141,1.4918,0.143,0.0042,0.0057,0.0003,0.0229,0.0363,0.0019,0.0008,0.01,0.0002,0.0013,0.0014,0.0001,0.0001,0.0089,0.0013,0.001,0.0001,0.0018,0.0753,0.0163,0.0001,0.0043,0.0,95.0,0.0,32.0,63.0,24.0,0.0,0.0,0.0,0.0,0.0,0.0,0.0,0.0,0.0,0.0,0.0,0.0,0.0,0.0,0.0,0.0,0.0,0.0,8.0,2.0,1.0
2675,22.41231389999999,0,8.3728,1.6359,1.4261,1.4453,0.1386,0.0033,0.0037,0.0002,0.0252,0.0347,0.002,0.0013,0.008,0.0002,0.0015,0.0021,0.0001,0.0001,0.0086,0.0017,0.0005,0.0002,0.0018,0.0724,0.0155,0.0001,0.0038,0.0,95.0,0.0,32.0,63.0,24.0,0.0,0.0,0.0,0.0,0.0,0.0,0.0,0.0,0.0,0.0,0.0,0.0,0.0,0.0,0.0,0.0,0.0,0.0,8.0,2.0,1.0
2676,22.42068669999999,0,8.3286,1.6382,1.4573,1.4409,0.1511,0.0038,0.0041,0.0003,0.0346,0.0454,0.0027,0.0008,0.0107,0.0001,0.0018,0.0015,0.0001,0.0002,0.0092,0.0012,0.0005,0.0001,0.002,0.0856,0.0143,0.0,0.0036,0.0,95.0,0.0,32.0,63.0,24.0,0.0,0.0,0.0,0.0,0.0,0.0,0.0,0.0,0.0,0.0,0.0,0.0,0.0,0.0,0.0,0.0,0.0,0.0,8.0,2.0,1.0
2677,22.42901529999999,0,8.3363,1.6926,1.4595,1.5308,0.1547,0.0044,0.0041,0.0002,0.0317,0.0431,0.003,0.0015,0.0119,0.0001,0.002,0.0019,0.0001,0.0001,0.0089,0.0015,0.0004,0.0001,0.002,0.0871,0.0148,0.0,0.0043,0.0,95.0,0.0,32.0,63.0,24.0,0.0,0.0,0.0,0.0,0.0,0.0,0.0,0.0,0.0,0.0,0.0,0.0,0.0,0.0,0.0,0.0,0.0,0.0,8.0,2.0,1.0
2678,22.43735159999999,0,8.2618,1.7621,1.3982,1.4017,0.1457,0.0031,0.0039,0.0002,0.039,0.0485,0.002,0.0012,0.0101,0.0002,0.002,0.0014,0.0001,0.0001,0.009,0.0011,0.0005,0.0,0.0015,0.0855,0.012,0.0,0.0036,0.0,95.0,0.0,32.0,63.0,24.0,0.0,0.0,0.0,0.0,0.0,0.0,0.0,0.0,0.0,0.0,0.0,0.0,0.0,0.0,0.0,0.0,0.0,0.0,8.0,2.0,1.0
2679,22.44561339999999,0,8.5285,1.8012,1.5206,1.6974,0.1632,0.0048,0.0043,0.0008,0.0296,0.042,0.0023,0.001,0.0109,0.0002,0.0015,0.0024,0.0001,0.0001,0.0097,0.0013,0.0005,0.0001,0.002,0.0863,0.0163,0.0,0.0037,0.0,95.0,0.0,32.0,63.0,24.0,0.0,0.0,0.0,0.0,0.0,0.0,0.0,0.0,0.0,0.0,0.0,0.0,0.0,0.0,0.0,0.0,0.0,0.0,8.0,2.0,1.0
2680,22.45414189999999,0,8.2002,1.9912,1.4724,1.448,0.1432,0.004,0.0039,0.0002,0.0332,0.0434,0.0024,0.0009,0.011,0.0002,0.0013,0.0016,0.0001,0.0001,0.0082,0.0013,0.0004,0.0001,0.0016,0.0808,0.0131,0.0,0.0045,0.0,95.0,0.0,32.0,63.0,24.0,0.0,0.0,0.0,0.0,0.0,0.0,0.0,0.0,0.0,0.0,0.0,0.0,0.0,0.0,0.0,0.0,0.0,0.0,8.0,2.0,1.0
2681,22.46234209999999,0,8.5163,1.6625,1.5982,1.4633,0.1568,0.0029,0.004,0.0003,0.0293,0.0401,0.0029,0.001,0.0118,0.0002,0.0017,0.0023,0.0002,0.0001,0.0097,0.0014,0.0006,0.0001,0.002,0.0847,0.015,0.0,0.0046,0.0,95.0,0.0,32.0,63.0,24.0,0.0,0.0,0.0,0.0,0.0,0.0,0.0,0.0,0.0,0.0,0.0,0.0,0.0,0.0,0.0,0.0,0.0,0.0,8.0,2.0,1.0
2682,22.47085839999999,0,8.2375,1.8914,1.5647,1.5569,0.1651,0.0047,0.005,0.0002,0.0419,0.0543,0.0021,0.0008,0.0107,0.0001,0.002,0.0015,0.0001,0.0001,0.009,0.0011,0.0004,0.0006,0.0017,0.0931,0.017,0.0001,0.0039,0.0,95.0,0.0,32.0,63.0,24.0,0.0,0.0,0.0,0.0,0.0,0.0,0.0,0.0,0.0,0.0,0.0,0.0,0.0,0.0,0.0,0.0,0.0,0.0,8.0,2.0,1.0
2683,22.47909589999999,0,8.2701,1.7507,1.4496,1.5842,0.1487,0.0045,0.0042,0.0004,0.029,0.0404,0.0023,0.0009,0.0111,0.0001,0.0021,0.0017,0.0004,0.0002,0.0092,0.0015,0.0006,0.0001,0.0019,0.0823,0.0138,0.0,0.0042,0.0,95.0,0.0,32.0,63.0,24.0,0.0,0.0,0.0,0.0,0.0,0.0,0.0,0.0,0.0,0.0,0.0,0.0,0.0,0.0,0.0,0.0,0.0,0.0,8.0,2.0,1.0
2684,22.48736599999999,0,8.391,1.7707,1.5041,1.4491,0.1541,0.0044,0.0054,0.0002,0.0299,0.0427,0.0021,0.0008,0.0116,0.0002,0.0018,0.0017,0.0002,0.0001,0.0088,0.0012,0.001,0.0,0.002,0.0854,0.0152,0.0001,0.004,0.0,95.0,0.0,32.0,63.0,24.0,0.0,0.0,0.0,0.0,0.0,0.0,0.0,0.0,0.0,0.0,0.0,0.0,0.0,0.0,0.0,0.0,0.0,0.0,8.0,2.0,1.0
2685,22.49575699999999,0,8.2988,1.7834,1.5269,1.5641,0.1544,0.0044,0.0045,0.0003,0.0277,0.0396,0.0029,0.0015,0.0119,0.0001,0.0019,0.0017,0.0002,0.0001,0.0093,0.0017,0.0005,0.0,0.002,0.0834,0.0154,0.0001,0.0036,0.0,95.0,0.0,32.0,63.0,24.0,0.0,0.0,0.0,0.0,0.0,0.0,0.0,0.0,0.0,0.0,0.0,0.0,0.0,0.0,0.0,0.0,0.0,0.0,8.0,2.0,1.0
2686,22.50405579999999,0,8.2476,1.8418,1.4101,1.4912,0.1531,0.0036,0.0044,0.0002,0.0425,0.0542,0.0021,0.0006,0.01,0.0001,0.0015,0.0013,0.0,0.0002,0.0097,0.0015,0.0004,0.0,0.0018,0.0937,0.0127,0.0,0.0039,0.0,95.0,0.0,32.0,63.0,24.0,0.0,0.0,0.0,0.0,0.0,0.0,0.0,0.0,0.0,0.0,0.0,0.0,0.0,0.0,0.0,0.0,0.0,0.0,8.0,2.0,1.0
2687,22.51230339999999,0,8.7106,1.9654,1.6791,1.7047,0.1449,0.0035,0.0038,0.0002,0.03,0.0403,0.0021,0.001,0.0081,0.0001,0.0014,0.0023,0.0001,0.0002,0.0089,0.0011,0.0005,0.0001,0.0019,0.0783,0.0129,0.0001,0.0041,0.0,95.0,0.0,32.0,63.0,24.0,0.0,0.0,0.0,0.0,0.0,0.0,0.0,0.0,0.0,0.0,0.0,0.0,0.0,0.0,0.0,0.0,0.0,0.0,8.0,2.0,1.0
2688,22.52101399999999,0,8.0969,1.7902,1.6571,1.391,0.1464,0.0038,0.0041,0.0002,0.0339,0.0443,0.002,0.0008,0.0114,0.0001,0.0019,0.0014,0.0001,0.0005,0.0093,0.0012,0.0009,0.0001,0.0015,0.0845,0.0148,0.0,0.0057,0.0,95.0,0.0,32.0,63.0,24.0,0.0,0.0,0.0,0.0,0.0,0.0,0.0,0.0,0.0,0.0,0.0,0.0,0.0,0.0,0.0,0.0,0.0,0.0,8.0,2.0,1.0
2689,22.529110899999992,0,8.2495,1.8044,1.4316,1.4619,0.1418,0.0035,0.0037,0.0002,0.0263,0.0362,0.0022,0.0008,0.0078,0.0001,0.0015,0.0022,0.0001,0.0001,0.0092,0.0012,0.0005,0.0001,0.0019,0.0739,0.014,0.0,0.005,0.0,95.0,0.0,32.0,63.0,24.0,0.0,0.0,0.0,0.0,0.0,0.0,0.0,0.0,0.0,0.0,0.0,0.0,0.0,0.0,0.0,0.0,0.0,0.0,8.0,2.0,1.0
2690,22.537360399999994,0,8.4866,1.8218,1.5821,1.5196,0.1478,0.0029,0.004,0.0002,0.0334,0.0437,0.0019,0.0006,0.0101,0.0001,0.0015,0.0015,0.0001,0.0001,0.0086,0.0011,0.0009,0.0001,0.0017,0.0829,0.0146,0.0,0.005,0.0,95.0,0.0,32.0,63.0,24.0,0.0,0.0,0.0,0.0,0.0,0.0,0.0,0.0,0.0,0.0,0.0,0.0,0.0,0.0,0.0,0.0,0.0,0.0,8.0,2.0,1.0
2691,22.545846999999995,0,8.2294,1.7028,1.5462,1.6858,0.1538,0.0027,0.0039,0.0002,0.0348,0.0441,0.0023,0.0011,0.0119,0.0002,0.0015,0.0018,0.0001,0.0001,0.0089,0.0015,0.0005,0.0001,0.0019,0.0863,0.0154,0.0001,0.0033,0.0,95.0,0.0,32.0,63.0,24.0,0.0,0.0,0.0,0.0,0.0,0.0,0.0,0.0,0.0,0.0,0.0,0.0,0.0,0.0,0.0,0.0,0.0,0.0,8.0,2.0,1.0
2692,22.554076399999996,0,8.3611,1.7717,1.5106,1.5427,0.1548,0.0036,0.0062,0.0003,0.0311,0.0435,0.0024,0.001,0.0116,0.0001,0.0014,0.0022,0.0001,0.0001,0.0087,0.0017,0.0005,0.0001,0.002,0.0858,0.0137,0.0001,0.0041,0.0,95.0,0.0,32.0,63.0,24.0,0.0,0.0,0.0,0.0,0.0,0.0,0.0,0.0,0.0,0.0,0.0,0.0,0.0,0.0,0.0,0.0,0.0,0.0,8.0,2.0,1.0
2693,22.562437499999994,0,8.2695,1.7977,1.46,1.7347,0.1473,0.0026,0.0034,0.0002,0.0279,0.0374,0.0026,0.0008,0.0102,0.0002,0.0019,0.0015,0.0002,0.0002,0.0093,0.0012,0.0005,0.0001,0.002,0.0788,0.0172,0.0001,0.0043,0.0,95.0,0.0,32.0,63.0,24.0,0.0,0.0,0.0,0.0,0.0,0.0,0.0,0.0,0.0,0.0,0.0,0.0,0.0,0.0,0.0,0.0,0.0,0.0,8.0,2.0,1.0
2694,22.570706999999995,0,8.2604,1.6376,1.45,1.3619,0.1489,0.0041,0.004,0.0003,0.0371,0.048,0.0021,0.0009,0.0101,0.0002,0.0015,0.0016,0.0001,0.0001,0.0086,0.0015,0.0003,0.0,0.0017,0.0876,0.0149,0.0001,0.004,0.0,95.0,0.0,32.0,63.0,24.0,0.0,0.0,0.0,0.0,0.0,0.0,0.0,0.0,0.0,0.0,0.0,0.0,0.0,0.0,0.0,0.0,0.0,0.0,8.0,2.0,1.0
2695,22.578967399999996,0,8.3439,1.798,1.4237,1.5329,0.1531,0.0032,0.0039,0.0002,0.0319,0.042,0.0024,0.0009,0.0131,0.0002,0.0016,0.0022,0.0001,0.0001,0.0092,0.0012,0.0005,0.0001,0.0021,0.085,0.0155,0.0,0.0045,0.0,95.0,0.0,32.0,63.0,24.0,0.0,0.0,0.0,0.0,0.0,0.0,0.0,0.0,0.0,0.0,0.0,0.0,0.0,0.0,0.0,0.0,0.0,0.0,8.0,2.0,1.0
2696,22.587311299999996,0,8.3877,1.7708,1.4124,1.3981,0.1564,0.0034,0.0042,0.0002,0.0353,0.0458,0.0025,0.0009,0.0121,0.0002,0.002,0.0014,0.0001,0.0001,0.0084,0.0013,0.0005,0.0001,0.0018,0.0872,0.0167,0.0001,0.0048,0.0,95.0,0.0,32.0,63.0,24.0,0.0,0.0,0.0,0.0,0.0,0.0,0.0,0.0,0.0,0.0,0.0,0.0,0.0,0.0,0.0,0.0,0.0,0.0,8.0,2.0,1.0
2697,22.595698999999996,0,8.254,1.6781,1.4237,1.3261,0.1403,0.0028,0.0039,0.0002,0.027,0.0358,0.0021,0.0006,0.0107,0.0001,0.0022,0.0015,0.0001,0.0002,0.0087,0.0013,0.0005,0.0001,0.0019,0.0757,0.0138,0.0,0.0047,0.0,95.0,0.0,32.0,63.0,24.0,0.0,0.0,0.0,0.0,0.0,0.0,0.0,0.0,0.0,0.0,0.0,0.0,0.0,0.0,0.0,0.0,0.0,0.0,8.0,2.0,1.0
2698,22.603952999999997,0,8.3838,1.8208,1.3972,1.3797,0.1482,0.004,0.0055,0.0002,0.0304,0.0426,0.0025,0.0009,0.0107,0.0001,0.0015,0.0017,0.0001,0.0001,0.0086,0.0018,0.0004,0.0001,0.0019,0.0831,0.0143,0.0001,0.0037,0.0,95.0,0.0,32.0,63.0,24.0,0.0,0.0,0.0,0.0,0.0,0.0,0.0,0.0,0.0,0.0,0.0,0.0,0.0,0.0,0.0,0.0,0.0,0.0,8.0,2.0,1.0
2699,22.612336799999998,0,8.4174,1.9071,1.5158,1.3555,0.136,0.0033,0.0052,0.0002,0.0228,0.0335,0.002,0.0009,0.0102,0.0005,0.0014,0.0016,0.0001,0.0001,0.0083,0.0013,0.0005,0.0,0.0019,0.0725,0.0139,0.0,0.0047,0.0,95.0,0.0,32.0,63.0,24.0,0.0,0.0,0.0,0.0,0.0,0.0,0.0,0.0,0.0,0.0,0.0,0.0,0.0,0.0,0.0,0.0,0.0,0.0,8.0,2.0,1.0
2700,22.620754199999997,0,8.1603,1.7549,1.4197,1.5145,0.1558,0.0039,0.0044,0.0002,0.0392,0.0506,0.0022,0.001,0.0112,0.0002,0.0015,0.0015,0.0004,0.0001,0.0085,0.0019,0.0005,0.0001,0.0018,0.0917,0.0126,0.0,0.0038,0.0,95.0,0.0,32.0,63.0,24.0,0.0,0.0,0.0,0.0,0.0,0.0,0.0,0.0,0.0,0.0,0.0,0.0,0.0,0.0,0.0,0.0,0.0,0.0,8.0,2.0,1.0
2701,22.628914499999997,0,8.4836,1.7147,1.4346,1.418,0.149,0.003,0.0045,0.0003,0.0285,0.0384,0.0024,0.0009,0.0101,0.0002,0.002,0.0016,0.0001,0.0002,0.0085,0.0013,0.0009,0.0001,0.002,0.0788,0.0154,0.0001,0.0043,0.0,95.0,0.0,32.0,63.0,24.0,0.0,0.0,0.0,0.0,0.0,0.0,0.0,0.0,0.0,0.0,0.0,0.0,0.0,0.0,0.0,0.0,0.0,0.0,8.0,2.0,1.0
2702,22.6373981,0,8.2726,1.6826,1.4289,1.5886,0.1529,0.0027,0.0034,0.0002,0.0406,0.0491,0.0024,0.0008,0.0104,0.0004,0.0015,0.0015,0.0001,0.0001,0.0084,0.0013,0.0007,0.0001,0.0019,0.0885,0.0144,0.0001,0.0049,0.0,95.0,0.0,32.0,63.0,24.0,0.0,0.0,0.0,0.0,0.0,0.0,0.0,0.0,0.0,0.0,0.0,0.0,0.0,0.0,0.0,0.0,0.0,0.0,8.0,2.0,1.0
2703,22.6456707,0,8.3533,1.6774,1.4411,1.4031,0.1499,0.0025,0.0035,0.0001,0.033,0.0413,0.0024,0.0008,0.0113,0.0002,0.0016,0.0026,0.0002,0.0001,0.009,0.0013,0.0005,0.0001,0.0026,0.0835,0.0163,0.0,0.0044,0.0,95.0,0.0,32.0,63.0,24.0,0.0,0.0,0.0,0.0,0.0,0.0,0.0,0.0,0.0,0.0,0.0,0.0,0.0,0.0,0.0,0.0,0.0,0.0,8.0,2.0,1.0
2704,22.654024,0,8.2438,1.7221,1.425,1.4612,0.1538,0.0039,0.004,0.0002,0.0362,0.0468,0.0023,0.0008,0.0122,0.0002,0.0014,0.0019,0.0,0.0001,0.0087,0.0018,0.0004,0.0001,0.0018,0.0885,0.017,0.0001,0.0035,0.0,95.0,0.0,32.0,63.0,24.0,0.0,0.0,0.0,0.0,0.0,0.0,0.0,0.0,0.0,0.0,0.0,0.0,0.0,0.0,0.0,0.0,0.0,0.0,8.0,2.0,1.0
2705,22.6622678,0,8.6054,1.7027,1.5464,1.3723,0.1448,0.0041,0.0039,0.0002,0.027,0.0375,0.0023,0.0009,0.0112,0.0001,0.0015,0.0021,0.0001,0.0001,0.0085,0.0016,0.0004,0.0001,0.0019,0.079,0.0142,0.0,0.004,0.0,95.0,0.0,32.0,63.0,24.0,0.0,0.0,0.0,0.0,0.0,0.0,0.0,0.0,0.0,0.0,0.0,0.0,0.0,0.0,0.0,0.0,0.0,0.0,8.0,2.0,1.0
2706,22.6708732,0,8.1259,1.8795,1.4823,1.7161,0.1553,0.0031,0.0039,0.0002,0.0371,0.0469,0.0024,0.0007,0.0109,0.0002,0.0015,0.0018,0.0001,0.0002,0.0083,0.0014,0.0005,0.0001,0.0018,0.0921,0.0152,0.0,0.0043,0.0,95.0,0.0,32.0,63.0,24.0,0.0,0.0,0.0,0.0,0.0,0.0,0.0,0.0,0.0,0.0,0.0,0.0,0.0,0.0,0.0,0.0,0.0,0.0,8.0,2.0,1.0
2707,22.6789991,0,8.4532,1.8476,1.542,1.5649,0.1513,0.0027,0.0046,0.0002,0.0344,0.0443,0.0023,0.0009,0.0112,0.0002,0.0015,0.0018,0.0,0.0002,0.0086,0.0013,0.0006,0.0001,0.0019,0.0852,0.0157,0.0,0.0049,0.0,95.0,0.0,32.0,63.0,24.0,0.0,0.0,0.0,0.0,0.0,0.0,0.0,0.0,0.0,0.0,0.0,0.0,0.0,0.0,0.0,0.0,0.0,0.0,8.0,2.0,1.0
2708,22.6874523,0,8.2859,1.6835,1.4684,1.4651,0.1469,0.0025,0.0031,0.0003,0.0375,0.0454,0.0027,0.0008,0.0121,0.0002,0.0015,0.0016,0.0,0.0001,0.0077,0.0013,0.0004,0.0,0.0019,0.0852,0.0136,0.0001,0.0042,0.0,95.0,0.0,32.0,63.0,24.0,0.0,0.0,0.0,0.0,0.0,0.0,0.0,0.0,0.0,0.0,0.0,0.0,0.0,0.0,0.0,0.0,0.0,0.0,8.0,2.0,1.0
2709,22.6957382,0,8.3002,1.8415,1.4327,1.5779,0.1299,0.0025,0.0046,0.0003,0.0225,0.032,0.0019,0.0006,0.0093,0.0002,0.0014,0.0019,0.0001,0.0001,0.0082,0.0012,0.0007,0.0,0.0016,0.0676,0.0129,0.0,0.0048,0.0,95.0,0.0,32.0,63.0,24.0,0.0,0.0,0.0,0.0,0.0,0.0,0.0,0.0,0.0,0.0,0.0,0.0,0.0,0.0,0.0,0.0,0.0,0.0,8.0,2.0,1.0
2710,22.7040384,0,8.3143,1.8071,1.4809,1.631,0.1519,0.0031,0.0034,0.0002,0.0365,0.047,0.0022,0.0007,0.0114,0.0002,0.0016,0.0019,0.0001,0.0001,0.0085,0.0014,0.0005,0.0001,0.002,0.088,0.0154,0.0001,0.0042,0.0,95.0,0.0,32.0,63.0,24.0,0.0,0.0,0.0,0.0,0.0,0.0,0.0,0.0,0.0,0.0,0.0,0.0,0.0,0.0,0.0,0.0,0.0,0.0,8.0,2.0,1.0
2711,22.7123527,0,8.4144,1.7306,1.4899,1.663,0.1371,0.0028,0.004,0.0002,0.0267,0.0365,0.002,0.0007,0.009,0.0001,0.002,0.0017,0.0007,0.0002,0.0082,0.0017,0.0007,0.0,0.0017,0.0734,0.0128,0.0,0.0033,0.0,95.0,0.0,32.0,63.0,24.0,0.0,0.0,0.0,0.0,0.0,0.0,0.0,0.0,0.0,0.0,0.0,0.0,0.0,0.0,0.0,0.0,0.0,0.0,8.0,2.0,1.0
2712,22.7207671,0,8.3391,1.7799,1.5991,1.705,0.1517,0.0026,0.0035,0.0001,0.0373,0.0466,0.0024,0.001,0.012,0.0001,0.0015,0.0018,0.0001,0.0001,0.0083,0.0015,0.0004,0.0001,0.0019,0.0881,0.015,0.0,0.0042,0.0,95.0,0.0,32.0,63.0,24.0,0.0,0.0,0.0,0.0,0.0,0.0,0.0,0.0,0.0,0.0,0.0,0.0,0.0,0.0,0.0,0.0,0.0,0.0,8.0,2.0,1.0
2713,22.7291062,0,8.201,1.8415,1.3963,1.4354,0.1426,0.0043,0.0043,0.0002,0.0274,0.0385,0.0025,0.0008,0.0107,0.0001,0.0016,0.0018,0.0,0.0001,0.0081,0.0019,0.0005,0.0,0.002,0.0778,0.0149,0.0001,0.0034,0.0,95.0,0.0,32.0,63.0,24.0,0.0,0.0,0.0,0.0,0.0,0.0,0.0,0.0,0.0,0.0,0.0,0.0,0.0,0.0,0.0,0.0,0.0,0.0,8.0,2.0,1.0
2714,22.7373072,0,8.4582,1.9986,1.429,1.4932,0.1383,0.0045,0.0058,0.0003,0.022,0.0354,0.002,0.0007,0.0104,0.0002,0.0013,0.0015,0.0001,0.0001,0.0077,0.0013,0.0004,0.0001,0.0019,0.0737,0.0142,0.0001,0.0041,0.0,95.0,0.0,32.0,63.0,24.0,0.0,0.0,0.0,0.0,0.0,0.0,0.0,0.0,0.0,0.0,0.0,0.0,0.0,0.0,0.0,0.0,0.0,0.0,8.0,2.0,1.0
2715,22.7457654,0,8.2112,1.8355,1.5063,1.5612,0.1435,0.0032,0.0036,0.0001,0.0283,0.0381,0.0023,0.0007,0.0097,0.0002,0.0021,0.0014,0.0001,0.0001,0.0093,0.0013,0.0005,0.0001,0.0019,0.0803,0.014,0.0,0.0043,0.0,95.0,0.0,32.0,63.0,24.0,0.0,0.0,0.0,0.0,0.0,0.0,0.0,0.0,0.0,0.0,0.0,0.0,0.0,0.0,0.0,0.0,0.0,0.0,8.0,2.0,1.0
2716,22.7539766,0,8.4135,1.7517,1.4357,1.5768,0.1531,0.0038,0.0032,0.0003,0.0401,0.0495,0.0024,0.0009,0.0107,0.0002,0.0017,0.0021,0.0,0.0001,0.0086,0.0012,0.0004,0.0001,0.002,0.0905,0.0127,0.0001,0.0027,0.0,95.0,0.0,32.0,63.0,24.0,0.0,0.0,0.0,0.0,0.0,0.0,0.0,0.0,0.0,0.0,0.0,0.0,0.0,0.0,0.0,0.0,0.0,0.0,8.0,2.0,1.0
2717,22.7623901,0,8.3505,1.7714,1.5581,1.3641,0.1424,0.0027,0.0039,0.0002,0.0285,0.0377,0.0023,0.0009,0.0084,0.0002,0.0021,0.0017,0.0001,0.0001,0.0089,0.0013,0.0004,0.0001,0.0019,0.0791,0.0144,0.0001,0.0043,0.0,95.0,0.0,32.0,63.0,24.0,0.0,0.0,0.0,0.0,0.0,0.0,0.0,0.0,0.0,0.0,0.0,0.0,0.0,0.0,0.0,0.0,0.0,0.0,8.0,2.0,1.0
2718,22.7707406,0,8.2691,1.7069,1.3828,1.4338,0.1418,0.0031,0.0033,0.0003,0.0349,0.0445,0.0019,0.0008,0.0099,0.0001,0.0013,0.0018,0.0001,0.0001,0.0077,0.0012,0.0009,0.0002,0.0017,0.0814,0.0139,0.0,0.0044,0.0,95.0,0.0,32.0,63.0,24.0,0.0,0.0,0.0,0.0,0.0,0.0,0.0,0.0,0.0,0.0,0.0,0.0,0.0,0.0,0.0,0.0,0.0,0.0,8.0,2.0,1.0
2719,22.7790097,0,8.465,1.9821,1.5517,1.4889,0.1488,0.0042,0.0043,0.0003,0.0303,0.042,0.0019,0.0008,0.0085,0.0006,0.0017,0.002,0.0001,0.0001,0.0086,0.0015,0.0005,0.0001,0.0016,0.0799,0.0145,0.0,0.0049,0.0,95.0,0.0,32.0,63.0,24.0,0.0,0.0,0.0,0.0,0.0,0.0,0.0,0.0,0.0,0.0,0.0,0.0,0.0,0.0,0.0,0.0,0.0,0.0,8.0,2.0,1.0
2720,22.7874747,0,8.2749,1.9869,1.455,1.5021,0.1476,0.0032,0.0038,0.0002,0.0365,0.0465,0.002,0.0011,0.0108,0.0001,0.0019,0.0016,0.0001,0.0001,0.0088,0.0012,0.0005,0.0001,0.0017,0.0855,0.0138,0.0,0.0039,0.0,95.0,0.0,32.0,63.0,24.0,0.0,0.0,0.0,0.0,0.0,0.0,0.0,0.0,0.0,0.0,0.0,0.0,0.0,0.0,0.0,0.0,0.0,0.0,8.0,2.0,1.0
2721,22.7957496,0,8.3961,1.7449,1.5107,1.5152,0.1367,0.0042,0.0048,0.0001,0.0221,0.0341,0.0023,0.0007,0.0095,0.0002,0.0021,0.0015,0.0001,0.0006,0.0083,0.0012,0.0005,0.0,0.0017,0.072,0.0139,0.0,0.0047,0.0,95.0,0.0,32.0,63.0,24.0,0.0,0.0,0.0,0.0,0.0,0.0,0.0,0.0,0.0,0.0,0.0,0.0,0.0,0.0,0.0,0.0,0.0,0.0,8.0,2.0,1.0
2722,22.8041457,0,8.2631,1.7349,1.6024,1.3432,0.1341,0.0042,0.0031,0.0001,0.036,0.0452,0.002,0.0007,0.0089,0.0001,0.0016,0.0015,0.0001,0.0001,0.008,0.0013,0.0004,0.0001,0.0016,0.0796,0.011,0.0001,0.0039,0.0,95.0,0.0,32.0,63.0,24.0,0.0,0.0,0.0,0.0,0.0,0.0,0.0,0.0,0.0,0.0,0.0,0.0,0.0,0.0,0.0,0.0,0.0,0.0,8.0,2.0,1.0
2723,22.8124088,0,8.3711,1.863,1.4962,1.4645,0.1515,0.0037,0.0039,0.0002,0.0274,0.0384,0.003,0.0014,0.0128,0.0003,0.0015,0.0021,0.0001,0.0001,0.0082,0.0013,0.0005,0.0001,0.002,0.0819,0.0167,0.0001,0.0035,0.0,95.0,0.0,32.0,63.0,24.0,0.0,0.0,0.0,0.0,0.0,0.0,0.0,0.0,0.0,0.0,0.0,0.0,0.0,0.0,0.0,0.0,0.0,0.0,8.0,2.0,1.0
2724,22.8207799,0,8.2462,1.7168,1.5325,1.5175,0.1442,0.0046,0.0056,0.0002,0.0236,0.0362,0.0018,0.0008,0.0107,0.0002,0.0017,0.0017,0.0002,0.0001,0.009,0.0013,0.001,0.0001,0.0018,0.0773,0.014,0.0,0.0041,0.0,95.0,0.0,32.0,63.0,24.0,0.0,0.0,0.0,0.0,0.0,0.0,0.0,0.0,0.0,0.0,0.0,0.0,0.0,0.0,0.0,0.0,0.0,0.0,8.0,2.0,1.0
2725,22.8290261,0,8.2919,2.0089,1.4032,1.4654,0.1494,0.0028,0.004,0.0002,0.0304,0.0398,0.0022,0.0007,0.0121,0.0001,0.0017,0.002,0.0,0.0002,0.0088,0.0012,0.0005,0.0001,0.0019,0.0828,0.0152,0.0001,0.0044,0.0,95.0,0.0,32.0,63.0,24.0,0.0,0.0,0.0,0.0,0.0,0.0,0.0,0.0,0.0,0.0,0.0,0.0,0.0,0.0,0.0,0.0,0.0,0.0,8.0,2.0,1.0
2726,22.837318,0,8.3728,1.8343,1.4187,1.4626,0.1448,0.0032,0.0037,0.0002,0.0352,0.0444,0.0022,0.0008,0.0116,0.0001,0.0015,0.0015,0.0,0.0001,0.0092,0.0012,0.0005,0.0,0.0021,0.085,0.0154,0.0001,0.0036,0.0,95.0,0.0,32.0,63.0,24.0,0.0,0.0,0.0,0.0,0.0,0.0,0.0,0.0,0.0,0.0,0.0,0.0,0.0,0.0,0.0,0.0,0.0,0.0,8.0,2.0,1.0
2727,22.8456908,0,8.3904,2.0079,1.4875,1.4791,0.1487,0.0043,0.0038,0.0002,0.028,0.0394,0.0023,0.0008,0.0104,0.0001,0.0018,0.0017,0.0001,0.0002,0.0092,0.0016,0.0005,0.0,0.0025,0.0805,0.014,0.0,0.0039,0.0,95.0,0.0,32.0,63.0,24.0,0.0,0.0,0.0,0.0,0.0,0.0,0.0,0.0,0.0,0.0,0.0,0.0,0.0,0.0,0.0,0.0,0.0,0.0,8.0,2.0,1.0
2728,22.8540812,0,8.2918,1.7205,1.4628,1.4546,0.156,0.0027,0.0032,0.0003,0.0401,0.0488,0.0027,0.0009,0.012,0.0002,0.002,0.0016,0.0001,0.0001,0.0091,0.0013,0.001,0.0001,0.002,0.0919,0.0166,0.0001,0.0042,0.0,95.0,0.0,32.0,63.0,24.0,0.0,0.0,0.0,0.0,0.0,0.0,0.0,0.0,0.0,0.0,0.0,0.0,0.0,0.0,0.0,0.0,0.0,0.0,8.0,2.0,1.0
2729,22.862372999999998,0,8.3507,1.8785,1.5165,1.6706,0.147,0.0025,0.0031,0.0003,0.0302,0.0382,0.0026,0.0009,0.0127,0.0001,0.0015,0.002,0.0002,0.0001,0.009,0.0014,0.0005,0.0,0.0018,0.0816,0.0156,0.0001,0.0046,0.0,95.0,0.0,32.0,63.0,24.0,0.0,0.0,0.0,0.0,0.0,0.0,0.0,0.0,0.0,0.0,0.0,0.0,0.0,0.0,0.0,0.0,0.0,0.0,8.0,2.0,1.0
2730,22.8707237,0,8.2826,1.7195,1.3784,1.4719,0.1494,0.0026,0.0032,0.0002,0.0379,0.0462,0.0024,0.0008,0.012,0.0001,0.0015,0.002,0.0001,0.0001,0.0087,0.0018,0.0005,0.0001,0.0019,0.0886,0.0148,0.0001,0.0039,0.0,95.0,0.0,32.0,63.0,24.0,0.0,0.0,0.0,0.0,0.0,0.0,0.0,0.0,0.0,0.0,0.0,0.0,0.0,0.0,0.0,0.0,0.0,0.0,8.0,2.0,1.0
2731,22.8790063,0,8.3727,1.969,1.4586,1.4572,0.1501,0.005,0.0042,0.0003,0.0296,0.0413,0.0023,0.0008,0.0103,0.0001,0.0017,0.002,0.0002,0.0001,0.0086,0.0015,0.0005,0.0,0.0025,0.0819,0.0153,0.0,0.0041,0.0,95.0,0.0,32.0,63.0,24.0,0.0,0.0,0.0,0.0,0.0,0.0,0.0,0.0,0.0,0.0,0.0,0.0,0.0,0.0,0.0,0.0,0.0,0.0,8.0,2.0,1.0
2732,22.887379,0,8.3101,1.7971,1.4373,1.4096,0.1335,0.0029,0.0046,0.0002,0.0298,0.0395,0.0026,0.0007,0.0092,0.0007,0.0014,0.0014,0.0,0.0001,0.0084,0.001,0.0005,0.0001,0.0017,0.0757,0.0113,0.0001,0.0052,0.0,95.0,0.0,32.0,63.0,24.0,0.0,0.0,0.0,0.0,0.0,0.0,0.0,0.0,0.0,0.0,0.0,0.0,0.0,0.0,0.0,0.0,0.0,0.0,8.0,2.0,1.0
2733,22.8956891,0,8.4425,1.8667,1.5035,1.5154,0.143,0.0038,0.0061,0.0003,0.022,0.0346,0.0023,0.0009,0.0106,0.0002,0.0016,0.0024,0.0001,0.0001,0.0093,0.0011,0.0005,0.0001,0.002,0.0749,0.0148,0.0,0.0039,0.0,95.0,0.0,32.0,63.0,24.0,0.0,0.0,0.0,0.0,0.0,0.0,0.0,0.0,0.0,0.0,0.0,0.0,0.0,0.0,0.0,0.0,0.0,0.0,8.0,2.0,1.0
2734,22.9041316,0,8.4247,1.877,1.6273,1.6208,0.1725,0.0044,0.0051,0.0003,0.0407,0.0533,0.0023,0.0011,0.0107,0.0001,0.0017,0.0022,0.0001,0.0001,0.0099,0.0014,0.0006,0.0004,0.002,0.0974,0.0163,0.0001,0.0038,0.0,95.0,0.0,32.0,63.0,24.0,0.0,0.0,0.0,0.0,0.0,0.0,0.0,0.0,0.0,0.0,0.0,0.0,0.0,0.0,0.0,0.0,0.0,0.0,8.0,2.0,1.0
2735,22.9125563,0,8.4012,2.2594,1.7637,1.5934,0.1523,0.0029,0.0041,0.0007,0.0305,0.0406,0.0025,0.0008,0.0119,0.0001,0.0016,0.0023,0.0001,0.0001,0.0098,0.0013,0.0004,0.0001,0.0023,0.0846,0.0145,0.0,0.0045,0.0,95.0,0.0,32.0,63.0,24.0,0.0,0.0,0.0,0.0,0.0,0.0,0.0,0.0,0.0,0.0,0.0,0.0,0.0,0.0,0.0,0.0,0.0,0.0,8.0,2.0,1.0
2736,22.9209575,0,8.1656,2.0595,1.5262,1.5978,0.1533,0.004,0.0039,0.0002,0.0359,0.0464,0.002,0.0009,0.0107,0.0002,0.0015,0.0021,0.0001,0.0001,0.0089,0.0023,0.0004,0.0002,0.0019,0.0872,0.0144,0.0,0.0039,0.0,95.0,0.0,32.0,63.0,24.0,0.0,0.0,0.0,0.0,0.0,0.0,0.0,0.0,0.0,0.0,0.0,0.0,0.0,0.0,0.0,0.0,0.0,0.0,8.0,2.0,1.0
2737,22.9291231,0,8.3613,1.9584,1.5634,1.5949,0.1584,0.0032,0.0043,0.0003,0.0319,0.0421,0.0028,0.001,0.0133,0.0001,0.0021,0.0024,0.0001,0.0001,0.0095,0.0013,0.0006,0.0001,0.002,0.0887,0.0165,0.0,0.0042,0.0,95.0,0.0,32.0,63.0,24.0,0.0,0.0,0.0,0.0,0.0,0.0,0.0,0.0,0.0,0.0,0.0,0.0,0.0,0.0,0.0,0.0,0.0,0.0,8.0,2.0,1.0
2738,22.937484400000002,0,8.1963,1.9768,1.5038,1.6017,0.1599,0.004,0.0039,0.0002,0.04,0.0505,0.0023,0.0008,0.011,0.0001,0.0014,0.002,0.0001,0.0001,0.0089,0.0012,0.0006,0.0001,0.0019,0.0903,0.0183,0.0,0.004,0.0,95.0,0.0,32.0,63.0,24.0,0.0,0.0,0.0,0.0,0.0,0.0,0.0,0.0,0.0,0.0,0.0,0.0,0.0,0.0,0.0,0.0,0.0,0.0,8.0,2.0,1.0
2739,22.945680700000004,0,8.4999,1.8518,1.5481,1.9339,0.1543,0.0036,0.0041,0.0002,0.0291,0.0397,0.0024,0.0009,0.0124,0.0001,0.0016,0.0019,0.0001,0.0001,0.0088,0.0012,0.0005,0.0001,0.002,0.0838,0.0171,0.0,0.0051,0.0,95.0,0.0,32.0,63.0,24.0,0.0,0.0,0.0,0.0,0.0,0.0,0.0,0.0,0.0,0.0,0.0,0.0,0.0,0.0,0.0,0.0,0.0,0.0,8.0,2.0,1.0
2740,22.954180600000004,0,8.353,2.4004,1.5303,1.5692,0.1458,0.0039,0.0048,0.0003,0.031,0.0425,0.0019,0.0009,0.0109,0.0002,0.0016,0.0016,0.0001,0.0002,0.0086,0.0011,0.0009,0.0001,0.0017,0.0819,0.0145,0.0,0.0042,0.0,95.0,0.0,32.0,63.0,24.0,0.0,0.0,0.0,0.0,0.0,0.0,0.0,0.0,0.0,0.0,0.0,0.0,0.0,0.0,0.0,0.0,0.0,0.0,8.0,2.0,1.0
2741,22.962533600000004,0,8.3152,2.0071,1.649,1.5138,0.1678,0.0049,0.0046,0.0002,0.0292,0.0417,0.0031,0.0012,0.0129,0.0003,0.0016,0.0019,0.0001,0.0001,0.0089,0.0016,0.0005,0.0001,0.0025,0.0858,0.0165,0.0,0.0037,0.0,95.0,0.0,32.0,63.0,24.0,0.0,0.0,0.0,0.0,0.0,0.0,0.0,0.0,0.0,0.0,0.0,0.0,0.0,0.0,0.0,0.0,0.0,0.0,8.0,2.0,1.0
2742,22.970848800000002,0,8.3158,1.8366,1.5931,1.582,0.1556,0.0031,0.0041,0.0002,0.038,0.0479,0.002,0.0006,0.0113,0.0001,0.0015,0.0016,0.0005,0.0001,0.0086,0.0012,0.0004,0.0001,0.0016,0.0885,0.014,0.0,0.0039,0.0,95.0,0.0,32.0,63.0,24.0,0.0,0.0,0.0,0.0,0.0,0.0,0.0,0.0,0.0,0.0,0.0,0.0,0.0,0.0,0.0,0.0,0.0,0.0,8.0,2.0,1.0
2743,22.9791646,0,8.3092,1.8722,1.5722,1.7027,0.1403,0.0032,0.0045,0.0002,0.0254,0.0356,0.002,0.001,0.0101,0.0001,0.0021,0.0015,0.0001,0.0001,0.0085,0.0011,0.0004,0.0001,0.0018,0.0748,0.0138,0.0,0.0041,0.0,95.0,0.0,32.0,63.0,24.0,0.0,0.0,0.0,0.0,0.0,0.0,0.0,0.0,0.0,0.0,0.0,0.0,0.0,0.0,0.0,0.0,0.0,0.0,8.0,2.0,1.0
2744,22.9874738,0,8.542,2.0453,1.7565,1.5682,0.2137,0.003,0.0041,0.0003,0.0524,0.0637,0.0033,0.0013,0.0166,0.0002,0.0024,0.0021,0.0001,0.0004,0.01,0.0015,0.0005,0.0001,0.0033,0.1212,0.0228,0.0,0.0043,0.0,95.0,0.0,32.0,63.0,24.0,0.0,0.0,0.0,0.0,0.0,0.0,0.0,0.0,0.0,0.0,0.0,0.0,0.0,0.0,0.0,0.0,0.0,0.0,8.0,2.0,1.0
2745,22.9960158,0,8.3317,1.8141,1.5908,1.5462,0.1561,0.0032,0.0044,0.0002,0.0311,0.0416,0.0027,0.0011,0.0128,0.0001,0.0017,0.002,0.0002,0.0002,0.0088,0.0014,0.0011,0.0001,0.0021,0.0879,0.0155,0.0,0.0037,0.0,95.0,0.0,32.0,63.0,24.0,0.0,0.0,0.0,0.0,0.0,0.0,0.0,0.0,0.0,0.0,0.0,0.0,0.0,0.0,0.0,0.0,0.0,0.0,8.0,2.0,1.0
2746,23.004347499999998,0,8.1476,1.8804,1.7901,1.5426,0.1479,0.0039,0.0049,0.0002,0.0313,0.0426,0.0021,0.0008,0.0098,0.0001,0.0015,0.0021,0.0002,0.0001,0.0089,0.0012,0.0005,0.0001,0.0018,0.0817,0.0136,0.0,0.0056,0.0,95.0,0.0,32.0,63.0,24.0,0.0,0.0,0.0,0.0,0.0,0.0,0.0,0.0,0.0,0.0,0.0,0.0,0.0,0.0,0.0,0.0,0.0,0.0,8.0,2.0,1.0
2747,23.0124951,0,8.3973,1.9099,1.645,1.4048,0.1652,0.003,0.0042,0.0003,0.0297,0.0399,0.0024,0.0014,0.0132,0.0001,0.0016,0.0023,0.0001,0.0001,0.0096,0.0013,0.0005,0.0004,0.002,0.0909,0.0171,0.0001,0.0035,0.0,95.0,0.0,32.0,63.0,24.0,0.0,0.0,0.0,0.0,0.0,0.0,0.0,0.0,0.0,0.0,0.0,0.0,0.0,0.0,0.0,0.0,0.0,0.0,8.0,2.0,1.0
2748,23.020892399999997,0,8.3282,1.9785,1.6685,1.5431,0.1657,0.0038,0.0036,0.0002,0.0376,0.0478,0.0023,0.0009,0.0126,0.0002,0.0016,0.0022,0.0001,0.0001,0.01,0.0015,0.0005,0.0,0.0019,0.0937,0.0165,0.0,0.0041,0.0,95.0,0.0,32.0,63.0,24.0,0.0,0.0,0.0,0.0,0.0,0.0,0.0,0.0,0.0,0.0,0.0,0.0,0.0,0.0,0.0,0.0,0.0,0.0,8.0,2.0,1.0
2749,23.0292206,0,8.2781,1.9362,1.6133,1.6809,0.1524,0.0038,0.0042,0.0003,0.0303,0.0414,0.0023,0.0009,0.0114,0.0001,0.0016,0.0022,0.0,0.0001,0.0092,0.0013,0.0005,0.0,0.0018,0.0834,0.0169,0.0,0.0044,0.0,95.0,0.0,32.0,63.0,24.0,0.0,0.0,0.0,0.0,0.0,0.0,0.0,0.0,0.0,0.0,0.0,0.0,0.0,0.0,0.0,0.0,0.0,0.0,8.0,2.0,1.0
2750,23.037498699999997,0,8.3659,1.8786,1.5795,1.8106,0.1623,0.0033,0.0041,0.0003,0.0403,0.0508,0.0022,0.0008,0.011,0.0002,0.0015,0.0022,0.0001,0.0001,0.0098,0.0013,0.0005,0.0001,0.0019,0.0929,0.0172,0.0001,0.0047,0.0,95.0,0.0,32.0,63.0,24.0,0.0,0.0,0.0,0.0,0.0,0.0,0.0,0.0,0.0,0.0,0.0,0.0,0.0,0.0,0.0,0.0,0.0,0.0,8.0,2.0,1.0
2751,23.045864599999998,0,8.1486,1.9195,1.4675,1.5623,0.1456,0.0033,0.0035,0.0002,0.0306,0.0398,0.0024,0.0009,0.0123,0.0002,0.0016,0.0019,0.0001,0.0001,0.0088,0.0014,0.0006,0.0001,0.0019,0.082,0.0164,0.0001,0.0041,0.0,95.0,0.0,32.0,63.0,24.0,0.0,0.0,0.0,0.0,0.0,0.0,0.0,0.0,0.0,0.0,0.0,0.0,0.0,0.0,0.0,0.0,0.0,0.0,8.0,2.0,1.0
2752,23.054013199999996,0,8.4101,1.9066,1.4795,1.4857,0.1591,0.0027,0.0039,0.0002,0.0416,0.0506,0.0026,0.0009,0.0116,0.0001,0.002,0.0016,0.0001,0.0002,0.0088,0.0013,0.0006,0.0001,0.002,0.0928,0.0164,0.0,0.0041,0.0,95.0,0.0,32.0,63.0,24.0,0.0,0.0,0.0,0.0,0.0,0.0,0.0,0.0,0.0,0.0,0.0,0.0,0.0,0.0,0.0,0.0,0.0,0.0,8.0,2.0,1.0
2753,23.062423299999995,0,8.3528,1.8149,1.5223,1.6484,0.1439,0.0042,0.0042,0.0002,0.0261,0.0372,0.0022,0.0007,0.0104,0.0007,0.0017,0.0017,0.0001,0.0001,0.0089,0.0018,0.0005,0.0001,0.0019,0.0781,0.0146,0.0,0.0039,0.0,95.0,0.0,32.0,63.0,24.0,0.0,0.0,0.0,0.0,0.0,0.0,0.0,0.0,0.0,0.0,0.0,0.0,0.0,0.0,0.0,0.0,0.0,0.0,8.0,2.0,1.0
2754,23.070776099999996,0,8.2727,1.8437,1.4931,1.6273,0.1558,0.0029,0.0032,0.0001,0.0385,0.0469,0.0027,0.0008,0.0132,0.0001,0.0016,0.0016,0.0,0.0001,0.0088,0.0018,0.0005,0.0,0.002,0.0912,0.0154,0.0001,0.0045,0.0,95.0,0.0,32.0,63.0,24.0,0.0,0.0,0.0,0.0,0.0,0.0,0.0,0.0,0.0,0.0,0.0,0.0,0.0,0.0,0.0,0.0,0.0,0.0,8.0,2.0,1.0
2755,23.079048799999995,0,8.3192,1.8518,1.4282,1.6452,0.1504,0.003,0.0041,0.0002,0.0294,0.039,0.0024,0.0007,0.0119,0.0001,0.002,0.0017,0.0002,0.0001,0.0088,0.0012,0.0009,0.0001,0.0019,0.0827,0.0153,0.0001,0.0038,0.0,95.0,0.0,32.0,63.0,24.0,0.0,0.0,0.0,0.0,0.0,0.0,0.0,0.0,0.0,0.0,0.0,0.0,0.0,0.0,0.0,0.0,0.0,0.0,8.0,2.0,1.0
2756,23.087367999999994,0,8.369,1.7254,1.4828,1.5453,0.1522,0.0041,0.0057,0.0002,0.0318,0.0446,0.0028,0.0009,0.0116,0.0001,0.0017,0.002,0.0001,0.0001,0.0094,0.0012,0.0004,0.0,0.0022,0.0862,0.0142,0.0001,0.0042,0.0,95.0,0.0,32.0,63.0,24.0,0.0,0.0,0.0,0.0,0.0,0.0,0.0,0.0,0.0,0.0,0.0,0.0,0.0,0.0,0.0,0.0,0.0,0.0,8.0,2.0,1.0
2757,23.095736999999993,0,8.2853,1.688,1.477,1.6926,0.181,0.0045,0.0048,0.004,0.0385,0.0554,0.0028,0.0009,0.0133,0.0002,0.0022,0.0021,0.0007,0.0002,0.0104,0.0014,0.0013,0.0,0.0022,0.1054,0.0212,0.0001,0.0042,0.0,95.0,0.0,32.0,63.0,24.0,0.0,0.0,0.0,0.0,0.0,0.0,0.0,0.0,0.0,0.0,0.0,0.0,0.0,0.0,0.0,0.0,0.0,0.0,8.0,2.0,1.0
2758,23.104022299999993,0,8.4351,1.6943,1.614,1.4642,0.1584,0.0032,0.0046,0.0003,0.037,0.0476,0.0023,0.001,0.0108,0.0001,0.0022,0.0018,0.0001,0.0002,0.0096,0.0012,0.0005,0.0001,0.002,0.0895,0.0144,0.0,0.0039,0.0,95.0,0.0,32.0,63.0,24.0,0.0,0.0,0.0,0.0,0.0,0.0,0.0,0.0,0.0,0.0,0.0,0.0,0.0,0.0,0.0,0.0,0.0,0.0,8.0,2.0,1.0
2759,23.112457399999993,0,8.3023,1.9225,1.546,1.7503,0.1537,0.0032,0.0034,0.0002,0.0296,0.0388,0.0026,0.0007,0.0141,0.0001,0.0017,0.002,0.0001,0.0001,0.0095,0.0013,0.0005,0.0001,0.002,0.0845,0.0176,0.0001,0.0038,0.0,95.0,0.0,32.0,63.0,24.0,0.0,0.0,0.0,0.0,0.0,0.0,0.0,0.0,0.0,0.0,0.0,0.0,0.0,0.0,0.0,0.0,0.0,0.0,8.0,2.0,1.0
2760,23.120759699999994,0,8.4446,1.7985,1.6058,1.6721,0.1599,0.0031,0.004,0.0002,0.0408,0.0507,0.0023,0.0009,0.0111,0.0001,0.002,0.0016,0.0001,0.0001,0.0093,0.0014,0.0005,0.0,0.0019,0.0925,0.0165,0.0001,0.0053,0.0,95.0,0.0,32.0,63.0,24.0,0.0,0.0,0.0,0.0,0.0,0.0,0.0,0.0,0.0,0.0,0.0,0.0,0.0,0.0,0.0,0.0,0.0,0.0,8.0,2.0,1.0
2761,23.129204299999994,0,8.1776,1.6889,1.5098,1.3017,0.1468,0.003,0.0038,0.0002,0.0285,0.0378,0.0023,0.0008,0.0123,0.0002,0.0016,0.002,0.0002,0.0001,0.0096,0.0012,0.0005,0.0001,0.0018,0.082,0.0158,0.0001,0.0054,0.0,95.0,0.0,32.0,63.0,24.0,0.0,0.0,0.0,0.0,0.0,0.0,0.0,0.0,0.0,0.0,0.0,0.0,0.0,0.0,0.0,0.0,0.0,0.0,8.0,2.0,1.0
2762,23.137381899999994,0,8.3323,1.7518,1.3868,1.5084,0.1407,0.0041,0.0036,0.0002,0.0324,0.0428,0.0019,0.0008,0.0098,0.0002,0.0015,0.0015,0.0001,0.0001,0.0083,0.001,0.0005,0.0,0.0021,0.08,0.0136,0.0,0.0037,0.0,95.0,0.0,32.0,63.0,24.0,0.0,0.0,0.0,0.0,0.0,0.0,0.0,0.0,0.0,0.0,0.0,0.0,0.0,0.0,0.0,0.0,0.0,0.0,8.0,2.0,1.0
2763,23.145714199999993,0,8.312,1.7185,1.4615,1.4976,0.1469,0.0045,0.0044,0.0002,0.0277,0.0399,0.0023,0.0007,0.0099,0.0002,0.0021,0.0018,0.0001,0.0001,0.0084,0.0018,0.0004,0.0001,0.0019,0.081,0.0135,0.0001,0.0038,0.0,95.0,0.0,32.0,63.0,24.0,0.0,0.0,0.0,0.0,0.0,0.0,0.0,0.0,0.0,0.0,0.0,0.0,0.0,0.0,0.0,0.0,0.0,0.0,8.0,2.0,1.0
2764,23.154026199999993,0,8.4051,1.6688,1.4528,1.4108,0.1557,0.0042,0.0036,0.0002,0.0349,0.0455,0.0029,0.0007,0.0108,0.0002,0.0015,0.0017,0.0001,0.0002,0.0091,0.0013,0.0004,0.0,0.0021,0.0864,0.0148,0.0,0.0031,0.0,95.0,0.0,32.0,63.0,24.0,0.0,0.0,0.0,0.0,0.0,0.0,0.0,0.0,0.0,0.0,0.0,0.0,0.0,0.0,0.0,0.0,0.0,0.0,8.0,2.0,1.0
2765,23.162431299999994,0,8.4452,1.8562,1.5914,1.2989,0.1452,0.0047,0.0053,0.0007,0.0235,0.0371,0.0026,0.0008,0.0101,0.0002,0.0014,0.0021,0.0001,0.0002,0.0086,0.0019,0.0004,0.0001,0.0019,0.0772,0.0149,0.0001,0.004,0.0,95.0,0.0,32.0,63.0,24.0,0.0,0.0,0.0,0.0,0.0,0.0,0.0,0.0,0.0,0.0,0.0,0.0,0.0,0.0,0.0,0.0,0.0,0.0,8.0,2.0,1.0
2766,23.170876499999995,0,8.2006,1.7748,1.4062,1.4044,0.1356,0.0043,0.006,0.0002,0.0213,0.0338,0.0019,0.0007,0.01,0.0001,0.0016,0.0015,0.0,0.0001,0.0093,0.0012,0.0005,0.0,0.0017,0.0733,0.0138,0.0,0.0041,0.0,95.0,0.0,32.0,63.0,24.0,0.0,0.0,0.0,0.0,0.0,0.0,0.0,0.0,0.0,0.0,0.0,0.0,0.0,0.0,0.0,0.0,0.0,0.0,8.0,2.0,1.0
2767,23.179077099999994,0,8.3382,1.7559,1.4245,1.4499,0.1428,0.0049,0.0058,0.0002,0.0229,0.0365,0.0023,0.0008,0.0102,0.0006,0.0016,0.0019,0.0,0.0001,0.0089,0.0015,0.0004,0.0,0.0019,0.0773,0.0142,0.0,0.0036,0.0,95.0,0.0,32.0,63.0,24.0,0.0,0.0,0.0,0.0,0.0,0.0,0.0,0.0,0.0,0.0,0.0,0.0,0.0,0.0,0.0,0.0,0.0,0.0,8.0,2.0,1.0
2768,23.187415299999994,0,8.3992,1.6999,1.5342,1.4279,0.1451,0.0047,0.0039,0.0002,0.0341,0.045,0.0021,0.0008,0.0098,0.0002,0.0014,0.0016,0.0,0.0001,0.0083,0.0013,0.0004,0.0001,0.0019,0.0831,0.0121,0.0001,0.0051,0.0,95.0,0.0,32.0,63.0,24.0,0.0,0.0,0.0,0.0,0.0,0.0,0.0,0.0,0.0,0.0,0.0,0.0,0.0,0.0,0.0,0.0,0.0,0.0,8.0,2.0,1.0
2769,23.195814499999994,0,8.212,1.7221,1.3938,1.3209,0.1479,0.0043,0.0041,0.0002,0.0262,0.0375,0.0026,0.0008,0.0113,0.0001,0.0019,0.0016,0.0001,0.0006,0.0085,0.0013,0.0005,0.0,0.0021,0.0785,0.0149,0.0,0.0043,0.0,95.0,0.0,32.0,63.0,24.0,0.0,0.0,0.0,0.0,0.0,0.0,0.0,0.0,0.0,0.0,0.0,0.0,0.0,0.0,0.0,0.0,0.0,0.0,8.0,2.0,1.0
2770,23.204026499999994,0,8.349,1.7944,1.3901,1.4197,0.1459,0.0041,0.0055,0.0002,0.0296,0.0416,0.0027,0.0007,0.0103,0.0001,0.0014,0.0018,0.0001,0.0002,0.009,0.0018,0.0004,0.0,0.002,0.0819,0.014,0.0,0.0041,0.0,95.0,0.0,32.0,63.0,24.0,0.0,0.0,0.0,0.0,0.0,0.0,0.0,0.0,0.0,0.0,0.0,0.0,0.0,0.0,0.0,0.0,0.0,0.0,8.0,2.0,1.0
2771,23.212375499999993,0,8.4293,1.7227,1.4236,1.3022,0.1397,0.0035,0.0038,0.0002,0.0261,0.0359,0.0021,0.0007,0.0096,0.0002,0.0014,0.0017,0.0003,0.0002,0.0083,0.0013,0.0004,0.0,0.002,0.0744,0.0144,0.0001,0.004,0.0,95.0,0.0,32.0,63.0,24.0,0.0,0.0,0.0,0.0,0.0,0.0,0.0,0.0,0.0,0.0,0.0,0.0,0.0,0.0,0.0,0.0,0.0,0.0,8.0,2.0,1.0
2772,23.220804799999993,0,8.2318,1.7297,1.4358,1.5335,0.1507,0.0043,0.0038,0.0002,0.0331,0.0435,0.0022,0.0008,0.0098,0.0001,0.0013,0.0017,0.0001,0.0001,0.0086,0.0018,0.0005,0.0,0.0019,0.0836,0.016,0.0,0.0033,0.0,95.0,0.0,32.0,63.0,24.0,0.0,0.0,0.0,0.0,0.0,0.0,0.0,0.0,0.0,0.0,0.0,0.0,0.0,0.0,0.0,0.0,0.0,0.0,8.0,2.0,1.0
2773,23.229036599999993,0,8.3246,1.7334,1.4084,1.4196,0.1505,0.005,0.0041,0.0001,0.0286,0.0404,0.0024,0.0009,0.0126,0.0002,0.0014,0.0017,0.0001,0.0002,0.0097,0.0014,0.0004,0.0,0.0019,0.0826,0.0154,0.0,0.0041,0.0,95.0,0.0,32.0,63.0,24.0,0.0,0.0,0.0,0.0,0.0,0.0,0.0,0.0,0.0,0.0,0.0,0.0,0.0,0.0,0.0,0.0,0.0,0.0,8.0,2.0,1.0
2774,23.237361199999995,0,8.4572,1.6855,1.445,1.3287,0.1555,0.0051,0.0061,0.0002,0.033,0.0469,0.0024,0.0009,0.0118,0.0001,0.0016,0.0015,0.0005,0.0001,0.0087,0.0013,0.0005,0.0001,0.002,0.0897,0.0142,0.0,0.0046,0.0,95.0,0.0,32.0,63.0,24.0,0.0,0.0,0.0,0.0,0.0,0.0,0.0,0.0,0.0,0.0,0.0,0.0,0.0,0.0,0.0,0.0,0.0,0.0,8.0,2.0,1.0
2775,23.245818399999994,0,8.2696,1.7719,1.4391,1.439,0.138,0.0026,0.0033,0.0002,0.0309,0.0395,0.0022,0.0008,0.0088,0.0001,0.002,0.0017,0.0001,0.0002,0.0088,0.0012,0.0005,0.0001,0.0017,0.0768,0.0122,0.0,0.0039,0.0,95.0,0.0,32.0,63.0,24.0,0.0,0.0,0.0,0.0,0.0,0.0,0.0,0.0,0.0,0.0,0.0,0.0,0.0,0.0,0.0,0.0,0.0,0.0,8.0,2.0,1.0
2776,23.254087999999992,0,8.2764,1.7438,1.4124,1.4574,0.1476,0.0045,0.0056,0.0003,0.0305,0.043,0.0027,0.0008,0.0109,0.0001,0.0021,0.0015,0.0,0.0001,0.0087,0.0013,0.0005,0.0,0.002,0.0826,0.0152,0.0,0.0045,0.0,95.0,0.0,32.0,63.0,24.0,0.0,0.0,0.0,0.0,0.0,0.0,0.0,0.0,0.0,0.0,0.0,0.0,0.0,0.0,0.0,0.0,0.0,0.0,8.0,2.0,1.0
2777,23.262364399999992,0,8.3737,1.7196,1.3819,1.5421,0.147,0.0031,0.0033,0.0002,0.0357,0.0445,0.0028,0.0008,0.0104,0.0002,0.0015,0.0023,0.0001,0.0001,0.0086,0.0013,0.0005,0.0001,0.0018,0.0853,0.0149,0.0,0.0036,0.0,95.0,0.0,32.0,63.0,24.0,0.0,0.0,0.0,0.0,0.0,0.0,0.0,0.0,0.0,0.0,0.0,0.0,0.0,0.0,0.0,0.0,0.0,0.0,8.0,2.0,1.0
2778,23.270738099999992,0,8.3474,1.7276,1.421,1.4999,0.133,0.0027,0.0037,0.0002,0.0345,0.0429,0.0023,0.0008,0.0091,0.0001,0.0015,0.0014,0.0,0.0001,0.0075,0.0011,0.0004,0.0,0.0019,0.0773,0.0118,0.0001,0.0044,0.0,95.0,0.0,32.0,63.0,24.0,0.0,0.0,0.0,0.0,0.0,0.0,0.0,0.0,0.0,0.0,0.0,0.0,0.0,0.0,0.0,0.0,0.0,0.0,8.0,2.0,1.0
2779,23.279085499999994,0,8.273,1.7937,1.4375,1.337,0.1485,0.0036,0.0038,0.0002,0.0292,0.0395,0.0023,0.0014,0.0111,0.0001,0.0015,0.0015,0.0002,0.0001,0.0082,0.0012,0.0005,0.0,0.002,0.0803,0.0168,0.0,0.0053,0.0,95.0,0.0,32.0,63.0,24.0,0.0,0.0,0.0,0.0,0.0,0.0,0.0,0.0,0.0,0.0,0.0,0.0,0.0,0.0,0.0,0.0,0.0,0.0,8.0,2.0,1.0
2780,23.287358499999993,0,8.3394,1.6735,1.4255,1.4236,0.1456,0.0036,0.0035,0.0001,0.0355,0.0449,0.0023,0.0008,0.0111,0.0005,0.0013,0.0015,0.0001,0.0001,0.0083,0.0013,0.0004,0.0001,0.0018,0.0848,0.0151,0.0,0.0041,0.0,95.0,0.0,32.0,63.0,24.0,0.0,0.0,0.0,0.0,0.0,0.0,0.0,0.0,0.0,0.0,0.0,0.0,0.0,0.0,0.0,0.0,0.0,0.0,8.0,2.0,1.0
2781,23.295697899999993,0,8.3183,1.7405,1.3298,1.3042,0.1289,0.0026,0.0035,0.0002,0.0247,0.0339,0.0019,0.0013,0.0086,0.0002,0.0015,0.0019,0.0001,0.0001,0.0078,0.0011,0.0008,0.0001,0.0016,0.0706,0.0126,0.0001,0.0042,0.0,95.0,0.0,32.0,63.0,24.0,0.0,0.0,0.0,0.0,0.0,0.0,0.0,0.0,0.0,0.0,0.0,0.0,0.0,0.0,0.0,0.0,0.0,0.0,8.0,2.0,1.0
2782,23.304016199999992,0,8.4074,1.7617,1.3969,1.3292,0.151,0.0042,0.004,0.0002,0.0331,0.0438,0.0023,0.0007,0.0091,0.0003,0.0015,0.0016,0.0001,0.0001,0.0085,0.0012,0.0005,0.0002,0.0019,0.082,0.015,0.0001,0.0049,0.0,95.0,0.0,32.0,63.0,24.0,0.0,0.0,0.0,0.0,0.0,0.0,0.0,0.0,0.0,0.0,0.0,0.0,0.0,0.0,0.0,0.0,0.0,0.0,8.0,2.0,1.0
2783,23.312423599999992,0,8.3129,1.6991,1.4734,1.5751,0.1478,0.0046,0.0044,0.0002,0.0271,0.0387,0.0022,0.0008,0.0102,0.0001,0.0016,0.0021,0.0001,0.0001,0.0087,0.0014,0.0005,0.0001,0.0026,0.0787,0.0147,0.0,0.0044,0.0,95.0,0.0,32.0,63.0,24.0,0.0,0.0,0.0,0.0,0.0,0.0,0.0,0.0,0.0,0.0,0.0,0.0,0.0,0.0,0.0,0.0,0.0,0.0,8.0,2.0,1.0
2784,23.32073649999999,0,8.316,1.7208,1.3872,1.6329,0.1449,0.0026,0.0038,0.0002,0.0375,0.0463,0.0025,0.0007,0.0097,0.0001,0.0015,0.0019,0.0,0.0001,0.0081,0.0012,0.0006,0.0001,0.0016,0.0822,0.0144,0.0,0.0042,0.0,95.0,0.0,32.0,63.0,24.0,0.0,0.0,0.0,0.0,0.0,0.0,0.0,0.0,0.0,0.0,0.0,0.0,0.0,0.0,0.0,0.0,0.0,0.0,8.0,2.0,1.0
2785,23.329052499999992,0,8.2961,1.7126,1.3506,1.3931,0.1382,0.0031,0.0037,0.0003,0.0273,0.0363,0.0024,0.0006,0.0108,0.0001,0.0019,0.0015,0.0001,0.0001,0.0089,0.0012,0.0004,0.0001,0.0019,0.0759,0.0141,0.0001,0.0041,0.0,95.0,0.0,32.0,63.0,24.0,0.0,0.0,0.0,0.0,0.0,0.0,0.0,0.0,0.0,0.0,0.0,0.0,0.0,0.0,0.0,0.0,0.0,0.0,8.0,2.0,1.0
2786,23.33734859999999,0,8.3771,1.7271,1.3961,1.5277,0.154,0.0031,0.0033,0.0001,0.0365,0.0452,0.0024,0.0008,0.0121,0.0001,0.0015,0.002,0.0001,0.0001,0.0088,0.0018,0.0005,0.0,0.0021,0.0886,0.0158,0.0,0.0045,0.0,95.0,0.0,32.0,63.0,24.0,0.0,0.0,0.0,0.0,0.0,0.0,0.0,0.0,0.0,0.0,0.0,0.0,0.0,0.0,0.0,0.0,0.0,0.0,8.0,2.0,1.0
2787,23.345725699999992,0,8.3369,1.6901,1.4012,1.4021,0.1535,0.0044,0.0057,0.0002,0.0307,0.0433,0.0023,0.0012,0.0112,0.0002,0.002,0.0018,0.0005,0.0001,0.0085,0.0014,0.0004,0.0001,0.0018,0.0847,0.0167,0.0,0.0035,0.0,95.0,0.0,32.0,63.0,24.0,0.0,0.0,0.0,0.0,0.0,0.0,0.0,0.0,0.0,0.0,0.0,0.0,0.0,0.0,0.0,0.0,0.0,0.0,8.0,2.0,1.0
2788,23.354062599999992,0,8.3826,1.6777,1.464,1.429,0.1665,0.0045,0.0042,0.0002,0.0422,0.054,0.0023,0.0015,0.0112,0.0001,0.0019,0.0014,0.0001,0.0005,0.0089,0.0013,0.0011,0.0001,0.0019,0.0961,0.0156,0.0001,0.0035,0.0,95.0,0.0,32.0,63.0,24.0,0.0,0.0,0.0,0.0,0.0,0.0,0.0,0.0,0.0,0.0,0.0,0.0,0.0,0.0,0.0,0.0,0.0,0.0,8.0,2.0,1.0
2789,23.362445199999993,0,8.3099,1.5939,1.4458,1.3977,0.1285,0.0027,0.0037,0.0002,0.0244,0.033,0.0019,0.0008,0.0084,0.0002,0.0015,0.0017,0.0001,0.0001,0.0079,0.0012,0.0008,0.0,0.0016,0.0691,0.0151,0.0001,0.004,0.0,95.0,0.0,32.0,63.0,24.0,0.0,0.0,0.0,0.0,0.0,0.0,0.0,0.0,0.0,0.0,0.0,0.0,0.0,0.0,0.0,0.0,0.0,0.0,8.0,2.0,1.0
2790,23.370755099999993,0,8.4067,1.6794,1.5021,1.4824,0.1594,0.0032,0.0039,0.0002,0.0382,0.0483,0.0024,0.001,0.0098,0.0001,0.002,0.0016,0.0001,0.0001,0.0089,0.0015,0.0004,0.0,0.002,0.0895,0.0161,0.0,0.0047,0.0,95.0,0.0,32.0,63.0,24.0,0.0,0.0,0.0,0.0,0.0,0.0,0.0,0.0,0.0,0.0,0.0,0.0,0.0,0.0,0.0,0.0,0.0,0.0,8.0,2.0,1.0
2791,23.37916179999999,0,8.5014,1.6756,1.6153,1.7682,0.1634,0.004,0.0042,0.0003,0.0315,0.0424,0.0024,0.0011,0.0115,0.0005,0.0016,0.002,0.0001,0.0001,0.0092,0.0013,0.0005,0.0001,0.0019,0.085,0.0182,0.0001,0.0039,0.0,95.0,0.0,32.0,63.0,24.0,0.0,0.0,0.0,0.0,0.0,0.0,0.0,0.0,0.0,0.0,0.0,0.0,0.0,0.0,0.0,0.0,0.0,0.0,8.0,2.0,1.0
2792,23.38766319999999,0,8.2549,1.7915,1.5251,1.4444,0.1637,0.0036,0.0033,0.0002,0.0471,0.0566,0.0023,0.0007,0.0102,0.0006,0.0015,0.0016,0.0001,0.0002,0.0091,0.0017,0.0005,0.0001,0.0016,0.0958,0.0176,0.0001,0.0029,0.0,95.0,0.0,32.0,63.0,24.0,0.0,0.0,0.0,0.0,0.0,0.0,0.0,0.0,0.0,0.0,0.0,0.0,0.0,0.0,0.0,0.0,0.0,0.0,8.0,2.0,1.0
2793,23.395918099999992,0,8.2642,1.6768,1.6321,1.4361,0.1616,0.0035,0.0034,0.0003,0.0339,0.0434,0.0025,0.001,0.0134,0.0002,0.0022,0.0019,0.0001,0.0005,0.009,0.0018,0.0005,0.0001,0.0019,0.0901,0.0181,0.0001,0.0049,0.0,95.0,0.0,32.0,63.0,24.0,0.0,0.0,0.0,0.0,0.0,0.0,0.0,0.0,0.0,0.0,0.0,0.0,0.0,0.0,0.0,0.0,0.0,0.0,8.0,2.0,1.0
2794,23.40418229999999,0,8.3949,2.0267,1.6757,1.4711,0.1701,0.0041,0.0042,0.0003,0.0409,0.0528,0.0023,0.0011,0.0112,0.0001,0.0017,0.0019,0.0001,0.0001,0.0094,0.0012,0.0005,0.0001,0.0022,0.0954,0.0176,0.0,0.0043,0.0,95.0,0.0,32.0,63.0,24.0,0.0,0.0,0.0,0.0,0.0,0.0,0.0,0.0,0.0,0.0,0.0,0.0,0.0,0.0,0.0,0.0,0.0,0.0,8.0,2.0,1.0
2795,23.41257719999999,0,8.2402,1.7114,1.4277,1.5347,0.1295,0.0026,0.0052,0.0002,0.023,0.0332,0.002,0.0009,0.0105,0.0002,0.0017,0.0014,0.0,0.0001,0.0079,0.0012,0.0004,0.0001,0.0018,0.0703,0.0116,0.0,0.0045,0.0,95.0,0.0,32.0,63.0,24.0,0.0,0.0,0.0,0.0,0.0,0.0,0.0,0.0,0.0,0.0,0.0,0.0,0.0,0.0,0.0,0.0,0.0,0.0,8.0,2.0,1.0
2796,23.42081739999999,0,8.2267,1.7668,1.4501,1.393,0.1493,0.0041,0.0052,0.0002,0.0333,0.0458,0.0023,0.0008,0.0107,0.0002,0.0016,0.0017,0.0004,0.0001,0.0084,0.0013,0.001,0.0,0.002,0.0861,0.0128,0.0001,0.0041,0.0,95.0,0.0,32.0,63.0,24.0,0.0,0.0,0.0,0.0,0.0,0.0,0.0,0.0,0.0,0.0,0.0,0.0,0.0,0.0,0.0,0.0,0.0,0.0,8.0,2.0,1.0
2797,23.42904409999999,0,8.4103,1.7699,1.4716,1.3294,0.1486,0.0046,0.0037,0.0003,0.0279,0.039,0.0022,0.0008,0.0113,0.0001,0.0015,0.0016,0.0,0.0001,0.0083,0.0014,0.0011,0.0001,0.002,0.0802,0.0162,0.0,0.0036,0.0,95.0,0.0,32.0,63.0,24.0,0.0,0.0,0.0,0.0,0.0,0.0,0.0,0.0,0.0,0.0,0.0,0.0,0.0,0.0,0.0,0.0,0.0,0.0,8.0,2.0,1.0
2798,23.437454399999993,0,8.3421,1.7137,1.4061,1.5199,0.1368,0.004,0.0045,0.0002,0.0311,0.0427,0.0019,0.0007,0.009,0.0007,0.0014,0.0013,0.0,0.0001,0.0084,0.0011,0.0005,0.0001,0.0017,0.0791,0.011,0.0,0.0045,0.0,95.0,0.0,32.0,63.0,24.0,0.0,0.0,0.0,0.0,0.0,0.0,0.0,0.0,0.0,0.0,0.0,0.0,0.0,0.0,0.0,0.0,0.0,0.0,8.0,2.0,1.0
2799,23.445796499999993,0,8.3408,1.7528,1.4964,1.4528,0.1541,0.0034,0.004,0.0002,0.03,0.04,0.0026,0.0011,0.0135,0.0001,0.0016,0.0021,0.0001,0.0001,0.01,0.0013,0.001,0.0001,0.0021,0.0863,0.016,0.0001,0.0034,0.0,95.0,0.0,32.0,63.0,24.0,0.0,0.0,0.0,0.0,0.0,0.0,0.0,0.0,0.0,0.0,0.0,0.0,0.0,0.0,0.0,0.0,0.0,0.0,8.0,2.0,1.0
2800,23.454137299999992,0,8.2673,1.6814,1.4638,1.4351,0.1571,0.0039,0.0036,0.0002,0.0384,0.0487,0.0024,0.0013,0.011,0.0002,0.0019,0.0016,0.0001,0.0002,0.0089,0.0013,0.0009,0.0,0.0019,0.0897,0.0138,0.0,0.0036,0.0,95.0,0.0,32.0,63.0,24.0,0.0,0.0,0.0,0.0,0.0,0.0,0.0,0.0,0.0,0.0,0.0,0.0,0.0,0.0,0.0,0.0,0.0,0.0,8.0,2.0,1.0
2801,23.462404599999992,0,8.3137,1.6558,1.4149,1.4551,0.143,0.004,0.0038,0.0002,0.0291,0.0396,0.0021,0.001,0.011,0.0003,0.0015,0.0017,0.0001,0.0001,0.009,0.0014,0.0005,0.0,0.0018,0.0808,0.0154,0.0,0.0031,0.0,95.0,0.0,32.0,63.0,24.0,0.0,0.0,0.0,0.0,0.0,0.0,0.0,0.0,0.0,0.0,0.0,0.0,0.0,0.0,0.0,0.0,0.0,0.0,8.0,2.0,1.0
2802,23.47071829999999,0,8.4116,1.7685,1.3879,1.4212,0.1455,0.0025,0.0034,0.0002,0.0368,0.0448,0.002,0.001,0.0109,0.0001,0.0016,0.0017,0.0001,0.0002,0.0086,0.0017,0.0005,0.0001,0.0019,0.0853,0.0155,0.0,0.0036,0.0,95.0,0.0,32.0,63.0,24.0,0.0,0.0,0.0,0.0,0.0,0.0,0.0,0.0,0.0,0.0,0.0,0.0,0.0,0.0,0.0,0.0,0.0,0.0,8.0,2.0,1.0
2803,23.47912989999999,0,8.3345,1.627,1.4287,1.394,0.1481,0.0048,0.0041,0.0003,0.0278,0.04,0.0028,0.0014,0.0113,0.0002,0.0021,0.0016,0.0005,0.0002,0.0092,0.0014,0.0005,0.0,0.0019,0.0831,0.0141,0.0,0.0037,0.0,95.0,0.0,32.0,63.0,24.0,0.0,0.0,0.0,0.0,0.0,0.0,0.0,0.0,0.0,0.0,0.0,0.0,0.0,0.0,0.0,0.0,0.0,0.0,8.0,2.0,1.0
2804,23.48746439999999,0,8.3137,1.7852,1.4248,1.3346,0.1477,0.0028,0.0037,0.0005,0.0359,0.0454,0.0025,0.0008,0.0114,0.0001,0.0016,0.0014,0.0,0.0001,0.009,0.0013,0.0005,0.0001,0.0021,0.0854,0.0143,0.0,0.0037,0.0,95.0,0.0,32.0,63.0,24.0,0.0,0.0,0.0,0.0,0.0,0.0,0.0,0.0,0.0,0.0,0.0,0.0,0.0,0.0,0.0,0.0,0.0,0.0,8.0,2.0,1.0
2805,23.49577809999999,0,8.4392,1.7387,1.5327,1.5241,0.1495,0.0041,0.0036,0.0002,0.0271,0.0375,0.0021,0.0015,0.0111,0.0002,0.0016,0.0018,0.0005,0.0001,0.0091,0.0012,0.0006,0.0001,0.0016,0.0785,0.0159,0.0001,0.0037,0.0,95.0,0.0,32.0,63.0,24.0,0.0,0.0,0.0,0.0,0.0,0.0,0.0,0.0,0.0,0.0,0.0,0.0,0.0,0.0,0.0,0.0,0.0,0.0,8.0,2.0,1.0
2806,23.50421729999999,0,8.4086,1.6832,1.5821,1.4423,0.1676,0.004,0.0042,0.0002,0.0443,0.0556,0.0024,0.0011,0.0105,0.0002,0.0021,0.0022,0.0001,0.0001,0.0101,0.0012,0.0006,0.0,0.0026,0.1001,0.0147,0.0,0.0052,0.0,95.0,0.0,32.0,63.0,24.0,0.0,0.0,0.0,0.0,0.0,0.0,0.0,0.0,0.0,0.0,0.0,0.0,0.0,0.0,0.0,0.0,0.0,0.0,8.0,2.0,1.0
2807,23.51262589999999,0,8.2447,1.8326,1.5643,1.4,0.1398,0.004,0.0036,0.0005,0.0262,0.0368,0.002,0.0009,0.0096,0.0001,0.0021,0.0017,0.0001,0.0001,0.0085,0.0012,0.0004,0.0001,0.0017,0.0753,0.0138,0.0,0.0051,0.0,95.0,0.0,32.0,63.0,24.0,0.0,0.0,0.0,0.0,0.0,0.0,0.0,0.0,0.0,0.0,0.0,0.0,0.0,0.0,0.0,0.0,0.0,0.0,8.0,2.0,1.0
2808,23.520870599999988,0,8.3691,1.6801,1.4838,1.4234,0.1651,0.0048,0.004,0.0003,0.0357,0.048,0.0032,0.0016,0.0127,0.0001,0.0014,0.002,0.0001,0.0001,0.009,0.0016,0.0005,0.0001,0.0025,0.0924,0.0162,0.0,0.0041,0.0,95.0,0.0,32.0,63.0,24.0,0.0,0.0,0.0,0.0,0.0,0.0,0.0,0.0,0.0,0.0,0.0,0.0,0.0,0.0,0.0,0.0,0.0,0.0,8.0,2.0,1.0
2809,23.529239699999987,0,8.2259,1.7417,1.4987,1.3533,0.1425,0.0033,0.0044,0.0001,0.0274,0.0375,0.0021,0.0008,0.0098,0.0002,0.0017,0.0021,0.0002,0.0001,0.0079,0.0013,0.0008,0.0001,0.002,0.0763,0.0151,0.0,0.0029,0.0,95.0,0.0,32.0,63.0,24.0,0.0,0.0,0.0,0.0,0.0,0.0,0.0,0.0,0.0,0.0,0.0,0.0,0.0,0.0,0.0,0.0,0.0,0.0,8.0,2.0,1.0
2810,23.537465599999987,0,8.2933,1.7205,1.4475,1.4803,0.1385,0.004,0.0055,0.0002,0.0223,0.0341,0.0023,0.0011,0.0103,0.0001,0.0015,0.0022,0.0,0.0001,0.0085,0.0018,0.0005,0.0001,0.0018,0.0735,0.014,0.0001,0.0039,0.0,95.0,0.0,32.0,63.0,24.0,0.0,0.0,0.0,0.0,0.0,0.0,0.0,0.0,0.0,0.0,0.0,0.0,0.0,0.0,0.0,0.0,0.0,0.0,8.0,2.0,1.0
2811,23.545758899999985,0,8.4138,1.7365,1.4608,1.4656,0.1469,0.0026,0.0039,0.0003,0.0294,0.0384,0.0025,0.0009,0.0117,0.0001,0.002,0.0017,0.0001,0.0001,0.0088,0.0012,0.0005,0.0006,0.0019,0.0808,0.0156,0.0,0.0042,0.0,95.0,0.0,32.0,63.0,24.0,0.0,0.0,0.0,0.0,0.0,0.0,0.0,0.0,0.0,0.0,0.0,0.0,0.0,0.0,0.0,0.0,0.0,0.0,8.0,2.0,1.0
2812,23.554172699999985,0,8.3024,1.621,1.4834,1.351,0.1605,0.0046,0.0041,0.0002,0.0386,0.0501,0.0022,0.001,0.0104,0.0002,0.0015,0.0017,0.0001,0.0001,0.009,0.0019,0.0004,0.0001,0.0026,0.092,0.0145,0.0001,0.0041,0.0,95.0,0.0,32.0,63.0,24.0,0.0,0.0,0.0,0.0,0.0,0.0,0.0,0.0,0.0,0.0,0.0,0.0,0.0,0.0,0.0,0.0,0.0,0.0,8.0,2.0,1.0
2813,23.562475099999986,0,8.2226,1.6001,1.3832,1.2731,0.1424,0.0023,0.0033,0.0002,0.0293,0.0374,0.0029,0.0009,0.0128,0.0002,0.0017,0.002,0.0001,0.0001,0.0089,0.0012,0.0004,0.0001,0.0017,0.0799,0.0158,0.0001,0.0048,0.0,95.0,0.0,32.0,63.0,24.0,0.0,0.0,0.0,0.0,0.0,0.0,0.0,0.0,0.0,0.0,0.0,0.0,0.0,0.0,0.0,0.0,0.0,0.0,8.0,2.0,1.0
2814,23.570697699999986,0,8.4314,1.6902,1.3927,1.3103,0.1445,0.0038,0.0055,0.0002,0.0242,0.0367,0.002,0.0009,0.0107,0.0001,0.002,0.0016,0.0001,0.0001,0.0082,0.0013,0.0004,0.0001,0.0019,0.0769,0.0137,0.0,0.0045,0.0,95.0,0.0,32.0,63.0,24.0,0.0,0.0,0.0,0.0,0.0,0.0,0.0,0.0,0.0,0.0,0.0,0.0,0.0,0.0,0.0,0.0,0.0,0.0,8.0,2.0,1.0
2815,23.579129099999985,0,8.3026,1.8463,1.4434,1.4208,0.1478,0.0029,0.0034,0.0002,0.03,0.0386,0.0024,0.0008,0.0122,0.0001,0.002,0.0017,0.0001,0.0001,0.009,0.0013,0.0006,0.0001,0.0019,0.082,0.0162,0.0,0.0027,0.0,95.0,0.0,32.0,63.0,24.0,0.0,0.0,0.0,0.0,0.0,0.0,0.0,0.0,0.0,0.0,0.0,0.0,0.0,0.0,0.0,0.0,0.0,0.0,8.0,2.0,1.0
2816,23.587431699999986,0,8.3753,1.7665,1.4413,1.3388,0.1396,0.004,0.0057,0.0006,0.0237,0.0363,0.0019,0.0014,0.0108,0.0002,0.0019,0.0016,0.0,0.0001,0.0087,0.0012,0.0005,0.0002,0.0019,0.0762,0.0137,0.0,0.0039,0.0,95.0,0.0,32.0,63.0,24.0,0.0,0.0,0.0,0.0,0.0,0.0,0.0,0.0,0.0,0.0,0.0,0.0,0.0,0.0,0.0,0.0,0.0,0.0,8.0,2.0,1.0
2817,23.595806999999986,0,8.2935,1.7807,1.4649,1.2525,0.1899,0.0053,0.0087,0.0003,0.0325,0.0499,0.0025,0.0013,0.0137,0.0002,0.002,0.0024,0.0001,0.0002,0.0093,0.0012,0.0011,0.0001,0.0018,0.0967,0.0187,0.0001,0.0026,0.0,95.0,0.0,32.0,63.0,24.0,0.0,0.0,0.0,0.0,0.0,0.0,0.0,0.0,0.0,0.0,0.0,0.0,0.0,0.0,0.0,0.0,0.0,0.0,8.0,2.0,1.0
2818,23.604100499999987,0,8.3784,1.7841,1.42,1.4339,0.155,0.003,0.0039,0.0002,0.0358,0.0459,0.0022,0.0009,0.0104,0.0002,0.0021,0.0017,0.0002,0.0001,0.009,0.0012,0.001,0.0002,0.0019,0.0873,0.0151,0.0,0.0038,0.0,95.0,0.0,32.0,63.0,24.0,0.0,0.0,0.0,0.0,0.0,0.0,0.0,0.0,0.0,0.0,0.0,0.0,0.0,0.0,0.0,0.0,0.0,0.0,8.0,2.0,1.0
2819,23.61247889999999,0,8.3759,1.8156,1.5371,1.5127,0.1407,0.004,0.0051,0.0003,0.0234,0.0353,0.0024,0.001,0.011,0.0001,0.002,0.0015,0.0001,0.0006,0.0084,0.0011,0.0005,0.0001,0.0019,0.0743,0.0145,0.0,0.0039,0.0,95.0,0.0,32.0,63.0,24.0,0.0,0.0,0.0,0.0,0.0,0.0,0.0,0.0,0.0,0.0,0.0,0.0,0.0,0.0,0.0,0.0,0.0,0.0,8.0,2.0,1.0
2820,23.62085479999999,0,8.3813,1.6914,1.4972,1.4612,0.1464,0.0042,0.0041,0.0003,0.0333,0.0446,0.0025,0.0008,0.011,0.0002,0.0015,0.0015,0.0,0.0001,0.0088,0.0011,0.0005,0.0001,0.0016,0.0823,0.0124,0.0,0.0042,0.0,95.0,0.0,32.0,63.0,24.0,0.0,0.0,0.0,0.0,0.0,0.0,0.0,0.0,0.0,0.0,0.0,0.0,0.0,0.0,0.0,0.0,0.0,0.0,8.0,2.0,1.0
2821,23.62923609999999,0,8.2816,1.614,1.5023,1.4151,0.1757,0.003,0.0036,0.0003,0.0278,0.0368,0.0022,0.0008,0.0109,0.0001,0.0015,0.0018,0.0001,0.0001,0.0088,0.0011,0.0005,0.0,0.0017,0.0759,0.0517,0.0,0.0038,0.0,95.0,0.0,32.0,63.0,24.0,0.0,0.0,0.0,0.0,0.0,0.0,0.0,0.0,0.0,0.0,0.0,0.0,0.0,0.0,0.0,0.0,0.0,0.0,8.0,2.0,1.0
2822,23.63751769999999,0,8.2966,1.6843,1.408,1.4477,0.1399,0.0038,0.0052,0.0002,0.0312,0.0427,0.002,0.0007,0.0095,0.0001,0.0014,0.002,0.0,0.0001,0.0081,0.0011,0.0004,0.0,0.0017,0.0797,0.0124,0.0,0.0042,0.0,95.0,0.0,32.0,63.0,24.0,0.0,0.0,0.0,0.0,0.0,0.0,0.0,0.0,0.0,0.0,0.0,0.0,0.0,0.0,0.0,0.0,0.0,0.0,8.0,2.0,1.0
2823,23.64581429999999,0,8.4808,1.7616,1.5074,1.5352,0.1529,0.0034,0.0046,0.0003,0.0294,0.0404,0.0023,0.001,0.0105,0.0002,0.0017,0.0019,0.0002,0.0002,0.009,0.0013,0.0006,0.0002,0.0021,0.0815,0.0153,0.0,0.0033,0.0,95.0,0.0,32.0,63.0,24.0,0.0,0.0,0.0,0.0,0.0,0.0,0.0,0.0,0.0,0.0,0.0,0.0,0.0,0.0,0.0,0.0,0.0,0.0,8.0,2.0,1.0
2824,23.65429509999999,0,8.2697,1.6703,1.5581,1.4387,0.1545,0.0041,0.0045,0.0002,0.0369,0.0485,0.0024,0.0008,0.0102,0.0001,0.0015,0.0021,0.0001,0.0001,0.0085,0.0018,0.0005,0.0001,0.0019,0.0886,0.0148,0.0,0.0047,0.0,95.0,0.0,32.0,63.0,24.0,0.0,0.0,0.0,0.0,0.0,0.0,0.0,0.0,0.0,0.0,0.0,0.0,0.0,0.0,0.0,0.0,0.0,0.0,8.0,2.0,1.0
2825,23.66256479999999,0,8.2353,1.5186,1.4177,1.2504,0.136,0.0027,0.004,0.0002,0.0266,0.0357,0.0021,0.0008,0.0105,0.0001,0.0016,0.002,0.0002,0.0001,0.0084,0.0012,0.0005,0.0001,0.0017,0.0742,0.0156,0.0,0.0041,0.0,95.0,0.0,32.0,63.0,24.0,0.0,0.0,0.0,0.0,0.0,0.0,0.0,0.0,0.0,0.0,0.0,0.0,0.0,0.0,0.0,0.0,0.0,0.0,8.0,2.0,1.0
2826,23.67080009999999,0,8.3831,1.7477,1.4472,1.3855,0.1597,0.0044,0.0041,0.0003,0.0382,0.0501,0.0023,0.0008,0.0128,0.0001,0.0017,0.0017,0.0001,0.0001,0.0084,0.0013,0.0005,0.0002,0.0019,0.0931,0.0145,0.0,0.0041,0.0,95.0,0.0,32.0,63.0,24.0,0.0,0.0,0.0,0.0,0.0,0.0,0.0,0.0,0.0,0.0,0.0,0.0,0.0,0.0,0.0,0.0,0.0,0.0,8.0,2.0,1.0
2827,23.67918319999999,0,8.3684,1.6842,1.4035,1.4391,0.1406,0.0046,0.0059,0.0002,0.0254,0.0386,0.0023,0.0008,0.0099,0.0002,0.0015,0.0021,0.0002,0.0001,0.0084,0.0021,0.0005,0.0001,0.0017,0.078,0.0118,0.0,0.0044,0.0,95.0,0.0,32.0,63.0,24.0,0.0,0.0,0.0,0.0,0.0,0.0,0.0,0.0,0.0,0.0,0.0,0.0,0.0,0.0,0.0,0.0,0.0,0.0,8.0,2.0,1.0
2828,23.68755159999999,0,8.294,1.6314,1.5354,1.3557,0.1523,0.0038,0.0041,0.0001,0.0382,0.0489,0.002,0.0008,0.011,0.0001,0.0021,0.0015,0.0001,0.0001,0.0091,0.0012,0.0004,0.0001,0.0016,0.0879,0.0163,0.0,0.0046,0.0,95.0,0.0,32.0,63.0,24.0,0.0,0.0,0.0,0.0,0.0,0.0,0.0,0.0,0.0,0.0,0.0,0.0,0.0,0.0,0.0,0.0,0.0,0.0,8.0,2.0,1.0
2829,23.695845599999988,0,8.3664,1.6349,1.4443,1.4856,0.1487,0.0044,0.0062,0.0003,0.0236,0.0367,0.0022,0.0008,0.0106,0.0002,0.002,0.0017,0.0005,0.0001,0.0086,0.0018,0.0004,0.0,0.0019,0.0783,0.0171,0.0,0.0038,0.0,95.0,0.0,32.0,63.0,24.0,0.0,0.0,0.0,0.0,0.0,0.0,0.0,0.0,0.0,0.0,0.0,0.0,0.0,0.0,0.0,0.0,0.0,0.0,8.0,2.0,1.0
2830,23.704211999999988,0,8.2769,1.8007,1.4042,1.3861,0.1502,0.0033,0.0038,0.0002,0.0368,0.0469,0.0024,0.0009,0.0112,0.0001,0.0015,0.0017,0.0001,0.0001,0.0082,0.0018,0.0005,0.0,0.0019,0.0881,0.0162,0.0,0.0042,0.0,95.0,0.0,32.0,63.0,24.0,0.0,0.0,0.0,0.0,0.0,0.0,0.0,0.0,0.0,0.0,0.0,0.0,0.0,0.0,0.0,0.0,0.0,0.0,8.0,2.0,1.0
2831,23.712488899999986,0,8.402,1.7479,1.4741,1.4468,0.1445,0.0029,0.004,0.0002,0.0303,0.0395,0.0023,0.0012,0.011,0.0002,0.0019,0.0017,0.0002,0.0002,0.009,0.0013,0.0009,0.0001,0.0018,0.0801,0.0138,0.0,0.0035,0.0,95.0,0.0,32.0,63.0,24.0,0.0,0.0,0.0,0.0,0.0,0.0,0.0,0.0,0.0,0.0,0.0,0.0,0.0,0.0,0.0,0.0,0.0,0.0,8.0,2.0,1.0
2832,23.720890899999986,0,8.27,1.7028,1.4662,1.3096,0.1588,0.0042,0.0062,0.0002,0.0338,0.047,0.0028,0.0009,0.0111,0.0001,0.0019,0.0017,0.0001,0.0001,0.0098,0.0013,0.0005,0.0002,0.002,0.0907,0.0158,0.0,0.0037,0.0,95.0,0.0,32.0,63.0,24.0,0.0,0.0,0.0,0.0,0.0,0.0,0.0,0.0,0.0,0.0,0.0,0.0,0.0,0.0,0.0,0.0,0.0,0.0,8.0,2.0,1.0
2833,23.729160899999986,0,8.3055,1.7583,1.3782,1.3209,0.1469,0.0031,0.0037,0.0008,0.0297,0.0394,0.0023,0.0009,0.0111,0.0002,0.0016,0.0022,0.0001,0.0001,0.0087,0.0018,0.0004,0.0,0.002,0.0806,0.0152,0.0,0.0038,0.0,95.0,0.0,32.0,63.0,24.0,0.0,0.0,0.0,0.0,0.0,0.0,0.0,0.0,0.0,0.0,0.0,0.0,0.0,0.0,0.0,0.0,0.0,0.0,8.0,2.0,1.0
2834,23.737466399999985,0,8.3585,1.6557,1.3997,1.3551,0.1364,0.0037,0.0048,0.0002,0.0304,0.0416,0.0019,0.0007,0.0089,0.0001,0.0015,0.002,0.0001,0.0001,0.008,0.0017,0.0005,0.0,0.0017,0.0784,0.0115,0.0,0.0043,0.0,95.0,0.0,32.0,63.0,24.0,0.0,0.0,0.0,0.0,0.0,0.0,0.0,0.0,0.0,0.0,0.0,0.0,0.0,0.0,0.0,0.0,0.0,0.0,8.0,2.0,1.0
2835,23.745824899999985,0,8.3035,1.6501,1.4292,1.6591,0.1535,0.0041,0.0041,0.0002,0.0294,0.0403,0.0024,0.0015,0.0129,0.0002,0.0016,0.0019,0.0001,0.0001,0.0083,0.0018,0.0005,0.0001,0.0021,0.0837,0.0171,0.0001,0.0037,0.0,95.0,0.0,32.0,63.0,24.0,0.0,0.0,0.0,0.0,0.0,0.0,0.0,0.0,0.0,0.0,0.0,0.0,0.0,0.0,0.0,0.0,0.0,0.0,8.0,2.0,1.0
2836,23.754128399999985,0,8.4233,1.7154,1.477,1.4362,0.1473,0.0026,0.0037,0.0002,0.0361,0.0447,0.0022,0.0013,0.0104,0.0001,0.0021,0.0014,0.0,0.0001,0.0088,0.001,0.0004,0.0001,0.0018,0.0824,0.0163,0.0,0.0048,0.0,95.0,0.0,32.0,63.0,24.0,0.0,0.0,0.0,0.0,0.0,0.0,0.0,0.0,0.0,0.0,0.0,0.0,0.0,0.0,0.0,0.0,0.0,0.0,8.0,2.0,1.0
2837,23.762551699999985,0,8.2806,1.7247,1.507,1.6352,0.1337,0.0038,0.0034,0.0001,0.0259,0.0357,0.0025,0.0007,0.0102,0.0001,0.0015,0.0018,0.0001,0.0002,0.0078,0.0016,0.0005,0.0001,0.0016,0.0736,0.0137,0.0,0.0037,0.0,95.0,0.0,32.0,63.0,24.0,0.0,0.0,0.0,0.0,0.0,0.0,0.0,0.0,0.0,0.0,0.0,0.0,0.0,0.0,0.0,0.0,0.0,0.0,8.0,2.0,1.0
2838,23.770832299999984,0,8.3194,1.7173,1.4052,1.4017,0.1507,0.0038,0.004,0.0001,0.0375,0.0482,0.0023,0.0008,0.0101,0.0001,0.0016,0.0019,0.0001,0.0001,0.0084,0.0018,0.0004,0.0001,0.0025,0.0883,0.0139,0.0,0.0048,0.0,95.0,0.0,32.0,63.0,24.0,0.0,0.0,0.0,0.0,0.0,0.0,0.0,0.0,0.0,0.0,0.0,0.0,0.0,0.0,0.0,0.0,0.0,0.0,8.0,2.0,1.0
2839,23.779151699999986,0,8.3532,1.8195,1.4442,1.615,0.1556,0.0032,0.0067,0.0002,0.0303,0.0429,0.0029,0.001,0.0133,0.0001,0.0016,0.0023,0.0001,0.0002,0.0088,0.0018,0.0005,0.0001,0.0019,0.0873,0.0146,0.0,0.0034,0.0,95.0,0.0,32.0,63.0,24.0,0.0,0.0,0.0,0.0,0.0,0.0,0.0,0.0,0.0,0.0,0.0,0.0,0.0,0.0,0.0,0.0,0.0,0.0,8.0,2.0,1.0
2840,23.787504899999984,0,8.331,1.7775,1.4545,1.5695,0.1514,0.0033,0.004,0.0002,0.036,0.0456,0.0024,0.0009,0.012,0.0002,0.0022,0.0015,0.0,0.0002,0.0088,0.0013,0.0005,0.0,0.002,0.0871,0.0152,0.0,0.0037,0.0,95.0,0.0,32.0,63.0,24.0,0.0,0.0,0.0,0.0,0.0,0.0,0.0,0.0,0.0,0.0,0.0,0.0,0.0,0.0,0.0,0.0,0.0,0.0,8.0,2.0,1.0
2841,23.795835899999982,0,8.3645,1.6637,1.363,1.4564,0.1434,0.0035,0.0044,0.0002,0.0265,0.0368,0.0023,0.0008,0.01,0.0001,0.0016,0.0021,0.0001,0.0002,0.0087,0.0013,0.0005,0.0001,0.002,0.0769,0.0138,0.0001,0.0036,0.0,95.0,0.0,32.0,63.0,24.0,0.0,0.0,0.0,0.0,0.0,0.0,0.0,0.0,0.0,0.0,0.0,0.0,0.0,0.0,0.0,0.0,0.0,0.0,8.0,2.0,1.0
2842,23.80420039999998,0,8.3502,1.731,1.4852,1.4816,0.1537,0.004,0.0033,0.0002,0.034,0.0441,0.0025,0.0011,0.0119,0.0005,0.0017,0.002,0.0001,0.0002,0.0083,0.0012,0.0006,0.0,0.002,0.0865,0.016,0.0001,0.0038,0.0,95.0,0.0,32.0,63.0,24.0,0.0,0.0,0.0,0.0,0.0,0.0,0.0,0.0,0.0,0.0,0.0,0.0,0.0,0.0,0.0,0.0,0.0,0.0,8.0,2.0,1.0
2843,23.81255059999998,0,8.3724,1.701,1.4382,1.4624,0.1292,0.0025,0.0032,0.0002,0.0269,0.0348,0.002,0.0007,0.0079,0.0001,0.0018,0.0016,0.0006,0.0001,0.0084,0.0012,0.0004,0.0001,0.0019,0.0695,0.0114,0.0,0.0037,0.0,95.0,0.0,32.0,63.0,24.0,0.0,0.0,0.0,0.0,0.0,0.0,0.0,0.0,0.0,0.0,0.0,0.0,0.0,0.0,0.0,0.0,0.0,0.0,8.0,2.0,1.0
2844,23.82092299999998,0,8.3519,1.6703,1.5021,1.3329,0.1469,0.0036,0.0039,0.0002,0.0353,0.0452,0.0019,0.0012,0.0115,0.0003,0.0013,0.0014,0.0001,0.0001,0.0082,0.0012,0.0004,0.0001,0.0018,0.0841,0.013,0.0,0.0051,0.0,95.0,0.0,32.0,63.0,24.0,0.0,0.0,0.0,0.0,0.0,0.0,0.0,0.0,0.0,0.0,0.0,0.0,0.0,0.0,0.0,0.0,0.0,0.0,8.0,2.0,1.0
2845,23.82927489999998,0,8.1905,1.7385,1.3886,1.513,0.1432,0.0029,0.0038,0.0002,0.0297,0.0386,0.0027,0.0009,0.0114,0.0002,0.0015,0.0015,0.0001,0.0001,0.0081,0.0013,0.0005,0.0,0.002,0.0793,0.014,0.0,0.0037,0.0,95.0,0.0,32.0,63.0,24.0,0.0,0.0,0.0,0.0,0.0,0.0,0.0,0.0,0.0,0.0,0.0,0.0,0.0,0.0,0.0,0.0,0.0,0.0,8.0,2.0,1.0
2846,23.83746539999998,0,8.4443,1.717,1.4158,1.5178,0.1515,0.0026,0.0036,0.0002,0.0374,0.0458,0.002,0.0009,0.0121,0.0001,0.0015,0.002,0.0001,0.0001,0.0088,0.0014,0.0005,0.0,0.0018,0.0873,0.0157,0.0,0.0032,0.0,95.0,0.0,32.0,63.0,24.0,0.0,0.0,0.0,0.0,0.0,0.0,0.0,0.0,0.0,0.0,0.0,0.0,0.0,0.0,0.0,0.0,0.0,0.0,8.0,2.0,1.0
2847,23.845909699999982,0,8.3426,2.117,1.4567,1.636,0.1774,0.0036,0.0036,0.0002,0.0303,0.0398,0.0023,0.001,0.0121,0.0002,0.0015,0.0018,0.0001,0.0001,0.0095,0.0013,0.0004,0.0001,0.0019,0.0826,0.0422,0.0001,0.0035,0.0,95.0,0.0,32.0,63.0,24.0,0.0,0.0,0.0,0.0,0.0,0.0,0.0,0.0,0.0,0.0,0.0,0.0,0.0,0.0,0.0,0.0,0.0,0.0,8.0,2.0,1.0
2848,23.85425229999998,0,8.2957,1.6871,1.436,1.3931,0.1299,0.0042,0.0058,0.0002,0.0193,0.0316,0.0016,0.0008,0.0086,0.0001,0.0014,0.0015,0.0001,0.0002,0.0081,0.0013,0.0005,0.0,0.0016,0.0679,0.0134,0.0,0.0042,0.0,95.0,0.0,32.0,63.0,24.0,0.0,0.0,0.0,0.0,0.0,0.0,0.0,0.0,0.0,0.0,0.0,0.0,0.0,0.0,0.0,0.0,0.0,0.0,8.0,2.0,1.0
2849,23.862547999999983,0,8.3793,1.7406,1.4743,1.3595,0.1473,0.0043,0.0044,0.0007,0.028,0.0398,0.0026,0.0007,0.0108,0.0001,0.0019,0.0016,0.0001,0.0001,0.0095,0.0013,0.0004,0.0004,0.0019,0.0814,0.0151,0.0,0.004,0.0,95.0,0.0,32.0,63.0,24.0,0.0,0.0,0.0,0.0,0.0,0.0,0.0,0.0,0.0,0.0,0.0,0.0,0.0,0.0,0.0,0.0,0.0,0.0,8.0,2.0,1.0
2850,23.870927299999984,0,8.2531,1.5905,1.4116,1.4795,0.1506,0.0031,0.0035,0.0002,0.0355,0.0453,0.0022,0.0007,0.0101,0.0002,0.0016,0.0021,0.0,0.0001,0.0083,0.0017,0.0005,0.0001,0.002,0.085,0.0145,0.0,0.0034,0.0,95.0,0.0,32.0,63.0,24.0,0.0,0.0,0.0,0.0,0.0,0.0,0.0,0.0,0.0,0.0,0.0,0.0,0.0,0.0,0.0,0.0,0.0,0.0,8.0,2.0,1.0
2851,23.879180399999985,0,8.3907,1.6985,1.4421,1.3656,0.1402,0.004,0.0049,0.0001,0.0234,0.035,0.0021,0.0012,0.0102,0.0002,0.0019,0.0015,0.0001,0.0007,0.0083,0.0012,0.0005,0.0001,0.0018,0.0727,0.0144,0.0,0.0035,0.0,95.0,0.0,32.0,63.0,24.0,0.0,0.0,0.0,0.0,0.0,0.0,0.0,0.0,0.0,0.0,0.0,0.0,0.0,0.0,0.0,0.0,0.0,0.0,8.0,2.0,1.0
2852,23.887571099999985,0,8.3207,1.8743,1.434,1.5614,0.1545,0.0042,0.0045,0.0001,0.0355,0.0474,0.0026,0.0009,0.0125,0.0001,0.002,0.0015,0.0001,0.0001,0.0083,0.0012,0.0005,0.0001,0.002,0.0904,0.0138,0.0,0.0044,0.0,95.0,0.0,32.0,63.0,24.0,0.0,0.0,0.0,0.0,0.0,0.0,0.0,0.0,0.0,0.0,0.0,0.0,0.0,0.0,0.0,0.0,0.0,0.0,8.0,2.0,1.0
2853,23.895891799999983,0,8.4047,1.6786,1.5024,1.3169,0.1549,0.0043,0.0048,0.0002,0.0334,0.0452,0.0023,0.0009,0.0105,0.0002,0.0015,0.0018,0.0001,0.0001,0.0088,0.0017,0.0005,0.0001,0.0019,0.086,0.0167,0.0,0.0048,0.0,95.0,0.0,32.0,63.0,24.0,0.0,0.0,0.0,0.0,0.0,0.0,0.0,0.0,0.0,0.0,0.0,0.0,0.0,0.0,0.0,0.0,0.0,0.0,8.0,2.0,1.0
2854,23.904296499999983,0,8.2374,1.5943,1.4322,1.4805,0.1553,0.0032,0.0032,0.0002,0.0381,0.0472,0.0024,0.001,0.012,0.0006,0.0017,0.0021,0.0001,0.0002,0.0092,0.0013,0.0005,0.0001,0.0019,0.0907,0.0149,0.0,0.0035,0.0,95.0,0.0,32.0,63.0,24.0,0.0,0.0,0.0,0.0,0.0,0.0,0.0,0.0,0.0,0.0,0.0,0.0,0.0,0.0,0.0,0.0,0.0,0.0,8.0,2.0,1.0
2855,23.912533899999982,0,8.3781,1.7755,1.438,1.4791,0.1557,0.0055,0.0041,0.0002,0.0283,0.0405,0.0025,0.0009,0.0107,0.0006,0.0016,0.0021,0.0002,0.0001,0.0088,0.0013,0.0005,0.0001,0.0026,0.0821,0.0157,0.0,0.0045,0.0,95.0,0.0,32.0,63.0,24.0,0.0,0.0,0.0,0.0,0.0,0.0,0.0,0.0,0.0,0.0,0.0,0.0,0.0,0.0,0.0,0.0,0.0,0.0,8.0,2.0,1.0
2856,23.920911999999984,0,8.3284,1.7006,1.4628,1.5845,0.1507,0.0028,0.0039,0.0003,0.036,0.0455,0.0023,0.0007,0.0104,0.0002,0.0015,0.002,0.0001,0.0001,0.0084,0.0016,0.0004,0.0,0.002,0.0854,0.0147,0.0,0.0047,0.0,95.0,0.0,32.0,63.0,24.0,0.0,0.0,0.0,0.0,0.0,0.0,0.0,0.0,0.0,0.0,0.0,0.0,0.0,0.0,0.0,0.0,0.0,0.0,8.0,2.0,1.0
2857,23.929240399999983,0,8.2651,1.598,1.4005,1.4062,0.1453,0.0027,0.004,0.0001,0.0295,0.0386,0.0021,0.0008,0.0101,0.0001,0.0016,0.0021,0.0001,0.0002,0.0093,0.0013,0.0005,0.0001,0.002,0.079,0.0134,0.0,0.0034,0.0,95.0,0.0,32.0,63.0,24.0,0.0,0.0,0.0,0.0,0.0,0.0,0.0,0.0,0.0,0.0,0.0,0.0,0.0,0.0,0.0,0.0,0.0,0.0,8.0,2.0,1.0
2858,23.937505499999983,0,8.4061,1.6945,1.416,1.5551,0.1444,0.0038,0.0031,0.0002,0.0334,0.0429,0.002,0.0009,0.0111,0.0001,0.0014,0.0017,0.0,0.0001,0.008,0.0011,0.0006,0.0001,0.0017,0.0806,0.016,0.0,0.0045,0.0,95.0,0.0,32.0,63.0,24.0,0.0,0.0,0.0,0.0,0.0,0.0,0.0,0.0,0.0,0.0,0.0,0.0,0.0,0.0,0.0,0.0,0.0,0.0,8.0,2.0,1.0
2859,23.94591159999998,0,8.3193,1.7121,1.4659,1.7053,0.1507,0.0043,0.0045,0.0003,0.0265,0.0379,0.0022,0.0009,0.0112,0.0001,0.0021,0.0016,0.0002,0.0001,0.0092,0.0013,0.0004,0.0001,0.0022,0.0795,0.0166,0.0,0.0044,0.0,95.0,0.0,32.0,63.0,24.0,0.0,0.0,0.0,0.0,0.0,0.0,0.0,0.0,0.0,0.0,0.0,0.0,0.0,0.0,0.0,0.0,0.0,0.0,8.0,2.0,1.0
2860,23.95423089999998,0,8.3921,1.6535,1.5217,1.3256,0.1584,0.0042,0.0044,0.0002,0.04,0.0516,0.0023,0.0009,0.0104,0.0005,0.0016,0.0019,0.0001,0.0001,0.0088,0.0018,0.0004,0.0001,0.0017,0.0916,0.0153,0.0,0.0052,0.0,95.0,0.0,32.0,63.0,24.0,0.0,0.0,0.0,0.0,0.0,0.0,0.0,0.0,0.0,0.0,0.0,0.0,0.0,0.0,0.0,0.0,0.0,0.0,8.0,2.0,1.0
2861,23.96262299999998,0,8.4319,1.6528,1.56,1.4552,0.1484,0.0029,0.0037,0.0002,0.0314,0.0404,0.0022,0.0009,0.0113,0.0002,0.0019,0.0017,0.0001,0.0001,0.0087,0.0012,0.001,0.0,0.0018,0.0832,0.0164,0.0001,0.004,0.0,95.0,0.0,32.0,63.0,24.0,0.0,0.0,0.0,0.0,0.0,0.0,0.0,0.0,0.0,0.0,0.0,0.0,0.0,0.0,0.0,0.0,0.0,0.0,8.0,2.0,1.0
2862,23.97105489999998,0,8.2667,2.0293,1.5169,1.5339,0.1622,0.0043,0.0048,0.0003,0.0393,0.0513,0.0024,0.0009,0.0119,0.0001,0.0017,0.0019,0.0,0.0001,0.0086,0.0012,0.0005,0.0001,0.002,0.0939,0.0146,0.0001,0.0048,0.0,95.0,0.0,32.0,63.0,24.0,0.0,0.0,0.0,0.0,0.0,0.0,0.0,0.0,0.0,0.0,0.0,0.0,0.0,0.0,0.0,0.0,0.0,0.0,8.0,2.0,1.0
2863,23.97932159999998,0,8.5911,1.9321,1.6661,1.6714,0.1553,0.0027,0.0036,0.0002,0.0313,0.0401,0.0029,0.0008,0.0128,0.0002,0.0022,0.0019,0.0002,0.0001,0.009,0.0014,0.0005,0.0001,0.002,0.0852,0.0185,0.0,0.0042,0.0,95.0,0.0,32.0,63.0,24.0,0.0,0.0,0.0,0.0,0.0,0.0,0.0,0.0,0.0,0.0,0.0,0.0,0.0,0.0,0.0,0.0,0.0,0.0,8.0,2.0,1.0
2864,23.98791269999998,0,8.0544,1.7415,1.6298,1.3063,0.1973,0.0054,0.0058,0.0003,0.0502,0.0647,0.0021,0.0009,0.0117,0.0001,0.0017,0.0017,0.0001,0.0001,0.0087,0.0012,0.0004,0.0,0.0017,0.1067,0.0157,0.0001,0.004,0.0,95.0,0.0,32.0,63.0,24.0,0.0,0.0,0.0,0.0,0.0,0.0,0.0,0.0,0.0,0.0,0.0,0.0,0.0,0.0,0.0,0.0,0.0,0.0,8.0,2.0,1.0
2865,23.99596709999998,0,8.3216,1.8662,1.4884,1.4673,0.1547,0.003,0.0043,0.0003,0.0298,0.0398,0.0024,0.001,0.0125,0.0002,0.0017,0.0016,0.0005,0.0001,0.0092,0.0019,0.0005,0.0001,0.0018,0.0837,0.0167,0.0,0.0037,0.0,95.0,0.0,32.0,63.0,24.0,0.0,0.0,0.0,0.0,0.0,0.0,0.0,0.0,0.0,0.0,0.0,0.0,0.0,0.0,0.0,0.0,0.0,0.0,8.0,2.0,1.0
2866,24.00428869999998,0,8.3718,1.6651,1.4971,1.4034,0.1576,0.0043,0.0035,0.0003,0.0382,0.0485,0.002,0.0013,0.0117,0.0002,0.0021,0.0015,0.0006,0.0001,0.0078,0.0011,0.0005,0.0001,0.0016,0.0893,0.0169,0.0001,0.0036,0.0,95.0,0.0,32.0,63.0,24.0,0.0,0.0,0.0,0.0,0.0,0.0,0.0,0.0,0.0,0.0,0.0,0.0,0.0,0.0,0.0,0.0,0.0,0.0,8.0,2.0,1.0
2867,24.012660499999978,0,8.2967,1.7112,1.5263,1.4935,0.1356,0.0025,0.0039,0.0002,0.0268,0.0356,0.0024,0.001,0.0081,0.0001,0.0014,0.0017,0.0001,0.0001,0.0091,0.0012,0.0004,0.0,0.0021,0.0719,0.0127,0.0001,0.004,0.0,95.0,0.0,32.0,63.0,24.0,0.0,0.0,0.0,0.0,0.0,0.0,0.0,0.0,0.0,0.0,0.0,0.0,0.0,0.0,0.0,0.0,0.0,0.0,8.0,2.0,1.0
2868,24.020957199999977,0,8.2593,1.871,1.4349,1.4222,0.1467,0.0033,0.0049,0.0003,0.0362,0.0469,0.0021,0.0007,0.0108,0.0002,0.0015,0.0015,0.0001,0.0001,0.0075,0.0011,0.0005,0.0001,0.0021,0.0836,0.0123,0.0001,0.0037,0.0,95.0,0.0,32.0,63.0,24.0,0.0,0.0,0.0,0.0,0.0,0.0,0.0,0.0,0.0,0.0,0.0,0.0,0.0,0.0,0.0,0.0,0.0,0.0,8.0,2.0,1.0
2869,24.029216499999976,0,8.3475,1.881,1.4322,1.4369,0.1464,0.0032,0.0039,0.0001,0.029,0.0391,0.0022,0.0008,0.0095,0.0001,0.0023,0.0017,0.0001,0.0001,0.0088,0.0012,0.0009,0.0,0.0018,0.0817,0.0152,0.0,0.0035,0.0,95.0,0.0,32.0,63.0,24.0,0.0,0.0,0.0,0.0,0.0,0.0,0.0,0.0,0.0,0.0,0.0,0.0,0.0,0.0,0.0,0.0,0.0,0.0,8.0,2.0,1.0
2870,24.037563999999975,0,8.508,1.9897,1.5851,1.5088,0.1645,0.0036,0.0041,0.0003,0.0373,0.0477,0.0028,0.0009,0.0122,0.0001,0.002,0.0018,0.0007,0.0001,0.0094,0.0018,0.0005,0.0,0.0023,0.093,0.016,0.0,0.0045,0.0,95.0,0.0,32.0,63.0,24.0,0.0,0.0,0.0,0.0,0.0,0.0,0.0,0.0,0.0,0.0,0.0,0.0,0.0,0.0,0.0,0.0,0.0,0.0,8.0,2.0,1.0
2871,24.046071999999974,0,8.5367,2.0188,1.7337,1.8592,0.1557,0.0033,0.0041,0.0003,0.032,0.0427,0.0021,0.0011,0.0094,0.0001,0.0021,0.002,0.0001,0.0002,0.01,0.0016,0.0005,0.0002,0.002,0.0843,0.0131,0.0,0.0056,0.0,95.0,0.0,32.0,63.0,24.0,0.0,0.0,0.0,0.0,0.0,0.0,0.0,0.0,0.0,0.0,0.0,0.0,0.0,0.0,0.0,0.0,0.0,0.0,8.0,2.0,1.0
2872,24.054608699999974,0,7.9641,1.91,1.6041,1.504,0.1493,0.0034,0.0033,0.0001,0.0332,0.0428,0.0019,0.0007,0.0109,0.0001,0.0016,0.002,0.0001,0.0001,0.0084,0.0019,0.0005,0.0,0.0023,0.0847,0.0151,0.0,0.004,0.0,95.0,0.0,32.0,63.0,24.0,0.0,0.0,0.0,0.0,0.0,0.0,0.0,0.0,0.0,0.0,0.0,0.0,0.0,0.0,0.0,0.0,0.0,0.0,8.0,2.0,1.0
2873,24.062572799999973,0,8.5202,2.0459,1.4856,1.5453,0.1441,0.0043,0.0063,0.0002,0.0169,0.0307,0.002,0.0007,0.009,0.0001,0.0015,0.0022,0.0002,0.0002,0.0099,0.0013,0.0005,0.0001,0.002,0.0708,0.0152,0.0,0.0042,0.0,95.0,0.0,32.0,63.0,24.0,0.0,0.0,0.0,0.0,0.0,0.0,0.0,0.0,0.0,0.0,0.0,0.0,0.0,0.0,0.0,0.0,0.0,0.0,8.0,2.0,1.0
2874,24.071092999999973,0,8.3623,1.8394,1.7573,1.6132,0.1723,0.0037,0.0046,0.0003,0.0403,0.0518,0.0022,0.0012,0.0108,0.0001,0.0014,0.002,0.0002,0.0001,0.0092,0.0013,0.0006,0.0002,0.0025,0.0947,0.0164,0.0,0.0042,0.0,95.0,0.0,32.0,63.0,24.0,0.0,0.0,0.0,0.0,0.0,0.0,0.0,0.0,0.0,0.0,0.0,0.0,0.0,0.0,0.0,0.0,0.0,0.0,8.0,2.0,1.0
2875,24.079455299999974,0,8.1679,1.96,1.5362,1.7667,0.1435,0.0029,0.0036,0.0003,0.0258,0.0349,0.0029,0.0008,0.0093,0.0004,0.0017,0.002,0.0002,0.0001,0.0094,0.0013,0.0005,0.0001,0.0018,0.0756,0.0153,0.0001,0.0043,0.0,95.0,0.0,32.0,63.0,24.0,0.0,0.0,0.0,0.0,0.0,0.0,0.0,0.0,0.0,0.0,0.0,0.0,0.0,0.0,0.0,0.0,0.0,0.0,8.0,2.0,1.0
2876,24.087623199999975,0,8.4078,2.0483,1.579,1.7395,0.1567,0.0029,0.0031,0.0002,0.0368,0.0453,0.0027,0.001,0.0115,0.0001,0.0015,0.0021,0.0001,0.0001,0.0087,0.0015,0.0005,0.0001,0.0018,0.087,0.0166,0.0001,0.0035,0.0,95.0,0.0,32.0,63.0,24.0,0.0,0.0,0.0,0.0,0.0,0.0,0.0,0.0,0.0,0.0,0.0,0.0,0.0,0.0,0.0,0.0,0.0,0.0,8.0,2.0,1.0
2877,24.096030999999975,0,8.4532,2.0807,1.6312,1.603,0.1604,0.0045,0.0054,0.0003,0.0307,0.0435,0.0025,0.0013,0.0104,0.0001,0.0016,0.0019,0.0002,0.0002,0.0096,0.0013,0.001,0.0001,0.0019,0.0874,0.0167,0.0001,0.0053,0.0,95.0,0.0,32.0,63.0,24.0,0.0,0.0,0.0,0.0,0.0,0.0,0.0,0.0,0.0,0.0,0.0,0.0,0.0,0.0,0.0,0.0,0.0,0.0,8.0,2.0,1.0
2878,24.104484199999977,0,8.2062,1.9396,1.6631,1.6868,0.169,0.0042,0.004,0.0003,0.0396,0.0511,0.0025,0.0013,0.0131,0.0002,0.0016,0.002,0.0001,0.0001,0.01,0.0012,0.0005,0.0001,0.0021,0.0984,0.0163,0.0,0.0032,0.0,95.0,0.0,32.0,63.0,24.0,0.0,0.0,0.0,0.0,0.0,0.0,0.0,0.0,0.0,0.0,0.0,0.0,0.0,0.0,0.0,0.0,0.0,0.0,8.0,2.0,1.0
2879,24.112690399999977,0,8.3935,1.9732,1.5947,1.6029,0.1623,0.0034,0.0036,0.0006,0.0346,0.0449,0.0022,0.001,0.0117,0.0001,0.0022,0.0017,0.0001,0.0001,0.0096,0.0013,0.0009,0.0002,0.002,0.0893,0.0168,0.0001,0.0041,0.0,95.0,0.0,32.0,63.0,24.0,0.0,0.0,0.0,0.0,0.0,0.0,0.0,0.0,0.0,0.0,0.0,0.0,0.0,0.0,0.0,0.0,0.0,0.0,8.0,2.0,1.0
2880,24.121083899999977,0,8.236,1.9444,1.5667,1.8139,0.1602,0.0036,0.0036,0.0002,0.0376,0.0475,0.0023,0.0007,0.0125,0.0001,0.0017,0.0022,0.0001,0.0001,0.0099,0.0014,0.0005,0.0001,0.0019,0.0923,0.0164,0.0,0.004,0.0,95.0,0.0,32.0,63.0,24.0,0.0,0.0,0.0,0.0,0.0,0.0,0.0,0.0,0.0,0.0,0.0,0.0,0.0,0.0,0.0,0.0,0.0,0.0,8.0,2.0,1.0
2881,24.129319899999977,0,8.3929,2.1558,1.5808,1.7107,0.16,0.0032,0.0034,0.0002,0.0321,0.041,0.0031,0.001,0.0139,0.0001,0.0017,0.0025,0.0001,0.0001,0.01,0.0013,0.0005,0.0002,0.0019,0.089,0.0171,0.0,0.0048,0.0,95.0,0.0,32.0,63.0,24.0,0.0,0.0,0.0,0.0,0.0,0.0,0.0,0.0,0.0,0.0,0.0,0.0,0.0,0.0,0.0,0.0,0.0,0.0,8.0,2.0,1.0
2882,24.137712799999978,0,8.3556,1.8217,1.5512,1.6786,0.1511,0.003,0.0051,0.0003,0.0335,0.0449,0.002,0.0008,0.0094,0.0007,0.0014,0.0021,0.0,0.0001,0.0086,0.0012,0.0007,0.0001,0.0016,0.0833,0.016,0.0,0.0035,0.0,95.0,0.0,32.0,63.0,24.0,0.0,0.0,0.0,0.0,0.0,0.0,0.0,0.0,0.0,0.0,0.0,0.0,0.0,0.0,0.0,0.0,0.0,0.0,8.0,2.0,1.0
2883,24.14606839999998,0,8.3096,1.887,1.609,1.6032,0.1538,0.0028,0.004,0.0003,0.0302,0.0398,0.0025,0.001,0.0128,0.0002,0.0017,0.0022,0.0001,0.0002,0.0095,0.0012,0.0005,0.0001,0.0021,0.0848,0.015,0.0001,0.0037,0.0,95.0,0.0,32.0,63.0,24.0,0.0,0.0,0.0,0.0,0.0,0.0,0.0,0.0,0.0,0.0,0.0,0.0,0.0,0.0,0.0,0.0,0.0,0.0,8.0,2.0,1.0
2884,24.15437799999998,0,8.4371,2.0281,1.7203,1.6462,0.1837,0.0043,0.0052,0.0002,0.0389,0.0514,0.0027,0.0009,0.0125,0.0001,0.0016,0.0022,0.0001,0.0001,0.0092,0.0013,0.0005,0.0002,0.0024,0.0964,0.0192,0.0001,0.0051,0.0,95.0,0.0,32.0,63.0,24.0,0.0,0.0,0.0,0.0,0.0,0.0,0.0,0.0,0.0,0.0,0.0,0.0,0.0,0.0,0.0,0.0,0.0,0.0,8.0,2.0,1.0
2885,24.16281509999998,0,8.2831,1.8394,1.5903,1.5286,0.1562,0.0041,0.0036,0.0002,0.0319,0.0426,0.0021,0.0011,0.0102,0.0001,0.0019,0.0018,0.0006,0.0001,0.009,0.0015,0.0005,0.0001,0.0017,0.0826,0.0168,0.0,0.0043,0.0,95.0,0.0,32.0,63.0,24.0,0.0,0.0,0.0,0.0,0.0,0.0,0.0,0.0,0.0,0.0,0.0,0.0,0.0,0.0,0.0,0.0,0.0,0.0,8.0,2.0,1.0
2886,24.171098199999978,0,8.1336,1.8198,1.6247,1.5536,0.1614,0.0032,0.0047,0.0002,0.0376,0.0482,0.0023,0.0013,0.012,0.0001,0.0019,0.0016,0.0001,0.0001,0.0087,0.0014,0.0007,0.0001,0.0019,0.0904,0.0173,0.0,0.0037,0.0,95.0,0.0,32.0,63.0,24.0,0.0,0.0,0.0,0.0,0.0,0.0,0.0,0.0,0.0,0.0,0.0,0.0,0.0,0.0,0.0,0.0,0.0,0.0,8.0,2.0,1.0
2887,24.17923179999998,0,8.4357,1.9586,1.4078,1.5155,0.1549,0.0043,0.0046,0.0002,0.029,0.0409,0.0022,0.0008,0.0105,0.0001,0.0015,0.0023,0.0001,0.0001,0.0091,0.0013,0.0005,0.0001,0.002,0.082,0.0155,0.0,0.0043,0.0,95.0,0.0,32.0,63.0,24.0,0.0,0.0,0.0,0.0,0.0,0.0,0.0,0.0,0.0,0.0,0.0,0.0,0.0,0.0,0.0,0.0,0.0,0.0,8.0,2.0,1.0
2888,24.18766749999998,0,8.2527,1.7801,1.4945,1.6124,0.1577,0.0037,0.0044,0.0002,0.0383,0.0496,0.0023,0.0008,0.0118,0.0002,0.0015,0.0017,0.0001,0.0001,0.0093,0.0012,0.0008,0.0,0.0018,0.0913,0.0144,0.0,0.0035,0.0,95.0,0.0,32.0,63.0,24.0,0.0,0.0,0.0,0.0,0.0,0.0,0.0,0.0,0.0,0.0,0.0,0.0,0.0,0.0,0.0,0.0,0.0,0.0,8.0,2.0,1.0
2889,24.19592019999998,0,8.3309,1.7386,1.4566,1.4887,0.1439,0.0048,0.0053,0.0003,0.0246,0.0374,0.0021,0.0008,0.0101,0.0002,0.0016,0.0019,0.0001,0.0001,0.0092,0.0022,0.0005,0.0001,0.0023,0.0785,0.0148,0.0001,0.0043,0.0,95.0,0.0,32.0,63.0,24.0,0.0,0.0,0.0,0.0,0.0,0.0,0.0,0.0,0.0,0.0,0.0,0.0,0.0,0.0,0.0,0.0,0.0,0.0,8.0,2.0,1.0
2890,24.20425109999998,0,8.2955,1.7205,1.4532,1.3886,0.1514,0.0038,0.0039,0.0002,0.0355,0.0459,0.0022,0.001,0.011,0.0002,0.0016,0.0018,0.0001,0.0001,0.0088,0.0013,0.0005,0.0001,0.002,0.0877,0.0152,0.0,0.0034,0.0,95.0,0.0,32.0,63.0,24.0,0.0,0.0,0.0,0.0,0.0,0.0,0.0,0.0,0.0,0.0,0.0,0.0,0.0,0.0,0.0,0.0,0.0,0.0,8.0,2.0,1.0
2891,24.21254659999998,0,8.4434,1.9857,1.4956,1.3883,0.1561,0.0033,0.0036,0.0002,0.0343,0.0435,0.0024,0.0008,0.0131,0.0002,0.0022,0.0017,0.0001,0.0001,0.009,0.0013,0.0004,0.0001,0.002,0.0875,0.0163,0.0,0.0041,0.0,95.0,0.0,32.0,63.0,24.0,0.0,0.0,0.0,0.0,0.0,0.0,0.0,0.0,0.0,0.0,0.0,0.0,0.0,0.0,0.0,0.0,0.0,0.0,8.0,2.0,1.0
2892,24.22098999999998,0,8.4078,1.7298,1.6201,1.4088,0.1776,0.0044,0.0039,0.0003,0.0384,0.0497,0.0022,0.0008,0.0118,0.0001,0.0017,0.0025,0.0001,0.0002,0.0106,0.0019,0.0005,0.0,0.0025,0.0979,0.0189,0.0,0.0046,0.0,95.0,0.0,32.0,63.0,24.0,0.0,0.0,0.0,0.0,0.0,0.0,0.0,0.0,0.0,0.0,0.0,0.0,0.0,0.0,0.0,0.0,0.0,0.0,8.0,2.0,1.0
2893,24.22939779999998,0,8.2404,1.836,1.5008,1.7022,0.1567,0.0044,0.0039,0.0006,0.0287,0.04,0.0024,0.001,0.0124,0.0001,0.0015,0.002,0.0001,0.0001,0.0087,0.0015,0.0005,0.0001,0.002,0.0842,0.0159,0.0,0.0033,0.0,95.0,0.0,32.0,63.0,24.0,0.0,0.0,0.0,0.0,0.0,0.0,0.0,0.0,0.0,0.0,0.0,0.0,0.0,0.0,0.0,0.0,0.0,0.0,8.0,2.0,1.0
2894,24.237638199999978,0,8.3042,1.6879,1.5167,1.2969,0.1435,0.0038,0.0035,0.0002,0.0335,0.0435,0.0019,0.0008,0.0104,0.0003,0.0014,0.0021,0.0001,0.0002,0.0083,0.0012,0.0009,0.0001,0.0017,0.0819,0.0124,0.0001,0.0035,0.0,95.0,0.0,32.0,63.0,24.0,0.0,0.0,0.0,0.0,0.0,0.0,0.0,0.0,0.0,0.0,0.0,0.0,0.0,0.0,0.0,0.0,0.0,0.0,8.0,2.0,1.0
2895,24.24594239999998,0,8.3024,1.8167,1.4845,1.7764,0.1561,0.004,0.0037,0.0002,0.0328,0.0433,0.0032,0.0012,0.0125,0.0001,0.0016,0.0022,0.0001,0.0001,0.0091,0.0012,0.0005,0.0001,0.0021,0.088,0.014,0.0,0.0038,0.0,95.0,0.0,32.0,63.0,24.0,0.0,0.0,0.0,0.0,0.0,0.0,0.0,0.0,0.0,0.0,0.0,0.0,0.0,0.0,0.0,0.0,0.0,0.0,8.0,2.0,1.0
2896,24.25424479999998,0,8.425,1.7075,1.4906,1.3495,0.1641,0.0043,0.0057,0.0002,0.0366,0.0495,0.0023,0.0008,0.0109,0.0002,0.0017,0.0024,0.0001,0.0001,0.0099,0.0013,0.0005,0.0,0.0019,0.0929,0.0151,0.0,0.004,0.0,95.0,0.0,32.0,63.0,24.0,0.0,0.0,0.0,0.0,0.0,0.0,0.0,0.0,0.0,0.0,0.0,0.0,0.0,0.0,0.0,0.0,0.0,0.0,8.0,2.0,1.0
2897,24.26266979999998,0,8.2635,1.779,1.5149,1.5069,0.1407,0.0035,0.0054,0.0003,0.0233,0.035,0.0021,0.0008,0.0105,0.0005,0.0017,0.0016,0.0005,0.0001,0.0089,0.0014,0.0005,0.0001,0.0019,0.0762,0.0138,0.0,0.0045,0.0,95.0,0.0,32.0,63.0,24.0,0.0,0.0,0.0,0.0,0.0,0.0,0.0,0.0,0.0,0.0,0.0,0.0,0.0,0.0,0.0,0.0,0.0,0.0,8.0,2.0,1.0
2898,24.27093329999998,0,8.3607,1.6359,1.4561,1.4071,0.1547,0.0039,0.0037,0.0003,0.0379,0.0484,0.0024,0.0013,0.0109,0.0001,0.002,0.0016,0.0001,0.0001,0.0088,0.0013,0.0005,0.0,0.0019,0.0892,0.0123,0.0,0.004,0.0,95.0,0.0,32.0,63.0,24.0,0.0,0.0,0.0,0.0,0.0,0.0,0.0,0.0,0.0,0.0,0.0,0.0,0.0,0.0,0.0,0.0,0.0,0.0,8.0,2.0,1.0
2899,24.279293999999982,0,8.27,1.6992,1.4863,1.4485,0.1492,0.0048,0.0053,0.0002,0.0253,0.038,0.0028,0.0007,0.0112,0.0001,0.0022,0.0017,0.0002,0.0001,0.0096,0.0014,0.001,0.0,0.0019,0.0806,0.0165,0.0,0.0041,0.0,95.0,0.0,32.0,63.0,24.0,0.0,0.0,0.0,0.0,0.0,0.0,0.0,0.0,0.0,0.0,0.0,0.0,0.0,0.0,0.0,0.0,0.0,0.0,8.0,2.0,1.0
2900,24.287563999999982,0,8.3032,1.7251,1.4325,1.575,0.1529,0.0041,0.0036,0.0004,0.0349,0.0458,0.0021,0.001,0.0107,0.0001,0.0016,0.0021,0.0001,0.0001,0.0084,0.0018,0.0005,0.0,0.0018,0.0866,0.0136,0.0,0.0031,0.0,95.0,0.0,32.0,63.0,24.0,0.0,0.0,0.0,0.0,0.0,0.0,0.0,0.0,0.0,0.0,0.0,0.0,0.0,0.0,0.0,0.0,0.0,0.0,8.0,2.0,1.0
2901,24.295867199999982,0,8.3593,1.7459,1.407,1.3832,0.1428,0.0029,0.0037,0.0003,0.0272,0.0365,0.0023,0.0007,0.0103,0.0001,0.0019,0.0015,0.0,0.0001,0.0081,0.0013,0.0005,0.0,0.002,0.0757,0.0135,0.0,0.0041,0.0,95.0,0.0,32.0,63.0,24.0,0.0,0.0,0.0,0.0,0.0,0.0,0.0,0.0,0.0,0.0,0.0,0.0,0.0,0.0,0.0,0.0,0.0,0.0,8.0,2.0,1.0
2902,24.30422649999998,0,8.339,1.6697,1.449,1.5219,0.1531,0.0043,0.0042,0.0003,0.0383,0.0494,0.0021,0.001,0.0113,0.0002,0.0016,0.0015,0.0,0.0001,0.0091,0.0013,0.0007,0.0002,0.0019,0.0908,0.0128,0.0,0.0038,0.0,95.0,0.0,32.0,63.0,24.0,0.0,0.0,0.0,0.0,0.0,0.0,0.0,0.0,0.0,0.0,0.0,0.0,0.0,0.0,0.0,0.0,0.0,0.0,8.0,2.0,1.0
2903,24.31256549999998,0,8.3846,1.9333,1.4562,1.7587,0.144,0.0034,0.0033,0.0002,0.0278,0.0371,0.0022,0.0009,0.0119,0.0001,0.0017,0.002,0.0,0.0002,0.0092,0.0013,0.0004,0.0,0.0023,0.0794,0.0164,0.0,0.0047,0.0,95.0,0.0,32.0,63.0,24.0,0.0,0.0,0.0,0.0,0.0,0.0,0.0,0.0,0.0,0.0,0.0,0.0,0.0,0.0,0.0,0.0,0.0,0.0,8.0,2.0,1.0
2904,24.32095009999998,0,8.3059,1.7195,1.4772,1.4807,0.1512,0.0032,0.0041,0.0002,0.0364,0.0467,0.0024,0.0007,0.0121,0.0001,0.0015,0.0014,0.0,0.0002,0.0083,0.0013,0.0004,0.0,0.0026,0.0884,0.015,0.0,0.0036,0.0,95.0,0.0,32.0,63.0,24.0,0.0,0.0,0.0,0.0,0.0,0.0,0.0,0.0,0.0,0.0,0.0,0.0,0.0,0.0,0.0,0.0,0.0,0.0,8.0,2.0,1.0
2905,24.32925599999998,0,8.259,1.8035,1.4256,1.3316,0.144,0.0045,0.0056,0.0003,0.0249,0.0382,0.0021,0.0008,0.011,0.0001,0.0019,0.0014,0.0001,0.0003,0.0084,0.0013,0.0005,0.0,0.002,0.0782,0.0154,0.0,0.0042,0.0,95.0,0.0,32.0,63.0,24.0,0.0,0.0,0.0,0.0,0.0,0.0,0.0,0.0,0.0,0.0,0.0,0.0,0.0,0.0,0.0,0.0,0.0,0.0,8.0,2.0,1.0
2906,24.33751499999998,0,8.3264,1.6575,1.4211,1.5264,0.155,0.0041,0.004,0.0002,0.0357,0.047,0.0024,0.0008,0.0125,0.0001,0.0014,0.002,0.0001,0.0001,0.0083,0.0017,0.0005,0.0001,0.002,0.0894,0.0139,0.0,0.0038,0.0,95.0,0.0,32.0,63.0,24.0,0.0,0.0,0.0,0.0,0.0,0.0,0.0,0.0,0.0,0.0,0.0,0.0,0.0,0.0,0.0,0.0,0.0,0.0,8.0,2.0,1.0
2907,24.34584139999998,0,8.4471,1.7984,1.4289,1.4215,0.1519,0.0028,0.0039,0.0003,0.0281,0.0382,0.0023,0.0008,0.0095,0.0002,0.0016,0.002,0.0001,0.0001,0.0092,0.0013,0.0005,0.0001,0.0019,0.0803,0.0164,0.0,0.0049,0.0,95.0,0.0,32.0,63.0,24.0,0.0,0.0,0.0,0.0,0.0,0.0,0.0,0.0,0.0,0.0,0.0,0.0,0.0,0.0,0.0,0.0,0.0,0.0,8.0,2.0,1.0
2908,24.35428849999998,0,8.3457,1.6852,1.5444,1.4108,0.1471,0.0026,0.0033,0.0002,0.0406,0.0484,0.0022,0.0008,0.0107,0.0001,0.0015,0.0014,0.0001,0.0002,0.0087,0.0013,0.0005,0.0001,0.0019,0.0878,0.0147,0.0,0.0045,0.0,95.0,0.0,32.0,63.0,24.0,0.0,0.0,0.0,0.0,0.0,0.0,0.0,0.0,0.0,0.0,0.0,0.0,0.0,0.0,0.0,0.0,0.0,0.0,8.0,2.0,1.0
2909,24.36263419999998,0,8.2734,1.7031,1.4286,1.4293,0.1343,0.0027,0.0035,0.0001,0.0267,0.0362,0.0022,0.0008,0.0081,0.0001,0.0018,0.0022,0.0001,0.0001,0.0085,0.0012,0.0005,0.0,0.0016,0.0732,0.0133,0.0,0.0042,0.0,95.0,0.0,32.0,63.0,24.0,0.0,0.0,0.0,0.0,0.0,0.0,0.0,0.0,0.0,0.0,0.0,0.0,0.0,0.0,0.0,0.0,0.0,0.0,8.0,2.0,1.0
2910,24.37090759999998,0,8.3934,1.8381,1.5406,1.4436,0.1508,0.0039,0.0052,0.0002,0.0349,0.0466,0.0021,0.0015,0.0107,0.0001,0.002,0.0015,0.0,0.0006,0.0084,0.0013,0.0005,0.0001,0.0019,0.0868,0.0123,0.0,0.0045,0.0,95.0,0.0,32.0,63.0,24.0,0.0,0.0,0.0,0.0,0.0,0.0,0.0,0.0,0.0,0.0,0.0,0.0,0.0,0.0,0.0,0.0,0.0,0.0,8.0,2.0,1.0
2911,24.37930099999998,0,8.3214,1.9285,1.4719,1.5165,0.1515,0.0043,0.0063,0.0002,0.0248,0.038,0.0028,0.0009,0.0113,0.0002,0.0017,0.0022,0.0002,0.0002,0.0095,0.0013,0.0005,0.0001,0.002,0.0808,0.0155,0.0,0.0047,0.0,95.0,0.0,32.0,63.0,24.0,0.0,0.0,0.0,0.0,0.0,0.0,0.0,0.0,0.0,0.0,0.0,0.0,0.0,0.0,0.0,0.0,0.0,0.0,8.0,2.0,1.0
2912,24.38762239999998,0,8.2101,1.7482,1.435,1.6602,0.1456,0.0041,0.0054,0.0001,0.0296,0.0425,0.002,0.0006,0.0107,0.0002,0.0018,0.0015,0.0,0.0002,0.0087,0.0012,0.0004,0.0,0.0018,0.0812,0.0134,0.0,0.0035,0.0,95.0,0.0,32.0,63.0,24.0,0.0,0.0,0.0,0.0,0.0,0.0,0.0,0.0,0.0,0.0,0.0,0.0,0.0,0.0,0.0,0.0,0.0,0.0,8.0,2.0,1.0
2913,24.39583249999998,0,8.4763,1.8725,1.4571,1.4025,0.1457,0.0035,0.0043,0.0003,0.0278,0.0385,0.0023,0.0012,0.0104,0.0001,0.0022,0.0015,0.0002,0.0001,0.0086,0.0012,0.0005,0.0001,0.0019,0.0784,0.0149,0.0001,0.0036,0.0,95.0,0.0,32.0,63.0,24.0,0.0,0.0,0.0,0.0,0.0,0.0,0.0,0.0,0.0,0.0,0.0,0.0,0.0,0.0,0.0,0.0,0.0,0.0,8.0,2.0,1.0
2914,24.40430879999998,0,8.2495,1.6783,1.4589,1.4393,0.1448,0.0031,0.0041,0.0004,0.0384,0.048,0.0021,0.0006,0.0095,0.0001,0.0016,0.0014,0.0001,0.0001,0.0088,0.0012,0.0005,0.0,0.0017,0.0838,0.0127,0.0,0.0036,0.0,95.0,0.0,32.0,63.0,24.0,0.0,0.0,0.0,0.0,0.0,0.0,0.0,0.0,0.0,0.0,0.0,0.0,0.0,0.0,0.0,0.0,0.0,0.0,8.0,2.0,1.0
2915,24.412558299999983,0,8.4833,1.7088,1.5179,1.6967,0.1435,0.0039,0.0052,0.0004,0.0229,0.0349,0.0023,0.001,0.0098,0.0001,0.0016,0.0018,0.0004,0.0001,0.0088,0.0017,0.0005,0.0001,0.0017,0.0755,0.0153,0.0,0.0041,0.0,95.0,0.0,32.0,63.0,24.0,0.0,0.0,0.0,0.0,0.0,0.0,0.0,0.0,0.0,0.0,0.0,0.0,0.0,0.0,0.0,0.0,0.0,0.0,8.0,2.0,1.0
2916,24.421041599999985,0,8.2803,1.9855,1.5891,1.64,0.143,0.0039,0.0037,0.0002,0.0373,0.0471,0.002,0.0008,0.0096,0.0002,0.0014,0.0015,0.0001,0.0001,0.0084,0.0013,0.0005,0.0001,0.0016,0.084,0.0126,0.0001,0.0052,0.0,95.0,0.0,32.0,63.0,24.0,0.0,0.0,0.0,0.0,0.0,0.0,0.0,0.0,0.0,0.0,0.0,0.0,0.0,0.0,0.0,0.0,0.0,0.0,8.0,2.0,1.0
2917,24.429321899999984,0,8.2826,1.7131,1.4567,1.4805,0.1285,0.0034,0.0041,0.0002,0.0216,0.0316,0.0015,0.0009,0.0074,0.0002,0.0015,0.0021,0.0001,0.0001,0.0089,0.0011,0.0004,0.0001,0.0014,0.067,0.0117,0.0,0.0039,0.0,95.0,0.0,32.0,63.0,24.0,0.0,0.0,0.0,0.0,0.0,0.0,0.0,0.0,0.0,0.0,0.0,0.0,0.0,0.0,0.0,0.0,0.0,0.0,8.0,2.0,1.0
2918,24.437604499999985,0,8.2851,1.7805,1.4557,1.3866,0.1501,0.0046,0.0057,0.0002,0.0299,0.0426,0.0021,0.0009,0.0104,0.0001,0.0016,0.0022,0.0001,0.0001,0.0086,0.0017,0.0005,0.0001,0.0019,0.0834,0.015,0.0,0.0042,0.0,95.0,0.0,32.0,63.0,24.0,0.0,0.0,0.0,0.0,0.0,0.0,0.0,0.0,0.0,0.0,0.0,0.0,0.0,0.0,0.0,0.0,0.0,0.0,8.0,2.0,1.0
2919,24.445889599999983,0,8.4656,1.9703,1.5232,1.3741,0.1536,0.0041,0.0041,0.0002,0.0315,0.0425,0.0025,0.0008,0.012,0.0002,0.0015,0.0017,0.0001,0.0001,0.0092,0.0012,0.0005,0.0001,0.0021,0.0849,0.0144,0.0,0.0043,0.0,95.0,0.0,32.0,63.0,24.0,0.0,0.0,0.0,0.0,0.0,0.0,0.0,0.0,0.0,0.0,0.0,0.0,0.0,0.0,0.0,0.0,0.0,0.0,8.0,2.0,1.0
2920,24.454355199999984,0,8.2595,1.8028,1.4745,1.6251,0.1523,0.0038,0.0038,0.0002,0.0358,0.0459,0.0022,0.0011,0.0117,0.0001,0.0016,0.0017,0.0001,0.0001,0.0084,0.0017,0.0005,0.0,0.0017,0.0867,0.0149,0.0,0.0033,0.0,95.0,0.0,32.0,63.0,24.0,0.0,0.0,0.0,0.0,0.0,0.0,0.0,0.0,0.0,0.0,0.0,0.0,0.0,0.0,0.0,0.0,0.0,0.0,8.0,2.0,1.0
2921,24.462614699999985,0,8.3325,1.7464,1.5343,1.5386,0.1469,0.004,0.0039,0.0002,0.0276,0.0382,0.0022,0.0008,0.0111,0.0002,0.0015,0.0015,0.0006,0.0001,0.0089,0.0019,0.0004,0.0001,0.0019,0.0792,0.0154,0.0001,0.0038,0.0,95.0,0.0,32.0,63.0,24.0,0.0,0.0,0.0,0.0,0.0,0.0,0.0,0.0,0.0,0.0,0.0,0.0,0.0,0.0,0.0,0.0,0.0,0.0,8.0,2.0,1.0
2922,24.470947199999987,0,8.3728,1.6746,1.422,1.4298,0.1531,0.0042,0.004,0.0003,0.0343,0.0457,0.0022,0.001,0.0109,0.0001,0.0016,0.0022,0.0001,0.0001,0.0088,0.0018,0.0005,0.0001,0.0019,0.0872,0.0152,0.0,0.0044,0.0,95.0,0.0,32.0,63.0,24.0,0.0,0.0,0.0,0.0,0.0,0.0,0.0,0.0,0.0,0.0,0.0,0.0,0.0,0.0,0.0,0.0,0.0,0.0,8.0,2.0,1.0
2923,24.479319999999987,0,8.2867,1.8291,1.5625,1.7181,0.1348,0.0039,0.0053,0.0002,0.0236,0.0352,0.0025,0.0007,0.0102,0.0001,0.0016,0.0018,0.0001,0.0001,0.0083,0.0014,0.0005,0.0001,0.0018,0.0727,0.0126,0.0,0.004,0.0,95.0,0.0,32.0,63.0,24.0,0.0,0.0,0.0,0.0,0.0,0.0,0.0,0.0,0.0,0.0,0.0,0.0,0.0,0.0,0.0,0.0,0.0,0.0,8.0,2.0,1.0
2924,24.487606699999986,0,8.3353,1.897,1.4933,1.6726,0.1469,0.0035,0.0055,0.0002,0.0313,0.0432,0.0021,0.0007,0.0099,0.0001,0.0014,0.0015,0.0,0.0001,0.0087,0.0018,0.0005,0.0,0.002,0.083,0.0146,0.0,0.0048,0.0,95.0,0.0,32.0,63.0,24.0,0.0,0.0,0.0,0.0,0.0,0.0,0.0,0.0,0.0,0.0,0.0,0.0,0.0,0.0,0.0,0.0,0.0,0.0,8.0,2.0,1.0
2925,24.495941999999985,0,8.3204,1.6064,1.3689,1.4032,0.1434,0.0043,0.0053,0.0002,0.0241,0.0364,0.0022,0.0012,0.0111,0.0001,0.0019,0.0015,0.0,0.0001,0.0086,0.0013,0.0004,0.0,0.0019,0.0763,0.0165,0.0001,0.0035,0.0,95.0,0.0,32.0,63.0,24.0,0.0,0.0,0.0,0.0,0.0,0.0,0.0,0.0,0.0,0.0,0.0,0.0,0.0,0.0,0.0,0.0,0.0,0.0,8.0,2.0,1.0
2926,24.504262399999984,0,8.2656,1.7214,1.5019,1.4045,0.1523,0.0035,0.0035,0.0002,0.0365,0.0461,0.0027,0.0008,0.0122,0.0001,0.0016,0.0022,0.0,0.0002,0.0087,0.0018,0.0005,0.0001,0.0019,0.0883,0.0151,0.0,0.0037,0.0,95.0,0.0,32.0,63.0,24.0,0.0,0.0,0.0,0.0,0.0,0.0,0.0,0.0,0.0,0.0,0.0,0.0,0.0,0.0,0.0,0.0,0.0,0.0,8.0,2.0,1.0
2927,24.512527999999985,0,8.3837,1.7917,1.4191,1.4334,0.1493,0.0054,0.0045,0.0002,0.0269,0.0393,0.0027,0.0014,0.0117,0.0006,0.0016,0.002,0.0001,0.0001,0.0088,0.0017,0.0004,0.0001,0.002,0.0818,0.0157,0.0,0.004,0.0,95.0,0.0,32.0,63.0,24.0,0.0,0.0,0.0,0.0,0.0,0.0,0.0,0.0,0.0,0.0,0.0,0.0,0.0,0.0,0.0,0.0,0.0,0.0,8.0,2.0,1.0
2928,24.520911699999985,0,8.4817,1.7399,1.5583,1.4349,0.1632,0.0031,0.0048,0.0003,0.0371,0.0483,0.0022,0.0009,0.0111,0.0002,0.0016,0.0017,0.0,0.0001,0.0097,0.0014,0.0005,0.0001,0.0025,0.0904,0.0151,0.0,0.0055,0.0,95.0,0.0,32.0,63.0,24.0,0.0,0.0,0.0,0.0,0.0,0.0,0.0,0.0,0.0,0.0,0.0,0.0,0.0,0.0,0.0,0.0,0.0,0.0,8.0,2.0,1.0
2929,24.529393399999986,0,8.2591,1.779,1.5303,1.3591,0.159,0.0044,0.0042,0.0003,0.0276,0.0395,0.003,0.0014,0.0122,0.0002,0.0024,0.0022,0.0001,0.0002,0.0094,0.0013,0.0004,0.0001,0.0019,0.0844,0.0174,0.0,0.0042,0.0,95.0,0.0,32.0,63.0,24.0,0.0,0.0,0.0,0.0,0.0,0.0,0.0,0.0,0.0,0.0,0.0,0.0,0.0,0.0,0.0,0.0,0.0,0.0,8.0,2.0,1.0
2930,24.537652499999986,0,8.2044,1.817,1.4319,1.3823,0.1408,0.0043,0.0062,0.0002,0.0235,0.0364,0.0018,0.0013,0.0103,0.0002,0.0023,0.0016,0.0001,0.0007,0.0088,0.0012,0.001,0.0,0.0018,0.0769,0.0131,0.0,0.0041,0.0,95.0,0.0,32.0,63.0,24.0,0.0,0.0,0.0,0.0,0.0,0.0,0.0,0.0,0.0,0.0,0.0,0.0,0.0,0.0,0.0,0.0,0.0,0.0,8.0,2.0,1.0
2931,24.545856899999986,0,8.4853,1.7621,1.5085,1.5337,0.1468,0.0032,0.0044,0.0002,0.0291,0.039,0.0027,0.0008,0.0106,0.0001,0.0015,0.0019,0.0001,0.0001,0.0087,0.0012,0.0005,0.0001,0.0019,0.0793,0.0153,0.0,0.0055,0.0,95.0,0.0,32.0,63.0,24.0,0.0,0.0,0.0,0.0,0.0,0.0,0.0,0.0,0.0,0.0,0.0,0.0,0.0,0.0,0.0,0.0,0.0,0.0,8.0,2.0,1.0
2932,24.554342199999986,0,8.209,1.7456,1.4683,1.4078,0.1524,0.0033,0.0038,0.0003,0.0383,0.0482,0.0022,0.0008,0.0101,0.0002,0.0015,0.0016,0.0,0.0001,0.0091,0.0016,0.0005,0.0001,0.0016,0.0872,0.0152,0.0,0.0037,0.0,95.0,0.0,32.0,63.0,24.0,0.0,0.0,0.0,0.0,0.0,0.0,0.0,0.0,0.0,0.0,0.0,0.0,0.0,0.0,0.0,0.0,0.0,0.0,8.0,2.0,1.0
2933,24.562551199999987,0,8.3104,1.6297,1.4313,1.3397,0.1451,0.0042,0.0037,0.0002,0.0271,0.0379,0.0025,0.0008,0.0103,0.0001,0.0016,0.002,0.0001,0.0001,0.0084,0.0012,0.0004,0.0001,0.0019,0.078,0.0151,0.0,0.0043,0.0,95.0,0.0,32.0,63.0,24.0,0.0,0.0,0.0,0.0,0.0,0.0,0.0,0.0,0.0,0.0,0.0,0.0,0.0,0.0,0.0,0.0,0.0,0.0,8.0,2.0,1.0
2934,24.570861599999986,0,8.4013,1.6737,1.4528,1.6855,0.1557,0.0032,0.0039,0.0005,0.0368,0.0466,0.0023,0.0009,0.0122,0.0001,0.0016,0.0018,0.0001,0.0001,0.0088,0.0014,0.0005,0.0,0.0018,0.0899,0.014,0.0,0.0043,0.0,95.0,0.0,32.0,63.0,24.0,0.0,0.0,0.0,0.0,0.0,0.0,0.0,0.0,0.0,0.0,0.0,0.0,0.0,0.0,0.0,0.0,0.0,0.0,8.0,2.0,1.0
2935,24.579262899999986,0,8.3413,1.796,1.4183,1.5014,0.146,0.0046,0.0051,0.0002,0.0262,0.0382,0.0022,0.0008,0.0099,0.0002,0.0016,0.0017,0.0001,0.0001,0.009,0.0015,0.0004,0.0,0.0019,0.0782,0.0148,0.0001,0.0042,0.0,95.0,0.0,32.0,63.0,24.0,0.0,0.0,0.0,0.0,0.0,0.0,0.0,0.0,0.0,0.0,0.0,0.0,0.0,0.0,0.0,0.0,0.0,0.0,8.0,2.0,1.0
2936,24.587604199999987,0,8.3636,1.7357,1.4566,1.5205,0.1543,0.0032,0.0037,0.0002,0.0388,0.0483,0.0023,0.0008,0.0102,0.0002,0.0019,0.0015,0.0001,0.0001,0.0088,0.0012,0.0005,0.0001,0.0019,0.0874,0.016,0.0,0.0044,0.0,95.0,0.0,32.0,63.0,24.0,0.0,0.0,0.0,0.0,0.0,0.0,0.0,0.0,0.0,0.0,0.0,0.0,0.0,0.0,0.0,0.0,0.0,0.0,8.0,2.0,1.0
2937,24.595967799999986,0,8.2953,1.5815,1.4209,1.4509,0.1444,0.0027,0.004,0.0002,0.0297,0.0387,0.0022,0.0007,0.0076,0.0002,0.0022,0.0014,0.0001,0.0001,0.0083,0.0013,0.0004,0.0001,0.0019,0.0769,0.0152,0.0,0.0038,0.0,95.0,0.0,32.0,63.0,24.0,0.0,0.0,0.0,0.0,0.0,0.0,0.0,0.0,0.0,0.0,0.0,0.0,0.0,0.0,0.0,0.0,0.0,0.0,8.0,2.0,1.0
2938,24.604263099999987,0,8.374,1.699,1.367,1.4614,0.151,0.0042,0.006,0.0002,0.0313,0.0441,0.0022,0.0007,0.0101,0.0002,0.0021,0.0015,0.0001,0.0007,0.0083,0.0012,0.0004,0.0,0.0019,0.0836,0.015,0.0,0.0041,0.0,95.0,0.0,32.0,63.0,24.0,0.0,0.0,0.0,0.0,0.0,0.0,0.0,0.0,0.0,0.0,0.0,0.0,0.0,0.0,0.0,0.0,0.0,0.0,8.0,2.0,1.0
2939,24.612637099999986,0,8.3872,1.6869,1.4053,1.3318,0.1303,0.0033,0.0034,0.0002,0.0276,0.0362,0.0021,0.0008,0.0096,0.0001,0.0019,0.0014,0.0,0.0002,0.0075,0.001,0.0004,0.0001,0.0017,0.0718,0.0122,0.0,0.0036,0.0,95.0,0.0,32.0,63.0,24.0,0.0,0.0,0.0,0.0,0.0,0.0,0.0,0.0,0.0,0.0,0.0,0.0,0.0,0.0,0.0,0.0,0.0,0.0,8.0,2.0,1.0
2940,24.621024299999988,0,8.3514,1.9439,1.5052,1.656,0.1508,0.0039,0.0038,0.0002,0.0371,0.0472,0.0026,0.0009,0.0118,0.0001,0.0015,0.0014,0.0001,0.0001,0.0088,0.0013,0.0005,0.0001,0.0019,0.0877,0.0142,0.0001,0.0054,0.0,95.0,0.0,32.0,63.0,24.0,0.0,0.0,0.0,0.0,0.0,0.0,0.0,0.0,0.0,0.0,0.0,0.0,0.0,0.0,0.0,0.0,0.0,0.0,8.0,2.0,1.0
2941,24.629375699999986,0,8.2584,1.661,1.3731,1.4612,0.1371,0.0026,0.0036,0.0002,0.0289,0.0374,0.0022,0.0008,0.0114,0.0001,0.0015,0.002,0.0001,0.0001,0.0088,0.0014,0.0004,0.0001,0.0019,0.0778,0.0145,0.0,0.0044,0.0,95.0,0.0,32.0,63.0,24.0,0.0,0.0,0.0,0.0,0.0,0.0,0.0,0.0,0.0,0.0,0.0,0.0,0.0,0.0,0.0,0.0,0.0,0.0,8.0,2.0,1.0
2942,24.637634099999985,0,8.3793,1.6329,1.4275,1.3475,0.1442,0.0026,0.0041,0.0002,0.033,0.0424,0.0022,0.001,0.0116,0.0003,0.0013,0.0015,0.0002,0.0001,0.0082,0.0012,0.0005,0.0001,0.0019,0.0807,0.0138,0.0,0.0042,0.0,95.0,0.0,32.0,63.0,24.0,0.0,0.0,0.0,0.0,0.0,0.0,0.0,0.0,0.0,0.0,0.0,0.0,0.0,0.0,0.0,0.0,0.0,0.0,8.0,2.0,1.0
2943,24.646013399999987,0,8.3818,1.721,1.4881,1.5118,0.1527,0.0045,0.004,0.0002,0.0297,0.0415,0.0024,0.0008,0.0088,0.0002,0.0021,0.0016,0.0001,0.0001,0.009,0.0012,0.0009,0.0001,0.0018,0.0834,0.0155,0.0001,0.0053,0.0,95.0,0.0,32.0,63.0,24.0,0.0,0.0,0.0,0.0,0.0,0.0,0.0,0.0,0.0,0.0,0.0,0.0,0.0,0.0,0.0,0.0,0.0,0.0,8.0,2.0,1.0
2944,24.654395199999986,0,8.2803,1.5974,1.4247,1.4773,0.1426,0.0042,0.0037,0.0002,0.035,0.045,0.002,0.0011,0.0094,0.0001,0.0019,0.0016,0.0001,0.0001,0.0088,0.0011,0.0004,0.0001,0.0015,0.0808,0.013,0.0001,0.0045,0.0,95.0,0.0,32.0,63.0,24.0,0.0,0.0,0.0,0.0,0.0,0.0,0.0,0.0,0.0,0.0,0.0,0.0,0.0,0.0,0.0,0.0,0.0,0.0,8.0,2.0,1.0
2945,24.662675499999985,0,8.306,1.5984,1.3956,1.4362,0.1304,0.003,0.003,0.0002,0.0264,0.0342,0.0024,0.0007,0.0081,0.0001,0.002,0.0016,0.0001,0.0001,0.0082,0.0011,0.0005,0.0,0.002,0.0696,0.014,0.0,0.0037,0.0,95.0,0.0,32.0,63.0,24.0,0.0,0.0,0.0,0.0,0.0,0.0,0.0,0.0,0.0,0.0,0.0,0.0,0.0,0.0,0.0,0.0,0.0,0.0,8.0,2.0,1.0
2946,24.670981499999986,0,8.3888,1.6145,1.4206,1.4448,0.1486,0.0026,0.0034,0.0002,0.038,0.0465,0.0021,0.0008,0.0112,0.0001,0.0018,0.0016,0.0001,0.0001,0.0089,0.0012,0.0005,0.0001,0.0018,0.0869,0.0153,0.0,0.0041,0.0,95.0,0.0,32.0,63.0,24.0,0.0,0.0,0.0,0.0,0.0,0.0,0.0,0.0,0.0,0.0,0.0,0.0,0.0,0.0,0.0,0.0,0.0,0.0,8.0,2.0,1.0
2947,24.679370299999984,0,8.3282,1.6491,1.4533,1.7403,0.1374,0.0024,0.0031,0.0001,0.0287,0.0365,0.0022,0.0014,0.0119,0.0003,0.0015,0.0014,0.0,0.0001,0.0084,0.0012,0.0005,0.0002,0.0018,0.076,0.0155,0.0,0.0054,0.0,95.0,0.0,32.0,63.0,24.0,0.0,0.0,0.0,0.0,0.0,0.0,0.0,0.0,0.0,0.0,0.0,0.0,0.0,0.0,0.0,0.0,0.0,0.0,8.0,2.0,1.0
2948,24.687698499999986,0,8.2354,1.6328,1.4056,1.5312,0.1548,0.004,0.0045,0.0002,0.0333,0.0448,0.0025,0.001,0.0107,0.0001,0.0014,0.0021,0.0001,0.0001,0.0081,0.0018,0.0005,0.0001,0.0019,0.0842,0.019,0.0001,0.0033,0.0,95.0,0.0,32.0,63.0,24.0,0.0,0.0,0.0,0.0,0.0,0.0,0.0,0.0,0.0,0.0,0.0,0.0,0.0,0.0,0.0,0.0,0.0,0.0,8.0,2.0,1.0
2949,24.695933899999986,0,8.3322,1.7108,1.3211,1.4314,0.1312,0.0044,0.0037,0.0002,0.0253,0.0362,0.002,0.0007,0.0085,0.0001,0.0017,0.0014,0.0001,0.0001,0.0075,0.0015,0.0004,0.0001,0.0015,0.0712,0.0132,0.0,0.0042,0.0,95.0,0.0,32.0,63.0,24.0,0.0,0.0,0.0,0.0,0.0,0.0,0.0,0.0,0.0,0.0,0.0,0.0,0.0,0.0,0.0,0.0,0.0,0.0,8.0,2.0,1.0
2950,24.704266099999987,0,8.4242,1.6735,1.4305,1.3101,0.1467,0.004,0.0036,0.0002,0.0344,0.0443,0.0023,0.0007,0.0115,0.0001,0.002,0.0016,0.0001,0.0001,0.0083,0.0013,0.0004,0.0002,0.0024,0.0838,0.0149,0.0,0.0048,0.0,95.0,0.0,32.0,63.0,24.0,0.0,0.0,0.0,0.0,0.0,0.0,0.0,0.0,0.0,0.0,0.0,0.0,0.0,0.0,0.0,0.0,0.0,0.0,8.0,2.0,1.0
2951,24.712690299999988,0,8.3118,1.6551,1.4165,1.5764,0.1438,0.0035,0.0035,0.0002,0.029,0.0388,0.0021,0.001,0.0113,0.0001,0.0016,0.0021,0.0001,0.0001,0.0084,0.0013,0.0004,0.0,0.0019,0.0792,0.0148,0.0,0.0041,0.0,95.0,0.0,32.0,63.0,24.0,0.0,0.0,0.0,0.0,0.0,0.0,0.0,0.0,0.0,0.0,0.0,0.0,0.0,0.0,0.0,0.0,0.0,0.0,8.0,2.0,1.0
2952,24.72100209999999,0,8.3157,1.8163,1.36,1.6694,0.1419,0.0026,0.0036,0.0006,0.0336,0.0428,0.0019,0.0011,0.0108,0.0001,0.0017,0.0014,0.0001,0.0001,0.0084,0.0012,0.0004,0.0001,0.0016,0.0846,0.0131,0.0,0.0042,0.0,95.0,0.0,32.0,63.0,24.0,0.0,0.0,0.0,0.0,0.0,0.0,0.0,0.0,0.0,0.0,0.0,0.0,0.0,0.0,0.0,0.0,0.0,0.0,8.0,2.0,1.0
2953,24.72931779999999,0,8.2708,1.7359,1.387,1.463,0.1419,0.0028,0.0033,0.0001,0.0289,0.0373,0.0027,0.0009,0.0129,0.0006,0.0016,0.0022,0.0001,0.0001,0.0085,0.0018,0.0005,0.0,0.0017,0.0807,0.016,0.0,0.0039,0.0,95.0,0.0,32.0,63.0,24.0,0.0,0.0,0.0,0.0,0.0,0.0,0.0,0.0,0.0,0.0,0.0,0.0,0.0,0.0,0.0,0.0,0.0,0.0,8.0,2.0,1.0
2954,24.737588599999988,0,8.3456,1.647,1.3255,1.3682,0.145,0.0031,0.0044,0.0002,0.0373,0.0473,0.0022,0.0008,0.0094,0.0003,0.0015,0.0016,0.0001,0.0001,0.0082,0.0012,0.0004,0.0,0.0019,0.0839,0.0142,0.0,0.0034,0.0,95.0,0.0,32.0,63.0,24.0,0.0,0.0,0.0,0.0,0.0,0.0,0.0,0.0,0.0,0.0,0.0,0.0,0.0,0.0,0.0,0.0,0.0,0.0,8.0,2.0,1.0
2955,24.745934199999986,0,8.3613,1.7347,1.3481,1.3296,0.1409,0.0031,0.004,0.0002,0.0266,0.0365,0.0025,0.0009,0.0104,0.0001,0.0015,0.002,0.0001,0.0002,0.0082,0.0018,0.0005,0.0,0.002,0.0758,0.0146,0.0,0.0044,0.0,95.0,0.0,32.0,63.0,24.0,0.0,0.0,0.0,0.0,0.0,0.0,0.0,0.0,0.0,0.0,0.0,0.0,0.0,0.0,0.0,0.0,0.0,0.0,8.0,2.0,1.0
2956,24.754295499999987,0,8.3334,1.7441,1.3916,1.6283,0.1448,0.0031,0.0032,0.0001,0.0381,0.0465,0.0022,0.0009,0.0103,0.0004,0.0013,0.0015,0.0001,0.0001,0.0085,0.0012,0.001,0.0,0.0018,0.0858,0.014,0.0,0.0038,0.0,95.0,0.0,32.0,63.0,24.0,0.0,0.0,0.0,0.0,0.0,0.0,0.0,0.0,0.0,0.0,0.0,0.0,0.0,0.0,0.0,0.0,0.0,0.0,8.0,2.0,1.0
2957,24.76262889999999,0,8.3168,1.6251,1.3893,1.3981,0.1382,0.0035,0.0036,0.0002,0.0274,0.0366,0.0022,0.0006,0.0111,0.0002,0.002,0.0015,0.0001,0.0001,0.008,0.0013,0.0004,0.0,0.0018,0.0757,0.016,0.0,0.0039,0.0,95.0,0.0,32.0,63.0,24.0,0.0,0.0,0.0,0.0,0.0,0.0,0.0,0.0,0.0,0.0,0.0,0.0,0.0,0.0,0.0,0.0,0.0,0.0,8.0,2.0,1.0
2958,24.770945699999988,0,8.3629,1.5865,1.3189,1.3563,0.1456,0.0039,0.0041,0.0002,0.0334,0.0439,0.0022,0.0009,0.0107,0.0002,0.002,0.0015,0.0001,0.0001,0.0079,0.0012,0.0004,0.0,0.002,0.0831,0.0149,0.0,0.0047,0.0,95.0,0.0,32.0,63.0,24.0,0.0,0.0,0.0,0.0,0.0,0.0,0.0,0.0,0.0,0.0,0.0,0.0,0.0,0.0,0.0,0.0,0.0,0.0,8.0,2.0,1.0
2959,24.77930859999999,0,8.3185,1.7272,1.396,1.5287,0.1328,0.0035,0.004,0.0002,0.0247,0.0348,0.0018,0.0006,0.01,0.0001,0.0019,0.0015,0.0001,0.0002,0.0078,0.0011,0.0005,0.0,0.0021,0.0709,0.015,0.0001,0.0037,0.0,95.0,0.0,32.0,63.0,24.0,0.0,0.0,0.0,0.0,0.0,0.0,0.0,0.0,0.0,0.0,0.0,0.0,0.0,0.0,0.0,0.0,0.0,0.0,8.0,2.0,1.0
2960,24.78762709999999,0,8.3857,1.828,1.3991,1.3592,0.1498,0.0043,0.0041,0.0002,0.0336,0.0451,0.0022,0.0008,0.0091,0.0002,0.0019,0.0015,0.0001,0.0006,0.0085,0.0013,0.0005,0.0001,0.0019,0.0844,0.0147,0.0001,0.0035,0.0,95.0,0.0,32.0,63.0,24.0,0.0,0.0,0.0,0.0,0.0,0.0,0.0,0.0,0.0,0.0,0.0,0.0,0.0,0.0,0.0,0.0,0.0,0.0,8.0,2.0,1.0
2961,24.796012799999993,0,8.2207,1.5784,1.371,1.4039,0.143,0.0044,0.0038,0.0006,0.0283,0.0394,0.0022,0.0008,0.0123,0.0002,0.0014,0.0014,0.0001,0.0001,0.0087,0.0012,0.001,0.0001,0.0018,0.0802,0.0144,0.0,0.0042,0.0,95.0,0.0,32.0,63.0,24.0,0.0,0.0,0.0,0.0,0.0,0.0,0.0,0.0,0.0,0.0,0.0,0.0,0.0,0.0,0.0,0.0,0.0,0.0,8.0,2.0,1.0
2962,24.80423349999999,0,8.3438,1.6705,1.2844,1.3744,0.1298,0.0024,0.0034,0.0002,0.0341,0.0418,0.0018,0.0008,0.0094,0.0003,0.0014,0.0014,0.0001,0.0001,0.0067,0.0015,0.0004,0.0,0.0017,0.0756,0.0129,0.0001,0.0044,0.0,95.0,0.0,32.0,63.0,24.0,0.0,0.0,0.0,0.0,0.0,0.0,0.0,0.0,0.0,0.0,0.0,0.0,0.0,0.0,0.0,0.0,0.0,0.0,8.0,2.0,1.0
2963,24.81257729999999,0,8.4455,1.6838,1.3882,1.5282,0.1459,0.0042,0.0041,0.0003,0.0257,0.0365,0.0025,0.0009,0.0105,0.0001,0.0016,0.002,0.0001,0.0001,0.0081,0.0019,0.0005,0.0001,0.0019,0.0763,0.0175,0.0001,0.0032,0.0,95.0,0.0,32.0,63.0,24.0,0.0,0.0,0.0,0.0,0.0,0.0,0.0,0.0,0.0,0.0,0.0,0.0,0.0,0.0,0.0,0.0,0.0,0.0,8.0,2.0,1.0
2964,24.82102279999999,0,8.3009,1.649,1.4333,1.4254,0.1483,0.0037,0.004,0.0002,0.0359,0.0461,0.0023,0.0006,0.0102,0.0001,0.0014,0.0018,0.0002,0.0001,0.0078,0.0012,0.0007,0.0001,0.0017,0.0835,0.016,0.0,0.004,0.0,95.0,0.0,32.0,63.0,24.0,0.0,0.0,0.0,0.0,0.0,0.0,0.0,0.0,0.0,0.0,0.0,0.0,0.0,0.0,0.0,0.0,0.0,0.0,8.0,2.0,1.0
2965,24.82932369999999,0,8.3625,1.6425,1.3604,1.3294,0.14,0.0043,0.0054,0.0002,0.0236,0.0356,0.002,0.0012,0.0104,0.0002,0.002,0.0015,0.0,0.0002,0.0078,0.0012,0.0004,0.0001,0.0021,0.0739,0.0167,0.0,0.0035,0.0,95.0,0.0,32.0,63.0,24.0,0.0,0.0,0.0,0.0,0.0,0.0,0.0,0.0,0.0,0.0,0.0,0.0,0.0,0.0,0.0,0.0,0.0,0.0,8.0,2.0,1.0
2966,24.83768619999999,0,8.2799,1.6083,1.3612,1.4804,0.133,0.0047,0.0059,0.0002,0.0204,0.0331,0.0018,0.0006,0.0093,0.0002,0.0014,0.0015,0.0001,0.0001,0.008,0.0016,0.0005,0.0,0.0018,0.0702,0.014,0.0,0.0048,0.0,95.0,0.0,32.0,63.0,24.0,0.0,0.0,0.0,0.0,0.0,0.0,0.0,0.0,0.0,0.0,0.0,0.0,0.0,0.0,0.0,0.0,0.0,0.0,8.0,2.0,1.0
2967,24.84596609999999,0,8.5632,1.7607,1.4253,1.3525,0.1625,0.0035,0.004,0.0003,0.0302,0.041,0.0033,0.0012,0.0141,0.0002,0.0018,0.0024,0.0001,0.0001,0.0094,0.0017,0.0004,0.0,0.002,0.0868,0.0175,0.0,0.0045,0.0,95.0,0.0,32.0,63.0,24.0,0.0,0.0,0.0,0.0,0.0,0.0,0.0,0.0,0.0,0.0,0.0,0.0,0.0,0.0,0.0,0.0,0.0,0.0,8.0,2.0,1.0
2968,24.854529299999992,0,8.3601,1.8614,1.708,1.7272,0.1659,0.0046,0.0042,0.0003,0.0386,0.0508,0.0024,0.0007,0.0116,0.0001,0.0017,0.0023,0.0001,0.0001,0.0088,0.0019,0.0005,0.0001,0.002,0.0941,0.0141,0.0,0.0037,0.0,95.0,0.0,32.0,63.0,24.0,0.0,0.0,0.0,0.0,0.0,0.0,0.0,0.0,0.0,0.0,0.0,0.0,0.0,0.0,0.0,0.0,0.0,0.0,8.0,2.0,1.0
2969,24.862889399999993,0,8.4358,1.8934,1.693,1.5777,0.1667,0.0046,0.0046,0.0002,0.0299,0.0426,0.0029,0.001,0.0123,0.0002,0.0019,0.002,0.0002,0.0002,0.0094,0.0014,0.0006,0.0002,0.0025,0.0872,0.0169,0.0001,0.0048,0.0,95.0,0.0,32.0,63.0,24.0,0.0,0.0,0.0,0.0,0.0,0.0,0.0,0.0,0.0,0.0,0.0,0.0,0.0,0.0,0.0,0.0,0.0,0.0,8.0,2.0,1.0
2970,24.871325199999994,0,8.0618,1.8635,1.5603,1.5896,0.1541,0.003,0.0045,0.0002,0.0366,0.0465,0.0023,0.0008,0.01,0.0002,0.0015,0.0021,0.0001,0.0001,0.0084,0.0017,0.0005,0.0001,0.0019,0.0872,0.013,0.0,0.0039,0.0,95.0,0.0,32.0,63.0,24.0,0.0,0.0,0.0,0.0,0.0,0.0,0.0,0.0,0.0,0.0,0.0,0.0,0.0,0.0,0.0,0.0,0.0,0.0,8.0,2.0,1.0
2971,24.879386999999994,0,8.3987,1.6878,1.4479,1.4284,0.1358,0.0035,0.0034,0.0001,0.0251,0.0349,0.002,0.0008,0.0103,0.0001,0.0015,0.0015,0.0001,0.0001,0.0085,0.0015,0.0005,0.0001,0.0018,0.0738,0.0145,0.0,0.0043,0.0,95.0,0.0,32.0,63.0,24.0,0.0,0.0,0.0,0.0,0.0,0.0,0.0,0.0,0.0,0.0,0.0,0.0,0.0,0.0,0.0,0.0,0.0,0.0,8.0,2.0,1.0
2972,24.887785699999995,0,8.1735,1.7546,1.4539,1.3152,0.1517,0.0036,0.0042,0.0002,0.0324,0.0426,0.002,0.0008,0.0099,0.0001,0.0016,0.0018,0.0001,0.0001,0.0084,0.0019,0.0005,0.0,0.0019,0.0823,0.0177,0.0001,0.0039,0.0,95.0,0.0,32.0,63.0,24.0,0.0,0.0,0.0,0.0,0.0,0.0,0.0,0.0,0.0,0.0,0.0,0.0,0.0,0.0,0.0,0.0,0.0,0.0,8.0,2.0,1.0
2973,24.895959199999997,0,8.3721,1.7464,1.3465,1.3686,0.143,0.0029,0.0044,0.0002,0.0274,0.038,0.0022,0.0009,0.0118,0.0002,0.0015,0.0015,0.0001,0.0001,0.0091,0.0012,0.0005,0.0001,0.0019,0.0789,0.0145,0.0,0.0037,0.0,95.0,0.0,32.0,63.0,24.0,0.0,0.0,0.0,0.0,0.0,0.0,0.0,0.0,0.0,0.0,0.0,0.0,0.0,0.0,0.0,0.0,0.0,0.0,8.0,2.0,1.0
2974,24.904331299999996,0,8.3445,1.7266,1.3845,1.4027,0.1394,0.0034,0.0034,0.0002,0.034,0.043,0.0018,0.0012,0.0105,0.0001,0.0018,0.0013,0.0001,0.0001,0.0078,0.0015,0.0004,0.0001,0.0017,0.0795,0.0157,0.0,0.0038,0.0,95.0,0.0,32.0,63.0,24.0,0.0,0.0,0.0,0.0,0.0,0.0,0.0,0.0,0.0,0.0,0.0,0.0,0.0,0.0,0.0,0.0,0.0,0.0,8.0,2.0,1.0
2975,24.912675799999995,0,8.4332,1.6461,1.5263,1.4721,0.1459,0.0047,0.0056,0.0002,0.0249,0.0377,0.0023,0.0008,0.0104,0.0002,0.0017,0.0022,0.0001,0.0002,0.0084,0.0016,0.0005,0.0002,0.002,0.0778,0.0151,0.0,0.005,0.0,95.0,0.0,32.0,63.0,24.0,0.0,0.0,0.0,0.0,0.0,0.0,0.0,0.0,0.0,0.0,0.0,0.0,0.0,0.0,0.0,0.0,0.0,0.0,8.0,2.0,1.0
2976,24.921108999999994,0,8.2887,1.6045,1.4254,1.5666,0.1581,0.0035,0.0046,0.0002,0.0382,0.0491,0.0027,0.0009,0.0101,0.0002,0.0015,0.002,0.0001,0.0001,0.009,0.0017,0.0005,0.0,0.0019,0.0892,0.0174,0.0001,0.0039,0.0,95.0,0.0,32.0,63.0,24.0,0.0,0.0,0.0,0.0,0.0,0.0,0.0,0.0,0.0,0.0,0.0,0.0,0.0,0.0,0.0,0.0,0.0,0.0,8.0,2.0,1.0
2977,24.929397699999996,0,8.2353,1.6901,1.435,1.4603,0.1445,0.0033,0.0036,0.0002,0.029,0.0385,0.0023,0.0007,0.0117,0.0001,0.0019,0.0016,0.0,0.0001,0.009,0.0012,0.0005,0.0,0.0022,0.0799,0.0145,0.0,0.0044,0.0,95.0,0.0,32.0,63.0,24.0,0.0,0.0,0.0,0.0,0.0,0.0,0.0,0.0,0.0,0.0,0.0,0.0,0.0,0.0,0.0,0.0,0.0,0.0,8.0,2.0,1.0
2978,24.937632999999995,0,8.3853,1.765,1.347,1.3963,0.1314,0.0025,0.0045,0.0001,0.0291,0.0383,0.0023,0.0007,0.0094,0.0001,0.0013,0.0014,0.0006,0.0001,0.0077,0.0011,0.0004,0.0,0.0016,0.0739,0.012,0.0001,0.005,0.0,95.0,0.0,32.0,63.0,24.0,0.0,0.0,0.0,0.0,0.0,0.0,0.0,0.0,0.0,0.0,0.0,0.0,0.0,0.0,0.0,0.0,0.0,0.0,8.0,2.0,1.0
2979,24.946018299999995,0,8.3382,1.7012,1.4111,1.4658,0.1502,0.0041,0.0039,0.0002,0.0322,0.0431,0.0024,0.0007,0.0125,0.0002,0.002,0.0017,0.0001,0.0001,0.0094,0.0013,0.0005,0.0001,0.002,0.0873,0.0138,0.0,0.0039,0.0,95.0,0.0,32.0,63.0,24.0,0.0,0.0,0.0,0.0,0.0,0.0,0.0,0.0,0.0,0.0,0.0,0.0,0.0,0.0,0.0,0.0,0.0,0.0,8.0,2.0,1.0
2980,24.954356499999996,0,8.3697,1.7284,1.4306,1.3367,0.1443,0.0039,0.0032,0.0003,0.036,0.0455,0.0021,0.0007,0.0099,0.0001,0.0019,0.0015,0.0002,0.0001,0.0088,0.0011,0.0004,0.0001,0.0016,0.0833,0.0124,0.0,0.004,0.0,95.0,0.0,32.0,63.0,24.0,0.0,0.0,0.0,0.0,0.0,0.0,0.0,0.0,0.0,0.0,0.0,0.0,0.0,0.0,0.0,0.0,0.0,0.0,8.0,2.0,1.0
2981,24.962726199999995,0,8.3629,1.6137,1.4642,1.4271,0.1437,0.0035,0.0045,0.0002,0.0264,0.0373,0.0026,0.0008,0.0114,0.0002,0.002,0.0016,0.0001,0.0006,0.0088,0.0012,0.0004,0.0001,0.0019,0.0781,0.0136,0.0001,0.0043,0.0,95.0,0.0,32.0,63.0,24.0,0.0,0.0,0.0,0.0,0.0,0.0,0.0,0.0,0.0,0.0,0.0,0.0,0.0,0.0,0.0,0.0,0.0,0.0,8.0,2.0,1.0
2982,24.971089099999997,0,8.3497,1.6718,1.4471,1.3304,0.1454,0.0026,0.0032,0.0002,0.0355,0.0436,0.002,0.0007,0.0103,0.0001,0.0014,0.002,0.0001,0.0001,0.0087,0.0012,0.0004,0.0001,0.0015,0.0817,0.0157,0.0,0.0046,0.0,95.0,0.0,32.0,63.0,24.0,0.0,0.0,0.0,0.0,0.0,0.0,0.0,0.0,0.0,0.0,0.0,0.0,0.0,0.0,0.0,0.0,0.0,0.0,8.0,2.0,1.0
2983,24.979438799999997,0,8.3137,1.7364,1.3921,1.5229,0.1337,0.0025,0.0035,0.0003,0.0255,0.0343,0.0019,0.0008,0.01,0.0006,0.0015,0.0015,0.0001,0.0001,0.0084,0.0011,0.0005,0.0001,0.0016,0.0726,0.0142,0.0,0.004,0.0,95.0,0.0,32.0,63.0,24.0,0.0,0.0,0.0,0.0,0.0,0.0,0.0,0.0,0.0,0.0,0.0,0.0,0.0,0.0,0.0,0.0,0.0,0.0,8.0,2.0,1.0
2984,24.987752499999996,0,8.3531,1.6788,1.4483,1.4013,0.1503,0.0049,0.0056,0.0002,0.0312,0.0446,0.0023,0.0008,0.0104,0.0001,0.0015,0.0022,0.0001,0.0001,0.0087,0.0019,0.0005,0.0001,0.002,0.0851,0.0157,0.0001,0.0035,0.0,95.0,0.0,32.0,63.0,24.0,0.0,0.0,0.0,0.0,0.0,0.0,0.0,0.0,0.0,0.0,0.0,0.0,0.0,0.0,0.0,0.0,0.0,0.0,8.0,2.0,1.0
2985,24.996105599999996,0,8.2938,1.6163,1.412,1.4165,0.1463,0.0033,0.0039,0.0003,0.0279,0.0377,0.0023,0.0012,0.011,0.0001,0.0016,0.0017,0.0001,0.0005,0.0089,0.0013,0.0005,0.0001,0.002,0.078,0.0162,0.0,0.0037,0.0,95.0,0.0,32.0,63.0,24.0,0.0,0.0,0.0,0.0,0.0,0.0,0.0,0.0,0.0,0.0,0.0,0.0,0.0,0.0,0.0,0.0,0.0,0.0,8.0,2.0,1.0
2986,25.004399399999997,0,8.3571,1.6495,1.4414,1.3974,0.1451,0.0049,0.0035,0.0002,0.0358,0.0469,0.0021,0.0011,0.0104,0.0001,0.0018,0.0013,0.0,0.0001,0.0085,0.0011,0.0004,0.0001,0.0016,0.0841,0.0134,0.0,0.0039,0.0,95.0,0.0,32.0,63.0,24.0,0.0,0.0,0.0,0.0,0.0,0.0,0.0,0.0,0.0,0.0,0.0,0.0,0.0,0.0,0.0,0.0,0.0,0.0,8.0,2.0,1.0
2987,25.0127565,0,8.3612,1.698,1.4599,1.4819,0.1448,0.0039,0.0046,0.0003,0.0275,0.0393,0.0021,0.0013,0.0101,0.0001,0.002,0.0016,0.0001,0.0001,0.0088,0.0013,0.0008,0.0001,0.002,0.0799,0.0143,0.0,0.0039,0.0,95.0,0.0,32.0,63.0,24.0,0.0,0.0,0.0,0.0,0.0,0.0,0.0,0.0,0.0,0.0,0.0,0.0,0.0,0.0,0.0,0.0,0.0,0.0,8.0,2.0,1.0
2988,25.021117699999998,0,8.3387,1.6873,1.4547,1.3622,0.1475,0.0025,0.0032,0.0002,0.0367,0.0448,0.0024,0.0008,0.0113,0.0001,0.0016,0.0015,0.0001,0.0001,0.0083,0.0013,0.0005,0.0,0.0018,0.0848,0.0139,0.0,0.0043,0.0,95.0,0.0,32.0,63.0,24.0,0.0,0.0,0.0,0.0,0.0,0.0,0.0,0.0,0.0,0.0,0.0,0.0,0.0,0.0,0.0,0.0,0.0,0.0,8.0,2.0,1.0
2989,25.029456399999997,0,8.4114,1.6825,1.4992,1.5305,0.1446,0.0038,0.0047,0.0001,0.0241,0.0354,0.0018,0.0007,0.0108,0.0001,0.0019,0.0026,0.0001,0.0003,0.013,0.0015,0.0005,0.0,0.0017,0.0809,0.0152,0.0,0.0043,0.0,95.0,0.0,32.0,63.0,24.0,0.0,0.0,0.0,0.0,0.0,0.0,0.0,0.0,0.0,0.0,0.0,0.0,0.0,0.0,0.0,0.0,0.0,0.0,8.0,2.0,1.0
2990,25.037867799999997,0,8.2386,1.5619,1.514,1.3386,0.151,0.0039,0.0037,0.0002,0.0392,0.0495,0.0022,0.0008,0.0103,0.0006,0.0014,0.0015,0.0006,0.0001,0.0083,0.0013,0.0007,0.0001,0.0017,0.0903,0.0127,0.0001,0.0037,0.0,95.0,0.0,32.0,63.0,24.0,0.0,0.0,0.0,0.0,0.0,0.0,0.0,0.0,0.0,0.0,0.0,0.0,0.0,0.0,0.0,0.0,0.0,0.0,8.0,2.0,1.0
2991,25.046106399999996,0,8.4006,1.8065,1.5438,1.3827,0.1518,0.0029,0.0042,0.0002,0.0289,0.0391,0.0025,0.0009,0.0128,0.0001,0.0016,0.0021,0.0,0.0002,0.0084,0.0012,0.0005,0.0001,0.002,0.0816,0.0164,0.0001,0.005,0.0,95.0,0.0,32.0,63.0,24.0,0.0,0.0,0.0,0.0,0.0,0.0,0.0,0.0,0.0,0.0,0.0,0.0,0.0,0.0,0.0,0.0,0.0,0.0,8.0,2.0,1.0
2992,25.054506999999997,0,8.1776,1.8723,1.3678,1.5706,0.1427,0.0026,0.0031,0.0001,0.0399,0.0477,0.0022,0.0008,0.01,0.0001,0.0015,0.0014,0.0005,0.0002,0.0084,0.0012,0.0009,0.0,0.0019,0.0874,0.0125,0.0,0.0035,0.0,95.0,0.0,32.0,63.0,24.0,0.0,0.0,0.0,0.0,0.0,0.0,0.0,0.0,0.0,0.0,0.0,0.0,0.0,0.0,0.0,0.0,0.0,0.0,8.0,2.0,1.0
2993,25.062684599999997,0,8.4416,1.5741,1.4167,1.3495,0.1415,0.0028,0.0034,0.0002,0.0289,0.0374,0.0022,0.001,0.0117,0.0002,0.0016,0.0021,0.0001,0.0002,0.0083,0.0019,0.0005,0.0001,0.0018,0.0792,0.0163,0.0001,0.0041,0.0,95.0,0.0,32.0,63.0,24.0,0.0,0.0,0.0,0.0,0.0,0.0,0.0,0.0,0.0,0.0,0.0,0.0,0.0,0.0,0.0,0.0,0.0,0.0,8.0,2.0,1.0
2994,25.0711262,0,8.2218,1.7174,1.3907,1.3915,0.1306,0.0041,0.0056,0.0002,0.0195,0.0316,0.0025,0.0007,0.0081,0.0002,0.002,0.0014,0.0001,0.0003,0.0083,0.0014,0.0004,0.0,0.0019,0.0684,0.0125,0.0,0.0036,0.0,95.0,0.0,32.0,63.0,24.0,0.0,0.0,0.0,0.0,0.0,0.0,0.0,0.0,0.0,0.0,0.0,0.0,0.0,0.0,0.0,0.0,0.0,0.0,8.0,2.0,1.0
2995,25.079348,0,8.3679,1.8,1.3817,1.3871,0.1408,0.0026,0.0034,0.0002,0.0291,0.0384,0.0024,0.001,0.0122,0.0003,0.0015,0.0022,0.0001,0.0001,0.0079,0.0017,0.0005,0.0,0.002,0.0801,0.0157,0.0,0.003,0.0,95.0,0.0,32.0,63.0,24.0,0.0,0.0,0.0,0.0,0.0,0.0,0.0,0.0,0.0,0.0,0.0,0.0,0.0,0.0,0.0,0.0,0.0,0.0,8.0,2.0,1.0
2996,25.0877159,0,8.2769,1.7556,1.3766,1.5927,0.1433,0.0024,0.0032,0.0001,0.0347,0.043,0.0023,0.0008,0.0119,0.0001,0.0015,0.0021,0.0002,0.0001,0.008,0.0015,0.0005,0.0002,0.0019,0.0837,0.0151,0.0,0.0046,0.0,95.0,0.0,32.0,63.0,24.0,0.0,0.0,0.0,0.0,0.0,0.0,0.0,0.0,0.0,0.0,0.0,0.0,0.0,0.0,0.0,0.0,0.0,0.0,8.0,2.0,1.0
2997,25.095992799999998,0,8.3879,1.6381,1.3429,1.3609,0.1445,0.0043,0.0042,0.0002,0.0274,0.0388,0.0019,0.0008,0.0112,0.0006,0.0014,0.0013,0.0001,0.0001,0.0078,0.0011,0.0004,0.0001,0.0022,0.0773,0.0154,0.0001,0.0041,0.0,95.0,0.0,32.0,63.0,24.0,0.0,0.0,0.0,0.0,0.0,0.0,0.0,0.0,0.0,0.0,0.0,0.0,0.0,0.0,0.0,0.0,0.0,0.0,8.0,2.0,1.0
2998,25.104380699999997,0,8.3937,1.6919,1.4189,1.3683,0.1536,0.004,0.0041,0.0002,0.038,0.0493,0.0026,0.0008,0.0116,0.0002,0.0017,0.0014,0.0001,0.0001,0.0086,0.0012,0.0004,0.0,0.0018,0.0896,0.0155,0.0,0.0037,0.0,95.0,0.0,32.0,63.0,24.0,0.0,0.0,0.0,0.0,0.0,0.0,0.0,0.0,0.0,0.0,0.0,0.0,0.0,0.0,0.0,0.0,0.0,0.0,8.0,2.0,1.0
2999,25.112774399999996,0,8.3222,1.8569,1.4649,1.6445,0.1507,0.0026,0.0045,0.0002,0.0352,0.0447,0.0023,0.0008,0.0118,0.0002,0.0015,0.0022,0.0002,0.0002,0.0084,0.0017,0.0005,0.0,0.0018,0.0863,0.0167,0.0,0.0042,0.0,95.0,0.0,32.0,63.0,24.0,0.0,0.0,0.0,0.0,0.0,0.0,0.0,0.0,0.0,0.0,0.0,0.0,0.0,0.0,0.0,0.0,0.0,0.0,8.0,2.0,1.0
